gene_symbol,gene_row_id,group1_exp_mean,group2_exp_mean,V1,V2,V3,V4,C1,C2,C3,C4,C5,C6,baseMean,log2FoldChange,lfcSE,stat,pvalue,padj
 Gnai3,ENSMUSG00000000001.5,19.205821,9.591383667,13.983637,26.678191,21.674001,14.487455,7.434894,7.710843,10.775278,10.413674,10.387832,10.825781,446.9094816,-0.618866233,0.137579593,-4.498241476,6.85E-06,0.000102981
 Cdc45,ENSMUSG00000000028.16,2.35937125,1.894326667,1.197827,2.559915,2.836623,2.84312,1.87939,1.591491,3.045454,1.655129,1.547719,1.646777,38.40909441,-0.147932593,0.288973987,-0.511923561,0.608704508,0.718080157
 Scml2,ENSMUSG00000000037.18,0.6530745,0.1934065,0.72247,0.347289,1.291022,0.251517,0.28509,0.079392,0.222996,0.23522,0.138448,0.199293,10.26876347,-0.850653264,0.470433517,-1.808232693,0.070570292,0.141681105
 Narf,ENSMUSG00000000056.8,33.415425,30.97735017,35.823423,35.358031,33.716852,28.763394,31.059162,31.775226,31.462099,30.676952,30.3508,30.539862,1514.183596,0.285006123,0.115016664,2.477955045,0.013213779,0.037107305
 Cav2,ENSMUSG00000000058.7,24.88117825,20.4250265,23.249906,26.144542,28.589117,21.541148,23.451214,18.857743,17.932228,17.688839,20.299612,24.320523,625.026917,0.032914731,0.139421746,0.236080324,0.813370341,0.874776932
 Klf6,ENSMUSG00000000078.8,26.75822425,17.31470267,21.182058,32.576142,31.051485,22.223212,17.414776,16.688751,17.167859,15.12694,16.629309,20.860581,893.7874285,-0.298002901,0.100252548,-2.972521976,0.002953641,0.011328772
 Scmh1,ENSMUSG00000000085.17,26.95489075,28.00054417,21.658367,28.9702,29.55817,27.632826,28.632451,29.49813,32.108084,25.813154,24.761347,27.190099,627.4685929,0.354589905,0.106386854,3.333023686,0.000859076,0.004285898
 Cox5a,ENSMUSG00000000088.8,992.1135418,1335.932459,1088.445785,794.799625,977.758817,1107.44994,1412.909344,1340.675631,1341.457588,1335.73524,1304.878259,1279.938694,5691.928152,0.742415291,0.160919178,4.61359113,3.96E-06,6.76E-05
 Tbx2,ENSMUSG00000000093.7,7.13942325,5.159892833,4.71699,9.275172,7.894606,6.670925,4.210854,4.695244,5.199225,4.411332,7.343487,5.099215,227.7554613,-0.093331356,0.156271346,-0.597239086,0.550347767,0.66996636
 Ngfr,ENSMUSG00000000120.7,1.39993,0.399588,0.490104,2.159482,1.153795,1.796339,0.213105,0.028501,0.479442,0.553335,0.464088,0.659057,27.10373254,-1.42289775,0.518829928,-2.74251286,0.006097106,0.019977169
 Wnt9a,ENSMUSG00000000126.12,4.251179,2.7939955,3.290259,5.237939,5.108003,3.368515,2.331192,2.671898,3.31438,3.155084,2.992732,2.298687,116.9334916,-0.234265541,0.143733418,-1.629861346,0.103130805,0.190666149
 Fer,ENSMUSG00000000127.16,7.24198075,5.9274585,6.070628,9.209763,8.505982,5.18155,5.07969,6.59729,6.091194,6.567576,5.963326,5.265675,198.2401789,0.090770621,0.132532346,0.684894098,0.493410751,0.618758138
 Xpo6,ENSMUSG00000000131.16,20.49059325,20.6620155,15.02292,23.880955,21.875887,21.182611,17.636757,22.92846,20.884379,24.83851,20.729852,16.954135,918.140793,0.253227167,0.085043703,2.977612204,0.002905033,0.011184889
 Tfe3,ENSMUSG00000000134.18,12.0699065,6.624476667,8.010696,16.667314,14.404343,9.197273,5.130136,6.164365,7.155536,6.065685,7.835372,7.395766,284.573996,-0.381665319,0.134485448,-2.837967419,0.004540182,0.015846504
 Axin2,ENSMUSG00000000142.16,2.64304075,1.863872667,1.669607,2.159431,2.499099,4.244026,1.79469,2.079576,1.676678,2.007442,2.369358,1.255492,77.74719817,0.045720053,0.205671848,0.222296118,0.824083374,0.882010228
 Brat1,ENSMUSG00000000148.18,6.92512875,4.031747167,5.168569,9.305553,6.74182,6.484573,3.339797,4.450722,4.472213,3.334456,4.741571,3.851724,178.4028537,-0.374648978,0.124979432,-2.997685079,0.002720386,0.010623693
 Gna12,ENSMUSG00000000149.11,77.0499325,67.15330667,70.309389,83.892048,86.400853,67.59744,53.459677,66.920347,74.247148,75.084358,72.838019,60.370291,2601.638301,0.150417163,0.091024919,1.652483353,0.098436056,0.183889863
 Dlat,ENSMUSG00000000168.11,164.0013835,185.2032788,160.846982,145.364177,176.548611,173.245764,182.745569,183.677064,202.027874,183.477695,172.807948,186.483523,5441.006417,0.521875959,0.147210665,3.54509612,0.00039247,0.002302467
 Sdhd,ENSMUSG00000000171.6,344.928604,412.953697,378.473694,270.570054,369.260427,361.410241,386.961353,436.574162,439.973739,416.367337,412.21586,385.629731,4497.135926,0.574483502,0.155906432,3.684796673,0.000228885,0.001525049
 Ccnd2,ENSMUSG00000000184.13,30.86189825,22.67153283,22.851439,37.30381,39.549087,23.743257,21.906863,26.676681,21.415703,22.184433,21.67111,22.174407,1642.271824,0.003566894,0.097988815,0.036401032,0.970962592,0.981522231
 Gpr107,ENSMUSG00000000194.14,13.96016975,11.09466867,10.838182,16.39381,16.380394,12.228293,9.668923,11.275255,11.025795,14.371562,10.956933,9.269544,771.9752809,-0.040906314,0.079519887,-0.514416152,0.606961069,0.716651511
 Nalcn,ENSMUSG00000000197.9,0.4723815,0.163527667,0.329193,0.952822,0.414867,0.192644,0.111358,0.132687,0.14196,0.203216,0.205606,0.186339,20.7011458,-1.089734733,0.385710502,-2.825265909,0.004724139,0.01633556
 Slfn4,ENSMUSG00000000204.17,1.425145,0.196340667,1.896209,0.749939,1.691484,1.362948,0.024651,0,0.408497,0.301239,0.344897,0.09876,25.21792138,-2.477010398,0.634969207,-3.900992945,9.58E-05,0.000775025
 Tspan32,ENSMUSG00000000244.18,2.92216375,0.445571,1.712518,1.783804,1.263724,6.928609,0.358432,0.628551,0.383589,0.534306,0.651001,0.117547,21.64953596,-2.529217373,0.647961103,-3.903347533,NA,NA
 Gmpr,ENSMUSG00000000253.14,73.92838975,89.86992417,71.366032,75.672323,78.549796,70.125408,88.056928,102.001671,93.254055,84.911845,97.226758,73.768288,1245.112223,0.588266862,0.108652255,5.414216792,6.16E-08,2.40E-06
 Mid2,ENSMUSG00000000266.12,7.7521575,6.173347167,5.427801,10.007146,9.607623,5.96606,4.25807,7.793768,6.132661,4.978028,5.889681,7.987875,371.9038562,-0.112582316,0.129805471,-0.867315651,0.385769084,0.518393275
 Trim25,ENSMUSG00000000275.17,17.8578335,11.71798533,15.535363,19.646408,20.049573,16.19999,9.540768,11.63068,13.217196,11.620947,12.977495,11.320826,851.0706201,-0.268759373,0.083743256,-3.209325577,0.001330467,0.00609263
 Dgke,ENSMUSG00000000276.12,4.834403,4.936747833,4.386961,5.449791,4.584628,4.916232,4.488691,5.60783,5.026152,4.298159,5.087813,5.111842,340.326812,0.405504113,0.119983196,3.379674198,0.000725718,0.003738703
 Scpep1,ENSMUSG00000000278.11,33.73233875,10.6093995,19.556425,52.69965,36.727142,25.946138,8.680705,8.421548,12.51174,10.125645,12.69175,11.225009,389.8243118,-1.265071882,0.177095875,-7.143429424,9.10E-13,3.51E-10
 Mnt,ENSMUSG00000000282.13,8.374908,5.676785167,5.59379,11.794467,9.296286,6.815089,5.332353,5.627697,5.955299,5.769754,6.103497,5.272111,321.0285754,-0.07254102,0.090328794,-0.803077477,0.421929955,0.552318616
 Itgb2,ENSMUSG00000000290.14,14.78668125,4.297964167,9.821172,16.58375,16.369002,16.372801,3.507038,2.510815,5.709404,6.302583,3.998587,3.759358,245.3275722,-1.449573094,0.218835591,-6.62402804,3.50E-11,6.84E-09
 Hddc2,ENSMUSG00000000295.14,4.0547745,3.354211833,4.298682,5.380507,3.256318,3.283591,0.990152,3.303905,3.468483,4.71724,5.211281,2.43421,26.29631163,0.061081026,0.372825996,0.16383253,0.869862982,0.912691077
 Tpd52l1,ENSMUSG00000000296.9,6.582695,7.891223833,8.376327,5.173996,7.808433,4.972024,5.945485,6.875793,5.762901,8.264979,11.538315,8.95987,71.85521563,0.630517054,0.258897347,2.43539403,0.014875581,0.04076942
 Pemt,ENSMUSG00000000301.17,1.779364,0.937018833,1.35534,3.179195,0.950366,1.632555,0.366385,0.643507,1.757963,0.793072,1.404392,0.656794,9.660086978,-0.443279748,0.502030438,-0.88297385,0.377250401,0.509663308
 Cdh4,ENSMUSG00000000305.13,0.92452025,0.9739395,0.751303,1.207566,0.833282,0.90593,0.498762,0.920936,1.396299,0.910045,1.208482,0.909113,68.0197205,0.434949264,0.238825215,1.821203277,0.068575963,0.138632819
 Bcl6b,ENSMUSG00000000317.12,12.24714625,8.434648,9.692481,14.355485,16.919686,8.020933,7.295422,7.25979,9.848092,6.690934,10.837511,8.676139,328.2989212,-0.126542342,0.179503718,-0.704956662,0.480837206,0.607114877
 Clec10a,ENSMUSG00000000318.17,7.774216,2.7296005,2.86868,4.555389,4.505338,19.167457,1.371633,2.400029,2.015614,2.986623,5.389449,2.214255,67.5236332,-1.387274518,0.47773301,-2.903869919,NA,NA
 Alox12,ENSMUSG00000000320.11,2.7501775,2.933787333,1.63054,3.240039,3.541065,2.589066,2.564008,2.540407,4.141304,3.318107,2.770759,2.268139,85.90484106,0.479881147,0.206439683,2.324558632,0.020095573,0.051947254
 Comt,ENSMUSG00000000326.14,120.5540523,98.47454083,88.889924,178.60967,126.909511,87.807104,83.250371,93.38521,108.894728,91.657483,129.002735,84.656718,1606.00632,0.095819983,0.136596986,0.701479484,0.483003834,0.609322192
 Rtca,ENSMUSG00000000339.15,16.14555375,14.17173583,13.523525,18.423922,17.597307,15.037461,12.329208,15.41214,15.73541,14.016247,16.531354,11.006056,226.9734972,0.202861045,0.115928828,1.749875761,0.080139754,0.156110526
 Dbt,ENSMUSG00000000340.11,22.4611035,25.88495517,26.198838,20.133291,20.095451,23.416834,29.246485,25.55952,24.372444,25.5036,19.237007,31.390675,856.2031728,0.576012031,0.205027481,2.809438168,0.004962805,0.016973519
 Dazap2,ENSMUSG00000000346.10,126.560628,100.970683,104.218117,159.012845,128.154623,114.856927,96.250865,95.966158,101.283606,112.309074,104.536588,95.477807,2220.488786,0.018324866,0.05828526,0.31439966,0.753217515,0.829273248
 Mcts1,ENSMUSG00000000355.14,25.1988435,23.96260617,23.680262,25.963101,23.899655,27.252356,27.497516,21.442576,19.634592,21.719986,25.966087,27.51488,144.2439032,0.247080005,0.159886175,1.545349401,0.122261772,0.217426485
 Rem1,ENSMUSG00000000359.4,5.93856775,4.026505,5.033245,6.712796,7.645338,4.362892,2.988912,3.656538,4.422105,3.82673,4.850725,4.41402,75.24074102,-0.214388977,0.177882172,-1.205230263,0.228114422,0.352430463
 Trappc10,ENSMUSG00000000374.9,18.27256075,16.99007933,17.896604,17.486294,21.762089,15.945256,14.645801,16.699889,19.649937,18.037501,17.897856,15.009492,919.4103648,0.254000237,0.092752122,2.738484384,0.006172309,0.020188242
 Ccm2,ENSMUSG00000000378.16,27.05385725,17.59589917,19.829584,29.416614,32.804593,26.164638,15.780417,19.810176,18.332387,18.014217,16.130596,17.507602,315.2956976,-0.237768497,0.117742676,-2.01939097,0.043446599,0.096347061
 Tbrg4,ENSMUSG00000000384.16,44.16354625,51.14313367,42.420854,35.311865,50.665889,48.255577,46.162051,55.964954,55.247754,53.367615,53.064858,43.05157,931.3220693,0.552636676,0.140859859,3.923308444,8.73E-05,0.000721749
 Mx1,ENSMUSG00000000386.19,2.78259125,0.626320667,1.349428,5.822796,2.638932,1.319209,0.503077,0.388511,0.767623,0.748242,0.995568,0.354903,32.00696238,-1.553491773,0.309128266,-5.025395432,5.02E-07,1.33E-05
 Fap,ENSMUSG00000000392.18,6.06531075,1.927830667,3.757557,12.48886,5.641935,2.372891,1.635707,1.817658,2.400333,1.988804,1.782493,1.941989,82.97322408,-1.061777752,0.278432473,-3.813412067,0.000137061,0.0010253
 Ndufa9,ENSMUSG00000000399.11,302.6066778,388.3134187,342.061191,243.88805,310.34916,314.12831,367.989632,396.925481,398.716518,388.506264,411.240239,366.502378,4943.69167,0.652118705,0.152316549,4.281338488,1.86E-05,0.000223987
 Lck,ENSMUSG00000000409.15,1.4005335,0.117422333,0.334029,1.187161,0.810029,3.270915,0.046759,0,0.074806,0.17553,0.232259,0.17518,11.71053504,-3.863484203,0.80931252,-4.77378529,1.81E-06,3.74E-05
 Cttnbp2,ENSMUSG00000000416.17,0.50184525,0.450744,0.408169,0.703559,0.459371,0.436282,0.599487,0.279551,0.37738,0.433155,0.642115,0.372776,25.09116824,0.154928655,0.28646597,0.54082743,0.588626534,0.703111498
 Galnt1,ENSMUSG00000000420.16,39.978855,31.11660017,33.679018,52.790281,37.678625,35.767496,31.249801,28.613886,36.783099,29.080058,30.036314,30.936443,1262.170767,0.051795902,0.070230967,0.737508025,0.460813465,0.5891504
 Mkrn2,ENSMUSG00000000439.10,16.24638925,13.77659633,19.338557,13.186846,20.843974,11.61618,16.058212,12.665595,15.430591,12.450408,13.510606,12.544166,889.0336953,0.347593709,0.082211076,4.228064236,2.36E-05,0.000266542
 Pparg,ENSMUSG00000000440.13,7.6701585,6.189952833,7.958529,6.700706,7.905793,8.115606,5.51464,5.926649,6.015398,5.9166,6.57423,7.1922,128.8950332,-0.025774181,0.163797546,-0.157353892,0.874965949,0.916357978
 Raf1,ENSMUSG00000000441.18,56.50663375,59.94627633,51.400544,57.677532,61.49578,55.452679,58.364448,60.32833,64.409362,55.337795,64.452,56.785723,1651.501946,0.405450512,0.088034829,4.605569356,4.11E-06,6.95E-05
 Septin1,ENSMUSG00000000486.14,9.0438515,2.853513667,2.465858,6.391728,5.850442,21.467378,1.326117,2.783707,3.997675,2.056422,3.979164,2.977997,51.30157002,-1.282406469,0.473233361,-2.709881796,0.006730719,0.021578475
 Pdgfb,ENSMUSG00000000489.8,27.8685745,23.2044495,23.430452,33.858582,32.764009,21.421255,23.347177,20.570139,28.823761,19.822525,25.101474,21.561621,755.2629684,0.102918937,0.121947282,0.843962533,0.398690343,0.531224354
 Acvrl1,ENSMUSG00000000530.17,36.221366,21.35448083,26.536094,50.390202,43.715092,24.244076,18.956104,20.127332,25.233596,22.750122,23.180957,17.878774,674.0903555,-0.410643911,0.13974687,-2.938483778,0.003298219,0.012378712
 Tamalin,ENSMUSG00000000531.6,7.828021,6.351960333,5.809131,9.831868,8.876725,6.79436,5.310064,6.682382,6.792367,6.209785,7.919856,5.197308,141.5801517,0.070724113,0.135677508,0.521266304,0.602181271,0.713266582
 Acvr1b,ENSMUSG00000000532.12,10.2461595,7.961154833,8.768328,12.699382,9.81466,9.702268,7.737176,8.920576,8.239999,6.968118,7.863606,8.037454,425.3307467,-0.003586532,0.09961319,-0.036004589,0.9712787,0.98153895
 Tom1l2,ENSMUSG00000000538.19,62.95272325,60.243734,54.246842,76.442381,64.863443,56.258227,50.694206,66.069818,64.89457,60.967276,60.117134,58.7194,2533.191783,0.305466632,0.05557882,5.496097811,3.88E-08,1.70E-06
 Zfp385a,ENSMUSG00000000552.11,15.9383325,9.298777167,11.361968,17.424059,19.741003,15.2263,7.427514,8.630398,11.635276,9.513253,10.467919,8.118303,267.6597375,-0.415570832,0.135000027,-3.078301849,0.002081839,0.008554589
 Itga5,ENSMUSG00000000555.9,36.82625,23.6116045,23.143732,56.516871,43.725344,23.919053,22.154439,22.390729,25.839676,21.356757,24.818819,25.109207,1262.129398,-0.269356948,0.149067167,-1.806950208,0.070770043,0.142016871
 Wdr77,ENSMUSG00000000561.15,22.18225925,20.095818,20.328783,21.383197,27.255132,19.761925,17.74637,20.923872,25.118028,20.102016,21.133076,15.551546,554.8785929,0.169145889,0.081895843,2.0653782,0.03888723,0.088297996
 Atp5pb,ENSMUSG00000000563.18,501.4309173,629.5426167,569.100306,406.638869,497.078114,532.90638,675.713836,608.89766,595.788772,653.255015,610.411327,633.18909,8802.876162,0.635079181,0.161047999,3.943415531,8.03E-05,0.000677919
 Sox9,ENSMUSG00000000567.6,4.3945665,1.0176,1.948633,9.145499,4.984023,1.500111,1.48952,0.70363,1.004116,1.126119,0.745442,1.036773,93.65673883,-1.634435527,0.382118521,-4.277299939,1.89E-05,0.000226973
 Hnrnpd,ENSMUSG00000000568.16,37.52125375,30.80797883,31.094527,39.338373,42.873995,36.77812,32.631447,32.262378,25.583288,32.822091,32.965063,28.583606,635.8335589,0.05207858,0.109786278,0.474363292,0.635240865,0.738555833
 Dynlt1c,ENSMUSG00000000579.15,7.67587775,5.564202833,5.402682,11.896403,6.312934,7.091492,4.383698,4.060043,7.292677,4.808499,6.244183,6.596117,75.57613276,-0.06978396,0.190675014,-0.36598377,0.714377186,0.800788439
 C1d,ENSMUSG00000000581.9,18.86928,13.495251,15.749794,19.699748,24.291419,15.736159,14.062219,15.134458,15.266095,9.188822,19.326055,7.993857,243.8313512,0.017840294,0.151266034,0.117939852,0.906115316,0.937995982
 Gm2a,ENSMUSG00000000594.8,13.09576375,5.259304833,8.057506,17.213117,11.761467,15.350965,4.477799,4.794542,5.102804,5.089991,6.376655,5.714038,357.0959382,-0.949597743,0.16222971,-5.85341453,4.82E-09,3.25E-07
 Krit1,ENSMUSG00000000600.16,16.636935,13.23816433,16.258068,17.706395,19.142977,13.4403,14.160375,12.616097,13.091756,13.036017,13.26873,13.256011,499.1297298,0.048563651,0.107636131,0.451183541,0.651857271,0.751695662
 Clcn4,ENSMUSG00000000605.10,30.27935775,26.1124505,26.025045,35.565542,31.931086,27.595758,23.460443,25.340577,29.479654,29.071458,24.889987,24.432584,1288.510918,0.136980629,0.066013499,2.075039685,0.037982857,0.086680014
 Sema4f,ENSMUSG00000000627.16,0.50517425,0.263178,0.459647,0.859126,0.218512,0.483412,0.110925,0.07126,0.308712,0.363989,0.294619,0.429563,15.11365285,-0.532492736,0.494128609,-1.077639962,0.281194461,0.410851127
 Hk2,ENSMUSG00000000628.11,76.0612335,87.22498733,77.83397,67.656811,81.553325,77.200828,81.576247,104.80017,100.211367,92.686242,69.27915,74.796748,4921.217537,0.495663411,0.144623526,3.427266806,0.00060969,0.003254824
 Myo18a,ENSMUSG00000000631.21,105.409543,117.8186228,96.646743,116.956117,100.379172,107.65614,103.965279,123.204985,121.655893,122.626582,120.986872,114.472126,4428.13204,0.412258382,0.077192302,5.340667017,9.26E-08,3.36E-06
 Cd52,ENSMUSG00000000682.8,54.847743,10.08854983,25.122031,58.616864,40.812848,94.839229,11.255608,4.72947,14.639367,15.430168,9.850068,4.626618,78.28987862,-2.091361682,0.400155528,-5.22637208,1.73E-07,5.68E-06
 Abhd15,ENSMUSG00000000686.12,2.48833175,1.211238667,1.933968,3.161719,2.769386,2.088254,0.63583,1.283216,1.501152,1.234663,1.434648,1.177923,42.95306739,-0.473212468,0.238005923,-1.9882382,0.046785352,0.102502311
 Loxl3,ENSMUSG00000000693.11,23.7985775,4.4143635,6.683167,58.343921,23.013697,7.153525,2.846904,3.583457,4.637602,4.743673,6.178231,4.496314,385.1828293,-2.001713108,0.523941186,-3.820491995,0.000133186,0.001004912
 Kat2b,ENSMUSG00000000708.15,25.8437505,25.16193383,25.829579,29.491034,25.455606,22.598783,26.726009,27.422525,22.934525,24.336112,24.775296,24.777136,1274.194623,0.249019299,0.096813903,2.57214401,0.010107084,0.029787147
 Rab5b,ENSMUSG00000000711.4,40.4830225,33.8826375,37.524757,46.157968,43.904736,34.344629,32.877201,34.789857,34.800492,34.587986,32.139081,34.101208,1224.824143,0.098863989,0.075882143,1.302862381,0.192621749,0.309185627
 Icosl,ENSMUSG00000000732.10,8.2742855,5.2217965,5.534271,8.22202,8.437123,10.903728,5.11151,4.531811,4.973949,5.668435,6.04187,5.003204,173.4725238,-0.32407644,0.178294792,-1.817643895,0.069118578,0.139514567
 Spg7,ENSMUSG00000000738.19,51.6826075,55.522251,49.483374,52.736904,54.380343,50.129809,47.663773,57.263917,64.99289,54.839834,58.89774,49.475352,1324.573515,0.436583398,0.085984458,5.077468762,3.82E-07,1.07E-05
 Sult5a1,ENSMUSG00000000739.15,2.2953855,0.781060667,1.092757,3.796678,2.764359,1.527748,0.722697,0.550569,0.636734,0.231501,1.991594,0.553269,12.75210838,-1.289216375,0.494849579,-2.605269216,0.00918021,0.027601704
 Rpl13,ENSMUSG00000000740.13,711.100773,566.8313548,559.55121,757.309321,724.059642,803.482919,513.550278,578.397009,607.071795,577.043012,637.670006,487.256029,3823.155563,0.02166088,0.107382741,0.201716583,0.840138298,0.892506487
 Chmp1a,ENSMUSG00000000743.10,50.216831,38.55700083,39.905952,61.348767,54.436443,45.176162,35.916084,43.533221,38.725179,35.984707,41.549348,35.633466,882.7911182,-0.00667386,0.079948154,-0.083477346,0.93347199,0.956988208
 Rpa1,ENSMUSG00000000751.14,36.87714325,33.16238083,31.775975,34.839421,39.806127,41.08705,34.827775,38.884227,34.118717,38.191864,26.39722,26.554482,674.4533465,0.133560158,0.124504071,1.072737281,0.283389008,0.413366315
 Serpinf1,ENSMUSG00000000753.16,141.6942828,36.599023,53.65399,294.611218,140.213141,78.298782,25.152225,20.759841,36.627464,53.810042,41.379083,41.865483,835.0466106,-1.519460988,0.279892815,-5.428724523,5.68E-08,2.25E-06
 Tubgcp3,ENSMUSG00000000759.15,11.49933675,9.2887995,8.474507,12.901071,12.323923,12.297846,8.464458,10.078026,9.570915,10.127301,10.133936,7.358161,347.5219086,0.033212237,0.097858571,0.339390174,0.734315819,0.815588401
 Polr3d,ENSMUSG00000000776.14,10.4902085,9.960913667,7.289469,13.769875,12.096281,8.805209,8.114551,10.202784,10.888077,9.867644,11.142621,9.549805,202.2861309,0.266760325,0.11955387,2.231298126,0.025661388,0.06327443
 Tcf7,ENSMUSG00000000782.17,1.7924935,0.3824775,0.274767,0.879247,1.227389,4.788571,0.422077,0.176295,0.250782,0.221196,0.835912,0.388603,20.41882029,-2.143541301,0.662951822,-3.233328923,0.001223566,0.005696645
 Ddx3x,ENSMUSG00000000787.13,51.74698675,37.7328975,42.477989,64.916464,56.852543,42.740951,38.967233,33.721735,37.310313,37.445588,36.376611,42.575905,2110.302948,-0.104082773,0.086768103,-1.199551088,0.230313732,0.354866186
 Kcnn3,ENSMUSG00000000794.10,1.64980425,0.547125167,1.328803,2.666409,2.00736,0.596645,0.437844,0.274169,0.806081,0.867586,0.463435,0.433636,56.30776775,-1.128715753,0.326001648,-3.46230076,0.000535578,0.002947232
 Usp32,ENSMUSG00000000804.15,9.46450825,6.706586333,7.999289,12.433388,9.599802,7.825554,5.536924,6.830784,7.036565,8.163717,6.890149,5.781379,539.7394274,-0.023979036,0.083764542,-0.28626714,0.774673524,0.845861135
 Car4,ENSMUSG00000000805.19,25.25552,27.868955,30.851756,18.721083,32.336996,19.112245,25.102018,32.869934,22.251655,25.04339,29.156041,32.790692,312.7832783,0.444294927,0.216072144,2.056234182,0.039759949,0.089890269
 Txnrd3,ENSMUSG00000000811.15,7.9408535,8.089672,7.672848,8.367742,8.035347,7.687477,7.872696,8.379543,8.32074,8.133427,8.957537,6.874089,243.3140669,0.371472891,0.112353979,3.306272689,0.00094546,0.004647863
 Zfp512b,ENSMUSG00000000823.17,14.4317075,11.81487367,10.824275,16.44524,19.720915,10.7364,9.380362,10.586708,14.712631,10.359823,12.405696,13.444022,402.0454028,-0.036354302,0.09781946,-0.371646929,0.710155743,0.798293265
 Dnajc5,ENSMUSG00000000826.17,33.25559625,24.6022945,24.77123,32.896837,39.553862,35.800456,21.078857,28.113589,28.815299,26.234656,21.182646,22.18872,1270.240852,0.011297614,0.064864961,0.174171296,0.861730843,0.906124882
 Tpd52l2,ENSMUSG00000000827.19,45.513214,38.53524383,42.581526,48.756945,51.275775,39.43861,36.678533,37.402428,38.55697,44.556386,42.148871,31.868275,551.8664504,0.027173656,0.085987321,0.316019339,0.75198783,0.828406531
 Fmr1,ENSMUSG00000000838.18,8.7070665,5.273505667,5.848185,11.67817,8.610226,8.691685,5.562638,4.781364,4.949992,5.69784,5.567281,5.081919,227.6135778,-0.392110047,0.129610748,-3.025289584,0.002483952,0.009859077
 Bcl11a,ENSMUSG00000000861.16,1.85544825,1.179102667,0.972159,1.261977,0.641037,4.54662,0.726606,1.051244,0.780126,1.688682,1.582108,1.24585,56.09008898,-0.484647922,0.480522783,-1.00858469,0.313173853,0.445652173
 Pxmp4,ENSMUSG00000000876.12,20.53454875,21.20485667,23.101339,17.53595,20.815651,20.685255,20.511904,20.282721,21.843861,19.555474,20.649127,24.386053,395.9645982,0.373252607,0.153811512,2.426688359,0.015237338,0.041569641
 Dlg3,ENSMUSG00000000881.13,3.93860975,2.509946333,2.488839,5.088703,4.208061,3.968836,1.994938,2.373941,2.476028,3.046718,2.255613,2.91244,118.5853459,-0.262832393,0.160887561,-1.633640234,0.102334414,0.189514602
 Gnb1l,ENSMUSG00000000884.18,1.8426015,1.650692333,1.227311,1.684447,3.531431,0.927217,1.678316,0.968192,1.117882,1.873147,2.094078,2.172539,32.38603738,0.315537067,0.280676471,1.124202062,0.260927315,0.388427236
 Dbh,ENSMUSG00000000889.9,0.61269325,0.912869333,0.415868,0.537256,0.691455,0.806194,0.99947,1.14667,1.058614,0.929791,0.705565,0.637106,21.8735447,0.91785449,0.326160911,2.814115546,0.004891164,0.016776656
 Mmp11,ENSMUSG00000000901.18,9.8059355,4.897962,6.261749,15.41441,11.600813,5.94677,3.642726,5.860601,5.64845,4.101862,5.812776,4.321357,126.0128728,-0.676512323,0.225421642,-3.001097478,0.002690084,0.010517973
 Smarcb1,ENSMUSG00000000902.14,20.99663375,13.10136833,12.776579,28.101862,24.46797,18.640124,10.870253,10.580545,14.802176,13.949213,17.191146,11.214877,285.8331309,-0.311487851,0.161078693,-1.933761973,0.0531424,0.113231068
 Hip1r,ENSMUSG00000000915.16,9.77835825,7.358667167,7.426731,9.206204,9.390408,13.09009,5.900827,6.164351,8.885499,6.993834,8.236597,7.970895,539.9672377,-0.027819877,0.121864337,-0.228285627,0.819424197,0.879084398
 Nsun5,ENSMUSG00000000916.16,10.8878065,9.764413333,10.4275,11.456831,11.791785,9.87511,7.938209,8.154337,10.005114,10.687229,11.20406,10.597531,186.8140253,0.232781779,0.124958572,1.862871628,0.062480329,0.12855058
 Top1mt,ENSMUSG00000000934.10,3.8222605,3.201712333,2.738184,5.116356,3.849661,3.584841,2.993841,3.795517,3.66283,3.658415,2.989767,2.109904,65.45406049,0.117969891,0.194784722,0.605642423,0.544752225,0.66515333
 Gm38393,ENSMUSG00000000948.17,1.3443195,1.125735,2.916031,0.754215,0.77294,0.934092,2.162496,0.991344,0.699035,0.927727,0.881246,1.092562,43.57476708,0.645130021,0.328168909,1.965847472,0.049316232,0.107009692
 Mmp14,ENSMUSG00000000957.12,61.48683425,12.73493783,28.41619,99.422127,64.092949,54.016071,5.939059,7.45136,15.843417,19.7104,16.003506,11.461885,768.9332357,-1.88805453,0.367657727,-5.135359301,2.82E-07,8.60E-06
 Slc7a7,ENSMUSG00000000958.11,4.623563,1.90353,2.38617,5.583554,5.420753,5.103775,2.231174,1.208048,1.696359,2.553753,1.701412,2.030434,60.72632666,-0.923943527,0.255688836,-3.613546612,0.000302037,0.001885897
 Oxa1l,ENSMUSG00000000959.8,47.83996075,52.42196233,46.87972,45.052072,50.297464,49.130587,48.419875,50.559776,57.708275,52.829833,55.122146,49.891869,1201.268621,0.446199559,0.11272717,3.958225512,7.55E-05,0.000647655
 Heatr6,ENSMUSG00000000976.14,4.97578075,3.27339,4.01153,6.921739,5.0553,3.914554,2.267474,3.183058,4.025465,3.023937,4.003906,3.1365,193.1821846,-0.201286042,0.104010364,-1.935249858,0.052959642,0.112915092
 Ilf2,ENSMUSG00000001016.13,15.87792825,13.53614683,15.450321,18.237225,14.929304,14.894863,14.307794,15.148657,11.882805,12.370399,14.076498,13.430728,294.9115885,0.138129922,0.130174381,1.061114487,0.288637875,0.419528445
 Chtop,ENSMUSG00000001017.17,49.33965925,43.46270317,44.001242,52.903073,51.049464,49.404858,42.772509,44.756093,43.666444,42.73493,45.133985,41.712258,1050.631873,0.129345756,0.083742503,1.544565201,0.122451469,0.217665665
 Snapin,ENSMUSG00000001018.16,38.267329,35.78602733,34.681142,41.737113,43.643881,33.00718,38.252199,33.658603,31.589201,36.139324,38.215181,36.861656,624.0077698,0.212541328,0.109256275,1.945346643,0.051733272,0.11093198
 S100a4,ENSMUSG00000001020.9,26.25833,9.5662125,10.206167,28.692343,27.381892,38.752918,7.060677,3.949648,13.89659,10.821643,12.181098,9.487619,43.69694563,-1.08736039,0.366106428,-2.97006637,0.002977354,0.011409709
 S100a6,ENSMUSG00000001025.9,124.5592245,50.43464683,54.407314,198.713814,122.521953,122.593817,29.888191,37.709775,65.311674,60.740715,68.805322,40.152204,286.5206252,-0.907060495,0.227252905,-3.991414301,6.57E-05,0.000580842
 Scn4a,ENSMUSG00000001027.8,4.865673,8.6635525,4.591652,4.549952,4.575543,5.745545,9.252017,10.426369,8.551622,7.116243,9.339103,7.295961,420.2927633,1.025797452,0.179093687,5.727714174,1.02E-08,5.85E-07
 Icam2,ENSMUSG00000001029.16,30.436981,18.89081017,29.925529,29.060359,36.161375,26.600661,19.249848,12.811683,22.095614,16.782633,22.406133,19.99895,253.126069,-0.364306797,0.172603883,-2.110652388,0.034802201,0.080661163
 Mapk7,ENSMUSG00000001034.18,9.51995225,4.937062667,5.808275,14.121985,12.366439,5.78311,4.016491,3.358551,5.160773,5.1205,7.144982,4.821079,187.9321839,-0.562492288,0.191956219,-2.930315528,0.00338618,0.012618915
 Epn2,ENSMUSG00000001036.18,14.27319775,10.286838,11.995941,16.489541,15.027541,13.579768,9.767842,10.302299,11.233276,9.753959,10.126419,10.537233,520.4160763,-0.059425762,0.07969445,-0.745670021,0.455866773,0.584307834
 B9d1,ENSMUSG00000001039.13,5.82284025,4.072327167,4.267557,8.345741,5.55696,5.121103,1.669968,4.227577,4.390622,5.822139,5.604335,2.719322,29.06448223,-0.287231141,0.309167394,-0.929047327,0.35286456,0.486702055
 Sec24b,ENSMUSG00000001052.16,26.93433125,18.52860567,17.388199,35.913339,27.632985,26.802802,15.70784,19.335793,19.127687,17.116674,20.070515,19.813125,645.4373251,-0.248590367,0.097584492,-2.54743722,0.010851738,0.031555996
 N4bp3,ENSMUSG00000001053.16,12.11917625,8.475598333,8.990985,14.538338,16.054132,8.89325,7.408552,7.405743,8.278209,7.026678,12.11549,8.618918,228.6700212,-0.142529776,0.156882031,-0.908515623,0.363605864,0.496861937
 Rmnd5b,ENSMUSG00000001054.10,14.77506475,10.81834033,10.731978,17.660416,16.051144,14.656721,9.37316,12.499361,11.608697,10.720536,12.754142,7.954146,222.419501,-0.029183802,0.132320946,-0.220553157,0.825440378,0.882823812
 Nhp2,ENSMUSG00000001056.4,18.70469225,14.83454783,14.863179,22.527841,19.82375,17.603999,13.322936,14.639335,13.878906,15.724759,17.537221,13.90413,144.4248846,0.012210362,0.119449154,0.102222253,0.918580265,0.946455421
 Vps9d1,ENSMUSG00000001062.19,15.77061825,14.913569,13.886934,18.328851,17.162632,13.704056,11.831108,15.017399,17.505389,13.502467,16.684932,14.940119,430.1581301,0.2081084,0.095222276,2.185501206,0.028852118,0.069510267
 Zfp276,ENSMUSG00000001065.16,10.35630975,8.017470333,7.133455,13.923013,11.741855,8.626916,5.731711,8.731854,9.743378,7.517771,8.246613,8.133495,289.7939512,0.024704885,0.115934733,0.213093047,0.831254388,0.886085401
 Mfsd10,ENSMUSG00000001082.13,17.45192075,8.828243833,10.161952,26.227267,16.256088,17.162376,6.964178,8.492017,8.793477,8.523966,10.922138,9.273687,138.0325064,-0.689545036,0.175795107,-3.922435877,8.77E-05,0.000723668
 Luzp1,ENSMUSG00000001089.15,14.09661325,9.149436167,11.325868,19.40834,16.19885,9.453395,8.704907,8.500683,9.220739,9.461535,9.367272,9.641481,882.96847,-0.218572673,0.115480985,-1.892715698,0.058395688,0.12206282
 Kctd10,ENSMUSG00000001098.16,37.79069675,22.21338167,26.669513,50.627238,42.64386,31.222176,20.552099,21.092874,25.175275,22.107752,23.417621,20.934669,809.3358493,-0.343261246,0.092794601,-3.699151067,0.000216322,0.001458392
 Poldip2,ENSMUSG00000001100.11,70.010419,74.95554233,71.696042,65.141693,75.425029,67.778912,77.77687,76.846653,74.676145,75.116372,72.654392,72.662822,1470.647608,0.451182662,0.122943275,3.669844171,0.000242698,0.001594842
 Ift20,ENSMUSG00000001105.16,34.91204575,28.842636,28.154909,44.713792,33.881086,32.898396,25.197561,23.263587,30.438658,30.764151,37.104982,26.286877,276.2520812,0.15165602,0.11915653,1.272746199,0.203108118,0.321956337
 Col6a1,ENSMUSG00000001119.8,181.2192753,45.06569833,74.314531,340.773668,208.596014,101.192888,22.546317,38.743237,53.755899,62.499367,48.765628,44.083742,3930.320055,-1.570047839,0.361338105,-4.345093461,1.39E-05,0.000176799
 Pcbp3,ENSMUSG00000001120.16,2.0448235,2.050729667,1.065573,2.15129,2.513831,2.4486,0.85479,3.958515,1.650152,1.910557,2.010411,1.919953,33.99285244,0.078569969,0.285099771,0.275587624,0.782864816,0.851683098
 Lgals9,ENSMUSG00000001123.16,43.106264,24.70392783,33.489333,49.269281,59.552234,30.114208,20.524611,21.781347,28.463422,24.186085,30.761854,22.506248,451.5357398,-0.42077933,0.15059202,-2.794167504,0.005203352,0.017608701
 Araf,ENSMUSG00000001127.13,63.0076355,62.445969,53.31022,73.474978,74.816183,50.429161,46.228755,72.300233,69.446747,57.838692,75.489967,53.37142,1074.519306,0.162823244,0.067711731,2.404653394,0.016187811,0.043705227
 Cfp,ENSMUSG00000001128.8,15.99254375,6.115626833,9.923609,16.137468,14.372608,23.53649,5.668692,3.867904,7.32848,8.053693,5.63382,6.141172,148.1402983,-1.102643313,0.255582442,-4.314237332,1.60E-05,0.000197645
 Timp1,ENSMUSG00000001131.12,47.78052225,7.651099167,17.781982,97.955115,52.155044,23.229948,3.39491,2.658627,10.971262,14.907333,8.100853,5.87361,142.2027939,-2.181775027,0.55099706,-3.95968542,7.50E-05,0.000645822
 Uxt,ENSMUSG00000001134.10,19.4731935,21.301444,21.758411,15.496506,21.212082,19.425775,20.991623,17.752552,22.986761,22.572142,24.480769,19.024817,127.6923323,0.564631895,0.173266777,3.258742997,0.00111907,0.005304351
 Cnnm3,ENSMUSG00000001138.14,9.30857825,7.387636667,6.117903,11.734858,8.366059,11.015493,4.861915,8.962317,7.697977,4.473847,8.862271,9.467493,309.8772075,-0.092837055,0.106059414,-0.875330636,0.381394029,0.514014938
 Lman2l,ENSMUSG00000001143.14,16.0997635,15.37640983,15.563373,15.476715,16.361283,16.997683,14.708131,16.299527,16.251925,15.040832,16.133819,13.824225,406.8720368,0.236840113,0.113913805,2.079116864,0.03760661,0.085986085
 Mcm3ap,ENSMUSG00000001150.8,10.63295075,8.868522833,7.750252,10.645497,9.220491,14.915563,9.282472,6.110685,6.793457,12.194856,7.524366,11.305301,495.0995314,-0.048759436,0.081930307,-0.595133083,0.551754516,0.671180127
 Pcnt,ENSMUSG00000001151.11,16.92475325,18.751232,15.502465,15.384295,19.601894,17.210359,17.898633,19.744537,18.415327,20.15073,16.445112,19.853053,1388.093512,0.415760065,0.117563226,3.536480575,0.000405496,0.002368286
 Mxd1,ENSMUSG00000001156.10,3.25814975,1.957168,2.595748,4.236343,3.037334,3.163174,1.849562,1.996863,1.877336,1.915459,2.077586,2.026202,121.2855566,-0.342569857,0.123956503,-2.763629573,0.005716239,0.018918442
 Gmcl1,ENSMUSG00000001157.14,5.93600075,3.364783833,3.773861,8.138656,6.797332,5.034154,3.355412,3.395457,3.679163,3.059166,3.294051,3.405454,121.150576,-0.387231125,0.146956216,-2.635010182,0.008413476,0.025739266
 Snrnp27,ENSMUSG00000001158.14,24.36564825,22.540419,23.47635,24.279521,25.893291,23.813431,28.934927,22.903346,17.267165,23.73957,20.390696,22.00681,171.1278521,0.233407075,0.17955289,1.299934941,0.193623268,0.310147465
 Oas1c,ENSMUSG00000001166.18,1.5569525,0.517888667,1.922835,1.464747,0.779741,2.060487,0.167075,0.312071,0.409304,0.455915,1.04409,0.718877,16.58850056,-1.014894278,0.40787534,-2.488246235,0.012837482,0.036197942
 Ocrl,ENSMUSG00000001173.16,7.89325325,6.307795833,6.586392,10.256322,9.114672,5.615627,6.642869,5.176981,6.123974,5.781594,6.49617,7.625187,299.072688,0.065737998,0.098030928,0.670584262,0.502485411,0.627436528
 Calm1,ENSMUSG00000001175.17,119.7365328,81.73734817,90.932259,133.504708,136.025294,118.48387,65.804767,88.135756,98.759403,82.529649,78.962133,76.232381,2577.223674,-0.073069838,0.061477514,-1.188562019,0.234612061,0.359628734
 Agpat3,ENSMUSG00000001211.16,110.1480058,115.9221825,107.81444,109.141193,117.450001,106.186389,105.724421,114.824434,124.849342,118.470314,119.986634,111.67795,2715.506455,0.425867345,0.121146014,3.515322812,0.00043922,0.002521425
 Sema6b,ENSMUSG00000001227.13,10.03084875,7.309137667,7.416636,12.030759,11.008442,9.667558,5.123565,8.297865,7.865598,5.988645,10.161489,6.417664,311.2942304,-0.089287816,0.168695282,-0.529284607,0.596608032,0.708512583
 Uhrf1,ENSMUSG00000001228.15,2.7213085,1.947832833,1.917931,3.035988,3.707449,2.223866,0.675273,1.855069,2.025513,2.116565,3.392678,1.621899,69.71972375,-0.436614311,0.2519922,-1.732650106,0.083157878,0.160658222
 Dpp9,ENSMUSG00000001229.10,28.62571525,25.33883883,25.445502,32.500027,32.124815,24.432517,20.832684,25.440902,27.930273,24.984012,28.761324,24.083838,983.2922038,0.172142893,0.081715057,2.1066239,0.035150193,0.08130576
 Ramp2,ENSMUSG00000001240.14,65.03701325,51.07976033,53.560524,76.721927,74.156353,55.709249,39.994714,65.558439,47.866001,47.120533,53.206223,52.732652,490.8578499,-0.040344442,0.113326533,-0.356001737,0.721839265,0.80637789
 Lsr,ENSMUSG00000001247.17,2.45595275,0.931282667,1.400355,2.264579,1.828141,4.330736,0.489293,0.899093,1.419547,0.664235,1.405371,0.710157,29.75240303,-0.995652812,0.42530447,-2.341035381,0.019230345,0.050123285
 Gramd1a,ENSMUSG00000001248.16,32.9322035,23.2290725,24.087467,40.658058,36.828107,30.155182,18.076951,22.375729,24.96449,23.978201,29.310518,20.668546,769.4411786,-0.17793492,0.10556499,-1.685548596,0.091882777,0.173743425
 Hpn,ENSMUSG00000001249.15,2.992738,2.000797333,3.82338,2.396119,3.992204,1.759249,1.787733,1.797922,2.038829,1.808261,2.81004,1.761999,35.5294718,-0.074343304,0.264359586,-0.281220385,0.778541371,0.848105993
 Ckb,ENSMUSG00000001270.10,75.34399625,45.5077225,50.921206,110.150036,89.767881,50.536862,39.943519,39.233633,53.747619,50.475379,44.825168,44.821017,777.9721675,-0.348867938,0.146855512,-2.375586272,0.017521096,0.046606755
 Sp1,ENSMUSG00000001280.14,10.4737335,6.7863975,7.455442,14.299137,11.825622,8.314733,6.035685,6.893508,6.36967,7.339396,6.816184,7.263942,686.6439043,-0.236034477,0.103996536,-2.269637866,0.023229564,0.058558697
 Itgb7,ENSMUSG00000001281.11,5.89996375,0.507315167,0.965786,6.678442,1.756209,14.199418,0.140072,0.299334,1.001679,0.344253,0.580519,0.678034,46.02072597,-2.543190739,0.586847686,-4.333647046,1.47E-05,0.000184464
 Myg1,ENSMUSG00000001285.13,19.339791,15.16058583,14.299131,23.528564,19.429936,20.101533,11.336363,16.902439,13.114497,18.988926,20.371882,10.249408,161.6198825,0.181772756,0.146561425,1.240249645,0.214883071,0.336349878
 Rarg,ENSMUSG00000001288.16,16.79873425,11.09740483,12.290541,22.599148,19.6521,12.653148,9.709321,12.507792,12.076492,11.366074,10.812896,10.111854,363.9916834,-0.148866353,0.115953432,-1.28384603,0.199195834,0.317215235
 Pfdn5,ENSMUSG00000001289.13,112.2300003,94.21600467,70.497129,136.755863,107.398433,134.268576,92.555551,109.78404,106.176429,98.729944,94.043788,64.006276,704.4897178,0.176588134,0.099296831,1.7783864,0.075340415,0.14908825
 Efnb2,ENSMUSG00000001300.17,9.78339325,7.927210667,7.259125,11.521132,12.987985,7.365331,6.891455,10.518243,9.354968,6.864415,6.903727,7.030456,399.5359994,0.059936475,0.086367192,0.693972713,0.487699321,0.613591947
 Rrp15,ENSMUSG00000001305.6,5.75923075,4.764733167,4.098716,8.452776,5.646035,4.839396,5.520825,2.844905,4.646694,4.976494,4.806474,5.793007,67.0391631,0.113428367,0.211857907,0.535398318,0.592374453,0.705594799
 Rnd2,ENSMUSG00000001313.13,5.68504225,3.958352667,4.614962,4.867683,8.458327,4.799197,3.40412,3.412137,5.08366,4.042817,3.805927,4.001455,61.33802524,-0.191864669,0.212492037,-0.902926394,0.366564961,0.499604865
 Srr,ENSMUSG00000001323.18,12.597787,10.6176215,14.171315,14.31868,13.109499,8.791654,9.657987,10.771576,9.526943,14.294768,9.678041,9.776414,397.2191962,0.15056923,0.089304668,1.686017462,0.091792436,0.173622697
 Sync,ENSMUSG00000001333.10,10.926406,10.1687985,8.841305,11.518534,14.209203,9.136582,6.96682,10.812919,12.015222,10.858544,10.404385,9.954901,218.8046364,0.262178584,0.14630312,1.792023187,0.073129252,0.145702641
 Fndc5,ENSMUSG00000001334.11,121.852979,158.4229753,136.666904,93.837927,121.840085,135.067,146.290451,168.186924,163.967258,158.92498,160.982211,152.186028,4343.39273,0.68814248,0.166234394,4.139591472,3.48E-05,0.000360467
 Acp5,ENSMUSG00000001348.16,10.37961075,1.036926,4.093478,7.557398,5.008288,24.859279,0.077819,0.656508,1.888431,1.438489,1.155856,1.004453,56.76790376,-3.060926979,0.745064496,-4.108271156,NA,NA
 Cnn1,ENSMUSG00000001349.6,5.42369575,2.504795,3.657035,8.705513,5.109737,4.222498,1.51994,0.879274,0.620731,5.995034,3.903065,2.110726,49.16862767,-0.877311067,0.486320098,-1.803978634,0.071234656,0.142665252
 Fbxo9,ENSMUSG00000001366.15,27.17793475,25.81811167,24.688855,31.514653,27.738722,24.769509,24.294739,27.710528,20.95561,26.803069,31.06251,24.082214,470.9597298,0.226063179,0.086689528,2.607733423,0.00911439,0.027473137
 Vps50,ENSMUSG00000001376.18,7.711613,6.573314333,6.779735,8.007583,8.036092,8.023042,6.631553,6.235846,6.668449,8.102266,6.47377,5.328002,261.5420473,0.067282185,0.103746779,0.648523124,0.51664666,0.639936785
 Hars1,ENSMUSG00000001380.8,20.7512145,18.60660767,16.867518,25.276835,21.476234,19.384271,17.365153,18.565326,19.531089,18.939804,20.828016,16.410258,390.4381358,0.21480774,0.080227243,2.677491246,0.007417579,0.023301724
 Zmat2,ENSMUSG00000001383.10,15.56664025,12.02393717,13.308546,17.164309,17.210183,14.583523,14.881475,10.380334,12.333046,12.602791,11.396179,10.549798,307.6044315,-0.037533377,0.102053605,-0.367781005,0.713036534,0.799955291
 Ube2c,ENSMUSG00000001403.14,7.36691475,2.648373167,6.43845,8.473983,8.736479,5.818747,0.957745,1.009676,3.099216,1.944048,3.934353,4.945201,35.75634648,-1.114255342,0.399255714,-2.790831298,0.005257287,0.017730828
 Smg5,ENSMUSG00000001415.11,33.695418,28.91814883,26.189007,35.664386,39.379425,33.548854,24.781662,24.556454,27.63842,35.082384,35.992589,25.457384,1084.341163,0.181006399,0.095793758,1.889542723,0.058819144,0.122732638
 Cct3,ENSMUSG00000001416.14,73.030293,65.39261283,67.14449,86.339813,80.781328,57.855541,56.257809,75.224619,73.795704,60.979813,72.224615,53.873117,1252.034057,0.269253027,0.077813079,3.460254113,0.000539666,0.002961834
 Glmp,ENSMUSG00000001418.14,72.94276525,45.2246115,52.105172,93.746009,67.885046,78.034834,35.432356,45.104423,49.468715,51.443416,44.830707,45.068052,506.7134693,-0.408240983,0.125541583,-3.25183874,0.001146611,0.005403624
 Mef2d,ENSMUSG00000001419.18,74.53774075,75.0769,69.530033,80.431909,75.245338,72.943683,65.191722,78.670519,81.373487,77.135139,68.565814,79.524719,2901.542835,0.325435802,0.080380613,4.048685252,5.15E-05,0.000483553
 Tmem79,ENSMUSG00000001420.14,1.04505375,0.591004833,1.169029,0.860564,1.00768,1.142942,0.39533,0.801997,0.58125,0.690582,0.524045,0.552825,16.66863594,-0.090692813,0.319948838,-0.283460362,0.776823963,0.847092287
 Snd1,ENSMUSG00000001424.15,36.89022225,29.4316435,28.701587,45.712634,35.137865,38.008803,25.157157,28.538298,31.678705,32.363984,30.460866,28.390851,1176.198479,0.052162268,0.078475219,0.664697322,0.506244107,0.630799421
 Col18a1,ENSMUSG00000001435.16,16.05732375,5.3261695,7.40591,26.975023,14.367838,15.480524,2.793176,3.72877,4.864338,7.646357,7.274423,5.649953,488.0055763,-1.182223544,0.273904329,-4.316191524,1.59E-05,0.000196274
 Slc19a1,ENSMUSG00000001436.16,3.18802,2.652357667,2.962419,4.00584,2.864807,2.919014,3.126815,2.177668,1.659952,2.48136,3.094638,3.373713,58.48276467,0.122834633,0.198285305,0.6194843,0.535597361,0.657137148
 Kpnb1,ENSMUSG00000001440.6,42.87846725,33.825773,35.654211,51.001815,50.007187,34.850656,30.610919,31.891638,36.33809,37.350625,33.398681,33.364685,2289.113152,-0.017491897,0.065739246,-0.26607997,0.790177621,0.856581298
 Npepps,ENSMUSG00000001441.14,36.74922725,32.80002083,35.762671,34.996092,40.772682,35.465464,35.972556,33.326198,30.706268,32.255752,30.208697,34.330654,1397.35767,0.201472014,0.110146581,1.829126359,0.067380681,0.136628792
 Mrpl10,ENSMUSG00000001445.11,34.4200965,35.39023183,33.792579,32.622137,37.950253,33.315417,35.251663,36.714597,35.457223,34.964163,36.507103,33.446642,599.3704345,0.377754431,0.108978358,3.466325208,0.000527625,0.002915282
 Cyp51,ENSMUSG00000001467.6,4.15353175,3.869778833,3.120436,5.260144,3.939307,4.29424,3.352568,2.895986,6.401987,4.121828,3.76018,2.686124,154.3671806,0.038423976,0.161025205,0.238620877,0.811399575,0.873230648
 Tcf25,ENSMUSG00000001472.18,95.895722,73.3276055,72.68853,126.877924,99.626455,84.389979,63.395118,71.863988,77.038022,73.553424,83.279898,70.835183,2622.874014,-0.05217905,0.07896919,-0.660751991,0.508771376,0.63275362
 Tubb6,ENSMUSG00000001473.8,30.36845,24.242496,24.590206,31.900074,39.747848,25.235672,18.000781,23.989588,27.500817,26.094792,26.122219,23.746779,460.702413,0.037730525,0.125307662,0.301103092,0.763335883,0.836695431
 Def8,ENSMUSG00000001482.16,30.4154835,27.39363767,24.29809,36.654306,32.465519,28.244019,22.235617,28.084688,29.738214,30.270553,29.813729,24.219025,912.8924744,0.237516458,0.075925106,3.128299337,0.00175821,0.007486388
 Meox1,ENSMUSG00000001493.10,33.69677275,7.762243,12.452455,64.629668,50.643432,7.061536,7.241504,4.73771,6.405228,8.185396,10.17397,9.82965,361.8955006,-1.641883793,0.5192088,-3.162280361,0.001565388,0.00686842
 Irx2,ENSMUSG00000001504.11,1.62726725,5.084465667,1.465749,2.183621,0.776057,2.083642,7.56983,8.589255,2.579941,2.718106,5.279311,3.770351,96.57935446,1.82058753,0.394917513,4.610045063,4.03E-06,6.85E-05
 Col1a1,ENSMUSG00000001506.11,884.908605,140.1208065,500.025399,1562.859417,947.391203,529.358401,34.977228,54.28188,200.368202,306.839082,130.25447,114.003977,25071.87875,-2.252088009,0.5656309,-3.981550532,6.85E-05,0.000599419
 Itga3,ENSMUSG00000001507.17,6.19928975,4.9592725,3.77417,9.529769,5.246819,6.246401,2.961973,5.772764,6.236981,4.918615,5.744887,4.120415,259.7293408,-0.058824064,0.178050884,-0.330377827,0.741114493,0.820358661
 Sgca,ENSMUSG00000001508.16,115.9139333,142.1636968,88.979171,105.443759,142.339963,126.89284,123.315821,122.92579,164.062118,156.670196,180.863062,105.145194,1444.68529,0.718313434,0.12503508,5.744895223,9.20E-09,5.41E-07
 Foxm1,ENSMUSG00000001517.15,2.71624275,0.901186667,1.564566,3.72713,3.948681,1.624594,0.483191,1.043159,0.617217,0.960702,1.251652,1.051199,65.14206507,-1.284010823,0.281469559,-4.561810624,5.07E-06,8.07E-05
 Itfg2,ENSMUSG00000001518.13,10.2856045,9.810565167,10.911598,8.546655,10.358664,11.325501,12.269592,10.217006,7.98437,11.572216,9.388332,7.431875,225.5615808,0.32962046,0.14834002,2.222060237,0.026279235,0.06450039
 Nrip2,ENSMUSG00000001520.13,3.7140905,2.5137445,3.180485,4.506524,4.230301,2.939052,1.927789,2.233148,2.337194,3.140162,2.979182,2.464992,63.48043279,-0.107153818,0.198304959,-0.540348656,0.588956609,0.703377558
 Tulp3,ENSMUSG00000001521.13,6.61411375,4.9376835,4.390343,9.896222,8.204828,3.965062,3.075623,5.448548,4.170033,6.997259,5.770697,4.163941,174.163083,-0.214578602,0.187730647,-1.143013165,0.253033125,0.380216938
 Gtf2h4,ENSMUSG00000001524.15,9.34654575,7.926191,10.676542,8.026489,8.55209,10.131062,6.692254,8.593065,7.992084,6.509668,11.792685,5.97739,125.8699595,0.168480026,0.161128328,1.045626351,0.295733578,0.426953544
 Tubb5,ENSMUSG00000001525.11,86.52459925,53.62518467,59.270293,99.305328,107.68959,79.833186,44.470386,49.009504,60.101649,53.350965,63.804903,51.013701,1774.548056,-0.312971093,0.109153616,-2.86725356,0.004140511,0.014773558
 Ell2,ENSMUSG00000001542.8,5.6341525,4.979193167,4.688798,6.700185,5.670193,5.477434,3.214704,6.025754,7.403847,4.398459,4.059545,4.77285,218.1269789,-0.139671043,0.116242293,-1.201551001,0.229537535,0.354169878
 Jup,ENSMUSG00000001552.15,136.2633563,126.1862977,112.393148,177.15242,152.993926,102.513931,103.399675,140.349179,138.434916,120.078606,135.449656,119.405754,4339.244556,0.243100488,0.090893382,2.674567532,0.00748257,0.023477752
 Fkbp10,ENSMUSG00000001555.11,34.666247,18.119423,22.926124,55.737807,34.440743,25.560314,17.446601,18.493736,17.703563,19.64813,17.984592,17.439916,597.0177095,-0.603761257,0.13143075,-4.593759521,4.35E-06,7.25E-05
 Nom1,ENSMUSG00000001569.11,9.4750735,7.284252,11.447836,9.96531,9.890673,6.596475,8.641009,7.572559,5.826701,7.862625,6.188447,7.614171,260.0121853,0.035126728,0.127390367,0.275740852,0.782747116,0.851625744
 Ergic1,ENSMUSG00000001576.16,32.271983,23.7662995,26.025591,38.37011,33.61789,31.074341,18.995592,24.61255,28.533093,23.309155,25.369165,21.778242,598.7187422,-0.152186323,0.087859491,-1.732155759,0.083245834,0.160751421
 Acap1,ENSMUSG00000001588.13,3.563675,0.4355865,0.540065,1.294579,1.305625,11.114431,0.294815,0.862821,0.351846,0.538492,0.408146,0.157399,36.41607143,-2.840622485,0.702690247,-4.042495958,NA,NA
 Tcea3,ENSMUSG00000001604.15,62.5008245,82.32154083,73.376219,49.103849,58.521716,69.001514,74.872254,84.200848,83.386722,91.442107,80.009197,80.018117,865.0768752,0.687868263,0.176998141,3.886302192,0.000101783,0.000811908
 Ifrd1,ENSMUSG00000001627.13,44.4891785,35.307081,47.552079,45.889252,43.241719,41.273664,38.230568,35.502348,38.663842,34.736875,35.819952,28.888901,389.0860129,-0.101773704,0.107907505,-0.943156864,0.345600673,0.479026414
 Stk38l,ENSMUSG00000001630.14,5.6036165,4.5210005,4.836397,8.001013,5.675787,3.901269,4.966518,3.772519,4.57905,5.690235,4.435384,3.682297,228.8982021,0.079602783,0.145631638,0.546603638,0.584651069,0.699574264
 Brpf1,ENSMUSG00000001632.17,10.59084675,8.030894667,10.35487,11.934189,11.253462,8.820866,7.128535,7.522531,9.055224,8.736389,8.398892,7.343797,401.9718146,0.001454678,0.085748576,0.016964462,0.986464967,0.991381785
 Akr1b1,ENSMUSG00000001642.19,141.6329108,167.1768313,147.267603,130.698477,133.676829,154.888734,165.652478,167.121254,180.288842,151.920306,177.649722,160.428386,2144.066995,0.560438761,0.13477544,4.158315209,3.21E-05,0.000338039
 Gstt1,ENSMUSG00000001663.11,19.20222075,16.76448683,14.312793,19.770376,23.364915,19.360799,14.428707,13.002981,21.25759,19.604456,14.829482,17.463705,155.5377986,0.16020938,0.168847805,0.948838984,0.342702511,0.476184185
 Gstt3,ENSMUSG00000001665.12,5.85345525,3.183227833,3.128636,8.743152,6.037105,5.504928,2.303387,3.365707,3.219321,2.739684,3.423802,4.047466,69.89279144,-0.430331041,0.222463233,-1.934391738,0.053064981,0.113102886
 Ddt,ENSMUSG00000001666.9,58.701025,70.91565767,59.743237,50.033004,55.850757,69.177102,67.03609,73.602603,69.438257,70.771047,79.458274,65.187675,312.0587224,0.594509572,0.158404739,3.753104714,0.000174658,0.001242032
 Ddx18,ENSMUSG00000001674.12,12.21637525,9.373988,8.148659,17.26478,12.109699,11.342363,11.237822,8.026089,7.31505,9.638461,10.268072,9.758434,215.6303131,0.104125207,0.139398387,0.746961343,0.455086896,0.583426475
 Ubl3,ENSMUSG00000001687.16,46.9350455,42.43909417,42.82108,49.244315,51.335216,44.339571,43.057148,46.068815,44.627623,38.684156,38.270873,43.92595,985.2766255,0.144692527,0.086344437,1.675759695,0.093785272,0.176703532
 Gramd2b,ENSMUSG00000001700.11,9.65496225,8.749866667,7.820762,10.486543,10.209874,10.10267,7.077806,9.262321,7.821434,8.623266,9.205936,10.508437,249.4759854,0.206560836,0.127388978,1.621496923,0.104911109,0.192904425
 Eef1e1,ENSMUSG00000001707.9,4.37332375,6.434517667,3.29369,4.260994,5.677416,4.261195,6.461863,6.808008,5.729136,6.117616,9.915038,3.575445,84.82928707,0.548328646,0.204211395,2.685103083,0.007250744,0.022870818
 Akt1,ENSMUSG00000001729.15,102.6066578,94.43206933,81.209846,111.625192,110.009404,107.582189,93.075105,96.514364,105.565472,90.463036,97.208442,83.765997,2683.574713,0.244196204,0.097713237,2.499110788,0.012450538,0.03533087
 Cldn15,ENSMUSG00000001739.15,8.286439,3.411801833,3.793627,9.76012,9.142297,10.449712,1.226726,2.972196,3.957927,2.646915,6.666939,3.000108,94.88020292,-0.897457611,0.356252281,-2.519163132,0.011763414,0.033757676
 Il16,ENSMUSG00000001741.13,7.6054475,3.1483205,4.272919,8.0316,7.342497,10.774774,3.040967,3.186255,2.979903,3.054302,3.311604,3.316892,174.6879545,-0.886130112,0.189612469,-4.673374687,2.96E-06,5.37E-05
 Tcirg1,ENSMUSG00000001750.17,33.2744305,15.86231583,16.76242,45.602942,39.364397,31.367963,13.48439,12.609019,18.419167,15.726082,20.353676,14.581561,438.4332615,-0.790328353,0.16935846,-4.666600965,3.06E-06,5.52E-05
 Naglu,ENSMUSG00000001751.10,13.52722975,7.600654,9.810726,17.444856,13.960739,12.892598,6.418649,8.59002,8.206751,8.097442,7.245225,7.045837,255.1009917,-0.462716067,0.117242716,-3.94665086,7.93E-05,0.000670547
 Coasy,ENSMUSG00000001755.13,10.35488675,9.104645833,8.795931,10.467849,9.891027,12.26474,7.73865,10.887572,8.789817,9.821341,8.923651,8.466844,200.9953273,0.099778128,0.146553699,0.680829818,0.49597918,0.621146979
 Smo,ENSMUSG00000001761.8,12.80791,5.663901167,7.206398,20.729993,13.533554,9.761695,4.66042,4.807724,5.694965,6.832796,6.41662,5.570882,321.3500961,-0.773893499,0.181161635,-4.271839889,1.94E-05,0.000230983
 Tspan33,ENSMUSG00000001763.15,1.16469025,1.085810167,0.8999,1.005227,1.481076,1.272558,1.275723,1.095093,1.289612,0.906933,0.735882,1.211618,22.92429767,0.206235683,0.304078267,0.678232237,0.497624456,0.622612517
 Crnkl1,ENSMUSG00000001767.6,7.38088775,5.961910333,6.900331,9.270367,6.988314,6.364539,6.081195,6.334333,5.544788,6.209008,5.089418,6.51272,239.4714096,0.050103139,0.126009538,0.397613864,0.690914839,0.783586871
 Rin2,ENSMUSG00000001768.17,13.83832125,6.990329,9.54963,19.771824,15.191578,10.840253,7.454702,6.847145,7.439583,7.393023,6.41123,6.396291,465.2734359,-0.609410924,0.12201052,-4.994740804,5.89E-07,1.50E-05
 Chordc1,ENSMUSG00000001774.9,17.851178,13.4803295,18.417463,15.629541,21.715943,15.641765,12.484512,14.973284,12.827051,9.741338,14.158541,16.697251,353.3143752,0.096353321,0.168127021,0.573098365,0.566578094,0.68400631
 Rtcb,ENSMUSG00000001783.4,43.7822725,37.84901783,34.300302,47.464259,48.761666,44.602863,34.512947,39.708774,41.252689,40.132492,38.541781,32.945424,813.3814441,0.152617382,0.089906494,1.697512325,0.089599843,0.170410033
 Pwp1,ENSMUSG00000001785.14,9.34357475,8.184396167,8.77042,10.474861,9.463564,8.665454,7.009227,9.835289,8.03622,7.654844,8.120185,8.450612,220.4471067,0.14245953,0.104986355,1.356933767,0.174802257,0.286753029
 Fbxo7,ENSMUSG00000001786.15,8.98133275,7.137186,7.003905,12.501985,9.278682,7.140759,4.476109,7.518705,6.697261,7.187464,11.305868,5.637709,157.7141932,0.117466795,0.145695745,0.806247259,0.420100294,0.550473351
 Capns1,ENSMUSG00000001794.14,308.671431,261.5744465,259.674884,368.273684,324.205078,282.532078,227.257164,280.135656,282.618678,252.709885,292.658137,234.067159,3755.88781,0.121693435,0.073186858,1.662777164,0.096357049,0.180821233
 Lrp3,ENSMUSG00000001802.17,7.539701,5.171235333,4.883707,9.791208,7.659075,7.824814,4.712927,4.255565,6.150863,5.758609,4.675444,5.474004,227.4992075,-0.113170059,0.126848906,-0.892164249,0.372304902,0.504855462
 Clpb,ENSMUSG00000001829.18,48.74475125,49.97973383,45.013519,52.814034,54.164715,42.986737,40.302365,59.077503,62.779513,49.489468,56.901302,31.328252,1189.530354,0.449753071,0.123960052,3.628209754,0.000285393,0.001801678
 Septin7,ENSMUSG00000001833.18,56.3268375,43.53579433,52.002743,67.746304,62.456413,43.10189,50.887739,39.224324,38.099393,42.718934,41.746923,48.537453,1286.368827,-0.013865031,0.127045062,-0.109134749,0.913095614,0.942761366
 Zdhhc4,ENSMUSG00000001844.11,23.0885575,16.96490583,18.684438,30.197687,19.540852,23.931253,14.665573,20.205496,18.420237,15.813339,17.80294,14.88185,203.2116719,0.017850073,0.135190754,0.132036199,0.894955659,0.930423833
 Rac1,ENSMUSG00000001847.15,175.9964585,131.1042238,140.633702,220.372975,204.928062,138.051095,132.642197,124.389836,139.559406,132.102212,131.37744,126.554252,2390.616152,-0.079763116,0.06891109,-1.157478662,0.247076852,0.374097646
 Nup214,ENSMUSG00000001855.16,10.395729,8.4917215,7.553093,10.775378,14.076646,9.177799,10.595536,5.937469,8.860534,10.572056,9.46587,5.518864,457.7650235,-0.267130539,0.084158076,-3.174152156,0.001502749,0.00664931
 Aif1l,ENSMUSG00000001864.14,1.1040045,0.905078833,1.116893,1.199278,1.052224,1.047623,0.920796,0.95294,0.510116,1.909543,0.689757,0.447321,24.35265717,0.068496908,0.348372403,0.196619788,0.844125084,0.895435318
 Ltbp1,ENSMUSG00000001870.17,19.85795125,14.74210983,14.867739,27.029941,21.173155,16.36097,11.253487,17.118048,17.614507,16.726111,11.448831,14.291675,989.2837727,0.004121681,0.141267557,0.029176413,0.976723893,0.98497853
 Ugp2,ENSMUSG00000001891.17,124.5258968,120.687809,126.188479,128.9207,129.291725,113.702683,111.080961,102.799079,111.671698,115.892861,144.832742,137.849513,2829.10684,0.283839818,0.119602579,2.37319146,0.01763512,0.046853007
 Trmt1,ENSMUSG00000001909.17,24.26204025,22.68287667,18.562952,25.743157,27.424245,25.317807,18.633886,21.291242,24.798052,21.936185,24.358108,25.079787,402.5709074,0.126909246,0.123969021,1.023717416,0.305968767,0.43831212
 Nacc1,ENSMUSG00000001910.6,21.97555125,16.10178117,16.834705,25.76652,24.201808,21.099172,14.629477,15.758925,17.837512,15.398342,18.321939,14.664492,757.6304099,-0.046616759,0.072606183,-0.642049434,0.520841087,0.643141894
 Nfix,ENSMUSG00000001911.17,83.73727975,62.637638,67.148738,107.976854,93.995542,65.827985,54.923749,72.672437,70.731784,64.741649,53.29463,59.461579,2823.394174,-0.03212885,0.08913906,-0.360435147,0.718521747,0.803750578
 Slc1a5,ENSMUSG00000001918.18,52.88534625,21.42896567,27.927415,64.740049,54.508216,64.365705,16.492904,23.427203,19.510193,24.522911,25.58188,19.038703,766.222959,-0.961835859,0.207485832,-4.635670055,3.56E-06,6.16E-05
 Uba1,ENSMUSG00000001924.16,87.794379,76.72387367,72.831539,102.308979,97.503755,78.533243,66.654399,83.954859,78.467719,80.909883,79.055626,71.300756,3496.130534,0.172280845,0.063317396,2.720908581,0.006510276,0.021052328
 Vwf,ENSMUSG00000001930.18,38.39801,28.783094,42.961341,39.235987,37.257744,34.136968,16.631123,27.417011,54.08521,20.056112,27.740755,26.768353,1555.962417,-0.391290644,0.340261607,-1.149970011,0.250156223,0.377662843
 Siae,ENSMUSG00000001942.9,7.8744225,5.569533167,6.422066,8.560127,9.487951,7.027546,5.372548,5.110398,5.80207,6.032327,5.106566,5.99329,300.4773791,-0.121315681,0.10200611,-1.189298184,0.23432235,0.359394817
 Vsig2,ENSMUSG00000001943.9,9.027489,8.423966833,8.301954,8.079797,10.232367,9.495838,5.033267,9.027634,9.511088,6.942026,11.309255,8.720531,63.50668474,0.16270572,0.22415985,0.725846846,0.467932665,0.595533555
 Esam,ENSMUSG00000001946.15,64.11495825,46.96835933,52.051932,77.127732,70.527459,56.75271,37.953831,44.302218,49.893057,46.672156,56.908996,46.079898,910.7251183,-0.095646669,0.091492412,-1.045405487,0.295835602,0.42695974
 Spa17,ENSMUSG00000001948.11,5.5615305,4.9185105,5.472155,4.85275,6.163263,5.757954,4.827914,4.239048,3.405126,7.491056,5.211873,4.336046,26.93144151,0.147645021,0.287533711,0.51348769,0.607610219,0.71735335
 Fam50a,ENSMUSG00000001962.9,20.736645,15.43232033,15.006323,24.776138,25.512203,17.651916,11.65337,15.440781,17.094072,16.322056,19.894836,12.188807,224.3241327,-0.061694099,0.140742839,-0.438346274,0.661135286,0.759474017
 Emd,ENSMUSG00000001964.15,21.66923325,19.80738983,21.366612,24.218918,23.888451,17.202952,16.406243,18.875206,18.726771,23.506062,19.682876,21.647181,309.388412,0.220313724,0.104364405,2.111004463,0.034771928,0.08061576
 Taco1,ENSMUSG00000001983.8,33.48848675,37.17383883,37.038496,24.607412,35.884524,36.423515,35.469785,38.77726,42.841367,37.839369,34.508435,33.606817,479.6084672,0.462299562,0.180775477,2.557313461,0.010548412,0.030851927
 Gria3,ENSMUSG00000001986.17,2.69389225,0.691348167,1.070836,3.973892,3.728812,2.002029,0.877482,0.695487,0.748556,0.904404,0.360364,0.561796,70.80546025,-1.499724658,0.310805753,-4.825279595,1.40E-06,2.99E-05
 Sipa1l2,ENSMUSG00000001995.10,18.07489875,17.245313,15.472752,22.423067,16.289392,18.114384,15.516215,21.205356,17.343991,18.273918,14.924315,16.208083,1296.550286,0.283884218,0.121700858,2.332639407,0.019667079,0.050990452
 Ap4e1,ENSMUSG00000001998.16,4.5626545,2.778014667,3.258928,4.917126,5.018463,5.056101,2.268509,2.840035,2.676066,3.195642,2.889532,2.798304,158.0708992,-0.276533487,0.117992277,-2.343657522,0.019095697,0.049903929
 Blvra,ENSMUSG00000001999.16,15.3648685,11.94262717,16.04223,17.014647,14.870602,13.531995,13.665407,10.330299,10.058591,13.557704,12.26453,11.779232,137.5926971,-0.009605661,0.147902108,-0.064946075,0.948216936,0.965604597
 Pdzd4,ENSMUSG00000002006.13,1.40257425,0.753795833,1.143214,1.688835,1.757499,1.020749,0.709226,0.563338,0.655388,0.807309,0.778494,1.00902,41.4418727,-0.521541637,0.225255264,-2.315336069,0.020594547,0.052923948
 Srpk3,ENSMUSG00000002007.6,16.712071,20.15631767,14.315901,14.350351,16.743229,21.438803,20.580264,21.415787,18.59156,17.804104,23.691738,18.854453,358.5068826,0.662563648,0.152217817,4.352733883,1.34E-05,0.000172755
 Idh3g,ENSMUSG00000002010.18,356.8596793,438.878551,364.575503,328.519135,360.18649,374.157589,394.725421,489.033529,476.6215,444.426172,450.93471,377.529974,5148.471416,0.626906844,0.127651192,4.911092744,9.06E-07,2.13E-05
 Pnck,ENSMUSG00000002012.14,5.80872375,5.382529667,6.237922,4.855197,6.005392,6.136384,4.089516,5.242954,5.909837,6.757389,4.742668,5.552814,78.97175226,0.218965919,0.222515196,0.984049283,0.325091282,0.457887838
 Ssr4,ENSMUSG00000002014.13,79.41322925,56.71480433,59.587455,80.347555,73.382415,104.335492,49.56291,47.798139,54.629946,70.298513,62.475719,55.523599,420.5833263,-0.134968152,0.167326755,-0.806614291,0.419888738,0.550379199
 Bcap31,ENSMUSG00000002015.6,54.80248475,39.62248667,44.570771,64.085333,58.333622,52.220213,37.54481,34.723054,42.395787,40.395651,40.486174,42.189444,505.7283487,-0.107563268,0.078296213,-1.373799121,0.169504054,0.280211924
 Fam98a,ENSMUSG00000002017.11,18.53956175,16.37449583,16.284369,19.57189,22.516711,15.785277,17.775954,16.863081,15.387697,16.727931,15.364511,16.127801,483.966183,0.187548373,0.097120256,1.931094302,0.053471392,0.113821026
 Ltbp2,ENSMUSG00000002020.16,63.92095125,4.638924667,12.388907,178.860101,53.984331,10.450466,4.62122,1.048987,2.719506,8.361279,6.078545,5.004011,1658.312483,-3.375484186,0.793092709,-4.256102907,2.08E-05,0.000242988
 Kmt2a,ENSMUSG00000002028.14,11.27408075,7.5626635,8.554352,12.460112,13.561214,10.520645,7.091189,7.563122,9.525128,8.122756,6.832556,6.24123,1550.732659,-0.251309051,0.075120279,-3.345422242,0.000821574,0.004138181
 Ift46,ENSMUSG00000002031.14,20.039458,11.75080183,13.980585,27.505436,21.453246,17.218565,11.20754,10.277372,12.519738,13.602862,12.785577,10.111722,164.2356513,-0.40428582,0.125562712,-3.219792046,0.001282836,0.005903389
 Tmem25,ENSMUSG00000002032.18,6.72488775,6.800176167,6.345243,6.25539,6.758251,7.540667,6.315224,7.429102,6.723638,7.49024,6.786332,6.056521,159.6083513,0.573528127,0.201219105,2.850266758,0.004368258,0.015386422
 Trappc6a,ENSMUSG00000002043.18,17.19694025,13.91499217,13.412139,19.933163,16.542933,18.899526,11.858693,16.551421,11.267273,13.294461,16.930317,13.587788,92.10709249,0.033715139,0.177521648,0.189921285,0.849370813,0.898888513
 Supt6,ENSMUSG00000002052.7,18.52517,13.25850617,13.752984,21.354914,21.64637,17.346412,11.506725,12.847388,14.699599,13.800379,13.729205,12.967741,1050.650018,-0.109167921,0.074103254,-1.473186601,0.140700727,0.241870898
 Spag5,ENSMUSG00000002055.10,1.51846175,0.846006,1.22623,1.68441,2.065017,1.09819,1.384084,0.874081,0.733197,0.33271,1.187215,0.564749,33.6902056,-0.861292135,0.371761722,-2.316785418,0.020515424,0.05278254
 Unc119,ENSMUSG00000002058.14,7.42130425,4.776560167,4.697608,10.837893,8.313677,5.836039,5.042229,4.9506,4.446441,6.134572,4.200148,3.885371,69.62038757,-0.26177,0.197957433,-1.322354995,0.186049968,0.300884857
 Rab34,ENSMUSG00000002059.19,17.56438475,8.997408833,10.10497,25.033551,22.15381,12.965208,6.918595,9.034089,8.672733,9.200612,10.788346,9.370078,164.6565735,-0.629683726,0.187406552,-3.359987783,0.000779459,0.00396722
 Sdf2,ENSMUSG00000002064.11,34.83095625,30.70545433,29.936008,40.524364,37.707612,31.155841,25.709179,29.212551,34.668326,33.305559,34.400954,26.936157,373.8321242,0.156480724,0.098164543,1.59406564,0.110921334,0.201627601
 Ccne1,ENSMUSG00000002068.17,1.55536075,0.800767333,0.596847,1.355338,1.196272,3.072986,0.584933,0.883475,0.755659,0.797494,1.048981,0.734062,20.35606802,-0.430143579,0.375810564,-1.144575539,0.25238503,0.37944487
 Bbc3,ENSMUSG00000002083.14,4.6344695,2.890922667,2.949743,7.787442,4.120129,3.680564,1.418809,3.672856,3.123882,3.160874,3.069472,2.899643,51.99527452,-0.58393304,0.237104482,-2.46276677,0.013786957,0.038382957
 Mybpc3,ENSMUSG00000002100.16,1204.984819,1279.843815,944.142511,1503.013795,1231.006856,1141.776114,1106.968935,1528.848382,1392.807398,1086.400612,1354.74782,1209.289742,57111.92644,0.451064869,0.10271635,4.391363879,1.13E-05,0.000151569
 Psmc3,ENSMUSG00000002102.16,136.0606373,146.2581567,117.559406,137.065188,143.989335,145.62862,145.629938,151.172024,150.93294,142.492607,154.892517,132.428914,1904.287016,0.433943163,0.084942782,5.108652597,3.24E-07,9.47E-06
 Acp2,ENSMUSG00000002103.17,16.10265425,9.8734645,12.86701,20.426459,17.062713,14.054435,9.142087,9.606973,9.866306,10.986873,10.972461,8.666087,564.7358925,-0.334940602,0.076589647,-4.373183777,1.22E-05,0.000160963
 Rapsn,ENSMUSG00000002104.12,8.160822,8.956920667,7.772838,8.716927,8.141321,8.012202,8.298701,10.331908,7.179993,9.728771,9.478452,8.723699,131.4391909,0.566462333,0.152640305,3.71109278,0.000206366,0.001403549
 Slc39a13,ENSMUSG00000002105.16,32.1935305,17.99578867,22.86395,50.334607,33.239334,22.336231,15.955774,15.885872,19.173264,19.283207,20.392627,17.283988,416.7801325,-0.370384382,0.148186445,-2.499448471,0.012438679,0.03533087
 Celf2,ENSMUSG00000002107.20,24.39425125,18.17418617,17.999694,36.682974,23.955204,18.939133,16.487149,18.427364,18.990031,19.185928,17.148977,18.805668,923.2791608,-0.039581633,0.091798686,-0.431178643,0.666338481,0.763132412
 Nr1h3,ENSMUSG00000002108.11,12.77754125,11.52393233,12.878968,11.979916,12.729205,13.522076,11.073366,11.631362,12.216484,11.052267,13.515035,9.65508,216.1141919,0.187132098,0.144960381,1.290918917,0.196731795,0.314166797
 Ddb2,ENSMUSG00000002109.15,5.05997125,3.762626,4.631929,6.162828,4.613585,4.831543,4.51785,4.02023,3.814561,3.609984,3.233001,3.38013,87.40209823,-0.109695616,0.168436998,-0.651256065,0.514881205,0.638172221
 Spi1,ENSMUSG00000002111.10,15.9459525,5.4169985,8.022747,22.577154,18.017471,15.166438,2.979141,5.239017,8.587679,6.601429,5.776692,3.318033,142.292668,-1.307033634,0.231061974,-5.656636673,1.54E-08,8.33E-07
 Sf3a1,ENSMUSG00000002129.12,12.85704825,10.692134,10.221518,14.83007,12.970095,13.40651,9.291226,11.023907,13.215004,10.436603,10.716927,9.469137,586.0826996,0.049938816,0.097642064,0.511447772,0.609037551,0.71834782
 Stat6,ENSMUSG00000002147.19,34.29374,23.19014633,23.571304,46.870029,37.035808,29.697819,21.151887,21.17515,26.064723,25.692678,23.929638,21.126802,977.1831383,-0.235455474,0.090265058,-2.608489703,0.009094275,0.027429183
 Napsa,ENSMUSG00000002204.10,6.17059975,0.376849333,0.398723,3.387733,2.40479,18.491153,0.130423,0.485404,0.265509,0.355017,0.323293,0.70145,34.98743988,-3.636159427,0.920412129,-3.95057748,7.80E-05,0.000663676
 Vrk3,ENSMUSG00000002205.17,18.7024055,13.314092,14.683026,23.025362,18.831306,18.269928,11.846769,15.899055,15.442036,11.599715,13.999749,11.097228,264.9338813,0.041554132,0.122003858,0.340596871,0.733407085,0.814984361
 Smg9,ENSMUSG00000002210.12,11.1193965,7.514263,7.361267,14.420432,12.448167,10.24772,6.028061,6.563229,8.927233,7.830166,9.743541,5.993348,159.0347415,-0.191484443,0.138899533,-1.378582337,0.168023566,0.278447134
 Paxip1,ENSMUSG00000002221.12,9.2702125,6.844618167,7.341609,6.554912,15.400289,7.78404,4.792599,7.682619,6.934627,6.560428,7.501177,7.596259,333.2341898,0.242662699,0.10222412,2.373830147,0.017604647,0.046791016
 Rmnd5a,ENSMUSG00000002222.15,27.048375,25.50022633,25.986664,28.777344,28.907796,24.521696,26.689239,23.354465,25.419327,25.868109,23.672646,27.997572,1527.587281,0.25372825,0.101348673,2.503518234,0.012296534,0.035019205
 Mov10,ENSMUSG00000002227.16,6.50433775,4.039287167,4.273417,7.873591,9.180854,4.689489,2.964593,3.314182,6.2075,4.137557,4.205022,3.406869,145.8244725,-0.460451209,0.171195907,-2.689615748,0.007153433,0.022618311
 Ppm1j,ENSMUSG00000002228.8,17.61354,18.49917817,15.251474,19.192516,19.900113,16.110057,19.957262,18.334487,16.102247,13.507698,22.115166,20.978209,256.8229553,0.461136978,0.119132104,3.870803594,0.000108477,0.000854388
 Rhoc,ENSMUSG00000002233.14,103.6121075,58.12465767,66.784528,154.952526,118.040382,74.670994,48.389818,48.620583,62.99921,51.988163,81.915939,54.834233,711.1339726,-0.448164532,0.165654515,-2.705416939,0.006821871,0.021769524
 Tead3,ENSMUSG00000002249.22,12.97022425,13.4400265,12.499617,16.386254,12.644413,10.350613,12.680882,12.365466,14.791,13.941632,10.790712,16.070467,283.1542415,0.071317736,0.106567446,0.669226283,0.503351143,0.628218273
 Ppard,ENSMUSG00000002250.17,20.92383975,17.30078667,18.064687,23.496855,23.48835,18.645467,13.902484,17.985015,19.943553,19.928936,15.75532,16.289412,573.4054277,0.138178785,0.079455007,1.739082155,0.082020313,0.158806061
 Def6,ENSMUSG00000002257.9,5.575353,1.8921915,1.932186,8.560772,5.833829,5.974625,2.83188,1.427124,1.751542,2.065777,2.055311,1.221515,65.97867508,-1.180493914,0.31065789,-3.799980471,0.000144707,0.001069676
 Peg3,ENSMUSG00000002265.18,6.0130025,2.860138,3.943659,8.873182,6.345786,4.889383,2.505009,2.319712,2.993419,3.415515,3.316537,2.610636,353.6683588,-0.70760163,0.151522983,-4.669929369,3.01E-06,5.44E-05
 Zim1,ENSMUSG00000002266.18,0.91541375,0.448981667,1.942433,1.040334,0.394319,0.284569,0.296995,0.294038,0.879623,0.45031,0.246786,0.526138,31.85998818,0.024236097,0.303550256,0.079842125,0.93636282,0.958483432
 Metrn,ENSMUSG00000002274.15,21.77383375,25.22529483,24.827359,17.616145,20.861692,23.790139,18.958505,28.576302,28.787202,21.489601,27.405903,26.134256,246.9605272,0.606825261,0.170270911,3.563880976,0.000365412,0.00218281
 Lmf1,ENSMUSG00000002279.20,20.347623,20.6396675,19.467587,19.400526,24.10935,18.413029,16.372125,22.645658,23.178142,21.581608,22.772787,17.287685,355.835611,0.297784301,0.129180876,2.305173261,0.021156872,0.054177796
 Ciao3,ENSMUSG00000002280.12,21.51585525,21.04551133,18.954354,19.608704,24.978209,22.522154,18.86893,21.31997,23.109465,22.288359,20.796101,19.890243,515.747614,0.379279658,0.093855439,4.04110474,5.32E-05,0.000496609
 Angptl4,ENSMUSG00000002289.17,9.866442,3.266379333,8.824989,12.764459,7.810883,10.065437,4.781095,1.815222,2.559916,2.488166,4.574545,3.379332,115.9990327,-1.517821454,0.241516252,-6.28455203,3.29E-10,4.18E-08
 Dbf4,ENSMUSG00000002297.17,2.11522875,0.705358833,1.203571,2.576909,3.26938,1.411055,0.590113,0.420365,0.965262,0.638758,0.886027,0.731628,27.19292491,-1.098712353,0.306864374,-3.580449361,0.000343004,0.002070662
 Daxx,ENSMUSG00000002307.17,11.7565275,8.5039605,9.282159,14.998332,12.75182,9.993799,11.769986,6.754602,10.022235,6.627231,8.896143,6.953566,214.8545048,-0.132413195,0.103536179,-1.278907498,0.200929632,0.319430344
 Cd320,ENSMUSG00000002308.17,16.495167,17.25774967,16.300557,13.491107,19.534642,16.654362,19.174098,17.703044,22.730342,14.114229,15.252323,14.572462,166.8893713,0.429678435,0.142252826,3.020526523,0.002523356,0.009982223
 Ipo4,ENSMUSG00000002319.17,26.30738175,19.85125067,17.622932,41.887624,27.055375,18.663596,16.398922,18.513628,17.86858,19.590689,21.296657,25.439028,754.8053373,-0.013170328,0.122423507,-0.107580059,0.914328816,0.943632842
 Tm9sf1,ENSMUSG00000002320.16,32.88043675,22.16691,24.864059,40.632522,33.755066,32.2701,20.977868,20.477326,21.603422,21.425102,24.902223,23.615519,577.5133623,-0.2217747,0.070843166,-3.130502391,0.001745076,0.007452253
 Irf9,ENSMUSG00000002325.16,16.5390045,10.2333995,13.646131,19.343751,21.206063,11.960073,12.443147,8.339308,10.876822,8.856581,12.185204,8.699335,306.623669,-0.334242674,0.147034885,-2.273220229,0.023012912,0.058057324
 Gmpr2,ENSMUSG00000002326.7,8.35815025,7.024171833,6.529805,8.825512,8.697675,9.379609,7.063341,6.519369,7.170472,7.673219,6.645483,7.073147,129.0527226,0.052976298,0.144462559,0.366712997,0.713833111,0.800573057
 Mdp1,ENSMUSG00000002329.8,31.33355825,28.58229133,26.387856,37.947663,32.048109,28.950605,29.072327,28.873844,27.728708,26.985274,32.381459,26.452136,504.8924109,0.249687963,0.081500252,3.063646523,0.002186571,0.008877695
 Dhrs1,ENSMUSG00000002332.17,35.0172125,30.71165117,29.496944,36.092752,37.124869,37.354285,24.279183,30.015564,30.289165,32.08099,32.705114,34.899891,430.0612838,0.110782292,0.093750407,1.18167265,0.237335614,0.362954558
 Tmem161a,ENSMUSG00000002342.18,47.38230375,46.03663,42.688399,40.772397,55.813941,50.254478,43.179736,56.000499,41.193219,43.826818,43.413006,48.606502,826.4431609,0.293546177,0.096925561,3.028573427,0.002457114,0.009788125
 Armc6,ENSMUSG00000002343.12,5.82452875,4.630575833,4.839627,8.650145,5.416618,4.391725,4.113507,4.154411,4.391976,5.58748,5.554224,3.981857,94.66255388,0.24298463,0.147164797,1.651105664,0.098717001,0.184194905
 Borcs8,ENSMUSG00000002345.19,24.73854825,18.98685183,19.603612,29.40371,28.71108,21.235791,15.330584,19.83552,21.450717,24.462171,18.248207,14.593912,123.893575,0.00429474,0.169746341,0.025300931,0.979814931,0.986665731
 Slc25a42,ENSMUSG00000002346.18,29.30770375,34.58901983,34.800243,24.189734,30.817002,27.423836,33.890846,34.620922,35.108437,35.403826,34.816186,33.693902,1081.627026,0.524520281,0.156086241,3.360451749,0.000778151,0.003962102
 Snx9,ENSMUSG00000002365.11,21.77420825,15.34866717,16.729021,26.703179,23.693099,19.971534,14.30014,15.12596,16.282708,15.847667,15.343297,15.192231,605.1404348,-0.155197012,0.068440243,-2.267628028,0.023351888,0.0588105
 Ranbp3,ENSMUSG00000002372.10,26.2356835,22.31594667,19.043851,30.288162,30.558836,25.051885,18.825962,23.083596,25.871385,20.678924,25.907858,19.527955,590.7510595,0.086345054,0.11217499,0.769735338,0.441456903,0.570191601
 Ndufa11,ENSMUSG00000002379.8,627.760888,762.1748002,650.280868,572.842679,628.868374,659.051631,719.132051,790.927555,866.250843,705.624474,802.377389,688.736489,2451.997618,0.604926058,0.134053793,4.512562042,6.40E-06,9.78E-05
 Nr2f6,ENSMUSG00000002393.15,29.76737275,27.4035,26.191461,32.620827,32.568823,27.68838,26.779725,25.719291,32.878408,23.890517,28.415749,26.73731,594.554221,0.172486356,0.079603893,2.166808052,0.030249493,0.07217365
 Use1,ENSMUSG00000002395.15,104.1145453,89.89216767,86.814218,123.903222,109.319425,96.421316,73.941732,104.469385,92.442199,88.322149,100.757205,79.420336,693.3147598,0.178487367,0.095843165,1.862285813,0.062562814,0.128679887
 Ocel1,ENSMUSG00000002396.9,9.4605905,7.906231333,6.362001,12.958463,9.041585,9.480313,6.669797,7.904028,8.671611,7.0246,9.60389,7.563462,318.3158507,0.159173036,0.102654014,1.550577807,0.121002894,0.21544137
 Dyrk1b,ENSMUSG00000002409.19,13.24525,11.5437865,12.422517,14.611746,13.028603,12.918134,12.622582,10.475484,11.622488,11.647645,10.857382,12.037138,308.3923082,0.138155986,0.112637738,1.226551494,0.21999121,0.342626833
 Braf,ENSMUSG00000002413.16,6.29906425,4.347858,5.102914,8.980163,6.165471,4.947709,3.498692,4.350902,4.688662,4.677703,4.755852,4.115337,380.3917926,0.000755071,0.085226958,0.008859529,0.992931211,0.995285389
 Ndufb2,ENSMUSG00000002416.14,317.132613,386.8763258,361.935653,253.6401,285.677686,367.277013,387.895565,410.678511,387.121178,360.476331,413.132884,361.953486,1150.63804,0.561939399,0.170669905,3.292551196,0.000992828,0.004828203
 Hltf,ENSMUSG00000002428.13,6.7716425,4.480754,6.108824,8.23298,6.933812,5.810954,5.123659,4.172682,3.703034,3.941182,4.802974,5.140993,267.4595424,-0.230260243,0.125831401,-1.829910832,0.067263273,0.136505491
 Prpf6,ENSMUSG00000002455.15,20.99538025,17.438013,18.54069,23.643072,23.161523,18.636236,16.02945,18.343188,19.177338,16.248897,18.476549,16.352656,604.9361314,0.073117237,0.078895712,0.926758061,0.354052164,0.487878001
 Rgs19,ENSMUSG00000002458.14,13.209197,6.139227833,8.762816,17.653733,12.464429,13.95581,5.027088,4.713466,6.732788,6.892759,4.761909,8.707357,90.05123658,-0.971572329,0.214198525,-4.535849762,5.74E-06,8.90E-05
 Abhd3,ENSMUSG00000002475.17,2.25979825,1.568311333,1.067677,3.674578,2.592284,1.704654,1.544766,1.699793,1.829381,1.358633,1.690849,1.286446,35.35481848,-0.112801376,0.267013932,-0.422455022,0.672692924,0.768641104
 Snrpd1,ENSMUSG00000002477.6,16.94661825,12.0486095,10.173547,21.212729,16.149773,20.250424,11.113382,11.128854,12.860571,12.503084,13.965942,10.719824,92.28061835,-0.084414431,0.179517007,-0.470230831,0.638190109,0.74065072
 Tchp,ENSMUSG00000002486.16,6.493112,4.335762667,6.454087,6.955635,5.465391,7.097335,5.42954,5.922082,3.482085,3.708329,3.72374,3.7488,117.4079017,-0.083786518,0.174318723,-0.480651285,0.630764359,0.735165913
 Tiam1,ENSMUSG00000002489.17,4.527867,1.9236755,2.17653,6.613033,6.868265,2.45364,1.429764,1.325172,2.463164,2.136204,2.356086,1.831663,161.108136,-0.788566356,0.230366296,-3.423097772,0.000619118,0.003298439
 Tsc2,ENSMUSG00000002496.11,50.72122075,50.13073367,39.349543,57.427652,61.181682,44.926006,41.402721,48.406663,51.348251,49.964524,55.042797,54.619446,2331.191323,0.309040894,0.077677468,3.97851399,6.93E-05,0.000605911
 Rpl3l,ENSMUSG00000002500.16,135.0957873,213.2111707,186.28949,69.628668,117.523546,166.941445,236.8818,222.554519,213.449626,201.630273,198.227048,206.523758,2470.578621,0.936812336,0.330655947,2.833193672,0.004608545,0.016029617
 Nherf2,ENSMUSG00000002504.16,85.3316925,82.64769733,74.377378,97.493223,101.464816,67.991353,78.020956,89.528894,85.661027,75.36829,88.368986,78.938031,1584.5448,0.304505312,0.086253534,3.530351717,0.000415008,0.002409146
 Puf60,ENSMUSG00000002524.18,56.189824,47.037251,47.176614,64.540668,65.200915,47.841099,40.026464,45.026856,48.637036,47.856511,56.136298,44.540341,892.702272,0.090699249,0.080800467,1.122508964,0.261646098,0.389099485
 Golga2,ENSMUSG00000002546.18,37.59314675,30.85082817,32.204735,44.342188,41.847037,31.978627,27.71642,30.096495,30.788704,32.85729,33.855078,29.790982,1369.878908,0.08436189,0.058424537,1.443946227,0.148754102,0.253158195
 Uck1,ENSMUSG00000002550.17,18.7799335,13.15202933,12.820837,18.356044,21.36595,22.576903,10.992425,14.748827,13.020177,14.187225,13.635198,12.328324,265.5099971,-0.068608707,0.138910304,-0.493906534,0.62137219,0.72789631
 Scin,ENSMUSG00000002565.17,1.166381,1.379596667,1.173009,1.501391,0.671572,1.319552,1.334156,1.592319,0.684984,1.627448,1.903909,1.134764,41.9875509,0.580871674,0.320040352,1.814995108,0.069524661,0.140183109
 Ikzf4,ENSMUSG00000002578.19,0.75394225,0.2775935,0.248607,0.399244,2.115689,0.252229,0.156243,0.18602,0.326951,0.303974,0.314303,0.37807,14.60619389,-0.262262221,0.338517213,-0.774738214,0.438494365,0.567579677
 Mien1,ENSMUSG00000002580.8,44.4020065,38.476925,38.576086,49.894833,43.104627,46.03248,36.786532,42.44694,32.499821,30.074331,46.502039,42.551887,235.0638321,0.145774131,0.145893436,0.999182247,0.317706414,0.450293097
 Axl,ENSMUSG00000002602.17,76.0373145,37.79632917,46.777581,113.521328,97.415772,46.434577,28.186065,39.66187,41.679353,40.555576,35.248897,41.446214,2125.892915,-0.584545194,0.17623695,-3.316814064,0.000910502,0.004497941
 Tgfb1,ENSMUSG00000002603.16,38.53850525,17.70308633,21.188408,59.138492,42.751211,31.07591,14.321331,15.587589,18.273493,20.084977,20.657473,17.293655,538.2803353,-0.739196604,0.161463819,-4.578094385,4.69E-06,7.61E-05
 Ccdc97,ENSMUSG00000002608.9,31.0719945,28.574051,27.984535,31.452922,37.209544,27.640977,26.439609,30.913921,31.178468,30.328763,27.246243,25.337302,741.6731951,0.284448518,0.079416509,3.581730306,0.000341326,0.002062434
 Zfp40,ENSMUSG00000002617.15,1.5262205,1.147242833,1.557455,2.15034,1.224304,1.172783,1.89971,0.851358,1.444593,0.885124,1.232454,0.570218,41.79025292,-0.290653799,0.274195066,-1.060025634,0.289132937,0.419875488
 Akap8l,ENSMUSG00000002625.11,41.3211675,34.6635145,31.39052,42.454339,43.790014,47.649797,37.971707,31.398967,30.30076,39.0189,38.234353,31.0564,762.8109063,0.057343,0.100843734,0.568632261,0.569605726,0.68654366
 Pdcd2l,ENSMUSG00000002635.12,15.46044,15.05412767,12.616698,15.114051,15.581594,18.529417,10.637072,13.508122,18.771423,19.036534,17.480514,10.891101,150.2622086,0.207875995,0.159622015,1.302301533,0.192813328,0.309341593
 Gtf2f1,ENSMUSG00000002658.10,16.84193525,13.35549817,13.291646,19.832627,17.175638,17.06783,12.395848,13.877461,12.948248,14.267741,13.810769,12.832922,248.7296297,0.022808686,0.096017008,0.237548397,0.812231378,0.873922844
 Clpp,ENSMUSG00000002660.9,49.8462805,60.45645167,51.451431,38.678126,51.613391,57.642174,58.094186,63.220437,65.349211,58.061305,66.4852,51.528371,486.3776795,0.587192618,0.169619025,3.461832297,0.000536511,0.002949903
 Alkbh7,ENSMUSG00000002661.15,38.54470775,44.33804317,42.5018,34.089144,33.576854,44.011033,37.23455,45.881064,45.402467,46.751846,50.672,40.086332,326.8687447,0.526226573,0.173452603,3.033834966,0.002414665,0.009642473
 Dennd1c,ENSMUSG00000002668.9,5.59040475,1.725902167,2.962243,5.219145,5.672771,8.50746,0.917346,1.249439,2.298511,2.353712,1.91585,1.620555,75.27503946,-1.410042382,0.282822266,-4.985613061,6.18E-07,1.57E-05
 Med6,ENSMUSG00000002679.15,9.5317,7.8970165,9.993572,12.129524,8.986427,7.017277,9.216852,7.26397,6.951319,8.415125,6.365134,9.169699,74.69891833,0.029113551,0.179980088,0.161759843,0.871494977,0.914037546
 Prkd1,ENSMUSG00000002688.9,1.89587275,2.110813833,1.585423,2.481981,1.699402,1.816685,1.625923,2.703815,1.944487,1.695834,2.40766,2.287164,80.71433456,0.517124538,0.187253341,2.761630495,0.005751353,0.019010651
 Lcp2,ENSMUSG00000002699.14,3.8419605,1.072954833,2.256247,4.384557,4.755835,3.971203,0.94543,0.999741,1.1551,1.309233,1.326763,0.701462,68.14104562,-1.513585857,0.193830976,-7.808792446,5.77E-15,6.16E-12
 Cse1l,ENSMUSG00000002718.15,18.91000725,17.581012,17.011067,20.689316,21.141327,16.798319,17.411565,17.327801,16.722907,18.033591,17.076625,18.913583,664.9850701,0.25667616,0.09194859,2.791518173,0.005246141,0.017706909
 Naa20,ENSMUSG00000002728.15,45.185265,46.69272933,43.985468,39.992166,47.554125,49.209301,46.880593,42.594391,42.016387,50.107692,53.048453,45.50886,445.7966855,0.414871202,0.112505436,3.687565824,0.00022641,0.001510088
 Prkra,ENSMUSG00000002731.7,12.19068675,9.592572,10.849624,15.218173,11.600465,11.094485,8.453102,10.065746,9.435701,8.805301,11.433553,9.362029,164.4036925,0.013870188,0.117201016,0.118345287,0.905794076,0.937926614
 Fkbp7,ENSMUSG00000002732.15,28.63457475,15.871335,20.115219,36.94883,32.236648,25.237602,15.516809,12.888616,15.085111,20.123678,14.116206,17.49759,138.6712252,-0.488370848,0.150537266,-3.24418571,0.001177869,0.005521157
 Plekha3,ENSMUSG00000002733.9,14.10135225,10.5656125,12.269566,18.263813,14.341412,11.530618,11.961762,10.799653,9.740621,8.922952,10.666834,11.301853,311.4174645,-0.044463551,0.119855421,-0.370976556,0.710654993,0.798544355
 Ykt6,ENSMUSG00000002741.10,43.68177975,34.6023165,36.352769,49.985049,48.798418,39.590883,34.301117,36.638354,36.901652,33.762777,35.383145,30.626854,970.0075302,0.030711096,0.072975679,0.420840158,0.673871805,0.769545412
 Baz1b,ENSMUSG00000002748.8,24.83612475,20.37586033,21.461065,26.076552,29.762373,22.044509,19.929277,18.769319,21.06936,21.538391,20.89505,20.053765,1520.756887,0.095843342,0.068691265,1.395276998,0.162932326,0.272291489
 Pex6,ENSMUSG00000002763.17,24.036814,22.84749517,20.491359,25.578512,22.89307,27.184315,19.543557,23.955941,25.803256,21.38678,23.280919,23.114518,805.6162281,0.268802324,0.112611077,2.386997181,0.016986622,0.045461846
 Mrpl2,ENSMUSG00000002767.14,82.909141,104.8128137,82.840744,70.171499,86.950995,91.673326,92.82962,121.520445,111.555503,106.803608,112.634956,83.53275,886.071586,0.660417082,0.156756126,4.213022465,2.52E-05,0.000280102
 Mea1,ENSMUSG00000002768.9,35.3930255,26.90651167,25.625842,42.985255,42.927638,30.033367,24.028839,26.700176,24.467053,31.868676,31.51685,22.857476,216.9475864,-0.024521892,0.126601952,-0.19369284,0.846416398,0.89720439
 Gnmt,ENSMUSG00000002769.10,1.52913325,3.267364,1.886089,1.031905,1.277251,1.921288,1.529483,4.339572,4.601541,3.07839,2.695641,3.359557,23.68975488,1.357209738,0.391242573,3.468972532,0.000522453,0.002894027
 Grin2d,ENSMUSG00000002771.13,1.468917,0.518420333,0.723679,2.48916,1.424662,1.238167,0.486278,0.334291,0.515868,0.582542,0.710492,0.481051,48.29270625,-1.107877272,0.259744968,-4.265250187,2.00E-05,0.000236403
 Kdelr1,ENSMUSG00000002778.15,95.8443295,75.33477333,74.699892,122.829346,97.708586,88.139494,63.632536,73.893209,81.319499,73.032678,81.519803,78.610915,964.0625595,-0.093454497,0.078585828,-1.189202937,0.234359819,0.359410226
 Tmem143,ENSMUSG00000002781.20,50.67844075,60.55672367,57.387718,35.177252,51.857446,58.291347,60.066562,63.915217,65.426245,57.917211,58.573404,57.441703,1315.844215,0.598165294,0.181291337,3.29946982,0.000968676,0.004738885
 Ggct,ENSMUSG00000002797.10,10.4422025,10.220176,11.070678,9.492057,11.09279,10.113285,11.724134,11.821775,10.26074,8.173751,8.562203,10.778453,128.5278894,0.238007252,0.155547389,1.530126946,0.12598531,0.222289105
 Jag2,ENSMUSG00000002799.7,24.04117775,27.152774,20.937356,25.971498,27.486046,21.769811,26.113012,24.553974,33.347486,25.952053,29.402587,23.547532,791.4293174,0.412626876,0.079597052,5.183946726,2.17E-07,6.94E-06
 Btbd6,ENSMUSG00000002803.15,15.019144,13.90783183,12.042562,17.980443,14.866944,15.186627,13.245814,12.833504,14.797205,14.591977,14.338767,13.639724,254.4178954,0.34277001,0.097527355,3.51460377,0.000440411,0.002523839
 Nudt14,ENSMUSG00000002804.5,7.21717125,6.312329333,4.720511,9.172663,8.14972,6.825791,4.726812,5.513834,8.758742,6.639573,6.737475,5.49754,48.93712885,-0.059510779,0.199157789,-0.29881221,0.765083334,0.838182912
 Epdr1,ENSMUSG00000002808.8,14.686194,12.71295933,14.375026,16.262595,15.976003,12.131152,11.698706,10.1136,14.002888,13.784229,12.532077,14.146256,328.2260684,0.136791126,0.129604697,1.055448828,0.291220101,0.421928776
 Flii,ENSMUSG00000002812.5,71.096802,63.966821,54.990991,90.794896,86.461824,52.139497,47.119648,67.329438,72.45339,58.656949,71.422329,66.819172,2203.060096,0.097170762,0.068202159,1.424746124,0.154230601,0.260449202
 Top3a,ENSMUSG00000002814.16,3.35317475,2.108461,2.592365,4.446377,3.535293,2.838664,1.755524,1.722389,2.1948,2.532983,2.40769,2.03738,100.9832032,-0.256335809,0.142527469,-1.798501088,0.072097636,0.143997504
 Atg4d,ENSMUSG00000002820.7,32.00384125,39.09319633,30.841021,27.480503,34.608213,35.085628,37.551564,43.959974,44.627677,38.214875,38.817884,31.387204,721.0419041,0.409466256,0.120040153,3.411077428,0.000647067,0.00341541
 Qtrt1,ENSMUSG00000002825.9,8.401533,7.716416667,6.452608,9.208108,9.563614,8.381802,8.164847,9.092261,9.172354,5.93793,8.18001,5.751098,77.79187112,0.158385951,0.214980047,0.736747217,0.461276087,0.589343381
 Plin4,ENSMUSG00000002831.16,58.0475445,67.44302617,59.120955,46.897833,62.984335,63.187055,58.547262,75.142769,75.185182,69.313592,63.258148,63.211204,4471.7224,0.534833338,0.152611551,3.504540343,0.000457396,0.002599582
 Hdgfl2,ENSMUSG00000002833.12,33.48359875,29.59711667,31.70654,38.208149,32.17955,31.840156,28.121359,31.191054,28.328717,25.88258,30.925782,33.133208,596.5084345,0.113987206,0.077899632,1.463257312,0.143396984,0.245603877
 Chaf1a,ENSMUSG00000002835.10,2.9326895,2.3002015,2.463043,3.341785,3.342985,2.582945,2.06644,2.381187,2.387722,2.245453,2.356677,2.36373,165.4367519,-0.022921149,0.106006088,-0.216224833,0.828812498,0.884705701
 Adprh,ENSMUSG00000002844.10,19.51026425,15.539734,15.155654,25.303434,20.732249,16.84972,13.860716,15.254659,16.820087,16.002681,16.693971,14.60629,532.4546228,0.042525923,0.075873457,0.560484842,0.575148776,0.691783357
 Tmem39a,ENSMUSG00000002845.15,23.6604695,10.71769567,11.013824,44.666232,22.439931,16.521891,7.99988,7.979075,11.586438,15.23151,13.812691,7.69658,153.2026939,-0.527557035,0.202685993,-2.602829272,0.009245798,0.027741628
 Timmdc1,ENSMUSG00000002846.10,23.108712,26.88065267,24.416599,21.920205,24.110125,21.987919,25.422924,26.014889,25.502404,26.598849,29.498335,28.246515,386.6528788,0.537931537,0.11681125,4.605134665,4.12E-06,6.95E-05
 Pla1a,ENSMUSG00000002847.8,16.8214995,9.070749,11.814119,18.962511,25.839871,10.669497,8.313109,9.758769,10.940376,7.771302,9.869767,7.771171,233.0418115,-0.504846716,0.193171315,-2.613466267,0.008962893,0.027128794
 Mcm2,ENSMUSG00000002870.9,5.04347275,2.9218585,5.336468,5.941199,4.481255,4.414969,2.482467,2.743351,3.145721,3.280465,3.122974,2.756173,125.1956064,-0.251361764,0.133152202,-1.887777748,0.059055794,0.123128418
 Tpra1,ENSMUSG00000002871.15,29.512526,23.93848767,21.354804,33.842726,37.07543,25.777144,18.653098,25.258351,30.047069,19.566672,25.486246,24.61949,369.2782689,0.175677605,0.108114804,1.624917198,0.104180203,0.19201037
 Nab1,ENSMUSG00000002881.15,14.9600835,9.643963167,9.992003,18.707386,17.559173,13.581772,9.234384,9.87249,9.959564,8.778025,10.115861,9.903455,433.1554101,-0.31383675,0.104016233,-3.017190129,0.002551297,0.010068444
 Adgre5,ENSMUSG00000002885.15,46.504422,32.77354167,33.541562,57.38243,54.153468,40.940228,26.613593,32.851908,36.041342,32.963195,33.030315,35.140897,1024.326583,-0.137904554,0.08145909,-1.692930205,0.090468753,0.171788392
 Il17ra,ENSMUSG00000002897.6,5.87304275,1.756401333,1.894155,7.11118,5.962619,8.524217,1.079074,1.409805,2.292971,1.793514,2.275415,1.687629,138.2904193,-1.486548334,0.297254508,-5.000927798,5.71E-07,1.46E-05
 Lamb1,ENSMUSG00000002900.18,51.683865,30.092697,42.42725,67.993961,61.137959,35.17629,24.810778,32.25638,33.202584,27.988214,29.304267,32.993959,2311.800878,-0.390658266,0.122942393,-3.177571669,0.00148514,0.006598048
 Kcnn1,ENSMUSG00000002908.19,8.58277525,8.934032333,9.699358,8.075523,8.735647,7.820573,7.879463,7.839902,12.381536,8.855693,8.091166,8.556434,200.4805936,0.407188394,0.156606929,2.600066271,0.009320576,0.027897366
 Arrdc2,ENSMUSG00000002910.12,16.4114305,24.36425967,14.841749,17.10275,12.204484,21.496739,20.849784,31.590366,20.901151,13.658664,34.094292,25.091301,342.0945601,0.57864218,0.24613247,2.350938008,0.018726153,0.049203081
 Cd36,ENSMUSG00000002944.16,711.692737,738.5890217,841.486965,626.910411,763.841331,614.532241,762.024799,726.727251,751.599674,708.908675,708.261832,774.011899,17918.69537,0.389037915,0.150479254,2.585325905,0.009728699,0.028879803
 Map2k7,ENSMUSG00000002948.20,27.19680325,25.4720925,24.183803,32.680747,26.694813,25.22785,22.894337,26.141031,25.471558,27.392433,27.565883,23.367313,928.8724581,0.229777865,0.075260676,3.053093307,0.002264955,0.009139317
 Timm44,ENSMUSG00000002949.16,54.5959135,59.50768367,56.670652,45.246328,58.661874,57.8048,53.601813,63.759972,63.694581,62.54586,62.174888,51.268988,1030.893404,0.477957198,0.12992466,3.67872579,0.000234402,0.001552337
 Ap2a2,ENSMUSG00000002957.12,30.3647805,22.41453317,22.624506,36.073418,34.763958,27.99724,19.121823,24.162264,24.500486,22.107493,22.693184,21.901949,1282.656934,-0.070298978,0.079227584,-0.887304325,0.374915078,0.507135619
 Pnkp,ENSMUSG00000002963.18,16.15069675,12.4263295,13.578143,17.286128,18.280969,15.457547,10.660081,13.134863,11.19521,10.885161,15.193367,13.489295,247.7670804,0.045110075,0.107198738,0.420807893,0.673895368,0.769545412
 Med25,ENSMUSG00000002968.10,43.12705475,41.605205,36.420483,47.717307,47.047695,41.322734,33.773384,43.715882,42.271347,46.615302,46.057359,37.197956,1061.41873,0.289491494,0.073513129,3.93795633,8.22E-05,0.000688199
 Bcam,ENSMUSG00000002980.15,132.0213458,134.4781703,113.982482,142.503271,140.710596,130.889034,123.260374,143.57457,138.33341,131.700842,142.723796,127.27603,3351.62871,0.367504261,0.069237156,5.307905207,1.11E-07,3.90E-06
 Clptm1,ENSMUSG00000002981.11,50.00946975,48.79253183,40.054875,58.842583,57.693036,43.447385,41.360714,48.287829,47.308264,53.978765,52.74532,49.074299,1604.886979,0.180231636,0.069946342,2.576712796,0.009974479,0.029469234
 Relb,ENSMUSG00000002983.19,10.4508635,4.507073,5.311363,14.572977,10.983348,10.935766,3.197066,5.131313,5.393573,4.199452,5.756188,3.364846,148.3932989,-0.80111164,0.218779052,-3.661738324,0.00025051,0.001631009
 Tomm40,ENSMUSG00000002984.18,58.86056425,65.44035317,54.682516,54.502141,68.118658,58.138942,55.831697,68.040789,72.872369,66.550715,70.223498,59.123051,955.0134725,0.498506092,0.111675361,4.463886092,8.05E-06,0.00011643
 Apoe,ENSMUSG00000002985.17,1646.657431,500.4067047,929.6566,2258.589156,2118.273873,1280.110095,284.500155,494.246133,572.719106,690.801617,553.252329,406.920888,7329.749242,-1.326498725,0.199274973,-6.656624775,2.80E-11,5.73E-09
 Hbp1,ENSMUSG00000002996.18,41.95298325,38.09833867,37.872886,47.51342,45.30469,37.120937,34.897326,39.941245,35.919704,39.180957,40.782954,37.867846,1102.951698,0.246807084,0.07397581,3.336321466,0.000848949,0.004241834
 Prkar2b,ENSMUSG00000002997.16,1.94776125,0.667652167,0.945883,1.679568,1.205645,3.959949,0.598811,0.807457,0.267194,0.922427,0.552134,0.85789,39.02728423,-1.392787757,0.447898148,-3.109608206,0.001873357,0.007876872
 Cdkn1b,ENSMUSG00000003031.15,19.1752845,14.64993517,17.800419,21.255247,19.208086,18.437386,15.050673,13.867812,14.130533,14.46137,14.644581,15.744642,498.3857756,-0.077569844,0.109701497,-0.707099233,0.479504813,0.606040357
 Klf4,ENSMUSG00000003032.9,23.73700225,17.66237267,16.261418,20.53947,36.400529,21.746592,15.819801,13.762702,23.95706,16.209504,17.401589,18.82358,615.3293842,0.015050542,0.175139066,0.085934807,0.931518242,0.955653862
 Ap1m1,ENSMUSG00000003033.16,29.86626225,24.53665533,25.292624,30.01911,33.888152,30.265163,21.735911,29.492302,27.864198,22.254364,26.313812,19.559345,491.8771215,0.074706999,0.115362454,0.647585034,0.51725338,0.640325191
 Rab8a,ENSMUSG00000003037.17,15.31948725,7.620201,10.148993,21.224134,16.024679,13.880143,4.412484,7.115817,5.751442,9.963523,10.771571,7.706369,334.5497898,-0.373689951,0.09689078,-3.856816415,0.000114873,0.000892431
 Hmgn2,ENSMUSG00000003038.16,76.5390705,64.03028167,78.921002,75.723441,71.715976,79.795863,70.636988,60.085224,59.17733,66.904325,63.39373,63.984093,799.3622977,0.070064849,0.134930661,0.519265584,0.60357555,0.714057888
 Fam32a,ENSMUSG00000003039.10,18.21052225,11.90501967,13.038506,25.647391,18.854844,15.301348,11.252907,12.290132,12.153593,11.797125,13.956651,9.97971,386.3484765,-0.238607203,0.112376305,-2.123287494,0.033729768,0.078745462
 Stard3nl,ENSMUSG00000003062.14,14.75512925,8.7241645,9.368573,21.143904,15.017143,13.490897,8.779005,8.108609,7.222304,9.497024,10.046984,8.691061,144.9748291,-0.363351135,0.137947936,-2.633972974,0.008439221,0.025781216
 Stk11,ENSMUSG00000003068.18,62.629097,62.569608,52.141199,68.936468,68.02359,61.415131,53.980303,64.029442,68.187262,65.090209,75.390985,48.739447,1453.413104,0.37216583,0.097577745,3.814044166,0.000136711,0.001024434
 Efna2,ENSMUSG00000003070.7,1.20910075,0.5254505,0.647804,1.80888,1.157623,1.222096,0.272016,0.338531,0.70311,0.84093,0.412914,0.585202,16.37292438,-0.82054091,0.377204193,-2.175322878,0.029605929,0.070891898
 Atp5f1d,ENSMUSG00000003072.16,688.640369,869.8941315,696.349115,596.525416,726.324775,735.36217,811.080026,901.168972,941.224035,867.58403,903.745578,794.562148,6456.802225,0.661549472,0.130933033,5.052578858,4.36E-07,1.19E-05
 Ppp5c,ENSMUSG00000003099.12,68.92668875,73.88674133,54.95326,57.505096,80.425308,82.823091,52.837878,103.983658,82.726145,83.623071,68.596414,51.553282,1163.788596,0.406178248,0.117951837,3.443594087,0.000574037,0.003108752
 Cdk12,ENSMUSG00000003119.15,8.64062875,5.099158667,7.278157,10.212896,8.857198,8.214264,4.700769,5.043577,5.455215,5.09695,4.93181,5.366631,314.8095817,-0.415064261,0.090047888,-4.609372527,4.04E-06,6.87E-05
 Lipe,ENSMUSG00000003123.16,28.46795375,24.51793483,22.828796,30.73996,26.808498,33.494561,21.61335,21.511692,26.034168,23.456513,29.680812,24.811074,740.5410544,0.144718768,0.122246061,1.183831745,0.236479673,0.361983485
 Pafah1b2,ENSMUSG00000003131.8,24.680104,15.23374333,19.509898,31.386678,29.048723,18.775117,11.90906,14.201573,15.146844,22.123193,16.618948,11.402842,486.1701083,-0.27166583,0.091125664,-2.981221954,0.002871006,0.011068877
 Tbc1d8,ENSMUSG00000003134.11,4.81950375,2.492670333,5.10028,5.808825,3.840408,4.528502,2.466837,2.286167,2.352118,2.873334,2.538966,2.4386,143.9027464,-0.377745564,0.131258902,-2.877866238,0.004003749,0.014384082
 Cnot11,ENSMUSG00000003135.16,8.58727025,7.410635,7.571146,8.893945,9.561915,8.322075,7.760841,6.326573,7.465326,9.116698,6.96104,6.833332,271.0781247,0.139207064,0.129444812,1.075416322,0.282188377,0.412073635
 Slc2a3,ENSMUSG00000003153.11,2.26546675,0.779525167,1.885811,2.945898,2.141584,2.088574,0.573656,0.548229,1.149701,0.933785,0.631616,0.840164,47.52681007,-1.01316678,0.295995818,-3.422909105,0.000619548,0.003299388
 Foxj2,ENSMUSG00000003154.17,14.04328325,11.6022505,12.119114,16.570261,14.925225,12.558533,10.495424,11.373716,13.178545,11.634267,11.368793,11.562758,729.635303,0.08321354,0.070943819,1.172949822,0.240815928,0.367034953
 Sri,ENSMUSG00000003161.16,83.54733675,53.75781717,62.463068,95.558475,98.943901,77.223903,41.48148,50.712678,66.460515,41.833322,67.573977,54.484931,579.8557151,-0.29681591,0.096914486,-3.062657843,0.002193807,0.00890156
 Dgcr2,ENSMUSG00000003166.21,25.88989275,21.24167167,23.177444,29.263962,27.688497,23.429668,20.537145,20.61272,23.442534,22.562984,19.466973,20.827674,952.4975438,0.113202522,0.079956044,1.415809448,0.156831303,0.264194223
 Irf3,ENSMUSG00000003184.16,43.3017675,34.1633375,33.374264,49.952103,46.741682,43.139021,30.466924,27.559829,36.169228,35.4353,41.029028,34.319716,365.5952961,-0.049222542,0.094123736,-0.522955673,0.601005101,0.712250009
 Bcl2l12,ENSMUSG00000003190.13,9.4651375,7.838500333,7.422874,10.501539,9.678293,10.257844,7.638177,7.856428,8.586552,5.689369,9.307801,7.952675,79.0670387,0.052525678,0.166130889,0.316170453,0.751873133,0.828349805
 Zfp959,ENSMUSG00000003198.11,3.1522775,2.027422,3.125773,4.070437,3.332607,2.080293,2.07746,1.994987,1.584513,2.141212,2.124277,2.242083,38.15269147,-0.129615147,0.225448434,-0.574921479,0.565344403,0.6829573
 Mpnd,ENSMUSG00000003199.17,35.6127485,35.37225467,29.466104,40.141385,38.238966,34.604539,33.643411,38.005703,37.885521,37.803412,37.253407,27.642074,573.4069729,0.374388741,0.101231709,3.698334682,0.000217019,0.001462337
 Sh3gl1,ENSMUSG00000003200.11,23.58860025,11.76364167,13.144847,38.662346,25.5867,16.960508,7.842946,9.993174,13.722252,12.325405,14.244221,12.453852,330.7547156,-0.600895933,0.203101477,-2.958599528,0.003090404,0.011750171
 Ebi3,ENSMUSG00000003206.8,3.203744,1.013575667,1.541245,4.459039,4.068915,2.745777,0.852716,0.501388,1.230047,1.439753,0.936535,1.121015,18.16727557,-1.266335225,0.353830086,-3.57893598,0.000344996,0.002077903
 Yju2,ENSMUSG00000003208.10,4.786641,3.830985333,3.595067,6.114285,4.53697,4.900242,3.721192,3.931244,4.646904,3.722631,3.058321,3.90562,66.60491517,0.040408523,0.192621006,0.209782534,0.833837405,0.888188641
 Ranbp2,ENSMUSG00000003226.8,15.23641075,11.10163633,13.085541,18.032003,15.344552,14.483547,11.372467,11.198245,10.978852,13.143001,8.924594,10.992659,1365.42268,-0.092289644,0.111925238,-0.82456509,0.409618548,0.541830913
 Grk5,ENSMUSG00000003228.10,12.43472475,6.644381833,8.032032,19.840492,13.100514,8.765861,5.870555,5.61744,6.186413,7.115697,8.269804,6.806382,605.1205925,-0.423230337,0.197795518,-2.13973674,0.032376048,0.076165946
 Dvl3,ENSMUSG00000003233.13,28.4215415,23.2123305,24.95512,31.914469,31.230916,25.585661,16.790097,24.814015,27.477966,24.427403,22.274355,23.490147,937.5229781,0.093612943,0.100134637,0.934870747,0.349854914,0.483415762
 Abcf3,ENSMUSG00000003234.17,27.16469275,25.994618,20.997943,28.075016,25.700628,33.885184,25.172064,28.509007,29.086347,28.033832,22.369238,22.79722,677.9459909,0.200843628,0.086436629,2.323593953,0.020147267,0.052067098
 Eif2b5,ENSMUSG00000003235.14,26.08551075,24.611633,21.984091,29.61285,26.470697,26.274405,22.006174,25.387706,26.109977,26.173123,24.121655,23.871163,674.1892942,0.26416681,0.078089621,3.3828671,0.000717333,0.003712146
 Cyth2,ENSMUSG00000003269.20,48.36747325,38.39939317,38.189222,57.908114,51.147998,46.224559,35.611156,40.876299,39.563546,34.300045,41.816387,38.228926,408.751837,0.017771444,0.083692115,0.212343109,0.831839366,0.88656475
 Car11,ENSMUSG00000003273.15,6.50035475,3.8073465,4.734357,8.715089,7.052746,5.499227,2.792193,5.944424,2.745948,3.358859,5.270221,2.732434,48.55240681,-0.283016332,0.225902823,-1.252823351,0.210270002,0.330669383
 Plag1,ENSMUSG00000003282.10,1.437612,1.163291667,1.067998,2.565822,0.870068,1.24656,1.552019,1.360868,1.105272,0.933807,0.730128,1.297656,57.34672784,0.61154196,0.264353351,2.313350516,0.020703375,0.053161092
 Hck,ENSMUSG00000003283.16,6.14379075,1.800488833,3.453139,7.172963,7.509868,6.439193,1.019708,1.137018,1.967114,2.781231,2.302409,1.595453,69.64081035,-1.404186068,0.26654639,-5.268073854,1.38E-07,4.66E-06
 Mrpl4,ENSMUSG00000003299.11,83.816139,95.0218665,78.649196,80.673611,83.772001,92.169748,79.906192,100.537798,109.188795,93.170574,99.541075,87.786765,1119.439392,0.503356591,0.12142567,4.14538861,3.39E-05,0.000354267
 Keap1,ENSMUSG00000003308.16,33.4903045,29.564724,29.377838,34.484914,39.954991,30.143475,25.681129,31.193796,33.018503,29.258813,31.538196,26.697907,1016.332317,0.168030029,0.083194469,2.019725958,0.043411821,0.096298039
 Glg1,ENSMUSG00000003316.15,50.64890175,38.57795217,43.980909,62.073783,58.336494,38.204421,32.113967,45.099451,43.899399,40.456623,30.011545,39.886728,3167.821474,-0.033654618,0.114792856,-0.293176937,0.769386911,0.841842116
 Btbd2,ENSMUSG00000003344.16,28.49679175,26.17795683,22.742436,33.180922,28.983483,29.080326,23.465856,30.828683,29.586636,23.612079,27.723524,21.850963,618.844609,0.254354356,0.098046385,2.594224726,0.00948045,0.028258079
 Csnk1g2,ENSMUSG00000003345.17,76.359584,61.6404245,58.752046,94.169379,81.751482,70.765429,55.103125,60.742194,67.132175,59.051595,68.687556,59.125902,1389.334664,0.0779486,0.07394151,1.054192694,0.291794704,0.422523632
 Abhd17a,ENSMUSG00000003346.15,50.4342925,38.5325815,36.430773,61.423286,57.455856,46.427255,33.580097,39.879197,40.12909,38.103596,45.647425,33.856084,601.7490879,-0.019904964,0.094674826,-0.210245582,0.833476005,0.887948019
 Mob3a,ENSMUSG00000003348.11,9.1681755,3.3958385,4.365718,12.246074,11.343557,8.717353,2.24208,3.518612,3.578896,4.132739,3.774925,3.127779,141.2981975,-0.899834178,0.197449363,-4.557290875,5.18E-06,8.20E-05
 Cacnb3,ENSMUSG00000003352.15,11.20331675,3.3585375,5.763884,15.552957,14.549634,8.946792,1.450745,1.94996,4.106192,4.549283,4.800308,3.294737,157.2917189,-1.348419765,0.296169111,-4.552871024,5.29E-06,8.34E-05
 Fkbp11,ENSMUSG00000003355.8,8.7697665,4.9413175,5.470008,8.487937,6.448843,14.672278,2.139059,4.697329,8.993538,3.644176,6.390284,3.783519,36.91505058,-0.507213936,0.406353578,-1.248208367,0.211954761,0.332759834
 Ddx23,ENSMUSG00000003360.16,36.87652825,32.977954,27.405672,46.319579,39.65385,34.127012,24.936665,34.734984,32.655221,29.404896,51.673348,24.46261,980.911692,0.1721625,0.105429826,1.632958221,0.102477784,0.189699694
 Pld3,ENSMUSG00000003363.16,40.4029525,18.189182,22.00264,67.411449,39.553831,32.64389,13.420158,18.836344,21.61102,18.027602,22.003422,15.236546,568.9688116,-0.713566921,0.181039259,-3.94150377,8.10E-05,0.000682898
 Grik5,ENSMUSG00000003378.10,5.2587485,3.960996667,3.902795,7.174691,6.137121,3.820387,3.516361,3.319509,4.043585,4.629395,5.002248,3.254882,161.3331707,-0.012385845,0.14226594,-0.087061208,0.93062286,0.955034312
 Rabac1,ENSMUSG00000003380.12,240.2646665,207.4718752,185.046172,281.522212,238.961676,255.528606,194.286861,210.870087,214.350915,206.348653,240.724599,178.250136,1588.514009,0.188916982,0.077432302,2.439769652,0.01469663,0.040388767
 Etv3,ENSMUSG00000003382.19,9.81247675,7.560203833,7.813505,11.373662,10.408283,9.654457,6.043048,8.104901,7.87984,8.487,7.520774,7.32566,469.3582173,-0.02188801,0.088792223,-0.246508192,0.805288864,0.86872301
 Prkcsh,ENSMUSG00000003402.15,46.398329,35.673428,36.317146,56.517284,46.893915,45.864971,34.166056,34.587232,36.72661,36.121322,37.522215,34.917133,811.0800966,-0.022159839,0.070226964,-0.315546022,0.752347114,0.82852615
 St8sia6,ENSMUSG00000003418.12,1.4817725,1.129495667,0.69672,1.508792,1.092567,2.629011,0.853907,0.643562,1.943199,1.748268,0.719127,0.868911,79.91894714,-0.154207639,0.199466898,-0.773098897,0.439463854,0.568401585
 Fcgrt,ENSMUSG00000003420.9,88.83988525,62.66561683,67.495594,101.803559,104.341408,81.71898,54.256068,63.043525,65.610453,62.758986,64.442393,65.882276,1174.821141,-0.136586688,0.070468887,-1.93825522,0.052592093,0.112332459
 Nosip,ENSMUSG00000003421.14,27.154636,24.86608117,20.890154,31.825788,31.12954,24.773062,24.471373,28.673418,23.838809,26.051007,26.065383,20.096497,362.8172247,0.124298325,0.084081671,1.478304657,0.139326252,0.23996288
 Pih1d1,ENSMUSG00000003423.16,44.10239075,36.816529,31.508039,48.334045,54.947597,41.619882,24.55134,34.237683,37.843604,47.351621,40.006525,36.908401,323.6196662,0.092782662,0.098053654,0.946243794,0.344024254,0.477623036
 Rps11,ENSMUSG00000003429.12,608.9239965,457.535458,469.437644,680.50423,601.474514,684.279598,401.509001,456.263115,468.490503,479.054707,532.060859,407.834563,2433.523008,-0.061753738,0.104650142,-0.59009703,0.5551256,0.673844488
 Supt5,ENSMUSG00000003435.10,41.85672225,36.25228483,33.177182,48.769617,45.932945,39.547145,28.532504,38.924603,38.769697,39.12993,38.707704,33.449271,1421.248495,0.127100721,0.079758128,1.593577045,0.111030799,0.201658766
 Paf1,ENSMUSG00000003437.15,36.389229,31.5306305,32.006149,43.584933,39.391778,30.574056,29.541954,28.178978,35.0183,31.248196,33.029438,32.166917,632.112417,0.186152102,0.074096385,2.512296676,0.01199482,0.034301574
 Timm50,ENSMUSG00000003438.18,35.23548525,37.9038195,34.203263,37.417385,36.605237,32.716056,34.780636,37.119722,42.140475,33.488344,38.750385,41.143355,529.0100842,0.471852122,0.118937826,3.967216632,7.27E-05,0.000629061
 Med29,ENSMUSG00000003444.9,13.76745325,13.37127383,10.556509,16.231164,17.197222,11.084918,12.780312,13.199697,13.621533,17.136075,12.86744,10.622586,161.5976486,0.325471696,0.146374422,2.223555804,0.026178345,0.064334031
 Bicd1,ENSMUSG00000003452.16,2.098815,0.918506167,0.702756,2.63734,3.412654,1.64251,0.657034,1.098399,0.907702,1.004913,0.892881,0.950108,79.44433603,-0.129269154,0.182552577,-0.708120124,0.478870664,0.605448478
 Ncstn,ENSMUSG00000003458.13,40.682022,29.22044083,34.480641,46.933272,42.878712,38.435463,25.145745,31.700884,31.892022,29.770745,29.750119,27.06313,916.4822742,-0.141871356,0.073419081,-1.932349926,0.05331633,0.113527835
 Pex19,ENSMUSG00000003464.14,69.08688425,74.70568783,73.541049,66.633129,70.507701,65.665658,74.467672,78.204213,80.354955,69.481789,70.398394,75.327104,1491.843809,0.451962962,0.120579827,3.748246894,0.000178075,0.001260859
 Phyhip,ENSMUSG00000003469.10,11.79950925,11.72309667,10.525196,13.895625,11.169577,11.607639,9.940216,14.389037,12.000599,12.190717,12.470831,9.34718,354.7939733,0.340552284,0.125523805,2.71304939,0.006666717,0.021409947
 Crhr2,ENSMUSG00000003476.17,13.34491475,17.27710783,15.075559,11.248168,13.516667,13.539265,15.386522,18.207621,16.942945,16.874101,21.076352,15.175106,385.7109027,0.719840916,0.182174001,3.95139215,7.77E-05,0.00066253
 Inmt,ENSMUSG00000003477.6,18.72634,13.065225,19.406264,9.974306,28.266448,17.258342,6.011656,18.86188,9.914089,24.443509,9.983335,9.176881,142.6276016,-0.207269635,0.373128868,-0.555490751,0.578559034,0.694440398
 Cyp4f18,ENSMUSG00000003484.5,3.863406,1.058860833,1.378874,3.410742,2.133055,8.530953,0.470407,1.700935,1.197963,1.089132,1.388731,0.505997,31.89484167,-1.964373489,0.503460681,-3.901741616,9.55E-05,0.000773109
 Impdh1,ENSMUSG00000003500.14,20.34222275,14.72168017,15.679205,26.475794,22.070431,17.143461,12.127918,12.737448,14.703723,15.412367,18.043997,15.304628,401.8234879,-0.118365606,0.092970024,-1.273158818,0.202961691,0.32191319
 Dusp3,ENSMUSG00000003518.14,51.1534545,45.78539583,38.997513,66.325788,55.260757,44.02976,38.376557,44.700239,51.46828,42.834818,50.92029,46.412191,1587.558246,0.021993239,0.080791385,0.27222258,0.785450881,0.853716972
 Prodh,ENSMUSG00000003526.13,19.01817475,24.66204817,20.603968,15.013155,19.143559,21.312017,15.402097,33.40082,24.14576,27.404099,26.274379,21.345134,485.0754304,0.695547635,0.226014402,3.077448283,0.002087811,0.00856836
 Ess2,ENSMUSG00000003527.10,8.39144725,5.805384667,5.361036,11.359489,8.052833,8.792431,4.893872,5.403534,5.433582,6.651798,8.247595,4.201927,151.3285944,0.037898111,0.142025429,0.266840317,0.789592111,0.856368638
 Slc25a1,ENSMUSG00000003528.16,12.54581125,5.233385833,7.227806,17.522877,12.205863,13.226699,4.160961,4.266612,6.16777,5.975498,5.791501,5.037973,119.5012933,-0.969242526,0.182842153,-5.300979624,1.15E-07,4.00E-06
 Dgcr6,ENSMUSG00000003531.16,29.171663,27.9123265,29.538311,28.986493,30.427457,27.734391,26.311194,30.689962,24.274432,27.877525,32.784671,25.536175,277.3955617,0.265922669,0.122134016,2.17730225,0.029458023,0.070632429
 Ddr1,ENSMUSG00000003534.18,21.95112875,13.23848417,14.088564,29.949968,24.106473,19.65951,10.691944,12.656663,14.249104,14.677901,14.20236,12.952933,574.7646863,-0.326047312,0.111944536,-2.912579072,0.003584574,0.013203887
 Ier3,ENSMUSG00000003541.7,38.7898265,30.309447,29.653521,50.453462,48.484144,26.568179,37.924056,22.530166,28.001938,31.128326,32.672179,29.600017,338.8850831,0.032274931,0.167520407,0.19266268,0.847223152,0.897463757
 Fosb,ENSMUSG00000003545.4,0.446606,0.232999,0.417358,0.484146,0.455052,0.429868,0.02601,0.250486,0.532113,0.14219,0.171434,0.275761,10.11422543,-0.532553551,0.526092239,-1.012281711,0.311403377,0.443807379
 Klc4,ENSMUSG00000003546.11,18.435156,16.754607,15.799158,20.769834,21.330751,15.840881,14.418748,19.881281,17.25023,15.40951,17.414732,16.153141,417.7956393,0.220947087,0.101514518,2.17650727,0.029517351,0.070722925
 Ercc1,ENSMUSG00000003549.10,28.0778875,20.52823217,31.594812,29.000913,32.645853,19.069972,16.403711,18.386467,21.488262,31.250137,22.702485,12.938331,194.6712714,0.21946256,0.168111432,1.305458868,0.191736644,0.307953488
 As3mt,ENSMUSG00000003559.9,28.34658325,36.23106067,29.787596,25.704334,25.35737,32.537033,39.264742,37.77436,33.521132,34.222015,36.590376,36.013739,580.3364611,0.679320598,0.156830022,4.331572418,1.48E-05,0.000186033
 Homer3,ENSMUSG00000003573.16,18.053855,11.4067745,10.129163,30.104919,20.038867,11.942471,6.368771,12.97524,10.711841,13.944821,13.53132,10.908654,244.3494683,-0.387669249,0.173288463,-2.237132479,0.025277683,0.062519213
 Crtc1,ENSMUSG00000003575.14,7.231892,4.462069167,4.645219,9.254607,9.603104,5.424638,3.862385,4.275255,5.194547,5.38256,4.399035,3.658633,331.298739,-0.146508061,0.130961132,-1.118714072,0.26326214,0.39100993
 Rnf215,ENSMUSG00000003581.15,14.43128675,10.146239,11.006996,19.889317,15.236312,11.592522,10.401839,9.336061,10.965509,9.59693,11.888264,8.688831,185.1496237,-0.120541125,0.127295959,-0.946935991,0.343671397,0.477185859
 Sec14l2,ENSMUSG00000003585.14,1.15571625,0.522367333,0.694476,2.120877,0.879663,0.927849,0.357853,0.800493,0.321681,0.429938,0.800807,0.423432,19.359211,-0.845256702,0.370824419,-2.279398706,0.022643375,0.057323561
 Aven,ENSMUSG00000003604.15,9.12820925,9.268754,7.374404,12.241485,9.53187,7.365078,9.367078,8.810129,8.567027,10.10552,9.882829,8.879941,185.6301719,0.339355349,0.106497854,3.186499425,0.001440058,0.006466486
 Cp,ENSMUSG00000003617.17,39.0271585,28.62730633,38.61751,48.163859,33.156715,36.17055,30.321794,30.37889,30.792084,26.68522,22.60929,30.97656,1301.529901,-0.151778075,0.139412864,-1.088694908,0.276288448,0.405945785
 Crot,ENSMUSG00000003623.5,16.19226925,13.76842017,14.71602,18.225511,17.061243,14.766303,15.308098,13.828244,12.669053,12.849144,13.83963,14.116352,465.450389,0.113743012,0.094590388,1.202479593,0.229177768,0.35378137
 Rps6ka1,ENSMUSG00000003644.18,9.356962,4.291783,5.79561,11.115266,11.804319,8.712653,2.420684,4.447936,4.536146,5.984766,4.868746,3.49242,176.5989221,-0.858483499,0.179619853,-4.779446622,1.76E-06,3.66E-05
 Snrnp200,ENSMUSG00000003660.11,27.51486575,22.7881285,23.813714,32.083843,29.346816,24.81509,19.233985,24.570228,24.737843,24.618686,23.002243,20.565786,1769.068791,0.105666107,0.079420057,1.3304713,0.183363036,0.297162848
 Ciao1,ENSMUSG00000003662.11,28.87478575,26.09529,25.130562,26.486381,34.968014,28.914186,21.595185,25.83389,30.993122,25.990941,36.10494,16.053662,414.7285715,0.099274643,0.100389191,0.988897735,0.322713179,0.455419288
 Has1,ENSMUSG00000003665.8,1.4259265,0.295198667,0.495682,1.086916,1.474167,2.646941,0.046224,0.104662,0.715583,0.252155,0.325045,0.327523,16.53057817,-1.883717046,0.604971242,-3.1137299,0.001847385,0.007797691
 Taf6l,ENSMUSG00000003680.17,3.93368225,3.8819485,3.876604,4.323831,3.709438,3.824856,2.891258,4.623625,3.788782,3.643647,4.0829,4.261479,71.91966272,0.169103243,0.172405354,0.980846818,0.326668286,0.45939611
 Insig2,ENSMUSG00000003721.15,39.9186985,34.61837233,31.588035,42.663578,40.798077,44.625104,31.393597,41.625174,49.712829,24.141248,32.163963,28.673423,658.9164468,0.264519591,0.074434892,3.553704229,0.000379846,0.002251589
 Kpna6,ENSMUSG00000003731.14,22.045386,18.49672333,21.24956,21.582517,27.673569,17.675898,16.92452,18.02964,19.786101,20.118411,17.123035,18.998633,1070.479241,0.155297382,0.090382167,1.718230342,0.085754609,0.164505256
 Man1a,ENSMUSG00000003746.17,22.51803975,12.14543617,17.557437,25.363676,25.29426,21.856786,9.529341,11.70845,14.603784,14.133129,11.7722,11.125713,724.9655369,-0.6103582,0.101185978,-6.032043273,1.62E-09,1.41E-07
 Itpkc,ENSMUSG00000003752.10,4.3446525,3.530222833,3.053371,5.630951,5.182284,3.512004,2.112796,3.344142,3.612124,4.677603,4.037757,3.396915,119.8847542,-0.114022888,0.15824845,-0.720530837,0.47119822,0.598345497
 Coq8b,ENSMUSG00000003762.14,8.513354,4.6729545,5.07126,12.371289,10.029204,6.581663,3.698423,5.288501,4.75846,3.99949,5.14768,5.145173,127.8268359,-0.374454732,0.15496171,-2.416433913,0.015673371,0.042530215
 Brd8,ENSMUSG00000003778.15,13.276964,9.7552505,9.330394,16.736002,13.882825,13.158635,9.821674,9.034274,9.441836,10.042262,10.38906,9.802397,428.4634364,-0.101826477,0.091505907,-1.112785835,0.26580042,0.393891939
 Kif20a,ENSMUSG00000003779.17,3.8900815,2.158491333,3.28519,4.994588,4.89562,2.384928,1.541347,1.915672,2.258056,2.283497,2.524502,2.427874,104.6159929,-0.500037806,0.17973146,-2.782138454,0.0054002,0.018087513
 Farsa,ENSMUSG00000003808.19,15.12616925,14.113481,12.96649,15.845374,16.081049,15.611764,13.31391,14.335378,13.235454,13.986985,15.816594,13.992565,266.7578764,0.222386584,0.098800766,2.250858897,0.024394476,0.060793687
 Gcdh,ENSMUSG00000003809.15,31.6682845,35.45582467,32.041062,22.687734,36.791208,35.153134,31.684579,34.904379,37.336075,41.222695,34.228994,33.358226,702.0741453,0.525884035,0.162685615,3.23251712,0.001227048,0.0057088
 Mast2,ENSMUSG00000003810.15,60.73769075,66.342341,63.878804,61.378674,62.886338,54.806947,62.504202,70.250233,69.403122,63.780549,67.953109,64.162831,3191.667496,0.447900984,0.079273479,5.650073491,1.60E-08,8.55E-07
 Dnase2a,ENSMUSG00000003812.14,10.1868095,5.584321,5.558209,13.341535,10.402955,11.444539,3.763723,7.037311,4.815796,8.466673,5.017225,4.405198,124.6087153,-0.579250063,0.197775429,-2.928827234,0.003402435,0.01267187
 Rad23a,ENSMUSG00000003813.16,48.51181225,50.172492,40.739602,51.040146,52.984422,49.283079,49.29293,53.340214,47.648886,52.610043,48.632917,49.509962,807.207787,0.362262433,0.089799107,4.034142952,5.48E-05,0.000509748
 Calr,ENSMUSG00000003814.9,175.6789633,143.4563822,147.017494,201.480893,182.770183,171.447283,157.436886,122.799815,151.730931,141.780604,146.105947,140.88411,3233.619169,0.001150841,0.077648387,0.014821179,0.988174843,0.992567405
 Syce2,ENSMUSG00000003824.13,2.06212475,0.4861545,1.400202,1.992064,1.89072,2.965513,0.654054,0.13321,0.450514,0.563497,0.667946,0.447706,8.24101441,-0.74939698,0.516807061,-1.450051744,0.14704409,0.250671156
 Nfat5,ENSMUSG00000003847.17,15.524943,10.475398,11.095593,19.512099,16.561893,14.930187,8.194517,8.069342,9.625243,14.077127,14.382995,8.503164,1387.81094,-0.280471409,0.101476863,-2.76389514,0.005711589,0.018913358
 Nob1,ENSMUSG00000003848.15,17.1881775,15.8018825,13.954265,20.165169,20.41201,14.221266,17.290095,17.281664,14.183025,13.631892,16.932485,15.492134,267.8436448,0.197142759,0.108937405,1.8096884,0.070344122,0.141313622
 Nqo1,ENSMUSG00000003849.9,27.47017225,26.82206567,25.52184,35.644099,29.287292,19.427458,29.175994,22.029682,24.397621,27.197432,31.473589,26.658076,409.8141052,0.335129212,0.132509588,2.529094058,0.011435738,0.032932713
 Gys1,ENSMUSG00000003865.17,51.479831,57.69396283,53.215735,51.944261,51.033528,49.7258,49.34973,57.867962,65.379734,56.933257,57.787394,58.8457,2163.951008,0.491096471,0.106729223,4.60133089,4.20E-06,7.04E-05
 Ruvbl2,ENSMUSG00000003868.15,15.126333,14.99541983,11.948972,16.308876,15.830187,16.417297,13.296808,15.115937,15.310524,14.646687,16.314092,15.288471,310.3429843,0.323422562,0.105064823,3.078314454,0.002081751,0.008554589
 Bax,ENSMUSG00000003873.12,45.60135375,26.66055767,28.41914,59.077934,57.455417,37.452924,22.633542,20.677101,31.625972,27.520413,32.025511,25.480807,250.6038545,-0.37638038,0.164722832,-2.284931454,0.022316847,0.056598011
 Il7r,ENSMUSG00000003882.6,0.778213,0.071493667,0.213154,1.408905,0.384917,1.105876,0.077626,0.055783,0.085305,0.028499,0.097632,0.084117,11.04172064,-3.072737205,0.623358923,-4.929322564,8.25E-07,1.96E-05
 Tfam,ENSMUSG00000003923.15,22.80362825,24.20100367,24.363537,24.577358,22.638027,19.635591,28.778943,20.440464,19.325102,28.583767,19.377133,28.700613,427.989815,0.371245893,0.113149195,3.281029923,0.001034288,0.004978823
 Zfp81,ENSMUSG00000003929.12,1.92898975,1.313773,1.641569,2.311651,2.850981,0.911758,0.984908,1.686939,1.354924,0.934174,1.167865,1.753828,75.53619081,-0.101457519,0.199590587,-0.508328176,0.611223214,0.71986803
 Efnb3,ENSMUSG00000003934.6,15.8262785,25.93439733,22.40103,6.744075,10.45715,23.702859,32.487889,24.996361,31.438567,27.544248,17.434009,21.70531,786.8345344,0.967341264,0.445431131,2.171696582,0.029878556,0.071474253
 Mmd,ENSMUSG00000003948.18,16.285119,13.61095317,14.91529,17.754126,17.731716,14.739344,15.816578,8.123402,13.372013,12.415416,16.901477,15.036833,406.930625,0.090423315,0.176379109,0.512664542,0.608185997,0.717774486
 Hlf,ENSMUSG00000003949.17,10.8042265,10.5353705,10.451742,9.720472,11.78025,11.264442,11.581126,14.880735,8.722427,11.058231,6.758838,10.210866,540.5491585,0.377529728,0.186650563,2.022655183,0.043108711,0.095743562
 Fam162a,ENSMUSG00000003955.9,132.6736483,130.0894252,133.711888,142.658674,135.203132,119.120899,118.356633,138.92227,119.478532,130.45779,146.866578,126.454748,675.4652259,0.292040217,0.099892676,2.92353983,0.003460759,0.012838017
 Rpl8,ENSMUSG00000003970.10,588.9884193,479.3339233,475.640517,607.767213,610.4703,662.075647,438.372688,506.967286,532.481088,480.756202,544.973548,372.452728,3628.417824,0.047119269,0.124325208,0.379000121,0.704687774,0.793507903
 Ssbp2,ENSMUSG00000003992.16,28.76142075,22.52463083,25.471217,34.081218,30.866351,24.626897,24.177265,23.736276,21.166177,25.411834,21.155933,19.5003,343.9641249,0.034987955,0.108158256,0.323488526,0.746325296,0.824247015
 Fancl,ENSMUSG00000004018.10,2.59633225,2.332670833,2.427204,2.840129,2.474997,2.642999,2.139051,2.398155,2.387258,3.543834,1.48435,2.043377,60.13879365,-0.07082757,0.209176792,-0.338601471,0.734909974,0.815912258
 Gstm5,ENSMUSG00000004032.11,37.065664,37.70395567,38.727067,40.507996,37.729284,31.298309,34.099634,43.216396,32.368923,36.365559,41.635921,38.537301,304.6417366,0.369185694,0.12867275,2.869183219,0.004115333,0.014704351
 Gstm7,ENSMUSG00000004035.13,26.85426775,31.75362683,30.865147,15.026599,25.548231,35.977094,33.113892,36.389664,33.941475,32.321425,25.739131,29.016174,337.9465297,0.664002721,0.233351203,2.845508029,0.004434064,0.015571502
 Stat3,ENSMUSG00000004040.17,65.54532775,45.9551785,51.984241,77.761774,82.008084,50.427212,41.567014,40.414478,50.627484,47.680703,51.024521,44.416871,2382.381204,-0.131440445,0.095817907,-1.371773289,0.170134025,0.280969825
 Stat5a,ENSMUSG00000004043.15,9.97648725,10.56822017,8.024943,12.327838,9.298705,10.254463,7.996708,12.699955,12.721561,9.263045,11.173043,9.555009,365.8043797,0.328549018,0.102361206,3.209702496,0.001328724,0.006086774
 Cavin1,ENSMUSG00000004044.10,109.2914305,84.63853867,86.61902,123.366425,126.635141,100.545136,75.069433,84.727138,87.782828,80.363183,90.511817,89.376833,3390.202073,-0.05062094,0.064166835,-0.788895694,0.430172972,0.560589338
 Map3k11,ENSMUSG00000004054.10,20.69618475,15.73539733,16.943206,21.995251,25.931569,17.914713,11.37951,16.614813,17.806825,14.88281,18.539584,15.188842,665.1404325,-0.025665708,0.116228525,-0.220821076,0.825231752,0.882752803
 Akt2,ENSMUSG00000004056.17,70.65186375,71.2282355,65.549419,67.820981,74.156279,75.080776,66.385609,74.999676,72.032872,77.443539,70.556251,65.951466,2374.276122,0.361173884,0.113562519,3.180396919,0.001470735,0.006553867
 Dnaja3,ENSMUSG00000004069.18,64.91479925,76.81785533,67.996575,55.538548,68.76633,67.357744,69.55624,79.464041,80.818848,77.075293,80.168063,73.824647,1953.898311,0.56006649,0.134040388,4.178341305,2.94E-05,0.000317008
 Hmox2,ENSMUSG00000004070.16,48.79155325,46.12512833,42.29163,49.776048,60.614957,42.483578,36.970053,50.196478,50.330604,41.31479,54.312316,43.626529,633.7859441,0.195602051,0.103268218,1.894116648,0.058209529,0.121784709
 Cdip1,ENSMUSG00000004071.14,29.73901175,30.02504967,31.393383,27.483311,31.94627,28.133083,30.417721,32.952541,31.017585,27.401218,30.735375,27.625858,901.826146,0.330253656,0.125554242,2.630366385,0.008529289,0.026002527
 Map3k20,ENSMUSG00000004085.15,42.0206125,43.55956233,45.081114,47.65412,40.181384,35.165832,40.898025,43.041968,42.884504,43.643259,37.003116,53.886502,2722.50907,0.372963545,0.101040185,3.691239744,0.000223164,0.00149376
 Cwc15,ENSMUSG00000004096.10,50.470849,43.532029,51.548784,50.92691,52.420988,46.986714,46.463693,40.645713,40.634244,45.641993,48.117749,39.688782,396.5611545,0.133544517,0.124998007,1.068373166,0.285352216,0.415653858
 Col5a3,ENSMUSG00000004098.8,16.961582,5.505780167,7.959427,27.011009,19.264099,13.611793,3.086617,4.582501,5.74016,7.341176,6.621487,5.66274,623.6055574,-1.224638878,0.235189044,-5.207040494,1.92E-07,6.22E-06
 Dnmt1,ENSMUSG00000004099.17,9.94027375,6.6247385,6.599266,11.616386,12.173017,9.372426,5.889837,5.829132,6.703529,6.605344,7.044035,7.676554,438.6314568,-0.213295082,0.104395972,-2.043135175,0.041039059,0.092146517
 Ppan,ENSMUSG00000004100.13,9.08560075,5.915762,4.560998,9.835328,8.670132,13.275945,5.396573,4.61108,6.869289,6.109375,6.606649,5.901606,114.2762887,-0.196321214,0.184841171,-1.062107605,0.288186838,0.41905877
 Angptl2,ENSMUSG00000004105.9,70.54663125,40.40082783,44.947497,109.075768,79.641855,48.521405,32.203608,45.861101,39.04833,45.050304,43.971498,36.270126,1778.390003,-0.41571828,0.154450909,-2.691588435,0.007111264,0.022512132
 Trmt10a,ENSMUSG00000004127.13,1.9367345,1.075777333,1.588356,2.392932,1.720627,2.045023,0.586151,0.482733,1.070259,1.479126,1.56096,1.275435,38.84825435,-0.297872268,0.276131294,-1.078734191,0.280706239,0.410412312
 Etv1,ENSMUSG00000004151.18,4.30478925,3.6419895,2.11436,5.755831,5.245861,4.103105,5.442418,4.005237,3.177054,3.860806,2.704251,2.662171,185.1498147,0.217644206,0.230509703,0.944186742,0.345074229,0.478714323
 Kifc2,ENSMUSG00000004187.12,3.86534925,3.908029667,2.894155,4.006402,4.315398,4.245442,3.015729,4.177608,3.784483,4.641399,3.977905,3.851054,131.8861994,0.353045183,0.145023467,2.434400377,0.014916485,0.040847358
 Psap,ENSMUSG00000004207.16,748.3983233,657.8164923,676.679219,788.412523,776.659207,751.842344,603.852566,692.254522,719.153374,664.351168,644.562287,622.725037,19369.78584,0.158515696,0.082124471,1.930188328,0.053583507,0.113988052
 Ikbkg,ENSMUSG00000004221.17,17.63950625,14.20385367,15.634718,20.149716,22.154211,12.61938,12.100494,17.371412,12.075876,16.622431,14.053231,12.999678,546.7429721,0.127745883,0.080775925,1.581484617,0.113767274,0.205574781
 Wars2,ENSMUSG00000004233.15,3.3258505,2.677554833,2.367168,3.179658,4.209184,3.547392,2.643731,2.05647,3.500121,2.860037,2.088541,2.916429,118.5048577,0.167741992,0.147035746,1.140824567,0.253942935,0.381234376
 Atn1,ENSMUSG00000004263.16,26.2729435,18.33634567,20.183306,34.992761,27.41464,22.501067,15.378078,18.521772,19.758004,16.623479,19.759053,19.977688,1010.612964,-0.134797883,0.093738437,-1.438021448,0.150427969,0.255493901
 Phb2,ENSMUSG00000004264.18,176.9179995,191.6902883,177.470713,156.579823,187.216326,186.405136,170.675046,195.563142,201.649714,193.936078,211.978249,176.339501,2357.198549,0.438151773,0.126868993,3.453576493,0.000553205,0.003022222
 Ptpn6,ENSMUSG00000004266.16,18.1150935,3.954239,12.142316,17.20546,20.315054,22.797544,2.684722,2.587579,5.293228,6.580775,4.115248,2.463882,182.3941053,-1.635877113,0.316750645,-5.164558113,2.41E-07,7.56E-06
 Eno2,ENSMUSG00000004267.17,4.1263645,1.235637833,1.991149,6.71683,4.656834,3.140645,1.087355,0.976968,1.703384,1.388071,1.609942,0.648107,43.18830826,-1.442917456,0.320212769,-4.506120918,6.60E-06,0.000100151
 Emg1,ENSMUSG00000004268.12,43.90206075,42.54710683,34.954165,43.309727,45.415983,51.928368,40.772066,42.012655,44.667864,43.184175,44.489421,40.15646,442.5427892,0.378768099,0.109198335,3.468625226,0.000523129,0.002894246
 Lpcat3,ENSMUSG00000004270.14,27.52710825,24.8308675,25.448096,25.11185,32.243261,27.305226,22.432582,23.463545,24.772346,29.444093,26.02799,22.844649,558.4200885,0.22884075,0.103102465,2.219546836,0.026449545,0.06485458
 Atp6v1f,ENSMUSG00000004285.13,91.291803,77.14995417,77.496543,114.830417,91.214217,81.626035,70.161646,69.971167,86.228957,89.737539,88.76952,58.030896,430.8737961,0.121918534,0.119844757,1.017303863,0.3090089,0.44135469
 Clcn5,ENSMUSG00000004317.15,1.7269945,0.7314435,1.25188,2.150225,1.980845,1.525028,0.449087,0.604979,0.985204,0.995373,0.668596,0.685422,88.14004839,-0.900134236,0.170613731,-5.275860459,1.32E-07,4.51E-06
 Clcn3,ENSMUSG00000004319.16,10.40964875,9.749529667,10.262384,10.080559,9.177529,12.118123,10.282328,10.237896,9.996991,9.748294,8.403315,9.828354,583.3990244,0.24715225,0.152513184,1.620530396,0.10511839,0.193060766
 Hif3a,ENSMUSG00000004328.16,0.70587475,0.7666215,0.707164,0.686076,0.640576,0.789683,0.580563,1.244882,0.940075,0.590183,0.47081,0.773216,52.93533752,0.538889111,0.290537747,1.854798961,0.06362494,0.130373432
 Pde1c,ENSMUSG00000004347.18,19.75613875,16.70487733,18.959361,20.571837,22.475843,17.017514,13.595348,21.192329,15.022792,18.876644,15.004624,16.537527,981.692678,0.136098097,0.137191435,0.992030573,0.321182612,0.453992592
 Utp20,ENSMUSG00000004356.9,5.13777175,3.940642833,4.714378,5.972392,4.141457,5.72286,5.135068,3.584994,2.886375,3.456491,5.610854,2.970075,312.585397,0.106690149,0.107866274,0.989096454,0.322615952,0.455370401
 9330159F19Rik,ENSMUSG00000004360.10,0.54294925,0.260267167,0.136305,1.181225,0.242097,0.61217,0.284871,0.268163,0.126987,0.339422,0.170313,0.371847,13.60718481,-0.759873392,0.548340987,-1.385767998,0.165817757,0.275892792
 Cul3,ENSMUSG00000004364.15,57.825631,57.72682967,53.05485,51.324198,65.118105,61.805371,59.466547,58.104168,54.736599,58.877253,52.467102,62.709309,1617.107926,0.32077766,0.130600292,2.45617874,0.014042329,0.038941762
 Large1,ENSMUSG00000004383.19,28.334354,25.134865,25.833452,34.759261,30.067281,22.677422,22.15846,27.297658,27.424977,24.758447,26.704988,22.46466,1147.684413,0.178749886,0.07823923,2.284658035,0.022332887,0.056625037
 Ddx56,ENSMUSG00000004393.11,15.3338345,13.3073475,11.280175,18.754858,16.678812,14.621493,13.431832,11.993554,14.364898,13.219599,14.585095,12.249107,259.2567773,0.183543475,0.09621114,1.907715413,0.056428009,0.118859769
 Tmed4,ENSMUSG00000004394.13,54.11928675,51.25238217,48.775936,55.52382,60.999047,51.178344,44.086596,54.121531,55.131104,51.025284,53.81538,49.334398,1013.287791,0.230735538,0.087309668,2.642726094,0.008224154,0.02530293
 Bid,ENSMUSG00000004446.13,3.26023475,2.202701,2.792756,3.99924,3.04003,3.208913,2.322715,2.359486,1.966175,1.418408,2.777958,2.371464,64.48167332,-0.188221209,0.199526513,-0.943339337,0.345507361,0.479026414
 Ralb,ENSMUSG00000004451.15,21.81506375,14.46953933,15.862957,29.258085,25.214529,16.924684,12.862095,12.275313,15.562517,15.134403,16.562801,14.420107,399.5555509,-0.203752017,0.11317482,-1.800329936,0.071808557,0.143507616
 Ppp1cc,ENSMUSG00000004455.17,94.769324,73.772575,78.278343,102.670278,110.234305,87.89437,66.511869,74.571231,75.750395,75.805614,79.775914,70.220427,1630.232138,0.033851552,0.061114096,0.553907431,0.579642199,0.695294771
 Dnajb11,ENSMUSG00000004460.18,32.21441075,24.15580067,26.034206,38.92151,32.097782,31.804145,27.919774,20.620365,23.51216,23.411731,26.094316,23.376458,525.3915337,-0.055103148,0.108386636,-0.508394302,0.611176848,0.71986803
 Tbccd1,ENSMUSG00000004462.8,7.29614475,5.723813,4.772795,8.003213,8.606637,7.801934,3.986679,5.01485,7.81898,5.333405,6.238837,5.950127,130.3862824,-0.079458553,0.148013077,-0.536834678,0.591381816,0.705181519
 Clec11a,ENSMUSG00000004473.11,3.719232,0.53703,1.14842,8.271422,3.870217,1.586869,0.499532,0.166898,0.536082,1.057606,0.491886,0.470176,48.31242132,-2.320401014,0.480612332,-4.828009731,1.38E-06,2.96E-05
 Zfp324,ENSMUSG00000004500.10,2.089401,1.2222035,1.537415,2.952914,1.933516,1.933759,1.218781,0.669041,1.382011,1.394975,1.367195,1.301218,72.52865019,-0.405525607,0.206743344,-1.961492925,0.04982155,0.107838353
 Gab2,ENSMUSG00000004508.7,12.8388565,6.504120667,7.528239,21.166113,16.638522,6.022552,5.561712,6.914018,7.066998,6.262428,6.943526,6.276042,513.6320836,-0.520623686,0.204390363,-2.547202703,0.010859034,0.031570207
 Coro1c,ENSMUSG00000004530.13,24.2173685,13.23415933,16.56636,30.956725,29.420646,19.925743,9.648696,11.585835,13.941126,15.678123,15.336934,13.214242,615.1816489,-0.532509223,0.118169773,-4.506306543,6.60E-06,0.000100151
 Tax1bp1,ENSMUSG00000004535.13,43.6539945,37.45641633,38.544552,51.477231,47.283884,37.310311,38.211467,35.811758,39.798696,36.241243,37.480054,37.19528,1393.478044,0.123789193,0.068579741,1.805040247,0.071068384,0.142375764
 Ndrg2,ENSMUSG00000004558.16,791.8003513,859.4064468,778.015785,788.176423,824.01927,776.989927,777.351734,912.969194,904.458096,915.845524,867.458246,778.355887,15780.70569,0.499044917,0.099450026,5.018047098,5.22E-07,1.37E-05
 Mettl17,ENSMUSG00000004561.15,12.159856,10.39887267,12.578554,12.635458,10.822916,12.602496,10.212553,10.758808,9.25023,10.617591,9.417541,12.136513,180.0340678,0.13915703,0.152801884,0.910702313,0.362452245,0.495804104
 Arhgef40,ENSMUSG00000004562.17,49.71496175,19.87172017,24.790115,79.344881,61.55468,33.170171,14.680147,16.653667,24.495131,18.739016,25.18819,19.47417,807.7777853,-0.832064909,0.240158832,-3.464644227,0.000530933,0.002927393
 Pnpla6,ENSMUSG00000004565.16,14.97906275,10.15299667,7.049807,19.329556,19.286034,14.250854,8.547577,9.285243,14.206101,6.729458,11.005436,11.144165,271.8017154,-0.342093004,0.151100669,-2.264007212,0.023573671,0.059209761
 Mcoln1,ENSMUSG00000004567.17,30.6094535,21.29057833,25.47236,38.172227,30.705321,28.087906,17.41437,22.201409,22.289029,21.59901,26.489756,17.749896,425.7931006,-0.11637731,0.104130544,-1.117609746,0.263733705,0.391626324
 Arhgef18,ENSMUSG00000004568.14,9.9954525,6.662257333,7.059926,9.819066,9.217108,13.88571,7.598346,5.859035,6.884452,6.392617,7.083242,6.155852,439.0989641,-0.332406706,0.193651195,-1.716522878,0.086066384,0.164886132
 Pkn2,ENSMUSG00000004591.17,14.42302275,10.07414467,12.220851,16.239039,16.745085,12.487116,9.960719,9.817807,10.725982,10.993029,8.151793,10.795538,622.6613221,-0.163327064,0.110339064,-1.48022884,0.138812186,0.239274945
 Cd33,ENSMUSG00000004609.12,5.59619575,2.089646167,3.370091,6.832341,8.620164,3.562187,1.769185,2.162378,2.566503,2.795379,1.771062,1.47337,136.4278806,-0.894723473,0.180330406,-4.961578552,6.99E-07,1.74E-05
 Etfb,ENSMUSG00000004610.5,589.1054388,872.8909415,657.808717,402.671924,581.728235,714.212879,855.256799,938.423517,916.69833,919.838503,866.250353,740.878147,5232.744027,0.763943928,0.200722804,3.805964806,0.000141252,0.001052319
 Stxbp2,ENSMUSG00000004626.15,10.62364725,4.076057167,4.5316,10.649643,10.852569,16.460777,3.072633,2.715892,4.851387,6.454424,4.255873,3.106134,88.69862931,-1.102006649,0.298356322,-3.693592423,0.000221108,0.001484551
 Sgce,ENSMUSG00000004631.16,18.01944675,10.17841317,9.689594,28.486609,19.888031,14.013553,8.028738,10.272607,11.186499,10.145124,10.144791,11.29272,209.8344575,-0.416055683,0.182651236,-2.277869514,0.022734353,0.057487253
 Chn2,ENSMUSG00000004633.18,2.0564975,1.0027165,1.206691,2.461257,3.12632,1.431722,1.054762,0.669894,1.108714,1.094171,1.245306,0.843452,35.03861944,-0.471894001,0.227921017,-2.070427766,0.038412304,0.087412576
 Wwox,ENSMUSG00000004637.16,3.78680525,2.900167333,2.639174,3.646712,5.691553,3.169782,1.949964,3.193786,3.070593,3.384962,3.147765,2.653934,79.41983044,0.019130467,0.221139148,0.086508732,0.931062015,0.955335377
 Slbp,ENSMUSG00000004642.14,9.81525,6.770937,7.477963,12.503498,10.382977,8.896562,6.283828,7.090607,5.973171,8.25932,7.482999,5.535697,137.3046308,-0.146531247,0.132080477,-1.109408821,0.267253859,0.395419855
 Aqp1,ENSMUSG00000004655.6,134.9221823,153.2801255,141.508758,96.597556,147.82028,153.762135,131.051844,202.623828,156.453254,148.734513,122.610634,158.20668,4122.310465,0.496869084,0.201483906,2.4660485,0.013661284,0.038110852
 Arid3b,ENSMUSG00000004661.16,2.14334875,1.552841333,1.551102,1.918805,1.642833,3.460655,2.014451,1.167817,1.468116,1.35689,1.841266,1.468508,67.24134471,-0.189028552,0.29499138,-0.640793477,0.521656872,0.64376977
 Cnn2,ENSMUSG00000004665.11,38.01420325,21.04348383,27.172634,53.354673,37.336626,34.19288,17.122279,16.802184,24.163297,23.032768,24.316224,20.824151,685.2193444,-0.477306754,0.125317916,-3.808767099,0.000139661,0.001041777
 Polr2e,ENSMUSG00000004667.19,73.2661365,76.5432005,57.675979,78.822405,82.083259,74.482903,61.759695,86.788856,80.265877,81.536644,83.462764,65.445367,799.3947005,0.417829859,0.106753806,3.913957486,9.08E-05,0.000746529
 Myo9b,ENSMUSG00000004677.19,17.65775175,10.1004165,11.952555,24.438862,20.815281,13.424309,7.96026,10.28347,11.228658,10.105761,12.01889,9.00546,1032.218286,-0.418515885,0.129060404,-3.242790744,0.001183651,0.005542312
 Hdac9,ENSMUSG00000004698.12,8.75501175,8.274565833,8.258998,9.557827,9.244141,7.959081,8.66551,8.3814,9.17714,8.01078,7.835418,7.577147,329.4046373,0.366928696,0.114974288,3.191397845,0.001415862,0.006387705
 Ly9,ENSMUSG00000004707.15,5.089048,0.626802167,3.01416,7.244497,4.269333,5.828202,0.152867,0.286525,0.807852,0.971357,1.009711,0.532501,52.69707298,-2.712226609,0.376708886,-7.199794608,6.03E-13,2.39E-10
 Cd244a,ENSMUSG00000004709.15,0.57012575,0.1200505,0.244361,0.777622,0.780471,0.478049,0.034173,0.083951,0.199258,0.21215,0.080493,0.110278,9.038809331,-1.916294887,0.577132505,-3.32037248,0.000898974,0.004449379
 Adgre1,ENSMUSG00000004730.16,24.9229265,7.092216833,14.882334,32.633439,39.802278,12.373655,5.892511,7.322754,6.875998,10.761783,6.67294,5.027315,400.0459597,-1.45310001,0.241397417,-6.019534209,1.75E-09,1.48E-07
 Mtfp1,ENSMUSG00000004748.6,76.24495675,103.9095612,89.466831,51.386013,74.752634,89.374349,108.509016,106.973425,115.324322,100.879462,100.088336,91.682806,1274.275282,0.748343519,0.206139476,3.630277582,0.000283117,0.00178912
 Rab23,ENSMUSG00000004768.15,7.78471075,4.841068167,4.830751,12.099647,8.911702,5.296743,3.244322,5.316895,6.278183,4.267295,5.735342,4.204372,148.223907,-0.624791964,0.19750533,-3.163418244,0.001559281,0.006848506
 Rab11a,ENSMUSG00000004771.13,75.4976675,59.33993317,60.577111,85.920078,90.590844,64.902637,47.433165,48.659953,63.521154,62.275678,69.891952,64.257697,821.6855456,0.061185284,0.083801428,0.730122214,0.465315484,0.593116586
 Eif2b2,ENSMUSG00000004788.12,33.667007,21.250985,21.077827,31.872095,35.743133,45.974973,18.50315,22.085363,28.909475,19.222995,21.367251,17.417676,326.3718027,0.085668314,0.129788061,0.660063135,0.509213315,0.63308807
 Dlst,ENSMUSG00000004789.11,253.5981148,313.1563878,272.614551,203.686562,269.363948,268.727398,285.25483,330.533302,344.59417,310.841352,308.016073,299.6986,8474.541169,0.632541888,0.153637174,4.117114835,3.84E-05,0.000386476
 Pgf,ENSMUSG00000004791.8,6.3460615,5.6495605,5.532424,6.706837,7.061516,6.083469,4.497445,6.359507,6.058282,5.030274,7.05428,4.897575,88.05784191,0.190299806,0.157099544,1.211332646,0.225767942,0.34967084
 Ulk2,ENSMUSG00000004798.15,25.51680625,22.21102033,23.425018,30.259552,26.848715,21.53394,18.007388,23.725884,24.214284,21.542018,22.676089,23.100459,1271.737226,0.132349319,0.081848926,1.616995192,0.105879319,0.194158997
 Dgkq,ENSMUSG00000004815.13,7.7870535,6.485490167,6.681252,8.65191,9.594878,6.220174,5.893556,7.336744,5.804966,7.811691,8.231576,3.834408,244.838714,-0.010959458,0.142273703,-0.077030804,0.938599039,0.959049884
 Grap,ENSMUSG00000004837.3,11.925682,7.333957333,7.15145,12.203714,13.87143,14.476134,5.987078,7.014776,8.031554,7.180876,8.698907,7.090553,146.312274,-0.345726818,0.177398256,-1.948873827,0.051310494,0.110169617
 Chmp2b,ENSMUSG00000004843.8,26.09483325,21.997225,23.677733,29.823808,28.02947,22.848322,21.78017,21.52507,21.452389,21.681329,23.813877,21.730515,442.618048,0.110899534,0.077003259,1.440192727,0.14981288,0.254662465
 Plod3,ENSMUSG00000004846.11,44.8200865,23.55098533,25.159365,61.88557,55.711474,36.523937,22.238674,18.612532,28.227967,17.645143,30.958809,23.622787,777.4450318,-0.576811641,0.166823797,-3.457610082,0.00054499,0.002983556
 Ap1s1,ENSMUSG00000004849.15,45.944126,33.63336133,41.351047,57.829948,57.026428,27.569081,30.756892,34.844953,26.978624,38.308025,37.051264,33.86041,327.6597469,-0.212426294,0.09872136,-2.151776408,0.031414969,0.074425991
 Srpk1,ENSMUSG00000004865.17,13.6612905,9.691788833,13.617461,16.316106,13.336099,11.375496,9.538889,7.823013,9.416104,10.015508,12.436365,8.920854,469.2506357,0.019124781,0.087895693,0.21758496,0.827752504,0.884013524
 Lbr,ENSMUSG00000004880.12,11.75881075,8.7207735,9.315971,12.339236,12.471218,12.908818,8.357615,9.419163,9.242807,7.810993,7.813503,9.68056,365.4413619,-0.041466058,0.124125348,-0.334065995,0.738329759,0.818084511
 Nes,ENSMUSG00000004891.17,13.8207135,9.0631875,10.782065,19.907961,16.377456,8.215372,8.459033,6.411492,10.178773,8.915001,9.700406,10.71442,703.1852642,-0.257485772,0.171736226,-1.499309598,0.133793334,0.232651643
 Prcc,ENSMUSG00000004895.10,24.43327275,22.2373565,22.877439,25.652073,24.050683,25.152896,20.294477,21.203356,20.855474,22.594532,25.356064,23.120236,497.6212973,0.204317203,0.102653654,1.990354898,0.046551855,0.102110227
 Mettl25b,ENSMUSG00000004896.17,7.297386,6.493902667,6.289013,7.36491,10.000375,5.535246,5.080863,6.698285,7.201123,7.977022,6.708239,5.297884,193.0478823,0.164776328,0.116226436,1.417718152,0.156273068,0.263389253
 Hdgf,ENSMUSG00000004897.18,73.15308875,66.60332583,66.924424,81.192322,70.860247,73.635362,69.311962,66.632236,61.157406,66.414341,70.42301,65.681,1373.948406,0.111762278,0.089144911,1.253714618,0.209945753,0.330399476
 Thop1,ENSMUSG00000004929.13,8.62362225,8.092663833,6.39788,10.306103,9.472706,8.3178,6.34398,8.638919,8.205251,8.121262,10.161025,7.085546,235.3234513,0.279203718,0.110738294,2.521293298,0.011692435,0.033590761
 Apba3,ENSMUSG00000004931.12,51.74484825,48.79462917,45.640129,53.676138,60.943782,46.719344,39.6714,55.294002,53.199837,47.924223,53.353353,43.32496,783.2189305,0.413185478,0.105171322,3.92868959,8.54E-05,0.000709368
 Matk,ENSMUSG00000004933.18,1.45255825,0.506850167,0.63324,1.513956,1.511973,2.151064,0.218144,0.410393,0.684137,0.747959,0.57754,0.402928,17.81084093,-1.008928858,0.382423603,-2.638249442,0.008333526,0.025560899
 Pias4,ENSMUSG00000004934.15,13.1044655,11.28223133,10.660279,13.266027,16.54709,11.944466,8.591648,11.103907,12.508109,11.575108,10.606951,13.307665,290.996414,0.087757022,0.104431763,0.840328844,0.400724033,0.532862133
 Map2k1,ENSMUSG00000004936.9,31.14498675,22.5626925,25.555385,40.038832,33.10161,25.88412,19.340678,22.770499,21.838167,23.66405,25.061984,22.700777,627.7004818,-0.0947168,0.080942094,-1.170179759,0.241928637,0.368131512
 Sgta,ENSMUSG00000004937.7,64.871269,60.91443233,58.193417,66.840365,70.895508,63.555786,48.057285,61.613447,68.752651,63.468262,65.783229,57.81172,1151.197065,0.222519637,0.098328978,2.263011785,0.023634963,0.059329596
 Nmrk2,ENSMUSG00000004939.8,12.811386,6.872112,5.480952,33.567578,8.612634,3.58438,3.724159,5.668153,8.243231,5.220098,12.368101,6.00893,157.9859507,-0.418836563,0.555342779,-0.754194668,0.450732339,0.579487741
 Tmem242,ENSMUSG00000004945.16,66.441734,70.90667,60.559419,61.525914,68.614978,75.066625,72.573925,68.225945,66.686581,71.338831,74.701811,71.912927,566.8221801,0.429334537,0.125058782,3.43306187,0.000596806,0.003203005
 Dtx2,ENSMUSG00000004947.16,5.613747,4.223022833,3.167827,5.871984,7.527189,5.887988,3.747051,3.9845,4.537515,4.316648,5.033832,3.718591,128.4664753,-0.046533372,0.165669331,-0.280881029,0.778801652,0.84831902
 Hspb1,ENSMUSG00000004951.11,404.517383,415.3309608,296.885559,607.073186,390.259098,323.851689,357.373312,390.784872,430.902071,312.331807,633.140449,367.453254,3099.814035,0.422486595,0.174536521,2.420620012,0.015494064,0.042138452
 Rasa4,ENSMUSG00000004952.14,16.48088775,6.989629333,11.693212,25.531144,15.817691,12.881504,5.029142,5.03424,8.829829,8.855805,8.986591,5.202169,241.5771369,-0.870389368,0.241492626,-3.604206807,0.000313108,0.001936569
 Hnrnpa2b1,ENSMUSG00000004980.17,282.2371475,250.8814488,255.394798,290.701899,283.271195,299.580698,294.815105,225.623478,230.698111,244.71043,252.083398,257.358171,4055.742425,0.188939589,0.119346598,1.583116672,0.113394874,0.20509981
 Yju2b,ENSMUSG00000004994.13,7.31104725,4.551817167,5.617323,9.704794,9.298216,4.623856,3.50397,5.078758,4.85746,5.24357,4.566765,4.06038,68.12220062,-0.079265107,0.172720529,-0.458921167,0.646290778,0.747226948
 Mri1,ENSMUSG00000004996.10,8.103778,6.8199915,5.942578,9.067391,7.324031,10.081112,3.362373,7.388056,8.590459,7.111817,9.18489,5.282354,156.497197,0.098392934,0.20223072,0.48653802,0.626585756,0.731850926
 Prkacb,ENSMUSG00000005034.16,27.0836805,18.60942683,21.641029,31.202309,28.690784,26.8006,17.878865,17.45981,18.182026,19.015074,17.643772,21.477014,1000.25612,-0.102612439,0.082377451,-1.245637466,0.212897521,0.333999869
 Sgsh,ENSMUSG00000005043.14,6.668669,3.3295015,4.624152,8.534376,7.470241,6.045907,2.444781,3.557662,3.629884,3.71711,3.663399,2.964173,212.1536876,-0.630062287,0.127329222,-4.948292921,7.49E-07,1.82E-05
 Cstb,ENSMUSG00000005054.8,52.40728875,25.79206267,30.880396,67.544345,49.695809,61.508605,21.140755,23.888244,27.822723,24.690168,31.302142,25.908344,142.319427,-0.647537388,0.174903105,-3.70226353,0.000213684,0.001446565
 Sh2b2,ENSMUSG00000005057.14,1.81068975,0.292756333,0.63645,3.147264,2.077251,1.381794,0.100338,0.059296,0.482467,0.358225,0.360458,0.395754,22.92250343,-2.191957637,0.498703887,-4.395308906,1.11E-05,0.00014992
 Pex5,ENSMUSG00000005069.13,15.97017375,12.37194683,12.391429,18.822379,18.592221,14.074666,10.607078,12.829196,12.707274,12.388745,15.256971,10.442417,420.1674191,0.003237303,0.092749098,0.034903875,0.97215639,0.981971611
 Jkamp,ENSMUSG00000005078.17,16.65575425,13.9430605,14.386368,19.101109,18.975447,14.160093,16.174399,11.410873,11.759868,15.299919,15.091181,13.922123,223.2767864,0.14095319,0.117179677,1.202880855,0.22902243,0.353624878
 Cd44,ENSMUSG00000005087.18,9.94975575,3.597352667,5.525237,12.997708,10.597092,10.678986,2.444693,2.084641,3.784501,6.523806,3.90214,2.844335,233.8073755,-1.059531206,0.254672521,-4.160367211,3.18E-05,0.000336288
 Slc1a2,ENSMUSG00000005089.16,0.2954215,0.2206355,0.203003,0.35192,0.281322,0.345441,0.249892,0.268413,0.061431,0.192895,0.494771,0.056411,10.93746474,-0.100601657,0.434551082,-0.231507092,0.816920877,0.877354513
 Eif2ak4,ENSMUSG00000005102.14,4.3448705,2.675238833,2.903949,6.163493,4.753828,3.558212,2.420719,3.018033,2.808248,2.497871,2.69406,2.612502,175.5805546,-0.221659198,0.12892267,-1.71931902,0.085556299,0.164264986
 Wdr1,ENSMUSG00000005103.13,68.6329105,50.47966317,54.054643,83.636814,75.369976,61.470209,40.802502,48.896185,59.746034,51.70577,55.598151,46.129337,1616.793234,-0.062318049,0.079241183,-0.786435115,0.431612618,0.561750872
 Slc2a9,ENSMUSG00000005107.14,1.143162,0.747997667,0.660863,1.579974,1.04341,1.288401,0.486042,1.120503,0.911195,0.442798,0.848297,0.679151,26.77105794,-0.321117877,0.295206215,-1.087774785,0.276694544,0.40636023
 Ccn4,ENSMUSG00000005124.11,7.56871675,1.087903667,3.926957,17.670363,6.085928,2.591619,1.308061,0.69579,0.445592,1.909638,1.143306,1.025035,150.1372457,-2.427663931,0.534343642,-4.543263434,5.54E-06,8.65E-05
 Ndrg1,ENSMUSG00000005125.14,27.60502875,17.3950475,20.525858,36.046632,31.054876,22.792749,14.77745,17.43042,20.265729,16.847859,18.753324,16.295503,624.0448011,-0.282458294,0.098533493,-2.866622161,0.00414878,0.014795622
 Man2b1,ENSMUSG00000005142.11,37.410614,19.7174345,24.98726,47.991351,39.965074,36.698771,14.997736,18.256123,23.590888,21.394159,21.987237,18.078464,1024.936011,-0.576944501,0.112640913,-5.121979976,3.02E-07,9.05E-06
 Wdr83,ENSMUSG00000005150.17,30.81341975,31.09228583,32.249481,29.397633,34.855422,26.751143,24.951534,30.272728,33.51422,31.168123,37.512832,29.134278,371.727632,0.317465859,0.128815617,2.464498223,0.013720524,0.038259828
 Prdx2,ENSMUSG00000005161.16,241.211613,262.022679,260.1036,222.215078,253.280287,229.247487,238.186026,279.55662,277.240582,258.323452,281.851995,236.977399,2777.862381,0.417163412,0.112082917,3.721917886,0.000197715,0.00136024
 Polr2a,ENSMUSG00000005198.16,25.220158,15.53517,18.999175,31.032451,28.03367,22.815336,11.791972,16.243715,18.915021,16.108026,14.372864,15.779422,1401.385879,-0.330496011,0.106858863,-3.092827311,0.001982595,0.00823578
 Senp3,ENSMUSG00000005204.13,30.47018775,20.88212783,24.451802,35.491569,35.920544,26.016836,19.416944,18.160282,24.776653,21.278927,22.916203,18.743758,427.6283055,-0.016941654,0.086987513,-0.194759613,0.845581141,0.896711251
 Corin,ENSMUSG00000005220.11,65.66723775,75.90229883,68.323039,67.777339,68.269033,58.29954,71.741298,90.390923,72.346913,83.977369,60.93212,76.02517,3722.631338,0.535326021,0.134377533,3.983746464,6.78E-05,0.000595097
 Plekha8,ENSMUSG00000005225.16,3.8474055,3.568396,3.976461,3.728029,3.745424,3.939708,3.8568,3.378314,4.021357,3.665291,4.300831,2.187783,189.3357007,0.067125562,0.113211208,0.59292329,0.553232491,0.672416305
 Spc25,ENSMUSG00000005233.17,1.9192185,1.230305,1.959719,2.177098,2.171182,1.368875,0.901661,0.767685,0.999291,1.068116,2.349647,1.29543,19.92522414,-0.302439505,0.365288938,-0.827945973,0.407701098,0.54011226
 Dnah2,ENSMUSG00000005237.15,0.05665325,0.114102667,0.0776,0.046357,0.043637,0.059019,0.076567,0.082188,0.129508,0.249705,0.084875,0.061773,12.59268235,1.015082482,0.418225299,2.427118789,0.015219272,0.041546298
 Ufd1,ENSMUSG00000005262.14,29.2451935,27.008046,21.891056,35.225628,31.338396,28.525694,24.507381,26.599861,29.071935,27.994672,26.165776,27.708651,463.8772835,0.262869014,0.082652046,3.180429616,0.001470569,0.006553867
 Zfp287,ENSMUSG00000005267.14,1.89613575,1.234225667,1.386503,2.59917,1.852261,1.746609,1.16579,1.502063,1.30735,0.838701,1.372878,1.218572,43.45678356,-0.190313048,0.207894078,-0.915432752,0.359964491,0.493844302
 Prlr,ENSMUSG00000005268.21,1.04426375,1.330369167,1.392312,0.966571,0.794157,1.024015,0.699531,1.78874,1.011117,2.909923,0.961131,0.611773,89.1257081,0.098857263,0.238085275,0.415217877,0.677982413,0.773566388
 Letm1,ENSMUSG00000005299.7,42.49565275,48.71875483,45.238843,41.00945,35.687691,48.046627,51.385162,45.636291,52.200397,42.982545,54.020148,46.087986,1448.632722,0.532373573,0.109822032,4.847602653,1.25E-06,2.73E-05
 Ubqln1,ENSMUSG00000005312.16,27.7482715,21.33959617,23.767992,30.837867,31.498842,24.888385,19.993623,23.233221,20.214774,22.22941,20.570241,21.796308,894.2640901,-0.009404965,0.079091951,-0.118911782,0.905345247,0.937535936
 Cadm3,ENSMUSG00000005338.15,2.12270125,1.893417,1.734216,2.646817,2.75826,1.351512,1.551172,3.403667,2.42544,1.234767,1.533392,1.212064,62.81293637,-0.069181606,0.261504762,-0.264551994,0.791354606,0.857219064
 Txn2,ENSMUSG00000005354.17,155.997929,179.795967,154.665009,145.7424,152.176851,171.407456,168.75553,190.632471,190.622759,176.234922,184.735507,167.794613,2028.145798,0.510601355,0.123463619,4.135642213,3.54E-05,0.000363277
 Slc1a3,ENSMUSG00000005360.15,3.98706575,0.663006333,2.979068,5.581519,4.157121,3.230555,0.543692,0.349301,0.511214,1.334721,0.584076,0.655034,62.7822681,-1.995873098,0.331211409,-6.025979312,1.68E-09,1.44E-07
 Crbn,ENSMUSG00000005362.15,19.73992575,17.55017817,17.221446,22.390391,21.003101,18.344765,15.71338,16.750726,18.804604,19.378445,17.62305,17.030864,395.382145,0.177455116,0.080186531,2.213028957,0.026895649,0.065702587
 Msh6,ENSMUSG00000005370.5,4.5336085,3.025309333,3.001301,6.177437,4.630129,4.325567,2.530943,3.302428,2.785784,2.861664,3.124857,3.54618,164.1122204,-0.20821951,0.142493593,-1.461255244,0.143945407,0.246350027
 Fbxo11,ENSMUSG00000005371.16,17.11842725,13.1753865,13.073294,20.148309,20.084617,15.167489,12.265191,11.580044,11.68037,16.218711,11.521548,15.786455,582.0735391,0.030730205,0.108475496,0.283291674,0.776953259,0.847092287
 Mlxipl,ENSMUSG00000005373.14,20.1030785,24.77377633,18.625914,17.186568,21.531456,23.068376,21.662636,26.264532,24.488657,26.208926,23.93341,26.084497,607.8762371,0.674034976,0.135588824,4.971169118,6.66E-07,1.67E-05
 Tbl2,ENSMUSG00000005374.14,5.79958,4.118416833,3.245654,9.169741,6.623279,4.159646,2.958387,6.089148,4.437258,2.906995,3.17791,5.140803,264.1410346,-0.234502554,0.116369659,-2.015152016,0.043888723,0.097113897
 Bud23,ENSMUSG00000005378.18,16.01257225,13.80339417,14.69302,17.678966,14.98246,16.695843,11.961663,12.662072,13.535108,14.255498,14.734389,15.671635,204.8475243,0.137816145,0.110857498,1.243182897,0.213800444,0.335055437
 Nid1,ENSMUSG00000005397.9,123.8009483,55.11474417,72.153768,182.085304,182.005575,58.959146,31.573677,64.314552,75.475626,59.063237,42.6235,57.637873,4773.525005,-0.782530022,0.226017004,-3.462261723,0.000535656,0.002947232
 Mcm5,ENSMUSG00000005410.7,4.418987,2.285587667,2.963573,4.596958,5.033255,5.082162,1.806726,2.023276,2.504722,2.421187,3.037192,1.920423,81.4637964,-0.523792992,0.220581613,-2.374599521,0.017568,0.046712559
 Hmox1,ENSMUSG00000005413.9,29.88444975,11.06183833,19.72235,37.48306,39.719255,22.613134,10.297496,8.884542,15.189187,11.142064,10.756511,10.10123,263.9900079,-1.031381127,0.175079676,-5.890924342,3.84E-09,2.74E-07
 Mprip,ENSMUSG00000005417.18,86.95497575,62.575647,67.878129,111.302912,95.750366,72.888496,55.400951,57.441674,67.580242,61.878215,72.207992,60.944808,3406.085987,-0.091097288,0.059847386,-1.522159838,0.127969036,0.224850809
 Cic,ENSMUSG00000005442.14,36.03130475,23.346997,22.823119,48.443102,37.443973,35.415025,21.302979,24.360765,24.138748,24.465598,24.107594,21.706298,1381.335469,-0.227714436,0.088399605,-2.575966673,0.009996028,0.029519316
 Pafah1b3,ENSMUSG00000005447.13,6.6309105,2.6944945,2.305325,7.79738,4.201235,12.219702,1.994797,3.055493,5.03666,1.535717,2.970146,1.574154,29.16876501,-0.924144866,0.437720269,-2.111268159,0.034749269,0.080577481
 Il27ra,ENSMUSG00000005465.10,3.44281275,1.148903333,1.721013,4.381752,3.14395,4.524536,0.741186,0.905051,1.466307,1.370771,1.276782,1.133323,51.28062327,-1.079315621,0.277159925,-3.894197981,9.85E-05,0.000789277
 Prkaca,ENSMUSG00000005469.11,125.2637725,128.9373793,119.124408,125.325493,132.254059,124.35113,124.049312,131.100468,130.19341,133.147576,121.741376,133.392134,3031.637969,0.38121272,0.094998435,4.012831573,6.00E-05,0.00054227
 Asf1b,ENSMUSG00000005470.9,1.63604075,0.898602167,1.075341,1.475603,2.612791,1.380428,0.832449,0.41373,0.995365,1.088778,1.285247,0.776044,20.47342192,-0.497851946,0.347986561,-1.430664289,0.152526453,0.258270244
 Ddx39a,ENSMUSG00000005481.19,16.5267105,13.66653883,12.743784,17.66349,17.431302,18.268266,11.836846,12.502528,15.668408,13.860947,15.903482,12.227022,265.3038796,0.067727314,0.11296119,0.599562679,0.548797726,0.668638375
 Dnajb1,ENSMUSG00000005483.11,8.73097025,5.687414667,6.877031,9.943089,10.832788,7.270973,5.334673,4.078835,6.923427,5.321173,5.426737,7.039643,214.7933547,-0.250520401,0.15881545,-1.577430913,0.114696407,0.206712199
 Usp40,ENSMUSG00000005501.15,10.36622325,9.159017833,8.436054,12.199276,11.352351,9.477212,8.4265,9.276387,9.272743,8.806007,10.053542,9.118928,481.4646411,0.179913054,0.075795863,2.373652679,0.01761311,0.046804017
 Kbtbd4,ENSMUSG00000005505.13,9.752658,8.869741667,9.171587,11.351416,10.435497,8.052132,7.373364,9.374101,9.543334,9.263756,9.44383,8.220065,216.2655323,0.230081534,0.109884349,2.093851725,0.036273191,0.083447839
 Celf1,ENSMUSG00000005506.17,26.31262625,25.97259233,22.765421,27.992472,28.592878,25.899734,26.07288,26.980087,25.248225,29.966369,24.782504,22.785489,1388.161293,0.14152015,0.077541033,1.825100139,0.067985919,0.137567309
 Ndufs3,ENSMUSG00000005510.10,317.692971,407.0178153,354.513434,237.515947,326.112423,352.63008,404.217361,422.680191,436.991943,408.898727,395.06128,374.25739,3290.021479,0.670546012,0.159489425,4.20432899,2.62E-05,0.000288881
 Por,ENSMUSG00000005514.15,44.693094,36.02271833,32.03578,50.41774,51.644842,44.674014,29.901676,38.723486,41.24089,36.526275,35.817182,33.926801,994.4588827,0.028338832,0.100487633,0.28201313,0.777933443,0.84774034
 Igf1r,ENSMUSG00000005533.11,7.87857825,4.244750667,4.462822,7.982638,10.559506,8.509347,3.00857,4.763942,5.135859,4.03387,4.663144,3.863119,582.3078656,-0.259138885,0.147414945,-1.757887468,0.078766659,0.154053996
 Insr,ENSMUSG00000005534.11,33.992547,31.73248433,33.929347,38.199727,33.797938,30.043176,31.54247,35.478335,33.666067,31.518017,28.639185,29.550832,2919.87705,0.311349465,0.0815618,3.817344202,0.000134896,0.001014312
 Trim28,ENSMUSG00000005566.15,49.9925025,35.87630483,33.138829,68.1096,47.619844,51.101737,28.095188,35.127692,35.795939,36.702325,46.642356,32.894329,968.150771,-0.082011098,0.079130008,-1.036409574,0.300011106,0.431191429
 Ube2m,ENSMUSG00000005575.17,116.7352823,113.6080082,113.24311,120.545739,121.604764,111.547516,106.04659,113.130082,111.26119,111.539729,126.378756,113.291702,1142.199221,0.334583452,0.088978621,3.760267899,0.000169731,0.001212923
 Adcy9,ENSMUSG00000005580.12,10.78330725,9.055562667,11.604463,10.573863,12.866268,8.088635,7.83663,11.298562,10.162957,9.542132,7.333857,8.159238,497.4952256,0.084875215,0.166499921,0.509761291,0.610218707,0.719331389
 Mef2c,ENSMUSG00000005583.17,37.26266375,27.93405017,29.581511,38.663896,38.850598,41.95465,22.625064,22.820225,39.378827,31.699297,22.762189,28.318699,1068.05473,0.094825171,0.094146826,1.007205178,0.313836186,0.446449262
 Ctr9,ENSMUSG00000005609.17,8.464364,6.124721,7.286748,10.639548,9.052351,6.878809,6.089393,6.190047,5.769366,5.817186,5.09034,7.791994,294.6576064,-0.167544638,0.114882737,-1.458396991,0.14473115,0.247382967
 Eif4g2,ENSMUSG00000005610.18,299.2759343,255.860708,288.048239,326.235675,319.201876,263.617947,263.160816,241.664841,250.019842,290.782965,237.052728,252.483056,12473.85762,0.135392142,0.087122856,1.554036991,0.120175593,0.214227545
 Irag1,ENSMUSG00000005611.16,6.55397025,5.3964935,4.936154,6.327641,8.445055,6.507031,3.662549,3.909091,4.537476,7.209239,7.413865,5.646741,284.0078353,0.08174262,0.128125702,0.637987687,0.523481695,0.645596226
 Pcyt1a,ENSMUSG00000005615.16,38.145393,33.66489067,38.07089,42.930019,42.280103,29.30056,28.985609,32.488596,37.154462,39.899393,30.434068,33.027216,1666.892512,0.211556661,0.093412483,2.264757931,0.023527538,0.059127884
 Zfp592,ENSMUSG00000005621.12,12.0585755,8.613652667,12.292633,11.525226,14.873337,9.543106,9.490012,11.027525,6.902028,8.879262,6.796977,8.586112,641.4739143,-0.09345731,0.091894551,-1.017006002,0.309150574,0.44142416
 Psmd4,ENSMUSG00000005625.16,89.6066985,82.67711767,69.911171,98.66532,102.712593,87.13771,74.05218,89.509674,88.678555,82.233135,88.448005,73.141157,1043.014533,0.294219204,0.078743571,3.736421889,0.000186657,0.001302626
 Tmod4,ENSMUSG00000005628.13,11.8019055,15.97181933,15.427085,9.592206,9.652506,12.535825,12.126094,18.571113,16.965461,17.259804,14.58788,16.320564,168.7925913,0.747889072,0.23223661,3.220375421,0.001280228,0.00589924
 Snx6,ENSMUSG00000005656.10,23.35289925,14.02646583,19.067576,29.429543,24.306536,20.607942,13.118121,12.769242,14.714231,13.972266,14.780354,14.804581,328.6581505,-0.376307892,0.086913961,-4.329659898,1.49E-05,0.000187117
 Mthfd2,ENSMUSG00000005667.9,3.660302,2.571231833,2.232665,6.300059,3.651052,2.457432,0.883066,1.900469,1.782806,1.369049,8.542109,0.949892,58.1952711,-0.027075797,0.564223974,-0.047987675,0.961726065,0.975118506
 Kit,ENSMUSG00000005672.13,3.813112,1.837715,1.98074,4.723968,5.667123,2.880617,1.465722,1.695721,1.929391,2.03763,2.192796,1.70503,125.8023135,-0.459408048,0.159424186,-2.881670957,0.003955726,0.014258455
 Tomm40l,ENSMUSG00000005674.10,51.4197095,57.34221967,46.15808,56.656561,52.268819,50.595378,50.854189,60.319899,63.131846,65.031673,58.717961,45.99775,883.5199786,0.491064807,0.103975349,4.722896439,2.33E-06,4.49E-05
 Nr1i3,ENSMUSG00000005677.15,8.11820225,9.480147,7.242896,8.541736,7.880555,8.807622,8.837607,9.95011,9.785157,10.502435,9.786395,8.019178,283.4799574,0.564479788,0.118360515,4.769156246,1.85E-06,3.80E-05
 Pan2,ENSMUSG00000005682.10,8.030771,6.368392333,6.348522,9.519018,7.688677,8.566867,6.513621,5.615973,6.80403,6.832103,6.334818,6.109809,350.5734592,0.040322481,0.105960913,0.380541084,0.703543806,0.792696451
 Cs,ENSMUSG00000005683.9,475.6861385,582.6719865,525.825537,384.154721,480.826238,511.938058,585.111884,625.683481,584.325945,567.66135,531.921061,601.328198,17230.16253,0.607922246,0.160490919,3.787891864,0.000151931,0.001109307
 Ampd3,ENSMUSG00000005686.18,23.810706,21.317895,21.558956,27.120809,26.884616,19.678443,18.186222,22.217775,23.153911,20.262827,21.847909,22.238726,874.001097,0.168753251,0.074296614,2.2713451,0.023126095,0.058309081
 Bcas2,ENSMUSG00000005687.15,32.02684825,29.598231,31.434,34.097127,31.425226,31.15104,26.228714,32.945482,34.139769,28.981039,30.364044,24.930338,435.9853118,0.208285364,0.115073026,1.810027698,0.070291492,0.141272856
 Ctcf,ENSMUSG00000005698.16,19.71775925,15.43153717,14.732478,22.967959,20.74347,20.42713,16.419697,14.763872,15.38131,17.335482,13.638803,15.050059,557.5924554,0.037860019,0.110186304,0.343600042,0.731147093,0.813260925
 Pard6a,ENSMUSG00000005699.17,7.2267795,6.900358333,8.407758,5.88197,7.175775,7.441615,8.557395,5.555847,7.244811,8.975872,7.7057,3.362525,59.31277103,0.338094368,0.190738086,1.772558253,0.076301935,0.150468425
 Tfap4,ENSMUSG00000005718.9,2.01357825,1.78523,1.002404,3.403148,2.055147,1.593614,1.451546,2.004679,1.464086,2.235108,1.767937,1.788024,37.30785452,0.183477397,0.247512857,0.741284305,0.458521076,0.58679594
 Ranbp1,ENSMUSG00000005732.15,24.92100925,19.27410367,17.521738,28.549968,28.725294,24.887037,19.810895,15.585869,20.719234,19.360696,23.105751,17.062177,204.7139325,-0.001501086,0.132389933,-0.011338368,0.990953485,0.994183876
 Cd247,ENSMUSG00000005763.16,5.226121,3.862903,4.552184,5.107967,5.453283,5.79105,3.355784,3.027033,3.869126,5.348933,2.895634,4.680908,92.27028895,-0.07920362,0.218272178,-0.362866309,0.716704756,0.8023518
 Rfx5,ENSMUSG00000005774.13,3.97054075,2.563191333,1.789057,6.145305,3.727017,4.220784,2.67717,3.425747,1.849768,2.272658,2.819649,2.334156,113.985998,-0.343594771,0.203309879,-1.690005289,0.091026943,0.17254218
 Psmb4,ENSMUSG00000005779.13,140.5523268,134.0589807,119.877575,154.567794,152.664638,135.0993,130.510988,135.942755,133.772795,131.658397,142.492987,129.975962,1205.165394,0.294213999,0.081666311,3.602636084,0.000315006,0.001943887
 Slc30a4,ENSMUSG00000005802.13,6.701147,3.477851833,5.112434,9.184441,7.541377,4.966336,3.084494,3.021792,3.935382,4.023639,3.288072,3.513732,270.926781,-0.583256737,0.122240982,-4.771368233,1.83E-06,3.78E-05
 Sqor,ENSMUSG00000005803.15,24.93877725,24.45932133,21.806893,28.86406,24.379938,24.704218,23.187173,27.723431,25.536418,24.534352,23.895907,21.878647,424.4486894,0.371905865,0.090143855,4.125692927,3.70E-05,0.000375232
 Bloc1s6,ENSMUSG00000005804.15,27.1238335,22.87269617,20.633964,36.91899,30.610959,20.331421,21.123244,18.391306,23.795117,30.897511,22.370249,20.65875,346.9502723,0.105538715,0.099776278,1.057753577,0.290167802,0.420958514
 Metap1,ENSMUSG00000005813.13,19.661053,18.261703,19.748938,20.081613,20.815068,17.998593,16.821157,18.243863,17.286227,17.967808,20.215115,19.036048,517.5851842,0.312814588,0.09946336,3.14502334,0.001660736,0.007179203
 Gpr108,ENSMUSG00000005823.10,22.5077505,17.99842167,19.382422,28.060523,21.408079,21.179978,16.814141,17.853776,19.180558,18.417991,20.039587,15.684477,435.6177667,-0.001533668,0.088464415,-0.017336554,0.986168124,0.991159466
 Gata6,ENSMUSG00000005836.11,30.544999,26.9636645,28.657417,33.417336,30.584766,29.520477,28.063778,25.70479,27.563232,28.073303,24.597417,27.779467,925.4346855,0.17146535,0.101818278,1.684033103,0.092175272,0.174200737
 Rsl1d1,ENSMUSG00000005846.13,23.7638085,21.08719233,22.852648,25.179704,24.724881,22.298001,21.985413,21.568793,17.270601,21.816646,20.923234,22.958467,425.5399657,0.15882452,0.120668754,1.31620254,0.188106072,0.303573227
 Apc,ENSMUSG00000005871.16,13.35171225,9.297999,15.086896,16.714182,12.739315,8.866456,7.137373,10.725221,13.013921,8.513783,8.103196,8.2945,1081.950128,-0.110240207,0.07471615,-1.475453539,0.14009065,0.241011823
 Reep5,ENSMUSG00000005873.7,124.5798033,120.8284072,125.267704,127.177656,131.917189,113.956664,122.7631,116.03404,124.044798,121.630248,114.167548,126.330709,3637.932326,0.328942402,0.123225323,2.669438341,0.007597822,0.023771081
 Ergic3,ENSMUSG00000005881.14,91.06760475,51.36995417,62.14682,120.50449,92.634348,88.984761,38.424335,44.618498,62.807419,53.653867,71.119004,37.596602,697.1719094,-0.412019771,0.132512146,-3.109298142,0.001875324,0.007882101
 Uqcc1,ENSMUSG00000005882.19,120.0884543,144.0281427,118.225498,101.815893,130.990536,129.32189,116.202761,156.631215,151.265806,173.443632,139.173006,127.452436,1778.588176,0.586779231,0.170354564,3.444458536,0.000572204,0.00310017
 Ncoa2,ENSMUSG00000005886.15,14.75266475,12.396462,14.209693,15.373064,16.702557,12.725345,11.714316,13.162331,14.593401,12.620637,10.34488,11.943207,1011.656852,0.135807707,0.09934631,1.367013105,0.171621198,0.282809376
 Nr2c2,ENSMUSG00000005893.15,10.49138,7.530346667,9.442645,12.087966,11.13448,9.300429,7.187223,7.862383,7.901492,7.111806,7.028636,8.09054,632.8579947,-0.102869794,0.090247804,-1.139859243,0.254344947,0.381619334
 Nr2c1,ENSMUSG00000005897.15,4.3563165,3.4735465,3.323807,5.935011,4.597081,3.569367,3.479873,2.910718,3.242125,3.590536,3.652283,3.965744,123.11171,-0.131079668,0.148075511,-0.885221785,0.376037025,0.508194974
 Smpd4,ENSMUSG00000005899.15,12.00251875,10.486924,8.567583,13.899147,14.298811,11.244534,9.340323,12.408784,10.109012,9.158084,10.819654,11.085687,338.7508256,0.147073369,0.086318346,1.70384833,0.088409426,0.168659962
 Pex1,ENSMUSG00000005907.15,7.78798475,5.3873215,8.107115,7.013581,6.558616,9.472627,5.742541,6.529941,4.490774,5.066252,5.98749,4.506931,163.5578981,0.002972693,0.153534918,0.019361674,0.984552585,0.990067227
 Kctd20,ENSMUSG00000005936.20,21.06469275,14.1954785,16.129226,27.969052,24.374093,15.7864,13.221148,15.957606,14.680654,13.391156,14.664707,13.2576,645.6875643,-0.239263774,0.094858293,-2.522328476,0.011658079,0.033506751
 Ctns,ENSMUSG00000005949.10,7.13049325,5.417235667,6.714782,8.855746,7.735619,5.215826,4.80246,5.583438,4.390408,6.600757,5.205984,5.920367,151.8668298,-0.141299283,0.148333302,-0.952579642,0.340803096,0.474258375
 P2rx5,ENSMUSG00000005950.15,10.6253515,10.4889365,10.711658,10.956492,12.262376,8.57088,8.702277,10.224718,11.684547,9.76107,12.345238,10.215769,263.783496,0.326969764,0.126498912,2.584763444,0.009744583,0.028913856
 Shpk,ENSMUSG00000005951.14,1.705022,0.8308945,1.054661,2.135013,1.83427,1.796144,0.799243,0.783038,0.980006,1.018705,0.938683,0.465692,33.45063062,-0.662034404,0.251945583,-2.627688075,0.00859673,0.026153377
 Ephb3,ENSMUSG00000005958.16,8.067457,7.855202833,6.013007,9.943095,8.337401,7.976325,8.380346,9.100613,8.630047,7.282265,7.829133,5.908813,354.4711062,0.352865724,0.137556851,2.565235557,0.010310578,0.030277938
 Tuft1,ENSMUSG00000005968.15,1.13827375,0.6531875,0.86841,1.601479,1.163043,0.920163,0.756532,0.955794,0.497143,0.312682,0.896555,0.500419,20.80537259,-0.577230029,0.364502176,-1.583612026,0.113282036,0.204952286
 Rcn1,ENSMUSG00000005973.7,23.8945645,11.18670033,15.208244,37.854816,24.151865,18.363333,9.318086,9.589761,12.037634,13.458868,10.749881,11.965972,422.4191712,-0.67872878,0.16483549,-4.117613143,3.83E-05,0.000386476
 Dnase1,ENSMUSG00000005980.16,1.80833225,2.0499815,2.16536,2.137291,1.290539,1.640139,1.345791,1.869777,2.143089,1.704893,1.789359,3.44698,52.32155171,0.315168221,0.230730366,1.365959003,0.171951832,0.283080104
 Trap1,ENSMUSG00000005981.12,76.16893375,78.2754215,73.074131,74.749013,80.970316,75.882275,73.673573,80.400781,83.944191,85.546002,77.913214,68.174768,1879.993403,0.376826276,0.103655393,3.635375503,0.000277576,0.001765976
 Naa60,ENSMUSG00000005982.15,39.44210075,29.38450883,35.062608,46.122518,42.226192,34.357085,27.048846,28.073431,31.554314,33.861036,30.010807,25.758619,693.4326409,-0.027119757,0.077788311,-0.348635374,0.727363068,0.810682912
 1700037C18Rik,ENSMUSG00000005983.16,3.96685075,3.424831,2.675537,4.881819,4.720466,3.589581,2.619585,2.720674,5.090276,2.547798,5.065894,2.504759,82.81044945,-0.03208581,0.163073263,-0.196757024,0.844017684,0.895393861
 Ankrd13d,ENSMUSG00000005986.17,1.36025975,0.447725667,1.197968,1.910366,0.975385,1.35732,0.544032,0.337101,0.444069,0.395732,0.672819,0.292601,16.70473256,-1.227309416,0.349853445,-3.508067255,0.000451375,0.002573171
 Tpr,ENSMUSG00000006005.19,42.66398525,40.40970183,33.18227,55.162372,44.317048,37.994251,32.344002,39.188664,35.602597,42.330472,48.111194,44.881282,2017.183008,0.164547406,0.070161043,2.345281645,0.019012711,0.049766446
 Odr4,ENSMUSG00000006010.15,16.18683475,10.76935133,13.863073,26.545519,14.676599,9.662148,8.170875,9.360009,10.617173,12.954804,12.026417,11.48683,330.6546973,-0.04469236,0.096571541,-0.46279017,0.643514778,0.744649892
 Prg4,ENSMUSG00000006014.18,16.289737,8.460359333,12.857314,20.057862,23.90843,8.335342,21.225996,2.636269,6.169101,5.328001,9.095764,6.307025,214.5536088,-0.462857897,0.364417225,-1.270131775,0.204037695,0.323124025
 Dhx34,ENSMUSG00000006019.16,4.6112715,4.247084333,3.640299,5.321694,5.490919,3.992174,3.800751,4.448954,4.298327,4.24645,5.077269,3.610755,180.8140642,0.231298703,0.114838039,2.014129685,0.04399592,0.097285393
 Kptn,ENSMUSG00000006021.6,14.86490475,15.765437,15.227693,13.321195,16.094661,14.81607,16.837291,12.830879,19.65744,17.829182,15.351701,12.086129,204.0772015,0.535155559,0.144622581,3.700359614,0.000215294,0.001452958
 Napa,ENSMUSG00000006024.14,53.80925175,49.326118,39.397228,63.42622,68.842277,43.571282,39.314511,51.116533,54.49798,51.634653,55.864726,43.528305,1111.249046,0.278368929,0.076439782,3.64167614,0.000270869,0.001733401
 Sra1,ENSMUSG00000006050.13,65.08101925,61.81265867,58.84858,79.621935,62.587047,59.266515,72.342405,60.885257,54.05855,55.922481,71.431056,56.236203,451.9402125,0.285563911,0.121967254,2.341316232,0.019215883,0.050108111
 Atp5mc1,ENSMUSG00000006057.17,2388.090866,3073.497241,2597.502086,1773.56911,2419.703065,2761.589203,2968.216299,3282.822603,3181.596808,3001.530488,3152.390333,2854.426917,12124.87359,0.677887944,0.173879602,3.898605326,9.67E-05,0.000779338
 Snf8,ENSMUSG00000006058.11,32.0436165,28.23869867,28.775472,33.47131,31.159767,34.767917,24.81507,28.716445,32.960129,25.683562,32.576831,24.680155,269.2134812,0.166623238,0.129694023,1.28474107,0.198882781,0.316906715
 Tbcb,ENSMUSG00000006095.13,48.90544675,37.21785933,43.505064,58.085815,54.583245,39.447663,40.167275,44.801362,30.67661,36.831667,39.398646,31.431596,371.9022227,0.135473259,0.101683803,1.332299301,0.182761857,0.296335135
 Inpp5k,ENSMUSG00000006127.10,21.76593175,19.51491883,17.765774,25.590817,21.347578,22.359558,15.636749,21.461879,19.454881,19.771681,19.880093,20.88423,509.5481717,0.109355888,0.076489856,1.42967831,0.152809368,0.258548874
 Crkl,ENSMUSG00000006134.5,12.32476275,9.705913167,9.260552,15.022621,14.993865,10.022013,10.646433,8.823397,9.46476,9.03327,10.446067,9.821552,552.600296,0.057149621,0.091249644,0.626299657,0.531118411,0.652864181
 Eps8l1,ENSMUSG00000006154.14,3.62176625,4.260783,4.441595,4.353486,2.246714,3.44527,2.820886,5.706685,2.217372,6.154317,3.478593,5.186845,110.8796283,0.361813589,0.303894699,1.190588684,0.233815096,0.358868796
 Clint1,ENSMUSG00000006169.21,27.90378075,20.6644945,20.881998,35.207626,30.213522,25.311977,19.046919,21.411993,20.851848,20.324945,21.081645,21.269617,866.2596678,-0.079913769,0.069667486,-1.147074097,0.251350998,0.378600872
 Cdkal1,ENSMUSG00000006191.18,4.79217175,5.256650333,4.316686,5.458277,4.402008,4.991716,5.43048,5.351499,4.336049,5.498317,5.606933,5.316624,135.1281561,0.398473693,0.148768798,2.678476255,0.007395798,0.023238869
 Cdcp3,ENSMUSG00000006204.8,0.27049675,0.1297475,0.167159,0.39549,0.402779,0.116559,0.040832,0.142358,0.15062,0.279489,0.110282,0.054904,16.7718207,-0.665333919,0.496797748,-1.339245038,0.180490915,0.293738292
 Htra1,ENSMUSG00000006205.14,83.26913025,65.015704,71.693495,88.138385,86.033179,87.211462,66.203012,66.827488,64.973784,62.416127,66.846766,62.827047,1388.088207,0.008177742,0.110463186,0.074031378,0.940985418,0.960628983
 Zbtb17,ENSMUSG00000006215.13,11.50176175,12.1844225,10.052587,10.068765,12.19255,13.693145,8.678448,14.288045,12.850208,13.739407,12.532953,11.017474,328.7490077,0.379249247,0.149900798,2.530001527,0.011406203,0.032869326
 Clcnkb,ENSMUSG00000006216.11,0.73238625,2.2116225,0.77706,0.340358,0.829752,0.982375,1.945692,3.033272,2.316531,2.321121,1.924463,1.728656,17.11422269,0.580124826,0.423334861,1.370368657,0.170571851,0.28149788
 Fblim1,ENSMUSG00000006219.13,124.0356453,125.5301912,112.174078,132.124597,125.830243,126.013663,105.465035,140.405303,137.064666,123.263601,120.66582,126.316722,3268.923088,0.35184942,0.086796379,4.053733865,5.04E-05,0.000474931
 Hspb7,ENSMUSG00000006221.8,931.0575198,932.3717122,901.916384,1107.829612,955.663586,758.820497,882.031465,955.387152,984.132709,822.62334,1018.615293,931.440314,27395.34562,0.3561607,0.087215947,4.083664876,4.43E-05,0.000428783
 Epor,ENSMUSG00000006235.7,1.898734,1.264461667,1.497829,2.739676,1.600968,1.756463,0.621426,1.618847,1.013119,0.615675,2.076976,1.640727,23.40435599,-0.174411666,0.347277007,-0.502226358,0.615508304,0.723679181
 Ccdc159,ENSMUSG00000006241.17,4.0673905,3.377798667,4.606268,3.816799,3.949726,3.896769,3.455927,3.965411,3.213582,3.201179,3.936357,2.494336,47.44377883,0.075345053,0.221443262,0.340245408,0.733671725,0.815080243
 Mob1b,ENSMUSG00000006262.16,11.243219,7.224638333,10.137466,14.180369,10.879324,9.775717,7.389218,7.121898,8.100522,6.099318,6.285598,8.351276,581.1310795,-0.135837215,0.142511624,-0.953165867,0.340506038,0.473945638
 Atp6v1b2,ENSMUSG00000006273.15,42.32595225,36.47530083,34.709158,42.281649,52.337464,39.975538,34.390786,35.276421,39.832456,38.439735,39.26711,31.645297,1132.43503,0.138490111,0.088959392,1.556778969,0.119522972,0.213240957
 Eps15l1,ENSMUSG00000006276.12,27.460147,23.86225583,23.932452,30.431804,30.620265,24.856067,18.982246,25.756641,24.766058,23.624029,28.19004,21.854521,752.5574499,0.151680526,0.089603483,1.692797208,0.090494074,0.17181158
 Tep1,ENSMUSG00000006281.9,8.577651,3.893332833,5.688907,10.576795,10.257921,7.786981,3.03746,4.361034,4.24865,4.33494,4.273013,3.1049,399.6990927,-0.449434253,0.134028323,-3.353278193,0.000798604,0.004044244
 Ttc5,ENSMUSG00000006288.9,11.97342725,7.664238,8.286169,13.454856,13.387645,12.765039,7.319946,7.976859,7.284061,8.022091,8.48906,6.893411,179.0012961,-0.290147919,0.124349168,-2.333332209,0.019630716,0.050956267
 Osgep,ENSMUSG00000006289.15,39.740652,40.3437955,37.541039,43.873336,37.506752,40.041481,37.161079,41.237449,44.444207,39.94867,41.535456,37.735912,426.9999686,0.347360417,0.101663487,3.416766708,0.000633696,0.003359715
 Aamp,ENSMUSG00000006299.14,65.92884475,58.50804567,56.553254,71.888212,75.042859,60.231054,52.265686,60.378172,62.536211,58.663461,60.365183,56.839561,1106.725804,0.195983096,0.062775556,3.121965131,0.001796482,0.007631992
 Tmbim1,ENSMUSG00000006301.18,51.1951165,33.86809333,32.866767,82.60416,58.177491,31.132048,28.716667,32.694249,37.448385,33.158822,39.361534,31.828903,1033.922941,-0.168690331,0.166067562,-1.015793384,0.309727787,0.441948
 Arpc2,ENSMUSG00000006304.15,142.6198848,93.290234,110.890223,176.484937,166.317388,116.786991,91.458887,81.94249,90.744187,99.74978,106.626189,89.219871,1498.964855,-0.240604136,0.085108112,-2.827041155,0.004698029,0.016269708
 Kmt2b,ENSMUSG00000006307.17,12.59664825,10.12329883,9.738279,16.134737,13.600246,10.913331,7.675985,11.489905,12.583349,9.1304,11.664256,8.195898,788.9123537,-0.093963305,0.080781292,-1.163181507,0.244755868,0.371527728
 Tmem147,ENSMUSG00000006315.10,103.2245933,109.8845132,108.433071,100.155454,101.997921,102.311927,92.880815,121.561931,117.683882,111.006337,127.399061,88.775053,755.5154583,0.432012884,0.134382784,3.214793369,0.001305385,0.005988229
 Rps9,ENSMUSG00000006333.15,661.2745833,492.513825,479.438561,739.765345,655.565485,770.328942,432.799139,494.833518,483.947283,527.911766,570.075684,445.51556,3232.441256,-0.075108985,0.115851411,-0.648321714,0.516776893,0.639977129
 Tfpt,ENSMUSG00000006335.17,11.884022,11.36982383,11.337365,13.019375,11.252921,11.926427,11.538758,11.513064,12.698307,10.826161,11.997691,9.644962,114.129738,0.27645465,0.139922282,1.975772875,0.048180507,0.104962388
 Susd2,ENSMUSG00000006342.16,6.19370975,1.998009,4.010099,8.281385,7.240114,5.243241,0.851268,1.385401,2.304654,3.037864,2.312834,2.096033,111.9484921,-1.263560265,0.266601139,-4.739515621,2.14E-06,4.22E-05
 Ggt5,ENSMUSG00000006344.18,8.32167925,6.005612167,6.677034,7.949411,9.567322,9.09295,5.377832,5.952135,6.866184,6.714851,5.029595,6.093076,218.0389289,-0.219616713,0.121066568,-1.81401618,0.069675235,0.140357152
 Crip2,ENSMUSG00000006356.11,987.2437165,1081.755922,975.858926,952.22101,1060.040462,960.854468,1008.315905,1167.487702,1154.544904,1098.774603,1061.578153,999.834267,13293.19895,0.490727051,0.10376891,4.729037342,2.26E-06,4.38E-05
 Crip1,ENSMUSG00000006360.12,304.4952413,151.8917348,166.043131,400.611711,322.632192,328.693931,125.26457,107.790565,191.967049,179.79245,173.638527,132.897248,487.4891864,-0.616454873,0.184287473,-3.345072046,0.000822612,0.004141818
 Cbfa2t3,ENSMUSG00000006362.17,11.374795,9.344654,8.45548,13.375053,13.483746,10.184901,8.772093,8.618126,9.704796,9.481416,8.845398,10.646095,507.8292249,0.059973839,0.076469417,0.784285284,0.432872732,0.563043869
 Fbln1,ENSMUSG00000006369.15,158.383488,60.9333655,116.069975,222.072381,199.011922,96.379674,36.808086,58.851543,80.484205,76.906828,56.68181,55.867721,2698.793429,-1.038229171,0.208646081,-4.976030068,6.49E-07,1.63E-05
 Pgrmc1,ENSMUSG00000006373.11,24.49868375,13.525281,16.195483,34.531713,25.58136,21.686179,12.850802,13.9743,14.896772,13.894298,12.169301,13.366213,320.7477849,-0.471677072,0.123380952,-3.822932674,0.000131874,0.00099753
 Gcat,ENSMUSG00000006378.16,5.76709375,8.4811105,5.008482,3.630013,5.141364,9.288516,11.048631,10.851041,8.149129,8.065474,6.155001,6.617387,118.7222098,0.728950632,0.313843431,2.322656967,0.020197588,0.052169804
 Tek,ENSMUSG00000006386.16,24.39145475,17.79085467,21.439244,27.640994,31.355426,17.130155,17.6832,16.640323,18.977569,16.165753,19.809447,17.468836,976.0684184,-0.090514686,0.123904536,-0.730519553,0.465072666,0.592980091
 Elovl1,ENSMUSG00000006390.16,36.25671925,20.54896233,27.134173,45.043502,44.314595,28.534607,18.796066,15.235266,25.429995,21.889892,24.18034,17.762215,318.4316209,-0.462839947,0.122456073,-3.779640609,0.000157055,0.001139104
 Med8,ENSMUSG00000006392.17,22.29136925,17.38969817,19.356901,26.251394,21.106669,22.450513,15.619152,15.852449,17.670618,16.810345,21.750372,16.635253,194.0546994,0.044673438,0.116470879,0.383558865,0.701305433,0.791467236
 Hyi,ENSMUSG00000006395.18,10.8293965,4.508539167,6.181524,16.528989,11.617164,8.989909,2.490409,3.231396,5.845582,6.900457,7.191014,1.392377,47.16276896,-0.839943333,0.36641004,-2.292358948,0.021884939,0.055704799
 Cdc20,ENSMUSG00000006398.16,5.52701225,1.834828667,3.779698,6.23088,8.084309,4.013162,0.885054,0.883703,2.435267,1.386713,2.562172,2.856063,54.38063794,-1.189608058,0.338472188,-3.514640498,0.00044035,0.002523839
 Adamts4,ENSMUSG00000006403.14,1.253202,0.260343,0.799464,2.290646,1.175515,0.747183,0.102865,0.110165,0.286335,0.472635,0.324492,0.265566,27.91790026,-1.858958856,0.398653161,-4.663098241,3.11E-06,5.56E-05
 Nectin4,ENSMUSG00000006411.13,0.72171875,0.225096167,0.464894,0.868077,1.214823,0.339081,0.201988,0.154312,0.186032,0.403993,0.311133,0.093119,13.50929899,-1.318163529,0.449569193,-2.932059293,0.003367225,0.01257289
 Pfdn2,ENSMUSG00000006412.11,30.097813,32.14801683,39.777651,29.201676,35.704891,15.707034,30.020469,39.058957,38.777457,29.426635,31.843767,23.760816,341.3607463,0.34850703,0.164356329,2.120435711,0.033969318,0.079147001
 Rnf114,ENSMUSG00000006418.18,39.17815475,37.196865,33.804403,44.500422,40.06474,38.343054,31.976223,42.466247,36.295454,39.471613,35.483349,37.488304,876.6229246,0.286498425,0.090761157,3.156619345,0.001596096,0.006968719
 Steep1,ENSMUSG00000006423.16,7.98534175,6.163043167,6.340826,9.003422,8.479868,8.117251,6.841962,5.455375,6.491688,6.859296,5.660901,5.669037,238.4640315,-0.055455896,0.120978006,-0.45839651,0.646667598,0.747506222
 Neurl1a,ENSMUSG00000006435.17,1.190504,0.823584,1.002452,1.132095,1.322292,1.305177,0.749135,0.720461,0.790253,0.768333,1.049906,0.863416,37.3757668,-0.221382038,0.227084122,-0.97488999,0.329614832,0.462618547
 Srm,ENSMUSG00000006442.11,20.8964145,13.83054617,16.524587,26.177107,21.834348,19.049616,9.64766,12.595443,12.973622,17.186336,16.038965,14.541251,194.951357,-0.249068954,0.139023032,-1.79156612,0.073202494,0.145826401
 Epha2,ENSMUSG00000006445.4,5.729783,4.437736,4.418589,7.222399,6.384178,4.893966,3.392312,4.999562,5.914071,3.252672,4.531506,4.536293,205.1421657,0.002080154,0.158435679,0.01312933,0.989524611,0.993561806
 Rbm14,ENSMUSG00000006456.11,13.87586,9.169547667,12.430804,15.181765,14.450056,13.440815,6.20237,5.171017,9.128376,13.990777,13.617078,6.907668,247.6955968,-0.011479897,0.111275947,-0.103166025,0.917831204,0.946204339
 Zdhhc24,ENSMUSG00000006463.14,4.7369005,2.461175167,3.506364,7.062429,5.258891,3.119918,2.512221,1.801633,2.427552,2.163934,3.032657,2.829054,68.14090858,-0.434033973,0.185004114,-2.346077417,0.018972166,0.04969009
 Bbs1,ENSMUSG00000006464.10,1.7019035,1.486249333,1.656501,2.415534,1.910904,0.824675,1.327985,1.737035,1.323927,1.929954,1.45321,1.145385,75.49134029,0.105897294,0.222894656,0.475100195,0.63471556,0.738313848
 Ndor1,ENSMUSG00000006471.19,10.5349985,6.040619167,7.020717,13.158884,12.796666,9.163727,4.928535,6.219681,5.835459,5.94751,7.89659,5.41594,204.3923405,-0.339670193,0.12459427,-2.726210384,0.006406615,0.020773155
 Nsmf,ENSMUSG00000006476.20,24.24908475,14.50055683,19.848027,38.124237,21.282541,17.741534,10.960867,11.291603,18.937631,17.633774,16.85743,11.322036,314.3151719,-0.504954473,0.180420309,-2.798767372,0.005129808,0.01740665
 Pdk1,ENSMUSG00000006494.12,44.298754,39.30585383,42.689081,52.266527,44.919881,37.319527,37.734945,41.342028,38.158802,41.974762,39.086252,37.538334,2303.879664,0.20437495,0.0790935,2.583966456,0.009767129,0.028974196
 Ptbp1,ENSMUSG00000006498.17,46.01442075,26.93555817,27.372725,66.377063,51.142602,39.165293,25.498053,24.93225,29.662598,30.858935,27.365822,23.295691,807.7422207,-0.536778715,0.118207865,-4.540972919,5.60E-06,8.73E-05
 Mvd,ENSMUSG00000006517.6,3.9216305,4.088986333,2.890009,4.658141,4.613748,3.524624,4.024407,5.130181,4.25072,4.07693,4.125099,2.926581,70.60098871,0.42719965,0.182362157,2.342589369,0.019150447,0.049985433
 Cyba,ENSMUSG00000006519.12,88.6568465,46.36569,56.634092,105.239409,93.502699,99.251186,36.014056,45.687324,54.685893,49.228087,47.555043,45.023737,345.9661558,-0.574105537,0.140457792,-4.087388309,4.36E-05,0.000423524
 Itih3,ENSMUSG00000006522.18,0.4835385,0.126843,0.158688,1.038495,0.382557,0.354414,0.167389,0.049169,0.10159,0.033942,0.342144,0.066824,6.110633573,-1.981335796,0.65489924,-3.025405549,0.002482999,0.009858283
 Stimate,ENSMUSG00000006526.14,6.78372375,5.222733,5.830397,8.23694,7.138063,5.929495,6.21455,4.397273,5.375235,5.269568,5.352141,4.727631,173.9531732,-0.188150757,0.106251524,-1.770805259,0.076593091,0.150951737
 Sfmbt1,ENSMUSG00000006527.17,3.4423345,2.8442795,3.3092,3.201391,3.670812,3.587935,3.465599,2.830707,2.832484,2.541396,2.74497,2.650521,174.8764858,-0.046756041,0.158155372,-0.295633595,0.767509915,0.840349619
 Prkag3,ENSMUSG00000006542.14,0.84052575,1.0969415,0.632305,1.176312,1.005972,0.547514,0.886573,0.882982,1.391488,0.901108,1.312889,1.206609,29.396363,0.775814568,0.273623905,2.835331833,0.004577811,0.01594811
 Slc4a3,ENSMUSG00000006576.17,136.446845,167.2429123,128.97617,136.200254,132.415818,148.195138,159.917908,180.364078,174.644931,181.66156,169.798974,137.070023,4557.458912,0.667065781,0.120113502,5.553628609,2.80E-08,1.31E-06
 Cdt1,ENSMUSG00000006585.4,2.87161775,1.177117333,1.701003,3.173049,2.701843,3.910576,1.319237,0.609953,1.543718,1.103723,1.409832,1.076241,39.35122285,-0.857717991,0.272904852,-3.14291954,0.001672718,0.007211396
 Runx1t1,ENSMUSG00000006586.16,1.3286235,1.884048667,0.930038,1.978909,0.940537,1.46501,1.276503,1.66447,2.489729,1.311883,0.941995,3.619712,58.13241726,0.051592955,0.19864252,0.259727648,0.795073864,0.86045537
 Snai3,ENSMUSG00000006587.7,2.1223285,3.106349833,1.642485,2.021888,0.971822,3.853119,3.470651,4.022133,3.736012,2.632629,2.510074,2.2666,45.08133721,0.868296086,0.367799472,2.36078666,0.018236218,0.048166843
 Aprt,ENSMUSG00000006589.9,34.4773215,21.393305,23.585925,42.152718,32.37857,39.792073,20.062483,16.319985,22.02334,23.499355,25.374075,21.080592,156.2428923,-0.220115375,0.157848649,-1.394471071,0.163175399,0.272534317
 Gtf2h1,ENSMUSG00000006599.14,13.21704575,8.8705495,9.338905,17.412141,12.672049,13.445088,8.138349,9.083975,9.084673,7.97374,9.677092,9.265468,272.9255391,-0.099072455,0.090933952,-1.089499057,0.27593387,0.405515733
 Hfe,ENSMUSG00000006611.16,27.88251275,21.98850967,28.167575,25.547513,34.396694,23.418269,18.935902,20.946322,22.366285,23.214116,25.353587,21.114846,534.2140284,-0.049584332,0.107933847,-0.459395579,0.645950122,0.747072212
 Abhd1,ENSMUSG00000006638.17,2.25926425,2.9427785,2.528214,2.155382,2.50495,1.848511,2.871394,4.117983,3.02878,1.350191,4.034498,2.253825,34.98129344,0.723453824,0.320179272,2.259527356,0.023850601,0.059735658
 Slc5a6,ENSMUSG00000006641.13,8.55011175,8.7194695,7.099094,8.365897,8.217958,10.517498,5.881649,11.975554,8.08087,8.881535,10.393206,7.104003,206.1050709,0.330437199,0.139124438,2.375119747,0.017543258,0.046656237
 Tcf23,ENSMUSG00000006642.4,0.77476075,0.795516833,0.945344,0.852452,0.867272,0.433975,0.726415,0.872069,1.099141,0.674175,0.785646,0.615655,35.63454359,0.390000701,0.275313226,1.416570887,0.156608425,0.263852683
 Aplp1,ENSMUSG00000006651.9,4.17856525,1.764506833,2.245479,4.96324,3.761967,5.743575,0.814545,1.260839,2.627729,1.645005,2.53035,1.708573,61.92203091,-0.851079498,0.320016338,-2.659487652,0.00782596,0.024351147
 Qrich1,ENSMUSG00000006673.15,26.02599675,20.47935017,22.391241,34.228013,25.388842,22.095891,18.315403,17.343862,20.31789,22.815675,23.873988,20.209283,551.7702531,0.007428581,0.094266033,0.078804434,0.937188177,0.958483432
 P4htm,ENSMUSG00000006675.11,9.59735525,9.1588525,8.061869,11.7539,11.103256,7.470396,7.263258,12.361088,8.855692,8.316422,9.432294,8.724361,163.355669,0.284895581,0.151207842,1.884132305,0.059547081,0.123994924
 Usp19,ENSMUSG00000006676.18,67.23214475,57.1607945,53.447092,69.782013,75.994726,69.704748,49.963666,52.399755,63.998063,60.462136,61.444753,54.696394,2333.704769,0.130670766,0.051624541,2.53117538,0.011368099,0.03278836
 Pola1,ENSMUSG00000006678.7,1.4321045,1.185232167,0.97325,1.934648,1.694537,1.125983,1.536896,1.09113,1.011725,1.27875,1.025794,1.167098,69.0969173,0.120343667,0.173177683,0.694914408,0.487108943,0.613070953
 Cdc42,ENSMUSG00000006699.18,116.5672805,73.69558433,90.061153,148.43991,122.230663,105.537396,74.329165,65.520603,69.779594,76.563054,77.34243,78.63866,1827.181752,-0.331322286,0.078634445,-4.213449787,2.51E-05,0.000279809
 Pknox1,ENSMUSG00000006705.14,5.39026,4.7056635,4.703176,5.201802,6.395152,5.26091,3.053899,5.360246,4.815543,5.611669,4.245306,5.147318,166.2900126,-0.045833538,0.132252376,-0.346561169,0.728921022,0.811866994
 Gmnn,ENSMUSG00000006715.12,34.53144625,39.4895095,35.468486,31.53837,34.563621,36.555308,36.536678,37.275694,38.090959,32.206198,46.71427,46.113258,299.9395495,0.500217072,0.154859096,3.230143308,0.001237282,0.005742144
 Acot13,ENSMUSG00000006717.8,285.8939523,331.8701343,300.693447,262.268269,289.969752,290.644341,296.871538,327.284028,326.794893,349.809176,385.162009,305.299162,1744.05383,0.540430718,0.127564035,4.236544546,2.27E-05,0.000259478
 Cdk4,ENSMUSG00000006728.13,43.4649135,32.08546283,32.426966,56.813489,40.749296,43.869903,27.345206,28.599063,28.133335,33.441596,46.991059,28.002518,632.2340601,-0.180020451,0.093012867,-1.93543599,0.052936816,0.11290316
 B4galnt1,ENSMUSG00000006731.11,11.0726425,2.0388265,3.224188,14.137639,9.333434,17.595309,1.753866,1.357639,2.170698,1.907185,2.929071,2.1145,115.7670176,-1.999592878,0.345300735,-5.790873497,7.00E-09,4.41E-07
 Mettl1,ENSMUSG00000006732.15,8.59073825,5.825556167,5.407285,13.787617,9.205791,5.96226,5.605195,6.059027,6.753672,5.45213,6.793632,4.289681,108.8302705,-0.108986587,0.195362607,-0.557868205,0.576934384,0.693061599
 Tspan31,ENSMUSG00000006736.10,46.36854775,32.72881917,42.707945,51.657479,49.998296,41.110471,35.562378,29.125798,32.637676,34.534439,34.825514,29.68711,551.783216,-0.154409271,0.09831926,-1.570488544,0.116301498,0.208991767
 Kif5b,ENSMUSG00000006740.15,44.7298295,34.100955,40.51,59.876234,47.366998,31.166086,34.721417,33.88407,36.747887,30.350301,31.407333,37.494722,2388.663153,0.009954113,0.120158211,0.082841718,0.933977397,0.957052992
 Saal1,ENSMUSG00000006763.15,3.05039075,1.7804155,2.414246,4.064983,2.748109,2.974225,1.630735,1.913662,1.581001,1.547606,2.738128,1.271361,78.25298299,-0.299098636,0.170265286,-1.756662462,0.078975359,0.154300993
 Cnp,ENSMUSG00000006782.17,9.40673125,4.708220167,5.920484,10.159433,6.614736,14.932272,3.464357,4.232538,5.458666,5.167234,5.744015,4.182511,153.8552418,-0.66142081,0.261084075,-2.533363282,0.01129738,0.032634663
 Sulf2,ENSMUSG00000006800.15,56.204434,24.23724467,33.141832,80.209977,74.763101,36.702826,15.647071,26.613206,25.265473,29.056216,26.078226,22.763276,1409.389132,-0.798874247,0.179706496,-4.445438898,8.77E-06,0.000124143
 Sod2,ENSMUSG00000006818.6,465.1744828,586.5807775,503.075824,345.905935,482.233635,529.482537,551.206883,612.920599,654.552743,593.80572,570.874917,536.123803,7056.999651,0.637258426,0.186942304,3.408850823,0.000652371,0.003435106
 Tmco6,ENSMUSG00000006850.9,3.71023075,2.567516,1.960487,5.322823,3.9952,3.562413,1.822533,3.612877,2.987539,2.159221,2.575465,2.247461,45.65710515,-0.158325685,0.260948341,-0.60673191,0.544028842,0.66443407
 Stambp,ENSMUSG00000006906.11,9.60372825,5.853674833,6.594608,11.05909,10.410738,10.350477,5.105039,5.603682,5.349084,7.435651,6.066538,5.562055,158.1851849,-0.231493228,0.111139472,-2.082907395,0.037259665,0.085311875
 Ezh1,ENSMUSG00000006920.15,19.71462675,15.7440705,18.86631,21.232322,21.801221,16.958654,13.549358,16.648836,15.372555,15.470862,16.694056,16.728756,701.4584068,0.081792072,0.075781495,1.079314575,0.280447518,0.410171317
 Hap1,ENSMUSG00000006930.16,1.509727,0.906949167,0.636677,1.712036,2.204497,1.485698,1.275329,0.71018,0.685877,1.323914,0.870163,0.576232,30.02533331,-0.26000824,0.31840058,-0.816607306,0.414152879,0.545626018
 P3h4,ENSMUSG00000006931.16,22.52527025,21.2319085,21.713897,24.598663,22.328334,21.460187,24.103411,19.771054,18.991203,23.358588,20.948503,20.218692,489.8790127,0.261356647,0.117770028,2.219211892,0.026472312,0.064898265
 Ctnnb1,ENSMUSG00000006932.18,211.2949153,164.158931,171.703818,261.499487,245.083192,166.893164,144.057331,166.049627,183.866014,155.664697,184.761323,150.554594,6035.799666,0.034207019,0.069726999,0.490584995,0.623720001,0.729778648
 Eif1b,ENSMUSG00000006941.6,42.8768865,37.3652735,40.71734,52.177177,41.769498,36.843531,39.130542,34.790618,35.838924,40.487168,37.828835,36.115554,356.8996354,0.151256708,0.09889384,1.529485638,0.126144097,0.22244948
 Chrd,ENSMUSG00000006958.15,4.46372375,2.002875,2.300523,7.440828,4.246996,3.866548,1.322017,2.046835,2.246273,2.360657,1.930969,2.110499,91.27686035,-0.553886133,0.198124687,-2.795644203,0.005179639,0.017550245
 Psmd2,ENSMUSG00000006998.17,96.83155725,94.075077,90.19964,101.882879,104.116643,91.127067,90.786163,98.346665,97.520318,89.490402,101.869286,86.437628,2974.867412,0.305138998,0.081084546,3.763220143,0.000167739,0.001201964
 Vars1,ENSMUSG00000007029.17,22.97504375,16.653932,15.156441,27.246053,21.518552,27.979129,12.567777,16.74077,17.41279,15.83656,22.612441,14.753254,746.283469,-0.109512229,0.143526356,-0.763011284,0.445456666,0.574395422
 Vwa7,ENSMUSG00000007030.9,4.23806225,4.681417667,4.026323,3.928651,4.477004,4.520271,4.125825,4.900005,5.195129,4.398849,4.489829,4.978869,215.7624922,0.476296738,0.136596434,3.486889986,0.000488672,0.002741669
 Hspa1l,ENSMUSG00000007033.5,3.822883,4.909737833,3.540918,4.975488,3.704662,3.070464,5.11654,4.117937,5.614431,4.104258,5.235971,5.26929,117.4763727,0.735248891,0.153496928,4.789990915,1.67E-06,3.51E-05
 Msh5,ENSMUSG00000007035.16,0.68630825,0.288194,0.058304,0.829581,0.666393,1.190955,0.404546,0.127516,0.423618,0.393083,0.294753,0.085648,6.747769378,-0.701997085,0.621947728,-1.128707532,0.259021231,0.386599732
 Abhd16a,ENSMUSG00000007036.16,47.02618725,37.999609,34.074931,55.216592,53.611513,45.201713,35.576336,41.586859,40.674944,36.123104,43.21376,30.822651,678.990798,0.0842573,0.090638737,0.929594812,0.352580914,0.486413207
 Neu1,ENSMUSG00000007038.6,12.696103,9.866579167,11.009588,14.517266,12.771139,12.486419,8.983776,10.255851,10.200044,8.852422,11.185645,9.721737,302.0296939,-0.004350028,0.097712613,-0.044518597,0.964491028,0.977166003
 Ddah2,ENSMUSG00000007039.13,38.320988,19.42167917,26.885524,52.048831,47.645206,26.704391,16.275211,16.050924,19.534631,19.835353,27.937892,16.896064,311.3563404,-0.554678493,0.177583386,-3.12348191,0.001787249,0.00759769
 Clic1,ENSMUSG00000007041.10,63.07364125,30.40928983,37.801929,83.037553,74.958241,56.496842,23.047626,26.266399,34.719466,29.523345,41.153379,27.745524,576.474668,-0.663196215,0.15869648,-4.179022835,2.93E-05,0.000316728
 Lsm2,ENSMUSG00000007050.18,13.0476595,9.3164195,9.681022,11.556464,15.531459,15.421693,9.489041,8.170741,10.855907,7.284429,11.618154,8.480245,71.04928828,-0.005688749,0.175870635,-0.032346213,0.974195955,0.983122522
 Pole,ENSMUSG00000007080.15,1.26321325,1.023317333,1.001889,1.685965,1.611765,0.753234,1.031097,0.501222,0.922492,1.576979,1.393646,0.714468,66.98302289,0.006868535,0.19599924,0.03504368,0.972044911,0.981970567
 Atp1a2,ENSMUSG00000007097.15,295.7089295,319.418538,290.986752,287.884443,318.519021,285.445502,265.315407,370.182013,332.243048,331.121693,300.528547,317.12052,15304.03801,0.46589989,0.109182345,4.267172415,1.98E-05,0.0002348
 Casq1,ENSMUSG00000007122.12,2.9274205,7.892945,2.673398,4.564445,1.868663,2.603176,16.511582,4.041961,7.45464,3.029264,8.176767,8.143456,101.2085721,1.907360893,0.403042865,4.732402082,2.22E-06,4.33E-05
 Stx1a,ENSMUSG00000007207.11,2.87059975,1.569618833,2.287789,3.600394,3.428634,2.165582,1.68624,1.122426,1.452473,1.593632,1.47333,2.089612,40.01965292,-0.36311649,0.210783588,-1.722698114,0.084943132,0.163379059
 Zfp775,ENSMUSG00000007216.7,4.7847385,4.8427555,4.246888,4.867565,4.478564,5.545937,3.89194,5.68771,4.491351,4.662597,5.996267,4.326668,214.5886668,0.434657352,0.137716981,3.156163813,0.001598591,0.00696977
 Scube2,ENSMUSG00000007279.15,7.22298125,8.232128,6.688688,10.818429,5.461142,5.923666,5.5053,10.565883,8.893616,7.951669,9.354138,7.122162,159.2913819,0.241356802,0.197345838,1.223014403,0.221324256,0.344252991
 Mrpl49,ENSMUSG00000007338.11,23.218271,22.360385,21.44772,21.375332,26.326485,23.723547,21.731918,22.213851,22.842011,22.427636,22.56827,22.378624,395.5963187,0.34883099,0.151902177,2.296418627,0.021651957,0.055240519
 Dennd2c,ENSMUSG00000007379.16,1.436861,0.958324333,1.673035,1.66182,1.382762,1.029827,0.71502,0.905721,1.181391,0.570868,1.525502,0.851444,56.05484852,-0.253334372,0.221215506,-1.14519265,0.252129362,0.37929745
 Mark3,ENSMUSG00000007411.17,25.439354,20.23022033,21.363322,29.463529,28.541373,22.389192,20.058729,19.883051,21.143615,21.671075,20.3598,18.265052,688.7476781,0.009754455,0.07102948,0.137329673,0.890770217,0.927362132
 Gatad1,ENSMUSG00000007415.16,70.26102875,59.92319117,68.306834,68.533557,77.396098,66.807626,57.324624,53.967442,57.804986,73.082082,60.749926,56.610087,855.3412101,0.155131772,0.104300347,1.487356243,0.136920747,0.236739223
 M6pr,ENSMUSG00000007458.15,34.99577375,22.84273867,25.935909,43.175713,37.257344,33.614129,20.482222,21.698463,25.116375,24.509548,24.882703,20.367121,716.0131537,-0.250144233,0.081818697,-3.05729914,0.002233413,0.009031505
 Lrrc8a,ENSMUSG00000007476.19,17.71777375,12.80741383,13.21107,22.621157,19.608322,15.430546,11.415599,12.909239,13.260155,11.135567,14.339237,13.784686,680.1024777,-0.098207655,0.092831882,-1.057908688,0.290097074,0.420902497
 Ppp2r1a,ENSMUSG00000007564.16,104.6925543,103.7135635,95.542906,108.371189,113.121693,101.734429,98.398171,108.965252,112.455823,106.135183,101.313025,95.013927,2607.320641,0.346345893,0.083220078,4.161806888,3.16E-05,0.000335067
 Fance,ENSMUSG00000007570.17,9.51832275,6.883959167,6.793615,12.749897,8.660402,9.869377,6.810456,7.217377,5.378939,4.839636,9.877519,7.179828,113.4101742,-0.172383666,0.149414517,-1.153727698,0.248611825,0.375857258
 Tinf2,ENSMUSG00000007589.10,9.556871,7.454658667,7.603884,10.608554,10.355577,9.659469,7.243636,6.327544,6.850223,7.560188,8.88891,7.857451,202.5516547,-0.027893256,0.128388922,-0.217255937,0.828008894,0.884135943
 Dus3l,ENSMUSG00000007603.10,19.316561,14.79523433,15.4418,24.331589,19.134091,18.358764,14.081629,14.884647,16.903196,14.217488,15.517112,13.167334,377.9098855,-0.014128767,0.090507249,-0.156106472,0.875949097,0.916801538
 Gtpbp3,ENSMUSG00000007610.17,10.45585875,9.278256333,8.592512,12.341824,11.97919,8.909909,7.645262,10.155291,10.317688,8.654698,10.597811,8.298788,211.7524862,0.104062726,0.109172255,0.953197552,0.340489987,0.473945638
 Tgfbr1,ENSMUSG00000007613.16,14.02934725,5.432039167,7.787592,23.040871,16.695891,8.593035,5.414111,6.089899,5.439393,5.537537,4.890626,5.220669,477.0178409,-0.917100207,0.187242208,-4.897935235,9.68E-07,2.23E-05
 Homer1,ENSMUSG00000007617.19,16.939516,15.69252933,18.022266,14.556456,19.994335,15.185007,17.297866,16.604875,14.073675,15.675467,13.332626,17.170667,579.7177095,0.225119044,0.166553725,1.351630194,0.176493646,0.288887939
 Rad51c,ENSMUSG00000007646.14,0.6722935,0.758938333,0.688773,0.292419,0.785835,0.922147,1.327719,0.401796,0.510658,1.09943,0.628825,0.585202,15.25882621,0.412235571,0.468480341,0.879942091,0.378890681,0.511299554
 Cav1,ENSMUSG00000007655.17,203.8050493,154.5448178,189.347136,190.848671,278.085159,156.939231,132.890474,159.546957,176.06098,138.528523,154.446549,165.795424,3878.688576,-0.146066841,0.127059847,-1.149590874,0.250312419,0.377726434
 Arpp19,ENSMUSG00000007656.15,106.1733225,108.0441248,109.466536,106.438557,110.182158,98.606039,103.637184,113.43561,101.547826,99.526907,115.195311,114.921911,638.7025206,0.259210116,0.092825218,2.792453622,0.005230997,0.017671502
 Bcl2l1,ENSMUSG00000007659.19,30.8637005,27.00503683,25.611531,32.155978,39.113467,26.573826,25.89669,31.475914,24.172672,22.999922,28.325267,29.159756,657.540454,0.127891297,0.100460097,1.273055681,0.202998284,0.32191319
 Khsrp,ENSMUSG00000007670.11,18.75541675,14.02935067,14.38222,24.054403,20.616122,15.968922,12.944478,12.382098,13.526292,14.093082,14.95714,16.273014,598.9898493,-0.095244897,0.083178673,-1.145063912,0.252182683,0.379315341
 Dio2,ENSMUSG00000007682.9,1.9623715,0.296570667,0.606878,4.992777,1.863277,0.386554,0.524162,0.103522,0.14693,0.317121,0.43544,0.252249,57.55425952,-2.207889619,0.569831988,-3.874632638,0.000106786,0.000841571
 Ccdc124,ENSMUSG00000007721.7,32.7531345,37.71084567,28.811791,34.859471,35.710406,31.63087,37.382282,41.634582,38.351885,36.575736,39.384857,32.935732,458.8711522,0.551482191,0.098162415,5.618058543,1.93E-08,9.85E-07
 Cct4,ENSMUSG00000007739.11,64.1991565,54.66665117,61.920277,71.686723,65.96492,57.224706,54.811307,55.177853,51.072886,57.57263,59.593571,49.77166,1273.512694,0.162436389,0.07598743,2.137674455,0.032543174,0.076530448
 Trappc2b,ENSMUSG00000007777.10,20.60582675,19.908248,22.545626,21.172256,19.953463,18.751962,14.832128,20.365927,19.467605,22.59921,22.284825,19.899793,132.7732631,0.282802171,0.156537138,1.806613912,0.070822499,0.14207222
 Cpt1c,ENSMUSG00000007783.11,7.03319475,2.673833167,2.446307,12.570842,7.486995,5.628635,2.514394,2.302435,2.63237,2.990433,3.53144,2.071927,103.917916,-1.168268406,0.285572613,-4.09096794,4.30E-05,0.00041859
 Twist2,ENSMUSG00000007805.5,1.92083275,0.678704667,1.775228,2.337815,2.667292,0.902996,0.554898,0.588738,0.644412,0.948016,0.65403,0.682134,13.82856776,-1.153566386,0.381507217,-3.023707901,0.002496974,0.009898772
 Zfp655,ENSMUSG00000007812.18,15.59249875,14.47508583,12.900658,17.086092,16.538274,15.844971,15.631276,15.562815,14.061345,13.565074,13.835707,14.194298,372.5345049,0.146089002,0.102221631,1.429139813,0.152964052,0.258743788
 Rhoa,ENSMUSG00000007815.14,135.5376113,101.9083948,111.054543,171.596666,144.291252,115.207984,98.490714,95.858704,104.241281,104.041921,101.151695,107.666054,2443.276129,-0.041366676,0.064909028,-0.637302344,0.523927924,0.645964193
 Zmiz1,ENSMUSG00000007817.16,31.82564875,20.28049683,24.415013,46.098286,35.172564,21.616732,17.224779,22.536366,21.627257,20.115684,19.685887,20.493008,1788.322163,-0.249608037,0.119768321,-2.084090643,0.037151923,0.085094915
 Ankrd26,ENSMUSG00000007827.11,1.50007725,1.068025,1.66959,1.186575,1.733862,1.410282,1.269157,0.818982,0.573723,1.425339,1.622611,0.698338,66.33621624,-0.111722163,0.190574416,-0.586239041,0.55771489,0.676171262
 Aldh16a1,ENSMUSG00000007833.16,12.82713175,9.2834645,7.532339,16.076973,16.120873,11.578342,5.433021,11.701948,8.853528,7.574398,12.57516,9.562732,227.5613663,-0.039656988,0.118170772,-0.335590496,0.737179692,0.817314697
 Hnrnpa0,ENSMUSG00000007836.7,60.02530625,43.16048433,45.557151,71.772616,62.939467,59.831991,42.599747,37.64353,43.0461,45.458319,46.391687,43.823523,1383.237812,-0.113548232,0.079552782,-1.427332018,0.153484216,0.259422767
 Prrg2,ENSMUSG00000007837.12,10.85977075,7.811569167,6.21261,15.678666,12.971831,8.575976,9.038268,6.04824,7.307096,7.055933,11.391872,6.028006,94.97080245,-0.260989059,0.174575654,-1.49499116,0.134916749,0.23422656
 Hnrnph1,ENSMUSG00000007850.17,108.7317778,80.84574033,87.236697,113.612438,123.957091,110.120885,81.504351,72.867407,76.41686,88.612179,84.301846,81.371799,1777.246234,-0.020401731,0.092101366,-0.221513876,0.824692333,0.882391846
 Ift43,ENSMUSG00000007867.10,27.039316,24.84395783,19.291125,37.548509,31.303732,20.013898,21.012655,27.085645,26.814728,27.351918,27.899226,18.899575,157.3792102,0.26486712,0.154768533,1.711375789,0.087011764,0.166453974
 Id3,ENSMUSG00000007872.4,77.955342,46.0405335,46.108761,114.698522,90.227376,60.786709,43.207465,36.739399,50.298616,48.97776,51.665025,45.354936,630.5647331,-0.363177872,0.147552871,-2.461340604,0.013841889,0.038508129
 Tcap,ENSMUSG00000007877.3,1604.075546,2173.541849,1735.717797,1271.818742,1685.648247,1723.117399,2401.205496,2403.066787,2178.731958,1774.536426,2559.314445,1724.395982,16245.413,0.755590046,0.182193099,4.147193552,3.37E-05,0.000352329
 Arid1a,ENSMUSG00000007880.17,22.2283825,15.43142283,17.084469,25.294414,25.907528,20.627119,12.216372,16.323095,17.20315,17.123053,14.618939,15.103928,1541.977563,-0.140691572,0.081911171,-1.717611532,0.085867496,0.164595838
 Crlf1,ENSMUSG00000007888.16,17.15791625,0.986540833,1.186493,57.143405,9.666976,0.634791,0.612607,0.325916,0.249542,1.534775,2.076183,1.120222,74.63186184,-3.211124222,1.01171137,-3.173952887,0.001503781,0.00664931
 Ctsd,ENSMUSG00000007891.17,801.1900735,585.2589043,606.55012,1120.971415,857.645024,619.593735,473.31022,604.759145,643.780831,572.403234,685.119446,532.18055,14258.76536,-0.073278068,0.106647053,-0.687108235,0.492014525,0.617539013
 Rplp1,ENSMUSG00000007892.9,1378.384114,989.9478888,1023.869667,1604.000577,1373.97934,1511.686871,923.941097,966.379127,1034.233053,1008.71589,1117.884326,888.53384,3247.243963,-0.114953348,0.095708627,-1.201076143,0.229721666,0.354370546
 Ttc9b,ENSMUSG00000007944.9,1.277262,1.4024825,1.304134,1.602252,0.975922,1.22674,1.041302,1.615185,1.23602,1.548999,1.802375,1.171014,28.57174935,0.486535582,0.267401947,1.819491546,0.068836471,0.139009367
 Abhd8,ENSMUSG00000007950.10,17.20377,15.293988,13.078977,19.689275,20.103652,15.943176,14.926456,17.588538,15.326874,15.876422,14.722445,13.323193,318.8965321,0.192969869,0.105598153,1.82739815,0.067639927,0.137036464
 Ift22,ENSMUSG00000007987.13,7.0850025,4.582940667,6.208702,9.288684,6.697761,6.144863,3.505635,5.052648,6.478743,2.996094,4.773923,4.690601,106.4235481,-0.171152862,0.144967718,-1.180627416,0.237750767,0.363463876
 Fzd3,ENSMUSG00000007989.8,0.325913,0.264737,0.25089,0.395677,0.275444,0.381641,0.22465,0.263047,0.357294,0.208832,0.124508,0.410091,41.80148198,0.056021041,0.323151526,0.17335843,0.862369698,0.906643451
 Mid1ip1,ENSMUSG00000008035.13,141.6355878,145.7584957,133.383412,125.690146,175.646718,131.822075,120.13402,188.260494,147.870952,173.666287,142.74735,101.871871,2394.381078,0.454197483,0.143946218,3.155327664,0.001603179,0.00698513
 Ap2s1,ENSMUSG00000008036.12,75.35672825,59.46000967,55.54807,81.695743,90.549389,73.633711,56.813729,56.291576,64.972163,56.999856,69.254303,52.428431,444.1478768,0.02053063,0.106290314,0.193156168,0.846836665,0.897389668
 Fgfrl1,ENSMUSG00000008090.15,17.340502,11.01888333,15.291043,25.364599,16.089487,12.616879,9.77248,9.613038,11.76105,11.352825,12.364643,11.249264,232.9186586,-0.279453536,0.143345678,-1.949507928,0.051234797,0.110079221
 Fhl2,ENSMUSG00000008136.15,919.5715268,1094.525367,929.88898,852.777675,949.244348,946.375104,1040.224502,1107.225504,1100.939757,1044.885658,1267.278687,1006.598094,14777.69202,0.575112135,0.11758844,4.890890094,1.00E-06,2.29E-05
 Emc10,ENSMUSG00000008140.19,74.41242925,66.858178,53.386628,91.391283,79.716106,73.1557,64.360766,70.950833,67.643187,68.490767,68.249197,61.454318,1191.431955,0.184125506,0.07834359,2.350230656,0.018761781,0.049262951
 Fbxw9,ENSMUSG00000008167.15,5.66684525,3.391723,3.348107,7.614487,7.285534,4.419253,2.691856,2.953946,3.447499,3.366588,4.149513,3.740936,68.69615963,-0.425130741,0.190857583,-2.227476286,0.025915459,0.063771687
 Spib,ENSMUSG00000008193.14,3.370982,0.042308167,0.205737,1.015031,0.363139,11.900021,0,0.035872,0.125656,0.036669,0.055652,0,37.03589713,-6.761469763,1.3880393,-4.871237985,NA,NA
 Fnbp4,ENSMUSG00000008200.16,20.08631625,13.205894,14.115832,22.945217,23.410395,19.873821,10.671486,13.395422,12.585956,14.408458,15.836976,12.337066,444.4274876,-0.145821996,0.108521163,-1.34371943,0.179039132,0.2918516
 Cers4,ENSMUSG00000008206.17,19.40149975,18.7712105,13.469045,23.596257,21.702781,18.837916,14.936003,18.655836,19.134339,23.048454,22.017363,14.835268,575.4206177,0.281227529,0.089420519,3.144999951,0.001660869,0.007179203
 Scrn3,ENSMUSG00000008226.15,14.07174025,12.96385133,18.630466,11.772707,15.985839,9.897949,10.668828,14.430497,14.58172,16.756692,10.501019,10.844352,350.2777445,0.357652787,0.118847594,3.009339736,0.002618162,0.010304392
 Phax,ENSMUSG00000008301.12,14.74913775,11.10324417,8.238389,21.110307,17.3549,12.292955,10.388184,9.002268,10.026829,11.528499,12.760373,12.913312,189.0057106,-0.01920672,0.157685213,-0.121804193,0.903054093,0.93605085
 Tle1,ENSMUSG00000008305.20,7.76851025,5.4427505,6.099774,10.156146,8.945581,5.87254,4.853019,4.602931,7.196618,5.509434,5.743708,4.750793,180.2180691,-0.167403807,0.137305218,-1.219209353,0.222764743,0.34589392
 1700109H08Rik,ENSMUSG00000008307.12,1.58697775,1.0200955,1.056573,2.440628,2.045823,0.804887,0.862522,0.736326,0.843288,1.315986,1.712994,0.649457,25.03894045,-0.264670222,0.331608592,-0.798140424,0.424789006,0.555395521
 Relt,ENSMUSG00000008318.11,2.93811875,1.545632,2.802768,2.570633,2.158336,4.220738,0.88424,2.158176,1.285096,1.753278,1.889547,1.303455,51.2493518,-0.276678088,0.230448302,-1.20060806,0.229903273,0.354560494
 Snrpb2,ENSMUSG00000008333.13,8.40519975,5.2016135,6.141153,9.593169,8.119256,9.767221,6.30827,4.95109,4.26617,5.430262,5.062931,5.190958,126.2978506,-0.258899975,0.149454048,-1.732304875,0.083219295,0.160723854
 Ubc,ENSMUSG00000008348.10,115.2902603,97.32013283,112.507229,120.859708,120.748028,107.046076,83.789476,112.433265,103.194826,99.690789,101.92793,82.884511,2863.790216,0.0967854,0.105362339,0.918595774,0.358307043,0.492395104
 Prpf31,ENSMUSG00000008373.17,12.40773825,11.5099185,11.425156,13.404705,12.394112,12.40698,9.396024,11.388808,11.501239,13.241075,12.463972,11.068393,214.68208,0.156671972,0.11648817,1.344960365,0.178638034,0.291524104
 Sertad1,ENSMUSG00000008384.9,10.56547,8.475198167,6.820621,14.50462,12.733414,8.203225,8.35899,6.551057,9.722421,6.242754,10.610206,9.365761,102.1759413,0.063222869,0.185094596,0.341570582,0.732674079,0.814329726
 Carhsp1,ENSMUSG00000008393.10,27.7307145,13.22552017,18.152663,39.391186,33.187817,20.191192,12.280715,11.241618,14.552071,12.775303,16.030954,12.47246,544.6026046,-0.673522033,0.142882463,-4.71381875,2.43E-06,4.62E-05
 Elk3,ENSMUSG00000008398.17,25.93773875,14.67499083,20.72208,36.177577,27.0593,19.791998,12.58962,10.906341,16.992015,14.556564,17.458134,15.547271,665.5731883,-0.392997281,0.135056718,-2.909868434,0.003615809,0.013286199
 Herpud2,ENSMUSG00000008429.9,22.74772025,17.41475933,17.861856,31.99779,23.083164,18.048071,17.033788,15.826963,17.670171,16.617982,17.597991,19.741661,576.8294369,-0.006828332,0.106844045,-0.063909334,0.94904242,0.965994871
 Rdh13,ENSMUSG00000008435.16,13.270761,14.64665333,13.454021,12.706181,17.365236,9.557606,12.757164,14.361493,18.755326,12.33088,14.908272,14.766785,351.6083184,0.444899047,0.139485101,3.189581148,0.001424791,0.006419153
 Nutf2,ENSMUSG00000008450.9,78.96643225,76.3017215,74.874253,79.639398,83.817203,77.534875,70.428961,74.839607,86.175449,76.919851,81.644787,67.801674,614.5991358,0.262499473,0.099522819,2.637580751,0.008349974,0.025592788
 Arpc5,ENSMUSG00000008475.14,45.08688525,23.398945,29.087452,58.694655,46.437505,46.127929,22.202324,18.401961,24.935004,24.772692,25.896732,24.184957,585.4852458,-0.572858172,0.125491144,-4.564929059,5.00E-06,7.97E-05
 Pou2f2,ENSMUSG00000008496.20,3.34206975,0.621097833,1.211208,3.674624,3.747934,4.734513,0.337763,0.281714,0.883497,1.240484,0.767818,0.215311,96.10386174,-2.161528358,0.375774675,-5.752192741,8.81E-09,5.25E-07
 Mgst1,ENSMUSG00000008540.12,57.09238825,41.92957167,46.906746,34.00851,56.187489,91.266808,60.790259,38.484225,38.7256,37.372384,39.702791,36.502171,337.9082751,-0.120082861,0.241804051,-0.496612278,0.619462493,0.726503395
 Nfib,ENSMUSG00000008575.18,23.95001525,20.9402605,23.613243,25.440821,27.581511,19.164486,22.948446,20.788546,20.591674,19.799432,18.638227,22.875238,1964.103873,0.153635731,0.103967592,1.477727128,0.13948083,0.240151834
 Ubqln4,ENSMUSG00000008604.12,34.80612775,35.22726017,34.452512,35.191932,36.263359,33.316708,30.363961,38.03685,36.77564,34.467253,35.726548,35.993309,1196.597338,0.362249996,0.09463336,3.827931237,0.000129225,0.000983559
 Rbfox1,ENSMUSG00000008658.18,14.27712825,17.84188083,21.880278,7.996466,11.696184,15.535585,14.6467,21.302598,17.755288,23.788313,11.969444,17.588942,342.1570344,0.500845967,0.271888164,1.842102868,0.065460104,0.133466106
 Rps18,ENSMUSG00000008668.16,601.984373,444.4585478,459.166525,658.551013,601.546778,688.673176,379.483487,496.710298,462.113807,466.421673,510.477486,351.544536,1804.946614,-0.083889148,0.13109509,-0.639910676,0.522230673,0.64423524
 Rpl10,ENSMUSG00000008682.14,711.1941255,468.1727815,497.256521,923.326508,739.642636,684.550837,416.940911,444.218902,503.158135,477.744892,530.652589,436.32126,3264.413775,-0.255017389,0.086210012,-2.958094806,0.003095469,0.011763914
 Rps15a,ENSMUSG00000008683.17,269.927813,202.5052257,198.072891,301.083194,258.044861,322.510306,188.383422,203.918891,217.062084,228.108383,215.387779,162.170795,1182.979656,-0.026269317,0.125936661,-0.208591497,0.834767149,0.888745594
 Ncaph2,ENSMUSG00000008690.16,34.90833025,30.76234433,28.599911,35.48394,40.407739,35.141731,28.370144,30.192783,33.468379,29.587685,33.625075,29.33,1033.770196,0.230374047,0.0680734,3.384200684,0.000713858,0.003697954
 Hipk1,ENSMUSG00000008730.18,26.420269,18.51278633,20.571885,27.990907,32.517133,24.601151,15.260184,23.527908,19.63803,17.948339,15.383084,19.319173,1626.83276,-0.091357908,0.103711068,-0.880888707,0.37837806,0.510818177
 Gprc5b,ENSMUSG00000008734.10,15.65476825,7.811779167,10.499677,21.284775,18.691288,12.143333,5.042584,8.476985,10.772551,7.219313,7.960778,7.398464,494.6593273,-0.639527593,0.143879334,-4.444888463,8.79E-06,0.000124327
 Man1a2,ENSMUSG00000008763.17,7.913152,6.5270785,6.661451,10.843231,8.294324,5.853602,5.639283,5.306744,8.446836,9.352235,5.106594,5.310779,497.5784614,-0.268548976,0.118866327,-2.259251905,0.02386772,0.059753646
 Acyp1,ENSMUSG00000008822.16,12.8864935,10.47518517,10.384063,15.74654,12.295692,13.119679,11.790226,12.231434,10.882171,6.060063,11.823133,10.064084,52.24713341,0.074895525,0.218647143,0.342540605,0.731944091,0.813919842
 Cd163,ENSMUSG00000008845.10,11.2936465,8.561352667,12.53361,5.675756,16.858793,10.106427,7.02574,12.928371,8.531879,8.715315,5.53074,8.636071,417.8068951,-0.096958478,0.30134044,-0.321757271,0.747636587,0.825138957
 Hdac5,ENSMUSG00000008855.18,57.04119975,53.27715733,54.361878,62.484986,59.388139,51.929796,46.717961,58.669992,58.633383,54.644145,55.295377,45.702086,1568.782109,0.277867935,0.07563944,3.673585321,0.000239171,0.001576747
 Rala,ENSMUSG00000008859.9,17.9077355,15.07986367,12.377532,21.473141,23.119069,14.6612,14.327869,18.567717,11.995529,15.306841,17.111275,13.169951,387.7073356,0.124444165,0.110856112,1.122573783,0.261618555,0.389099485
 Vdac3,ENSMUSG00000008892.14,171.3576775,195.5175713,185.275419,158.695515,177.537757,163.922019,196.933951,185.439978,186.68809,208.306179,198.827801,196.909429,2437.549352,0.521252875,0.125116171,4.166151113,3.10E-05,0.000330623
 Vps72,ENSMUSG00000008958.15,22.85247875,20.5385835,20.183851,27.123632,22.68706,21.415372,21.009354,20.51076,20.986837,17.27187,23.340455,20.112225,273.6400245,0.090487391,0.099381123,0.910508848,0.362554217,0.495891836
 Gabpa,ENSMUSG00000008976.17,15.8285735,14.844866,13.755739,17.21028,18.412027,13.936248,16.093814,15.367808,14.316033,16.447972,13.099486,13.744083,638.5653269,0.224264,0.12228122,1.834001986,0.066653699,0.135456277
 Bmp7,ENSMUSG00000008999.8,0.49443075,0.743045,0.508884,0.632466,0.29408,0.542293,0.672019,1.11878,0.692465,0.65319,0.598924,0.722892,26.41821957,0.934977637,0.317191873,2.947672113,0.003201765,0.012054676
 Dynll1,ENSMUSG00000009013.6,81.48283575,36.23851017,54.315005,116.24005,94.503067,60.873221,28.040008,23.902061,42.400249,46.227817,43.117323,33.743603,414.0727077,-0.60981895,0.191998679,-3.176162213,0.001492375,0.006621213
 Pdcl,ENSMUSG00000009030.15,9.2971775,7.0036985,7.905179,11.539284,9.988199,7.756048,7.684081,7.348732,7.568668,6.613465,6.014972,6.792273,205.8471829,-0.066152332,0.114669806,-0.576894078,0.564011011,0.681849305
 Tmem184b,ENSMUSG00000009035.16,42.4285405,27.766719,30.830149,57.157674,52.789991,28.936348,22.86332,30.332459,31.193302,27.298457,30.231493,24.681283,832.1730938,-0.290931246,0.12292914,-2.366658106,0.017949506,0.047543699
 Nf2,ENSMUSG00000009073.17,47.84604725,42.49220833,43.460583,55.851258,48.771987,43.300361,40.668371,39.869521,42.68733,43.788843,42.565688,45.373497,1828.207796,0.221786993,0.058777893,3.77330627,0.000161098,0.00116264
 Cabp7,ENSMUSG00000009075.3,0.619074,0.580146667,0.512365,0.780082,0.775079,0.40877,0.716611,0.535918,0.49777,0.665287,0.564241,0.501053,16.40587067,0.273689839,0.324252512,0.844063899,0.3986337,0.531214364
 Zmat5,ENSMUSG00000009076.11,22.58058275,20.26181867,18.416344,27.085404,23.6273,21.193283,19.795898,19.009815,20.432322,21.77881,21.137541,19.416526,131.8880485,0.204057472,0.115443828,1.767591007,0.077129303,0.15175749
 Ewsr1,ENSMUSG00000009079.17,83.153686,68.17210617,59.918577,94.735076,99.027724,78.933367,54.731547,68.751624,72.176422,72.945742,77.20893,63.218372,1221.351578,0.135917868,0.075602963,1.797784934,0.072211096,0.144202136
 Ap1b1,ENSMUSG00000009090.18,29.65926275,25.987554,25.320465,28.774983,34.995682,29.545921,21.376487,26.351842,29.23208,26.994472,28.766548,23.203895,1126.0485,0.132443349,0.092613535,1.430064725,0.152698443,0.258489807
 Tbx1,ENSMUSG00000009097.11,1.31167075,0.731628333,0.744198,3.063135,1.054303,0.385047,0.188455,0.452329,0.768796,1.224325,0.746388,1.009477,15.58965184,-0.470518494,0.507654019,-0.926848753,0.354005068,0.487864398
 Bcl2l13,ENSMUSG00000009112.5,19.62203225,22.83632933,18.808653,16.470181,18.868155,24.34114,16.496549,19.713279,26.287032,16.57216,26.585247,31.363709,1345.124717,0.293240406,0.118437698,2.475904309,0.013289919,0.037281182
 Dqx1,ENSMUSG00000009145.7,0.711006,0.608908,0.434098,1.059402,0.557381,0.793143,0.283167,0.48462,0.949614,0.851946,0.657658,0.426443,21.54016416,0.172114496,0.354816592,0.485080178,0.627619472,0.73255097
 Ccl8,ENSMUSG00000009185.3,37.93880925,3.419299,16.383773,15.22282,35.560764,84.58788,0,2.049671,5.549123,8.157909,4.038895,0.720196,47.82353411,-3.191047437,0.935920229,-3.409529291,0.000650751,0.003431517
 Lnpk,ENSMUSG00000009207.16,5.303034,4.208857333,4.301372,5.728519,6.431734,4.750511,3.706444,4.131285,4.555917,5.443271,3.29193,4.124297,126.6040117,-0.020233714,0.149198255,-0.135616292,0.892124625,0.928151524
 Prr29,ENSMUSG00000009210.11,0.81915725,1.459510167,0.707182,1.679057,0.581788,0.308602,2.019744,1.578073,1.649984,0.970574,1.90068,0.638006,11.50701652,1.134133836,0.485331541,2.33682285,0.019448397,0.05057355
 Rarres2,ENSMUSG00000009281.7,64.654846,33.7371355,44.169407,71.638683,66.573568,76.237726,30.488248,26.854775,39.684032,32.958281,40.139671,32.297806,326.5416563,-0.463613345,0.135122353,-3.431063274,0.00060122,0.00322142
 Pttg1ip,ENSMUSG00000009291.14,86.919973,67.1843755,71.566144,105.178986,99.574785,71.359977,60.40523,63.563481,71.66293,67.003301,70.200849,70.270462,1706.695852,0.001723991,0.066938672,0.025754779,0.979452931,0.986644001
 Trpm2,ENSMUSG00000009292.19,1.5976745,0.339294833,1.070241,2.429649,1.469842,1.420966,0.28328,0.311149,0.305692,0.671662,0.36819,0.095796,31.67368846,-1.672876049,0.378960258,-4.414383869,1.01E-05,0.000139896
 Ube2g2,ENSMUSG00000009293.18,57.6732815,47.5931475,46.367774,74.874153,62.830123,46.621076,40.133802,50.60484,54.119322,45.920385,51.05664,43.723896,1019.500424,0.117016307,0.08539254,1.370334058,0.170582646,0.28149788
 Met,ENSMUSG00000009376.16,1.19634175,0.514595333,0.939053,1.224174,1.105919,1.516221,0.324105,0.415092,0.818024,0.425823,0.7001,0.404428,53.90723257,-0.793052506,0.287157386,-2.761734658,0.005749518,0.019009381
 Slc16a12,ENSMUSG00000009378.5,1.510698,1.493572,1.144659,2.140519,1.433398,1.324216,1.656842,2.037606,0.696411,1.567313,1.245072,1.758188,66.4529318,0.362101076,0.277673393,1.304053918,0.192215199,0.308670339
 Syn2,ENSMUSG00000009394.14,1.5543175,1.4408665,1.312024,1.562149,1.656601,1.686496,1.120376,1.582931,1.486001,1.10725,1.58221,1.766431,50.09829396,0.205696501,0.204984225,1.003474785,0.315631837,0.448273825
 Elk1,ENSMUSG00000009406.14,5.62284725,4.351106667,4.688077,6.546708,5.517555,5.739049,4.605592,4.5513,4.386014,3.668938,4.591,4.303796,182.7275717,0.001758427,0.118561412,0.014831362,0.988166719,0.992567405
 Nav1,ENSMUSG00000009418.18,34.62616575,14.1350285,19.168245,54.592592,45.542177,19.201649,9.237392,15.49924,14.341515,16.505094,15.833695,13.393235,1369.283015,-0.856510489,0.195298008,-4.385659114,1.16E-05,0.000154793
 Tnpo1,ENSMUSG00000009470.18,21.284158,16.22589567,18.183143,24.889469,24.739563,17.324457,14.674336,19.924807,15.739015,17.932889,13.317767,15.76656,1311.001203,-0.069656488,0.110902041,-0.62809023,0.529944833,0.65172722
 Rnmt,ENSMUSG00000009535.14,8.23196575,6.1571495,5.581515,11.833342,9.745099,5.767907,6.045123,6.543153,6.360724,5.767717,6.560026,5.666154,171.0955963,-0.144423956,0.123571918,-1.16874415,0.242506728,0.368711506
 Kcnq1,ENSMUSG00000009545.15,17.24692,17.30688717,16.954972,18.724008,17.152555,16.156145,15.286514,20.173452,16.552725,19.55574,17.866755,14.406137,546.6468835,0.353458718,0.11633226,3.038355109,0.002378735,0.009530937
 Srp14,ENSMUSG00000009549.15,90.88485575,78.99050383,68.094794,109.147435,94.918841,91.378353,80.729963,79.216826,75.643372,77.259782,84.58154,76.51154,527.8364994,0.164533678,0.085594572,1.92224429,0.054575026,0.115681755
 Cdk9,ENSMUSG00000009555.17,31.66654075,19.60883667,21.069722,40.563155,33.827658,31.205628,16.407528,18.389448,19.74871,22.988322,23.08299,17.036022,376.9355221,-0.255520432,0.114840857,-2.224995856,0.026081516,0.064132149
 Tor2a,ENSMUSG00000009563.17,16.2321095,8.415207167,9.886088,27.786151,12.311083,14.945116,5.946659,9.409316,8.35303,7.625149,9.632442,9.524647,152.532443,-0.453610983,0.169756281,-2.672130775,0.007537127,0.023612459
 Fpgs,ENSMUSG00000009566.13,8.082336,5.571919667,6.201397,9.449183,9.638224,7.04054,3.967027,4.659617,5.452905,5.057642,6.935144,7.359183,124.4859573,-0.089080637,0.151724436,-0.587121225,0.557122293,0.675591072
 Mrtfb,ENSMUSG00000009569.15,10.72247575,8.382635333,8.955329,13.377657,10.78845,9.768467,6.735517,9.43029,9.218151,8.660738,8.055001,8.196115,801.0495263,-0.003647287,0.092137619,-0.039585209,0.96842382,0.979787138
 Cbx5,ENSMUSG00000009575.15,18.779976,13.2706265,14.735483,25.13737,20.812548,14.434503,14.863941,13.871744,10.436411,14.649575,12.664975,13.137113,1071.230664,-0.075232357,0.104048052,-0.723053968,0.469646728,0.596780107
 Apobec3,ENSMUSG00000009585.19,22.0482295,9.277269833,15.360763,20.902364,20.564293,31.365498,6.394029,9.377797,9.897028,7.927923,12.864346,9.202496,281.3576433,-0.955570194,0.21620912,-4.4196572,9.89E-06,0.000136959
 Sardh,ENSMUSG00000009614.17,9.28553075,7.1409265,5.759127,12.466421,11.841561,7.075014,7.196634,7.219045,6.565238,7.412167,7.496966,6.955509,159.422586,-0.378136476,0.204942672,-1.84508415,0.065025298,0.132765472
 Vav2,ENSMUSG00000009621.19,10.14245425,7.281818833,8.296703,11.071666,11.359438,9.84201,5.944273,7.352609,6.536792,7.309641,8.596712,7.950886,429.1505236,-0.094271843,0.086271352,-1.092736364,0.274509569,0.403875439
 Ppp2cb,ENSMUSG00000009630.11,33.52351125,26.40182933,27.424605,39.7179,36.448281,30.503259,25.169555,24.732063,26.645602,26.856666,26.576132,28.430958,409.3340994,0.01650888,0.076555495,0.215645914,0.829263763,0.884971165
 G0s2,ENSMUSG00000009633.4,36.4582325,47.717456,36.333979,32.357977,41.799131,35.341843,46.935475,34.345112,54.760451,48.01791,53.69964,48.546148,318.5978269,0.721770969,0.155592081,4.638866979,3.50E-06,6.11E-05
 Dmap1,ENSMUSG00000009640.12,12.0578615,11.3362245,11.183269,12.266086,13.117277,11.664814,9.318752,10.232522,11.909565,12.394264,12.447243,11.715001,181.3301373,0.25463606,0.117059247,2.175275051,0.029609511,0.070891898
 Mcu,ENSMUSG00000009647.14,8.807579,7.534002833,7.401512,9.68416,9.616563,8.528081,6.984614,7.361886,7.562016,7.311923,7.911154,8.072424,242.0161938,0.126600868,0.096780969,1.308117392,0.190833495,0.306954758
 Bcr,ENSMUSG00000009681.11,11.7688285,6.292133833,4.003836,20.276199,13.210416,9.584863,5.608468,6.545192,5.994975,5.951208,7.058084,6.594876,349.0242837,-0.611112249,0.170277072,-3.588928575,0.00033204,0.002025937
 Fxyd5,ENSMUSG00000009687.15,68.98330575,27.40892317,42.473064,101.086994,77.711578,54.661587,23.77825,18.252047,30.437843,27.694417,37.959173,26.331809,259.0535028,-0.925189229,0.214729947,-4.308617604,1.64E-05,0.000201783
 Kcnd1,ENSMUSG00000009731.5,0.985362,0.273756167,0.63916,1.798795,0.732353,0.77114,0.084437,0.126677,0.567113,0.295708,0.35061,0.217992,29.51517661,-1.440815428,0.436246761,-3.302753294,0.000957406,0.004692506
 Tfcp2,ENSMUSG00000009733.10,6.0746045,5.607466667,4.898827,7.068545,7.003204,5.327842,4.87287,5.450286,4.964717,5.941033,7.23941,5.176484,172.7695694,0.189995517,0.115870468,1.639723386,0.101062694,0.187610152
