gene_symbol,gene_row_id,group1_exp_mean,group2_exp_mean,I1,I2,I3,I4,C1,C2,C3,C4,C5,C6,baseMean,log2FoldChange,lfcSE,stat,pvalue,padj
 Gnai3,ENSMUSG00000000001.5,16.6607395,9.591383667,13.817305,19.717506,11.638813,21.469334,7.434894,7.710843,10.775278,10.413674,10.387832,10.825781,430.733505,-0.491731459,0.138556206,-3.548967409,0.000386745,0.002543815
 Cdc45,ENSMUSG00000000028.16,2.40379525,1.894326667,2.034542,2.981015,2.806942,1.792682,1.87939,1.591491,3.045454,1.655129,1.547719,1.646777,36.13273997,0.09977326,0.253850179,0.393039942,0.694289981,0.800893081
 Scml2,ENSMUSG00000000037.18,0.6305845,0.1934065,0.231805,0.247437,1.541841,0.501255,0.28509,0.079392,0.222996,0.23522,0.138448,0.199293,9.345078548,-0.576415919,0.422516011,-1.364246335,0.17249005,0.304016452
 Narf,ENSMUSG00000000056.8,30.56432075,30.97735017,23.852391,32.370773,34.901428,31.132691,31.059162,31.775226,31.462099,30.676952,30.3508,30.539862,1500.208329,0.349095495,0.11385257,3.066206531,0.002167935,0.010088145
 Cav2,ENSMUSG00000000058.7,25.6519035,20.4250265,25.462875,23.582915,26.063187,27.498637,23.451214,18.857743,17.932228,17.688839,20.299612,24.320523,645.750784,-0.061849281,0.142996821,-0.43252207,0.665362016,0.780342958
 Klf6,ENSMUSG00000000078.8,26.54649925,17.31470267,21.314176,31.984853,18.793457,34.093511,17.414776,16.688751,17.167859,15.12694,16.629309,20.860581,921.622759,-0.373244543,0.119764766,-3.116480381,0.001830239,0.008785225
 Scmh1,ENSMUSG00000000085.17,28.63446275,28.00054417,27.739391,34.512432,24.423436,27.862592,28.632451,29.49813,32.108084,25.813154,24.761347,27.190099,645.6533253,0.26127521,0.097240822,2.686888136,0.00721211,0.026262003
 Cox5a,ENSMUSG00000000088.8,1153.96734,1335.932459,1268.402934,1135.776418,1191.065981,1020.624026,1412.909344,1340.675631,1341.457588,1335.73524,1304.878259,1279.938694,6037.36515,0.492108854,0.124371643,3.956760912,7.60E-05,0.000683133
 Tbx2,ENSMUSG00000000093.7,6.0578685,5.159892833,4.837238,6.845076,4.705848,7.843312,4.210854,4.695244,5.199225,4.411332,7.343487,5.099215,218.9908995,0.072504757,0.151743718,0.477810598,0.632785018,0.75544849
 Ngfr,ENSMUSG00000000120.7,0.967392,0.399588,0.688775,1.0965,0.511786,1.572507,0.213105,0.028501,0.479442,0.553335,0.464088,0.659057,22.3672916,-0.947903238,0.475341187,-1.994153387,0.046135294,0.11174918
 Wnt9a,ENSMUSG00000000126.12,4.12904175,2.7939955,3.796215,4.445681,3.580066,4.694205,2.331192,2.671898,3.31438,3.155084,2.992732,2.298687,119.3461722,-0.275216196,0.135056308,-2.037788527,0.041571086,0.103243484
 Fer,ENSMUSG00000000127.16,6.91945,5.9274585,5.813326,7.103934,6.395401,8.365139,5.07969,6.59729,6.091194,6.567576,5.963326,5.265675,200.7891229,0.069981947,0.110805156,0.631576636,0.527663558,0.670862482
 Xpo6,ENSMUSG00000000131.16,19.712362,20.6620155,15.096855,22.96074,19.156871,21.634982,17.636757,22.92846,20.884379,24.83851,20.729852,16.954135,922.0904926,0.262083694,0.095513206,2.743952429,0.006070433,0.022823306
 Tfe3,ENSMUSG00000000134.18,11.3401505,6.624476667,8.858984,12.635192,10.262578,13.603848,5.130136,6.164365,7.155536,6.065685,7.835372,7.395766,293.3219797,-0.451353843,0.121251632,-3.722455828,0.000197294,0.001482243
 Axin2,ENSMUSG00000000142.16,2.50310175,1.863872667,1.362939,2.809496,2.992807,2.847165,1.79469,2.079576,1.676678,2.007442,2.369358,1.255492,82.65132994,-0.148075894,0.185349072,-0.798902811,0.424346769,0.578534744
 Brat1,ENSMUSG00000000148.18,5.7713805,4.031747167,4.021386,6.832966,5.391279,6.839891,3.339797,4.450722,4.472213,3.334456,4.741571,3.851724,169.6067746,-0.189816601,0.133373925,-1.42319123,0.154680727,0.280201731
 Gna12,ENSMUSG00000000149.11,68.2888115,67.15330667,58.69816,73.38447,63.105035,77.967581,53.459677,66.920347,74.247148,75.084358,72.838019,60.370291,2546.441384,0.260172632,0.080685242,3.224538055,0.001261761,0.006496463
 Dlat,ENSMUSG00000000168.11,174.3735013,185.2032788,179.589096,175.328462,188.089974,154.486473,182.745569,183.677064,202.027874,183.477695,172.807948,186.483523,5622.080873,0.404975117,0.139395785,2.905217812,0.003669976,0.015307082
 Sdhd,ENSMUSG00000000171.6,367.706021,412.953697,366.634606,378.531229,385.162654,340.495595,386.961353,436.574162,439.973739,416.367337,412.21586,385.629731,4663.32319,0.439521382,0.103809167,4.233936128,2.30E-05,0.000266155
 Fgf6,ENSMUSG00000000183.7,0.39577475,0.292877667,0.547517,0.279317,0.317883,0.438382,0.154445,0.206801,0.569093,0.190106,0.304544,0.332277,17.40968539,-0.174996972,0.414228814,-0.422464507,0.672686002,0.785546769
 Ccnd2,ENSMUSG00000000184.13,22.62353575,22.67153283,19.018444,19.833085,24.310855,27.331759,21.906863,26.676681,21.415703,22.184433,21.67111,22.174407,1547.636134,0.254773723,0.117495299,2.168373767,0.03013026,0.080365687
 Gpr107,ENSMUSG00000000194.14,12.61624925,11.09466867,10.75141,13.524083,10.495731,15.693773,9.668923,11.275255,11.025795,14.371562,10.956933,9.269544,758.4679414,0.047635952,0.086443157,0.551066779,0.581587898,0.714580657
 Nalcn,ENSMUSG00000000197.9,0.27969275,0.163527667,0.196104,0.427037,0.158439,0.337191,0.111358,0.132687,0.14196,0.203216,0.205606,0.186339,16.52857321,-0.454238873,0.350756301,-1.295026981,0.195310922,0.333244511
 Slfn4,ENSMUSG00000000204.17,2.1334205,0.196340667,3.300977,2.497866,0.545933,2.188906,0.024651,0,0.408497,0.301239,0.344897,0.09876,37.68297046,-3.181879025,0.889577802,-3.576841754,0.000347771,0.00234251
 Tspan32,ENSMUSG00000000244.18,1.136747,0.445571,0.67437,1.272984,1.07176,1.527874,0.358432,0.628551,0.383589,0.534306,0.651001,0.117547,10.37255641,-0.973071701,0.45809822,-2.124155166,0.033657171,0.087357599
 Gmpr,ENSMUSG00000000253.14,78.1226575,89.86992417,70.931659,86.086888,77.508278,77.963805,88.056928,102.001671,93.254055,84.911845,97.226758,73.768288,1295.425865,0.437680537,0.098678977,4.435397999,9.19E-06,0.000129026
 Mid2,ENSMUSG00000000266.12,7.3240405,6.173347167,6.460327,7.766758,6.163417,8.90566,4.25807,7.793768,6.132661,4.978028,5.889681,7.987875,380.5977607,-0.168161746,0.107085575,-1.570349195,0.116333895,0.226219126
 Trim25,ENSMUSG00000000275.17,16.80618025,11.71798533,13.538624,17.073727,16.084192,20.528178,9.540768,11.63068,13.217196,11.620947,12.977495,11.320826,849.8324769,-0.243197447,0.086495774,-2.811668541,0.004928526,0.019364459
 Dgke,ENSMUSG00000000276.12,6.09352175,4.936747833,4.734431,7.795803,6.946523,4.89733,4.488691,5.60783,5.026152,4.298159,5.087813,5.111842,380.7870998,-0.011690459,0.158423152,-0.073792619,0.9411754,0.964866146
 Scpep1,ENSMUSG00000000278.11,29.671875,10.6093995,23.143248,35.972814,18.593549,40.977889,8.680705,8.421548,12.51174,10.125645,12.69175,11.225009,376.4378821,-1.165592838,0.164876401,-7.069494685,1.55E-12,5.38E-10
 Mnt,ENSMUSG00000000282.13,7.47772675,5.676785167,5.962577,7.524665,7.752124,8.671541,5.332353,5.627697,5.955299,5.769754,6.103497,5.272111,318.225723,-0.015291478,0.101788569,-0.150227855,0.880584851,0.927692297
 Itgb2,ENSMUSG00000000290.14,14.7128015,4.297964167,14.064258,18.132709,4.555329,22.09891,3.507038,2.510815,5.709404,6.302583,3.998587,3.759358,249.4486814,-1.474508773,0.381692074,-3.863084594,0.000111964,0.000942836
 Hddc2,ENSMUSG00000000295.14,3.81583975,3.354211833,3.093203,2.890565,4.432994,4.846597,0.990152,3.303905,3.468483,4.71724,5.211281,2.43421,26.44893319,0.059608177,0.372879332,0.159859159,0.872992021,0.923514822
 Tpd52l1,ENSMUSG00000000296.9,6.21932175,7.891223833,5.475175,7.39681,6.196524,5.808778,5.945485,6.875793,5.762901,8.264979,11.538315,8.95987,71.94690387,0.650971052,0.214968805,3.028211702,0.002460057,0.011120979
 Pemt,ENSMUSG00000000301.17,1.750561,0.937018833,1.730586,1.071968,1.454945,2.744745,0.366385,0.643507,1.757963,0.793072,1.404392,0.656794,9.911387948,-0.505496344,0.479394881,-1.054446687,0.291678457,0.446129919
 Cdh4,ENSMUSG00000000305.13,1.060506,0.9739395,0.751198,1.122389,1.26724,1.101197,0.498762,0.920936,1.396299,0.910045,1.208482,0.909113,71.21310998,0.266995872,0.258261029,1.033821761,0.301219496,0.455936311
 Bcl6b,ENSMUSG00000000317.12,12.681816,8.434648,11.949352,10.108488,12.198851,16.470573,7.295422,7.25979,9.848092,6.690934,10.837511,8.676139,346.3912841,-0.281610762,0.160092089,-1.759054828,0.078568196,0.167895488
 Clec10a,ENSMUSG00000000318.17,5.1280365,2.7296005,5.03913,7.830132,3.261495,4.381389,1.371633,2.400029,2.015614,2.986623,5.389449,2.214255,48.6942427,-0.534101037,0.259445751,-2.058623178,0.039530351,0.099032901
 Alox12,ENSMUSG00000000320.11,2.80227525,2.933787333,2.783189,3.176553,3.106629,2.14273,2.564008,2.540407,4.141304,3.318107,2.770759,2.268139,90.25813167,0.30175755,0.209710479,1.438924516,0.150171911,0.274034053
 Comt,ENSMUSG00000000326.14,125.2090395,98.47454083,94.117531,133.81469,126.619027,146.28491,83.250371,93.38521,108.894728,91.657483,129.002735,84.656718,1684.974832,-0.05461612,0.111220094,-0.491063419,0.623381594,0.748706735
 Rtca,ENSMUSG00000000339.15,15.62478925,14.17173583,13.347448,19.206733,13.963317,15.981659,12.329208,15.41214,15.73541,14.016247,16.531354,11.006056,231.7698556,0.147228293,0.126360356,1.165146231,0.243959806,0.392727961
 Dbt,ENSMUSG00000000340.11,24.1556235,25.88495517,21.368217,26.543538,28.444282,20.266457,29.246485,25.55952,24.372444,25.5036,19.237007,31.390675,890.4998922,0.42629566,0.176274782,2.418358734,0.015590698,0.047707753
 Dazap2,ENSMUSG00000000346.10,127.5533213,100.970683,112.848271,141.1165,120.920362,135.328152,96.250865,95.966158,101.283606,112.309074,104.536588,95.477807,2293.704214,-0.074693626,0.056201451,-1.329033768,0.183836829,0.318626283
 Mcts1,ENSMUSG00000000355.14,27.4137885,23.96260617,30.36477,28.765731,24.733166,25.791487,27.497516,21.442576,19.634592,21.719986,25.966087,27.51488,151.3503773,0.079672665,0.154942039,0.514209479,0.607105541,0.736179235
 Rem1,ENSMUSG00000000359.4,5.4066305,4.026505,4.464563,5.32141,6.063785,5.776764,2.988912,3.656538,4.422105,3.82673,4.850725,4.41402,72.8890478,-0.079421648,0.164933374,-0.481537765,0.630134346,0.753651906
 Trappc10,ENSMUSG00000000374.9,16.99633,16.99007933,15.96068,18.593277,14.268949,19.162414,14.645801,16.699889,19.649937,18.037501,17.897856,15.009492,915.5382572,0.297027822,0.072860642,4.076656662,4.57E-05,0.000457749
 Ccm2,ENSMUSG00000000378.16,22.38614425,17.59589917,21.648068,23.354774,15.579856,28.961879,15.780417,19.810176,18.332387,18.014217,16.130596,17.507602,304.2438544,-0.095224978,0.103801235,-0.917378084,0.358944553,0.515031937
 Tbrg4,ENSMUSG00000000384.16,43.64811925,51.14313367,43.370893,44.054167,43.47753,43.689887,46.162051,55.964954,55.247754,53.367615,53.064858,43.05157,958.3579885,0.451362794,0.097999755,4.605754295,4.11E-06,6.95E-05
 Mx1,ENSMUSG00000000386.19,2.042272,0.626320667,2.2748,2.720172,0.889935,2.284181,0.503077,0.388511,0.767623,0.748242,0.995568,0.354903,32.28749032,-1.554125999,0.331857199,-4.683116731,2.83E-06,5.16E-05
 Fap,ENSMUSG00000000392.18,6.13283075,1.927830667,4.524876,8.260131,2.782217,8.964099,1.635707,1.817658,2.400333,1.988804,1.782493,1.941989,80.46363053,-0.965782688,0.208623399,-4.629311448,3.67E-06,6.37E-05
 Ndufa9,ENSMUSG00000000399.11,321.0279395,388.3134187,322.306711,339.204221,333.284075,289.316751,367.989632,396.925481,398.716518,388.506264,411.240239,366.502378,5093.744935,0.541267866,0.102240816,5.294048781,1.20E-07,4.11E-06
 Cttnbp2,ENSMUSG00000000416.17,0.54024425,0.450744,0.58955,0.53224,0.423972,0.615215,0.599487,0.279551,0.37738,0.433155,0.642115,0.372776,25.82653206,0.064079928,0.28889945,0.221807026,0.82446411,0.891432964
 Galnt1,ENSMUSG00000000420.16,40.11187975,31.11660017,35.460049,41.978543,39.263525,43.745402,31.249801,28.613886,36.783099,29.080058,30.036314,30.936443,1294.934449,-0.018890651,0.078534336,-0.240540027,0.809911637,0.881919276
 Mkrn2,ENSMUSG00000000439.10,14.53597075,13.77659633,12.052395,14.596405,18.325856,13.169227,16.058212,12.665595,15.430591,12.450408,13.510606,12.544166,926.8237689,0.203301684,0.085659397,2.373372797,0.017626463,0.052425079
 Pparg,ENSMUSG00000000440.13,7.206468,6.189952833,6.481544,8.021073,6.631729,7.691526,5.51464,5.926649,6.015398,5.9166,6.57423,7.1922,129.1022891,-0.013193373,0.12833901,-0.102800953,0.918120949,0.950789662
 Raf1,ENSMUSG00000000441.18,58.5214395,59.94627633,50.958452,56.64966,61.354134,65.123512,58.364448,60.32833,64.409362,55.337795,64.452,56.785723,1694.322354,0.323496938,0.075972772,4.258064179,2.06E-05,0.000242562
 Septin1,ENSMUSG00000000486.14,6.96216075,2.853513667,4.914438,7.066203,7.228687,8.639315,1.326117,2.783707,3.997675,2.056422,3.979164,2.977997,38.80113659,-0.534197271,0.273872664,-1.950531549,0.051112797,0.120868029
 Pdgfb,ENSMUSG00000000489.8,26.19597725,23.2044495,23.64452,23.559223,23.208925,34.371241,23.347177,20.570139,28.823761,19.822525,25.101474,21.561621,757.6272816,0.115324295,0.122743605,0.939554401,0.347446175,0.503653381
 Acvrl1,ENSMUSG00000000530.17,31.75671775,21.35448083,24.162639,31.760878,23.783912,47.319442,18.956104,20.127332,25.233596,22.750122,23.180957,17.878774,659.9903443,-0.323467507,0.133614528,-2.420900714,0.015482105,0.047421442
 Tamalin,ENSMUSG00000000531.6,8.070026,6.351960333,7.62005,8.240053,8.49383,7.926171,5.310064,6.682382,6.792367,6.209785,7.919856,5.197308,148.3869119,-0.0724782,0.143499982,-0.505074626,0.613506422,0.740768883
 Acvr1b,ENSMUSG00000000532.12,9.26482625,7.961154833,6.6581,11.291284,8.123632,10.986289,7.737176,8.920576,8.239999,6.968118,7.863606,8.037454,417.6776708,0.086474263,0.114627399,0.754394362,0.450612456,0.602518854
 Tom1l2,ENSMUSG00000000538.19,61.51828625,60.243734,50.37104,67.272363,65.253909,63.175833,50.694206,66.069818,64.89457,60.967276,60.117134,58.7194,2602.484382,0.222361281,0.07383913,3.011428772,0.002600214,0.011642551
 Zfp385a,ENSMUSG00000000552.11,12.87058775,9.298777167,9.943188,13.773404,10.06873,17.697029,7.427514,8.630398,11.635276,9.513253,10.467919,8.118303,249.5524632,-0.168952272,0.139663246,-1.209711763,0.226389514,0.372083216
 Itga5,ENSMUSG00000000555.9,37.737833,23.6116045,30.767017,43.350565,23.658651,53.175099,22.154439,22.390729,25.839676,21.356757,24.818819,25.109207,1311.236895,-0.369627553,0.128755031,-2.870781437,0.004094585,0.016699413
 Wdr77,ENSMUSG00000000561.15,19.50601875,20.095818,17.918156,24.382815,16.018094,19.70501,17.74637,20.923872,25.118028,20.102016,21.133076,15.551546,560.9373573,0.15025313,0.085180543,1.763937216,0.07774255,0.16664547
 Atp5pb,ENSMUSG00000000563.18,573.0536873,629.5426167,651.564643,586.453834,598.217972,455.9783,675.713836,608.89766,595.788772,653.255015,610.411327,633.18909,9308.385022,0.409734684,0.139620132,2.934639005,0.003339359,0.014175306
 Sox9,ENSMUSG00000000567.6,4.43327025,1.0176,3.142619,4.314402,1.422738,8.853322,1.48952,0.70363,1.004116,1.126119,0.745442,1.036773,99.90578997,-1.756643174,0.350437636,-5.012712659,5.37E-07,1.40E-05
 Hnrnpd,ENSMUSG00000000568.16,36.45682525,30.80797883,35.638192,38.900839,34.271741,37.016529,32.631447,32.262378,25.583288,32.822091,32.965063,28.583606,645.6956853,0.018737895,0.125099262,0.149784217,0.880934862,0.927838119
 Dynlt1c,ENSMUSG00000000579.15,6.77516475,5.564202833,5.053829,8.264308,6.676164,7.106358,4.383698,4.060043,7.292677,4.808499,6.244183,6.596117,79.22513785,-0.212027671,0.180786043,-1.172809955,0.240872025,0.389463064
 C1d,ENSMUSG00000000581.9,15.43238275,13.495251,10.892039,15.744466,18.700417,16.392609,14.062219,15.134458,15.266095,9.188822,19.326055,7.993857,254.4202227,-0.113196855,0.138933732,-0.814754296,0.415212967,0.569214305
 Gm2a,ENSMUSG00000000594.8,11.27623225,5.259304833,9.172714,12.872232,6.787041,16.272942,4.477799,4.794542,5.102804,5.089991,6.376655,5.714038,337.3929995,-0.783783483,0.160425447,-4.885655589,1.03E-06,2.37E-05
 Krit1,ENSMUSG00000000600.16,16.46121125,13.23816433,15.329397,18.707755,14.994046,16.813647,14.160375,12.616097,13.091756,13.036017,13.26873,13.256011,514.1957576,-0.037411169,0.095007586,-0.39377033,0.693750612,0.800692165
 Clcn4,ENSMUSG00000000605.10,30.03901625,26.1124505,23.811103,31.73961,27.750828,36.854524,23.460443,25.340577,29.479654,29.071458,24.889987,24.432584,1315.795532,0.081556977,0.073034324,1.116693807,0.264125267,0.415320091
 Sema4f,ENSMUSG00000000627.16,0.4485275,0.263178,0.240563,0.469049,0.202951,0.881547,0.110925,0.07126,0.308712,0.363989,0.294619,0.429563,14.60154973,-0.415820281,0.499853075,-0.83188501,0.405473853,0.559599211
 Hk2,ENSMUSG00000000628.11,59.9754305,87.22498733,55.340828,57.964331,65.553776,61.042787,81.576247,104.80017,100.211367,92.686242,69.27915,74.796748,4651.829733,0.79858948,0.129134584,6.184164284,6.24E-10,7.14E-08
 Myo18a,ENSMUSG00000000631.21,96.57482675,117.8186228,91.94368,94.864822,101.719976,97.770829,103.965279,123.204985,121.655893,122.626582,120.986872,114.472126,4370.81978,0.497869752,0.082745493,6.016880596,1.78E-09,1.58E-07
 Cd52,ENSMUSG00000000682.8,43.3065505,10.08854983,33.625553,48.591769,19.187458,71.821422,11.255608,4.72947,14.639367,15.430168,9.850068,4.626618,66.0629903,-1.736706565,0.356443997,-4.872312568,1.10E-06,2.51E-05
 Abhd15,ENSMUSG00000000686.12,1.8936735,1.211238667,1.090074,2.671056,1.648426,2.165138,0.63583,1.283216,1.501152,1.234663,1.434648,1.177923,41.28161616,-0.329348473,0.259688945,-1.268242178,0.204711479,0.344379213
 Loxl3,ENSMUSG00000000693.11,22.2938205,4.4143635,13.636586,29.212258,6.554317,39.772121,2.846904,3.583457,4.637602,4.743673,6.178231,4.496314,385.6743296,-1.991693144,0.40183822,-4.956455221,7.18E-07,1.76E-05
 Kat2b,ENSMUSG00000000708.15,27.892856,25.16193383,24.781087,31.550893,27.678884,27.56056,26.726009,27.422525,22.934525,24.336112,24.775296,24.777136,1314.134927,0.151812573,0.092609661,1.639273619,0.101156288,0.203472624
 Rab5b,ENSMUSG00000000711.4,39.0466325,33.8826375,31.926553,45.061565,40.366916,38.831496,32.877201,34.789857,34.800492,34.587986,32.139081,34.101208,1239.101351,0.079600919,0.091611424,0.8688973,0.384903307,0.539865977
 Icosl,ENSMUSG00000000732.10,5.98699825,5.2217965,5.112844,5.869022,5.739936,7.226191,5.11151,4.531811,4.973949,5.668435,6.04187,5.003204,156.295326,0.051766895,0.116868088,0.442951499,0.657800817,0.774766742
 Spg7,ENSMUSG00000000738.19,51.984328,55.522251,42.082135,56.166577,53.982796,55.705804,47.663773,57.263917,64.99289,54.839834,58.89774,49.475352,1355.040512,0.365892584,0.092313955,3.963567429,7.38E-05,0.00066667
 Sult5a1,ENSMUSG00000000739.15,1.52309925,0.781060667,0.376122,1.074032,2.041113,2.60113,0.722697,0.550569,0.636734,0.231501,1.991594,0.553269,11.48202865,-1.01841555,0.540999179,-1.882471525,0.059772023,0.136676683
 Rpl13,ENSMUSG00000000740.13,684.0328255,566.8313548,639.354265,748.107656,533.108047,815.561334,513.550278,578.397009,607.071795,577.043012,637.670006,487.256029,3835.773999,0.033088573,0.087328157,0.378899248,0.704762683,0.809001143
 Chmp1a,ENSMUSG00000000743.10,48.839032,38.55700083,39.28011,50.364758,42.37393,63.33733,35.916084,43.533221,38.725179,35.984707,41.549348,35.633466,884.5084306,0.010406395,0.080619638,0.129080148,0.89729423,0.938531097
 Rpa1,ENSMUSG00000000751.14,33.9373575,33.16238083,26.824489,37.781416,29.980909,41.162616,34.827775,38.884227,34.118717,38.191864,26.39722,26.554482,668.6781995,0.190945377,0.10654592,1.79214162,0.073110283,0.159101039
 Serpinf1,ENSMUSG00000000753.16,122.406559,36.599023,88.303156,178.60761,43.445126,179.270344,25.152225,20.759841,36.627464,53.810042,41.379083,41.865483,805.5604381,-1.425473044,0.230193395,-6.192501935,5.92E-10,6.97E-08
 Tubgcp3,ENSMUSG00000000759.15,11.052568,9.2887995,8.28026,12.483557,9.852128,13.594327,8.464458,10.078026,9.570915,10.127301,10.133936,7.358161,348.018492,0.053756518,0.10762588,0.499475757,0.617444261,0.743612493
 Polr3d,ENSMUSG00000000776.14,12.680487,9.960913667,11.270955,11.516097,12.143042,15.791854,8.114551,10.202784,10.888077,9.867644,11.142621,9.549805,212.8433263,0.097115244,0.11843997,0.819953303,0.412242728,0.566139794
 Tcf7,ENSMUSG00000000782.17,0.53517225,0.3824775,0.661053,0.652823,0.259868,0.566945,0.422077,0.176295,0.250782,0.221196,0.835912,0.388603,9.813498231,-0.411149891,0.455604781,-0.902426638,0.366830276,0.52295142
 Ddx3x,ENSMUSG00000000787.13,53.23264375,37.7328975,46.165818,55.945411,51.615096,59.20425,38.967233,33.721735,37.310313,37.445588,36.376611,42.575905,2196.871134,-0.218386571,0.081595392,-2.676457169,0.007440508,0.02684934
 Kcnn3,ENSMUSG00000000794.10,0.63440925,0.547125167,0.377955,0.500262,0.347124,1.312296,0.437844,0.274169,0.806081,0.867586,0.463435,0.433636,39.58180012,-0.103521305,0.334853138,-0.309154354,0.757204115,0.846601933
 Usp32,ENSMUSG00000000804.15,8.3923965,6.706586333,6.855821,8.9293,8.429944,9.354521,5.536924,6.830784,7.036565,8.163717,6.890149,5.781379,546.7192996,-0.046506567,0.080066688,-0.580847897,0.561342971,0.697239805
 Car4,ENSMUSG00000000805.19,33.18505175,27.868955,28.729793,34.77263,43.93024,25.307544,25.102018,32.869934,22.251655,25.04339,29.156041,32.790692,349.7766341,0.023807611,0.191628046,0.124238659,0.901126314,0.94066947
 Txnrd3,ENSMUSG00000000811.15,7.57821925,8.089672,6.731073,7.290177,7.50477,8.786857,7.872696,8.379543,8.32074,8.133427,8.957537,6.874089,244.2474543,0.377857714,0.104834329,3.604331875,0.000312957,0.002158861
 Zfp512b,ENSMUSG00000000823.17,13.57944975,11.81487367,9.69706,13.782557,13.552756,17.285426,9.380362,10.586708,14.712631,10.359823,12.405696,13.444022,411.87781,-0.095617814,0.094660041,-1.010118023,0.312438748,0.467943825
 Dnajc5,ENSMUSG00000000826.17,29.32831975,24.6022945,22.409609,33.228017,26.780075,34.895578,21.078857,28.113589,28.815299,26.234656,21.182646,22.18872,1268.351163,0.040496898,0.064936512,0.623638324,0.532865136,0.675297937
 Tpd52l2,ENSMUSG00000000827.19,41.66993225,38.53524383,31.041633,44.487132,41.480887,49.670077,36.678533,37.402428,38.55697,44.556386,42.148871,31.868275,546.2414023,0.08928169,0.081586219,1.094323173,0.273813266,0.426677743
 Fmr1,ENSMUSG00000000838.18,8.27881025,5.273505667,5.545621,8.152208,8.665022,10.75239,5.562638,4.781364,4.949992,5.69784,5.567281,5.081919,231.7494021,-0.428705061,0.115448243,-3.71339614,0.000204496,0.001528494
 Bcl11a,ENSMUSG00000000861.16,1.25885225,1.179102667,0.885853,1.043396,1.842227,1.263933,0.726606,1.051244,0.780126,1.688682,1.582108,1.24585,48.27471218,0.023718313,0.23924655,0.099137534,0.921029071,0.952152253
 Pxmp4,ENSMUSG00000000876.12,20.793434,21.20485667,20.936986,24.295378,20.375192,17.56618,20.511904,20.282721,21.843861,19.555474,20.649127,24.386053,419.3701227,0.164909461,0.145872755,1.130502138,0.258264698,0.408644708
 Dlg3,ENSMUSG00000000881.13,3.96848075,2.509946333,2.598233,3.575747,5.157429,4.542514,1.994938,2.373941,2.476028,3.046718,2.255613,2.91244,113.7267484,-0.098769275,0.149940023,-0.658725225,0.510072232,0.655163464
 Gnb1l,ENSMUSG00000000884.18,1.7246775,1.650692333,1.730791,2.408757,0.875922,1.88324,1.678316,0.968192,1.117882,1.873147,2.094078,2.172539,34.02969681,0.157540779,0.278921895,0.564820411,0.572195923,0.706650147
 Dbh,ENSMUSG00000000889.9,0.31963875,0.912869333,0.308735,0.288118,0.135491,0.546211,0.99947,1.14667,1.058614,0.929791,0.705565,0.637106,19.29934378,1.836637154,0.381788347,4.810616057,1.50E-06,3.15E-05
 Mmp11,ENSMUSG00000000901.18,9.91962825,4.897962,6.26039,13.400826,8.775981,11.241316,3.642726,5.860601,5.64845,4.101862,5.812776,4.321357,131.5309235,-0.769785801,0.179177216,-4.296225915,1.74E-05,0.000211613
 Smarcb1,ENSMUSG00000000902.14,19.327542,13.10136833,18.128121,19.652645,13.613821,25.915581,10.870253,10.580545,14.802176,13.949213,17.191146,11.214877,287.332266,-0.305922287,0.150125382,-2.037778579,0.041572082,0.103243484
 Hip1r,ENSMUSG00000000915.16,8.24409075,7.358667167,6.483908,7.091756,8.535212,10.865487,5.900827,6.164351,8.885499,6.993834,8.236597,7.970895,511.2589787,0.199158818,0.10499625,1.89681839,0.057851911,0.133049282
 Nsun5,ENSMUSG00000000916.16,9.8778805,9.764413333,9.325683,11.114967,8.466486,10.604386,7.938209,8.154337,10.005114,10.687229,11.20406,10.597531,190.5035225,0.181272356,0.121814183,1.488105497,0.136723074,0.255010923
 Top1mt,ENSMUSG00000000934.10,3.4009735,3.201712333,3.960271,2.69547,3.02367,3.924483,2.993841,3.795517,3.66283,3.658415,2.989767,2.109904,64.80830832,0.180527715,0.217394967,0.830413497,0.406305037,0.560489259
 Gm38393,ENSMUSG00000000948.17,1.30173775,1.125735,1.485855,0.873299,2.428491,0.419306,2.162496,0.991344,0.699035,0.927727,0.881246,1.092562,51.81497051,-0.044943216,0.439902634,-0.102166282,0.918624691,0.951132442
 Mmp14,ENSMUSG00000000957.12,59.5263905,12.73493783,41.988544,67.18627,26.065699,102.865049,5.939059,7.45136,15.843417,19.7104,16.003506,11.461885,782.6920934,-1.911514745,0.40413385,-4.729905069,2.25E-06,4.31E-05
 Slc7a7,ENSMUSG00000000958.11,3.88842875,1.90353,3.202013,4.824147,2.300627,5.226928,2.231174,1.208048,1.696359,2.553753,1.701412,2.030434,56.31358533,-0.701874099,0.266531704,-2.633360646,0.008454452,0.029602959
 Oxa1l,ENSMUSG00000000959.8,49.58425575,52.42196233,49.650376,46.509,50.368529,51.809118,48.419875,50.559776,57.708275,52.829833,55.122146,49.891869,1226.018954,0.384326345,0.098374295,3.906776098,9.35E-05,0.000812187
 Heatr6,ENSMUSG00000000976.14,4.42164325,3.27339,3.604293,4.45014,4.166302,5.465838,2.267474,3.183058,4.025465,3.023937,4.003906,3.1365,189.3905695,-0.112558563,0.117892117,-0.954759028,0.339699572,0.496141652
 Ilf2,ENSMUSG00000001016.13,14.9356595,13.53614683,14.241157,14.990158,12.031306,18.480017,14.307794,15.148657,11.882805,12.370399,14.076498,13.430728,295.7897675,0.147984878,0.122601475,1.207039949,0.22741676,0.373398337
 Chtop,ENSMUSG00000001017.17,48.2522255,43.46270317,42.555587,53.60862,45.781317,51.063378,42.772509,44.756093,43.666444,42.73493,45.133985,41.712258,1064.302685,0.103436373,0.073753729,1.402456177,0.160779068,0.288232303
 Snapin,ENSMUSG00000001018.16,41.485564,35.78602733,39.582969,44.715451,42.95514,38.688696,38.252199,33.658603,31.589201,36.139324,38.215181,36.861656,642.4266547,0.123421021,0.126268773,0.977446897,0.328347955,0.484674299
 S100a4,ENSMUSG00000001020.9,34.3880685,9.5662125,28.213553,39.402285,16.896364,53.040072,7.060677,3.949648,13.89659,10.821643,12.181098,9.487619,52.31447203,-1.487608411,0.31378236,-4.740892422,2.13E-06,4.13E-05
 S100a6,ENSMUSG00000001025.9,108.9831125,50.43464683,93.641308,120.087826,79.845221,142.358095,29.888191,37.709775,65.311674,60.740715,68.805322,40.152204,280.5322021,-0.833108088,0.194179583,-4.290400015,1.78E-05,0.000215645
 Scn4a,ENSMUSG00000001027.8,5.7341865,8.6635525,5.889169,4.494453,6.91545,5.637674,9.252017,10.426369,8.551622,7.116243,9.339103,7.295961,455.0230361,0.636179318,0.200697917,3.16983518,0.001525254,0.007603153
 Icam2,ENSMUSG00000001029.16,24.62868425,18.89081017,23.532634,27.558635,20.987409,26.436059,19.249848,12.811683,22.095614,16.782633,22.406133,19.99895,233.9314581,-0.083425698,0.150494302,-0.554344564,0.579343058,0.71273337
 Mapk7,ENSMUSG00000001034.18,9.8332605,4.937062667,7.811793,10.195079,7.297279,14.028891,4.016491,3.358551,5.160773,5.1205,7.144982,4.821079,192.7164685,-0.613633843,0.183187208,-3.349763605,0.000808806,0.004541117
 Epn2,ENSMUSG00000001036.18,13.1037675,10.286838,10.372744,14.672166,12.915161,14.454999,9.767842,10.302299,11.233276,9.753959,10.126419,10.537233,520.9251937,-0.039836086,0.087765049,-0.453894644,0.649904659,0.769493112
 B9d1,ENSMUSG00000001039.13,5.46955525,4.072327167,3.432791,6.154385,4.671821,7.619224,1.669968,4.227577,4.390622,5.822139,5.604335,2.719322,25.26610472,0.237931698,0.324547723,0.733117755,0.463486612,0.614385971
 Sec24b,ENSMUSG00000001052.16,23.9347655,18.52860567,18.313215,23.88408,20.282519,33.259248,15.70784,19.335793,19.127687,17.116674,20.070515,19.813125,623.8837214,-0.111230946,0.094993889,-1.170927384,0.241627967,0.39030156
 N4bp3,ENSMUSG00000001053.16,10.2404185,8.475598333,8.884965,9.840395,9.800877,12.435437,7.408552,7.405743,8.278209,7.026678,12.11549,8.618918,221.2527278,-0.001531981,0.138739576,-0.011042133,0.991189832,0.995474826
 Rmnd5b,ENSMUSG00000001054.10,11.9206575,10.81834033,8.942081,14.714942,11.181736,12.843871,9.37316,12.499361,11.608697,10.720536,12.754142,7.954146,214.9595034,0.12329479,0.132552135,0.930160723,0.352287874,0.50809637
 Nhp2,ENSMUSG00000001056.4,16.5882655,14.83454783,17.097968,17.031332,13.541282,18.68248,13.322936,14.639335,13.878906,15.724759,17.537221,13.90413,141.1335496,0.120037458,0.133550365,0.898817894,0.368749667,0.524932569
 Vps9d1,ENSMUSG00000001062.19,17.49488975,14.913569,16.712735,18.093631,14.867198,20.305995,11.831108,15.017399,17.505389,13.502467,16.684932,14.940119,448.6566565,0.069662117,0.096075443,0.725077239,0.468404647,0.618275729
 Zfp276,ENSMUSG00000001065.16,8.33279875,8.017470333,6.735681,7.898658,7.710096,10.98676,5.731711,8.731854,9.743378,7.517771,8.246613,8.133495,275.2016284,0.249564398,0.114797124,2.173960364,0.029708112,0.079400693
 Mfsd10,ENSMUSG00000001082.13,15.08565375,8.828243833,8.303497,17.26729,14.038697,20.733131,6.964178,8.492017,8.793477,8.523966,10.922138,9.273687,129.3740062,-0.481212768,0.172094119,-2.796218547,0.005170442,0.020125551
 Luzp1,ENSMUSG00000001089.15,11.90791875,9.149436167,9.584683,11.946822,11.301324,14.798846,8.704907,8.500683,9.220739,9.461535,9.367272,9.641481,849.9537236,-0.066736053,0.082262793,-0.811254409,0.417219586,0.571126291
 Kctd10,ENSMUSG00000001098.16,34.408481,22.21338167,27.315018,39.340463,27.342195,43.636248,20.552099,21.092874,25.175275,22.107752,23.417621,20.934669,801.3365489,-0.290073626,0.094693209,-3.063299142,0.002189111,0.010172466
 Poldip2,ENSMUSG00000001100.11,68.7553115,74.95554233,69.280845,68.685004,70.52988,66.525517,77.77687,76.846653,74.676145,75.116372,72.654392,72.662822,1496.00658,0.403706089,0.107800764,3.744927884,0.000180446,0.001385734
 Ift20,ENSMUSG00000001105.16,34.88406875,28.842636,29.590651,36.582,25.269307,48.094317,25.197561,23.263587,30.438658,30.764151,37.104982,26.286877,281.2755592,0.104527673,0.127423294,0.820318405,0.412034617,0.56591307
 Col6a1,ENSMUSG00000001119.8,146.1370268,45.06569833,94.491893,173.280204,73.928559,242.847451,22.546317,38.743237,53.755899,62.499367,48.765628,44.083742,3608.516482,-1.365721246,0.310239045,-4.402157851,1.07E-05,0.000144166
 Pcbp3,ENSMUSG00000001120.16,1.68510825,2.050729667,0.873652,1.308697,1.541978,3.016106,0.85479,3.958515,1.650152,1.910557,2.010411,1.919953,33.11294663,0.20574477,0.325506567,0.632075635,0.527337455,0.670577499
 Lgals9,ENSMUSG00000001123.16,38.1263835,24.70392783,40.000277,33.880844,25.935165,52.689248,20.524611,21.781347,28.463422,24.186085,30.761854,22.506248,440.4502637,-0.322611244,0.157383797,-2.049837721,0.040380269,0.100720979
 Araf,ENSMUSG00000001127.13,54.26168675,62.445969,48.20234,52.54492,54.357035,61.942452,46.228755,72.300233,69.446747,57.838692,75.489967,53.37142,1056.186494,0.254840946,0.076783419,3.31895803,0.00090354,0.004971171
 Cfp,ENSMUSG00000001128.8,14.645846,6.115626833,14.944332,19.726842,6.994328,16.917882,5.668692,3.867904,7.32848,8.053693,5.63382,6.141172,144.1106837,-1.020050152,0.241542007,-4.223075583,2.41E-05,0.000275913
 Timp1,ENSMUSG00000001131.12,54.9535685,7.651099167,47.377539,74.264011,13.063243,85.109481,3.39491,2.658627,10.971262,14.907333,8.100853,5.87361,171.1163758,-2.515973647,0.570329476,-4.411438917,1.03E-05,0.000139118
 Uxt,ENSMUSG00000001134.10,24.422626,21.301444,18.040185,34.194016,18.859249,26.597054,20.991623,17.752552,22.986761,22.572142,24.480769,19.024817,133.303319,0.395505211,0.128890358,3.068539934,0.002151076,0.010023876
 Cnnm3,ENSMUSG00000001138.14,9.27020275,7.387636667,5.41931,12.97886,7.876557,10.806084,4.861915,8.962317,7.697977,4.473847,8.862271,9.467493,323.939194,-0.219207655,0.145397,-1.507649096,0.13164436,0.247680429
 Lman2l,ENSMUSG00000001143.14,15.7700965,15.37640983,14.443126,16.735631,14.510972,17.390657,14.708131,16.299527,16.251925,15.040832,16.133819,13.824225,411.9846336,0.209566925,0.080866369,2.591521395,0.00955526,0.032632255
 Mcm3ap,ENSMUSG00000001150.8,10.9036985,8.868522833,11.962254,12.323177,8.530476,10.798887,9.282472,6.110685,6.793457,12.194856,7.524366,11.305301,479.6021707,0.091597621,0.091795307,0.997846451,0.318353822,0.474124819
 Pcnt,ENSMUSG00000001151.11,18.81696275,18.751232,14.696165,19.591616,21.773778,19.206292,17.898633,19.744537,18.415327,20.15073,16.445112,19.853053,1416.032804,0.357504335,0.12308962,2.904423101,0.003679306,0.015326557
 Mxd1,ENSMUSG00000001156.10,3.65757,1.957168,1.896328,4.623877,3.16359,4.946485,1.849562,1.996863,1.877336,1.915459,2.077586,2.026202,126.2594352,-0.446601104,0.173561301,-2.573160611,0.010077443,0.033983277
 Gmcl1,ENSMUSG00000001157.14,4.6492685,3.364783833,3.923861,5.103271,3.589545,5.980397,3.355412,3.395457,3.679163,3.059166,3.294051,3.405454,117.0979428,-0.252598098,0.130935504,-1.929179556,0.053708575,0.1255395
 Snrnp27,ENSMUSG00000001158.14,24.0770295,22.540419,27.912135,21.26435,25.497017,21.634616,28.934927,22.903346,17.267165,23.73957,20.390696,22.00681,175.1977919,0.163824753,0.19915678,0.822591899,0.410740107,0.56479226
 Oas1c,ENSMUSG00000001166.18,0.81261375,0.517888667,1.070855,1.067919,0.305788,0.805893,0.167075,0.312071,0.409304,0.455915,1.04409,0.718877,13.07028196,-0.338694342,0.440514724,-0.768860434,0.441976168,0.594741866
 Ocrl,ENSMUSG00000001173.16,8.218194,6.307795833,7.060209,8.867962,7.314155,9.63045,6.642869,5.176981,6.123974,5.781594,6.49617,7.625187,308.5498423,-0.022757447,0.094533823,-0.240733382,0.809761765,0.881919276
 Calm1,ENSMUSG00000001175.17,92.08557475,81.73734817,87.246794,101.463033,64.899109,114.733363,65.804767,88.135756,98.759403,82.529649,78.962133,76.232381,2533.837055,0.009654928,0.085198804,0.113322338,0.909775008,0.945795024
 Agpat3,ENSMUSG00000001211.16,112.7711738,115.9221825,104.586401,123.643334,114.492306,108.362654,105.724421,114.824434,124.849342,118.470314,119.986634,111.67795,2853.607872,0.244906731,0.115237935,2.125226661,0.033567704,0.087217687
 Sema6b,ENSMUSG00000001227.13,7.66284175,7.309137667,6.41743,8.507922,4.998683,10.727332,5.123565,8.297865,7.865598,5.988645,10.161489,6.417664,285.3629168,0.26010604,0.186767281,1.392674554,0.163718227,0.292385728
 Uhrf1,ENSMUSG00000001228.15,2.231205,1.947832833,1.888029,2.161076,1.609298,3.266417,0.675273,1.855069,2.025513,2.116565,3.392678,1.621899,64.58313466,-0.173692231,0.289278251,-0.60043308,0.548217647,0.686707593
 Dpp9,ENSMUSG00000001229.10,26.5310435,25.33883883,23.277308,27.804037,24.200614,30.842215,20.832684,25.440902,27.930273,24.984012,28.761324,24.083838,977.0918164,0.222370728,0.076679548,2.900000511,0.003731621,0.015466121
 Ramp2,ENSMUSG00000001240.14,58.23782375,51.07976033,46.85076,58.359423,53.707569,74.033543,39.994714,65.558439,47.866001,47.120533,53.206223,52.732652,477.2698462,0.086914812,0.118443557,0.733807849,0.463065856,0.614014987
 Lsr,ENSMUSG00000001247.17,1.80927975,0.931282667,1.042431,1.891582,1.703768,2.599338,0.489293,0.899093,1.419547,0.664235,1.405371,0.710157,26.12805779,-0.6255566,0.32805192,-1.906882912,0.056535751,0.130776826
 Gramd1a,ENSMUSG00000001248.16,33.355282,23.2290725,26.671577,35.77843,28.746271,42.22485,18.076951,22.375729,24.96449,23.978201,29.310518,20.668546,784.6094186,-0.220937555,0.11018589,-2.005134728,0.044948646,0.109499895
 Hpn,ENSMUSG00000001249.15,2.36078175,2.000797333,1.780124,3.149011,1.878022,2.63597,1.787733,1.797922,2.038829,1.808261,2.81004,1.761999,34.98024971,0.009694837,0.237566793,0.040808888,0.967448253,0.981550345
 Ckb,ENSMUSG00000001270.10,62.21677125,45.5077225,50.277507,64.870248,47.206745,86.512585,39.943519,39.233633,53.747619,50.475379,44.825168,44.821017,734.2847368,-0.137760342,0.116382294,-1.183688141,0.236536535,0.384657474
 Sp1,ENSMUSG00000001280.14,9.659907,6.7863975,6.181058,10.645752,9.63574,12.177078,6.035685,6.893508,6.36967,7.339396,6.816184,7.263942,686.3544231,-0.211523575,0.120317855,-1.758039784,0.07874074,0.168236875
 Itgb7,ENSMUSG00000001281.11,2.71849075,0.507315167,2.473737,1.713393,1.363177,5.323656,0.140072,0.299334,1.001679,0.344253,0.580519,0.678034,24.70500304,-1.263568783,0.423404864,-2.984303891,0.002842243,0.012491677
 Myg1,ENSMUSG00000001285.13,20.1828075,15.16058583,17.481058,24.963179,14.400233,23.88676,11.336363,16.902439,13.114497,18.988926,20.371882,10.249408,166.6776668,0.087863609,0.146178004,0.601072712,0.547791558,0.686500709
 Rarg,ENSMUSG00000001288.16,14.86120225,11.09740483,10.732248,16.88777,13.096169,18.728622,9.709321,12.507792,12.076492,11.366074,10.812896,10.111854,360.505667,-0.090098079,0.098230181,-0.917213811,0.359030611,0.515054274
 Pfdn5,ENSMUSG00000001289.13,114.3889478,94.21600467,100.5775,108.397404,96.521942,152.058945,92.555551,109.78404,106.176429,98.729944,94.043788,64.006276,726.1150236,0.085135856,0.08023238,1.061115925,0.288637221,0.442956445
 Efnb2,ENSMUSG00000001300.17,9.7864595,7.927210667,6.435699,11.929755,7.517651,13.262733,6.891455,10.518243,9.354968,6.864415,6.903727,7.030456,405.848955,0.028044369,0.0959988,0.292132497,0.770185321,0.855147527
 Rrp15,ENSMUSG00000001305.6,5.42422425,4.764733167,5.817735,5.566457,3.828021,6.484684,5.520825,2.844905,4.646694,4.976494,4.806474,5.793007,67.88031637,0.091216296,0.214454085,0.425341844,0.670587494,0.783894542
 Rnd2,ENSMUSG00000001313.13,5.46110975,3.958352667,4.023442,6.461208,3.502303,7.857486,3.40412,3.412137,5.08366,4.042817,3.805927,4.001455,60.48291677,-0.117216444,0.212748519,-0.550962443,0.58165942,0.714580657
 Srr,ENSMUSG00000001323.18,15.57153875,10.6176215,16.615915,15.771395,17.330176,12.568669,9.657987,10.771576,9.526943,14.294768,9.678041,9.776414,408.511347,0.069434548,0.089707877,0.774007255,0.438926501,0.592152407
 Sync,ENSMUSG00000001333.10,10.16751875,10.1687985,6.804223,11.093454,10.846325,11.926073,6.96682,10.812919,12.015222,10.858544,10.404385,9.954901,218.4905925,0.297591639,0.151068071,1.969917517,0.048847825,0.116979239
 Fndc5,ENSMUSG00000001334.11,134.9604935,158.4229753,149.213336,133.773379,152.405691,104.449568,146.290451,168.186924,163.967258,158.92498,160.982211,152.186028,4566.088813,0.483665903,0.149706862,3.230753059,0.001234646,0.006384341
 Acp5,ENSMUSG00000001348.16,6.9420895,1.036926,5.006807,10.285458,2.381979,10.094114,0.077819,0.656508,1.888431,1.438489,1.155856,1.004453,39.86112526,-2.416588452,0.470616195,-5.134945368,2.82E-07,8.23E-06
 Cnn1,ENSMUSG00000001349.6,6.49056325,2.504795,3.825634,10.757317,1.853544,9.525758,1.51994,0.879274,0.620731,5.995034,3.903065,2.110726,57.64837999,-1.255206316,0.60429198,-2.077152034,0.037787529,0.095650365
 Fbxo9,ENSMUSG00000001366.15,33.25796775,25.81811167,36.724408,33.581194,34.218024,28.508245,24.294739,27.710528,20.95561,26.803069,31.06251,24.082214,512.7119059,-0.0668317,0.118759049,-0.562750383,0.573604871,0.707569019
 Vps50,ENSMUSG00000001376.18,8.242579,6.573314333,6.680548,9.889909,8.373764,8.026095,6.631553,6.235846,6.668449,8.102266,6.47377,5.328002,259.9807781,0.111452254,0.103589543,1.075902559,0.281970837,0.435724934
 Hars1,ENSMUSG00000001380.8,20.9654355,18.60660767,20.577251,22.640515,20.158394,20.485582,17.365153,18.565326,19.531089,18.939804,20.828016,16.410258,403.7967158,0.108351079,0.099420996,1.089820894,0.275792048,0.428948261
 Zmat2,ENSMUSG00000001383.10,16.09979275,12.02393717,16.082935,16.557815,14.757889,17.000532,14.881475,10.380334,12.333046,12.602791,11.396179,10.549798,317.3047467,-0.125578834,0.117122252,-1.07220303,0.28362885,0.437259758
 Ube2c,ENSMUSG00000001403.14,8.071002,2.648373167,7.883563,8.217723,4.648019,11.534703,0.957745,1.009676,3.099216,1.944048,3.934353,4.945201,38.7245644,-1.289177744,0.398416553,-3.235753471,0.001213221,0.006288386
 Smg5,ENSMUSG00000001415.11,30.31885525,28.91814883,24.580457,31.426996,27.657267,37.610701,24.781662,24.556454,27.63842,35.082384,35.992589,25.457384,1060.565318,0.294898939,0.083954238,3.512615268,0.000443719,0.002807662
 Cct3,ENSMUSG00000001416.14,72.36421375,65.39261283,69.348874,78.9543,56.392446,84.761235,56.257809,75.224619,73.795704,60.979813,72.224615,53.873117,1297.675085,0.152634321,0.098461229,1.550197199,0.121094192,0.233166583
 Glmp,ENSMUSG00000001418.14,64.5393605,45.2246115,36.993001,66.040576,54.637007,100.486858,35.432356,45.104423,49.468715,51.443416,44.830707,45.068052,491.9333041,-0.294314514,0.114870684,-2.562137728,0.010403005,0.034866634
 Mef2d,ENSMUSG00000001419.18,75.48372675,75.0769,53.020506,83.518314,75.76807,89.628017,65.191722,78.670519,81.373487,77.135139,68.565814,79.524719,2955.645399,0.275614942,0.077953934,3.535613015,0.00040683,0.002629902
 Tmem79,ENSMUSG00000001420.14,1.12549475,0.591004833,1.015856,0.87913,0.777244,1.829749,0.39533,0.801997,0.58125,0.690582,0.524045,0.552825,18.36088281,-0.393008873,0.340143172,-1.155421909,0.247917694,0.39743569
 Snd1,ENSMUSG00000001424.15,34.88017025,29.4316435,26.645116,39.825515,28.770024,44.280026,25.157157,28.538298,31.678705,32.363984,30.460866,28.390851,1166.281735,0.107236426,0.079827056,1.34335939,0.17915563,0.312654857
 Col18a1,ENSMUSG00000001435.16,16.01182225,5.3261695,13.388999,18.008484,5.914275,26.735531,2.793176,3.72877,4.864338,7.646357,7.274423,5.649953,499.2412547,-1.221747731,0.370424678,-3.298235252,0.000972946,0.00526712
 Slc19a1,ENSMUSG00000001436.16,3.7222595,2.652357667,1.910586,2.924409,5.439301,4.614742,3.126815,2.177668,1.659952,2.48136,3.094638,3.373713,60.71414819,0.004532734,0.204451461,0.022170221,0.982312172,0.991018029
 Kpnb1,ENSMUSG00000001440.6,39.8675545,33.825773,36.072432,43.216556,36.097022,44.084208,30.610919,31.891638,36.33809,37.350625,33.398681,33.364685,2269.557067,0.037159801,0.063028442,0.589571934,0.555477672,0.692570257
 Npepps,ENSMUSG00000001441.14,36.78006975,32.80002083,36.641653,43.886301,32.526547,34.065778,35.972556,33.326198,30.706268,32.255752,30.208697,34.330654,1430.300285,0.135150383,0.104203945,1.296979526,0.194638231,0.332398538
 Mrpl10,ENSMUSG00000001445.11,34.08573325,35.39023183,34.816735,33.103923,33.341076,35.081199,35.251663,36.714597,35.457223,34.964163,36.507103,33.446642,610.0653884,0.32813322,0.096651798,3.395003797,0.000686276,0.003982341
 Cyp51,ENSMUSG00000001467.6,3.6624845,3.869778833,2.85426,3.421712,3.701569,4.672397,3.352568,2.895986,6.401987,4.121828,3.76018,2.686124,150.8329695,0.148076133,0.160766782,0.921061752,0.357018188,0.513058938
 Tcf25,ENSMUSG00000001472.18,91.224114,73.3276055,74.439457,99.02641,81.125989,110.3046,63.395118,71.863988,77.038022,73.553424,83.279898,70.835183,2656.553516,-0.073877949,0.065987847,-1.119569026,0.262897461,0.413917573
 Tubb6,ENSMUSG00000001473.8,27.8960635,24.242496,27.709176,30.243503,18.497958,35.133617,18.000781,23.989588,27.500817,26.094792,26.122219,23.746779,456.91486,0.093206095,0.135183294,0.689479387,0.490521641,0.637944853
 Def8,ENSMUSG00000001482.16,27.467898,27.39363767,24.33822,29.132374,25.885523,30.515475,22.235617,28.084688,29.738214,30.270553,29.813729,24.219025,906.9790239,0.290148143,0.080526171,3.603153327,0.00031438,0.002166406
 Meox1,ENSMUSG00000001493.10,23.5693165,7.762243,16.572285,26.064373,12.504549,39.136059,7.241504,4.73771,6.405228,8.185396,10.17397,9.82965,307.8290234,-1.266336017,0.241576924,-5.2419577,1.59E-07,5.13E-06
 Irx2,ENSMUSG00000001504.11,2.48348925,5.084465667,3.949675,2.783842,2.100962,1.099478,7.56983,8.589255,2.579941,2.718106,5.279311,3.770351,107.1150471,1.102320216,0.507868042,2.17048549,0.029970087,0.080035828
 Col1a1,ENSMUSG00000001506.11,868.2597608,140.1208065,695.28366,1055.430947,225.3879,1496.936536,34.977228,54.28188,200.368202,306.839082,130.25447,114.003977,25939.27345,-2.305122384,0.599040134,-3.848026623,0.000119073,0.000986402
 Itga3,ENSMUSG00000001507.17,5.81744725,4.9592725,3.860936,5.927863,5.496703,7.984287,2.961973,5.772764,6.236981,4.918615,5.744887,4.120415,250.803096,0.093094329,0.15971638,0.582872771,0.559978952,0.69613713
 Sgca,ENSMUSG00000001508.16,108.388648,142.1636968,98.912886,123.35588,104.577071,106.708755,123.315821,122.92579,164.062118,156.670196,180.863062,105.145194,1483.260404,0.620845562,0.080453022,7.716870634,1.19E-14,9.23E-12
 Foxm1,ENSMUSG00000001517.15,2.959874,0.901186667,2.58372,2.096093,2.153991,5.005692,0.483191,1.043159,0.617217,0.960702,1.251652,1.051199,65.3627585,-1.272280162,0.258782638,-4.916404643,8.81E-07,2.08E-05
 Itfg2,ENSMUSG00000001518.13,10.70674275,9.810565167,6.832669,15.635661,11.560479,8.798162,12.269592,10.217006,7.98437,11.572216,9.388332,7.431875,231.4667079,0.249367209,0.158581841,1.572482753,0.115838636,0.225422671
 Nrip2,ENSMUSG00000001520.13,2.25935875,2.5137445,1.353314,2.637394,1.997924,3.048803,1.927789,2.233148,2.337194,3.140162,2.979182,2.464992,54.35224434,0.52423568,0.205734593,2.548116349,0.010830634,0.035975178
 Tulp3,ENSMUSG00000001521.13,5.77398275,4.9376835,4.634616,6.874817,4.727221,6.859277,3.075623,5.448548,4.170033,6.997259,5.770697,4.163941,171.208881,-0.129988561,0.128015926,-1.015409288,0.309910768,0.465131335
 Gtf2h4,ENSMUSG00000001524.15,12.200292,7.926191,11.128545,9.587823,12.065782,16.019018,6.692254,8.593065,7.992084,6.509668,11.792685,5.97739,129.6580978,0.077300938,0.155117835,0.498336882,0.618246617,0.744306236
 Tubb5,ENSMUSG00000001525.11,75.7853735,53.62518467,72.238178,76.810004,50.126167,103.967145,44.470386,49.009504,60.101649,53.350965,63.804903,51.013701,1718.95757,-0.188278664,0.132391442,-1.422136219,0.15498671,0.280640079
 Ell2,ENSMUSG00000001542.8,7.3291825,4.979193167,5.885971,9.876974,6.008547,7.545238,3.214704,6.025754,7.403847,4.398459,4.059545,4.77285,228.5547185,-0.275187447,0.122259267,-2.25085143,0.024394949,0.068062683
 Jup,ENSMUSG00000001552.15,134.0846065,126.1862977,110.888351,153.240226,123.907648,148.302201,103.399675,140.349179,138.434916,120.078606,135.449656,119.405754,4421.214825,0.195143684,0.078584892,2.483221365,0.013020015,0.041291778
 Fkbp10,ENSMUSG00000001555.11,36.34513225,18.119423,36.380801,36.835744,22.169906,49.994078,17.446601,18.493736,17.703563,19.64813,17.984592,17.439916,612.7695905,-0.658546721,0.169759485,-3.879292651,0.000104761,0.000893727
 Nom1,ENSMUSG00000001569.11,8.3440755,7.284252,9.529073,10.166448,6.772472,6.908309,8.641009,7.572559,5.826701,7.862625,6.188447,7.614171,258.3917726,0.076987118,0.112476623,0.684472171,0.493677056,0.640213099
 Ergic1,ENSMUSG00000001576.16,28.5891565,23.7662995,23.398993,34.200371,21.134397,35.622865,18.995592,24.61255,28.533093,23.309155,25.369165,21.778242,578.7521491,-0.011618019,0.101319239,-0.114667452,0.908708713,0.944985227
 Acap1,ENSMUSG00000001588.13,0.85856325,0.4355865,0.263576,1.335643,0.809934,1.0251,0.294815,0.862821,0.351846,0.538492,0.408146,0.157399,12.73877271,-0.593780015,0.437464791,-1.357320697,0.174679334,0.306551046
 Tcea3,ENSMUSG00000001604.15,64.6597635,82.32154083,62.157414,61.412672,75.175132,59.893836,74.872254,84.200848,83.386722,91.442107,80.009197,80.018117,881.9084574,0.623784476,0.127003876,4.911538869,9.04E-07,2.12E-05
 Ifrd1,ENSMUSG00000001627.13,50.55431675,35.307081,44.023305,46.313216,59.272176,52.60857,38.230568,35.502348,38.663842,34.736875,35.819952,28.888901,410.2035645,-0.258502187,0.106724365,-2.422147803,0.015429074,0.04731223
 Stk38l,ENSMUSG00000001630.14,5.9917065,4.5210005,5.099986,7.208913,4.850942,6.806985,4.966518,3.772519,4.57905,5.690235,4.435384,3.682297,244.8064963,-0.138806986,0.128134641,-1.083290085,0.278679685,0.431958437
 Brpf1,ENSMUSG00000001632.17,9.256635,8.030894667,7.47684,10.454707,8.300705,10.794288,7.128535,7.522531,9.055224,8.736389,8.398892,7.343797,400.4549999,0.038174498,0.07961669,0.479478583,0.631598201,0.754647987
 Akr1b1,ENSMUSG00000001642.19,147.1743083,167.1768313,150.32972,147.967207,140.494472,149.905834,165.652478,167.121254,180.288842,151.920306,177.649722,160.428386,2205.53756,0.460899056,0.092690074,4.972474783,6.61E-07,1.65E-05
 Gstt1,ENSMUSG00000001663.11,16.02939175,16.76448683,11.616251,14.832906,13.403365,24.265045,14.428707,13.002981,21.25759,19.604456,14.829482,17.463705,149.389788,0.348449528,0.178942253,1.947273621,0.051501939,0.121526101
 Gstt3,ENSMUSG00000001665.12,5.72458775,3.183227833,4.605961,5.671431,4.845011,7.775948,2.303387,3.365707,3.219321,2.739684,3.423802,4.047466,73.52158503,-0.55960246,0.185898232,-3.010262403,0.002610221,0.01168338
 Ddt,ENSMUSG00000001666.9,61.42094875,70.91565767,64.280076,58.317984,64.066983,59.018752,67.03609,73.602603,69.438257,70.771047,79.458274,65.187675,320.6876836,0.494557007,0.119270307,4.146522449,3.38E-05,0.000359566
 Ddx18,ENSMUSG00000001674.12,12.83279275,9.373988,9.879023,12.884375,13.296158,15.271615,11.237822,8.026089,7.31505,9.638461,10.268072,9.758434,231.9353764,-0.13421941,0.135027855,-0.994012751,0.32021666,0.476144474
 Ubl3,ENSMUSG00000001687.16,46.9801275,42.43909417,48.015756,45.898459,37.730088,56.276207,43.057148,46.068815,44.627623,38.684156,38.270873,43.92595,987.4333026,0.159564122,0.08188048,1.948744348,0.051325963,0.121219577
 Gramd2b,ENSMUSG00000001700.11,10.08029375,8.749866667,9.645039,10.379914,9.023549,11.272673,7.077806,9.262321,7.821434,8.623266,9.205936,10.508437,259.942672,0.072053321,0.118253625,0.609311735,0.54231783,0.682959129
 Eef1e1,ENSMUSG00000001707.9,6.70124175,6.434517667,5.696081,5.988028,5.213214,9.907644,6.461863,6.808008,5.729136,6.117616,9.915038,3.575445,95.7224186,0.077711819,0.204637214,0.379754092,0.704127963,0.808594251
 Akt1,ENSMUSG00000001729.15,95.73915,94.43206933,94.092322,98.326667,82.208637,108.328974,93.075105,96.514364,105.565472,90.463036,97.208442,83.765997,2673.547505,0.285068816,0.0875813,3.254905052,0.001134303,0.005980663
 Cldn15,ENSMUSG00000001739.15,8.683218,3.411801833,5.309702,9.296403,10.511803,9.614964,1.226726,2.972196,3.957927,2.646915,6.666939,3.000108,101.9247613,-1.060082951,0.321226883,-3.300106581,0.000966481,0.005243232
 Il16,ENSMUSG00000001741.13,5.50358325,3.1483205,4.533462,5.880476,4.609206,6.991189,3.040967,3.186255,2.979903,3.054302,3.311604,3.316892,153.4523159,-0.510027995,0.116659419,-4.371940126,1.23E-05,0.000161034
 Tcirg1,ENSMUSG00000001750.17,33.228653,15.86231583,26.319686,33.377204,19.787317,53.430405,13.48439,12.609019,18.419167,15.726082,20.353676,14.581561,448.844948,-0.835744749,0.195447914,-4.276048459,1.90E-05,0.000227717
 Naglu,ENSMUSG00000001751.10,11.36626525,7.600654,8.829923,13.2485,8.355194,15.031444,6.418649,8.59002,8.206751,8.097442,7.245225,7.045837,241.5025445,-0.269905819,0.138476838,-1.949104439,0.051282954,0.121183269
 Coasy,ENSMUSG00000001755.13,10.885633,9.104645833,8.350071,11.996712,10.431853,12.763896,7.73865,10.887572,8.789817,9.821341,8.923651,8.466844,205.4620667,0.03846765,0.108704279,0.353874299,0.723433089,0.820976733
 Smo,ENSMUSG00000001761.8,10.425132,5.663901167,6.79591,12.031077,7.421596,15.451945,4.66042,4.807724,5.694965,6.832796,6.41662,5.570882,299.9361972,-0.560840709,0.163915102,-3.421531645,0.000622695,0.003673341
 Tspan33,ENSMUSG00000001763.15,0.96074475,1.085810167,0.717832,0.878217,0.882834,1.364096,1.275723,1.095093,1.289612,0.906933,0.735882,1.211618,21.79905664,0.443243178,0.306800587,1.444727281,0.148534504,0.271573509
 Crnkl1,ENSMUSG00000001767.6,7.61280725,5.961910333,6.546992,7.999324,8.004873,7.90004,6.081195,6.334333,5.544788,6.209008,5.089418,6.51272,245.4153403,-0.017683304,0.12595781,-0.140390694,0.88835131,0.932231955
 Rin2,ENSMUSG00000001768.17,14.18812475,6.990329,12.249623,16.727402,12.647112,15.128362,7.454702,6.847145,7.439583,7.393023,6.41123,6.396291,487.6297807,-0.72157923,0.088356469,-8.166682544,3.17E-16,3.79E-13
 Chordc1,ENSMUSG00000001774.9,16.408602,13.4803295,14.699794,17.080764,10.355391,23.498459,12.484512,14.973284,12.827051,9.741338,14.158541,16.697251,363.0657972,0.017125033,0.169941342,0.100770257,0.919732838,0.951485175
 Rtcb,ENSMUSG00000001783.4,43.988395,37.84901783,35.501406,48.690374,41.178741,50.583059,34.512947,39.708774,41.252689,40.132492,38.541781,32.945424,834.3557883,0.081019746,0.079521816,1.018836719,0.30828049,0.463265918
 Pwp1,ENSMUSG00000001785.14,9.562576,8.184396167,7.529274,13.040018,8.97546,8.705552,7.009227,9.835289,8.03622,7.654844,8.120185,8.450612,229.2003682,0.018321214,0.124572454,0.147072756,0.883074594,0.929089899
 Fbxo7,ENSMUSG00000001786.15,8.44787175,7.137186,6.890585,9.023101,8.418014,9.459787,4.476109,7.518705,6.697261,7.187464,11.305868,5.637709,162.2536907,0.036573451,0.142823444,0.25607456,0.797893265,0.874253365
 Capns1,ENSMUSG00000001794.14,278.8584748,261.5744465,243.862653,277.545429,260.058752,333.967065,227.257164,280.135656,282.618678,252.709885,292.658137,234.067159,3706.187256,0.198112322,0.078939334,2.50967815,0.012084124,0.039144707
 Lrp3,ENSMUSG00000001802.17,5.573186,5.171235333,3.995545,5.637869,5.27785,7.38148,4.712927,4.255565,6.150863,5.758609,4.675444,5.474004,213.6850613,0.139429704,0.12853888,1.084727858,0.278042206,0.431275229
 Clpb,ENSMUSG00000001829.18,44.06428625,49.97973383,40.967758,40.149523,40.551538,54.588326,40.302365,59.077503,62.779513,49.489468,56.901302,31.328252,1184.498461,0.496894362,0.094744025,5.244598401,1.57E-07,5.09E-06
 Septin7,ENSMUSG00000001833.18,53.6308835,43.53579433,57.469807,55.603615,48.649856,52.800256,50.887739,39.224324,38.099393,42.718934,41.746923,48.537453,1299.277371,-0.027197417,0.133874082,-0.203156703,0.839012553,0.901511895
 Zdhhc4,ENSMUSG00000001844.11,19.299171,16.96490583,14.963322,23.891692,16.212241,22.129429,14.665573,20.205496,18.420237,15.813339,17.80294,14.88185,197.4946346,0.148195935,0.130138495,1.138755566,0.25480512,0.404561486
 Rac1,ENSMUSG00000001847.15,177.9496695,131.1042238,156.507294,194.311027,157.1833,203.797057,132.642197,124.389836,139.559406,132.102212,131.37744,126.554252,2456.444213,-0.151200612,0.065891088,-2.294705036,0.021750034,0.06218685
 Nup214,ENSMUSG00000001855.16,10.20514575,8.4917215,7.702066,14.554637,6.158161,12.405719,10.595536,5.937469,8.860534,10.572056,9.46587,5.518864,413.9446177,0.106331552,0.101994638,1.042520996,0.297170196,0.45173029
 Aif1l,ENSMUSG00000001864.14,0.93326075,0.905078833,0.421166,0.693831,1.943681,0.674365,0.920796,0.95294,0.510116,1.909543,0.689757,0.447321,21.64777837,0.588466521,0.33250409,1.769802351,0.076760072,0.165110502
 Ltbp1,ENSMUSG00000001870.17,15.74124925,14.74210983,12.93149,16.371282,13.375744,20.286481,11.253487,17.118048,17.614507,16.726111,11.448831,14.291675,946.3971934,0.19588038,0.145978653,1.341842632,0.179647026,0.313145195
 Ugp2,ENSMUSG00000001891.17,133.8089138,120.687809,150.867791,130.871686,141.053908,112.44227,111.080961,102.799079,111.671698,115.892861,144.832742,137.849513,2982.892973,0.100842308,0.151895532,0.663892521,0.506759103,0.652227375
 Trmt1,ENSMUSG00000001909.17,30.248504,22.68287667,20.719661,29.340092,32.622389,38.311874,18.633886,21.291242,24.798052,21.936185,24.358108,25.079787,415.6390994,0.032099489,0.110424963,0.290690509,0.771288031,0.85557754
 Nacc1,ENSMUSG00000001910.6,19.4666195,16.10178117,18.182175,19.826755,14.892082,24.965466,14.629477,15.758925,17.837512,15.398342,18.321939,14.664492,736.387482,0.07980038,0.081140962,0.983478366,0.325372058,0.481673652
 Nfix,ENSMUSG00000001911.17,67.4861835,62.637638,47.82189,69.630938,60.547749,91.944157,54.923749,72.672437,70.731784,64.741649,53.29463,59.461579,2695.462876,0.164233018,0.092374837,1.777897789,0.075420643,0.162835806
 Slc1a5,ENSMUSG00000001918.18,35.8832295,21.42896567,19.653529,50.725795,29.846779,43.306815,16.492904,23.427203,19.510193,24.522911,25.58188,19.038703,650.6639993,-0.494160846,0.160011165,-3.088289787,0.002013121,0.009481776
 Uba1,ENSMUSG00000001924.16,82.8893545,76.72387367,69.164627,97.566733,72.389235,92.436823,66.654399,83.954859,78.467719,80.909883,79.055626,71.300756,3484.755222,0.210632894,0.068941622,3.05523554,0.002248838,0.010377497
 Vwf,ENSMUSG00000001930.18,37.74734875,28.783094,21.802054,60.544812,27.139639,41.50289,16.631123,27.417011,54.08521,20.056112,27.740755,26.768353,1455.04473,-0.153047247,0.376779709,-0.406198218,0.684596963,0.794142826
 Siae,ENSMUSG00000001942.9,6.8853995,5.569533167,5.758817,6.498017,6.724841,8.559923,5.372548,5.110398,5.80207,6.032327,5.106566,5.99329,295.5864324,-0.041620046,0.112589344,-0.36966239,0.711634059,0.813481581
 Vsig2,ENSMUSG00000001943.9,8.948915,8.423966833,7.662219,9.120645,7.531843,11.480953,5.033267,9.027634,9.511088,6.942026,11.309255,8.720531,63.28928114,0.199660986,0.205617526,0.971030974,0.331532855,0.48795197
 Esam,ENSMUSG00000001946.15,59.4848525,46.96835933,49.416912,61.46005,53.719653,73.342795,37.953831,44.302218,49.893057,46.672156,56.908996,46.079898,897.6939983,-0.022231494,0.095136335,-0.233680369,0.815233129,0.885368194
 Spa17,ENSMUSG00000001948.11,5.17032125,4.9185105,7.247875,3.631978,4.976625,4.824807,4.827914,4.239048,3.405126,7.491056,5.211873,4.336046,26.84662681,0.175763971,0.320811088,0.547873741,0.5837786,0.716314475
 Fam50a,ENSMUSG00000001962.9,19.31382925,15.43232033,15.582263,19.792474,18.131559,23.749021,11.65337,15.440781,17.094072,16.322056,19.894836,12.188807,225.7580535,-0.058717016,0.13515024,-0.434457355,0.663956356,0.779295669
 Emd,ENSMUSG00000001964.15,24.4574345,19.80738983,19.99147,27.438498,19.614604,30.785166,16.406243,18.875206,18.726771,23.506062,19.682876,21.647181,322.7262856,0.081350116,0.092316856,0.88120545,0.37820663,0.533487907
 Taco1,ENSMUSG00000001983.8,30.326451,37.17383883,33.727949,30.315508,29.783243,27.479104,35.469785,38.77726,42.841367,37.839369,34.508435,33.606817,472.2252369,0.55956242,0.133447134,4.193139295,2.75E-05,0.000306194
 Grik3,ENSMUSG00000001985.10,0.12164375,0.049353,0.113811,0.097661,0.098044,0.177059,0.019491,0,0.103857,0.042694,0.056694,0.073382,7.730146439,-0.990974875,0.581318336,-1.704702594,0.088249906,0.184157283
 Gria3,ENSMUSG00000001986.17,2.12296175,0.691348167,1.462883,2.222574,1.275715,3.530675,0.877482,0.695487,0.748556,0.904404,0.360364,0.561796,66.33942768,-1.336562689,0.291305286,-4.588185503,4.47E-06,7.43E-05
 Sipa1l2,ENSMUSG00000001995.10,13.080994,17.245313,9.474084,15.358993,10.607016,16.883883,15.516215,21.205356,17.343991,18.273918,14.924315,16.208083,1187.730076,0.70686156,0.128002515,5.522247419,3.35E-08,1.52E-06
 Ap4e1,ENSMUSG00000001998.16,4.2765625,2.778014667,3.016579,4.199078,4.549563,5.34103,2.268509,2.840035,2.676066,3.195642,2.889532,2.798304,157.2473548,-0.239075789,0.123581759,-1.934555634,0.053044849,0.124345687
 Blvra,ENSMUSG00000001999.16,13.717171,11.94262717,15.714823,11.518803,11.848279,15.786779,13.665407,10.330299,10.058591,13.557704,12.26453,11.779232,134.9118358,0.079546581,0.162290112,0.490150506,0.624027401,0.749208767
 Pdzd4,ENSMUSG00000002006.13,1.20675725,0.753795833,0.839651,1.451061,0.89997,1.636347,0.709226,0.563338,0.655388,0.807309,0.778494,1.00902,39.93802735,-0.382434666,0.235480735,-1.624059251,0.104363164,0.208172467
 Srpk3,ENSMUSG00000002007.6,16.63566875,20.15631767,19.580059,13.368472,18.590964,15.00318,20.580264,21.415787,18.59156,17.804104,23.691738,18.854453,361.5620099,0.65003657,0.170760476,3.806715605,0.000140825,0.001131672
 Idh3g,ENSMUSG00000002010.18,361.9659318,438.878551,326.668473,380.380197,381.152781,359.662276,394.725421,489.033529,476.6215,444.426172,450.93471,377.529974,5270.013006,0.547770928,0.097869395,5.59695834,2.18E-08,1.13E-06
 Pnck,ENSMUSG00000002012.14,4.03105025,5.382529667,4.334602,2.219628,5.796804,3.773167,4.089516,5.242954,5.909837,6.757389,4.742668,5.552814,72.55265289,0.60666267,0.263737298,2.300253607,0.021433856,0.061510118
 Ssr4,ENSMUSG00000002014.13,70.56671775,56.71480433,65.200574,74.412582,55.19511,87.458605,49.56291,47.798139,54.629946,70.298513,62.475719,55.523599,409.3231182,-0.019413892,0.109379211,-0.177491611,0.859122254,0.914728565
 Bcap31,ENSMUSG00000002015.6,50.20956675,39.62248667,44.338719,53.880043,39.402279,63.217226,37.54481,34.723054,42.395787,40.395651,40.486174,42.189444,498.8442152,-0.037963609,0.09198146,-0.412731095,0.67980364,0.790570644
 Fam98a,ENSMUSG00000002017.11,18.543424,16.37449583,20.459279,19.344153,16.008046,18.362218,17.775954,16.863081,15.387697,16.727931,15.364511,16.127801,500.0625959,0.087810737,0.121305776,0.723879269,0.469139859,0.618847696
 Ltbp2,ENSMUSG00000002020.16,46.25939875,4.638924667,26.101741,58.915993,10.222619,89.797242,4.62122,1.048987,2.719506,8.361279,6.078545,5.004011,1393.130304,-3.074316665,0.645751061,-4.760838738,1.93E-06,3.83E-05
 Kmt2a,ENSMUSG00000002028.14,9.59636325,7.5626635,5.041587,12.256852,8.906393,12.180621,7.091189,7.563122,9.525128,8.122756,6.832556,6.24123,1480.40708,-0.072014371,0.145562282,-0.494732357,0.620789058,0.746478981
 Ift46,ENSMUSG00000002031.14,22.3034785,11.75080183,17.144978,27.967408,18.53026,25.571268,11.20754,10.277372,12.519738,13.602862,12.785577,10.111722,174.5228062,-0.565847279,0.124252341,-4.554017061,5.26E-06,8.35E-05
 Tmem25,ENSMUSG00000002032.18,5.5242585,6.800176167,5.285339,5.419736,6.944742,4.447217,6.315224,7.429102,6.723638,7.49024,6.786332,6.056521,159.0210555,0.616052363,0.160126338,3.847289408,0.000119432,0.000988751
 Trappc6a,ENSMUSG00000002043.18,13.0598885,13.91499217,11.184507,15.875918,11.368013,13.811116,11.858693,16.551421,11.267273,13.294461,16.930317,13.587788,84.91560456,0.377867556,0.175914729,2.148015449,0.031712528,0.083602867
 Supt6,ENSMUSG00000002052.7,16.90322,13.25850617,13.169428,18.1284,15.680959,20.634093,11.506725,12.847388,14.699599,13.800379,13.729205,12.967741,1026.95368,-0.005009468,0.086919793,-0.057633228,0.954040782,0.97350345
 Spag5,ENSMUSG00000002055.10,1.3664225,0.846006,1.381245,1.406088,0.873515,1.804842,1.384084,0.874081,0.733197,0.33271,1.187215,0.564749,32.53091047,-0.749576504,0.377205305,-1.987184416,0.046901964,0.113334926
 Unc119,ENSMUSG00000002058.14,7.9196045,4.776560167,6.500678,7.496369,5.476635,12.204736,5.042229,4.9506,4.446441,6.134572,4.200148,3.885371,74.0401606,-0.429764599,0.203155189,-2.115449779,0.034391631,0.088849549
 Rab34,ENSMUSG00000002059.19,15.95983675,8.997408833,11.289509,18.667232,12.450833,21.431773,6.918595,9.034089,8.672733,9.200612,10.788346,9.370078,160.9548622,-0.539790554,0.14642379,-3.686494904,0.000227364,0.001661652
 Sdf2,ENSMUSG00000002064.11,38.04964075,30.70545433,33.915246,37.107533,34.159465,47.016319,25.709179,29.212551,34.668326,33.305559,34.400954,26.936157,390.1854974,0.019509317,0.101645127,0.191935588,0.847792661,0.907140393
 Ccne1,ENSMUSG00000002068.17,1.7077315,0.800767333,1.219526,1.570811,1.115313,2.925276,0.584933,0.883475,0.755659,0.797494,1.048981,0.734062,21.9280785,-0.630325865,0.287683117,-2.191042256,0.028448735,0.076675405
 Bbc3,ENSMUSG00000002083.14,5.0017215,2.890922667,4.16707,5.446613,5.191859,5.201344,1.418809,3.672856,3.123882,3.160874,3.069472,2.899643,55.0316397,-0.718661739,0.200358501,-3.586879198,0.000334659,0.002277518
 Mybpc3,ENSMUSG00000002100.16,1210.025627,1279.843815,1134.879042,1320.230195,1137.222567,1247.770705,1106.968935,1528.848382,1392.807398,1086.400612,1354.74782,1209.289742,58730.16845,0.35925238,0.104829735,3.427008375,0.00061027,0.003611383
 Psmc3,ENSMUSG00000002102.16,137.4950238,146.2581567,130.760565,157.547825,128.343558,133.328147,145.629938,151.172024,150.93294,142.492607,154.892517,132.428914,1966.373339,0.324089333,0.081305941,3.986047395,6.72E-05,0.000622544
 Acp2,ENSMUSG00000002103.17,14.355336,9.8734645,12.117378,16.236019,11.384083,17.683864,9.142087,9.606973,9.866306,10.986873,10.972461,8.666087,556.8760458,-0.26934371,0.087344655,-3.083688526,0.002044515,0.009602141
 Rapsn,ENSMUSG00000002104.12,7.11922525,8.956920667,6.260317,6.700467,6.939807,8.57631,8.298701,10.331908,7.179993,9.728771,9.478452,8.723699,129.7565289,0.652819601,0.152188906,4.289534761,1.79E-05,0.000216288
 Slc39a13,ENSMUSG00000002105.16,31.0801855,17.99578867,23.8727,39.036803,19.970227,41.441012,15.955774,15.885872,19.173264,19.283207,20.392627,17.283988,425.4995705,-0.41337217,0.128627755,-3.213708963,0.001310324,0.0067202
 Celf2,ENSMUSG00000002107.20,23.75733325,18.17418617,21.765048,28.642032,22.828296,21.793957,16.487149,18.427364,18.990031,19.185928,17.148977,18.805668,928.8305565,-0.037273695,0.099404073,-0.37497151,0.707681655,0.810795347
 Nr1h3,ENSMUSG00000002108.11,14.5753695,11.52393233,12.243306,18.767235,12.927538,14.363399,11.073366,11.631362,12.216484,11.052267,13.515035,9.65508,228.9463773,-0.006732099,0.112443695,-0.059870846,0.9522585,0.971986388
 Ddb2,ENSMUSG00000002109.15,4.72339,3.762626,4.089437,5.128656,4.54726,5.128207,4.51785,4.02023,3.814561,3.609984,3.233001,3.38013,86.77416053,-0.067293549,0.159209817,-0.422672105,0.67253451,0.785439585
 Spi1,ENSMUSG00000002111.10,13.56499475,5.4169985,11.35402,17.943329,7.595982,17.366648,2.979141,5.239017,8.587679,6.601429,5.776692,3.318033,135.1844526,-1.170515813,0.252812475,-4.62997648,3.66E-06,6.36E-05
 Sf3a1,ENSMUSG00000002129.12,10.687009,10.692134,8.954373,10.923603,9.531054,13.339006,9.291226,11.023907,13.215004,10.436603,10.716927,9.469137,559.7355575,0.250940153,0.095502606,2.627573888,0.008599616,0.02996767
 Stat6,ENSMUSG00000002147.19,29.77487825,23.19014633,22.697452,31.234975,27.796812,37.370274,21.151887,21.17515,26.064723,25.692678,23.929638,21.126802,946.0371125,-0.103233828,0.078843523,-1.309350774,0.190415558,0.326969934
 Napsa,ENSMUSG00000002204.10,2.785477,0.376849333,1.59327,2.751292,0.656711,6.140635,0.130423,0.485404,0.265509,0.355017,0.323293,0.70145,18.16645319,-2.517336921,0.550034475,-4.576689346,4.72E-06,7.67E-05
 Vrk3,ENSMUSG00000002205.17,18.822503,13.314092,17.495632,17.933669,16.413202,23.447509,11.846769,15.899055,15.442036,11.599715,13.999749,11.097228,274.9267977,-0.068889614,0.102908481,-0.669426011,0.503223764,0.649074283
 Smg9,ENSMUSG00000002210.12,9.292498,7.514263,6.841236,8.973025,9.141685,12.214046,6.028061,6.563229,8.927233,7.830166,9.743541,5.993348,152.02102,-0.009549299,0.134763906,-0.07085947,0.9435096,0.966505902
 Paxip1,ENSMUSG00000002221.12,9.899914,6.844618167,7.066861,12.472524,7.607827,12.452444,4.792599,7.682619,6.934627,6.560428,7.501177,7.596259,336.9703595,0.224407147,0.124358626,1.804516142,0.071150431,0.156056092
 Rmnd5a,ENSMUSG00000002222.15,29.05044775,25.50022633,23.409877,31.73814,31.242911,29.810863,26.689239,23.354465,25.419327,25.868109,23.672646,27.997572,1606.66723,0.082397392,0.112009743,0.735627007,0.461957722,0.612976985
 Mov10,ENSMUSG00000002227.16,6.450884,4.039287167,5.145079,6.232061,5.77191,8.654486,2.964593,3.314182,6.2075,4.137557,4.205022,3.406869,151.8527903,-0.554893845,0.143832749,-3.85791032,0.000114361,0.000957006
 Ppm1j,ENSMUSG00000002228.8,17.29695775,18.49917817,16.449464,15.671723,18.188147,18.878497,19.957262,18.334487,16.102247,13.507698,22.115166,20.978209,254.16124,0.534787555,0.135747789,3.939567346,8.16E-05,0.000726539
 Rhoc,ENSMUSG00000002233.14,101.5743595,58.12465767,83.800343,116.333769,68.715148,137.448178,48.389818,48.620583,62.99921,51.988163,81.915939,54.834233,717.8086664,-0.456312187,0.154667321,-2.950281834,0.003174842,0.013630889
 Tead3,ENSMUSG00000002249.22,15.3158165,13.4400265,11.662826,17.838019,11.99479,19.767631,12.680882,12.365466,14.791,13.941632,10.790712,16.070467,295.8724662,-0.06244218,0.11271692,-0.553973441,0.579597022,0.712863976
 Ppard,ENSMUSG00000002250.17,17.16701825,17.30078667,13.531567,21.127238,15.022193,18.987075,13.902484,17.985015,19.943553,19.928936,15.75532,16.289412,564.6065582,0.223487114,0.076191418,2.933232102,0.00335453,0.014231752
 Def6,ENSMUSG00000002257.9,4.2760815,1.8921915,3.402425,4.39473,4.438314,4.868857,2.83188,1.427124,1.751542,2.065777,2.055311,1.221515,59.65549533,-0.910505233,0.217294685,-4.19018639,2.79E-05,0.00030942
 Peg3,ENSMUSG00000002265.18,6.11959575,2.860138,3.632387,7.676572,6.489953,6.679471,2.505009,2.319712,2.993419,3.415515,3.316537,2.610636,374.2991463,-0.842187289,0.154590259,-5.447867754,5.10E-08,2.10E-06
 Zim1,ENSMUSG00000002266.18,0.4528825,0.448981667,0.200102,0.673613,0.57463,0.363185,0.296995,0.294038,0.879623,0.45031,0.246786,0.526138,31.28231359,0.107594862,0.314097197,0.342552761,0.731934945,0.826631542
 Metrn,ENSMUSG00000002274.15,19.69395775,25.22529483,23.385372,17.069107,19.302938,19.018414,18.958505,28.576302,28.787202,21.489601,27.405903,26.134256,244.7466556,0.67649957,0.153224887,4.415076329,1.01E-05,0.000138147
 Lmf1,ENSMUSG00000002279.20,20.92688825,20.6396675,20.059942,23.703543,17.567197,22.376871,16.372125,22.645658,23.178142,21.581608,22.772787,17.287685,362.6261833,0.247334183,0.113328857,2.182446642,0.029076585,0.07806173
 Ciao3,ENSMUSG00000002280.12,19.0478715,21.04551133,18.389198,18.588372,20.811932,18.401984,18.86893,21.31997,23.109465,22.288359,20.796101,19.890243,520.3471276,0.366154508,0.102007025,3.589502868,0.000331309,0.002265266
 Angptl4,ENSMUSG00000002289.17,39.68520325,3.266379333,34.776539,49.11802,33.829281,41.016973,4.781095,1.815222,2.559916,2.488166,4.574545,3.379332,361.903339,-3.585580143,0.199895378,-17.9372839,6.03E-72,7.94E-68
 Dbf4,ENSMUSG00000002297.17,2.061044,0.705358833,1.860251,2.849234,0.790446,2.744245,0.590113,0.420365,0.965262,0.638758,0.886027,0.731628,29.32030722,-1.255772966,0.331936282,-3.783174766,0.000154841,0.00122118
 Daxx,ENSMUSG00000002307.17,11.5988205,8.5039605,11.750741,12.145042,8.568334,13.931165,11.769986,6.754602,10.022235,6.627231,8.896143,6.953566,218.8581026,-0.172944196,0.103235421,-1.675240868,0.093886982,0.192200942
 Cd320,ENSMUSG00000002308.17,18.352633,17.25774967,16.125626,18.346663,19.326238,19.612005,19.174098,17.703044,22.730342,14.114229,15.252323,14.572462,170.6999181,0.355673966,0.157348748,2.260418148,0.023795311,0.066684235
 Ipo4,ENSMUSG00000002319.17,29.702392,19.85125067,22.510008,34.219483,32.741822,29.338255,16.398922,18.513628,17.86858,19.590689,21.296657,25.439028,747.0372066,0.049421881,0.079725776,0.619898397,0.535324681,0.677264491
 Tm9sf1,ENSMUSG00000002320.16,27.04524575,22.16691,24.490964,27.439229,23.469487,32.781303,20.977868,20.477326,21.603422,21.425102,24.902223,23.615519,549.9665004,-0.0326051,0.080923659,-0.40291184,0.687013081,0.795918721
 Irf9,ENSMUSG00000002325.16,15.840569,10.2333995,14.896866,11.785569,13.176943,23.502898,12.443147,8.339308,10.876822,8.856581,12.185204,8.699335,307.9655851,-0.327759106,0.168638036,-1.943565723,0.051947843,0.122380707
 Gmpr2,ENSMUSG00000002326.7,9.3016,7.024171833,8.399481,10.234346,7.650233,10.92234,7.063341,6.519369,7.170472,7.673219,6.645483,7.073147,137.9554827,-0.159995659,0.141574247,-1.130118383,0.258426345,0.408703843
 Mdp1,ENSMUSG00000002329.8,31.9076515,28.58229133,31.807155,32.564059,30.42605,32.833342,29.072327,28.873844,27.728708,26.985274,32.381459,26.452136,525.0542629,0.120238352,0.096230103,1.249487923,0.211486668,0.353104089
 Dhrs1,ENSMUSG00000002332.17,35.13220925,30.71165117,37.429338,31.586392,35.319587,36.19352,24.279183,30.015564,30.289165,32.08099,32.705114,34.899891,427.9536964,0.151455284,0.090282995,1.677561587,0.093432717,0.191628842
 Tmem161a,ENSMUSG00000002342.18,43.63647275,46.03663,40.290742,47.514733,40.38908,46.351336,43.179736,56.000499,41.193219,43.826818,43.413006,48.606502,843.0380126,0.238672684,0.094473351,2.526349311,0.011525482,0.037753819
 Armc6,ENSMUSG00000002343.12,4.53620025,4.630575833,4.622549,3.977399,4.548686,4.996167,4.113507,4.154411,4.391976,5.58748,5.554224,3.981857,94.67128785,0.265037354,0.147285667,1.799478249,0.071943061,0.157394142
 Borcs8,ENSMUSG00000002345.19,21.382241,18.98685183,17.454357,22.846427,18.621943,26.606237,15.330584,19.83552,21.450717,24.462171,18.248207,14.593912,120.7080485,0.127056669,0.168873757,0.752376632,0.451824595,0.603607231
 Slc25a42,ENSMUSG00000002346.18,32.10298975,34.58901983,26.1079,35.117027,39.188956,27.998076,33.890846,34.620922,35.108437,35.403826,34.816186,33.693902,1127.653851,0.368760198,0.128937536,2.859991041,0.00423653,0.017153447
 Snx9,ENSMUSG00000002365.11,19.872441,15.34866717,15.682483,24.55826,14.9739,24.275121,14.30014,15.12596,16.282708,15.847667,15.343297,15.192231,595.0914529,-0.073654556,0.095734368,-0.769363794,0.441677376,0.594461416
 Ranbp3,ENSMUSG00000002372.10,23.89855475,22.31594667,20.281959,25.615695,22.645729,27.050836,18.825962,23.083596,25.871385,20.678924,25.907858,19.527955,581.603445,0.171868265,0.103533788,1.660021034,0.096910221,0.196888642
 Ndufa11,ENSMUSG00000002379.8,632.1654383,762.1748002,657.978909,651.146822,568.325392,651.21063,719.132051,790.927555,866.250843,705.624474,802.377389,688.736489,2485.605764,0.570967392,0.099093711,5.761893306,8.32E-09,5.24E-07
 Nr2f6,ENSMUSG00000002393.15,28.6975085,27.4035,28.584864,26.079537,24.971827,35.153806,26.779725,25.719291,32.878408,23.890517,28.415749,26.73731,578.0844009,0.309022934,0.079278969,3.89791817,9.70E-05,0.000838043
 Use1,ENSMUSG00000002395.15,98.13763425,89.89216767,81.091305,107.539718,89.967856,113.951658,73.941732,104.469385,92.442199,88.322149,100.757205,79.420336,694.9588301,0.19496167,0.097637739,1.996786005,0.045848434,0.111197669
 Ocel1,ENSMUSG00000002396.9,10.2206705,7.906231333,8.102625,11.932654,7.932674,12.914729,6.669797,7.904028,8.671611,7.0246,9.60389,7.563462,324.6832298,0.108714106,0.111203688,0.977612418,0.328266053,0.48460778
 Dyrk1b,ENSMUSG00000002409.19,13.61192275,11.5437865,10.239385,15.467356,14.295949,14.445001,12.622582,10.475484,11.622488,11.647645,10.857382,12.037138,315.5738747,0.073218687,0.118997731,0.615294822,0.538360037,0.679471005
 Braf,ENSMUSG00000002413.16,5.95017425,4.347858,4.837686,6.521964,6.011578,6.429469,3.498692,4.350902,4.688662,4.677703,4.755852,4.115337,406.4685338,-0.205821067,0.09480194,-2.171063879,0.029926344,0.07993524
 Ndufb2,ENSMUSG00000002416.14,343.2461155,386.8763258,334.805628,332.665854,349.234484,356.278496,387.895565,410.678511,387.121178,360.476331,413.132884,361.953486,1179.452584,0.477595882,0.091411404,5.224685968,1.74E-07,5.50E-06
 Hltf,ENSMUSG00000002428.13,6.12168575,4.480754,5.958954,5.861412,6.692199,5.974178,5.123659,4.172682,3.703034,3.941182,4.802974,5.140993,268.3870011,-0.220889549,0.141489835,-1.561169038,0.118483872,0.229382684
 Prpf6,ENSMUSG00000002455.15,19.93895425,17.438013,16.188293,21.820326,18.773425,22.973773,16.02945,18.343188,19.177338,16.248897,18.476549,16.352656,606.9027921,0.085025071,0.080582057,1.055136522,0.291362891,0.445947302
 Rgs19,ENSMUSG00000002458.14,10.2877365,6.139227833,7.667486,10.736538,7.627442,15.11948,5.027088,4.713466,6.732788,6.892759,4.761909,8.707357,78.47876563,-0.580356019,0.218451212,-2.656684823,0.007891318,0.028110016
 Abhd3,ENSMUSG00000002475.17,2.51828275,1.568311333,3.409039,2.214815,1.961145,2.488132,1.544766,1.699793,1.829381,1.358633,1.690849,1.286446,36.77471783,-0.211678878,0.217327587,-0.974008322,0.330052407,0.486282427
 Snrpd1,ENSMUSG00000002477.6,15.0717015,12.0486095,18.795738,15.624081,8.817351,17.049636,11.113382,11.128854,12.860571,12.503084,13.965942,10.719824,91.54451926,-0.037845528,0.196152626,-0.192939189,0.847006593,0.906916143
 Tchp,ENSMUSG00000002486.16,5.46893775,4.335762667,5.103801,5.398955,6.01552,5.357475,5.42954,5.922082,3.482085,3.708329,3.72374,3.7488,115.8175738,-0.011460836,0.172546557,-0.066421705,0.94704209,0.968691292
 Tiam1,ENSMUSG00000002489.17,3.2773545,1.9236755,2.207568,4.221432,1.864989,4.815429,1.429764,1.325172,2.463164,2.136204,2.356086,1.831663,145.4985235,-0.477480909,0.221377951,-2.156858469,0.031016694,0.082263026
 Tsc2,ENSMUSG00000002496.11,49.790375,50.13073367,40.785544,51.828477,47.518828,59.028651,41.402721,48.406663,51.348251,49.964524,55.042797,54.619446,2357.299242,0.289581817,0.075101513,3.855871965,0.000115318,0.00096379
 Rpl3l,ENSMUSG00000002500.16,159.5974003,213.2111707,177.041348,146.2611,193.893688,121.193465,236.8818,222.554519,213.449626,201.630273,198.227048,206.523758,2614.741553,0.673779358,0.173442455,3.884742964,0.000102438,0.000877899
 Nherf2,ENSMUSG00000002504.16,73.554279,82.64769733,67.252285,68.800251,74.461074,83.703506,78.020956,89.528894,85.661027,75.36829,88.368986,78.938031,1543.968472,0.44262748,0.098482772,4.494466083,6.97E-06,0.000104379
 Puf60,ENSMUSG00000002524.18,53.4979575,47.037251,44.312763,57.207167,46.974571,65.497329,40.026464,45.026856,48.637036,47.856511,56.136298,44.540341,894.1538108,0.109014011,0.081168615,1.343056195,0.179253778,0.312743164
 Golga2,ENSMUSG00000002546.18,35.2432945,30.85082817,29.251202,36.386916,36.287556,39.047504,27.71642,30.096495,30.788704,32.85729,33.855078,29.790982,1382.807161,0.073590568,0.063832964,1.152861513,0.248967231,0.398636119
 Uck1,ENSMUSG00000002550.17,16.41054975,13.15202933,12.954558,19.468584,14.713892,18.505165,10.992425,14.748827,13.020177,14.187225,13.635198,12.328324,264.0542285,-0.025687384,0.109586993,-0.234401764,0.81467309,0.884973121
 Scin,ENSMUSG00000002565.17,1.476694,1.379596667,1.319795,1.104309,1.33424,2.148432,1.334156,1.592319,0.684984,1.627448,1.903909,1.134764,46.19112573,0.190325875,0.280766653,0.677879201,0.497848288,0.643685105
 Ikzf4,ENSMUSG00000002578.19,0.2503015,0.2775935,0.198243,0.231874,0.17468,0.396409,0.156243,0.18602,0.326951,0.303974,0.314303,0.37807,12.56475872,0.320715787,0.370327156,0.866033673,0.386471696,0.541085054
 Mien1,ENSMUSG00000002580.8,45.2709895,38.476925,41.49802,46.555074,41.541198,51.489666,36.786532,42.44694,32.499821,30.074331,46.502039,42.551887,241.6012598,0.064664537,0.135302923,0.477924166,0.63270418,0.755420539
 Axl,ENSMUSG00000002602.17,58.82878975,37.79632917,45.507871,72.448792,42.760149,74.598347,28.186065,39.66187,41.679353,40.555576,35.248897,41.446214,1970.321962,-0.335426088,0.132026868,-2.540589599,0.011066573,0.036604664
 Tgfb1,ENSMUSG00000002603.16,32.345481,17.70308633,25.396989,35.397611,21.655511,46.931813,14.321331,15.587589,18.273493,20.084977,20.657473,17.293655,511.4843328,-0.576244151,0.142460294,-4.044945691,5.23E-05,0.000506974
 Ccdc97,ENSMUSG00000002608.9,29.54159075,28.574051,23.051428,32.698658,27.486975,34.929302,26.439609,30.913921,31.178468,30.328763,27.246243,25.337302,751.3942235,0.257648008,0.080152363,3.214477989,0.001306819,0.006704839
 Zfp40,ENSMUSG00000002617.15,2.30956925,1.147242833,1.89194,2.162526,2.697508,2.486303,1.89971,0.851358,1.444593,0.885124,1.232454,0.570218,46.36410699,-0.590312594,0.231280124,-2.55237062,0.010699264,0.035649599
 Akap8l,ENSMUSG00000002625.11,35.375519,34.6635145,27.728167,35.777848,34.239121,43.75694,37.971707,31.398967,30.30076,39.0189,38.234353,31.0564,752.9982332,0.130041198,0.080199693,1.621467517,0.104917411,0.208866305
 Pdcd2l,ENSMUSG00000002635.12,13.0169605,15.05412767,11.99128,15.01487,11.166875,13.894817,10.637072,13.508122,18.771423,19.036534,17.480514,10.891101,148.9347489,0.267379158,0.146214744,1.828674387,0.067448402,0.149954998
 Gtf2f1,ENSMUSG00000002658.10,16.2515535,13.35549817,16.645898,14.801948,14.276929,19.281439,12.395848,13.877461,12.948248,14.267741,13.810769,12.832922,251.9877217,-0.003106321,0.109817198,-0.028286286,0.977433819,0.987951884
 Clpp,ENSMUSG00000002660.9,53.39565,60.45645167,46.844575,58.726194,52.138754,55.873077,58.094186,63.220437,65.349211,58.061305,66.4852,51.528371,503.4462175,0.459015555,0.094138761,4.875946442,1.08E-06,2.48E-05
 Alkbh7,ENSMUSG00000002661.15,40.5516265,44.33804317,43.455107,43.466985,39.643536,35.640878,37.23455,45.881064,45.402467,46.751846,50.672,40.086332,337.4497457,0.410066162,0.131098723,3.12791882,0.001760488,0.00851129
 Dennd1c,ENSMUSG00000002668.9,4.43998225,1.725902167,4.124731,4.120272,1.303941,8.210985,0.917346,1.249439,2.298511,2.353712,1.91585,1.620555,55.12662099,-0.61305368,0.295007158,-2.078097644,0.037700367,0.095486483
 Med6,ENSMUSG00000002679.15,10.48937575,7.8970165,11.031558,11.36982,9.917816,9.638309,9.216852,7.26397,6.951319,8.415125,6.365134,9.169699,75.6926225,0.000395318,0.177990679,0.002221004,0.998227896,0.999063297
 Prkd1,ENSMUSG00000002688.9,2.719563,2.110813833,2.524575,3.033558,2.906315,2.413804,1.625923,2.703815,1.944487,1.695834,2.40766,2.287164,94.94078148,-0.098480228,0.18568126,-0.530372464,0.595853714,0.726775763
 Lcp2,ENSMUSG00000002699.14,3.59587175,1.072954833,4.083322,4.402715,1.697946,4.199504,0.94543,0.999741,1.1551,1.309233,1.326763,0.701462,65.54417604,-1.412084264,0.224420186,-6.292144601,3.13E-10,4.16E-08
 Cse1l,ENSMUSG00000002718.15,18.1027525,17.581012,17.588195,18.081674,18.393776,18.347365,17.411565,17.327801,16.722907,18.033591,17.076625,18.913583,675.1360304,0.220690109,0.110924485,1.9895527,0.046640231,0.112769575
 Naa20,ENSMUSG00000002728.15,48.50574825,46.69272933,50.119651,49.649817,50.126965,44.12656,46.880593,42.594391,42.016387,50.107692,53.048453,45.50886,467.7764818,0.238476066,0.116481975,2.047321628,0.040626516,0.101239215
 Prkra,ENSMUSG00000002731.7,11.8885805,9.592572,9.892108,12.045363,10.547195,15.069656,8.453102,10.065746,9.435701,8.805301,11.433553,9.362029,165.8979176,0.000897858,0.119129332,0.007536832,0.993986535,0.996997745
 Fkbp7,ENSMUSG00000002732.15,28.4734925,15.871335,28.791238,30.361722,20.896976,33.844034,15.516809,12.888616,15.085111,20.123678,14.116206,17.49759,142.7357738,-0.552749548,0.154302706,-3.582241451,0.000340659,0.002309982
 Plekha3,ENSMUSG00000002733.9,12.485104,10.5656125,11.07786,12.759494,12.085794,14.017268,11.961762,10.799653,9.740621,8.922952,10.666834,11.301853,305.9778354,0.041761397,0.117215116,0.356279966,0.721630911,0.819881078
 Ykt6,ENSMUSG00000002741.10,42.26593825,34.6023165,39.689448,47.852259,34.09062,47.431426,34.301117,36.638354,36.901652,33.762777,35.383145,30.626854,983.5308646,0.00389146,0.084378311,0.046119194,0.963215248,0.97923049
 Baz1b,ENSMUSG00000002748.8,22.03507425,20.37586033,16.56935,23.141119,22.186591,26.243237,19.929277,18.769319,21.06936,21.538391,20.89505,20.053765,1489.906413,0.198922502,0.071537541,2.780672907,0.005424636,0.020908611
 Pex6,ENSMUSG00000002763.17,21.63119325,22.84749517,19.854063,21.514279,21.620938,23.535493,19.543557,23.955941,25.803256,21.38678,23.280919,23.114518,791.6205263,0.366985127,0.089727067,4.090015861,4.31E-05,0.000437159
 Mrpl2,ENSMUSG00000002767.14,93.1920375,104.8128137,94.046019,100.860761,86.427796,91.433574,92.82962,121.520445,111.555503,106.803608,112.634956,83.53275,933.6832145,0.448027348,0.116082994,3.85954335,0.000113599,0.000952451
 Mea1,ENSMUSG00000002768.9,28.6861465,26.90651167,26.106911,32.7435,23.324508,32.569667,24.028839,26.700176,24.467053,31.868676,31.51685,22.857476,206.8930375,0.179580372,0.120815362,1.486403453,0.137172437,0.25548682
 Gnmt,ENSMUSG00000002769.10,2.08125575,3.267364,1.912487,1.947234,3.1029,1.362402,1.529483,4.339572,4.601541,3.07839,2.695641,3.359557,25.74415316,0.873390506,0.368656881,2.36911489,0.017830714,0.052901001
 Grin2d,ENSMUSG00000002771.13,1.26857875,0.518420333,1.011749,1.266319,0.644185,2.152062,0.486278,0.334291,0.515868,0.582542,0.710492,0.481051,43.88098616,-0.846076877,0.287072752,-2.947255954,0.003206077,0.013720216
 Kdelr1,ENSMUSG00000002778.15,90.6647915,75.33477333,71.266898,104.66294,72.44594,114.283388,63.632536,73.893209,81.319499,73.032678,81.519803,78.610915,962.8935497,-0.066069843,0.075103855,-0.879713076,0.379014764,0.5342841
 Tmem143,ENSMUSG00000002781.20,48.59969225,60.55672367,47.636946,46.586205,54.089686,46.085932,60.066562,63.915217,65.426245,57.917211,58.573404,57.441703,1307.712883,0.657962692,0.121749159,5.404248349,6.51E-08,2.52E-06
 Ggct,ENSMUSG00000002797.10,11.734812,10.220176,13.278763,14.711362,8.865529,10.083594,11.724134,11.821775,10.26074,8.173751,8.562203,10.778453,130.319237,0.201780954,0.146683382,1.375622454,0.168938551,0.299598366
 Jag2,ENSMUSG00000002799.7,19.1216835,27.152774,13.94806,17.815816,16.875713,27.847145,26.113012,24.553974,33.347486,25.952053,29.402587,23.547532,758.5001014,0.635739787,0.093373852,6.808541952,9.86E-12,2.59E-09
 Btbd6,ENSMUSG00000002803.15,16.21598325,13.90783183,12.109865,17.71496,17.428941,17.610167,13.245814,12.833504,14.797205,14.591977,14.338767,13.639724,272.6139543,0.093670959,0.103818559,0.902256393,0.366920684,0.52295142
 Nudt14,ENSMUSG00000002804.5,7.14581075,6.312329333,5.363606,7.507038,6.610002,9.102597,4.726812,5.513834,8.758742,6.639573,6.737475,5.49754,49.55412171,-0.079215222,0.203836263,-0.388621834,0.697555913,0.803322072
 Epdr1,ENSMUSG00000002808.8,14.66088275,12.71295933,13.895052,14.037046,16.060101,14.651332,11.698706,10.1136,14.002888,13.784229,12.532077,14.146256,337.3008971,0.056402139,0.13525939,0.416992408,0.676683961,0.788535522
 Flii,ENSMUSG00000002812.5,70.73867925,63.966821,60.392925,86.287177,61.278058,74.996557,47.119648,67.329438,72.45339,58.656949,71.422329,66.819172,2214.764907,0.102052793,0.073853938,1.381819241,0.16702721,0.297085309
 Top3a,ENSMUSG00000002814.16,3.1183555,2.108461,2.098826,3.852265,2.342131,4.1802,1.755524,1.722389,2.1948,2.532983,2.40769,2.03738,100.1895371,-0.208584546,0.167474773,-1.245468448,0.212959607,0.354797825
 Atg4d,ENSMUSG00000002820.7,30.94835275,39.09319633,29.614836,32.666046,31.903824,29.608705,37.551564,43.959974,44.627677,38.214875,38.817884,31.387204,727.9992001,0.394708815,0.099074641,3.983954022,6.78E-05,0.000625259
 Qtrt1,ENSMUSG00000002825.9,7.09145725,7.716416667,5.925273,5.735788,6.383168,10.3216,8.164847,9.092261,9.172354,5.93793,8.18001,5.751098,74.06746874,0.381035515,0.213027298,1.788669896,0.073667994,0.159955155
 Plin4,ENSMUSG00000002831.16,61.5390505,67.44302617,50.439299,60.675271,77.553993,57.487639,58.547262,75.142769,75.185182,69.313592,63.258148,63.211204,4642.580974,0.397454407,0.139398962,2.851200614,0.004355448,0.017559276
 Hdgfl2,ENSMUSG00000002833.12,32.28397,29.59711667,28.166914,32.706803,30.407364,37.854799,28.121359,31.191054,28.328717,25.88258,30.925782,33.133208,595.7578061,0.142537486,0.07921903,1.799283395,0.071973863,0.157420783
 Chaf1a,ENSMUSG00000002835.10,3.2214385,2.3002015,2.466894,3.489103,2.709915,4.219842,2.06644,2.381187,2.387722,2.245453,2.356677,2.36373,174.8458253,-0.189628257,0.115950213,-1.635428272,0.1019593,0.20446259
 Adprh,ENSMUSG00000002844.10,18.53697475,15.539734,16.294791,20.124935,15.551173,22.177,13.860716,15.254659,16.820087,16.002681,16.693971,14.60629,536.5820141,0.039241281,0.074026638,0.530096765,0.596044842,0.726775763
 Tmem39a,ENSMUSG00000002845.15,19.1427955,10.71769567,17.510257,13.94508,11.249419,33.866426,7.99988,7.979075,11.586438,15.23151,13.812691,7.69658,146.7214329,-0.374229459,0.177645329,-2.106610176,0.035151384,0.090515082
 Timmdc1,ENSMUSG00000002846.10,25.0535005,26.88065267,29.406296,26.37635,23.407695,21.023661,25.422924,26.014889,25.502404,26.598849,29.498335,28.246515,406.9500534,0.338431347,0.142763326,2.37057624,0.017760381,0.052745295
 Pla1a,ENSMUSG00000002847.8,12.91202375,9.070749,10.234075,16.825184,10.325866,14.26297,8.313109,9.758769,10.940376,7.771302,9.869767,7.771171,213.4306037,-0.20372029,0.139278123,-1.46268693,0.143553064,0.26419146
 Mcm2,ENSMUSG00000002870.9,3.5596615,2.9218585,3.207402,3.732803,2.994973,4.303468,2.482467,2.743351,3.145721,3.280465,3.122974,2.756173,116.9232271,0.005844422,0.127680041,0.045773966,0.963490409,0.979379932
 Tpra1,ENSMUSG00000002871.15,26.7992115,23.93848767,24.986207,28.838073,21.876842,31.495724,18.653098,25.258351,30.047069,19.566672,25.486246,24.61949,371.0574785,0.181729464,0.109194021,1.664280364,0.096056414,0.195546601
 Nab1,ENSMUSG00000002881.15,11.62131675,9.643963167,10.752369,12.048418,9.745056,13.939424,9.234384,9.87249,9.959564,8.778025,10.115861,9.903455,413.0426551,-0.135359732,0.098542967,-1.373611288,0.169562391,0.300285421
 Adgre5,ENSMUSG00000002885.15,37.08199275,32.77354167,29.481103,38.691856,28.963286,51.191726,26.613593,32.851908,36.041342,32.963195,33.030315,35.140897,968.9753707,0.084410363,0.101453673,0.83200894,0.405403898,0.559599211
 Il17ra,ENSMUSG00000002897.6,3.85410275,1.756401333,2.078856,4.55682,2.979634,5.801101,1.079074,1.409805,2.292971,1.793514,2.275415,1.687629,112.759384,-0.985764287,0.215935033,-4.565096609,4.99E-06,8.01E-05
 Lamb1,ENSMUSG00000002900.18,40.809825,30.092697,32.911445,45.411226,29.289249,55.62738,24.810778,32.25638,33.202584,27.988214,29.304267,32.993959,2168.055359,-0.161806991,0.122338208,-1.322620249,0.185961697,0.321394888
 Kcnn1,ENSMUSG00000002908.19,10.739495,8.934032333,12.354851,12.111442,10.5566,7.935087,7.879463,7.839902,12.381536,8.855693,8.091166,8.556434,206.687271,0.302662855,0.11958354,2.530974205,0.011374621,0.037370915
 Arrdc2,ENSMUSG00000002910.12,16.6531485,24.36425967,11.423405,24.867643,9.448477,20.873069,20.849784,31.590366,20.901151,13.658664,34.094292,25.091301,335.2273218,0.707553128,0.217067819,3.25959477,0.001115715,0.00590158
 Cd36,ENSMUSG00000002944.16,815.983554,738.5890217,768.450251,887.074293,923.074305,685.335367,762.024799,726.727251,751.599674,708.908675,708.261832,774.011899,19571.94015,0.063476477,0.150073953,0.422967981,0.672318623,0.785257168
 Map2k7,ENSMUSG00000002948.20,29.55022975,25.4720925,20.495356,35.914479,29.596014,32.19507,22.894337,26.141031,25.471558,27.392433,27.565883,23.367313,975.6042534,0.064435939,0.102636289,0.627808541,0.53012937,0.673151725
 Timm44,ENSMUSG00000002949.16,57.43669275,59.50768367,62.534324,63.816144,56.211749,47.184554,53.601813,63.759972,63.694581,62.54586,62.174888,51.268988,1077.5944,0.314536041,0.125694428,2.502386505,0.012335917,0.039715856
 Ap2a2,ENSMUSG00000002957.12,28.18210975,22.41453317,23.537666,32.901572,22.449224,33.839977,19.121823,24.162264,24.500486,22.107493,22.693184,21.901949,1277.147892,-0.031232215,0.084929613,-0.367742339,0.713065367,0.814197978
 Pnkp,ENSMUSG00000002963.18,15.338564,12.4263295,14.078074,16.270501,14.423812,16.581869,10.660081,13.134863,11.19521,10.885161,15.193367,13.489295,247.5710294,0.072721026,0.109467732,0.664314721,0.506488901,0.652040549
 Med25,ENSMUSG00000002968.10,41.1469625,41.605205,33.843538,42.944889,40.653981,47.145442,33.773384,43.715882,42.271347,46.615302,46.057359,37.197956,1060.345138,0.320158451,0.076979622,4.159002666,3.20E-05,0.000345795
 Bcam,ENSMUSG00000002980.15,132.4108728,134.4781703,119.498474,139.110328,139.918475,131.116214,123.260374,143.57457,138.33341,131.700842,142.723796,127.27603,3425.30936,0.303409839,0.086538207,3.506079565,0.000454759,0.002861003
 Clptm1,ENSMUSG00000002981.11,49.32836875,48.79253183,43.142308,49.051987,49.970764,55.148416,41.360714,48.287829,47.308264,53.978765,52.74532,49.074299,1585.374532,0.254146283,0.069488569,3.657382574,0.000254804,0.001827782
 Relb,ENSMUSG00000002983.19,9.80577675,4.507073,7.446027,9.831199,6.431916,15.513965,3.197066,5.131313,5.393573,4.199452,5.756188,3.364846,143.4108994,-0.687974063,0.205653124,-3.345312969,0.000821898,0.004596966
 Tomm40,ENSMUSG00000002984.18,60.6211225,65.44035317,62.421214,60.520974,56.129733,63.412569,55.831697,68.040789,72.872369,66.550715,70.223498,59.123051,982.4551427,0.401516219,0.09367614,4.286216546,1.82E-05,0.00021914
 Apoe,ENSMUSG00000002985.17,1532.132285,500.4067047,1121.368658,1810.926748,708.243698,2487.990034,284.500155,494.246133,572.719106,690.801617,553.252329,406.920888,7221.490765,-1.27705521,0.286257222,-4.461215695,8.15E-06,0.000117424
 Apoc2,ENSMUSG00000002992.18,3.31019075,0.622122833,2.652045,3.505496,1.753803,5.329419,0.272647,0,1.45314,1.452607,0.554343,0,6.387936735,-2.041776391,0.71075955,-2.872668249,0.004070213,0.016614192
 Hbp1,ENSMUSG00000002996.18,52.83262475,38.09833867,40.929002,64.58704,49.190481,56.623976,34.897326,39.941245,35.919704,39.180957,40.782954,37.867846,1262.429292,-0.219963982,0.084245476,-2.610988675,0.009028088,0.031163606
 Prkar2b,ENSMUSG00000002997.16,1.79872475,0.667652167,1.044322,1.995936,1.743147,2.411494,0.598811,0.807457,0.267194,0.922427,0.552134,0.85789,35.49391909,-1.16820452,0.308291702,-3.789283047,0.000151083,0.00119537
 Cdkn1b,ENSMUSG00000003031.15,21.10464525,14.64993517,15.912292,25.03011,20.448874,23.027305,15.050673,13.867812,14.130533,14.46137,14.644581,15.744642,538.3158743,-0.314334728,0.110581959,-2.842549823,0.004475424,0.017924398
 Klf4,ENSMUSG00000003032.9,21.7496915,17.66237267,17.645616,23.247324,18.483893,27.621933,15.819801,13.762702,23.95706,16.209504,17.401589,18.82358,621.7936105,0.001141473,0.142746905,0.007996481,0.993619799,0.99688209
 Ap1m1,ENSMUSG00000003033.16,29.2721425,24.53665533,25.54648,33.071179,27.226619,31.244292,21.735911,29.492302,27.864198,22.254364,26.313812,19.559345,498.3133838,0.051140533,0.100934897,0.506668502,0.612387435,0.739940511
 Rab8a,ENSMUSG00000003037.17,13.200093,7.620201,12.266457,15.899408,9.141114,15.493393,4.412484,7.115817,5.751442,9.963523,10.771571,7.706369,327.5130672,-0.287059726,0.101847918,-2.818513427,0.004824659,0.019002513
 Hmgn2,ENSMUSG00000003038.16,77.2579855,64.03028167,75.695581,67.533446,82.653561,83.149354,70.636988,60.085224,59.17733,66.904325,63.39373,63.984093,815.1629305,0.019374119,0.116634924,0.166109074,0.868071113,0.920405859
 Fam32a,ENSMUSG00000003039.10,17.00438175,11.90501967,13.067966,18.093083,16.064707,20.791771,11.252907,12.290132,12.153593,11.797125,13.956651,9.97971,386.378038,-0.215603206,0.102855205,-2.096181771,0.036066069,0.092305281
 Stard3nl,ENSMUSG00000003062.14,13.55860075,8.7241645,14.12257,12.925119,11.450676,15.736038,8.779005,8.108609,7.222304,9.497024,10.046984,8.691061,141.5841801,-0.266094083,0.12478576,-2.132407445,0.032973366,0.085910998
 Stk11,ENSMUSG00000003068.18,61.70258625,62.569608,52.627593,67.191878,59.413611,67.577263,53.980303,64.029442,68.187262,65.090209,75.390985,48.739447,1505.259559,0.253869138,0.096577609,2.628654215,0.008572348,0.02988848
 Efna2,ENSMUSG00000003070.7,0.9571165,0.5254505,0.793995,1.31007,0.74683,0.977571,0.272016,0.338531,0.70311,0.84093,0.412914,0.585202,15.10020109,-0.5730442,0.37180263,-1.541259136,0.12325373,0.235943367
 Atp5f1d,ENSMUSG00000003072.16,715.073086,869.8941315,732.37005,741.447539,704.593505,681.88125,811.080026,901.168972,941.224035,867.58403,903.745578,794.562148,6639.101113,0.559854174,0.09590628,5.837513215,5.30E-09,3.61E-07
 Ppp5c,ENSMUSG00000003099.12,70.75360925,73.88674133,48.744885,81.017357,77.731867,75.520328,52.837878,103.983658,82.726145,83.623071,68.596414,51.553282,1177.377181,0.383491441,0.082271113,4.661313387,3.14E-06,5.61E-05
 Cdk12,ENSMUSG00000003119.15,7.16984675,5.099158667,5.509397,8.370906,6.117592,8.681492,4.700769,5.043577,5.455215,5.09695,4.93181,5.366631,300.3451577,-0.244916943,0.105864595,-2.313492467,0.020695578,0.059848392
 Lipe,ENSMUSG00000003123.16,36.89784325,24.51793483,28.49637,44.203633,43.8679,31.02347,21.61335,21.511692,26.034168,23.456513,29.680812,24.811074,843.421908,-0.28920511,0.145103011,-1.993102053,0.046250273,0.112007059
 Pafah1b2,ENSMUSG00000003131.8,17.6111615,15.23374333,18.388577,19.549224,14.669961,17.836884,11.90906,14.201573,15.146844,22.123193,16.618948,11.402842,481.3960367,-0.217845992,0.086491636,-2.518694321,0.011779087,0.038345431
 Tbc1d8,ENSMUSG00000003134.11,3.903716,2.492670333,2.56921,4.801776,3.600016,4.643862,2.466837,2.286167,2.352118,2.873334,2.538966,2.4386,140.1921227,-0.276668736,0.150797745,-1.83470075,0.066550041,0.148409187
 Cnot11,ENSMUSG00000003135.16,8.18478775,7.410635,7.739339,8.074546,7.687194,9.238072,7.760841,6.326573,7.465326,9.116698,6.96104,6.833332,273.2925548,0.130422636,0.121313274,1.075089579,0.282334625,0.435979809
 Slc2a3,ENSMUSG00000003153.11,1.7892935,0.779525167,1.211373,2.616309,1.237192,2.0923,0.573656,0.548229,1.149701,0.933785,0.631616,0.840164,43.89625783,-0.787626669,0.210596636,-3.739977445,0.000184037,0.001405925
 Foxj2,ENSMUSG00000003154.17,13.43298275,11.6022505,10.432323,16.918229,12.584153,13.797226,10.495424,11.373716,13.178545,11.634267,11.368793,11.562758,721.5853529,0.149281528,0.081887797,1.823000898,0.068303255,0.151343998
 Sri,ENSMUSG00000003161.16,82.692806,53.75781717,58.953975,106.370026,69.975404,95.471819,41.48148,50.712678,66.460515,41.833322,67.573977,54.484931,597.6934234,-0.371209799,0.096375628,-3.851697839,0.000117302,0.000976648
 Dgcr2,ENSMUSG00000003166.21,22.604091,21.24167167,17.825193,25.117598,20.303079,27.170494,20.537145,20.61272,23.442534,22.562984,19.466973,20.827674,934.9460968,0.210061646,0.078198938,2.6862468,0.007225969,0.026274419
 Irf3,ENSMUSG00000003184.16,44.62406525,34.1633375,33.728402,42.401423,41.850693,60.515743,30.466924,27.559829,36.169228,35.4353,41.029028,34.319716,368.8044341,-0.058210296,0.102360691,-0.568678222,0.56957453,0.704206103
 Bcl2l12,ENSMUSG00000003190.13,8.235509,7.838500333,7.331846,9.371916,5.291631,10.946643,7.638177,7.856428,8.586552,5.689369,9.307801,7.952675,75.75809442,0.238471649,0.1744476,1.367010197,0.171622109,0.30296415
 Zfp959,ENSMUSG00000003198.11,2.924606,2.027422,3.496137,3.035195,2.153841,3.013251,2.07746,1.994987,1.584513,2.141212,2.124277,2.242083,39.94652431,-0.270589874,0.219868494,-1.230689622,0.218438971,0.36129238
 Mpnd,ENSMUSG00000003199.17,34.46339475,35.37225467,31.985213,30.921236,32.626715,42.320415,33.643411,38.005703,37.885521,37.803412,37.253407,27.642074,579.846342,0.353583908,0.10589937,3.338866968,0.000841208,0.004685693
 Sh3gl1,ENSMUSG00000003200.11,20.39630425,11.76364167,16.620348,22.557612,14.177423,28.229834,7.842946,9.993174,13.722252,12.325405,14.244221,12.453852,319.4629059,-0.47801225,0.159896222,-2.989515607,0.002794202,0.012334807
 Ebi3,ENSMUSG00000003206.8,2.6328775,1.013575667,1.579786,2.835862,1.388551,4.727311,0.852716,0.501388,1.230047,1.439753,0.936535,1.121015,16.60804715,-1.024739788,0.39414043,-2.599935734,0.009324122,0.031984048
 Yju2,ENSMUSG00000003208.10,4.153805,3.830985333,3.926364,4.798908,3.286147,4.603801,3.721192,3.931244,4.646904,3.722631,3.058321,3.90562,65.43122921,0.130494857,0.188155205,0.693549015,0.487965077,0.635562434
 Ranbp2,ENSMUSG00000003226.8,14.00984275,11.10163633,11.035911,14.656145,13.707758,16.639557,11.372467,11.198245,10.978852,13.143001,8.924594,10.992659,1353.579337,-0.039488955,0.114506504,-0.344862117,0.730198031,0.825875256
 Grk5,ENSMUSG00000003228.10,12.61338775,6.644381833,8.135528,15.060154,12.537989,14.71988,5.870555,5.61744,6.186413,7.115697,8.269804,6.806382,652.5409315,-0.625339388,0.129961487,-4.811728481,1.50E-06,3.15E-05
 Dvl3,ENSMUSG00000003233.13,24.04179,23.2123305,18.035408,25.200369,22.324985,30.606398,16.790097,24.814015,27.477966,24.427403,22.274355,23.490147,910.2819925,0.232622896,0.103211604,2.253844409,0.024205958,0.067635806
 Abcf3,ENSMUSG00000003234.17,27.9439955,25.994618,21.765891,38.885202,18.726063,32.398826,25.172064,28.509007,29.086347,28.033832,22.369238,22.79722,667.1963546,0.289669943,0.074701361,3.877706341,0.000105446,0.000897826
 Eif2b5,ENSMUSG00000003235.14,27.059116,24.611633,24.553931,29.362526,24.976233,29.343774,22.006174,25.387706,26.109977,26.173123,24.121655,23.871163,699.5409406,0.142616452,0.071348211,1.998879158,0.04562143,0.110769641
 Cyth2,ENSMUSG00000003269.20,50.7341235,38.39939317,36.199806,61.383156,45.24504,60.108492,35.611156,40.876299,39.563546,34.300045,41.816387,38.228926,425.440688,-0.099102636,0.099669354,-0.99431402,0.320070012,0.475988092
 Car11,ENSMUSG00000003273.15,5.32190475,3.8073465,4.154625,5.174903,4.051211,7.90688,2.792193,5.944424,2.745948,3.358859,5.270221,2.732434,46.24050458,-0.091894558,0.216711298,-0.42404138,0.671535635,0.784551624
 Plag1,ENSMUSG00000003282.10,1.66356675,1.163291667,1.099469,2.156789,1.92999,1.468019,1.552019,1.360868,1.105272,0.933807,0.730128,1.297656,64.05403139,0.162777022,0.269040627,0.605027662,0.545160617,0.684689778
 Hck,ENSMUSG00000003283.16,6.2277365,1.800488833,4.329355,7.417725,3.011793,10.152073,1.019708,1.137018,1.967114,2.781231,2.302409,1.595453,71.79735359,-1.458047433,0.30388807,-4.797975238,1.60E-06,3.31E-05
 Mrpl4,ENSMUSG00000003299.11,82.65672175,95.0218665,84.057928,83.904477,82.583465,80.081017,79.906192,100.537798,109.188795,93.170574,99.541075,87.786765,1132.850955,0.478038638,0.107418269,4.450254538,8.58E-06,0.000122109
 Keap1,ENSMUSG00000003308.16,29.70304325,29.564724,23.691606,31.61116,29.556774,33.952633,25.681129,31.193796,33.018503,29.258813,31.538196,26.697907,1001.689868,0.251192267,0.076823444,3.269734514,0.001076485,0.005726306
 Glg1,ENSMUSG00000003316.15,41.23237625,38.57795217,32.811019,45.487475,36.686652,49.944359,32.113967,45.099451,43.899399,40.456623,30.011545,39.886728,3031.102472,0.153918307,0.112367098,1.369780926,0.170755298,0.302001337
 Btbd2,ENSMUSG00000003344.16,25.84106925,26.17795683,20.340675,27.376964,25.082763,30.563875,23.465856,30.828683,29.586636,23.612079,27.723524,21.850963,613.0645467,0.318692842,0.10226732,3.11627255,0.001831529,0.008785225
 Csnk1g2,ENSMUSG00000003345.17,67.169945,61.6404245,56.715131,67.4759,63.558785,80.929964,55.103125,60.742194,67.132175,59.051595,68.687556,59.125902,1365.872494,0.167555416,0.070312872,2.382997748,0.017172299,0.05136462
 Abhd17a,ENSMUSG00000003346.15,47.796727,38.5325815,38.951554,49.241413,39.791919,63.202022,33.580097,39.879197,40.12909,38.103596,45.647425,33.856084,603.8163156,-0.007780259,0.099014899,-0.07857665,0.937369361,0.96223909
 Mob3a,ENSMUSG00000003348.11,7.67347725,3.3958385,5.362449,8.899827,3.718411,12.713222,2.24208,3.518612,3.578896,4.132739,3.774925,3.127779,131.8234044,-0.693417487,0.21912398,-3.164498411,0.001553505,0.007688623
 Cacnb3,ENSMUSG00000003352.15,10.05733575,3.3585375,7.922907,10.760383,5.62816,15.917893,1.450745,1.94996,4.106192,4.549283,4.800308,3.294737,148.4666998,-1.197796894,0.29860623,-4.011292372,6.04E-05,0.000570686
 Fkbp11,ENSMUSG00000003355.8,8.246999,4.9413175,7.234431,9.138834,3.760898,12.853833,2.139059,4.697329,8.993538,3.644176,6.390284,3.783519,35.82036803,-0.398190698,0.374120832,-1.064337144,0.287175997,0.441331804
 Ddx23,ENSMUSG00000003360.16,33.84311875,32.977954,29.251638,34.815598,28.788844,42.516395,24.936665,34.734984,32.655221,29.404896,51.673348,24.46261,990.7951461,0.158490354,0.105025903,1.509059669,0.131283535,0.247213699
 Pld3,ENSMUSG00000003363.16,34.03893675,18.189182,22.008674,40.745113,20.78933,52.61263,13.420158,18.836344,21.61102,18.027602,22.003422,15.236546,546.784604,-0.582352642,0.19791528,-2.942433967,0.003256432,0.013899535
 Grik5,ENSMUSG00000003378.10,4.72536725,3.960996667,4.018379,4.873994,4.338316,5.67078,3.516361,3.319509,4.043585,4.629395,5.002248,3.254882,159.2020842,0.063678076,0.131595896,0.48389105,0.628463193,0.752885283
 Rabac1,ENSMUSG00000003380.12,216.8933335,207.4718752,192.599254,245.199266,192.448466,237.326348,194.286861,210.870087,214.350915,206.348653,240.724599,178.250136,1569.722384,0.261479439,0.067493059,3.874167839,0.00010699,0.000908618
 Etv3,ENSMUSG00000003382.19,10.00537025,7.560203833,8.192356,9.969154,11.264226,10.595745,6.043048,8.104901,7.87984,8.487,7.520774,7.32566,488.6174046,-0.139769721,0.108502282,-1.288173102,0.197685713,0.336032505
 Prkcsh,ENSMUSG00000003402.15,43.5930185,35.673428,37.951755,50.90718,32.768676,52.744463,34.166056,34.587232,36.72661,36.121322,37.522215,34.917133,810.4847189,0.003249613,0.084949491,0.038253473,0.969485587,0.982859348
 St8sia6,ENSMUSG00000003418.12,1.31182225,1.129495667,0.789314,2.648746,0.918224,0.891005,0.853907,0.643562,1.943199,1.748268,0.719127,0.868911,77.54628818,-0.025739585,0.193211171,-0.133219962,0.894019424,0.936211078
 Fcgrt,ENSMUSG00000003420.9,81.541282,62.66561683,60.418115,96.939651,66.64459,102.162772,54.256068,63.043525,65.610453,62.758986,64.442393,65.882276,1163.729972,-0.080224253,0.096614534,-0.830353876,0.406338735,0.560489259
 Nosip,ENSMUSG00000003421.14,30.09377775,24.86608117,19.911234,29.653727,35.105092,35.705058,24.471373,28.673418,23.838809,26.051007,26.065383,20.096497,373.1252553,0.045849508,0.090039192,0.509217233,0.610599965,0.738635034
 Pih1d1,ENSMUSG00000003423.16,44.80772025,36.816529,36.993445,49.696001,37.089061,55.452374,24.55134,34.237683,37.843604,47.351621,40.006525,36.908401,330.9120035,0.03365584,0.099359615,0.338727559,0.734814978,0.829172331
 Rps11,ENSMUSG00000003429.12,585.5511875,457.535458,529.121631,635.944908,453.896423,723.241788,401.509001,456.263115,468.490503,479.054707,532.060859,407.834563,2437.817764,-0.045424991,0.088365823,-0.51405611,0.607212762,0.736200367
 Supt5,ENSMUSG00000003435.10,40.038045,36.25228483,31.881447,46.803169,35.353791,46.113773,28.532504,38.924603,38.769697,39.12993,38.707704,33.449271,1423.819614,0.145419509,0.083698791,1.737414689,0.082314,0.174398562
 Paf1,ENSMUSG00000003437.15,37.24089075,31.5306305,33.535903,38.119099,40.104902,37.203659,29.541954,28.178978,35.0183,31.248196,33.029438,32.166917,646.4831979,0.122926797,0.084247207,1.459120143,0.144532043,0.26565866
 Timm50,ENSMUSG00000003438.18,36.5006395,37.9038195,38.020116,36.980668,33.716188,37.285586,34.780636,37.119722,42.140475,33.488344,38.750385,41.143355,549.5124605,0.333610704,0.117282651,2.844501733,0.004448094,0.017850727
 Med29,ENSMUSG00000003444.9,13.36006425,13.37127383,14.668928,14.360537,11.703947,12.706845,12.780312,13.199697,13.621533,17.136075,12.86744,10.622586,164.8609509,0.272931146,0.154988818,1.760973141,0.078242949,0.167418021
 Bicd1,ENSMUSG00000003452.16,1.9767635,0.918506167,1.121769,1.070173,2.189517,3.525595,0.657034,1.098399,0.907702,1.004913,0.892881,0.950108,81.53882056,-0.200176192,0.17155788,-1.166814325,0.243285361,0.392208201
 Ncstn,ENSMUSG00000003458.13,37.99376475,29.22044083,34.013558,42.497135,31.485609,43.978757,25.145745,31.700884,31.892022,29.770745,29.750119,27.06313,905.9576438,-0.08044809,0.076364538,-1.053474452,0.292123597,0.446535664
 Pex19,ENSMUSG00000003464.14,74.45764675,74.70568783,73.100871,77.840339,78.676999,68.212378,74.467672,78.204213,80.354955,69.481789,70.398394,75.327104,1559.929254,0.289098685,0.11307245,2.556756188,0.010565324,0.03525795
 Phyhip,ENSMUSG00000003469.10,6.2401195,11.72309667,7.467074,4.831954,6.384648,6.276802,9.940216,14.389037,12.000599,12.190717,12.470831,9.34718,303.5040321,1.161187649,0.173890934,6.677677917,2.43E-11,5.51E-09
 Crhr2,ENSMUSG00000003476.17,14.8110485,17.27710783,15.556815,14.552204,17.413652,11.721523,15.386522,18.207621,16.942945,16.874101,21.076352,15.175106,405.5194396,0.509531276,0.155740676,3.271664732,0.001069163,0.005694266
 Inmt,ENSMUSG00000003477.6,14.61246475,13.065225,7.875486,14.05949,21.923379,14.591504,6.011656,18.86188,9.914089,24.443509,9.983335,9.176881,131.0541756,0.116259773,0.344907125,0.33707559,0.736059918,0.829794174
 Cyp4f18,ENSMUSG00000003484.5,3.09727725,1.058860833,2.304602,3.761609,1.453299,4.869599,0.470407,1.700935,1.197963,1.089132,1.388731,0.505997,26.13078227,-1.534917865,0.351488729,-4.366904934,1.26E-05,0.000163817
 Impdh1,ENSMUSG00000003500.14,17.9972845,14.72168017,13.847526,20.817271,14.587588,22.736753,12.127918,12.737448,14.703723,15.412367,18.043997,15.304628,392.9351143,-0.015360791,0.106408254,-0.144357136,0.885218463,0.930190022
 Dusp3,ENSMUSG00000003518.14,51.416791,45.78539583,42.659346,52.400266,49.166658,61.440894,38.376557,44.700239,51.46828,42.834818,50.92029,46.412191,1603.601501,0.009489058,0.059381096,0.159799302,0.873039174,0.923514822
 Prodh,ENSMUSG00000003526.13,15.89198825,24.66204817,15.861952,16.387576,17.025692,14.292733,15.402097,33.40082,24.14576,27.404099,26.274379,21.345134,470.1486191,0.891177269,0.181274177,4.91618433,8.82E-07,2.08E-05
 Ess2,ENSMUSG00000003527.10,7.52691825,5.805384667,5.820869,8.852072,5.937625,9.497107,4.893872,5.403534,5.433582,6.651798,8.247595,4.201927,154.6429606,-0.016597151,0.141780645,-0.117062175,0.906810784,0.94398163
 Slc25a1,ENSMUSG00000003528.16,10.66048325,5.233385833,6.436563,13.620105,7.235036,15.350229,4.160961,4.266612,6.16777,5.975498,5.791501,5.037973,112.4244773,-0.79199587,0.208778678,-3.79347104,0.000148556,0.001181532
 Dgcr6,ENSMUSG00000003531.16,27.21553375,27.9123265,23.312275,26.160809,25.900051,33.489,26.311194,30.689962,24.274432,27.877525,32.784671,25.536175,275.5154038,0.316162119,0.106620096,2.965314532,0.003023736,0.013140815
 Ddr1,ENSMUSG00000003534.18,18.767105,13.23848417,13.645128,19.536872,16.192006,25.694414,10.691944,12.656663,14.249104,14.677901,14.20236,12.952933,547.3919781,-0.143172552,0.097129744,-1.474034071,0.140472418,0.259976739
 Ier3,ENSMUSG00000003541.7,39.88900175,30.309447,32.3461,44.083538,28.3254,54.800969,37.924056,22.530166,28.001938,31.128326,32.672179,29.600017,351.5534807,-0.075358912,0.158673982,-0.474929231,0.634837416,0.757486277
 Fosb,ENSMUSG00000003545.4,0.96174475,0.232999,0.422115,0.674663,0.509269,2.240932,0.02601,0.250486,0.532113,0.14219,0.171434,0.275761,17.88172634,-1.877291858,0.569935633,-3.293866447,0.000988194,0.005334617
 Klc4,ENSMUSG00000003546.11,18.606823,16.754607,15.273758,19.827476,16.870648,22.45541,14.418748,19.881281,17.25023,15.40951,17.414732,16.153141,429.0613424,0.143653389,0.098979659,1.451342532,0.146684503,0.268863682
 Ercc1,ENSMUSG00000003549.10,27.56321325,20.52823217,19.016724,30.38888,27.642633,33.204616,16.403711,18.386467,21.488262,31.250137,22.702485,12.938331,203.7195117,0.070081248,0.13103482,0.534829202,0.592767968,0.724304535
 As3mt,ENSMUSG00000003559.9,29.53148375,36.23106067,30.890491,28.095314,34.313725,24.826405,39.264742,37.77436,33.521132,34.222015,36.590376,36.013739,599.1462168,0.555347718,0.148626902,3.736522205,0.000186583,0.001423723
 Homer3,ENSMUSG00000003573.16,15.3879495,11.4067745,11.407787,19.439896,12.565822,18.138293,6.368771,12.97524,10.711841,13.944821,13.53132,10.908654,234.1366365,-0.227996661,0.163236615,-1.396724996,0.162496285,0.290637474
 Crtc1,ENSMUSG00000003575.14,6.29757025,4.462069167,4.272352,6.826099,5.512354,8.579476,3.862385,4.275255,5.194547,5.38256,4.399035,3.658633,319.4415264,0.007007006,0.112949685,0.062036526,0.950533744,0.970903906
 Rnf215,ENSMUSG00000003581.15,12.73813475,10.146239,8.528933,15.192532,10.972232,16.258842,10.401839,9.336061,10.965509,9.59693,11.888264,8.688831,185.3252413,-0.099801593,0.132113615,-0.755422467,0.449995537,0.602145385
 Sec14l2,ENSMUSG00000003585.14,1.020367,0.522367333,0.716308,1.394729,0.589401,1.38103,0.357853,0.800493,0.321681,0.429938,0.800807,0.423432,18.06042796,-0.633433527,0.348668845,-1.816719606,0.069260058,0.15271808
 Aven,ENSMUSG00000003604.15,9.640739,9.268754,8.737289,10.176572,9.021998,10.627097,9.367078,8.810129,8.567027,10.10552,9.882829,8.879941,190.0146064,0.269923417,0.130194851,2.073226514,0.038151204,0.096329959
 Cp,ENSMUSG00000003617.17,41.15075275,28.62730633,29.721778,59.871643,45.26597,29.74362,30.321794,30.37889,30.792084,26.68522,22.60929,30.97656,1346.374954,-0.243213997,0.17917715,-1.357394049,0.174656038,0.306551046
 Crot,ENSMUSG00000003623.5,17.70270225,13.76842017,15.70816,17.972984,17.974529,19.155136,15.308098,13.828244,12.669053,12.849144,13.83963,14.116352,492.3695548,-0.06908397,0.095486923,-0.723491429,0.469378018,0.618952268
 Rps6ka1,ENSMUSG00000003644.18,7.0929355,4.291783,5.684205,8.427095,4.540889,9.719553,2.420684,4.447936,4.536146,5.984766,4.868746,3.49242,159.3617383,-0.556542594,0.195771863,-2.842811969,0.004471744,0.017923765
 Snrnp200,ENSMUSG00000003660.11,24.96425375,22.7881285,19.407538,28.121225,23.62118,28.707072,19.233985,24.570228,24.737843,24.618686,23.002243,20.565786,1738.668794,0.197111927,0.087370775,2.25603958,0.024068152,0.067350892
 Ciao1,ENSMUSG00000003662.11,29.986549,26.09529,22.473958,35.424947,21.9764,40.070891,21.595185,25.83389,30.993122,25.990941,36.10494,16.053662,426.9330108,0.016578984,0.097891389,0.169361003,0.865512696,0.918803129
 Has1,ENSMUSG00000003665.8,1.329426,0.295198667,0.559895,0.974323,1.521995,2.261491,0.046224,0.104662,0.715583,0.252155,0.325045,0.327523,15.40772525,-1.721274622,0.539474495,-3.190650601,0.001419528,0.007165731
 Taf6l,ENSMUSG00000003680.17,3.50885625,3.8819485,3.663394,3.838994,2.232023,4.301014,2.891258,4.623625,3.788782,3.643647,4.0829,4.261479,71.11531042,0.228247243,0.186684021,1.222639422,0.221465916,0.365177254
 Insig2,ENSMUSG00000003721.15,35.54790625,34.61837233,30.902119,44.765872,29.905385,36.618249,31.393597,41.625174,49.712829,24.141248,32.163963,28.673423,689.0354174,0.112766336,0.100753775,1.119226912,0.263043347,0.414002173
 Kpna6,ENSMUSG00000003731.14,19.4365825,18.49672333,14.877912,20.555785,20.552942,21.759691,16.92452,18.02964,19.786101,20.118411,17.123035,18.998633,1070.645627,0.178285263,0.071051297,2.50924714,0.01209888,0.03918195
 Man1a,ENSMUSG00000003746.17,17.1625505,12.14543617,11.822869,22.706313,13.973292,20.147728,9.529341,11.70845,14.603784,14.133129,11.7722,11.125713,660.5418308,-0.309914857,0.092506041,-3.350212084,0.000807497,0.004537644
 Itpkc,ENSMUSG00000003752.10,4.5345645,3.530222833,3.317623,3.760987,3.558803,7.500845,2.112796,3.344142,3.612124,4.677603,4.037757,3.396915,122.3817281,-0.159097813,0.179116206,-0.888237954,0.374412767,0.529879206
 Coq8b,ENSMUSG00000003762.14,7.329018,4.6729545,5.364543,8.339067,6.296686,9.315776,3.698423,5.288501,4.75846,3.99949,5.14768,5.145173,123.6743529,-0.243201551,0.138250722,-1.759134037,0.078554745,0.167894016
 Brd8,ENSMUSG00000003778.15,13.2569195,9.7552505,10.11426,14.521843,11.288089,17.103486,9.821674,9.034274,9.441836,10.042262,10.38906,9.802397,440.8276556,-0.176417073,0.091789976,-1.921964477,0.054610228,0.12726263
 Kif20a,ENSMUSG00000003779.17,3.5571025,2.158491333,4.064263,3.208555,2.001441,4.954151,1.541347,1.915672,2.258056,2.283497,2.524502,2.427874,105.2023222,-0.496819143,0.211899246,-2.34460081,0.019047461,0.05585585
 Farsa,ENSMUSG00000003808.19,14.80920475,14.113481,13.931245,16.863773,12.740138,15.701663,13.31391,14.335378,13.235454,13.986985,15.816594,13.992565,269.6824718,0.202731916,0.101757486,1.992304684,0.046337638,0.112136061
 Gcdh,ENSMUSG00000003809.15,31.92813575,35.45582467,29.084156,34.403886,36.762751,27.46175,31.684579,34.904379,37.336075,41.222695,34.228994,33.358226,714.8059931,0.472549277,0.124459472,3.796812474,0.000146569,0.001169969
 Mast2,ENSMUSG00000003810.15,58.42063425,66.342341,49.653625,65.257062,63.73341,55.03844,62.504202,70.250233,69.403122,63.780549,67.953109,64.162831,3264.829756,0.377461901,0.080559634,4.685496726,2.79E-06,5.12E-05
 Dnase2a,ENSMUSG00000003812.14,9.14540475,5.584321,6.170337,11.616302,6.683834,12.111146,3.763723,7.037311,4.815796,8.466673,5.017225,4.405198,119.7134138,-0.440447659,0.191205293,-2.303532781,0.021248885,0.061057284
 Rad23a,ENSMUSG00000003813.16,46.43475175,50.172492,39.868243,51.94263,43.947804,49.98033,49.29293,53.340214,47.648886,52.610043,48.632917,49.509962,817.8373095,0.33256931,0.085445572,3.892177229,9.93E-05,0.000854762
 Calr,ENSMUSG00000003814.9,174.2358515,143.4563822,159.214634,181.166365,151.080034,205.482373,157.436886,122.799815,151.730931,141.780604,146.105947,140.88411,3255.984231,-0.00114901,0.073328833,-0.01566928,0.987498235,0.993236431
 Nfat5,ENSMUSG00000003847.17,12.6044695,10.475398,8.200451,14.550635,11.631565,16.035227,8.194517,8.069342,9.625243,14.077127,14.382995,8.503164,1350.096745,-0.168426541,0.106179631,-1.586241543,0.112684527,0.220655695
 Nob1,ENSMUSG00000003848.15,19.137727,15.8018825,15.753245,23.192728,18.302901,19.302034,17.290095,17.281664,14.183025,13.631892,16.932485,15.492134,280.1321124,0.053982845,0.106595024,0.506429313,0.612555301,0.739960054
 Nqo1,ENSMUSG00000003849.9,30.18492675,26.82206567,21.376504,32.101408,35.054001,32.207794,29.175994,22.029682,24.397621,27.197432,31.473589,26.658076,435.5502852,0.118408826,0.140722249,0.841436419,0.40010349,0.554848289
 Gys1,ENSMUSG00000003865.17,53.47194525,57.69396283,46.816722,62.23298,52.333373,52.504706,49.34973,57.867962,65.379734,56.933257,57.787394,58.8457,2219.923178,0.406605789,0.092547775,4.393469094,1.12E-05,0.000148879
 Ruvbl2,ENSMUSG00000003868.15,14.84318725,14.99541983,12.091601,15.186282,12.102101,19.992765,13.296808,15.115937,15.310524,14.646687,16.314092,15.288471,310.7444827,0.343322733,0.098127028,3.498758083,0.00046743,0.002921163
 Bax,ENSMUSG00000003873.12,39.23028925,26.66055767,38.217276,40.904818,28.541607,49.257456,22.633542,20.677101,31.625972,27.520413,32.025511,25.480807,243.9310759,-0.267498018,0.145461853,-1.838956488,0.065921586,0.147232337
 Il7r,ENSMUSG00000003882.6,0.62402275,0.071493667,0.443933,0.777265,0.166929,1.107964,0.077626,0.055783,0.085305,0.028499,0.097632,0.084117,9.458531209,-2.793297461,0.59149082,-4.722469674,2.33E-06,4.44E-05
 Tfam,ENSMUSG00000003923.15,25.28209225,24.20100367,36.742823,15.399637,26.714131,22.271778,28.778943,20.440464,19.325102,28.583767,19.377133,28.700613,446.3012668,0.222986679,0.157955608,1.411704724,0.158036922,0.28483021
 Zfp81,ENSMUSG00000003929.12,1.8492735,1.313773,0.854882,1.738223,2.118858,2.685131,0.984908,1.686939,1.354924,0.934174,1.167865,1.753828,76.23100228,-0.110269253,0.214601473,-0.513832693,0.607368968,0.736200367
 Efnb3,ENSMUSG00000003934.6,20.489057,25.93439733,19.711523,23.123442,25.872193,13.24907,32.487889,24.996361,31.438567,27.544248,17.434009,21.70531,850.5847016,0.597233461,0.228153346,2.617684425,0.008852863,0.030711872
 Mmd,ENSMUSG00000003948.18,18.8114685,13.61095317,18.57344,19.720869,16.787048,20.164517,15.816578,8.123402,13.372013,12.415416,16.901477,15.036833,441.4416513,-0.176867732,0.171475701,-1.031444867,0.30233225,0.457252328
 Hlf,ENSMUSG00000003949.17,6.74796725,10.5353705,5.542703,5.547956,9.846978,6.054232,11.581126,14.880735,8.722427,11.058231,6.758838,10.210866,482.4753833,0.963576093,0.191405445,5.034214643,4.80E-07,1.28E-05
 Fam162a,ENSMUSG00000003955.9,139.9262688,130.0894252,142.151346,166.333522,111.740627,139.47958,118.356633,138.92227,119.478532,130.45779,146.866578,126.454748,699.6347988,0.17568465,0.111614714,1.574027687,0.115481049,0.224893145
 Rpl8,ENSMUSG00000003970.10,556.3903873,479.3339233,521.95166,615.493625,422.93285,665.183414,438.372688,506.967286,532.481088,480.756202,544.973548,372.452728,3611.832167,0.088098088,0.110015412,0.80077951,0.423259303,0.577710742
 Ssbp2,ENSMUSG00000003992.16,25.163305,22.52463083,22.077942,26.314847,20.290174,31.970257,24.177265,23.736276,21.166177,25.411834,21.155933,19.5003,342.5868761,0.07401563,0.115705195,0.639691505,0.522373179,0.66619672
 Fancl,ENSMUSG00000004018.10,2.23000125,2.332670833,2.626938,2.452517,2.0796,1.76095,2.139051,2.398155,2.387258,3.543834,1.48435,2.043377,57.15848336,0.131468601,0.214752248,0.612187311,0.540413836,0.681017723
 Gstm5,ENSMUSG00000004032.11,36.94227425,37.70395567,35.529069,39.821482,37.52242,34.896126,34.099634,43.216396,32.368923,36.365559,41.635921,38.537301,310.8370325,0.309538255,0.124669382,2.482873103,0.013032751,0.041322206
 Gstm7,ENSMUSG00000004035.13,26.71112075,31.75362683,33.380569,28.416476,30.412965,14.634473,33.113892,36.389664,33.941475,32.321425,25.739131,29.016174,348.7460023,0.542688943,0.217171112,2.498900233,0.012457938,0.04003033
 Stat3,ENSMUSG00000004040.17,62.077797,45.9551785,49.298189,71.91064,55.080281,72.022078,41.567014,40.414478,50.627484,47.680703,51.024521,44.416871,2397.334998,-0.130602175,0.079132796,-1.650417805,0.098857512,0.199918612
 Stat5a,ENSMUSG00000004043.15,9.943126,10.56822017,8.778167,12.365314,9.494058,9.134965,7.996708,12.699955,12.721561,9.263045,11.173043,9.555009,374.4191518,0.257599897,0.102853222,2.504538927,0.012261111,0.039558194
 Cavin1,ENSMUSG00000004044.10,99.6979715,84.63853867,87.503005,97.293118,104.065483,109.93028,75.069433,84.727138,87.782828,80.363183,90.511817,89.376833,3335.66145,0.030891153,0.0762903,0.404915864,0.685539357,0.79470129
 Map3k11,ENSMUSG00000004054.10,17.4638865,15.73539733,16.627601,17.866343,14.11273,21.248872,11.37951,16.614813,17.806825,14.88281,18.539584,15.188842,651.8825488,0.072416132,0.102870644,0.703953319,0.481461845,0.629898614
 Akt2,ENSMUSG00000004056.17,72.7199475,71.2282355,63.858657,86.970926,70.574159,69.476048,66.385609,74.999676,72.032872,77.443539,70.556251,65.951466,2435.205211,0.282398247,0.083905143,3.365684576,0.00076354,0.004329607
 Dnaja3,ENSMUSG00000004069.18,67.22231225,76.81785533,75.161958,66.55021,72.066307,55.110774,69.55624,79.464041,80.818848,77.075293,80.168063,73.824647,2017.117613,0.444884162,0.137822317,3.22795445,0.001246788,0.006437009
 Hmox2,ENSMUSG00000004070.16,51.370901,46.12512833,51.558664,53.255206,46.033748,54.635986,36.970053,50.196478,50.330604,41.31479,54.312316,43.626529,658.389807,0.074893534,0.102683047,0.7293661,0.465777748,0.616474611
 Cdip1,ENSMUSG00000004071.14,28.1772605,30.02504967,27.757155,28.275781,27.277597,29.398509,30.417721,32.952541,31.017585,27.401218,30.735375,27.625858,903.9007085,0.34636518,0.097238671,3.562010641,0.000368025,0.002453814
 Map3k20,ENSMUSG00000004085.15,49.17964975,43.55956233,42.958654,57.012159,55.187923,41.559863,40.898025,43.041968,42.884504,43.643259,37.003116,53.886502,2915.438781,0.123421743,0.120843354,1.021336617,0.307094984,0.46195935
 Cwc15,ENSMUSG00000004096.10,47.555587,43.532029,49.767273,48.446247,42.944243,49.064585,46.463693,40.645713,40.634244,45.641993,48.117749,39.688782,399.4219967,0.127201381,0.119372245,1.065585892,0.28661088,0.440866015
 Col5a3,ENSMUSG00000004098.8,14.153168,5.505780167,10.843119,17.567629,10.694869,17.507055,3.086617,4.582501,5.74016,7.341176,6.621487,5.66274,588.8443566,-1.069542084,0.178863868,-5.97964305,2.24E-09,1.83E-07
 Dnmt1,ENSMUSG00000004099.17,8.56347725,6.6247385,7.183761,9.420548,7.36217,10.28743,5.889837,5.829132,6.703529,6.605344,7.044035,7.676554,415.5207048,-0.00191675,0.094764855,-0.020226379,0.983862785,0.991485621
 Ppan,ENSMUSG00000004100.13,9.84287725,5.915762,8.078991,9.495351,8.737807,13.05936,5.396573,4.61108,6.869289,6.109375,6.606649,5.901606,126.0808769,-0.485552135,0.143880764,-3.374684155,0.000739005,0.004226785
 Angptl2,ENSMUSG00000004105.9,48.20521725,40.40082783,36.37886,51.038868,38.674903,66.728238,32.203608,45.861101,39.04833,45.050304,43.971498,36.270126,1555.352779,0.055832862,0.112908457,0.494496726,0.620955418,0.746610778
 Trmt10a,ENSMUSG00000004127.13,1.56435925,1.075777333,0.620546,2.011009,1.842632,1.78325,0.586151,0.482733,1.070259,1.479126,1.56096,1.275435,36.53678394,-0.064656027,0.27003793,-0.23943313,0.810769743,0.882335868
 Etv1,ENSMUSG00000004151.18,3.64009175,3.6419895,2.811484,5.28835,2.516083,3.94445,5.442418,4.005237,3.177054,3.860806,2.704251,2.662171,180.3826075,0.350719292,0.215009767,1.631178424,0.102852677,0.205765359
 Kifc2,ENSMUSG00000004187.12,3.80244425,3.908029667,2.873994,3.522422,3.348891,5.46447,3.015729,4.177608,3.784483,4.641399,3.977905,3.851054,133.2447675,0.33666812,0.150154684,2.242141971,0.024952198,0.069216036
 Psap,ENSMUSG00000004207.16,734.9251738,657.8164923,636.389788,811.867543,658.377401,833.065963,603.852566,692.254522,719.153374,664.351168,644.562287,622.725037,19631.45631,0.131798504,0.058714418,2.244738313,0.024784937,0.068894464
 Ikbkg,ENSMUSG00000004221.17,14.17835825,14.20385367,10.097647,14.290559,14.868777,17.45645,12.100494,17.371412,12.075876,16.622431,14.053231,12.999678,553.2871494,0.106139745,0.077389691,1.371497202,0.170220015,0.301176099
 Wars2,ENSMUSG00000004233.15,2.50941425,2.677554833,2.599254,2.526649,2.450173,2.461581,2.643731,2.05647,3.500121,2.860037,2.088541,2.916429,115.0932534,0.311247626,0.139210805,2.235800768,0.025364825,0.070158593
 Atn1,ENSMUSG00000004263.16,23.81177325,18.33634567,16.237635,25.493681,23.045978,30.469799,15.378078,18.521772,19.758004,16.623479,19.759053,19.977688,986.3665525,-0.026790307,0.106706778,-0.251064718,0.801764073,0.876960703
 Phb2,ENSMUSG00000004264.18,181.631979,191.6902883,198.135493,190.052407,161.82106,176.518956,170.675046,195.563142,201.649714,193.936078,211.978249,176.339501,2421.354282,0.350155582,0.101593955,3.446618267,0.00056765,0.003402021
 Ptpn6,ENSMUSG00000004266.16,10.935161,3.954239,9.389499,13.692996,5.638389,15.01976,2.684722,2.587579,5.293228,6.580775,4.115248,2.463882,148.4966988,-1.155754061,0.280740788,-4.116801375,3.84E-05,0.000400136
 Eno2,ENSMUSG00000004267.17,3.5143905,1.235637833,2.441546,3.119909,2.488471,6.007636,1.087355,0.976968,1.703384,1.388071,1.609942,0.648107,40.68609977,-1.285574237,0.279754347,-4.595368233,4.32E-06,7.22E-05
 Emg1,ENSMUSG00000004268.12,43.310465,42.54710683,40.975031,47.771639,39.035162,45.460028,40.772066,42.012655,44.667864,43.184175,44.489421,40.15646,457.918556,0.261846798,0.084985101,3.081090628,0.002062439,0.009672506
 Lpcat3,ENSMUSG00000004270.14,28.878508,24.8308675,25.164128,33.723329,28.877224,27.749351,22.432582,23.463545,24.772346,29.444093,26.02799,22.844649,583.5450492,0.08287271,0.082176566,1.008471317,0.313228251,0.468613401
 Atp6v1f,ENSMUSG00000004285.13,89.50718525,77.14995417,75.577618,87.073127,82.044216,113.33378,70.161646,69.971167,86.228957,89.737539,88.76952,58.030896,436.9450693,0.092503486,0.122027623,0.758053656,0.448418862,0.600707753
 Clcn5,ENSMUSG00000004317.15,1.49154225,0.7314435,0.949617,1.478265,1.063183,2.475104,0.449087,0.604979,0.985204,0.995373,0.668596,0.685422,81.8066916,-0.677783843,0.191333619,-3.54241897,0.000396475,0.002584555
 Clcn3,ENSMUSG00000004319.16,10.51858925,9.749529667,8.917646,11.337317,10.579703,11.239691,10.282328,10.237896,9.996991,9.748294,8.403315,9.828354,597.0671636,0.178136449,0.108711326,1.638619038,0.101292625,0.203684574
 Hif3a,ENSMUSG00000004328.16,0.52943725,0.7666215,0.451906,0.461652,0.733324,0.470867,0.580563,1.244882,0.940075,0.590183,0.47081,0.773216,49.63003882,0.892791373,0.322747255,2.766224524,0.005670948,0.021637767
 Pde1c,ENSMUSG00000004347.18,15.276032,16.70487733,12.79515,16.307752,15.081721,16.919505,13.595348,21.192329,15.022792,18.876644,15.004624,16.537527,920.8529746,0.422857653,0.124476402,3.397090906,0.000681063,0.00395907
 Utp20,ENSMUSG00000004356.9,5.7677015,3.940642833,4.228135,8.115417,3.915593,6.811661,5.135068,3.584994,2.886375,3.456491,5.610854,2.970075,318.7730127,0.056903651,0.096666497,0.588659497,0.556089713,0.692938225
 Cul3,ENSMUSG00000004364.15,55.78545625,57.72682967,59.743963,55.867403,52.890713,54.639746,59.466547,58.104168,54.736599,58.877253,52.467102,62.709309,1679.89268,0.192132682,0.116407539,1.650517523,0.098837132,0.19990813
 Large1,ENSMUSG00000004383.19,26.15576925,25.134865,21.976262,28.419019,24.874618,29.353178,22.15846,27.297658,27.424977,24.758447,26.704988,22.46466,1136.851222,0.241823385,0.074466822,3.247397689,0.001164655,0.006104
 Ddx56,ENSMUSG00000004393.11,16.37537375,13.3073475,12.667017,18.059275,16.718931,18.056272,13.431832,11.993554,14.364898,13.219599,14.585095,12.249107,270.1290948,0.05587739,0.092632863,0.603213463,0.546366693,0.685510193
 Tmed4,ENSMUSG00000004394.13,50.8414815,51.25238217,46.953791,50.460319,52.641281,53.310535,44.086596,54.121531,55.131104,51.025284,53.81538,49.334398,1012.313223,0.2595358,0.08332903,3.114590455,0.001842005,0.008814686
 Bid,ENSMUSG00000004446.13,4.07433675,2.202701,4.012557,4.749492,3.405952,4.129346,2.322715,2.359486,1.966175,1.418408,2.777958,2.371464,72.41606223,-0.534337778,0.193432386,-2.7624008,0.005737799,0.021836006
 Ralb,ENSMUSG00000004451.15,20.2593985,14.46953933,19.171779,20.575939,16.110809,25.179067,12.862095,12.275313,15.562517,15.134403,16.562801,14.420107,399.597108,-0.180647598,0.099957939,-1.80723612,0.070725471,0.155402301
 Ppp1cc,ENSMUSG00000004455.17,85.24296925,73.772575,83.837516,91.618126,72.242667,93.273568,66.511869,74.571231,75.750395,75.805614,79.775914,70.220427,1637.499058,0.040958552,0.064863946,0.631453296,0.527744177,0.67090014
 Dnajb11,ENSMUSG00000004460.18,32.211438,24.15580067,29.63484,37.6773,28.218416,33.315196,27.919774,20.620365,23.51216,23.411731,26.094316,23.376458,539.4032013,-0.125349717,0.109476788,-1.144988987,0.25221372,0.402020051
 Tbccd1,ENSMUSG00000004462.8,7.93642925,5.723813,5.427358,7.474247,8.722875,10.121237,3.986679,5.01485,7.81898,5.333405,6.238837,5.950127,132.647413,-0.117465828,0.133958246,-0.876883891,0.380549707,0.535644275
 Clec11a,ENSMUSG00000004473.11,3.6473225,0.53703,2.473801,3.715572,1.028361,7.371556,0.499532,0.166898,0.536082,1.057606,0.491886,0.470176,51.0067248,-2.408453685,0.442226689,-5.446197043,5.15E-08,2.11E-06
 Zfp324,ENSMUSG00000004500.10,1.866155,1.2222035,1.762697,1.825699,1.665986,2.210238,1.218781,0.669041,1.382011,1.394975,1.367195,1.301218,70.99374002,-0.319616518,0.194418296,-1.643963175,0.100183809,0.201825117
 Gab2,ENSMUSG00000004508.7,11.10792875,6.504120667,8.14339,13.596835,9.041407,13.650083,5.561712,6.914018,7.066998,6.262428,6.943526,6.276042,520.0775773,-0.535820232,0.111946891,-4.786378871,1.70E-06,3.46E-05
 Coro1c,ENSMUSG00000004530.13,19.82656925,13.23415933,15.657851,22.780989,13.58238,27.285057,9.648696,11.585835,13.941126,15.678123,15.336934,13.214242,576.3101492,-0.312466124,0.136213129,-2.293950122,0.021793364,0.062243096
 Tax1bp1,ENSMUSG00000004535.13,44.8997475,37.45641633,38.757061,49.342394,42.676185,48.82335,38.211467,35.811758,39.798696,36.241243,37.480054,37.19528,1445.410472,0.011574145,0.07039504,0.16441705,0.869402842,0.920793776
 Ndrg2,ENSMUSG00000004558.16,846.0429643,859.4064468,707.238253,949.87227,899.327425,827.733909,777.351734,912.969194,904.458096,915.845524,867.458246,778.355887,16487.88995,0.337058427,0.090613934,3.719719623,0.000199444,0.001497538
 Mettl17,ENSMUSG00000004561.15,10.08111425,10.39887267,10.536277,9.425843,8.870969,11.491368,10.212553,10.758808,9.25023,10.617591,9.417541,12.136513,171.8513863,0.343493864,0.124091952,2.768059156,0.005639122,0.021539677
 Arhgef40,ENSMUSG00000004562.17,40.81572075,19.87172017,27.677535,45.323651,26.918576,63.343121,14.680147,16.653667,24.495131,18.739016,25.18819,19.47417,752.8120108,-0.619875001,0.183634254,-3.37559571,0.000736561,0.004218309
 Pnpla6,ENSMUSG00000004565.16,15.6671735,10.15299667,9.711149,14.241066,11.645047,27.071432,8.547577,9.285243,14.206101,6.729458,11.005436,11.144165,273.8844703,-0.342840155,0.156084103,-2.196509109,0.028055524,0.075893567
 Mcoln1,ENSMUSG00000004567.17,28.22548025,21.29057833,20.829459,31.161462,26.93443,33.97657,17.41437,22.201409,22.289029,21.59901,26.489756,17.749896,413.5498654,0.010127916,0.109392514,0.092583263,0.926234641,0.955692318
 Arhgef18,ENSMUSG00000004568.14,7.657263,6.662257333,6.30714,8.119967,6.817305,9.38464,7.598346,5.859035,6.884452,6.392617,7.083242,6.155852,398.7898376,0.015918929,0.085983278,0.185139821,0.853119369,0.910644701
 Pkn2,ENSMUSG00000004591.17,12.785538,10.07414467,9.572321,14.862782,12.276602,14.430447,9.960719,9.817807,10.725982,10.993029,8.151793,10.795538,614.7181964,-0.097356784,0.105762227,-0.920525095,0.357298425,0.513058938
 Cd33,ENSMUSG00000004609.12,2.821099,2.089646167,2.571271,2.767814,1.720571,4.22474,1.769185,2.162378,2.566503,2.795379,1.771062,1.47337,113.8804199,-0.359302152,0.187643282,-1.914814903,0.055516113,0.129025708
 Etfb,ENSMUSG00000004610.5,645.7382645,872.8909415,702.648312,679.559736,690.81717,509.92784,855.256799,938.423517,916.69833,919.838503,866.250353,740.878147,5388.115925,0.650258559,0.144648296,4.495445697,6.94E-06,0.000104137
 Stxbp2,ENSMUSG00000004626.15,8.4793995,4.076057167,4.773459,12.345451,5.067032,11.731656,3.072633,2.715892,4.851387,6.454424,4.255873,3.106134,79.22984228,-0.794215705,0.237608515,-3.342538899,0.000830157,0.004633313
 Pcp2,ENSMUSG00000004630.19,0.9212295,0.533054833,1.012199,0.951063,0.749608,0.972048,0.285628,0.530995,0.464826,0.310792,1.145237,0.460851,9.897057913,-0.473718541,0.477706123,-0.991652645,0.321366999,0.477639009
 Sgce,ENSMUSG00000004631.16,16.97623825,10.17841317,15.470453,19.068061,12.443843,20.922596,8.028738,10.272607,11.186499,10.145124,10.144791,11.29272,211.9531854,-0.423852113,0.12469144,-3.399207774,0.000675814,0.003935515
 Chn2,ENSMUSG00000004633.18,1.782346,1.0027165,0.794393,2.143956,1.453654,2.737381,1.054762,0.669894,1.108714,1.094171,1.245306,0.843452,35.16381561,-0.459779561,0.278974589,-1.648105526,0.099331019,0.200559491
 Wwox,ENSMUSG00000004637.16,3.1862785,2.900167333,2.604611,3.489355,2.676648,3.9745,1.949964,3.193786,3.070593,3.384962,3.147765,2.653934,76.45289999,0.195172229,0.173439828,1.125302249,0.260460977,0.410884297
 Slbp,ENSMUSG00000004642.14,9.456283,6.770937,12.122703,8.512094,5.310832,11.879503,6.283828,7.090607,5.973171,8.25932,7.482999,5.535697,141.594944,-0.229086785,0.202636963,-1.130528122,0.258253756,0.408644708
 Aqp1,ENSMUSG00000004655.6,111.9753098,153.2801255,96.83486,114.077518,129.493651,107.49521,131.051844,202.623828,156.453254,148.734513,122.610634,158.20668,3953.711205,0.726847243,0.152969809,4.751573204,2.02E-06,3.96E-05
 Arid3b,ENSMUSG00000004661.16,1.929073,1.552841333,1.617614,2.469683,1.390604,2.238391,2.014451,1.167817,1.468116,1.35689,1.841266,1.468508,62.72447737,0.074990769,0.197582171,0.379542184,0.704285285,0.808594251
 Cnn2,ENSMUSG00000004665.11,31.6579035,21.04348383,28.30329,31.685085,21.384848,45.258391,17.122279,16.802184,24.163297,23.032768,24.316224,20.824151,648.0244199,-0.284794009,0.143970277,-1.978144475,0.04791241,0.115226282
 Polr2e,ENSMUSG00000004667.19,76.53416675,76.5432005,66.796239,79.751137,73.893714,85.695577,61.759695,86.788856,80.265877,81.536644,83.462764,65.445367,827.2133518,0.30132663,0.096292034,3.129299663,0.001752235,0.008483862
 Myo9b,ENSMUSG00000004677.19,13.9938825,10.1004165,10.076378,14.456168,11.501185,19.941799,7.96026,10.28347,11.228658,10.105761,12.01889,9.00546,959.9347038,-0.163646387,0.12439085,-1.315582185,0.188314316,0.324420486
 Hdac9,ENSMUSG00000004698.12,9.173689,8.274565833,6.598606,11.612178,9.404667,9.079305,8.66551,8.3814,9.17714,8.01078,7.835418,7.577147,350.3382502,0.142679552,0.119696142,1.192014625,0.233255511,0.3805626
 Ly9,ENSMUSG00000004707.15,3.44711925,0.626802167,2.794808,3.852799,1.219583,5.921287,0.152867,0.286525,0.807852,0.971357,1.009711,0.532501,41.05440313,-2.249611743,0.432764283,-5.198237999,2.01E-07,6.21E-06
 Cd244a,ENSMUSG00000004709.15,0.8584685,0.1200505,0.291313,0.78205,0.619669,1.740842,0.034173,0.083951,0.199258,0.21215,0.080493,0.110278,9.740884005,-2.043926885,0.562815896,-3.631608307,0.00028166,0.001986725
 Adgre1,ENSMUSG00000004730.16,21.394235,7.092216833,15.315643,24.66284,8.062549,37.535908,5.892511,7.322754,6.875998,10.761783,6.67294,5.027315,388.9546779,-1.374653774,0.36771141,-3.73840391,0.000185192,0.001413932
 Mtfp1,ENSMUSG00000004748.6,78.281437,103.9095612,97.258304,70.062562,84.791059,61.013823,108.509016,106.973425,115.324322,100.879462,100.088336,91.682806,1304.655372,0.662275141,0.173654806,3.81374496,0.000136877,0.001103856
 Rab23,ENSMUSG00000004768.15,6.790092,4.841068167,4.428915,5.724095,5.776103,11.231255,3.244322,5.316895,6.278183,4.267295,5.735342,4.204372,145.5447887,-0.550777617,0.181620971,-3.032566198,0.002424839,0.011007163
 Rab11a,ENSMUSG00000004771.13,74.64061475,59.33993317,75.820251,78.961567,61.88383,81.896811,47.433165,48.659953,63.521154,62.275678,69.891952,64.257697,842.2252117,-0.007053161,0.102265123,-0.068969371,0.945014,0.967369012
 Eif2b2,ENSMUSG00000004788.12,25.6856,21.250985,20.231685,25.27578,20.534026,36.700909,18.50315,22.085363,28.909475,19.222995,21.367251,17.417676,327.3018679,0.10186336,0.103941734,0.980004435,0.327083929,0.483217602
 Dlst,ENSMUSG00000004789.11,267.4451723,313.1563878,277.343171,274.914591,278.00036,239.522567,285.25483,330.533302,344.59417,310.841352,308.016073,299.6986,8755.1233,0.510823301,0.112526131,4.539597123,5.64E-06,8.87E-05
 Pgf,ENSMUSG00000004791.8,6.84634725,5.6495605,4.893594,6.962944,6.654845,8.874006,4.497445,6.359507,6.058282,5.030274,7.05428,4.897575,90.84741075,0.095960028,0.159847703,0.600321594,0.54829193,0.686735251
 Ulk2,ENSMUSG00000004798.15,25.89975775,22.21102033,20.307285,29.434317,25.702389,28.15504,18.007388,23.725884,24.214284,21.542018,22.676089,23.100459,1306.384887,0.054889725,0.084713509,0.647945358,0.517020292,0.660989892
 Dgkq,ENSMUSG00000004815.13,7.14051275,6.485490167,4.502664,7.727237,7.88989,8.44226,5.893556,7.336744,5.804966,7.811691,8.231576,3.834408,248.5417675,-0.039337831,0.142398897,-0.276250953,0.782355324,0.862689379
 Grap,ENSMUSG00000004837.3,10.0871605,7.333957333,8.119237,11.215827,8.525523,12.488055,5.987078,7.014776,8.031554,7.180876,8.698907,7.090553,139.0511456,-0.154666454,0.125860721,-1.228869921,0.219120581,0.362172539
 Chmp2b,ENSMUSG00000004843.8,28.69416675,21.997225,28.429501,29.165863,26.098847,31.082456,21.78017,21.52507,21.452389,21.681329,23.813877,21.730515,472.3382416,-0.102507583,0.085304089,-1.201672554,0.229490419,0.376005288
 Plod3,ENSMUSG00000004846.11,44.548231,23.55098533,35.713949,56.850877,23.689769,61.938329,22.238674,18.612532,28.227967,17.645143,30.958809,23.622787,787.5211118,-0.594153507,0.135527653,-4.384002051,1.17E-05,0.000153896
 Ap1s1,ENSMUSG00000004849.15,36.72607575,33.63336133,32.846544,38.315767,27.263609,48.478383,30.756892,34.844953,26.978624,38.308025,37.051264,33.86041,318.6252446,-0.095807367,0.109853543,-0.872137247,0.383133508,0.538222721
 Srpk1,ENSMUSG00000004865.17,12.86219425,9.691788833,10.843329,11.575206,11.782316,17.247926,9.538889,7.823013,9.416104,10.015508,12.436365,8.920854,471.6935274,0.021761584,0.09452256,0.230226353,0.817915885,0.887103922
 Lbr,ENSMUSG00000004880.12,10.40966725,8.7207735,9.952256,11.254683,9.693791,10.737939,8.357615,9.419163,9.242807,7.810993,7.813503,9.68056,356.2765538,0.072966241,0.111876321,0.652204506,0.514269253,0.65890778
 Nes,ENSMUSG00000004891.17,11.74002325,9.0631875,10.240585,11.695949,8.461823,16.561736,8.459033,6.411492,10.178773,8.915001,9.700406,10.71442,677.625844,-0.112118637,0.143897936,-0.779153892,0.435889067,0.589462987
 Prcc,ENSMUSG00000004895.10,22.95451925,22.2373565,21.271748,23.323675,19.375368,27.847286,20.294477,21.203356,20.855474,22.594532,25.356064,23.120236,495.3874935,0.244266001,0.084959926,2.875073132,0.004039339,0.016502332
 Mettl25b,ENSMUSG00000004896.17,7.183653,6.493902667,7.701781,6.604158,6.135871,8.292802,5.080863,6.698285,7.201123,7.977022,6.708239,5.297884,191.2259856,0.229489401,0.118356456,1.938968161,0.052505215,0.123428539
 Hdgf,ENSMUSG00000004897.18,74.09405875,66.60332583,77.583891,75.647573,66.208539,76.936232,69.311962,66.632236,61.157406,66.414341,70.42301,65.681,1403.178891,0.055553269,0.092971726,0.597528637,0.550154493,0.68817019
 Thop1,ENSMUSG00000004929.13,8.29532225,8.092663833,7.29682,8.880801,6.292831,10.710837,6.34398,8.638919,8.205251,8.121262,10.161025,7.085546,234.6871499,0.318954304,0.114768039,2.779121328,0.005450616,0.020984155
 Apba3,ENSMUSG00000004931.12,47.10882475,48.79462917,48.135305,42.882536,44.828227,52.589231,39.6714,55.294002,53.199837,47.924223,53.353353,43.32496,801.6944759,0.339726872,0.099746015,3.405919246,0.000659417,0.003857105
 Matk,ENSMUSG00000004933.18,1.29526675,0.506850167,0.770428,1.566585,1.080072,1.763982,0.218144,0.410393,0.684137,0.747959,0.57754,0.402928,17.45856689,-0.936511585,0.35616889,-2.629403107,0.00855349,0.029854382
 Pias4,ENSMUSG00000004934.15,11.10335275,11.28223133,8.446565,11.714838,10.320709,13.931299,8.591648,11.103907,12.508109,11.575108,10.606951,13.307665,280.8057774,0.251429607,0.105112934,2.391994938,0.016757073,0.050466873
 Map2k1,ENSMUSG00000004936.9,30.62563025,22.5626925,26.731147,32.208349,26.499388,37.063637,19.340678,22.770499,21.838167,23.66405,25.061984,22.700777,639.9253383,-0.138048444,0.075231816,-1.834974233,0.066509507,0.148356969
 Sgta,ENSMUSG00000004937.7,63.60069775,60.91443233,54.223383,65.294212,59.636066,75.24913,48.057285,61.613447,68.752651,63.468262,65.783229,57.81172,1164.655792,0.2020506,0.085730853,2.356801469,0.018433099,0.054357188
 Nmrk2,ENSMUSG00000004939.8,9.32902825,6.872112,11.269262,7.801967,5.989643,12.255241,3.724159,5.668153,8.243231,5.220098,12.368101,6.00893,147.2025546,-0.167580897,0.279777802,-0.598978532,0.5491872,0.687333044
 Tmem242,ENSMUSG00000004945.16,72.9231185,70.90667,76.801127,75.33571,74.581629,64.974008,72.573925,68.225945,66.686581,71.338831,74.701811,71.912927,597.9909582,0.230918127,0.119172531,1.937679142,0.05266238,0.123709574
 Dtx2,ENSMUSG00000004947.16,5.459835,4.223022833,4.597742,6.385333,5.1398,5.716465,3.747051,3.9845,4.537515,4.316648,5.033832,3.718591,131.384707,-0.094247083,0.12529057,-0.752228063,0.45191392,0.603607231
 Hspb1,ENSMUSG00000004951.11,490.7508193,415.3309608,506.072963,550.622469,365.504204,540.803641,357.373312,390.784872,430.902071,312.331807,633.140449,367.453254,3426.179673,0.048980789,0.164209832,0.298281705,0.765488166,0.852422746
 Rasa4,ENSMUSG00000004952.14,16.361917,6.989629333,10.524814,16.786168,11.466139,26.670547,5.029142,5.03424,8.829829,8.855805,8.986591,5.202169,246.6525113,-0.906199911,0.217835112,-4.160026834,3.18E-05,0.000344815
 Hnrnpa2b1,ENSMUSG00000004980.17,281.8247495,250.8814488,286.143601,283.189295,279.065485,278.900617,294.815105,225.623478,230.698111,244.71043,252.083398,257.358171,4153.65274,0.12097786,0.114615653,1.055509054,0.291192571,0.445785904
 Yju2b,ENSMUSG00000004994.13,5.9725055,4.551817167,5.371897,6.148597,5.436565,6.932963,3.50397,5.078758,4.85746,5.24357,4.566765,4.06038,68.00068486,-0.04914175,0.167730434,-0.292980523,0.769537039,0.854758178
 Mri1,ENSMUSG00000004996.10,7.83026525,6.8199915,6.83987,10.867696,6.366736,7.246759,3.362373,7.388056,8.590459,7.111817,9.18489,5.282354,156.8078424,0.115080433,0.191239756,0.601759985,0.547333915,0.686123275
 Prkacb,ENSMUSG00000005034.16,22.2508605,18.60942683,21.19936,23.65042,19.934432,24.21923,17.878865,17.45981,18.182026,19.015074,17.643772,21.477014,966.9410481,0.04087177,0.087801241,0.465503331,0.641571052,0.763029309
 Sgsh,ENSMUSG00000005043.14,5.63833975,3.3295015,4.942577,6.386671,4.169661,7.05445,2.444781,3.557662,3.629884,3.71711,3.663399,2.964173,201.7502775,-0.461959712,0.131253043,-3.519611442,0.000432179,0.002758836
 Cstb,ENSMUSG00000005054.8,54.95255525,25.79206267,41.770841,65.173009,34.996195,77.870176,21.140755,23.888244,27.822723,24.690168,31.302142,25.908344,148.6945688,-0.750536334,0.171424748,-4.378226276,1.20E-05,0.000157556
 Sh2b2,ENSMUSG00000005057.14,1.335005,0.292756333,0.929782,1.633028,0.642658,2.134552,0.100338,0.059296,0.482467,0.358225,0.360458,0.395754,19.23589326,-1.827649261,0.469100468,-3.89607213,9.78E-05,0.000843899
 Pex5,ENSMUSG00000005069.13,16.72469775,12.37194683,12.78276,19.333693,16.742498,18.03984,10.607078,12.829196,12.707274,12.388745,15.256971,10.442417,429.2394042,-0.047993257,0.09410115,-0.510017753,0.610039024,0.738276298
 Jkamp,ENSMUSG00000005078.17,15.86924975,13.9430605,13.185463,16.549679,17.32263,16.419227,16.174399,11.410873,11.759868,15.299919,15.091181,13.922123,224.7018727,0.140779051,0.125958199,1.117664848,0.263710161,0.414843827
 Cd44,ENSMUSG00000005087.18,9.38339475,3.597352667,7.794161,11.398017,5.17687,13.164531,2.444693,2.084641,3.784501,6.523806,3.90214,2.844335,234.3129325,-1.049603957,0.248068827,-4.231099765,2.33E-05,0.000268588
 Slc1a2,ENSMUSG00000005089.16,0.2924045,0.2206355,0.236852,0.318532,0.357493,0.256741,0.249892,0.268413,0.061431,0.192895,0.494771,0.056411,12.65658587,-0.526234709,0.391655125,-1.343617572,0.179072084,0.31255052
 Eif2ak4,ENSMUSG00000005102.14,3.713111,2.675238833,2.646424,4.64905,2.911946,4.645024,2.420719,3.018033,2.808248,2.497871,2.69406,2.612502,173.6223832,-0.158984643,0.129430349,-1.228341295,0.219318875,0.362363703
 Wdr1,ENSMUSG00000005103.13,60.688719,50.47966317,57.600697,63.876256,46.251689,75.026234,40.802502,48.896185,59.746034,51.70577,55.598151,46.129337,1600.15922,-0.003114558,0.105199541,-0.029606193,0.976381126,0.987414953
 Slc2a9,ENSMUSG00000005107.14,1.30859625,0.747997667,1.253178,1.327968,0.906106,1.747133,0.486042,1.120503,0.911195,0.442798,0.848297,0.679151,31.83437393,-0.797071418,0.26745051,-2.980257606,0.002880061,0.012619967
 Ccn4,ENSMUSG00000005124.11,5.5107895,1.087903667,4.216177,7.285281,1.235891,9.305809,1.308061,0.69579,0.445592,1.909638,1.143306,1.025035,134.9582322,-2.215674577,0.548516798,-4.039392381,5.36E-05,0.000515709
 Ndrg1,ENSMUSG00000005125.14,26.4454,17.3950475,16.946568,35.369473,22.034036,31.431523,14.77745,17.43042,20.265729,16.847859,18.753324,16.295503,625.7811021,-0.26931206,0.129896735,-2.073278124,0.038146403,0.096329959
 Man2b1,ENSMUSG00000005142.11,33.83156325,19.7174345,24.985152,39.251159,23.980082,47.10986,14.997736,18.256123,23.590888,21.394159,21.987237,18.078464,1005.115461,-0.500825034,0.132868294,-3.769334408,0.000163683,0.001279735
 Wdr83,ENSMUSG00000005150.17,29.14329225,31.09228583,29.494465,31.142095,26.401248,29.535361,24.951534,30.272728,33.51422,31.168123,37.512832,29.134278,371.2408796,0.348300972,0.10906026,3.193656159,0.001404833,0.007105184
 Prdx2,ENSMUSG00000005161.16,244.8886303,262.022679,242.378712,220.636074,249.551251,266.988484,238.186026,279.55662,277.240582,258.323452,281.851995,236.977399,2844.49321,0.343248574,0.086511576,3.967660639,7.26E-05,0.000658036
 Polr2a,ENSMUSG00000005198.16,22.20173275,15.53517,14.678184,27.698468,18.40762,28.022659,11.791972,16.243715,18.915021,16.108026,14.372864,15.779422,1357.399338,-0.205684961,0.132191044,-1.555967447,0.119715833,0.230985889
 Senp3,ENSMUSG00000005204.13,27.32424125,20.88212783,22.552515,26.692427,23.184926,36.867097,19.416944,18.160282,24.776653,21.278927,22.916203,18.743758,425.3837357,0.028001026,0.087987908,0.318237202,0.750305015,0.841470945
 Corin,ENSMUSG00000005220.11,70.21156325,75.90229883,56.708667,84.087839,76.70844,63.341307,71.741298,90.390923,72.346913,83.977369,60.93212,76.02517,3873.031761,0.388580729,0.140523502,2.765236576,0.005688153,0.021695462
 Plekha8,ENSMUSG00000005225.16,3.9278435,3.568396,4.83143,3.718169,2.409181,4.752594,3.8568,3.378314,4.021357,3.665291,4.300831,2.187783,193.7955819,0.003823236,0.114951704,0.033259501,0.97346765,0.985669511
 Spc25,ENSMUSG00000005233.17,2.23363725,1.230305,3.271041,1.958293,1.720311,1.984904,0.901661,0.767685,0.999291,1.068116,2.349647,1.29543,21.13934623,-0.472068515,0.397264923,-1.188296494,0.234716619,0.382328291
 Dnah2,ENSMUSG00000005237.15,0.152017,0.114102667,0.319792,0.07738,0.145684,0.065212,0.076567,0.082188,0.129508,0.249705,0.084875,0.061773,12.26108524,1.191216875,0.423943955,2.809845174,0.004956534,0.019434635
 Ufd1,ENSMUSG00000005262.14,28.9159455,27.008046,21.980404,34.113171,24.534051,35.036156,24.507381,26.599861,29.071935,27.994672,26.165776,27.708651,469.2582063,0.241051838,0.083461515,2.888179522,0.003874787,0.015958928
 Zfp287,ENSMUSG00000005267.14,1.83472625,1.234225667,1.522622,2.048846,1.237375,2.530062,1.16579,1.502063,1.30735,0.838701,1.372878,1.218572,43.73502141,-0.186315845,0.209658686,-0.888662661,0.374184404,0.529688565
 Prlr,ENSMUSG00000005268.21,0.80170975,1.330369167,0.514737,0.933464,0.84036,0.918278,0.699531,1.78874,1.011117,2.909923,0.961131,0.611773,82.19371951,0.447451397,0.198514531,2.253998205,0.024196281,0.067630448
 Letm1,ENSMUSG00000005299.7,42.1485765,48.71875483,44.027923,47.456413,40.600754,36.509216,51.385162,45.636291,52.200397,42.982545,54.020148,46.087986,1501.900072,0.399638253,0.125282184,3.189904908,0.001423196,0.00718149
 Ubqln1,ENSMUSG00000005312.16,26.67752275,21.33959617,23.333884,28.906228,26.714877,27.755102,19.993623,23.233221,20.214774,22.22941,20.570241,21.796308,905.3559162,-0.029937585,0.078870852,-0.379577298,0.704259216,0.808594251
 Cadm3,ENSMUSG00000005338.15,1.51571525,1.893417,1.309438,1.721147,1.063657,1.968619,1.551172,3.403667,2.42544,1.234767,1.533392,1.212064,58.99093115,0.193185438,0.260120669,0.742676229,0.457677724,0.608956252
 Txn2,ENSMUSG00000005354.17,157.9310388,179.795967,161.129757,148.666497,163.152297,158.775604,168.75553,190.632471,190.622759,176.234922,184.735507,167.794613,2063.736818,0.460800979,0.097183018,4.741579208,2.12E-06,4.12E-05
 Slc1a3,ENSMUSG00000005360.15,2.8697165,0.663006333,1.555624,5.079917,1.114881,3.728444,0.543692,0.349301,0.511214,1.334721,0.584076,0.655034,55.65738235,-1.735782044,0.306639315,-5.660663711,1.51E-08,8.41E-07
 Crbn,ENSMUSG00000005362.15,21.81991875,17.55017817,15.623798,26.441508,23.289669,21.9247,15.71338,16.750726,18.804604,19.378445,17.62305,17.030864,420.0100416,-0.024568096,0.11863368,-0.207092083,0.835937945,0.899383632
 Msh6,ENSMUSG00000005370.5,4.20805325,3.025309333,3.281972,4.922922,3.677235,4.950084,2.530943,3.302428,2.785784,2.861664,3.124857,3.54618,163.9129774,-0.180323656,0.128104165,-1.407633041,0.159239758,0.286252941
 Fbxo11,ENSMUSG00000005371.16,16.65690225,13.1753865,14.527913,19.9807,15.523655,16.595341,12.265191,11.580044,11.68037,16.218711,11.521548,15.786455,605.5514922,-0.087130116,0.112623846,-0.773638254,0.439144743,0.592292414
 Mlxipl,ENSMUSG00000005373.14,17.1445355,24.77377633,14.983002,13.663448,23.132256,16.799436,21.662636,26.264532,24.488657,26.208926,23.93341,26.084497,613.7805336,0.656101317,0.1451063,4.521521916,6.14E-06,9.47E-05
 Tbl2,ENSMUSG00000005374.14,5.0298955,4.118416833,3.76654,4.534017,3.701791,8.117234,2.958387,6.089148,4.437258,2.906995,3.17791,5.140803,259.5181617,-0.150874525,0.131555921,-1.146847086,0.251444825,0.401183344
 Bud23,ENSMUSG00000005378.18,16.7258625,13.80339417,13.966746,17.525223,14.542882,20.868599,11.961663,12.662072,13.535108,14.255498,14.734389,15.671635,210.0105934,0.06460806,0.107340567,0.601897885,0.547242112,0.686123275
 Nid1,ENSMUSG00000005397.9,91.70503875,55.11474417,58.043926,98.893022,69.230123,140.653084,31.573677,64.314552,75.475626,59.063237,42.6235,57.637873,4242.969828,-0.425700092,0.171561496,-2.481326528,0.013089441,0.041442019
 Mcm5,ENSMUSG00000005410.7,3.46415825,2.285587667,2.696064,3.578661,2.801771,4.780137,1.806726,2.023276,2.504722,2.421187,3.037192,1.920423,74.98252128,-0.243756,0.195924377,-1.244133086,0.213450586,0.355570781
 Hmox1,ENSMUSG00000005413.9,42.38789775,11.06183833,24.911395,48.177835,31.068397,65.393964,10.297496,8.884542,15.189187,11.142064,10.756511,10.10123,340.0384032,-1.600402307,0.193554583,-8.268480558,1.36E-16,1.78E-13
 Mprip,ENSMUSG00000005417.18,82.14917675,62.575647,62.962143,85.941083,73.262652,106.430829,55.400951,57.441674,67.580242,61.878215,72.207992,60.944808,3369.198671,-0.029881526,0.067325777,-0.44383485,0.65716199,0.774430349
 Cic,ENSMUSG00000005442.14,29.09543525,23.346997,20.72628,30.719765,20.771001,44.164695,21.302979,24.360765,24.138748,24.465598,24.107594,21.706298,1320.734075,-0.051994497,0.103298716,-0.503341176,0.614724421,0.741695367
 Pafah1b3,ENSMUSG00000005447.13,4.47690275,2.6944945,2.675937,5.857462,3.457458,5.916754,1.994797,3.055493,5.03666,1.535717,2.970146,1.574154,24.30106862,-0.388424257,0.356960518,-1.08814347,0.276531776,0.429793893
 Il27ra,ENSMUSG00000005465.10,2.6053525,1.148903333,1.442412,2.581866,1.96252,4.434612,0.741186,0.905051,1.466307,1.370771,1.276782,1.133323,46.3564263,-0.801304746,0.261951126,-3.058985693,0.002220878,0.010265511
 Prkaca,ENSMUSG00000005469.11,120.8435108,128.9373793,114.371097,118.809919,126.883108,123.309919,124.049312,131.100468,130.19341,133.147576,121.741376,133.392134,3060.550707,0.367614233,0.091209495,4.0304382,5.57E-05,0.000531479
 Asf1b,ENSMUSG00000005470.9,1.478203,0.898602167,1.573512,0.863063,1.21916,2.257077,0.832449,0.41373,0.995365,1.088778,1.285247,0.776044,19.99137496,-0.401791507,0.351476006,-1.143154869,0.252974297,0.402988238
 Ddx39a,ENSMUSG00000005481.19,15.301116,13.66653883,13.020154,18.342862,11.991619,17.849829,11.836846,12.502528,15.668408,13.860947,15.903482,12.227022,262.7890044,0.126916672,0.112914456,1.124007295,0.261009931,0.411552876
 Dnajb1,ENSMUSG00000005483.11,9.1453105,5.687414667,6.777649,9.038238,6.612005,14.15335,5.334673,4.078835,6.923427,5.321173,5.426737,7.039643,224.0654884,-0.364255089,0.184695252,-1.972195195,0.048587328,0.116572369
 Usp40,ENSMUSG00000005501.15,11.050114,9.159017833,11.249237,11.459181,10.694971,10.797067,8.4265,9.276387,9.272743,8.806007,10.053542,9.118928,504.6500112,0.025999699,0.103416294,0.251408154,0.801498564,0.876816101
 Kbtbd4,ENSMUSG00000005505.13,8.69295025,8.869741667,7.70617,10.189025,8.813417,8.063189,7.373364,9.374101,9.543334,9.263756,9.44383,8.220065,213.1819184,0.311488087,0.117590618,2.648919561,0.008074955,0.028609219
 Celf1,ENSMUSG00000005506.17,24.1171885,25.97259233,23.932831,24.640353,23.537995,24.357575,26.07288,26.980087,25.248225,29.966369,24.782504,22.785489,1351.892457,0.270176606,0.07971587,3.389244886,0.000700854,0.00405263
 Ndufs3,ENSMUSG00000005510.10,324.7148393,407.0178153,338.562942,329.882758,329.64001,300.773647,404.217361,422.680191,436.991943,408.898727,395.06128,374.25739,3372.951469,0.581719888,0.117807705,4.937876411,7.90E-07,1.91E-05
 Por,ENSMUSG00000005514.15,37.54379075,36.02271833,28.974488,48.314838,28.656084,44.229753,29.901676,38.723486,41.24089,36.526275,35.817182,33.926801,947.3451786,0.239082903,0.104538136,2.287040055,0.022193485,0.063098184
 Igf1r,ENSMUSG00000005533.11,8.008194,4.244750667,5.877243,9.142241,7.349536,9.663756,3.00857,4.763942,5.135859,4.03387,4.663144,3.863119,638.9375335,-0.523973932,0.139747108,-3.749443838,0.000177227,0.001365315
 Insr,ENSMUSG00000005534.11,34.5004085,31.73248433,25.792492,41.304265,33.672859,37.232018,31.54247,35.478335,33.666067,31.518017,28.639185,29.550832,3049.276906,0.163718799,0.109883414,1.489931853,0.136242155,0.254323879
 Trim28,ENSMUSG00000005566.15,48.25065325,35.87630483,40.239034,56.63558,34.950951,61.177048,28.095188,35.127692,35.795939,36.702325,46.642356,32.894329,979.7389063,-0.100815305,0.087452646,-1.152798796,0.248992979,0.398636119
 Ube2m,ENSMUSG00000005575.17,119.1700988,113.6080082,121.888953,124.056767,100.260308,130.474367,106.04659,113.130082,111.26119,111.539729,126.378756,113.291702,1170.642942,0.258790042,0.082284846,3.145051055,0.001660578,0.008111738
 Adcy9,ENSMUSG00000005580.12,9.065371,9.055562667,6.818717,10.561879,8.909315,9.971573,7.83663,11.298562,10.162957,9.542132,7.333857,8.159238,474.3209579,0.297141481,0.138265542,2.149063873,0.031629337,0.083465774
 Mef2c,ENSMUSG00000005583.17,30.22499025,27.93405017,20.03717,34.074853,29.093605,37.694333,22.625064,22.820225,39.378827,31.699297,22.762189,28.318699,1076.97083,0.086510126,0.098480545,0.8784489,0.379700157,0.534799397
 Ctr9,ENSMUSG00000005609.17,8.2366275,6.124721,6.890123,8.946233,6.460268,10.649886,6.089393,6.190047,5.769366,5.817186,5.09034,7.791994,300.7903852,-0.213979561,0.115168835,-1.857964102,0.063174112,0.142597022
 Eif4g2,ENSMUSG00000005610.18,288.6321178,255.860708,277.676489,298.730906,290.508747,287.612329,263.160816,241.664841,250.019842,290.782965,237.052728,252.483056,12654.92231,0.104609201,0.09399694,1.112900078,0.265751347,0.416880392
 Irag1,ENSMUSG00000005611.16,6.02750025,5.3964935,4.420439,6.313178,5.632676,7.743708,3.662549,3.909091,4.537476,7.209239,7.413865,5.646741,277.8342085,0.189082487,0.137448653,1.375659081,0.168927206,0.299598366
 Pcyt1a,ENSMUSG00000005615.16,35.62316075,33.66489067,29.695197,40.353446,35.951418,36.492582,28.985609,32.488596,37.154462,39.899393,30.434068,33.027216,1690.500814,0.180987661,0.084162786,2.150447589,0.031519828,0.083256625
 Zfp592,ENSMUSG00000005621.12,11.2681195,8.613652667,8.49679,10.591512,9.806093,16.178083,9.490012,11.027525,6.902028,8.879262,6.796977,8.586112,606.3131473,0.135575932,0.118962204,1.139655522,0.254429844,0.40434496
 Psmd4,ENSMUSG00000005625.16,84.72842075,82.67711767,73.002869,99.20341,74.167086,92.540318,74.05218,89.509674,88.678555,82.233135,88.448005,73.141157,1056.355428,0.269701931,0.077354174,3.486585344,0.000489229,0.003036775
 Tmod4,ENSMUSG00000005628.13,11.84498275,15.97181933,14.314588,10.194692,13.453454,9.417197,12.126094,18.571113,16.965461,17.259804,14.58788,16.320564,172.0241921,0.678687636,0.191841386,3.537754038,0.000403546,0.002617675
 Snx6,ENSMUSG00000005656.10,21.0655825,14.02646583,18.360244,21.310379,19.917897,24.67381,13.118121,12.769242,14.714231,13.972266,14.780354,14.804581,323.9601631,-0.311707221,0.086548759,-3.601521541,0.00031636,0.002176631
 Mthfd2,ENSMUSG00000005667.9,3.5194145,2.571231833,2.945812,2.737587,2.467075,5.927184,0.883066,1.900469,1.782806,1.369049,8.542109,0.949892,60.63071186,-0.147865325,0.656484868,-0.225237979,NA,NA
 Kit,ENSMUSG00000005672.13,3.67054125,1.837715,2.869028,4.049658,2.031074,5.732405,1.465722,1.695721,1.929391,2.03763,2.192796,1.70503,123.838751,-0.386945662,0.202903708,-1.907040857,0.056515297,0.130752503
 Tomm40l,ENSMUSG00000005674.10,53.44697625,57.34221967,54.410371,51.398364,52.91506,55.06411,50.854189,60.319899,63.131846,65.031673,58.717961,45.99775,905.9784682,0.407150806,0.110589931,3.681626356,0.000231751,0.001685286
 Nr1i3,ENSMUSG00000005677.15,8.24217625,9.480147,9.448616,7.990777,8.876114,6.653198,8.837607,9.95011,9.785157,10.502435,9.786395,8.019178,292.0143375,0.455047995,0.159010263,2.861752351,0.00421306,0.017074183
 Pan2,ENSMUSG00000005682.10,7.43307075,6.368392333,5.786339,7.600125,6.049016,10.296803,6.513621,5.615973,6.80403,6.832103,6.334818,6.109809,346.7155018,0.102949569,0.112934341,0.911587816,0.361985739,0.518107104
 Cs,ENSMUSG00000005683.9,488.2135913,582.6719865,502.036871,516.104361,498.257486,436.455647,585.111884,625.683481,584.325945,567.66135,531.921061,601.328198,17659.69763,0.523450654,0.117444587,4.457001106,8.31E-06,0.000119233
 Ampd3,ENSMUSG00000005686.18,23.22910425,21.317895,19.469331,25.627413,23.102224,24.717449,18.186222,22.217775,23.153911,20.262827,21.847909,22.238726,890.2266729,0.122950313,0.074846255,1.642704947,0.100443995,0.202287317
 Bcas2,ENSMUSG00000005687.15,30.3119825,29.598231,28.370601,31.787769,29.56354,31.52602,26.228714,32.945482,34.139769,28.981039,30.364044,24.930338,441.2847382,0.183379815,0.100257254,1.829092742,0.067385716,0.149840956
 Ctcf,ENSMUSG00000005698.16,18.369455,15.43153717,16.197366,18.750869,19.419988,19.109597,16.419697,14.763872,15.38131,17.335482,13.638803,15.050059,554.1086264,0.084042381,0.106406145,0.789826384,0.429629168,0.583619549
 Pard6a,ENSMUSG00000005699.17,5.59574275,6.900358333,5.328007,7.321428,4.452861,5.280675,8.557395,5.555847,7.244811,8.975872,7.7057,3.362525,60.0825224,0.309657066,0.206979378,1.496076899,0.134633617,0.252007005
 Tfap4,ENSMUSG00000005718.9,2.256911,1.78523,2.276642,2.42025,2.344171,1.986581,1.451546,2.004679,1.464086,2.235108,1.767937,1.788024,40.77673971,-0.10724743,0.243817238,-0.439868117,0.660032629,0.776220775
 Ranbp1,ENSMUSG00000005732.15,24.49553175,19.27410367,27.337767,22.579788,21.063691,27.000881,19.810895,15.585869,20.719234,19.360696,23.105751,17.062177,209.8758244,-0.067557707,0.144066705,-0.468933519,0.639117156,0.760936392
 Cd247,ENSMUSG00000005763.16,4.5175175,3.862903,3.085828,4.869189,5.082115,5.032938,3.355784,3.027033,3.869126,5.348933,2.895634,4.680908,88.44717847,0.092344219,0.202495781,0.456030335,0.648368165,0.768265466
 Rfx5,ENSMUSG00000005774.13,4.051316,2.563191333,2.627506,4.02653,3.637846,5.913382,2.67717,3.425747,1.849768,2.272658,2.819649,2.334156,116.3832318,-0.387861202,0.147037253,-2.637843094,0.008343518,0.029355169
 Psmb4,ENSMUSG00000005779.13,137.0744463,134.0589807,132.565575,149.868996,107.185675,158.677539,130.510988,135.942755,133.772795,131.658397,142.492987,129.975962,1229.289826,0.238959208,0.087167858,2.741368349,0.006118387,0.022970144
 Slc30a4,ENSMUSG00000005802.13,5.95460525,3.477851833,4.274079,7.27734,5.318379,6.948623,3.084494,3.021792,3.935382,4.023639,3.288072,3.513732,264.3381776,-0.489350204,0.119206105,-4.105076707,4.04E-05,0.000417347
 Sqor,ENSMUSG00000005803.15,24.78951325,24.45932133,22.575925,23.154385,26.491041,26.936702,23.187173,27.723431,25.536418,24.534352,23.895907,21.878647,436.7970827,0.277849618,0.111721929,2.486974766,0.012883454,0.040937641
 Bloc1s6,ENSMUSG00000005804.15,26.27633575,22.87269617,26.509018,29.972127,22.456096,26.168102,21.123244,18.391306,23.795117,30.897511,22.370249,20.65875,349.6462403,0.101938815,0.106689803,0.955469147,0.339340501,0.49567225
 Metap1,ENSMUSG00000005813.13,18.84066575,18.261703,16.848213,20.444379,17.007893,21.062178,16.821157,18.243863,17.286227,17.967808,20.215115,19.036048,531.0076407,0.232671984,0.084236704,2.762121186,0.005742716,0.021836006
 Gpr108,ENSMUSG00000005823.10,21.40569025,17.99842167,16.700615,23.977062,20.038286,24.906798,16.814141,17.853776,19.180558,18.417991,20.039587,15.684477,435.7415197,0.019258911,0.087208211,0.220838281,0.825218356,0.891758537
 Gata6,ENSMUSG00000005836.11,27.548595,26.9636645,25.005108,31.127831,24.762919,29.298522,28.063778,25.70479,27.563232,28.073303,24.597417,27.779467,908.8574889,0.266515874,0.085799818,3.106252217,0.00189475,0.009011367
 Rsl1d1,ENSMUSG00000005846.13,25.13490325,21.08719233,28.916166,23.93664,24.105429,23.581378,21.985413,21.568793,17.270601,21.816646,20.923234,22.958467,448.4216291,-0.013857984,0.144827547,-0.095686105,0.923769877,0.953936159
 Apc,ENSMUSG00000005871.16,10.79892025,9.297999,7.881852,12.156885,9.246053,13.910891,7.137373,10.725221,13.013921,8.513783,8.103196,8.2945,1079.849214,-0.081460078,0.071255033,-1.143218593,0.252947845,0.402988238
 Reep5,ENSMUSG00000005873.7,113.111206,120.8284072,112.163795,111.737745,120.743201,107.800083,122.7631,116.03404,124.044798,121.630248,114.167548,126.330709,3638.332078,0.354794074,0.111510426,3.181712113,0.001464073,0.007348293
 Ergic3,ENSMUSG00000005881.14,78.0514985,51.36995417,63.621361,86.172159,49.489815,112.922659,38.424335,44.618498,62.807419,53.653867,71.119004,37.596602,668.380992,-0.258102009,0.145700202,-1.771459513,0.07648432,0.164618983
 Uqcc1,ENSMUSG00000005882.19,111.9018525,144.0281427,108.216763,130.375211,125.287759,83.727677,116.202761,156.631215,151.265806,173.443632,139.173006,127.452436,1826.577846,0.493062446,0.124296279,3.966831928,7.28E-05,0.000659873
 Ncoa2,ENSMUSG00000005886.15,13.79149975,12.396462,9.063515,15.887922,13.232284,16.982278,11.714316,13.162331,14.593401,12.620637,10.34488,11.943207,1022.569114,0.119556601,0.109778771,1.089068499,0.27612368,0.429413289
 Nr2c2,ENSMUSG00000005893.15,10.11381975,7.530346667,7.993575,11.589071,9.630511,11.242122,7.187223,7.862383,7.901492,7.111806,7.028636,8.09054,648.1876096,-0.162889926,0.096002663,-1.696723,0.089749042,0.18642802
 Nr2c1,ENSMUSG00000005897.15,4.1157165,3.4735465,2.691472,5.216862,4.055143,4.499389,3.479873,2.910718,3.242125,3.590536,3.652283,3.965744,122.5561383,-0.092527105,0.14931276,-0.619686526,0.535464188,0.677310711
 Smpd4,ENSMUSG00000005899.15,11.8912165,10.486924,8.528324,14.826177,8.777217,15.433148,9.340323,12.408784,10.109012,9.158084,10.819654,11.085687,344.0980777,0.114151069,0.086913785,1.31338279,0.189053994,0.325268805
 Pex1,ENSMUSG00000005907.15,6.315425,5.3873215,2.86397,8.505057,8.006641,5.886032,5.742541,6.529941,4.490774,5.066252,5.98749,4.506931,157.4428251,0.165979381,0.134174143,1.237044468,0.216070574,0.358482583
 Kctd20,ENSMUSG00000005936.20,21.66294825,14.1954785,15.543734,23.878213,20.572847,26.656999,13.221148,15.957606,14.680654,13.391156,14.664707,13.2576,664.025501,-0.306880682,0.096209908,-3.189699378,0.001424209,0.007183844
 Ctns,ENSMUSG00000005949.10,7.3682315,5.417235667,5.395741,8.111058,6.228534,9.737593,4.80246,5.583438,4.390408,6.600757,5.205984,5.920367,152.7681643,-0.140053601,0.138985398,-1.00768572,0.313605363,0.468910951
 P2rx5,ENSMUSG00000005950.15,11.40055075,10.4889365,9.677067,10.82331,12.654116,12.44771,8.702277,10.224718,11.684547,9.76107,12.345238,10.215769,276.9376222,0.157224791,0.121297236,1.296194341,0.194908539,0.332773761
 Shpk,ENSMUSG00000005951.14,1.2359225,0.8308945,0.944361,1.222173,1.340712,1.436444,0.799243,0.783038,0.980006,1.018705,0.938683,0.465692,29.68068224,-0.281237444,0.257925459,-1.090382644,0.275544624,0.42861411
 Ephb3,ENSMUSG00000005958.16,5.98915975,7.855202833,6.625734,6.202874,3.827133,7.300898,8.380346,9.100613,8.630047,7.282265,7.829133,5.908813,330.9751258,0.694380264,0.170365321,4.075831048,4.59E-05,0.000459026
 Tuft1,ENSMUSG00000005968.15,0.676602,0.6531875,0.507385,0.822122,0.523912,0.852989,0.756532,0.955794,0.497143,0.312682,0.896555,0.500419,17.10767466,0.085421172,0.388941414,0.219624778,0.826163393,0.892370427
 Rcn1,ENSMUSG00000005973.7,22.133343,11.18670033,18.448656,22.095333,14.670903,33.31848,9.318086,9.589761,12.037634,13.458868,10.749881,11.965972,420.4090428,-0.646576415,0.163459251,-3.95558166,7.63E-05,0.000685575
 Dnase1,ENSMUSG00000005980.16,1.030915,2.0499815,0.848249,1.122489,1.083595,1.069327,1.345791,1.869777,2.143089,1.704893,1.789359,3.44698,44.83196936,1.098644866,0.215710072,5.093155153,3.52E-07,9.92E-06
 Trap1,ENSMUSG00000005981.12,72.579308,78.2754215,59.932801,77.093177,74.628924,78.66233,73.673573,80.400781,83.944191,85.546002,77.913214,68.174768,1883.611877,0.395540894,0.082923051,4.769975169,1.84E-06,3.69E-05
 Naa60,ENSMUSG00000005982.15,32.530932,29.38450883,28.107435,32.09625,30.457304,39.462739,27.048846,28.073431,31.554314,33.861036,30.010807,25.758619,667.8153924,0.134881999,0.082735157,1.630286381,0.103040985,0.20600367
 1700037C18Rik,ENSMUSG00000005983.16,4.16263725,3.424831,2.804426,4.652422,5.146623,4.047078,2.619585,2.720674,5.090276,2.547798,5.065894,2.504759,84.75116336,-0.088167363,0.17146714,-0.514193933,0.607116409,0.736179235
 Ankrd13d,ENSMUSG00000005986.17,0.97800725,0.447725667,0.453711,0.705422,0.943911,1.808985,0.544032,0.337101,0.444069,0.395732,0.672819,0.292601,12.50013039,-0.453072762,0.38883105,-1.165217547,0.243930945,0.392727961
 Tpr,ENSMUSG00000006005.19,45.426816,40.40970183,47.279489,42.691277,39.991319,51.745179,32.344002,39.188664,35.602597,42.330472,48.111194,44.881282,2053.35521,0.120867643,0.080865767,1.494670093,0.135000563,0.252586035
 Odr4,ENSMUSG00000006010.15,12.729694,10.76935133,10.508948,13.055808,12.97278,14.38124,8.170875,9.360009,10.617173,12.954804,12.026417,11.48683,346.7647791,-0.185797581,0.094867427,-1.958497101,0.050171711,0.11926434
 Prg4,ENSMUSG00000006014.18,17.19158075,8.460359333,11.675421,30.668851,8.537922,17.884129,21.225996,2.636269,6.169101,5.328001,9.095764,6.307025,231.4790743,-0.665901993,0.457736046,-1.454772894,0.145732145,0.267416148
 Dhx34,ENSMUSG00000006019.16,4.73420675,4.247084333,3.731451,5.71139,4.133209,5.360777,3.800751,4.448954,4.298327,4.24645,5.077269,3.610755,187.0220966,0.129168795,0.117663389,1.097782383,0.272299526,0.424822138
 Kptn,ENSMUSG00000006021.6,14.32512625,15.765437,13.245922,14.262947,14.268848,15.522788,16.837291,12.830879,19.65744,17.829182,15.351701,12.086129,208.9033486,0.457313978,0.11168625,4.094630981,4.23E-05,0.000430981
 Napa,ENSMUSG00000006024.14,57.66449325,49.326118,46.513449,59.706984,55.09764,69.3399,39.314511,51.116533,54.49798,51.634653,55.864726,43.528305,1157.724581,0.14230961,0.076167081,1.868387327,0.061708102,0.140105296
 Sra1,ENSMUSG00000006050.13,74.1354985,61.81265867,73.989468,81.202155,63.503177,77.847194,72.342405,60.885257,54.05855,55.922481,71.431056,56.236203,487.8395351,0.014835402,0.120966633,0.122640446,0.902391825,0.941392899
 Atp5mc1,ENSMUSG00000006057.17,2407.662105,3073.497241,2648.684558,2524.745947,2235.816558,2221.401356,2968.216299,3282.822603,3181.596808,3001.530488,3152.390333,2854.426917,12315.7267,0.633475083,0.112092584,5.651355866,1.59E-08,8.80E-07
 Snf8,ENSMUSG00000006058.11,34.54626575,28.23869867,35.320182,36.771574,29.687397,36.40591,24.81507,28.716445,32.960129,25.683562,32.576831,24.680155,283.8331085,-0.00887002,0.117747812,-0.075330658,0.93995163,0.964113973
 Tbcb,ENSMUSG00000006095.13,42.6318095,37.21785933,43.340251,39.837128,36.133652,51.216207,40.167275,44.801362,30.67661,36.831667,39.398646,31.431596,365.5148348,0.228898591,0.108828939,2.103287912,0.035440609,0.091130027
 Inpp5k,ENSMUSG00000006127.10,24.110191,19.51491883,16.392145,26.962834,27.204357,25.881428,15.636749,21.461879,19.454881,19.771681,19.880093,20.88423,529.7023575,-0.011104828,0.10081763,-0.110147676,0.912292258,0.946691225
 Crkl,ENSMUSG00000006134.5,10.2725245,9.705913167,9.271139,10.096629,8.963716,12.758614,10.646433,8.823397,9.46476,9.03327,10.446067,9.821552,545.2056739,0.131870223,0.097486238,1.352706044,0.176149559,0.308678227
 Eps8l1,ENSMUSG00000006154.14,2.77805825,4.260783,1.059588,2.67305,4.153522,3.226073,2.820886,5.706685,2.217372,6.154317,3.478593,5.186845,102.7356295,0.739243128,0.3140694,2.353757255,0.018584743,0.054694026
 Clint1,ENSMUSG00000006169.21,26.488488,20.6644945,23.675765,30.471178,22.125662,29.681347,19.046919,21.411993,20.851848,20.324945,21.081645,21.269617,871.1151587,-0.075648923,0.06894451,-1.097243603,0.272534917,0.424931763
 Cdkal1,ENSMUSG00000006191.18,4.98479325,5.256650333,4.11195,5.61544,5.242032,4.969751,5.43048,5.351499,4.336049,5.498317,5.606933,5.316624,138.6045147,0.31535209,0.166065059,1.898967137,0.057568797,0.132537194
 Cdcp3,ENSMUSG00000006204.8,0.27856325,0.1297475,0.206872,0.363168,0.254426,0.289787,0.040832,0.142358,0.15062,0.279489,0.110282,0.054904,16.68381923,-0.621806899,0.448245066,-1.387202998,0.165379872,0.294604553
 Htra1,ENSMUSG00000006205.14,69.00628375,65.015704,65.701868,63.472794,65.45671,81.393763,66.203012,66.827488,64.973784,62.416127,66.846766,62.827047,1313.098048,0.242853048,0.088414598,2.746752854,0.006018847,0.022700096
 Zbtb17,ENSMUSG00000006215.13,11.55821275,12.1844225,10.399429,12.547426,9.715732,13.570264,8.678448,14.288045,12.850208,13.739407,12.532953,11.017474,327.6274257,0.419749913,0.108215866,3.87882043,0.000104964,0.000894883
 Clcnkb,ENSMUSG00000006216.11,1.258303,2.2116225,0.268262,0.491683,3.58876,0.684507,1.945692,3.033272,2.316531,2.321121,1.924463,1.728656,17.75362074,0.441549148,0.43661775,1.011294542,0.311875478,0.467333627
 Fblim1,ENSMUSG00000006219.13,113.6145903,125.5301912,98.287489,100.185233,125.451704,130.533935,105.465035,140.405303,137.064666,123.263601,120.66582,126.316722,3255.8686,0.396138963,0.109548379,3.616109765,0.000299064,0.002080396
 Hspb7,ENSMUSG00000006221.8,949.9192115,932.3717122,899.562894,1039.681192,919.815586,940.617174,882.031465,955.387152,984.132709,822.62334,1018.615293,931.440314,28295.00382,0.249792136,0.086100964,2.901153761,0.003717914,0.015419028
 Epor,ENSMUSG00000006235.7,1.630792,1.264461667,1.083543,1.694283,1.758192,1.98715,0.621426,1.618847,1.013119,0.615675,2.076976,1.640727,23.71534678,-0.200874253,0.334361497,-0.60076969,0.547993394,0.686622831
 Ccdc159,ENSMUSG00000006241.17,3.73794175,3.377798667,3.488851,3.986234,4.056878,3.419804,3.455927,3.965411,3.213582,3.201179,3.936357,2.494336,46.61100703,0.160386909,0.217667304,0.736844286,0.461217048,0.6122262
 Mob1b,ENSMUSG00000006262.16,9.14532125,7.224638333,8.22707,9.601078,8.253424,10.499713,7.389218,7.121898,8.100522,6.099318,6.285598,8.351276,582.052836,-0.119841371,0.138311489,-0.86645999,0.386237958,0.541045718
 Atp6v1b2,ENSMUSG00000006273.15,42.1248675,36.47530083,39.810057,48.256725,37.130786,43.301902,34.390786,35.276421,39.832456,38.439735,39.26711,31.645297,1160.042699,0.071914202,0.086101168,0.83522911,0.403588723,0.557737751
 Eps15l1,ENSMUSG00000006276.12,25.8358245,23.86225583,19.869836,27.638539,25.002446,30.832477,18.982246,25.756641,24.766058,23.624029,28.19004,21.854521,752.4440467,0.177568431,0.096047967,1.848747423,0.064494292,0.144856141
 Tep1,ENSMUSG00000006281.9,6.14989975,3.893332833,4.301521,8.262825,4.645608,7.389645,3.03746,4.361034,4.24865,4.33494,4.273013,3.1049,380.7060559,-0.275146903,0.159858443,-1.721190938,0.085216182,0.179219644
 Ttc5,ENSMUSG00000006288.9,10.88371925,7.664238,7.763631,13.19467,7.946538,14.630038,7.319946,7.976859,7.284061,8.022091,8.48906,6.893411,173.3198791,-0.161012224,0.141398459,-1.138712726,0.254822993,0.404561486
 Osgep,ENSMUSG00000006289.15,41.07771775,40.3437955,38.906237,43.758597,40.401758,41.244279,37.161079,41.237449,44.444207,39.94867,41.535456,37.735912,438.6683766,0.260044724,0.092781831,2.802754817,0.005066817,0.019808018
 Aamp,ENSMUSG00000006299.14,62.05043125,58.50804567,54.64722,64.350461,57.830983,71.373061,52.265686,60.378172,62.536211,58.663461,60.365183,56.839561,1108.595344,0.214663776,0.058149247,3.691600258,0.000222848,0.001633181
 Tmbim1,ENSMUSG00000006301.18,51.42158125,33.86809333,37.936592,61.572133,43.345529,62.832071,28.716667,32.694249,37.448385,33.158822,39.361534,31.828903,1077.418492,-0.28152478,0.106603667,-2.640854552,0.008269721,0.029126689
 Arpc2,ENSMUSG00000006304.15,128.0164895,93.290234,116.878535,138.500509,100.514272,156.172642,91.458887,81.94249,90.744187,99.74978,106.626189,89.219871,1473.109771,-0.161178728,0.085483996,-1.885484255,0.059364488,0.135815625
 Kmt2b,ENSMUSG00000006307.17,12.21653375,10.12329883,9.367771,11.237022,11.367614,16.893728,7.675985,11.489905,12.583349,9.1304,11.664256,8.195898,772.3705915,0.004691578,0.084220094,0.055706163,0.95557589,0.974616284
 Tmem147,ENSMUSG00000006315.10,102.081134,109.8845132,102.537312,101.892742,90.61968,113.274802,92.880815,121.561931,117.683882,111.006337,127.399061,88.775053,769.4054135,0.380147217,0.111646699,3.404912275,0.000661853,0.003869635
 Rps9,ENSMUSG00000006333.15,639.1526238,492.513825,547.068323,710.293955,498.721643,800.526574,432.799139,494.833518,483.947283,527.911766,570.075684,445.51556,3249.588057,-0.071142414,0.087931609,-0.809065301,0.418477586,0.572193394
 Tfpt,ENSMUSG00000006335.17,14.296713,11.36982383,11.997533,15.749753,15.641048,13.798518,11.538758,11.513064,12.698307,10.826161,11.997691,9.644962,124.8666121,-0.044689235,0.140071939,-0.319044876,0.749692483,0.840982742
 Susd2,ENSMUSG00000006342.16,4.34451675,1.998009,2.71108,6.664356,2.06797,5.934661,0.851268,1.385401,2.304654,3.037864,2.312834,2.096033,94.30463847,-0.82007975,0.324364337,-2.528267313,0.011462704,0.037603958
 Ggt5,ENSMUSG00000006344.18,6.42952975,6.005612167,4.105164,7.320333,6.803556,7.489066,5.377832,5.952135,6.866184,6.714851,5.029595,6.093076,200.2533914,0.103983837,0.144679995,0.718716068,0.472315881,0.621642362
 Crip2,ENSMUSG00000006356.11,912.3025133,1081.755922,799.664907,932.61595,959.870251,957.058945,1008.315905,1167.487702,1154.544904,1098.774603,1061.578153,999.834267,13200.19233,0.55212956,0.085352302,6.468830353,9.88E-11,1.71E-08
 Crip1,ENSMUSG00000006360.12,254.0437578,151.8917348,216.653569,240.766779,210.419459,348.335224,125.26457,107.790565,191.967049,179.79245,173.638527,132.897248,456.2814165,-0.400811296,0.151807683,-2.640256984,0.008284318,0.029170291
 Cbfa2t3,ENSMUSG00000006362.17,9.51173925,9.344654,6.920325,7.935283,13.079644,10.111705,8.772093,8.618126,9.704796,9.481416,8.845398,10.646095,479.9167766,0.305988642,0.112901481,2.710227001,0.006723717,0.024906587
 Fbln1,ENSMUSG00000006369.15,121.236598,60.9333655,77.851134,141.82313,77.923957,187.348171,36.808086,58.851543,80.484205,76.906828,56.68181,55.867721,2430.785177,-0.74847149,0.210238367,-3.560108932,0.000370701,0.002467901
 Pgrmc1,ENSMUSG00000006373.11,23.2523785,13.525281,19.750658,24.011068,18.275429,30.972359,12.850802,13.9743,14.896772,13.894298,12.169301,13.366213,323.536261,-0.476969943,0.110552993,-4.314401006,1.60E-05,0.000197679
 Gcat,ENSMUSG00000006378.16,5.97309925,8.4811105,4.734802,6.547758,6.907933,5.701904,11.048631,10.851041,8.149129,8.065474,6.155001,6.617387,121.6184026,0.635526138,0.158448138,4.010941037,6.05E-05,0.000571125
 Tek,ENSMUSG00000006386.16,20.89431425,17.79085467,17.48006,22.824792,21.020479,22.251926,17.6832,16.640323,18.977569,16.165753,19.809447,17.468836,949.6802136,0.030938654,0.08175007,0.378454162,0.705093239,0.809027611
 Elovl1,ENSMUSG00000006390.16,34.50419025,20.54896233,25.821614,38.476565,24.011853,49.706729,18.796066,15.235266,25.429995,21.889892,24.18034,17.762215,311.0644707,-0.370398423,0.139312792,-2.658753852,0.007843024,0.027998638
 Med8,ENSMUSG00000006392.17,19.8391115,17.38969817,20.388262,19.106537,17.079454,22.782193,15.619152,15.852449,17.670618,16.810345,21.750372,16.635253,191.1087499,0.121100146,0.118591342,1.021155034,0.307180992,0.462034586
 Hyi,ENSMUSG00000006395.18,11.5410195,4.508539167,7.236751,11.999981,8.156417,18.770929,2.490409,3.231396,5.845582,6.900457,7.191014,1.392377,51.64603704,-1.053568037,0.358989012,-2.934819736,0.003337415,0.014171626
 Cdc20,ENSMUSG00000006398.16,5.96071325,1.834828667,5.950656,6.574849,3.84809,7.469258,0.885054,0.883703,2.435267,1.386713,2.562172,2.856063,60.07253983,-1.402196925,0.311475621,-4.501787067,6.74E-06,0.000101308
 Adamts4,ENSMUSG00000006403.14,1.68025925,0.260343,1.162119,1.877373,0.715153,2.966392,0.102865,0.110165,0.286335,0.472635,0.324492,0.265566,36.24392137,-2.35197037,0.402402472,-5.844820873,5.07E-09,3.47E-07
 Nectin4,ENSMUSG00000006411.13,0.76601975,0.225096167,0.597311,0.802453,0.41957,1.244745,0.201988,0.154312,0.186032,0.403993,0.311133,0.093119,14.39446327,-1.437152432,0.419481918,-3.426017592,0.000612501,0.003621324
 Pfdn2,ENSMUSG00000006412.11,36.403599,32.14801683,37.697317,40.286148,36.819699,30.811232,30.020469,39.058957,38.777457,29.426635,31.843767,23.760816,358.8086952,0.172899018,0.141240691,1.224144522,0.220897713,0.364514478
 Rnf114,ENSMUSG00000006418.18,42.18846825,37.196865,31.194007,47.78901,38.799128,50.971728,31.976223,42.466247,36.295454,39.471613,35.483349,37.488304,920.7699597,0.118634133,0.101231638,1.17190767,0.241234127,0.389856873
 Steep1,ENSMUSG00000006423.16,8.01696325,6.163043167,7.587801,9.123414,7.294582,8.062056,6.841962,5.455375,6.491688,6.859296,5.660901,5.669037,245.2507927,-0.132319065,0.116166368,-1.139047957,0.254683152,0.404560793
 Neurl1a,ENSMUSG00000006435.17,0.96968625,0.823584,0.444298,1.190595,1.013017,1.230835,0.749135,0.720461,0.790253,0.768333,1.049906,0.863416,34.69251771,0.057950565,0.26764574,0.216519663,0.8285827,0.894396112
 Srm,ENSMUSG00000006442.11,17.94577025,13.83054617,16.716072,19.100774,14.598331,21.367904,9.64766,12.595443,12.973622,17.186336,16.038965,14.541251,187.9769737,-0.103123042,0.130509945,-0.790154662,0.42943745,0.583479617
 Epha2,ENSMUSG00000006445.4,5.66693075,4.437736,3.682293,6.276622,5.813685,6.895123,3.392312,4.999562,5.914071,3.252672,4.531506,4.536293,197.1085027,0.177163251,0.170554225,1.038750292,0.298920885,0.453552969
 Rbm14,ENSMUSG00000006456.11,13.66280825,9.169547667,17.375378,14.332155,5.654048,17.289652,6.20237,5.171017,9.128376,13.990777,13.617078,6.907668,238.3824797,0.151820607,0.169281376,0.896853578,0.369797054,0.525644817
 Zdhhc24,ENSMUSG00000006463.14,3.656555,2.461175167,3.089937,4.884362,2.943565,3.708356,2.512221,1.801633,2.427552,2.163934,3.032657,2.829054,66.03203185,-0.311158318,0.180287447,-1.725901184,0.084365192,0.177685574
 Bbs1,ENSMUSG00000006464.10,1.75409275,1.486249333,1.341121,2.01984,2.193815,1.461595,1.327985,1.737035,1.323927,1.929954,1.45321,1.145385,79.18991445,-0.049349912,0.188759821,-0.261442885,0.79375099,0.871165883
 Ndor1,ENSMUSG00000006471.19,9.70572875,6.040619167,7.084523,10.429689,8.232539,13.076164,4.928535,6.219681,5.835459,5.94751,7.89659,5.41594,202.740849,-0.289884698,0.152318044,-1.903154022,0.057020451,0.131689612
 Nsmf,ENSMUSG00000006476.20,22.41075725,14.50055683,15.956824,22.501536,19.495397,31.689272,10.960867,11.291603,18.937631,17.633774,16.85743,11.322036,318.5458183,-0.52364385,0.14705724,-3.560816514,0.000369703,0.002463753
 Pdk1,ENSMUSG00000006494.12,44.40480875,39.30585383,36.649527,50.62814,45.615859,44.725709,37.734945,41.342028,38.158802,41.974762,39.086252,37.538334,2381.401606,0.101449423,0.086867428,1.167864924,0.242861255,0.391668482
 Ptbp1,ENSMUSG00000006498.17,39.745087,26.93555817,26.085376,42.027557,32.264733,58.602682,25.498053,24.93225,29.662598,30.858935,27.365822,23.295691,755.5039831,-0.31242313,0.114207801,-2.735567332,0.006227285,0.023323218
 Mvd,ENSMUSG00000006517.6,3.71681,4.088986333,3.49781,4.659039,2.594212,4.116179,4.024407,5.130181,4.25072,4.07693,4.125099,2.926581,70.98405313,0.436963519,0.193748027,2.255318554,0.024113341,0.067448649
 Cyba,ENSMUSG00000006519.12,83.90041675,46.36569,71.3227,90.881632,54.47901,118.918325,36.014056,45.687324,54.685893,49.228087,47.555043,45.023737,343.5054411,-0.534314384,0.148906926,-3.588243993,0.000332913,0.002271507
 Stimate,ENSMUSG00000006526.14,6.77039625,5.222733,5.571874,7.908767,4.32513,9.275814,6.21455,4.397273,5.375235,5.269568,5.352141,4.727631,175.4706046,-0.195673178,0.129896301,-1.506379909,0.131969675,0.248079605
 Sfmbt1,ENSMUSG00000006527.17,3.51405025,2.8442795,3.240796,3.678976,3.52846,3.607969,3.465599,2.830707,2.832484,2.541396,2.74497,2.650521,175.9599199,-0.050177245,0.139813414,-0.3588872,0.719679476,0.818692017
 Prkag3,ENSMUSG00000006542.14,1.3270265,1.0969415,1.884445,0.880581,1.1169,1.42618,0.886573,0.882982,1.391488,0.901108,1.312889,1.206609,35.54200786,7.43E-05,0.296803611,0.000250471,0.999800153,0.999927432
 Slc4a3,ENSMUSG00000006576.17,141.3562393,167.2429123,113.841961,171.51067,157.654345,122.417981,159.917908,180.364078,174.644931,181.66156,169.798974,137.070023,4691.256118,0.559793626,0.117087871,4.780970233,1.74E-06,3.53E-05
 Cdt1,ENSMUSG00000006585.4,2.7140205,1.177117333,2.885651,3.030153,1.754509,3.185769,1.319237,0.609953,1.543718,1.103723,1.409832,1.076241,36.89180574,-0.669930456,0.298958094,-2.240884156,0.02503358,0.069402896
 Runx1t1,ENSMUSG00000006586.16,1.22383325,1.884048667,0.564963,1.308097,1.262874,1.759399,1.276503,1.66447,2.489729,1.311883,0.941995,3.619712,58.40401897,0.062650532,0.210666087,0.297392582,0.766166806,0.852773021
 Snai3,ENSMUSG00000006587.7,1.828677,3.106349833,1.963865,2.33993,1.815536,1.195377,3.470651,4.022133,3.736012,2.632629,2.510074,2.2666,44.00408716,1.030608757,0.276445655,3.728070021,0.000192952,0.001457107
 Aprt,ENSMUSG00000006589.9,30.67722275,21.393305,27.018784,30.070111,25.202475,40.417521,20.062483,16.319985,22.02334,23.499355,25.374075,21.080592,160.081566,-0.278689252,0.136661407,-2.039268133,0.041423274,0.10291278
 Gtf2h1,ENSMUSG00000006599.14,11.007144,8.8705495,9.746467,11.933348,9.488503,12.860258,8.138349,9.083975,9.084673,7.97374,9.677092,9.265468,269.8264901,-0.034567754,0.094590553,-0.365446161,0.714778389,0.815587623
 Hfe,ENSMUSG00000006611.16,25.4753015,21.98850967,17.653376,29.437084,27.224459,27.586287,18.935902,20.946322,22.366285,23.214116,25.353587,21.114846,537.3930932,-0.0478599,0.100279724,-0.477263975,0.63317416,0.755832759
 Abhd1,ENSMUSG00000006638.17,5.426182,2.9427785,4.529468,5.941381,6.040324,5.193555,2.871394,4.117983,3.02878,1.350191,4.034498,2.253825,50.38068296,-0.595643039,0.271316065,-2.195384332,0.02813604,0.076033198
 Slc5a6,ENSMUSG00000006641.13,6.11181375,8.7194695,7.245974,5.271145,5.713111,6.217025,5.881649,11.975554,8.08087,8.881535,10.393206,7.104003,197.0547734,0.551711393,0.163430271,3.37582132,0.000735957,0.004216687
 Tcf23,ENSMUSG00000006642.4,0.9969725,0.795516833,0.532469,1.298237,1.10755,1.049634,0.726415,0.872069,1.099141,0.674175,0.785646,0.615655,39.83214949,-0.017714565,0.260626454,-0.067969175,0.945810172,0.967958053
 Aplp1,ENSMUSG00000006651.9,3.0419075,1.764506833,2.004039,2.942938,3.615164,3.605489,0.814545,1.260839,2.627729,1.645005,2.53035,1.708573,54.9617621,-0.498384419,0.28534781,-1.746585752,0.08070922,0.171662053
 Qrich1,ENSMUSG00000006673.15,25.874252,20.47935017,21.506765,30.732501,24.859165,26.398577,18.315403,17.343862,20.31789,22.815675,23.873988,20.209283,553.6660688,0.019073714,0.087168289,0.218814827,0.826794296,0.892842308
 P4htm,ENSMUSG00000006675.11,8.2831725,9.1588525,6.410128,9.905984,7.694069,9.122509,7.263258,12.361088,8.855692,8.316422,9.432294,8.724361,158.8560545,0.434471127,0.153248175,2.8350819,0.004581394,0.018257569
 Usp19,ENSMUSG00000006676.18,65.40673875,57.1607945,47.964134,70.331231,56.999087,86.332503,49.963666,52.399755,63.998063,60.462136,61.444753,54.696394,2327.662996,0.165124545,0.056463431,2.924451136,0.003450643,0.014535127
 Pola1,ENSMUSG00000006678.7,1.3687805,1.185232167,0.960702,1.597808,1.3436,1.573012,1.536896,1.09113,1.011725,1.27875,1.025794,1.167098,72.48025674,-0.024749971,0.16825869,-0.147094759,0.883057227,0.929089899
 Cdc42,ENSMUSG00000006699.18,112.458039,73.69558433,108.157386,117.373575,87.854,136.447195,74.329165,65.520603,69.779594,76.563054,77.34243,78.63866,1851.813912,-0.353450627,0.09033162,-3.912811774,9.12E-05,0.000794768
 Pknox1,ENSMUSG00000006705.14,5.25364375,4.7056635,4.071994,5.562772,4.324355,7.055454,3.053899,5.360246,4.815543,5.611669,4.245306,5.147318,161.7992338,0.075356614,0.135707753,0.555285992,0.578699059,0.71214089
 Gmnn,ENSMUSG00000006715.12,44.07994425,39.4895095,52.507829,43.046894,46.997207,33.767847,36.536678,37.275694,38.090959,32.206198,46.71427,46.113258,332.5561635,0.099420193,0.175795285,0.565545276,0.571702938,0.70630655
 Acot13,ENSMUSG00000006717.8,319.4783493,331.8701343,338.674967,333.275676,325.813754,280.149,296.871538,327.284028,326.794893,349.809176,385.162009,305.299162,1841.686663,0.329738657,0.119299164,2.763964517,0.005710375,0.021755195
 Cdk4,ENSMUSG00000006728.13,40.2168425,32.08546283,42.378455,36.155574,33.207743,49.125598,27.345206,28.599063,28.133335,33.441596,46.991059,28.002518,623.6122854,-0.112639,0.1126158,-1.000206004,0.317210824,0.472904396
 B4galnt1,ENSMUSG00000006731.11,7.9660545,2.0388265,6.018432,7.073786,4.294924,14.477076,1.753866,1.357639,2.170698,1.907185,2.929071,2.1145,95.00349305,-1.575304789,0.257732475,-6.112170339,9.83E-10,1.00E-07
 Mettl1,ENSMUSG00000006732.15,7.5718135,5.825556167,6.250972,9.197657,6.430123,8.408502,5.605195,6.059027,6.753672,5.45213,6.793632,4.289681,107.8652829,-0.047517894,0.149154089,-0.318582579,0.750043065,0.841304274
 Tspan31,ENSMUSG00000006736.10,43.32552125,32.72881917,37.629938,49.510376,33.944888,52.216883,35.562378,29.125798,32.637676,34.534439,34.825514,29.68711,547.8120177,-0.109662215,0.097521171,-1.124496491,0.260802458,0.411324342
 Kif5b,ENSMUSG00000006740.15,42.0987175,34.100955,42.296202,46.125785,38.645858,41.327025,34.721417,33.88407,36.747887,30.350301,31.407333,37.494722,2454.429295,-0.06420743,0.117746003,-0.545304541,0.585544082,0.717811238
 Saal1,ENSMUSG00000006763.15,2.3681325,1.7804155,2.023334,3.042432,1.971837,2.434927,1.630735,1.913662,1.581001,1.547606,2.738128,1.271361,73.32424961,-0.061805,0.168435852,-0.366934944,0.713667545,0.814744125
 Cnp,ENSMUSG00000006782.17,7.40451025,4.708220167,7.282283,7.601803,5.242919,9.491036,3.464357,4.232538,5.458666,5.167234,5.744015,4.182511,138.7984321,-0.335389369,0.161310934,-2.079148385,0.037603714,0.095310567
 Sulf2,ENSMUSG00000006800.15,43.30880525,24.23724467,35.942726,52.700133,27.798333,56.794029,15.647071,26.613206,25.265473,29.056216,26.078226,22.763276,1295.535747,-0.544012636,0.151538304,-3.589934825,0.000330761,0.002262692
 Sod2,ENSMUSG00000006818.6,481.9015608,586.5807775,491.534998,516.826911,478.499373,440.744961,551.206883,612.920599,654.552743,593.80572,570.874917,536.123803,7339.198576,0.484858961,0.142104959,3.411977773,0.000644934,0.003787546
 Tmco6,ENSMUSG00000006850.9,4.0504,2.567516,2.328031,4.424979,3.68138,5.76721,1.822533,3.612877,2.987539,2.159221,2.575465,2.247461,50.9106438,-0.481363919,0.259168235,-1.857341502,0.063262583,0.142743677
 Stambp,ENSMUSG00000006906.11,7.90623875,5.853674833,6.902387,7.212928,6.283317,11.226323,5.105039,5.603682,5.349084,7.435651,6.066538,5.562055,151.2284821,-0.055188704,0.123149881,-0.448142569,0.654050308,0.772632166
 Ezh1,ENSMUSG00000006920.15,21.80656975,15.7440705,14.900355,26.463936,23.216177,22.645811,13.549358,16.648836,15.372555,15.470862,16.694056,16.728756,739.1997894,-0.0834705,0.123095068,-0.678097843,0.497709658,0.643602728
 Hap1,ENSMUSG00000006930.16,0.891029,0.906949167,0.77013,0.911838,0.737156,1.144992,1.275329,0.71018,0.685877,1.323914,0.870163,0.576232,25.95585846,0.29626726,0.314967394,0.940628349,0.346895349,0.503187596
 P3h4,ENSMUSG00000006931.16,23.96386525,21.2319085,25.339458,21.186669,22.827526,26.501808,24.103411,19.771054,18.991203,23.358588,20.948503,20.218692,513.5286899,0.099973718,0.12767379,0.783040267,0.433603466,0.587373281
 Ctnnb1,ENSMUSG00000006932.18,194.7028075,164.158931,161.140415,190.250572,170.016169,257.404074,144.057331,166.049627,183.866014,155.664697,184.761323,150.554594,5936.05709,0.120718058,0.070869266,1.703390836,0.088494951,0.184610068
 Eif1b,ENSMUSG00000006941.6,43.39610475,37.3652735,40.526508,49.838459,38.879457,44.339995,39.130542,34.790618,35.838924,40.487168,37.828835,36.115554,365.0812055,0.086563016,0.095488771,0.906525601,0.36465772,0.521085349
 Chrd,ENSMUSG00000006958.15,2.8929975,2.002875,1.996167,3.499563,2.753616,3.322644,1.322017,2.046835,2.246273,2.360657,1.930969,2.110499,81.79235701,-0.187208865,0.175817893,-1.064788472,0.286971663,0.4411724
 Psmd2,ENSMUSG00000006998.17,96.50878625,94.075077,89.870157,101.146451,91.479954,103.538583,90.786163,98.346665,97.520318,89.490402,101.869286,86.437628,3039.109185,0.244221573,0.071313869,3.424601346,0.000615702,0.003636983
 Vars1,ENSMUSG00000007029.17,18.11298975,16.653932,15.134444,17.740136,13.983059,25.59432,12.567777,16.74077,17.41279,15.83656,22.612441,14.753254,703.0504015,0.129749642,0.115453262,1.123828282,0.261085881,0.411623294
 Vwa7,ENSMUSG00000007030.9,4.198657,4.681417667,3.134172,4.055323,4.278924,5.326209,4.125825,4.900005,5.195129,4.398849,4.489829,4.978869,218.2425258,0.45066841,0.12342926,3.651228323,0.000260989,0.001866621
 Hspa1l,ENSMUSG00000007033.5,5.41999275,4.909737833,5.182151,6.252088,5.805349,4.440383,5.11654,4.117937,5.614431,4.104258,5.235971,5.26929,135.8639053,0.128089546,0.16759137,0.764296791,0.444690397,0.597089891
 Abhd16a,ENSMUSG00000007036.16,42.47381575,37.999609,33.534378,46.573799,41.488029,48.299057,35.576336,41.586859,40.674944,36.123104,43.21376,30.822651,673.2792779,0.141374555,0.09487877,1.490054676,0.13620986,0.254323879
 Neu1,ENSMUSG00000007038.6,11.86882975,9.866579167,10.157719,11.81596,10.890189,14.611451,8.983776,10.255851,10.200044,8.852422,11.185645,9.721737,303.213458,0.002393984,0.098756251,0.024241339,0.980660104,0.989847772
 Ddah2,ENSMUSG00000007039.13,31.8905505,19.42167917,21.922464,35.729058,19.060841,50.849839,16.275211,16.050924,19.534631,19.835353,27.937892,16.896064,294.535296,-0.366828489,0.191970098,-1.910862645,0.056022235,0.129771526
 Clic1,ENSMUSG00000007041.10,56.067405,30.40928983,46.69905,61.141698,39.135248,77.293624,23.047626,26.266399,34.719466,29.523345,41.153379,27.745524,562.2351525,-0.572611131,0.151453201,-3.780779316,0.000156338,0.001229306
 Lsm2,ENSMUSG00000007050.18,10.31208425,9.3164195,9.968673,9.774869,9.292848,12.211947,9.489041,8.170741,10.855907,7.284429,11.618154,8.480245,68.98207449,0.125898717,0.176380455,0.713790633,0.475356653,0.624644568
 Pole,ENSMUSG00000007080.15,0.93397725,1.023317333,0.837367,0.944861,0.584993,1.368688,1.031097,0.501222,0.922492,1.576979,1.393646,0.714468,65.31782982,0.121656509,0.222893757,0.54580492,0.585200041,0.717524638
 Atp1a2,ENSMUSG00000007097.15,285.0327903,319.418538,245.133149,302.926378,301.246092,290.825542,265.315407,370.182013,332.243048,331.121693,300.528547,317.12052,15535.65937,0.428456114,0.099093125,4.323772373,1.53E-05,0.000191076
 Casq1,ENSMUSG00000007122.12,5.2023045,7.892945,7.976687,5.093522,4.891095,2.847914,16.511582,4.041961,7.45464,3.029264,8.176767,8.143456,119.8678904,0.783892097,0.562195967,1.394339595,0.16321508,0.291724779
 Stx1a,ENSMUSG00000007207.11,2.71120225,1.569618833,3.424572,2.467607,1.214253,3.738377,1.68624,1.122426,1.452473,1.593632,1.47333,2.089612,40.4843551,-0.375446881,0.268332194,-1.399186868,0.161756954,0.289669578
 Zfp775,ENSMUSG00000007216.7,4.2128245,4.8427555,2.735014,5.550868,4.179432,4.385984,3.89194,5.68771,4.491351,4.662597,5.996267,4.326668,208.6196589,0.589482065,0.147597327,3.993853258,6.50E-05,0.000604369
 Scube2,ENSMUSG00000007279.15,8.177409,8.232128,9.154241,6.831447,9.686589,7.037359,5.5053,10.565883,8.893616,7.951669,9.354138,7.122162,156.4443651,0.338485904,0.122095492,2.772304681,0.005566091,0.021328846
 Mrpl49,ENSMUSG00000007338.11,22.61909925,22.360385,20.734404,24.42032,22.994725,22.326948,21.731918,22.213851,22.842011,22.427636,22.56827,22.378624,405.1259855,0.274899042,0.092428814,2.974170405,0.002937819,0.012813994
 Dennd2c,ENSMUSG00000007379.16,1.059061,0.958324333,0.982697,1.167006,1.003777,1.082764,0.71502,0.905721,1.181391,0.570868,1.525502,0.851444,51.01560492,0.096320445,0.226073872,0.426057396,0.670066024,0.783854015
 Mark3,ENSMUSG00000007411.17,24.27509175,20.23022033,20.474975,27.5363,22.801045,26.288047,20.058729,19.883051,21.143615,21.671075,20.3598,18.265052,692.2134507,0.015570249,0.079957334,0.194731972,0.845602781,0.905781662
 Gatad1,ENSMUSG00000007415.16,72.01323175,59.92319117,69.4072,74.081649,66.836483,77.727595,57.324624,53.967442,57.804986,73.082082,60.749926,56.610087,872.5251373,0.101641639,0.105940629,0.959420758,0.337346822,0.493852805
 M6pr,ENSMUSG00000007458.15,34.31412975,22.84273867,30.502221,38.53668,26.416217,41.801401,20.482222,21.698463,25.116375,24.509548,24.882703,20.367121,730.2557425,-0.29290465,0.08931092,-3.27960622,0.001039521,0.005561161
 Lrrc8a,ENSMUSG00000007476.19,13.95293,12.80741383,12.499095,16.06618,9.7488,17.497645,11.415599,12.909239,13.260155,11.135567,14.339237,13.784686,635.3878782,0.175597325,0.115272883,1.52331859,0.127679018,0.241995352
 Ppp2r1a,ENSMUSG00000007564.16,103.6626188,103.7135635,91.727395,120.496727,92.137371,110.288982,98.398171,108.965252,112.455823,106.135183,101.313025,95.013927,2653.331967,0.300186775,0.070190055,4.27677079,1.90E-05,0.000227393
 Fance,ENSMUSG00000007570.17,8.85866275,6.883959167,7.581477,12.105156,6.973934,8.774084,6.810456,7.217377,5.378939,4.839636,9.877519,7.179828,107.8982812,0.021772142,0.148733764,0.146383319,0.883618795,0.929325651
 Tinf2,ENSMUSG00000007589.10,9.12296625,7.454658667,8.310191,11.037026,7.904064,9.240584,7.243636,6.327544,6.850223,7.560188,8.88891,7.857451,203.7572142,-0.02706444,0.128217125,-0.211082876,0.832822602,0.897226751
 Dus3l,ENSMUSG00000007603.10,17.88297275,14.79523433,15.951312,19.27406,15.798885,20.507634,14.081629,14.884647,16.903196,14.217488,15.517112,13.167334,376.4151272,0.022973276,0.086574949,0.265357088,0.79073439,0.868797369
 Gtpbp3,ENSMUSG00000007610.17,9.804486,9.278256333,8.597968,10.913096,8.528946,11.177934,7.645262,10.155291,10.317688,8.654698,10.597811,8.298788,215.79897,0.056759431,0.110614124,0.513130047,0.607860355,0.736724062
 Tgfbr1,ENSMUSG00000007613.16,11.10512375,5.432039167,8.210886,11.97225,8.194648,16.042711,5.414111,6.089899,5.439393,5.537537,4.890626,5.220669,443.5582334,-0.7045658,0.12300593,-5.727901088,1.02E-08,6.14E-07
 Homer1,ENSMUSG00000007617.19,15.4378125,15.69252933,17.078655,16.708168,15.794669,12.169758,17.297866,16.604875,14.073675,15.675467,13.332626,17.170667,580.0455473,0.247358431,0.176222674,1.403669715,0.160417225,0.287779707
 Rad51c,ENSMUSG00000007646.14,0.7048355,0.758938333,0.642398,0.95092,0.304119,0.921905,1.327719,0.401796,0.510658,1.09943,0.628825,0.585202,15.39403885,0.38574532,0.423049254,0.911821297,0.361862797,0.517987497
 Cav1,ENSMUSG00000007655.17,194.575022,154.5448178,171.261866,201.395035,193.17628,212.466907,132.890474,159.546957,176.06098,138.528523,154.446549,165.795424,3925.177742,-0.165063274,0.104005319,-1.587065688,0.112497768,0.220467192
 Arpp19,ENSMUSG00000007656.15,98.51939225,108.0441248,98.187803,98.76288,102.547231,94.579655,103.637184,113.43561,101.547826,99.526907,115.195311,114.921911,649.8197719,0.213851964,0.110504619,1.935230996,0.052961956,0.124235829
 Bcl2l1,ENSMUSG00000007659.19,27.5068195,27.00503683,22.78322,30.410911,24.172961,32.660186,25.89669,31.475914,24.172672,22.999922,28.325267,29.159756,637.3184368,0.27624325,0.099176829,2.785360788,0.005346819,0.020699649
 Khsrp,ENSMUSG00000007670.11,16.53193775,14.02935067,12.465023,18.129904,14.933302,20.599522,12.944478,12.382098,13.526292,14.093082,14.95714,16.273014,582.4654792,0.028790176,0.086774867,0.331780129,0.74005529,0.833227263
 Dio2,ENSMUSG00000007682.9,0.92242525,0.296570667,0.575311,1.32061,0.290187,1.503593,0.524162,0.103522,0.14693,0.317121,0.43544,0.252249,37.06698613,-1.272287592,0.458553384,-2.774568101,0.005527506,0.021193338
 Ccdc124,ENSMUSG00000007721.7,31.389363,37.71084567,30.781542,34.918432,27.188546,32.668932,37.382282,41.634582,38.351885,36.575736,39.384857,32.935732,462.9324245,0.53893715,0.096754393,5.570156889,2.55E-08,1.22E-06
 Cct4,ENSMUSG00000007739.11,64.6337425,54.66665117,63.297364,64.770841,61.238798,69.227967,54.811307,55.177853,51.072886,57.57263,59.593571,49.77166,1317.366176,0.057765022,0.083151315,0.694697637,0.487244809,0.63487574
 Trappc2b,ENSMUSG00000007777.10,20.12384775,19.908248,21.153461,19.389189,19.033793,20.918948,14.832128,20.365927,19.467605,22.59921,22.284825,19.899793,134.1305924,0.260501589,0.143381125,1.816847159,0.06924052,0.15271808
 Cpt1c,ENSMUSG00000007783.11,6.5895895,2.673833167,4.246774,6.683695,4.246817,11.181072,2.514394,2.302435,2.63237,2.990433,3.53144,2.071927,110.3182286,-1.290114557,0.231891688,-5.563435963,2.65E-08,1.26E-06
 Twist2,ENSMUSG00000007805.5,1.63342625,0.678704667,1.057519,2.374589,0.943673,2.157924,0.554898,0.588738,0.644412,0.948016,0.65403,0.682134,12.81974452,-0.938186886,0.387153073,-2.423297018,0.015380346,0.047195813
 Zfp655,ENSMUSG00000007812.18,18.49416625,14.47508583,16.671542,19.472332,18.752726,19.080065,15.631276,15.562815,14.061345,13.565074,13.835707,14.194298,394.5421357,-0.042897841,0.096565842,-0.444234112,0.656873332,0.774232467
 Rhoa,ENSMUSG00000007815.14,134.4748698,101.9083948,123.047426,147.767346,113.898943,153.185764,98.490714,95.858704,104.241281,104.041921,101.151695,107.666054,2503.382102,-0.104109204,0.070386803,-1.479101183,0.139113274,0.25789672
 Zmiz1,ENSMUSG00000007817.16,24.28611125,20.28049683,17.207008,28.941542,21.100235,29.89566,17.224779,22.536366,21.627257,20.115684,19.685887,20.493008,1665.455534,0.018437279,0.101564194,0.181533253,0.855949034,0.9129244
 Ankrd26,ENSMUSG00000007827.11,1.720456,1.068025,1.210764,2.164388,2.220284,1.286388,1.269157,0.818982,0.573723,1.425339,1.622611,0.698338,66.62308139,-0.110087729,0.192162447,-0.572888877,0.566719937,0.701996306
 Aldh16a1,ENSMUSG00000007833.16,11.21775475,9.2834645,9.266381,15.303507,9.595852,10.705279,5.433021,11.701948,8.853528,7.574398,12.57516,9.562732,226.9445853,-0.003481276,0.114307683,-0.030455314,0.975703931,0.986957725
 Hnrnpa0,ENSMUSG00000007836.7,55.32401625,43.16048433,55.343417,56.268355,46.075378,63.608915,42.599747,37.64353,43.0461,45.458319,46.391687,43.823523,1376.178522,-0.074178276,0.08425968,-0.880353163,0.378668021,0.534024208
 Prrg2,ENSMUSG00000007837.12,9.8274355,7.811569167,7.183401,8.922855,6.700571,16.502915,9.038268,6.04824,7.307096,7.055933,11.391872,6.028006,93.60557683,-0.189320133,0.202089143,-0.936814961,0.348853748,0.504692737
 Hnrnph1,ENSMUSG00000007850.17,107.6640695,80.84574033,95.990157,107.487233,101.077258,126.10163,81.504351,72.867407,76.41686,88.612179,84.301846,81.371799,1787.377909,-0.018588571,0.086179639,-0.21569563,0.829225008,0.894648977
 Ift43,ENSMUSG00000007867.10,23.26750825,24.84395783,23.841435,20.518525,21.789312,26.920761,21.012655,27.085645,26.814728,27.351918,27.899226,18.899575,154.127642,0.38218645,0.147615196,2.589072547,0.009623482,0.032822635
 Id3,ENSMUSG00000007872.4,74.95703475,46.0405335,64.377271,72.634937,47.220967,115.594964,43.207465,36.739399,50.298616,48.97776,51.665025,45.354936,645.1590017,-0.413576353,0.154316288,-2.680056387,0.007360976,0.026631914
 Tcap,ENSMUSG00000007877.3,2024.443687,2173.541849,1918.443444,2188.764419,2352.134327,1638.432556,2401.205496,2403.066787,2178.731958,1774.536426,2559.314445,1724.395982,17750.68134,0.374464024,0.163299181,2.29311636,0.021841307,0.062325898
 Arid1a,ENSMUSG00000007880.17,18.91773675,15.43142283,13.493893,20.95669,17.559176,23.661188,12.216372,16.323095,17.20315,17.123053,14.618939,15.103928,1491.598033,-0.001003112,0.09121575,-0.010997136,0.991225732,0.995474826
 Crlf1,ENSMUSG00000007888.16,18.47323875,0.986540833,8.186049,31.223592,2.523602,31.959712,0.612607,0.325916,0.249542,1.534775,2.076183,1.120222,82.50269528,-3.366500331,0.699883429,-4.810087213,1.51E-06,3.15E-05
 Ctsd,ENSMUSG00000007891.17,810.4518113,585.2589043,664.934572,906.876149,654.32662,1015.669904,473.31022,604.759145,643.780831,572.403234,685.119446,532.18055,14761.67092,-0.169872741,0.092646974,-1.833548718,0.066721011,0.148714824
 Rplp1,ENSMUSG00000007892.9,1347.628688,989.9478888,1216.963626,1456.965419,981.413212,1735.172495,923.941097,966.379127,1034.233053,1008.71589,1117.884326,888.53384,3267.650023,-0.114557463,0.098388217,-1.164341282,0.244285733,0.393171561
 Ttc9b,ENSMUSG00000007944.9,1.17546725,1.4024825,1.223671,1.525404,1.039648,0.913146,1.041302,1.615185,1.23602,1.548999,1.802375,1.171014,28.45107673,0.522858674,0.273430809,1.912215658,0.055848539,0.12952883
 Abhd8,ENSMUSG00000007950.10,15.20917475,15.293988,12.293636,16.231878,10.627866,21.683319,14.926456,17.588538,15.326874,15.876422,14.722445,13.323193,310.8881841,0.324004951,0.131278591,2.468071511,0.013584318,0.042741378
 Ift22,ENSMUSG00000007987.13,6.5839085,4.582940667,4.889217,7.620504,6.532722,7.293191,3.505635,5.052648,6.478743,2.996094,4.773923,4.690601,106.6110402,-0.153029191,0.172962747,-0.884752314,0.376290234,0.531982592
 Fzd3,ENSMUSG00000007989.8,0.350665,0.264737,0.232834,0.447297,0.305072,0.417457,0.22465,0.263047,0.357294,0.208832,0.124508,0.410091,43.86624256,-0.095451095,0.307583099,-0.310326201,0.756312908,0.846172504
 Mid1ip1,ENSMUSG00000008035.13,92.65702125,145.7584957,78.80072,90.359695,95.885824,105.581846,120.13402,188.260494,147.870952,173.666287,142.74735,101.871871,2161.558547,0.999381107,0.11209957,8.915119891,4.87E-19,3.21E-15
 Ap2s1,ENSMUSG00000008036.12,74.30181075,59.46000967,67.905893,75.943601,57.200884,96.156865,56.813729,56.291576,64.972163,56.999856,69.254303,52.428431,451.1972652,-0.0121867,0.104443536,-0.116682182,0.90711191,0.944145675
 Fgfrl1,ENSMUSG00000008090.15,16.00720625,11.01888333,9.725571,18.720116,13.168125,22.415013,9.77248,9.613038,11.76105,11.352825,12.364643,11.249264,237.1907569,-0.314575469,0.138941865,-2.264079796,0.023569207,0.066191348
 Fhl2,ENSMUSG00000008136.15,984.5690858,1094.525367,1091.157573,952.701066,1050.535529,843.882175,1040.224502,1107.225504,1100.939757,1044.885658,1267.278687,1006.598094,15459.77098,0.401681358,0.134566773,2.984996582,0.002835815,0.012476637
 Emc10,ENSMUSG00000008140.19,75.45664675,66.858178,70.5596,83.747035,61.206655,86.313297,64.360766,70.950833,67.643187,68.490767,68.249197,61.454318,1221.745918,0.112761401,0.075667214,1.490227991,0.136164299,0.254323879
 Fbxw9,ENSMUSG00000008167.15,5.7602945,3.391723,4.468485,7.581923,3.039984,7.950786,2.691856,2.953946,3.447499,3.366588,4.149513,3.740936,69.34806647,-0.43016193,0.226349649,-1.900431175,0.057376559,0.132279817
 Fnbp4,ENSMUSG00000008200.16,22.70917125,13.205894,17.192621,23.849357,22.920281,26.874426,10.671486,13.395422,12.585956,14.408458,15.836976,12.337066,464.57676,-0.269762469,0.086386797,-3.122727998,0.001791833,0.008627949
 Cers4,ENSMUSG00000008206.17,17.36566475,18.7712105,16.421851,21.216964,13.775081,18.048763,14.936003,18.655836,19.134339,23.048454,22.017363,14.835268,581.5659842,0.263484635,0.095393202,2.762090272,0.00574326,0.021836006
 Scrn3,ENSMUSG00000008226.15,12.18167275,12.96385133,10.800734,14.085464,12.978498,10.861995,10.668828,14.430497,14.58172,16.756692,10.501019,10.844352,372.6151826,0.132959176,0.123301409,1.078326498,0.280888076,0.434597884
 Phax,ENSMUSG00000008301.12,14.46313975,11.10324417,13.839368,15.118996,11.000676,17.893519,10.388184,9.002268,10.026829,11.528499,12.760373,12.913312,192.627273,-0.061599913,0.130022644,-0.473762965,0.635668947,0.758272126
 Tle1,ENSMUSG00000008305.20,6.559019,5.4427505,4.032083,6.641638,5.996623,9.565732,4.853019,4.602931,7.196618,5.509434,5.743708,4.750793,171.932394,0.019863416,0.164465339,0.120775698,0.9038687,0.942392002
 1700109H08Rik,ENSMUSG00000008307.12,1.13928325,1.0200955,0.575469,1.054608,1.26293,1.664126,0.862522,0.736326,0.843288,1.315986,1.712994,0.649457,23.31161205,0.009456457,0.341023773,0.027729612,0.977877806,0.988117369
 Relt,ENSMUSG00000008318.11,2.41119325,1.545632,1.666209,3.28122,1.528226,3.169118,0.88424,2.158176,1.285096,1.753278,1.889547,1.303455,47.71080426,-0.013547346,0.212053364,-0.063886494,0.949060607,0.969926374
 Snrpb2,ENSMUSG00000008333.13,8.217122,5.2016135,7.686369,8.293461,9.025499,7.863159,6.30827,4.95109,4.26617,5.430262,5.062931,5.190958,126.5709646,-0.245761994,0.153178116,-1.604419748,0.108621561,0.214616497
 Ubc,ENSMUSG00000008348.10,118.5152213,97.32013283,89.951336,153.332749,106.774805,124.001995,83.789476,112.433265,103.194826,99.690789,101.92793,82.884511,2950.129056,0.011218899,0.112039161,0.10013373,0.920238157,0.951858229
 Prpf31,ENSMUSG00000008373.17,14.2667565,11.5099185,14.756446,14.757793,11.834237,15.71855,9.396024,11.388808,11.501239,13.241075,12.463972,11.068393,226.7152032,-0.024742412,0.115828772,-0.213611964,0.830849669,0.896034382
 Sertad1,ENSMUSG00000008384.9,11.10781525,8.475198167,9.800446,9.656407,9.569421,15.404987,8.35899,6.551057,9.722421,6.242754,10.610206,9.365761,108.333868,-0.118293783,0.175997386,-0.672133749,0.501498553,0.647678636
 Carhsp1,ENSMUSG00000008393.10,24.74300275,13.22552017,18.387937,29.749894,17.392784,33.441396,12.280715,11.241618,14.552071,12.775303,16.030954,12.47246,532.1656089,-0.588204083,0.135315569,-4.346906189,1.38E-05,0.000176001
 Elk3,ENSMUSG00000008398.17,22.19499875,14.67499083,20.68812,25.712407,16.817024,25.562444,12.58962,10.906341,16.992015,14.556564,17.458134,15.547271,652.8467261,-0.311283286,0.107657686,-2.891417206,0.003835086,0.01583011
 Herpud2,ENSMUSG00000008429.9,22.625294,17.41475933,16.158677,26.851043,21.237781,26.253675,17.033788,15.826963,17.670171,16.617982,17.597991,19.741661,593.2543106,-0.082523675,0.106948176,-0.77162302,0.440337736,0.59332612
 Rdh13,ENSMUSG00000008435.16,11.134048,14.64665333,10.081022,12.023517,12.158436,10.273217,12.757164,14.361493,18.755326,12.33088,14.908272,14.766785,343.1786304,0.583380482,0.121164122,4.814795618,1.47E-06,3.12E-05
 Nutf2,ENSMUSG00000008450.9,74.27032275,76.3017215,74.980641,81.208621,67.714027,73.178002,70.428961,74.839607,86.175449,76.919851,81.644787,67.801674,615.2704515,0.282034802,0.096503208,2.922543298,0.003471853,0.014596431
 Arpc5,ENSMUSG00000008475.14,43.82274825,23.398945,41.735526,46.247505,31.194612,56.11335,22.202324,18.401961,24.935004,24.772692,25.896732,24.184957,594.5157125,-0.598692348,0.124836218,-4.795822561,1.62E-06,3.34E-05
 Pou2f2,ENSMUSG00000008496.20,2.5154335,0.621097833,1.609634,2.571544,1.465838,4.414718,0.337763,0.281714,0.883497,1.240484,0.767818,0.215311,74.63309278,-1.633025066,0.292926618,-5.574860618,2.48E-08,1.20E-06
 Mgst1,ENSMUSG00000008540.12,63.2724305,41.92957167,48.926603,90.259036,64.030086,49.873997,60.790259,38.484225,38.7256,37.372384,39.702791,36.502171,358.8345234,-0.29952942,0.189513825,-1.580514877,0.113989003,0.222547541
 Nfib,ENSMUSG00000008575.18,21.483132,20.9402605,18.686888,21.734486,21.722213,23.788941,22.948446,20.788546,20.591674,19.799432,18.638227,22.875238,1933.976252,0.238677022,0.093342403,2.55700533,0.01055776,0.035250592
 Ubqln4,ENSMUSG00000008604.12,35.1398665,35.22726017,31.128084,38.823309,32.672573,37.9355,30.363961,38.03685,36.77564,34.467253,35.726548,35.993309,1223.073455,0.296822846,0.067837216,4.375516343,1.21E-05,0.000159115
 Rbfox1,ENSMUSG00000008658.18,13.7397485,17.84188083,9.649811,15.519355,17.199653,12.590175,14.6467,21.302598,17.755288,23.788313,11.969444,17.588942,339.2741404,0.566218121,0.18602839,3.043718873,0.002336734,0.010706978
 Rps18,ENSMUSG00000008668.16,570.8795475,444.4585478,538.717619,602.093111,428.231374,714.476086,379.483487,496.710298,462.113807,466.421673,510.477486,351.544536,1797.555293,-0.046667346,0.120289921,-0.387957241,0.698047677,0.803615932
 Rpl10,ENSMUSG00000008682.14,705.2976613,468.1727815,547.959803,778.269465,550.160132,944.801245,416.940911,444.218902,503.158135,477.744892,530.652589,436.32126,3303.471498,-0.272771451,0.090737115,-3.006172856,0.002645586,0.011809528
 Rps15a,ENSMUSG00000008683.17,280.503441,202.5052257,266.930052,311.733834,197.547593,345.802285,188.383422,203.918891,217.062084,228.108383,215.387779,162.170795,1210.067587,-0.083915767,0.114139947,-0.73520068,0.462217285,0.613197699
 Ncaph2,ENSMUSG00000008690.16,34.3119455,30.76234433,31.912917,37.833107,31.897729,35.604029,28.370144,30.192783,33.468379,29.587685,33.625075,29.33,1063.833625,0.14233134,0.072437995,1.964871351,0.049429129,0.118010925
 Hipk1,ENSMUSG00000008730.18,19.92794475,18.51278633,13.413327,22.962682,17.163387,26.172383,15.260184,23.527908,19.63803,17.948339,15.383084,19.319173,1525.667917,0.168382795,0.12373976,1.360781647,0.173582703,0.305318955
 Gprc5b,ENSMUSG00000008734.10,14.191854,7.811779167,9.575063,15.722553,11.518684,19.951116,5.042584,8.476985,10.772551,7.219313,7.960778,7.398464,455.9377184,-0.376806724,0.13300747,-2.832974135,0.004611712,0.018350595
 Man1a2,ENSMUSG00000008763.17,6.99360725,6.5270785,5.815798,7.864093,6.16517,8.129368,5.639283,5.306744,8.446836,9.352235,5.106594,5.310779,501.2203542,-0.270880882,0.097063554,-2.79075792,0.005258479,0.020417735
 Acyp1,ENSMUSG00000008822.16,12.4320565,10.47518517,13.953441,10.327744,11.591181,13.85586,11.790226,12.231434,10.882171,6.060063,11.823133,10.064084,52.88842915,0.049762148,0.234826799,0.211910003,0.832177247,0.896986573
 Cd163,ENSMUSG00000008845.10,9.67381375,8.561352667,8.824094,13.105602,9.902444,6.863115,7.02574,12.928371,8.531879,8.715315,5.53074,8.636071,397.2552759,0.110179476,0.237340022,0.464226283,0.642485632,0.763725711
 Hdac5,ENSMUSG00000008855.18,56.150304,53.27715733,45.05927,61.414656,55.076298,63.050992,46.717961,58.669992,58.633383,54.644145,55.295377,45.702086,1602.8555,0.217825248,0.08428035,2.584531845,0.00975113,0.033112058
 Rala,ENSMUSG00000008859.9,17.716249,15.07986367,15.330984,17.449704,15.893176,22.191132,14.327869,18.567717,11.995529,15.306841,17.111275,13.169951,400.1608882,0.031898878,0.113780574,0.280354345,0.779205661,0.860225786
 Vdac3,ENSMUSG00000008892.14,192.2228168,195.5175713,209.998402,185.80451,205.371235,167.71712,196.933951,185.439978,186.68809,208.306179,198.827801,196.909429,2589.428995,0.287644988,0.128994838,2.229895345,0.025754392,0.070908125
 Vps72,ENSMUSG00000008958.15,20.433276,20.5385835,18.855498,23.935899,19.157907,19.7838,21.009354,20.51076,20.986837,17.27187,23.340455,20.112225,265.4147303,0.230474183,0.099592937,2.314161922,0.020658842,0.059768433
 Gabpa,ENSMUSG00000008976.17,15.31195725,14.844866,14.705276,15.323763,15.438917,15.779873,16.093814,15.367808,14.316033,16.447972,13.099486,13.744083,662.1688609,0.107538777,0.140981075,0.762788747,0.445589393,0.597952511
 Bmp7,ENSMUSG00000008999.8,0.49528425,0.743045,0.747372,0.36,0.478177,0.395588,0.672019,1.11878,0.692465,0.65319,0.598924,0.722892,27.12624823,0.808174146,0.333275492,2.424943223,0.015310781,0.047059188
 Dynll1,ENSMUSG00000009013.6,76.62001425,36.23851017,67.382673,64.637714,54.857209,119.602461,28.040008,23.902061,42.400249,46.227817,43.117323,33.743603,415.5368816,-0.601023131,0.194389034,-3.091857176,0.001989085,0.009378644
 Pdcl,ENSMUSG00000009030.15,9.68030725,7.0036985,9.067101,11.582643,9.457889,8.613596,7.684081,7.348732,7.568668,6.613465,6.014972,6.792273,207.0658743,-0.066936676,0.116149625,-0.576296956,0.56441448,0.70008196
 Tmem184b,ENSMUSG00000009035.16,35.82467675,27.766719,26.874897,41.169045,24.454309,50.800456,22.86332,30.332459,31.193302,27.298457,30.231493,24.681283,797.6919856,-0.128002029,0.11207141,-1.142147042,0.253392904,0.40341622
 Nf2,ENSMUSG00000009073.17,45.0876225,42.49220833,40.176193,49.446619,46.699126,44.028552,40.668371,39.869521,42.68733,43.788843,42.565688,45.373497,1848.732499,0.201946364,0.087860722,2.298482854,0.021534323,0.06174471
 Cabp7,ENSMUSG00000009075.3,0.6474315,0.580146667,0.537911,0.557796,0.721291,0.772728,0.716611,0.535918,0.49777,0.665287,0.564241,0.501053,17.20645061,0.119154709,0.318009838,0.37468875,0.70789196,0.810855802
 Zmat5,ENSMUSG00000009076.11,17.62302325,20.26181867,17.496985,20.742492,15.408997,16.843619,19.795898,19.009815,20.432322,21.77881,21.137541,19.416526,123.8347219,0.495030125,0.133882941,3.697484698,0.000217746,0.001605635
 Ewsr1,ENSMUSG00000009079.17,82.05137775,68.17210617,66.328939,96.159548,66.614565,99.102459,54.731547,68.751624,72.176422,72.945742,77.20893,63.218372,1259.63567,0.045140187,0.067304055,0.670690447,0.50241775,0.648479739
 Ap1b1,ENSMUSG00000009090.18,28.19102,25.987554,26.069329,29.642552,26.933204,30.118995,21.376487,26.351842,29.23208,26.994472,28.766548,23.203895,1124.606608,0.162481785,0.073420496,2.213030328,0.026895555,0.073375799
 Tbx1,ENSMUSG00000009097.11,0.95625675,0.731628333,0.708101,0.731176,0.529455,1.856295,0.188455,0.452329,0.768796,1.224325,0.746388,1.009477,14.05998975,-0.113659179,0.421588973,-0.269597134,0.787470206,0.866484366
 Bcl2l13,ENSMUSG00000009112.5,18.79774275,22.83632933,17.022364,20.110085,21.188312,16.87021,16.496549,19.713279,26.287032,16.57216,26.585247,31.363709,1411.684061,0.127187235,0.112975985,1.125790001,0.260254417,0.410644091
 Dqx1,ENSMUSG00000009145.7,0.58083425,0.608908,0.422079,0.409496,0.310886,1.180876,0.283167,0.48462,0.949614,0.851946,0.657658,0.426443,19.88421918,0.526560057,0.39534528,1.331899186,0.182893318,0.31739669
 Ccl8,ENSMUSG00000009185.3,27.80869175,3.419299,27.329527,34.849838,8.937409,40.117993,0,2.049671,5.549123,8.157909,4.038895,0.720196,36.00530227,-2.689823461,0.830173041,-3.240075658,0.00119498,0.006213423
 Lnpk,ENSMUSG00000009207.16,5.51210575,4.208857333,3.837245,6.321631,5.655711,6.233836,3.706444,4.131285,4.555917,5.443271,3.29193,4.124297,130.8951866,-0.118548496,0.148325758,-0.799244161,0.42414885,0.578324847
 Prr29,ENSMUSG00000009210.11,0.8733645,1.459510167,0.998439,0.771177,1.217419,0.506423,2.019744,1.578073,1.649984,0.970574,1.90068,0.638006,12.00084693,0.930828163,0.453626264,2.051971493,0.040172433,0.100316696
 Rarres2,ENSMUSG00000009281.7,56.1938335,33.7371355,39.925645,60.068569,50.462004,74.319116,30.488248,26.854775,39.684032,32.958281,40.139671,32.297806,317.1197468,-0.353676673,0.120186477,-2.942732678,0.003253292,0.013890638
 Pttg1ip,ENSMUSG00000009291.14,85.27332725,67.1843755,69.612423,94.668885,85.085208,91.726793,60.40523,63.563481,71.66293,67.003301,70.200849,70.270462,1737.094082,-0.037667559,0.069534598,-0.541709597,0.588018578,0.719905481
 Trpm2,ENSMUSG00000009292.19,0.7696825,0.339294833,0.31151,1.051751,0.403895,1.311574,0.28328,0.311149,0.305692,0.671662,0.36819,0.095796,24.45606221,-1.068349586,0.420813408,-2.538772685,0.011124208,0.036759344
 Ube2g2,ENSMUSG00000009293.18,53.60240475,47.5931475,44.174225,61.790085,46.354262,62.091047,40.133802,50.60484,54.119322,45.920385,51.05664,43.723896,1031.040257,0.099852571,0.088470023,1.128659936,0.259041316,0.409285677
 Met,ENSMUSG00000009376.16,1.62761975,0.514595333,1.533094,1.243779,1.470377,2.263229,0.324105,0.415092,0.818024,0.425823,0.7001,0.404428,61.22726855,-1.101552378,0.267895576,-4.111872218,3.92E-05,0.000407809
 Slc16a12,ENSMUSG00000009378.5,1.18836925,1.493572,0.915103,1.370285,1.044605,1.423484,1.656842,2.037606,0.696411,1.567313,1.245072,1.758188,63.03863668,0.630442572,0.272017143,2.317657502,0.020467942,0.059346657
 Syn2,ENSMUSG00000009394.14,1.4052835,1.4408665,1.465654,1.270885,1.135876,1.748719,1.120376,1.582931,1.486001,1.10725,1.58221,1.766431,48.65350114,0.345941446,0.217237903,1.592454358,0.111282651,0.218463404
 Elk1,ENSMUSG00000009406.14,4.9501905,4.351106667,3.760972,5.763426,4.669003,5.607361,4.605592,4.5513,4.386014,3.668938,4.591,4.303796,178.3255497,0.114030245,0.122234535,0.932880754,0.35088154,0.506957349
 Nav1,ENSMUSG00000009418.18,24.98885225,14.1350285,12.804422,31.092171,19.97124,36.087576,9.237392,15.49924,14.341515,16.505094,15.833695,13.393235,1267.479914,-0.626556157,0.142528372,-4.396010058,1.10E-05,0.000147859
 Tnpo1,ENSMUSG00000009470.18,19.2886445,16.22589567,15.075949,23.814788,16.723012,21.540829,14.674336,19.924807,15.739015,17.932889,13.317767,15.76656,1321.43754,-0.074881901,0.107728902,-0.695095746,0.4869953,0.634739243
 Rnmt,ENSMUSG00000009535.14,10.179616,6.1571495,6.719357,11.011747,10.484712,12.502648,6.045123,6.543153,6.360724,5.767717,6.560026,5.666154,184.0509135,-0.35983492,0.118499343,-3.036598451,0.00239264,0.010887296
 Kcnq1,ENSMUSG00000009545.15,18.421198,17.30688717,14.825339,23.326344,17.639342,17.893767,15.286514,20.173452,16.552725,19.55574,17.866755,14.406137,574.2747465,0.179055009,0.122108273,1.466362633,0.14254952,0.262712096
 Srp14,ENSMUSG00000009549.15,94.05599,78.99050383,75.823197,108.441575,82.000518,109.95867,80.729963,79.216826,75.643372,77.259782,84.58154,76.51154,546.1638322,0.0602759,0.081156029,0.742716235,0.457653499,0.608956252
 Cdk9,ENSMUSG00000009555.17,31.19229025,19.60883667,23.879457,33.32652,23.058308,44.504876,16.407528,18.389448,19.74871,22.988322,23.08299,17.036022,384.6950602,-0.299278987,0.119832031,-2.497487401,0.012507691,0.04016077
 Tor2a,ENSMUSG00000009563.17,14.0205105,8.415207167,11.261074,14.944586,9.697415,20.178967,5.946659,9.409316,8.35303,7.625149,9.632442,9.524647,150.9608676,-0.401221844,0.157480831,-2.547750368,0.010842002,0.035985271
 Fpgs,ENSMUSG00000009566.13,7.343841,5.571919667,5.362624,6.964926,5.739168,11.308646,3.967027,4.659617,5.452905,5.057642,6.935144,7.359183,124.3973996,-0.062432525,0.165036867,-0.378294414,0.705211894,0.809093186
 Mrtfb,ENSMUSG00000009569.15,10.719691,8.382635333,7.417864,12.307912,10.845093,12.307895,6.735517,9.43029,9.218151,8.660738,8.055001,8.196115,814.0412819,-0.03760462,0.107724321,-0.349081986,0.72702776,0.823847892
 Cbx5,ENSMUSG00000009575.15,19.0878545,13.2706265,17.819292,23.06995,17.339811,18.122365,14.863941,13.871744,10.436411,14.649575,12.664975,13.137113,1072.840391,-0.057842283,0.084238125,-0.686652067,0.492302009,0.639117262
 Apobec3,ENSMUSG00000009585.19,16.344248,9.277269833,10.941255,14.746637,13.514892,26.174208,6.394029,9.377797,9.897028,7.927923,12.864346,9.202496,239.0180851,-0.487887868,0.167631791,-2.910473399,0.003608817,0.015085474
 Sardh,ENSMUSG00000009614.17,8.197341,7.1409265,7.744446,8.249812,3.143591,13.651515,7.196634,7.219045,6.565238,7.412167,7.496966,6.955509,163.0465694,-0.424237412,0.197966163,-2.142979415,0.032114751,0.084250474
 Vav2,ENSMUSG00000009621.19,8.40188275,7.281818833,5.639497,9.194204,6.751433,12.022397,5.944273,7.352609,6.536792,7.309641,8.596712,7.950886,404.5528094,0.144277476,0.122010758,1.182497981,0.237008166,0.385158222
 Ppp2cb,ENSMUSG00000009630.11,33.1494105,26.40182933,31.568608,34.552617,27.345393,39.131024,25.169555,24.732063,26.645602,26.856666,26.576132,28.430958,418.1469584,-0.036886967,0.086338926,-0.42723449,0.669208542,0.783572619
 G0s2,ENSMUSG00000009633.4,39.33349175,47.717456,43.50344,35.527757,41.119651,37.183119,46.935475,34.345112,54.760451,48.01791,53.69964,48.546148,332.3503757,0.546451172,0.155256338,3.519670616,0.000432083,0.002758836
 Dmap1,ENSMUSG00000009640.12,12.76386375,11.3362245,11.392926,13.497596,12.455377,13.709556,9.318752,10.232522,11.909565,12.394264,12.447243,11.715001,188.4217732,0.126498432,0.110868046,1.140981879,0.253877464,0.4038995
 Mcu,ENSMUSG00000009647.14,8.3616045,7.534002833,7.697416,7.408781,7.609754,10.730467,6.984614,7.361886,7.562016,7.311923,7.911154,8.072424,241.2317265,0.161443762,0.111988671,1.441607974,0.149412998,0.272989998
 Bcr,ENSMUSG00000009681.11,13.53330775,6.292133833,6.531656,16.08015,10.824672,20.696753,5.608468,6.545192,5.994975,5.951208,7.058084,6.594876,352.3395443,-0.617154471,0.134468481,-4.589584622,4.44E-06,7.39E-05
 Fxyd5,ENSMUSG00000009687.15,71.84488325,27.40892317,57.553165,85.23312,39.193573,105.399675,23.77825,18.252047,30.437843,27.694417,37.959173,26.331809,269.5212792,-1.009394765,0.220476298,-4.578246169,4.69E-06,7.63E-05
 Kcnd1,ENSMUSG00000009731.5,0.87893275,0.273756167,0.64798,1.109018,0.339842,1.418891,0.084437,0.126677,0.567113,0.295708,0.35061,0.217992,28.43802145,-1.343161201,0.450841682,-2.979230307,0.002889735,0.012646195
 Tfcp2,ENSMUSG00000009733.10,5.21746225,5.607466667,3.798067,6.576591,6.043133,4.452058,4.87287,5.450286,4.964717,5.941033,7.23941,5.176484,168.4377185,0.322312618,0.149181724,2.160536889,0.030731131,0.08170332
 Pou6f1,ENSMUSG00000009739.19,9.8492665,6.958271333,8.454299,9.702656,10.020771,11.21934,6.842397,6.657347,8.151761,5.39937,8.130258,6.568495,269.3365781,-0.135358518,0.109635662,-1.234621249,0.216971497,0.359374354
 Ubp1,ENSMUSG00000009741.17,22.5915265,19.8890195,17.447369,26.955609,20.679385,25.283743,14.332896,19.805782,23.0974,21.912144,22.452801,17.733094,752.5154613,-0.088518027,0.075014166,-1.180017482,0.237993262,0.386184946
