,geneid_symbol,S1,S2,S3,S4,S5,S6,V50,V52,V57,V65,geneid3,baseMean,log2FoldChange,lfcSE,stat,pvalue,padj
ENSMUSG00000000001.5_ Gnai3, Gnai3,7.240009,9.083511,7.217802,7.458625,7.600978,7.991116,13.983637,26.678191,21.674001,14.487455, Gnai3,396.2176229,0.826052368,0.113439269,7.281890781,3.29E-13,1.38E-11
ENSMUSG00000000028.16_ Cdc45, Cdc45,1.761299,1.098384,2.0362,1.152646,1.784237,1.921576,1.197827,2.559915,2.836623,2.84312, Cdc45,37.27634601,0.101137895,0.299099374,0.338141446,0.735256599,0.803729355
ENSMUSG00000000056.8_ Narf, Narf,32.762029,31.762822,30.017808,30.64468,30.52372,32.991876,35.823423,35.358031,33.716852,28.763394, Narf,1486.805937,-0.363321636,0.114624745,-3.169661442,0.001526166,0.004910838
ENSMUSG00000000058.7_ Cav2, Cav2,20.603416,18.066442,17.719724,18.056526,22.504348,20.789212,23.249906,26.144542,28.589117,21.541148, Cav2,611.1880151,-0.106589364,0.116880523,-0.911951469,0.361794266,0.470858155
ENSMUSG00000000078.8_ Klf6, Klf6,11.646269,17.90283,14.84078,10.477225,19.954746,20.060565,21.182058,32.576142,31.051485,22.223212, Klf6,856.8964966,0.268649038,0.180594927,1.487577987,0.136862222,0.216071799
ENSMUSG00000000085.17_ Scmh1, Scmh1,24.432551,27.117467,19.74691,24.726135,23.837002,29.213318,21.658367,28.9702,29.55817,27.632826, Scmh1,591.4944822,-0.343150545,0.101923475,-3.366746915,0.000760605,0.002714191
ENSMUSG00000000088.8_ Cox5a, Cox5a,1193.246097,1129.52879,1148.138708,1301.32045,1196.784219,1261.255375,1088.445785,794.799625,977.758817,1107.44994, Cox5a,5254.040518,-0.69006122,0.166320664,-4.148980661,3.34E-05,0.00019037
ENSMUSG00000000093.7_ Tbx2, Tbx2,3.217181,4.641391,2.90623,3.973093,3.304675,3.637159,4.71699,9.275172,7.894606,6.670925, Tbx2,184.3044165,0.514760492,0.135085581,3.810624987,0.000138616,0.000638518
ENSMUSG00000000120.7_ Ngfr, Ngfr,0.161821,0.297976,0.158797,0.272489,0.23104,0.154728,0.490104,2.159482,1.153795,1.796339, Ngfr,21.75414582,2.233925987,0.416325901,5.365810724,8.06E-08,1.03E-06
ENSMUSG00000000126.12_ Wnt9a, Wnt9a,3.062319,4.007248,4.190889,3.377578,2.808229,2.417963,3.290259,5.237939,5.108003,3.368515, Wnt9a,127.8443836,-0.108035948,0.173941321,-0.621105714,0.53453007,0.636110508
ENSMUSG00000000127.16_ Fer, Fer,5.925864,6.532934,5.536802,4.897028,6.576404,6.798987,6.070628,9.209763,8.505982,5.18155, Fer,200.2345726,-0.236467514,0.141404881,-1.672272642,0.094470572,0.159074582
ENSMUSG00000000131.16_ Xpo6, Xpo6,17.214502,19.291894,17.398376,20.948275,13.221159,19.003414,15.02292,23.880955,21.875887,21.182611, Xpo6,870.9374047,-0.253844257,0.087507408,-2.90083163,0.003721738,0.010537844
ENSMUSG00000000134.18_ Tfe3, Tfe3,5.845971,6.975857,6.682757,7.176194,4.905168,7.084693,8.010696,16.667314,14.404343,9.197273, Tfe3,270.6668411,0.379416775,0.115081613,3.296936547,0.000977456,0.003348163
ENSMUSG00000000142.16_ Axin2, Axin2,1.203914,2.645587,1.793902,2.736311,2.367182,2.100821,1.669607,2.159431,2.499099,4.244026, Axin2,76.62320441,-0.136356526,0.214814419,-0.634764308,0.525582145,0.628360489
ENSMUSG00000000148.18_ Brat1, Brat1,3.544425,4.422387,3.391858,4.732645,3.450245,4.183785,5.168569,9.305553,6.74182,6.484573, Brat1,174.0880961,0.302808408,0.122023853,2.481550941,0.013081201,0.030432371
ENSMUSG00000000149.11_ Gna12, Gna12,60.114187,59.312729,53.381128,64.701111,58.671615,63.494316,70.309389,83.892048,86.400853,67.59744, Gna12,2404.083802,-0.090009132,0.080918068,-1.112348994,0.265988126,0.369905867
ENSMUSG00000000168.11_ Dlat, Dlat,197.924478,163.322743,173.541024,198.691415,191.722053,181.746356,160.846982,145.364177,176.548611,173.245764, Dlat,5433.199005,-0.631779936,0.155104725,-4.073247514,4.64E-05,0.000251145
ENSMUSG00000000171.6_ Sdhd, Sdhd,330.395876,323.821231,353.93118,403.741536,354.746373,384.115524,378.473694,270.570054,369.260427,361.410241, Sdhd,4058.082155,-0.471708955,0.167637936,-2.813855656,0.00489512,0.013319353
ENSMUSG00000000183.7_ Fgf6, Fgf6,0.21519,0.216036,0.211068,0.158191,0.279057,0.299061,0.118467,0.023366,0.09511,0.200339, Fgf6,9.863413954,-1.457959905,0.508934238,-2.864731425,0.004173631,0.011625963
ENSMUSG00000000184.13_ Ccnd2, Ccnd2,22.391798,20.266056,14.785695,18.475549,18.488195,17.262594,22.851439,37.30381,39.549087,23.743257, Ccnd2,1455.14526,0.163915707,0.109269125,1.500109991,0.133585913,0.211988963
ENSMUSG00000000194.14_ Gpr107, Gpr107,9.534996,9.388855,7.707266,8.974927,8.567126,10.794962,10.838182,16.39381,16.380394,12.228293, Gpr107,688.7141455,0.19375323,0.089780157,2.158085231,0.030921206,0.06271754
ENSMUSG00000000197.9_ Nalcn, Nalcn,0.125478,0.214057,0.13532,0.088821,0.143071,0.179706,0.329193,0.952822,0.414867,0.192644, Nalcn,19.36736054,1.139741397,0.401442525,2.839114756,0.004523888,0.012469692
ENSMUSG00000000204.17_ Slfn4, Slfn4,0.074893,0.100283,0.024494,0.151351,0.110593,0.04773,1.896209,0.749939,1.691484,1.362948, Slfn4,21.21101075,3.615300048,0.485757092,7.442608887,9.87E-14,4.71E-12
ENSMUSG00000000244.18_ Tspan32, Tspan32,0.323253,0.922967,0.292239,0.289438,0.131906,0.020362,1.712518,1.783804,1.263724,6.928609, Tspan32,18.60759999,3.385485457,0.704540982,4.805235669,NA,NA
ENSMUSG00000000253.14_ Gmpr, Gmpr,70.653719,72.32807,71.372416,77.97856,65.399638,70.77046,71.366032,75.672323,78.549796,70.125408, Gmpr,1083.648808,-0.406755929,0.091945429,-4.423884195,9.69E-06,6.62E-05
ENSMUSG00000000266.12_ Mid2, Mid2,6.187909,5.042803,4.571593,5.311212,5.318957,5.84008,5.427801,10.007146,9.607623,5.96606, Mid2,364.4643417,0.032686402,0.136100108,0.240164408,0.810202805,0.861281545
ENSMUSG00000000275.17_ Trim25, Trim25,9.445505,12.916305,10.133367,12.438789,11.370916,11.870777,15.535363,19.646408,20.049573,16.19999, Trim25,823.458302,0.218257003,0.075346818,2.896698366,0.003771121,0.010658954
ENSMUSG00000000276.12_ Dgke, Dgke,6.50021,5.651449,5.584499,6.474804,4.788478,6.090533,4.386961,5.449791,4.584628,4.916232, Dgke,382.8751079,-0.762413262,0.12614003,-6.044181697,1.50E-09,2.90E-08
ENSMUSG00000000278.11_ Scpep1, Scpep1,8.209583,16.792984,7.470576,8.66094,8.32231,9.295387,19.556425,52.69965,36.727142,25.946138, Scpep1,366.7368262,1.299703379,0.21963921,5.917446988,3.27E-09,5.84E-08
ENSMUSG00000000282.13_ Mnt, Mnt,3.933192,4.890703,6.118121,7.417733,5.826907,7.657504,5.59379,11.794467,9.296286,6.815089, Mnt,310.1102862,0.026893183,0.17244379,0.15595333,0.876069808,0.910514061
ENSMUSG00000000290.14_ Itgb2, Itgb2,2.5349,3.406323,2.612699,1.888258,1.901163,2.546188,9.821172,16.58375,16.369002,16.372801, Itgb2,202.5172754,2.10689138,0.177513029,11.86893938,1.72E-32,1.85E-29
ENSMUSG00000000295.14_ Hddc2, Hddc2,2.525782,2.179205,1.676954,2.366098,2.711179,2.598052,4.298682,5.380507,3.256318,3.283591, Hddc2,20.78177263,0.408175642,0.283142794,1.441589373,0.149418248,0.231865199
ENSMUSG00000000296.9_ Tpd52l1, Tpd52l1,5.409372,4.583619,6.820848,5.273896,6.752783,6.032592,8.376327,5.173996,7.808433,4.972024, Tpd52l1,58.5717103,-0.304705563,0.254066019,-1.199316476,0.230404911,0.32955132
ENSMUSG00000000305.13_ Cdh4, Cdh4,2.345974,1.057358,1.046806,0.965886,1.241574,1.113406,0.751303,1.207566,0.833282,0.90593, Cdh4,84.0654568,-0.962924701,0.284853906,-3.380416002,0.000723762,0.002601083
ENSMUSG00000000317.12_ Bcl6b, Bcl6b,7.662427,4.279281,5.767496,11.437539,9.670726,8.196319,9.692481,14.355485,16.919686,8.020933, Bcl6b,312.2455123,0.122594639,0.261943749,0.468018955,0.639771035,0.7272688
ENSMUSG00000000318.17_ Clec10a, Clec10a,1.581445,2.473612,1.428341,2.095592,1.438526,2.347955,2.86868,4.555389,4.505338,19.167457, Clec10a,58.24848223,1.786678114,0.475292196,3.759115192,NA,NA
ENSMUSG00000000320.11_ Alox12, Alox12,2.229998,0.962978,2.232915,3.112549,2.279983,2.354515,1.63054,3.240039,3.541065,2.589066, Alox12,70.51773847,-0.155472025,0.283492073,-0.548417538,0.583405237,0.679603355
ENSMUSG00000000326.14_ Comt, Comt,120.273218,103.765287,86.061961,102.652106,97.351396,99.534228,88.889924,178.60967,126.909511,87.807104, Comt,1644.751083,-0.269545414,0.136485422,-1.974902594,0.048279203,0.091548099
ENSMUSG00000000339.15_ Rtca, Rtca,8.778189,13.763265,9.643227,14.753863,11.517379,12.114656,13.523525,18.423922,17.597307,15.037461, Rtca,200.495951,-0.035466779,0.130994019,-0.270751135,0.786582445,0.844520478
ENSMUSG00000000340.11_ Dbt, Dbt,27.570256,26.073867,32.724954,30.001061,31.983973,31.771131,26.198838,20.133291,20.095451,23.416834, Dbt,942.2661159,-0.880486173,0.191728668,-4.592355341,4.38E-06,3.39E-05
ENSMUSG00000000346.10_ Dazap2, Dazap2,86.677356,110.608649,95.826982,97.136594,96.024067,107.490204,104.218117,159.012845,128.154623,114.856927, Dazap2,2152.729955,-0.071166614,0.055373129,-1.285219303,0.19871566,0.291995901
ENSMUSG00000000355.14_ Mcts1, Mcts1,24.554196,20.013392,26.389921,19.623641,24.58698,25.871701,23.680262,25.963101,23.899655,27.252356, Mcts1,140.8871028,-0.315896036,0.160100276,-1.973113629,0.048482618,0.09183932
ENSMUSG00000000359.4_ Rem1, Rem1,2.885379,3.449102,3.947566,4.44141,2.854426,3.84004,5.033245,6.712796,7.645338,4.362892, Rem1,69.90479875,0.274533036,0.187987492,1.460379271,0.144185866,0.22537231
ENSMUSG00000000374.9_ Trappc10, Trappc10,17.597272,18.053753,14.618644,16.461325,16.896736,17.541148,17.896604,17.486294,21.762089,15.945256, Trappc10,899.4928407,-0.323335705,0.090854086,-3.558846038,0.000372488,0.001484428
ENSMUSG00000000378.16_ Ccm2, Ccm2,17.869378,16.954999,17.273423,16.033738,14.858761,13.689687,19.829584,29.416614,32.804593,26.164638, Ccm2,294.4919747,0.277548797,0.119143058,2.329542337,0.019830353,0.043387305
ENSMUSG00000000384.16_ Tbrg4, Tbrg4,43.437762,37.847264,39.297041,50.074572,40.223576,45.262489,42.420854,35.311865,50.665889,48.255577, Tbrg4,843.1044447,-0.455343206,0.154898026,-2.939632083,0.003286022,0.009491644
ENSMUSG00000000386.19_ Mx1, Mx1,0.497491,0.524814,0,0.249151,0.245455,0.303571,1.349428,5.822796,2.638932,1.319209, Mx1,23.82708323,3.027487487,0.457161858,6.622353629,3.54E-11,9.79E-10
ENSMUSG00000000392.18_ Fap, Fap,1.695178,1.601132,0.854341,2.311164,1.3897,2.577783,3.757557,12.48886,5.641935,2.372891, Fap,72.7064433,1.353573075,0.313322921,4.320057624,1.56E-05,9.99E-05
ENSMUSG00000000399.11_ Ndufa9, Ndufa9,343.38266,315.371204,364.753346,389.562394,366.747846,372.927533,342.061191,243.88805,310.34916,314.12831, Ndufa9,4715.774045,-0.666285992,0.166492214,-4.001904821,6.28E-05,0.000325267
ENSMUSG00000000416.17_ Cttnbp2, Cttnbp2,0.213978,0.418509,0.338131,0.371519,0.443789,0.359797,0.408169,0.703559,0.459371,0.436282, Cttnbp2,21.70800573,0.060583413,0.283151684,0.213960986,0.830577482,0.876724451
ENSMUSG00000000420.16_ Galnt1, Galnt1,29.949587,33.833309,27.096647,27.8199,29.330267,28.608605,33.679018,52.790281,37.678625,35.767496, Galnt1,1233.171193,-0.122403311,0.073798706,-1.658610525,0.0971943,0.162810864
ENSMUSG00000000439.10_ Mkrn2, Mkrn2,10.5978,13.060422,12.409213,16.171062,17.705433,12.709112,19.338557,13.186846,20.843974,11.61618, Mkrn2,861.9672235,-0.396474667,0.086949349,-4.5598348,5.12E-06,3.86E-05
ENSMUSG00000000440.13_ Pparg, Pparg,6.021464,5.216396,5.472442,6.300852,5.608713,5.733429,7.958529,6.700706,7.905793,8.115606, Pparg,125.2651549,-0.032434611,0.167303141,-0.193867316,0.846279776,0.888934868
ENSMUSG00000000441.18_ Raf1, Raf1,49.811179,52.221502,49.449444,55.991312,51.1034,53.74902,51.400544,57.677532,61.49578,55.452679, Raf1,1518.064498,-0.338134656,0.085031074,-3.976601023,6.99E-05,0.000355321
ENSMUSG00000000486.14_ Septin1, Septin1,2.302027,2.947355,1.466356,1.547267,0.913098,4.479554,2.465858,6.391728,5.850442,21.467378, Septin1,42.31746069,1.878538179,0.507187626,3.70383283,0.000212366,0.000922088
ENSMUSG00000000489.8_ Pdgfb, Pdgfb,14.453875,14.848588,19.192937,20.440436,16.535131,18.605666,23.430452,33.858582,32.764009,21.421255, Pdgfb,624.159123,0.236656663,0.124769905,1.89674475,0.057861634,0.106342083
ENSMUSG00000000530.17_ Acvrl1, Acvrl1,12.936168,16.509451,15.239228,16.470049,13.04845,16.302296,26.536094,50.390202,43.715092,24.244076, Acvrl1,558.9473248,0.804582931,0.139330663,5.774629334,7.71E-09,1.26E-07
ENSMUSG00000000531.6_ Tamalin, Tamalin,5.218304,5.928532,5.032878,7.020406,5.855866,6.15781,5.809131,9.831868,8.876725,6.79436, Tamalin,133.5885729,-0.051508284,0.129157347,-0.398802582,0.690038675,0.767966431
ENSMUSG00000000532.12_ Acvr1b, Acvr1b,7.52895,8.472793,8.967815,7.944184,7.692019,7.846618,8.768328,12.699382,9.81466,9.702268, Acvr1b,423.9652397,-0.115297898,0.090295363,-1.276897219,0.201638536,0.295751804
ENSMUSG00000000538.19_ Tom1l2, Tom1l2,49.540856,60.639142,52.025482,60.417283,54.849025,63.828194,54.246842,76.442381,64.863443,56.258227, Tom1l2,2435.821578,-0.336301559,0.056438919,-5.958681761,2.54E-09,4.68E-08
ENSMUSG00000000552.11_ Zfp385a, Zfp385a,7.906654,9.865944,7.949152,7.110082,7.45254,7.369544,11.361968,17.424059,19.741003,15.2263, Zfp385a,242.2256158,0.551087823,0.12276181,4.489081935,7.15E-06,5.13E-05
ENSMUSG00000000555.9_ Itga5, Itga5,17.012056,20.878033,18.822327,16.522105,17.156371,20.43315,23.143732,56.516871,43.725344,23.919053, Itga5,1068.499348,0.582822516,0.152621764,3.818737922,0.000134136,0.000620867
ENSMUSG00000000561.15_ Wdr77, Wdr77,14.236805,17.686884,17.697543,17.477146,18.535121,18.460548,20.328783,21.383197,27.255132,19.761925, Wdr77,505.6486644,-0.075044935,0.088244748,-0.85041814,0.395092654,0.504673259
ENSMUSG00000000563.18_ Atp5pb, Atp5pb,631.879968,553.080293,631.053298,630.729397,609.393408,631.208394,569.100306,406.638869,497.078114,532.90638, Atp5pb,8538.932064,-0.683860449,0.16767047,-4.078598023,4.53E-05,0.00024651
ENSMUSG00000000567.6_ Sox9, Sox9,0.510365,1.292276,0.565979,0.717622,0.50661,0.615001,1.948633,9.145499,4.984023,1.500111, Sox9,80.82492438,2.108315388,0.40307975,5.230516759,1.69E-07,1.96E-06
ENSMUSG00000000568.16_ Hnrnpd, Hnrnpd,28.760174,27.922259,32.206951,27.193072,30.11367,32.741587,31.094527,39.338373,42.873995,36.77812, Hnrnpd,615.4347683,-0.102100278,0.089296899,-1.143379889,0.252880899,0.355898275
ENSMUSG00000000579.15_ Dynlt1c, Dynlt1c,3.152902,3.877363,5.946309,4.167956,4.808204,3.496332,5.402682,11.896403,6.312934,7.091492, Dynlt1c,70.47915691,0.110682242,0.194249762,0.56979345,0.568817799,0.667007509
ENSMUSG00000000581.9_ C1d, C1d,14.736748,11.698627,9.149217,20.354591,16.437262,11.607017,15.749794,19.699748,24.291419,15.736159, C1d,233.1038836,-0.040656072,0.12446988,-0.326633816,0.743944864,0.810205888
ENSMUSG00000000594.8_ Gm2a, Gm2a,4.180283,6.787297,4.231792,4.786506,4.526615,4.887678,8.057506,17.213117,11.761467,15.350965, Gm2a,337.4855289,0.960252994,0.170531215,5.630951466,1.79E-08,2.68E-07
ENSMUSG00000000600.16_ Krit1, Krit1,13.847585,13.637961,14.485787,12.259013,13.270197,14.217534,16.258068,17.706395,19.142977,13.4403, Krit1,493.565866,-0.148082284,0.100221224,-1.477554136,0.139527158,0.21939302
ENSMUSG00000000605.10_ Clcn4, Clcn4,23.425127,29.599268,23.018787,25.564561,25.234147,24.47288,26.025045,35.565542,31.931086,27.595758, Clcn4,1258.357445,-0.205218339,0.050673571,-4.049810109,5.13E-05,0.000273342
ENSMUSG00000000628.11_ Hk2, Hk2,67.519135,61.254833,63.315437,78.357304,70.16779,70.900815,77.83397,67.656811,81.553325,77.200828, Hk2,4213.336793,-0.274721564,0.134155802,-2.047779976,0.040581563,0.079066933
ENSMUSG00000000631.21_ Myo18a, Myo18a,115.793388,106.406081,104.19353,112.850965,105.062262,95.519686,96.646743,116.956117,100.379172,107.65614, Myo18a,4059.806432,-0.339045288,0.088370245,-3.836645337,0.000124726,0.000585293
ENSMUSG00000000632.14_ Sez6, Sez6,0.557587,0.029093,0.346448,1.024214,0.055148,0.27038,0.463901,0.281471,0.158425,0.311249, Sez6,8.632649285,-0.585978353,0.69159084,-0.847290507,0.396833217,0.506144799
ENSMUSG00000000682.8_ Cd52, Cd52,9.071212,6.630229,5.509828,5.786039,3.517107,5.109345,25.122031,58.616864,40.812848,94.839229, Cd52,67.09429975,2.758085311,0.374124726,7.372101113,1.68E-13,7.47E-12
ENSMUSG00000000686.12_ Abhd15, Abhd15,1.107592,2.226129,0.982264,1.840003,1.327709,1.67545,1.933968,3.161719,2.769386,2.088254, Abhd15,47.96097902,0.05407506,0.237952084,0.227251887,0.820227883,0.869097792
ENSMUSG00000000693.11_ Loxl3, Loxl3,2.083482,5.11423,2.447556,2.910548,2.604277,2.955338,6.683167,58.343921,23.013697,7.153525, Loxl3,338.3701293,2.478027437,0.490757323,5.049394718,4.43E-07,4.59E-06
ENSMUSG00000000708.15_ Kat2b, Kat2b,29.195856,27.788941,24.015966,27.861975,26.609036,28.0269,25.829579,29.491034,25.455606,22.598783, Kat2b,1294.870071,-0.403436845,0.09388818,-4.296992941,1.73E-05,0.000109533
ENSMUSG00000000711.4_ Rab5b, Rab5b,31.89472,40.111344,35.504518,33.945562,31.704311,35.937223,37.524757,46.157968,43.904736,34.344629, Rab5b,1231.750139,-0.235159072,0.070562112,-3.332653557,0.00086022,0.002999956
ENSMUSG00000000732.10_ Icosl, Icosl,4.207805,9.708149,5.564849,4.765225,3.646258,4.539049,5.534271,8.22202,8.437123,10.903728, Icosl,170.8775693,0.222649955,0.249358361,0.892891477,0.371915292,0.481649158
ENSMUSG00000000738.19_ Spg7, Spg7,48.81201,48.466013,47.69848,55.948278,56.044567,49.121941,49.483374,52.736904,54.380343,50.129809, Spg7,1245.367948,-0.417712116,0.093886977,-4.449095368,8.62E-06,5.99E-05
ENSMUSG00000000739.15_ Sult5a1, Sult5a1,0.862818,1.507679,0.317009,0.309992,0.046146,0.568796,1.092757,3.796678,2.764359,1.527748, Sult5a1,11.36113571,1.578036023,0.528511794,2.985810423,0.002828279,0.008329863
ENSMUSG00000000740.13_ Rpl13, Rpl13,427.985912,511.306024,428.755966,475.223922,459.048557,466.289014,559.55121,757.309321,724.059642,803.482919, Rpl13,3339.713157,0.179164476,0.094978418,1.886370401,0.059245058,0.10842123
ENSMUSG00000000743.10_ Chmp1a, Chmp1a,33.871449,37.156921,32.634339,39.116861,33.023724,33.792083,39.905952,61.348767,54.436443,45.176162, Chmp1a,820.6597032,0.055781782,0.069299963,0.80493236,0.420858713,0.530251518
ENSMUSG00000000751.14_ Rpa1, Rpa1,29.16741,29.033771,34.336024,30.301634,28.084064,34.845988,31.775975,34.839421,39.806127,41.08705, Rpa1,665.9187616,-0.22772117,0.108531003,-2.098213082,0.035886327,0.071122079
ENSMUSG00000000753.16_ Serpinf1, Serpinf1,22.324163,59.321495,20.91766,15.564422,12.711261,18.438835,53.65399,294.611218,140.213141,78.298782, Serpinf1,710.3899206,2.044358203,0.483873961,4.224980817,2.39E-05,0.000143443
ENSMUSG00000000759.15_ Tubgcp3, Tubgcp3,8.606592,8.689543,8.673694,7.887197,7.742185,9.622621,8.474507,12.901071,12.323923,12.297846, Tubgcp3,328.4669283,-0.021890145,0.09114784,-0.240160871,0.810205547,0.861281545
ENSMUSG00000000776.14_ Polr3d, Polr3d,7.955286,6.847382,9.437479,9.042145,8.188048,6.96186,7.289469,13.769875,12.096281,8.805209, Polr3d,173.6889929,-0.031225753,0.140698917,-0.221933141,0.824365931,0.871808535
ENSMUSG00000000787.13_ Ddx3x, Ddx3x,37.623544,39.901294,34.704505,39.125168,39.963879,39.868363,42.477989,64.916464,56.852543,42.740951, Ddx3x,2122.57518,-0.038384737,0.074201371,-0.517304959,0.604943293,0.697893465
ENSMUSG00000000794.10_ Kcnn3, Kcnn3,0.259202,0.476909,0.115309,0.250302,0.372606,0.30964,1.328803,2.666409,2.00736,0.596645, Kcnn3,43.09838531,2.056246725,0.351324498,5.852841848,4.83E-09,8.33E-08
ENSMUSG00000000804.15_ Usp32, Usp32,5.538978,6.788469,6.188494,6.65821,7.59961,6.813426,7.999289,12.433388,9.599802,7.825554, Usp32,546.3864795,-0.13025919,0.096978388,-1.343177509,0.179214503,0.268634334
ENSMUSG00000000805.19_ Car4, Car4,27.049311,36.937241,37.070575,39.950824,31.412892,36.527842,30.851756,18.721083,32.336996,19.112245, Car4,364.2165139,-0.868143368,0.207680227,-4.180192691,2.91E-05,0.000169196
ENSMUSG00000000811.15_ Txnrd3, Txnrd3,8.031752,7.400501,5.790974,8.650097,5.523781,6.345393,7.672848,8.367742,8.035347,7.687477, Txnrd3,218.7102405,-0.24923086,0.153710113,-1.621434374,0.104924514,0.173284628
ENSMUSG00000000823.17_ Zfp512b, Zfp512b,12.575935,8.439665,8.092302,9.499918,11.201178,10.696613,10.824275,16.44524,19.720915,10.7364, Zfp512b,390.4273203,-0.017687502,0.120823016,-0.146391824,0.883612081,0.91658056
ENSMUSG00000000826.17_ Dnajc5, Dnajc5,19.637626,22.657796,23.342516,23.778259,20.849409,23.402571,24.77123,32.896837,39.553862,35.800456, Dnajc5,1168.001975,0.06364921,0.063427622,1.003493554,0.315622785,0.423676788
ENSMUSG00000000827.19_ Tpd52l2, Tpd52l2,35.444007,37.893893,30.652427,39.234944,39.206543,33.187886,42.581526,48.756945,51.275775,39.43861, Tpd52l2,512.1358788,0.02527016,0.081580042,0.309759089,0.756744165,0.820611947
ENSMUSG00000000838.18_ Fmr1, Fmr1,4.541592,6.224677,5.046507,3.820013,4.852329,6.125136,5.848185,11.67817,8.610226,8.691685, Fmr1,221.0393374,0.323447072,0.125999438,2.567051712,0.010256732,0.024813154
ENSMUSG00000000861.16_ Bcl11a, Bcl11a,1.137941,0.762204,1.068223,1.441725,1.290299,1.300572,0.972159,1.261977,0.641037,4.54662, Bcl11a,58.519303,0.220284627,0.476773413,0.462032112,0.644058293,0.730854326
ENSMUSG00000000876.12_ Pxmp4, Pxmp4,21.614375,24.472492,20.605753,22.399611,17.045547,19.697938,23.101339,17.53595,20.815651,20.685255, Pxmp4,414.4199054,-0.586191453,0.137686753,-4.257428125,2.07E-05,0.000126487
ENSMUSG00000000881.13_ Dlg3, Dlg3,1.611013,3.358487,2.027892,2.249094,1.341446,2.09121,2.488839,5.088703,4.208061,3.968836, Dlg3,104.8222839,0.445180273,0.204042922,2.181797183,0.029124505,0.059664302
ENSMUSG00000000884.18_ Gnb1l, Gnb1l,1.532747,1.045471,1.256188,1.052663,0.915837,1.552048,1.227311,1.684447,3.531431,0.927217, Gnb1l,27.62296526,-0.077530318,0.30868337,-0.251164544,0.801686896,0.854690988
ENSMUSG00000000889.9_ Dbh, Dbh,0.561517,1.203949,0.514635,0.60475,0.428117,0.53747,0.415868,0.537256,0.691455,0.806194, Dbh,16.71442396,-0.488084264,0.36943831,-1.321152276,0.186450596,0.277577921
ENSMUSG00000000901.18_ Mmp11, Mmp11,3.869879,4.023174,3.140733,6.283199,4.044713,3.789674,6.261749,15.41441,11.600813,5.94677, Mmp11,116.5893439,0.75879138,0.217155307,3.494233644,0.000475425,0.001821497
ENSMUSG00000000902.14_ Smarcb1, Smarcb1,9.371251,12.354218,10.119497,10.20582,7.95401,10.358563,12.776579,28.101862,24.46797,18.640124, Smarcb1,245.5571973,0.589107451,0.138850139,4.242757384,2.21E-05,0.000133844
ENSMUSG00000000915.16_ Hip1r, Hip1r,5.86988,5.684275,5.398817,6.071458,5.121593,5.184593,7.426731,9.206204,9.390408,13.09009, Hip1r,469.7137606,0.24374424,0.110822387,2.199413379,0.027848542,0.057534624
ENSMUSG00000000916.16_ Nsun5, Nsun5,6.711432,10.299616,8.135156,8.533428,6.119121,7.788969,10.4275,11.456831,11.791785,9.87511, Nsun5,165.9161329,-0.078210225,0.121906841,-0.641557312,0.521160658,0.624753507
ENSMUSG00000000934.10_ Top1mt, Top1mt,2.970416,3.810193,3.124521,2.470774,3.134472,4.229709,2.738184,5.116356,3.849661,3.584841, Top1mt,64.506984,-0.206822737,0.171679788,-1.204700557,0.228318921,0.32732986
ENSMUSG00000000948.17_ Gm38393, Gm38393,1.449605,1.885027,1.405394,1.254129,1.610552,1.881669,2.916031,0.754215,0.77294,0.934092, Gm38393,53.21755087,-1.159985155,0.211432978,-5.486301939,4.10E-08,5.63E-07
ENSMUSG00000000957.12_ Mmp14, Mmp14,6.972144,9.850109,6.623904,7.426409,5.734246,5.83614,28.41619,99.422127,64.092949,54.016071, Mmp14,646.6613188,2.615081022,0.214698094,12.18027128,3.96E-34,5.11E-31
ENSMUSG00000000958.11_ Slc7a7, Slc7a7,1.367735,9.017671,1.971598,2.278866,0.688775,1.047299,2.38617,5.583554,5.420753,5.103775, Slc7a7,63.33451567,0.619508315,0.573693719,1.079858982,NA,NA
ENSMUSG00000000959.8_ Oxa1l, Oxa1l,39.276536,46.738849,49.826674,55.465448,44.143261,47.584182,46.87972,45.052072,50.297464,49.130587, Oxa1l,1115.772664,-0.402194882,0.125773394,-3.197773942,0.001384928,0.004521859
ENSMUSG00000000976.14_ Heatr6, Heatr6,3.261995,3.618523,3.902071,4.317204,2.513512,3.465945,4.01153,6.921739,5.0553,3.914554, Heatr6,187.2051205,0.152077781,0.110449315,1.376901074,0.168542835,0.255517989
ENSMUSG00000001016.13_ Ilf2, Ilf2,12.942241,17.503783,15.623456,10.432272,12.502187,11.982004,15.450321,18.237225,14.929304,14.894863, Ilf2,292.5267816,-0.243726032,0.144719806,-1.68412354,0.092157796,0.155597069
ENSMUSG00000001017.17_ Chtop, Chtop,40.94704,43.955555,37.710769,38.63339,43.483346,41.553159,44.001242,52.903073,51.049464,49.404858, Chtop,1017.11325,-0.178365535,0.084020753,-2.122874756,0.033764348,0.067528697
ENSMUSG00000001018.16_ Snapin, Snapin,37.330328,39.57837,32.605163,34.582585,35.793442,33.140793,34.681142,41.737113,43.643881,33.00718, Snapin,611.2466052,-0.287443986,0.09314743,-3.085903558,0.002029346,0.00628688
ENSMUSG00000001020.9_ S100a4, S100a4,7.927259,12.00665,6.215259,5.806445,4.091871,4.425935,10.206167,28.692343,27.381892,38.752918, S100a4,37.16802219,1.509666849,0.378140026,3.992348725,6.54E-05,0.000335564
ENSMUSG00000001025.9_ S100a6, S100a6,37.088233,45.487052,31.830516,30.040071,34.885593,26.856002,54.407314,198.713814,122.521953,122.593817, S100a6,237.5517807,1.392557294,0.211443269,6.585961814,4.52E-11,1.22E-09
ENSMUSG00000001027.8_ Scn4a, Scn4a,12.089097,10.242556,10.631939,14.994343,9.912014,10.307348,4.591652,4.549952,4.575543,5.745545, Scn4a,504.1109836,-1.460547463,0.219743975,-6.646587067,3.00E-11,8.56E-10
ENSMUSG00000001029.16_ Icam2, Icam2,17.798294,18.035762,14.888279,19.45906,20.389679,17.449789,29.925529,29.060359,36.161375,26.600661, Icam2,230.5666439,0.477886154,0.138943847,3.439419338,0.000582963,0.002167838
ENSMUSG00000001034.18_ Mapk7, Mapk7,2.663225,3.979972,2.765634,2.780464,3.343795,3.726597,5.808275,14.121985,12.366439,5.78311, Mapk7,153.2667382,1.038707102,0.18054213,5.753267121,8.75E-09,1.41E-07
ENSMUSG00000001036.18_ Epn2, Epn2,8.305061,12.48518,9.60024,9.748439,9.343164,12.860271,11.995941,16.489541,15.027541,13.579768, Epn2,494.3291035,0.054809279,0.084965776,0.645074774,0.518878731,0.622828289
ENSMUSG00000001039.13_ B9d1, B9d1,3.333898,5.009379,4.612038,3.417464,2.033326,2.62444,4.267557,8.345741,5.55696,5.121103, B9d1,27.64720562,0.281247136,0.279310131,1.006934959,0.313966031,0.421935806
ENSMUSG00000001052.16_ Sec24b, Sec24b,14.369336,19.013357,16.310707,15.604171,17.503651,17.269845,17.388199,35.913339,27.632985,26.802802, Sec24b,624.8135848,0.1968084,0.094269463,2.087721662,0.03682295,0.072732514
ENSMUSG00000001053.16_ N4bp3, N4bp3,5.216401,6.047514,5.476864,6.155505,6.423552,5.690393,8.990985,14.538338,16.054132,8.89325, N4bp3,183.8928623,0.589750323,0.137425586,4.291415724,1.78E-05,0.000111766
ENSMUSG00000001054.10_ Rmnd5b, Rmnd5b,6.60309,8.199362,7.238459,8.921909,7.873673,9.752098,10.731978,17.660416,16.051144,14.656721, Rmnd5b,186.1720386,0.350555409,0.129199324,2.713291357,0.00666185,0.017249673
ENSMUSG00000001056.4_ Nhp2, Nhp2,15.096736,12.058187,11.035778,13.716692,11.178042,12.720493,14.863179,22.527841,19.82375,17.603999, Nhp2,131.7895513,0.085778309,0.137284757,0.624820346,0.532088975,0.633947733
ENSMUSG00000001062.19_ Vps9d1, Vps9d1,11.342805,14.849193,13.22437,16.071137,14.952425,13.899649,13.886934,18.328851,17.162632,13.704056, Vps9d1,413.7852648,-0.237342859,0.099070918,-2.39568648,0.016589273,0.037369053
ENSMUSG00000001065.16_ Zfp276, Zfp276,4.303986,6.006687,4.893079,5.946782,6.338381,6.66816,7.133455,13.923013,11.741855,8.626916, Zfp276,236.925396,0.350448327,0.116174421,3.016570475,0.002556518,0.007637582
ENSMUSG00000001082.13_ Mfsd10, Mfsd10,4.120338,9.307613,6.79889,4.548904,5.797221,7.714982,10.161952,26.227267,16.256088,17.162376, Mfsd10,116.8566835,1.052808586,0.21985017,4.788754941,1.68E-06,1.48E-05
ENSMUSG00000001089.15_ Luzp1, Luzp1,8.473137,8.891647,7.524554,9.711578,8.863437,8.070012,11.325868,19.40834,16.19885,9.453395, Luzp1,822.7903134,0.264989649,0.117213143,2.260750299,0.023774724,0.050526184
ENSMUSG00000001098.16_ Kctd10, Kctd10,15.721669,21.834857,19.065148,20.799363,18.770032,19.962124,26.669513,50.627238,42.64386,31.222176, Kctd10,733.7307029,0.467338449,0.094839885,4.927657266,8.32E-07,8.04E-06
ENSMUSG00000001100.11_ Poldip2, Poldip2,66.383366,70.816821,68.088972,73.35964,72.142665,69.00788,71.696042,65.141693,75.425029,67.778912, Poldip2,1395.447433,-0.454123528,0.122648503,-3.702642248,0.000213366,0.000925441
ENSMUSG00000001105.16_ Ift20, Ift20,23.956399,28.546069,21.905284,24.209112,22.933051,19.784264,28.154909,44.713792,33.881086,32.898396, Ift20,243.4771793,0.024709181,0.102871758,0.240194019,0.81017985,0.861281545
ENSMUSG00000001119.8_ Col6a1, Col6a1,23.37662,39.817996,19.989491,27.992257,19.724788,19.62385,74.314531,340.773668,208.596014,101.192888, Col6a1,3225.636277,2.322070292,0.290022154,8.006527306,1.18E-15,8.80E-14
ENSMUSG00000001120.16_ Pcbp3, Pcbp3,0.300519,1.523551,1.625658,1.303641,0.902848,1.26944,1.065573,2.15129,2.513831,2.4486, Pcbp3,24.37248192,0.654363807,0.35359926,1.850580249,0.064229963,0.115560185
ENSMUSG00000001123.16_ Lgals9, Lgals9,14.751848,19.948208,16.135897,20.141085,14.541652,13.774748,33.489333,49.269281,59.552234,30.114208, Lgals9,363.8267209,0.908058573,0.161337314,5.628323347,1.82E-08,2.71E-07
ENSMUSG00000001127.13_ Araf, Araf,50.269081,51.996441,43.720843,64.477131,44.108102,53.441707,53.31022,73.474978,74.816183,50.429161, Araf,971.8483092,-0.051134204,0.065607507,-0.779395622,0.435746702,0.544472342
ENSMUSG00000001128.8_ Cfp, Cfp,4.349504,6.6924,3.850122,3.633248,3.538452,4.203008,9.923609,16.137468,14.372608,23.53649, Cfp,127.6229212,1.461254532,0.259075034,5.640275368,1.70E-08,2.55E-07
ENSMUSG00000001131.12_ Timp1, Timp1,2.444312,7.008081,1.895055,1.580615,0.39293,0.285338,17.781982,97.955115,52.155044,23.229948, Timp1,112.0714471,3.862700928,0.795710042,4.854407665,1.21E-06,1.11E-05
ENSMUSG00000001134.10_ Uxt, Uxt,27.548815,29.031217,21.058779,24.217845,16.246867,22.3068,21.758411,15.496506,21.212082,19.425775, Uxt,118.476038,-0.51723908,0.179013765,-2.889381609,0.003860003,0.010867316
ENSMUSG00000001138.14_ Cnnm3, Cnnm3,5.570754,6.389569,9.710678,7.308171,6.559459,6.848842,6.117903,11.734858,8.366059,11.015493, Cnnm3,335.226432,-0.220457697,0.153928799,-1.432205655,0.152084974,0.235373873
ENSMUSG00000001143.14_ Lman2l, Lman2l,12.95929,15.517152,13.622351,15.545134,13.934441,14.328294,15.563373,15.476715,16.361283,16.997683, Lman2l,391.7749029,-0.272780908,0.109291654,-2.495898799,0.012563844,0.029457213
ENSMUSG00000001150.8_ Mcm3ap, Mcm3ap,6.22042,12.913352,6.159037,8.228773,6.135501,8.772995,7.750252,10.645497,9.220491,14.915563, Mcm3ap,486.2742398,-0.037678476,0.081365283,-0.463078048,0.643308424,0.730415997
ENSMUSG00000001151.11_ Pcnt, Pcnt,13.40092,20.665,19.542337,16.863459,18.873566,19.711226,15.502465,15.384295,19.601894,17.210359, Pcnt,1400.243206,-0.549324545,0.133562977,-4.112850405,3.91E-05,0.000217113
ENSMUSG00000001156.10_ Mxd1, Mxd1,1.327557,3.094519,2.716886,2.774427,2.023674,2.630097,2.595748,4.236343,3.037334,3.163174, Mxd1,135.0576126,-0.062204804,0.188245809,-0.330444562,0.741064075,0.807818707
ENSMUSG00000001157.14_ Gmcl1, Gmcl1,2.468968,3.169683,2.428623,2.598133,2.63999,3.05576,3.773861,8.138656,6.797332,5.034154, Gmcl1,109.2492039,0.525851983,0.152316228,3.452370054,0.000555685,0.002081399
ENSMUSG00000001158.14_ Snrnp27, Snrnp27,27.532993,18.704327,21.330797,20.369874,25.466739,20.04185,23.47635,24.279521,25.893291,23.813431, Snrnp27,168.5747536,-0.322223065,0.174671285,-1.844739761,0.065075404,0.116853106
ENSMUSG00000001166.18_ Oas1c, Oas1c,0.633246,0.551748,0.165873,0.255676,0.201285,0.282996,1.922835,1.464747,0.779741,2.060487, Oas1c,14.56572046,1.299365286,0.443276747,2.931273285,0.003375757,0.009717239
ENSMUSG00000001173.16_ Ocrl, Ocrl,5.529777,7.647559,7.544077,6.56029,4.78493,8.465064,6.586392,10.256322,9.114672,5.615627, Ocrl,308.6580865,-0.263071481,0.110878225,-2.372616269,0.017662603,0.039351914
ENSMUSG00000001175.17_ Calm1, Calm1,54.581069,76.376886,59.629585,55.192184,69.720171,51.892917,90.932259,133.504708,136.025294,118.48387, Calm1,2310.320122,0.213615998,0.06942687,3.076849048,0.002092012,0.00645621
ENSMUSG00000001211.16_ Agpat3, Agpat3,111.631395,112.826558,112.808343,124.382883,103.324952,126.436291,107.81444,109.141193,117.450001,106.186389, Agpat3,2872.351268,-0.657280938,0.123232658,-5.333658708,9.63E-08,1.21E-06
ENSMUSG00000001225.13_ Slc26a3, Slc26a3,0.059261,0.909853,0.693,0.12479,0.452569,0.062041,0.202113,0.038765,0.246333,0.608002, Slc26a3,9.322826326,-0.990482941,0.923955501,-1.072002862,0.283718747,0.389939467
ENSMUSG00000001227.13_ Sema6b, Sema6b,3.784271,7.259682,3.306302,3.50964,4.144514,3.457814,7.416636,12.030759,11.008442,9.667558, Sema6b,228.5610976,0.794494759,0.185695457,4.278482478,1.88E-05,0.000116984
ENSMUSG00000001228.15_ Uhrf1, Uhrf1,0.616972,0.93716,0.497097,0.944765,0.702995,0.839927,1.917931,3.035988,3.707449,2.223866, Uhrf1,49.92654525,1.353449422,0.207113717,6.534813046,6.37E-11,1.66E-09
ENSMUSG00000001229.10_ Dpp9, Dpp9,21.152719,20.948705,20.39097,22.374327,19.329809,21.673865,25.445502,32.500027,32.124815,24.432517, Dpp9,867.500136,-0.000321328,0.072513023,-0.004431316,0.996464333,0.997314756
ENSMUSG00000001240.14_ Ramp2, Ramp2,36.413042,77.578535,44.310072,48.140087,32.849842,37.650465,53.560524,76.721927,74.156353,55.709249, Ramp2,440.8279288,0.173745273,0.183564535,0.946507845,0.343889623,0.453087135
ENSMUSG00000001247.17_ Lsr, Lsr,0.537598,2.754064,1.069209,0.770258,0.586854,0.728561,1.400355,2.264579,1.828141,4.330736, Lsr,29.84451001,0.817439365,0.546004842,1.497128418,0.134359847,0.21303368
ENSMUSG00000001248.16_ Gramd1a, Gramd1a,15.200691,22.003523,21.265619,22.270396,20.886851,21.445454,24.087467,40.658058,36.828107,30.155182, Gramd1a,696.0125088,0.301975052,0.107476936,2.809673054,0.004959185,0.013462434
ENSMUSG00000001249.15_ Hpn, Hpn,2.136971,1.505821,2.049533,1.848421,2.855243,2.025223,3.82338,2.396119,3.992204,1.759249, Hpn,34.51532485,0.023548115,0.293233012,0.080305128,0.93599458,0.954212157
ENSMUSG00000001270.10_ Ckb, Ckb,33.341654,38.14785,32.34172,41.018349,30.195932,37.889422,50.921206,110.150036,89.767881,50.536862, Ckb,674.9921337,0.599031745,0.149543072,4.005747231,6.18E-05,0.000321443
ENSMUSG00000001280.14_ Sp1, Sp1,6.246073,7.644819,9.578838,6.790743,7.000623,7.690315,7.455442,14.299137,11.825622,8.314733, Sp1,703.0449271,0.04394616,0.105591923,0.416188647,0.677271967,0.757942949
ENSMUSG00000001281.11_ Itgb7, Itgb7,0.141683,0.42714,0.790645,0.357681,0.438737,0.237279,0.965786,6.678442,1.756209,14.199418, Itgb7,40.46361639,3.165429405,0.568770939,5.565385264,2.62E-08,3.74E-07
ENSMUSG00000001285.13_ Myg1, Myg1,11.725092,19.661021,13.612014,17.31587,13.822518,13.388884,14.299131,23.528564,19.429936,20.101533, Myg1,153.3360056,-0.18295375,0.134274121,-1.362539174,0.17302779,0.261212228
ENSMUSG00000001288.16_ Rarg, Rarg,6.683738,9.31901,8.472523,10.356248,7.110102,7.511419,12.290541,22.599148,19.6521,12.653148, Rarg,303.2806179,0.491313088,0.133596594,3.677586936,0.000235451,0.001007068
ENSMUSG00000001289.13_ Pfdn5, Pfdn5,70.460175,64.717799,91.506274,64.660827,79.701643,83.036493,70.497129,136.755863,107.398433,134.268576, Pfdn5,630.472876,-0.041272407,0.092609477,-0.445660725,0.655842339,0.740060022
ENSMUSG00000001300.17_ Efnb2, Efnb2,6.449133,7.125176,7.051794,7.865003,7.811004,7.996817,7.259125,11.521132,12.987985,7.365331, Efnb2,406.7135174,-0.226384355,0.08961536,-2.52617803,0.011531103,0.027404427
ENSMUSG00000001305.6_ Rrp15, Rrp15,3.281608,2.763824,3.250195,4.819995,4.040159,4.462965,4.098716,8.452776,5.646035,4.839396, Rrp15,58.03552928,0.10608114,0.203931326,0.5201807,0.602937636,0.696382442
ENSMUSG00000001313.13_ Rnd2, Rnd2,2.107136,3.218204,1.4075,2.329164,2.571641,4.0271,4.614962,4.867683,8.458327,4.799197, Rnd2,48.51631483,0.68819706,0.274571096,2.506443942,0.012195239,0.02873359
ENSMUSG00000001323.18_ Srr, Srr,8.129607,12.148639,17.186589,9.45808,7.571643,10.275662,14.171315,14.31868,13.109499,8.791654, Srr,362.8871571,-0.066215225,0.098112864,-0.674888313,0.499746726,0.605497583
ENSMUSG00000001333.10_ Sync, Sync,7.958617,8.384462,7.264148,9.387671,8.02053,6.963949,8.841305,11.518534,14.209203,9.136582, Sync,186.7306031,-0.014162833,0.136862778,-0.103481994,0.91758044,0.941444975
ENSMUSG00000001334.11_ Fndc5, Fndc5,150.735918,154.155179,138.629145,176.225758,156.637977,151.060792,136.666904,93.837927,121.840085,135.067, Fndc5,4245.60014,-0.751999759,0.174301189,-4.314369637,1.60E-05,0.000102165
ENSMUSG00000001348.16_ Acp5, Acp5,0.391651,0.473561,0.38316,0.470365,0.150045,0.074807,4.093478,7.557398,5.008288,24.859279, Acp5,48.31143786,4.627136796,0.610930405,7.573918005,NA,NA
ENSMUSG00000001349.6_ Cnn1, Cnn1,1.088923,8.476073,4.882378,1.092195,3.617114,1.200177,3.657035,8.705513,5.109737,4.222498, Cnn1,59.1162892,0.202401332,0.563330362,0.359294201,0.719375012,0.790387331
ENSMUSG00000001366.15_ Fbxo9, Fbxo9,23.929595,26.953949,23.183146,27.571179,18.584015,29.282709,24.688855,31.514653,27.738722,24.769509, Fbxo9,446.8572011,-0.230384877,0.094727508,-2.432080005,0.015012391,0.034330764
ENSMUSG00000001376.18_ Vps50, Vps50,7.880919,7.565904,7.235174,6.67537,6.236015,7.389693,6.779735,8.007583,8.036092,8.023042, Vps50,263.4377562,-0.208218349,0.118305466,-1.760006163,0.078406762,0.135764728
ENSMUSG00000001380.8_ Hars1, Hars1,14.911126,18.508142,18.402417,18.043162,15.9811,14.954677,16.867518,25.276835,21.476234,19.384271, Hars1,362.0432238,-0.160140818,0.093833201,-1.706654104,0.087886363,0.149628359
ENSMUSG00000001383.10_ Zmat2, Zmat2,12.63858,13.62423,11.738638,10.51303,9.971067,13.215756,13.308546,17.164309,17.210183,14.583523, Zmat2,302.0532189,-0.049099539,0.090542399,-0.542282286,0.587624057,0.683419054
ENSMUSG00000001403.14_ Ube2c, Ube2c,0.239869,3.029087,1.065621,1.325325,2.112193,1.273387,6.43845,8.473983,8.736479,5.818747, Ube2c,28.35821837,1.851087377,0.387916983,4.771864755,1.83E-06,1.59E-05
ENSMUSG00000001415.11_ Smg5, Smg5,18.885194,23.806089,20.51379,25.648745,21.075078,22.774718,26.189007,35.664386,39.379425,33.548854, Smg5,955.8632232,-0.010103493,0.099991595,-0.101043418,0.919515994,0.942830962
ENSMUSG00000001416.14_ Cct3, Cct3,60.591371,57.855643,55.493434,64.36291,47.753948,50.811115,67.14449,86.339813,80.781328,57.855541, Cct3,1115.588014,-0.125208155,0.078954196,-1.585832817,0.112777239,0.183829465
ENSMUSG00000001418.14_ Glmp, Glmp,46.111613,47.127022,34.489468,45.707439,36.235503,35.535573,52.105172,93.746009,67.885046,78.034834, Glmp,464.9880571,0.501352174,0.127459793,3.933414317,8.37E-05,0.000415677
ENSMUSG00000001419.18_ Mef2d, Mef2d,65.869982,71.119059,72.746735,87.471567,67.319604,83.44859,69.530033,80.431909,75.245338,72.943683, Mef2d,2903.233672,-0.443336963,0.091656686,-4.836929873,1.32E-06,1.20E-05
ENSMUSG00000001420.14_ Tmem79, Tmem79,0.319735,0.763543,0.745804,0.986266,0.610812,1.035615,1.169029,0.860564,1.00768,1.142942, Tmem79,15.88363412,0.069202749,0.326357096,0.212046099,0.83207107,0.877798234
ENSMUSG00000001424.15_ Snd1, Snd1,26.474545,30.543119,27.70179,28.107866,29.826916,26.468185,28.701587,45.712634,35.137865,38.008803, Snd1,1093.428071,-0.004997966,0.069986532,-0.071413249,0.943068865,0.959279953
ENSMUSG00000001435.16_ Col18a1, Col18a1,2.798154,10.282263,4.056312,2.910925,2.929636,3.080066,7.40591,26.975023,14.367838,15.480524, Col18a1,430.6754361,1.461553269,0.437513872,3.340587269,0.000836014,0.002931389
ENSMUSG00000001436.16_ Slc19a1, Slc19a1,2.247894,3.912969,2.842359,1.823256,2.295866,3.264708,2.962419,4.00584,2.864807,2.919014, Slc19a1,58.32801647,-0.242561596,0.19017129,-1.275490097,0.202135827,0.296373197
ENSMUSG00000001440.6_ Kpnb1, Kpnb1,29.084772,31.249855,29.990041,31.931604,28.464522,32.091798,35.654211,51.001815,50.007187,34.850656, Kpnb1,2155.174906,0.035347552,0.060941582,0.580023534,0.561898747,0.660466012
ENSMUSG00000001441.14_ Npepps, Npepps,34.997892,36.577136,32.355712,31.737196,32.770023,36.415993,35.762671,34.996092,40.772682,35.465464, Npepps,1437.319899,-0.384298952,0.096629149,-3.977049961,6.98E-05,0.000354791
ENSMUSG00000001445.11_ Mrpl10, Mrpl10,34.143574,32.162642,33.633033,32.998785,33.58505,33.999555,33.792579,32.622137,37.950253,33.315417, Mrpl10,572.9188981,-0.395780691,0.115323956,-3.43190352,0.000599361,0.002219855
ENSMUSG00000001467.6_ Cyp51, Cyp51,2.927351,3.433406,3.808949,3.05291,2.762871,3.319587,3.120436,5.260144,3.939307,4.29424, Cyp51,146.7095925,-0.043380135,0.128341081,-0.338006624,0.735358196,0.803772304
ENSMUSG00000001472.18_ Tcf25, Tcf25,59.551093,71.211233,61.44477,71.103637,62.588242,69.176758,72.68853,126.877924,99.626455,84.389979, Tcf25,2456.911534,0.083347306,0.078176816,1.066138411,0.286361078,0.392943081
ENSMUSG00000001473.8_ Tubb6, Tubb6,14.850196,15.018259,13.309406,16.331391,15.403523,16.214574,24.590206,31.900074,39.747848,25.235672, Tubb6,349.8193337,0.539618764,0.120118861,4.492373302,7.04E-06,5.08E-05
ENSMUSG00000001482.16_ Def8, Def8,26.342839,25.102905,21.832402,26.435891,25.391547,22.366401,24.29809,36.654306,32.465519,28.244019, Def8,847.8184924,-0.187943087,0.086434244,-2.174405392,0.029674703,0.06062776
ENSMUSG00000001493.10_ Meox1, Meox1,5.009344,6.219051,3.680044,4.792153,4.029826,3.796512,12.452455,64.629668,50.643432,7.061536, Meox1,302.8120541,2.310592846,0.504784006,4.577389177,4.71E-06,3.60E-05
ENSMUSG00000001504.11_ Irx2, Irx2,3.732481,2.923093,1.389499,1.436125,1.590497,2.500344,1.465749,2.183621,0.776057,2.083642, Irx2,52.28068976,-0.797167385,0.336925176,-2.366007181,0.017981096,0.039896136
ENSMUSG00000001506.11_ Col1a1, Col1a1,30.071655,81.496803,24.411482,31.233251,23.287268,25.414008,500.025399,1562.859417,947.391203,529.358401, Col1a1,19659.31198,4.132223715,0.457918051,9.023937148,1.81E-19,2.96E-17
ENSMUSG00000001507.17_ Itga3, Itga3,4.059189,4.772895,3.724091,3.874602,3.790962,3.308277,3.77417,9.529769,5.246819,6.246401, Itga3,234.6030484,0.181945347,0.15891357,1.144932729,0.252237025,0.355147088
ENSMUSG00000001508.16_ Sgca, Sgca,99.384949,107.794598,115.904721,118.412052,94.181977,106.070876,88.979171,105.443759,142.339963,126.89284, Sgca,1302.16733,-0.615582406,0.132698272,-4.638963225,3.50E-06,2.80E-05
ENSMUSG00000001517.15_ Foxm1, Foxm1,0.463842,0.978558,0.533299,0.845839,0.391125,0.62134,1.564566,3.72713,3.948681,1.624594, Foxm1,54.3793724,1.835793045,0.274085643,6.697881081,2.11E-11,6.21E-10
ENSMUSG00000001518.13_ Itfg2, Itfg2,6.811485,10.657057,8.568469,8.767592,7.361474,8.164735,10.911598,8.546655,10.358664,11.325501, Itfg2,209.8018123,-0.290661572,0.137697707,-2.110867195,0.034783729,0.069245385
ENSMUSG00000001520.13_ Nrip2, Nrip2,1.650668,2.342787,1.972518,2.132118,2.043184,1.76899,3.180485,4.506524,4.230301,2.939052, Nrip2,58.04460006,0.198407291,0.191551513,1.035790778,0.300299761,0.407303849
ENSMUSG00000001521.13_ Tulp3, Tulp3,3.114589,5.284966,3.60404,4.286029,2.973427,3.868003,4.390343,9.896222,8.204828,3.965062, Tulp3,157.2286085,0.346043901,0.194336054,1.780646943,0.074970146,0.130946543
ENSMUSG00000001524.15_ Gtf2h4, Gtf2h4,6.930924,10.545637,8.680328,7.587715,6.531378,9.881942,10.676542,8.026489,8.55209,10.131062, Gtf2h4,119.5551627,-0.165691004,0.157731994,-1.050459069,0.2935071,0.400348705
ENSMUSG00000001525.11_ Tubb5, Tubb5,28.231164,43.601515,33.531149,33.060218,30.858193,33.450426,59.270293,99.305328,107.68959,79.833186, Tubb5,1379.688957,0.890440138,0.112396469,7.922314136,2.33E-15,1.62E-13
ENSMUSG00000001542.8_ Ell2, Ell2,4.523299,4.99506,4.005746,4.049785,12.179281,6.891064,4.688798,6.700185,5.670193,5.477434, Ell2,231.4856596,-0.134014205,0.145554101,-0.920717481,0.357197947,0.466054748
ENSMUSG00000001552.15_ Jup, Jup,110.000811,112.414016,116.014994,132.759531,102.308965,116.756897,112.393148,177.15242,152.993926,102.513931, Jup,4084.032559,-0.225030294,0.098753336,-2.278710813,0.022684262,0.048587256
ENSMUSG00000001555.11_ Fkbp10, Fkbp10,14.164203,20.098891,12.827001,15.202771,11.871274,13.146009,22.926124,55.737807,34.440743,25.560314, Fkbp10,535.3903628,0.77242679,0.15006954,5.147125731,2.65E-07,2.93E-06
ENSMUSG00000001569.11_ Nom1, Nom1,9.397387,8.344468,5.686651,6.577018,8.051214,7.438171,11.447836,9.96531,9.890673,6.596475, Nom1,261.1134072,-0.171535401,0.115427053,-1.486093567,0.137254374,0.21661138
ENSMUSG00000001576.16_ Ergic1, Ergic1,19.464724,20.946968,17.880604,17.3339,18.695156,19.388668,26.025591,38.37011,33.61789,31.074341, Ergic1,523.7975079,0.362437148,0.084548261,4.286748719,1.81E-05,0.000113592
ENSMUSG00000001588.13_ Acap1, Acap1,0.41842,0.189778,0.634458,0.369373,0.20083,0.548673,0.540065,1.294579,1.305625,11.114431, Acap1,34.27546144,2.869659177,0.735779373,3.900162576,NA,NA
ENSMUSG00000001604.15_ Tcea3, Tcea3,73.585971,74.919729,84.242149,84.118863,87.165736,84.622313,73.376219,49.103849,58.521716,69.001514, Tcea3,862.0309632,-0.790483321,0.184310136,-4.288876015,1.80E-05,0.000112839
ENSMUSG00000001627.13_ Ifrd1, Ifrd1,36.739166,54.992956,50.92159,39.645075,48.836997,53.683115,47.552079,45.889252,43.241719,41.273664, Ifrd1,439.827421,-0.310313064,0.161965158,-1.91592481,0.055374667,0.10264883
ENSMUSG00000001630.14_ Stk38l, Stk38l,4.430895,4.9114,5.06882,4.263432,3.985133,4.40614,4.836397,8.001013,5.675787,3.901269, Stk38l,225.855925,-0.173399575,0.122188393,-1.419116585,0.155865029,0.240164701
ENSMUSG00000001632.17_ Brpf1, Brpf1,8.044712,8.406415,6.221793,8.006821,7.084258,7.226011,10.35487,11.934189,11.253462,8.820866, Brpf1,389.1358299,-0.051874715,0.094267133,-0.55029482,0.582117177,0.67834793
ENSMUSG00000001642.19_ Akr1b1, Akr1b1,150.484172,146.850363,156.342187,160.533229,147.30008,147.554216,147.267603,130.698477,133.676829,154.888734, Akr1b1,1990.882637,-0.517890129,0.1370298,-3.779397839,0.000157208,0.000712573
ENSMUSG00000001663.11_ Gstt1, Gstt1,13.834963,21.700914,16.236089,11.447054,11.683687,11.821539,14.312793,19.770376,23.364915,19.360799, Gstt1,137.8411054,-0.001372745,0.222273362,-0.006175933,0.99507235,0.996389407
ENSMUSG00000001665.12_ Gstt3, Gstt3,2.841289,3.998496,3.047879,3.147799,3.962131,3.566068,3.128636,8.743152,6.037105,5.504928, Gstt3,70.7838333,0.251603142,0.205155733,1.226400739,0.220047908,0.317495194
ENSMUSG00000001666.9_ Ddt, Ddt,70.381116,58.119158,66.192246,74.510907,62.818066,75.09394,59.743237,50.033004,55.850757,69.177102, Ddt,301.0414399,-0.630657221,0.17697193,-3.563600301,0.000365803,0.001462758
ENSMUSG00000001674.12_ Ddx18, Ddx18,8.453157,9.577251,8.851674,7.795855,8.061509,9.821607,8.148659,17.26478,12.109699,11.342363, Ddx18,214.9350664,-0.221208002,0.100507149,-2.20091809,0.027741823,0.057369544
ENSMUSG00000001687.16_ Ubl3, Ubl3,35.975473,51.995181,36.886856,54.240826,42.045911,45.851122,42.82108,49.244315,51.335216,44.339571, Ubl3,946.5604334,-0.176687749,0.077006366,-2.294456393,0.021764297,0.046902678
ENSMUSG00000001700.11_ Gramd2b, Gramd2b,8.26996,7.391883,8.394685,8.248166,7.205094,9.771345,7.820762,10.486543,10.209874,10.10267, Gramd2b,237.6411623,-0.218711717,0.125858302,-1.73776154,0.08225284,0.141380631
ENSMUSG00000001707.9_ Eef1e1, Eef1e1,5.643946,6.959065,3.502956,5.036564,3.280798,6.432998,3.29369,4.260994,5.677416,4.261195, Eef1e1,81.86321616,-0.582097725,0.1956971,-2.974483146,0.002934826,0.008604376
ENSMUSG00000001729.15_ Akt1, Akt1,77.378698,73.494156,61.400228,87.802118,65.931864,77.502244,81.209846,111.625192,110.009404,107.582189, Akt1,2267.759532,0.02421991,0.115872899,0.209021349,0.834431573,0.87945303
ENSMUSG00000001739.15_ Cldn15, Cldn15,2.76623,6.44547,5.609727,3.203871,3.598707,3.099084,3.793627,9.76012,9.142297,10.449712, Cldn15,100.0578762,0.579273933,0.300934839,1.924914827,0.054240015,0.100820777
ENSMUSG00000001741.13_ Il16, Il16,2.629502,4.014207,3.404021,3.531793,2.971668,2.339167,4.272919,8.0316,7.342497,10.774774, Il16,170.0746502,0.800072163,0.213435635,3.748540684,0.000177866,0.000793937
ENSMUSG00000001750.17_ Tcirg1, Tcirg1,7.071883,12.774662,9.621618,12.611633,9.846675,9.724774,16.76242,45.602942,39.364397,31.367963, Tcirg1,353.7424635,1.353162959,0.164593383,8.221247607,2.01E-16,1.67E-14
ENSMUSG00000001751.10_ Naglu, Naglu,5.242661,5.62394,4.872077,6.139627,4.44405,5.427452,9.810726,17.444856,13.960739,12.892598, Naglu,209.951849,0.884490316,0.118534098,7.461906174,8.53E-14,4.10E-12
ENSMUSG00000001755.13_ Coasy, Coasy,9.638563,11.136114,7.74024,9.495828,7.330602,7.971376,8.795931,10.467849,9.891027,12.26474, Coasy,199.1789022,-0.204178349,0.154876228,-1.318332397,0.1873924,0.278626321
ENSMUSG00000001761.8_ Smo, Smo,4.565961,7.985839,4.862648,6.015103,4.522617,5.014782,7.206398,20.729993,13.533554,9.761695, Smo,309.055069,0.733625378,0.199882092,3.670290678,0.000242275,0.001028751
ENSMUSG00000001763.15_ Tspan33, Tspan33,0.895633,1.704288,1.021388,1.244315,0.920558,1.041448,0.8999,1.005227,1.481076,1.272558, Tspan33,23.33758511,-0.375700391,0.284657415,-1.319833495,0.186890616,0.278104619
ENSMUSG00000001767.6_ Crnkl1, Crnkl1,5.424579,5.530186,6.1068,5.28876,7.022201,6.691083,6.900331,9.270367,6.988314,6.364539, Crnkl1,236.9336009,-0.154043265,0.131389303,-1.172418622,0.241029027,0.341866349
ENSMUSG00000001768.17_ Rin2, Rin2,7.479973,11.556568,9.033951,7.651137,5.217723,7.138235,9.54963,19.771824,15.191578,10.840253, Rin2,484.6207618,0.348410003,0.188915031,1.844268298,0.065144049,0.116960088
ENSMUSG00000001774.9_ Chordc1, Chordc1,17.067596,13.561067,13.954451,11.633622,16.892717,16.843654,18.417463,15.629541,21.715943,15.641765, Chordc1,377.1750372,-0.366997961,0.120307334,-3.050503648,0.002284579,0.006960574
ENSMUSG00000001783.4_ Rtcb, Rtcb,31.273233,39.4791,33.715716,37.065011,34.314252,37.664309,34.300302,47.464259,48.761666,44.602863, Rtcb,771.8677382,-0.154458995,0.078164475,-1.976076678,0.048146093,0.091327859
ENSMUSG00000001785.14_ Pwp1, Pwp1,7.756472,8.205759,8.644441,8.431287,8.097323,7.850334,8.77042,10.474861,9.463564,8.665454, Pwp1,221.6262568,-0.274219594,0.104454496,-2.625254111,0.008658432,0.021528187
ENSMUSG00000001786.15_ Fbxo7, Fbxo7,5.45423,8.345741,6.166894,7.182549,6.543419,5.968344,7.003905,12.501985,9.278682,7.140759, Fbxo7,151.1103027,-0.135534713,0.130391212,-1.039446682,0.298597043,0.40537801
ENSMUSG00000001794.14_ Capns1, Capns1,201.634378,233.016153,197.807644,224.836166,205.510554,204.276027,259.674884,368.273684,324.205078,282.532078, Capns1,3252.795181,0.09615041,0.047951208,2.005171793,0.044944684,0.086098371
ENSMUSG00000001802.17_ Lrp3, Lrp3,3.174537,4.659458,4.923934,4.630405,3.072369,4.228826,4.883707,9.791208,7.659075,7.824814, Lrp3,202.4689054,0.275206949,0.134323626,2.048835023,0.04047825,0.078877556
ENSMUSG00000001829.18_ Clpb, Clpb,53.30456,42.886409,45.675617,56.918046,45.093446,50.541956,45.013519,52.814034,54.164715,42.986737, Clpb,1109.405497,-0.414167536,0.127650936,-3.244531916,0.001176438,0.00392755
ENSMUSG00000001833.18_ Septin7, Septin7,41.806212,43.652844,38.109529,35.661847,42.973849,38.976541,52.002743,67.746304,62.456413,43.10189, Septin7,1212.86261,0.027492006,0.100447814,0.27369442,0.784319466,0.842722065
ENSMUSG00000001844.11_ Zdhhc4, Zdhhc4,9.97256,16.145269,11.758997,13.230296,13.268912,19.490834,18.684438,30.197687,19.540852,23.931253, Zdhhc4,174.7413236,0.224176887,0.137224375,1.633652082,0.102331925,0.169785445
ENSMUSG00000001847.15_ Rac1, Rac1,120.864029,128.651896,124.766427,125.725632,117.655012,144.436636,140.633702,220.372975,204.928062,138.051095, Rac1,2324.430014,0.018880861,0.068481124,0.275708986,0.782771594,0.841409346
ENSMUSG00000001855.16_ Nup214, Nup214,5.811772,6.09649,8.630673,6.116282,6.789036,6.124256,7.553093,10.775378,14.076646,9.177799, Nup214,457.5283834,0.134094983,0.075196389,1.783263607,0.074543403,0.130334765
ENSMUSG00000001864.14_ Aif1l, Aif1l,0.481005,2.300624,0.265562,0.455515,2.307171,0.747606,1.116893,1.199278,1.052224,1.047623, Aif1l,22.87634368,-0.060651213,0.3855047,-0.157329374,0.874985271,0.910015725
ENSMUSG00000001870.17_ Ltbp1, Ltbp1,12.631747,13.578538,12.225064,10.754584,10.690505,13.471498,14.867739,27.029941,21.173155,16.36097, Ltbp1,869.3476405,0.183481305,0.081368429,2.254944665,0.024136802,0.051154142
ENSMUSG00000001891.17_ Ugp2, Ugp2,146.709013,106.88066,108.599386,119.006645,131.428247,131.337062,126.188479,128.9207,129.291725,113.702683, Ugp2,2867.488586,-0.430483736,0.139329326,-3.08968505,0.002003688,0.006213305
ENSMUSG00000001909.17_ Trmt1, Trmt1,14.567686,21.758221,14.273815,19.415124,19.941521,19.910695,18.562952,25.743157,27.424245,25.317807, Trmt1,374.2484145,-0.079310382,0.104110283,-0.761792017,0.446184146,0.55477354
ENSMUSG00000001910.6_ Nacc1, Nacc1,14.67662,15.531778,12.376677,16.46078,12.498546,13.685688,16.834705,25.76652,24.201808,21.099172, Nacc1,673.9576672,0.208172044,0.098513889,2.113123808,0.034590172,0.068925907
ENSMUSG00000001911.17_ Nfix, Nfix,59.526894,64.857143,48.819013,61.605636,56.004486,57.33788,67.148738,107.976854,93.995542,65.827985, Nfix,2631.87808,0.074899626,0.082016112,0.913230637,0.361121254,0.470172
ENSMUSG00000001918.18_ Slc1a5, Slc1a5,8.981553,20.160048,12.109674,13.228981,8.348644,17.506287,27.927415,64.740049,54.508216,64.365705, Slc1a5,621.6224033,1.543252311,0.24577213,6.279199814,3.40E-10,7.74E-09
ENSMUSG00000001924.16_ Uba1, Uba1,63.283274,69.83942,65.807411,71.115248,65.333335,68.647335,72.831539,102.308979,97.503755,78.533243, Uba1,3203.670485,-0.092614546,0.05177813,-1.788680801,0.073666237,0.129151189
ENSMUSG00000001930.18_ Vwf, Vwf,25.240622,49.632172,22.43623,25.434998,17.88362,16.296844,42.961341,39.235987,37.257744,34.136968, Vwf,1536.490349,0.284100595,0.173981533,1.632935346,0.102482595,0.170013565
ENSMUSG00000001942.9_ Siae, Siae,4.130968,6.654656,5.076175,5.093148,4.997916,5.693041,6.422066,8.560127,9.487951,7.027546, Siae,283.9315415,0.124246743,0.101815255,1.220315589,0.222345262,0.320296358
ENSMUSG00000001943.9_ Vsig2, Vsig2,5.515342,7.708111,6.965306,4.75628,7.16795,7.087721,8.301954,8.079797,10.232367,9.495838, Vsig2,55.15025297,0.048495377,0.207169318,0.234085711,0.814918439,0.86511463
ENSMUSG00000001946.15_ Esam, Esam,35.542771,45.585368,39.479262,42.735277,39.569967,45.659529,52.051932,77.127732,70.527459,56.75271, Esam,819.6985199,0.229343784,0.061499168,3.72921766,0.000192075,0.000846522
ENSMUSG00000001948.11_ Spa17, Spa17,3.849002,6.640382,4.199456,2.502232,2.803773,3.555634,5.472155,4.85275,6.163263,5.757954, Spa17,23.01278172,0.088679446,0.30791967,0.287995392,0.773350266,0.834002443
ENSMUSG00000001962.9_ Fam50a, Fam50a,14.05691,16.444276,16.43098,15.82992,13.041799,12.872111,15.006323,24.776138,25.512203,17.651916, Fam50a,215.3324796,0.038799485,0.124058639,0.312751175,0.754469712,0.818833863
ENSMUSG00000001964.15_ Emd, Emd,14.918247,20.713147,16.617294,16.646736,18.436094,23.610151,21.366612,24.218918,23.888451,17.202952, Emd,289.6306203,-0.193925173,0.114665827,-1.691220285,0.090794738,0.153747981
ENSMUSG00000001983.8_ Taco1, Taco1,33.812922,33.070341,30.36893,39.187594,35.43164,30.957966,37.038496,24.607412,35.884524,36.423515, Taco1,446.8179419,-0.426082164,0.187614997,-2.27104533,0.023144234,0.049406027
ENSMUSG00000001986.17_ Gria3, Gria3,0.708566,1.246893,0.498779,0.42233,0.381093,0.432869,1.070836,3.973892,3.728812,2.002029, Gria3,66.49041433,1.536126967,0.346376725,4.434844658,9.21E-06,6.36E-05
ENSMUSG00000001995.10_ Sipa1l2, Sipa1l2,11.461197,11.488665,9.169075,12.24235,11.601166,12.063401,15.472752,22.423067,16.289392,18.114384, Sipa1l2,995.4469814,0.218250606,0.105102543,2.076549245,0.037843182,0.07440589
ENSMUSG00000001998.16_ Ap4e1, Ap4e1,2.585837,3.849714,2.649289,2.674314,3.465561,2.91818,3.258928,4.917126,5.018463,5.056101, Ap4e1,162.1451539,0.076355174,0.122030257,0.625706903,0.531507205,0.633506693
ENSMUSG00000001999.16_ Blvra, Blvra,9.995863,14.860439,8.614561,11.607204,9.049662,9.623949,16.04223,17.014647,14.870602,13.531995, Blvra,125.3097425,0.103598707,0.146995026,0.704776954,0.480949052,0.587689948
ENSMUSG00000002006.13_ Pdzd4, Pdzd4,0.556162,1.000598,0.750249,0.729313,0.573225,0.487283,1.143214,1.688835,1.757499,1.020749, Pdzd4,38.551705,0.569938914,0.235275517,2.422431881,0.015417016,0.035106709
ENSMUSG00000002007.6_ Srpk3, Srpk3,17.029208,16.2422,17.719878,15.623195,17.749188,16.549749,14.315901,14.350351,16.743229,21.438803, Srpk3,317.8950238,-0.523430945,0.148037594,-3.535797438,0.000406546,0.001597942
ENSMUSG00000002010.18_ Idh3g, Idh3g,376.304332,407.635119,410.418451,436.067156,376.848575,428.713961,364.575503,328.519135,360.18649,374.157589, Idh3g,4862.28593,-0.620055812,0.121898312,-5.086664459,3.64E-07,3.89E-06
ENSMUSG00000002012.14_ Pnck, Pnck,3.757533,4.269279,4.231175,4.248264,4.68985,3.740124,6.237922,4.855197,6.005392,6.136384, Pnck,66.54348453,0.054358276,0.223179648,0.243562874,0.807569385,0.859187222
ENSMUSG00000002014.13_ Ssr4, Ssr4,50.575801,64.680503,45.486518,50.20741,50.430052,47.92548,59.587455,80.347555,73.382415,104.335492, Ssr4,394.3450588,0.161087809,0.160089817,1.006233951,0.314303044,0.422212774
ENSMUSG00000002015.6_ Bcap31, Bcap31,36.236627,39.40225,33.339082,33.8798,29.981104,32.729157,44.570771,64.085333,58.333622,52.220213, Bcap31,458.4730813,0.22202097,0.081912067,2.710479401,0.006718602,0.017375695
ENSMUSG00000002017.11_ Fam98a, Fam98a,18.247953,17.684074,15.528532,15.274523,15.063912,14.362638,16.284369,19.57189,22.516711,15.785277, Fam98a,471.3443544,-0.249381818,0.105338099,-2.367441795,0.017911537,0.039769162
ENSMUSG00000002020.16_ Ltbp2, Ltbp2,1.619477,5.405394,1.219024,1.518815,0.854694,0.857604,12.388907,178.860101,53.984331,10.450466, Ltbp2,1469.337133,4.528855863,0.804534361,5.629164001,1.81E-08,2.70E-07
ENSMUSG00000002028.14_ Kmt2a, Kmt2a,6.804587,8.212023,7.264815,6.700896,7.025172,7.359505,8.554352,12.460112,13.561214,10.520645, Kmt2a,1544.956048,0.12554739,0.06445583,1.94780502,0.051438298,0.096559087
ENSMUSG00000002031.14_ Ift46, Ift46,11.713094,15.231925,17.323915,12.220035,12.442391,15.337488,13.980585,27.505436,21.453246,17.218565, Ift46,178.8031922,0.052608988,0.130851286,0.402051747,0.687645944,0.765968141
ENSMUSG00000002032.18_ Tmem25, Tmem25,5.176945,4.919007,5.745887,6.033165,7.060806,6.627936,6.345243,6.25539,6.758251,7.540667, Tmem25,146.6561576,-0.509054328,0.203710204,-2.498914225,0.012457446,0.029234319
ENSMUSG00000002043.18_ Trappc6a, Trappc6a,14.715672,11.466284,13.652993,12.053269,11.402754,10.349134,13.412139,19.933163,16.542933,18.899526, Trappc6a,85.18166979,0.029981451,0.167378855,0.17912329,0.857840895,0.897352217
ENSMUSG00000002052.7_ Supt6, Supt6,10.463732,13.729828,12.724545,13.773312,12.165011,13.511495,13.752984,21.354914,21.64637,17.346412, Supt6,1009.926369,0.076407178,0.071701897,1.065622822,0.286594178,0.393119994
ENSMUSG00000002055.10_ Spag5, Spag5,0.11851,0.342095,0.348812,0.545036,1.158571,0.40215,1.22623,1.68441,2.065017,1.09819, Spag5,25.39536987,1.764925554,0.306800456,5.752682313,8.78E-09,1.41E-07
ENSMUSG00000002058.14_ Unc119, Unc119,2.632712,4.013188,3.967193,4.124201,4.254955,2.627424,4.697608,10.837893,8.313677,5.836039, Unc119,58.95079052,0.566093919,0.219713028,2.576515032,0.009980187,0.024231961
ENSMUSG00000002059.19_ Rab34, Rab34,7.087703,11.89634,5.556176,6.974366,5.315468,6.900762,10.10497,25.033551,22.15381,12.965208, Rab34,147.1885233,0.811712419,0.218386681,3.716858633,0.000201715,0.000882975
ENSMUSG00000002064.11_ Sdf2, Sdf2,23.045904,30.846641,25.066766,25.706632,23.29603,27.927379,29.936008,40.524364,37.707612,31.155841, Sdf2,332.6853437,-0.005073762,0.086954355,-0.058349721,0.953470063,0.966491819
ENSMUSG00000002068.17_ Ccne1, Ccne1,0.393821,0.544638,0.532147,1.043033,0.51681,0.83467,0.596847,1.355338,1.196272,3.072986, Ccne1,17.50759832,0.713322983,0.423413563,1.68469564,0.092047308,0.15546089
ENSMUSG00000002083.14_ Bbc3, Bbc3,2.00356,2.768783,2.869565,2.166328,1.525391,2.794245,2.949743,7.787442,4.120129,3.680564, Bbc3,49.66725949,0.57911615,0.240563278,2.407333966,0.016069467,0.036380507
ENSMUSG00000002100.16_ Mybpc3, Mybpc3,1070.975928,851.657922,935.860116,1172.886841,922.613764,956.173576,944.142511,1503.013795,1231.006856,1141.776114, Mybpc3,47892.52723,-0.178513551,0.115423167,-1.546600712,0.121959558,0.196438794
ENSMUSG00000002102.16_ Psmc3, Psmc3,123.099002,130.270553,118.670398,126.218251,125.975611,126.418585,117.559406,137.065188,143.989335,145.62862, Psmc3,1715.555144,-0.322760121,0.078751907,-4.098441994,4.16E-05,0.000228131
ENSMUSG00000002103.17_ Acp2, Acp2,6.913492,10.415823,8.175827,8.658973,7.742616,8.646862,12.86701,20.426459,17.062713,14.054435, Acp2,517.411861,0.427158709,0.075426163,5.663269763,1.49E-08,2.27E-07
ENSMUSG00000002104.12_ Rapsn, Rapsn,9.0552,9.237238,7.595979,7.682456,6.618176,6.439851,7.772838,8.716927,8.141321,8.012202, Rapsn,117.3766415,-0.44282451,0.148431239,-2.983364633,0.002850981,0.008390978
ENSMUSG00000002105.16_ Slc39a13, Slc39a13,12.922123,20.39967,12.035618,13.749385,14.013868,12.535743,22.86395,50.334607,33.239334,22.336231, Slc39a13,370.3686981,0.552140623,0.164541467,3.355632061,0.000791838,0.002800854
ENSMUSG00000002107.20_ Celf2, Celf2,24.169618,18.728062,17.671235,14.160237,17.019124,16.343454,17.999694,36.682974,23.955204,18.939133, Celf2,881.9851105,0.021251938,0.103350678,0.205629403,0.837080408,0.881353025
ENSMUSG00000002108.11_ Nr1h3, Nr1h3,10.467973,11.28876,9.958874,11.909194,14.876051,11.809323,12.878968,11.979916,12.729205,13.522076, Nr1h3,208.6675703,-0.227768228,0.135148706,-1.685315639,0.09192769,0.155319869
ENSMUSG00000002109.15_ Ddb2, Ddb2,3.376598,4.169207,3.14114,4.118224,2.886823,3.935429,4.631929,6.162828,4.613585,4.831543, Ddb2,83.71903783,0.078490757,0.166094123,0.472567936,0.636521463,0.72474166
ENSMUSG00000002111.10_ Spi1, Spi1,2.891248,3.410816,3.267265,3.004381,2.485373,3.864953,8.022747,22.577154,18.017471,15.166438, Spi1,118.6421411,1.874110777,0.198129134,9.459036823,3.11E-21,6.68E-19
ENSMUSG00000002129.12_ Sf3a1, Sf3a1,8.341885,9.781686,8.988177,8.371589,8.854841,9.941372,10.221518,14.83007,12.970095,13.40651, Sf3a1,522.2298475,0.100816794,0.079913031,1.261581406,0.20709945,0.302215261
ENSMUSG00000002147.19_ Stat6, Stat6,21.400952,23.487934,18.672134,24.158628,19.272606,23.011344,23.571304,46.870029,37.035808,29.697819, Stat6,917.8901525,0.26135818,0.097989237,2.667213134,0.007648315,0.019372328
ENSMUSG00000002205.17_ Vrk3, Vrk3,13.814991,15.552364,8.792134,16.759475,12.500546,15.784242,14.683026,23.025362,18.831306,18.269928, Vrk3,259.4097852,-0.116116597,0.14338638,-0.809816085,0.418045887,0.527257718
ENSMUSG00000002210.12_ Smg9, Smg9,5.414855,6.326702,5.572598,9.862881,5.012795,6.440674,7.361267,14.420432,12.448167,10.24772, Smg9,141.9975614,0.352697956,0.146447295,2.408361022,0.016024326,0.036306446
ENSMUSG00000002221.12_ Paxip1, Paxip1,4.823767,7.357421,6.085258,5.581787,6.011339,6.902661,7.341609,6.554912,15.400289,7.78404, Paxip1,331.1975895,-0.351761371,0.096093502,-3.660615599,0.00025161,0.001062445
ENSMUSG00000002222.15_ Rmnd5a, Rmnd5a,25.761756,32.057646,29.411188,27.829133,30.157003,34.210925,25.986664,28.777344,28.907796,24.521696, Rmnd5a,1715.524294,-0.619925536,0.082373529,-7.525785848,5.24E-14,2.67E-12
ENSMUSG00000002227.16_ Mov10, Mov10,2.918695,3.721813,2.837582,3.215027,2.333197,2.494702,4.273417,7.873591,9.180854,4.689489, Mov10,119.2606807,0.91138333,0.163247735,5.582823726,2.37E-08,3.40E-07
ENSMUSG00000002228.8_ Ppm1j, Ppm1j,17.068095,16.056516,13.197891,21.600232,11.509479,15.159194,15.251474,19.192516,19.900113,16.110057, Ppm1j,216.7281107,-0.201701652,0.125691396,-1.604737146,0.108551664,0.178044051
ENSMUSG00000002233.14_ Rhoc, Rhoc,38.128971,54.086985,34.799681,45.257731,38.043138,38.61377,66.784528,154.952526,118.040382,74.670994, Rhoc,588.0190242,0.857054092,0.147713087,5.802154102,6.55E-09,1.09E-07
ENSMUSG00000002249.22_ Tead3, Tead3,15.033514,13.051103,9.341614,9.072093,8.340984,16.008389,12.499617,16.386254,12.644413,10.350613, Tead3,273.0804947,-0.109932532,0.140440719,-0.782768218,0.433763234,0.542572066
ENSMUSG00000002250.17_ Ppard, Ppard,13.879466,15.145804,15.179747,16.506921,13.244393,14.507635,18.064687,23.496855,23.48835,18.645467, Ppard,536.1784992,-0.105588913,0.090556995,-1.165993996,0.243616873,0.344854347
ENSMUSG00000002257.9_ Def6, Def6,2.557932,1.41028,1.252652,1.501704,1.392636,2.157532,1.932186,8.560772,5.833829,5.974625, Def6,60.63864137,1.300757736,0.326798227,3.980308427,6.88E-05,0.000351208
ENSMUSG00000002265.18_ Peg3, Peg3,2.799884,12.142233,3.738122,3.305626,3.127703,3.857606,3.943659,8.873182,6.345786,4.889383, Peg3,447.6437924,-0.055916302,0.352517086,-0.158620118,0.873968178,0.90920883
ENSMUSG00000002266.18_ Zim1, Zim1,0.463418,0.592885,0.470304,0.489362,1.135371,1.292661,1.942433,1.040334,0.394319,0.284569, Zim1,38.95183362,-0.595066469,0.287671295,-2.068563946,0.038587024,0.075660832
ENSMUSG00000002274.15_ Metrn, Metrn,16.701817,19.152033,17.152977,20.972787,20.203356,17.853995,24.827359,17.616145,20.861692,23.790139, Metrn,200.1965795,-0.269526517,0.179885958,-1.498318817,0.134050437,0.212621498
ENSMUSG00000002279.20_ Lmf1, Lmf1,17.31875,17.685578,18.231735,17.50731,16.52864,17.681648,19.467587,19.400526,24.10935,18.413029, Lmf1,319.0301111,-0.169467105,0.108562152,-1.561014616,0.118520302,0.191665025
ENSMUSG00000002280.12_ Ciao3, Ciao3,20.032659,16.958137,17.070805,19.631353,24.220314,19.987672,18.954354,19.608704,24.978209,22.522154, Ciao3,470.00516,-0.290080488,0.119671099,-2.423981152,0.015351402,0.034994361
ENSMUSG00000002289.17_ Angptl4, Angptl4,17.898319,23.020858,29.498029,17.662246,11.493904,22.550197,8.824989,12.764459,7.810883,10.065437, Angptl4,376.1138403,-1.487402748,0.230702145,-6.447286161,1.14E-10,2.82E-09
ENSMUSG00000002297.17_ Dbf4, Dbf4,0.59799,0.781482,0.733655,0.75856,0.799299,0.956398,1.203571,2.576909,3.26938,1.411055, Dbf4,27.92994097,0.849231311,0.2912727,2.915588418,0.003550185,0.010134407
ENSMUSG00000002307.17_ Daxx, Daxx,6.913186,7.341152,8.076865,8.574441,7.312856,8.535502,9.282159,14.998332,12.75182,9.993799, Daxx,210.1542889,0.059955555,0.105495258,0.568324651,0.569814544,0.66793345
ENSMUSG00000002308.17_ Cd320, Cd320,13.604637,18.196291,13.878233,16.189055,19.258738,18.848005,16.300557,13.491107,19.534642,16.654362, Cd320,160.9691594,-0.46575744,0.142366918,-3.271528574,0.001069678,0.003616618
ENSMUSG00000002319.17_ Ipo4, Ipo4,13.776785,16.979199,16.223746,15.081989,21.250288,18.31453,17.622932,41.887624,27.055375,18.663596, Ipo4,668.0473031,0.185370154,0.132196898,1.402227716,0.160847258,0.246282448
ENSMUSG00000002320.16_ Tm9sf1, Tm9sf1,21.709742,20.661025,16.385169,19.01579,17.093738,19.263005,24.864059,40.632522,33.755066,32.2701, Tm9sf1,528.8777651,0.315247703,0.081299134,3.877626832,0.00010548,0.000507533
ENSMUSG00000002325.16_ Irf9, Irf9,8.41749,8.789171,7.509459,10.081561,8.327995,8.669499,13.646131,19.343751,21.206063,11.960073, Irf9,269.4319465,0.548472832,0.137463827,3.989942984,6.61E-05,0.000338448
ENSMUSG00000002326.7_ Gmpr2, Gmpr2,6.760886,6.550832,6.113481,5.567803,4.838699,4.904282,6.529805,8.825512,8.697675,9.379609, Gmpr2,116.8220162,0.056338095,0.143826546,0.391708604,0.695273532,0.77186783
ENSMUSG00000002329.8_ Mdp1, Mdp1,26.315826,26.432503,26.740778,26.794224,21.428524,24.183997,26.387856,37.947663,32.048109,28.950605, Mdp1,463.8902842,-0.176078971,0.091105575,-1.932691503,0.053274213,0.099397938
ENSMUSG00000002332.17_ Dhrs1, Dhrs1,22.287735,25.594534,21.059773,31.426132,28.578031,26.678586,29.496944,36.092752,37.124869,37.354285, Dhrs1,370.6729953,0.118377394,0.088166692,1.342654363,0.179383918,0.268794581
ENSMUSG00000002342.18_ Tmem161a, Tmem161a,31.505334,48.184996,33.59153,52.955281,42.516079,45.02804,42.688399,40.772397,55.813941,50.254478, Tmem161a,800.9775435,-0.342950461,0.095100701,-3.606182254,0.000310735,0.001272938
ENSMUSG00000002343.12_ Armc6, Armc6,3.658105,3.402706,3.213576,3.629063,3.58565,3.074414,4.839627,8.650145,5.416618,4.391725, Armc6,80.83247593,0.003625408,0.162976034,0.022245037,0.982252492,0.987457696
ENSMUSG00000002345.19_ Borcs8, Borcs8,11.995537,14.863669,11.935715,14.272767,13.922483,11.957742,19.603612,29.40371,28.71108,21.235791, Borcs8,101.1464064,0.37944864,0.13355524,2.841136292,0.00449531,0.012406824
ENSMUSG00000002346.18_ Slc25a42, Slc25a42,42.054982,41.580195,43.553774,48.290162,41.683025,40.677206,34.800243,24.189734,30.817002,27.423836, Slc25a42,1244.969075,-0.918959945,0.166031585,-5.534850149,3.11E-08,4.39E-07
ENSMUSG00000002365.11_ Snx9, Snx9,10.918651,13.370361,14.29592,12.359237,12.889834,13.215811,16.729021,26.703179,23.693099,19.971534, Snx9,541.8207553,0.302765943,0.083111241,3.642900027,0.000269584,0.001127636
ENSMUSG00000002372.10_ Ranbp3, Ranbp3,18.093989,19.72666,18.048708,19.060757,17.540631,19.901957,19.043851,30.288162,30.558836,25.051885, Ranbp3,532.2377416,0.039321014,0.085026233,0.462457437,0.643753318,0.730606882
ENSMUSG00000002379.8_ Ndufa11, Ndufa11,617.713805,604.283223,565.274338,730.865041,619.837613,606.67622,650.280868,572.842679,628.868374,659.051631, Ndufa11,2123.613715,-0.414213611,0.14263532,-2.904004504,0.003684229,0.010454586
ENSMUSG00000002393.15_ Nr2f6, Nr2f6,21.855898,21.232716,17.714434,29.476711,22.095701,20.521254,26.191461,32.620827,32.568823,27.68838, Nr2f6,518.1663146,0.029441431,0.12293078,0.239496005,0.810720994,0.861758472
ENSMUSG00000002395.15_ Use1, Use1,74.695795,79.018051,81.83181,80.836908,71.543651,78.944459,86.814218,123.903222,109.319425,96.421316, Use1,625.0273607,-0.058782002,0.069992739,-0.839829994,0.401003714,0.51020297
ENSMUSG00000002396.9_ Ocel1, Ocel1,7.36457,8.321064,6.601261,8.218591,6.493911,6.09814,6.362001,12.958463,9.041585,9.480313, Ocel1,292.0290609,-0.077235238,0.094266836,-0.819325664,0.412600634,0.521613894
ENSMUSG00000002409.19_ Dyrk1b, Dyrk1b,11.096647,12.397833,12.455882,12.182483,10.542652,15.698067,12.422517,14.611746,13.028603,12.918134, Dyrk1b,316.6379478,-0.320946529,0.120259138,-2.668791195,0.007612476,0.019308089
ENSMUSG00000002413.16_ Braf, Braf,4.580796,6.043566,4.714743,5.202743,4.98076,5.829823,5.102914,8.980163,6.165471,4.947709, Braf,413.9573332,-0.317288145,0.082249389,-3.857635263,0.000114489,0.000542783
ENSMUSG00000002416.14_ Ndufb2, Ndufb2,369.070723,337.09572,362.550735,405.103693,342.800209,360.686474,361.935653,253.6401,285.677686,367.277013, Ndufb2,1090.94699,-0.563979776,0.174484466,-3.232263535,0.001228137,0.004077985
ENSMUSG00000002428.13_ Hltf, Hltf,4.748607,5.869276,3.885151,5.22681,4.861762,4.756541,6.108824,8.23298,6.933812,5.810954, Hltf,279.3794497,-0.011818997,0.097663755,-0.12101723,0.903677388,0.931105296
ENSMUSG00000002455.15_ Prpf6, Prpf6,14.443101,17.522356,16.593864,19.443608,16.61362,18.307173,18.54069,23.643072,23.161523,18.636236, Prpf6,595.7815872,-0.159917849,0.085061162,-1.880033672,0.060103489,0.109681003
ENSMUSG00000002458.14_ Rgs19, Rgs19,3.060423,2.762103,2.575248,2.846105,3.603496,2.359874,8.762816,17.653733,12.464429,13.95581, Rgs19,72.77801584,1.571613723,0.21593583,7.278151672,3.38E-13,1.41E-11
ENSMUSG00000002475.17_ Abhd3, Abhd3,2.214032,1.923316,2.027571,2.030635,1.729103,2.121977,1.067677,3.674578,2.592284,1.704654, Abhd3,40.84056859,-0.336597942,0.251647063,-1.337579458,0.181033565,0.270763244
ENSMUSG00000002477.6_ Snrpd1, Snrpd1,8.702634,9.287821,8.622883,9.643762,10.023924,11.846798,10.173547,21.212729,16.149773,20.250424, Snrpd1,78.04147448,0.382749382,0.194231422,1.97058425,0.04877145,0.092296363
ENSMUSG00000002486.16_ Tchp, Tchp,4.119732,5.088699,3.753107,3.6112,3.344307,4.507516,6.454087,6.955635,5.465391,7.097335, Tchp,119.8871675,-0.097497726,0.146114271,-0.667270387,0.504599438,0.609602243
ENSMUSG00000002489.17_ Tiam1, Tiam1,1.898211,1.395879,1.035491,1.016224,1.157063,1.006955,2.17653,6.613033,6.868265,2.45364, Tiam1,130.9999132,1.323227594,0.235004804,5.630640603,1.80E-08,2.68E-07
ENSMUSG00000002496.11_ Tsc2, Tsc2,41.949053,46.308378,42.045581,45.445903,44.148847,52.476166,39.349543,57.427652,61.181682,44.926006, Tsc2,2222.153197,-0.320884133,0.079148583,-4.054199342,5.03E-05,0.000269163
ENSMUSG00000002500.16_ Rpl3l, Rpl3l,193.549946,165.875156,201.737451,238.262385,209.948867,218.165892,186.28949,69.628668,117.523546,166.941445, Rpl3l,2390.600015,-0.979989836,0.283226157,-3.460096512,0.000539982,0.002034394
ENSMUSG00000002504.16_ Nherf2, Nherf2,49.940459,62.136367,56.529551,63.146395,60.565199,55.908114,74.377378,97.493223,101.464816,67.991353, Nherf2,1270.231685,0.088866147,0.078827842,1.127344658,0.259596788,0.363131486
ENSMUSG00000002524.18_ Puf60, Puf60,38.265154,42.438043,44.101626,42.030405,39.832459,39.699644,47.176614,64.540668,65.200915,47.841099, Puf60,811.004291,0.014348367,0.066579973,0.215505747,0.829373032,0.875856507
ENSMUSG00000002546.18_ Golga2, Golga2,27.76041,36.857522,30.282103,32.956705,27.737779,32.025437,32.204735,44.342188,41.847037,31.978627, Golga2,1410.224193,-0.273012298,0.066156815,-4.126744866,3.68E-05,0.000206324
ENSMUSG00000002550.17_ Uck1, Uck1,10.120228,14.772608,9.553212,15.371544,11.607287,11.941215,12.820837,18.356044,21.36595,22.576903, Uck1,248.1015634,0.103757751,0.143859839,0.72124195,0.470760666,0.577922781
ENSMUSG00000002565.17_ Scin, Scin,1.19312,1.009425,1.263617,0.697701,0.926947,1.471717,1.173009,1.501391,0.671572,1.319552, Scin,35.75078013,-0.354870724,0.299889185,-1.183339522,0.236674615,0.336949844
ENSMUSG00000002578.19_ Ikzf4, Ikzf4,0.608426,0.544973,0.086281,0.366483,0.100373,0.200755,0.248607,0.399244,2.115689,0.252229, Ikzf4,16.17721513,-0.120123518,0.477791553,-0.251414068,0.801493992,0.854626591
ENSMUSG00000002580.8_ Mien1, Mien1,34.730974,43.433682,34.062602,37.545822,33.483514,34.039387,38.576086,49.894833,43.104627,46.03248, Mien1,223.2243294,-0.151894197,0.105207131,-1.443763332,0.14880556,0.231192547
ENSMUSG00000002602.17_ Axl, Axl,20.13757,40.190226,22.539677,23.243679,25.138435,28.01583,46.777581,113.521328,97.415772,46.434577, Axl,1764.176201,1.002783976,0.194255025,5.162203545,2.44E-07,2.72E-06
ENSMUSG00000002603.16_ Tgfb1, Tgfb1,12.874824,15.503198,13.512925,14.017158,13.233579,13.840436,21.188408,59.138492,42.751211,31.07591, Tgfb1,475.5151222,0.968532421,0.158830506,6.097899229,1.07E-09,2.15E-08
ENSMUSG00000002608.9_ Ccdc97, Ccdc97,24.813254,28.33107,27.587647,26.553657,23.674604,27.601643,27.984535,31.452922,37.209544,27.640977, Ccdc97,681.1719493,-0.213362924,0.082723348,-2.579234642,0.00990195,0.024082797
ENSMUSG00000002617.15_ Zfp40, Zfp40,1.888522,1.415772,1.023932,1.101216,0.787525,1.226223,1.557455,2.15034,1.224304,1.172783, Zfp40,44.1608332,0.017710113,0.27384751,0.06467144,0.948435603,0.96276513
ENSMUSG00000002625.11_ Akap8l, Akap8l,27.927687,37.713183,47.44532,31.322604,32.852949,30.600706,31.39052,42.454339,43.790014,47.649797, Akap8l,758.1112963,-0.166395402,0.092385356,-1.801101486,0.071686886,0.126475163
ENSMUSG00000002635.12_ Pdcd2l, Pdcd2l,12.248287,11.911315,13.439392,13.103551,14.339997,13.760115,12.616698,15.114051,15.581594,18.529417, Pdcd2l,149.1436432,-0.308856386,0.141395225,-2.184348061,0.028936682,0.059349585
ENSMUSG00000002658.10_ Gtf2f1, Gtf2f1,10.743941,13.116833,12.527617,11.248195,11.387736,10.812814,13.291646,19.832627,17.175638,17.06783, Gtf2f1,226.2375505,0.076811784,0.101513013,0.756669335,0.449247991,0.558260195
ENSMUSG00000002660.9_ Clpp, Clpp,47.985669,49.776436,53.158731,60.708628,48.211034,48.57806,51.451431,38.678126,51.613391,57.642174, Clpp,434.1842239,-0.460865517,0.177661454,-2.594065888,0.009484831,0.023248018
ENSMUSG00000002661.15_ Alkbh7, Alkbh7,37.991002,35.699922,38.855674,48.003719,38.560138,39.871644,42.5018,34.089144,33.576854,44.011033, Alkbh7,301.0959687,-0.46542052,0.184466355,-2.523064543,0.011633705,0.027584034
ENSMUSG00000002668.9_ Dennd1c, Dennd1c,2.240454,1.392785,1.214686,1.184261,1.158065,0.611506,2.962243,5.219145,5.672771,8.50746, Dennd1c,63.43380422,1.944316995,0.31682095,6.136958423,8.41E-10,1.74E-08
ENSMUSG00000002679.15_ Med6, Med6,6.282021,8.178393,7.664801,8.006913,6.6043,6.66971,9.993572,12.129524,8.986427,7.017277, Med6,67.35023679,0.086541086,0.166228525,0.520615135,0.602634904,0.696157452
ENSMUSG00000002688.9_ Prkd1, Prkd1,2.279766,2.747455,2.833439,2.917836,2.651641,3.123918,1.585423,2.481981,1.699402,1.816685, Prkd1,97.42816228,-1.005005549,0.150044173,-6.698064508,2.11E-11,6.21E-10
ENSMUSG00000002699.14_ Lcp2, Lcp2,0.507957,1.229039,0.647938,0.795546,1.738186,0.825546,2.256247,4.384557,4.755835,3.971203, Lcp2,62.21493381,1.676287688,0.200067792,8.378598416,5.36E-17,5.20E-15
ENSMUSG00000002718.15_ Cse1l, Cse1l,17.881605,17.21404,15.846937,15.943509,18.789592,16.005938,17.011067,20.689316,21.141327,16.798319, Cse1l,657.5282765,-0.351132414,0.097669866,-3.595094664,0.000324274,0.001319599
ENSMUSG00000002728.15_ Naa20, Naa20,44.4007,43.729617,41.997753,42.600413,48.645204,41.329615,43.985468,39.992166,47.554125,49.209301, Naa20,418.9300047,-0.396622719,0.12051177,-3.291153377,0.000997775,0.003409615
ENSMUSG00000002731.7_ Prkra, Prkra,8.162034,9.190956,9.080199,7.892232,9.547595,10.842497,10.849624,15.218173,11.600465,11.094485, Prkra,155.6681239,-0.008021545,0.120346429,-0.066653787,0.946857325,0.961554029
ENSMUSG00000002732.15_ Fkbp7, Fkbp7,14.815685,24.500513,14.963987,12.743841,17.360829,11.860636,20.115219,36.94883,32.236648,25.237602, Fkbp7,136.5504326,0.379123783,0.182503282,2.077353229,0.03776897,0.074282621
ENSMUSG00000002733.9_ Plekha3, Plekha3,8.036313,12.210346,8.039802,8.894608,8.723862,9.317555,12.269566,18.263813,14.341412,11.530618, Plekha3,281.3137122,0.160892452,0.107907024,1.491028534,0.135954004,0.215085436
ENSMUSG00000002741.10_ Ykt6, Ykt6,30.595373,31.259659,28.870874,30.681523,25.639295,27.369807,36.352769,49.985049,48.798418,39.590883, Ykt6,862.1866111,0.127669995,0.070733072,1.804954764,0.071081761,0.125541445
ENSMUSG00000002748.8_ Baz1b, Baz1b,15.191735,21.085918,17.355657,18.754192,18.077899,18.368972,21.461065,26.076552,29.762373,22.044509, Baz1b,1397.307573,-0.021788298,0.069823823,-0.312046764,0.755004984,0.819116263
ENSMUSG00000002763.17_ Pex6, Pex6,21.207493,21.594141,19.736629,24.938275,20.899999,19.063866,20.491359,25.578512,22.89307,27.184315, Pex6,762.2239623,-0.264041763,0.120240311,-2.195950433,0.028095491,0.05790571
ENSMUSG00000002767.14_ Mrpl2, Mrpl2,93.631948,84.077346,82.838805,103.556851,91.449103,85.90298,82.840744,70.171499,86.950995,91.673326, Mrpl2,795.7704397,-0.548918845,0.15604174,-3.517769318,0.00043519,0.00169248
ENSMUSG00000002768.9_ Mea1, Mea1,25.151435,23.290232,22.783422,22.540051,23.090398,21.316795,25.625842,42.985255,42.927638,30.033367, Mea1,193.2787485,0.183858136,0.124340065,1.478671711,0.139228076,0.219029535
ENSMUSG00000002769.10_ Gnmt, Gnmt,3.177687,1.548768,5.073834,2.973982,3.792554,2.24071,1.886089,1.031905,1.277251,1.921288, Gnmt,23.80753286,-1.452946292,0.432314564,-3.360854369,0.000777018,0.002757505
ENSMUSG00000002771.13_ Grin2d, Grin2d,0.300509,0.484411,0.359031,0.526887,0.676778,0.429178,0.723679,2.48916,1.424662,1.238167, Grin2d,44.3516441,1.230217462,0.267309898,4.602214404,4.18E-06,3.26E-05
ENSMUSG00000002778.15_ Kdelr1, Kdelr1,54.576447,64.703889,58.99551,57.105268,60.83441,67.996077,74.699892,122.829346,97.708586,88.139494, Kdelr1,867.9409013,0.224574181,0.075422605,2.977544731,0.002905672,0.008532092
ENSMUSG00000002781.20_ Tmem143, Tmem143,57.927048,60.124591,59.013813,65.026116,56.95557,63.231387,57.387718,35.177252,51.857446,58.291347, Tmem143,1311.025972,-0.702234506,0.186885487,-3.757565756,0.000171574,0.000769311
ENSMUSG00000002797.10_ Ggct, Ggct,15.323323,11.971685,12.468729,6.624852,8.208141,9.905598,11.070678,9.492057,11.09279,10.113285, Ggct,128.3725592,-0.354859856,0.152661575,-2.32448706,0.020099404,0.043916381
ENSMUSG00000002799.7_ Jag2, Jag2,16.501828,13.875911,17.114289,16.965357,13.971798,17.125493,20.937356,25.971498,27.486046,21.769811, Jag2,596.4794669,0.121366564,0.106421794,1.140429597,0.254107368,0.357156793
ENSMUSG00000002803.15_ Btbd6, Btbd6,11.636831,12.888978,13.816669,13.118894,10.027666,18.969504,12.042562,17.980443,14.866944,15.186627, Btbd6,248.6848181,-0.405887989,0.123964362,-3.274231262,0.001059499,0.003591049
ENSMUSG00000002804.5_ Nudt14, Nudt14,5.358587,5.657565,4.3724,5.344602,4.981268,2.634255,4.720511,9.172663,8.14972,6.825791, Nudt14,43.46333227,0.238340906,0.225186525,1.058415493,0.289866059,0.396319254
ENSMUSG00000002808.8_ Epdr1, Epdr1,15.863168,12.626079,13.537884,13.461193,16.172497,15.629441,14.375026,16.262595,15.976003,12.131152, Epdr1,354.0414506,-0.423701427,0.13045389,-3.247901828,0.001162594,0.003886359
ENSMUSG00000002812.5_ Flii, Flii,44.888401,67.457094,51.612469,53.246963,53.081686,45.673808,54.990991,90.794896,86.461824,52.139497, Flii,2039.074757,-0.038615128,0.057093602,-0.676347731,0.498819895,0.604658583
ENSMUSG00000002814.16_ Top3a, Top3a,3.645933,2.281374,2.09399,2.295515,2.463405,2.437331,2.592365,4.446377,3.535293,2.838664, Top3a,105.3680213,0.024339519,0.168228091,0.144681659,0.884962221,0.917252638
ENSMUSG00000002820.7_ Atg4d, Atg4d,30.049069,27.246982,27.571518,37.37587,30.076605,27.979567,30.841021,27.480503,34.608213,35.085628, Atg4d,617.0129653,-0.181234176,0.124628387,-1.454196602,0.145891807,0.227625098
ENSMUSG00000002825.9_ Qtrt1, Qtrt1,5.983437,5.001812,4.928027,6.788637,7.308813,10.082641,6.452608,9.208108,9.563614,8.381802, Qtrt1,68.55533728,0.012281964,0.212618475,0.057765272,0.953935601,0.966803011
ENSMUSG00000002831.16_ Plin4, Plin4,65.293295,104.958921,99.761058,85.392542,77.968168,93.254674,59.120955,46.897833,62.984335,63.187055, Plin4,5364.562134,-1.008688191,0.166704581,-6.050752699,1.44E-09,2.81E-08
ENSMUSG00000002833.12_ Hdgfl2, Hdgfl2,22.584359,32.884688,28.388339,29.952844,23.72591,38.101644,31.70654,38.208149,32.17955,31.840156, Hdgfl2,566.1875549,-0.117141377,0.080321112,-1.458413287,0.14472666,0.226162801
ENSMUSG00000002835.10_ Chaf1a, Chaf1a,1.548345,2.554254,2.05404,2.227049,2.265833,1.847933,2.463043,3.341785,3.342985,2.582945, Chaf1a,154.5306651,0.056675888,0.130197192,0.435308067,0.66333883,0.746104361
ENSMUSG00000002844.10_ Adprh, Adprh,12.058495,14.091728,11.33839,13.589785,12.058483,12.658667,15.155654,25.303434,20.732249,16.84972, Adprh,465.1825096,0.1601657,0.078644414,2.036580755,0.041692073,0.080815588
ENSMUSG00000002845.15_ Tmem39a, Tmem39a,11.961626,8.12726,7.359886,8.972825,6.743391,12.318583,11.013824,44.666232,22.439931,16.521891, Tmem39a,134.8393589,0.750209837,0.213975866,3.506048835,0.000454812,0.001755557
ENSMUSG00000002846.10_ Timmdc1, Timmdc1,23.105984,21.85519,19.917814,25.324822,25.058481,25.288652,24.416599,21.920205,24.110125,21.987919, Timmdc1,351.0127107,-0.445312852,0.135898759,-3.276798525,0.001049913,0.003564177
ENSMUSG00000002847.8_ Pla1a, Pla1a,4.197404,7.237532,5.54921,7.662935,7.583459,6.752461,11.814119,18.962511,25.839871,10.669497, Pla1a,194.326528,0.894133298,0.219596317,4.071713547,4.67E-05,0.000252527
ENSMUSG00000002870.9_ Mcm2, Mcm2,2.098961,2.302448,2.005616,2.734413,2.287201,1.558135,5.336468,5.941199,4.481255,4.414969, Mcm2,105.221493,0.584871436,0.170763605,3.42503566,0.000614719,0.002265678
ENSMUSG00000002871.15_ Tpra1, Tpra1,22.819729,22.66207,19.286211,21.80814,24.509203,20.305856,21.354804,33.842726,37.07543,25.777144, Tpra1,330.4265405,-0.034061003,0.101377424,-0.335982131,0.736884342,0.804894835
ENSMUSG00000002881.15_ Nab1, Nab1,8.030404,8.327433,7.651391,6.904502,7.304222,8.318521,9.992003,18.707386,17.559173,13.581772, Nab1,403.0503035,0.36339939,0.095365959,3.81057762,0.000138642,0.000638518
ENSMUSG00000002885.15_ Adgre5, Adgre5,18.824666,25.219966,20.051392,24.722463,20.113461,24.531289,33.541562,57.38243,54.153468,40.940228, Adgre5,836.3926925,0.536114732,0.080381846,6.669599639,2.57E-11,7.44E-10
ENSMUSG00000002897.6_ Il17ra, Il17ra,1.021716,2.471976,1.121956,1.450855,0.712451,1.568841,1.894155,7.11118,5.962619,8.524217, Il17ra,120.8837577,1.854926556,0.30928681,5.997431815,2.00E-09,3.78E-08
ENSMUSG00000002900.18_ Lamb1, Lamb1,20.80535,26.358037,18.954752,23.526994,23.847648,22.254267,42.42725,67.993961,61.137959,35.17629, Lamb1,1971.438687,0.69433811,0.118963276,5.836575217,5.33E-09,9.09E-08
ENSMUSG00000002908.19_ Kcnn1, Kcnn1,7.799545,6.402418,11.280771,12.493575,7.620219,9.062147,9.699358,8.075523,8.735647,7.820573, Kcnn1,194.6248821,-0.456102998,0.174135342,-2.619244279,0.008812482,0.021819772
ENSMUSG00000002910.12_ Arrdc2, Arrdc2,9.215496,48.553315,11.069557,5.903127,19.512924,13.568142,14.841749,17.10275,12.204484,21.496739, Arrdc2,291.6640925,-0.352781261,0.553181824,-0.637731115,0.523648727,0.626900971
ENSMUSG00000002944.16_ Cd36, Cd36,848.266369,762.801671,863.918297,842.083786,889.800951,951.054104,841.486965,626.910411,763.841331,614.532241, Cd36,20176.11479,-0.749736352,0.152235618,-4.924841897,8.44E-07,8.13E-06
ENSMUSG00000002948.20_ Map2k7, Map2k7,26.815323,27.729066,27.891252,29.110531,22.306382,27.905116,24.183803,32.680747,26.694813,25.22785, Map2k7,963.7779739,-0.428468058,0.084002489,-5.100659074,3.38E-07,3.64E-06
ENSMUSG00000002949.16_ Timm44, Timm44,54.186617,56.271109,58.620317,63.982087,56.47367,55.116698,56.670652,45.246328,58.661874,57.8048, Timm44,994.428409,-0.515465919,0.134681487,-3.827296017,0.000129559,0.00060336
ENSMUSG00000002957.12_ Ap2a2, Ap2a2,18.729155,21.834646,18.832105,21.310058,17.474013,22.523267,22.624506,36.073418,34.763958,27.99724, Ap2a2,1187.465054,0.130139814,0.080064946,1.625428108,0.104071371,0.172140106
ENSMUSG00000002963.18_ Pnkp, Pnkp,10.764279,12.473003,13.11912,13.769227,12.112794,12.056526,13.578143,17.286128,18.280969,15.457547, Pnkp,240.7757887,-0.102315055,0.114360121,-0.894674245,0.37096125,0.480654894
ENSMUSG00000002968.10_ Med25, Med25,30.918883,41.832972,34.774721,44.147144,42.135937,46.027306,36.420483,47.717307,47.047695,41.322734, Med25,1031.59335,-0.343966243,0.081646436,-4.212875178,2.52E-05,0.000149752
ENSMUSG00000002980.15_ Bcam, Bcam,89.396742,130.878216,101.789833,118.76827,100.737389,114.070511,113.982482,142.503271,140.710596,130.889034, Bcam,2893.540333,-0.157483958,0.081010443,-1.943995774,0.051895961,0.097191912
ENSMUSG00000002981.11_ Clptm1, Clptm1,47.627673,42.929546,34.047551,43.28257,44.100378,48.533633,40.054875,58.842583,57.693036,43.447385, Clptm1,1504.355041,-0.153311382,0.063750897,-2.404850597,0.016179079,0.036590132
ENSMUSG00000002983.19_ Relb, Relb,5.288523,4.709212,3.317109,4.120942,4.781404,3.544542,5.311363,14.572977,10.983348,10.935766, Relb,138.3223001,0.862024885,0.223608973,3.855054984,0.000115704,0.000547333
ENSMUSG00000002984.18_ Tomm40, Tomm40,44.170451,48.652502,47.188035,59.022039,52.22078,53.41585,54.682516,54.502141,68.118658,58.138942, Tomm40,802.9283374,-0.235271483,0.120910467,-1.945832223,0.051674897,0.096832147
ENSMUSG00000002985.17_ Apoe, Apoe,315.908362,572.171873,256.480332,298.452166,276.22212,291.958324,929.6566,2258.589156,2118.273873,1280.110095, Apoe,6243.704757,1.788333353,0.209127462,8.55140371,1.22E-17,1.41E-15
ENSMUSG00000002996.18_ Hbp1, Hbp1,36.653492,47.478037,46.582512,46.764485,38.759156,58.064863,37.872886,47.51342,45.30469,37.120937, Hbp1,1251.36849,-0.633405298,0.099531761,-6.363850999,1.97E-10,4.66E-09
ENSMUSG00000002997.16_ Prkar2b, Prkar2b,0.385786,0.885702,0.459717,0.120798,0.284661,0.553347,0.945883,1.679568,1.205645,3.959949, Prkar2b,34.0521489,1.725974361,0.511461455,3.374593222,0.000739249,0.002646769
ENSMUSG00000003031.15_ Cdkn1b, Cdkn1b,14.103919,19.958015,19.892084,18.19052,18.219312,23.188979,17.800419,21.255247,19.208086,18.437386, Cdkn1b,584.5912523,-0.41397005,0.117085337,-3.535626739,0.000406809,0.001598488
ENSMUSG00000003032.9_ Klf4, Klf4,11.134048,18.276258,12.179574,10.494455,19.899882,21.034132,16.261418,20.53947,36.400529,21.746592, Klf4,555.4415962,0.105235674,0.219479708,0.479477921,0.631598672,0.720709674
ENSMUSG00000003033.16_ Ap1m1, Ap1m1,24.575326,22.494991,20.026317,20.560269,21.137499,21.030988,25.292624,30.01911,33.888152,30.265163, Ap1m1,451.7909366,0.002682074,0.106729343,0.025129674,0.979951531,0.986216305
ENSMUSG00000003037.17_ Rab8a, Rab8a,7.202459,7.140936,7.378545,6.398629,8.178879,4.923383,10.148993,21.224134,16.024679,13.880143, Rab8a,300.159179,0.529254527,0.099185451,5.336009685,9.50E-08,1.19E-06
ENSMUSG00000003038.16_ Hmgn2, Hmgn2,58.144858,72.492338,68.460611,56.245817,62.967764,69.29389,78.921002,75.723441,71.715976,79.795863, Hmgn2,792.7205938,-0.177016004,0.129357306,-1.368426792,0.171178523,0.259026738
ENSMUSG00000003039.10_ Fam32a, Fam32a,10.741036,12.065915,11.713223,10.909083,11.845064,12.310426,13.038506,25.647391,18.854844,15.301348, Fam32a,374.5651756,0.18545375,0.10395776,1.783933694,0.07443444,0.130232507
ENSMUSG00000003062.14_ Stard3nl, Stard3nl,7.70351,10.355777,8.071975,6.276012,7.143914,8.787426,9.368573,21.143904,15.017143,13.490897, Stard3nl,133.2202832,0.447952006,0.146719998,3.053108052,0.002264844,0.006905338
ENSMUSG00000003068.18_ Stk11, Stk11,51.475646,58.019089,52.420793,56.0544,49.978982,58.281619,52.141199,68.936468,68.02359,61.415131, Stk11,1332.161358,-0.297274029,0.061763193,-4.813125963,1.49E-06,1.34E-05
ENSMUSG00000003070.7_ Efna2, Efna2,0.412229,0.368468,0.315013,0.32356,0.305875,0.526545,0.647804,1.80888,1.157623,1.222096, Efna2,13.88544245,1.201485632,0.362206804,3.317126071,0.000909486,0.003148007
ENSMUSG00000003072.16_ Atp5f1d, Atp5f1d,685.769742,679.696145,679.666642,767.304414,650.383063,721.453219,696.349115,596.525416,726.324775,735.36217, Atp5f1d,5509.433881,-0.441632322,0.136340208,-3.239193549,0.001198682,0.003993543
ENSMUSG00000003099.12_ Ppp5c, Ppp5c,59.86408,51.495229,70.973052,58.317959,62.207776,64.867348,54.95326,57.505096,80.425308,82.823091, Ppp5c,1056.693956,-0.312346049,0.112138423,-2.785361517,0.005346807,0.014321805
ENSMUSG00000003119.15_ Cdk12, Cdk12,4.355146,6.215263,5.63583,5.46112,5.635797,6.940947,7.278157,10.212896,8.857198,8.214264, Cdk12,333.9659031,0.120457834,0.111660995,1.078781659,0.280685073,0.386671443
ENSMUSG00000003123.16_ Lipe, Lipe,31.528322,35.143793,36.21363,34.648952,25.650879,38.621178,22.828796,30.73996,26.808498,33.494561, Lipe,899.3263394,-0.68103915,0.134399917,-5.067258719,4.04E-07,4.24E-06
ENSMUSG00000003131.8_ Pafah1b2, Pafah1b2,14.321358,15.375579,13.295599,10.264097,10.546599,14.584617,19.509898,31.386678,29.048723,18.775117, Pafah1b2,464.714676,0.250040562,0.108811945,2.297914637,0.021566648,0.0466013
ENSMUSG00000003134.11_ Tbc1d8, Tbc1d8,2.721266,4.0913,2.820439,2.714194,4.345642,2.523126,5.10028,5.808825,3.840408,4.528502, Tbc1d8,146.7353002,0.185419912,0.141829998,1.307339169,0.191097547,0.283026218
ENSMUSG00000003135.16_ Cnot11, Cnot11,7.025039,8.661493,6.602623,6.887096,6.605517,8.132774,7.571146,8.893945,9.561915,8.322075, Cnot11,265.3289427,-0.215504904,0.103436375,-2.083453756,0.037209883,0.073406864
ENSMUSG00000003153.11_ Slc2a3, Slc2a3,0.697264,1.065497,1.014577,0.563704,0.667321,0.844171,1.885811,2.945898,2.141584,2.088574, Slc2a3,44.47178781,1.059596228,0.314770728,3.366247665,0.000761983,0.002716853
ENSMUSG00000003154.17_ Foxj2, Foxj2,10.67237,11.727204,11.541481,12.919312,10.11367,12.665357,12.119114,16.570261,14.925225,12.558533, Foxj2,722.1138496,-0.181454663,0.079057155,-2.295233907,0.021719723,0.046853583
ENSMUSG00000003161.16_ Sri, Sri,34.222779,42.386025,44.354427,43.523791,39.958432,46.203878,62.463068,95.558475,98.943901,77.223903, Sri,523.8619256,0.429854388,0.081366044,5.28297024,1.27E-07,1.52E-06
ENSMUSG00000003166.21_ Dgcr2, Dgcr2,18.291985,20.912624,19.957546,20.603186,16.869162,18.225625,23.177444,29.263962,27.688497,23.429668, Dgcr2,888.9129312,-0.075863394,0.071194218,-1.06558363,0.286611902,0.393119994
ENSMUSG00000003184.16_ Irf3, Irf3,22.281335,40.430162,27.219092,28.879868,26.400098,31.115419,33.374264,49.952103,46.741682,43.139021, Irf3,330.9022036,0.166048275,0.094055313,1.765432164,0.077491162,0.134522404
ENSMUSG00000003190.13_ Bcl2l12, Bcl2l12,5.328937,6.157727,5.716637,7.80448,6.710037,7.909368,7.422874,10.501539,9.678293,10.257844, Bcl2l12,71.81370106,0.055158669,0.174196456,0.316646335,0.751511973,0.816585618
ENSMUSG00000003198.11_ Zfp959, Zfp959,1.368992,2.231303,1.237958,1.617651,2.084134,1.81077,3.125773,4.070437,3.332607,2.080293, Zfp959,35.67626454,0.152353746,0.228198922,0.667635695,0.504366167,0.609377498
ENSMUSG00000003199.17_ Mpnd, Mpnd,28.679726,34.477613,29.964186,32.75631,28.782973,29.833739,29.466104,40.141385,38.238966,34.604539, Mpnd,520.8597499,-0.279302778,0.076748846,-3.639178863,0.000273509,0.001142572
ENSMUSG00000003200.11_ Sh3gl1, Sh3gl1,6.686659,9.667261,7.844123,10.848671,8.298987,8.842193,13.144847,38.662346,25.5867,16.960508, Sh3gl1,282.4636385,0.928204625,0.198590237,4.673969078,2.95E-06,2.42E-05
ENSMUSG00000003206.8_ Ebi3, Ebi3,0.47593,0.480061,0.750556,0.095767,0.639477,0.183287,1.541245,4.459039,4.068915,2.745777, Ebi3,13.71122181,2.369559742,0.4709024,5.031955114,4.86E-07,4.95E-06
ENSMUSG00000003208.10_ Yju2, Yju2,3.058776,3.916398,2.908953,3.694837,2.476694,3.496054,3.595067,6.114285,4.53697,4.900242, Yju2,60.34880293,0.065891761,0.176502533,0.373319069,0.708910986,0.782505803
ENSMUSG00000003226.8_ Ranbp2, Ranbp2,11.179922,12.66878,12.166957,11.960099,12.50736,14.371878,13.085541,18.032003,15.344552,14.483547, Ranbp2,1445.922424,-0.172054993,0.075318047,-2.284379362,0.022349245,0.047970926
ENSMUSG00000003228.10_ Grk5, Grk5,6.715549,9.172749,6.70459,9.800175,6.853014,9.875568,8.032032,19.840492,13.100514,8.765861, Grk5,629.0082153,0.185726809,0.197258945,0.941538082,0.346429183,0.45540981
ENSMUSG00000003233.13_ Dvl3, Dvl3,19.208778,18.155191,17.913045,21.595497,18.905737,20.422884,24.95512,31.914469,31.230916,25.585661, Dvl3,845.5665094,0.026439052,0.084666777,0.31227186,0.754833924,0.819022426
ENSMUSG00000003234.17_ Abcf3, Abcf3,32.207646,17.972184,25.459314,20.620078,18.156474,23.58561,20.997943,28.075016,25.700628,33.885184, Abcf3,611.8262355,-0.085456647,0.10115917,-0.844774105,0.398236975,0.507634089
ENSMUSG00000003235.14_ Eif2b5, Eif2b5,22.141967,24.396367,22.514077,25.528594,21.137673,26.134127,21.984091,29.61285,26.470697,26.274405, Eif2b5,651.988479,-0.308576875,0.08191212,-3.767169918,0.000165109,0.000743421
ENSMUSG00000003269.20_ Cyth2, Cyth2,31.511018,37.913884,40.975026,38.355693,30.526253,40.535748,38.189222,57.908114,51.147998,46.224559, Cyth2,386.4698737,-0.010834625,0.090350789,-0.119917322,0.904548642,0.931779724
ENSMUSG00000003273.15_ Car11, Car11,4.0012,3.848387,2.533275,2.99611,4.414547,3.560028,4.734357,8.715089,7.052746,5.499227, Car11,45.751486,0.300041907,0.232631869,1.289771292,0.197130078,0.290305345
ENSMUSG00000003282.10_ Plag1, Plag1,0.937059,1.727977,2.6446,1.379262,2.298137,2.230116,1.067998,2.565822,0.870068,1.24656, Plag1,74.97504963,-1.24693057,0.268251646,-4.648361299,3.35E-06,2.70E-05
ENSMUSG00000003283.16_ Hck, Hck,0.889629,1.36551,1.196167,1.086719,0.759465,1.256079,3.453139,7.172963,7.509868,6.439193, Hck,57.75894195,2.025982589,0.232468752,8.71507492,2.91E-18,3.79E-16
ENSMUSG00000003299.11_ Mrpl4, Mrpl4,81.638281,81.224529,85.412431,90.106701,82.689039,84.376384,78.649196,80.673611,83.772001,92.169748, Mrpl4,1026.17804,-0.431664009,0.118109366,-3.654782212,0.0002574,0.00108229
ENSMUSG00000003308.16_ Keap1, Keap1,23.854313,29.270448,25.418965,31.527795,23.969804,25.165563,29.377838,34.484914,39.954991,30.143475, Keap1,956.1119725,-0.149118072,0.087444459,-1.705288978,0.088140542,0.149981928
ENSMUSG00000003316.15_ Glg1, Glg1,30.400696,37.651682,34.115293,36.685024,33.529553,37.721914,43.980909,62.073783,58.336494,38.204421, Glg1,2957.660862,0.071907342,0.063513649,1.132155732,0.257568968,0.361014116
ENSMUSG00000003344.16_ Btbd2, Btbd2,20.019333,21.884493,24.299932,29.126073,17.477421,21.591553,22.742436,33.180922,28.983483,29.080326, Btbd2,563.023839,-0.158615737,0.114335672,-1.387281273,0.165356011,0.251692336
ENSMUSG00000003345.17_ Csnk1g2, Csnk1g2,47.686237,55.742036,52.075415,56.417241,53.442991,50.371248,58.752046,94.169379,81.751482,70.765429, Csnk1g2,1249.065461,0.051394618,0.069554448,0.738912024,0.459960421,0.568639362
ENSMUSG00000003346.15_ Abhd17a, Abhd17a,29.600399,34.529782,26.901051,33.649407,24.080964,28.446495,36.430773,61.423286,57.455856,46.427255, Abhd17a,509.5209335,0.307627719,0.10612648,2.898689557,0.003747257,0.010603119
ENSMUSG00000003348.11_ Mob3a, Mob3a,1.842631,2.670724,2.296271,2.218528,2.363403,3.30362,4.365718,12.246074,11.343557,8.717353, Mob3a,116.8980478,1.390229094,0.193632174,7.179742221,6.98E-13,2.71E-11
ENSMUSG00000003352.15_ Cacnb3, Cacnb3,1.520302,1.906643,1.618857,1.800239,1.548636,1.657646,5.763884,15.552957,14.549634,8.946792, Cacnb3,123.826392,2.24655993,0.208682336,10.76545325,5.01E-27,2.69E-24
ENSMUSG00000003355.8_ Fkbp11, Fkbp11,2.838577,3.997238,2.363704,3.019174,3.305857,3.5142,5.470008,8.487937,6.448843,14.672278, Fkbp11,29.35705207,1.059057559,0.33800579,3.133252715,0.001728805,0.005470098
ENSMUSG00000003360.16_ Ddx23, Ddx23,22.977611,27.669525,30.216861,26.25696,26.589058,34.607129,27.405672,46.319579,39.65385,34.127012, Ddx23,917.2056185,-0.137944316,0.074344423,-1.85547632,0.063528238,0.114553294
ENSMUSG00000003363.16_ Pld3, Pld3,12.339321,19.141803,13.179679,14.643301,13.459038,11.84137,22.00264,67.411449,39.553831,32.64389, Pld3,488.6781256,1.035188371,0.181858858,5.692262568,1.25E-08,1.95E-07
ENSMUSG00000003378.10_ Grik5, Grik5,2.844561,3.340388,2.696481,4.047454,2.591767,2.486415,3.902795,7.174691,6.137121,3.820387, Grik5,133.0236916,0.372116533,0.147568734,2.521648887,0.011680623,0.027678185
ENSMUSG00000003380.12_ Rabac1, Rabac1,187.607355,219.306779,160.004434,161.618157,190.284148,177.659084,185.046172,281.522212,238.961676,255.528606, Rabac1,1436.689576,-0.079186783,0.077829772,-1.017435637,0.308946236,0.416534955
ENSMUSG00000003382.19_ Etv3, Etv3,7.754216,8.643573,8.247082,8.824343,7.071655,9.628228,7.813505,11.373662,10.408283,9.654457, Etv3,496.0978404,-0.231909675,0.086363234,-2.685282433,0.007246854,0.018544816
ENSMUSG00000003402.15_ Prkcsh, Prkcsh,26.792998,32.789958,27.1249,31.824302,26.209198,30.716866,36.317146,56.517284,46.893915,45.864971, Prkcsh,714.2949993,0.205887168,0.077542636,2.655147918,0.007927364,0.019961545
ENSMUSG00000003418.12_ St8sia6, St8sia6,0.819234,0.775076,0.814607,0.976707,0.74498,0.67039,0.69672,1.508792,1.092567,2.629011, St8sia6,74.40214065,0.199939951,0.205557098,0.972673547,0.330715577,0.439545739
ENSMUSG00000003420.9_ Fcgrt, Fcgrt,50.416311,70.96982,58.070655,56.240221,49.901586,58.073121,67.495594,101.803559,104.341408,81.71898, Fcgrt,1090.974019,0.188568507,0.087009231,2.167224152,0.030217767,0.061552059
ENSMUSG00000003421.14_ Nosip, Nosip,18.867198,29.999076,22.1787,23.770158,18.820083,25.383893,20.890154,31.825788,31.12954,24.773062, Nosip,336.1646772,-0.070423665,0.094086427,-0.748499731,0.454158787,0.562898574
ENSMUSG00000003423.16_ Pih1d1, Pih1d1,31.121751,29.645984,26.86323,30.327341,30.100954,24.833701,31.508039,48.334045,54.947597,41.619882, Pih1d1,279.5050732,0.137767907,0.104741331,1.31531561,0.188403854,0.279931346
ENSMUSG00000003429.12_ Rps11, Rps11,369.250264,383.200288,362.318946,391.141209,404.509399,363.310818,469.437644,680.50423,601.474514,684.279598, Rps11,2154.889272,0.233022895,0.10291923,2.264133682,0.023565894,0.050156745
ENSMUSG00000003435.10_ Supt5, Supt5,26.491667,38.132778,31.676203,35.185518,30.157769,34.877115,33.177182,48.769617,45.932945,39.547145, Supt5,1333.780781,-0.102840669,0.078915753,-1.303170339,0.192516614,0.284768297
ENSMUSG00000003437.15_ Paf1, Paf1,26.914441,27.37824,27.461371,26.37093,29.59868,30.486548,32.006149,43.584933,39.391778,30.574056, Paf1,570.8453046,-0.070806929,0.068999561,-1.02619391,0.304800191,0.412108004
ENSMUSG00000003438.18_ Timm50, Timm50,32.468898,35.125914,30.473281,36.874477,33.812921,34.836877,34.203263,37.417385,36.605237,32.716056, Timm50,490.6855516,-0.4251976,0.113768111,-3.7374058,0.000185929,0.000824787
ENSMUSG00000003444.9_ Med29, Med29,13.023748,9.677099,9.866974,11.683748,10.881431,13.407311,10.556509,16.231164,17.197222,11.084918, Med29,145.0479277,-0.201690221,0.156219432,-1.291069987,0.19667941,0.289847927
ENSMUSG00000003452.16_ Bicd1, Bicd1,1.014798,3.627897,0.820756,1.030228,1.536718,1.501392,0.702756,2.63734,3.412654,1.64251, Bicd1,81.91049331,-0.083793892,0.187735833,-0.44633936,0.655352129,0.739636261
ENSMUSG00000003458.13_ Ncstn, Ncstn,23.782291,28.636628,22.998332,24.733051,22.718348,24.099746,34.480641,46.933272,42.878712,38.435463, Ncstn,822.4389671,0.281988202,0.061674415,4.572207162,4.83E-06,3.66E-05
ENSMUSG00000003464.14_ Pex19, Pex19,74.498995,68.810298,67.440449,76.889365,71.747683,69.850232,73.541049,66.633129,70.507701,65.665658, Pex19,1431.484761,-0.47858002,0.122364962,-3.91108705,9.19E-05,0.00045099
ENSMUSG00000003469.10_ Phyhip, Phyhip,7.326228,4.985618,4.642271,6.558246,5.741547,3.791541,10.525196,13.895625,11.169577,11.607639, Phyhip,227.8616452,0.641571438,0.190789009,3.36272745,0.000771765,0.002744905
ENSMUSG00000003476.17_ Crhr2, Crhr2,17.156674,17.521464,16.878476,18.184445,16.473493,18.094188,15.075559,11.248168,13.516667,13.539265, Crhr2,387.8580105,-0.838963054,0.184795556,-4.539952529,5.63E-06,4.19E-05
ENSMUSG00000003477.6_ Inmt, Inmt,5.695512,28.052627,13.617348,6.377029,11.246225,24.421871,19.406264,9.974306,28.266448,17.258342, Inmt,149.7688781,-0.047945167,0.424313286,-0.112994735,0.910034729,0.935637842
ENSMUSG00000003484.5_ Cyp4f18, Cyp4f18,0.711788,0.537269,0.408301,0.717714,0.73684,0.455209,1.378874,3.410742,2.133055,8.530953, Cyp4f18,28.57494159,2.277534874,0.50748432,4.487892108,7.19E-06,5.15E-05
ENSMUSG00000003500.14_ Impdh1, Impdh1,10.758117,14.536096,9.704062,10.45819,11.745839,10.469832,15.679205,26.475794,22.070431,17.143461, Impdh1,346.2214899,0.366378678,0.101047017,3.625823807,0.000288042,0.001193236
ENSMUSG00000003518.14_ Dusp3, Dusp3,39.055513,43.173885,34.412294,35.46588,35.661879,35.090918,38.997513,66.325788,55.260757,44.02976, Dusp3,1434.240923,0.097163874,0.090538177,1.07318125,0.283189802,0.389419938
ENSMUSG00000003526.13_ Prodh, Prodh,15.750817,22.985578,22.381795,18.959513,19.766513,22.00576,20.603968,15.013155,19.143559,21.312017, Prodh,422.4463257,-0.522293821,0.187074374,-2.791904677,0.005239879,0.014090982
ENSMUSG00000003527.10_ Ess2, Ess2,4.458858,5.841023,5.357617,6.422003,4.258022,6.030684,5.361036,11.359489,8.052833,8.792431, Ess2,142.4824559,-0.018887907,0.125072982,-0.151015084,0.879963817,0.913751368
ENSMUSG00000003528.16_ Slc25a1, Slc25a1,5.157229,8.363901,3.409466,5.394953,3.836544,5.310253,7.227806,17.522877,12.205863,13.226699, Slc25a1,113.1252768,0.976884732,0.197264857,4.95214783,7.34E-07,7.18E-06
ENSMUSG00000003531.16_ Dgcr6, Dgcr6,22.05866,24.458202,23.306937,23.460812,25.562507,24.334152,29.538311,28.986493,30.427457,27.734391, Dgcr6,249.082264,-0.143900175,0.113375099,-1.269239685,0.204355591,0.298819669
ENSMUSG00000003534.18_ Ddr1, Ddr1,13.317523,16.556721,10.068769,10.873236,10.285234,9.732039,14.088564,29.949968,24.106473,19.65951, Ddr1,522.4288275,0.441438393,0.136161642,3.242017267,0.001186868,0.003955206
ENSMUSG00000003541.7_ Ier3, Ier3,20.802601,26.701066,27.150441,26.035282,28.034619,44.581497,29.653521,50.453462,48.484144,26.568179, Ier3,324.0372576,-0.051835545,0.197256743,-0.262782118,0.792718519,0.848777298
ENSMUSG00000003545.4_ Fosb, Fosb,0.105345,0.104418,0.372895,0.159656,0.396905,0.419946,0.417358,0.484146,0.455052,0.429868, Fosb,11.776834,0.01616774,0.506138671,0.031943302,0.974517266,0.982356676
ENSMUSG00000003546.11_ Klc4, Klc4,13.41402,17.036453,13.683662,17.3819,14.039772,15.174761,15.799158,20.769834,21.330751,15.840881, Klc4,387.244073,-0.168828555,0.089960065,-1.876705574,0.060558458,0.110339564
ENSMUSG00000003549.10_ Ercc1, Ercc1,20.012528,25.058478,20.628772,19.572049,14.529193,25.515291,31.594812,29.000913,32.645853,19.069972, Ercc1,176.8956897,-0.121237667,0.155119448,-0.781576188,0.434463685,0.543184875
ENSMUSG00000003559.9_ As3mt, As3mt,37.377146,36.481697,34.301526,37.167749,35.264714,36.592175,29.787596,25.704334,25.35737,32.537033, As3mt,573.7755462,-0.766508331,0.149449643,-5.128873621,2.91E-07,3.20E-06
ENSMUSG00000003573.16_ Homer3, Homer3,5.962218,6.649933,4.62652,6.932025,7.490656,9.365891,10.129163,30.104919,20.038867,11.942471, Homer3,198.0298169,0.853271377,0.162587961,5.248060017,1.54E-07,1.80E-06
ENSMUSG00000003575.14_ Crtc1, Crtc1,4.491199,4.913706,4.462317,4.080267,4.126425,4.366136,4.645219,9.254607,9.603104,5.424638, Crtc1,316.7972836,0.129372034,0.12466269,1.037776686,0.299374033,0.406261837
ENSMUSG00000003581.15_ Rnf215, Rnf215,6.619246,11.897863,8.389662,6.579391,5.464393,9.382354,11.006996,19.889317,15.236312,11.592522, Rnf215,161.9480459,0.329998089,0.163841707,2.014127504,0.043996149,0.084570156
ENSMUSG00000003585.14_ Sec14l2, Sec14l2,0.253355,0.400108,0.433731,0.365468,0.611925,0.423718,0.694476,2.120877,0.879663,0.927849, Sec14l2,15.84259062,1.372644404,0.376678656,3.644072694,0.000268358,0.001122871
ENSMUSG00000003604.15_ Aven, Aven,8.062353,10.590414,6.242135,8.890342,9.351383,8.582888,7.374404,12.241485,9.53187,7.365078, Aven,180.6423361,-0.398801954,0.105773895,-3.770324937,0.000163035,0.000735111
ENSMUSG00000003617.17_ Cp, Cp,25.807867,30.354676,22.446765,22.475401,28.164485,36.071087,38.61751,48.163859,33.156715,36.17055, Cp,1279.740264,0.060367417,0.142913249,0.422406018,0.672728686,0.754088792
ENSMUSG00000003623.5_ Crot, Crot,13.555962,14.386042,14.117293,14.861637,14.336553,16.251143,14.71602,18.225511,17.061243,14.766303, Crot,476.871777,-0.2925529,0.079937945,-3.659750072,0.000252461,0.001065342
ENSMUSG00000003644.18_ Rps6ka1, Rps6ka1,2.670474,2.941184,2.463098,2.698606,2.341216,3.118972,5.79561,11.115266,11.804319,8.712653, Rps6ka1,151.5585861,1.207411022,0.136440531,8.849357378,8.80E-19,1.26E-16
ENSMUSG00000003660.11_ Snrnp200, Snrnp200,21.688128,24.911108,20.356998,22.705913,19.772189,23.170356,23.813714,32.083843,29.346816,24.81509, Snrnp200,1696.607216,-0.132290824,0.056308428,-2.34939649,0.018803872,0.041436615
ENSMUSG00000003662.11_ Ciao1, Ciao1,29.165108,28.75365,20.213584,24.834403,25.464416,23.484639,25.130562,26.486381,34.968014,28.914186, Ciao1,403.7142551,-0.156861718,0.101444217,-1.546285473,0.122035639,0.196512263
ENSMUSG00000003665.8_ Has1, Has1,0.046696,0.366324,0.102806,0.386665,0.31187,0.313166,0.495682,1.086916,1.474167,2.646941, Has1,15.40293494,1.983032463,0.56444327,3.513253802,0.000442654,0.0017184
ENSMUSG00000003680.17_ Taf6l, Taf6l,3.597546,2.537002,3.146938,3.415477,2.279776,2.346177,3.876604,4.323831,3.709438,3.824856, Taf6l,64.35193503,-0.020790861,0.206107552,-0.100873845,0.919650606,0.942868453
ENSMUSG00000003721.15_ Insig2, Insig2,30.960151,31.695089,31.50109,33.325458,51.226977,27.667068,31.588035,42.663578,40.798077,44.625104, Insig2,628.2759924,-0.276438501,0.080422449,-3.437330033,0.000587479,0.002180858
ENSMUSG00000003731.14_ Kpna6, Kpna6,20.147128,18.408596,16.765264,20.034434,19.427269,19.946683,21.24956,21.582517,27.673569,17.675898, Kpna6,1044.505109,-0.221651751,0.086022849,-2.576661373,0.009975963,0.024230826
ENSMUSG00000003746.17_ Man1a, Man1a,8.833494,14.157436,9.200621,8.805492,9.718373,10.714927,17.557437,25.363676,25.29426,21.856786, Man1a,673.8603698,0.66922398,0.124171941,5.389494393,7.07E-08,9.19E-07
ENSMUSG00000003752.10_ Itpkc, Itpkc,1.955663,2.661996,3.52,3.118339,1.898549,3.111969,3.053371,5.630951,5.182284,3.512004, Itpkc,107.9357371,0.248932468,0.176433342,1.410915105,0.158269648,0.2431253
ENSMUSG00000003762.14_ Coq8b, Coq8b,4.431889,4.871024,3.813606,6.56901,2.894087,4.316618,5.07126,12.371289,10.029204,6.581663, Coq8b,119.0233886,0.425521872,0.173146284,2.457585935,0.013987434,0.032259884
ENSMUSG00000003778.15_ Brd8, Brd8,8.745581,12.228954,10.299027,10.112735,8.715596,9.89852,9.330394,16.736002,13.882825,13.158635, Brd8,429.8906203,-0.03596607,0.101774396,-0.353390157,0.723795964,0.794162451
ENSMUSG00000003779.17_ Kif20a, Kif20a,1.828305,1.701572,1.161001,2.2844,1.796822,1.572577,3.28519,4.994588,4.89562,2.384928, Kif20a,93.85978042,0.667122661,0.207865226,3.209400019,0.001330123,0.004372728
ENSMUSG00000003808.19_ Farsa, Farsa,11.41484,10.66527,11.604686,12.141211,11.272726,12.484055,12.96649,15.845374,16.081049,15.611764, Farsa,236.9641099,-0.068958893,0.107914405,-0.639014716,0.522813359,0.626327296
ENSMUSG00000003809.15_ Gcdh, Gcdh,34.219003,33.390707,36.485753,37.447424,35.646478,38.61574,32.041062,22.687734,36.791208,35.153134, Gcdh,712.5185466,-0.668854123,0.170356543,-3.926201555,8.63E-05,0.00042702
ENSMUSG00000003810.15_ Mast2, Mast2,51.801298,59.070311,57.521955,63.716763,55.032332,59.931854,63.878804,61.378674,62.886338,54.806947, Mast2,2936.828047,-0.383278064,0.082386086,-4.652218393,3.28E-06,2.65E-05
ENSMUSG00000003812.14_ Dnase2a, Dnase2a,3.827278,5.066945,3.015285,4.7248,3.139162,4.71415,5.558209,13.341535,10.402955,11.444539, Dnase2a,109.8242923,0.794827908,0.165048954,4.815710047,1.47E-06,1.32E-05
ENSMUSG00000003813.16_ Rad23a, Rad23a,51.960258,44.308078,41.752931,47.745786,49.053667,49.180976,40.739602,51.040146,52.984422,49.283079, Rad23a,774.416621,-0.389207233,0.087790728,-4.433352378,9.28E-06,6.39E-05
ENSMUSG00000003814.9_ Calr, Calr,108.658329,125.606964,122.452016,113.778395,115.19664,120.856004,147.017494,201.480893,182.770183,171.447283, Calr,2895.135601,0.139401989,0.05713884,2.439706319,0.014699206,0.033692211
ENSMUSG00000003847.17_ Nfat5, Nfat5,10.618598,11.369117,9.45727,10.052013,10.690436,11.016888,11.095593,19.512099,16.561893,14.930187, Nfat5,1446.178872,0.044841845,0.081418293,0.550758851,0.581798995,0.678160932
ENSMUSG00000003848.15_ Nob1, Nob1,13.69564,13.545531,15.754581,16.273969,15.813841,15.848169,13.954265,20.165169,20.41201,14.221266, Nob1,260.2559314,-0.252146193,0.115414324,-2.184704511,0.028910519,0.059334259
ENSMUSG00000003849.9_ Nqo1, Nqo1,29.54096,26.682411,26.201442,27.376553,26.671478,25.249283,25.52184,35.644099,29.287292,19.427458, Nqo1,408.4591917,-0.441777144,0.121717246,-3.629536151,0.000283931,0.001179617
ENSMUSG00000003865.17_ Gys1, Gys1,55.185396,51.23167,53.665062,70.759143,59.56427,56.934999,53.215735,51.944261,51.033528,49.7258, Gys1,2166.971488,-0.606423759,0.12894763,-4.702868582,2.57E-06,2.14E-05
ENSMUSG00000003868.15_ Ruvbl2, Ruvbl2,10.908271,11.85388,12.653941,13.941155,11.587176,11.838503,11.948972,16.308876,15.830187,16.417297, Ruvbl2,275.344118,-0.17132509,0.118296918,-1.448263349,0.147543414,0.229618776
ENSMUSG00000003873.12_ Bax, Bax,16.997946,23.352322,16.61049,18.924517,23.153667,17.968109,28.41914,59.077934,57.455417,37.452924, Bax,211.1591636,0.718355315,0.159582688,4.501461438,6.75E-06,4.89E-05
ENSMUSG00000003923.15_ Tfam, Tfam,35.630715,23.601434,19.247945,29.876875,29.391562,25.916943,24.363537,24.577358,22.638027,19.635591, Tfam,424.953353,-0.472135879,0.108838615,-4.337944567,1.44E-05,9.33E-05
ENSMUSG00000003929.12_ Zfp81, Zfp81,1.838555,1.381484,2.121061,0.791516,1.167084,0.953638,1.641569,2.311651,2.850981,0.911758, Zfp81,84.37542398,-0.285181504,0.179218439,-1.59125091,0.11155312,0.182179421
ENSMUSG00000003934.6_ Efnb3, Efnb3,24.655565,26.155057,27.19816,29.6564,25.097622,28.30233,22.40103,6.744075,10.45715,23.702859, Efnb3,802.8310327,-1.112584804,0.407255033,-2.731911735,0.006296801,0.016456388
ENSMUSG00000003948.18_ Mmd, Mmd,15.996025,17.093894,15.13437,15.377216,17.536931,18.082773,14.91529,17.754126,17.731716,14.739344, Mmd,457.098152,-0.469408681,0.086608243,-5.41990767,5.96E-08,7.90E-07
ENSMUSG00000003949.17_ Hlf, Hlf,5.591538,13.376239,8.474638,6.631231,8.272057,8.462163,10.451742,9.720472,11.78025,11.264442, Hlf,451.4666597,-0.094206333,0.186352299,-0.505528151,0.613187932,0.705253595
ENSMUSG00000003955.9_ Fam162a, Fam162a,120.973922,109.627255,102.756831,122.311502,128.503102,111.930293,133.711888,142.658674,135.203132,119.120899, Fam162a,628.6930113,-0.249809374,0.112759707,-2.215413472,0.026731697,0.055637124
ENSMUSG00000003970.10_ Rpl8, Rpl8,350.490438,427.050799,386.325804,397.294388,381.5277,380.146912,475.640517,607.767213,610.4703,662.075647, Rpl8,3155.814213,0.163081046,0.097414285,1.674097848,0.094111371,0.158531821
ENSMUSG00000003992.16_ Ssbp2, Ssbp2,14.624639,23.00546,15.117936,16.519084,17.033208,17.74691,25.471217,34.081218,30.866351,24.626897, Ssbp2,305.1216512,0.123487762,0.103823417,1.189401824,0.234281583,0.334059072
ENSMUSG00000004018.10_ Fancl, Fancl,2.440492,2.001755,1.84984,2.74659,1.526639,3.709879,2.427204,2.840129,2.474997,2.642999, Fancl,60.90926294,-0.096797102,0.197275059,-0.490670753,0.623659336,0.714192321
ENSMUSG00000004032.11_ Gstm5, Gstm5,28.950265,38.380066,30.664159,29.573216,36.460949,33.568655,38.727067,40.507996,37.729284,31.298309, Gstm5,275.8061961,-0.269422548,0.119700935,-2.250797359,0.024398375,0.05160751
ENSMUSG00000004035.13_ Gstm7, Gstm7,28.626347,28.860255,36.571032,37.798937,33.441835,29.387684,30.865147,15.026599,25.548231,35.977094, Gstm7,331.6464545,-0.737688762,0.231227745,-3.190312493,0.00142119,0.004629635
ENSMUSG00000004040.17_ Stat3, Stat3,42.037609,59.537554,39.450584,45.945371,44.403388,57.468388,51.984241,77.761774,82.008084,50.427212, Stat3,2331.811826,0.05402391,0.117648787,0.459196488,0.646093072,0.732583337
ENSMUSG00000004043.15_ Stat5a, Stat5a,9.843341,11.153275,9.476687,9.887842,8.663747,10.978715,8.024943,12.327838,9.298705,10.254463, Stat5a,373.5546554,-0.489752319,0.105990652,-4.620712398,3.82E-06,3.03E-05
ENSMUSG00000004044.10_ Cavin1, Cavin1,63.597445,75.277257,67.838926,78.029055,71.839254,69.344017,86.61902,123.366425,126.635141,100.545136, Cavin1,2988.082001,0.233987831,0.063213469,3.701550211,0.000214286,0.000927615
ENSMUSG00000004054.10_ Map3k11, Map3k11,9.161494,11.742954,10.485034,15.328204,12.082337,11.592406,16.943206,21.995251,25.931569,17.914713, Map3k11,566.9091692,0.295912179,0.134540575,2.199427049,0.027847571,0.057534624
ENSMUSG00000004056.17_ Akt2, Akt2,67.804613,72.994182,64.040209,71.487474,68.061576,79.432981,65.549419,67.820981,74.156279,75.080776, Akt2,2266.232425,-0.377173432,0.109197465,-3.454049329,0.000552236,0.002072091
ENSMUSG00000004069.18_ Dnaja3, Dnaja3,71.516096,63.827489,66.264053,78.693501,67.982923,71.081077,67.996575,55.538548,68.76633,67.357744, Dnaja3,1822.839125,-0.527246062,0.148851463,-3.542095263,0.000396962,0.001568012
ENSMUSG00000004070.16_ Hmox2, Hmox2,40.698903,47.397108,38.694373,39.483497,37.421783,38.213404,42.29163,49.776048,60.614957,42.483578, Hmox2,579.4957293,-0.109661964,0.090301379,-1.214399654,0.224595147,0.322816424
ENSMUSG00000004071.14_ Cdip1, Cdip1,28.894231,34.238313,29.263522,27.349477,29.970734,32.208509,31.393383,27.483311,31.94627,28.133083, Cdip1,882.0281681,-0.399729466,0.11014717,-3.629048909,0.000284467,0.001179993
ENSMUSG00000004085.15_ Map3k20, Map3k20,47.877531,48.389685,54.521539,52.813783,48.045411,58.454946,45.081114,47.65412,40.181384,35.165832, Map3k20,3025.660465,-0.70769634,0.10256425,-6.900029371,5.20E-12,1.71E-10
ENSMUSG00000004096.10_ Cwc15, Cwc15,47.400844,44.773437,40.593025,43.23948,41.758893,44.085978,51.548784,50.92691,52.420988,46.986714, Cwc15,390.9849401,-0.224427092,0.1111175,-2.01972769,0.043411641,0.083558665
ENSMUSG00000004098.8_ Col5a3, Col5a3,6.229216,8.301224,4.777689,5.828715,4.871514,3.650585,7.959427,27.011009,19.264099,13.611793, Col5a3,614.3980475,1.092213761,0.242535013,4.503324072,6.69E-06,4.86E-05
ENSMUSG00000004099.17_ Dnmt1, Dnmt1,5.009602,6.739227,5.544865,6.404352,5.114929,4.635305,6.599266,11.616386,12.173017,9.372426, Dnmt1,385.6400566,0.413619133,0.118785494,3.482067711,0.000497558,0.001896158
ENSMUSG00000004100.13_ Ppan, Ppan,4.240062,5.458392,3.689464,6.201195,5.271634,6.060593,4.560998,9.835328,8.670132,13.275945, Ppan,106.057753,0.251474486,0.191418703,1.313740416,0.188933575,0.280465261
ENSMUSG00000004105.9_ Angptl2, Angptl2,22.460291,32.60656,19.761351,26.426989,25.125134,25.36143,44.947497,109.075768,79.641855,48.521405, Angptl2,1395.509754,0.988009032,0.163473135,6.043861766,1.50E-09,2.90E-08
ENSMUSG00000004127.13_ Trmt10a, Trmt10a,2.013411,0.55033,0.845853,1.238798,0.651756,2.2337,1.588356,2.392932,1.720627,2.045023, Trmt10a,34.88547054,0.458019576,0.254679106,1.79841834,0.072110739,0.1270804
ENSMUSG00000004151.18_ Etv1, Etv1,3.021413,8.249454,2.84851,2.245226,2.209638,4.228846,2.11436,5.755831,5.245861,4.103105, Etv1,172.6352763,-0.184029479,0.297087031,-0.619446355,0.535622352,0.637234007
ENSMUSG00000004187.12_ Kifc2, Kifc2,3.410089,4.231232,2.883915,3.026802,2.615845,3.546986,2.894155,4.006402,4.315398,4.245442, Kifc2,115.1500683,-0.169952843,0.145810458,-1.165573757,0.243786823,0.345057058
ENSMUSG00000004207.16_ Psap, Psap,578.407005,585.678048,583.975716,678.045466,587.053634,633.038954,676.679219,788.412523,776.659207,751.842344, Psap,18255.38518,-0.145287561,0.08859162,-1.639969564,0.101011496,0.167918594
ENSMUSG00000004221.17_ Ikbkg, Ikbkg,13.115391,18.122508,13.769641,13.741361,9.296197,12.861569,15.634718,20.149716,22.154211,12.61938, Ikbkg,552.2315939,-0.270452194,0.083181154,-3.251363828,0.001148528,0.003846316
ENSMUSG00000004233.15_ Wars2, Wars2,2.527048,1.789968,2.072701,2.578476,1.993836,3.327844,2.367168,3.179658,4.209184,3.547392, Wars2,109.8415013,-0.119155098,0.166878805,-0.714021761,0.475213724,0.582115377
ENSMUSG00000004263.16_ Atn1, Atn1,16.261128,20.092052,15.586813,19.114574,18.284422,17.252995,20.183306,34.992761,27.41464,22.501067, Atn1,975.1330171,0.093015723,0.08412357,1.105703476,0.268854885,0.373248818
ENSMUSG00000004264.18_ Phb2, Phb2,170.933124,156.839067,168.86872,195.301065,170.709438,174.431455,177.470713,156.579823,187.216326,186.405136, Phb2,2185.448817,-0.390723495,0.139842807,-2.794019259,0.005205738,0.014019628
ENSMUSG00000004266.16_ Ptpn6, Ptpn6,2.430626,2.191872,4.015522,2.772795,3.086139,3.77009,12.142316,17.20546,20.315054,22.797544, Ptpn6,157.4859938,2.099876804,0.275537544,7.621018802,2.52E-14,1.39E-12
ENSMUSG00000004267.17_ Eno2, Eno2,0.762835,2.015742,0.43583,0.565377,1.667267,0.563523,1.991149,6.71683,4.656834,3.140645, Eno2,39.54714407,1.604938314,0.343255411,4.675638788,2.93E-06,2.41E-05
ENSMUSG00000004268.12_ Emg1, Emg1,40.683561,36.460739,36.214412,43.13986,34.65391,41.192404,34.954165,43.309727,45.415983,51.928368, Emg1,414.4192434,-0.351816866,0.122156753,-2.880044354,0.003976192,0.011147609
ENSMUSG00000004270.14_ Lpcat3, Lpcat3,28.801133,31.424168,26.405534,32.111573,27.066853,27.809151,25.448096,25.11185,32.243261,27.305226, Lpcat3,605.4948573,-0.52245785,0.102011968,-5.121534859,3.03E-07,3.31E-06
ENSMUSG00000004285.13_ Atp6v1f, Atp6v1f,57.415651,64.793707,64.830324,72.599034,63.472085,61.892854,77.496543,114.830417,91.214217,81.626035, Atp6v1f,381.1568975,0.04657511,0.090490454,0.514696388,0.606765198,0.699550545
ENSMUSG00000004317.15_ Clcn5, Clcn5,0.28603,0.809107,0.311543,0.257135,0.775276,0.943057,1.25188,2.150225,1.980845,1.525028, Clcn5,72.25563838,1.415305259,0.26240854,5.393518292,6.91E-08,9.02E-07
ENSMUSG00000004319.16_ Clcn3, Clcn3,9.896594,9.871435,10.555601,9.509104,10.666088,10.947671,10.262384,10.080559,9.177529,12.118123, Clcn3,591.8790865,-0.399345427,0.151997808,-2.627310435,0.008606278,0.021416085
ENSMUSG00000004328.16_ Hif3a, Hif3a,0.238268,1.12528,0.659635,0.396814,0.239757,0.508591,0.707164,0.686076,0.640576,0.789683, Hif3a,40.50666868,-0.068139232,0.38607545,-0.17649201,0.859907425,0.898712289
ENSMUSG00000004347.18_ Pde1c, Pde1c,12.111108,12.181098,14.469448,12.853512,10.84331,14.19393,18.959361,20.571837,22.475843,17.017514, Pde1c,852.2803575,0.072654297,0.09916903,0.732630914,0.463783571,0.57180618
ENSMUSG00000004356.9_ Utp20, Utp20,5.633725,8.374909,3.938436,3.254412,4.11789,5.467622,4.714378,5.972392,4.141457,5.72286, Utp20,312.9999071,-0.229731691,0.106765147,-2.151747993,0.031417208,0.063583618
ENSMUSG00000004364.15_ Cul3, Cul3,57.390479,59.979106,51.535583,54.543528,60.428375,70.727997,53.05485,51.324198,65.118105,61.805371, Cul3,1719.522203,-0.568774063,0.121237371,-4.691408735,2.71E-06,2.24E-05
ENSMUSG00000004383.19_ Large1, Large1,22.50336,20.503261,21.567968,23.419991,23.605321,24.008163,25.833452,34.759261,30.067281,22.677422, Large1,1057.693741,-0.111297987,0.091348068,-1.218394542,0.223074078,0.321095248
ENSMUSG00000004393.11_ Ddx56, Ddx56,10.743882,12.326475,13.434098,12.488358,10.709931,12.960278,11.280175,18.754858,16.678812,14.621493, Ddx56,243.4875437,-0.159431186,0.103483865,-1.540638116,0.123404886,0.198321045
ENSMUSG00000004394.13_ Tmed4, Tmed4,38.326414,45.303209,41.389639,46.16065,40.01207,44.456766,48.775936,55.52382,60.999047,51.178344, Tmed4,900.5842282,-0.082064188,0.082951969,-0.989297655,0.322517531,0.430958789
ENSMUSG00000004446.13_ Bid, Bid,1.711438,2.040393,2.697169,1.808118,1.484973,2.514967,2.792756,3.99924,3.04003,3.208913, Bid,60.84835555,0.201805935,0.201792925,1.000064472,0.317279308,0.425501931
ENSMUSG00000004451.15_ Ralb, Ralb,11.436279,14.096814,8.262987,11.023942,12.381492,12.292331,15.862957,29.258085,25.214529,16.924684, Ralb,345.717334,0.448595206,0.137989058,3.250947669,0.00115021,0.003850862
ENSMUSG00000004455.17_ Ppp1cc, Ppp1cc,60.67608,72.792149,67.707598,66.443355,72.506295,74.188012,78.278343,102.670278,110.234305,87.89437, Ppp1cc,1530.579615,-0.009828892,0.071152097,-0.138139176,0.890130425,0.921120045
ENSMUSG00000004460.18_ Dnajb11, Dnajb11,22.279012,23.876014,21.673483,22.386529,21.408854,24.126216,26.034206,38.92151,32.097782,31.804145, Dnajb11,498.3864174,0.053640928,0.074365299,0.721316647,0.470714717,0.577922781
ENSMUSG00000004462.8_ Tbccd1, Tbccd1,5.446084,8.678733,4.765877,4.902498,3.735596,9.648641,4.772795,8.003213,8.606637,7.801934, Tbccd1,135.5489972,-0.139206165,0.157737761,-0.882516429,0.377497599,0.487722812
ENSMUSG00000004473.11_ Clec11a, Clec11a,0.284341,0.666568,0.248098,0.446751,0.270796,0.181336,1.14842,8.271422,3.870217,1.586869, Clec11a,42.61479838,2.857588001,0.485424414,5.886782617,3.94E-09,6.94E-08
ENSMUSG00000004500.10_ Zfp324, Zfp324,1.139577,1.015019,1.158766,1.171596,1.163736,0.993053,1.537415,2.952914,1.933516,1.933759, Zfp324,67.78586826,0.453607631,0.174960272,2.592632178,0.009524457,0.023322988
ENSMUSG00000004508.7_ Gab2, Gab2,5.523539,8.79692,5.598764,5.347374,6.968675,8.243034,7.528239,21.166113,16.638522,6.022552, Gab2,516.8305323,0.361790127,0.21967078,1.646965188,0.099565202,0.165920566
ENSMUSG00000004530.13_ Coro1c, Coro1c,11.156222,12.1948,9.407351,8.520312,8.344986,8.673505,16.56636,30.956725,29.420646,19.925743, Coro1c,516.4607681,0.90364531,0.122976155,7.348134366,2.01E-13,8.76E-12
ENSMUSG00000004535.13_ Tax1bp1, Tax1bp1,34.430295,38.743599,35.948926,36.911021,35.534144,39.625859,38.544552,51.477231,47.283884,37.310311, Tax1bp1,1372.892444,-0.212085793,0.05576795,-3.80300499,0.000142951,0.000655146
ENSMUSG00000004558.16_ Ndrg2, Ndrg2,753.131693,862.296181,915.834555,864.232906,803.849464,903.995946,778.015785,788.176423,824.01927,776.989927, Ndrg2,15280.70224,-0.544261335,0.101358345,-5.369674639,7.89E-08,1.01E-06
ENSMUSG00000004561.15_ Mettl17, Mettl17,8.224317,11.118274,11.223125,10.271887,8.759902,9.95678,12.578554,12.635458,10.822916,12.602496, Mettl17,168.5971058,-0.115542691,0.144577798,-0.799173128,0.424190031,0.533078558
ENSMUSG00000004562.17_ Arhgef40, Arhgef40,16.940694,24.614291,13.736429,18.695552,13.747412,9.496764,24.790115,79.344881,61.55468,33.170171, Arhgef40,727.8704813,1.004703261,0.251295706,3.998091636,6.39E-05,0.000329493
ENSMUSG00000004565.16_ Pnpla6, Pnpla6,6.715693,9.411834,7.003684,11.159946,7.037324,8.305506,7.049807,19.329556,19.286034,14.250854, Pnpla6,258.5358,0.337647259,0.161428963,2.091615119,0.036472959,0.072118512
ENSMUSG00000004567.17_ Mcoln1, Mcoln1,18.185936,20.72983,22.905408,21.297424,17.940651,19.717507,25.47236,38.172227,30.705321,28.087906, Mcoln1,406.1250036,0.104904086,0.081180248,1.292236571,0.19627523,0.289332702
ENSMUSG00000004568.14_ Arhgef18, Arhgef18,6.894832,6.288943,6.32482,6.693753,5.578916,6.07364,7.059926,9.819066,9.217108,13.88571, Arhgef18,427.9164572,0.258808962,0.202515524,1.277970978,0.201259659,0.29531693
ENSMUSG00000004591.17_ Pkn2, Pkn2,9.683397,11.578476,10.46463,9.374318,12.059998,11.385847,12.220851,16.239039,16.745085,12.487116, Pkn2,641.3806323,-0.040636082,0.094095505,-0.431859975,0.665843186,0.747862787
ENSMUSG00000004609.12_ Cd33, Cd33,2.509004,2.493006,1.690484,1.894575,0.925037,1.325328,3.370091,6.832341,8.620164,3.562187, Cd33,119.7704058,1.153007939,0.162298416,7.104246421,1.21E-12,4.50E-11
ENSMUSG00000004610.5_ Etfb, Etfb,707.925498,700.03529,751.002016,761.087229,797.355655,808.843745,657.808717,402.671924,581.728235,714.212879, Etfb,4843.980728,-0.718389448,0.205197667,-3.500963036,0.00046358,0.001783532
ENSMUSG00000004626.15_ Stxbp2, Stxbp2,2.259478,5.003776,3.997748,4.673864,2.226349,1.32713,4.5316,10.649643,10.852569,16.460777, Stxbp2,77.66956493,1.399405595,0.378159345,3.700571234,0.000215115,0.000929973
ENSMUSG00000004631.16_ Sgce, Sgce,9.736609,14.597299,9.520865,7.102866,7.827152,7.733772,9.689594,28.486609,19.888031,14.013553, Sgce,197.6268252,0.436282528,0.229217193,1.903358653,0.056993762,0.105151535
ENSMUSG00000004633.18_ Chn2, Chn2,1.221505,1.568117,0.814853,1.068782,0.961604,0.871602,1.206691,2.461257,3.12632,1.431722, Chn2,33.54243124,0.451274909,0.273573298,1.649557584,0.099033456,0.165226537
ENSMUSG00000004637.16_ Wwox, Wwox,1.78823,2.817599,2.486344,2.653009,2.17403,2.002216,2.639174,3.646712,5.691553,3.169782, Wwox,70.81830085,0.132985011,0.223506479,0.594993988,0.55184749,0.652027168
ENSMUSG00000004642.14_ Slbp, Slbp,5.389749,5.421707,6.096633,5.821357,4.834728,5.430371,7.477963,12.503498,10.382977,8.896562, Slbp,119.8499759,0.363154499,0.119752147,3.032551039,0.002424961,0.007317426
ENSMUSG00000004655.6_ Aqp1, Aqp1,115.325159,209.973224,191.62485,149.983241,171.421329,181.815985,141.508758,96.597556,147.82028,153.762135, Aqp1,4385.249118,-0.737274104,0.201808467,-3.653335827,0.000258855,0.001087344
ENSMUSG00000004661.16_ Arid3b, Arid3b,0.781663,1.31006,1.052005,1.778975,1.678731,1.974877,1.551102,1.918805,1.642833,3.460655, Arid3b,65.00711653,0.137374051,0.341511949,0.402252546,0.687498175,0.765968141
ENSMUSG00000004665.11_ Cnn2, Cnn2,13.997861,14.853728,13.593749,14.486327,15.015509,14.818969,27.172634,53.354673,37.336626,34.19288, Cnn2,561.9955909,0.916111465,0.103662351,8.837456012,9.79E-19,1.39E-16
ENSMUSG00000004667.19_ Polr2e, Polr2e,58.223941,62.872605,69.374914,76.082885,69.911381,69.002439,57.675979,78.822405,82.083259,74.482903, Polr2e,729.9721185,-0.334926492,0.106442078,-3.146561003,0.001652028,0.005256823
ENSMUSG00000004677.19_ Myo9b, Myo9b,7.18829,9.141071,7.281122,8.618014,8.028127,7.300515,11.952555,24.438862,20.815281,13.424309, Myo9b,897.5453412,0.668297567,0.12354014,5.409558132,6.32E-08,8.29E-07
ENSMUSG00000004698.12_ Hdac9, Hdac9,7.816479,7.472328,10.27979,6.467756,8.154875,10.68182,8.258998,9.557827,9.244141,7.959081, Hdac9,325.1014475,-0.454479295,0.159325941,-2.852512856,0.004337506,0.012025322
ENSMUSG00000004707.15_ Ly9, Ly9,0.269527,0.187529,0.088868,0.141135,0.183502,0.223325,3.01416,7.244497,4.269333,5.828202, Ly9,43.65155057,4.417915533,0.387272777,11.40776165,3.82E-30,2.90E-27
ENSMUSG00000004730.16_ Adgre1, Adgre1,3.525911,4.114652,5.328962,5.019922,2.727716,3.889785,14.882334,32.633439,39.802278,12.373655, Adgre1,334.0226074,2.055138648,0.216654067,9.485806903,2.41E-21,5.44E-19
ENSMUSG00000004748.6_ Mtfp1, Mtfp1,89.265116,70.794219,82.606041,99.342013,88.276855,79.471136,89.466831,51.386013,74.752634,89.374349, Mtfp1,1103.217167,-0.564153047,0.221597089,-2.545850441,0.010901188,0.026133679
ENSMUSG00000004768.15_ Rab23, Rab23,2.885916,6.652151,2.968683,3.058873,3.366529,3.761934,4.830751,12.099647,8.911702,5.296743, Rab23,143.6066519,0.56476344,0.209886811,2.69080005,0.00712809,0.018284423
ENSMUSG00000004771.13_ Rab11a, Rab11a,48.661256,58.521121,55.04943,61.423093,47.479065,61.630196,60.577111,85.920078,90.590844,64.902637, Rab11a,822.6410574,-0.188834757,0.06366964,-2.965852441,0.003018453,0.008825485
ENSMUSG00000004788.12_ Eif2b2, Eif2b2,14.899429,18.960865,16.620472,20.835094,15.632221,16.961227,21.077827,31.872095,35.743133,45.974973, Eif2b2,296.7534825,0.01567519,0.131162845,0.119509377,0.904871811,0.931963782
ENSMUSG00000004789.11_ Dlst, Dlst,287.712078,251.569758,277.759958,322.255102,283.893857,279.091968,272.614551,203.686562,269.363948,268.727398, Dlst,7866.756925,-0.590410264,0.167317699,-3.528677893,0.000417641,0.001633575
ENSMUSG00000004791.8_ Pgf, Pgf,2.133472,4.245231,2.738272,2.737902,2.843628,3.847251,5.532424,6.706837,7.061516,6.083469, Pgf,61.07814202,0.611178,0.184473514,3.3130935,0.000922701,0.00318684
ENSMUSG00000004798.15_ Ulk2, Ulk2,20.26741,23.705395,20.604992,23.785653,20.892783,23.726851,23.425018,30.259552,26.848715,21.53394, Ulk2,1285.304228,-0.278449525,0.06847638,-4.066358687,4.78E-05,0.000256996
ENSMUSG00000004815.13_ Dgkq, Dgkq,4.134363,4.241657,3.909964,7.317829,3.44699,5.593276,6.681252,8.65191,9.594878,6.220174, Dgkq,215.2578797,0.203107475,0.125913812,1.613067479,0.106729848,0.175573522
ENSMUSG00000004837.3_ Grap, Grap,4.574505,6.630282,5.098729,7.502369,7.053705,5.910571,7.15145,12.203714,13.87143,14.476134, Grap,130.8411781,0.50789115,0.201301167,2.523041254,0.011634475,0.027584034
ENSMUSG00000004843.8_ Chmp2b, Chmp2b,21.40591,21.595456,22.186126,20.624356,20.232994,19.398024,23.677733,29.823808,28.02947,22.848322, Chmp2b,424.2185252,-0.134568453,0.08717011,-1.543745356,0.122650034,0.197255384
ENSMUSG00000004846.11_ Plod3, Plod3,14.40412,23.375582,20.212578,18.017486,17.336337,22.173373,25.159365,61.88557,55.711474,36.523937, Plod3,689.980546,0.778291939,0.170814011,4.556370612,5.20E-06,3.92E-05
ENSMUSG00000004849.15_ Ap1s1, Ap1s1,29.996341,27.040254,14.676633,25.13337,29.021526,22.769572,41.351047,57.829948,57.026428,27.569081, Ap1s1,276.0448453,0.530465994,0.093995675,5.643514914,1.67E-08,2.50E-07
ENSMUSG00000004865.17_ Srpk1, Srpk1,8.945215,10.198144,7.515412,10.071646,9.856657,9.712047,13.617461,16.316106,13.336099,11.375496, Srpk1,451.4313498,-0.051576943,0.090862406,-0.567637873,0.570280885,0.668358628
ENSMUSG00000004880.12_ Lbr, Lbr,7.123022,9.393269,8.23171,7.968126,8.580069,9.428437,9.315971,12.339236,12.471218,12.908818, Lbr,346.9600316,0.035308044,0.119143615,0.296348602,0.766963873,0.828837561
ENSMUSG00000004891.17_ Nes, Nes,5.053904,6.007897,5.447766,6.236856,6.576832,6.691876,10.782065,19.907961,16.377456,8.215372, Nes,565.0791887,0.722913806,0.164944068,4.382781488,1.17E-05,7.81E-05
ENSMUSG00000004895.10_ Prcc, Prcc,18.59139,22.772478,18.999568,22.522397,19.427263,20.088383,22.877439,25.652073,24.050683,25.152896, Prcc,466.1592202,-0.177661519,0.098390174,-1.805683549,0.070967784,0.125391646
ENSMUSG00000004896.17_ Mettl25b, Mettl25b,5.182773,6.22781,6.203059,5.285351,6.126592,5.714049,6.289013,7.36491,10.000375,5.535246, Mettl25b,175.4603546,-0.064888226,0.112692683,-0.575798043,0.564751696,0.662842042
ENSMUSG00000004897.18_ Hdgf, Hdgf,66.467841,67.719289,52.527349,56.688831,63.836341,60.073551,66.924424,81.192322,70.860247,73.635362, Hdgf,1302.782536,-0.112649929,0.090545346,-1.244127213,0.213452747,0.309699745
ENSMUSG00000004929.13_ Thop1, Thop1,6.152798,7.36643,6.11945,6.737515,6.517023,7.289863,6.39788,10.306103,9.472706,8.3178, Thop1,207.7141779,-0.114563746,0.100538967,-1.139495957,0.254496354,0.357547698
ENSMUSG00000004931.12_ Apba3, Apba3,43.322368,39.508705,41.160855,44.193653,43.935949,42.291369,45.640129,53.676138,60.943782,46.719344, Apba3,711.8072747,-0.320087151,0.105936822,-3.021490986,0.002515331,0.007539633
ENSMUSG00000004933.18_ Matk, Matk,0.715387,0.364842,0.159861,0.496303,0.356168,0.611342,0.63324,1.513956,1.511973,2.151064, Matk,15.74853988,1.29081296,0.443959886,2.907499079,0.003643314,0.010352148
ENSMUSG00000004934.15_ Pias4, Pias4,7.537041,9.295018,10.692632,10.513058,8.035527,8.618245,10.660279,13.266027,16.54709,11.944466, Pias4,261.3623843,0.041498908,0.109622125,0.378563255,0.705012213,0.779452995
ENSMUSG00000004936.9_ Map2k1, Map2k1,20.057345,19.0971,19.280887,22.154471,20.674721,20.384798,25.555385,40.038832,33.10161,25.88412, Map2k1,584.1217148,0.142375817,0.091161218,1.561802493,0.118334524,0.191388586
ENSMUSG00000004937.7_ Sgta, Sgta,46.213894,55.696576,49.722074,59.947242,47.395027,56.86888,58.193417,66.840365,70.895508,63.555786, Sgta,1044.132531,-0.120229966,0.08984692,-1.338164576,0.180842794,0.270557008
ENSMUSG00000004939.8_ Nmrk2, Nmrk2,5.209129,3.565866,3.272961,4.87513,6.153749,6.178454,5.480952,33.567578,8.612634,3.58438, Nmrk2,132.0041586,0.79794511,0.445191727,1.792362846,0.073074862,0.128358622
ENSMUSG00000004945.16_ Tmem242, Tmem242,57.638861,64.290275,64.712668,61.623183,63.452435,59.809341,60.559419,61.525914,68.614978,75.066625, Tmem242,513.5944855,-0.33174356,0.126030287,-2.632252666,0.008482076,0.02116008
ENSMUSG00000004947.16_ Dtx2, Dtx2,2.469396,3.829202,3.288447,3.052218,3.612641,4.428808,3.167827,5.871984,7.527189,5.887988, Dtx2,115.6529198,0.17716164,0.188092356,0.941886444,0.346250781,0.455268075
ENSMUSG00000004951.11_ Hspb1, Hspb1,318.809369,271.177354,344.225396,347.83884,293.329061,361.990715,296.885559,607.073186,390.259098,323.851689, Hspb1,2621.872085,-0.166053689,0.14150776,-1.173459952,0.240611408,0.34164966
ENSMUSG00000004952.14_ Rasa4, Rasa4,4.92475,4.745851,4.877084,7.116472,4.988769,4.104069,11.693212,25.531144,15.817691,12.881504, Rasa4,221.7251417,0.98605438,0.205916996,4.788601225,1.68E-06,1.48E-05
ENSMUSG00000004980.17_ Hnrnpa2b1, Hnrnpa2b1,264.544327,259.265855,240.535082,246.790355,268.659032,270.233497,255.394798,290.701899,283.271195,299.580698, Hnrnpa2b1,4067.189569,-0.316279929,0.10036098,-3.151423264,0.001624768,0.005182867
ENSMUSG00000004994.13_ Yju2b, Yju2b,4.094851,5.975101,5.681767,4.877318,4.63425,3.845273,5.617323,9.704794,9.298216,4.623856, Yju2b,66.91759879,0.001964107,0.171999544,0.011419255,0.99088895,0.993584723
ENSMUSG00000004996.10_ Mri1, Mri1,5.174503,7.06525,4.737058,6.277483,3.856872,7.748514,5.942578,9.067391,7.324031,10.081112, Mri1,138.2741877,0.073517587,0.16266725,0.451950759,0.651304456,0.736485579
ENSMUSG00000005034.16_ Prkacb, Prkacb,16.271355,19.292126,15.71424,16.957052,17.253797,17.287245,21.641029,31.202309,28.690784,26.8006, Prkacb,938.3977129,0.128237374,0.053645106,2.390476655,0.016826519,0.037798866
ENSMUSG00000005043.14_ Sgsh, Sgsh,2.917746,3.646032,2.697391,3.055059,1.956615,2.748056,4.624152,8.534376,7.470241,6.045907, Sgsh,192.5069822,0.765305142,0.14506811,5.275488469,1.32E-07,1.57E-06
ENSMUSG00000005054.8_ Cstb, Cstb,25.011669,22.002401,14.498789,22.275559,21.596566,21.12482,30.880396,67.544345,49.695809,61.508605, Cstb,126.7840232,0.843044265,0.199880965,4.21773162,2.47E-05,0.000147038
ENSMUSG00000005057.14_ Sh2b2, Sh2b2,0.10151,0.333316,0.207462,0.620586,0.128934,0.161879,0.63645,3.147264,2.077251,1.381794, Sh2b2,21.47980949,2.291801182,0.501217905,4.572464713,4.82E-06,3.66E-05
ENSMUSG00000005069.13_ Pex5, Pex5,10.380941,12.273277,11.265654,13.581887,11.647257,11.583397,12.391429,18.822379,18.592221,14.074666, Pex5,404.4104027,-0.035114614,0.085624077,-0.410102108,0.681731046,0.761611717
ENSMUSG00000005078.17_ Jkamp, Jkamp,12.745133,13.427812,9.14049,14.795999,12.007632,11.716705,14.386368,19.101109,18.975447,14.160093, Jkamp,204.5729833,-0.060833933,0.119507886,-0.509036975,0.610726307,0.703111946
ENSMUSG00000005087.18_ Cd44, Cd44,2.566113,4.840687,2.209594,2.042914,2.250175,2.047706,5.525237,12.997708,10.597092,10.678986, Cd44,202.4588415,1.394588066,0.254560587,5.478413147,4.29E-08,5.85E-07
ENSMUSG00000005102.14_ Eif2ak4, Eif2ak4,1.963445,2.511578,2.118116,2.185503,2.730083,2.380438,2.903949,6.163493,4.753828,3.558212, Eif2ak4,155.7377656,0.39714652,0.124704702,3.184695642,0.001449063,0.004696713
ENSMUSG00000005103.13_ Wdr1, Wdr1,42.410506,33.94915,29.923156,42.737001,35.025676,36.674879,54.054643,83.636814,75.369976,61.470209, Wdr1,1356.108941,0.378817583,0.110126625,3.439836491,0.000582066,0.002166373
ENSMUSG00000005107.14_ Slc2a9, Slc2a9,0.680301,0.876051,0.522548,0.683289,0.709731,0.441194,0.660863,1.579974,1.04341,1.288401, Slc2a9,26.16558477,0.266978064,0.275718771,0.968298471,0.332895328,0.442032912
ENSMUSG00000005124.11_ Ccn4, Ccn4,0.249028,1.053481,0.244229,0.179817,0.186033,0.271877,3.926957,17.670363,6.085928,2.591619, Ccn4,124.8845255,3.656634815,0.669882655,5.458619938,4.80E-08,6.46E-07
ENSMUSG00000005125.14_ Ndrg1, Ndrg1,12.390649,19.220982,15.07766,13.609077,13.171284,18.300278,20.525858,36.046632,31.054876,22.792749, Ndrg1,572.7024815,0.37065796,0.129785986,2.855916655,0.004291278,0.011915084
ENSMUSG00000005142.11_ Man2b1, Man2b1,15.609539,20.746499,14.852732,15.973676,14.796314,17.420256,24.98726,47.991351,39.965074,36.698771, Man2b1,928.4608616,0.712632285,0.104996142,6.787223523,1.14E-11,3.55E-10
ENSMUSG00000005150.17_ Wdr83, Wdr83,25.809417,24.766516,25.414571,29.19627,24.144895,24.97051,32.249481,29.397633,34.855422,26.751143, Wdr83,329.3002948,-0.161722761,0.128701539,-1.256572088,0.208908627,0.304373311
ENSMUSG00000005161.16_ Prdx2, Prdx2,222.309065,239.400237,236.898029,273.249084,218.55317,235.0182,260.1036,222.215078,253.280287,229.247487, Prdx2,2539.79122,-0.338744854,0.11262656,-3.007681794,0.002632486,0.007846366
ENSMUSG00000005198.16_ Polr2a, Polr2a,14.159241,18.251202,15.755726,16.618721,12.675758,17.177169,18.999175,31.032451,28.03367,22.815336, Polr2a,1392.981287,0.208776922,0.08741271,2.388404647,0.016921699,0.037963463
ENSMUSG00000005204.13_ Senp3, Senp3,12.684828,27.559726,21.10546,17.483394,16.275401,18.891426,24.451802,35.491569,35.920544,26.016836, Senp3,383.6881501,0.153057315,0.09210304,1.661805237,0.096551832,0.161839739
ENSMUSG00000005220.11_ Corin, Corin,53.499265,84.37013,79.862659,67.583904,68.094641,90.166865,68.323039,67.777339,68.269033,58.29954, Corin,3588.81451,-0.571362168,0.136026147,-4.20038486,2.66E-05,0.000156836
ENSMUSG00000005225.16_ Plekha8, Plekha8,3.267325,3.808367,2.421965,3.232635,3.491009,3.418287,3.976461,3.728029,3.745424,3.939708, Plekha8,178.9789305,-0.059056287,0.14823519,-0.398395865,0.690338405,0.768199125
ENSMUSG00000005233.17_ Spc25, Spc25,1.093643,0.571003,0.450359,0.460169,0.741894,0.650351,1.959719,2.177098,2.171182,1.368875, Spc25,14.36498854,1.161690292,0.354833706,3.273900626,0.001060739,0.003593365
ENSMUSG00000005251.16_ Ripk4, Ripk4,0.438608,0,0.202531,0.104276,0.491085,0.271334,0.26046,0.154152,0.301028,0.317219, Ripk4,10.11919153,-0.406980676,0.710330334,-0.572945652,0.566681493,0.664744136
ENSMUSG00000005262.14_ Ufd1, Ufd1,24.72393,28.983134,29.411016,28.094836,26.026927,23.471853,21.891056,35.225628,31.338396,28.525694, Ufd1,455.6486132,-0.343251163,0.08001055,-4.290073794,1.79E-05,0.000112341
ENSMUSG00000005267.14_ Zfp287, Zfp287,0.745141,1.355568,1.019156,1.175942,1.392776,1.210854,1.386503,2.59917,1.852261,1.746609, Zfp287,40.76214856,0.214085779,0.208303036,1.027761204,0.30406217,0.411239463
ENSMUSG00000005268.21_ Prlr, Prlr,1.40708,1.088343,0.797487,1.107332,0.785633,0.90959,1.392312,0.966571,0.794157,1.024015, Prlr,100.0396023,-0.47463724,0.270155608,-1.756903155,0.078934318,0.136513299
ENSMUSG00000005299.7_ Letm1, Letm1,44.983751,43.733614,39.842849,48.038619,49.030718,42.431724,45.238843,41.00945,35.687691,48.046627, Letm1,1364.874846,-0.519848714,0.113588772,-4.5765854,4.73E-06,3.61E-05
ENSMUSG00000005312.16_ Ubqln1, Ubqln1,20.312613,21.048722,20.248293,20.129636,21.857544,21.480949,23.767992,30.837867,31.498842,24.888385, Ubqln1,872.9355476,-0.060927187,0.0672922,-0.905412326,0.365246988,0.474633439
ENSMUSG00000005338.15_ Cadm3, Cadm3,1.557952,1.256037,0.433018,0.730186,0.915323,1.030227,1.734216,2.646817,2.75826,1.351512, Cadm3,43.82803387,0.930717842,0.27026069,3.443778082,0.000573646,0.002139976
ENSMUSG00000005354.17_ Txn2, Txn2,157.160121,156.828675,155.810898,170.327933,162.393674,156.730268,154.665009,145.7424,152.176851,171.407456, Txn2,1839.707424,-0.417136228,0.128882085,-3.236572625,0.001209744,0.004026239
ENSMUSG00000005360.15_ Slc1a3, Slc1a3,0.456921,0.610126,0.495251,0.423045,0.146702,0.442154,2.979068,5.581519,4.157121,3.230555, Slc1a3,55.46706289,2.412200596,0.365339399,6.602629235,4.04E-11,1.10E-09
ENSMUSG00000005362.15_ Crbn, Crbn,19.791025,20.167412,19.890479,23.444,19.372282,20.600422,17.221446,22.390391,21.003101,18.344765, Crbn,430.1006385,-0.479563488,0.075881253,-6.319920529,2.62E-10,6.07E-09
ENSMUSG00000005370.5_ Msh6, Msh6,2.844177,3.461461,3.001418,2.961633,2.910361,3.129846,3.001301,6.177437,4.630129,4.325567, Msh6,162.5402658,0.09761144,0.12375871,0.7887238,0.430273454,0.539252653
ENSMUSG00000005371.16_ Fbxo11, Fbxo11,13.361196,14.540458,14.120629,11.454412,12.16357,14.756786,13.073294,20.148309,20.084617,15.167489, Fbxo11,572.7919967,-0.119425527,0.072506673,-1.647097048,0.0995381,0.165896833
ENSMUSG00000005373.14_ Mlxipl, Mlxipl,22.404367,20.138355,21.020773,28.344822,24.547024,26.87045,18.625914,17.186568,21.531456,23.068376, Mlxipl,592.3154588,-0.730577655,0.15220188,-4.800056707,1.59E-06,1.42E-05
ENSMUSG00000005374.14_ Tbl2, Tbl2,5.231398,6.027406,2.604999,5.09585,3.135391,2.747917,3.245654,9.169741,6.623279,4.159646, Tbl2,239.222399,0.35500627,0.131172875,2.706400011,0.006801706,0.017555424
ENSMUSG00000005378.18_ Bud23, Bud23,11.496712,13.421954,11.283246,16.532945,12.904869,13.807512,14.69302,17.678966,14.98246,16.695843, Bud23,194.0187687,-0.133645071,0.115731212,-1.154788489,0.248177052,0.350310097
ENSMUSG00000005397.9_ Nid1, Nid1,27.2103,47.951555,32.263087,39.181849,34.673698,35.087594,72.153768,182.085304,182.005575,58.959146, Nid1,4018.401734,1.185963268,0.2108031,5.625928971,1.85E-08,2.74E-07
ENSMUSG00000005410.7_ Mcm5, Mcm5,1.354506,1.469072,1.265393,1.748165,1.116337,1.477603,2.963573,4.596958,5.033255,5.082162, Mcm5,64.0027368,1.124946296,0.223453181,5.034371375,4.79E-07,4.90E-06
ENSMUSG00000005413.9_ Hmox1, Hmox1,12.070979,35.75743,42.490907,69.030689,24.22326,58.550371,19.72235,37.48306,39.719255,22.613134, Hmox1,554.3556697,-0.918440751,0.437326659,-2.100125229,0.035717827,0.070831662
ENSMUSG00000005417.18_ Mprip, Mprip,52.911976,58.580059,55.907431,58.447076,55.75507,57.077288,67.878129,111.302912,95.750366,72.888496, Mprip,3179.613294,0.131228926,0.059614335,2.201298142,0.027714924,0.057332028
ENSMUSG00000005442.14_ Cic, Cic,18.377891,26.14753,16.559308,25.340464,18.111142,23.59668,22.823119,48.443102,37.443973,35.415025, Cic,1348.40146,0.154679997,0.104293361,1.4831241,0.138041442,0.217534156
ENSMUSG00000005447.13_ Pafah1b3, Pafah1b3,1.404879,2.110089,0.782807,2.016563,1.527707,0.99014,2.305325,7.79738,4.201235,12.219702, Pafah1b3,22.1888359,1.79276758,0.453494804,3.953226288,7.71E-05,0.000387626
ENSMUSG00000005465.10_ Il27ra, Il27ra,0.928179,1.958043,1.074705,1.492929,0.532471,1.059098,1.721013,4.381752,3.14395,4.524536, Il27ra,49.5984293,1.016345281,0.314619452,3.230395566,0.001236191,0.004098396
ENSMUSG00000005469.11_ Prkaca, Prkaca,119.930671,125.448689,113.922377,126.548608,114.571606,121.981294,119.124408,125.325493,132.254059,124.35113, Prkaca,2872.358614,-0.380630262,0.089527086,-4.251565415,2.12E-05,0.000129415
ENSMUSG00000005470.9_ Asf1b, Asf1b,0.840054,0.901625,0.71578,0.734257,0.320962,0.537059,1.075341,1.475603,2.612791,1.380428, Asf1b,17.48700371,0.824801844,0.360911347,2.285330874,0.022293434,0.04786706
ENSMUSG00000005481.19_ Ddx39a, Ddx39a,11.212707,9.982262,8.831789,12.921436,9.521746,10.474692,12.743784,17.66349,17.431302,18.268266, Ddx39a,223.7578962,0.226014992,0.125921594,1.794886679,0.072671757,0.127875037
ENSMUSG00000005483.11_ Dnajb1, Dnajb1,4.080242,5.202949,5.329905,6.181924,7.353088,7.325877,6.877031,9.943089,10.832788,7.270973, Dnajb1,216.5630886,0.096416559,0.173449187,0.555877839,0.578294369,0.675296221
ENSMUSG00000005501.15_ Usp40, Usp40,9.234555,9.207373,9.230824,9.564093,8.794634,9.286607,8.436054,12.199276,11.352351,9.477212, Usp40,478.1628635,-0.281634802,0.07652146,-3.680468214,0.000232806,0.000997078
ENSMUSG00000005505.13_ Kbtbd4, Kbtbd4,8.682979,10.106094,7.386527,8.718995,8.461819,8.182969,9.171587,11.351416,10.435497,8.052132, Kbtbd4,210.3764938,-0.284429493,0.110439447,-2.575433884,0.010011441,0.024280427
ENSMUSG00000005506.17_ Celf1, Celf1,19.783026,25.259136,20.296934,26.89863,21.502168,23.030177,22.765421,27.992472,28.592878,25.899734, Celf1,1279.553356,-0.076662652,0.075430389,-1.016336419,0.309469212,0.41719645
ENSMUSG00000005510.10_ Ndufs3, Ndufs3,366.55218,325.837074,359.259306,411.623893,358.726814,375.419949,354.513434,237.515947,326.112423,352.63008, Ndufs3,3095.450234,-0.65661828,0.173549759,-3.783458324,0.000154664,0.000703267
ENSMUSG00000005514.15_ Por, Por,25.906,28.971951,24.854358,33.369538,29.019207,34.403602,32.03578,50.41774,51.644842,44.674014, Por,869.2326012,0.171184585,0.11983491,1.428503467,0.153146997,0.236655039
ENSMUSG00000005533.11_ Igf1r, Igf1r,4.156036,7.889719,5.473852,5.13762,4.825514,7.0207,4.462822,7.982638,10.559506,8.509347, Igf1r,669.1434384,-0.203792183,0.16283577,-1.25151975,0.210744913,0.306598553
ENSMUSG00000005534.11_ Insr, Insr,32.810437,26.084202,29.95828,40.373168,33.10375,43.033629,33.929347,38.199727,33.797938,30.043176, Insr,2993.42062,-0.481551547,0.103306208,-4.661399873,3.14E-06,2.56E-05
ENSMUSG00000005566.15_ Trim28, Trim28,31.000859,43.061414,33.756055,27.676233,21.712347,41.80066,33.138829,68.1096,47.619844,51.101737, Trim28,890.0310677,0.160195777,0.077539268,2.065995474,0.038828907,0.076054191
ENSMUSG00000005575.17_ Ube2m, Ube2m,103.815598,97.526944,98.18393,103.399452,104.873971,97.696234,113.24311,120.545739,121.604764,111.547516, Ube2m,1029.197672,-0.220420865,0.095767629,-2.30162182,0.021356509,0.046255702
ENSMUSG00000005580.12_ Adcy9, Adcy9,7.325258,10.149871,8.693935,9.3808,8.122691,10.016435,11.604463,10.573863,12.866268,8.088635, Adcy9,484.5679004,-0.148868735,0.139853121,-1.064464878,0.287118157,0.393646958
ENSMUSG00000005583.17_ Mef2c, Mef2c,23.536357,27.617862,19.505633,22.959685,25.652584,30.514234,29.581511,38.663896,38.850598,41.95465, Mef2c,998.6591889,-0.062179642,0.0974073,-0.638346841,0.523247927,0.626615137
ENSMUSG00000005609.17_ Ctr9, Ctr9,6.319159,7.396288,5.993169,5.646945,5.711978,7.375389,7.286748,10.639548,9.052351,6.878809, Ctr9,304.2927374,-0.042446196,0.095608693,-0.443957495,0.657073315,0.741254548
ENSMUSG00000005610.18_ Eif4g2, Eif4g2,246.581611,259.872082,226.169276,236.959249,258.953075,260.678266,288.048239,326.235675,319.201876,263.617947, Eif4g2,12151.23009,-0.197872359,0.079127134,-2.50068906,0.012395195,0.029120018
ENSMUSG00000005611.16_ Irag1, Irag1,4.444287,14.158969,5.54452,5.48338,6.500467,6.89731,4.936154,6.327641,8.445055,6.507031, Irag1,299.2465726,-0.323588409,0.231510046,-1.39772945,0.162194327,0.247933028
ENSMUSG00000005615.16_ Pcyt1a, Pcyt1a,35.328775,31.75588,34.531742,35.798543,34.319976,39.946765,38.07089,42.930019,42.280103,29.30056, Pcyt1a,1678.939805,-0.34711164,0.098514825,-3.523445728,0.000425974,0.001660846
ENSMUSG00000005621.12_ Zfp592, Zfp592,7.183563,7.823783,7.9142,5.555898,11.467936,8.646608,12.292633,11.525226,14.873337,9.543106, Zfp592,586.1997882,0.184146015,0.080912485,2.275866505,0.022854001,0.048883537
ENSMUSG00000005625.16_ Psmd4, Psmd4,62.412126,74.683655,74.596936,85.94264,60.409762,80.12952,69.911171,98.66532,102.712593,87.13771, Psmd4,941.3423497,-0.18189812,0.096596458,-1.883072366,0.059690562,0.109035435
ENSMUSG00000005628.13_ Tmod4, Tmod4,16.378546,11.746665,18.605759,18.539942,14.140996,16.547107,15.427085,9.592206,9.652506,12.535825, Tmod4,169.7518956,-0.866616446,0.256366882,-3.380375968,0.000723867,0.002601083
ENSMUSG00000005656.10_ Snx6, Snx6,14.974022,15.415038,15.920318,12.999271,17.620737,14.51694,19.067576,29.429543,24.306536,20.607942, Snx6,330.1558008,0.225149966,0.091144843,2.4702436,0.013502107,0.031293062
ENSMUSG00000005667.9_ Mthfd2, Mthfd2,1.173751,2.425632,1.50118,0.710653,1.465878,0.85467,2.232665,6.300059,3.651052,2.457432, Mthfd2,38.54996027,1.060023358,0.377906141,2.80499109,0.005031797,0.013633729
ENSMUSG00000005672.13_ Kit, Kit,1.001933,1.110493,1.125271,1.405472,1.44965,0.841571,1.98074,4.723968,5.667123,2.880617, Kit,97.1885863,1.092147571,0.179033875,6.100228645,1.06E-09,2.13E-08
ENSMUSG00000005674.10_ Tomm40l, Tomm40l,43.625421,47.801515,41.826513,45.581551,46.656559,43.63105,46.15808,56.656561,52.268819,50.595378, Tomm40l,765.1814421,-0.293854158,0.103765651,-2.831902032,0.004627202,0.0127056
ENSMUSG00000005677.15_ Nr1i3, Nr1i3,8.492396,7.663868,7.440746,9.651894,7.688542,7.110818,7.242896,8.541736,7.880555,8.807622, Nr1i3,251.4795915,-0.421347145,0.138162486,-3.049649406,0.002291086,0.006970522
ENSMUSG00000005682.10_ Pan2, Pan2,6.626512,6.139329,5.792329,6.476574,5.562316,6.952455,6.348522,9.519018,7.688677,8.566867, Pan2,339.0607439,-0.087199028,0.111727582,-0.780461074,0.435119531,0.543810698
ENSMUSG00000005683.9_ Cs, Cs,552.571648,508.809861,558.142164,571.600139,552.884339,560.180785,525.825537,384.154721,480.826238,511.938058, Cs,16476.76138,-0.627534444,0.1623876,-3.864423426,0.000111352,0.000531228
ENSMUSG00000005686.18_ Ampd3, Ampd3,21.973447,24.229657,22.928616,25.557467,20.749734,28.715276,21.558956,27.120809,26.884616,19.678443, Ampd3,931.4646581,-0.428279365,0.094146746,-4.549061772,5.39E-06,4.04E-05
ENSMUSG00000005687.15_ Bcas2, Bcas2,23.450591,27.25068,22.564123,29.10882,28.565569,26.931298,31.434,34.097127,31.425226,31.15104, Bcas2,402.0058882,-0.14403886,0.119954773,-1.200776393,0.229837952,0.32892274
ENSMUSG00000005698.16_ Ctcf, Ctcf,12.454474,16.100823,14.408483,13.853112,14.6616,13.421892,14.732478,22.967959,20.74347,20.42713, Ctcf,525.0005276,-0.023512522,0.091626096,-0.25661382,0.797476906,0.851610272
ENSMUSG00000005699.17_ Pard6a, Pard6a,5.443722,4.524996,3.766203,5.370067,3.456092,6.103649,8.407758,5.88197,7.175775,7.441615, Pard6a,48.87801437,-0.010950856,0.196672042,-0.055680794,0.9555961,0.967673262
ENSMUSG00000005718.9_ Tfap4, Tfap4,1.25122,1.908666,2.415854,1.956804,1.357874,1.404937,1.002404,3.403148,2.055147,1.593614, Tfap4,38.70939186,-0.381688487,0.258451965,-1.476825636,0.139722383,0.219586668
ENSMUSG00000005732.15_ Ranbp1, Ranbp1,18.49443,20.275435,13.513275,15.645191,15.535151,15.377197,17.521738,28.549968,28.725294,24.887037, Ranbp1,184.31832,0.132772744,0.131868409,1.006857859,0.314003085,0.421941646
ENSMUSG00000005763.16_ Cd247, Cd247,5.044556,5.094963,3.450179,3.233397,3.574836,4.812378,4.552184,5.107967,5.453283,5.79105, Cd247,95.57730545,-0.140918262,0.184407937,-0.764165925,0.44476837,0.553332064
ENSMUSG00000005774.13_ Rfx5, Rfx5,2.973906,2.493419,2.089554,2.186825,2.439033,2.383473,1.789057,6.145305,3.727017,4.220784, Rfx5,114.4196304,0.195351663,0.23234409,0.840786022,0.400467819,0.509671949
ENSMUSG00000005779.13_ Psmb4, Psmb4,111.011089,118.253339,111.347031,123.602686,108.3278,120.837508,119.877575,154.567794,152.664638,135.0993, Psmb4,1100.762129,-0.209673147,0.078537393,-2.669723811,0.007591366,0.019265911
ENSMUSG00000005802.13_ Slc30a4, Slc30a4,3.460042,3.705627,2.727472,3.95153,3.472113,3.362093,5.112434,9.184441,7.541377,4.966336, Slc30a4,265.4475861,0.492409437,0.122577944,4.017112884,5.89E-05,0.000308446
ENSMUSG00000005803.15_ Sqor, Sqor,21.556295,24.486666,20.997954,24.921958,23.564297,21.050763,21.806893,28.86406,24.379938,24.704218, Sqor,398.5435532,-0.351365037,0.079541455,-4.41738259,9.99E-06,6.80E-05
ENSMUSG00000005804.15_ Bloc1s6, Bloc1s6,21.049406,20.805443,15.461174,22.593616,21.23139,18.66988,20.633964,36.91899,30.610959,20.331421, Bloc1s6,318.6761093,-0.028829924,0.111014851,-0.259694305,0.795099586,0.850550183
ENSMUSG00000005813.13_ Metap1, Metap1,17.253396,17.379646,15.996063,17.876227,17.421365,16.554588,19.748938,20.081613,20.815068,17.998593, Metap1,491.1675272,-0.314885722,0.095542599,-3.295762588,0.000981549,0.003361292
ENSMUSG00000005823.10_ Gpr108, Gpr108,14.885419,16.85065,16.907154,18.41706,13.430144,17.664897,19.382422,28.060523,21.408079,21.179978, Gpr108,405.348241,0.050160735,0.10622708,0.472202895,0.636781973,0.724892998
ENSMUSG00000005836.11_ Gata6, Gata6,21.350525,28.973384,23.525236,20.657854,25.444628,28.928168,28.657417,33.417336,30.584766,29.520477, Gata6,848.1129194,-0.094384142,0.10967802,-0.860556581,0.389482308,0.499286672
ENSMUSG00000005846.13_ Rsl1d1, Rsl1d1,19.69613,24.395588,22.077865,19.949171,21.315909,21.713314,22.852648,25.179704,24.724881,22.298001, Rsl1d1,429.142834,-0.302395541,0.094914511,-3.185977976,0.001442656,0.004686003
ENSMUSG00000005871.16_ Apc, Apc,8.475343,12.545168,9.070152,8.826255,8.952431,10.626338,15.086896,16.714182,12.739315,8.866456, Apc,1145.487124,-0.154217691,0.072346109,-2.131665302,0.033034371,0.066346472
ENSMUSG00000005873.7_ Reep5, Reep5,114.048427,115.114304,108.678637,113.836695,109.436128,111.16793,125.267704,127.177656,131.917189,113.956664, Reep5,3444.960738,-0.327361452,0.11769509,-2.781436777,0.005411887,0.014448126
ENSMUSG00000005881.14_ Ergic3, Ergic3,41.068227,61.122658,37.798839,41.901111,29.540111,36.422596,62.14682,120.50449,92.634348,88.984761, Ergic3,626.5214034,0.564921686,0.117789942,4.796009564,1.62E-06,1.44E-05
ENSMUSG00000005882.19_ Uqcc1, Uqcc1,139.428634,116.465306,120.90714,125.838597,144.652113,134.812769,118.225498,101.815893,130.990536,129.32189, Uqcc1,1689.817531,-0.593083296,0.179704677,-3.30032198,0.00096574,0.003310667
ENSMUSG00000005886.15_ Ncoa2, Ncoa2,12.430599,13.094236,13.302252,14.543219,12.05215,14.751483,14.209693,15.373064,16.702557,12.725345, Ncoa2,1042.237112,-0.324685208,0.086794547,-3.740848017,0.0001834,0.000814692
ENSMUSG00000005893.15_ Nr2c2, Nr2c2,7.233197,9.138953,8.444476,8.392427,8.440297,10.33395,9.442645,12.087966,11.13448,9.300429, Nr2c2,683.7504285,-0.20882437,0.077891325,-2.680970823,0.007340892,0.018748268
ENSMUSG00000005897.15_ Nr2c1, Nr2c1,4.542717,4.014315,3.74575,3.680534,4.25423,3.601826,3.323807,5.935011,4.597081,3.569367, Nr2c1,131.3519104,-0.152461083,0.134037419,-1.137451643,0.255349529,0.358551096
ENSMUSG00000005899.15_ Smpd4, Smpd4,7.619935,7.959811,7.661579,9.013838,10.189888,8.807975,8.567583,13.899147,14.298811,11.244534, Smpd4,305.9574004,-0.032187205,0.082307705,-0.391059443,0.695753298,0.772261017
ENSMUSG00000005907.15_ Pex1, Pex1,7.597926,6.115821,9.227237,3.902482,4.757149,7.405265,8.107115,7.013581,6.558616,9.472627, Pex1,166.9492214,-0.178178523,0.16567909,-1.075443638,0.282176154,0.388232976
ENSMUSG00000005936.20_ Kctd20, Kctd20,11.603223,13.243802,12.413721,14.488671,13.825245,15.283948,16.129226,27.969052,24.374093,15.7864, Kctd20,626.6144776,0.181621578,0.102551171,1.771033683,0.076555101,0.133310043
ENSMUSG00000005949.10_ Ctns, Ctns,4.242761,6.505634,4.968676,5.060749,3.893513,6.60645,6.714782,8.855746,7.735619,5.215826, Ctns,147.8470998,0.070330049,0.16875113,0.416767869,0.676848206,0.757600162
ENSMUSG00000005950.15_ P2rx5, P2rx5,8.074493,8.762741,9.429613,9.043484,7.774434,9.153942,10.711658,10.956492,12.262376,8.57088, P2rx5,232.4435232,-0.15794265,0.124426729,-1.269362704,0.204311732,0.298819669
ENSMUSG00000005951.14_ Shpk, Shpk,0.774899,1.523404,1.190735,1.08881,0.738173,0.892711,1.054661,2.135013,1.83427,1.796144, Shpk,36.78271102,0.25873558,0.244588065,1.057842213,0.290127384,0.396592482
ENSMUSG00000005958.16_ Ephb3, Ephb3,4.666402,3.945459,2.87987,3.515048,5.5378,2.986593,6.013007,9.943095,8.337401,7.976325, Ephb3,229.0594068,0.605636836,0.168747912,3.589003437,0.000331944,0.00134569
ENSMUSG00000005968.15_ Tuft1, Tuft1,0.325742,0.909335,0.60415,0.301983,0.356298,0.85883,0.86841,1.601479,1.163043,0.920163, Tuft1,19.91797546,0.55040691,0.354775261,1.551424155,0.12080007,0.194717094
ENSMUSG00000005973.7_ Rcn1, Rcn1,8.88415,13.06497,6.885453,7.117243,8.675907,6.811119,15.208244,37.854816,24.151865,18.363333, Rcn1,363.2976644,0.989314774,0.193640285,5.109033874,3.24E-07,3.50E-06
ENSMUSG00000005980.16_ Dnase1, Dnase1,1.854074,2.301055,1.338695,0.893715,1.310844,1.303527,2.16536,2.137291,1.290539,1.640139, Dnase1,41.62774991,0.097544034,0.253950756,0.384106096,0.700899813,0.77617028
ENSMUSG00000005981.12_ Trap1, Trap1,62.396727,69.130646,70.528839,74.791638,68.033392,75.692511,73.074131,74.749013,80.970316,75.882275, Trap1,1733.565197,-0.316365034,0.102313005,-3.092129233,0.001987263,0.006168358
ENSMUSG00000005982.15_ Naa60, Naa60,22.866348,27.712225,21.373187,21.264592,22.823164,24.307602,35.062608,46.122518,42.226192,34.357085, Naa60,602.3019335,0.246509765,0.072381882,3.405683267,0.000659987,0.002412534
ENSMUSG00000005983.16_ 1700037C18Rik, 1700037C18Rik,1.839784,2.773496,2.131724,4.804627,3.249035,2.500456,2.675537,4.881819,4.720466,3.589581, 1700037C18Rik,72.93666205,0.219821905,0.157210627,1.398263653,0.162033908,0.247775891
ENSMUSG00000005986.17_ Ankrd13d, Ankrd13d,0.4037,0.736935,0.090004,0.322195,0.262178,0.131636,1.197968,1.910366,0.975385,1.35732, Ankrd13d,13.91819871,1.776556651,0.470455907,3.776244757,0.000159211,0.000720637
ENSMUSG00000006005.19_ Tpr, Tpr,30.606454,39.42079,43.493543,35.320654,39.040967,41.071912,33.18227,55.162372,44.317048,37.994251, Tpr,2031.360931,-0.301515437,0.065466506,-4.605644244,4.11E-06,3.21E-05
ENSMUSG00000006010.15_ Odr4, Odr4,9.545878,15.116814,18.927045,10.414671,10.097345,9.323019,13.863073,26.545519,14.676599,9.662148, Odr4,347.952658,-0.200057466,0.115941587,-1.725502217,0.084437005,0.144576236
ENSMUSG00000006014.18_ Prg4, Prg4,8.854507,23.712259,6.888244,4.190154,4.702066,6.657969,12.857314,20.057862,23.90843,8.335342, Prg4,215.1884781,0.311951479,0.36358667,0.857983816,0.3909014,0.500483333
ENSMUSG00000006019.16_ Dhx34, Dhx34,3.739024,3.897582,2.980441,3.65247,3.372426,3.666433,3.640299,5.321694,5.490919,3.992174, Dhx34,160.8115291,-0.079337315,0.114576716,-0.692438375,0.488662073,0.595085504
ENSMUSG00000006021.6_ Kptn, Kptn,13.184565,19.051026,12.055363,15.084944,13.168548,13.262841,15.227693,13.321195,16.094661,14.81607, Kptn,186.8685728,-0.460220007,0.142359483,-3.232801905,0.001225825,0.004072405
ENSMUSG00000006024.14_ Napa, Napa,46.779489,48.567521,38.414264,56.744012,39.886113,45.512184,39.397228,63.42622,68.842277,43.571282, Napa,1007.954053,-0.176785136,0.06077927,-2.908641971,0.003630023,0.010320718
ENSMUSG00000006050.13_ Sra1, Sra1,61.072698,69.585882,44.594441,63.337674,57.738712,68.921959,58.84858,79.621935,62.587047,59.266515, Sra1,438.9513234,-0.340528681,0.103456277,-3.291522653,0.000996466,0.003406044
ENSMUSG00000006057.17_ Atp5mc1, Atp5mc1,2555.976019,2373.489019,2474.08473,2818.063661,2589.445879,2696.763043,2597.502086,1773.56911,2419.703065,2761.589203, Atp5mc1,10666.80102,-0.524633658,0.182017321,-2.882328197,0.003947483,0.011077341
ENSMUSG00000006058.11_ Snf8, Snf8,25.931412,25.917512,23.027028,22.334026,25.089989,24.485687,28.775472,33.47131,31.159767,34.767917, Snf8,242.8449518,-0.047667375,0.11638003,-0.409583805,0.682111279,0.761838571
ENSMUSG00000006095.13_ Tbcb, Tbcb,28.991499,35.246739,30.075933,34.640645,33.073205,31.282644,43.505064,58.085815,54.583245,39.447663, Tbcb,324.4141911,0.063706556,0.093909139,0.678385053,0.497527583,0.603318841
ENSMUSG00000006127.10_ Inpp5k, Inpp5k,16.937625,22.496989,17.148731,27.27776,16.747251,20.323075,17.765774,25.590817,21.347578,22.359558, Inpp5k,528.9686116,-0.316319044,0.079696495,-3.969045851,7.22E-05,0.000365193
ENSMUSG00000006134.5_ Crkl, Crkl,8.402149,9.120643,10.051012,7.820718,9.388485,9.704989,9.260552,15.022621,14.993865,10.022013, Crkl,523.2748554,-0.055065666,0.0754944,-0.729400669,0.465756608,0.573307276
ENSMUSG00000006154.14_ Eps8l1, Eps8l1,0.870907,3.386168,5.266072,1.87891,6.449298,1.891098,4.441595,4.353486,2.246714,3.44527, Eps8l1,83.96470988,0.162835675,0.720871888,0.22588712,0.821289216,0.869624139
ENSMUSG00000006169.21_ Clint1, Clint1,17.3512,21.49762,19.552156,21.01406,19.951843,22.257961,20.881998,35.207626,30.213522,25.311977, Clint1,847.5690456,0.003343243,0.076360775,0.043782201,0.965078015,0.974826277
ENSMUSG00000006191.18_ Cdkal1, Cdkal1,5.38161,4.641416,4.946863,4.538249,4.202196,5.373919,4.316686,5.458277,4.402008,4.991716, Cdkal1,128.1673408,-0.402549668,0.158417101,-2.541074573,0.011051235,0.026439341
ENSMUSG00000006204.8_ Cdcp3, Cdcp3,0.248859,1.257109,0.091352,0.062834,0.078689,0.009884,0.167159,0.39549,0.402779,0.116559, Cdcp3,24.8972051,-0.450358634,0.883342091,-0.509834908,NA,NA
ENSMUSG00000006205.14_ Htra1, Htra1,47.543743,60.041006,59.234303,58.006197,51.388581,58.904632,71.693495,88.138385,86.033179,87.211462, Htra1,1238.971884,0.138335868,0.108465505,1.275390439,0.202171081,0.296373197
ENSMUSG00000006215.13_ Zbtb17, Zbtb17,8.206871,10.408286,10.240864,11.65739,10.900058,10.046342,10.052587,10.068765,12.19255,13.693145, Zbtb17,297.9634319,-0.281035836,0.148882546,-1.887634539,0.05907503,0.108217536
ENSMUSG00000006216.11_ Clcnkb, Clcnkb,0.634653,2.239473,1.518875,0.815631,1.196481,1.235269,0.77706,0.340358,0.829752,0.982375, Clcnkb,16.25903639,-0.587415138,0.369621233,-1.589235372,0.112007263,0.182805377
ENSMUSG00000006219.13_ Fblim1, Fblim1,113.733551,115.014297,108.494834,134.934888,105.038983,101.103778,112.174078,132.124597,125.830243,126.013663, Fblim1,3068.946309,-0.33040201,0.095384943,-3.463880131,0.000532444,0.002007753
ENSMUSG00000006221.8_ Hspb7, Hspb7,737.585666,794.65269,702.206252,882.006108,774.409642,833.574436,901.916384,1107.829612,955.663586,758.820497, Hspb7,24336.58605,-0.210476754,0.08810781,-2.38885466,0.016900987,0.03793019
ENSMUSG00000006235.7_ Epor, Epor,2.444624,1.892902,1.064876,1.494626,0.980186,1.963831,1.497829,2.739676,1.600968,1.756463, Epor,27.59236377,-0.338476458,0.290901428,-1.163543474,0.24460907,0.346182886
ENSMUSG00000006241.17_ Ccdc159, Ccdc159,3.215424,3.617074,2.198178,2.989501,2.976114,2.970769,4.606268,3.816799,3.949726,3.896769, Ccdc159,44.22922311,-0.033020945,0.209953091,-0.157277727,0.875025973,0.910015725
ENSMUSG00000006262.16_ Mob1b, Mob1b,7.558849,6.473418,5.807157,5.848069,7.415021,6.998145,10.137466,14.180369,10.879324,9.775717, Mob1b,542.8714307,0.173393931,0.117083438,1.48094328,0.138621689,0.218315197
ENSMUSG00000006273.15_ Atp6v1b2, Atp6v1b2,33.127678,33.211027,30.822732,35.457594,29.823127,31.542608,34.709158,42.281649,52.337464,39.975538, Atp6v1b2,1044.866099,-0.073959218,0.091889296,-0.804873045,0.420892945,0.530251518
ENSMUSG00000006276.12_ Eps15l1, Eps15l1,19.828591,24.383663,23.657507,24.204729,18.327394,24.698348,23.932452,30.431804,30.620265,24.856067, Eps15l1,725.2646985,-0.187350681,0.091045355,-2.057773095,0.03961192,0.077423298
ENSMUSG00000006281.9_ Tep1, Tep1,3.091767,4.145506,3.480949,4.169593,3.417242,4.50142,5.688907,10.576795,10.257921,7.786981, Tep1,366.9347166,0.541326378,0.110029545,4.919827446,8.66E-07,8.32E-06
ENSMUSG00000006288.9_ Ttc5, Ttc5,7.284007,8.282879,8.645795,7.278577,6.29603,8.243553,8.286169,13.454856,13.387645,12.765039, Ttc5,175.826915,0.199791798,0.13493476,1.480654788,0.138698588,0.218409641
ENSMUSG00000006289.15_ Osgep, Osgep,35.019677,35.751754,33.262991,35.32713,35.848854,38.015341,37.541039,43.873336,37.506752,40.041481, Osgep,388.7841407,-0.256599806,0.097791098,-2.62395874,0.008691431,0.021594658
ENSMUSG00000006299.14_ Aamp, Aamp,47.208021,56.675049,46.053021,52.508334,47.563775,52.981675,56.553254,71.888212,75.042859,60.231054, Aamp,995.7250348,-0.073894513,0.059686223,-1.238049741,0.215697618,0.312254435
ENSMUSG00000006301.18_ Tmbim1, Tmbim1,24.061079,34.759826,27.19109,26.857442,25.634237,27.818331,32.866767,82.60416,58.177491,31.132048, Tmbim1,926.2464023,0.318963771,0.169215504,1.884955952,0.059435785,0.108693171
ENSMUSG00000006304.15_ Arpc2, Arpc2,81.457139,88.249571,72.963773,77.669293,75.490138,77.378435,110.890223,176.484937,166.317388,116.786991, Arpc2,1346.739858,0.384533989,0.077965127,4.932128034,8.13E-07,7.88E-06
ENSMUSG00000006307.17_ Kmt2b, Kmt2b,7.909566,11.539032,8.907221,10.804063,9.247518,11.507356,9.738279,16.134737,13.600246,10.913331, Kmt2b,775.8306387,0.006045316,0.091373514,0.066160486,0.947250055,0.961864429
ENSMUSG00000006315.10_ Tmem147, Tmem147,104.354575,100.323444,90.016757,105.919197,93.430906,94.055018,108.433071,100.155454,101.997921,102.311927, Tmem147,700.1139925,-0.382583057,0.125023564,-3.060087589,0.002212723,0.006779948
ENSMUSG00000006333.15_ Rps9, Rps9,371.325925,492.11704,418.10254,443.083162,411.372027,456.881786,479.438561,739.765345,655.565485,770.328942, Rps9,2950.313031,0.169289409,0.109609472,1.544477915,0.122472597,0.197092878
ENSMUSG00000006335.17_ Tfpt, Tfpt,11.045904,11.778759,13.858074,10.987116,10.139847,10.035833,11.337365,13.019375,11.252921,11.926427, Tfpt,111.3992526,-0.337085256,0.140569546,-2.39799633,0.01648503,0.037177778
ENSMUSG00000006342.16_ Susd2, Susd2,1.18843,2.361242,1.049785,1.200508,1.032929,1.769161,4.010099,8.281385,7.240114,5.243241, Susd2,97.14060809,1.626048635,0.21374489,7.607426953,2.80E-14,1.52E-12
ENSMUSG00000006344.18_ Ggt5, Ggt5,3.869609,5.328618,5.778466,4.743894,4.404974,4.868421,6.677034,7.949411,9.567322,9.09295, Ggt5,203.0893591,0.262963096,0.129574409,2.02943697,0.042413803,0.081999741
ENSMUSG00000006356.11_ Crip2, Crip2,844.829379,937.654581,926.161454,991.080166,894.877001,914.146288,975.858926,952.22101,1060.040462,960.854468, Crip2,11773.79966,-0.344125,0.099205007,-3.468826941,0.000522736,0.001978086
ENSMUSG00000006360.12_ Crip1, Crip1,100.98497,179.695149,113.364463,113.144825,89.369873,94.684536,166.043131,400.611711,322.632192,328.693931, Crip1,418.93433,0.921668772,0.196316572,4.694808818,2.67E-06,2.22E-05
ENSMUSG00000006362.17_ Cbfa2t3, Cbfa2t3,10.917784,10.920736,7.869114,11.015622,7.976544,11.022653,8.45548,13.375053,13.483746,10.184901, Cbfa2t3,479.1406912,-0.048329196,0.079928658,-0.60465417,0.545408806,0.646610936
ENSMUSG00000006369.15_ Fbln1, Fbln1,33.553402,94.812751,40.078632,33.950659,30.827887,41.728994,116.069975,222.072381,199.011922,96.379674, Fbln1,2315.963669,1.410622071,0.274385706,5.141018783,2.73E-07,3.01E-06
ENSMUSG00000006373.11_ Pgrmc1, Pgrmc1,10.666846,19.467722,11.539316,11.516369,11.465443,13.361558,16.195483,34.531713,25.58136,21.686179, Pgrmc1,307.0618977,0.443444903,0.157445127,2.816504467,0.004854937,0.013226755
ENSMUSG00000006378.16_ Gcat, Gcat,8.567391,6.798362,7.617652,5.890887,6.387803,11.63027,5.008482,3.630013,5.141364,9.288516, Gcat,113.4355752,-0.748652592,0.32275342,-2.319580665,0.020363573,0.044388322
ENSMUSG00000006386.16_ Tek, Tek,15.539012,20.53859,13.362285,16.646416,15.639881,17.218012,21.439244,27.640994,31.355426,17.130155, Tek,925.0371919,0.092993782,0.128666236,0.722752018,0.469832251,0.577112553
ENSMUSG00000006390.16_ Elovl1, Elovl1,12.925849,19.95652,14.042044,15.216991,12.84558,17.181226,27.134173,45.043502,44.314595,28.534607, Elovl1,272.0298374,0.771644635,0.118884731,6.490695876,8.54E-11,2.17E-09
ENSMUSG00000006392.17_ Med8, Med8,13.558564,13.388785,14.552621,15.540841,14.510969,16.647954,19.356901,26.251394,21.106669,22.450513, Med8,175.088635,0.080644612,0.11564886,0.697323015,0.485600668,0.592419956
ENSMUSG00000006395.18_ Hyi, Hyi,4.336793,6.931171,3.234383,4.552447,2.895333,2.166553,6.181524,16.528989,11.617164,8.989909, Hyi,44.48693345,0.870099878,0.306167179,2.841911011,0.004484401,0.012392624
ENSMUSG00000006398.16_ Cdc20, Cdc20,0.725691,1.348047,0.878099,1.40748,1.652901,0.695905,3.779698,6.23088,8.084309,4.013162, Cdc20,44.57785261,1.807348272,0.293681268,6.154114921,7.55E-10,1.59E-08
ENSMUSG00000006403.14_ Adamts4, Adamts4,0.229283,0.188347,0.16357,0.273874,0.257728,0.139426,0.799464,2.290646,1.175515,0.747183, Adamts4,25.53527645,2.068639401,0.35606543,5.809717047,6.26E-09,1.04E-07
ENSMUSG00000006411.13_ Nectin4, Nectin4,0.116831,0.146701,0.171996,0.029505,0.054797,0.111735,0.464894,0.868077,1.214823,0.339081, Nectin4,10.41862297,2.321382803,0.517362273,4.486958028,7.22E-06,5.16E-05
ENSMUSG00000006412.11_ Pfdn2, Pfdn2,21.222848,32.165385,23.685397,34.836153,29.036915,26.236262,39.777651,29.201676,35.704891,15.707034, Pfdn2,307.8014366,-0.236959039,0.149642868,-1.583497047,0.113308219,0.184508461
ENSMUSG00000006418.18_ Rnf114, Rnf114,32.718438,36.010954,44.261909,43.083237,36.053135,47.560989,33.804403,44.500422,40.06474,38.343054, Rnf114,909.1451303,-0.483104151,0.114192385,-4.230616159,2.33E-05,0.00014055
ENSMUSG00000006423.16_ Steep1, Steep1,6.888494,6.950006,6.183166,6.83732,7.018644,7.02753,6.340826,9.003422,8.479868,8.117251, Steep1,254.0252775,-0.221635916,0.101999638,-2.172908853,0.029787178,0.060828652
ENSMUSG00000006435.17_ Neurl1a, Neurl1a,0.767481,0.90286,0.59899,1.076404,0.546277,0.834912,1.002452,1.132095,1.322292,1.305177, Neurl1a,34.18360249,0.31930729,0.230296011,1.386508127,0.1655918,0.252021499
ENSMUSG00000006442.11_ Srm, Srm,11.293183,13.397778,7.40085,11.314878,12.183962,10.038872,16.524587,26.177107,21.834348,19.049616, Srm,167.8023651,0.5102206,0.140593695,3.629043262,0.000284474,0.001179993
ENSMUSG00000006445.4_ Epha2, Epha2,2.000375,2.977649,2.008736,2.711151,3.112342,3.261701,4.418589,7.222399,6.384178,4.893966, Epha2,153.9154977,0.616390805,0.148023627,4.164137953,3.13E-05,0.000179904
ENSMUSG00000006456.11_ Rbm14, Rbm14,3.37554,5.290668,8.807684,6.691944,11.076515,9.424419,12.430804,15.181765,14.450056,13.440815, Rbm14,209.2327944,0.30123493,0.137222755,2.195225781,0.028147406,0.057984915
ENSMUSG00000006463.14_ Zdhhc24, Zdhhc24,2.318803,2.418601,3.502727,2.472237,2.728658,2.396257,3.506364,7.062429,5.258891,3.119918, Zdhhc24,68.61646226,0.283375881,0.175425712,1.615361152,0.106232508,0.174907384
ENSMUSG00000006464.10_ Bbs1, Bbs1,1.228331,2.035615,2.035011,1.009814,1.620118,1.343366,1.656501,2.415534,1.910904,0.824675, Bbs1,81.08292595,-0.394164552,0.217008335,-1.816356736,0.069315667,0.123011708
ENSMUSG00000006471.19_ Ndor1, Ndor1,4.344256,9.891327,6.245774,7.156683,6.008471,6.977342,7.020717,13.158884,12.796666,9.163727, Ndor1,215.2146131,0.073895207,0.176831813,0.417884123,0.676031841,0.756767831
ENSMUSG00000006476.20_ Nsmf, Nsmf,10.424488,15.252277,12.674188,13.436636,8.714361,10.800706,19.848027,38.124237,21.282541,17.741534, Nsmf,278.560355,0.705598424,0.194749151,3.623114254,0.000291077,0.001202575
ENSMUSG00000006494.12_ Pdk1, Pdk1,43.067898,41.193618,42.131945,42.653059,42.591847,49.320292,42.689081,52.266527,44.919881,37.319527, Pdk1,2430.617678,-0.440726158,0.088427381,-4.984046251,6.23E-07,6.20E-06
ENSMUSG00000006498.17_ Ptbp1, Ptbp1,16.3529,21.413143,18.559656,21.386519,14.614958,19.537847,27.372725,66.377063,51.142602,39.165293, Ptbp1,696.2010135,0.823725982,0.116726565,7.056885329,1.70E-12,6.15E-11
ENSMUSG00000006517.6_ Mvd, Mvd,3.088362,2.359612,2.867861,3.748909,2.458645,2.303785,2.890009,4.658141,4.613748,3.524624, Mvd,55.19519545,0.016039648,0.204896304,0.078281785,0.937603906,0.95552934
ENSMUSG00000006519.12_ Cyba, Cyba,24.884,40.175022,30.272811,29.589728,27.326196,28.908292,56.634092,105.239409,93.502699,99.251186, Cyba,277.5862859,1.102682653,0.149020194,7.399551877,1.37E-13,6.27E-12
ENSMUSG00000006526.14_ Stimate, Stimate,4.80114,4.81254,3.536215,4.502666,3.82577,4.587016,5.830397,8.23694,7.138063,5.929495, Stimate,167.9477307,0.142152342,0.106270483,1.33764652,0.181011692,0.270761924
ENSMUSG00000006527.17_ Sfmbt1, Sfmbt1,2.59602,3.279254,2.876084,2.680146,3.479462,2.64734,3.3092,3.201391,3.670812,3.587935, Sfmbt1,181.0164726,-0.165635845,0.129168741,-1.282321433,0.199729912,0.293352598
ENSMUSG00000006542.14_ Prkag3, Prkag3,1.234999,1.006151,0.851971,1.223156,1.010157,1.277437,0.632305,1.176312,1.005972,0.547514, Prkag3,29.51976792,-0.874379652,0.26006077,-3.362212817,0.000773205,0.002748188
ENSMUSG00000006576.17_ Slc4a3, Slc4a3,151.989916,139.837185,137.304721,164.972489,159.985713,153.436137,128.97617,136.200254,132.415818,148.195138, Slc4a3,4069.705505,-0.543962493,0.124415852,-4.372131728,1.23E-05,8.16E-05
ENSMUSG00000006585.4_ Cdt1, Cdt1,0.844258,1.242301,1.942286,1.749,0.167845,1.021485,1.701003,3.173049,2.701843,3.910576, Cdt1,32.99736077,1.295319252,0.340205612,3.807459981,0.000140401,0.000644669
ENSMUSG00000006586.16_ Runx1t1, Runx1t1,0.540102,1.873294,1.090435,1.930103,0.989478,1.047354,0.930038,1.978909,0.940537,1.46501, Runx1t1,57.06528107,-0.141261891,0.239947288,-0.588720517,0.556048773,0.655430297
ENSMUSG00000006587.7_ Snai3, Snai3,2.999805,2.830939,2.581686,2.89818,2.568908,1.499281,1.642485,2.021888,0.971822,3.853119, Snai3,39.05171916,-0.688896396,0.378307235,-1.820997148,0.06860729,0.122056826
ENSMUSG00000006589.9_ Aprt, Aprt,14.810355,19.779987,16.249504,17.810888,19.369415,19.532023,23.585925,42.152718,32.37857,39.792073, Aprt,142.818601,0.31738841,0.139703786,2.271866925,0.023094549,0.049308124
ENSMUSG00000006599.14_ Gtf2h1, Gtf2h1,7.521696,9.515292,9.109451,7.541527,6.704498,9.596943,9.338905,17.412141,12.672049,13.445088, Gtf2h1,254.5109862,0.138131132,0.104882756,1.317005173,0.187836891,0.279190677
ENSMUSG00000006611.16_ Hfe, Hfe,17.722088,23.727594,15.838646,23.528571,19.454274,21.138429,28.167575,25.547513,34.396694,23.418269, Hfe,515.7016611,0.006438431,0.120921024,0.053244922,0.957536763,0.969334085
ENSMUSG00000006638.17_ Abhd1, Abhd1,4.921393,5.824644,5.69141,7.002234,4.713465,6.381814,2.528214,2.155382,2.50495,1.848511, Abhd1,58.84768363,-1.78533531,0.21316842,-8.375233596,5.51E-17,5.31E-15
ENSMUSG00000006641.13_ Slc5a6, Slc5a6,6.346704,6.727069,4.617268,7.891981,5.624427,5.340183,7.099094,8.365897,8.217958,10.517498, Slc5a6,186.5115856,-0.227281711,0.12275941,-1.851440245,0.064106244,0.115385872
ENSMUSG00000006642.4_ Tcf23, Tcf23,0.646665,1.164291,1.268778,0.901427,0.890934,1.321303,0.945344,0.852452,0.867272,0.433975, Tcf23,42.3973516,-0.855268091,0.276665531,-3.091343141,0.001992532,0.006183225
ENSMUSG00000006651.9_ Aplp1, Aplp1,0.576361,3.145342,1.172652,1.0805,1.609371,1.222035,2.245479,4.96324,3.761967,5.743575, Aplp1,55.51911326,1.040421783,0.377074549,2.75919387,0.005794415,0.015339206
ENSMUSG00000006673.15_ Qrich1, Qrich1,16.379122,20.78263,16.360066,18.665298,18.670173,18.574687,22.391241,34.228013,25.388842,22.095891, Qrich1,492.11779,0.145885379,0.086815167,1.6804135,0.092876891,0.156677376
ENSMUSG00000006675.11_ P4htm, P4htm,6.981419,9.915554,7.504296,7.716949,7.157073,7.795094,8.061869,11.7539,11.103256,7.470396, P4htm,148.3841104,-0.186954569,0.124760166,-1.498511706,0.134000354,0.212568195
ENSMUSG00000006676.18_ Usp19, Usp19,48.8461,59.909925,53.542837,63.674695,55.380458,53.643174,53.447092,69.782013,75.994726,69.704748, Usp19,2257.230324,-0.176101588,0.060894038,-2.891934801,0.003828774,0.010800609
ENSMUSG00000006678.7_ Pola1, Pola1,0.626,0.7812,0.696864,0.889425,0.852475,1.001979,0.97325,1.934648,1.694537,1.125983, Pola1,56.79583553,0.218722758,0.191747537,1.140680927,0.254002726,0.357048618
ENSMUSG00000006699.18_ Cdc42, Cdc42,69.33691,77.03785,65.423496,64.128065,69.317785,68.672229,90.061153,148.43991,122.230663,105.537396, Cdc42,1730.950297,0.334311195,0.068359549,4.890482747,1.01E-06,9.53E-06
ENSMUSG00000006705.14_ Pknox1, Pknox1,3.09296,4.424248,3.722819,4.153057,4.93225,3.594056,4.703176,5.201802,6.395152,5.26091, Pknox1,162.4523485,-0.029422134,0.110765088,-0.265626425,0.790526932,0.847415441
ENSMUSG00000006715.12_ Gmnn, Gmnn,45.019561,32.270934,41.708345,44.170062,42.896188,40.201205,35.468486,31.53837,34.563621,36.555308, Gmnn,306.508821,-0.655849002,0.17512031,-3.745133854,0.000180298,0.000803676
ENSMUSG00000006717.8_ Acot13, Acot13,319.178066,286.916422,307.88739,329.638906,321.992173,332.000749,300.693447,262.268269,289.969752,290.644341, Acot13,1679.300447,-0.573651406,0.136156179,-4.213186737,2.52E-05,0.000149614
ENSMUSG00000006728.13_ Cdk4, Cdk4,26.297211,34.251534,25.256513,32.53347,22.636327,28.452795,32.426966,56.813489,40.749296,43.869903, Cdk4,583.0871685,0.251500479,0.077198685,3.257833734,0.001122662,0.003772424
ENSMUSG00000006731.11_ B4galnt1, B4galnt1,1.400611,2.581738,1.341451,1.490182,1.237858,1.528094,3.224188,14.137639,9.333434,17.595309, B4galnt1,103.644527,2.329986567,0.363669443,6.406880231,1.49E-10,3.60E-09
ENSMUSG00000006732.15_ Mettl1, Mettl1,6.298211,7.582192,3.992493,6.362558,5.747319,4.94084,5.407285,13.787617,9.205791,5.96226, Mettl1,106.5349375,0.037258578,0.20380916,0.182811108,0.854946233,0.895413364
ENSMUSG00000006736.10_ Tspan31, Tspan31,33.936306,34.370198,28.728729,28.834947,27.046679,27.572106,42.707945,51.657479,49.998296,41.110471, Tspan31,519.4404489,0.172755862,0.084725934,2.038996242,0.041450403,0.080419641
ENSMUSG00000006740.15_ Kif5b, Kif5b,35.789636,30.842729,30.723875,34.784884,36.324152,33.380385,40.51,59.876234,47.366998,31.166086, Kif5b,2358.433985,-0.104675018,0.121659308,-0.860394658,0.389571529,0.499351424
ENSMUSG00000006763.15_ Saal1, Saal1,1.195156,1.793496,1.656786,1.299489,1.070492,1.625518,2.414246,4.064983,2.748109,2.974225, Saal1,69.71031167,0.470785804,0.176540038,2.666736722,0.007659165,0.019396
ENSMUSG00000006782.17_ Cnp, Cnp,3.230733,6.008036,3.042778,4.857429,3.156433,4.503386,5.920484,10.159433,6.614736,14.932272, Cnp,140.0383541,0.78329885,0.277903179,2.818603421,0.004823307,0.013158112
ENSMUSG00000006800.15_ Sulf2, Sulf2,14.93087,26.348306,13.091805,13.836028,11.345501,15.679021,33.141832,80.209977,74.763101,36.702826, Sulf2,1141.563658,1.348937747,0.213635424,6.314204469,2.72E-10,6.27E-09
ENSMUSG00000006818.6_ Sod2, Sod2,491.678854,431.629115,501.425198,572.921493,511.523083,508.867509,503.075824,345.905935,482.233635,529.482537, Sod2,6880.351071,-0.696860793,0.19332442,-3.604618563,0.000312612,0.001279323
ENSMUSG00000006850.9_ Tmco6, Tmco6,2.245129,3.542982,2.319128,2.240227,3.378939,4.794036,1.960487,5.322823,3.9952,3.562413, Tmco6,49.55292099,-0.164209393,0.245466155,-0.668969592,0.503514875,0.608666008
ENSMUSG00000006906.11_ Stambp, Stambp,5.052785,7.064675,5.117087,5.411321,5.410998,6.286114,6.594608,11.05909,10.410738,10.350477, Stambp,155.8062369,0.133508681,0.111669266,1.195572304,0.231863505,0.331243211
ENSMUSG00000006920.15_ Ezh1, Ezh1,14.921216,19.906905,22.087366,19.777861,16.958788,23.889515,18.86631,21.232322,21.801221,16.958654, Ezh1,790.4350226,-0.467998204,0.119661734,-3.911009728,9.19E-05,0.00045099
ENSMUSG00000006930.16_ Hap1, Hap1,0.702825,1.403097,0.886224,0.654261,0.379994,0.913286,0.636677,1.712036,2.204497,1.485698, Hap1,26.62548275,0.43552173,0.316087983,1.377849693,0.1682497,0.255223557
ENSMUSG00000006931.16_ P3h4, P3h4,22.43332,24.938262,22.127054,21.918819,18.883586,22.002034,21.713897,24.598663,22.328334,21.460187, P3h4,496.5729978,-0.411468817,0.0943507,-4.361057403,1.29E-05,8.54E-05
ENSMUSG00000006932.18_ Ctnnb1, Ctnnb1,139.285295,161.018501,140.973949,147.490972,132.950219,142.784096,171.703818,261.499487,245.083192,166.893164, Ctnnb1,5486.990664,0.068793339,0.057661652,1.193051822,0.232849078,0.332494256
ENSMUSG00000006941.6_ Eif1b, Eif1b,32.096886,36.506675,30.701254,34.255863,29.602994,31.378563,40.71734,52.177177,41.769498,36.843531, Eif1b,323.3465739,-0.045963608,0.092994817,-0.494259885,0.621122652,0.712283955
ENSMUSG00000006958.15_ Chrd, Chrd,1.679222,2.11195,1.299377,1.25769,1.851071,1.750431,2.300523,7.440828,4.246996,3.866548, Chrd,78.66717628,0.837926925,0.226920191,3.692606293,0.000221968,0.000954779
ENSMUSG00000006998.17_ Psmd2, Psmd2,87.468304,95.491393,86.754919,96.689784,87.325303,95.426196,90.19964,101.882879,104.116643,91.127067, Psmd2,2904.546824,-0.370052745,0.072349847,-5.114768893,3.14E-07,3.41E-06
ENSMUSG00000007029.17_ Vars1, Vars1,12.385404,13.575363,13.081489,13.047636,12.864021,15.57128,15.156441,27.246053,21.518552,27.979129, Vars1,655.278727,0.30570955,0.138478847,2.207626337,0.027270332,0.056575632
ENSMUSG00000007030.9_ Vwa7, Vwa7,3.910873,4.985076,4.370928,4.074553,4.641886,4.399974,4.026323,3.928651,4.477004,4.520271, Vwa7,205.300766,-0.485678396,0.130373838,-3.725274957,0.000195102,0.000858105
ENSMUSG00000007033.5_ Hspa1l, Hspa1l,5.157858,5.3,4.798727,4.776683,5.417522,4.937651,3.540918,4.975488,3.704662,3.070464, Hspa1l,119.7184661,-0.875453896,0.133680336,-6.548860686,5.80E-11,1.53E-09
ENSMUSG00000007036.16_ Abhd16a, Abhd16a,31.843388,41.397267,32.523721,44.366545,33.496031,36.731116,34.074931,55.216592,53.611513,45.201713, Abhd16a,647.3060788,-0.094558983,0.075550468,-1.251600231,0.21071557,0.306590442
ENSMUSG00000007038.6_ Neu1, Neu1,8.816786,8.676546,9.183695,11.253289,7.938991,9.005059,11.009588,14.517266,12.771139,12.486419, Neu1,285.2502548,0.018436628,0.114072593,0.16162189,0.871603618,0.907554013
ENSMUSG00000007039.13_ Ddah2, Ddah2,11.575582,14.53648,9.926354,11.919488,11.810969,13.576247,26.885524,52.048831,47.645206,26.704391, Ddah2,245.4108947,1.147086178,0.162797709,7.046083054,1.84E-12,6.63E-11
ENSMUSG00000007041.10_ Clic1, Clic1,18.476456,29.523513,18.18577,21.957451,17.142057,19.740333,37.801929,83.037553,74.958241,56.496842, Clic1,474.2624989,1.125479447,0.155370826,7.243827415,4.36E-13,1.76E-11
ENSMUSG00000007050.18_ Lsm2, Lsm2,12.317644,7.164535,9.02768,8.195937,8.645622,7.977655,9.681022,11.556464,15.531459,15.421693, Lsm2,65.30530081,0.090142089,0.173884656,0.518401628,0.604178079,0.697315668
ENSMUSG00000007080.15_ Pole, Pole,0.854795,0.575776,1.028649,1.438936,0.742883,2.120455,1.001889,1.685965,1.611765,0.753234, Pole,67.52405348,-0.144818549,0.200295687,-0.723023801,0.469665261,0.577031376
ENSMUSG00000007097.15_ Atp1a2, Atp1a2,296.766474,303.790561,320.895163,358.363709,298.225397,315.794998,290.986752,287.884443,318.519021,285.445502, Atp1a2,15257.95467,-0.572997143,0.109179744,-5.248200085,1.54E-07,1.80E-06
ENSMUSG00000007122.12_ Casq1, Casq1,8.570642,27.093728,6.648748,3.264266,3.553995,4.721637,2.673398,4.564445,1.868663,2.603176, Casq1,107.5262415,-2.100202794,0.485150505,-4.328971678,1.50E-05,9.67E-05
ENSMUSG00000007207.11_ Stx1a, Stx1a,0.808992,2.19538,0.953673,1.134537,1.148165,0.929888,2.287789,3.600394,3.428634,2.165582, Stx1a,32.8171862,0.768583715,0.248305293,3.095317482,0.001966023,0.0061142
ENSMUSG00000007216.7_ Zfp775, Zfp775,4.237926,4.246846,8.177572,4.632594,4.402646,4.613597,4.246888,4.867565,4.478564,5.545937, Zfp775,201.0290965,-0.407439831,0.141353539,-2.8824169,0.003946372,0.011076632
ENSMUSG00000007279.15_ Scube2, Scube2,11.254248,9.969295,7.047811,7.128326,8.553379,7.101436,6.688688,10.818429,5.461142,5.923666, Scube2,153.0987993,-0.269850684,0.227030618,-1.188609217,0.234593479,0.33435597
ENSMUSG00000007338.11_ Mrpl49, Mrpl49,20.594221,23.184939,22.373913,20.481901,19.793919,21.828751,21.44772,21.375332,26.326485,23.723547, Mrpl49,378.7101582,-0.371330603,0.155483363,-2.38823368,0.016929573,0.037967924
ENSMUSG00000007379.16_ Dennd2c, Dennd2c,0.689111,0.928865,0.826668,1.11005,0.773451,0.866178,1.673035,1.66182,1.382762,1.029827, Dennd2c,53.25723208,0.260397994,0.192900282,1.349909864,0.177044897,0.266217412
ENSMUSG00000007411.17_ Mark3, Mark3,16.333674,18.834485,18.286761,17.790836,18.178945,17.071083,21.363322,29.463529,28.541373,22.389192, Mark3,630.6601634,0.073873308,0.066703822,1.107482381,0.268085426,0.372220643
ENSMUSG00000007415.16_ Gatad1, Gatad1,63.558847,61.469097,57.300408,60.278022,61.325744,70.703055,68.306834,68.533557,77.396098,66.807626, Gatad1,860.8126149,-0.291294857,0.107525258,-2.709083086,0.006746944,0.01743152
ENSMUSG00000007458.15_ M6pr, M6pr,19.125603,23.042177,21.72161,21.325005,18.572556,22.314829,25.935909,43.175713,37.257344,33.614129, M6pr,673.7498863,0.27212785,0.079139318,3.438592309,0.000584747,0.002172934
ENSMUSG00000007476.19_ Lrrc8a, Lrrc8a,6.471256,13.930874,7.859544,7.600556,8.623555,11.030501,13.21107,22.621157,19.608322,15.430546, Lrrc8a,557.0046595,0.48158042,0.165480041,2.910202434,0.003611947,0.010281139
ENSMUSG00000007564.16_ Ppp2r1a, Ppp2r1a,79.225107,93.733205,77.669314,88.320275,77.335347,89.456773,95.542906,108.371189,113.121693,101.734429, Ppp2r1a,2251.438918,-0.135913698,0.074324623,-1.828649693,0.067452103,0.120400184
ENSMUSG00000007570.17_ Fance, Fance,3.88829,6.656748,7.730887,7.514222,4.33655,7.033012,6.793615,12.749897,8.660402,9.869377, Fance,104.0260456,0.25780082,0.16371063,1.574734768,0.115317679,0.187119253
ENSMUSG00000007589.10_ Tinf2, Tinf2,5.269769,7.290788,6.900336,7.505625,5.774958,7.48265,7.603884,10.608554,10.355577,9.659469, Tinf2,187.2839914,0.092431616,0.115731572,0.798672438,0.424480373,0.533391467
ENSMUSG00000007603.10_ Dus3l, Dus3l,10.900994,14.374788,13.097244,13.794626,12.681346,12.332398,15.4418,24.331589,19.134091,18.358764, Dus3l,337.4213521,0.164786622,0.090035892,1.830232567,0.06721517,0.120060328
ENSMUSG00000007610.17_ Gtpbp3, Gtpbp3,10.307168,7.80109,8.236843,8.793254,6.539422,9.452352,8.592512,12.341824,11.97919,8.909909, Gtpbp3,198.5644717,-0.070817566,0.111716463,-0.633904473,0.526143166,0.6286234
ENSMUSG00000007613.16_ Tgfbr1, Tgfbr1,4.944374,6.426901,5.619838,5.156518,4.895997,5.77807,7.787592,23.040871,16.695891,8.593035, Tgfbr1,468.3820069,0.809507701,0.197184808,4.105324888,4.04E-05,0.000222526
ENSMUSG00000007617.19_ Homer1, Homer1,13.695379,20.550211,14.562265,13.768693,16.851709,15.871704,18.022266,14.556456,19.994335,15.185007, Homer1,589.9246026,-0.385055135,0.156683264,-2.457538385,0.013989286,0.032259884
ENSMUSG00000007646.14_ Rad51c, Rad51c,0.412416,0.524301,0.397449,0.63704,0.664207,0.683721,0.688773,0.292419,0.785835,0.922147, Rad51c,11.80863497,0.036401637,0.426660001,0.085317671,0.932008844,0.951493889
ENSMUSG00000007655.17_ Cav1, Cav1,118.590361,124.281426,115.14849,121.919807,133.401881,134.093861,189.347136,190.848671,278.085159,156.939231, Cav1,3496.20951,0.275711458,0.114482701,2.408324179,0.016025943,0.036306446
ENSMUSG00000007656.15_ Arpp19, Arpp19,109.043304,115.111708,98.933552,83.78919,105.846103,90.584683,109.466536,106.438557,110.182158,98.606039, Arpp19,615.3483447,-0.293888517,0.11349594,-2.58941877,0.00961381,0.023506094
ENSMUSG00000007659.19_ Bcl2l1, Bcl2l1,13.515975,29.269984,21.911949,12.304663,18.113117,24.244744,25.611531,32.155978,39.113467,26.573826, Bcl2l1,533.6185456,0.251788929,0.181420226,1.387876834,0.165174553,0.251518034
ENSMUSG00000007670.11_ Khsrp, Khsrp,10.120544,14.538643,11.340494,12.924856,12.358331,11.383896,14.38222,24.054403,20.616122,15.968922, Khsrp,545.6908632,0.195852691,0.084580006,2.315590884,0.020580617,0.044768767
ENSMUSG00000007682.9_ Dio2, Dio2,0.349656,0.491271,0.205701,0.169705,0.212667,0.18698,0.606878,4.992777,1.863277,0.386554, Dio2,54.13477068,2.276956317,0.544052726,4.185175828,2.85E-05,0.0001661
ENSMUSG00000007721.7_ Ccdc124, Ccdc124,30.058103,31.527218,24.828749,28.696531,26.534747,28.576283,28.811791,34.859471,35.710406,31.63087, Ccdc124,377.0196682,-0.240350437,0.095585661,-2.514503049,0.011920027,0.028173021
ENSMUSG00000007739.11_ Cct4, Cct4,49.267841,53.606223,55.471043,50.777771,51.721369,51.587048,61.920277,71.686723,65.96492,57.224706, Cct4,1213.238186,-0.173220649,0.076917792,-2.252023159,0.024320809,0.051474722
ENSMUSG00000007777.10_ Trappc2b, Trappc2b,20.297572,19.775211,20.080728,21.226159,17.110243,18.031149,22.545626,21.172256,19.953463,18.751962, Trappc2b,129.800278,-0.349147039,0.15274978,-2.28574496,0.022269183,0.047838878
ENSMUSG00000007783.11_ Cpt1c, Cpt1c,1.26473,3.198585,1.260335,1.204004,2.025591,1.154337,2.446307,12.570842,7.486995,5.628635, Cpt1c,87.51079278,1.647428489,0.378821705,4.348822856,1.37E-05,8.94E-05
ENSMUSG00000007805.5_ Twist2, Twist2,0.638233,1.688278,0.707,0.401711,0.687815,0.460142,1.775228,2.337815,2.667292,0.902996, Twist2,14.09796741,0.895337392,0.442432517,2.023669956,0.043004122,0.082916191
ENSMUSG00000007812.18_ Zfp655, Zfp655,11.795985,13.108343,14.653836,14.398281,13.237942,16.412703,12.900658,17.086092,16.538274,15.844971, Zfp655,367.7109194,-0.241764333,0.132868805,-1.819571822,0.068824236,0.122324696
ENSMUSG00000007815.14_ Rhoa, Rhoa,86.318972,97.896,87.959771,79.634924,91.731918,89.343624,111.054543,171.596666,144.291252,115.207984, Rhoa,2236.825383,0.127975729,0.065455064,1.955169246,0.050563097,0.095123808
ENSMUSG00000007817.16_ Zmiz1, Zmiz1,17.309248,26.164072,16.682411,18.746435,16.54863,18.970878,24.415013,46.098286,35.172564,21.616732, Zmiz1,1692.350472,0.256625545,0.119456927,2.148268424,0.031692438,0.064070278
ENSMUSG00000007827.11_ Ankrd26, Ankrd26,0.890674,0.971525,0.506225,0.665703,0.699146,0.961354,1.66959,1.186575,1.733862,1.410282, Ankrd26,66.85606914,-0.042855394,0.208988741,-0.205060777,0.83752464,0.881389122
ENSMUSG00000007833.16_ Aldh16a1, Aldh16a1,5.426212,7.56794,6.120474,7.783938,4.208116,9.697993,7.532339,16.076973,16.120873,11.578342, Aldh16a1,200.6720777,0.221229452,0.149446548,1.480324933,0.138786553,0.218494817
ENSMUSG00000007836.7_ Hnrnpa0, Hnrnpa0,36.629328,41.161327,34.326636,36.845044,39.534068,36.31065,45.557151,71.772616,62.939467,59.831991, Hnrnpa0,1257.744353,0.219511638,0.075265814,2.916485265,0.003539994,0.01011203
ENSMUSG00000007837.12_ Prrg2, Prrg2,4.831329,6.601197,4.962348,5.821676,9.006383,7.892298,6.21261,15.678666,12.971831,8.575976, Prrg2,88.32201216,0.316627424,0.173117477,1.828974342,0.067403452,0.120346648
ENSMUSG00000007850.17_ Hnrnph1, Hnrnph1,58.209685,87.256043,76.768081,60.828909,78.149469,78.702088,87.236697,113.612438,123.957091,110.120885, Hnrnph1,1671.663813,0.039105986,0.10622179,0.368154086,0.712758344,0.785593185
ENSMUSG00000007867.10_ Ift43, Ift43,14.988626,20.567876,19.303679,15.66534,22.92219,16.715267,19.291125,37.548509,31.303732,20.013898, Ift43,129.1811403,0.076463521,0.168607582,0.453499896,0.650188818,0.735563249
ENSMUSG00000007872.4_ Id3, Id3,31.615628,49.715249,34.992788,32.837513,37.437834,41.559202,46.108761,114.698522,90.227376,60.786709, Id3,557.7962968,0.557693839,0.161674094,3.449494138,0.000561638,0.002100037
ENSMUSG00000007877.3_ Tcap, Tcap,1529.268238,2297.715827,2116.298864,1887.730885,1792.103598,2268.721614,1735.717797,1271.818742,1685.648247,1723.117399, Tcap,15063.20187,-0.712294747,0.167939629,-4.241373831,2.22E-05,0.000134545
ENSMUSG00000007880.17_ Arid1a, Arid1a,12.286602,16.337706,13.481774,16.110616,14.307008,16.007408,17.084469,25.294414,25.907528,20.627119, Arid1a,1493.781194,0.087591004,0.074978944,1.168208022,0.242722865,0.343820102
ENSMUSG00000007891.17_ Ctsd, Ctsd,478.461158,495.603487,480.079477,564.870356,500.455766,517.585804,606.55012,1120.971415,857.645024,619.593735, Ctsd,12968.15372,0.178892211,0.101693863,1.759124948,0.078556288,0.135987134
ENSMUSG00000007892.9_ Rplp1, Rplp1,738.764983,941.86204,780.280949,753.936721,790.873755,783.215574,1023.869667,1604.000577,1373.97934,1511.686871, Rplp1,2824.29606,0.336478524,0.088981963,3.78142391,0.000155934,0.000708541
ENSMUSG00000007944.9_ Ttc9b, Ttc9b,1.099602,0.913544,1.315396,1.833154,0.866795,1.236853,1.304134,1.602252,0.975922,1.22674, Ttc9b,25.83878221,-0.375514901,0.299528032,-1.253688676,0.209955186,0.305621969
ENSMUSG00000007950.10_ Abhd8, Abhd8,10.591057,13.976224,9.959582,11.514905,10.921061,11.088565,13.078977,19.689275,20.103652,15.943176, Abhd8,263.3394371,0.134665883,0.097057047,1.387492063,0.16529177,0.251653939
ENSMUSG00000007987.13_ Ift22, Ift22,4.830325,4.074128,4.345292,5.471097,2.98753,3.930058,6.208702,9.288684,6.697761,6.144863, Ift22,100.9440236,0.177378457,0.137932831,1.285977062,0.198451067,0.291706788
ENSMUSG00000007989.8_ Fzd3, Fzd3,0.214151,0.436576,0.243729,0.223619,0.367329,0.329599,0.25089,0.395677,0.275444,0.381641, Fzd3,44.64461386,-0.339176442,0.249133604,-1.361423896,0.173379769,0.261621127
ENSMUSG00000008035.13_ Mid1ip1, Mid1ip1,68.995814,104.99958,70.057663,81.066964,93.755708,81.90878,133.383412,125.690146,175.646718,131.822075, Mid1ip1,1683.985353,0.243081626,0.147402302,1.64910332,0.09912647,0.165317577
ENSMUSG00000008036.12_ Ap2s1, Ap2s1,38.391143,55.55889,42.68836,49.160578,44.158553,48.807992,55.54807,81.695743,90.549389,73.633711, Ap2s1,378.7838124,0.244347783,0.106494517,2.294463513,0.021763889,0.046902678
ENSMUSG00000008090.15_ Fgfrl1, Fgfrl1,8.5018,9.72684,7.779822,9.905002,6.386085,9.127723,15.291043,25.364599,16.089487,12.616879, Fgfrl1,218.7714347,0.308351214,0.158278366,1.948157673,0.0513961,0.09650796
ENSMUSG00000008136.15_ Fhl2, Fhl2,857.624007,741.404842,756.547399,1095.175975,828.580891,841.554883,929.88898,852.777675,949.244348,946.375104, Fhl2,12478.17979,-0.32753953,0.150963063,-2.169666699,0.030032105,0.061241566
ENSMUSG00000008140.19_ Emc10, Emc10,49.469648,67.347748,47.608146,60.314988,51.795666,57.585186,53.386628,91.391283,79.716106,73.1557, Emc10,1062.498418,-0.041666328,0.091295203,-0.456391205,0.648108689,0.734158947
ENSMUSG00000008167.15_ Fbxw9, Fbxw9,1.618043,2.761569,1.521148,3.045088,1.272457,1.71716,3.348107,7.614487,7.285534,4.419253, Fbxw9,52.49869643,1.093488281,0.252547209,4.329837124,1.49E-05,9.63E-05
ENSMUSG00000008200.16_ Fnbp4, Fnbp4,12.886924,16.76002,13.021161,15.114838,14.093183,17.650106,14.115832,22.945217,23.410395,19.873821, Fnbp4,441.9363057,0.029988014,0.107109694,0.279974789,0.779496847,0.838727945
ENSMUSG00000008206.17_ Cers4, Cers4,14.832184,19.962157,13.681865,15.298776,14.631734,12.189646,13.469045,23.596257,21.702781,18.837916, Cers4,512.3421224,-0.137941376,0.094108679,-1.46576678,0.142711834,0.223393115
ENSMUSG00000008226.15_ Scrn3, Scrn3,17.236439,11.170991,13.151656,10.830595,13.436172,13.262692,18.630466,11.772707,15.985839,9.897949, Scrn3,360.2569933,-0.534648806,0.113054098,-4.729141298,2.25E-06,1.91E-05
ENSMUSG00000008301.12_ Phax, Phax,7.229635,12.338215,14.043274,11.307057,10.193786,14.307443,8.238389,21.110307,17.3549,12.292955, Phax,183.5858483,-0.03559874,0.145993884,-0.243837199,0.807356909,0.859032013
ENSMUSG00000008305.20_ Tle1, Tle1,3.10501,5.901968,5.472337,4.275729,4.909908,5.370158,6.099774,10.156146,8.945581,5.87254, Tle1,166.7627443,0.234723065,0.143908126,1.631061919,0.102877255,0.170514787
ENSMUSG00000008307.12_ 1700109H08Rik, 1700109H08Rik,1.471683,3.85338,1.798142,1.227606,0.957943,0.85634,1.056573,2.440628,2.045823,0.804887, 1700109H08Rik,28.95429741,-0.202461872,0.336881562,-0.600988285,0.547847789,0.64860834
ENSMUSG00000008318.11_ Relt, Relt,1.159716,0.932206,2.818198,1.405506,2.018787,1.122427,2.802768,2.570633,2.158336,4.220738, Relt,42.98363551,0.61777878,0.248802099,2.483012733,0.013027643,0.030335126
ENSMUSG00000008333.13_ Snrpb2, Snrpb2,8.640294,5.453974,7.92754,6.397573,6.079423,6.925772,6.141153,9.593169,8.119256,9.767221, Snrpb2,127.9198289,0.086899573,0.127052037,0.683968355,0.493995149,0.600050605
ENSMUSG00000008348.10_ Ubc, Ubc,99.242489,105.599771,108.687336,119.876494,64.430647,87.982357,112.507229,120.859708,120.748028,107.046076, Ubc,2838.814561,-0.199846809,0.157430553,-1.269428361,0.204288326,0.298819669
ENSMUSG00000008373.17_ Prpf31, Prpf31,7.870053,11.795687,9.76181,10.72091,9.487497,9.966585,11.425156,13.404705,12.394112,12.40698, Prpf31,194.6068882,-0.052488688,0.103209623,-0.508563898,0.61105794,0.703430968
ENSMUSG00000008384.9_ Sertad1, Sertad1,5.428295,6.443785,6.469022,5.99278,5.12097,7.664892,6.820621,14.50462,12.733414,8.203225, Sertad1,84.95459847,0.267920146,0.172716467,1.551213677,0.120850486,0.194774021
ENSMUSG00000008393.10_ Carhsp1, Carhsp1,8.030148,17.265876,8.207578,10.145956,9.75794,10.844543,18.152663,39.391186,33.187817,20.191192, Carhsp1,481.0406374,0.896375068,0.193312568,4.636920805,3.54E-06,2.82E-05
ENSMUSG00000008398.17_ Elk3, Elk3,13.518432,13.904856,12.763526,15.773361,12.624674,12.161673,20.72208,36.177577,27.0593,19.791998, Elk3,637.5466069,0.369533184,0.118037612,3.130639281,0.001744263,0.005510896
ENSMUSG00000008429.9_ Herpud2, Herpud2,14.717023,19.997218,15.512446,15.879682,13.920486,17.127272,17.861856,31.99779,23.083164,18.048071, Herpud2,547.047666,0.006554466,0.103547219,0.063299293,0.949528179,0.963646724
ENSMUSG00000008435.16_ Rdh13, Rdh13,9.40854,13.243651,9.22588,11.019463,11.479731,9.58942,13.454021,12.706181,17.365236,9.557606, Rdh13,298.5891703,-0.200161958,0.148217523,-1.350460821,0.176868213,0.266106828
ENSMUSG00000008450.9_ Nutf2, Nutf2,60.110933,64.374978,71.159402,69.351149,63.459656,64.55302,74.874253,79.639398,83.817203,77.534875, Nutf2,558.0327346,-0.162837784,0.102762214,-1.584607591,0.113055519,0.184213237
ENSMUSG00000008475.14_ Arpc5, Arpc5,17.824721,21.550525,16.765681,18.710528,17.891124,16.651898,29.087452,58.694655,46.437505,46.127929, Arpc5,507.3944416,0.845738941,0.116154713,7.281141815,3.31E-13,1.38E-11
ENSMUSG00000008496.20_ Pou2f2, Pou2f2,0.688235,0.667212,0.562502,0.449,0.387271,0.829207,1.211208,3.674624,3.747934,4.734513, Pou2f2,90.45465872,2.211124891,0.324513837,6.81365366,9.52E-12,2.99E-10
ENSMUSG00000008540.12_ Mgst1, Mgst1,60.242374,58.598705,47.200448,60.227997,55.105393,64.598749,46.906746,34.00851,56.187489,91.266808, Mgst1,392.3324544,-0.355722894,0.206479362,-1.722801207,0.08492448,0.145297933
ENSMUSG00000008575.18_ Nfib, Nfib,18.134884,18.812482,16.869357,16.050676,19.304255,19.519099,23.613243,25.440821,27.581511,19.164486, Nfib,1804.314102,-0.080630783,0.091964038,-0.876764271,0.380614689,0.490845696
ENSMUSG00000008604.12_ Ubqln4, Ubqln4,33.372588,33.398169,32.602615,39.285695,34.189026,37.018368,34.452512,35.191932,36.263359,33.316708, Ubqln4,1173.540763,-0.436053454,0.104924598,-4.155874417,3.24E-05,0.000185457
ENSMUSG00000008658.18_ Rbfox1, Rbfox1,16.949351,17.301019,21.515631,19.320985,19.922289,23.578336,21.880278,7.996466,11.696184,15.535585, Rbfox1,375.8433116,-0.807375559,0.268894911,-3.002569128,0.002677112,0.007960982
ENSMUSG00000008668.16_ Rps18, Rps18,351.500573,368.118225,354.873368,397.559149,348.337465,341.345487,459.166525,658.551013,601.546778,688.673176, Rps18,1578.38869,0.2888465,0.111448704,2.591743913,0.009549082,0.02337885
ENSMUSG00000008682.14_ Rpl10, Rpl10,348.349634,515.858488,362.902114,361.609967,398.038935,431.072693,497.256521,923.326508,739.642636,684.550837, Rpl10,2977.059067,0.358326644,0.097565267,3.672686571,0.000240014,0.001022516
ENSMUSG00000008683.17_ Rps15a, Rps15a,159.231324,187.050379,165.215693,186.877754,180.266141,187.016905,198.072891,301.083194,258.044861,322.510306, Rps15a,1064.262067,0.155540341,0.118258104,1.315261579,0.188422006,0.279931346
ENSMUSG00000008690.16_ Ncaph2, Ncaph2,25.136237,28.444043,22.990906,27.76686,25.676925,29.807999,28.599911,35.48394,40.407739,35.141731, Ncaph2,934.3124971,-0.119429773,0.078284858,-1.525579481,0.127114625,0.203370788
ENSMUSG00000008730.18_ Hipk1, Hipk1,12.632455,22.188249,19.290719,15.00325,17.908596,18.350812,20.571885,27.990907,32.517133,24.601151, Hipk1,1518.976987,0.12841602,0.120466196,1.065992161,0.286427186,0.39299199
ENSMUSG00000008734.10_ Gprc5b, Gprc5b,4.423701,11.42119,4.616527,6.910511,5.258394,4.883149,10.499677,21.284775,18.691288,12.143333, Gprc5b,421.7757504,0.972863035,0.187136436,5.198683155,2.01E-07,2.29E-06
ENSMUSG00000008763.17_ Man1a2, Man1a2,3.57482,6.224159,4.457219,3.999398,4.733378,5.73143,6.661451,10.843231,8.294324,5.853602, Man1a2,480.8863315,0.218856623,0.123741613,1.768658235,0.076950926,0.133769161
ENSMUSG00000008822.16_ Acyp1, Acyp1,11.044202,11.465424,12.897881,11.669316,11.165289,13.254226,10.384063,15.74654,12.295692,13.119679, Acyp1,55.90850742,-0.347699886,0.173623985,-2.002602845,0.045219934,0.086574229
ENSMUSG00000008845.10_ Cd163, Cd163,5.636169,16.205077,8.106248,5.208427,9.113734,8.244663,12.53361,5.675756,16.858793,10.106427, Cd163,410.622179,0.006808166,0.329873803,0.020638697,0.983533871,0.988437748
ENSMUSG00000008855.18_ Hdac5, Hdac5,44.90371,42.603281,44.657296,49.566553,40.801115,51.768085,54.361878,62.484986,59.388139,51.929796, Hdac5,1461.048458,-0.23647471,0.0746537,-3.167622114,0.001536911,0.004941714
ENSMUSG00000008859.9_ Rala, Rala,13.957391,11.722227,11.175408,12.100578,15.719768,14.230549,12.377532,21.473141,23.119069,14.6612, Rala,370.1187268,-0.139083528,0.117405379,-1.184643584,0.236158397,0.336252022
ENSMUSG00000008892.14_ Vdac3, Vdac3,173.078567,178.169182,179.654971,181.731998,187.23902,192.408573,185.275419,158.695515,177.537757,163.922019, Vdac3,2306.026708,-0.517810387,0.12700255,-4.077165269,4.56E-05,0.00024772
ENSMUSG00000008958.15_ Vps72, Vps72,18.065384,20.954083,16.078627,20.403011,17.811717,18.577177,20.183851,27.123632,22.68706,21.415372, Vps72,260.047783,-0.096790204,0.095619512,-1.012243231,0.311421771,0.419302875
ENSMUSG00000008976.17_ Gabpa, Gabpa,14.468586,14.820046,14.620278,18.952664,15.169607,17.211973,13.755739,17.21028,18.412027,13.936248, Gabpa,659.1302053,-0.415263382,0.089942346,-4.616995228,3.89E-06,3.07E-05
ENSMUSG00000008999.8_ Bmp7, Bmp7,0.655327,0.329067,0.643008,0.382022,0.191886,0.554204,0.508884,0.632466,0.29408,0.542293, Bmp7,18.84418154,-0.3456396,0.407613477,-0.847959206,0.39646069,0.505869723
ENSMUSG00000009013.6_ Dynll1, Dynll1,21.560404,40.712661,25.948022,34.444971,32.485336,31.333078,54.315005,116.24005,94.503067,60.873221, Dynll1,352.5617495,0.947331963,0.1839377,5.150287099,2.60E-07,2.89E-06
ENSMUSG00000009030.15_ Pdcl, Pdcl,9.814848,6.831033,7.149803,6.200746,6.633807,6.643005,7.905179,11.539284,9.988199,7.756048, Pdcl,214.3159173,-0.160665542,0.096579126,-1.663563839,0.096199623,0.161375181
ENSMUSG00000009035.16_ Tmem184b, Tmem184b,18.98128,23.723007,19.100073,22.342767,25.53824,25.384958,30.830149,57.157674,52.789991,28.936348, Tmem184b,718.7004284,0.548842787,0.130090219,4.218939693,2.45E-05,0.000146521
ENSMUSG00000009073.17_ Nf2, Nf2,40.527844,45.565211,41.044848,43.165488,40.622472,42.364761,43.460583,55.851258,48.771987,43.300361, Nf2,1772.896982,-0.272403805,0.055871341,-4.875555138,1.09E-06,1.01E-05
ENSMUSG00000009075.3_ Cabp7, Cabp7,0.289913,0.54629,0.462581,0.585483,0.241726,0.346831,0.512365,0.780082,0.775079,0.40877, Cabp7,13.06074204,0.127332255,0.366212712,0.34770026,0.728065302,0.79761699
ENSMUSG00000009076.11_ Zmat5, Zmat5,13.723846,16.967264,13.333862,20.174371,12.504051,12.989707,18.416344,27.085404,23.6273,21.193283, Zmat5,108.3891676,0.137572685,0.156581102,0.87860338,0.379616362,0.489852063
ENSMUSG00000009079.17_ Ewsr1, Ewsr1,49.137397,61.001744,59.082835,54.90353,50.21715,61.435973,59.918577,94.735076,99.027724,78.933367, Ewsr1,1064.610507,0.065804438,0.070733225,0.930318649,0.352206125,0.461405404
ENSMUSG00000009090.18_ Ap1b1, Ap1b1,23.341285,25.267914,21.249403,26.708128,22.228042,21.424142,25.320465,28.774983,34.995682,29.545921, Ap1b1,1050.42425,-0.093752856,0.10037005,-0.934072024,0.350266742,0.459471321
ENSMUSG00000009097.11_ Tbx1, Tbx1,0.696396,0.421373,0.465141,0.662998,0.581211,0.218898,0.744198,3.063135,1.054303,0.385047, Tbx1,14.63423399,0.507654522,0.47864181,1.060614661,0.288865057,0.39536968
ENSMUSG00000009112.5_ Bcl2l13, Bcl2l13,22.977686,18.460463,21.335379,27.29151,34.648065,24.739654,18.808653,16.470181,18.868155,24.34114, Bcl2l13,1431.033599,-0.543118424,0.128344861,-4.231711501,2.32E-05,0.000139998
ENSMUSG00000009145.7_ Dqx1, Dqx1,0.429963,0.863794,0.52283,0.55019,0.709516,0.771402,0.434098,1.059402,0.557381,0.793143, Dqx1,21.35102405,-0.264447152,0.319508996,-0.827667312,0.407858936,0.516987352
ENSMUSG00000009185.3_ Ccl8, Ccl8,0.982982,1.676811,0.65576,0.650063,0,0.969275,16.383773,15.22282,35.560764,84.58788, Ccl8,40.50540032,5.151938345,0.657328112,7.837696651,4.59E-15,2.90E-13
ENSMUSG00000009207.16_ Lnpk, Lnpk,6.347035,3.788609,6.587571,5.030225,5.165874,3.640802,4.301372,5.728519,6.431734,4.750511, Lnpk,145.6441097,-0.422612686,0.162061044,-2.607737652,0.009114278,0.022459588
ENSMUSG00000009210.11_ Prr29, Prr29,2.498263,1.107785,1.723835,1.405505,1.81481,0.918137,0.707182,1.679057,0.581788,0.308602, Prr29,12.84479795,-1.415875917,0.490946401,-2.883972497,0.00392693,0.011034067
ENSMUSG00000009281.7_ Rarres2, Rarres2,28.175593,49.267695,34.676471,24.954784,28.445433,30.856227,44.169407,71.638683,66.573568,76.237726, Rarres2,319.9876125,0.375471825,0.162227257,2.314480512,0.020641379,0.044870587
ENSMUSG00000009291.14_ Pttg1ip, Pttg1ip,56.907967,80.711731,61.936493,61.537159,61.733505,64.326069,71.566144,105.178986,99.574785,71.359977, Pttg1ip,1647.323249,-0.043649655,0.078837829,-0.553663848,0.579808921,0.676513665
ENSMUSG00000009292.19_ Trpm2, Trpm2,0.660342,0.249182,0.580809,0.19587,0.431303,0.907495,1.070241,2.429649,1.469842,1.420966, Trpm2,27.96121504,2.01870268,0.352393893,5.728540483,1.01E-08,1.61E-07
ENSMUSG00000009293.18_ Ube2g2, Ube2g2,37.633276,46.508627,43.608486,44.754846,41.734139,40.418511,46.367774,74.874153,62.830123,46.621076, Ube2g2,947.0371266,-0.066839057,0.06502683,-1.02786892,0.304011491,0.411214033
ENSMUSG00000009376.16_ Met, Met,0.644172,0.831143,0.356942,0.584915,0.662091,0.640185,0.939053,1.224174,1.105919,1.516221, Met,58.71998195,0.401936075,0.235628851,1.705801618,0.088045022,0.149839153
ENSMUSG00000009378.5_ Slc16a12, Slc16a12,0.703077,1.59414,0.556248,0.595928,1.057237,0.606939,1.144659,2.140519,1.433398,1.324216, Slc16a12,46.31637772,0.366101002,0.293729445,1.246388499,0.212621802,0.308771951
ENSMUSG00000009394.14_ Syn2, Syn2,1.197987,2.987198,1.566894,1.188669,1.260505,1.817794,1.312024,1.562149,1.656601,1.686496, Syn2,54.52512614,-0.511349595,0.254049214,-2.012797388,0.044135949,0.084766476
ENSMUSG00000009406.14_ Elk1, Elk1,4.557867,5.601562,4.31353,3.934805,3.96439,4.478445,4.688077,6.546708,5.517555,5.739049, Elk1,181.6939031,-0.115996548,0.113914186,-1.018280095,0.308544865,0.416124282
ENSMUSG00000009418.18_ Nav1, Nav1,10.801091,18.634592,11.693193,12.693996,11.891394,11.697838,19.168245,54.592592,45.542177,19.201649, Nav1,1287.834896,0.887762075,0.198264302,4.477669782,7.55E-06,5.37E-05
ENSMUSG00000009470.18_ Tnpo1, Tnpo1,15.040746,16.957129,15.524565,18.308004,15.402967,17.478746,18.183143,24.889469,24.739563,17.324457, Tnpo1,1336.570366,-0.104897669,0.075528216,-1.388854057,0.164877133,0.251194266
ENSMUSG00000009535.14_ Rnmt, Rnmt,5.764151,6.698481,6.322567,7.038275,5.815894,7.532478,5.581515,11.833342,9.745099,5.767907, Rnmt,177.8896674,-0.07900486,0.123237158,-0.64107986,0.521470799,0.625067209
ENSMUSG00000009545.15_ Kcnq1, Kcnq1,15.12472,17.390669,16.591112,16.603167,10.868735,15.813818,16.954972,18.724008,17.152555,16.156145, Kcnq1,507.4190003,-0.307132774,0.131764252,-2.330926411,0.01975724,0.043257496
ENSMUSG00000009549.15_ Srp14, Srp14,65.68833,72.966771,71.720605,72.283279,62.104324,64.564275,68.094794,109.147435,94.918841,91.378353, Srp14,476.5423934,-0.04968288,0.091813084,-0.541130723,0.588417484,0.683836535
ENSMUSG00000009555.17_ Cdk9, Cdk9,13.557456,23.206084,17.08687,16.84963,15.737783,18.340964,21.069722,40.563155,33.827658,31.205628, Cdk9,349.6746097,0.314088553,0.126383627,2.485199714,0.012947877,0.030182077
ENSMUSG00000009563.17_ Tor2a, Tor2a,7.879877,5.945398,5.404393,8.683819,3.977875,7.115701,9.886088,27.786151,12.311083,14.945116, Tor2a,130.3093375,0.76034041,0.205352853,3.702604552,0.000213397,0.000925441
ENSMUSG00000009566.13_ Fpgs, Fpgs,5.076377,5.169224,3.18458,5.503447,4.401779,3.863529,6.201397,9.449183,9.638224,7.04054, Fpgs,112.6337582,0.212305496,0.143053794,1.484095525,0.13778358,0.217233951
ENSMUSG00000009569.15_ Mrtfb, Mrtfb,7.317391,9.66583,7.110287,8.087341,7.645722,8.969579,8.955329,13.377657,10.78845,9.768467, Mrtfb,762.2103295,-0.005152945,0.078206475,-0.065888978,0.947466216,0.961932487
ENSMUSG00000009575.15_ Cbx5, Cbx5,13.18146,15.536185,12.401328,12.111954,14.387017,9.98006,14.735483,25.13737,20.812548,14.434503, Cbx5,1045.978849,0.004367516,0.101691189,0.042948814,0.965742337,0.975268213
ENSMUSG00000009585.19_ Apobec3, Apobec3,6.486204,12.798928,6.76446,7.464684,7.19813,7.361672,15.360763,20.902364,20.564293,31.365498, Apobec3,264.0133076,0.988661165,0.235541639,4.197394435,2.70E-05,0.000158753
ENSMUSG00000009614.17_ Sardh, Sardh,3.884913,11.463178,2.865184,7.227486,2.801374,3.861204,5.759127,12.466421,11.841561,7.075014, Sardh,134.8587792,0.701000035,0.284725956,2.462016622,0.013815826,0.031945539
ENSMUSG00000009621.19_ Vav2, Vav2,6.033901,5.812055,5.74474,6.65222,5.29315,4.916489,8.296703,11.071666,11.359438,9.84201, Vav2,371.6642447,0.329028995,0.084251436,3.905322102,9.41E-05,0.000459633
ENSMUSG00000009630.11_ Ppp2cb, Ppp2cb,19.494713,28.668158,22.868321,24.910041,22.303806,27.74468,27.424605,39.7179,36.448281,30.503259, Ppp2cb,383.7239313,0.007861103,0.089721507,0.087616707,0.930181323,0.950442128
ENSMUSG00000009633.4_ G0s2, G0s2,33.91044,30.937881,34.611634,46.804803,42.332628,51.531048,36.333979,32.357977,41.799131,35.341843, G0s2,280.5045177,-0.5679303,0.185409021,-3.06312118,0.002190413,0.006721297
ENSMUSG00000009640.12_ Dmap1, Dmap1,9.775188,10.163046,10.322589,10.175418,8.443414,9.920737,11.183269,12.266086,13.117277,11.664814, Dmap1,161.8296441,-0.112644634,0.127464079,-0.883736305,0.376838577,0.487096066
ENSMUSG00000009647.14_ Mcu, Mcu,7.658611,8.355604,7.56936,8.432079,8.015009,7.886109,7.401512,9.68416,9.616563,8.528081, Mcu,249.2593767,-0.315131357,0.092301808,-3.414140685,0.000639835,0.002348855
ENSMUSG00000009681.11_ Bcr, Bcr,2.500012,8.216935,3.286709,3.748624,4.129554,3.946051,4.003836,20.276199,13.210416,9.584863, Bcr,315.2385772,0.758366576,0.227246659,3.337195714,0.000846283,0.002959353
ENSMUSG00000009687.15_ Fxyd5, Fxyd5,14.856802,37.907638,21.693391,19.121218,14.468535,17.736255,42.473064,101.086994,77.711578,54.661587, Fxyd5,223.2951551,1.263704391,0.227798888,5.547456355,2.90E-08,4.11E-07
ENSMUSG00000009731.5_ Kcnd1, Kcnd1,0.119819,0.154635,0.151078,0.190348,0.211551,0.196206,0.63916,1.798795,0.732353,0.77114, Kcnd1,24.83747609,2.023173217,0.344041621,5.880605995,4.09E-09,7.18E-08
ENSMUSG00000009733.10_ Tfcp2, Tfcp2,5.964465,5.941584,5.574062,5.456419,5.045602,6.012994,4.898827,7.068545,7.003204,5.327842, Tfcp2,170.9430752,-0.287632092,0.101225758,-2.841491098,0.004490311,0.012395679
ENSMUSG00000009739.19_ Pou6f1, Pou6f1,8.818076,7.901319,7.044447,6.346783,5.60448,7.169406,11.469977,11.260186,10.198388,10.165058, Pou6f1,269.3678418,0.094165267,0.105818163,0.889878111,0.373531339,0.483402314
ENSMUSG00000009741.17_ Ubp1, Ubp1,14.33619,15.746489,13.747866,18.50729,16.116576,15.388125,18.370289,32.008859,30.520771,22.06124, Ubp1,692.4039838,0.147535593,0.07841576,1.881453336,0.059910277,0.109343885
ENSMUSG00000009772.16_ Nuak2, Nuak2,0.784367,1.091035,0.85044,0.944685,2.14793,1.615877,2.03474,4.489626,2.554588,3.55512, Nuak2,58.50019798,0.817126251,0.307385336,2.658312403,0.007853306,0.019821492
ENSMUSG00000009828.16_ Cilk1, Cilk1,5.440958,8.631017,5.870644,6.259258,6.29999,7.857389,6.824279,13.698616,9.374605,7.314527, Cilk1,347.8465334,0.035396112,0.143427908,0.246786785,0.805073238,0.857348362
ENSMUSG00000009863.15_ Sdhb, Sdhb,658.439966,610.967488,692.677187,729.173093,658.043333,724.12696,610.99853,419.329118,544.670755,611.342902, Sdhb,6624.838095,-0.723556079,0.177878563,-4.067696907,4.75E-05,0.000255738
ENSMUSG00000009876.14_ Cox4i2, Cox4i2,10.980087,12.959483,11.767926,12.971831,11.520866,12.389407,14.068719,22.412437,18.69376,17.362816, Cox4i2,77.24095703,0.122917025,0.14239474,0.863213237,0.388020237,0.498006274
ENSMUSG00000009894.16_ Snap47, Snap47,21.146932,21.743207,19.4105,21.971643,19.564878,18.99968,24.28704,35.98121,30.727048,20.86761, Snap47,424.9616228,-0.014025016,0.098942416,-0.141749277,0.887278051,0.919132045
ENSMUSG00000009905.6_ Kdsr, Kdsr,1.538474,2.267034,1.637092,1.671213,1.633639,1.76649,1.833385,3.654692,3.214827,2.161618, Kdsr,124.5785553,0.157441448,0.144770077,1.087527557,0.276803727,0.382432053
ENSMUSG00000009907.18_ Vps4b, Vps4b,15.977008,13.65979,13.476756,13.417867,11.377624,11.872723,17.033937,32.60635,22.35825,19.929881, Vps4b,433.0548572,0.207798224,0.088192634,2.356185715,0.018463684,0.04080547
ENSMUSG00000009927.10_ Rps25, Rps25,451.97647,486.450744,437.523821,454.391443,412.094652,434.046193,521.405239,657.874964,557.126592,656.517204, Rps25,1625.22728,-0.026516129,0.100194003,-0.264647864,0.791280744,0.847800797
ENSMUSG00000009995.18_ Tafazzin, Tafazzin,33.13425,43.716842,27.591863,35.158051,31.782095,30.766877,29.130032,41.141464,35.566799,44.044489, Tafazzin,570.8012098,-0.361627122,0.117790613,-3.070084379,0.002139983,0.006590065
ENSMUSG00000010025.20_ Aldh3a2, Aldh3a2,11.902044,14.618177,13.612167,13.939675,15.329037,13.933469,16.32865,23.117813,22.562422,19.068973, Aldh3a2,467.1363317,0.072594882,0.082278617,0.882305567,0.377611587,0.48780187
