,geneid_symbol,S1,S2,S3,S4,S5,S6,I44,I51,I55,I69,geneid3,baseMean,log2FoldChange,lfcSE,stat,pvalue,padj
ENSMUSG00000000001.5_ Gnai3, Gnai3,7.240009,9.083511,7.217802,7.458625,7.600978,7.991116,13.817305,19.717506,11.638813,21.469334, Gnai3,380.5668946,0.691808638,0.118710736,5.827683847,5.62E-09,1.43E-07
ENSMUSG00000000028.16_ Cdc45, Cdc45,1.761299,1.098384,2.0362,1.152646,1.784237,1.921576,2.034542,2.981015,2.806942,1.792682, Cdc45,35.11379408,-0.14993657,0.260037461,-0.576596039,0.564212376,0.686671393
ENSMUSG00000000037.18_ Scml2, Scml2,0.093773,0.160682,0.16152,0.242212,0.035706,0.125561,0.231805,0.247437,1.541841,0.501255, Scml2,8.248771226,0.766672335,0.4475382,1.713088034,0.086696345,0.166289551
ENSMUSG00000000056.8_ Narf, Narf,32.762029,31.762822,30.017808,30.64468,30.52372,32.991876,23.852391,32.370773,34.901428,31.132691, Narf,1474.296774,-0.434000069,0.113157121,-3.835375679,0.000125373,0.000766978
ENSMUSG00000000058.7_ Cav2, Cav2,20.603416,18.066442,17.719724,18.056526,22.504348,20.789212,25.462875,23.582915,26.063187,27.498637, Cav2,630.89292,-0.018768059,0.123606858,-0.151836713,0.879315725,0.923482268
ENSMUSG00000000078.8_ Klf6, Klf6,11.646269,17.90283,14.84078,10.477225,19.954746,20.060565,21.314176,31.984853,18.793457,34.093511, Klf6,883.2930944,0.339310212,0.18553329,1.828837353,0.067423977,0.135717541
ENSMUSG00000000085.17_ Scmh1, Scmh1,24.432551,27.117467,19.74691,24.726135,23.837002,29.213318,27.739391,34.512432,24.423436,27.862592, Scmh1,608.8501737,-0.256061561,0.092534158,-2.767211233,0.005653811,0.018216137
ENSMUSG00000000088.8_ Cox5a, Cox5a,1193.246097,1129.52879,1148.138708,1301.32045,1196.784219,1261.255375,1268.402934,1135.776418,1191.065981,1020.624026, Cox5a,5582.778255,-0.445701602,0.129419217,-3.443859519,0.000573474,0.002702458
ENSMUSG00000000093.7_ Tbx2, Tbx2,3.217181,4.641391,2.90623,3.973093,3.304675,3.637159,4.837238,6.845076,4.705848,7.843312, Tbx2,175.786656,0.342129713,0.134022849,2.552771526,0.010686957,0.030548803
ENSMUSG00000000120.7_ Ngfr, Ngfr,0.161821,0.297976,0.158797,0.272489,0.23104,0.154728,0.688775,1.0965,0.511786,1.572507, Ngfr,17.24067933,1.75288441,0.381955087,4.589242214,4.45E-06,4.54E-05
ENSMUSG00000000126.12_ Wnt9a, Wnt9a,3.062319,4.007248,4.190889,3.377578,2.808229,2.417963,3.796215,4.445681,3.580066,4.694205, Wnt9a,130.2455432,-0.07205371,0.163736582,-0.440058716,0.659894582,0.765459031
ENSMUSG00000000127.16_ Fer, Fer,5.925864,6.532934,5.536802,4.897028,6.576404,6.798987,5.813326,7.103934,6.395401,8.365139, Fer,202.7270942,-0.222687092,0.117899575,-1.88878621,0.058920481,0.122104755
ENSMUSG00000000131.16_ Xpo6, Xpo6,17.214502,19.291894,17.398376,20.948275,13.221159,19.003414,15.096855,22.96074,19.156871,21.634982, Xpo6,874.9637015,-0.268836433,0.099016406,-2.715069598,0.006626184,0.020717691
ENSMUSG00000000134.18_ Tfe3, Tfe3,5.845971,6.975857,6.682757,7.176194,4.905168,7.084693,8.858984,12.635192,10.262578,13.603848, Tfe3,278.8787097,0.44210903,0.100893044,4.381957469,1.18E-05,0.000103073
ENSMUSG00000000142.16_ Axin2, Axin2,1.203914,2.645587,1.793902,2.736311,2.367182,2.100821,1.362939,2.809496,2.992807,2.847165, Axin2,81.31582926,0.051884098,0.195829399,0.2649454,0.791051523,0.863607094
ENSMUSG00000000148.18_ Brat1, Brat1,3.544425,4.422387,3.391858,4.732645,3.450245,4.183785,4.021386,6.832966,5.391279,6.839891, Brat1,165.7841922,0.111337776,0.132432861,0.840711094,0.400509804,0.535510814
ENSMUSG00000000149.11_ Gna12, Gna12,60.114187,59.312729,53.381128,64.701111,58.671615,63.494316,58.69816,73.38447,63.105035,77.967581, Gna12,2351.865312,-0.205677542,0.06891395,-2.984555991,0.002839902,0.010341977
ENSMUSG00000000168.11_ Dlat, Dlat,197.924478,163.322743,173.541024,198.691415,191.722053,181.746356,179.589096,175.328462,188.089974,154.486473, Dlat,5608.73689,-0.521220017,0.146874587,-3.548742015,0.000387076,0.001938338
ENSMUSG00000000171.6_ Sdhd, Sdhd,330.395876,323.821231,353.93118,403.741536,354.746373,384.115524,366.634606,378.531229,385.162654,340.495595, Sdhd,4215.561231,-0.342500431,0.118502387,-2.89024078,0.003849469,0.013245809
ENSMUSG00000000183.7_ Fgf6, Fgf6,0.21519,0.216036,0.211068,0.158191,0.279057,0.299061,0.547517,0.279317,0.317883,0.438382, Fgf6,15.07507857,0.4245451,0.367353979,1.155683956,0.247810453,0.375670102
ENSMUSG00000000184.13_ Ccnd2, Ccnd2,22.391798,20.266056,14.785695,18.475549,18.488195,17.262594,19.018444,19.833085,24.310855,27.331759, Ccnd2,1364.31058,-0.094934497,0.124450616,-0.762828664,0.445565584,0.579687405
ENSMUSG00000000194.14_ Gpr107, Gpr107,9.534996,9.388855,7.707266,8.974927,8.567126,10.794962,10.75141,13.524083,10.495731,15.693773, Gpr107,675.6450555,0.099239503,0.096420738,1.029234012,0.303369723,0.436428956
ENSMUSG00000000197.9_ Nalcn, Nalcn,0.125478,0.214057,0.13532,0.088821,0.143071,0.179706,0.196104,0.427037,0.158439,0.337191, Nalcn,15.39559265,0.496694619,0.365619819,1.35850026,0.174305,0.28722204
ENSMUSG00000000204.17_ Slfn4, Slfn4,0.074893,0.100283,0.024494,0.151351,0.110593,0.04773,3.300977,2.497866,0.545933,2.188906, Slfn4,32.96874598,4.303186466,0.544932225,7.896737007,2.86E-15,3.90E-13
ENSMUSG00000000244.18_ Tspan32, Tspan32,0.323253,0.922967,0.292239,0.289438,0.131906,0.020362,0.67437,1.272984,1.07176,1.527874, Tspan32,7.941645588,1.837659903,0.513802365,3.576589036,0.000348107,0.001773702
ENSMUSG00000000253.14_ Gmpr, Gmpr,70.653719,72.32807,71.372416,77.97856,65.399638,70.77046,70.931659,86.086888,77.508278,77.963805, Gmpr,1130.946934,-0.261682118,0.080257645,-3.260525732,0.001112059,0.004753535
ENSMUSG00000000266.12_ Mid2, Mid2,6.187909,5.042803,4.571593,5.311212,5.318957,5.84008,6.460327,7.766758,6.163417,8.90566, Mid2,372.7324669,0.081461035,0.112653874,0.723109043,0.469612894,0.602586379
ENSMUSG00000000275.17_ Trim25, Trim25,9.445505,12.916305,10.133367,12.438789,11.370916,11.870777,13.538624,17.073727,16.084192,20.528178, Trim25,822.3681558,0.186340815,0.080211212,2.323126787,0.020172342,0.051547655
ENSMUSG00000000276.12_ Dgke, Dgke,6.50021,5.651449,5.584499,6.474804,4.788478,6.090533,4.734431,7.795803,6.946523,4.89733, Dgke,421.6990447,-0.352087204,0.163578214,-2.152408904,0.031365163,0.073493706
ENSMUSG00000000278.11_ Scpep1, Scpep1,8.209583,16.792984,7.470576,8.66094,8.32231,9.295387,23.143248,35.972814,18.593549,40.977889, Scpep1,353.7883247,1.194262758,0.207549661,5.754106037,8.71E-09,2.07E-07
ENSMUSG00000000282.13_ Mnt, Mnt,3.933192,4.890703,6.118121,7.417733,5.826907,7.657504,5.962577,7.524665,7.752124,8.671541, Mnt,307.4204916,-0.034850228,0.172179812,-0.202406005,0.839599334,0.897809728
ENSMUSG00000000290.14_ Itgb2, Itgb2,2.5349,3.406323,2.612699,1.888258,1.901163,2.546188,14.064258,18.132709,4.555329,22.09891, Itgb2,206.2511772,2.126440508,0.295642875,7.192598533,6.36E-13,4.65E-11
ENSMUSG00000000295.14_ Hddc2, Hddc2,2.525782,2.179205,1.676954,2.366098,2.711179,2.598052,3.093203,2.890565,4.432994,4.846597, Hddc2,20.88732242,0.406254882,0.298354555,1.361651348,0.173307942,0.286046471
ENSMUSG00000000296.9_ Tpd52l1, Tpd52l1,5.409372,4.583619,6.820848,5.273896,6.752783,6.032592,5.475175,7.39681,6.196524,5.808778, Tpd52l1,58.62125578,-0.329238464,0.20557825,-1.601523816,0.109260949,0.200393263
ENSMUSG00000000301.17_ Pemt, Pemt,0.978524,1.590263,0.603855,1.457883,1.177815,0.702319,1.730586,1.071968,1.454945,2.744745, Pemt,10.58452757,0.216609914,0.42174397,0.513605242,0.607528014,0.722171215
ENSMUSG00000000305.13_ Cdh4, Cdh4,2.345974,1.057358,1.046806,0.965886,1.241574,1.113406,0.751198,1.122389,1.26724,1.101197, Cdh4,87.24467498,-0.804492976,0.295925492,-2.718565979,0.006556558,0.020563749
ENSMUSG00000000317.12_ Bcl6b, Bcl6b,7.662427,4.279281,5.767496,11.437539,9.670726,8.196319,11.949352,10.108488,12.198851,16.470573, Bcl6b,329.2035423,0.271372774,0.241721833,1.12266555,0.261579564,0.39107174
ENSMUSG00000000318.17_ Clec10a, Clec10a,1.581445,2.473612,1.428341,2.095592,1.438526,2.347955,5.03913,7.830132,3.261495,4.381389, Clec10a,40.44223086,0.933964569,0.229957556,4.061465014,4.88E-05,0.000340063
ENSMUSG00000000320.11_ Alox12, Alox12,2.229998,0.962978,2.232915,3.112549,2.279983,2.354515,2.783189,3.176553,3.106629,2.14273, Alox12,74.5374108,0.017433196,0.279457389,0.062382306,0.950258386,0.968355028
ENSMUSG00000000326.14_ Comt, Comt,120.273218,103.765287,86.061961,102.652106,97.351396,99.534228,94.117531,133.81469,126.619027,146.28491, Comt,1720.215497,-0.126132423,0.107380638,-1.174629101,0.240143136,0.367209036
ENSMUSG00000000339.15_ Rtca, Rtca,8.778189,13.763265,9.643227,14.753863,11.517379,12.114656,13.347448,19.206733,13.963317,15.981659, Rtca,204.9572404,0.013659424,0.141165322,0.096761894,0.922915486,0.951586475
ENSMUSG00000000340.11_ Dbt, Dbt,27.570256,26.073867,32.724954,30.001061,31.983973,31.771131,21.368217,26.543538,28.444282,20.266457, Dbt,976.1919147,-0.73668099,0.160314896,-4.595212359,4.32E-06,4.43E-05
ENSMUSG00000000346.10_ Dazap2, Dazap2,86.677356,110.608649,95.826982,97.136594,96.024067,107.490204,112.848271,141.1165,120.920362,135.328152, Dazap2,2222.45065,0.015083429,0.051873246,0.290774728,0.771223615,0.848786231
ENSMUSG00000000355.14_ Mcts1, Mcts1,24.554196,20.013392,26.389921,19.623641,24.58698,25.871701,30.36477,28.765731,24.733166,25.791487, Mcts1,147.6853751,-0.154863584,0.156515262,-0.989447178,0.322444402,0.455866074
ENSMUSG00000000359.4_ Rem1, Rem1,2.885379,3.449102,3.947566,4.44141,2.854426,3.84004,4.464563,5.32141,6.063785,5.776764, Rem1,67.64644349,0.134109064,0.173849283,0.771409935,0.440463988,0.575147698
ENSMUSG00000000374.9_ Trappc10, Trappc10,17.597272,18.053753,14.618644,16.461325,16.896736,17.541148,15.96068,18.593277,14.268949,19.162414, Trappc10,896.3280846,-0.371914455,0.07040357,-5.282607889,1.27E-07,2.13E-06
ENSMUSG00000000378.16_ Ccm2, Ccm2,17.869378,16.954999,17.273423,16.033738,14.858761,13.689687,21.648068,23.354774,15.579856,28.961879, Ccm2,284.031554,0.129394634,0.106606896,1.213754822,0.224841363,0.348342031
ENSMUSG00000000384.16_ Tbrg4, Tbrg4,43.437762,37.847264,39.297041,50.074572,40.223576,45.262489,43.370893,44.054167,43.47753,43.689887, Tbrg4,868.8473028,-0.359516461,0.116507928,-3.085768222,0.00203027,0.007867822
ENSMUSG00000000386.19_ Mx1, Mx1,0.497491,0.524814,0,0.249151,0.245455,0.303571,2.2748,2.720172,0.889935,2.284181, Mx1,24.00336295,3.02316554,0.479094127,6.310170323,2.79E-10,1.00E-08
ENSMUSG00000000392.18_ Fap, Fap,1.695178,1.601132,0.854341,2.311164,1.3897,2.577783,4.524876,8.260131,2.782217,8.964099, Fap,70.19703447,1.24892806,0.245005927,5.097542242,3.44E-07,4.89E-06
ENSMUSG00000000399.11_ Ndufa9, Ndufa9,343.38266,315.371204,364.753346,389.562394,366.747846,372.927533,322.306711,339.204221,333.284075,289.316751, Ndufa9,4860.457576,-0.561147563,0.12066355,-4.65051429,3.31E-06,3.53E-05
ENSMUSG00000000416.17_ Cttnbp2, Cttnbp2,0.213978,0.418509,0.338131,0.371519,0.443789,0.359797,0.58955,0.53224,0.423972,0.615215, Cttnbp2,22.39666199,0.144737595,0.291402485,0.496693071,0.61940551,0.732491993
ENSMUSG00000000420.16_ Galnt1, Galnt1,29.949587,33.833309,27.096647,27.8199,29.330267,28.608605,35.460049,41.978543,39.263525,43.745402, Galnt1,1264.603114,-0.058496194,0.08185728,-0.714611996,0.47484883,0.607074821
ENSMUSG00000000439.10_ Mkrn2, Mkrn2,10.5978,13.060422,12.409213,16.171062,17.705433,12.709112,12.052395,14.596405,18.325856,13.169227, Mkrn2,898.0990866,-0.258887366,0.089761356,-2.884173963,0.003924419,0.013454271
ENSMUSG00000000440.13_ Pparg, Pparg,6.021464,5.216396,5.472442,6.300852,5.608713,5.733429,6.481544,8.021073,6.631729,7.691526, Pparg,125.5301938,-0.049549817,0.132330808,-0.374439015,0.708077721,0.803575045
ENSMUSG00000000441.18_ Raf1, Raf1,49.811179,52.221502,49.449444,55.991312,51.1034,53.74902,50.958452,56.64966,61.354134,65.123512, Raf1,1558.752775,-0.262266496,0.07231542,-3.626702266,0.000287064,0.00151567
ENSMUSG00000000486.14_ Septin1, Septin1,2.302027,2.947355,1.466356,1.547267,0.913098,4.479554,4.914438,7.066203,7.228687,8.639315, Septin1,30.47193263,1.134979368,0.305324652,3.717287028,0.000201374,0.00113014
ENSMUSG00000000489.8_ Pdgfb, Pdgfb,14.453875,14.848588,19.192937,20.440436,16.535131,18.605666,23.64452,23.559223,23.208925,34.371241, Pdgfb,625.660642,0.2174373,0.125301841,1.735308108,0.082686246,0.160120634
ENSMUSG00000000530.17_ Acvrl1, Acvrl1,12.936168,16.509451,15.239228,16.470049,13.04845,16.302296,24.162639,31.760878,23.783912,47.319442, Acvrl1,544.7928177,0.711060403,0.133736466,5.316877456,1.06E-07,1.81E-06
ENSMUSG00000000531.6_ Tamalin, Tamalin,5.218304,5.928532,5.032878,7.020406,5.855866,6.15781,7.62005,8.240053,8.49383,7.926171, Tamalin,139.9795272,0.083110445,0.137572187,0.604122441,0.545762241,0.670252269
ENSMUSG00000000532.12_ Acvr1b, Acvr1b,7.52895,8.472793,8.967815,7.944184,7.692019,7.846618,6.6581,11.291284,8.123632,10.986289, Acvr1b,416.9962782,-0.210686799,0.109895922,-1.917148464,0.055219073,0.115808998
ENSMUSG00000000538.19_ Tom1l2, Tom1l2,49.540856,60.639142,52.025482,60.417283,54.849025,63.828194,50.37104,67.272363,65.253909,63.175833, Tom1l2,2502.004676,-0.259750062,0.072872321,-3.564454366,0.000364614,0.001842038
ENSMUSG00000000552.11_ Zfp385a, Zfp385a,7.906654,9.865944,7.949152,7.110082,7.45254,7.369544,9.943188,13.773404,10.06873,17.697029, Zfp385a,225.0103336,0.298001132,0.13198508,2.257839537,0.023955665,0.05923235
ENSMUSG00000000555.9_ Itga5, Itga5,17.012056,20.878033,18.822327,16.522105,17.156371,20.43315,30.767017,43.350565,23.658651,53.175099, Itga5,1113.695376,0.676530418,0.131519527,5.143954172,2.69E-07,3.97E-06
ENSMUSG00000000561.15_ Wdr77, Wdr77,14.236805,17.686884,17.697543,17.477146,18.535121,18.460548,17.918156,24.382815,16.018094,19.70501, Wdr77,511.2688882,-0.06306357,0.090579148,-0.696226129,0.486287227,0.617749478
ENSMUSG00000000563.18_ Atp5pb, Atp5pb,631.879968,553.080293,631.053298,630.729397,609.393408,631.208394,651.564643,586.453834,598.217972,455.9783, Atp5pb,9022.909513,-0.464681825,0.146051281,-3.181634707,0.001464464,0.005975451
ENSMUSG00000000567.6_ Sox9, Sox9,0.510365,1.292276,0.565979,0.717622,0.50661,0.615001,3.142619,4.314402,1.422738,8.853322, Sox9,86.58436496,2.222154084,0.371791902,5.976875964,2.27E-09,6.45E-08
ENSMUSG00000000568.16_ Hnrnpd, Hnrnpd,28.760174,27.922259,32.206951,27.193072,30.11367,32.741587,35.638192,38.900839,34.271741,37.016529, Hnrnpd,624.8526984,-0.074978586,0.110810341,-0.676638887,0.4986351,0.628507466
ENSMUSG00000000579.15_ Dynlt1c, Dynlt1c,3.152902,3.877363,5.946309,4.167956,4.808204,3.496332,5.053829,8.264308,6.676164,7.106358, Dynlt1c,73.91666607,0.24573314,0.185344267,1.325820025,0.184899318,0.300673538
ENSMUSG00000000581.9_ C1d, C1d,14.736748,11.698627,9.149217,20.354591,16.437262,11.607017,10.892039,15.744466,18.700417,16.392609, C1d,243.1575173,0.084626911,0.112457128,0.752525988,0.451734808,0.585606974
ENSMUSG00000000594.8_ Gm2a, Gm2a,4.180283,6.787297,4.231792,4.786506,4.526615,4.887678,9.172714,12.872232,6.787041,16.272942, Gm2a,318.8752377,0.789672374,0.171562059,4.602838046,4.17E-06,4.30E-05
ENSMUSG00000000600.16_ Krit1, Krit1,13.847585,13.637961,14.485787,12.259013,13.270197,14.217534,15.329397,18.707755,14.994046,16.813647, Krit1,508.0675294,-0.068770903,0.087402473,-0.786830174,0.431381287,0.566731003
ENSMUSG00000000605.10_ Clcn4, Clcn4,23.425127,29.599268,23.018787,25.564561,25.234147,24.47288,23.811103,31.73961,27.750828,36.854524, Clcn4,1284.792413,-0.155809834,0.062742933,-2.483304934,0.013016961,0.035828753
ENSMUSG00000000627.16_ Sema4f, Sema4f,0.179785,0.112827,0.154327,0.204404,0.171032,0.221961,0.240563,0.469049,0.202951,0.881547, Sema4f,11.55424576,0.965981836,0.458772159,2.10558077,0.035240784,0.080926026
ENSMUSG00000000628.11_ Hk2, Hk2,67.519135,61.254833,63.315437,78.357304,70.16779,70.900815,55.340828,57.964331,65.553776,61.042787, Hk2,3956.668657,-0.58372742,0.116605862,-5.00598691,5.56E-07,7.43E-06
ENSMUSG00000000631.21_ Myo18a, Myo18a,115.793388,106.406081,104.19353,112.850965,105.062262,95.519686,91.94368,94.864822,101.719976,97.770829, Myo18a,4005.673881,-0.431162857,0.091806971,-4.696406513,2.65E-06,2.93E-05
ENSMUSG00000000632.14_ Sez6, Sez6,0.557587,0.029093,0.346448,1.024214,0.055148,0.27038,0.313221,0.304574,0.026178,0.152253, Sez6,8.627814406,-0.614572714,0.755117661,-0.813876757,0.415715557,0.550786352
ENSMUSG00000000682.8_ Cd52, Cd52,9.071212,6.630229,5.509828,5.786039,3.517107,5.109345,33.625553,48.591769,19.187458,71.821422, Cd52,55.52347905,2.402702366,0.330993141,7.259069958,3.90E-13,3.06E-11
ENSMUSG00000000686.12_ Abhd15, Abhd15,1.107592,2.226129,0.982264,1.840003,1.327709,1.67545,1.090074,2.671056,1.648426,2.165138, Abhd15,46.43861618,-0.096252041,0.260623735,-0.369314179,0.711893558,0.806788083
ENSMUSG00000000693.11_ Loxl3, Loxl3,2.083482,5.11423,2.447556,2.910548,2.604277,2.955338,13.636586,29.212258,6.554317,39.772121, Loxl3,337.9165202,2.45941113,0.29337582,8.383141903,5.15E-17,1.23E-14
ENSMUSG00000000708.15_ Kat2b, Kat2b,29.195856,27.788941,24.015966,27.861975,26.609036,28.0269,24.781087,31.550893,27.678884,27.56056, Kat2b,1333.596437,-0.312789143,0.089231983,-3.505347887,0.000456011,0.002223244
ENSMUSG00000000711.4_ Rab5b, Rab5b,31.89472,40.111344,35.504518,33.945562,31.704311,35.937223,31.926553,45.061565,40.366916,38.831496, Rab5b,1245.935037,-0.222154195,0.088103961,-2.521500663,0.011685546,0.03285385
ENSMUSG00000000732.10_ Icosl, Icosl,4.207805,9.708149,5.564849,4.765225,3.646258,4.539049,5.112844,5.869022,5.739936,7.226191, Icosl,154.7491549,-0.160119701,0.209187693,-0.765435574,0.444012217,0.578143725
ENSMUSG00000000738.19_ Spg7, Spg7,48.81201,48.466013,47.69848,55.948278,56.044567,49.121941,42.082135,56.166577,53.982796,55.705804, Spg7,1274.518156,-0.35347077,0.09920207,-3.563139052,0.000366446,0.001848447
ENSMUSG00000000739.15_ Sult5a1, Sult5a1,0.862818,1.507679,0.317009,0.309992,0.046146,0.568796,0.376122,1.074032,2.041113,2.60113, Sult5a1,10.1383825,1.296071516,0.584177942,2.218624536,0.026512279,0.064258823
ENSMUSG00000000740.13_ Rpl13, Rpl13,427.985912,511.306024,428.755966,475.223922,459.048557,466.289014,639.354265,748.107656,533.108047,815.561334, Rpl13,3350.667341,0.162662057,0.073489008,2.21342023,0.026868687,0.064870808
ENSMUSG00000000743.10_ Chmp1a, Chmp1a,33.871449,37.156921,32.634339,39.116861,33.023724,33.792083,39.28011,50.364758,42.37393,63.33733, Chmp1a,822.1646477,0.032163501,0.070496613,0.456241794,0.648216114,0.756396374
ENSMUSG00000000751.14_ Rpa1, Rpa1,29.16741,29.033771,34.336024,30.301634,28.084064,34.845988,26.824489,37.781416,29.980909,41.162616, Rpa1,660.8316001,-0.291049637,0.087745368,-3.316980081,0.000909961,0.004013994
ENSMUSG00000000753.16_ Serpinf1, Serpinf1,22.324163,59.321495,20.91766,15.564422,12.711261,18.438835,88.303156,178.60761,43.445126,179.270344, Serpinf1,680.8860868,1.942609579,0.447875723,4.337385309,1.44E-05,0.000121955
ENSMUSG00000000759.15_ Tubgcp3, Tubgcp3,8.606592,8.689543,8.673694,7.887197,7.742185,9.622621,8.28026,12.483557,9.852128,13.594327, Tubgcp3,329.0068709,-0.049295948,0.104473367,-0.471851817,0.637032562,0.747036211
ENSMUSG00000000776.14_ Polr3d, Polr3d,7.955286,6.847382,9.437479,9.042145,8.188048,6.96186,11.270955,11.516097,12.143042,15.791854, Polr3d,183.5032318,0.131946883,0.136374999,0.967529856,0.333279223,0.466854431
ENSMUSG00000000782.17_ Tcf7, Tcf7,0.23279,0.55121,0.327574,0.545173,0.221894,0.687617,0.661053,0.652823,0.259868,0.566945, Tcf7,10.22276618,0.166308364,0.432124748,0.384861928,0.700339714,0.797139577
ENSMUSG00000000787.13_ Ddx3x, Ddx3x,37.623544,39.901294,34.704505,39.125168,39.963879,39.868363,46.165818,55.945411,51.615096,59.20425, Ddx3x,2205.1487,0.068561945,0.066257524,1.034779755,0.30077178,0.433643246
ENSMUSG00000000794.10_ Kcnn3, Kcnn3,0.259202,0.476909,0.115309,0.250302,0.372606,0.30964,0.377955,0.500262,0.347124,1.312296, Kcnn3,27.14851725,1.024886541,0.368140076,2.783958085,0.005369997,0.017473483
ENSMUSG00000000804.15_ Usp32, Usp32,5.538978,6.788469,6.188494,6.65821,7.59961,6.813426,6.855821,8.9293,8.429944,9.354521, Usp32,553.2283331,-0.114354338,0.091619235,-1.248147707,0.21197697,0.333375489
ENSMUSG00000000805.19_ Car4, Car4,27.049311,36.937241,37.070575,39.950824,31.412892,36.527842,28.729793,34.77263,43.93024,25.307544, Car4,399.7511223,-0.454928657,0.181379806,-2.508154941,0.012136344,0.033838253
ENSMUSG00000000811.15_ Txnrd3, Txnrd3,8.031752,7.400501,5.790974,8.650097,5.523781,6.345393,6.731073,7.290177,7.50477,8.786857, Txnrd3,219.5958764,-0.263784635,0.145921474,-1.807716361,0.070650657,0.140807253
ENSMUSG00000000823.17_ Zfp512b, Zfp512b,12.575935,8.439665,8.092302,9.499918,11.201178,10.696613,9.69706,13.782557,13.552756,17.285426, Zfp512b,399.7055796,0.035432754,0.114639693,0.309079282,0.757261219,0.838371695
ENSMUSG00000000826.17_ Dnajc5, Dnajc5,19.637626,22.657796,23.342516,23.778259,20.849409,23.402571,22.409609,33.228017,26.780075,34.895578, Dnajc5,1165.986482,0.027760707,0.063185322,0.439353735,0.660405244,0.765848098
ENSMUSG00000000827.19_ Tpd52l2, Tpd52l2,35.444007,37.893893,30.652427,39.234944,39.206543,33.187886,31.041633,44.487132,41.480887,49.670077, Tpd52l2,506.8210721,-0.043499402,0.078398456,-0.554850235,0.578997104,0.698884941
ENSMUSG00000000838.18_ Fmr1, Fmr1,4.541592,6.224677,5.046507,3.820013,4.852329,6.125136,5.545621,8.152208,8.665022,10.75239, Fmr1,224.9297625,0.351567933,0.111090219,3.164706455,0.001552395,0.006260878
ENSMUSG00000000861.16_ Bcl11a, Bcl11a,1.137941,0.762204,1.068223,1.441725,1.290299,1.300572,0.885853,1.043396,1.842227,1.263933, Bcl11a,51.23608963,-0.291809915,0.214707816,-1.359102431,0.174114133,0.287110714
ENSMUSG00000000876.12_ Pxmp4, Pxmp4,21.614375,24.472492,20.605753,22.399611,17.045547,19.697938,20.936986,24.295378,20.375192,17.56618, Pxmp4,436.9850113,-0.383726628,0.130742739,-2.934974689,0.003335749,0.011806606
ENSMUSG00000000881.13_ Dlg3, Dlg3,1.611013,3.358487,2.027892,2.249094,1.341446,2.09121,2.598233,3.575747,5.157429,4.542514, Dlg3,100.1731094,0.274965973,0.192878059,1.425594875,0.153985316,0.261056188
ENSMUSG00000000884.18_ Gnb1l, Gnb1l,1.532747,1.045471,1.256188,1.052663,0.915837,1.552048,1.730791,2.408757,0.875922,1.88324, Gnb1l,29.16816645,0.076319541,0.30957897,0.246526891,0.80527439,0.873863692
ENSMUSG00000000889.9_ Dbh, Dbh,0.561517,1.203949,0.514635,0.60475,0.428117,0.53747,0.308735,0.288118,0.135491,0.546211, Dbh,14.26951209,-1.412076434,0.431184119,-3.274880435,0.001057067,0.004558602
ENSMUSG00000000901.18_ Mmp11, Mmp11,3.869879,4.023174,3.140733,6.283199,4.044713,3.789674,6.26039,13.400826,8.775981,11.241316, Mmp11,121.6555024,0.845885446,0.165395156,5.114330226,3.15E-07,4.53E-06
ENSMUSG00000000902.14_ Smarcb1, Smarcb1,9.371251,12.354218,10.119497,10.20582,7.95401,10.358563,18.128121,19.652645,13.613821,25.915581, Smarcb1,246.7386294,0.576603071,0.129037403,4.468495641,7.88E-06,7.38E-05
ENSMUSG00000000915.16_ Hip1r, Hip1r,5.86988,5.684275,5.398817,6.071458,5.121593,5.184593,6.483908,7.091756,8.535212,10.865487, Hip1r,442.320138,0.011280046,0.092541553,0.121891692,0.902984795,0.938268262
ENSMUSG00000000916.16_ Nsun5, Nsun5,6.711432,10.299616,8.135156,8.533428,6.119121,7.788969,9.325683,11.114967,8.466486,10.604386, Nsun5,169.3886487,-0.032981009,0.121229065,-0.272055292,0.785579505,0.859319759
ENSMUSG00000000934.10_ Top1mt, Top1mt,2.970416,3.810193,3.124521,2.470774,3.134472,4.229709,3.960271,2.69547,3.02367,3.924483, Top1mt,63.89980802,-0.276227366,0.198177321,-1.393839439,0.163366096,0.273319234
ENSMUSG00000000948.17_ Gm38393, Gm38393,1.449605,1.885027,1.405394,1.254129,1.610552,1.881669,1.485855,0.873299,2.428491,0.419306, Gm38393,61.08806967,-0.467023762,0.386735387,-1.207605453,0.227199061,0.351123386
ENSMUSG00000000957.12_ Mmp14, Mmp14,6.972144,9.850109,6.623904,7.426409,5.734246,5.83614,41.988544,67.18627,26.065699,102.865049, Mmp14,658.6629906,2.63268925,0.247002447,10.65855534,1.59E-26,4.17E-23
ENSMUSG00000000958.11_ Slc7a7, Slc7a7,1.367735,9.017671,1.971598,2.278866,0.688775,1.047299,3.202013,4.824147,2.300627,5.226928, Slc7a7,59.24593815,0.39463309,0.688772283,0.572951467,NA,NA
ENSMUSG00000000959.8_ Oxa1l, Oxa1l,39.276536,46.738849,49.826674,55.465448,44.143261,47.584182,49.650376,46.509,50.368529,51.809118, Oxa1l,1139.449569,-0.346824496,0.112248134,-3.089801887,0.0020029,0.007775548
ENSMUSG00000000976.14_ Heatr6, Heatr6,3.261995,3.618523,3.902071,4.317204,2.513512,3.465945,3.604293,4.45014,4.166302,5.465838, Heatr6,183.6136674,0.055490097,0.124703957,0.444974631,0.656338087,0.763495326
ENSMUSG00000001016.13_ Ilf2, Ilf2,12.942241,17.503783,15.623456,10.432272,12.502187,11.982004,14.241157,14.990158,12.031306,18.480017, Ilf2,293.568056,-0.260271485,0.138313845,-1.881745722,0.059870549,0.123548385
ENSMUSG00000001017.17_ Chtop, Chtop,40.94704,43.955555,37.710769,38.63339,43.483346,41.553159,42.555587,53.60862,45.781317,51.063378, Chtop,1030.484177,-0.158691489,0.075164691,-2.111250464,0.034750789,0.080053215
ENSMUSG00000001018.16_ Snapin, Snapin,37.330328,39.57837,32.605163,34.582585,35.793442,33.140793,39.582969,44.715451,42.95514,38.688696, Snapin,628.9520896,-0.20481672,0.116081449,-1.764422506,0.077660872,0.152255724
ENSMUSG00000001020.9_ S100a4, S100a4,7.927259,12.00665,6.215259,5.806445,4.091871,4.425935,28.213553,39.402285,16.896364,53.040072, S100a4,45.32520921,1.908258032,0.32875898,5.804428626,6.46E-09,1.59E-07
ENSMUSG00000001025.9_ S100a6, S100a6,37.088233,45.487052,31.830516,30.040071,34.885593,26.856002,93.641308,120.087826,79.845221,142.358095, S100a6,231.4785258,1.312934041,0.174737411,7.513754699,5.75E-14,5.54E-12
ENSMUSG00000001027.8_ Scn4a, Scn4a,12.089097,10.242556,10.631939,14.994343,9.912014,10.307348,5.889169,4.494453,6.91545,5.637674, Scn4a,538.0052062,-1.079586203,0.233205129,-4.629341584,3.67E-06,3.86E-05
ENSMUSG00000001029.16_ Icam2, Icam2,17.798294,18.035762,14.888279,19.45906,20.389679,17.449789,23.532634,27.558635,20.987409,26.436059, Icam2,212.3253843,0.19209561,0.111431708,1.723886435,0.084728347,0.163351268
ENSMUSG00000001034.18_ Mapk7, Mapk7,2.663225,3.979972,2.765634,2.780464,3.343795,3.726597,7.811793,10.195079,7.297279,14.028891, Mapk7,157.5589549,1.082953089,0.174506355,6.20580887,5.44E-10,1.78E-08
ENSMUSG00000001036.18_ Epn2, Epn2,8.305061,12.48518,9.60024,9.748439,9.343164,12.860271,10.372744,14.672166,12.915161,14.454999, Epn2,494.8409179,0.028761333,0.093164631,0.308715153,0.757538216,0.838581948
ENSMUSG00000001039.13_ B9d1, B9d1,3.333898,5.009379,4.612038,3.417464,2.033326,2.62444,3.432791,6.154385,4.671821,7.619224, B9d1,24.047212,-0.251286465,0.30040222,-0.836500025,0.402873662,0.537848647
ENSMUSG00000001052.16_ Sec24b, Sec24b,14.369336,19.013357,16.310707,15.604171,17.503651,17.269845,18.313215,23.88408,20.282519,33.259248, Sec24b,604.3769999,0.052751497,0.090753542,0.581261029,0.561064541,0.68385068
ENSMUSG00000001053.16_ N4bp3, N4bp3,5.216401,6.047514,5.476864,6.155505,6.423552,5.690393,8.884965,9.840395,9.800877,12.435437, N4bp3,176.5449522,0.441197053,0.114560464,3.851215655,0.000117533,0.000726819
ENSMUSG00000001054.10_ Rmnd5b, Rmnd5b,6.60309,8.199362,7.238459,8.921909,7.873673,9.752098,8.942081,14.714942,11.181736,12.843871, Rmnd5b,178.917523,0.191532626,0.131147076,1.460441453,0.144168787,0.248136116
ENSMUSG00000001056.4_ Nhp2, Nhp2,15.096736,12.058187,11.035778,13.716692,11.178042,12.720493,17.097968,17.031332,13.541282,18.68248, Nhp2,128.6447557,-0.029658143,0.15187326,-0.195282189,0.84517204,0.901196051
ENSMUSG00000001062.19_ Vps9d1, Vps9d1,11.342805,14.849193,13.22437,16.071137,14.952425,13.899649,16.712735,18.093631,14.867198,20.305995, Vps9d1,431.4016866,-0.105741141,0.099776737,-1.059777497,0.289245837,0.421287959
ENSMUSG00000001065.16_ Zfp276, Zfp276,4.303986,6.006687,4.893079,5.946782,6.338381,6.66816,6.735681,7.898658,7.710096,10.98676, Zfp276,222.8182226,0.118850516,0.115701598,1.027215853,0.304318835,0.437547939
ENSMUSG00000001082.13_ Mfsd10, Mfsd10,4.120338,9.307613,6.79889,4.548904,5.797221,7.714982,8.303497,17.26729,14.038697,20.733131, Mfsd10,108.5201569,0.839602253,0.215777456,3.891056415,9.98E-05,0.000634796
ENSMUSG00000001089.15_ Luzp1, Luzp1,8.473137,8.891647,7.524554,9.711578,8.863437,8.070012,9.584683,11.946822,11.301324,14.798846, Luzp1,791.2562313,0.105724514,0.081735895,1.293489413,0.195841843,0.314104058
ENSMUSG00000001098.16_ Kctd10, Kctd10,15.721669,21.834857,19.065148,20.799363,18.770032,19.962124,27.315018,39.340463,27.342195,43.636248, Kctd10,725.8101876,0.407881561,0.097889397,4.166759335,3.09E-05,0.000232119
ENSMUSG00000001100.11_ Poldip2, Poldip2,66.383366,70.816821,68.088972,73.35964,72.142665,69.00788,69.280845,68.685004,70.52988,66.525517, Poldip2,1419.919505,-0.413020272,0.106541285,-3.876621822,0.000105917,0.000665661
ENSMUSG00000001105.16_ Ift20, Ift20,23.956399,28.546069,21.905284,24.209112,22.933051,19.784264,29.590651,36.582,25.269307,48.094317, Ift20,248.212772,0.065514313,0.118293357,0.553829181,0.579695755,0.699295975
ENSMUSG00000001119.8_ Col6a1, Col6a1,23.37662,39.817996,19.989491,27.992257,19.724788,19.62385,94.491893,173.280204,73.928559,242.847451, Col6a1,2912.247495,2.110731678,0.243430521,8.670776651,4.29E-18,1.56E-15
ENSMUSG00000001120.16_ Pcbp3, Pcbp3,0.300519,1.523551,1.625658,1.303641,0.902848,1.26944,0.873652,1.308697,1.541978,3.016106, Pcbp3,23.49578349,0.522626628,0.395622838,1.321022391,0.186493898,0.302649001
ENSMUSG00000001123.16_ Lgals9, Lgals9,14.751848,19.948208,16.135897,20.141085,14.541652,13.774748,40.000277,33.880844,25.935165,52.689248, Lgals9,352.6714598,0.802842741,0.168341641,4.769127434,1.85E-06,2.16E-05
ENSMUSG00000001127.13_ Araf, Araf,50.269081,51.996441,43.720843,64.477131,44.108102,53.441707,48.20234,52.54492,54.357035,61.942452, Araf,954.300523,-0.149892556,0.075591943,-1.982917105,0.04737669,0.102628619
ENSMUSG00000001128.8_ Cfp, Cfp,4.349504,6.6924,3.850122,3.633248,3.538452,4.203008,14.944332,19.726842,6.994328,16.917882, Cfp,123.7933039,1.374378708,0.249143241,5.516419805,3.46E-08,6.80E-07
ENSMUSG00000001131.12_ Timp1, Timp1,2.444312,7.008081,1.895055,1.580615,0.39293,0.285338,47.377539,74.264011,13.063243,85.109481, Timp1,139.0974849,4.188555642,0.81044482,5.168218166,2.36E-07,3.57E-06
ENSMUSG00000001134.10_ Uxt, Uxt,27.548815,29.031217,21.058779,24.217845,16.246867,22.3068,18.040185,34.194016,18.859249,26.597054, Uxt,123.8773669,-0.351894109,0.135731665,-2.592571954,0.009526125,0.027843591
ENSMUSG00000001138.14_ Cnnm3, Cnnm3,5.570754,6.389569,9.710678,7.308171,6.559459,6.848842,5.41931,12.97886,7.876557,10.806084, Cnnm3,348.8649118,-0.09903055,0.178916303,-0.553502104,0.57991964,0.699424699
ENSMUSG00000001143.14_ Lman2l, Lman2l,12.95929,15.517152,13.622351,15.545134,13.934441,14.328294,14.443126,16.735631,14.510972,17.390657, Lman2l,396.8180727,-0.250986006,0.075812968,-3.310594662,0.00093098,0.004091566
ENSMUSG00000001150.8_ Mcm3ap, Mcm3ap,6.22042,12.913352,6.159037,8.228773,6.135501,8.772995,11.962254,12.323177,8.530476,10.798887, Mcm3ap,471.8082217,-0.184116039,0.092957109,-1.98065582,0.047629884,0.103023888
ENSMUSG00000001151.11_ Pcnt, Pcnt,13.40092,20.665,19.542337,16.863459,18.873566,19.711226,14.696165,19.591616,21.773778,19.206292, Pcnt,1427.847807,-0.497286667,0.13754371,-3.615480987,0.00029979,0.001572101
ENSMUSG00000001156.10_ Mxd1, Mxd1,1.327557,3.094519,2.716886,2.774427,2.023674,2.630097,1.896328,4.623877,3.16359,4.946485, Mxd1,139.9774664,0.037593085,0.223740927,0.1680206,0.866567073,0.915815746
ENSMUSG00000001157.14_ Gmcl1, Gmcl1,2.468968,3.169683,2.428623,2.598133,2.63999,3.05576,3.923861,5.103271,3.589545,5.980397, Gmcl1,105.3317472,0.384290192,0.135831349,2.829171585,0.004666867,0.015532528
ENSMUSG00000001158.14_ Snrnp27, Snrnp27,27.532993,18.704327,21.330797,20.369874,25.466739,20.04185,27.912135,21.26435,25.497017,21.634616, Snrnp27,172.4831138,-0.259336202,0.197202224,-1.315077473,0.188483867,0.305215352
ENSMUSG00000001166.18_ Oas1c, Oas1c,0.633246,0.551748,0.165873,0.255676,0.201285,0.282996,1.070855,1.067919,0.305788,0.805893, Oas1c,11.23505461,0.617323478,0.483305504,1.277294534,0.201498283,0.320393267
ENSMUSG00000001173.16_ Ocrl, Ocrl,5.529777,7.647559,7.544077,6.56029,4.78493,8.465064,7.060209,8.867962,7.314155,9.63045, Ocrl,317.8620012,-0.181010407,0.106836027,-1.694282464,0.090211621,0.17162594
ENSMUSG00000001175.17_ Calm1, Calm1,54.581069,76.376886,59.629585,55.192184,69.720171,51.892917,87.246794,101.463033,64.899109,114.733363, Calm1,2268.294624,0.124375698,0.091180444,1.364061118,0.172548331,0.285043929
ENSMUSG00000001211.16_ Agpat3, Agpat3,111.631395,112.826558,112.808343,124.382883,103.324952,126.436291,104.586401,123.643334,114.492306,108.362654, Agpat3,3006.319519,-0.482869486,0.117247053,-4.118393358,3.82E-05,0.0002768
ENSMUSG00000001227.13_ Sema6b, Sema6b,3.784271,7.259682,3.306302,3.50964,4.144514,3.457814,6.41743,8.507922,4.998683,10.727332, Sema6b,203.5431717,0.439676613,0.205876508,2.135632751,0.03270936,0.07626173
ENSMUSG00000001228.15_ Uhrf1, Uhrf1,0.616972,0.93716,0.497097,0.944765,0.702995,0.839927,1.888029,2.161076,1.609298,3.266417, Uhrf1,44.93874907,1.08352153,0.272378569,3.977998464,6.95E-05,0.000465093
ENSMUSG00000001229.10_ Dpp9, Dpp9,21.152719,20.948705,20.39097,22.374327,19.329809,21.673865,23.277308,27.804037,24.200614,30.842215, Dpp9,861.2622228,-0.056544877,0.066765201,-0.846921393,0.397038937,0.532085236
ENSMUSG00000001240.14_ Ramp2, Ramp2,36.413042,77.578535,44.310072,48.140087,32.849842,37.650465,46.85076,58.359423,53.707569,74.033543, Ramp2,427.8024199,0.040667866,0.182133096,0.223286526,0.823312513,0.886540209
ENSMUSG00000001247.17_ Lsr, Lsr,0.537598,2.754064,1.069209,0.770258,0.586854,0.728561,1.042431,1.891582,1.703768,2.599338, Lsr,26.45538813,0.450909487,0.473070285,0.953155379,0.34051135,0.474803638
ENSMUSG00000001248.16_ Gramd1a, Gramd1a,15.200691,22.003523,21.265619,22.270396,20.886851,21.445454,26.671577,35.77843,28.746271,42.22485, Gramd1a,710.1281152,0.33882949,0.113584632,2.983057525,0.002853844,0.010381212
ENSMUSG00000001249.15_ Hpn, Hpn,2.136971,1.505821,2.049533,1.848421,2.855243,2.025223,1.780124,3.149011,1.878022,2.63597, Hpn,34.00632539,-0.063720226,0.264519164,-0.240890772,0.809639774,0.877221276
ENSMUSG00000001270.10_ Ckb, Ckb,33.341654,38.14785,32.34172,41.018349,30.195932,37.889422,50.277507,64.870248,47.206745,86.512585, Ckb,632.9117271,0.381355978,0.117202705,3.253815484,0.001138662,0.004846708
ENSMUSG00000001280.14_ Sp1, Sp1,6.246073,7.644819,9.578838,6.790743,7.000623,7.690315,6.181058,10.645752,9.63574,12.177078, Sp1,703.0686071,0.013272778,0.122049398,0.108749232,0.913401392,0.945270938
ENSMUSG00000001281.11_ Itgb7, Itgb7,0.141683,0.42714,0.790645,0.357681,0.438737,0.237279,2.473737,1.713393,1.363177,5.323656, Itgb7,20.31441432,1.891440305,0.375401603,5.038444931,4.69E-07,6.42E-06
ENSMUSG00000001285.13_ Myg1, Myg1,11.725092,19.661021,13.612014,17.31587,13.822518,13.388884,17.481058,24.963179,14.400233,23.88676, Myg1,158.1829446,-0.09464283,0.137677193,-0.687425622,0.491814556,0.622183618
ENSMUSG00000001288.16_ Rarg, Rarg,6.683738,9.31901,8.472523,10.356248,7.110102,7.511419,10.732248,16.88777,13.096169,18.728622, Rarg,299.5937285,0.426603959,0.116158981,3.672586955,0.000240107,0.00130886
ENSMUSG00000001289.13_ Pfdn5, Pfdn5,70.460175,64.717799,91.506274,64.660827,79.701643,83.036493,100.5775,108.397404,96.521942,152.058945, Pfdn5,650.8406693,0.045227803,0.073023153,0.619362509,0.535677574,0.66139885
ENSMUSG00000001300.17_ Efnb2, Efnb2,6.449133,7.125176,7.051794,7.865003,7.811004,7.996817,6.435699,11.929755,7.517651,13.262733, Efnb2,412.976389,-0.199928824,0.099948028,-2.000327858,0.045464873,0.099390442
ENSMUSG00000001305.6_ Rrp15, Rrp15,3.281608,2.763824,3.250195,4.819995,4.040159,4.462965,5.817735,5.566457,3.828021,6.484684, Rrp15,58.80413047,0.120996533,0.210976745,0.573506491,0.566301806,0.688511237
ENSMUSG00000001313.13_ Rnd2, Rnd2,2.107136,3.218204,1.4075,2.329164,2.571641,4.0271,4.023442,6.461208,3.502303,7.857486, Rnd2,47.65392102,0.610726126,0.275400612,2.217591753,0.026582681,0.06441755
ENSMUSG00000001323.18_ Srr, Srr,8.129607,12.148639,17.186589,9.45808,7.571643,10.275662,16.615915,15.771395,17.330176,12.568669, Srr,373.452018,0.007957285,0.096511759,0.082448861,0.934289783,0.958222095
ENSMUSG00000001333.10_ Sync, Sync,7.958617,8.384462,7.264148,9.387671,8.02053,6.963949,6.804223,11.093454,10.846325,11.926073, Sync,186.2924634,-0.056864771,0.143983463,-0.394939598,0.692887465,0.791061105
ENSMUSG00000001334.11_ Fndc5, Fndc5,150.735918,154.155179,138.629145,176.225758,156.637977,151.060792,149.213336,133.773379,152.405691,104.449568, Fndc5,4459.117853,-0.553824507,0.157176376,-3.523586181,0.000425749,0.002097544
ENSMUSG00000001348.16_ Acp5, Acp5,0.391651,0.473561,0.38316,0.470365,0.150045,0.074807,5.006807,10.285458,2.381979,10.094114, Acp5,32.36763149,3.994815687,0.482930654,8.272027585,1.32E-16,2.74E-14
ENSMUSG00000001349.6_ Cnn1, Cnn1,1.088923,8.476073,4.882378,1.092195,3.617114,1.200177,3.825634,10.757317,1.853544,9.525758, Cnn1,67.29296498,0.575276315,0.692314302,0.830946744,0.406003715,0.54114566
ENSMUSG00000001366.15_ Fbxo9, Fbxo9,23.929595,26.953949,23.183146,27.571179,18.584015,29.282709,36.724408,33.581194,34.218024,28.508245, Fbxo9,486.390181,0.056496001,0.125212694,0.451200267,0.651845217,0.759819578
ENSMUSG00000001376.18_ Vps50, Vps50,7.880919,7.565904,7.235174,6.67537,6.236015,7.389693,6.680548,9.889909,8.373764,8.026095, Vps50,262.1429224,-0.259078441,0.118231091,-2.191288581,0.028430916,0.06810829
ENSMUSG00000001380.8_ Hars1, Hars1,14.911126,18.508142,18.402417,18.043162,15.9811,14.954677,20.577251,22.640515,20.158394,20.485582, Hars1,374.6393707,-0.061965731,0.110458021,-0.560988964,0.574805061,0.696073743
ENSMUSG00000001383.10_ Zmat2, Zmat2,12.63858,13.62423,11.738638,10.51303,9.971067,13.215756,16.082935,16.557815,14.757889,17.000532, Zmat2,311.3424226,0.033193396,0.10982967,0.302226124,0.762479691,0.842416041
ENSMUSG00000001403.14_ Ube2c, Ube2c,0.239869,3.029087,1.065621,1.325325,2.112193,1.273387,7.883563,8.217723,4.648019,11.534703, Ube2c,31.11350195,2.020279919,0.401070334,5.03722102,4.72E-07,6.44E-06
ENSMUSG00000001415.11_ Smg5, Smg5,18.885194,23.806089,20.51379,25.648745,21.075078,22.774718,24.580457,31.426996,27.657267,37.610701, Smg5,933.0386466,-0.130082676,0.088698644,-1.466568943,0.142493354,0.245995242
ENSMUSG00000001416.14_ Cct3, Cct3,60.591371,57.855643,55.493434,64.36291,47.753948,50.811115,69.348874,78.9543,56.392446,84.761235, Cct3,1158.35871,-0.015947052,0.099778039,-0.159825271,0.873018717,0.920186153
ENSMUSG00000001418.14_ Glmp, Glmp,46.111613,47.127022,34.489468,45.707439,36.235503,35.535573,36.993001,66.040576,54.637007,100.486858, Glmp,450.8402282,0.381509379,0.117887514,3.236215308,0.00121126,0.005099427
ENSMUSG00000001419.18_ Mef2d, Mef2d,65.869982,71.119059,72.746735,87.471567,67.319604,83.44859,53.020506,83.518314,75.76807,89.628017, Mef2d,2956.72235,-0.399370494,0.08995352,-4.439742839,9.01E-06,8.23E-05
ENSMUSG00000001420.14_ Tmem79, Tmem79,0.319735,0.763543,0.745804,0.986266,0.610812,1.035615,1.015856,0.87913,0.777244,1.829749, Tmem79,17.49192742,0.367674465,0.354025612,1.038553292,0.299012538,0.431676509
ENSMUSG00000001424.15_ Snd1, Snd1,26.474545,30.543119,27.70179,28.107866,29.826916,26.468185,26.645116,39.825515,28.770024,44.280026, Snd1,1084.241891,-0.065719286,0.075472005,-0.870776998,0.383875927,0.518505399
ENSMUSG00000001435.16_ Col18a1, Col18a1,2.798154,10.282263,4.056312,2.910925,2.929636,3.080066,13.388999,18.008484,5.914275,26.735531, Col18a1,441.0970029,1.495168406,0.470466947,3.17805197,0.001482682,0.006036633
ENSMUSG00000001436.16_ Slc19a1, Slc19a1,2.247894,3.912969,2.842359,1.823256,2.295866,3.264708,1.910586,2.924409,5.439301,4.614742, Slc19a1,60.48239514,-0.129725171,0.200502957,-0.646998795,0.517632724,0.646362988
ENSMUSG00000001440.6_ Kpnb1, Kpnb1,29.084772,31.249855,29.990041,31.931604,28.464522,32.091798,36.072432,43.216556,36.097022,44.084208, Kpnb1,2136.579656,-0.025987411,0.056942289,-0.456381574,0.648115613,0.756346421
ENSMUSG00000001441.14_ Npepps, Npepps,34.997892,36.577136,32.355712,31.737196,32.770023,36.415993,36.641653,43.886301,32.526547,34.065778, Npepps,1469.748874,-0.324112309,0.091183379,-3.554510859,0.000378683,0.001901391
ENSMUSG00000001445.11_ Mrpl10, Mrpl10,34.143574,32.162642,33.633033,32.998785,33.58505,33.999555,34.816735,33.103923,33.341076,35.081199, Mrpl10,583.2384661,-0.352708211,0.102801908,-3.430950046,0.000601471,0.002811155
ENSMUSG00000001467.6_ Cyp51, Cyp51,2.927351,3.433406,3.808949,3.05291,2.762871,3.319587,2.85426,3.421712,3.701569,4.672397, Cyp51,143.4043102,-0.159220515,0.132991965,-1.197219054,0.231221185,0.356087469
ENSMUSG00000001472.18_ Tcf25, Tcf25,59.551093,71.211233,61.44477,71.103637,62.588242,69.176758,74.439457,99.02641,81.125989,110.3046, Tcf25,2488.539189,0.098732542,0.0639415,1.544107378,0.122562322,0.219237555
ENSMUSG00000001473.8_ Tubb6, Tubb6,14.850196,15.018259,13.309406,16.331391,15.403523,16.214574,27.709176,30.243503,18.497958,35.133617, Tubb6,345.5914025,0.477781062,0.133414928,3.581166427,0.000342064,0.001750373
ENSMUSG00000001482.16_ Def8, Def8,26.342839,25.102905,21.832402,26.435891,25.391547,22.366401,24.33822,29.132374,25.885523,30.515475, Def8,842.1879463,-0.247347678,0.088880221,-2.782932759,0.005386997,0.017518571
ENSMUSG00000001493.10_ Meox1, Meox1,5.009344,6.219051,3.680044,4.792153,4.029826,3.796512,16.572285,26.064373,12.504549,39.136059, Meox1,250.5651947,1.926017574,0.229663501,8.386258893,5.02E-17,1.22E-14
ENSMUSG00000001504.11_ Irx2, Irx2,3.732481,2.923093,1.389499,1.436125,1.590497,2.500344,3.949675,2.783842,2.100962,1.099478, Irx2,61.98224327,-0.082193022,0.366202252,-0.224447069,0.822409449,0.886077242
ENSMUSG00000001506.11_ Col1a1, Col1a1,30.071655,81.496803,24.411482,31.233251,23.287268,25.414008,695.28366,1055.430947,225.3879,1496.936536, Col1a1,20428.47841,4.178654276,0.500112283,8.355432202,6.52E-17,1.47E-14
ENSMUSG00000001507.17_ Itga3, Itga3,4.059189,4.772895,3.724091,3.874602,3.790962,3.308277,3.860936,5.927863,5.496703,7.984287, Itga3,226.096894,0.024364613,0.139478386,0.174683793,0.861328103,0.912264617
ENSMUSG00000001508.16_ Sgca, Sgca,99.384949,107.794598,115.904721,118.412052,94.181977,106.070876,98.912886,123.35588,104.577071,106.708755, Sgca,1338.941963,-0.523333303,0.091481231,-5.720663085,1.06E-08,2.45E-07
ENSMUSG00000001517.15_ Foxm1, Foxm1,0.463842,0.978558,0.533299,0.845839,0.391125,0.62134,2.58372,2.096093,2.153991,5.005692, Foxm1,54.45115189,1.816408227,0.250699648,7.24535612,4.31E-13,3.32E-11
ENSMUSG00000001518.13_ Itfg2, Itfg2,6.811485,10.657057,8.568469,8.767592,7.361474,8.164735,6.832669,15.635661,11.560479,8.798162, Itfg2,215.4214717,-0.21623395,0.151955015,-1.423012916,0.154732411,0.262051661
ENSMUSG00000001520.13_ Nrip2, Nrip2,1.650668,2.342787,1.972518,2.132118,2.043184,1.76899,1.353314,2.637394,1.997924,3.048803, Nrip2,49.41324962,-0.438978953,0.202396082,-2.168910335,0.030089492,0.07114035
ENSMUSG00000001521.13_ Tulp3, Tulp3,3.114589,5.284966,3.60404,4.286029,2.973427,3.868003,4.634616,6.874817,4.727221,6.859277, Tulp3,154.2942205,0.254302378,0.130995678,1.941303577,0.052221466,0.110726737
ENSMUSG00000001524.15_ Gtf2h4, Gtf2h4,6.930924,10.545637,8.680328,7.587715,6.531378,9.881942,11.128545,9.587823,12.065782,16.019018, Gtf2h4,123.1736534,-0.080281813,0.153381657,-0.523412086,0.600687515,0.716797037
ENSMUSG00000001525.11_ Tubb5, Tubb5,28.231164,43.601515,33.531149,33.060218,30.858193,33.450426,72.238178,76.810004,50.126167,103.967145, Tubb5,1324.693525,0.759682469,0.138017087,5.504263907,3.71E-08,7.22E-07
ENSMUSG00000001542.8_ Ell2, Ell2,4.523299,4.99506,4.005746,4.049785,12.179281,6.891064,5.885971,9.876974,6.008547,7.545238, Ell2,241.5614729,-0.004768684,0.148809131,-0.032045641,0.974435653,0.983593165
ENSMUSG00000001552.15_ Jup, Jup,110.000811,112.414016,116.014994,132.759531,102.308965,116.756897,110.888351,153.240226,123.907648,148.302201, Jup,4161.524886,-0.183582926,0.084877657,-2.162912266,0.030547928,0.071938807
ENSMUSG00000001555.11_ Fkbp10, Fkbp10,14.164203,20.098891,12.827001,15.202771,11.871274,13.146009,36.380801,36.835744,22.169906,49.994078, Fkbp10,549.9394965,0.821503527,0.185839507,4.420499933,9.85E-06,8.85E-05
ENSMUSG00000001569.11_ Nom1, Nom1,9.397387,8.344468,5.686651,6.577018,8.051214,7.438171,9.529073,10.166448,6.772472,6.908309, Nom1,259.7552119,-0.218918663,0.100922226,-2.169181871,0.030068879,0.071118488
ENSMUSG00000001576.16_ Ergic1, Ergic1,19.464724,20.946968,17.880604,17.3339,18.695156,19.388668,23.398993,34.200371,21.134397,35.622865, Ergic1,504.6496844,0.215976339,0.102445543,2.108206299,0.035013149,0.080544372
ENSMUSG00000001588.13_ Acap1, Acap1,0.41842,0.189778,0.634458,0.369373,0.20083,0.548673,0.263576,1.335643,0.809934,1.0251, Acap1,11.92977775,0.624144214,0.470453604,1.326686007,0.184612572,0.300244488
ENSMUSG00000001604.15_ Tcea3, Tcea3,73.585971,74.919729,84.242149,84.118863,87.165736,84.622313,62.157414,61.412672,75.175132,59.893836, Tcea3,878.7555816,-0.73243369,0.134355292,-5.451468862,5.00E-08,9.34E-07
ENSMUSG00000001627.13_ Ifrd1, Ifrd1,36.739166,54.992956,50.92159,39.645075,48.836997,53.683115,44.023305,46.313216,59.272176,52.60857, Ifrd1,460.358068,-0.160295548,0.156993113,-1.021035539,0.307237601,0.440639421
ENSMUSG00000001630.14_ Stk38l, Stk38l,4.430895,4.9114,5.06882,4.263432,3.985133,4.40614,5.099986,7.208913,4.850942,6.806985, Stk38l,241.0326651,0.03794504,0.104538192,0.36297777,0.71662149,0.810629118
ENSMUSG00000001632.17_ Brpf1, Brpf1,8.044712,8.406415,6.221793,8.006821,7.084258,7.226011,7.47684,10.454707,8.300705,10.794288, Brpf1,387.8717791,-0.09490855,0.089755082,-1.057417009,0.290321312,0.422338261
ENSMUSG00000001642.19_ Akr1b1, Akr1b1,150.484172,146.850363,156.342187,160.533229,147.30008,147.554216,150.32972,147.967207,140.494472,149.905834, Akr1b1,2049.846217,-0.423781327,0.094888626,-4.466091932,7.97E-06,7.43E-05
ENSMUSG00000001663.11_ Gstt1, Gstt1,13.834963,21.700914,16.236089,11.447054,11.683687,11.821539,11.616251,14.832906,13.403365,24.265045, Gstt1,132.0482011,-0.195044887,0.229249627,-0.850796966,0.394882147,0.52966083
ENSMUSG00000001665.12_ Gstt3, Gstt3,2.841289,3.998496,3.047879,3.147799,3.962131,3.566068,4.605961,5.671431,4.845011,7.775948, Gstt3,74.21918663,0.370437096,0.167674877,2.209258197,0.027156687,0.065421567
ENSMUSG00000001666.9_ Ddt, Ddt,70.381116,58.119158,66.192246,74.510907,62.818066,75.09394,64.280076,58.317984,64.066983,59.018752, Ddt,309.3946893,-0.536907101,0.141093158,-3.805337625,0.000141611,0.000846952
ENSMUSG00000001674.12_ Ddx18, Ddx18,8.453157,9.577251,8.851674,7.795855,8.061509,9.821607,9.879023,12.884375,13.296158,15.271615, Ddx18,230.4804949,0.008681876,0.100117053,0.086717254,0.930896262,0.955895601
ENSMUSG00000001687.16_ Ubl3, Ubl3,35.975473,51.995181,36.886856,54.240826,42.045911,45.851122,48.015756,45.898459,37.730088,56.276207, Ubl3,948.9460354,-0.197638819,0.073572679,-2.686307238,0.007224662,0.022217997
ENSMUSG00000001700.11_ Gramd2b, Gramd2b,8.26996,7.391883,8.394685,8.248166,7.205094,9.771345,9.645039,10.379914,9.023549,11.272673, Gramd2b,247.5975383,-0.090465978,0.117076479,-0.772708398,0.439694975,0.574601388
ENSMUSG00000001707.9_ Eef1e1, Eef1e1,5.643946,6.959065,3.502956,5.036564,3.280798,6.432998,5.696081,5.988028,5.213214,9.907644, Eef1e1,92.21886312,-0.1188026,0.200237629,-0.593308064,0.552975003,0.676783138
ENSMUSG00000001729.15_ Akt1, Akt1,77.378698,73.494156,61.400228,87.802118,65.931864,77.502244,94.092322,98.326667,82.208637,108.328974, Akt1,2256.769388,-0.022764005,0.106946827,-0.212853483,0.831441246,0.89228837
ENSMUSG00000001739.15_ Cldn15, Cldn15,2.76623,6.44547,5.609727,3.203871,3.598707,3.099084,5.309702,9.296403,10.511803,9.614964, Cldn15,106.7512096,0.736262645,0.26550394,2.773076158,0.005552912,0.017926294
ENSMUSG00000001741.13_ Il16, Il16,2.629502,4.014207,3.404021,3.531793,2.971668,2.339167,4.533462,5.880476,4.609206,6.991189, Il16,150.013721,0.416816742,0.148017817,2.815990338,0.004862713,0.016045851
ENSMUSG00000001750.17_ Tcirg1, Tcirg1,7.071883,12.774662,9.621618,12.611633,9.846675,9.724774,26.319686,33.377204,19.787317,53.430405, Tcirg1,363.0973867,1.392779944,0.197308134,7.058907898,1.68E-12,1.09E-10
ENSMUSG00000001751.10_ Naglu, Naglu,5.242661,5.62394,4.872077,6.139627,4.44405,5.427452,8.829923,13.2485,8.355194,15.031444, Naglu,196.8195238,0.68631049,0.144251751,4.75772726,1.96E-06,2.27E-05
ENSMUSG00000001755.13_ Coasy, Coasy,9.638563,11.136114,7.74024,9.495828,7.330602,7.971376,8.350071,11.996712,10.431853,12.763896, Coasy,203.5739084,-0.149804287,0.119307593,-1.255614019,0.209255946,0.330006671
ENSMUSG00000001761.8_ Smo, Smo,4.565961,7.985839,4.862648,6.015103,4.522617,5.014782,6.79591,12.031077,7.421596,15.451945, Smo,288.7179462,0.514306652,0.183787659,2.798374246,0.005136056,0.016816608
ENSMUSG00000001763.15_ Tspan33, Tspan33,0.895633,1.704288,1.021388,1.244315,0.920558,1.041448,0.717832,0.878217,0.882834,1.364096, Tspan33,22.29921772,-0.619310002,0.291871685,-2.121857085,0.033849741,0.078432327
ENSMUSG00000001767.6_ Crnkl1, Crnkl1,5.424579,5.530186,6.1068,5.28876,7.022201,6.691083,6.546992,7.999324,8.004873,7.90004, Crnkl1,242.6119597,-0.093136921,0.130352114,-0.714502572,0.474916466,0.607074821
ENSMUSG00000001768.17_ Rin2, Rin2,7.479973,11.556568,9.033951,7.651137,5.217723,7.138235,12.249623,16.727402,12.647112,15.128362, Rin2,505.8617464,0.453835365,0.165957,2.734656355,0.006244543,0.019788726
ENSMUSG00000001774.9_ Chordc1, Chordc1,17.067596,13.561067,13.954451,11.633622,16.892717,16.843654,14.699794,17.080764,10.355391,23.498459, Chordc1,386.8315187,-0.293702522,0.130370258,-2.252833789,0.024269631,0.05984105
ENSMUSG00000001783.4_ Rtcb, Rtcb,31.273233,39.4791,33.715716,37.065011,34.314252,37.664309,35.501406,48.690374,41.178741,50.583059, Rtcb,791.9192775,-0.088989061,0.067700736,-1.314447482,0.188695661,0.305369721
ENSMUSG00000001785.14_ Pwp1, Pwp1,7.756472,8.205759,8.644441,8.431287,8.097323,7.850334,7.529274,13.040018,8.97546,8.705552, Pwp1,230.0630796,-0.15674163,0.126349356,-1.24054158,0.214775145,0.336677051
ENSMUSG00000001786.15_ Fbxo7, Fbxo7,5.45423,8.345741,6.166894,7.182549,6.543419,5.968344,6.890585,9.023101,8.418014,9.459787, Fbxo7,155.4326704,-0.061214195,0.129565278,-0.472458329,0.636599679,0.746696054
ENSMUSG00000001794.14_ Capns1, Capns1,201.634378,233.016153,197.807644,224.836166,205.510554,204.276027,243.862653,277.545429,260.058752,333.967065, Capns1,3203.607039,0.01340112,0.058671339,0.228409992,0.819327523,0.884501303
ENSMUSG00000001802.17_ Lrp3, Lrp3,3.174537,4.659458,4.923934,4.630405,3.072369,4.228826,3.995545,5.637869,5.27785,7.38148, Lrp3,189.278727,0.016168167,0.136286201,0.118633922,0.905565389,0.939890773
ENSMUSG00000001829.18_ Clpb, Clpb,53.30456,42.886409,45.675617,56.918046,45.093446,50.541956,40.967758,40.149523,40.551538,54.588326, Clpb,1104.923971,-0.466743224,0.097998129,-4.762776876,1.91E-06,2.22E-05
ENSMUSG00000001833.18_ Septin7, Septin7,41.806212,43.652844,38.109529,35.661847,42.973849,38.976541,57.469807,55.603615,48.649856,52.800256, Septin7,1224.885408,0.033475767,0.112297254,0.298099606,0.765627142,0.844470119
ENSMUSG00000001844.11_ Zdhhc4, Zdhhc4,9.97256,16.145269,11.758997,13.230296,13.268912,19.490834,14.963322,23.891692,16.212241,22.129429, Zdhhc4,169.2202727,0.088231595,0.133663949,0.660100167,0.509189552,0.638657176
ENSMUSG00000001847.15_ Rac1, Rac1,120.864029,128.651896,124.766427,125.725632,117.655012,144.436636,156.507294,194.311027,157.1833,203.797057, Rac1,2387.07466,0.083620895,0.064442997,1.297594751,0.194426627,0.312522447
ENSMUSG00000001855.16_ Nup214, Nup214,5.811772,6.09649,8.630673,6.116282,6.789036,6.124256,7.702066,14.554637,6.158161,12.405719, Nup214,416.2791337,-0.245617623,0.097415493,-2.521340451,0.011690868,0.032861766
ENSMUSG00000001864.14_ Aif1l, Aif1l,0.481005,2.300624,0.265562,0.455515,2.307171,0.747606,0.421166,0.693831,1.943681,0.674365, Aif1l,20.32810098,-0.587490352,0.368923476,-1.592445019,0.111284748,0.203110544
ENSMUSG00000001870.17_ Ltbp1, Ltbp1,12.631747,13.578538,12.225064,10.754584,10.690505,13.471498,12.93149,16.371282,13.375744,20.286481, Ltbp1,828.2252621,-0.014491812,0.098916637,-0.146505303,0.883522504,0.926193829
ENSMUSG00000001891.17_ Ugp2, Ugp2,146.709013,106.88066,108.599386,119.006645,131.428247,131.337062,150.867791,130.871686,141.053908,112.44227, Ugp2,3014.559456,-0.254967919,0.166257028,-1.533576789,0.125133802,0.222985476
ENSMUSG00000001909.17_ Trmt1, Trmt1,14.567686,21.758221,14.273815,19.415124,19.941521,19.910695,20.719661,29.340092,32.622389,38.311874, Trmt1,386.6272262,0.009667576,0.0892446,0.108326735,0.913736516,0.945468487
ENSMUSG00000001910.6_ Nacc1, Nacc1,14.67662,15.531778,12.376677,16.46078,12.498546,13.685688,18.182175,19.826755,14.892082,24.965466, Nacc1,653.5602332,0.075191824,0.104310813,0.720844004,0.471005498,0.603723316
ENSMUSG00000001911.17_ Nfix, Nfix,59.526894,64.857143,48.819013,61.605636,56.004486,57.33788,47.82189,69.630938,60.547749,91.944157, Nfix,2510.53844,-0.127837227,0.0863818,-1.479909277,0.13889746,0.241568811
ENSMUSG00000001918.18_ Slc1a5, Slc1a5,8.981553,20.160048,12.109674,13.228981,8.348644,17.506287,19.653529,50.725795,29.846779,43.306815, Slc1a5,511.3571053,1.070691315,0.205090668,5.220575494,1.78E-07,2.82E-06
ENSMUSG00000001924.16_ Uba1, Uba1,63.283274,69.83942,65.807411,71.115248,65.333335,68.647335,69.164627,97.566733,72.389235,92.436823, Uba1,3192.622602,-0.13719289,0.059708888,-2.297696269,0.021579082,0.054383269
ENSMUSG00000001930.18_ Vwf, Vwf,25.240622,49.632172,22.43623,25.434998,17.88362,16.296844,21.802054,60.544812,27.139639,41.50289, Vwf,1441.68889,0.040558091,0.208598469,0.194431396,0.845838109,0.901466353
ENSMUSG00000001942.9_ Siae, Siae,4.130968,6.654656,5.076175,5.093148,4.997916,5.693041,5.758817,6.498017,6.724841,8.559923, Siae,279.3314089,0.03920993,0.114884154,0.341299729,0.732877952,0.821743146
ENSMUSG00000001943.9_ Vsig2, Vsig2,5.515342,7.708111,6.965306,4.75628,7.16795,7.087721,7.662219,9.120645,7.531843,11.480953, Vsig2,54.93844285,0.007894989,0.192657323,0.04097944,0.967312287,0.979641876
ENSMUSG00000001946.15_ Esam, Esam,35.542771,45.585368,39.479262,42.735277,39.569967,45.659529,49.416912,61.46005,53.719653,73.342795, Esam,807.0463317,0.149138631,0.071212667,2.0942711,0.036235837,0.082703019
ENSMUSG00000001948.11_ Spa17, Spa17,3.849002,6.640382,4.199456,2.502232,2.803773,3.555634,7.247875,3.631978,4.976625,4.824807, Spa17,22.91696979,0.054132544,0.346886352,0.156052677,0.875991499,0.921467428
ENSMUSG00000001962.9_ Fam50a, Fam50a,14.05691,16.444276,16.43098,15.82992,13.041799,12.872111,15.582263,19.792474,18.131559,23.749021, Fam50a,216.6974,0.02876283,0.11930816,0.24108016,0.809492989,0.877207232
ENSMUSG00000001964.15_ Emd, Emd,14.918247,20.713147,16.617294,16.646736,18.436094,23.610151,19.99147,27.438498,19.614604,30.785166, Emd,302.3019007,-0.062174125,0.103005214,-0.60360173,0.546108463,0.67046895
ENSMUSG00000001983.8_ Taco1, Taco1,33.812922,33.070341,30.36893,39.187594,35.43164,30.957966,33.727949,30.315508,29.783243,27.479104, Taco1,439.9940125,-0.529066482,0.140113266,-3.775991361,0.000159373,0.000934425
ENSMUSG00000001985.10_ Grik3, Grik3,0.138402,0.089268,0.048452,0.039994,0.056342,0.084926,0.113811,0.097661,0.098044,0.177059, Grik3,9.446034154,0.275789611,0.45617856,0.604565044,0.545468039,0.670079272
ENSMUSG00000001986.17_ Gria3, Gria3,0.708566,1.246893,0.498779,0.42233,0.381093,0.432869,1.462883,2.222574,1.275715,3.530675, Gria3,62.20787465,1.365534463,0.327608461,4.168190465,3.07E-05,0.000230931
ENSMUSG00000001995.10_ Sipa1l2, Sipa1l2,11.461197,11.488665,9.169075,12.24235,11.601166,12.063401,9.474084,15.358993,10.607016,16.883883, Sipa1l2,891.1107649,-0.209272238,0.117250342,-1.784832646,0.074288466,0.146652883
ENSMUSG00000001998.16_ Ap4e1, Ap4e1,2.585837,3.849714,2.649289,2.674314,3.465561,2.91818,3.016579,4.199078,4.549563,5.34103, Ap4e1,161.4947941,0.033012016,0.129864927,0.254202709,0.799338958,0.868933146
ENSMUSG00000001999.16_ Blvra, Blvra,9.995863,14.860439,8.614561,11.607204,9.049662,9.623949,15.714823,11.518803,11.848279,15.786779, Blvra,122.7554017,0.008234879,0.164559858,0.050041848,0.96008904,0.975189224
ENSMUSG00000002006.13_ Pdzd4, Pdzd4,0.556162,1.000598,0.750249,0.729313,0.573225,0.487283,0.839651,1.451061,0.89997,1.636347, Pdzd4,37.12599927,0.425395261,0.248948177,1.708770338,0.087493499,0.16742662
ENSMUSG00000002007.6_ Srpk3, Srpk3,17.029208,16.2422,17.719878,15.623195,17.749188,16.549749,19.580059,13.368472,18.590964,15.00318, Srpk3,320.7312801,-0.518078438,0.169104606,-3.063656581,0.002186497,0.008352267
ENSMUSG00000002010.18_ Idh3g, Idh3g,376.304332,407.635119,410.418451,436.067156,376.848575,428.713961,326.668473,380.380197,381.152781,359.662276, Idh3g,4979.496684,-0.546584851,0.087875927,-6.21996113,4.97E-10,1.67E-08
ENSMUSG00000002012.14_ Pnck, Pnck,3.757533,4.269279,4.231175,4.248264,4.68985,3.740124,4.334602,2.219628,5.796804,3.773167, Pnck,60.40618173,-0.340097312,0.269851832,-1.260311295,0.207557087,0.327879673
ENSMUSG00000002014.13_ Ssr4, Ssr4,50.575801,64.680503,45.486518,50.20741,50.430052,47.92548,65.200574,74.412582,55.19511,87.458605, Ssr4,383.8850609,0.040293294,0.097580721,0.412922698,0.67966325,0.78114246
ENSMUSG00000002015.6_ Bcap31, Bcap31,36.236627,39.40225,33.339082,33.8798,29.981104,32.729157,44.338719,53.880043,39.402279,63.217226, Bcap31,451.9196406,0.145979682,0.098786113,1.477734862,0.139478759,0.242001923
ENSMUSG00000002017.11_ Fam98a, Fam98a,18.247953,17.684074,15.528532,15.274523,15.063912,14.362638,20.459279,19.344153,16.008046,18.362218, Fam98a,486.7009923,-0.156307652,0.127668473,-1.224324599,0.220829801,0.343425705
ENSMUSG00000002020.16_ Ltbp2, Ltbp2,1.619477,5.405394,1.219024,1.518815,0.854694,0.857604,26.101741,58.915993,10.222619,89.797242, Ltbp2,1212.43944,4.2174498,0.662267908,6.368192918,1.91E-10,7.29E-09
ENSMUSG00000002028.14_ Kmt2a, Kmt2a,6.804587,8.212023,7.264815,6.700896,7.025172,7.359505,5.041587,12.256852,8.906393,12.180621, Kmt2a,1479.16478,-0.058803618,0.146039175,-0.402656468,0.687200962,0.786927828
ENSMUSG00000002031.14_ Ift46, Ift46,11.713094,15.231925,17.323915,12.220035,12.442391,15.337488,17.144978,27.967408,18.53026,25.571268, Ift46,188.6995062,0.207814876,0.130109781,1.597227167,0.110215079,0.201691748
ENSMUSG00000002032.18_ Tmem25, Tmem25,5.176945,4.919007,5.745887,6.033165,7.060806,6.627936,5.285339,5.419736,6.944742,4.447217, Tmem25,146.1127993,-0.557638213,0.160720175,-3.469621737,0.000521192,0.002491913
ENSMUSG00000002043.18_ Trappc6a, Trappc6a,14.715672,11.466284,13.652993,12.053269,11.402754,10.349134,11.184507,15.875918,11.368013,13.811116, Trappc6a,78.37359796,-0.319638108,0.168030978,-1.902257025,0.057137561,0.119070645
ENSMUSG00000002052.7_ Supt6, Supt6,10.463732,13.729828,12.724545,13.773312,12.165011,13.511495,13.169428,18.1284,15.680959,20.634093, Supt6,987.6313561,-0.034162736,0.086181659,-0.396403782,0.691807177,0.79044728
ENSMUSG00000002055.10_ Spag5, Spag5,0.11851,0.342095,0.348812,0.545036,1.158571,0.40215,1.381245,1.406088,0.873515,1.804842, Spag5,24.23687221,1.644727886,0.333126574,4.937246126,7.92E-07,1.01E-05
ENSMUSG00000002058.14_ Unc119, Unc119,2.632712,4.013188,3.967193,4.124201,4.254955,2.627424,6.500678,7.496369,5.476635,12.204736, Unc119,63.0723235,0.728803804,0.225817349,3.227403942,0.00124919,0.005245637
ENSMUSG00000002059.19_ Rab34, Rab34,7.087703,11.89634,5.556176,6.974366,5.315468,6.900762,11.289509,18.667232,12.450833,21.431773, Rab34,143.5248985,0.716733403,0.18029531,3.975330275,7.03E-05,0.000469141
ENSMUSG00000002064.11_ Sdf2, Sdf2,23.045904,30.846641,25.066766,25.706632,23.29603,27.927379,33.915246,37.107533,34.159465,47.016319, Sdf2,348.081431,0.125672757,0.094078037,1.335835231,0.181603135,0.296268927
ENSMUSG00000002068.17_ Ccne1, Ccne1,0.393821,0.544638,0.532147,1.043033,0.51681,0.83467,1.219526,1.570811,1.115313,2.925276, Ccne1,18.99316185,0.91133138,0.331747733,2.747061367,0.006013188,0.019157448
ENSMUSG00000002083.14_ Bbc3, Bbc3,2.00356,2.768783,2.869565,2.166328,1.525391,2.794245,4.16707,5.446613,5.191859,5.201344, Bbc3,52.51025964,0.71152186,0.202439286,3.514742003,0.000440181,0.002154079
ENSMUSG00000002100.16_ Mybpc3, Mybpc3,1070.975928,851.657922,935.860116,1172.886841,922.613764,956.173576,1134.879042,1320.230195,1137.222567,1247.770705, Mybpc3,49378.97552,-0.093041637,0.11479505,-0.810502171,0.417651618,0.552904444
ENSMUSG00000002102.16_ Psmc3, Psmc3,123.099002,130.270553,118.670398,126.218251,125.975611,126.418585,130.760565,157.547825,128.343558,133.328147, Psmc3,1774.230137,-0.219024034,0.075384819,-2.905413022,0.003667688,0.012744073
ENSMUSG00000002103.17_ Acp2, Acp2,6.913492,10.415823,8.175827,8.658973,7.742616,8.646862,12.117378,16.236019,11.384083,17.683864, Acp2,509.8251985,0.355561407,0.089097404,3.990704442,6.59E-05,0.000443809
ENSMUSG00000002104.12_ Rapsn, Rapsn,9.0552,9.237238,7.595979,7.682456,6.618176,6.439851,6.260317,6.700467,6.939807,8.57631, Rapsn,115.7912893,-0.535190768,0.150189197,-3.56344384,0.000366021,0.001847011
ENSMUSG00000002105.16_ Slc39a13, Slc39a13,12.922123,20.39967,12.035618,13.749385,14.013868,12.535743,23.8727,39.036803,19.970227,41.441012, Slc39a13,378.3935388,0.588722453,0.146730583,4.012268195,6.01E-05,0.000408927
ENSMUSG00000002107.20_ Celf2, Celf2,24.169618,18.728062,17.671235,14.160237,17.019124,16.343454,21.765048,28.642032,22.828296,21.793957, Celf2,887.0620329,0.012006892,0.107405488,0.111790303,0.910989676,0.943445347
ENSMUSG00000002108.11_ Nr1h3, Nr1h3,10.467973,11.28876,9.958874,11.909194,14.876051,11.809323,12.243306,18.767235,12.927538,14.363399, Nr1h3,220.9378911,-0.03722278,0.10286947,-0.361844774,0.717468031,0.811212237
ENSMUSG00000002109.15_ Ddb2, Ddb2,3.376598,4.169207,3.14114,4.118224,2.886823,3.935429,4.089437,5.128656,4.54726,5.128207, Ddb2,83.14490579,0.029105531,0.158459617,0.183677911,0.854266138,0.90713017
ENSMUSG00000002111.10_ Spi1, Spi1,2.891248,3.410816,3.267265,3.004381,2.485373,3.864953,11.35402,17.943329,7.595982,17.366648, Spi1,111.7360589,1.730289931,0.234388623,7.382141296,1.56E-13,1.37E-11
ENSMUSG00000002129.12_ Sf3a1, Sf3a1,8.341885,9.781686,8.988177,8.371589,8.854841,9.941372,8.954373,10.923603,9.531054,13.339006, Sf3a1,497.1245426,-0.105819833,0.079575107,-1.329810757,0.183580631,0.298825685
ENSMUSG00000002147.19_ Stat6, Stat6,21.400952,23.487934,18.672134,24.158628,19.272606,23.011344,22.697452,31.234975,27.796812,37.370274, Stat6,888.209243,0.122916881,0.086560864,1.420005248,0.155606153,0.263225377
ENSMUSG00000002204.10_ Napsa, Napsa,0.267909,0.3971,0.483293,0.140284,0,0,1.59327,2.751292,0.656711,6.140635, Napsa,15.17604463,3.720897374,0.723178943,5.145195958,2.67E-07,3.95E-06
ENSMUSG00000002205.17_ Vrk3, Vrk3,13.814991,15.552364,8.792134,16.759475,12.500546,15.784242,17.495632,17.933669,16.413202,23.447509, Vrk3,268.9869239,-0.011551669,0.12597795,-0.091695958,0.926939609,0.954084813
ENSMUSG00000002210.12_ Smg9, Smg9,5.414855,6.326702,5.572598,9.862881,5.012795,6.440674,6.841236,8.973025,9.141685,12.214046, Smg9,135.2908449,0.164618656,0.143147105,1.1499964,0.250145354,0.3783784
ENSMUSG00000002221.12_ Paxip1, Paxip1,4.823767,7.357421,6.085258,5.581787,6.011339,6.902661,7.066861,12.472524,7.607827,12.452444, Paxip1,334.9482331,-0.338321064,0.121993586,-2.773269266,0.005549618,0.017920072
ENSMUSG00000002222.15_ Rmnd5a, Rmnd5a,25.761756,32.057646,29.411188,27.829133,30.157003,34.210925,23.409877,31.73814,31.242911,29.810863, Rmnd5a,1792.883386,-0.454665373,0.098699062,-4.60658254,4.09E-06,4.24E-05
ENSMUSG00000002227.16_ Mov10, Mov10,2.918695,3.721813,2.837582,3.215027,2.333197,2.494702,5.145079,6.232061,5.77191,8.654486, Mov10,124.7472975,1.000376481,0.133568502,7.489613714,6.91E-14,6.52E-12
ENSMUSG00000002228.8_ Ppm1j, Ppm1j,17.068095,16.056516,13.197891,21.600232,11.509479,15.159194,16.449464,15.671723,18.188147,18.878497, Ppm1j,214.0464089,-0.282826051,0.142701164,-1.981946349,0.047485246,0.102812811
ENSMUSG00000002233.14_ Rhoc, Rhoc,38.128971,54.086985,34.799681,45.257731,38.043138,38.61377,83.800343,116.333769,68.715148,137.448178, Rhoc,593.5086762,0.858502548,0.137393409,6.248498775,4.14E-10,1.43E-08
ENSMUSG00000002249.22_ Tead3, Tead3,15.033514,13.051103,9.341614,9.072093,8.340984,16.008389,11.662826,17.838019,11.99479,19.767631, Tead3,285.2069955,0.017990044,0.143722672,0.12517193,0.900387439,0.936831693
ENSMUSG00000002250.17_ Ppard, Ppard,13.879466,15.145804,15.179747,16.506921,13.244393,14.507635,13.531567,21.127238,15.022193,18.987075, Ppard,527.9770924,-0.196832757,0.088894078,-2.214239251,0.026812325,0.064770514
ENSMUSG00000002257.9_ Def6, Def6,2.557932,1.41028,1.252652,1.501704,1.392636,2.157532,3.402425,4.39473,4.438314,4.868857, Def6,54.60125359,1.026778636,0.233605021,4.395362019,1.11E-05,9.78E-05
ENSMUSG00000002265.18_ Peg3, Peg3,2.799884,12.142233,3.738122,3.305626,3.127703,3.857606,3.632387,7.676572,6.489953,6.679471, Peg3,468.0081051,0.072307445,0.427940159,0.168966253,0.865823186,0.915398546
ENSMUSG00000002266.18_ Zim1, Zim1,0.463418,0.592885,0.470304,0.489362,1.135371,1.292661,0.200102,0.673613,0.57463,0.363185, Zim1,38.48042672,-0.684533317,0.300291045,-2.279566202,0.022633429,0.056447764
ENSMUSG00000002274.15_ Metrn, Metrn,16.701817,19.152033,17.152977,20.972787,20.203356,17.853995,23.385372,17.069107,19.302938,19.018414, Metrn,197.9290824,-0.345501737,0.162937891,-2.120450531,0.033968069,0.07863701
ENSMUSG00000002279.20_ Lmf1, Lmf1,17.31875,17.685578,18.231735,17.50731,16.52864,17.681648,20.059942,23.703543,17.567197,22.376871, Lmf1,325.4058389,-0.123926143,0.091314253,-1.357139102,0.174737016,0.287657091
ENSMUSG00000002280.12_ Ciao3, Ciao3,20.032659,16.958137,17.070805,19.631353,24.220314,19.987672,18.389198,18.588372,20.811932,18.401984, Ciao3,474.3275835,-0.284644942,0.12430218,-2.289943278,0.022024605,0.055243401
ENSMUSG00000002289.17_ Angptl4, Angptl4,17.898319,23.020858,29.498029,17.662246,11.493904,22.550197,34.776539,49.11802,33.829281,41.016973, Angptl4,610.87502,0.576529622,0.207176077,2.782800165,0.005389199,0.017518571
ENSMUSG00000002297.17_ Dbf4, Dbf4,0.59799,0.781482,0.733655,0.75856,0.799299,0.956398,1.860251,2.849234,0.790446,2.744245, Dbf4,29.95576625,0.99785717,0.322486193,3.094263233,0.001973023,0.007680029
ENSMUSG00000002307.17_ Daxx, Daxx,6.913186,7.341152,8.076865,8.574441,7.312856,8.535502,11.750741,12.145042,8.568334,13.931165, Daxx,213.9966415,0.093897214,0.105977422,0.886011497,0.375611332,0.510603957
ENSMUSG00000002308.17_ Cd320, Cd320,13.604637,18.196291,13.878233,16.189055,19.258738,18.848005,16.125626,18.346663,19.326238,19.612005, Cd320,164.6330532,-0.3990317,0.159019389,-2.509327336,0.012096134,0.033746592
ENSMUSG00000002319.17_ Ipo4, Ipo4,13.776785,16.979199,16.223746,15.081989,21.250288,18.31453,22.510008,34.219483,32.741822,29.338255, Ipo4,660.2308197,0.116019535,0.090357827,1.284000934,0.199141629,0.317918504
ENSMUSG00000002320.16_ Tm9sf1, Tm9sf1,21.709742,20.661025,16.385169,19.01579,17.093738,19.263005,24.490964,27.439229,23.469487,32.781303, Tm9sf1,502.683492,0.119403559,0.092054668,1.297094019,0.194598839,0.312671268
ENSMUSG00000002325.16_ Irf9, Irf9,8.41749,8.789171,7.509459,10.081561,8.327995,8.669499,14.896866,11.785569,13.176943,23.502898, Irf9,270.4313694,0.533764816,0.163960044,3.255456644,0.001132102,0.004825041
ENSMUSG00000002326.7_ Gmpr2, Gmpr2,6.760886,6.550832,6.113481,5.567803,4.838699,4.904282,8.399481,10.234346,7.650233,10.92234, Gmpr2,125.2568025,0.263393588,0.144370805,1.824424177,0.06808797,0.136802035
ENSMUSG00000002329.8_ Mdp1, Mdp1,26.315826,26.432503,26.740778,26.794224,21.428524,24.183997,31.807155,32.564059,30.42605,32.833342, Mdp1,482.9097373,-0.054218991,0.104251332,-0.520079596,0.603008099,0.718414775
ENSMUSG00000002332.17_ Dhrs1, Dhrs1,22.287735,25.594534,21.059773,31.426132,28.578031,26.678586,37.429338,31.586392,35.319587,36.19352, Dhrs1,368.4504042,0.071916851,0.085854296,0.837661647,0.402220759,0.537250551
ENSMUSG00000002342.18_ Tmem161a, Tmem161a,31.505334,48.184996,33.59153,52.955281,42.516079,45.02804,40.290742,47.514733,40.38908,46.351336, Tmem161a,817.0261904,-0.294151796,0.092948508,-3.164674753,0.001552564,0.006260878
ENSMUSG00000002343.12_ Armc6, Armc6,3.658105,3.402706,3.213576,3.629063,3.58565,3.074414,4.622549,3.977399,4.548686,4.996167, Armc6,80.78465781,-0.025695256,0.163185377,-0.157460529,0.874881913,0.920909527
ENSMUSG00000002345.19_ Borcs8, Borcs8,11.995537,14.863669,11.935715,14.272767,13.922483,11.957742,17.454357,22.846427,18.621943,26.606237, Borcs8,98.01022734,0.24861599,0.138386911,1.796528214,0.07241055,0.143572642
ENSMUSG00000002346.18_ Slc25a42, Slc25a42,42.054982,41.580195,43.553774,48.290162,41.683025,40.677206,26.1079,35.117027,39.188956,27.998076, Slc25a42,1290.786695,-0.769379225,0.139536145,-5.513834605,3.51E-08,6.89E-07
ENSMUSG00000002365.11_ Snx9, Snx9,10.918651,13.370361,14.29592,12.359237,12.889834,13.215811,15.682483,24.55826,14.9739,24.275121, Snx9,532.1332041,0.215979952,0.108991431,1.981623233,0.047521425,0.102840192
ENSMUSG00000002372.10_ Ranbp3, Ranbp3,18.093989,19.72666,18.048708,19.060757,17.540631,19.901957,20.281959,25.615695,22.645729,27.050836, Ranbp3,523.3636012,-0.053102253,0.073728774,-0.720237843,0.471378568,0.603965307
ENSMUSG00000002379.8_ Ndufa11, Ndufa11,617.713805,604.283223,565.274338,730.865041,619.837613,606.67622,657.978909,651.146822,568.325392,651.21063, Ndufa11,2155.107582,-0.38565028,0.109740802,-3.514192301,0.000441093,0.002156932
ENSMUSG00000002393.15_ Nr2f6, Nr2f6,21.855898,21.232716,17.714434,29.476711,22.095701,20.521254,28.584864,26.079537,24.971827,35.153806, Nr2f6,502.3714787,-0.114016486,0.121127392,-0.94129399,0.346554222,0.481174168
ENSMUSG00000002395.15_ Use1, Use1,74.695795,79.018051,81.83181,80.836908,71.543651,78.944459,81.091305,107.539718,89.967856,113.951658, Use1,626.3982802,-0.081625754,0.074596161,-1.094235318,0.273851785,0.404757261
ENSMUSG00000002396.9_ Ocel1, Ocel1,7.36457,8.321064,6.601261,8.218591,6.493911,6.09814,8.102625,11.932654,7.932674,12.914729, Ocel1,298.0646304,-0.033931607,0.106630184,-0.318217655,0.750319841,0.833900739
ENSMUSG00000002409.19_ Dyrk1b, Dyrk1b,11.096647,12.397833,12.455882,12.182483,10.542652,15.698067,10.239385,15.467356,14.295949,14.445001, Dyrk1b,323.7302201,-0.262109561,0.127341411,-2.05832148,0.039559284,0.088942241
ENSMUSG00000002413.16_ Braf, Braf,4.580796,6.043566,4.714743,5.202743,4.98076,5.829823,4.837686,6.521964,6.011578,6.429469, Braf,439.0865396,-0.117676105,0.092723404,-1.269108986,0.204402196,0.323897359
ENSMUSG00000002416.14_ Ndufb2, Ndufb2,369.070723,337.09572,362.550735,405.103693,342.800209,360.686474,334.805628,332.665854,349.234484,356.278496, Ndufb2,1118.949177,-0.484418108,0.094957563,-5.101416805,3.37E-07,4.81E-06
ENSMUSG00000002428.13_ Hltf, Hltf,4.748607,5.869276,3.885151,5.22681,4.861762,4.756541,5.958954,5.861412,6.692199,5.974178, Hltf,280.3984014,-0.02813196,0.120099397,-0.234238977,0.814799457,0.881264477
ENSMUSG00000002455.15_ Prpf6, Prpf6,14.443101,17.522356,16.593864,19.443608,16.61362,18.307173,16.188293,21.820326,18.773425,22.973773, Prpf6,597.8939084,-0.178078375,0.086577111,-2.056875906,0.039698164,0.089178021
ENSMUSG00000002458.14_ Rgs19, Rgs19,3.060423,2.762103,2.575248,2.846105,3.603496,2.359874,7.667486,10.736538,7.627442,15.11948, Rgs19,61.69749904,1.174293257,0.224758943,5.224678673,1.74E-07,2.77E-06
ENSMUSG00000002475.17_ Abhd3, Abhd3,2.214032,1.923316,2.027571,2.030635,1.729103,2.121977,3.409039,2.214815,1.961145,2.488132, Abhd3,42.21939867,-0.243615103,0.201727432,-1.207644889,0.227183885,0.351123386
ENSMUSG00000002477.6_ Snrpd1, Snrpd1,8.702634,9.287821,8.622883,9.643762,10.023924,11.846798,18.795738,15.624081,8.817351,17.049636, Snrpd1,77.28355507,0.329088784,0.212944939,1.545417258,0.122245369,0.218819877
ENSMUSG00000002486.16_ Tchp, Tchp,4.119732,5.088699,3.753107,3.6112,3.344307,4.507516,5.103801,5.398955,6.01552,5.357475, Tchp,118.4725056,-0.17579189,0.148612364,-1.182888728,0.23685325,0.363005156
ENSMUSG00000002489.17_ Tiam1, Tiam1,1.898211,1.395879,1.035491,1.016224,1.157063,1.006955,2.207568,4.221432,1.864989,4.815429, Tiam1,115.9732329,1.005913191,0.227994261,4.412011005,1.02E-05,9.15E-05
ENSMUSG00000002496.11_ Tsc2, Tsc2,41.949053,46.308378,42.045581,45.445903,44.148847,52.476166,40.785544,51.828477,47.518828,59.028651, Tsc2,2247.670122,-0.307196223,0.077250964,-3.976600521,6.99E-05,0.000467357
ENSMUSG00000002500.16_ Rpl3l, Rpl3l,193.549946,165.875156,201.737451,238.262385,209.948867,218.165892,177.041348,146.2611,193.893688,121.193465, Rpl3l,2529.008239,-0.72227583,0.186376923,-3.875350115,0.000106472,0.000668506
ENSMUSG00000002504.16_ Nherf2, Nherf2,49.940459,62.136367,56.529551,63.146395,60.565199,55.908114,67.252285,68.800251,74.461074,83.703506, Nherf2,1229.928019,-0.056609942,0.090712523,-0.624058733,0.532589014,0.659057741
ENSMUSG00000002524.18_ Puf60, Puf60,38.265154,42.438043,44.101626,42.030405,39.832459,39.699644,44.312763,57.207167,46.974571,65.497329, Puf60,812.2514175,-0.010565366,0.069208065,-0.152660911,0.878665688,0.92321803
ENSMUSG00000002546.18_ Golga2, Golga2,27.76041,36.857522,30.282103,32.956705,27.737779,32.025437,29.251202,36.386916,36.287556,39.047504, Golga2,1423.524297,-0.268698172,0.070199751,-3.827622838,0.000129387,0.000786763
ENSMUSG00000002550.17_ Uck1, Uck1,10.120228,14.772608,9.553212,15.371544,11.607287,11.941215,12.954558,19.468584,14.713892,18.505165, Uck1,246.7393331,0.054893806,0.115431417,0.475553427,0.634392562,0.744845903
ENSMUSG00000002565.17_ Scin, Scin,1.19312,1.009425,1.263617,0.697701,0.926947,1.471717,1.319795,1.104309,1.33424,2.148432, Scin,39.71933949,0.03158529,0.261112065,0.120964499,0.903719154,0.938659334
ENSMUSG00000002578.19_ Ikzf4, Ikzf4,0.608426,0.544973,0.086281,0.366483,0.100373,0.200755,0.198243,0.231874,0.17468,0.396409, Ikzf4,14.26886945,-0.704736085,0.494802802,-1.424276665,0.1543664,0.261600763
ENSMUSG00000002580.8_ Mien1, Mien1,34.730974,43.433682,34.062602,37.545822,33.483514,34.039387,41.49802,46.555074,41.541198,51.489666, Mien1,229.4716941,-0.074971299,0.09675221,-0.774879443,0.4384109,0.573437783
ENSMUSG00000002602.17_ Axl, Axl,20.13757,40.190226,22.539677,23.243679,25.138435,28.01583,45.507871,72.448792,42.760149,74.598347, Axl,1613.620988,0.746520603,0.151534765,4.926398266,8.38E-07,1.07E-05
ENSMUSG00000002603.16_ Tgfb1, Tgfb1,12.874824,15.503198,13.512925,14.017158,13.233579,13.840436,25.396989,35.397611,21.655511,46.931813, Tgfb1,449.6471805,0.79937768,0.139637584,5.724659924,1.04E-08,2.40E-07
ENSMUSG00000002608.9_ Ccdc97, Ccdc97,24.813254,28.33107,27.587647,26.553657,23.674604,27.601643,23.051428,32.698658,27.486975,34.929302, Ccdc97,690.450333,-0.192618217,0.084810008,-2.271173201,0.023136495,0.057479524
ENSMUSG00000002617.15_ Zfp40, Zfp40,1.888522,1.415772,1.023932,1.101216,0.787525,1.226223,1.89194,2.162526,2.697508,2.486303, Zfp40,48.50880362,0.309763042,0.230909072,1.3414936,0.179760246,0.294030796
ENSMUSG00000002625.11_ Akap8l, Akap8l,27.927687,37.713183,47.44532,31.322604,32.852949,30.600706,27.728167,35.777848,34.239121,43.75694, Akap8l,749.3052228,-0.244215567,0.069966848,-3.490446878,0.000482213,0.002325908
ENSMUSG00000002635.12_ Pdcd2l, Pdcd2l,12.248287,11.911315,13.439392,13.103551,14.339997,13.760115,11.99128,15.01487,11.166875,13.894817, Pdcd2l,147.9816985,-0.372898204,0.129029938,-2.890013053,0.003852258,0.01325193
ENSMUSG00000002658.10_ Gtf2f1, Gtf2f1,10.743941,13.116833,12.527617,11.248195,11.387736,10.812814,16.645898,14.801948,14.276929,19.281439, Gtf2f1,229.2556936,0.096147907,0.11625554,0.827039358,0.408214754,0.543153905
ENSMUSG00000002660.9_ Clpp, Clpp,47.985669,49.776436,53.158731,60.708628,48.211034,48.57806,46.844575,58.726194,52.138754,55.873077, Clpp,450.4389179,-0.336239309,0.105544958,-3.185744892,0.001443818,0.005904074
ENSMUSG00000002661.15_ Alkbh7, Alkbh7,37.991002,35.699922,38.855674,48.003719,38.560138,39.871644,43.455107,43.466985,39.643536,35.640878, Alkbh7,311.1993633,-0.354497122,0.143812684,-2.46499204,0.01370163,0.037438175
ENSMUSG00000002668.9_ Dennd1c, Dennd1c,2.240454,1.392785,1.214686,1.184261,1.158065,0.611506,4.124731,4.120272,1.303941,8.210985, Dennd1c,44.35322973,1.144352351,0.335711716,3.408735221,0.000652648,0.003020196
ENSMUSG00000002679.15_ Med6, Med6,6.282021,8.178393,7.664801,8.006913,6.6043,6.66971,11.031558,11.36982,9.917816,9.638309, Med6,68.2681437,0.108660012,0.167618117,0.648259349,0.516817222,0.645898358
ENSMUSG00000002688.9_ Prkd1, Prkd1,2.279766,2.747455,2.833439,2.917836,2.651641,3.123918,2.524575,3.033558,2.906315,2.413804, Prkd1,111.049722,-0.394853769,0.152043206,-2.596983977,0.009404631,0.02758271
ENSMUSG00000002699.14_ Lcp2, Lcp2,0.507957,1.229039,0.647938,0.795546,1.738186,0.825546,4.083322,4.402715,1.697946,4.199504, Lcp2,59.70799039,1.569721321,0.236330929,6.642047767,3.09E-11,1.45E-09
ENSMUSG00000002718.15_ Cse1l, Cse1l,17.881605,17.21404,15.846937,15.943509,18.789592,16.005938,17.588195,18.081674,18.393776,18.347365, Cse1l,667.4319585,-0.321965893,0.115221614,-2.79431854,0.005200922,0.016999274
ENSMUSG00000002728.15_ Naa20, Naa20,44.4007,43.729617,41.997753,42.600413,48.645204,41.329615,50.119651,49.649817,50.126965,44.12656, Naa20,439.8184469,-0.227185468,0.12389147,-1.833745848,0.06669173,0.134529207
ENSMUSG00000002731.7_ Prkra, Prkra,8.162034,9.190956,9.080199,7.892232,9.547595,10.842497,9.892108,12.045363,10.547195,15.069656, Prkra,157.1035753,-0.001355768,0.123734586,-0.010957066,0.991257701,0.994626482
ENSMUSG00000002732.15_ Fkbp7, Fkbp7,14.815685,24.500513,14.963987,12.743841,17.360829,11.860636,28.791238,30.361722,20.896976,33.844034, Fkbp7,140.4195468,0.437610362,0.184284953,2.374639681,0.017566088,0.045938843
ENSMUSG00000002733.9_ Plekha3, Plekha3,8.036313,12.210346,8.039802,8.894608,8.723862,9.317555,11.07786,12.759494,12.085794,14.017268, Plekha3,276.0425692,0.067588725,0.106029099,0.63745449,0.523828845,0.651617435
ENSMUSG00000002741.10_ Ykt6, Ykt6,30.595373,31.259659,28.870874,30.681523,25.639295,27.369807,39.689448,47.852259,34.09062,47.431426, Ykt6,874.6399114,0.147995456,0.084308235,1.755409252,0.079189331,0.154650994
ENSMUSG00000002748.8_ Baz1b, Baz1b,15.191735,21.085918,17.355657,18.754192,18.077899,18.368972,16.56935,23.141119,22.186591,26.243237, Baz1b,1368.162995,-0.131071201,0.074683792,-1.755015353,0.079256682,0.154717382
ENSMUSG00000002763.17_ Pex6, Pex6,21.207493,21.594141,19.736629,24.938275,20.899999,19.063866,19.854063,21.514279,21.620938,23.535493, Pex6,749.2205218,-0.367963843,0.098751517,-3.726158893,0.00019442,0.001100537
ENSMUSG00000002767.14_ Mrpl2, Mrpl2,93.631948,84.077346,82.838805,103.556851,91.449103,85.90298,94.046019,100.860761,86.427796,91.433574, Mrpl2,840.9007365,-0.341492707,0.113140469,-3.018307323,0.00254191,0.009431253
ENSMUSG00000002768.9_ Mea1, Mea1,25.151435,23.290232,22.783422,22.540051,23.090398,21.316795,26.106911,32.7435,23.324508,32.569667, Mea1,183.6623219,-0.026737631,0.118648934,-0.225350786,0.821706394,0.885944045
ENSMUSG00000002769.10_ Gnmt, Gnmt,3.177687,1.548768,5.073834,2.973982,3.792554,2.24071,1.912487,1.947234,3.1029,1.362402, Gnmt,25.766848,-0.97833735,0.407896343,-2.398495028,0.0164626,0.043477979
ENSMUSG00000002771.13_ Grin2d, Grin2d,0.300509,0.484411,0.359031,0.526887,0.676778,0.429178,1.011749,1.266319,0.644185,2.152062, Grin2d,40.1460587,0.961861729,0.298593844,3.221304623,0.001276084,0.005337892
ENSMUSG00000002778.15_ Kdelr1, Kdelr1,54.576447,64.703889,58.99551,57.105268,60.83441,67.996077,71.266898,104.66294,72.44594,114.283388, Kdelr1,866.4954463,0.190688359,0.072589099,2.626955879,0.00861525,0.025704582
ENSMUSG00000002781.20_ Tmem143, Tmem143,57.927048,60.124591,59.013813,65.026116,56.95557,63.231387,47.636946,46.586205,54.089686,46.085932, Tmem143,1304.521101,-0.767621462,0.126383163,-6.073763664,1.25E-09,3.81E-08
ENSMUSG00000002797.10_ Ggct, Ggct,15.323323,11.971685,12.468729,6.624852,8.208141,9.905598,13.278763,14.711362,8.865529,10.083594, Ggct,130.1542039,-0.32480035,0.14472368,-2.244279235,0.024814441,0.060898038
ENSMUSG00000002799.7_ Jag2, Jag2,16.501828,13.875911,17.114289,16.965357,13.971798,17.125493,13.94806,17.815816,16.875713,27.847145, Jag2,564.3368829,-0.108160117,0.116687101,-0.926924364,0.353965806,0.488575671
ENSMUSG00000002803.15_ Btbd6, Btbd6,11.636831,12.888978,13.816669,13.118894,10.027666,18.969504,12.109865,17.71496,17.428941,17.610167, Btbd6,266.0292256,-0.164007703,0.12771776,-1.284141711,0.199092376,0.317917302
ENSMUSG00000002804.5_ Nudt14, Nudt14,5.358587,5.657565,4.3724,5.344602,4.981268,2.634255,5.363606,7.507038,6.610002,9.102597, Nudt14,44.03716882,0.251552539,0.231417548,1.087007191,0.277033632,0.408447021
ENSMUSG00000002808.8_ Epdr1, Epdr1,15.863168,12.626079,13.537884,13.461193,16.172497,15.629441,13.895052,14.037046,16.060101,14.651332, Epdr1,362.9868553,-0.350730474,0.135795493,-2.582784351,0.009800656,0.028459115
ENSMUSG00000002812.5_ Flii, Flii,44.888401,67.457094,51.612469,53.246963,53.081686,45.673808,60.392925,86.287177,61.278058,74.996557, Flii,2050.102596,-0.050066604,0.065634428,-0.762810098,0.445576658,0.579687405
ENSMUSG00000002814.16_ Top3a, Top3a,3.645933,2.281374,2.09399,2.295515,2.463405,2.437331,2.098826,3.852265,2.342131,4.1802, Top3a,104.7241769,-0.030365673,0.191640088,-0.158451568,0.874100981,0.920660711
ENSMUSG00000002820.7_ Atg4d, Atg4d,30.049069,27.246982,27.571518,37.37587,30.076605,27.979567,29.614836,32.666046,31.903824,29.608705, Atg4d,623.3289301,-0.17225006,0.104041378,-1.655591879,0.097804496,0.183830386
ENSMUSG00000002825.9_ Qtrt1, Qtrt1,5.983437,5.001812,4.928027,6.788637,7.308813,10.082641,5.925273,5.735788,6.383168,10.3216, Qtrt1,65.00513323,-0.215447546,0.213261465,-1.010250712,0.312375189,0.445861592
ENSMUSG00000002831.16_ Plin4, Plin4,65.293295,104.958921,99.761058,85.392542,77.968168,93.254674,50.439299,60.675271,77.553993,57.487639, Plin4,5536.965797,-0.877490029,0.152972547,-5.736258195,9.68E-09,2.27E-07
ENSMUSG00000002833.12_ Hdgfl2, Hdgfl2,22.584359,32.884688,28.388339,29.952844,23.72591,38.101644,28.166914,32.706803,30.407364,37.854799, Hdgfl2,565.5451596,-0.152204782,0.081355479,-1.870860865,0.061364369,0.126055605
ENSMUSG00000002835.10_ Chaf1a, Chaf1a,1.548345,2.554254,2.05404,2.227049,2.265833,1.847933,2.466894,3.489103,2.709915,4.219842, Chaf1a,163.4533357,0.218401524,0.140890265,1.550153409,0.121104699,0.217222959
ENSMUSG00000002844.10_ Adprh, Adprh,12.058495,14.091728,11.33839,13.589785,12.058483,12.658667,16.294791,20.124935,15.551173,22.177, Adprh,468.8134461,0.156997102,0.077008465,2.038699285,0.041480049,0.092310888
ENSMUSG00000002845.15_ Tmem39a, Tmem39a,11.961626,8.12726,7.359886,8.972825,6.743391,12.318583,17.510257,13.94508,11.249419,33.866426, Tmem39a,128.5595771,0.590155306,0.189212579,3.119006728,0.001814618,0.007159086
ENSMUSG00000002846.10_ Timmdc1, Timmdc1,23.105984,21.85519,19.917814,25.324822,25.058481,25.288652,29.406296,26.37635,23.407695,21.023661, Timmdc1,370.2049839,-0.25357475,0.157871944,-1.606205281,0.108228813,0.198861912
ENSMUSG00000002847.8_ Pla1a, Pla1a,4.197404,7.237532,5.54921,7.662935,7.583459,6.752461,10.234075,16.825184,10.325866,14.26297, Pla1a,175.4217893,0.58812684,0.1679986,3.500784167,0.000463891,0.00225245
ENSMUSG00000002870.9_ Mcm2, Mcm2,2.098961,2.302448,2.005616,2.734413,2.287201,1.558135,3.207402,3.732803,2.994973,4.303468, Mcm2,97.27958775,0.321831988,0.163426778,1.969273283,0.048921718,0.105279665
ENSMUSG00000002871.15_ Tpra1, Tpra1,22.819729,22.66207,19.286211,21.80814,24.509203,20.305856,24.986207,28.838073,21.876842,31.495724, Tpra1,332.019352,-0.04662137,0.104144301,-0.447661269,0.654397678,0.761981842
ENSMUSG00000002881.15_ Nab1, Nab1,8.030404,8.327433,7.651391,6.904502,7.304222,8.318521,10.752369,12.048418,9.745056,13.939424, Nab1,383.8889599,0.177688137,0.089977577,1.974804647,0.048290321,0.104160269
ENSMUSG00000002885.15_ Adgre5, Adgre5,18.824666,25.219966,20.051392,24.722463,20.113461,24.531289,29.481103,38.691856,28.963286,51.191726, Adgre5,782.9837301,0.307862178,0.103522151,2.973877339,0.002940626,0.010631993
ENSMUSG00000002897.6_ Il17ra, Il17ra,1.021716,2.471976,1.121956,1.450855,0.712451,1.568841,2.078856,4.55682,2.979634,5.801101, Il17ra,96.64091398,1.353188889,0.226527758,5.973611812,2.32E-09,6.56E-08
ENSMUSG00000002900.18_ Lamb1, Lamb1,20.80535,26.358037,18.954752,23.526994,23.847648,22.254267,32.911445,45.411226,29.289249,55.62738, Lamb1,1833.054307,0.459432585,0.119105874,3.857346162,0.000114625,0.000712195
ENSMUSG00000002908.19_ Kcnn1, Kcnn1,7.799545,6.402418,11.280771,12.493575,7.620219,9.062147,12.354851,12.111442,10.5566,7.935087, Kcnn1,200.6041833,-0.357140609,0.138967331,-2.569960905,0.010170999,0.02930589
ENSMUSG00000002910.12_ Arrdc2, Arrdc2,9.215496,48.553315,11.069557,5.903127,19.512924,13.568142,11.423405,24.867643,9.448477,20.873069, Arrdc2,285.3029813,-0.486077607,0.541620142,-0.897451128,0.369478241,0.504201076
ENSMUSG00000002944.16_ Cd36, Cd36,848.266369,762.801671,863.918297,842.083786,889.800951,951.054104,768.450251,887.074293,923.074305,685.335367, Cd36,21768.27381,-0.431035019,0.151460822,-2.845851572,0.004429284,0.014860914
ENSMUSG00000002948.20_ Map2k7, Map2k7,26.815323,27.729066,27.891252,29.110531,22.306382,27.905116,20.495356,35.914479,29.596014,32.19507, Map2k7,1008.933614,-0.269741599,0.109722025,-2.458408864,0.013955419,0.03803081
ENSMUSG00000002949.16_ Timm44, Timm44,54.186617,56.271109,58.620317,63.982087,56.47367,55.116698,62.534324,63.816144,56.211749,47.184554, Timm44,1039.053778,-0.358329398,0.130068662,-2.754924907,0.005870561,0.018778771
ENSMUSG00000002957.12_ Ap2a2, Ap2a2,18.729155,21.834646,18.832105,21.310058,17.474013,22.523267,23.537666,32.901572,22.449224,33.839977, Ap2a2,1182.11824,0.085226126,0.086828717,0.981543085,0.326324999,0.459598608
ENSMUSG00000002963.18_ Pnkp, Pnkp,10.764279,12.473003,13.11912,13.769227,12.112794,12.056526,14.078074,16.270501,14.423812,16.581869, Pnkp,240.6547004,-0.136335093,0.116533924,-1.169917638,0.242034115,0.369519885
ENSMUSG00000002968.10_ Med25, Med25,30.918883,41.832972,34.774721,44.147144,42.135937,46.027306,33.843538,42.944889,40.653981,47.145442, Med25,1031.081814,-0.380838412,0.084725323,-4.494977378,6.96E-06,6.61E-05
ENSMUSG00000002980.15_ Bcam, Bcam,89.396742,130.878216,101.789833,118.76827,100.737389,114.070511,119.498474,139.110328,139.918475,131.116214, Bcam,2961.646154,-0.100040132,0.094675276,-1.056665863,0.29066411,0.422696226
ENSMUSG00000002981.11_ Clptm1, Clptm1,47.627673,42.929546,34.047551,43.28257,44.100378,48.533633,43.142308,49.051987,49.970764,55.148416, Clptm1,1485.992845,-0.233468029,0.06277708,-3.719001112,0.000200012,0.001123943
ENSMUSG00000002983.19_ Relb, Relb,5.288523,4.709212,3.317109,4.120942,4.781404,3.544542,7.446027,9.831199,6.431916,15.513965, Relb,133.5610919,0.74448963,0.211765347,3.515634839,0.000438704,0.0021499
ENSMUSG00000002984.18_ Tomm40, Tomm40,44.170451,48.652502,47.188035,59.022039,52.22078,53.41585,62.421214,60.520974,56.129733,63.412569, Tomm40,828.3988015,-0.144241667,0.103384147,-1.395201021,0.162955229,0.272945325
ENSMUSG00000002985.17_ Apoe, Apoe,315.908362,572.171873,256.480332,298.452166,276.22212,291.958324,1121.368658,1810.926748,708.243698,2487.990034, Apoe,6133.273325,1.733558009,0.309927599,5.593428959,2.23E-08,4.56E-07
ENSMUSG00000002992.18_ Apoc2, Apoc2,0,0,0.267668,0.534668,0,0,2.652045,3.505496,1.753803,5.329419, Apoc2,4.821461701,4.330616203,0.999486786,4.332839878,1.47E-05,0.000123941
ENSMUSG00000002996.18_ Hbp1, Hbp1,36.653492,47.478037,46.582512,46.764485,38.759156,58.064863,40.929002,64.58704,49.190481,56.623976, Hbp1,1404.183246,-0.172867984,0.105261089,-1.642278114,0.100532381,0.187746369
ENSMUSG00000002997.16_ Prkar2b, Prkar2b,0.385786,0.885702,0.459717,0.120798,0.284661,0.553347,1.044322,1.995936,1.743147,2.411494, Prkar2b,30.70636521,1.483250886,0.374225513,3.963521552,7.39E-05,0.000488991
ENSMUSG00000003031.15_ Cdkn1b, Cdkn1b,14.103919,19.958015,19.892084,18.19052,18.219312,23.188979,15.912292,25.03011,20.448874,23.027305, Cdkn1b,623.3567503,-0.183405209,0.118508359,-1.547614118,0.12171523,0.218019766
ENSMUSG00000003032.9_ Klf4, Klf4,11.134048,18.276258,12.179574,10.494455,19.899882,21.034132,17.645616,23.247324,18.483893,27.621933, Klf4,561.4791641,0.11413792,0.191703977,0.595386292,0.551585286,0.675694553
ENSMUSG00000003033.16_ Ap1m1, Ap1m1,24.575326,22.494991,20.026317,20.560269,21.137499,21.030988,25.54648,33.071179,27.226619,31.244292, Ap1m1,457.8108346,0.020775613,0.090860115,0.228654926,0.81913713,0.88443228
ENSMUSG00000003037.17_ Rab8a, Rab8a,7.202459,7.140936,7.378545,6.398629,8.178879,4.923383,12.266457,15.899408,9.141114,15.493393, Rab8a,293.3388178,0.436208186,0.106286283,4.104087313,4.06E-05,0.000290794
ENSMUSG00000003038.16_ Hmgn2, Hmgn2,58.144858,72.492338,68.460611,56.245817,62.967764,69.29389,75.695581,67.533446,82.653561,83.149354, Hmgn2,808.1255333,-0.132733786,0.110441437,-1.201847688,0.229422545,0.354142184
ENSMUSG00000003039.10_ Fam32a, Fam32a,10.741036,12.065915,11.713223,10.909083,11.845064,12.310426,13.067966,18.093083,16.064707,20.791771, Fam32a,374.5713458,0.155774645,0.093191171,1.671560107,0.094611097,0.178596325
ENSMUSG00000003062.14_ Stard3nl, Stard3nl,7.70351,10.355777,8.071975,6.276012,7.143914,8.787426,14.12257,12.925119,11.450676,15.736038, Stard3nl,129.9368535,0.343556487,0.132378681,2.595255399,0.009452065,0.02769129
ENSMUSG00000003068.18_ Stk11, Stk11,51.475646,58.019089,52.420793,56.0544,49.978982,58.281619,52.627593,67.191878,59.413611,67.577263, Stk11,1381.261839,-0.184811339,0.063816941,-2.895960495,0.00378,0.013049341
ENSMUSG00000003070.7_ Efna2, Efna2,0.412229,0.368468,0.315013,0.32356,0.305875,0.526545,0.793995,1.31007,0.74683,0.977571, Efna2,12.66043606,0.946296881,0.364971216,2.592798665,0.009519848,0.027843591
ENSMUSG00000003072.16_ Atp5f1d, Atp5f1d,685.769742,679.696145,679.666642,767.304414,650.383063,721.453219,732.37005,741.447539,704.593505,681.88125, Atp5f1d,5680.196067,-0.345741569,0.101742322,-3.398207952,0.000678288,0.003112482
ENSMUSG00000003099.12_ Ppp5c, Ppp5c,59.86408,51.495229,70.973052,58.317959,62.207776,64.867348,48.744885,81.017357,77.731867,75.520328, Ppp5c,1069.64037,-0.294938692,0.071870239,-4.103766712,4.06E-05,0.000291039
ENSMUSG00000003119.15_ Cdk12, Cdk12,4.355146,6.215263,5.63583,5.46112,5.635797,6.940947,5.509397,8.370906,6.117592,8.681492, Cdk12,320.5522253,-0.054656132,0.124985343,-0.437300332,0.661893555,0.767438268
ENSMUSG00000003123.16_ Lipe, Lipe,31.528322,35.143793,36.21363,34.648952,25.650879,38.621178,28.49637,44.203633,43.8679,31.02347, Lipe,998.4171245,-0.253763091,0.155631578,-1.630537281,0.102987993,0.191405243
ENSMUSG00000003131.8_ Pafah1b2, Pafah1b2,14.321358,15.375579,13.295599,10.264097,10.546599,14.584617,18.388577,19.549224,14.669961,17.836884, Pafah1b2,460.1485552,0.189414116,0.103638842,1.827636361,0.067604145,0.136038425
ENSMUSG00000003134.11_ Tbc1d8, Tbc1d8,2.721266,4.0913,2.820439,2.714194,4.345642,2.523126,2.56921,4.801776,3.600016,4.643862, Tbc1d8,143.3569946,0.079281723,0.163974976,0.483498916,0.628741529,0.74026057
ENSMUSG00000003135.16_ Cnot11, Cnot11,7.025039,8.661493,6.602623,6.887096,6.605517,8.132774,7.739339,8.074546,7.687194,9.238072, Cnot11,267.5778345,-0.213035479,0.097508437,-2.184790227,0.028904231,0.069047826
ENSMUSG00000003153.11_ Slc2a3, Slc2a3,0.697264,1.065497,1.014577,0.563704,0.667321,0.844171,1.211373,2.616309,1.237192,2.0923, Slc2a3,41.00503262,0.827605049,0.22580003,3.665212302,0.000247133,0.001340284
ENSMUSG00000003154.17_ Foxj2, Foxj2,10.67237,11.727204,11.541481,12.919312,10.11367,12.665357,10.432323,16.918229,12.584153,13.797226, Foxj2,714.8209476,-0.254242946,0.088843576,-2.861691946,0.004213863,0.014238077
ENSMUSG00000003161.16_ Sri, Sri,34.222779,42.386025,44.354427,43.523791,39.958432,46.203878,58.953975,106.370026,69.975404,95.471819, Sri,540.4359859,0.497130557,0.082664814,6.013810877,1.81E-09,5.29E-08
ENSMUSG00000003166.21_ Dgcr2, Dgcr2,18.291985,20.912624,19.957546,20.603186,16.869162,18.225625,17.825193,25.117598,20.303079,27.170494, Dgcr2,872.4657541,-0.179060946,0.071840539,-2.492477746,0.012685528,0.03510488
ENSMUSG00000003184.16_ Irf3, Irf3,22.281335,40.430162,27.219092,28.879868,26.400098,31.115419,33.728402,42.401423,41.850693,60.515743, Irf3,333.8727517,0.168256301,0.104780252,1.605801638,0.108317501,0.198969095
ENSMUSG00000003190.13_ Bcl2l12, Bcl2l12,5.328937,6.157727,5.716637,7.80448,6.710037,7.909368,7.331846,9.371916,5.291631,10.946643, Bcl2l12,68.67715278,-0.137013939,0.184919813,-0.74093704,0.458731616,0.591926327
ENSMUSG00000003198.11_ Zfp959, Zfp959,1.368992,2.231303,1.237958,1.617651,2.084134,1.81077,3.496137,3.035195,2.153841,3.013251, Zfp959,37.37187733,0.287073093,0.225171342,1.274909542,0.202341261,0.321499689
ENSMUSG00000003199.17_ Mpnd, Mpnd,28.679726,34.477613,29.964186,32.75631,28.782973,29.833739,31.985213,30.921236,32.626715,42.320415, Mpnd,526.9290943,-0.264447288,0.08553574,-3.091658385,0.001990418,0.007736251
ENSMUSG00000003200.11_ Sh3gl1, Sh3gl1,6.686659,9.667261,7.844123,10.848671,8.298987,8.842193,16.620348,22.557612,14.177423,28.229834, Sh3gl1,271.3504162,0.799024627,0.150520643,5.308405617,1.11E-07,1.89E-06
ENSMUSG00000003206.8_ Ebi3, Ebi3,0.47593,0.480061,0.750556,0.095767,0.639477,0.183287,1.579786,2.835862,1.388551,4.727311, Ebi3,12.20335807,2.124322069,0.518369875,4.098081638,4.17E-05,0.000297304
ENSMUSG00000003208.10_ Yju2, Yju2,3.058776,3.916398,2.908953,3.694837,2.476694,3.496054,3.926364,4.798908,3.286147,4.603801, Yju2,59.22702579,-0.030567451,0.175790656,-0.173885527,0.861955427,0.91268579
ENSMUSG00000003226.8_ Ranbp2, Ranbp2,11.179922,12.66878,12.166957,11.960099,12.50736,14.371878,11.035911,14.656145,13.707758,16.639557, Ranbp2,1436.064099,-0.230655247,0.084593234,-2.726639427,0.006398291,0.020188111
ENSMUSG00000003228.10_ Grk5, Grk5,6.715549,9.172749,6.70459,9.800175,6.853014,9.875568,8.135528,15.060154,12.537989,14.71988, Grk5,673.9560887,0.379850522,0.122125751,3.110322914,0.001868829,0.00734423
ENSMUSG00000003233.13_ Dvl3, Dvl3,19.208778,18.155191,17.913045,21.595497,18.905737,20.422884,18.035408,25.200369,22.324985,30.606398, Dvl3,819.5623552,-0.118610732,0.090357527,-1.312682358,0.189290005,0.30606709
ENSMUSG00000003234.17_ Abcf3, Abcf3,32.207646,17.972184,25.459314,20.620078,18.156474,23.58561,21.765891,38.885202,18.726063,32.398826, Abcf3,601.6193829,-0.180084733,0.091735055,-1.963096153,0.049635002,0.106482553
ENSMUSG00000003235.14_ Eif2b5, Eif2b5,22.141967,24.396367,22.514077,25.528594,21.137673,26.134127,24.553931,29.362526,24.976233,29.343774, Eif2b5,676.2596961,-0.193453769,0.075621861,-2.55817254,0.010522387,0.030146087
ENSMUSG00000003269.20_ Cyth2, Cyth2,31.511018,37.913884,40.975026,38.355693,30.526253,40.535748,36.199806,61.383156,45.24504,60.108492, Cyth2,402.2999459,0.10030594,0.106563081,0.941282281,0.346560221,0.481174168
ENSMUSG00000003273.15_ Car11, Car11,4.0012,3.848387,2.533275,2.99611,4.414547,3.560028,4.154625,5.174903,4.051211,7.90688, Car11,43.55884442,0.102724932,0.224027409,0.458537341,0.646566441,0.755076256
ENSMUSG00000003282.10_ Plag1, Plag1,0.937059,1.727977,2.6446,1.379262,2.298137,2.230116,1.099469,2.156789,1.92999,1.468019, Plag1,81.51613773,-0.803345077,0.273509917,-2.937169834,0.003312227,0.011742372
ENSMUSG00000003283.16_ Hck, Hck,0.889629,1.36551,1.196167,1.086719,0.759465,1.256079,4.329355,7.417725,3.011793,10.152073, Hck,59.74672381,2.073465843,0.289139978,7.171148926,7.44E-13,5.24E-11
ENSMUSG00000003299.11_ Mrpl4, Mrpl4,81.638281,81.224529,85.412431,90.106701,82.689039,84.376384,84.057928,83.904477,82.583465,80.081017, Mrpl4,1038.977717,-0.412114244,0.103108315,-3.996905999,6.42E-05,0.000433013
ENSMUSG00000003308.16_ Keap1, Keap1,23.854313,29.270448,25.418965,31.527795,23.969804,25.165563,23.691606,31.61116,29.556774,33.952633, Keap1,942.3775546,-0.238498865,0.081028935,-2.943378992,0.003246507,0.011546855
ENSMUSG00000003316.15_ Glg1, Glg1,30.400696,37.651682,34.115293,36.685024,33.529553,37.721914,32.811019,45.487475,36.686652,49.944359, Glg1,2827.849786,-0.122037519,0.062847397,-1.941807063,0.052160461,0.110615278
ENSMUSG00000003344.16_ Btbd2, Btbd2,20.019333,21.884493,24.299932,29.126073,17.477421,21.591553,20.340675,27.376964,25.082763,30.563875, Btbd2,557.4752546,-0.229449099,0.116950092,-1.961940294,0.049769436,0.106683666
ENSMUSG00000003345.17_ Csnk1g2, Csnk1g2,47.686237,55.742036,52.075415,56.417241,53.442991,50.371248,56.715131,67.4759,63.558785,80.929964, Csnk1g2,1226.422112,-0.044699106,0.065002511,-0.687651987,0.491671962,0.62215101
ENSMUSG00000003346.15_ Abhd17a, Abhd17a,29.600399,34.529782,26.901051,33.649407,24.080964,28.446495,38.951554,49.241413,39.791919,63.202022, Abhd17a,511.0590012,0.289443593,0.110755288,2.613361394,0.008965644,0.02655062
ENSMUSG00000003348.11_ Mob3a, Mob3a,1.842631,2.670724,2.296271,2.218528,2.363403,3.30362,5.362449,8.899827,3.718411,12.713222, Mob3a,107.7530124,1.178059306,0.220972843,5.331240211,9.75E-08,1.68E-06
ENSMUSG00000003352.15_ Cacnb3, Cacnb3,1.520302,1.906643,1.618857,1.800239,1.548636,1.657646,7.922907,10.760383,5.62816,15.917893, Cacnb3,115.1902586,2.088150287,0.229657608,9.092449878,9.68E-20,8.46E-17
ENSMUSG00000003355.8_ Fkbp11, Fkbp11,2.838577,3.997238,2.363704,3.019174,3.305857,3.5142,7.234431,9.138834,3.760898,12.853833, Fkbp11,28.30776911,0.951126571,0.307065988,3.097466368,0.001951825,0.007613339
ENSMUSG00000003360.16_ Ddx23, Ddx23,22.977611,27.669525,30.216861,26.25696,26.589058,34.607129,29.251638,34.815598,28.788844,42.516395, Ddx23,926.6618629,-0.130570106,0.077578423,-1.683072431,0.092361071,0.175130697
ENSMUSG00000003363.16_ Pld3, Pld3,12.339321,19.141803,13.179679,14.643301,13.459038,11.84137,22.008674,40.745113,20.78933,52.61263, Pld3,467.2026165,0.898443045,0.202000522,4.447726358,8.68E-06,7.98E-05
ENSMUSG00000003378.10_ Grik5, Grik5,2.844561,3.340388,2.696481,4.047454,2.591767,2.486415,4.018379,4.873994,4.338316,5.67078, Grik5,130.8528025,0.289933781,0.136996704,2.116355883,0.034314551,0.079285119
ENSMUSG00000003380.12_ Rabac1, Rabac1,187.607355,219.306779,160.004434,161.618157,190.284148,177.659084,192.599254,245.199266,192.448466,237.326348, Rabac1,1418.749707,-0.157898227,0.068650501,-2.30003021,0.021446509,0.054183885
ENSMUSG00000003382.19_ Etv3, Etv3,7.754216,8.643573,8.247082,8.824343,7.071655,9.628228,8.192356,9.969154,11.264226,10.595745, Etv3,514.6702162,-0.120741327,0.106076406,-1.138248665,0.255016663,0.383314211
ENSMUSG00000003402.15_ Prkcsh, Prkcsh,26.792998,32.789958,27.1249,31.824302,26.209198,30.716866,37.951755,50.90718,32.768676,52.744463, Prkcsh,713.5248699,0.174682287,0.094124889,1.855856511,0.063474013,0.129335454
ENSMUSG00000003418.12_ St8sia6, St8sia6,0.819234,0.775076,0.814607,0.976707,0.74498,0.67039,0.789314,2.648746,0.918224,0.891005, St8sia6,72.16316651,0.065153016,0.201100092,0.323983023,0.745950887,0.830312119
ENSMUSG00000003420.9_ Fcgrt, Fcgrt,50.416311,70.96982,58.070655,56.240221,49.901586,58.073121,60.418115,96.939651,66.64459,102.162772, Fcgrt,1080.535017,0.127288034,0.110308839,1.153924162,0.248531262,0.376414608
ENSMUSG00000003421.14_ Nosip, Nosip,18.867198,29.999076,22.1787,23.770158,18.820083,25.383893,19.911234,29.653727,35.105092,35.705058, Nosip,345.9344557,0.002104806,0.100608421,0.020920771,0.983308857,0.989118324
ENSMUSG00000003423.16_ Pih1d1, Pih1d1,31.121751,29.645984,26.86323,30.327341,30.100954,24.833701,36.993445,49.696001,37.089061,55.452374, Pih1d1,286.2462223,0.190373449,0.107295013,1.774299136,0.076013683,0.149585618
ENSMUSG00000003429.12_ Rps11, Rps11,369.250264,383.200288,362.318946,391.141209,404.509399,363.310818,529.121631,635.944908,453.896423,723.241788, Rps11,2158.475206,0.211685045,0.088738258,2.385499228,0.017055958,0.044835317
ENSMUSG00000003435.10_ Supt5, Supt5,26.491667,38.132778,31.676203,35.185518,30.157769,34.877115,31.881447,46.803169,35.353791,46.113773, Supt5,1336.383567,-0.12713737,0.083991592,-1.513691641,0.130104066,0.229719098
ENSMUSG00000003437.15_ Paf1, Paf1,26.914441,27.37824,27.461371,26.37093,29.59868,30.486548,33.535903,38.119099,40.104902,37.203659, Paf1,584.2666029,-0.014810167,0.079835385,-0.185508808,0.852829973,0.906192328
ENSMUSG00000003438.18_ Timm50, Timm50,32.468898,35.125914,30.473281,36.874477,33.812921,34.836877,38.020116,36.980668,33.716188,37.285586, Timm50,510.1595161,-0.293145527,0.112805639,-2.598677964,0.009358352,0.027487513
ENSMUSG00000003444.9_ Med29, Med29,13.023748,9.677099,9.866974,11.683748,10.881431,13.407311,14.668928,14.360537,11.703947,12.706845, Med29,148.0662595,-0.156172802,0.163928327,-0.95268954,0.340747395,0.47497204
ENSMUSG00000003452.16_ Bicd1, Bicd1,1.014798,3.627897,0.820756,1.030228,1.536718,1.501392,1.121769,1.070173,2.189517,3.525595, Bicd1,83.93446364,-0.021185881,0.176304706,-0.120166281,0.904351428,0.939006745
ENSMUSG00000003458.13_ Ncstn, Ncstn,23.782291,28.636628,22.998332,24.733051,22.718348,24.099746,34.013558,42.497135,31.485609,43.978757, Ncstn,812.1973595,0.214918744,0.068495564,3.137703107,0.001702773,0.006772861
ENSMUSG00000003464.14_ Pex19, Pex19,74.498995,68.810298,67.440449,76.889365,71.747683,69.850232,73.100871,77.840339,78.676999,68.212378, Pex19,1496.458097,-0.322122057,0.114384325,-2.816138116,0.004860477,0.01604251
ENSMUSG00000003469.10_ Phyhip, Phyhip,7.326228,4.985618,4.642271,6.558246,5.741547,3.791541,7.467074,4.831954,6.384648,6.276802, Phyhip,178.4823091,-0.188432268,0.226756432,-0.83098974,0.405979426,0.54114566
ENSMUSG00000003476.17_ Crhr2, Crhr2,17.156674,17.521464,16.878476,18.184445,16.473493,18.094188,15.556815,14.552204,17.413652,11.721523, Crhr2,406.9431411,-0.634803284,0.157447529,-4.031840235,5.53E-05,0.000381256
ENSMUSG00000003477.6_ Inmt, Inmt,5.695512,28.052627,13.617348,6.377029,11.246225,24.421871,7.875486,14.05949,21.923379,14.591504, Inmt,138.9080805,-0.37758854,0.485375158,-0.777931326,0.436609499,0.571758328
ENSMUSG00000003484.5_ Cyp4f18, Cyp4f18,0.711788,0.537269,0.408301,0.717714,0.73684,0.455209,2.304602,3.761609,1.453299,4.869599, Cyp4f18,23.14096544,1.851844178,0.350308133,5.286329387,1.25E-07,2.10E-06
ENSMUSG00000003500.14_ Impdh1, Impdh1,10.758117,14.536096,9.704062,10.45819,11.745839,10.469832,13.847526,20.817271,14.587588,22.736753, Impdh1,337.5860903,0.257494969,0.115889683,2.221897254,0.02629025,0.063886038
ENSMUSG00000003518.14_ Dusp3, Dusp3,39.055513,43.173885,34.412294,35.46588,35.661879,35.090918,42.659346,52.400266,49.166658,61.440894, Dusp3,1448.673866,0.103044219,0.068847609,1.496700041,0.134471326,0.235558402
ENSMUSG00000003526.13_ Prodh, Prodh,15.750817,22.985578,22.381795,18.959513,19.766513,22.00576,15.861952,16.387576,17.025692,14.292733, Prodh,408.2718127,-0.72237231,0.124190094,-5.816666103,6.00E-09,1.50E-07
ENSMUSG00000003527.10_ Ess2, Ess2,4.458858,5.841023,5.357617,6.422003,4.258022,6.030684,5.820869,8.852072,5.937625,9.497107, Ess2,145.6445439,0.028922566,0.128789315,0.224572714,0.822311694,0.886044737
ENSMUSG00000003528.16_ Slc25a1, Slc25a1,5.157229,8.363901,3.409466,5.394953,3.836544,5.310253,6.436563,13.620105,7.235036,15.350229, Slc25a1,106.4376206,0.79480832,0.225364587,3.526766687,0.000420667,0.002077193
ENSMUSG00000003531.16_ Dgcr6, Dgcr6,22.05866,24.458202,23.306937,23.460812,25.562507,24.334152,23.312275,26.160809,25.900051,33.489, Dgcr6,247.2896297,-0.199685024,0.098419192,-2.02892362,0.042466071,0.094042261
ENSMUSG00000003534.18_ Ddr1, Ddr1,13.317523,16.556721,10.068769,10.873236,10.285234,9.732039,13.645128,19.536872,16.192006,25.694414, Ddr1,496.3339914,0.252952636,0.12394848,2.040788524,0.041271852,0.091988095
ENSMUSG00000003541.7_ Ier3, Ier3,20.802601,26.701066,27.150441,26.035282,28.034619,44.581497,32.3461,44.083538,28.3254,54.800969, Ier3,336.1181833,0.049783683,0.188099109,0.2646673,0.79126577,0.86366616
ENSMUSG00000003545.4_ Fosb, Fosb,0.105345,0.104418,0.372895,0.159656,0.396905,0.419946,0.422115,0.674663,0.509269,2.240932, Fosb,19.16753902,1.355566875,0.563911353,2.403865198,0.016222754,0.042965719
ENSMUSG00000003546.11_ Klc4, Klc4,13.41402,17.036453,13.683662,17.3819,14.039772,15.174761,15.273758,19.827476,16.870648,22.45541, Klc4,397.8973642,-0.098011628,0.088197157,-1.111278775,0.266448373,0.396421475
ENSMUSG00000003549.10_ Ercc1, Ercc1,20.012528,25.058478,20.628772,19.572049,14.529193,25.515291,19.016724,30.38888,27.642633,33.204616, Ercc1,185.458406,0.023213113,0.115527111,0.200932165,0.840751616,0.898467915
ENSMUSG00000003559.9_ As3mt, As3mt,37.377146,36.481697,34.301526,37.167749,35.264714,36.592175,30.890491,28.095314,34.313725,24.826405, As3mt,592.0319296,-0.64874102,0.141582905,-4.582057552,4.60E-06,4.65E-05
ENSMUSG00000003573.16_ Homer3, Homer3,5.962218,6.649933,4.62652,6.932025,7.490656,9.365891,11.407787,19.439896,12.565822,18.138293, Homer3,188.0343547,0.687153494,0.153373644,4.480257978,7.46E-06,7.03E-05
ENSMUSG00000003575.14_ Crtc1, Crtc1,4.491199,4.913706,4.462317,4.080267,4.126425,4.366136,4.272352,6.826099,5.512354,8.579476, Crtc1,305.5467651,-0.030704696,0.104287862,-0.294422526,0.768435056,0.846427793
ENSMUSG00000003581.15_ Rnf215, Rnf215,6.619246,11.897863,8.389662,6.579391,5.464393,9.382354,8.528933,15.192532,10.972232,16.258842, Rnf215,162.0145749,0.303553846,0.166960627,1.818116352,0.069046351,0.138367115
ENSMUSG00000003585.14_ Sec14l2, Sec14l2,0.253355,0.400108,0.433731,0.365468,0.611925,0.423718,0.716308,1.394729,0.589401,1.38103, Sec14l2,14.58275625,1.155057114,0.358597453,3.221041045,0.001277259,0.005337892
ENSMUSG00000003604.15_ Aven, Aven,8.062353,10.590414,6.242135,8.890342,9.351383,8.582888,8.737289,10.176572,9.021998,10.627097, Aven,184.844737,-0.335601636,0.130513213,-2.571399686,0.010128835,0.029213652
ENSMUSG00000003617.17_ Cp, Cp,25.807867,30.354676,22.446765,22.475401,28.164485,36.071087,29.721778,59.871643,45.26597,29.74362, Cp,1322.458662,0.14616249,0.184166238,0.793644327,0.42740252,0.562575003
ENSMUSG00000003623.5_ Crot, Crot,13.555962,14.386042,14.117293,14.861637,14.336553,16.251143,15.70816,17.972984,17.974529,19.155136, Crot,502.6644578,-0.115793772,0.082187727,-1.40889371,0.1588666,0.267292239
ENSMUSG00000003644.18_ Rps6ka1, Rps6ka1,2.670474,2.941184,2.463098,2.698606,2.341216,3.118972,5.684205,8.427095,4.540889,9.719553, Rps6ka1,135.0778206,0.89782805,0.165932009,5.410818905,6.27E-08,1.14E-06
ENSMUSG00000003660.11_ Snrnp200, Snrnp200,21.688128,24.911108,20.356998,22.705913,19.772189,23.170356,19.407538,28.121225,23.62118,28.707072, Snrnp200,1668.376846,-0.229477846,0.071401316,-3.2139162,0.001309379,0.005441985
ENSMUSG00000003662.11_ Ciao1, Ciao1,29.165108,28.75365,20.213584,24.834403,25.464416,23.484639,22.473958,35.424947,21.9764,40.070891, Ciao1,415.3629288,-0.08074496,0.098436775,-0.820272307,0.41206089,0.546883809
ENSMUSG00000003665.8_ Has1, Has1,0.046696,0.366324,0.102806,0.386665,0.31187,0.313166,0.559895,0.974323,1.521995,2.261491, Has1,14.34116753,1.820197026,0.498653847,3.650221563,0.000262014,0.001407213
ENSMUSG00000003680.17_ Taf6l, Taf6l,3.597546,2.537002,3.146938,3.415477,2.279776,2.346177,3.663394,3.838994,2.232023,4.301014, Taf6l,63.60850317,-0.089398822,0.222279283,-0.402191425,0.687543152,0.787084415
ENSMUSG00000003721.15_ Insig2, Insig2,30.960151,31.695089,31.50109,33.325458,51.226977,27.667068,30.902119,44.765872,29.905385,36.618249, Insig2,656.8712671,-0.132033635,0.104961964,-1.257918876,0.208421096,0.32890508
ENSMUSG00000003731.14_ Kpna6, Kpna6,20.147128,18.408596,16.765264,20.034434,19.427269,19.946683,14.877912,20.555785,20.552942,21.759691, Kpna6,1045.167441,-0.251156586,0.065289823,-3.8467953,0.000119673,0.00073727
ENSMUSG00000003746.17_ Man1a, Man1a,8.833494,14.157436,9.200621,8.805492,9.718373,10.714927,11.822869,22.706313,13.973292,20.147728, Man1a,612.6872796,0.362930594,0.117670729,3.084289494,0.002040389,0.007900031
ENSMUSG00000003752.10_ Itpkc, Itpkc,1.955663,2.661996,3.52,3.118339,1.898549,3.111969,3.317623,3.760987,3.558803,7.500845, Itpkc,110.2519704,0.28790167,0.196940828,1.461868892,0.143777141,0.247592055
ENSMUSG00000003762.14_ Coq8b, Coq8b,4.431889,4.871024,3.813606,6.56901,2.894087,4.316618,5.364543,8.339067,6.296686,9.315776, Coq8b,115.025052,0.288614314,0.155092128,1.860921743,0.062755229,0.128209607
ENSMUSG00000003778.15_ Brd8, Brd8,8.745581,12.228954,10.299027,10.112735,8.715596,9.89852,10.11426,14.521843,11.288089,17.103486, Brd8,441.8916641,0.032690518,0.103644027,0.315411505,0.752449233,0.834993181
ENSMUSG00000003779.17_ Kif20a, Kif20a,1.828305,1.701572,1.161001,2.2844,1.796822,1.572577,4.064263,3.208555,2.001441,4.954151, Kif20a,94.33350254,0.656113622,0.237822929,2.758832488,0.005800826,0.018612049
ENSMUSG00000003808.19_ Farsa, Farsa,11.41484,10.66527,11.604686,12.141211,11.272726,12.484055,13.931245,16.863773,12.740138,15.701663, Farsa,239.6985215,-0.055802544,0.112444786,-0.496266176,0.619706627,0.732583758
ENSMUSG00000003809.15_ Gcdh, Gcdh,34.219003,33.390707,36.485753,37.447424,35.646478,38.61574,29.084156,34.403886,36.762751,27.46175, Gcdh,725.2529805,-0.621630631,0.132486675,-4.692023777,2.71E-06,2.98E-05
ENSMUSG00000003810.15_ Mast2, Mast2,51.801298,59.070311,57.521955,63.716763,55.032332,59.931854,49.653625,65.257062,63.73341,55.03844, Mast2,3006.29652,-0.319117224,0.083033514,-3.843234019,0.000121424,0.000746302
ENSMUSG00000003812.14_ Dnase2a, Dnase2a,3.827278,5.066945,3.015285,4.7248,3.139162,4.71415,6.170337,11.616302,6.683834,12.111146, Dnase2a,105.1425349,0.650111774,0.164298424,3.95689599,7.59E-05,0.000500222
ENSMUSG00000003813.16_ Rad23a, Rad23a,51.960258,44.308078,41.752931,47.745786,49.053667,49.180976,39.868243,51.94263,43.947804,49.98033, Rad23a,784.8055814,-0.365915391,0.083639036,-4.374935551,1.21E-05,0.000105881
ENSMUSG00000003814.9_ Calr, Calr,108.658329,125.606964,122.452016,113.778395,115.19664,120.856004,159.214634,181.166365,151.080034,205.482373, Calr,2915.679078,0.135981922,0.055209447,2.463019098,0.013777258,0.037597804
ENSMUSG00000003847.17_ Nfat5, Nfat5,10.618598,11.369117,9.45727,10.052013,10.690436,11.016888,8.200451,14.550635,11.631565,16.035227, Nfat5,1411.468996,-0.074255182,0.09046104,-0.820852629,0.411730216,0.546666309
ENSMUSG00000003848.15_ Nob1, Nob1,13.69564,13.545531,15.754581,16.273969,15.813841,15.848169,15.753245,23.192728,18.302901,19.302034, Nob1,271.9532898,-0.115126462,0.112384483,-1.024398203,0.30564723,0.438838593
ENSMUSG00000003849.9_ Nqo1, Nqo1,29.54096,26.682411,26.201442,27.376553,26.671478,25.249283,21.376504,32.101408,35.054001,32.207794, Nqo1,433.0422067,-0.232839289,0.132514325,-1.757087687,0.078902864,0.154183418
ENSMUSG00000003865.17_ Gys1, Gys1,55.185396,51.23167,53.665062,70.759143,59.56427,56.934999,46.816722,62.23298,52.333373,52.504706, Gys1,2221.834071,-0.527804215,0.116923989,-4.51407979,6.36E-06,6.10E-05
ENSMUSG00000003868.15_ Ruvbl2, Ruvbl2,10.908271,11.85388,12.653941,13.941155,11.587176,11.838503,12.091601,15.186282,12.102101,19.992765, Ruvbl2,275.7371295,-0.196748742,0.113594264,-1.732030615,0.083268112,0.160985835
ENSMUSG00000003873.12_ Bax, Bax,16.997946,23.352322,16.61049,18.924517,23.153667,17.968109,38.217276,40.904818,28.541607,49.257456, Bax,204.560184,0.603057689,0.138985273,4.339004253,1.43E-05,0.00012132
ENSMUSG00000003882.6_ Il7r, Il7r,0,0.21206,0,0.079416,0,0.0501,0.443933,0.777265,0.166929,1.107964, Il7r,8.748861031,2.981281674,0.825661202,3.61078087,0.000305277,0.001595128
ENSMUSG00000003923.15_ Tfam, Tfam,35.630715,23.601434,19.247945,29.876875,29.391562,25.916943,36.742823,15.399637,26.714131,22.271778, Tfam,442.4750199,-0.330998765,0.15725862,-2.104805223,0.035308266,0.08106679
ENSMUSG00000003929.12_ Zfp81, Zfp81,1.838555,1.381484,2.121061,0.791516,1.167084,0.953638,0.854882,1.738223,2.118858,2.685131, Zfp81,85.12246986,-0.283470486,0.197794062,-1.433159737,0.151812193,0.257919717
ENSMUSG00000003934.6_ Efnb3, Efnb3,24.655565,26.155057,27.19816,29.6564,25.097622,28.30233,19.711523,23.123442,25.872193,13.24907, Efnb3,864.3677382,-0.746852875,0.187527547,-3.982630213,6.82E-05,0.000457519
ENSMUSG00000003948.18_ Mmd, Mmd,15.996025,17.093894,15.13437,15.377216,17.536931,18.082773,18.57344,19.720869,16.787048,20.164517, Mmd,490.4415169,-0.208016845,0.092820935,-2.241055263,0.025022496,0.06132827
ENSMUSG00000003949.17_ Hlf, Hlf,5.591538,13.376239,8.474638,6.631231,8.272057,8.462163,5.542703,5.547956,9.846978,6.054232, Hlf,396.1846597,-0.686818279,0.19226075,-3.572327064,0.000353823,0.00179931
ENSMUSG00000003955.9_ Fam162a, Fam162a,120.973922,109.627255,102.756831,122.311502,128.503102,111.930293,142.151346,166.333522,111.740627,139.47958, Fam162a,651.67744,-0.139908811,0.123498687,-1.132876915,0.257265945,0.38585477
ENSMUSG00000003970.10_ Rpl8, Rpl8,350.490438,427.050799,386.325804,397.294388,381.5277,380.146912,521.95166,615.493625,422.93285,665.183414, Rpl8,3139.168154,0.117220134,0.081412653,1.439826974,0.149916358,0.255811981
ENSMUSG00000003992.16_ Ssbp2, Ssbp2,14.624639,23.00546,15.117936,16.519084,17.033208,17.74691,22.077942,26.314847,20.290174,31.970257, Ssbp2,303.6620436,0.078302119,0.113179556,0.691839781,0.489037951,0.619946593
ENSMUSG00000004018.10_ Fancl, Fancl,2.440492,2.001755,1.84984,2.74659,1.526639,3.709879,2.626938,2.452517,2.0796,1.76095, Fancl,58.13404917,-0.304589066,0.205870449,-1.479518151,0.139001884,0.241622209
ENSMUSG00000004032.11_ Gstm5, Gstm5,28.950265,38.380066,30.664159,29.573216,36.460949,33.568655,35.529069,39.821482,37.52242,34.896126, Gstm5,281.6094094,-0.216029314,0.115819881,-1.865217886,0.06215087,0.127272399
ENSMUSG00000004035.13_ Gstm7, Gstm7,28.626347,28.860255,36.571032,37.798937,33.441835,29.387684,33.380569,28.416476,30.412965,14.634473, Gstm7,342.1080366,-0.622345615,0.215055426,-2.893884737,0.003805078,0.013120614
ENSMUSG00000004040.17_ Stat3, Stat3,42.037609,59.537554,39.450584,45.945371,44.403388,57.468388,49.298189,71.91064,55.080281,72.022078, Stat3,2346.712956,0.046801756,0.104629821,0.447307997,0.654652694,0.762143399
ENSMUSG00000004043.15_ Stat5a, Stat5a,9.843341,11.153275,9.476687,9.887842,8.663747,10.978715,8.778167,12.365314,9.494058,9.134965, Stat5a,382.0414438,-0.425114781,0.107038966,-3.971589025,7.14E-05,0.000475603
ENSMUSG00000004044.10_ Cavin1, Cavin1,63.597445,75.277257,67.838926,78.029055,71.839254,69.344017,87.503005,97.293118,104.065483,109.93028, Cavin1,2934.264715,0.145519852,0.074025219,1.965814549,0.049320037,0.105980279
ENSMUSG00000004054.10_ Map3k11, Map3k11,9.161494,11.742954,10.485034,15.328204,12.082337,11.592406,16.627601,17.866343,14.11273,21.248872, Map3k11,553.8442119,0.192185148,0.121757365,1.578427289,0.11446748,0.207877637
ENSMUSG00000004056.17_ Akt2, Akt2,67.804613,72.994182,64.040209,71.487474,68.061576,79.432981,63.858657,86.970926,70.574159,69.476048, Akt2,2324.995662,-0.304139007,0.077404164,-3.929233153,8.52E-05,0.000553891
ENSMUSG00000004069.18_ Dnaja3, Dnaja3,71.516096,63.827489,66.264053,78.693501,67.982923,71.081077,75.161958,66.55021,72.066307,55.110774, Dnaja3,1882.980895,-0.418740014,0.150869838,-2.775505164,0.005511602,0.017836857
ENSMUSG00000004070.16_ Hmox2, Hmox2,40.698903,47.397108,38.694373,39.483497,37.421783,38.213404,51.558664,53.255206,46.033748,54.635986, Hmox2,602.6607018,0.004327872,0.090418597,0.04786484,0.961823961,0.976346274
ENSMUSG00000004071.14_ Cdip1, Cdip1,28.894231,34.238313,29.263522,27.349477,29.970734,32.208509,27.757155,28.275781,27.277597,29.398509, Cdip1,884.4922468,-0.42169077,0.073831848,-5.711502305,1.12E-08,2.56E-07
ENSMUSG00000004085.15_ Map3k20, Map3k20,47.877531,48.389685,54.521539,52.813783,48.045411,58.454946,42.958654,57.012159,55.187923,41.559863, Map3k20,3212.267328,-0.46489142,0.122305807,-3.801057613,0.00014408,0.000858194
ENSMUSG00000004096.10_ Cwc15, Cwc15,47.400844,44.773437,40.593025,43.23948,41.758893,44.085978,49.767273,48.446247,42.944243,49.064585, Cwc15,393.9098342,-0.223783478,0.107014255,-2.091155777,0.036514102,0.08320874
ENSMUSG00000004098.8_ Col5a3, Col5a3,6.229216,8.301224,4.777689,5.828715,4.871514,3.650585,10.843119,17.567629,10.694869,17.507055, Col5a3,581.1047471,0.930143922,0.185157928,5.023516569,5.07E-07,6.86E-06
ENSMUSG00000004099.17_ Dnmt1, Dnmt1,5.009602,6.739227,5.544865,6.404352,5.114929,4.635305,7.183761,9.420548,7.36217,10.28743, Dnmt1,363.5681281,0.196735428,0.111120886,1.770463099,0.076650026,0.150544097
ENSMUSG00000004100.13_ Ppan, Ppan,4.240062,5.458392,3.689464,6.201195,5.271634,6.060593,8.078991,9.495351,8.737807,13.05936, Ppan,117.2531484,0.535336127,0.151852147,3.525377393,0.00042288,0.002085762
ENSMUSG00000004105.9_ Angptl2, Angptl2,22.460291,32.60656,19.761351,26.426989,25.125134,25.36143,36.37886,51.038868,38.674903,66.728238, Angptl2,1181.155036,0.509368724,0.120755828,4.218170948,2.46E-05,0.000190796
ENSMUSG00000004127.13_ Trmt10a, Trmt10a,2.013411,0.55033,0.845853,1.238798,0.651756,2.2337,0.620546,2.011009,1.842632,1.78325, Trmt10a,32.67825892,0.217229429,0.252475309,0.860398707,0.389569298,0.524218685
ENSMUSG00000004151.18_ Etv1, Etv1,3.021413,8.249454,2.84851,2.245226,2.209638,4.228846,2.811484,5.28835,2.516083,3.94445, Etv1,168.164538,-0.324999995,0.280468695,-1.158774581,0.246548081,0.374232412
ENSMUSG00000004187.12_ Kifc2, Kifc2,3.410089,4.231232,2.883915,3.026802,2.615845,3.546986,2.873994,3.522422,3.348891,5.46447, Kifc2,116.4256009,-0.159167521,0.154420276,-1.03074237,0.30266165,0.435804172
ENSMUSG00000004207.16_ Psap, Psap,578.407005,585.678048,583.975716,678.045466,587.053634,633.038954,636.389788,811.867543,658.377401,833.065963, Psap,18507.9918,-0.124032985,0.069814729,-1.776601969,0.075633752,0.148927378
ENSMUSG00000004221.17_ Ikbkg, Ikbkg,13.115391,18.122508,13.769641,13.741361,9.296197,12.861569,10.097647,14.290559,14.868777,17.45645, Ikbkg,558.7761899,-0.255692961,0.07939338,-3.220582891,0.001279302,0.005344077
ENSMUSG00000004233.15_ Wars2, Wars2,2.527048,1.789968,2.072701,2.578476,1.993836,3.327844,2.599254,2.526649,2.450173,2.461581, Wars2,106.6211068,-0.26926085,0.158328623,-1.700645436,0.089009587,0.169807288
ENSMUSG00000004263.16_ Atn1, Atn1,16.261128,20.092052,15.586813,19.114574,18.284422,17.252995,16.237635,25.493681,23.045978,30.469799, Atn1,952.3359107,-0.021490738,0.100692734,-0.213428883,0.830992454,0.891952765
ENSMUSG00000004264.18_ Phb2, Phb2,170.933124,156.839067,168.86872,195.301065,170.709438,174.431455,198.135493,190.052407,161.82106,176.518956, Phb2,2246.705676,-0.308466683,0.116621889,-2.645015316,0.008168722,0.024579285
ENSMUSG00000004266.16_ Ptpn6, Ptpn6,2.430626,2.191872,4.015522,2.772795,3.086139,3.77009,9.389499,13.692996,5.638389,15.01976, Ptpn6,125.2961522,1.61672857,0.235496487,6.865191893,6.64E-12,3.80E-10
ENSMUSG00000004267.17_ Eno2, Eno2,0.762835,2.015742,0.43583,0.565377,1.667267,0.563523,2.441546,3.119909,2.488471,6.007636, Eno2,37.12155952,1.443698655,0.306003549,4.717914744,2.38E-06,2.67E-05
ENSMUSG00000004268.12_ Emg1, Emg1,40.683561,36.460739,36.214412,43.13986,34.65391,41.192404,40.975031,47.771639,39.035162,45.460028, Emg1,429.094591,-0.241375982,0.100117513,-2.410926675,0.015912047,0.042279477
ENSMUSG00000004270.14_ Lpcat3, Lpcat3,28.801133,31.424168,26.405534,32.111573,27.066853,27.809151,25.164128,33.723329,28.877224,27.749351, Lpcat3,630.0721691,-0.382794302,0.081520734,-4.695668003,2.66E-06,2.93E-05
ENSMUSG00000004285.13_ Atp6v1f, Atp6v1f,57.415651,64.793707,64.830324,72.599034,63.472085,61.892854,75.577618,87.073127,82.044216,113.33378, Atp6v1f,386.7713752,0.069645054,0.098254666,0.708821852,0.478435036,0.610144291
ENSMUSG00000004317.15_ Clcn5, Clcn5,0.28603,0.809107,0.311543,0.257135,0.775276,0.943057,0.949617,1.478265,1.063183,2.475104, Clcn5,66.14874522,1.189824527,0.27484529,4.329070095,1.50E-05,0.000125828
ENSMUSG00000004319.16_ Clcn3, Clcn3,9.896594,9.871435,10.555601,9.509104,10.666088,10.947671,8.917646,11.337317,10.579703,11.239691, Clcn3,605.3727709,-0.336478867,0.106942385,-3.146356486,0.001653184,0.006606516
ENSMUSG00000004328.16_ Hif3a, Hif3a,0.238268,1.12528,0.659635,0.396814,0.239757,0.508591,0.451906,0.461652,0.733324,0.470867, Hif3a,37.30546104,-0.429389337,0.41086694,-1.045081253,0.295985418,0.428485957
ENSMUSG00000004347.18_ Pde1c, Pde1c,12.111108,12.181098,14.469448,12.853512,10.84331,14.19393,12.79515,16.307752,15.081721,16.919505, Pde1c,794.1311908,-0.219875369,0.079246665,-2.774569354,0.005527485,0.017866204
ENSMUSG00000004356.9_ Utp20, Utp20,5.633725,8.374909,3.938436,3.254412,4.11789,5.467622,4.228135,8.115417,3.915593,6.811661, Utp20,319.0340182,-0.186136023,0.095502387,-1.949019578,0.051293087,0.109128914
ENSMUSG00000004364.15_ Cul3, Cul3,57.390479,59.979106,51.535583,54.543528,60.428375,70.727997,59.743963,55.867403,52.890713,54.639746, Cul3,1780.865861,-0.446448112,0.1056833,-4.224396021,2.40E-05,0.000186516
ENSMUSG00000004383.19_ Large1, Large1,22.50336,20.503261,21.567968,23.419991,23.605321,24.008163,21.976262,28.419019,24.874618,29.353178, Large1,1047.281292,-0.180560985,0.086220427,-2.094178744,0.036244061,0.082703019
ENSMUSG00000004393.11_ Ddx56, Ddx56,10.743882,12.326475,13.434098,12.488358,10.709931,12.960278,12.667017,18.059275,16.718931,18.056272, Ddx56,253.8108409,-0.037745339,0.099915894,-0.377771115,0.705600633,0.80159656
ENSMUSG00000004394.13_ Tmed4, Tmed4,38.326414,45.303209,41.389639,46.16065,40.01207,44.456766,46.953791,50.460319,52.641281,53.310535, Tmed4,899.3137279,-0.117146559,0.078007072,-1.501742806,0.133163544,0.233735984
ENSMUSG00000004446.13_ Bid, Bid,1.711438,2.040393,2.697169,1.808118,1.484973,2.514967,4.012557,4.749492,3.405952,4.129346, Bid,68.33805061,0.541375466,0.197493093,2.741237463,0.006120825,0.019457813
ENSMUSG00000004451.15_ Ralb, Ralb,11.436279,14.096814,8.262987,11.023942,12.381492,12.292331,19.171779,20.575939,16.110809,25.179067, Ralb,345.4119145,0.419307032,0.124839499,3.358768934,0.000782905,0.003528321
ENSMUSG00000004455.17_ Ppp1cc, Ppp1cc,60.67608,72.792149,67.707598,66.443355,72.506295,74.188012,83.837516,91.618126,72.242667,93.273568, Ppp1cc,1537.524755,-0.023239138,0.07429839,-0.312781176,0.754446918,0.836122991
ENSMUSG00000004460.18_ Dnajb11, Dnajb11,22.279012,23.876014,21.673483,22.386529,21.408854,24.126216,29.63484,37.6773,28.218416,33.315196, Dnajb11,511.7348851,0.117831074,0.081665125,1.442856709,0.14906084,0.254617279
ENSMUSG00000004462.8_ Tbccd1, Tbccd1,5.446084,8.678733,4.765877,4.902498,3.735596,9.648641,5.427358,7.474247,8.722875,10.121237, Tbccd1,137.792294,-0.107403263,0.144114273,-0.74526458,0.456111789,0.589648511
ENSMUSG00000004473.11_ Clec11a, Clec11a,0.284341,0.666568,0.248098,0.446751,0.270796,0.181336,2.473801,3.715572,1.028361,7.371556, Clec11a,45.07530204,2.937019415,0.450168553,6.524266068,6.83E-11,2.91E-09
ENSMUSG00000004500.10_ Zfp324, Zfp324,1.139577,1.015019,1.158766,1.171596,1.163736,0.993053,1.762697,1.825699,1.665986,2.210238, Zfp324,66.31307822,0.361366874,0.16723491,2.160833968,0.030708167,0.072173552
ENSMUSG00000004508.7_ Gab2, Gab2,5.523539,8.79692,5.598764,5.347374,6.968675,8.243034,8.14339,13.596835,9.041407,13.650083, Gab2,522.7938911,0.370052973,0.131482358,2.814468639,0.004885794,0.0161058
ENSMUSG00000004530.13_ Coro1c, Coro1c,11.156222,12.1948,9.407351,8.520312,8.344986,8.673505,15.657851,22.780989,13.58238,27.285057, Coro1c,479.0681211,0.67735659,0.143314731,4.726357056,2.29E-06,2.58E-05
ENSMUSG00000004535.13_ Tax1bp1, Tax1bp1,34.430295,38.743599,35.948926,36.911021,35.534144,39.625859,38.757061,49.342394,42.676185,48.82335, Tax1bp1,1422.615555,-0.106424177,0.058451174,-1.82073635,0.068646944,0.137650877
ENSMUSG00000004558.16_ Ndrg2, Ndrg2,753.131693,862.296181,915.834555,864.232906,803.849464,903.995946,707.238253,949.87227,899.327425,827.733909, Ndrg2,15957.95519,-0.388309404,0.092258942,-4.208908042,2.57E-05,0.00019731
ENSMUSG00000004561.15_ Mettl17, Mettl17,8.224317,11.118274,11.223125,10.271887,8.759902,9.95678,10.536277,9.425843,8.870969,11.491368, Mettl17,160.9104426,-0.326853368,0.11524262,-2.83621953,0.004565105,0.01524415
ENSMUSG00000004562.17_ Arhgef40, Arhgef40,16.940694,24.614291,13.736429,18.695552,13.747412,9.496764,27.677535,45.323651,26.918576,63.343121, Arhgef40,674.9658462,0.785339322,0.193718319,4.054027146,5.03E-05,0.000350505
ENSMUSG00000004565.16_ Pnpla6, Pnpla6,6.715693,9.411834,7.003684,11.159946,7.037324,8.305506,9.711149,14.241066,11.645047,27.071432, Pnpla6,260.4927117,0.332621838,0.166638974,1.99606268,0.045927101,0.100150414
ENSMUSG00000004567.17_ Mcoln1, Mcoln1,18.185936,20.72983,22.905408,21.297424,17.940651,19.717507,20.829459,31.161462,26.93443,33.97657, Mcoln1,394.528176,-0.028656567,0.089840197,-0.318972663,0.749747243,0.833476329
ENSMUSG00000004568.14_ Arhgef18, Arhgef18,6.894832,6.288943,6.32482,6.693753,5.578916,6.07364,6.30714,8.119967,6.817305,9.38464, Arhgef18,390.0698775,-0.091003523,0.10177808,-0.894136761,0.371248723,0.506195606
ENSMUSG00000004591.17_ Pkn2, Pkn2,9.683397,11.578476,10.46463,9.374318,12.059998,11.385847,9.572321,14.862782,12.276602,14.430447, Pkn2,634.2286004,-0.113840484,0.089457813,-1.272560554,0.203174024,0.322549219
ENSMUSG00000004609.12_ Cd33, Cd33,2.509004,2.493006,1.690484,1.894575,0.925037,1.325328,2.571271,2.767814,1.720571,4.22474, Cd33,98.29412195,0.61076705,0.174556626,3.498962277,0.000467073,0.002263705
ENSMUSG00000004610.5_ Etfb, Etfb,707.925498,700.03529,751.002016,761.087229,797.355655,808.843745,702.648312,679.559736,690.81717,509.92784, Etfb,4993.152759,-0.610173146,0.147089327,-4.148316933,3.35E-05,0.000248495
ENSMUSG00000004626.15_ Stxbp2, Stxbp2,2.259478,5.003776,3.997748,4.673864,2.226349,1.32713,4.773459,12.345451,5.067032,11.731656, Stxbp2,68.72655931,1.090443651,0.329097108,3.313440392,0.000921557,0.004054234
ENSMUSG00000004630.19_ Pcp2, Pcp2,0.287715,0.796926,0.283159,0.579772,0.364303,0.69089,1.012199,0.951063,0.749608,0.972048, Pcp2,9.240517816,0.529942002,0.429550597,1.233712641,0.217310002,0.339393582
ENSMUSG00000004631.16_ Sgce, Sgce,9.736609,14.597299,9.520865,7.102866,7.827152,7.733772,15.470453,19.068061,12.443843,20.922596, Sgce,199.5381765,0.437817651,0.182385018,2.400513246,0.016372098,0.043273832
ENSMUSG00000004633.18_ Chn2, Chn2,1.221505,1.568117,0.814853,1.068782,0.961604,0.871602,0.794393,2.143956,1.453654,2.737381, Chn2,33.67483639,0.433185462,0.323671063,1.338350912,0.180782073,0.295333704
ENSMUSG00000004637.16_ Wwox, Wwox,1.78823,2.817599,2.486344,2.653009,2.17403,2.002216,2.604611,3.489355,2.676648,3.9745, Wwox,67.97235649,-0.049122429,0.174192649,-0.282000587,0.777943061,0.853316058
ENSMUSG00000004642.14_ Slbp, Slbp,5.389749,5.421707,6.096633,5.821357,4.834728,5.430371,12.122703,8.512094,5.310832,11.879503, Slbp,123.8292125,0.437905482,0.201068802,2.177888753,0.02941432,0.069947712
ENSMUSG00000004655.6_ Aqp1, Aqp1,115.325159,209.973224,191.62485,149.983241,171.421329,181.815985,96.83486,114.077518,129.493651,107.49521, Aqp1,4231.258242,-0.972626711,0.149592497,-6.501841537,7.93E-11,3.30E-09
ENSMUSG00000004661.16_ Arid3b, Arid3b,0.781663,1.31006,1.052005,1.778975,1.678731,1.974877,1.617614,2.469683,1.390604,2.238391, Arid3b,60.81174382,-0.130013142,0.258113509,-0.5037053,0.614468483,0.728361828
ENSMUSG00000004665.11_ Cnn2, Cnn2,13.997861,14.853728,13.593749,14.486327,15.015509,14.818969,28.30329,31.685085,21.384848,45.258391, Cnn2,526.0409197,0.716923722,0.13190347,5.435215012,5.47E-08,1.01E-06
ENSMUSG00000004667.19_ Polr2e, Polr2e,58.223941,62.872605,69.374914,76.082885,69.911381,69.002439,66.796239,79.751137,73.893714,85.695577, Polr2e,756.2461955,-0.224330459,0.094892754,-2.364042042,0.018076761,0.047095854
ENSMUSG00000004677.19_ Myo9b, Myo9b,7.18829,9.141071,7.281122,8.618014,8.028127,7.300515,10.076378,14.456168,11.501185,19.941799, Myo9b,828.1710926,0.406965537,0.119073846,3.417757572,0.000631393,0.002931149
ENSMUSG00000004698.12_ Hdac9, Hdac9,7.816479,7.472328,10.27979,6.467756,8.154875,10.68182,6.598606,11.612178,9.404667,9.079305, Hdac9,345.1338475,-0.236953761,0.159972102,-1.481219281,0.13854815,0.241057232
ENSMUSG00000004707.15_ Ly9, Ly9,0.269527,0.187529,0.088868,0.141135,0.183502,0.223325,2.794808,3.852799,1.219583,5.921287, Ly9,32.56124229,3.945570789,0.460443783,8.569060836,1.04E-17,3.04E-15
ENSMUSG00000004709.15_ Cd244a, Cd244a,0.034569,0.250696,0.03394,0.06982,0.032934,0,0.291313,0.78205,0.619669,1.740842, Cd244a,8.073253333,2.952760915,0.695700982,4.244296026,2.19E-05,0.000173179
ENSMUSG00000004730.16_ Adgre1, Adgre1,3.525911,4.114652,5.328962,5.019922,2.727716,3.889785,15.315643,24.66284,8.062549,37.535908, Adgre1,322.9837092,1.971062743,0.281206822,7.009299164,2.40E-12,1.51E-10
ENSMUSG00000004748.6_ Mtfp1, Mtfp1,89.265116,70.794219,82.606041,99.342013,88.276855,79.471136,97.258304,70.062562,84.791059,61.013823, Mtfp1,1131.731466,-0.484271488,0.188947032,-2.563001299,0.010377166,0.029824569
ENSMUSG00000004768.15_ Rab23, Rab23,2.885916,6.652151,2.968683,3.058873,3.366529,3.761934,4.428915,5.724095,5.776103,11.231255, Rab23,141.0431557,0.484078818,0.19435164,2.490736978,0.012747845,0.035235979
ENSMUSG00000004771.13_ Rab11a, Rab11a,48.661256,58.521121,55.04943,61.423093,47.479065,61.630196,75.820251,78.961567,61.88383,81.896811, Rab11a,842.4687545,-0.126515554,0.089390625,-1.415311208,0.15697727,0.264948689
ENSMUSG00000004788.12_ Eif2b2, Eif2b2,14.899429,18.960865,16.620472,20.835094,15.632221,16.961227,20.231685,25.27578,20.534026,36.700909, Eif2b2,297.5487482,-0.006135999,0.103752821,-0.059140554,0.952840158,0.970307167
ENSMUSG00000004789.11_ Dlst, Dlst,287.712078,251.569758,277.759958,322.255102,283.893857,279.091968,277.343171,274.914591,278.00036,239.522567, Dlst,8134.663088,-0.47452918,0.128530653,-3.691953392,0.000222538,0.001225316
ENSMUSG00000004791.8_ Pgf, Pgf,2.133472,4.245231,2.738272,2.737902,2.843628,3.847251,4.893594,6.962944,6.654845,8.874006, Pgf,63.54741968,0.699382891,0.189228845,3.695963431,0.000219055,0.0012102
ENSMUSG00000004798.15_ Ulk2, Ulk2,20.26741,23.705395,20.604992,23.785653,20.892783,23.726851,20.307285,29.434317,25.702389,28.15504, Ulk2,1318.885975,-0.207250338,0.07288892,-2.843372309,0.004463889,0.014967158
ENSMUSG00000004815.13_ Dgkq, Dgkq,4.134363,4.241657,3.909964,7.317829,3.44699,5.593276,4.502664,7.727237,7.88989,8.44226, Dgkq,218.6079159,0.22416784,0.128534475,1.744028916,0.081154048,0.157759426
ENSMUSG00000004837.3_ Grap, Grap,4.574505,6.630282,5.098729,7.502369,7.053705,5.910571,8.119237,11.215827,8.525523,12.488055, Grap,123.9255889,0.314252671,0.152223256,2.064419587,0.038977951,0.087847193
ENSMUSG00000004843.8_ Chmp2b, Chmp2b,21.40591,21.595456,22.186126,20.624356,20.232994,19.398024,28.429501,29.165863,26.098847,31.082456, Chmp2b,452.405256,0.07158991,0.094224724,0.7597784,0.447387056,0.581463659
ENSMUSG00000004846.11_ Plod3, Plod3,14.40412,23.375582,20.212578,18.017486,17.336337,22.173373,35.713949,56.850877,23.689769,61.938329, Plod3,698.7906258,0.789060406,0.138312007,5.704930645,1.16E-08,2.63E-07
ENSMUSG00000004849.15_ Ap1s1, Ap1s1,29.996341,27.040254,14.676633,25.13337,29.021526,22.769572,32.846544,38.315767,27.263609,48.478383, Ap1s1,267.2405634,0.407321879,0.109352687,3.724845653,0.000195435,0.001104375
ENSMUSG00000004865.17_ Srpk1, Srpk1,8.945215,10.198144,7.515412,10.071646,9.856657,9.712047,10.843329,11.575206,11.782316,17.247926, Srpk1,453.9059799,-0.061054104,0.099195777,-0.615490964,0.538230535,0.663703748
ENSMUSG00000004880.12_ Lbr, Lbr,7.123022,9.393269,8.23171,7.968126,8.580069,9.428437,9.952256,11.254683,9.693791,10.737939, Lbr,338.3094575,-0.085763902,0.106144461,-0.807992251,0.419095043,0.554367472
ENSMUSG00000004891.17_ Nes, Nes,5.053904,6.007897,5.447766,6.236856,6.576832,6.691876,10.240585,11.695949,8.461823,16.561736, Nes,539.929362,0.570509919,0.133974771,4.258338443,2.06E-05,0.000164468
ENSMUSG00000004895.10_ Prcc, Prcc,18.59139,22.772478,18.999568,22.522397,19.427263,20.088383,21.271748,23.323675,19.375368,27.847286, Prcc,464.2411693,-0.223096412,0.082520065,-2.70354139,0.00686049,0.021262654
ENSMUSG00000004896.17_ Mettl25b, Mettl25b,5.182773,6.22781,6.203059,5.285351,6.126592,5.714049,7.701781,6.604158,6.135871,8.292802, Mettl25b,173.6668717,-0.136777036,0.114651201,-1.192983889,0.232875683,0.358081187
ENSMUSG00000004897.18_ Hdgf, Hdgf,66.467841,67.719289,52.527349,56.688831,63.836341,60.073551,77.583891,75.647573,66.208539,76.936232, Hdgf,1330.71628,-0.062875027,0.095290771,-0.659822837,0.509367527,0.638780206
ENSMUSG00000004929.13_ Thop1, Thop1,6.152798,7.36643,6.11945,6.737515,6.517023,7.289863,7.29682,8.880801,6.292831,10.710837, Thop1,207.0286961,-0.161337246,0.106449473,-1.515622773,0.129614765,0.228947666
ENSMUSG00000004931.12_ Apba3, Apba3,43.322368,39.508705,41.160855,44.193653,43.935949,42.291369,48.135305,42.882536,44.828227,52.589231, Apba3,729.2837249,-0.252687298,0.100589682,-2.512059809,0.012002874,0.0335589
ENSMUSG00000004933.18_ Matk, Matk,0.715387,0.364842,0.159861,0.496303,0.356168,0.611342,0.770428,1.566585,1.080072,1.763982, Matk,15.40761333,1.218480437,0.416624354,2.924650045,0.003448438,0.012149696
ENSMUSG00000004934.15_ Pias4, Pias4,7.537041,9.295018,10.692632,10.513058,8.035527,8.618245,8.446565,11.714838,10.320709,13.931299, Pias4,251.6640256,-0.128146632,0.111495466,-1.149343888,0.250414208,0.378697689
ENSMUSG00000004936.9_ Map2k1, Map2k1,20.057345,19.0971,19.280887,22.154471,20.674721,20.384798,26.731147,32.208349,26.499388,37.063637, Map2k1,595.5427825,0.17937917,0.084495048,2.122954821,0.033757638,0.078257753
ENSMUSG00000004937.7_ Sgta, Sgta,46.213894,55.696576,49.722074,59.947242,47.395027,56.86888,54.223383,65.294212,59.636066,75.24913, Sgta,1056.782068,-0.105281843,0.076166271,-1.382263338,0.166890859,0.277799371
ENSMUSG00000004939.8_ Nmrk2, Nmrk2,5.209129,3.565866,3.272961,4.87513,6.153749,6.178454,11.269262,7.801967,5.989643,12.255241, Nmrk2,121.3893041,0.540395914,0.248220917,2.177076457,0.029474863,0.070078973
ENSMUSG00000004945.16_ Tmem242, Tmem242,57.638861,64.290275,64.712668,61.623183,63.452435,59.809341,76.801127,75.33571,74.581629,64.974008, Tmem242,543.082445,-0.139822848,0.120552342,-1.159851771,0.246109162,0.373695982
ENSMUSG00000004947.16_ Dtx2, Dtx2,2.469396,3.829202,3.288447,3.052218,3.612641,4.428808,4.597742,6.385333,5.1398,5.716465, Dtx2,118.3456925,0.22092399,0.145521254,1.518156177,0.128975032,0.227971238
ENSMUSG00000004951.11_ Hspb1, Hspb1,318.809369,271.177354,344.225396,347.83884,293.329061,361.990715,506.072963,550.622469,365.504204,540.803641, Hspb1,2928.474564,0.20065124,0.130199747,1.541103152,0.123291683,0.220271731
ENSMUSG00000004952.14_ Rasa4, Rasa4,4.92475,4.745851,4.877084,7.116472,4.988769,4.104069,10.524814,16.786168,11.466139,26.670547, Rasa4,226.3377951,1.015643755,0.180688223,5.620973736,1.90E-08,3.99E-07
ENSMUSG00000004980.17_ Hnrnpa2b1, Hnrnpa2b1,264.544327,259.265855,240.535082,246.790355,268.659032,270.233497,286.143601,283.189295,279.065485,278.900617, Hnrnpa2b1,4162.640158,-0.254688652,0.096794636,-2.631226915,0.008507721,0.025441657
ENSMUSG00000004994.13_ Yju2b, Yju2b,4.094851,5.975101,5.681767,4.877318,4.63425,3.845273,5.371897,6.148597,5.436565,6.932963, Yju2b,66.80592601,-0.034871584,0.167286756,-0.208453944,0.83487454,0.894654669
ENSMUSG00000004996.10_ Mri1, Mri1,5.174503,7.06525,4.737058,6.277483,3.856872,7.748514,6.83987,10.867696,6.366736,7.246759, Mri1,138.5181628,0.051753534,0.154137767,0.335761536,0.737050698,0.824606131
ENSMUSG00000005034.16_ Prkacb, Prkacb,16.271355,19.292126,15.71424,16.957052,17.253797,17.287245,21.19936,23.65042,19.934432,24.21923, Prkacb,906.76581,-0.022032064,0.063967727,-0.344424683,0.730526929,0.819896245
ENSMUSG00000005043.14_ Sgsh, Sgsh,2.917746,3.646032,2.697391,3.055059,1.956615,2.748056,4.942577,6.386671,4.169661,7.05445, Sgsh,182.5314044,0.591366154,0.149046944,3.967650318,7.26E-05,0.000481572
ENSMUSG00000005054.8_ Cstb, Cstb,25.011669,22.002401,14.498789,22.275559,21.596566,21.12482,41.770841,65.173009,34.996195,77.870176, Cstb,132.7884504,0.941549788,0.197564237,4.765790614,1.88E-06,2.19E-05
ENSMUSG00000005057.14_ Sh2b2, Sh2b2,0.10151,0.333316,0.207462,0.620586,0.128934,0.161879,0.929782,1.633028,0.642658,2.134552, Sh2b2,17.95874286,1.922629332,0.477965497,4.022527449,5.76E-05,0.000394788
ENSMUSG00000005069.13_ Pex5, Pex5,10.380941,12.273277,11.265654,13.581887,11.647257,11.583397,12.78276,19.333693,16.742498,18.03984, Pex5,413.0325276,0.009147009,0.087371828,0.104690599,0.916621322,0.947406617
ENSMUSG00000005078.17_ Jkamp, Jkamp,12.745133,13.427812,9.14049,14.795999,12.007632,11.716705,13.185463,16.549679,17.32263,16.419227, Jkamp,205.896365,-0.06792673,0.129586844,-0.524179211,0.600153899,0.716560535
ENSMUSG00000005087.18_ Cd44, Cd44,2.566113,4.840687,2.209594,2.042914,2.250175,2.047706,7.794161,11.398017,5.17687,13.164531, Cd44,202.8064297,1.378762104,0.251467631,5.482861146,4.19E-08,8.02E-07
ENSMUSG00000005089.16_ Slc1a2, Slc1a2,0.076015,0.198268,0.535081,0.069203,0.101059,0.145105,0.236852,0.318532,0.357493,0.256741, Slc1a2,13.24478289,0.271030368,0.486389823,0.557228698,0.577371185,0.697763296
ENSMUSG00000005102.14_ Eif2ak4, Eif2ak4,1.963445,2.511578,2.118116,2.185503,2.730083,2.380438,2.646424,4.64905,2.911946,4.645024, Eif2ak4,153.7900554,0.328023186,0.127312887,2.576512033,0.009980273,0.028857826
ENSMUSG00000005103.13_ Wdr1, Wdr1,42.410506,33.94915,29.923156,42.737001,35.025676,36.674879,57.600697,63.876256,46.251689,75.026234, Wdr1,1339.009257,0.312841918,0.128066425,2.442809807,0.014573415,0.039328422
ENSMUSG00000005107.14_ Slc2a9, Slc2a9,0.680301,0.876051,0.522548,0.683289,0.709731,0.441194,1.253178,1.327968,0.906106,1.747133, Slc2a9,30.95511686,0.738385841,0.252357349,2.925953392,0.003434024,0.012108675
ENSMUSG00000005124.11_ Ccn4, Ccn4,0.249028,1.053481,0.244229,0.179817,0.186033,0.271877,4.216177,7.285281,1.235891,9.305809, Ccn4,110.0861077,3.436754317,0.682902929,5.032566377,4.84E-07,6.59E-06
ENSMUSG00000005125.14_ Ndrg1, Ndrg1,12.390649,19.220982,15.07766,13.609077,13.171284,18.300278,16.946568,35.369473,22.034036,31.431523, Ndrg1,574.1730807,0.351953865,0.153697283,2.28991599,0.022026187,0.055243401
ENSMUSG00000005142.11_ Man2b1, Man2b1,15.609539,20.746499,14.852732,15.973676,14.796314,17.420256,24.985152,39.251159,23.980082,47.10986, Man2b1,909.4354666,0.631100207,0.131514091,4.798726901,1.60E-06,1.89E-05
ENSMUSG00000005150.17_ Wdr83, Wdr83,25.809417,24.766516,25.414571,29.19627,24.144895,24.97051,29.494465,31.142095,26.401248,29.535361, Wdr83,328.7670597,-0.197625666,0.108308074,-1.82466237,0.068051995,0.136771678
ENSMUSG00000005161.16_ Prdx2, Prdx2,222.309065,239.400237,236.898029,273.249084,218.55317,235.0182,242.378712,220.636074,249.551251,266.988484, Prdx2,2602.987251,-0.270746733,0.08600681,-3.147968562,0.001644094,0.00657542
ENSMUSG00000005198.16_ Polr2a, Polr2a,14.159241,18.251202,15.755726,16.618721,12.675758,17.177169,14.678184,27.698468,18.40762,28.022659, Polr2a,1351.91392,0.078278062,0.123030947,0.636246927,0.524615491,0.652224665
ENSMUSG00000005204.13_ Senp3, Senp3,12.684828,27.559726,21.10546,17.483394,16.275401,18.891426,22.552515,26.692427,23.184926,36.867097, Senp3,381.4213424,0.101714147,0.093538344,1.087405896,0.276857467,0.408279121
ENSMUSG00000005220.11_ Corin, Corin,53.499265,84.37013,79.862659,67.583904,68.094641,90.166865,56.708667,84.087839,76.70844,63.341307, Corin,3732.924795,-0.430684349,0.142611241,-3.019988782,0.00252784,0.00938544
ENSMUSG00000005225.16_ Plekha8, Plekha8,3.267325,3.808367,2.421965,3.232635,3.491009,3.418287,4.83143,3.718169,2.409181,4.752594, Plekha8,183.2033133,-0.002852732,0.147324803,-0.019363557,0.984551083,0.989836249
ENSMUSG00000005233.17_ Spc25, Spc25,1.093643,0.571003,0.450359,0.460169,0.741894,0.650351,3.271041,1.958293,1.720311,1.984904, Spc25,15.46908619,1.319743536,0.407303026,3.240200669,0.001194456,0.005041635
ENSMUSG00000005262.14_ Ufd1, Ufd1,24.72393,28.983134,29.411016,28.094836,26.026927,23.471853,21.980404,34.113171,24.534051,35.036156, Ufd1,461.0514126,-0.327425652,0.083178939,-3.936400901,8.27E-05,0.00054056
ENSMUSG00000005267.14_ Zfp287, Zfp287,0.745141,1.355568,1.019156,1.175942,1.392776,1.210854,1.522622,2.048846,1.237375,2.530062, Zfp287,41.01662144,0.203794136,0.212516152,0.95895834,0.337579733,0.471229928
ENSMUSG00000005268.21_ Prlr, Prlr,1.40708,1.088343,0.797487,1.107332,0.785633,0.90959,0.514737,0.933464,0.84036,0.918278, Prlr,93.64470541,-0.829291514,0.235777542,-3.517262527,0.000436022,0.002137716
ENSMUSG00000005299.7_ Letm1, Letm1,44.983751,43.733614,39.842849,48.038619,49.030718,42.431724,44.027923,47.456413,40.600754,36.509216, Letm1,1415.644777,-0.393874973,0.128763622,-3.058899455,0.002221517,0.008466304
ENSMUSG00000005312.16_ Ubqln1, Ubqln1,20.312613,21.048722,20.248293,20.129636,21.857544,21.480949,23.333884,28.906228,26.714877,27.755102, Ubqln1,883.6194386,-0.0470728,0.066690836,-0.705836109,0.480290064,0.612093199
ENSMUSG00000005338.15_ Cadm3, Cadm3,1.557952,1.256037,0.433018,0.730186,0.915323,1.030227,1.309438,1.721147,1.063657,1.968619, Cadm3,40.07333892,0.662489447,0.273370482,2.42341251,0.015375456,0.041128797
ENSMUSG00000005354.17_ Txn2, Txn2,157.160121,156.828675,155.810898,170.327933,162.393674,156.730268,161.129757,148.666497,163.152297,158.775604, Txn2,1873.547545,-0.373230273,0.10299067,-3.623923164,0.000290168,0.001529574
ENSMUSG00000005360.15_ Slc1a3, Slc1a3,0.456921,0.610126,0.495251,0.423045,0.146702,0.442154,1.555624,5.079917,1.114881,3.728444, Slc1a3,48.64510236,2.14607539,0.341498758,6.284284608,3.29E-10,1.17E-08
ENSMUSG00000005362.15_ Crbn, Crbn,19.791025,20.167412,19.890479,23.444,19.372282,20.600422,15.623798,26.441508,23.289669,21.9247, Crbn,453.9399541,-0.284781067,0.117775877,-2.417991482,0.015606442,0.041661669
ENSMUSG00000005370.5_ Msh6, Msh6,2.844177,3.461461,3.001418,2.961633,2.910361,3.129846,3.281972,4.922922,3.677235,4.950084, Msh6,162.3935086,0.06162068,0.110894209,0.555670858,0.578435882,0.698583514
ENSMUSG00000005371.16_ Fbxo11, Fbxo11,13.361196,14.540458,14.120629,11.454412,12.16357,14.756786,14.527913,19.9807,15.523655,16.595341, Fbxo11,595.2139213,-0.008785119,0.083333445,-0.105421282,0.916041529,0.947031342
ENSMUSG00000005373.14_ Mlxipl, Mlxipl,22.404367,20.138355,21.020773,28.344822,24.547024,26.87045,14.983002,13.663448,23.132256,16.799436, Mlxipl,598.3188268,-0.719629936,0.159796723,-4.503408611,6.69E-06,6.39E-05
ENSMUSG00000005374.14_ Tbl2, Tbl2,5.231398,6.027406,2.604999,5.09585,3.135391,2.747917,3.76654,4.534017,3.701791,8.117234, Tbl2,234.7518726,0.266083386,0.145925554,1.823418714,0.068239998,0.137027653
ENSMUSG00000005378.18_ Bud23, Bud23,11.496712,13.421954,11.283246,16.532945,12.904869,13.807512,13.966746,17.525223,14.542882,20.868599, Bud23,199.0022485,-0.066203547,0.114940496,-0.575981043,0.564627995,0.686922143
ENSMUSG00000005397.9_ Nid1, Nid1,27.2103,47.951555,32.263087,39.181849,34.673698,35.087594,58.043926,98.893022,69.230123,140.653084, Nid1,3507.817184,0.822077278,0.143997289,5.708977484,1.14E-08,2.59E-07
ENSMUSG00000005410.7_ Mcm5, Mcm5,1.354506,1.469072,1.265393,1.748165,1.116337,1.477603,2.696064,3.578661,2.801771,4.780137, Mcm5,57.75921194,0.841568376,0.199818763,4.211658431,2.54E-05,0.00019538
ENSMUSG00000005413.9_ Hmox1, Hmox1,12.070979,35.75743,42.490907,69.030689,24.22326,58.550371,24.911395,48.177835,31.068397,65.393964, Hmox1,628.7760979,-0.35357515,0.451902238,-0.782415133,0.433970643,0.569334047
ENSMUSG00000005417.18_ Mprip, Mprip,52.911976,58.580059,55.907431,58.447076,55.75507,57.077288,62.962143,85.941083,73.262652,106.430829, Mprip,3144.30933,0.063520911,0.067255956,0.944465223,0.344931965,0.479387053
ENSMUSG00000005442.14_ Cic, Cic,18.377891,26.14753,16.559308,25.340464,18.111142,23.59668,20.72628,30.719765,20.771001,44.164695, Cic,1291.376561,-0.026774096,0.11698098,-0.228875632,0.818965581,0.884401875
ENSMUSG00000005447.13_ Pafah1b3, Pafah1b3,1.404879,2.110089,0.782807,2.016563,1.527707,0.99014,2.675937,5.857462,3.457458,5.916754, Pafah1b3,17.55218989,1.259190222,0.369621655,3.406700351,0.000657533,0.00303551
ENSMUSG00000005465.10_ Il27ra, Il27ra,0.928179,1.958043,1.074705,1.492929,0.532471,1.059098,1.442412,2.581866,1.96252,4.434612, Il27ra,44.95135198,0.734360268,0.300293433,2.44547562,0.014466123,0.039135549
ENSMUSG00000005469.11_ Prkaca, Prkaca,119.930671,125.448689,113.922377,126.548608,114.571606,121.981294,114.371097,118.809919,126.883108,123.309919, Prkaca,2900.603233,-0.373426283,0.085517909,-4.366644224,1.26E-05,0.000109091
ENSMUSG00000005470.9_ Asf1b, Asf1b,0.840054,0.901625,0.71578,0.734257,0.320962,0.537059,1.573512,0.863063,1.21916,2.257077, Asf1b,17.00951105,0.720649039,0.369559822,1.950019986,0.051173737,0.108998813
ENSMUSG00000005481.19_ Ddx39a, Ddx39a,11.212707,9.982262,8.831789,12.921436,9.521746,10.474692,13.020154,18.342862,11.991619,17.849829, Ddx39a,221.2652282,0.161143824,0.128314867,1.255846872,0.209171494,0.329913172
ENSMUSG00000005483.11_ Dnajb1, Dnajb1,4.080242,5.202949,5.329905,6.181924,7.353088,7.325877,6.777649,9.038238,6.612005,14.15335, Dnajb1,225.4952494,0.204791192,0.198700081,1.030654796,0.30270273,0.435804172
ENSMUSG00000005501.15_ Usp40, Usp40,9.234555,9.207373,9.230824,9.564093,8.794634,9.286607,11.249237,11.459181,10.694971,10.797067, Usp40,500.2793188,-0.136207218,0.103954415,-1.310259099,0.190108199,0.306935774
ENSMUSG00000005505.13_ Kbtbd4, Kbtbd4,8.682979,10.106094,7.386527,8.718995,8.461819,8.182969,7.70617,10.189025,8.813417,8.063189, Kbtbd4,207.5590065,-0.37282211,0.119446909,-3.121236976,0.00180093,0.007115792
ENSMUSG00000005506.17_ Celf1, Celf1,19.783026,25.259136,20.296934,26.89863,21.502168,23.030177,23.932831,24.640353,23.537995,24.357575, Celf1,1245.152021,-0.211648359,0.077708073,-2.723634128,0.006456799,0.020337661
ENSMUSG00000005510.10_ Ndufs3, Ndufs3,366.55218,325.837074,359.259306,411.623893,358.726814,375.419949,338.562942,329.882758,329.64001,300.773647, Ndufs3,3175.45884,-0.573661249,0.134351982,-4.269838381,1.96E-05,0.000157332
ENSMUSG00000005514.15_ Por, Por,25.906,28.971951,24.854358,33.369538,29.019207,34.403602,28.974488,48.314838,28.656084,44.229753, Por,824.3250632,-0.044481772,0.123804197,-0.359291308,0.719377176,0.81252992
ENSMUSG00000005533.11_ Igf1r, Igf1r,4.156036,7.889719,5.473852,5.13762,4.825514,7.0207,5.877243,9.142241,7.349536,9.663756, Igf1r,723.4436237,0.054469705,0.153428617,0.355016596,0.722577158,0.814718728
ENSMUSG00000005534.11_ Insr, Insr,32.810437,26.084202,29.95828,40.373168,33.10375,43.033629,25.792492,41.304265,33.672859,37.232018, Insr,3118.230208,-0.340028973,0.12466867,-2.727461304,0.006382374,0.02015305
ENSMUSG00000005566.15_ Trim28, Trim28,31.000859,43.061414,33.756055,27.676233,21.712347,41.80066,40.239034,56.63558,34.950951,61.177048, Trim28,900.9581063,0.173013212,0.088918217,1.945756645,0.051683979,0.109776878
ENSMUSG00000005575.17_ Ube2m, Ube2m,103.815598,97.526944,98.18393,103.399452,104.873971,97.696234,121.888953,124.056767,100.260308,130.474367, Ube2m,1056.038731,-0.150832615,0.089665574,-1.682168624,0.092536146,0.175386567
ENSMUSG00000005580.12_ Adcy9, Adcy9,7.325258,10.149871,8.693935,9.3808,8.122691,10.016435,6.818717,10.561879,8.909315,9.971573, Adcy9,462.8100642,-0.36762482,0.102173406,-3.598048007,0.000320614,0.001659398
ENSMUSG00000005583.17_ Mef2c, Mef2c,23.536357,27.617862,19.505633,22.959685,25.652584,30.514234,20.03717,34.074853,29.093605,37.694333, Mef2c,1007.124493,-0.060571369,0.101857447,-0.594668048,0.552065384,0.676007004
ENSMUSG00000005609.17_ Ctr9, Ctr9,6.319159,7.396288,5.993169,5.646945,5.711978,7.375389,6.890123,8.946233,6.460268,10.649886, Ctr9,310.3189925,-0.003238554,0.099262332,-0.032626213,0.973972666,0.983500088
ENSMUSG00000005610.18_ Eif4g2, Eif4g2,246.581611,259.872082,226.169276,236.959249,258.953075,260.678266,277.676489,298.730906,290.508747,287.612329, Eif4g2,12326.31923,-0.173916048,0.087207905,-1.994269299,0.046122632,0.100526635
ENSMUSG00000005611.16_ Irag1, Irag1,4.444287,14.158969,5.54452,5.48338,6.500467,6.89731,4.420439,6.313178,5.632676,7.743708, Irag1,293.8103126,-0.437731584,0.230387805,-1.899977231,0.057436108,0.11954078
ENSMUSG00000005615.16_ Pcyt1a, Pcyt1a,35.328775,31.75588,34.531742,35.798543,34.319976,39.946765,29.695197,40.353446,35.951418,36.492582, Pcyt1a,1702.399103,-0.322825616,0.089242357,-3.617403505,0.000297573,0.001562975
ENSMUSG00000005621.12_ Zfp592, Zfp592,7.183563,7.823783,7.9142,5.555898,11.467936,8.646608,8.49679,10.591512,9.806093,16.178083, Zfp592,552.9547588,-0.049421947,0.11637881,-0.424664481,0.67108128,0.774052049
ENSMUSG00000005625.16_ Psmd4, Psmd4,62.412126,74.683655,74.596936,85.94264,60.409762,80.12952,73.002869,99.20341,74.167086,92.540318, Psmd4,953.82623,-0.163245997,0.094502547,-1.727424305,0.084091489,0.162218867
ENSMUSG00000005628.13_ Tmod4, Tmod4,16.378546,11.746665,18.605759,18.539942,14.140996,16.547107,14.314588,10.194692,13.453454,9.417197, Tmod4,172.9551682,-0.804468134,0.21742065,-3.700053944,0.000215554,0.001195899
ENSMUSG00000005656.10_ Snx6, Snx6,14.974022,15.415038,15.920318,12.999271,17.620737,14.51694,18.360244,21.310379,19.917897,24.67381, Snx6,325.7802981,0.153665357,0.090204768,1.703517003,0.088471359,0.168927981
ENSMUSG00000005667.9_ Mthfd2, Mthfd2,1.173751,2.425632,1.50118,0.710653,1.465878,0.85467,2.945812,2.737587,2.467075,5.927184, Mthfd2,40.70893772,1.168163991,0.325246951,3.591621648,0.000328627,0.001692182
ENSMUSG00000005672.13_ Kit, Kit,1.001933,1.110493,1.125271,1.405472,1.44965,0.841571,2.869028,4.049658,2.031074,5.732405, Kit,95.17009224,1.015044463,0.226601869,4.479417866,7.48E-06,7.05E-05
ENSMUSG00000005674.10_ Tomm40l, Tomm40l,43.625421,47.801515,41.826513,45.581551,46.656559,43.63105,54.410371,51.398364,52.91506,55.06411, Tomm40l,786.0988964,-0.216680686,0.110664307,-1.957999756,0.050230041,0.107372549
ENSMUSG00000005677.15_ Nr1i3, Nr1i3,8.492396,7.663868,7.440746,9.651894,7.688542,7.110818,9.448616,7.990777,8.876114,6.653198, Nr1i3,259.4786612,-0.320688958,0.174119301,-1.841777194,0.065507747,0.132654706
ENSMUSG00000005682.10_ Pan2, Pan2,6.626512,6.139329,5.792329,6.476574,5.562316,6.952455,5.786339,7.600125,6.049016,10.296803, Pan2,335.6374575,-0.155506437,0.12164875,-1.278323337,0.201135443,0.320204694
ENSMUSG00000005683.9_ Cs, Cs,552.571648,508.809861,558.142164,571.600139,552.884339,560.180785,502.036871,516.104361,498.257486,436.455647, Cs,16892.8401,-0.548726249,0.117560094,-4.667623427,3.05E-06,3.29E-05
ENSMUSG00000005686.18_ Ampd3, Ampd3,21.973447,24.229657,22.928616,25.557467,20.749734,28.715276,19.469331,25.627413,23.102224,24.717449, Ampd3,947.7100662,-0.389070931,0.092139101,-4.22264737,2.41E-05,0.000187746
ENSMUSG00000005687.15_ Bcas2, Bcas2,23.450591,27.25068,22.564123,29.10882,28.565569,26.931298,28.370601,31.787769,29.56354,31.52602, Bcas2,407.012763,-0.125281185,0.105283601,-1.189940162,0.234069912,0.359453736
ENSMUSG00000005698.16_ Ctcf, Ctcf,12.454474,16.100823,14.408483,13.853112,14.6616,13.421892,16.197366,18.750869,19.419988,19.109597, Ctcf,521.7299212,-0.076489581,0.088723952,-0.862107456,0.388628389,0.523199649
ENSMUSG00000005699.17_ Pard6a, Pard6a,5.443722,4.524996,3.766203,5.370067,3.456092,6.103649,5.328007,7.321428,4.452861,5.280675, Pard6a,49.57005186,0.010448663,0.217340214,0.048075147,0.961656353,0.976251726
ENSMUSG00000005718.9_ Tfap4, Tfap4,1.25122,1.908666,2.415854,1.956804,1.357874,1.404937,2.276642,2.42025,2.344171,1.986581, Tfap4,42.00854069,-0.097294231,0.254504221,-0.382289262,0.702246818,0.799032789
ENSMUSG00000005732.15_ Ranbp1, Ranbp1,18.49443,20.275435,13.513275,15.645191,15.535151,15.377197,27.337767,22.579788,21.063691,27.000881, Ranbp1,189.1259547,0.190795753,0.145593521,1.310468702,0.190037325,0.30688846
ENSMUSG00000005763.16_ Cd247, Cd247,5.044556,5.094963,3.450179,3.233397,3.574836,4.812378,3.085828,4.869189,5.082115,5.032938, Cd247,92.07751219,-0.317908845,0.171007904,-1.85903012,0.063022869,0.128656153
ENSMUSG00000005774.13_ Rfx5, Rfx5,2.973906,2.493419,2.089554,2.186825,2.439033,2.383473,2.627506,4.02653,3.637846,5.913382, Rfx5,116.7233273,0.233219905,0.179485221,1.299382216,0.193812792,0.311726868
ENSMUSG00000005779.13_ Psmb4, Psmb4,111.011089,118.253339,111.347031,123.602686,108.3278,120.837508,132.565575,149.868996,107.185675,158.677539, Psmb4,1123.669272,-0.160323042,0.086358315,-1.856486447,0.063384253,0.129261417
ENSMUSG00000005802.13_ Slc30a4, Slc30a4,3.460042,3.705627,2.727472,3.95153,3.472113,3.362093,4.274079,7.27734,5.318379,6.948623, Slc30a4,259.1848811,0.391728041,0.119904584,3.266998038,0.001086944,0.004669017
ENSMUSG00000005803.15_ Sqor, Sqor,21.556295,24.486666,20.997954,24.921958,23.564297,21.050763,22.575925,23.154385,26.491041,26.936702, Sqor,410.2567535,-0.263643912,0.104418312,-2.524881958,0.011573716,0.032602366
ENSMUSG00000005804.15_ Bloc1s6, Bloc1s6,21.049406,20.805443,15.461174,22.593616,21.23139,18.66988,26.509018,29.972127,22.456096,26.168102, Bloc1s6,321.1504666,-0.03237603,0.116349986,-0.278264147,0.780809596,0.855595978
ENSMUSG00000005813.13_ Metap1, Metap1,17.253396,17.379646,15.996063,17.876227,17.421365,16.554588,16.848213,20.444379,17.007893,21.062178, Metap1,504.0627887,-0.24046081,0.080638418,-2.981963378,0.002864063,0.010406835
ENSMUSG00000005823.10_ Gpr108, Gpr108,14.885419,16.85065,16.907154,18.41706,13.430144,17.664897,16.700615,23.977062,20.038286,24.906798, Gpr108,405.4843572,0.022950773,0.105495043,0.21755309,0.827777338,0.889886092
ENSMUSG00000005836.11_ Gata6, Gata6,21.350525,28.973384,23.525236,20.657854,25.444628,28.928168,25.005108,31.127831,24.762919,29.298522, Gata6,832.552402,-0.196073997,0.096113679,-2.040021759,0.041348159,0.092127757
ENSMUSG00000005846.13_ Rsl1d1, Rsl1d1,19.69613,24.395588,22.077865,19.949171,21.315909,21.713314,28.916166,23.93664,24.105429,23.581378, Rsl1d1,451.0117524,-0.134816895,0.129310785,-1.042580434,0.297142655,0.429639374
ENSMUSG00000005871.16_ Apc, Apc,8.475343,12.545168,9.070152,8.826255,8.952431,10.626338,7.881852,12.156885,9.246053,13.910891, Apc,1144.420721,-0.189706443,0.067975725,-2.790796906,0.005257845,0.017159659
ENSMUSG00000005873.7_ Reep5, Reep5,114.048427,115.114304,108.678637,113.836695,109.436128,111.16793,112.163795,111.737745,120.743201,107.800083, Reep5,3446.302673,-0.359770648,0.10493117,-3.42863468,0.000606625,0.002833224
ENSMUSG00000005881.14_ Ergic3, Ergic3,41.068227,61.122658,37.798839,41.901111,29.540111,36.422596,63.621361,86.172159,49.489815,112.922659, Ergic3,598.9984376,0.404842148,0.137362401,2.947255908,0.003206078,0.01143408
ENSMUSG00000005882.19_ Uqcc1, Uqcc1,139.428634,116.465306,120.90714,125.838597,144.652113,134.812769,108.216763,130.375211,125.287759,83.727677, Uqcc1,1736.168946,-0.505434615,0.134596087,-3.755195458,0.000173206,0.001002532
ENSMUSG00000005886.15_ Ncoa2, Ncoa2,12.430599,13.094236,13.302252,14.543219,12.05215,14.751483,9.063515,15.887922,13.232284,16.982278, Ncoa2,1053.539761,-0.313843875,0.102205142,-3.070724903,0.002135398,0.008198024
ENSMUSG00000005893.15_ Nr2c2, Nr2c2,7.233197,9.138953,8.444476,8.392427,8.440297,10.33395,7.993575,11.589071,9.630511,11.242122, Nr2c2,698.9293155,-0.154798943,0.085941493,-1.801213103,0.071669298,0.14238286
ENSMUSG00000005897.15_ Nr2c1, Nr2c1,4.542717,4.014315,3.74575,3.680534,4.25423,3.601826,2.691472,5.216862,4.055143,4.499389, Nr2c1,130.9312946,-0.198619564,0.136757282,-1.452350918,0.146404056,0.251027619
ENSMUSG00000005899.15_ Smpd4, Smpd4,7.619935,7.959811,7.661579,9.013838,10.189888,8.807975,8.528324,14.826177,8.777217,15.433148, Smpd4,310.9564085,-0.006029032,0.084160546,-0.071637269,0.94289058,0.963242851
ENSMUSG00000005907.15_ Pex1, Pex1,7.597926,6.115821,9.227237,3.902482,4.757149,7.405265,2.86397,8.505057,8.006641,5.886032, Pex1,161.3116815,-0.347750053,0.147860586,-2.351877961,0.018678902,0.048424047
ENSMUSG00000005936.20_ Kctd20, Kctd20,11.603223,13.243802,12.413721,14.488671,13.825245,15.283948,15.543734,23.878213,20.572847,26.656999, Kctd20,643.9341259,0.24310231,0.102518892,2.371292792,0.017725983,0.046329273
ENSMUSG00000005949.10_ Ctns, Ctns,4.242761,6.505634,4.968676,5.060749,3.893513,6.60645,5.395741,8.111058,6.228534,9.737593, Ctns,148.7367905,0.061859454,0.159254752,0.388430819,0.697697241,0.795205011
ENSMUSG00000005950.15_ P2rx5, P2rx5,8.074493,8.762741,9.429613,9.043484,7.774434,9.153942,9.677067,10.82331,12.654116,12.44771, P2rx5,244.7715341,0.005273295,0.118959204,0.044328599,0.964642476,0.978301568
ENSMUSG00000005951.14_ Shpk, Shpk,0.774899,1.523404,1.190735,1.08881,0.738173,0.892711,0.944361,1.222173,1.340712,1.436444, Shpk,33.24501647,-0.129245507,0.251046964,-0.514826013,0.606674606,0.721447583
ENSMUSG00000005958.16_ Ephb3, Ephb3,4.666402,3.945459,2.87987,3.515048,5.5378,2.986593,6.625734,6.202874,3.827133,7.300898, Ephb3,206.0490582,0.257646747,0.19964031,1.290554732,0.196858122,0.31530971
ENSMUSG00000005968.15_ Tuft1, Tuft1,0.325742,0.909335,0.60415,0.301983,0.356298,0.85883,0.507385,0.822122,0.523912,0.852989, Tuft1,16.40739903,-0.118031507,0.383192216,-0.308021671,0.758065842,0.838670312
ENSMUSG00000005973.7_ Rcn1, Rcn1,8.88415,13.06497,6.885453,7.117243,8.675907,6.811119,18.448656,22.095333,14.670903,33.31848, Rcn1,360.974193,0.950834826,0.191446596,4.966579966,6.81E-07,8.83E-06
ENSMUSG00000005980.16_ Dnase1, Dnase1,1.854074,2.301055,1.338695,0.893715,1.310844,1.303527,0.848249,1.122489,1.083595,1.069327, Dnase1,34.50388396,-0.692850328,0.237435173,-2.918061042,0.003522154,0.012346374
ENSMUSG00000005981.12_ Trap1, Trap1,62.396727,69.130646,70.528839,74.791638,68.033392,75.692511,59.932801,77.093177,74.628924,78.66233, Trap1,1737.330735,-0.340859716,0.081251521,-4.195117982,2.73E-05,0.00020766
ENSMUSG00000005982.15_ Naa60, Naa60,22.866348,27.712225,21.373187,21.264592,22.823164,24.307602,28.107435,32.09625,30.457304,39.462739, Naa60,577.7356927,0.078230568,0.080346257,0.973667853,0.330221484,0.463991087
ENSMUSG00000005983.16_ 1700037C18Rik, 1700037C18Rik,1.839784,2.773496,2.131724,4.804627,3.249035,2.500456,2.804426,4.652422,5.146623,4.047078, 1700037C18Rik,74.73970566,0.269193236,0.169823015,1.585139896,0.112934553,0.205634998
ENSMUSG00000005986.17_ Ankrd13d, Ankrd13d,0.4037,0.736935,0.090004,0.322195,0.262178,0.131636,0.453711,0.705422,0.943911,1.808985, Ankrd13d,9.919899697,0.993152196,0.515369989,1.92706641,0.053971354,0.11368844
ENSMUSG00000006005.19_ Tpr, Tpr,30.606454,39.42079,43.493543,35.320654,39.040967,41.071912,47.279489,42.691277,39.991319,51.745179, Tpr,2066.707543,-0.264122408,0.076428511,-3.455809941,0.000548642,0.002606994
ENSMUSG00000006010.15_ Odr4, Odr4,9.545878,15.116814,18.927045,10.414671,10.097345,9.323019,10.508948,13.055808,12.97278,14.38124, Odr4,363.4700153,-0.065965867,0.112830311,-0.584646684,0.55878531,0.681921133
ENSMUSG00000006014.18_ Prg4, Prg4,8.854507,23.712259,6.888244,4.190154,4.702066,6.657969,11.675421,30.668851,8.537922,17.884129, Prg4,231.4018034,0.507709479,0.444301537,1.142713757,0.253157456,0.381657572
ENSMUSG00000006019.16_ Dhx34, Dhx34,3.739024,3.897582,2.980441,3.65247,3.372426,3.666433,3.731451,5.71139,4.133209,5.360777, Dhx34,166.6447813,0.015997078,0.11929571,0.134096009,0.893326656,0.932148397
ENSMUSG00000006021.6_ Kptn, Kptn,13.184565,19.051026,12.055363,15.084944,13.168548,13.262841,13.245922,14.262947,14.268848,15.522788, Kptn,191.5236569,-0.386859297,0.109564847,-3.530870584,0.000414194,0.002052187
ENSMUSG00000006024.14_ Napa, Napa,46.779489,48.567521,38.414264,56.744012,39.886113,45.512184,46.513449,59.706984,55.09764,69.3399, Napa,1051.800471,-0.047166346,0.061374428,-0.768501592,0.442189245,0.576653835
ENSMUSG00000006050.13_ Sra1, Sra1,61.072698,69.585882,44.594441,63.337674,57.738712,68.921959,73.989468,81.202155,63.503177,77.847194, Sra1,473.1319683,-0.075882215,0.105351496,-0.72027658,0.471354721,0.603965307
ENSMUSG00000006057.17_ Atp5mc1, Atp5mc1,2555.976019,2373.489019,2474.08473,2818.063661,2589.445879,2696.763043,2648.684558,2524.745947,2235.816558,2221.401356, Atp5mc1,10847.83498,-0.485471145,0.121451528,-3.997241964,6.41E-05,0.000432688
ENSMUSG00000006058.11_ Snf8, Snf8,25.931412,25.917512,23.027028,22.334026,25.089989,24.485687,35.320182,36.771574,29.687397,36.40591, Snf8,256.6533916,0.123654345,0.105812391,1.168618754,0.242557269,0.370060025
ENSMUSG00000006095.13_ Tbcb, Tbcb,28.991499,35.246739,30.075933,34.640645,33.073205,31.282644,43.340251,39.837128,36.133652,51.216207, Tbcb,318.1718739,-0.036248626,0.10281974,-0.352545395,0.724429281,0.815607327
ENSMUSG00000006127.10_ Inpp5k, Inpp5k,16.937625,22.496989,17.148731,27.27776,16.747251,20.323075,16.392145,26.962834,27.204357,25.881428, Inpp5k,548.5383099,-0.2016996,0.105048814,-1.920055951,0.054850833,0.115147224
ENSMUSG00000006134.5_ Crkl, Crkl,8.402149,9.120643,10.051012,7.820718,9.388485,9.704989,9.271139,10.096629,8.963716,12.758614, Crkl,516.359179,-0.136258929,0.085515711,-1.593378896,0.111075217,0.202897603
ENSMUSG00000006154.14_ Eps8l1, Eps8l1,0.870907,3.386168,5.266072,1.87891,6.449298,1.891098,1.059588,2.67305,4.153522,3.226073, Eps8l1,76.11773658,-0.224010265,0.734136486,-0.305134358,0.760263824,0.840534554
ENSMUSG00000006169.21_ Clint1, Clint1,17.3512,21.49762,19.552156,21.01406,19.951843,22.257961,23.675765,30.471178,22.125662,29.681347, Clint1,852.3602407,-0.00712867,0.074916269,-0.095155168,0.924191579,0.952602532
ENSMUSG00000006191.18_ Cdkal1, Cdkal1,5.38161,4.641416,4.946863,4.538249,4.202196,5.373919,4.11195,5.61544,5.242032,4.969751, Cdkal1,131.4930653,-0.325809225,0.17640818,-1.846905428,0.064760848,0.131569983
ENSMUSG00000006204.8_ Cdcp3, Cdcp3,0.248859,1.257109,0.091352,0.062834,0.078689,0.009884,0.206872,0.363168,0.254426,0.289787, Cdcp3,24.89620662,-0.49526421,1.023630943,-0.483830831,NA,NA
ENSMUSG00000006205.14_ Htra1, Htra1,47.543743,60.041006,59.234303,58.006197,51.388581,58.904632,65.701868,63.472794,65.45671,81.393763, Htra1,1167.716494,-0.102291102,0.0860282,-1.189041526,0.234423327,0.359870001
ENSMUSG00000006215.13_ Zbtb17, Zbtb17,8.206871,10.408286,10.240864,11.65739,10.900058,10.046342,10.399429,12.547426,9.715732,13.570264, Zbtb17,296.9551712,-0.326695158,0.105990712,-3.082299882,0.002054078,0.007936324
ENSMUSG00000006216.11_ Clcnkb, Clcnkb,0.634653,2.239473,1.518875,0.815631,1.196481,1.235269,0.268262,0.491683,3.58876,0.684507, Clcnkb,16.86221829,-0.454550845,0.396621429,-1.146057202,0.251771485,0.380005084
ENSMUSG00000006219.13_ Fblim1, Fblim1,113.733551,115.014297,108.494834,134.934888,105.038983,101.103778,98.287489,100.185233,125.451704,130.533935, Fblim1,3056.814673,-0.381468719,0.115384054,-3.306078321,0.000946116,0.004144198
ENSMUSG00000006221.8_ Hspb7, Hspb7,737.585666,794.65269,702.206252,882.006108,774.409642,833.574436,899.562894,1039.681192,919.815586,940.617174, Hspb7,25178.68984,-0.110762721,0.085399348,-1.296997271,0.194632126,0.312671268
ENSMUSG00000006235.7_ Epor, Epor,2.444624,1.892902,1.064876,1.494626,0.980186,1.963831,1.083543,1.694283,1.758192,1.98715, Epor,27.93139201,-0.315629528,0.284150878,-1.110781461,0.266662428,0.396635402
ENSMUSG00000006241.17_ Ccdc159, Ccdc159,3.215424,3.617074,2.198178,2.989501,2.976114,2.970769,3.488851,3.986234,4.056878,3.419804, Ccdc159,43.4380198,-0.123482802,0.209282798,-0.590028436,0.555171586,0.678629323
ENSMUSG00000006262.16_ Mob1b, Mob1b,7.558849,6.473418,5.807157,5.848069,7.415021,6.998145,8.22707,9.601078,8.253424,10.499713, Mob1b,543.5410647,0.149725457,0.113206459,1.322587579,0.185972567,0.302006733
ENSMUSG00000006273.15_ Atp6v1b2, Atp6v1b2,33.127678,33.211027,30.822732,35.457594,29.823127,31.542608,39.810057,48.256725,37.130786,43.301902, Atp6v1b2,1070.943093,-0.01377391,0.089236291,-0.154353234,0.877331225,0.922673369
ENSMUSG00000006276.12_ Eps15l1, Eps15l1,19.828591,24.383663,23.657507,24.204729,18.327394,24.698348,19.869836,27.638539,25.002446,30.832477, Eps15l1,725.3835063,-0.219502361,0.098029267,-2.239151309,0.025146073,0.061573592
ENSMUSG00000006281.9_ Tep1, Tep1,3.091767,4.145506,3.480949,4.169593,3.417242,4.50142,4.301521,8.262825,4.645608,7.389645, Tep1,348.8342037,0.361030402,0.146819546,2.459007758,0.013932161,0.037988899
ENSMUSG00000006288.9_ Ttc5, Ttc5,7.284007,8.282879,8.645795,7.278577,6.29603,8.243553,7.763631,13.19467,7.946538,14.630038, Ttc5,170.5576518,0.065571653,0.15413603,0.42541418,0.670534771,0.773661899
ENSMUSG00000006289.15_ Osgep, Osgep,35.019677,35.751754,33.262991,35.32713,35.848854,38.015341,38.906237,43.758597,40.401758,41.244279, Osgep,399.8104552,-0.174870655,0.089005447,-1.964718587,0.049446817,0.106148318
ENSMUSG00000006299.14_ Aamp, Aamp,47.208021,56.675049,46.053021,52.508334,47.563775,52.981675,54.64722,64.350461,57.830983,71.373061, Aamp,997.2896754,-0.098969969,0.055058375,-1.797546122,0.072248963,0.143282627
ENSMUSG00000006301.18_ Tmbim1, Tmbim1,24.061079,34.759826,27.19109,26.857442,25.634237,27.818331,37.936592,61.572133,43.345529,62.832071, Tmbim1,966.6337309,0.424912466,0.104941091,4.049057064,5.14E-05,0.000357273
ENSMUSG00000006304.15_ Arpc2, Arpc2,81.457139,88.249571,72.963773,77.669293,75.490138,77.378435,116.878535,138.500509,100.514272,156.172642, Arpc2,1321.607473,0.298306587,0.079988771,3.729355776,0.00019197,0.001089492
ENSMUSG00000006307.17_ Kmt2b, Kmt2b,7.909566,11.539032,8.907221,10.804063,9.247518,11.507356,9.367771,11.237022,11.367614,16.893728, Kmt2b,760.4204526,-0.098885518,0.094046432,-1.051454225,0.293050022,0.425458006
ENSMUSG00000006315.10_ Tmem147, Tmem147,104.354575,100.323444,90.016757,105.919197,93.430906,94.055018,102.537312,101.892742,90.61968,113.274802, Tmem147,713.4357624,-0.33555383,0.100076332,-3.352978908,0.000799468,0.003590622
ENSMUSG00000006333.15_ Rps9, Rps9,371.325925,492.11704,418.10254,443.083162,411.372027,456.881786,547.068323,710.293955,498.721643,800.526574, Rps9,2966.81091,0.160337471,0.081499169,1.967350987,0.049142761,0.105651294
ENSMUSG00000006335.17_ Tfpt, Tfpt,11.045904,11.778759,13.858074,10.987116,10.139847,10.035833,11.997533,15.749753,15.641048,13.798518, Tfpt,121.6110167,-0.022750091,0.142338793,-0.159830572,0.873014541,0.920186153
ENSMUSG00000006342.16_ Susd2, Susd2,1.18843,2.361242,1.049785,1.200508,1.032929,1.769161,2.71108,6.664356,2.06797,5.934661, Susd2,80.35789194,1.177921206,0.299342955,3.935022316,8.32E-05,0.000542591
ENSMUSG00000006344.18_ Ggt5, Ggt5,3.869609,5.328618,5.778466,4.743894,4.404974,4.868421,4.105164,7.320333,6.803556,7.489066, Ggt5,186.2342553,-0.066029161,0.154534148,-0.427278775,0.669176291,0.772806657
ENSMUSG00000006356.11_ Crip2, Crip2,844.829379,937.654581,926.161454,991.080166,894.877001,914.146288,799.664907,932.61595,959.870251,957.058945, Crip2,11684.0693,-0.411576282,0.078473947,-5.244750606,1.56E-07,2.53E-06
ENSMUSG00000006360.12_ Crip1, Crip1,100.98497,179.695149,113.364463,113.144825,89.369873,94.684536,216.653569,240.766779,210.419459,348.335224, Crip1,388.9900103,0.700008181,0.165222964,4.236748729,2.27E-05,0.000178136
ENSMUSG00000006362.17_ Cbfa2t3, Cbfa2t3,10.917784,10.920736,7.869114,11.015622,7.976544,11.022653,6.920325,7.935283,13.079644,10.111705, Cbfa2t3,452.6979603,-0.301249155,0.115980462,-2.59741296,0.009392892,0.027566782
ENSMUSG00000006369.15_ Fbln1, Fbln1,33.553402,94.812751,40.078632,33.950659,30.827887,41.728994,77.851134,141.82313,77.923957,187.348171, Fbln1,2059.067117,1.114819223,0.337135388,3.306740448,0.000943883,0.004135798
ENSMUSG00000006373.11_ Pgrmc1, Pgrmc1,10.666846,19.467722,11.539316,11.516369,11.465443,13.361558,19.750658,24.011068,18.275429,30.972359, Pgrmc1,309.6537915,0.442320573,0.145568477,3.038573877,0.002377008,0.008923991
ENSMUSG00000006378.16_ Gcat, Gcat,8.567391,6.798362,7.617652,5.890887,6.387803,11.63027,4.734802,6.547758,6.907933,5.701904, Gcat,116.283444,-0.660863649,0.164555938,-4.016042551,5.92E-05,0.000404113
ENSMUSG00000006386.16_ Tek, Tek,15.539012,20.53859,13.362285,16.646416,15.639881,17.218012,17.48006,22.824792,21.020479,22.251926, Tek,899.9070643,-0.035706013,0.084722942,-0.421444441,0.673430574,0.776010795
ENSMUSG00000006390.16_ Elovl1, Elovl1,12.925849,19.95652,14.042044,15.216991,12.84558,17.181226,25.821614,38.476565,24.011853,49.706729, Elovl1,264.802567,0.67235841,0.14059074,4.782380458,1.73E-06,2.04E-05
ENSMUSG00000006392.17_ Med8, Med8,13.558564,13.388785,14.552621,15.540841,14.510969,16.647954,20.388262,19.106537,17.079454,22.782193, Med8,172.2639565,-0.002218915,0.11966881,-0.018542133,0.985206366,0.990227877
ENSMUSG00000006395.18_ Hyi, Hyi,4.336793,6.931171,3.234383,4.552447,2.895333,2.166553,7.236751,11.999981,8.156417,18.770929, Hyi,48.73056723,1.076459442,0.311790989,3.452503381,0.000555411,0.002634382
ENSMUSG00000006398.16_ Cdc20, Cdc20,0.725691,1.348047,0.878099,1.40748,1.652901,0.695905,5.950656,6.574849,3.84809,7.469258, Cdc20,49.86608111,2.013077161,0.269140167,7.479660811,7.45E-14,6.98E-12
ENSMUSG00000006403.14_ Adamts4, Adamts4,0.229283,0.188347,0.16357,0.273874,0.257728,0.139426,1.162119,1.877373,0.715153,2.966392, Adamts4,33.40129717,2.553805213,0.375896971,6.793896764,1.09E-11,5.91E-10
ENSMUSG00000006411.13_ Nectin4, Nectin4,0.116831,0.146701,0.171996,0.029505,0.054797,0.111735,0.597311,0.802453,0.41957,1.244745, Nectin4,11.22792829,2.435098874,0.491707697,4.952330198,7.33E-07,9.43E-06
ENSMUSG00000006412.11_ Pfdn2, Pfdn2,21.222848,32.165385,23.685397,34.836153,29.036915,26.236262,37.697317,40.286148,36.819699,30.811232, Pfdn2,324.2010019,-0.067802379,0.122791567,-0.552174553,0.580828767,0.700134713
ENSMUSG00000006418.18_ Rnf114, Rnf114,32.718438,36.010954,44.261909,43.083237,36.053135,47.560989,31.194007,47.78901,38.799128,50.971728, Rnf114,951.8462221,-0.320490451,0.121740851,-2.632562931,0.008474332,0.025359163
ENSMUSG00000006423.16_ Steep1, Steep1,6.888494,6.950006,6.183166,6.83732,7.018644,7.02753,7.587801,9.123414,7.294582,8.062056, Steep1,260.71683,-0.151035877,0.099871664,-1.512299592,0.130457665,0.230241016
ENSMUSG00000006435.17_ Neurl1a, Neurl1a,0.767481,0.90286,0.59899,1.076404,0.546277,0.834912,0.444298,1.190595,1.013017,1.230835, Neurl1a,31.65167913,0.033540186,0.277908111,0.120688043,0.90393813,0.938812397
ENSMUSG00000006442.11_ Srm, Srm,11.293183,13.397778,7.40085,11.314878,12.183962,10.038872,16.716072,19.100774,14.598331,21.367904, Srm,161.0592055,0.357736527,0.133105094,2.687624615,0.007196225,0.02214093
ENSMUSG00000006445.4_ Epha2, Epha2,2.000375,2.977649,2.008736,2.711151,3.112342,3.261701,3.682293,6.276622,5.813685,6.895123, Epha2,145.9893429,0.435501124,0.167278353,2.603451771,0.009229025,0.02718933
ENSMUSG00000006456.11_ Rbm14, Rbm14,3.37554,5.290668,8.807684,6.691944,11.076515,9.424419,17.375378,14.332155,5.654048,17.289652, Rbm14,200.3536125,0.132754604,0.192428555,0.689890352,0.490263143,0.620880005
ENSMUSG00000006463.14_ Zdhhc24, Zdhhc24,2.318803,2.418601,3.502727,2.472237,2.728658,2.396257,3.089937,4.884362,2.943565,3.708356, Zdhhc24,66.62636562,0.153272422,0.171860676,0.891841147,0.372478083,0.507555106
ENSMUSG00000006464.10_ Bbs1, Bbs1,1.228331,2.035615,2.035011,1.009814,1.620118,1.343366,1.341121,2.01984,2.193815,1.461595, Bbs1,84.65295082,-0.24882213,0.181631682,-1.369926916,0.170709717,0.282851722
ENSMUSG00000006471.19_ Ndor1, Ndor1,4.344256,9.891327,6.245774,7.156683,6.008471,6.977342,7.084523,10.429689,8.232539,13.076164, Ndor1,213.8067549,0.019537865,0.194202283,0.100605744,0.919863437,0.949559815
ENSMUSG00000006476.20_ Nsmf, Nsmf,10.424488,15.252277,12.674188,13.436636,8.714361,10.800706,15.956824,22.501536,19.495397,31.689272, Nsmf,282.3337692,0.718424782,0.162572233,4.419111237,9.91E-06,8.89E-05
ENSMUSG00000006494.12_ Pdk1, Pdk1,43.067898,41.193618,42.131945,42.653059,42.591847,49.320292,36.649527,50.62814,45.615859,44.725709, Pdk1,2506.211255,-0.344279676,0.0939637,-3.663964649,0.000248341,0.001344796
ENSMUSG00000006498.17_ Ptbp1, Ptbp1,16.3529,21.413143,18.559656,21.386519,14.614958,19.537847,26.085376,42.027557,32.264733,58.602682, Ptbp1,646.1075558,0.593268015,0.114716331,5.171609065,2.32E-07,3.52E-06
ENSMUSG00000006517.6_ Mvd, Mvd,3.088362,2.359612,2.867861,3.748909,2.458645,2.303785,3.49781,4.659039,2.594212,4.116179, Mvd,55.48275051,0.000355457,0.218668694,0.001625549,0.998703,0.998889999
ENSMUSG00000006519.12_ Cyba, Cyba,24.884,40.175022,30.272811,29.589728,27.326196,28.908292,71.3227,90.881632,54.47901,118.918325, Cyba,274.8983723,1.057873556,0.160489646,6.591537742,4.35E-11,1.95E-09
ENSMUSG00000006526.14_ Stimate, Stimate,4.80114,4.81254,3.536215,4.502666,3.82577,4.587016,5.571874,7.908767,4.32513,9.275814, Stimate,169.4347741,0.143957076,0.133267304,1.080213006,0.280047338,0.41144532
ENSMUSG00000006527.17_ Sfmbt1, Sfmbt1,2.59602,3.279254,2.876084,2.680146,3.479462,2.64734,3.240796,3.678976,3.52846,3.607969, Sfmbt1,182.2004025,-0.167901679,0.111239899,-1.50936562,0.131205374,0.231165495
ENSMUSG00000006542.14_ Prkag3, Prkag3,1.234999,1.006151,0.851971,1.223156,1.010157,1.277437,1.884445,0.880581,1.1169,1.42618, Prkag3,35.33861156,-0.111806121,0.289800218,-0.385804131,0.699641736,0.796552597
ENSMUSG00000006576.17_ Slc4a3, Slc4a3,151.989916,139.837185,137.304721,164.972489,159.985713,153.436137,113.841961,171.51067,157.654345,122.417981, Slc4a3,4196.565947,-0.442603899,0.121680081,-3.637439225,0.000275362,0.001462722
ENSMUSG00000006585.4_ Cdt1, Cdt1,0.844258,1.242301,1.942286,1.749,0.167845,1.021485,2.885651,3.030153,1.754509,3.185769, Cdt1,30.64403056,1.099914933,0.367727413,2.991114871,0.002779609,0.010175429
ENSMUSG00000006586.16_ Runx1t1, Runx1t1,0.540102,1.873294,1.090435,1.930103,0.989478,1.047354,0.564963,1.308097,1.262874,1.759399, Runx1t1,57.34068464,-0.15690267,0.250355286,-0.626720021,0.530842778,0.657641239
ENSMUSG00000006587.7_ Snai3, Snai3,2.999805,2.830939,2.581686,2.89818,2.568908,1.499281,1.963865,2.33993,1.815536,1.195377, Snai3,38.04202989,-0.855388994,0.282459462,-3.028360203,0.002458848,0.009165624
ENSMUSG00000006589.9_ Aprt, Aprt,14.810355,19.779987,16.249504,17.810888,19.369415,19.532023,27.018784,30.070111,25.202475,40.417521, Aprt,146.4426428,0.371022244,0.120167391,3.087545142,0.002018171,0.007832512
ENSMUSG00000006599.14_ Gtf2h1, Gtf2h1,7.521696,9.515292,9.109451,7.541527,6.704498,9.596943,9.746467,11.933348,9.488503,12.860258, Gtf2h1,251.5367207,0.067626562,0.107883297,0.626849229,0.53075807,0.657641239
ENSMUSG00000006611.16_ Hfe, Hfe,17.722088,23.727594,15.838646,23.528571,19.454274,21.138429,17.653376,29.437084,27.224459,27.586287, Hfe,518.8826668,-0.001359945,0.114458381,-0.011881569,0.990520102,0.994236164
ENSMUSG00000006638.17_ Abhd1, Abhd1,4.921393,5.824644,5.69141,7.002234,4.713465,6.381814,4.529468,5.941381,6.040324,5.193555, Abhd1,73.62553211,-0.467899901,0.177556441,-2.635217833,0.00840833,0.025196162
ENSMUSG00000006641.13_ Slc5a6, Slc5a6,6.346704,6.727069,4.617268,7.891981,5.624427,5.340183,7.245974,5.271145,5.713111,6.217025, Slc5a6,177.8762824,-0.454359952,0.151935395,-2.990481265,0.002785382,0.010188717
ENSMUSG00000006642.4_ Tcf23, Tcf23,0.646665,1.164291,1.268778,0.901427,0.890934,1.321303,0.532469,1.298237,1.10755,1.049634, Tcf23,46.44812706,-0.453423741,0.263075397,-1.723550533,0.084789015,0.163444198
ENSMUSG00000006651.9_ Aplp1, Aplp1,0.576361,3.145342,1.172652,1.0805,1.609371,1.222035,2.004039,2.942938,3.615164,3.605489, Aplp1,48.90036961,0.683399328,0.345672669,1.977012906,0.048040171,0.103688944
ENSMUSG00000006673.15_ Qrich1, Qrich1,16.379122,20.78263,16.360066,18.665298,18.670173,18.574687,21.506765,30.732501,24.859165,26.398577, Qrich1,493.6559898,0.127285245,0.078693316,1.617484827,0.105773668,0.195226354
ENSMUSG00000006675.11_ P4htm, P4htm,6.981419,9.915554,7.504296,7.716949,7.157073,7.795094,6.410128,9.905984,7.694069,9.122509, P4htm,144.0897827,-0.344402911,0.129952352,-2.650224537,0.008043829,0.024287103
ENSMUSG00000006676.18_ Usp19, Usp19,48.8461,59.909925,53.542837,63.674695,55.380458,53.643174,47.964134,70.331231,56.999087,86.332503, Usp19,2252.474588,-0.216745257,0.066181873,-3.27499432,0.001056641,0.004558264
ENSMUSG00000006678.7_ Pola1, Pola1,0.626,0.7812,0.696864,0.889425,0.852475,1.001979,0.960702,1.597808,1.3436,1.573012, Pola1,59.93494191,0.358205497,0.187672329,1.908675078,0.05630402,0.117632781
ENSMUSG00000006699.18_ Cdc42, Cdc42,69.33691,77.03785,65.423496,64.128065,69.317785,68.672229,108.157386,117.373575,87.854,136.447195, Cdc42,1754.124086,0.349934127,0.084741558,4.129427603,3.64E-05,0.000265757
ENSMUSG00000006705.14_ Pknox1, Pknox1,3.09296,4.424248,3.722819,4.153057,4.93225,3.594056,4.071994,5.562772,4.324355,7.055454, Pknox1,158.2809598,-0.156134922,0.118344455,-1.319326044,0.187060135,0.303397051
ENSMUSG00000006715.12_ Gmnn, Gmnn,45.019561,32.270934,41.708345,44.170062,42.896188,40.201205,52.507829,43.046894,46.997207,33.767847, Gmnn,337.5831237,-0.262908764,0.192337357,-1.366914714,0.171652039,0.28392453
ENSMUSG00000006717.8_ Acot13, Acot13,319.178066,286.916422,307.88739,329.638906,321.992173,332.000749,338.674967,333.275676,325.813754,280.149, Acot13,1772.49103,-0.369261443,0.127701588,-2.891596337,0.003832901,0.013199193
ENSMUSG00000006728.13_ Cdk4, Cdk4,26.297211,34.251534,25.256513,32.53347,22.636327,28.452795,42.378455,36.155574,33.207743,49.125598, Cdk4,574.8234646,0.177787372,0.104227446,1.705763486,0.088052124,0.168348162
ENSMUSG00000006731.11_ B4galnt1, B4galnt1,1.400611,2.581738,1.341451,1.490182,1.237858,1.528094,6.018432,7.073786,4.294924,14.477076, B4galnt1,83.95322556,1.903546887,0.277340411,6.863575631,6.72E-12,3.81E-10
ENSMUSG00000006732.15_ Mettl1, Mettl1,6.298211,7.582192,3.992493,6.362558,5.747319,4.94084,6.250972,9.197657,6.430123,8.408502, Mettl1,105.6126558,-0.028404443,0.15513591,-0.183093927,0.854724321,0.907469699
ENSMUSG00000006736.10_ Tspan31, Tspan31,33.936306,34.370198,28.728729,28.834947,27.046679,27.572106,37.629938,49.510376,33.944888,52.216883, Tspan31,515.8176708,0.122277375,0.088968461,1.374390129,0.169320599,0.281093207
ENSMUSG00000006740.15_ Kif5b, Kif5b,35.789636,30.842729,30.723875,34.784884,36.324152,33.380385,42.296202,46.125785,38.645858,41.327025, Kif5b,2420.786207,-0.038105591,0.116973824,-0.325761695,0.744604662,0.82951794
ENSMUSG00000006763.15_ Saal1, Saal1,1.195156,1.793496,1.656786,1.299489,1.070492,1.625518,2.023334,3.042432,1.971837,2.434927, Saal1,65.00554347,0.226939424,0.175981979,1.289560586,0.197203268,0.315708248
ENSMUSG00000006782.17_ Cnp, Cnp,3.230733,6.008036,3.042778,4.857429,3.156433,4.503386,7.282283,7.601803,5.242919,9.491036, Cnp,125.8178867,0.454909964,0.182914098,2.487014232,0.012882025,0.035561874
ENSMUSG00000006800.15_ Sulf2, Sulf2,14.93087,26.348306,13.091805,13.836028,11.345501,15.679021,35.942726,52.700133,27.798333,56.794029, Sulf2,1031.250703,1.087358834,0.1872237,5.807805482,6.33E-09,1.56E-07
ENSMUSG00000006818.6_ Sod2, Sod2,491.678854,431.629115,501.425198,572.921493,511.523083,508.867509,491.534998,516.826911,478.499373,440.744961, Sod2,7152.590863,-0.550290733,0.147728549,-3.72501279,0.000195305,0.001104119
ENSMUSG00000006850.9_ Tmco6, Tmco6,2.245129,3.542982,2.319128,2.240227,3.378939,4.794036,2.328031,4.424979,3.68138,5.76721, Tmco6,54.58202248,0.154016138,0.248479581,0.619834182,0.535366962,0.661202154
ENSMUSG00000006906.11_ Stambp, Stambp,5.052785,7.064675,5.117087,5.411321,5.410998,6.286114,6.902387,7.212928,6.283317,11.226323, Stambp,149.2749659,-0.048776245,0.125727255,-0.387952836,0.698050937,0.795363096
ENSMUSG00000006920.15_ Ezh1, Ezh1,14.921216,19.906905,22.087366,19.777861,16.958788,23.889515,14.900355,26.463936,23.216177,22.645811, Ezh1,827.3023404,-0.308436844,0.149897216,-2.057655581,0.039623207,0.089055417
ENSMUSG00000006930.16_ Hap1, Hap1,0.702825,1.403097,0.886224,0.654261,0.379994,0.913286,0.77013,0.911838,0.737156,1.144992, Hap1,22.75807788,-0.128680676,0.314839446,-0.408718403,0.682746327,0.783669818
ENSMUSG00000006931.16_ P3h4, P3h4,22.43332,24.938262,22.127054,21.918819,18.883586,22.002034,25.339458,21.186669,22.827526,26.501808, P3h4,519.349397,-0.255602266,0.110988522,-2.302961258,0.021281023,0.053859886
ENSMUSG00000006932.18_ Ctnnb1, Ctnnb1,139.285295,161.018501,140.973949,147.490972,132.950219,142.784096,161.140415,190.250572,170.016169,257.404074, Ctnnb1,5390.938848,-0.024104891,0.058809657,-0.409879814,0.681894114,0.783079172
ENSMUSG00000006941.6_ Eif1b, Eif1b,32.096886,36.506675,30.701254,34.255863,29.602994,31.378563,40.526508,49.838459,38.879457,44.339995, Eif1b,331.0628402,0.01242838,0.091463774,0.135883087,0.891913706,0.931267019
ENSMUSG00000006958.15_ Chrd, Chrd,1.679222,2.11195,1.299377,1.25769,1.851071,1.750431,1.996167,3.499563,2.753616,3.322644, Chrd,69.57810836,0.464477042,0.204034778,2.276460151,0.022818483,0.056797098
ENSMUSG00000006998.17_ Psmd2, Psmd2,87.468304,95.491393,86.754919,96.689784,87.325303,95.426196,89.870157,101.146451,91.479954,103.538583, Psmd2,2966.775582,-0.315127555,0.060469127,-5.211379302,1.87E-07,2.94E-06
ENSMUSG00000007029.17_ Vars1, Vars1,12.385404,13.575363,13.081489,13.047636,12.864021,15.57128,15.134444,17.740136,13.983059,25.59432, Vars1,614.1863386,0.062217808,0.109982456,0.565706663,0.571593205,0.693080551
ENSMUSG00000007030.9_ Vwa7, Vwa7,3.910873,4.985076,4.370928,4.074553,4.641886,4.399974,3.134172,4.055323,4.278924,5.326209, Vwa7,207.7752881,-0.465475963,0.118938401,-3.91358853,9.09E-05,0.000586112
ENSMUSG00000007033.5_ Hspa1l, Hspa1l,5.157858,5.3,4.798727,4.776683,5.417522,4.937651,5.182151,6.252088,5.805349,4.440383, Hspa1l,137.214751,-0.2762721,0.152328218,-1.813663314,0.069729576,0.139331618
ENSMUSG00000007036.16_ Abhd16a, Abhd16a,31.843388,41.397267,32.523721,44.366545,33.496031,36.731116,33.534378,46.573799,41.488029,48.299057, Abhd16a,642.0365445,-0.158459691,0.082869975,-1.912148418,0.05585716,0.116941451
ENSMUSG00000007038.6_ Neu1, Neu1,8.816786,8.676546,9.183695,11.253289,7.938991,9.005059,10.157719,11.81596,10.890189,14.611451, Neu1,286.4030119,0.004839038,0.11509163,0.042045089,0.966462754,0.979210844
ENSMUSG00000007039.13_ Ddah2, Ddah2,11.575582,14.53648,9.926354,11.919488,11.810969,13.576247,21.922464,35.729058,19.060841,50.849839, Ddah2,229.0490381,0.9526144,0.184396117,5.166130479,2.39E-07,3.59E-06
ENSMUSG00000007041.10_ Clic1, Clic1,18.476456,29.523513,18.18577,21.957451,17.142057,19.740333,46.69905,61.141698,39.135248,77.293624, Clic1,460.0599586,1.028717202,0.149670517,6.873212048,6.28E-12,3.61E-10
ENSMUSG00000007050.18_ Lsm2, Lsm2,12.317644,7.164535,9.02768,8.195937,8.645622,7.977655,9.968673,9.774869,9.292848,12.211947, Lsm2,63.3355261,-0.048111542,0.176319653,-0.27286545,0.784956646,0.858853416
ENSMUSG00000007080.15_ Pole, Pole,0.854795,0.575776,1.028649,1.438936,0.742883,2.120455,0.837367,0.944861,0.584993,1.368688, Pole,66.02418802,-0.266185733,0.230415425,-1.155242677,0.247991063,0.375846122
ENSMUSG00000007097.15_ Atp1a2, Atp1a2,296.766474,303.790561,320.895163,358.363709,298.225397,315.794998,245.133149,302.926378,301.246092,290.825542, Atp1a2,15487.66969,-0.541726653,0.097956343,-5.53028663,3.20E-08,6.31E-07
ENSMUSG00000007122.12_ Casq1, Casq1,8.570642,27.093728,6.648748,3.264266,3.553995,4.721637,7.976687,5.093522,4.891095,2.847914, Casq1,125.4325121,-0.987818498,0.644622146,-1.532399258,0.125423941,0.223320367
ENSMUSG00000007207.11_ Stx1a, Stx1a,0.808992,2.19538,0.953673,1.134537,1.148165,0.929888,3.424572,2.467607,1.214253,3.738377, Stx1a,33.2262889,0.778940757,0.310484617,2.508790173,0.012114542,0.033784652
ENSMUSG00000007216.7_ Zfp775, Zfp775,4.237926,4.246846,8.177572,4.632594,4.402646,4.613597,2.735014,5.550868,4.179432,4.385984, Zfp775,195.4373,-0.568265079,0.15261041,-3.723632469,0.000196377,0.001107788
ENSMUSG00000007279.15_ Scube2, Scube2,11.254248,9.969295,7.047811,7.128326,8.553379,7.101436,9.154241,6.831447,9.686589,7.037359, Scube2,150.4109811,-0.375408879,0.159215032,-2.35787334,0.018379963,0.047781343
ENSMUSG00000007338.11_ Mrpl49, Mrpl49,20.594221,23.184939,22.373913,20.481901,19.793919,21.828751,20.734404,24.42032,22.994725,22.326948, Mrpl49,387.9241409,-0.303600507,0.095695217,-3.172577664,0.001510921,0.006124978
ENSMUSG00000007379.16_ Dennd2c, Dennd2c,0.689111,0.928865,0.826668,1.11005,0.773451,0.866178,0.982697,1.167006,1.003777,1.082764, Dennd2c,48.47609931,-0.095989307,0.202196408,-0.474732997,0.634977296,0.745281791
ENSMUSG00000007411.17_ Mark3, Mark3,16.333674,18.834485,18.286761,17.790836,18.178945,17.071083,20.474975,27.5363,22.801045,26.288047, Mark3,633.8254107,0.06180954,0.077596044,0.796555292,0.425709351,0.560627784
ENSMUSG00000007415.16_ Gatad1, Gatad1,63.558847,61.469097,57.300408,60.278022,61.325744,70.703055,69.4072,74.081649,66.836483,77.727595, Gatad1,877.6368653,-0.244473184,0.109365832,-2.235370772,0.025393017,0.062097082
ENSMUSG00000007458.15_ M6pr, M6pr,19.125603,23.042177,21.72161,21.325005,18.572556,22.314829,30.502221,38.53668,26.416217,41.801401, M6pr,687.2255926,0.308534041,0.08958078,3.444199083,0.000572754,0.002701008
ENSMUSG00000007476.19_ Lrrc8a, Lrrc8a,6.471256,13.930874,7.859544,7.600556,8.623555,11.030501,12.499095,16.06618,9.7488,17.497645, Lrrc8a,514.0529637,0.202474912,0.174647415,1.159335295,0.24631954,0.373972111
ENSMUSG00000007564.16_ Ppp2r1a, Ppp2r1a,79.225107,93.733205,77.669314,88.320275,77.335347,89.456773,91.727395,120.496727,92.137371,110.288982, Ppp2r1a,2294.247645,-0.095495239,0.06093079,-1.567273942,0.117050673,0.211426609
ENSMUSG00000007570.17_ Fance, Fance,3.88829,6.656748,7.730887,7.514222,4.33655,7.033012,7.581477,12.105156,6.973934,8.774084, Fance,98.77176342,0.056778237,0.162968217,0.348400676,0.727539295,0.818074226
ENSMUSG00000007589.10_ Tinf2, Tinf2,5.269769,7.290788,6.900336,7.505625,5.774958,7.48265,8.310191,11.037026,7.904064,9.240584, Tinf2,188.4422227,0.085363133,0.119518437,0.714225649,0.475087659,0.607234007
ENSMUSG00000007603.10_ Dus3l, Dus3l,10.900994,14.374788,13.097244,13.794626,12.681346,12.332398,15.951312,19.27406,15.798885,20.507634, Dus3l,335.8770063,0.121472463,0.08695591,1.396943153,0.162430666,0.272240608
ENSMUSG00000007610.17_ Gtpbp3, Gtpbp3,10.307168,7.80109,8.236843,8.793254,6.539422,9.452352,8.597968,10.913096,8.528946,11.177934, Gtpbp3,202.4194923,-0.030086555,0.114639309,-0.262445361,0.792978105,0.864442973
ENSMUSG00000007613.16_ Tgfbr1, Tgfbr1,4.944374,6.426901,5.619838,5.156518,4.895997,5.77807,8.210886,11.97225,8.194648,16.042711, Tgfbr1,436.4084526,0.58879768,0.132402006,4.44704502,8.71E-06,8.00E-05
ENSMUSG00000007617.19_ Homer1, Homer1,13.695379,20.550211,14.562265,13.768693,16.851709,15.871704,17.078655,16.708168,15.794669,12.169758, Homer1,590.6437444,-0.414098926,0.168984838,-2.45050935,0.014265426,0.038714736
ENSMUSG00000007646.14_ Rad51c, Rad51c,0.412416,0.524301,0.397449,0.63704,0.664207,0.683721,0.642398,0.95092,0.304119,0.921905, Rad51c,11.94089891,0.0589479,0.389466515,0.151355503,0.879695288,0.923806891
ENSMUSG00000007655.17_ Cav1, Cav1,118.590361,124.281426,115.14849,121.919807,133.401881,134.093861,171.261866,201.395035,193.17628,212.466907, Cav1,3538.129896,0.287785383,0.084971167,3.386859244,0.000706976,0.003223813
ENSMUSG00000007656.15_ Arpp19, Arpp19,109.043304,115.111708,98.933552,83.78919,105.846103,90.584683,98.187803,98.76288,102.547231,94.579655, Arpp19,625.9976637,-0.256359244,0.126039598,-2.033957959,0.041955834,0.093085292
ENSMUSG00000007659.19_ Bcl2l1, Bcl2l1,13.515975,29.269984,21.911949,12.304663,18.113117,24.244744,22.78322,30.410911,24.172961,32.660186, Bcl2l1,513.8885437,0.0975223,0.176139105,0.553666375,0.579807191,0.699353416
ENSMUSG00000007670.11_ Khsrp, Khsrp,10.120544,14.538643,11.340494,12.924856,12.358331,11.383896,12.465023,18.129904,14.933302,20.599522, Khsrp,529.9444864,0.065352123,0.089828955,0.727517349,0.466909091,0.599880261
ENSMUSG00000007682.9_ Dio2, Dio2,0.349656,0.491271,0.205701,0.169705,0.212667,0.18698,0.575311,1.32061,0.290187,1.503593, Dio2,34.59255331,1.330756512,0.417122471,3.190325635,0.001421126,0.005823994
ENSMUSG00000007721.7_ Ccdc124, Ccdc124,30.058103,31.527218,24.828749,28.696531,26.534747,28.576283,30.781542,34.918432,27.188546,32.668932, Ccdc124,380.5986091,-0.233906329,0.09560036,-2.446709699,0.014416691,0.039066311
ENSMUSG00000007739.11_ Cct4, Cct4,49.267841,53.606223,55.471043,50.777771,51.721369,51.587048,63.297364,64.770841,61.238798,69.227967, Cct4,1254.946903,-0.075161229,0.084015883,-0.894607378,0.370997007,0.5059201
ENSMUSG00000007777.10_ Trappc2b, Trappc2b,20.297572,19.775211,20.080728,21.226159,17.110243,18.031149,21.153461,19.389189,19.033793,20.918948, Trappc2b,131.1521184,-0.332432841,0.14038699,-2.367974698,0.017885759,0.046709622
ENSMUSG00000007783.11_ Cpt1c, Cpt1c,1.26473,3.198585,1.260335,1.204004,2.025591,1.154337,4.246774,6.683695,4.246817,11.181072, Cpt1c,93.402485,1.763729593,0.329790039,5.348037798,8.89E-08,1.56E-06
ENSMUSG00000007805.5_ Twist2, Twist2,0.638233,1.688278,0.707,0.401711,0.687815,0.460142,1.057519,2.374589,0.943673,2.157924, Twist2,13.14871426,0.676883803,0.444886034,1.521476852,0.128140216,0.226985304
ENSMUSG00000007812.18_ Zfp655, Zfp655,11.795985,13.108343,14.653836,14.398281,13.237942,16.412703,16.671542,19.472332,18.752726,19.080065, Zfp655,388.702572,-0.059471068,0.126507666,-0.470098533,0.638284622,0.748036951
ENSMUSG00000007815.14_ Rhoa, Rhoa,86.318972,97.896,87.959771,79.634924,91.731918,89.343624,123.047426,147.767346,113.898943,153.185764, Rhoa,2293.102635,0.184113991,0.07098588,2.593670606,0.009495741,0.027800172
ENSMUSG00000007817.16_ Zmiz1, Zmiz1,17.309248,26.164072,16.682411,18.746435,16.54863,18.970878,17.207008,28.941542,21.100235,29.89566, Zmiz1,1575.576174,-0.018190563,0.098952166,-0.183831881,0.854145345,0.90712745
ENSMUSG00000007827.11_ Ankrd26, Ankrd26,0.890674,0.971525,0.506225,0.665703,0.699146,0.961354,1.210764,2.164388,2.220284,1.286388, Ankrd26,67.17606026,-0.051265547,0.211347019,-0.242565742,0.808341823,0.876321946
ENSMUSG00000007833.16_ Aldh16a1, Aldh16a1,5.426212,7.56794,6.120474,7.783938,4.208116,9.697993,9.266381,15.303507,9.595852,10.705279, Aldh16a1,199.9693621,0.179665226,0.144412798,1.244108753,0.21345954,0.335168928
ENSMUSG00000007836.7_ Hnrnpa0, Hnrnpa0,36.629328,41.161327,34.326636,36.845044,39.534068,36.31065,55.343417,56.268355,46.075378,63.608915, Hnrnpa0,1250.728041,0.173563152,0.082098053,2.114095846,0.034507082,0.079631728
ENSMUSG00000007837.12_ Prrg2, Prrg2,4.831329,6.601197,4.962348,5.821676,9.006383,7.892298,7.183401,8.922855,6.700571,16.502915, Prrg2,87.02306451,0.238059608,0.205243393,1.159889265,0.246093894,0.373695982
ENSMUSG00000007850.17_ Hnrnph1, Hnrnph1,58.209685,87.256043,76.768081,60.828909,78.149469,78.702088,95.990157,107.487233,101.077258,126.10163, Hnrnph1,1681.309282,0.0305842,0.100756218,0.303546523,0.761473398,0.841517007
ENSMUSG00000007867.10_ Ift43, Ift43,14.988626,20.567876,19.303679,15.66534,22.92219,16.715267,23.841435,20.518525,21.789312,26.920761, Ift43,125.9088237,-0.047807235,0.159410532,-0.299900101,0.764253357,0.843451596
ENSMUSG00000007872.4_ Id3, Id3,31.615628,49.715249,34.992788,32.837513,37.437834,41.559202,64.377271,72.634937,47.220967,115.594964, Id3,571.241123,0.601704019,0.168165907,3.578038075,0.000346183,0.001765251
ENSMUSG00000007877.3_ Tcap, Tcap,1529.268238,2297.715827,2116.298864,1887.730885,1792.103598,2268.721614,1918.443444,2188.764419,2352.134327,1638.432556, Tcap,16491.40988,-0.337218313,0.147206332,-2.290786732,0.021975751,0.055149713
ENSMUSG00000007880.17_ Arid1a, Arid1a,12.286602,16.337706,13.481774,16.110616,14.307008,16.007408,13.493893,20.95669,17.559176,23.661188, Arid1a,1446.437601,-0.058143871,0.087143646,-0.667218713,0.50463244,0.634298301
ENSMUSG00000007888.16_ Crlf1, Crlf1,0.556018,1.671155,0.243046,0.311423,0.640574,1.26218,8.186049,31.223592,2.523602,31.959712, Crlf1,72.87943909,4.498866466,0.506613258,8.8802778,6.67E-19,3.80E-16
ENSMUSG00000007891.17_ Ctsd, Ctsd,478.461158,495.603487,480.079477,564.870356,500.455766,517.585804,664.934572,906.876149,654.32662,1015.669904, Ctsd,13438.47518,0.269213574,0.085256141,3.157703033,0.001590175,0.006387006
ENSMUSG00000007892.9_ Rplp1, Rplp1,738.764983,941.86204,780.280949,753.936721,790.873755,783.215574,1216.963626,1456.965419,981.413212,1735.172495, Rplp1,2842.578349,0.330857537,0.096169011,3.440375777,0.000580907,0.002725731
ENSMUSG00000007944.9_ Ttc9b, Ttc9b,1.099602,0.913544,1.315396,1.833154,0.866795,1.236853,1.223671,1.525404,1.039648,0.913146, Ttc9b,25.7234225,-0.420711451,0.306791535,-1.371326788,0.170273109,0.282316992
ENSMUSG00000007950.10_ Abhd8, Abhd8,10.591057,13.976224,9.959582,11.514905,10.921061,11.088565,12.293636,16.231878,10.627866,21.683319, Abhd8,255.5669681,-0.00126695,0.129793859,-0.009761246,0.992211776,0.995172242
ENSMUSG00000007987.13_ Ift22, Ift22,4.830325,4.074128,4.345292,5.471097,2.98753,3.930058,4.889217,7.620504,6.532722,7.293191, Ift22,101.1459645,0.151385426,0.17149141,0.882758072,0.377366999,0.512406147
ENSMUSG00000007989.8_ Fzd3, Fzd3,0.214151,0.436576,0.243729,0.223619,0.367329,0.329599,0.232834,0.447297,0.305072,0.417457, Fzd3,46.66217399,-0.19238527,0.241270557,-0.797383948,0.425228079,0.560248264
ENSMUSG00000008035.13_ Mid1ip1, Mid1ip1,68.995814,104.99958,70.057663,81.066964,93.755708,81.90878,78.80072,90.359695,95.885824,105.581846, Mid1ip1,1460.09723,-0.308199328,0.115029625,-2.679303938,0.007377539,0.022608588
ENSMUSG00000008036.12_ Ap2s1, Ap2s1,38.391143,55.55889,42.68836,49.160578,44.158553,48.807992,67.905893,75.943601,57.200884,96.156865, Ap2s1,385.2180155,0.271023285,0.10682752,2.537017487,0.011180137,0.031677457
ENSMUSG00000008090.15_ Fgfrl1, Fgfrl1,8.5018,9.72684,7.779822,9.905002,6.386085,9.127723,9.725571,18.720116,13.168125,22.415013, Fgfrl1,222.7705804,0.337630883,0.153679987,2.196973661,0.028022327,0.06724743
ENSMUSG00000008136.15_ Fhl2, Fhl2,857.624007,741.404842,756.547399,1095.175975,828.580891,841.554883,1091.157573,952.701066,1050.535529,843.882175, Fhl2,13115.0967,-0.160894393,0.161298572,-0.997494217,0.31852468,0.452030586
ENSMUSG00000008140.19_ Emc10, Emc10,49.469648,67.347748,47.608146,60.314988,51.795666,57.585186,70.5596,83.747035,61.206655,86.313297, Emc10,1090.954543,0.023652195,0.089313205,0.264823047,0.791145782,0.863607094
ENSMUSG00000008167.15_ Fbxw9, Fbxw9,1.618043,2.761569,1.521148,3.045088,1.272457,1.71716,4.468485,7.581923,3.039984,7.950786, Fbxw9,53.02582515,1.093418074,0.285697313,3.82719061,0.000129614,0.00078778
ENSMUSG00000008200.16_ Fnbp4, Fnbp4,12.886924,16.76002,13.021161,15.114838,14.093183,17.650106,17.192621,23.849357,22.920281,26.874426, Fnbp4,461.1555456,0.147872686,0.083975871,1.760894939,0.078256187,0.153170888
ENSMUSG00000008206.17_ Cers4, Cers4,14.832184,19.962157,13.681865,15.298776,14.631734,12.189646,16.421851,21.216964,13.775081,18.048763, Cers4,518.0025576,-0.127026008,0.099964973,-1.270705169,0.203833556,0.323283078
ENSMUSG00000008226.15_ Scrn3, Scrn3,17.236439,11.170991,13.151656,10.830595,13.436172,13.262692,10.800734,14.085464,12.978498,10.861995, Scrn3,381.6642229,-0.316233261,0.118247637,-2.674330484,0.007487862,0.022882488
ENSMUSG00000008301.12_ Phax, Phax,7.229635,12.338215,14.043274,11.307057,10.193786,14.307443,13.839368,15.118996,11.000676,17.893519, Phax,187.0285918,-0.000897576,0.115210589,-0.007790743,0.99378395,0.995752266
ENSMUSG00000008305.20_ Tle1, Tle1,3.10501,5.901968,5.472337,4.275729,4.909908,5.370158,4.032083,6.641638,5.996623,9.565732, Tle1,158.8960968,0.040283516,0.173814394,0.231761679,0.816723122,0.882852913
ENSMUSG00000008307.12_ 1700109H08Rik, 1700109H08Rik,1.471683,3.85338,1.798142,1.227606,0.957943,0.85634,0.575469,1.054608,1.26293,1.664126, 1700109H08Rik,27.35625529,-0.484225204,0.345537697,-1.401367224,0.161104288,0.270440231
ENSMUSG00000008318.11_ Relt, Relt,1.159716,0.932206,2.818198,1.405506,2.018787,1.122427,1.666209,3.28122,1.528226,3.169118, Relt,39.58759258,0.349040983,0.230826364,1.512136554,0.130499127,0.230261583
ENSMUSG00000008333.13_ Snrpb2, Snrpb2,8.640294,5.453974,7.92754,6.397573,6.079423,6.925772,7.686369,8.293461,9.025499,7.863159, Snrpb2,128.2255259,0.067287912,0.134215995,0.501340487,0.616131516,0.729928663
ENSMUSG00000008348.10_ Ubc, Ubc,99.242489,105.599771,108.687336,119.876494,64.430647,87.982357,89.951336,153.332749,106.774805,124.001995, Ubc,2922.540147,-0.119619305,0.158882571,-0.752878709,0.451522803,0.585447923
ENSMUSG00000008373.17_ Prpf31, Prpf31,7.870053,11.795687,9.76181,10.72091,9.487497,9.966585,14.756446,14.757793,11.834237,15.71855, Prpf31,205.9616629,0.123539832,0.105329565,1.172888465,0.240840536,0.367997602
ENSMUSG00000008384.9_ Sertad1, Sertad1,5.428295,6.443785,6.469022,5.99278,5.12097,7.664892,9.800446,9.656407,9.569421,15.404987, Sertad1,90.67843364,0.441627943,0.165978343,2.66075643,0.007796533,0.02366343
ENSMUSG00000008393.10_ Carhsp1, Carhsp1,8.030148,17.265876,8.207578,10.145956,9.75794,10.844543,18.387937,29.749894,17.392784,33.441396, Carhsp1,468.8362435,0.805305944,0.185025696,4.352400565,1.35E-05,0.000115005
ENSMUSG00000008398.17_ Elk3, Elk3,13.518432,13.904856,12.763526,15.773361,12.624674,12.161673,20.68812,25.712407,16.817024,25.562444, Elk3,625.3092288,0.281184957,0.08148088,3.450931787,0.000558655,0.002646735
ENSMUSG00000008429.9_ Herpud2, Herpud2,14.717023,19.997218,15.512446,15.879682,13.920486,17.127272,16.158677,26.851043,21.237781,26.253675, Herpud2,562.6423251,0.075455087,0.104726221,0.720498523,0.471218109,0.603877752
ENSMUSG00000008435.16_ Rdh13, Rdh13,9.40854,13.243651,9.22588,11.019463,11.479731,9.58942,10.081022,12.023517,12.158436,10.273217, Rdh13,290.4287648,-0.345329844,0.129192476,-2.672987276,0.00751791,0.022952912
ENSMUSG00000008450.9_ Nutf2, Nutf2,60.110933,64.374978,71.159402,69.351149,63.459656,64.55302,74.980641,81.208621,67.714027,73.178002, Nutf2,558.6432573,-0.188617424,0.100324531,-1.880072813,0.060098155,0.123979042
ENSMUSG00000008475.14_ Arpc5, Arpc5,17.824721,21.550525,16.765681,18.710528,17.891124,16.651898,41.735526,46.247505,31.194612,56.11335, Arpc5,515.5163675,0.865290763,0.119189786,7.259772802,3.88E-13,3.06E-11
ENSMUSG00000008496.20_ Pou2f2, Pou2f2,0.688235,0.667212,0.562502,0.449,0.387271,0.829207,1.609634,2.571544,1.465838,4.414718, Pou2f2,70.10204767,1.682993693,0.222893073,7.550677405,4.33E-14,4.37E-12
ENSMUSG00000008540.12_ Mgst1, Mgst1,60.242374,58.598705,47.200448,60.227997,55.105393,64.598749,48.926603,90.259036,64.030086,49.873997, Mgst1,412.9004133,-0.181452344,0.141883008,-1.278887062,0.200936829,0.319927354
ENSMUSG00000008575.18_ Nfib, Nfib,18.134884,18.812482,16.869357,16.050676,19.304255,19.519099,18.686888,21.734486,21.722213,23.788941, Nfib,1775.658489,-0.172266373,0.079256766,-2.173522611,0.029741006,0.070570966
ENSMUSG00000008604.12_ Ubqln4, Ubqln4,33.372588,33.398169,32.602615,39.285695,34.189026,37.018368,31.128084,38.823309,32.672573,37.9355, Ubqln4,1199.330392,-0.37669274,0.082034547,-4.591879309,4.39E-06,4.50E-05
ENSMUSG00000008658.18_ Rbfox1, Rbfox1,16.949351,17.301019,21.515631,19.320985,19.922289,23.578336,9.649811,15.519355,17.199653,12.590175, Rbfox1,373.7251362,-0.878556681,0.175534457,-5.005038296,5.59E-07,7.46E-06
ENSMUSG00000008668.16_ Rps18, Rps18,351.500573,368.118225,354.873368,397.559149,348.337465,341.345487,538.717619,602.093111,428.231374,714.476086, Rps18,1570.757163,0.246775634,0.101309442,2.435860174,0.014856426,0.039976959
ENSMUSG00000008682.14_ Rpl10, Rpl10,348.349634,515.858488,362.902114,361.609967,398.038935,431.072693,547.959803,778.269465,550.160132,944.801245, Rpl10,3013.481086,0.37036695,0.10296687,3.596952578,0.000321967,0.001664428
ENSMUSG00000008683.17_ Rps15a, Rps15a,159.231324,187.050379,165.215693,186.877754,180.266141,187.016905,266.930052,311.733834,197.547593,345.802285, Rps15a,1089.760352,0.207989373,0.107741448,1.930449028,0.053551225,0.112979813
ENSMUSG00000008690.16_ Ncaph2, Ncaph2,25.136237,28.444043,22.990906,27.76686,25.676925,29.807999,31.912917,37.833107,31.897729,35.604029, Ncaph2,962.5746808,-0.038148727,0.08142333,-0.4685233,0.639410412,0.748987715
ENSMUSG00000008730.18_ Hipk1, Hipk1,12.632455,22.188249,19.290719,15.00325,17.908596,18.350812,13.413327,22.962682,17.163387,26.172383, Hipk1,1423.412407,-0.136142659,0.138678096,-0.981717102,0.326239238,0.459546192
ENSMUSG00000008734.10_ Gprc5b, Gprc5b,4.423701,11.42119,4.616527,6.910511,5.258394,4.883149,9.575063,15.722553,11.518684,19.951116, Gprc5b,384.5402283,0.704321919,0.176624469,3.987680322,6.67E-05,0.00044858
ENSMUSG00000008763.17_ Man1a2, Man1a2,3.57482,6.224159,4.457219,3.999398,4.733378,5.73143,5.815798,7.864093,6.16517,8.129368, Man1a2,484.3009558,0.213183644,0.101046087,2.109766447,0.034878478,0.080276834
ENSMUSG00000008822.16_ Acyp1, Acyp1,11.044202,11.465424,12.897881,11.669316,11.165289,13.254226,13.953441,10.327744,11.591181,13.85586, Acyp1,56.55698934,-0.327933066,0.193258826,-1.696859451,0.089723236,0.170845551
ENSMUSG00000008845.10_ Cd163, Cd163,5.636169,16.205077,8.106248,5.208427,9.113734,8.244663,8.824094,13.105602,9.902444,6.863115, Cd163,391.2966286,-0.206502058,0.267177935,-0.772900868,0.439581051,0.574529951
ENSMUSG00000008855.18_ Hdac5, Hdac5,44.90371,42.603281,44.657296,49.566553,40.801115,51.768085,45.05927,61.414656,55.076298,63.050992, Hdac5,1493.306445,-0.182844703,0.082920721,-2.205054424,0.027450276,0.066031764
ENSMUSG00000008859.9_ Rala, Rala,13.957391,11.722227,11.175408,12.100578,15.719768,14.230549,15.330984,17.449704,15.893176,22.191132, Rala,381.872293,-0.053978122,0.118257505,-0.456445634,0.648069557,0.756346421
ENSMUSG00000008892.14_ Vdac3, Vdac3,173.078567,178.169182,179.654971,181.731998,187.23902,192.408573,209.998402,185.80451,205.371235,167.71712, Vdac3,2450.359724,-0.29101324,0.130722495,-2.226190988,0.026001391,0.063301437
ENSMUSG00000008958.15_ Vps72, Vps72,18.065384,20.954083,16.078627,20.403011,17.811717,18.577177,18.855498,23.935899,19.157907,19.7838, Vps72,252.3522548,-0.24313,0.098013453,-2.480577838,0.013116962,0.036088851
ENSMUSG00000008976.17_ Gabpa, Gabpa,14.468586,14.820046,14.620278,18.952664,15.169607,17.211973,14.705276,15.323763,15.438917,15.779873, Gabpa,681.9269979,-0.304346554,0.120493396,-2.52583596,0.011542336,0.032541941
ENSMUSG00000008999.8_ Bmp7, Bmp7,0.655327,0.329067,0.643008,0.382022,0.191886,0.554204,0.747372,0.36,0.478177,0.395588, Bmp7,19.46410482,-0.232742376,0.420955042,-0.552891289,0.580337853,0.699800335
ENSMUSG00000009013.6_ Dynll1, Dynll1,21.560404,40.712661,25.948022,34.444971,32.485336,31.333078,67.382673,64.637714,54.857209,119.602461, Dynll1,353.4923262,0.931572449,0.189358382,4.919626166,8.67E-07,1.10E-05
ENSMUSG00000009030.15_ Pdcl, Pdcl,9.814848,6.831033,7.149803,6.200746,6.633807,6.643005,9.067101,11.582643,9.457889,8.613596, Pdcl,215.6379877,-0.165526214,0.100416527,-1.648396119,0.099271412,0.185914459
ENSMUSG00000009035.16_ Tmem184b, Tmem184b,18.98128,23.723007,19.100073,22.342767,25.53824,25.384958,26.874897,41.169045,24.454309,50.800456, Tmem184b,685.3241994,0.37966108,0.119020774,3.189872381,0.001423356,0.005829491
ENSMUSG00000009073.17_ Nf2, Nf2,40.527844,45.565211,41.044848,43.165488,40.622472,42.364761,40.176193,49.446619,46.699126,44.028552, Nf2,1792.937563,-0.259527965,0.086516392,-2.99975485,0.00270197,0.00993349
ENSMUSG00000009075.3_ Cabp7, Cabp7,0.289913,0.54629,0.462581,0.585483,0.241726,0.346831,0.537911,0.557796,0.721291,0.772728, Cabp7,13.79850927,0.27538621,0.361689132,0.761389231,0.446424618,0.580675339
ENSMUSG00000009076.11_ Zmat5, Zmat5,13.723846,16.967264,13.333862,20.174371,12.504051,12.989707,17.496985,20.742492,15.408997,16.843619, Zmat5,100.6693392,-0.160475042,0.17530323,-0.915414061,0.359974299,0.494681663
ENSMUSG00000009079.17_ Ewsr1, Ewsr1,49.137397,61.001744,59.082835,54.90353,50.21715,61.435973,66.328939,96.159548,66.614565,99.102459, Ewsr1,1100.326123,0.150285635,0.062683921,2.397514908,0.016506709,0.043576915
ENSMUSG00000009090.18_ Ap1b1, Ap1b1,23.341285,25.267914,21.249403,26.708128,22.228042,21.424142,26.069329,29.642552,26.933204,30.118995, Ap1b1,1049.123949,-0.129581351,0.082599601,-1.56878906,0.116697098,0.210933264
ENSMUSG00000009097.11_ Tbx1, Tbx1,0.696396,0.421373,0.465141,0.662998,0.581211,0.218898,0.708101,0.731176,0.529455,1.856295, Tbx1,13.17259342,0.142254299,0.387332367,0.36726675,0.713420054,0.80809892
ENSMUSG00000009112.5_ Bcl2l13, Bcl2l13,22.977686,18.460463,21.335379,27.29151,34.648065,24.739654,17.022364,20.110085,21.188312,16.87021, Bcl2l13,1495.454666,-0.383668328,0.121955407,-3.145972278,0.001655357,0.006610335
ENSMUSG00000009145.7_ Dqx1, Dqx1,0.429963,0.863794,0.52283,0.55019,0.709516,0.771402,0.422079,0.409496,0.310886,1.180876, Dqx1,19.80820014,-0.624302863,0.370894635,-1.683235085,0.092329591,0.175096332
ENSMUSG00000009185.3_ Ccl8, Ccl8,0.982982,1.676811,0.65576,0.650063,0,0.969275,27.329527,34.849838,8.937409,40.117993, Ccl8,29.34453313,4.648923116,0.541172129,8.590470328,8.66E-18,2.59E-15
ENSMUSG00000009207.16_ Lnpk, Lnpk,6.347035,3.788609,6.587571,5.030225,5.165874,3.640802,3.837245,6.321631,5.655711,6.233836, Lnpk,149.9246367,-0.331662738,0.160546482,-2.065836217,0.038843947,0.087634512
ENSMUSG00000009210.11_ Prr29, Prr29,2.498263,1.107785,1.723835,1.405505,1.81481,0.918137,0.998439,0.771177,1.217419,0.506423, Prr29,13.32708056,-1.220423366,0.460033916,-2.652898674,0.007980382,0.024128877
ENSMUSG00000009281.7_ Rarres2, Rarres2,28.175593,49.267695,34.676471,24.954784,28.445433,30.856227,39.925645,60.068569,50.462004,74.319116, Rarres2,311.2181045,0.260553814,0.150517525,1.731053008,0.083442311,0.161165148
ENSMUSG00000009291.14_ Pttg1ip, Pttg1ip,56.907967,80.711731,61.936493,61.537159,61.733505,64.326069,69.612423,94.668885,85.085208,91.726793, Pttg1ip,1676.231091,-0.011056729,0.078838476,-0.14024534,0.88846615,0.928702857
ENSMUSG00000009292.19_ Trpm2, Trpm2,0.660342,0.249182,0.580809,0.19587,0.431303,0.907495,0.31151,1.051751,0.403895,1.311574, Trpm2,21.12831927,1.411779594,0.407747484,3.462387014,0.000535407,0.002551684
ENSMUSG00000009293.18_ Ube2g2, Ube2g2,37.633276,46.508627,43.608486,44.754846,41.734139,40.418511,44.174225,61.790085,46.354262,62.091047, Ube2g2,957.9274389,-0.056517508,0.071180527,-0.794002392,0.427194039,0.562357049
ENSMUSG00000009376.16_ Met, Met,0.644172,0.831143,0.356942,0.584915,0.662091,0.640185,1.533094,1.243779,1.470377,2.263229, Met,65.69408456,0.706872708,0.221684897,3.188637198,0.001429452,0.005848973
ENSMUSG00000009378.5_ Slc16a12, Slc16a12,0.703077,1.59414,0.556248,0.595928,1.057237,0.606939,0.915103,1.370285,1.044605,1.423484, Slc16a12,42.96953253,0.090621471,0.291043876,0.311367045,0.755521604,0.837056387
ENSMUSG00000009394.14_ Syn2, Syn2,1.197987,2.987198,1.566894,1.188669,1.260505,1.817794,1.465654,1.270885,1.135876,1.748719, Syn2,53.23340437,-0.659648215,0.261936643,-2.518350266,0.0117906,0.033077862
ENSMUSG00000009406.14_ Elk1, Elk1,4.557867,5.601562,4.31353,3.934805,3.96439,4.478445,3.760972,5.763426,4.669003,5.607361, Elk1,177.6491949,-0.234178517,0.120144767,-1.949136224,0.051279159,0.109122876
ENSMUSG00000009418.18_ Nav1, Nav1,10.801091,18.634592,11.693193,12.693996,11.891394,11.697838,12.804422,31.092171,19.97124,36.087576, Nav1,1190.271164,0.650812907,0.141855766,4.587849509,4.48E-06,4.56E-05
ENSMUSG00000009470.18_ Tnpo1, Tnpo1,15.040746,16.957129,15.524565,18.308004,15.402967,17.478746,15.075949,23.814788,16.723012,21.540829, Tnpo1,1347.24759,-0.105786518,0.074057644,-1.428434825,0.153166741,0.259769208
ENSMUSG00000009535.14_ Rnmt, Rnmt,5.764151,6.698481,6.322567,7.038275,5.815894,7.532478,6.719357,11.011747,10.484712,12.502648, Rnmt,190.247373,0.129290336,0.118049695,1.095219574,0.273420452,0.404372085
ENSMUSG00000009545.15_ Kcnq1, Kcnq1,15.12472,17.390669,16.591112,16.603167,10.868735,15.813818,14.825339,23.326344,17.639342,17.893767, Kcnq1,533.6784182,-0.138680865,0.137005124,-1.012231227,0.311427509,0.444993421
ENSMUSG00000009549.15_ Srp14, Srp14,65.68833,72.966771,71.720605,72.283279,62.104324,64.564275,75.823197,108.441575,82.000518,109.95867, Srp14,493.8658295,0.04857926,0.089157725,0.544868772,0.585843775,0.703850064
ENSMUSG00000009555.17_ Cdk9, Cdk9,13.557456,23.206084,17.08687,16.84963,15.737783,18.340964,23.879457,33.32652,23.058308,44.504876, Cdk9,357.0184393,0.35218396,0.132395352,2.660093071,0.007811906,0.023701479
ENSMUSG00000009563.17_ Tor2a, Tor2a,7.879877,5.945398,5.404393,8.683819,3.977875,7.115701,11.261074,14.944586,9.697415,20.178967, Tor2a,128.6693935,0.702499871,0.193373859,3.632858521,0.000280299,0.001484734
ENSMUSG00000009566.13_ Fpgs, Fpgs,5.076377,5.169224,3.18458,5.503447,4.401779,3.863529,5.362624,6.964926,5.739168,11.308646, Fpgs,112.5313576,0.178335748,0.161649483,1.103224985,0.269929474,0.400289938
ENSMUSG00000009569.15_ Mrtfb, Mrtfb,7.317391,9.66583,7.110287,8.087341,7.645722,8.969579,7.417864,12.307912,10.845093,12.307895, Mrtfb,774.6056524,0.023216404,0.099419039,0.233520708,0.815357091,0.881667062
ENSMUSG00000009575.15_ Cbx5, Cbx5,13.18146,15.536185,12.401328,12.111954,14.387017,9.98006,17.819292,23.06995,17.339811,18.122365, Cbx5,1047.542234,-0.021152947,0.077491042,-0.272972801,0.784874123,0.858853416
ENSMUSG00000009585.19_ Apobec3, Apobec3,6.486204,12.798928,6.76446,7.464684,7.19813,7.361672,10.941255,14.746637,13.514892,26.174208, Apobec3,224.0107648,0.517638947,0.192034552,2.695551096,0.00702723,0.021687143
ENSMUSG00000009614.17_ Sardh, Sardh,3.884913,11.463178,2.865184,7.227486,2.801374,3.861204,7.744446,8.249812,3.143591,13.651515, Sardh,138.1557188,0.74190375,0.274527886,2.702471363,0.006882611,0.021295972
ENSMUSG00000009621.19_ Vav2, Vav2,6.033901,5.812055,5.74474,6.65222,5.29315,4.916489,5.639497,9.194204,6.751433,12.022397, Vav2,348.2073934,0.083577957,0.126066167,0.662968971,0.507350427,0.636981814
ENSMUSG00000009630.11_ Ppp2cb, Ppp2cb,19.494713,28.668158,22.868321,24.910041,22.303806,27.74468,31.568608,34.552617,27.345393,39.131024, Ppp2cb,392.0854601,0.055427239,0.099378783,0.557737151,0.577023885,0.697536481
ENSMUSG00000009633.4_ G0s2, G0s2,33.91044,30.937881,34.611634,46.804803,42.332628,51.531048,43.50344,35.527757,41.119651,37.183119, G0s2,293.4843892,-0.400269853,0.182718038,-2.190642241,0.028477692,0.068165518
ENSMUSG00000009640.12_ Dmap1, Dmap1,9.775188,10.163046,10.322589,10.175418,8.443414,9.920737,11.392926,13.497596,12.455377,13.709556, Dmap1,168.5064556,0.008794083,0.121413275,0.072430981,0.94225893,0.96312292
ENSMUSG00000009647.14_ Mcu, Mcu,7.658611,8.355604,7.56936,8.432079,8.015009,7.886109,7.697416,7.408781,7.609754,10.730467, Mcu,248.7316268,-0.356160823,0.109561632,-3.250780569,0.001150886,0.004889858
ENSMUSG00000009681.11_ Bcr, Bcr,2.500012,8.216935,3.286709,3.748624,4.129554,3.946051,6.531656,16.08015,10.824672,20.696753, Bcr,318.1129786,0.758540607,0.197781479,3.835245896,0.000125439,0.000767025
ENSMUSG00000009687.15_ Fxyd5, Fxyd5,14.856802,37.907638,21.693391,19.121218,14.468535,17.736255,57.553165,85.23312,39.193573,105.399675, Fxyd5,232.9808721,1.341417676,0.235140109,5.704759107,1.17E-08,2.63E-07
ENSMUSG00000009731.5_ Kcnd1, Kcnd1,0.119819,0.154635,0.151078,0.190348,0.211551,0.196206,0.64798,1.109018,0.339842,1.418891, Kcnd1,23.7835121,1.918455947,0.379584979,5.054088163,4.32E-07,5.97E-06
ENSMUSG00000009733.10_ Tfcp2, Tfcp2,5.964465,5.941584,5.574062,5.456419,5.045602,6.012994,3.798067,6.576591,6.043133,4.452058, Tfcp2,166.9030596,-0.426741734,0.138071325,-3.090733962,0.001996624,0.007753479
ENSMUSG00000009739.19_ Pou6f1, Pou6f1,8.818076,7.901319,7.044447,6.346783,5.60448,7.169406,8.454299,9.702656,10.020771,11.21934, Pou6f1,266.4501374,0.02763661,0.097269645,0.284123687,0.776315595,0.852672374
ENSMUSG00000009741.17_ Ubp1, Ubp1,14.33619,15.746489,13.747866,18.50729,16.116576,15.388125,17.447369,26.955609,20.679385,25.283743, Ubp1,697.0861557,0.141468121,0.072150723,1.960730474,0.049910472,0.106898594
