"cell_id","Treatment","cluster_label","umap_1","umap_2"
"ACCCTTGGTCGATTCA-1_1_1_1_1_1","DC","B-ActMem",3.7294480481844,4.73151304987605
"ACCGTTCAGTGGTTCT-1_1_1_1_1_1","DC","B-Naive",-1.39779570906353,-4.49810383054082
"ACCTGAAAGGTGGGTT-1_1_1_1_1_1","DC","B-Act1",-3.55929997770977,-2.39119121762578
"ACCTGAACATCCGATA-1_1_1_1_1_1","DC","B-ActMem",-2.36497190802288,-4.0043022367603
"ACCTGTCAGGTTAAAC-1_1_1_1_1_1","DC","B-Naive",2.57112046868611,-1.4311170313007
"ACGATGTAGCGTGAGT-1_1_1_1_1_1","DC","B-Act1",-1.31439939348888,1.13825583872732
"ACGGGTCAGGTTACAA-1_1_1_1_1_1","DC","B-Naive",-0.051671037663933,0.953643706118425
"ACGGTCGGTCCTTAAG-1_1_1_1_1_1","DC","B-Naive",-0.359041260768887,-1.10603949757878
"ACGGTCGGTTACCGTA-1_1_1_1_1_1","DC","B-Naive",4.87994095475483,-1.57117840977971
"ACGGTTATCCATCTCG-1_1_1_1_1_1","DC","B-Naive",-0.685975702692982,-2.06086442204777
"ACGTAACTCATGAGAA-1_1_1_1_1_1","DC","B-Act2",4.44500490815449,2.32468774584468
"ACGTACAAGATCACTC-1_1_1_1_1_1","DC","B-Act1",-5.27359250395488,2.39770975378688
"ACTATCTCAGTAGATA-1_1_1_1_1_1","DC","B-Naive",-0.601023556878086,-0.567256781781355
"ACTATGGAGACACACG-1_1_1_1_1_1","DC","B-Naive",-1.27593389361095,-2.56268880101506
"ACTCCCAAGTGGATAT-1_1_1_1_1_1","DC","B-Naive",0.701393155167583,1.19798299339946
"ACTCCCATCAAGATAG-1_1_1_1_1_1","DC","B-Naive",-2.22577646582317,-1.47373196812932
"ACTCTCGGTAGCGTCC-1_1_1_1_1_1","DC","B-Naive",2.33878943116475,0.696641233240923
"ACTGATGAGAAACTAC-1_1_1_1_1_1","DC","B-Act1",-3.39835480063152,0.0226551559322679
"ACTGATGCAGGGATAC-1_1_1_1_1_1","DC","B-Mye",-0.718733521391865,7.38702371386226
"ACTTAGGCACACCGCA-1_1_1_1_1_1","DC","B-Naive",1.62531193883229,1.25214895275768
"ACTTCGCGTCCAACGC-1_1_1_1_1_1","DC","B-Naive",-0.071235152174946,-2.58241030904118
"ACTTCGCGTTGTAAAG-1_1_1_1_1_1","DC","B-Naive",-1.2323564609785,0.448942985808214
"AGAAATGCACAGTACT-1_1_1_1_1_1","DC","B-Naive",-0.645111890723225,-0.740777227605025
"AGAACCTCATACAGGG-1_1_1_1_1_1","DC","B-Naive",-3.15364101736736,-0.74809727402989
"AGACACTCATCGGATT-1_1_1_1_1_1","DC","B-Naive",0.984165755818371,-1.25089618893925
"AGACCATTCCTCTCTT-1_1_1_1_1_1","DC","B-Naive",-3.15353110640239,-3.48905203076665
"AGAGCAGCAGTGGTGA-1_1_1_1_1_1","DC","B-Naive",-1.20702901690197,-0.1437749597675
"AGAGCAGTCAGACTGT-1_1_1_1_1_1","DC","B-Naive",-2.49372723906231,-0.607469055379072
"AGAGCAGTCCATTCAT-1_1_1_1_1_1","DC","B-Naive",2.9424218812685,-2.13085958691899
"AGAGCAGTCTGAGAAA-1_1_1_1_1_1","DC","B-Naive",-1.48147252409649,-1.03033206197087
"AGATAGACACCAACAT-1_1_1_1_1_1","DC","B-Naive",3.46987387330342,-0.300401184285322
"AGATGCTTCCAATCTT-1_1_1_1_1_1","DC","B-Naive",2.25184127480793,-1.43543240758244
"AGCCAGCGTATCGCGC-1_1_1_1_1_1","DC","B-Naive",2.47592779786396,0.918466162359079
"AGCGATTCACTACAGT-1_1_1_1_1_1","DC","B-Naive",3.59739658028889,-2.46236536237065
"AGCGATTTCTGGAAGG-1_1_1_1_1_1","DC","B-Naive",0.309640822718624,0.735350069081148
"AGCGCTGAGAGAAGGT-1_1_1_1_1_1","DC","B-Act1",-2.92553881018352,2.39289119509395
"AGCGCTGCAGTCACGC-1_1_1_1_1_1","DC","B-Naive",2.93686982781697,3.26767137316402
"AGGAAATAGTTCCGTA-1_1_1_1_1_1","DC","B-Naive",2.99949046761799,-0.413596007550398
"AGGAGGTTCGGCTCTT-1_1_1_1_1_1","DC","B-Act1",-2.04406073897075,1.75992324618038
"AGGATAATCCTTGACC-1_1_1_1_1_1","DC","B-Act1",-4.75644734709453,2.28452852038082
"AGGCATTTCAAGTGTC-1_1_1_1_1_1","DC","B-Naive",0.844207612584118,0.340658929621538
"AGGCATTTCGTTCCCA-1_1_1_1_1_1","DC","B-Act2",4.89286419541645,1.16500250664886
"AGGCCACCAACTTGCA-1_1_1_1_1_1","DC","B-Act1",-5.50892928450298,0.147033539091905
"AGGCTGCTCACAATGC-1_1_1_1_1_1","DC","B-Act1",-2.3560343107481,1.6823951866978
"AGGGAGTCAGAGGAAA-1_1_1_1_1_1","DC","B-Act1",-3.02709892599773,2.21125927237209
"AGGGAGTGTGAGCCAA-1_1_1_1_1_1","DC","B-Naive",-0.697731049944874,0.743867543017229
"AGGGCTCGTTGCTCGG-1_1_1_1_1_1","DC","B-Naive",-1.34342578261089,0.4265215661877
"AGGTCATAGAACTTCC-1_1_1_1_1_1","DC","B-ActMem",3.05624219567585,-2.23872897359196
"AGGTCTAGTGTCTAAC-1_1_1_1_1_1","DC","B-Act1",-3.644862922122,2.02319702175792
"AGGTTACAGATTAGAC-1_1_1_1_1_1","DC","B-Naive",-1.65608385412883,0.0682613518589341
"AGTAACCCAACGGTAG-1_1_1_1_1_1","DC","B-Naive",4.8904690423708,-2.61445352765385
"AGTAACCCATGAGAAT-1_1_1_1_1_1","DC","B-ActMem",3.52109214455891,3.67030861643489
"AGTACCAAGTCACTGT-1_1_1_1_1_1","DC","B-Naive",-0.322329418947216,-0.706587884152571
"AGTACCATCTGGCCTT-1_1_1_1_1_1","DC","B-Naive",0.0515426674585379,-4.39210054608647
"AGTACTGGTCCAGCAC-1_1_1_1_1_1","DC","B-ActMem",4.36603304536152,4.9690864351147
"AGTAGTCTCGTTCAGA-1_1_1_1_1_1","DC","B-Act1",-5.42823651640606,1.96714105871852
"AGTCAACCATGCAGGA-1_1_1_1_1_1","DC","B-Act1",-5.37402156202984,0.905402850782236
"AGTCACACACGCTGTG-1_1_1_1_1_1","DC","B-Naive",4.99146172196675,-1.83267614575688
"AGTCTCCTCCAAGCAT-1_1_1_1_1_1","DC","B-Naive",-2.24279788344097,-3.58802292081181
"AGTGACTAGATGGCAC-1_1_1_1_1_1","DC","B-Naive",-3.43759802191448,-1.65990802975957
"AGTGACTGTGGGTCAA-1_1_1_1_1_1","DC","B-Naive",4.66250797898579,-2.26124808522526
"AGTGATCAGTGAACAT-1_1_1_1_1_1","DC","B-Naive",-2.16359809248638,-2.76574561330144
"AGTGATCGTCTGCCTT-1_1_1_1_1_1","DC","B-Naive",-2.15761664717388,-2.33212253781621
"AGTTAGCTCCGCGAGT-1_1_1_1_1_1","DC","B-Act1",-5.32650187819194,0.243634965693315
"ATACCGACACTGAGGA-1_1_1_1_1_1","DC","B-Act1",-2.01992038099956,1.21666414705451
"ATAGACCCAGACAAGC-1_1_1_1_1_1","DC","B-Naive",-0.551457615782734,-3.87996122571293
"ATAGACCGTAGATTGA-1_1_1_1_1_1","DC","B-Naive",-2.56620410292339,-3.85559341641728
"ATAGAGACATTCTCCG-1_1_1_1_1_1","DC","B-Naive",4.19901844651509,-2.76314446660344
"ATCACGACATTCAGGT-1_1_1_1_1_1","DC","B-Act2",3.42905542046833,-0.132207009518782
"ATCACTTAGCCTCTTC-1_1_1_1_1_1","DC","B-Naive",-2.46124819128704,-4.65625498029057
"ATCATTCCAGTGGGTA-1_1_1_1_1_1","DC","B-Naive",0.982819406102184,-0.314611766064802
"ATCCACCCAGTAACGG-1_1_1_1_1_1","DC","B-Naive",-2.25421765654277,-2.14647052022282
"ATCCTATAGTCACTCA-1_1_1_1_1_1","DC","B-Naive",4.42038723618794,-2.9560582372791
"ATCGATGAGGGAGTTC-1_1_1_1_1_1","DC","B-Act1",-0.0452599695224726,2.26797642973598
"ATCGCCTCAATATCCG-1_1_1_1_1_1","DC","B-Naive",-0.868638308932301,-3.30058023663823
"ATCGCCTTCATCACCC-1_1_1_1_1_1","DC","B-Naive",-3.83593133299541,-1.17792436810795
"ATCGGATGTCAGACGA-1_1_1_1_1_1","DC","B-Mye",-0.469671907116886,7.79693248537715
"ATCGGCGAGCCATTGT-1_1_1_1_1_1","DC","B-Naive",4.93577381760884,-1.88726732465092
"ATCTCTAGTCGAGCTC-1_1_1_1_1_1","DC","B-Naive",-2.98724869101238,-1.98687860699956
"ATCTTCAAGGTGCCAA-1_1_1_1_1_1","DC","B-Naive",-0.357641251971241,-2.19563648434941
"ATCTTCAGTCATCCCT-1_1_1_1_1_1","DC","B-Naive",0.443020907948498,-3.52909013959233
"ATGATCGTCGCCTATC-1_1_1_1_1_1","DC","B-Naive",3.22565218598652,-0.801216337407271
"ATGCATGCAACGGTAG-1_1_1_1_1_1","DC","B-Naive",-0.144977314611193,-0.42047116490666
"ATGCCTCAGGATATGT-1_1_1_1_1_1","DC","B-Naive",1.47726031930256,-1.0094189378864
"ATGGGTTTCAAGTCGT-1_1_1_1_1_1","DC","B-Naive",1.62952634484578,-0.0141528579837478
"ATGTCTTTCTCATTGT-1_1_1_1_1_1","DC","B-Act1",-3.84665802328777,-2.47785207959477
"ATTACTCTCGTTCCCA-1_1_1_1_1_1","DC","B-Naive",-2.14147141783428,-1.31869075032536
"ATTATCCGTTATCTGG-1_1_1_1_1_1","DC","B-Naive",-1.6515196880598,-3.42242929669682
"ATTCCATAGGTCTTTG-1_1_1_1_1_1","DC","B-Act1",-3.46922639219951,2.1707386043423
"ATTCCATAGTTGCCTA-1_1_1_1_1_1","DC","B-Act1",-4.89456799833965,0.351860907351335
"ATTCCTAGTGAGATAT-1_1_1_1_1_1","DC","B-Act1",-5.13582089750957,0.251168217932543
"ATTCTACAGAATTGTG-1_1_1_1_1_1","DC","B-Act1",-5.93097117750835,1.44043171075519
"ATTCTACCAAAGGCAC-1_1_1_1_1_1","DC","B-Naive",-6.14132359831524,1.58432778385814
"ATTGGGTAGCCTCTCT-1_1_1_1_1_1","DC","B-Naive",-0.131918664303836,-3.59459564420048
"ATTGTTCTCGGTTGTA-1_1_1_1_1_1","DC","B-Naive",-0.866209896494862,0.118826952254137
"CAAAGAAAGAGGTGCT-1_1_1_1_1_1","DC","B-Naive",-0.284183802296635,0.339725878512224
"CAACCTCCAGCGTTGC-1_1_1_1_1_1","DC","B-Act1",0.310157982419018,0.0145266321056687
"CAAGACTCAAATGCTC-1_1_1_1_1_1","DC","B-Naive",-1.0676374158163,0.404120471751054
"CAAGACTCAATTCTTC-1_1_1_1_1_1","DC","B-Naive",-2.94875958769512,-3.88925192090336
"CAAGCTAAGGTCGAGT-1_1_1_1_1_1","DC","B-Naive",1.72037526757527,1.59404179123577
"CAAGCTACATCATTGG-1_1_1_1_1_1","DC","B-Naive",-3.47549942343425,-0.46184775563542
"CAAGGGACAAAGGCTG-1_1_1_1_1_1","DC","B-Act1",-5.33950475065899,0.756807651793321
"CAATTTCAGCTTACGT-1_1_1_1_1_1","DC","B-Naive",4.93526598603535,-0.449926707471052
"CACAACACATATGCGT-1_1_1_1_1_1","DC","B-Naive",-1.15362957327556,-2.65991923543278
"CACAACATCTGTCTCG-1_1_1_1_1_1","DC","B-Naive",-1.29911890833568,-4.47854969235722
"CACACAATCAATGTCG-1_1_1_1_1_1","DC","B-Act1",-3.73981359808635,-1.66860625478093
"CACATGACATCGCTGG-1_1_1_1_1_1","DC","B-Naive",3.13587352425862,-0.803176018918196
"CACCAAAAGTGTTCCA-1_1_1_1_1_1","DC","B-ActMem",3.60907408387471,5.27181985644039
"CACGAATGTGGGATTG-1_1_1_1_1_1","DC","B-Act2",3.88581701905537,2.04223796395
"CACGGGTGTGCGTTTA-1_1_1_1_1_1","DC","B-Act2",-1.44429233877849,1.41971870926555
"CACTAAGGTCTTCGAA-1_1_1_1_1_1","DC","B-Naive",-0.226397255649086,-1.77610966893498
"CACTGGGCATGACGTT-1_1_1_1_1_1","DC","B-Act1",-3.69031956999492,1.55758961704906
"CACTTCGTCTGCAGCG-1_1_1_1_1_1","DC","B-Naive",-0.182194004048821,-1.37053177090947
"CAGATCACACACTGGC-1_1_1_1_1_1","DC","B-Act1",-5.02026084273052,-0.0108133289462722
"CAGATCAGTTCAAGGG-1_1_1_1_1_1","DC","B-Naive",-1.27635899393749,-3.6191327306873
"CAGATTGAGCTTGTTG-1_1_1_1_1_1","DC","B-Naive",1.74209293515492,2.55146518019374
"CAGATTGAGGATTACA-1_1_1_1_1_1","DC","B-Act2",3.16428729684162,1.99783834484752
"CAGATTGGTCATCTAG-1_1_1_1_1_1","DC","B-Naive",4.63526865632344,-0.784868213856856
"CAGATTGGTGGTTTGT-1_1_1_1_1_1","DC","B-Act1",-1.49875906317424,2.78348901537593
"CAGATTGGTTGTGCCG-1_1_1_1_1_1","DC","B-Naive",-0.627825947691914,-0.901378605092207
"CAGCACGCAGCCGTCA-1_1_1_1_1_1","DC","B-Naive",-2.86580160467815,-2.57857272359196
"CAGCAGCAGCCATTTG-1_1_1_1_1_1","DC","B-Act1",-3.62653830855083,0.875123065387567
"CAGGCCAGTGCCCGTA-1_1_1_1_1_1","DC","B-Naive",-1.75252047388744,1.34887411860164
"CAGGCCATCAATGCAC-1_1_1_1_1_1","DC","B-Naive",-2.07658508627605,-4.10613558026616
"CAGGCCATCACATACG-1_1_1_1_1_1","DC","B-Naive",-2.94755247442913,-2.61986586781804
"CAGGTATCACCTCAGG-1_1_1_1_1_1","DC","B-Naive",-1.72737375109386,-1.64298126431767
"CAGGTATGTCTTCGAA-1_1_1_1_1_1","DC","B-Naive",-0.654564352919575,-2.49142167302434
"CAGTTAGGTCCTTGTC-1_1_1_1_1_1","DC","B-Act2",4.56017967850972,0.64154317644771
"CATACAGAGAGTGTGC-1_1_1_1_1_1","DC","B-Naive",2.96832796723652,-0.729581687176863
"CATACTTTCTAGACAC-1_1_1_1_1_1","DC","B-Naive",-2.8516078314085,-2.75197980138127
"CATAGACGTAGTACGG-1_1_1_1_1_1","DC","B-Naive",-2.58822706549358,-3.51525518628422
"CATAGACGTTTCGATG-1_1_1_1_1_1","DC","B-Naive",3.94741484315205,-0.165175769055525
"CATAGACTCCTATTGT-1_1_1_1_1_1","DC","B-Naive",2.31393334061909,-3.12858888837163
"CATCCACCACGCGGTT-1_1_1_1_1_1","DC","B-Naive",-1.93317333071422,-2.8902725908405
"CATCCGTAGTCGTCTA-1_1_1_1_1_1","DC","B-Naive",1.52780243546772,0.78865176109012
"CATCGGGTCCGTCAAA-1_1_1_1_1_1","DC","B-Naive",1.54666027219105,-1.58677408429448
"CATCGTCAGGTCGCCT-1_1_1_1_1_1","DC","B-Naive",-0.559670122553822,-4.01774236890141
"CATCGTCCATGTGTCA-1_1_1_1_1_1","DC","B-Naive",0.279112247536663,-0.213338944638411
"CATGAGTAGTTCTACG-1_1_1_1_1_1","DC","B-Act1",-6.1148324331541,1.69460931090053
"CATGGATTCGCGAAGA-1_1_1_1_1_1","DC","B-Act1",-5.43677953093242,1.50851648715671
"CATGGTAAGTGAACAT-1_1_1_1_1_1","DC","B-Naive",-0.633330555846211,-2.30623171063725
"CATTCATTCGCCTCTA-1_1_1_1_1_1","DC","B-Naive",-0.741015227725025,-3.48702499600712
"CATTGAGCACGACGAA-1_1_1_1_1_1","DC","B-Naive",-1.11203411429119,-2.68808839055363
"CATTTCAAGGCGTTAG-1_1_1_1_1_1","DC","B-Naive",3.30922099740315,-2.54920599194829
"CCAAGCGGTTTCCCAC-1_1_1_1_1_1","DC","B-Naive",2.72669622094441,-0.98242470952336
"CCAATTTCAGGTGAGT-1_1_1_1_1_1","DC","B-Act2",4.26485964448262,1.23284218875106
"CCACAAAAGGGATCAC-1_1_1_1_1_1","DC","B-Act1",-4.53669646589946,2.21193495062526
"CCACACTGTGATTGGG-1_1_1_1_1_1","DC","B-Act1",-4.25217631666851,0.849761363541444
"CCACACTTCTGTTGGA-1_1_1_1_1_1","DC","B-Naive",0.170067218850139,-0.792376491749922
"CCACCATAGGTACAGC-1_1_1_1_1_1","DC","B-Act1",-1.76840308516216,1.72436311510738
"CCACGAGGTGCCCACA-1_1_1_1_1_1","DC","B-ActMem",4.65532204301167,3.9269619253033
"CCACGTTTCACCCTGT-1_1_1_1_1_1","DC","B-Act2",5.16378924042988,1.57656094101604
"CCACTTGCACACGCCA-1_1_1_1_1_1","DC","B-Naive",-1.7754541954298,-2.22383758755986
"CCATAAGGTTACTCAG-1_1_1_1_1_1","DC","B-Naive",3.21740171105671,-1.76895949574772
"CCATAAGTCACCTCGT-1_1_1_1_1_1","DC","B-Naive",-1.2348013242979,-4.28809663983647
"CCATCACCAAGTGGGT-1_1_1_1_1_1","DC","B-Naive",3.56942459733296,0.477079298769792
"CCCAACTCACAGAGAC-1_1_1_1_1_1","DC","B-ActMem",-2.47286418287944,-1.38549635144536
"CCCATTGAGGCTCTAT-1_1_1_1_1_1","DC","B-Act1",-5.71248057692241,0.477603938853105
"CCCATTGGTAAGATTG-1_1_1_1_1_1","DC","B-Naive",0.604096559594158,0.892727923070749
"CCCGGAAAGTATAGAC-1_1_1_1_1_1","DC","B-Naive",0.343762395689968,-1.38996956082646
"CCCTCAAGTAGCTGTT-1_1_1_1_1_1","DC","B-Naive",-1.9561159929533,-1.83490917416875
"CCGAACGTCGTCTACC-1_1_1_1_1_1","DC","B-Naive",2.24882504136372,-1.83513853284184
"CCGATCTTCTTAAGGC-1_1_1_1_1_1","DC","B-Naive",-0.59108123390865,-3.3024766180164
"CCGATGGTCGTCTCAC-1_1_1_1_1_1","DC","B-Naive",0.631338385651592,0.0967607763164842
"CCGCAAGTCGTCAAAC-1_1_1_1_1_1","DC","B-Naive",4.04713293702412,-2.37268278333012
"CCGGACAAGTCCCAGC-1_1_1_1_1_1","DC","B-Act2",5.26749273927021,1.68855890301402
"CCGGGTATCCTACGAA-1_1_1_1_1_1","DC","B-Naive",4.8768930116396,-1.94434950085942
"CCGGGTATCTGTGCAA-1_1_1_1_1_1","DC","B-Naive",0.231363085816387,-1.81836912366215
"CCGTAGGCATGTTACG-1_1_1_1_1_1","DC","B-Naive",2.8679978528719,0.894661691462358
"CCGTGAGTCCGTAGGC-1_1_1_1_1_1","DC","B-Naive",-2.54392031042766,-1.18651792737309
"CCGTTCAAGACCTGGA-1_1_1_1_1_1","DC","B-Naive",-2.79740670530986,-2.28474304410283
"CCGTTCACAAGGGCAT-1_1_1_1_1_1","DC","B-Act2",3.19919988305378,0.008494165217241
"CCGTTCAGTGACCGAA-1_1_1_1_1_1","DC","B-Naive",0.252119002650265,-1.22849962445561
"CCTAAGACAAGAATAC-1_1_1_1_1_1","DC","B-Naive",-1.14568224756908,-3.50401231976811
"CCTACGTCAACCGCTG-1_1_1_1_1_1","DC","B-Act1",-5.22173741667461,-0.269205186093489
"CCTACGTCATCGGAGA-1_1_1_1_1_1","DC","B-Naive",0.918554750988964,1.24383426872428
"CCTACGTCATTCTGTT-1_1_1_1_1_1","DC","B-Naive",0.300781247923855,-3.99274036618535
"CCTCAACCACACCGAC-1_1_1_1_1_1","DC","B-Naive",-5.92934420912456,0.464978006159624
"CCTCAGTTCTTGATTC-1_1_1_1_1_1","DC","B-Naive",3.43874880463887,-2.99592659207646
"CCTCTCCAGGCGTTGA-1_1_1_1_1_1","DC","B-Act1",1.87040468842793,4.40472867754634
"CCTCTCCCAAATAGCA-1_1_1_1_1_1","DC","B-Naive",-0.839267941405293,-4.23806783887211
"CCTGCATGTTGCATGT-1_1_1_1_1_1","DC","B-Naive",-0.347304048230168,-2.7322394582874
"CCTGTTGGTTCTTCAT-1_1_1_1_1_1","DC","B-ActMem",3.98085447938252,4.96819188860591
"CGACAGCAGGAACATT-1_1_1_1_1_1","DC","B-Act1",-3.24576404898357,-1.23192808362309
"CGAGAAGAGAATTCAG-1_1_1_1_1_1","DC","B-Naive",0.768219021866802,1.23788953987296
"CGAGTGCGTGTGTCCG-1_1_1_1_1_1","DC","B-Act1",-1.54687038271618,2.43518915442165
"CGATCGGGTACACGCC-1_1_1_1_1_1","DC","B-Act2",3.55334231049824,0.480880942618211
"CGATGGCCACTACCCT-1_1_1_1_1_1","DC","B-Naive",-0.600144179751393,-4.00249836179082
"CGCATGGTCCACGTAA-1_1_1_1_1_1","DC","B-Act1",-2.19212487547588,1.9724679258221
"CGCCAGATCAGCGGAA-1_1_1_1_1_1","DC","B-Naive",-1.60788670389843,-2.0011923048145
"CGCCATTAGTCTACCA-1_1_1_1_1_1","DC","B-Naive",-3.87250283568096,-2.9774844381458
"CGGGACTCAACTTCTT-1_1_1_1_1_1","DC","B-Act1",-3.8547644933958,2.17358711031612
"CGGGTCACATCCAATG-1_1_1_1_1_1","DC","B-Naive",-0.433412851979252,-2.37396213742558
"CGGTCAGCACGTTCGG-1_1_1_1_1_1","DC","B-Naive",0.438711134503368,0.035832073962053
"CGGTCAGCATGCCATA-1_1_1_1_1_1","DC","B-Naive",1.64822694451619,-1.53848597737614
"CGTAATGCAACTCGAT-1_1_1_1_1_1","DC","B-Naive",-1.11879328100872,-1.07738849850957
"CGTCCATCATCACAGT-1_1_1_1_1_1","DC","B-Naive",-0.645800741602894,-2.42782041760747
"CGTCCATGTTATTCCT-1_1_1_1_1_1","DC","B-Naive",3.88801857621479,-1.97931835385625
"CGTGATAAGGTCGCCT-1_1_1_1_1_1","DC","B-ActMem",2.71085163743306,3.67305329111751
"CGTGATATCGATACTG-1_1_1_1_1_1","DC","B-Naive",-0.438778879334446,-2.84007856580083
"CGTTAGAGTGGAACAC-1_1_1_1_1_1","DC","B-Naive",-2.98360040991497,0.40462591913875
"CGTTCTGAGCCTGTCG-1_1_1_1_1_1","DC","B-Mye",-1.1708981117506,6.51339652804073
"CGTTCTGAGGCGCTCT-1_1_1_1_1_1","DC","B-Naive",-1.88563075869274,-3.12146064969365
"CGTTCTGCAAAGTATG-1_1_1_1_1_1","DC","B-Act1",-3.67875531523418,1.50549703506168
"CTAACCCTCACTTGGA-1_1_1_1_1_1","DC","B-Naive",-2.0123185238142,-2.98525545331303
"CTACAGACAATACGCT-1_1_1_1_1_1","DC","B-Naive",0.919142571995739,-3.68120786877934
"CTACTATAGATGGTAT-1_1_1_1_1_1","DC","B-Naive",4.45841118485737,-1.15009901257817
"CTATCCGCACTATCGA-1_1_1_1_1_1","DC","B-Naive",0.150804130146984,-2.14919612141911
"CTATCTAGTGACGTCC-1_1_1_1_1_1","DC","B-Naive",-1.39688065855693,-1.76379010411564
"CTCAGGGAGAGGTATT-1_1_1_1_1_1","DC","B-Naive",-0.391508193900105,1.3567398157471
"CTCATCGAGATTGACA-1_1_1_1_1_1","DC","B-Naive",-2.54436615317058,-0.856254908764998
"CTCATCGTCCTCAGAA-1_1_1_1_1_1","DC","B-Naive",-0.836746009280201,-1.36233207913701
"CTCCAACCATCGATCA-1_1_1_1_1_1","DC","B-Naive",-6.31710437147808,1.32430964378055
"CTCCATGAGTGCCAGA-1_1_1_1_1_1","DC","B-Naive",-0.134491773535725,-2.4173652860767
"CTCCATGGTCACATTG-1_1_1_1_1_1","DC","B-Naive",0.876855758736614,-3.05777666302983
"CTCCCTCGTCGCCACA-1_1_1_1_1_1","DC","B-Naive",0.515563336918834,-0.506702515805403
"CTCGAGGCATCTTCGC-1_1_1_1_1_1","DC","B-ActMem",3.93313023240376,3.50440862444576
"CTCTGGTAGTCCTACA-1_1_1_1_1_1","DC","B-Naive",-1.59418896048259,-4.45144388409916
"CTCTGGTGTAGGAGTC-1_1_1_1_1_1","DC","B-Act1",-4.61058905928325,1.12409556326803
"CTGAGGCGTTGCCGCA-1_1_1_1_1_1","DC","B-Naive",0.264460889409069,-1.14999053212468
"CTGATCCAGCCTATCA-1_1_1_1_1_1","DC","B-Naive",-0.489438625266072,-0.707657906735579
"CTGCATCAGAGAGCGG-1_1_1_1_1_1","DC","B-Naive",0.481560973237041,1.43665590552028
"CTGCATCAGTTTCGAC-1_1_1_1_1_1","DC","B-Naive",-2.42247894613933,-3.11608240338627
"CTGCATCCACTGTGAT-1_1_1_1_1_1","DC","B-Naive",-0.445773722817417,-1.71561691495244
"CTGCCATAGACATGCG-1_1_1_1_1_1","DC","B-Naive",-0.288881616880413,-0.642810556615034
"CTGCCTAAGTCTCTGA-1_1_1_1_1_1","DC","B-ActMem",3.31866642625141,5.26206043032344
"CTGCCTATCACCTGTC-1_1_1_1_1_1","DC","B-Naive",-2.84979513495159,-2.92249128552739
"CTGGACGGTCTCTCAC-1_1_1_1_1_1","DC","B-Naive",4.30218359620381,-2.24318215581242
"CTGGCAGAGTTCACTG-1_1_1_1_1_1","DC","B-Naive",-3.11185863821697,-2.89715382787053
"CTGGCAGGTCTGTGAT-1_1_1_1_1_1","DC","B-Act2",5.06428667695332,1.92899641064342
"CTGTACCAGTGAGTGC-1_1_1_1_1_1","DC","B-Naive",2.11970183045674,0.753562000071367
"CTGTACCGTATGTCCA-1_1_1_1_1_1","DC","B-Naive",1.80380067021656,-2.0921871397144
"CTGTAGACATATCGGT-1_1_1_1_1_1","DC","B-Naive",-1.08244589178753,-2.95242140027348
"CTGTCGTGTGCCGTAC-1_1_1_1_1_1","DC","B-ActMem",3.03993961007405,4.45397904184993
"CTGTGGGTCCCGAGTG-1_1_1_1_1_1","DC","B-Naive",-1.84577420561504,-2.32934257718388
"CTTAGGAGTTCTCCAC-1_1_1_1_1_1","DC","B-Naive",2.56698605210591,1.58350410727199
"CTTCAATTCTCTATAC-1_1_1_1_1_1","DC","B-Naive",-2.7970161756773,-2.36852142545048
"CTTCCGACAGTAGTGG-1_1_1_1_1_1","DC","B-Naive",0.207450805018429,-0.642160389149824
"CTTCCTTCACTTGTGA-1_1_1_1_1_1","DC","B-Naive",-1.47178498118114,-4.44325134488408
"CTTCCTTGTTGATCGT-1_1_1_1_1_1","DC","B-Act1",-5.32595971434307,0.831107538616022
"CTTCGGTTCGTTCTAT-1_1_1_1_1_1","DC","B-Naive",4.12683149964619,-2.81650922032658
"CTTCTAAAGAGGTGCT-1_1_1_1_1_1","DC","B-Naive",0.504421619484905,-3.24681398602788
"CTTCTAAAGCAGTACG-1_1_1_1_1_1","DC","B-Plasma",11.9318079629641,0.83670214978393
"CTTGAGATCCAGGACC-1_1_1_1_1_1","DC","B-Naive",0.846200732300762,-1.39089510175053
"CTTGAGATCCGATGTA-1_1_1_1_1_1","DC","B-Naive",1.20518860013295,0.499725964342912
"GAAACCTCATGTCGTA-1_1_1_1_1_1","DC","B-Naive",-1.25569334833812,-0.926274153912703
"GAACGTTTCGACTCCT-1_1_1_1_1_1","DC","B-Naive",-2.95614984839153,-1.92090365620915
"GAAGAATTCGTAGTGT-1_1_1_1_1_1","DC","B-Naive",-0.942285688807484,0.0356120136135423
"GAAGCCCCATCCTCAC-1_1_1_1_1_1","DC","B-Naive",-0.51879301874828,-1.48176619740788
"GAATAGAAGAGACAAG-1_1_1_1_1_1","DC","B-Act1",-0.808073314120289,1.21683935490783
"GAATAGACACTTGTCC-1_1_1_1_1_1","DC","B-Naive",1.47892579228688,-2.69763061734501
"GAATCACAGTGCCGAA-1_1_1_1_1_1","DC","B-Naive",0.177397636483196,0.831044760023912
"GACACGCAGCAAGGAA-1_1_1_1_1_1","DC","B-Act1",-4.26016429274273,-0.159772250378767
"GACAGCCCAAACTCTG-1_1_1_1_1_1","DC","B-Naive",-1.31203678457927,-1.18669793340031
"GACAGCCCACTTGACA-1_1_1_1_1_1","DC","B-Naive",1.78651782662678,-2.91768333646123
"GACATCAAGTCTCTGA-1_1_1_1_1_1","DC","B-Naive",-3.41707161276531,-2.40707990857426
"GACATCAGTGTTAGCT-1_1_1_1_1_1","DC","B-Naive",-2.03748277037334,0.815283280288538
"GACCTTCAGCCTGACC-1_1_1_1_1_1","DC","B-Naive",-1.73244217245769,-4.5687963697559
"GACGCTGGTTAGGGTG-1_1_1_1_1_1","DC","B-Naive",-0.414805801798817,-4.19364568921391
"GACTATGAGAGGACTC-1_1_1_1_1_1","DC","B-Naive",-1.50781908838939,0.972726475869974
"GACTATGCACGACAAG-1_1_1_1_1_1","DC","B-Naive",-1.27859857886028,-3.82214948865239
"GACTATGCAGGTCAGA-1_1_1_1_1_1","DC","B-Act2",4.74725481660176,1.88346013096507
"GACTGATCAGCAGGAT-1_1_1_1_1_1","DC","B-Act1",-2.95437553732586,1.61041375664409
"GACTTCCAGGCTGAAC-1_1_1_1_1_1","DC","B-Naive",-0.730963679244038,-1.10946318837468
"GAGACCCTCGCTTTAT-1_1_1_1_1_1","DC","B-Naive",-3.13359764425945,-1.21639010640446
"GAGATGGTCACCTGTC-1_1_1_1_1_1","DC","B-Naive",-1.10229054300975,-2.21058604451481
"GAGCCTGCAGAGCTAG-1_1_1_1_1_1","DC","B-Naive",2.92993256242085,-1.42583749028508
"GAGGGATAGCCTTCTC-1_1_1_1_1_1","DC","B-Naive",0.283724574158672,1.30031159189876
"GAGGGATTCTGTCAGA-1_1_1_1_1_1","DC","B-Act1",-5.31855347960186,1.53987219599422
"GAGGGTAGTCTGTGTA-1_1_1_1_1_1","DC","B-Naive",-2.52275398581218,-1.44921467038457
"GAGTCTAAGAGTTGCG-1_1_1_1_1_1","DC","B-Naive",0.308825580189709,-1.43012592526738
"GAGTCTAGTCAAGTTC-1_1_1_1_1_1","DC","B-Naive",-1.48440805285167,-1.3645271989948
"GAGTGAGGTTATGGTC-1_1_1_1_1_1","DC","B-Act1",-1.47766664831829,2.51364174154933
"GAGTTGTGTCGTGGTC-1_1_1_1_1_1","DC","B-Naive",2.17733689935017,2.70390632418331
"GAGTTGTTCCGAACGC-1_1_1_1_1_1","DC","B-Naive",0.679265228817943,-0.0767223569995559
"GATAGAAAGTCGGGAT-1_1_1_1_1_1","DC","B-Naive",2.8941516557436,2.31159796980556
"GATAGAACAAACTAGA-1_1_1_1_1_1","DC","B-Naive",-3.54241612761211,-3.08457824918095
"GATCATGTCGACCATA-1_1_1_1_1_1","DC","B-ActMem",4.37366339356709,5.05651119021114
"GATCGTAAGACATGCG-1_1_1_1_1_1","DC","B-Naive",4.86764475495625,-1.14220258923833
"GATCGTAGTGATTGGG-1_1_1_1_1_1","DC","B-Naive",0.171909747431759,0.599656429564317
"GATGATCCAGGGCTTC-1_1_1_1_1_1","DC","B-Naive",-1.91916099398327,-3.48205158444707
"GATTCGAGTCGCAGTC-1_1_1_1_1_1","DC","B-Naive",1.01690968663502,1.49856969383891
"GATTCTTCAGCATCTA-1_1_1_1_1_1","DC","B-Naive",-2.60203150122356,-2.89432785245244
"GATTGGTGTTGCGGAA-1_1_1_1_1_1","DC","B-Naive",-1.64301744311046,-2.68222925397221
"GATTTCTGTAATCAGA-1_1_1_1_1_1","DC","B-Act1",-5.54382470457744,2.32759132651027
"GCAACATCAAGAGGTC-1_1_1_1_1_1","DC","B-Naive",1.02377757222462,-1.08234975072209
"GCAACCGGTGCAGGAT-1_1_1_1_1_1","DC","B-Naive",4.65238424927998,-1.46009442540471
"GCACATAAGAGCTTTC-1_1_1_1_1_1","DC","B-Plasma",12.4297775903444,0.281836059367021
"GCAGCTGAGCTTAGTC-1_1_1_1_1_1","DC","B-Naive",4.2922753968935,-2.59355542393986
"GCATGATCATACGCAT-1_1_1_1_1_1","DC","B-Naive",-2.49081161825847,-1.90132066937749
"GCATGATCATCGCTCT-1_1_1_1_1_1","DC","B-Act1",-4.14007523863506,0.460927095686754
"GCATTAGGTTAGGGTG-1_1_1_1_1_1","DC","B-Naive",0.0453973540763891,0.940284330820402
"GCATTAGGTTGAATCC-1_1_1_1_1_1","DC","B-Naive",-0.222426669885632,-4.12565443250004
"GCCAACGAGAGCGACT-1_1_1_1_1_1","DC","B-Act2",4.97569367081929,2.53633799818691
"GCCAACGAGTCTAGCT-1_1_1_1_1_1","DC","B-Naive",-2.60294679014873,-3.89746305676762
"GCCAACGCAGCAGAAC-1_1_1_1_1_1","DC","B-Act1",-2.84360793440532,1.29380991724666
"GCCAGTGCAGATCCAT-1_1_1_1_1_1","DC","B-Naive",-1.22211018412304,-2.16250202390019
"GCCATTCGTTTCACAG-1_1_1_1_1_1","DC","B-Naive",2.19142982156086,-1.87713763448063
"GCCGATGAGGACGGAG-1_1_1_1_1_1","DC","B-Naive",1.68421682507801,0.379440810953935
"GCCGTGATCTCTTCAA-1_1_1_1_1_1","DC","B-Naive",0.00838704199600582,-3.52904674741093
"GCCTGTTAGAATCTAG-1_1_1_1_1_1","DC","B-Act1",-5.48435691206646,0.930024128829797
"GCCTGTTAGTACCGGA-1_1_1_1_1_1","DC","B-Naive",-2.15813806860637,-0.564794513905684
"GCGAGAACACCGTGAC-1_1_1_1_1_1","DC","B-Naive",0.190568772862438,-3.89438221188847
"GCGTGCAAGCGATCGA-1_1_1_1_1_1","DC","B-Naive",-1.49720290510845,-1.79291341039006
"GCGTTTCCAGGTCCGT-1_1_1_1_1_1","DC","B-Naive",4.07461783082295,-1.96793648930852
"GCTACAAAGCGTCAGA-1_1_1_1_1_1","DC","B-Naive",1.64532395989704,0.242462244307359
"GCTCAAATCTAAACGC-1_1_1_1_1_1","DC","B-Naive",-6.15606454222393,0.909189146434625
"GCTTCACTCTGCGAGC-1_1_1_1_1_1","DC","B-Naive",0.317983804057125,-3.27678510876958
"GGACGTCCACTGGCGT-1_1_1_1_1_1","DC","B-Naive",4.03412100465107,-2.32721731396977
"GGAGAACCAGAGAATT-1_1_1_1_1_1","DC","B-Naive",0.02950176389027,0.901416119610628
"GGAGAACCATAACAGA-1_1_1_1_1_1","DC","B-Act1",-1.8004432043333,2.15558460024532
"GGAGAACGTCGGAACA-1_1_1_1_1_1","DC","B-Mye",-0.365203054835316,6.27934863833126
"GGAGATGCACATTCTT-1_1_1_1_1_1","DC","B-Naive",-1.14225188105297,-0.848845693791548
"GGAGCAAGTGCATCTA-1_1_1_1_1_1","DC","B-Naive",3.61281558663655,-1.28774926396672
"GGAGGATTCAAACTGC-1_1_1_1_1_1","DC","B-Naive",-1.96364656298351,-1.80874368878667
"GGAGGTATCGTGCAGC-1_1_1_1_1_1","DC","B-Naive",4.92433258683491,-0.929581258023421
"GGATGTTGTCGATTTG-1_1_1_1_1_1","DC","B-Act1",-4.8325386366148,2.21681943205531
"GGCAGTCCATAACAGA-1_1_1_1_1_1","DC","B-Naive",3.91103598267842,-2.25990364285771
"GGGAAGTCAGATTTCG-1_1_1_1_1_1","DC","B-Naive",0.392732528756145,-2.93199107381169
"GGGACAAGTACTTCCC-1_1_1_1_1_1","DC","B-Naive",3.11802789361287,-0.334682557309309
"GGGACTCAGACTACCT-1_1_1_1_1_1","DC","B-Naive",1.70357033402729,-2.1685859892017
"GGGACTCTCTGTAAGC-1_1_1_1_1_1","DC","B-Naive",4.84084936768818,-2.28599855634038
"GGGAGATCAATACGCT-1_1_1_1_1_1","DC","B-Act1",-1.03397497742366,1.48909508851703
"GGGAGTAAGGAATTAC-1_1_1_1_1_1","DC","B-Naive",4.70939013154316,-1.65661093922917
"GGGAGTATCCTCTGCA-1_1_1_1_1_1","DC","B-Naive",-2.28680566160869,0.214619305407366
"GGGAGTATCGACCTAA-1_1_1_1_1_1","DC","B-Naive",1.14707848222065,-0.995068285191695
"GGGCTCAGTATGAAGT-1_1_1_1_1_1","DC","B-Naive",2.23469659478474,-0.656312319958845
"GGGTAGACAGCTACCG-1_1_1_1_1_1","DC","B-Naive",-2.74726608603191,-1.04157802792851
"GGGTCTGTCTTCGGAA-1_1_1_1_1_1","DC","B-ActMem",3.19262286813069,4.51311185625728
"GGGTGAAGTATCATGC-1_1_1_1_1_1","DC","B-Naive",2.5984825769167,-1.06103608342473
"GGGTGAAGTTGGCCTG-1_1_1_1_1_1","DC","B-Naive",0.274206248829845,-0.132492873395125
"GGGTGTCGTACTAGCT-1_1_1_1_1_1","DC","B-Naive",-0.416992726017948,1.94616976050075
"GGGTTATGTGCGTGCT-1_1_1_1_1_1","DC","B-Naive",1.49030396134663,1.14674736229118
"GGTAACTCATGGCTAT-1_1_1_1_1_1","DC","B-Naive",-3.67703345625591,-1.91015908452336
"GGTCTGGAGGTCGTAG-1_1_1_1_1_1","DC","B-ActMem",4.04903408677388,5.24783304003414
"GGTGTCGAGTAGTGCG-1_1_1_1_1_1","DC","B-Naive",3.18147179276753,0.973615479146799
"GGTTAACAGACGACTG-1_1_1_1_1_1","DC","B-Naive",-1.21959129183483,-1.2138421270496
"GTAACACCAGTTAGGG-1_1_1_1_1_1","DC","B-Act1",-2.08786896078777,-0.885869357312361
"GTAAGTCGTCACAATC-1_1_1_1_1_1","DC","B-Act1",-3.46009662954998,-1.47479006978337
"GTAATCGTCCATTCAT-1_1_1_1_1_1","DC","B-Naive",2.51926371247578,-2.92480990620915
"GTACAACGTGTACAGG-1_1_1_1_1_1","DC","B-Naive",4.31838652283955,-1.22439763280217
"GTACAGTGTTCTGAGT-1_1_1_1_1_1","DC","B-Naive",-1.01448002665233,-0.977603885853926
"GTACAGTTCACTGCTC-1_1_1_1_1_1","DC","B-Act1",-3.60866597502422,-1.33125397893254
"GTAGAAAAGGCCCGTT-1_1_1_1_1_1","DC","B-Naive",0.261063514063839,-0.815739247525374
"GTAGAGGCAAAGGCAC-1_1_1_1_1_1","DC","B-Naive",4.41622492463398,-2.6718408796436
"GTAGCTATCATTGTGG-1_1_1_1_1_1","DC","B-Naive",1.594066349576,-0.28173300954167
"GTAGGTTAGCCTAGGA-1_1_1_1_1_1","DC","B-Naive",3.42265984208393,0.21306165722545
"GTAGTACCATACAGAA-1_1_1_1_1_1","DC","B-Act1",-2.07316735594463,-0.948389742100874
"GTATTTCGTCAGGTGA-1_1_1_1_1_1","DC","B-Naive",3.34045550019551,-2.43253872128789
"GTCAAACGTCCAGCAC-1_1_1_1_1_1","DC","B-Naive",-1.25037864058208,-1.89821693631474
"GTCACTCTCGATCCCT-1_1_1_1_1_1","DC","B-Naive",-2.0627882799406,-4.76071235867802
"GTCAGCGCAGCTCGGT-1_1_1_1_1_1","DC","B-Naive",-1.96394875853252,-2.59532401295964
"GTCATCCCAACGTTAC-1_1_1_1_1_1","DC","B-Naive",-0.526096733500477,-3.26013633939091
"GTCATGACAGAACCGA-1_1_1_1_1_1","DC","B-Naive",5.04270168931294,-1.69731828900639
"GTCATTTAGTCAATCC-1_1_1_1_1_1","DC","B-Act1",-3.97831228583049,0.130260136401018
"GTCATTTCAGAGTTCT-1_1_1_1_1_1","DC","B-Naive",2.11206695229817,-1.03517601224248
"GTCATTTGTTGCCGCA-1_1_1_1_1_1","DC","B-Act1",-3.69547251074505,0.92959953514274
"GTCCACTGTGGAACCA-1_1_1_1_1_1","DC","B-Naive",2.66971704156208,-1.70217749806706
"GTCCCATGTACTGCCG-1_1_1_1_1_1","DC","B-Act2",3.33551880509663,2.70816638735469
"GTCGTAAAGGGCCAAT-1_1_1_1_1_1","DC","B-ActMem",2.5245341935854,3.69541337755855
"GTCTACCAGCCTTCTC-1_1_1_1_1_1","DC","B-Naive",-2.28139737456035,-3.23402378293339
"GTCTAGATCAGTGTTG-1_1_1_1_1_1","DC","B-Act1",-1.75413254111004,2.4938484695309
"GTCTTTACATGCTGCG-1_1_1_1_1_1","DC","B-Act1",-5.31903365462017,0.24625292090114
"GTGAGCCTCACTGAAC-1_1_1_1_1_1","DC","B-Naive",-2.14396360724163,-1.86541340085332
"GTGCTGGGTGAATGTA-1_1_1_1_1_1","DC","B-Naive",4.97948404938984,-1.75900289746586
"GTGCTTCCATGAAAGT-1_1_1_1_1_1","DC","B-Naive",-0.773288043429371,-1.55367586346928
"GTGGAAGGTTACGATC-1_1_1_1_1_1","DC","B-Naive",-1.2853693088789,-2.25195762845341
"GTGGCGTAGGACAGCT-1_1_1_1_1_1","DC","B-Naive",-3.22610381453228,0.920750786041578
"GTGGGAAGTTAAACCC-1_1_1_1_1_1","DC","B-Naive",1.74528619439412,0.456921723162492
"GTGGTTACACGTGTGC-1_1_1_1_1_1","DC","B-Act2",4.8721117654543,0.990332335656246
"GTGGTTACACTACAGT-1_1_1_1_1_1","DC","B-Naive",3.80117770821858,-1.93530890675847
"GTGGTTAGTTAGGAGC-1_1_1_1_1_1","DC","B-Naive",-3.06564787237835,-0.146343204701582
"GTGTAACTCACGGACC-1_1_1_1_1_1","DC","B-Act1",-1.91319528429699,0.958983701145014
"GTGTCCTTCAAGCCTA-1_1_1_1_1_1","DC","B-Naive",-2.54477933256817,-2.11353561612431
"GTGTGATGTCTGTAGT-1_1_1_1_1_1","DC","B-Naive",1.83873578698445,2.55899598864253
"GTGTGGCGTGTTCAGT-1_1_1_1_1_1","DC","B-ActMem",3.68164345414448,5.5772259500378
"GTTACAGCAATACAGA-1_1_1_1_1_1","DC","B-Naive",4.59959837586689,-2.62190816136662
"GTTACGAGTATCGGTT-1_1_1_1_1_1","DC","B-Naive",4.07122418076802,-2.74802276822392
"GTTCGCTAGATGTTAG-1_1_1_1_1_1","DC","B-Naive",0.699328867505077,0.661766376768907
"GTTCGCTGTCGTACAT-1_1_1_1_1_1","DC","B-Naive",1.6233460584383,-1.92499778004948
"GTTGCGGAGGTAAAGG-1_1_1_1_1_1","DC","B-Naive",-0.955789240290638,-2.4186773035175
"GTTGTAGGTGTTATCG-1_1_1_1_1_1","DC","B-Naive",-1.06895992367458,-0.453781339848677
"GTTGTCCTCGAGTTGT-1_1_1_1_1_1","DC","B-Naive",-2.0389081558485,-4.4705583784229
"TAACACGAGATGACCG-1_1_1_1_1_1","DC","B-Naive",0.212738422463421,-2.8322298261768
"TAAGCACTCGCGATCG-1_1_1_1_1_1","DC","B-Naive",4.24539419801045,-1.02041718694035
"TAAGCCAAGACGGTTG-1_1_1_1_1_1","DC","B-Naive",1.02210840375233,-2.71202394696538
"TAATCTCAGGGTGGGA-1_1_1_1_1_1","DC","B-Naive",-0.0671465939183199,-2.67559168073002
"TACAACGAGAGAGGTA-1_1_1_1_1_1","DC","B-Naive",0.319883612702373,1.93264326122936
"TACAACGCACTGGCCA-1_1_1_1_1_1","DC","B-Naive",-3.19960954992962,-2.41396257611577
"TACAACGGTTGGCCTG-1_1_1_1_1_1","DC","B-Naive",4.86306664140034,-1.6598448488361
"TACACCCTCTATGCCC-1_1_1_1_1_1","DC","B-Naive",-1.29827073424053,-4.42297670575444
"TACATTCTCAGGAGAC-1_1_1_1_1_1","DC","B-Act1",-4.91302159636211,1.59150263336833
"TACCGAAGTAGCGCCT-1_1_1_1_1_1","DC","B-Act1",-2.7081535181303,2.53430083063777
"TACCGAATCAATGTCG-1_1_1_1_1_1","DC","B-Naive",-0.811888011385914,0.614328947340807
"TACCGAATCTGTAACG-1_1_1_1_1_1","DC","B-ActMem",4.26738735825825,5.36567762163814
"TACCGGGGTAACATAG-1_1_1_1_1_1","DC","B-Act2",5.11204334885884,1.8676294949406
"TACCTCGCACCAGACC-1_1_1_1_1_1","DC","B-Naive",0.974713293622021,-3.21445963116948
"TACGCTCAGCACTAGG-1_1_1_1_1_1","DC","B-Naive",-1.71644476263713,-4.61701128217045
"TACGCTCAGTGGCAGT-1_1_1_1_1_1","DC","B-Act1",-4.69985297529888,1.9124418166035
"TACGGGCAGTAGAGTT-1_1_1_1_1_1","DC","B-Act1",-1.23656669466686,1.10538491276439
"TACGGTAAGTAGGCCA-1_1_1_1_1_1","DC","B-Naive",-0.54845348208141,-3.24498579236333
"TACGGTACACCATTCC-1_1_1_1_1_1","DC","B-Naive",3.48569509179402,-3.10058853360478
"TACTTACAGCGAGGAG-1_1_1_1_1_1","DC","B-Act2",4.57919356019307,1.70343646076854
"TACTTACAGGGTTAAT-1_1_1_1_1_1","DC","B-Mye",-0.231359282721993,6.89868428972896
"TACTTACAGTGCAGGT-1_1_1_1_1_1","DC","B-Naive",-1.88967982142162,-3.16762897702519
"TACTTCAAGTTGCTCA-1_1_1_1_1_1","DC","B-Naive",-1.43964591829967,-2.79500577184025
"TACTTCATCGATAACC-1_1_1_1_1_1","DC","B-Act1",-3.58802345602703,0.651787277733644
"TACTTGTAGCCTCACG-1_1_1_1_1_1","DC","B-Mye",-0.543377788950916,8.08513095644649
"TACTTGTAGGACAGTC-1_1_1_1_1_1","DC","B-Act2",5.30062147767353,1.58056822088893
"TACTTGTGTAGCTGAG-1_1_1_1_1_1","DC","B-Act2",3.7519397416811,1.87171813515361
"TAGACTGAGTTGTCAC-1_1_1_1_1_1","DC","B-Naive",2.48180100114155,-0.862973186696211
"TAGACTGGTGCCTTCT-1_1_1_1_1_1","DC","B-Naive",-1.51158586352062,-2.70823690625493
"TAGCACACACTCAAGT-1_1_1_1_1_1","DC","B-Act1",1.17604717404652,0.709609684025606
"TAGTGCAAGAGCATAT-1_1_1_1_1_1","DC","B-Act1",-1.77300384848308,2.30139568117793
"TAGTGCACAGAACTAA-1_1_1_1_1_1","DC","B-ActMem",3.68272849709797,4.00916674402889
"TAGTGCAGTGACTCGC-1_1_1_1_1_1","DC","B-Naive",0.885837642262462,-0.969678137028853
"TATACCTAGGAATTAC-1_1_1_1_1_1","DC","B-Naive",-0.198409142186161,-3.72242424222294
"TATATCCGTCCACGCA-1_1_1_1_1_1","DC","B-Naive",2.71807905823994,0.635237899100145
"TATCCTAAGCCGAACA-1_1_1_1_1_1","DC","B-Naive",2.15546747834492,-0.773571941579024
"TATCCTACATGTGCCG-1_1_1_1_1_1","DC","B-Naive",1.72253295571614,-1.82208940717045
"TATGTTCAGCTTCTAG-1_1_1_1_1_1","DC","B-Act1",-4.20191434233379,1.24883222249683
"TATGTTCCATAGAATG-1_1_1_1_1_1","DC","B-Naive",4.93863102586079,-1.53126857014958
"TATTCCAAGTAAAGCT-1_1_1_1_1_1","DC","B-Naive",3.70393916756916,-2.14281151028935
"TATTCCACATCTATCT-1_1_1_1_1_1","DC","B-Naive",4.76697632462788,-2.24692961903874
"TATTGCTCACAAAGTA-1_1_1_1_1_1","DC","B-Naive",-3.64860037176799,-3.19780370923344
"TATTGCTGTATACCTG-1_1_1_1_1_1","DC","B-Naive",-0.0975054635007345,-4.33633110257451
"TATTTCGCAAGACCGA-1_1_1_1_1_1","DC","B-Naive",0.907781211445812,-3.15878030988042
"TCAAGACGTCAGTTTG-1_1_1_1_1_1","DC","B-Naive",4.31336876542378,-2.13667270871464
"TCAATCTCAGCACCCA-1_1_1_1_1_1","DC","B-Naive",-1.10251888840389,-4.69771072598759
"TCAATTCTCAATCCAG-1_1_1_1_1_1","DC","B-Naive",-0.455680759837147,-3.5472480985767
"TCACGCTCAGGACTTT-1_1_1_1_1_1","DC","B-Act1",-3.31343081801128,-1.44140526982609
"TCACTATAGCCTCCAG-1_1_1_1_1_1","DC","B-Naive",-3.4811609110136,-2.74908778401677
"TCACTATGTCAGTCGC-1_1_1_1_1_1","DC","B-Naive",-1.9800794443388,-1.50203559132878
"TCACTCGAGATAGCAT-1_1_1_1_1_1","DC","B-Naive",-0.487515630414005,-4.62633154126469
"TCAGCCTCAAGTCGTT-1_1_1_1_1_1","DC","B-Naive",-2.56334641783428,-3.44474479886357
"TCAGGGCAGCGATGAC-1_1_1_1_1_1","DC","B-Naive",2.00715920121479,0.0511790182941758
"TCAGGGCAGGCTTAAA-1_1_1_1_1_1","DC","B-Act1",-5.32895949690532,0.68615463045772
"TCAGTTTCAGACGGAT-1_1_1_1_1_1","DC","B-Naive",2.48265334756184,3.12192442682918
"TCATATCCAAGGTCAG-1_1_1_1_1_1","DC","B-Naive",1.12308642060566,-0.482967588627974
"TCATCCGAGCCGCTTG-1_1_1_1_1_1","DC","B-Naive",2.96383997590351,-1.05258915158574
"TCATGAGTCCCTTTGG-1_1_1_1_1_1","DC","B-Naive",0.548050788949016,-3.82593033047978
"TCATGAGTCTTCTCAA-1_1_1_1_1_1","DC","B-Act1",-2.83478358595562,-0.477786514485518
"TCATGGACACAAAGCG-1_1_1_1_1_1","DC","B-Naive",-3.94991925566387,-1.653817865575
"TCATGTTCAACCGACC-1_1_1_1_1_1","DC","B-Naive",-3.23141363470745,-2.66113326283757
"TCATGTTTCATCCCGT-1_1_1_1_1_1","DC","B-Act1",-3.26250198691082,0.177229669367632
"TCATTTGCATGGTGGA-1_1_1_1_1_1","DC","B-Naive",-0.145905513529893,-1.93955371114079
"TCCACCAAGCATCGAG-1_1_1_1_1_1","DC","B-ActMem",2.64113113076496,5.32041576174434
"TCCACCACAGTCTACA-1_1_1_1_1_1","DC","B-Naive",-0.492313446690556,-4.79698488446538
"TCCACGTCAATCTCTT-1_1_1_1_1_1","DC","B-Act1",-5.67055276243877,0.149711814200243
"TCCACGTTCCGAAATC-1_1_1_1_1_1","DC","B-Naive",-1.58481374590587,-2.50171062680546
"TCCGGGATCACTCGAA-1_1_1_1_1_1","DC","B-Act1",-2.48697403280925,1.51107602981265
"TCCGTGTTCTTCGCTG-1_1_1_1_1_1","DC","B-Naive",4.66352268845845,-0.543140504086653
"TCCTAATAGACGACTG-1_1_1_1_1_1","DC","B-Naive",0.18212073833752,-4.32300207349125
"TCCTAATGTTACGTAC-1_1_1_1_1_1","DC","B-Naive",0.93555280358601,-3.44247266980473
"TCCTCCCGTTGTCCCT-1_1_1_1_1_1","DC","B-Naive",-0.0793845227260553,-4.57704660626713
"TCCTGCATCCCATACC-1_1_1_1_1_1","DC","B-Naive",3.05568191201496,1.69398823050197
"TCGAACAGTGCTGCAC-1_1_1_1_1_1","DC","B-Naive",-0.647411914755818,-2.95539185735051
"TCGACCTCACTATCGA-1_1_1_1_1_1","DC","B-Naive",1.39366230161,-2.67791268559758
"TCGACCTTCGAATCCA-1_1_1_1_1_1","DC","B-Naive",-1.36382404177379,-3.9158594343311
"TCGACGGTCGTTCTAT-1_1_1_1_1_1","DC","B-Naive",1.05724248082447,-1.69972679349248
"TCGCACTGTAGATTAG-1_1_1_1_1_1","DC","B-Naive",-1.06636336653423,-3.60283205243413
"TCGCTTGGTTATCTTC-1_1_1_1_1_1","DC","B-ActMem",4.0029654184084,5.63269498614009
"TCGGATAGTCCAGCCA-1_1_1_1_1_1","DC","B-Act1",-5.32175734846782,2.27927925852474
"TCGGGTGCATGACTAC-1_1_1_1_1_1","DC","B-Naive",0.0321301052074469,-2.92593619557683
"TCGGTCTTCTTGCAGA-1_1_1_1_1_1","DC","B-Naive",-1.19163575976085,-1.63330599995915
"TCGTAGAGTCGCAACC-1_1_1_1_1_1","DC","B-Act1",4.84986111314106,1.28376416531738
"TCGTGCTGTGGATACG-1_1_1_1_1_1","DC","B-Naive",0.642166463444713,2.49505510595973
"TCTAACTCATTGCAAC-1_1_1_1_1_1","DC","B-Naive",-1.95025113432598,-3.03754350873295
"TCTACATTCACCGGTG-1_1_1_1_1_1","DC","B-Naive",-0.52056440918636,-4.38262531491582
"TCTATACCAGCTGTAT-1_1_1_1_1_1","DC","B-Naive",3.89876791627217,-2.49929377766911
"TCTCACGCATCCTATT-1_1_1_1_1_1","DC","B-Naive",-2.46692875235271,-3.40913746091191
"TCTCCGAAGTGCAACG-1_1_1_1_1_1","DC","B-Naive",-0.0280142819781267,1.2052902248257
"TCTCTGGAGAACTGAT-1_1_1_1_1_1","DC","B-Naive",-1.62482884733867,-0.0625606510287917
"TCTCTGGTCCGCAACG-1_1_1_1_1_1","DC","B-Naive",-2.07585087626171,-2.56769344540898
"TCTGGCTTCGACGTCG-1_1_1_1_1_1","DC","B-Naive",-0.910382362296101,1.45336675313648
"TCTGTCGAGGCCCACT-1_1_1_1_1_1","DC","B-Naive",1.02291366250325,-0.00643632146183615
"TCTGTCGGTCTTTCTA-1_1_1_1_1_1","DC","B-Naive",-0.749726029326435,-3.42426082822148
"TCTTCCTAGACTCATC-1_1_1_1_1_1","DC","B-Naive",-1.61353996603679,-4.83489677640263
"TCTTCCTCATATCGGT-1_1_1_1_1_1","DC","B-Act1",-4.41000083296489,0.182169642721971
"TCTTGCGGTTGGGAAC-1_1_1_1_1_1","DC","B-Naive",-1.06315812676143,-3.32019302579228
"TCTTTGAAGCTCCCTT-1_1_1_1_1_1","DC","B-Naive",-2.42225173323345,-2.0483307573444
"TCTTTGATCAGAGCGA-1_1_1_1_1_1","DC","B-Naive",1.11102661282826,0.795014229094347
"TGAATCGTCACCTCTG-1_1_1_1_1_1","DC","B-Naive",4.17028519303608,-0.72472879620854
"TGAATGCAGCAGATAT-1_1_1_1_1_1","DC","B-Naive",1.72347160966206,-2.78203198643986
"TGAATGCTCGCTAAAC-1_1_1_1_1_1","DC","B-Naive",-0.17157262398791,-1.94754955502812
"TGACAGTTCTGTTGGA-1_1_1_1_1_1","DC","B-Naive",-1.64142707197857,-2.78934643002812
"TGACGCGTCTTCGATT-1_1_1_1_1_1","DC","B-Naive",-1.83933201639843,-1.70923707219426
"TGAGACTAGCCGATAG-1_1_1_1_1_1","DC","B-Act1",-2.95426348059368,1.07592724678453
"TGAGCATCAAGTGGGT-1_1_1_1_1_1","DC","B-Naive",-0.644818099429127,-0.200815293515364
"TGAGCGCAGACATAAC-1_1_1_1_1_1","DC","B-Naive",5.05967709214497,-1.51506993504826
"TGAGGAGTCTACCAGA-1_1_1_1_1_1","DC","B-Act2",4.62103697449971,1.21902870801624
"TGAGGGACAATTAGGA-1_1_1_1_1_1","DC","B-Act1",-3.94268968908977,-0.48633095952336
"TGAGGGATCTACACAG-1_1_1_1_1_1","DC","B-Naive",0.647614208767895,0.0328945186489427
"TGATGCACAACGCCCA-1_1_1_1_1_1","DC","B-Act1",-4.48531392424297,1.22376992968257
"TGATTCTTCTTAGGAC-1_1_1_1_1_1","DC","B-Naive",-1.12856057493877,-4.69315931531254
"TGATTTCCAACTGATC-1_1_1_1_1_1","DC","B-Act1",-4.13596156447124,1.07412156504925
"TGCAGATTCTTCGTGC-1_1_1_1_1_1","DC","B-Act1",-1.28658703177166,1.64065983561214
"TGCAGTAAGAGCAGAA-1_1_1_1_1_1","DC","B-Naive",-0.332697900225636,-0.715741607869307
"TGCATCCGTTTCGTGA-1_1_1_1_1_1","DC","B-Naive",0.717036632607464,-2.63259598943059
"TGCATGAGTACTGGGA-1_1_1_1_1_1","DC","B-ActMem",3.43155738503743,4.22974183825191
"TGCATGAGTGCATTAC-1_1_1_1_1_1","DC","B-Act2",3.93185183198262,2.71596493986781
"TGCGACGCAGTTTCAG-1_1_1_1_1_1","DC","B-Naive",3.45166227013874,-0.642453286374251
"TGCTCCACAAGACCGA-1_1_1_1_1_1","DC","B-Naive",-2.62134531347942,0.562694427048525
"TGCTCGTAGGCATTTC-1_1_1_1_1_1","DC","B-Naive",-3.30591371863079,-2.46763751241032
"TGCTCGTTCCCGAAAT-1_1_1_1_1_1","DC","B-Act1",-5.340499432971,1.09282900062736
"TGCTGAACACCAGCTG-1_1_1_1_1_1","DC","B-Naive",-3.3314011415739,-3.6157991621143
"TGCTGAATCACTACGA-1_1_1_1_1_1","DC","B-ActMem",3.50068232209492,3.53839662340816
"TGCTGAATCGGTCGAC-1_1_1_1_1_1","DC","B-Naive",-0.274487229277607,1.40815880564388
"TGGAGGAAGCACTCTA-1_1_1_1_1_1","DC","B-Naive",1.25681707055378,-0.320816490376631
"TGGAGGAGTCTAACTG-1_1_1_1_1_1","DC","B-Act1",-4.98831418364238,2.36785962847408
"TGGCGTGAGATCACTC-1_1_1_1_1_1","DC","B-ActMem",4.034012285779,4.35671737459834
"TGGCGTGAGTGTTGTC-1_1_1_1_1_1","DC","B-Naive",-0.216939920773026,-2.25252577992741
"TGGGATTTCAAAGGAT-1_1_1_1_1_1","DC","B-Act1",-1.89277330248546,1.128439110195
"TGGGCGTCAAGGTCAG-1_1_1_1_1_1","DC","B-Naive",4.78802820832539,-1.02693221303288
"TGGGCGTTCCGTGCGA-1_1_1_1_1_1","DC","B-Naive",1.9704992452364,-1.74255988332097
"TGGGCTGTCCGAGCTG-1_1_1_1_1_1","DC","B-Act1",-4.05964115469646,0.610252824103197
"TGGTACATCGTGCACG-1_1_1_1_1_1","DC","B-Act2",4.81677481324482,2.18487742212947
"TGGTGATAGAGGTTAT-1_1_1_1_1_1","DC","B-Naive",0.491369871209148,-1.06607005330388
"TGTAAGCAGTGCCCGT-1_1_1_1_1_1","DC","B-Naive",2.6776742616396,3.00983264712032
"TGTAAGCGTAACGATA-1_1_1_1_1_1","DC","B-Naive",-0.367218228270527,1.87324675587352
"TGTGAGTGTCCGAAAG-1_1_1_1_1_1","DC","B-Naive",1.22516009003926,-1.08812186452214
"TGTGCGGTCCTTATGT-1_1_1_1_1_1","DC","B-Naive",3.99926754624653,-1.04126832219426
"TGTGGCGAGCACTAGG-1_1_1_1_1_1","DC","B-Naive",-1.88045373766613,-1.49975321027104
"TGTGGCGCAGTGAGCA-1_1_1_1_1_1","DC","B-Naive",0.530501035759929,2.40778174666103
"TGTTACTGTCTCGACG-1_1_1_1_1_1","DC","B-ActMem",-2.72504905073833,0.954984602009615
"TGTTCTACAGTCAGTT-1_1_1_1_1_1","DC","B-Act1",-1.92178133337688,1.910451021468
"TGTTGGACAGATCACT-1_1_1_1_1_1","DC","B-Act1",-2.21127799360942,1.74116214779552
"TTACCATTCGGAGATG-1_1_1_1_1_1","DC","B-Act1",-3.67182043402385,2.22643592623409
"TTACCGCGTAGAAACT-1_1_1_1_1_1","DC","B-Act1",-3.08480647413921,0.311788943087419
"TTACCGCTCCTAACAG-1_1_1_1_1_1","DC","B-Naive",-0.353380205323216,-3.73580333920781
"TTACCGCTCCTAGAGT-1_1_1_1_1_1","DC","B-Naive",1.8563372770052,-2.20377800198857
"TTACGCCAGAGAGGTA-1_1_1_1_1_1","DC","B-ActMem",3.45663091332722,4.90861251619991
"TTATTGCCACATTCTT-1_1_1_1_1_1","DC","B-Act1",-4.71749451964092,0.747148003851732
"TTCAATCAGGTCACAG-1_1_1_1_1_1","DC","B-Naive",-3.39262417166423,-1.70215794774357
"TTCATTGCATCCTTCG-1_1_1_1_1_1","DC","B-Naive",-3.25738838522625,-2.89444992276494
"TTCCAATAGGGTATAT-1_1_1_1_1_1","DC","B-ActMem",3.51405712754536,4.50521996287044
"TTCCGTGCAAGACTGG-1_1_1_1_1_1","DC","B-Naive",-0.0563012307782137,-1.63010117741887
"TTCCTAAAGTTCGGTT-1_1_1_1_1_1","DC","B-Naive",-1.28413954584789,-0.604657742703596
"TTCGATTCATGACGAG-1_1_1_1_1_1","DC","B-Act1",-1.49833718149852,0.536529448305925
"TTCGCTGGTTCACCGG-1_1_1_1_1_1","DC","B-Naive",-2.55698850958538,-2.9906508657581
"TTCGCTGTCTCACCCA-1_1_1_1_1_1","DC","B-Naive",-0.718908103396412,-3.46669075223271
"TTCTAACCACGGGTAA-1_1_1_1_1_1","DC","B-Naive",-2.20550587980938,-1.32162592145268
"TTCTAGTGTAGAATAC-1_1_1_1_1_1","DC","B-Naive",-2.39264634459209,-2.6335837576038
"TTCTCTCAGTCATGGG-1_1_1_1_1_1","DC","B-Naive",2.54179951340962,-2.9651872846729
"TTGAACGTCCGGCTTT-1_1_1_1_1_1","DC","B-Naive",-2.31048062651348,-4.24351188870732
"TTGCCTGTCTCCTGCA-1_1_1_1_1_1","DC","B-Naive",1.1162945905428,-2.65537640782658
"TTGTTTGCAGTCAGAG-1_1_1_1_1_1","DC","B-Naive",-1.06134155600261,-2.46853086682622
"TTTCACACATTCACAG-1_1_1_1_1_1","DC","B-Naive",-0.910461219241139,-4.73351022931401
"TTTCATGCACACGGTC-1_1_1_1_1_1","DC","B-ActMem",4.0788759866457,5.34198596743282
"TTTGACTAGCAATAAC-1_1_1_1_1_1","DC","B-Naive",3.73766204507161,-3.06707975598637
"TTTGACTAGTTGTCAC-1_1_1_1_1_1","DC","B-Naive",-0.916572423865315,-0.233799669469038
"TTTGACTTCAAAGAAC-1_1_1_1_1_1","DC","B-Naive",-1.8931424936552,0.172606494700273
"TTTGACTTCTCGAACA-1_1_1_1_1_1","DC","B-Naive",-0.783040495802876,-4.17232439252202
"TTTGATCAGGTTATAG-1_1_1_1_1_1","DC","B-Naive",-1.39971128313732,-0.500703665936629
"TTTGATCCAGGTTCAT-1_1_1_1_1_1","DC","B-Naive",-2.0849913677473,-4.42209598752324
"TTTGGTTAGACATGCG-1_1_1_1_1_1","DC","B-ActMem",2.95782753617573,4.04027488497432
"TTTGTTGGTAGCTAAA-1_1_1_1_1_1","DC","B-Naive",1.15821119935322,-0.081480953419844
"ACATCGATCGAGGCAA-1_2_1_1_1_1","DC","B-Naive",0.156588641713146,-0.71440324517552
"ACCAAACTCCTACAAG-1_2_1_1_1_1","DC","B-Naive",-2.71151069014263,-2.73907777997319
"ACCAACACAAGACCTT-1_2_1_1_1_1","DC","B-Act1",-4.98307374327373,1.37752025989231
"ACCCAAAGTGCTATTG-1_2_1_1_1_1","DC","B-Naive",-0.961801083971974,-1.56014368268315
"ACCTGAAAGTGGCAGT-1_2_1_1_1_1","DC","B-Naive",-2.25420502035808,-0.776095721448103
"ACCTGAATCCAGTTCC-1_2_1_1_1_1","DC","B-Naive",-2.56682256071758,-1.88653251859013
"ACGATCAGTAAGGAGA-1_2_1_1_1_1","DC","B-Naive",4.04767319352436,-0.0920567247516311
"ACGATGTCAGCAGATG-1_2_1_1_1_1","DC","B-ActMem",3.63022061974812,4.53014543322261
"ACGCACGCAACGATCT-1_2_1_1_1_1","DC","B-Act1",-2.92731598227214,0.958265457724889
"ACGTAGTCAACACTAC-1_2_1_1_1_1","DC","B-ActMem",4.72388550431538,4.34444000986751
"ACGTTCCAGCCTTTGA-1_2_1_1_1_1","DC","B-Naive",1.34921905190754,-3.12449285718266
"ACTATCTCATGGCCCA-1_2_1_1_1_1","DC","B-Naive",-1.86673405974102,-4.13790247174565
"ACTATGGCAGCAGACA-1_2_1_1_1_1","DC","B-Naive",-2.97966340391826,-3.4797112676746
"ACTGATGTCAATGCAC-1_2_1_1_1_1","DC","B-Naive",-0.000214735259529308,-1.31228038998906
"ACTTATCGTAACCCGC-1_2_1_1_1_1","DC","B-ActMem",3.8893851915102,3.89328983095821
"ACTTATCTCCGAGAAG-1_2_1_1_1_1","DC","B-Act1",-1.2351914963026,2.89534297255214
"ACTTCCGGTGAATATG-1_2_1_1_1_1","DC","B-Act1",1.42115375191975,0.517153349196275
"ACTTCGCCAAGCCTGC-1_2_1_1_1_1","DC","B-Naive",-1.75762692301464,-4.18175766202275
"ACTTCGCCACCAAATC-1_2_1_1_1_1","DC","B-Naive",-2.50416282026958,-4.11167738171879
"ACTTCGCCAGGACATG-1_2_1_1_1_1","DC","B-Naive",1.99758907944966,-1.32168361874882
"ACTTTCAGTGTTTGCA-1_2_1_1_1_1","DC","B-Naive",-0.281314196278568,-4.61980936261479
"AGAAGCGCACAGTACT-1_2_1_1_1_1","DC","B-Act1",-5.30055240004253,0.587145384823641
"AGAAGTAAGATGCGAC-1_2_1_1_1_1","DC","B-Naive",3.96530577332783,-2.80943176480595
"AGACAGGCACCAATTG-1_2_1_1_1_1","DC","B-Act1",-4.84034350722026,1.07638653037485
"AGAGAATTCGACGAGA-1_2_1_1_1_1","DC","B-Naive",2.83522674233723,1.13685762551959
"AGAGCAGTCTATCGGA-1_2_1_1_1_1","DC","B-Naive",4.33102413804341,-0.632095668042342
"AGATCCACATGCACTA-1_2_1_1_1_1","DC","B-Naive",5.0362152734499,-1.38737318250004
"AGCCAATCACAAATGA-1_2_1_1_1_1","DC","B-Naive",1.21091303021717,-0.468281957829634
"AGCGATTCAAATCGTC-1_2_1_1_1_1","DC","B-Naive",-0.698359402110096,-2.62377450200383
"AGCGATTTCGCCTAGG-1_2_1_1_1_1","DC","B-Naive",-0.288112970282551,-0.912229749882857
"AGCGCTGCAGGAGGAG-1_2_1_1_1_1","DC","B-Act2",4.49105402619648,1.88889786270793
"AGCGCTGGTACAAGCG-1_2_1_1_1_1","DC","B-Naive",-3.07618883459758,0.50760671166118
"AGCTACAGTAGATTAG-1_2_1_1_1_1","DC","B-Naive",0.198901502202038,1.037395433014
"AGCTCAATCGCCAACG-1_2_1_1_1_1","DC","B-Naive",-0.33850015907478,-2.04029223653142
"AGCTTCCTCACCATAG-1_2_1_1_1_1","DC","B-Naive",-1.79815629332256,-4.53349897595707
"AGGACTTGTGTAGGAC-1_2_1_1_1_1","DC","B-Act1",-3.92288759558391,-0.0552054378635085
"AGGATAACAAGTGGGT-1_2_1_1_1_1","DC","B-Act1",0.646412400315288,-0.83970591756169
"AGGATCTAGCCGTCGT-1_2_1_1_1_1","DC","B-Naive",-2.9109111150999,-3.5320703718311
"AGGATCTGTCGCAGTC-1_2_1_1_1_1","DC","B-Naive",-1.31044808237743,-3.19060251447026
"AGGCATTAGGGAGGTG-1_2_1_1_1_1","DC","B-Naive",1.69669088513661,0.697277632033189
"AGGCCACAGCTATCTG-1_2_1_1_1_1","DC","B-Naive",-5.0207481703062,-0.324096295560042
"AGGCTGCCAAGTCGTT-1_2_1_1_1_1","DC","B-Naive",0.473191885064129,0.214263644491991
"AGGGCTCTCAACTCTT-1_2_1_1_1_1","DC","B-Naive",-1.35816303103161,-4.3341304990894
"AGGGTTTCAACGATCT-1_2_1_1_1_1","DC","B-Naive",-1.48482218592357,-3.05792686673466
"AGTACTGTCATGTCAG-1_2_1_1_1_1","DC","B-Naive",-1.27299252360057,-3.85106298657719
"AGTACTGTCCGTCAAA-1_2_1_1_1_1","DC","B-Naive",-1.26024487822246,-2.85510394307438
"AGTAGCTGTAGAAACT-1_2_1_1_1_1","DC","B-Naive",-2.42190554945659,0.0567696955555284
"AGTCAACAGACTTAAG-1_2_1_1_1_1","DC","B-Act2",3.66197821290303,2.09100988176998
"AGTGTTGCAGGACAGT-1_2_1_1_1_1","DC","B-Act1",-5.69606259672832,2.0483135249966
"AGTTAGCGTGTATTCG-1_2_1_1_1_1","DC","B-Naive",2.48736640603352,3.94007423189815
"ATAGGCTTCGTAATGC-1_2_1_1_1_1","DC","B-Naive",2.90252014787007,-2.79423377248112
"ATCACAGAGAACAGGA-1_2_1_1_1_1","DC","B-ActMem",2.70921751649189,4.89150193003353
"ATCACGATCCCAATAG-1_2_1_1_1_1","DC","B-Naive",0.993278471539501,0.948208775793871
"ATCCATTCACATGAAA-1_2_1_1_1_1","DC","B-Plasma",12.0776304879885,0.67143767741855
"ATCGATGGTACCGTCG-1_2_1_1_1_1","DC","B-Naive",-0.813947292258259,-1.59789201947514
"ATCGGCGGTACTAACC-1_2_1_1_1_1","DC","B-Naive",-0.653652342249867,-0.827069732869307
"ATCGTGAAGACAAGCC-1_2_1_1_1_1","DC","B-Act1",-3.65735987036419,2.33137550619777
"ATCTTCATCAGCTGTA-1_2_1_1_1_1","DC","B-Act1",-5.51192620604229,0.44109961060222
"ATGCATGTCCGCGATG-1_2_1_1_1_1","DC","B-Act1",-5.67821362822246,0.969682638024648
"ATGCCTCCAATACAGA-1_2_1_1_1_1","DC","B-Naive",1.88418313653279,-1.93808576794926
"ATGGATCTCTGTGCTC-1_2_1_1_1_1","DC","B-Act1",-3.33708670942974,1.73573460844692
"ATGGGTTTCTAGTGAC-1_2_1_1_1_1","DC","B-Naive",-1.24917379229259,-3.20782491895024
"ATGTCTTCAATCAAGA-1_2_1_1_1_1","DC","B-Naive",-1.30146435110759,-1.55774757596318
"ATTCCCGCACCATAAC-1_2_1_1_1_1","DC","B-ActMem",4.44505306870747,3.86925723818477
"ATTGGGTGTAACCCTA-1_2_1_1_1_1","DC","B-Naive",-1.05069276898098,-1.73493215771977
"ATTTACCTCAGTGATC-1_2_1_1_1_1","DC","B-Naive",1.02071103246022,1.71011450556453
"ATTTCACCAGTGGTGA-1_2_1_1_1_1","DC","B-Naive",-2.43409159987163,-2.13664910527531
"CAACAACTCCGTGTGG-1_2_1_1_1_1","DC","B-Act1",-4.86229899733257,-0.86404285165135
"CAACGATGTTGCATCA-1_2_1_1_1_1","DC","B-Naive",-2.16657069533062,-3.06747553082768
"CAAGGGACACTGAATC-1_2_1_1_1_1","DC","B-Naive",3.86142131478596,-0.778935405934492
"CAATACGGTACTCGTA-1_2_1_1_1_1","DC","B-Naive",-1.21675232260418,-4.148784372533
"CAATCGAGTTAAAGTG-1_2_1_1_1_1","DC","B-Naive",-0.312855201055523,1.93373492029842
"CACGAATTCTGCTAGA-1_2_1_1_1_1","DC","B-Mye",-0.227333488156315,7.44959571627315
"CACGTGGAGTCGCCAC-1_2_1_1_1_1","DC","B-Naive",4.99796005875874,-0.97975752087895
"CACGTGGTCCGTGTAA-1_2_1_1_1_1","DC","B-Naive",4.79226919801045,-1.99105903836552
"CACGTTCAGCTCGAAG-1_2_1_1_1_1","DC","B-Act1",0.493070630143169,-1.03529498311345
"CACTAAGAGCCGAATG-1_2_1_1_1_1","DC","B-Act1",-1.78731611578655,2.6742888954037
"CAGCAGCCAAAGGCGT-1_2_1_1_1_1","DC","B-Act1",-1.32481721251201,2.08341458109554
"CAGCAGCGTCAGTCCG-1_2_1_1_1_1","DC","B-Naive",-0.570636155297276,-0.0493920776492751
"CAGGTATCATCTATCT-1_2_1_1_1_1","DC","B-Naive",-2.24379900305462,-3.83630535336796
"CAGTGCGGTTCTAAGC-1_2_1_1_1_1","DC","B-Naive",-0.0563402122158968,-2.06429526540105
"CAGTTCCAGGACAAGA-1_2_1_1_1_1","DC","B-Naive",1.52704199940968,0.757848170077165
"CATACCCAGCGTGAAC-1_2_1_1_1_1","DC","B-Naive",-3.27889445631694,-2.03972527715031
"CATACTTGTCGAGCTC-1_2_1_1_1_1","DC","B-Naive",0.0578247436981237,-2.50650045605961
"CATCAAGGTGTCTAAC-1_2_1_1_1_1","DC","B-Mye",-0.549431773116108,5.96337440279659
"CATCCACTCTTTGCGC-1_2_1_1_1_1","DC","B-Naive",-0.993208261420246,-3.45013544293706
"CATGCCTGTCGCATCG-1_2_1_1_1_1","DC","B-Act2",5.01175257355976,1.03651292198684
"CATGCTCAGCCGCACT-1_2_1_1_1_1","DC","B-Naive",-1.22722915022564,-0.311102602208296
"CATGGATGTATTCCTT-1_2_1_1_1_1","DC","B-ActMem",4.26265188844014,4.20776846674617
"CATGGTATCCACACCT-1_2_1_1_1_1","DC","B-Naive",2.53053352029133,-1.65606257649724
"CATTCCGGTTGCAAGG-1_2_1_1_1_1","DC","B-ActMem",3.83218475968647,5.54368236330684
"CCAATGATCGTTCGCT-1_2_1_1_1_1","DC","B-Act1",-2.24615362494182,1.04827541527685
"CCAATTTAGAATTTGG-1_2_1_1_1_1","DC","B-Naive",-1.41786554663372,-4.54993412228886
"CCACGAGTCGTAACAC-1_2_1_1_1_1","DC","B-ActMem",3.24798938424397,4.12705185679134
"CCATCACCAATGAGCG-1_2_1_1_1_1","DC","B-Act1",-1.963226827075,2.78930928972896
"CCCATTGAGACTTCAC-1_2_1_1_1_1","DC","B-Act1",-2.63778951971721,1.9865077402943
"CCGGACACAGTAGAGC-1_2_1_1_1_1","DC","B-Naive",0.152409909079555,-1.20195386143986
"CCGGGTAGTCGCAGTC-1_2_1_1_1_1","DC","B-ActMem",3.93183800370503,2.79795065191921
"CCGTGAGGTGGTCTCG-1_2_1_1_1_1","DC","B-Naive",0.348529098341945,-0.949228975499312
"CCGTTCAGTACCCGAC-1_2_1_1_1_1","DC","B-Mye",-1.34174707739544,6.4402368333691
"CCTAACCAGTGATAGT-1_2_1_1_1_1","DC","B-Naive",-1.16356376021099,-2.67508647176091
"CCTAAGAAGGCGTTAG-1_2_1_1_1_1","DC","B-Naive",0.283641634295467,2.15488925245937
"CCTAAGAGTAGGTCAG-1_2_1_1_1_1","DC","B-Naive",-1.06134405939769,0.0816697147243821
"CCTCCAAGTACCTAGT-1_2_1_1_1_1","DC","B-Naive",0.559340921948437,-1.02911851140324
"CCTCCTCAGCGTGTTT-1_2_1_1_1_1","DC","B-Naive",-0.243148060729023,1.33613779810603
"CCTTTGGGTCTAGGCC-1_2_1_1_1_1","DC","B-Naive",-3.44028499930095,-3.34154865475957
"CGAAGGATCACTTGTT-1_2_1_1_1_1","DC","B-Naive",-1.26288870184612,1.34377768305477
"CGAGAAGAGTCCCAAT-1_2_1_1_1_1","DC","B-Act1",-3.51886418669414,-1.90554234715764
"CGAGGCTGTACCTAAC-1_2_1_1_1_1","DC","B-Act1",-2.9150455316801,-0.0100328657275832
"CGAGTGCGTGCAATAA-1_2_1_1_1_1","DC","B-Act1",-4.83892968504619,0.312288906847795
"CGCATGGTCGTTCTAT-1_2_1_1_1_1","DC","B-Naive",1.27149662167836,-2.87064478131596
"CGCCAGACATAGAGGC-1_2_1_1_1_1","DC","B-Naive",4.19781872422505,-0.756538960660139
"CGGAACCGTCCCGGTA-1_2_1_1_1_1","DC","B-Act2",4.49655720383931,1.4918970730656
"CGGAATTAGCCTGAAG-1_2_1_1_1_1","DC","B-Act1",-1.66671684591961,1.4057159688824
"CGGAATTGTGTTTGCA-1_2_1_1_1_1","DC","B-Naive",-3.64280608504009,0.754478093659242
"CGGACACGTGTATTGC-1_2_1_1_1_1","DC","B-Naive",-0.658039720942494,0.311177220618089
"CGGCAGTCACGACAAG-1_2_1_1_1_1","DC","B-Naive",0.175180045674328,-0.401147696698347
"CGGGACTAGCAATTCC-1_2_1_1_1_1","DC","B-Naive",-1.20003310053539,0.932070833122095
"CGGGCATCAAATGCTC-1_2_1_1_1_1","DC","B-Naive",-1.11201122610759,-2.45825621815983
"CGTGAATAGTTCTCTT-1_2_1_1_1_1","DC","B-Naive",-0.643173786093708,-3.31041071149174
"CGTGATAGTAGATTAG-1_2_1_1_1_1","DC","B-Naive",-0.574889125515934,1.04033875717196
"CGTTGGGAGGGTATAT-1_2_1_1_1_1","DC","B-Act1",-4.22203973143291,-0.559950682843367
"CTACCCAAGGAACGAA-1_2_1_1_1_1","DC","B-Naive",-1.08470007984829,-0.809008452618758
"CTAGGTACAGGAGACT-1_2_1_1_1_1","DC","B-Naive",0.379205671856884,-2.68782851430241
"CTATCCGGTGCAGGAT-1_2_1_1_1_1","DC","B-Naive",3.1622135320406,0.775745775973161
"CTCAACCTCCACACCT-1_2_1_1_1_1","DC","B-Naive",-0.799932332922932,-4.44340202542607
"CTCAATTGTGACTGTT-1_2_1_1_1_1","DC","B-Act1",-5.17034152357769,-0.218311998570601
"CTCAGGGAGCCATTGT-1_2_1_1_1_1","DC","B-Naive",0.521474150727276,1.76615103748973
"CTCATCGCACCCTGAG-1_2_1_1_1_1","DC","B-Act1",-5.61818888991069,0.728656169449648
"CTCATCGTCAAGGAGC-1_2_1_1_1_1","DC","B-Naive",-1.34056619017315,-2.45912739964787
"CTCCACAGTCCTGGTG-1_2_1_1_1_1","DC","B-Naive",-3.27596953718853,-2.90284726353947
"CTCCGATCAGCATGCC-1_2_1_1_1_1","DC","B-Act1",-5.05485919325542,1.67669459847148
"CTCGAGGAGAAACACT-1_2_1_1_1_1","DC","B-Naive",-0.657848986079212,-3.76031038495366
"CTCGAGGAGCGTATGG-1_2_1_1_1_1","DC","B-Naive",-2.94456914274883,-0.856655451977888
"CTCTCAGTCTACAGGT-1_2_1_1_1_1","DC","B-ActMem",3.92852589280415,3.81712200907405
"CTCTCGAAGAAGCCAC-1_2_1_1_1_1","DC","B-Naive",-0.910914095332142,-3.04137441846196
"CTGCCATTCCTACGAA-1_2_1_1_1_1","DC","B-Naive",0.751214770386699,-4.1489875051624
"CTGCCTAGTTACCCTC-1_2_1_1_1_1","DC","B-Act1",-3.9576390108366,-1.81753275128667
"CTGCGAGAGCTAGCCC-1_2_1_1_1_1","DC","B-Naive",-2.99895814268779,-1.71443483563725
"CTGTACCCAATCAAGA-1_2_1_1_1_1","DC","B-Naive",-1.46840444414806,1.66283043888744
"CTGTACCGTAGACTGG-1_2_1_1_1_1","DC","B-Act1",0.611868349621776,-0.00679502221409445
"CTGTACCTCCGTTTCG-1_2_1_1_1_1","DC","B-Naive",-1.76370409338665,-3.14023706647221
"CTTCGGTAGTGAGTTA-1_2_1_1_1_1","DC","B-Act1",-3.55455997793865,2.38747599390682
"CTTCTAAAGTCTGCAT-1_2_1_1_1_1","DC","B-Act2",5.05945107133198,0.251097944056352
"CTTCTAACATTGTCGA-1_2_1_1_1_1","DC","B-Act1",-3.25005629866314,1.22084936169322
"CTTGAGAAGCTACTGT-1_2_1_1_1_1","DC","B-Naive",0.208300141404156,-2.1331069204456
"GAAATGATCGTGGACC-1_2_1_1_1_1","DC","B-Act1",-4.50722888319683,1.61255320576366
"GAACGTTGTACAGAAT-1_2_1_1_1_1","DC","B-Naive",1.57363316209126,0.017445113932451
"GAACTGTCACCAGTTA-1_2_1_1_1_1","DC","B-Naive",-0.747457893778797,-1.42163393231694
"GAAGGACCAATTCTTC-1_2_1_1_1_1","DC","B-Naive",0.284037826369289,-0.454129311764876
"GACACGCCACGGCCAT-1_2_1_1_1_1","DC","B-Naive",-1.96206131785106,-1.74738213750188
"GACAGCCAGCAAGTGC-1_2_1_1_1_1","DC","B-Naive",-0.285053776790615,-1.24177357884709
"GACCGTGCACACTGGC-1_2_1_1_1_1","DC","B-Mye",-0.69984963743877,7.86086633471187
"GAGACCCCAGCAGTAG-1_2_1_1_1_1","DC","B-Naive",0.159979520152096,-3.67646286221806
"GAGATGGCACGACTAT-1_2_1_1_1_1","DC","B-Naive",-0.170894621153589,-0.888771149838606
"GAGCCTGAGATTCGAA-1_2_1_1_1_1","DC","B-Naive",1.11481901795674,2.40617730883296
"GAGCTGCTCGGAGATG-1_2_1_1_1_1","DC","B-Naive",0.962801662991527,-3.69035694333378
"GAGTCTACAAGACCTT-1_2_1_1_1_1","DC","B-Naive",-0.559131058146473,1.11980961677965
"GAGTCTATCCTAGCGG-1_2_1_1_1_1","DC","B-Naive",-0.636228235651966,-2.70734188290898
"GATAGAATCCTACACC-1_2_1_1_1_1","DC","B-Naive",-2.55657437651348,-2.54233643742863
"GATCACAAGTATGTAG-1_2_1_1_1_1","DC","B-Naive",3.01295634896565,1.33498778608974
"GATCATGAGCAACAAT-1_2_1_1_1_1","DC","B-Naive",2.27587744386006,1.51068594721492
"GATGTTGAGCCAAGCA-1_2_1_1_1_1","DC","B-Naive",1.62213489205647,-0.695089909756819
"GCAACCGGTGCGTGCT-1_2_1_1_1_1","DC","B-Naive",0.941088644574169,-2.28936931821171
"GCAGCCAAGGAATGTT-1_2_1_1_1_1","DC","B-Act2",4.52144190461445,1.65600511101421
"GCAGCCATCCTCGATC-1_2_1_1_1_1","DC","B-Naive",-3.1536929926176,-2.45740267964665
"GCAGGCTTCTGATGGT-1_2_1_1_1_1","DC","B-Naive",1.77105852753926,-2.27914020749394
"GCATCTCCAGCTGTCG-1_2_1_1_1_1","DC","B-Mye",-0.249235900332447,7.19206979540523
"GCCAACGAGTCACGCC-1_2_1_1_1_1","DC","B-Naive",1.46830615193653,-2.6799282762653
"GCCAACGTCTTCGTAT-1_2_1_1_1_1","DC","B-Act2",4.89317747742939,1.39403581288989
"GCCAGGTAGAACGTGC-1_2_1_1_1_1","DC","B-Act1",-1.7377435287733,0.63091757563289
"GCCAGGTAGTTCCAGT-1_2_1_1_1_1","DC","B-Naive",3.09122749955464,-3.18965790005986
"GCCCGAAGTCTGTGTA-1_2_1_1_1_1","DC","B-Naive",-0.513480456759449,0.825467493807634
"GCCTGTTAGCACGATG-1_2_1_1_1_1","DC","B-Naive",0.235969243357662,1.74061080483135
"GCCTGTTGTCGCTTAA-1_2_1_1_1_1","DC","B-Naive",-2.9543807825346,-3.90973112317387
"GCTACCTAGTTTCGAC-1_2_1_1_1_1","DC","B-Act1",-3.64416721670818,1.19216441777881
"GCTCAAACATGTCTAG-1_2_1_1_1_1","DC","B-Naive",1.50951322705555,-3.25012323590581
"GCTGGGTAGCGCCTAC-1_2_1_1_1_1","DC","B-Naive",4.03284927995015,1.08084111330446
"GCTTCACGTTAGGCTT-1_2_1_1_1_1","DC","B-Naive",-0.206228332807537,-4.36159584256474
"GCTTGGGTCTGATGGT-1_2_1_1_1_1","DC","B-Naive",-1.87943390219402,-1.78521868916813
"GCTTTCGAGACTTCAC-1_2_1_1_1_1","DC","B-Naive",4.11244103104878,-2.34565326901738
"GGAACCCAGTCTACCA-1_2_1_1_1_1","DC","B-Naive",0.282868532250408,-3.58936331006352
"GGAAGTGAGCTGACAG-1_2_1_1_1_1","DC","B-Naive",1.63664015919972,1.28240081337627
"GGAGCAAAGATGTTCC-1_2_1_1_1_1","DC","B-ActMem",4.06252142579365,5.62453868654903
"GGAGGATGTCACTTCC-1_2_1_1_1_1","DC","B-ActMem",3.82004377038288,5.33270528582271
"GGCGTCAGTATCAGGG-1_2_1_1_1_1","DC","B-Naive",1.15046795995045,-1.49830052586857
"GGCTTGGCAGTAACAA-1_2_1_1_1_1","DC","B-Mye",-0.627202006270405,7.98372819689449
"GGGACCTCACTGATTG-1_2_1_1_1_1","DC","B-ActMem",3.90649458558369,4.87496259478267
"GGGAGATAGGTTGGTG-1_2_1_1_1_1","DC","B-Naive",-0.160388248254772,1.44759308961566
"GGGCTACCATTCTCTA-1_2_1_1_1_1","DC","B-Naive",-1.46755877344799,-1.44814488622014
"GGGCTCACAAATTAGG-1_2_1_1_1_1","DC","B-Naive",-2.7992601713438,-3.93741962643925
"GGGTTATAGCGATCGA-1_2_1_1_1_1","DC","B-Naive",-0.511770995547291,0.875939306294283
"GGGTTATGTTGCCATA-1_2_1_1_1_1","DC","B-Naive",-1.24936560003948,-1.60865471097294
"GGGTTTAAGACCAAAT-1_2_1_1_1_1","DC","B-Naive",4.82959744126606,-1.33131978246037
"GGGTTTACACATCATG-1_2_1_1_1_1","DC","B-Act1",-5.75585082380962,1.19835489658054
"GGTAATCAGACTTAAG-1_2_1_1_1_1","DC","B-Naive",-1.86192968695354,-3.79230138989751
"GGTCTGGAGCCTCTTC-1_2_1_1_1_1","DC","B-Naive",-2.56163218825054,-1.97873637410466
"GGTCTGGTCGAGAACG-1_2_1_1_1_1","DC","B-Act1",-1.9964276870985,2.19159260061916
"GTAATCGGTGAACGGT-1_2_1_1_1_1","DC","B-Act1",-2.82319143622112,1.84213539627727
"GTACAACAGCGATGGT-1_2_1_1_1_1","DC","B-Naive",-1.07137748806667,-3.4385907384998
"GTAGAAACAAGAAATC-1_2_1_1_1_1","DC","B-Naive",2.83259579331684,2.3171317842358
"GTAGAGGGTCCAAGAG-1_2_1_1_1_1","DC","B-Act1",-1.88142326681804,1.88007887867626
"GTATTGGCACTAACCA-1_2_1_1_1_1","DC","B-Naive",-1.18715098707866,-3.62532303067509
"GTCAAGTCATAGAAAC-1_2_1_1_1_1","DC","B-Mye",-0.901081057478901,7.27139928606685
"GTCGAATAGTGGACTG-1_2_1_1_1_1","DC","B-Naive",-0.220387125601288,1.84622415569957
"GTCGTTCGTGAGGCAT-1_2_1_1_1_1","DC","B-Naive",-1.66207066385936,-0.198233577931563
"GTCTGTCTCACTACGA-1_2_1_1_1_1","DC","B-Naive",5.04236170441914,-1.78470990392033
"GTCTTTAGTTGGGACA-1_2_1_1_1_1","DC","B-Naive",-0.685814829756733,-2.86161992284123
"GTGAGTTTCCACGGAC-1_2_1_1_1_1","DC","B-Naive",-1.20295170157146,0.361522641455492
"GTGCACGAGTATAACG-1_2_1_1_1_1","DC","B-Naive",-0.824797662188526,-1.16763565274541
"GTGCAGCTCACTGTCC-1_2_1_1_1_1","DC","B-ActMem",3.90232559830952,3.98825433520015
"GTGCTGGAGGATTTGA-1_2_1_1_1_1","DC","B-Act2",4.97156187684346,1.30247911480602
"GTGGCGTCAAGACGGT-1_2_1_1_1_1","DC","B-Plasma",12.10719725282,0.585939046418031
"GTGGGAAGTGTCGATT-1_2_1_1_1_1","DC","B-Naive",-1.86268249361705,-0.411766979420821
"GTGTTAGCAGAACGCA-1_2_1_1_1_1","DC","B-Naive",-1.1456113180418,-2.50672147008244
"GTTACCCAGGGTTGCA-1_2_1_1_1_1","DC","B-Naive",-0.632931085516926,-2.63355967732731
"GTTAGACAGCGTCAAG-1_2_1_1_1_1","DC","B-Naive",0.758121935437206,1.03366242018875
"GTTAGTGAGACTTCCA-1_2_1_1_1_1","DC","B-Naive",-1.41262498705577,-3.19827482434575
"GTTATGGGTATCTTCT-1_2_1_1_1_1","DC","B-ActMem",3.96319862992573,4.57111909655269
"GTTCATTCAAGCGAAC-1_2_1_1_1_1","DC","B-Naive",-1.29931310026836,-1.67320153447453
"GTTGCGGGTCTACAAC-1_2_1_1_1_1","DC","B-Naive",-0.770907374312397,-1.39164349767033
"GTTGCTCGTGCATGAG-1_2_1_1_1_1","DC","B-Naive",0.154825744936947,-0.194539282048384
"GTTGTAGTCGTAGCCG-1_2_1_1_1_1","DC","B-Naive",1.18709322602558,2.06360581186946
"GTTGTGACAGATCCAT-1_2_1_1_1_1","DC","B-Act1",-2.37139037459087,1.69306429890331
"GTTTACTTCGGAACTT-1_2_1_1_1_1","DC","B-Naive",-1.75389948694896,-2.44241473409001
"TAACACGGTGCATCTA-1_2_1_1_1_1","DC","B-Naive",-2.75539449064922,-3.78430912228886
"TAACCAGGTACGATCT-1_2_1_1_1_1","DC","B-Act1",-4.75973656981182,2.62925746706661
"TAAGCGTAGCAGCAGT-1_2_1_1_1_1","DC","B-Naive",0.319059578488354,0.31456574467357
"TAAGTCGCAAGCTGCC-1_2_1_1_1_1","DC","B-Mye",-0.162820680280443,6.36540963915523
"TACAGGTTCACCTACC-1_2_1_1_1_1","DC","B-Naive",-0.102304868613597,-1.62045595380131
"TACCCACGTAATCAAG-1_2_1_1_1_1","DC","B-Naive",1.76256891877461,2.38772967127498
"TACCCACTCTTAGCTT-1_2_1_1_1_1","DC","B-Act1",-5.49011329024028,0.633100506340822
"TACCTCGCAGGAGGTT-1_2_1_1_1_1","DC","B-Naive",-0.905489893843647,1.66695663002666
"TACGCTCAGAAGGTAG-1_2_1_1_1_1","DC","B-Naive",-1.6874118170042,-0.625773522580305
"TACGTCCAGTGATTCC-1_2_1_1_1_1","DC","B-Naive",-2.44250419943523,-2.15851685735051
"TAGACTGTCTTTGCGC-1_2_1_1_1_1","DC","B-Naive",-4.2356238683958,0.249041881834825
"TAGATCGTCAGCAATC-1_2_1_1_1_1","DC","B-Act1",-2.02857533304882,2.27575972346004
"TATACCTCACCGGTCA-1_2_1_1_1_1","DC","B-Naive",-0.229765290607926,-4.36918232175175
"TATATCCCAGGATGAC-1_2_1_1_1_1","DC","B-Act1",-4.90975240080547,0.379997101103624
"TCAAGACCAGAATCGG-1_2_1_1_1_1","DC","B-Naive",-2.23535469382,0.506160762583574
"TCAAGCATCTACGCGG-1_2_1_1_1_1","DC","B-Act1",-3.18514397947979,-0.0795340273029006
"TCAAGTGAGCAACAGC-1_2_1_1_1_1","DC","B-Naive",-2.66306355803203,-3.040048334325
"TCACATTGTATGCAAA-1_2_1_1_1_1","DC","B-Naive",-1.55675152151775,-2.93290278645817
"TCAGCCTCAATGAGCG-1_2_1_1_1_1","DC","B-Act2",3.92869326264668,2.56828441885646
"TCAGCCTGTAGCTGTT-1_2_1_1_1_1","DC","B-Naive",1.0625710168581,-1.27890655728642
"TCAGTGATCCACAGCG-1_2_1_1_1_1","DC","B-Naive",-2.55181697218609,-2.77195951672856
"TCAGTTTTCGTCACCT-1_2_1_1_1_1","DC","B-Naive",1.53179499299336,-3.52224037381474
"TCATTGTGTGAACCGA-1_2_1_1_1_1","DC","B-Naive",-1.91951266138744,-1.79072830411259
"TCATTTGGTCCTATAG-1_2_1_1_1_1","DC","B-Naive",1.76308688313771,-2.42445180150334
"TCCATGCTCGACGTCG-1_2_1_1_1_1","DC","B-Act1",-3.97078851072979,1.5900433328503
"TCCCATGAGCCGAATG-1_2_1_1_1_1","DC","B-ActMem",3.85891601235676,5.30680349138912
"TCCGGGACATCTGCGG-1_2_1_1_1_1","DC","B-Act1",-0.552875252654072,1.75797328022655
"TCGAACAAGTACAACA-1_2_1_1_1_1","DC","B-Act1",2.69774004609394,0.366224553858598
"TCGAACAGTAGGTGCA-1_2_1_1_1_1","DC","B-Naive",-2.95776823370647,-1.87754318448369
"TCGAAGTTCGGACAAG-1_2_1_1_1_1","DC","B-Act2",3.1277885118227,0.815009292637666
"TCGGATAAGGGAGAAT-1_2_1_1_1_1","DC","B-Act1",-3.34086206762981,-0.133899781430403
"TCGGGACTCAAATGAG-1_2_1_1_1_1","DC","B-Naive",-2.62324598639202,-0.772798273289839
"TCGTGGGAGGCCGCTT-1_2_1_1_1_1","DC","B-Naive",-0.860319348265644,-1.04445740910832
"TCTACATAGAAGCCAC-1_2_1_1_1_1","DC","B-Naive",-2.01028469412517,-0.46325168343846
"TCTACATGTACACTCA-1_2_1_1_1_1","DC","B-Act2",4.52454039246846,2.18159141806301
"TCTACCGAGGAAGTGA-1_2_1_1_1_1","DC","B-Naive",1.79160627515126,-0.292610380376021
"TCTATACAGCTCGAAG-1_2_1_1_1_1","DC","B-Naive",-2.41092470495891,-0.182354304516951
"TCTCAGCAGCCAGAGT-1_2_1_1_1_1","DC","B-Naive",-1.9558399042387,-3.70212862225834
"TCTGGCTAGGTCATAA-1_2_1_1_1_1","DC","B-Naive",-2.45100525229168,-2.65290043088261
"TCTGGCTGTTCAGTAC-1_2_1_1_1_1","DC","B-Naive",-2.40404036848735,-3.46600553723637
"TCTTAGTGTCCACAGC-1_2_1_1_1_1","DC","B-Act1",-3.74624660818767,-1.87560746403996
"TCTTTGAGTGGACTGA-1_2_1_1_1_1","DC","B-Naive",0.778860894749645,1.60667207506832
"TGAACGTAGGGAGGGT-1_2_1_1_1_1","DC","B-Naive",1.74419888646412,1.35735186604198
"TGAATGCGTTAAGGAT-1_2_1_1_1_1","DC","B-Act2",4.22949453980732,2.32831623820003
"TGAGACTTCGCTTTAT-1_2_1_1_1_1","DC","B-Act1",-3.64196232168865,-1.44978830548588
"TGATGCAAGGCCTTCG-1_2_1_1_1_1","DC","B-Naive",4.45061918885517,-2.7865915033466
"TGATTCTAGTCACACT-1_2_1_1_1_1","DC","B-Naive",-1.53116813509655,-1.48591992589299
"TGATTCTAGTCACAGG-1_2_1_1_1_1","DC","B-ActMem",3.18754049927998,4.35609867838558
"TGCAGGCGTGCCGGTT-1_2_1_1_1_1","DC","B-Naive",0.787651447365764,0.779040094887575
"TGCATCCAGGACATCG-1_2_1_1_1_1","DC","B-Naive",0.0441922226648367,-0.478727552617232
"TGCATCCGTCCACACG-1_2_1_1_1_1","DC","B-Act1",-4.1579609236021,-0.830913159573714
"TGCATGACAGTTGAAA-1_2_1_1_1_1","DC","B-Naive",-3.26499822943401,-2.71278855534855
"TGCGATAAGTTACTCG-1_2_1_1_1_1","DC","B-Naive",-3.31580618231487,-1.27296159001652
"TGCGGCATCAATGTCG-1_2_1_1_1_1","DC","B-Naive",0.695936826775554,-0.263116452420393
"TGCTTCGCAAGCAATA-1_2_1_1_1_1","DC","B-ActMem",2.70625826508808,4.05565860537227
"TGCTTCGGTGTTTCTT-1_2_1_1_1_1","DC","B-Naive",-0.708526762415882,-1.3205692503101
"TGGAGGATCTAGTGAC-1_2_1_1_1_1","DC","B-Naive",-0.755379112650868,-0.22497043343846
"TGGATGTCATCTAGAC-1_2_1_1_1_1","DC","B-Act1",-6.31433776228618,1.60644665030177
"TGGCGTGCAGAGTGAC-1_2_1_1_1_1","DC","B-ActMem",2.87143680245686,3.97571900156673
"TGGGAGAGTCAATCTG-1_2_1_1_1_1","DC","B-Naive",-2.32731512396526,-1.1819100114948
"TGGGAGATCCTAAACG-1_2_1_1_1_1","DC","B-Naive",2.27627870232869,-0.841934535229842
"TGGGATTCAGATCCTA-1_2_1_1_1_1","DC","B-Naive",2.53304526002217,-2.77071258755986
"TGGGCGTCAATAGGGC-1_2_1_1_1_1","DC","B-Act1",-3.42099836676311,1.70005288389858
"TGGGCTGCATTGAAAG-1_2_1_1_1_1","DC","B-Naive",0.026370284865383,-3.23824331494633
"TGGTTAGCAGTCAACT-1_2_1_1_1_1","DC","B-Naive",3.47194406182576,-3.14641926022832
"TGTACAGAGCAAGGAA-1_2_1_1_1_1","DC","B-Naive",-1.88322439997387,-3.40181514951054
"TGTACAGTCCGGACGT-1_2_1_1_1_1","DC","B-Naive",1.01183971555043,1.17323948112663
"TGTGATGAGTGCCAGA-1_2_1_1_1_1","DC","B-Naive",-0.672471793581959,-0.327408764088789
"TGTGGCGTCTCGACCT-1_2_1_1_1_1","DC","B-Naive",2.74712392480183,-2.49445912572209
"TGTGTGATCTTAGCTT-1_2_1_1_1_1","DC","B-ActMem",4.26719566972065,4.56153657702144
"TGTTCTAGTATGTCCA-1_2_1_1_1_1","DC","B-Plasma",11.8321127572756,0.907598164355119
"TGTTGGAAGTCATCCA-1_2_1_1_1_1","DC","B-Naive",1.79767462403584,2.136909153735
"TTAATCCCACGGGTAA-1_2_1_1_1_1","DC","B-Naive",3.325267521451,-2.09446403714482
"TTAATCCTCTTCGACC-1_2_1_1_1_1","DC","B-Naive",-0.715576919009205,-3.48398468228642
"TTACGTTAGGTCCGAA-1_2_1_1_1_1","DC","B-Naive",4.24579140336323,-1.88720152112309
"TTACGTTCAGGGTCTC-1_2_1_1_1_1","DC","B-Naive",-0.197871582796093,-3.89534494611088
"TTAGGCATCCCACAGG-1_2_1_1_1_1","DC","B-Act1",-4.68056157438945,1.05527443201627
"TTAGTCTCAAGGCCTC-1_2_1_1_1_1","DC","B-Naive",-1.17488411276531,-4.20015928479497
"TTCAATCCACTATCGA-1_2_1_1_1_1","DC","B-ActMem",4.22512003571797,4.81705048350032
"TTCACCGGTGAATGTA-1_2_1_1_1_1","DC","B-Act2",4.1722392717104,0.848609056746324
"TTGATGGGTGGCTAGA-1_2_1_1_1_1","DC","B-Naive",-0.159646785100218,0.12430205610927
"TTGCTGCAGCTAGATA-1_2_1_1_1_1","DC","B-Naive",1.82844444901753,-3.28395912381474
"TTGGGCGTCACTGAAC-1_2_1_1_1_1","DC","B-ActMem",3.14033934266377,3.28799059656795
"TTGGGTAAGTTTCTTC-1_2_1_1_1_1","DC","B-Naive",-0.0496720394391977,-1.59531161519353
"TTGGTTTCAGCTATAC-1_2_1_1_1_1","DC","B-Naive",-1.1640290340681,-4.77509090634648
"TTGGTTTTCATGAAAG-1_2_1_1_1_1","DC","B-Naive",-0.674091788222309,-1.60841605397526
"TTGTGGAAGTCACTCA-1_2_1_1_1_1","DC","B-Naive",0.94420906693745,2.25118603972133
"TTTACCATCCGTACGG-1_2_1_1_1_1","DC","B-Naive",0.280182836363796,-2.91446134778325
"TTTCACATCACAATGC-1_2_1_1_1_1","DC","B-Naive",-2.64067319243145,-3.49119875165288
"TTTCATGCAACAAGTA-1_2_1_1_1_1","DC","B-Naive",-0.862378569533344,-2.563250753606
"TTTGACTAGGCGCTCT-1_2_1_1_1_1","DC","B-Act2",5.25555178315449,1.35404297379192
"TTTGATCTCCCGTGTT-1_2_1_1_1_1","DC","B-Naive",-0.96645406096172,-1.96804640027348
"TTTGGAGTCCACACAA-1_2_1_1_1_1","DC","B-Naive",-2.78875425665569,-4.22858831616704
"ACCCTTGCAGAGGCAT-1_1_1_1_1","DC","B-Naive",-1.22082403509807,-1.59562418195073
"ACCCTTGTCATTCGGA-1_1_1_1_1","DC","B-Mye",-0.731886001517292,6.71921756533321
"ACCTGAACACTTCAGA-1_1_1_1_1","DC","B-Mye",-1.28721657602977,6.677387502467
"ACCTGAAGTGGAATGC-1_1_1_1_1","DC","B-Naive",-0.499733181883808,0.990792852317651
"ACGATCACAAGTGCAG-1_1_1_1_1","DC","B-Naive",-0.490784229924198,1.92983111408885
"ACGATCATCTCGGTAA-1_1_1_1_1","DC","B-Naive",3.34546085984516,1.84812578228649
"ACGATGTAGTGATTCC-1_1_1_1_1","DC","B-Naive",-2.66077068655681,-3.78579208585087
"ACGCACGAGCGTGCTC-1_1_1_1_1","DC","B-Naive",-2.22182634680462,-1.7901794645435
"ACGGGTCGTTGAGAGC-1_1_1_1_1","DC","B-Act1",-0.553459795405384,2.07297947672542
"ACGGTCGAGACGCCCT-1_1_1_1_1","DC","B-Naive",1.84431990773487,-0.0723725292331374
"ACGGTCGGTAAGGCTG-1_1_1_1_1","DC","B-ActMem",3.60466047913838,5.17889144686397
"ACGGTTAAGAGTATAC-1_1_1_1_1","DC","B-Naive",-1.97123745291423,-0.458559605801741
"ACGGTTAAGAGTGGCT-1_1_1_1_1","DC","B-Naive",-0.312912525822636,0.595387813126405
"ACGGTTACACCTCAGG-1_1_1_1_1","DC","B-Act2",-1.42348924486827,1.03728306428876
"ACGGTTATCACTTCTA-1_1_1_1_1","DC","B-Naive",-1.25003770201397,-0.325233790600935
"ACGTAACAGCCAGAGT-1_1_1_1_1","DC","B-Naive",-0.0758331811327898,0.929454613899549
"ACGTAACGTACTAACC-1_1_1_1_1","DC","B-Act1",-2.37117222159099,1.89908209112819
"ACGTACATCCGTACGG-1_1_1_1_1","DC","B-ActMem",2.91807314545918,4.12656333712276
"ACGTACATCCTAGCCT-1_1_1_1_1","DC","B-Act1",-2.89632991163921,1.53050288227733
"ACGTCCTCACAAGTTC-1_1_1_1_1","DC","B-Act1",-4.01038983671856,0.539970960890611
"ACGTCCTGTCCTGAAT-1_1_1_1_1","DC","B-Act1",-3.56974414198589,-2.51944610806767
"ACGTCCTGTTCGAAGG-1_1_1_1_1","DC","B-Naive",-0.965784581591603,-0.46486232014958
"ACGTTCCAGGCTCTCG-1_1_1_1_1","DC","B-Act1",-4.67892030089092,1.63067033556636
"ACGTTCCGTTTCCAAG-1_1_1_1_1","DC","B-Act1",-5.28609469740581,0.906465512191614
"ACTACGACAATCTAGC-1_1_1_1_1","DC","B-Act2",4.09196612031269,3.13222291735347
"ACTATCTCAGTAACAA-1_1_1_1_1","DC","B-Naive",4.24303528458882,-2.87505242558781
"ACTATCTCATGCCGAC-1_1_1_1_1","DC","B-Naive",-1.69889131396007,-2.01041934224431
"ACTATTCGTGCGACAA-1_1_1_1_1","DC","B-Naive",-0.847619923045155,-0.780787083829085
"ACTCCCAGTAAGATTG-1_1_1_1_1","DC","B-Act1",-3.55835131018352,1.65695109633144
"ACTGATGCACGGCCAT-1_1_1_1_1","DC","B-Act2",4.59209438950825,1.03634385061797
"ACTGATGGTAGCGAGT-1_1_1_1_1","DC","B-Naive",-6.3106708845396,1.26538261440929
"ACTGTCCAGGCCTTGC-1_1_1_1_1","DC","B-Naive",-2.30483749716472,-3.58125040265385
"ACTGTCCCAGCTATAC-1_1_1_1_1","DC","B-Naive",-4.25297597258281,-1.22733256551091
"ACTGTGAGTGTGCTTA-1_1_1_1_1","DC","B-Naive",3.44500180871296,0.839711409484705
"ACTGTGATCGCAGATT-1_1_1_1_1","DC","B-Naive",-1.00744083731365,-0.824069711888472
"ACTGTGATCGCTATTT-1_1_1_1_1","DC","B-ActMem",3.40814611108113,4.14999630716976
"ACTTAGGTCCACACCT-1_1_1_1_1","DC","B-Naive",4.2130574861269,-0.720936033452193
"ACTTCCGAGCATGTTC-1_1_1_1_1","DC","B-Naive",1.76756927163411,-0.612653825009505
"ACTTCCGAGGCCACTC-1_1_1_1_1","DC","B-Naive",0.524241057942394,-2.05859133931462
"ACTTCCGCACACAGCC-1_1_1_1_1","DC","B-Naive",2.03738161713887,-1.72836158009831
"ACTTTCAAGCCGAATG-1_1_1_1_1","DC","B-Naive",-0.413517507006642,1.13026507613595
"ACTTTCAGTAGGCTCC-1_1_1_1_1","DC","B-Naive",-1.50355962126445,-3.36684963437382
"ACTTTCATCAGCTGAT-1_1_1_1_1","DC","B-Naive",-1.71434954016399,-4.01776334973637
"ACTTTCATCATTTCGT-1_1_1_1_1","DC","B-Naive",-3.5128615221281,-3.36249849530522
"AGAAATGGTTCGGTCG-1_1_1_1_1","DC","B-Act1",-1.8756430467863,2.79490962294277
"AGAACAATCTTCTAAC-1_1_1_1_1","DC","B-Naive",0.409837810109142,-2.74470493527714
"AGAACCTCAGCCCACA-1_1_1_1_1","DC","B-Naive",-0.208171436776634,-2.03959700795476
"AGAAGCGCAACAAAGT-1_1_1_1_1","DC","B-Naive",-1.23061874716472,1.6700980332249
"AGAAGCGGTCTCCCTA-1_1_1_1_1","DC","B-Act1",-3.77850917189312,0.341380384241899
"AGAAGTAAGGTCGAGT-1_1_1_1_1","DC","B-Naive",-1.26672974436473,1.68785163429912
"AGAAGTAGTAGGTTTC-1_1_1_1_1","DC","B-Naive",0.0313629338245428,-3.34260675641362
"AGACAAACAAACTCGT-1_1_1_1_1","DC","B-Naive",4.15480324418354,-1.13624593945805
"AGACAAACAACGAGGT-1_1_1_1_1","DC","B-Act1",-2.01151517241192,1.58715572622951
"AGACACTAGTTAGTAG-1_1_1_1_1","DC","B-Act2",3.83804127366352,1.60916825798686
"AGACACTCAGCTCTGG-1_1_1_1_1","DC","B-Naive",-2.51150492041301,-0.242743942464033
"AGACAGGAGCCAAGGT-1_1_1_1_1","DC","B-Naive",1.94563218743611,3.13504150179561
"AGACCATAGGACTGGT-1_1_1_1_1","DC","B-ActMem",3.25899740845967,3.82688405779537
"AGACCATGTCGCATTA-1_1_1_1_1","DC","B-Naive",4.54937788636494,-1.3459541532642
"AGACCCGCATAGCACT-1_1_1_1_1","DC","B-Act2",4.80922123582173,1.0633132759982
"AGACCCGGTCCTATAG-1_1_1_1_1","DC","B-Act1",-5.75266173689556,0.761291828429064
"AGAGAATAGCGGCTCT-1_1_1_1_1","DC","B-Naive",-0.842203231741902,-1.08631846638981
"AGAGAATAGTTGCTCA-1_1_1_1_1","DC","B-ActMem",4.11650416047383,5.45196798113521
"AGAGAATGTGGTCTGC-1_1_1_1_1","DC","B-Naive",-1.15544370024395,2.42104711798366
"AGAGAATTCTGTCCCA-1_1_1_1_1","DC","B-Naive",-0.109950677705225,-2.28015062543217
"AGAGAGCGTTGCATAC-1_1_1_1_1","DC","B-Naive",-2.39594915716838,-0.150128695691267
"AGAGCAGCAGTCAGTT-1_1_1_1_1","DC","B-Naive",-0.0523560738463366,5.06663539675411
"AGAGCCCAGTATCCTG-1_1_1_1_1","DC","B-Naive",4.27282282502461,-1.9470922681934
"AGAGCCCGTACTGGGA-1_1_1_1_1","DC","B-Act1",-1.87211433260631,2.43900742796596
"AGATAGACATAGGCGA-1_1_1_1_1","DC","B-Naive",4.42596384675312,-1.56860325070683
"AGATCCAGTCTTTATC-1_1_1_1_1","DC","B-Naive",3.03102323205281,-2.96235344144169
"AGATCGTCATACAGGG-1_1_1_1_1","DC","B-Naive",1.54868623406697,0.678792860781511
"AGATGAAGTCACTGAT-1_1_1_1_1","DC","B-Naive",3.32664391190815,-1.28046891423527
"AGCATCAAGTGGATTA-1_1_1_1_1","DC","B-Naive",0.179632095406536,1.35855173734363
"AGCATCAGTTCCATTT-1_1_1_1_1","DC","B-Naive",-1.32357421724987,-2.70310709210698
"AGCCACGGTCTCGGAC-1_1_1_1_1","DC","B-ActMem",3.4922265687685,4.13485458162959
"AGCGATTGTTGGACCC-1_1_1_1_1","DC","B-Naive",4.43493315369892,-0.448949310506026
"AGCGCCAGTAGTCGTT-1_1_1_1_1","DC","B-Act1",0.0472677776317633,2.26736941603359
"AGCGCTGAGTAAGACT-1_1_1_1_1","DC","B-Naive",-0.444932790686604,-0.865425321782271
"AGCGCTGTCGTCAAAC-1_1_1_1_1","DC","B-Naive",-0.961288186003681,0.298968520438036
"AGCGTCGGTTGCTTGA-1_1_1_1_1","DC","B-Plasma",12.2623819986086,0.480616536413988
"AGCGTCGGTTGTCAGT-1_1_1_1_1","DC","B-ActMem",2.21642133385945,-0.3929683897144
"AGCTCAACACCGCTGA-1_1_1_1_1","DC","B-Naive",-2.37896159498882,-4.07584736081425
"AGCTCAACATGTACGT-1_1_1_1_1","DC","B-Act1",-5.4932127317686,1.68598618773158
"AGGAATACATCCGAAT-1_1_1_1_1","DC","B-Naive",-3.02804401724529,-0.61486301156346
"AGGAATAGTAATCAGA-1_1_1_1_1","DC","B-Naive",-1.68007055132579,-4.65281078549687
"AGGAGGTTCCGGCAGT-1_1_1_1_1","DC","B-Naive",-2.02132621615123,0.172912445341905
"AGGATAAAGTTAACGA-1_1_1_1_1","DC","B-Act2",4.91662880570698,1.58631571797069
"AGGATAAGTAACAAGT-1_1_1_1_1","DC","B-Naive",-2.36223629324627,-0.504735562527815
"AGGATAAGTGGAACCA-1_1_1_1_1","DC","B-Naive",-1.68916967718792,-3.92073938580815
"AGGATAATCAGCACCG-1_1_1_1_1","DC","B-Naive",-0.997508557726856,-2.9027237627155
"AGGATAATCTAATTCC-1_1_1_1_1","DC","B-Naive",2.76260110528279,-1.14464232655827
"AGGATAATCTATACGG-1_1_1_1_1","DC","B-Naive",-0.492480935742375,-0.458803508008162
"AGGATCTCACTTTATC-1_1_1_1_1","DC","B-Naive",-1.632744821002,-2.18553278180424
"AGGCATTGTAGTAAGT-1_1_1_1_1","DC","B-Act2",4.0386681237917,2.01774963406261
"AGGCATTTCAAGTGTC-1_1_1_1_1","DC","B-Naive",1.83888229520131,1.12259594765838
"AGGCCACAGATGCAGC-1_1_1_1_1","DC","B-Naive",0.388686982701305,-1.25387260648076
"AGGGAGTTCGCCAGAC-1_1_1_1_1","DC","B-Naive",-1.34266451208782,0.797839906489214
"AGGGCCTAGTATTGCC-1_1_1_1_1","DC","B-Naive",-0.978096815039631,-4.06510183545415
"AGGGCTCTCGCCAGTG-1_1_1_1_1","DC","B-Naive",1.89120837838459,0.584368851458391
"AGGGCTCTCTGAATCG-1_1_1_1_1","DC","B-Naive",4.31638857514668,-0.643887612546126
"AGGGTGAAGTCCCAAT-1_1_1_1_1","DC","B-Naive",0.48589095265675,0.667062428271135
"AGGGTGAGTAGTGATA-1_1_1_1_1","DC","B-Naive",-0.207550207366463,-3.06526920529668
"AGGGTTTTCATCCTAT-1_1_1_1_1","DC","B-Naive",-2.45535829870891,-3.70296213361088
"AGGTAGGCAGGGTTGA-1_1_1_1_1","DC","B-Naive",-1.0517067631979,1.67235722807582
"AGGTCATAGTCACAGG-1_1_1_1_1","DC","B-Naive",-2.030818375041,-1.58837291928593
"AGGTCATTCCTGTTAT-1_1_1_1_1","DC","B-Naive",-1.92670074312877,-1.91312930318181
"AGGTCTAAGAATACAC-1_1_1_1_1","DC","B-Act2",5.14471718461323,0.201821890150865
"AGTAACCAGTTTGCTG-1_1_1_1_1","DC","B-Act1",-2.92673304884624,0.031665232455095
"AGTAACCTCACCTTAT-1_1_1_1_1","DC","B-Naive",4.30943104417134,-2.59255048962895
"AGTACCAAGCTCCGAC-1_1_1_1_1","DC","B-Naive",-0.966707082678791,-2.0878495905048
"AGTCATGGTGAATGAT-1_1_1_1_1","DC","B-Naive",1.72791096360493,-0.933846804822127
"AGTCATGGTTACCTGA-1_1_1_1_1","DC","B-Naive",3.01968571336079,-1.60020110341374
"AGTCTCCCAATCGCAT-1_1_1_1_1","DC","B-Naive",3.84330460221577,-2.83248469563786
"AGTCTCCGTGAGACCA-1_1_1_1_1","DC","B-Naive",-3.38217023222637,-3.52492973538701
"AGTCTCCGTGCAAGAC-1_1_1_1_1","DC","B-Naive",-1.99250403254223,-1.54918620320622
"AGTGCCGCACAGGATG-1_1_1_1_1","DC","B-Naive",-1.27150729506206,-0.384364578450362
"AGTGCCGCACGCCAGT-1_1_1_1_1","DC","B-Naive",0.441756812642101,3.04689219263728
"AGTGCCGTCTTCACGC-1_1_1_1_1","DC","B-Act1",-1.69309559672069,1.27610882786449
"AGTGTTGAGGATACGC-1_1_1_1_1","DC","B-Naive",0.490162161896709,-1.5690142843372
"AGTGTTGAGTCGGCAA-1_1_1_1_1","DC","B-Naive",-0.342745842625614,-3.15133068295781
"AGTTCCCTCAACACGT-1_1_1_1_1","DC","B-Act1",-3.95859459250164,0.319375422274431
"AGTTCGAAGTAAGGGA-1_1_1_1_1","DC","B-Naive",-2.74014213888836,1.21718567279514
"AGTTCGACAACTGGTT-1_1_1_1_1","DC","B-Plasma",11.8644632974367,0.842816394244989
"ATACCGAAGAATAACC-1_1_1_1_1","DC","B-Act2",4.56502243668843,0.997980494474729
"ATACCTTGTCCCTGAG-1_1_1_1_1","DC","B-Naive",-0.96306392758083,-0.339298937047163
"ATACTTCGTAAGGTCG-1_1_1_1_1","DC","B-Naive",0.942502347538952,-0.838739368642012
"ATAGACCAGCAGTCTT-1_1_1_1_1","DC","B-Naive",-1.30149272291851,-2.28664180966679
"ATAGACCGTAGACGGT-1_1_1_1_1","DC","B-Naive",-0.421849610497471,-2.05337092610661
"ATAGACCGTGCCGTTG-1_1_1_1_1","DC","B-Naive",-1.18236592619609,-0.907767746174971
"ATAGAGATCCGACATA-1_1_1_1_1","DC","B-Plasma",12.3370136895876,0.409547772681078
"ATAGGCTAGCGTCTCG-1_1_1_1_1","DC","B-Naive",0.783001331398968,0.517083671366533
"ATAGGCTCAAGACGAC-1_1_1_1_1","DC","B-Mye",-0.950314732481953,6.55175569323238
"ATAGGCTTCCCTCATG-1_1_1_1_1","DC","B-Naive",-1.85339799730968,-2.31477257939641
"ATAGGCTTCGTCAACA-1_1_1_1_1","DC","B-Plasma",12.2779221215944,0.468279269015154
"ATATCCTCAGGAGGTT-1_1_1_1_1","DC","B-Naive",2.29075261742878,-1.1004674169666
"ATATCCTGTGAGACCA-1_1_1_1_1","DC","B-Naive",-0.177230255891796,-2.00606105061833
"ATATCCTGTTGGGTTT-1_1_1_1_1","DC","B-Act2",4.94221636445332,1.88550206688579
"ATATCCTTCCACGGAC-1_1_1_1_1","DC","B-Naive",-4.33292201368999,-0.840612981045882
"ATCACAGAGGTCACAG-1_1_1_1_1","DC","B-Naive",-1.16021874754619,-0.44750461312596
"ATCACGAAGCTTGTGT-1_1_1_1_1","DC","B-Naive",-2.05012431948375,-1.08226511212651
"ATCACGAAGGAACTCG-1_1_1_1_1","DC","B-Naive",2.32981702477742,1.1817803051823
"ATCACGATCGCTGCGA-1_1_1_1_1","DC","B-Naive",-2.66183594076824,-0.212309810841719
"ATCACTTCATGGAATA-1_1_1_1_1","DC","B-Naive",-1.61189797728252,-3.45770761700932
"ATCACTTTCGTCTCAC-1_1_1_1_1","DC","B-Naive",-1.9706765732069,-4.09215614529912
"ATCATTCAGTGGTGGT-1_1_1_1_1","DC","B-Naive",1.07986435086537,1.9801355865353
"ATCCACCAGACATGCG-1_1_1_1_1","DC","B-Naive",1.58320912511158,0.364553716456255
"ATCCATTTCACACCCT-1_1_1_1_1","DC","B-Naive",-1.20737973063182,-3.63758156033818
"ATCCGTCCATGTCTAG-1_1_1_1_1","DC","B-Naive",-1.65662685244274,-3.85481712552373
"ATCCGTCTCTTGCAAG-1_1_1_1_1","DC","B-Act2",5.16369053513813,1.20355114010509
"ATCCTATCAGAATCGG-1_1_1_1_1","DC","B-Act1",-3.49707558958721,0.856711801564058
"ATCCTATTCTTTGCTA-1_1_1_1_1","DC","B-Mye",-0.701579721858021,7.85478236941036
"ATCGCCTCACAATCTG-1_1_1_1_1","DC","B-Naive",4.84180924088765,-1.99737140866582
"ATCGCCTGTGTTCCTC-1_1_1_1_1","DC","B-Naive",0.931396214077953,-2.40894648763005
"ATCGGATCAGTCAACT-1_1_1_1_1","DC","B-Naive",-3.40220716803264,-1.24073431226079
"ATCGGATCATCGAAGG-1_1_1_1_1","DC","B-Naive",-1.62751773207378,-4.33903763028447
"ATCGGATGTGGCTTGC-1_1_1_1_1","DC","B-Naive",-1.78137770502758,0.266327705656847
"ATCGTAGAGGATGCGT-1_1_1_1_1","DC","B-Naive",0.980513183186535,-1.4694905016071
"ATCGTAGGTTGAAGTA-1_1_1_1_1","DC","B-Naive",0.243377117226604,-1.41165039273564
"ATCGTCCGTGCTTATG-1_1_1_1_1","DC","B-Naive",-1.23300639002514,-0.795406672681013
"ATCGTCCGTTCTTAGG-1_1_1_1_1","DC","B-Naive",-1.48610714285564,-2.22859880658452
"ATCGTGAAGAGAGCCT-1_1_1_1_1","DC","B-Naive",-1.22156515925121,-2.01517889233891
"ATCGTGATCGAATGCT-1_1_1_1_1","DC","B-Naive",4.63570305497456,-2.3280167314655
"ATCGTGATCTGCACCT-1_1_1_1_1","DC","B-Naive",-2.36830809920025,-3.64592764111821
"ATCTCTAAGAGGTTTA-1_1_1_1_1","DC","B-Naive",0.686962334225658,-0.925196501935164
"ATCTTCACATGACAAA-1_1_1_1_1","DC","B-Naive",-1.39409569113445,-0.456981036389509
"ATCTTCATCATCACTT-1_1_1_1_1","DC","B-Naive",-4.99167922346782,-0.724020812237898
"ATGAAAGCATATCTCT-1_1_1_1_1","DC","B-Act1",-4.3929086050291,0.944895822977384
"ATGAAAGGTCTCTCTG-1_1_1_1_1","DC","B-Act1",-3.08297756521892,1.62846275833782
"ATGAAAGGTTGCATCA-1_1_1_1_1","DC","B-Naive",-0.908515842844959,-1.03031298848454
"ATGACCAAGAGCAAGA-1_1_1_1_1","DC","B-Naive",1.08471104295063,2.02410795954402
"ATGAGTCTCATTGTTC-1_1_1_1_1","DC","B-ActMem",4.60847851426411,3.28853657511409
"ATGATCGAGATTAGAC-1_1_1_1_1","DC","B-Naive",0.691717056344036,1.79308375385936
"ATGATCGCAGGACAGT-1_1_1_1_1","DC","B-Naive",-0.647474320818897,-0.446548912251631
"ATGCCTCGTCCGGTGT-1_1_1_1_1","DC","B-Naive",-1.75033107607555,-4.39165422650639
"ATGCCTCTCGTGCGAC-1_1_1_1_1","DC","B-Act1",-4.35927489607525,-0.691153499806563
"ATGCGATTCGCATGAT-1_1_1_1_1","DC","B-Act1",-3.98956111281109,1.456560042178
"ATGGATCCATGCCATA-1_1_1_1_1","DC","B-Act1",-4.84433940260601,0.942027423953375
"ATGGATCGTTCAAGGG-1_1_1_1_1","DC","B-Naive",-2.55511525480938,-0.327302190983931
"ATGGATCTCCACCCTA-1_1_1_1_1","DC","B-Naive",0.54383429677296,-2.87346169682805
"ATGGGAGAGATCGACG-1_1_1_1_1","DC","B-Act1",-2.23251536696148,0.43775865105327
"ATGGGAGAGCATGTTC-1_1_1_1_1","DC","B-Naive",1.22278257996846,-0.606730553830305
"ATGGGTTGTGATATAG-1_1_1_1_1","DC","B-Naive",2.18412777573872,0.513415303503832
"ATGTCCCGTGTCCGTG-1_1_1_1_1","DC","B-Naive",1.25911578328419,1.74598964718517
"ATGTCCCTCGACCAAT-1_1_1_1_1","DC","B-Naive",3.29053589494038,-0.417388531888167
"ATGTCTTAGCTGGCTC-1_1_1_1_1","DC","B-Naive",-3.73219159453106,-1.39421698781315
"ATTACCTAGCCGTCGT-1_1_1_1_1","DC","B-Act1",-4.33615973799419,1.04397496483635
"ATTACTCCATGACGTT-1_1_1_1_1","DC","B-Naive",5.21383663804341,-1.57027909489934
"ATTATCCCACGTCGGT-1_1_1_1_1","DC","B-Naive",1.70137592942524,1.04266230467384
"ATTATCCCAGAACTTC-1_1_1_1_1","DC","B-Naive",-0.425268026282307,-2.35265300008122
"ATTCACTTCGATGGAG-1_1_1_1_1","DC","B-Naive",-3.36222270338726,-3.83220646115605
"ATTCAGGGTTCAAAGA-1_1_1_1_1","DC","B-Naive",0.0496671328048742,-3.73454067441289
"ATTCAGGTCATCGGGC-1_1_1_1_1","DC","B-Naive",1.66836365849781,0.738081004893144
"ATTCATCTCTACTTCA-1_1_1_1_1","DC","B-Naive",-0.592078598429676,-2.98455974789921
"ATTCCATAGGTGAGCT-1_1_1_1_1","DC","B-Act1",-2.25441196768474,1.61117872265514
"ATTCCATAGTCATACC-1_1_1_1_1","DC","B-Mye",-0.681556197096821,6.17413785723384
"ATTCCATCAAGTCATC-1_1_1_1_1","DC","B-Naive",-1.90522447436046,-1.49192425938908
"ATTCCATGTCCAGCCA-1_1_1_1_1","DC","B-Naive",-2.41083100645733,-4.05062648984257
"ATTCCCGCAGGTAGTG-1_1_1_1_1","DC","B-Naive",5.00682160050679,-2.07337734433476
"ATTCCCGCATATAGCC-1_1_1_1_1","DC","B-Naive",-0.472637774636265,-4.38036176892582
"ATTCGTTAGTTGGAAT-1_1_1_1_1","DC","B-Naive",-1.01192465632152,-1.1981966230518
"ATTCTACGTCACCCTT-1_1_1_1_1","DC","B-Naive",-3.53599503843975,-3.04261467191044
"ATTGGGTCAAACGGCA-1_1_1_1_1","DC","B-Naive",0.9810372272234,-0.828562113965193
"ATTGTTCCAAAGGCGT-1_1_1_1_1","DC","B-Naive",-1.37638274042797,-2.49199721547429
"ATTTACCGTTGATGTC-1_1_1_1_1","DC","B-Naive",4.33884045274067,-2.81622049542729
"ATTTCACTCCTACGGG-1_1_1_1_1","DC","B-Act1",-4.91937354414653,1.42102697161373
"ATTTCTGAGTCCCTAA-1_1_1_1_1","DC","B-Act2",-3.03872874586773,-1.32728287907902
"CAAAGAATCGACACTA-1_1_1_1_1","DC","B-Naive",3.03763434083271,-1.33405039044682
"CAACAGTGTAAGTTGA-1_1_1_1_1","DC","B-Mye",-0.723784061362263,6.94238736895259
"CAACGATAGATCCGAG-1_1_1_1_1","DC","B-Naive",-1.98686483710003,0.326850381171068
"CAACGATCAAATCGTC-1_1_1_1_1","DC","B-Act1",-2.35679486601543,-3.48994705411259
"CAAGACTAGTTTGGCT-1_1_1_1_1","DC","B-Mye",-0.133563732941862,7.31690528658565
"CAAGACTCAGGACATG-1_1_1_1_1","DC","B-Naive",-1.28072205393505,-0.917105171406905
"CAAGACTTCAAGATAG-1_1_1_1_1","DC","B-Naive",-2.54537490217876,-0.821137044156233
"CAAGAGGCAAGGGCAT-1_1_1_1_1","DC","B-Act1",-1.42724624483776,2.10959532526668
"CAAGCTACATGTGGTT-1_1_1_1_1","DC","B-Act1",-5.590170892169,1.16640440789398
"CAAGCTATCCTGTTAT-1_1_1_1_1","DC","B-Naive",4.8941893258791,-1.9268994066364
"CAAGGGAGTGAGATTA-1_1_1_1_1","DC","B-Naive",1.34421488435078,0.879272576844057
"CAAGGGAGTTACCTTT-1_1_1_1_1","DC","B-Naive",-1.78198352663707,1.16881130305465
"CAATGACCATCCAACA-1_1_1_1_1","DC","B-Act1",-2.26300600378704,2.47131946352657
"CAATGACCATGTGGCC-1_1_1_1_1","DC","B-Naive",0.822537151883129,-3.23209736081425
"CAATTTCAGTCCCGAC-1_1_1_1_1","DC","B-Naive",0.393503872464184,-2.53762194844548
"CAATTTCGTAGGTCAG-1_1_1_1_1","DC","B-Naive",-2.70118430464458,-0.731714818204085
"CAATTTCTCCGTGTGG-1_1_1_1_1","DC","B-ActMem",4.27043196351338,5.02661421564754
"CACAACAAGCATGCAG-1_1_1_1_1","DC","B-ActMem",4.28856894166279,4.51738455561336
"CACAACAAGGAATTAC-1_1_1_1_1","DC","B-Act1",2.3810217061739,4.90153553751644
"CACAACACACACAGCC-1_1_1_1_1","DC","B-Naive",-1.54116657583904,-1.98146435948674
"CACACAAGTACAATAG-1_1_1_1_1","DC","B-Act1",0.49770381839085,-1.62347671719853
"CACATGAGTCGCCTAG-1_1_1_1_1","DC","B-Naive",-2.42636540739727,-1.60968849393193
"CACATGATCGCAGAGA-1_1_1_1_1","DC","B-Act1",-1.30029407351207,2.69364776877101
"CACCAAAGTAGCTCGC-1_1_1_1_1","DC","B-Act1",-2.92146256773662,1.64464428690608
"CACCGTTAGTTTCGGT-1_1_1_1_1","DC","B-Act1",-3.77328732817363,-0.244293901646773
"CACCGTTGTGCGTGCT-1_1_1_1_1","DC","B-Act1",-0.105134820779082,1.07933949721392
"CACCGTTGTGTTACAC-1_1_1_1_1","DC","B-Act1",-3.75301245062542,2.32403340605434
"CACCGTTTCGTGGACC-1_1_1_1_1","DC","B-Naive",-0.0453202596206629,-0.598806950772444
"CACGAATAGGACTGGT-1_1_1_1_1","DC","B-Act1",-2.76068261473369,0.403665628706773
"CACGGGTAGATACAGT-1_1_1_1_1","DC","B-ActMem",3.02120730073262,4.88050344256099
"CACGGGTCACAGTCAT-1_1_1_1_1","DC","B-Naive",-2.93786862700176,-3.30232593747441
"CACGGGTCACCTCGTT-1_1_1_1_1","DC","B-ActMem",3.22849818856526,5.00811865595516
"CACGGGTCATCATCCC-1_1_1_1_1","DC","B-Naive",0.594330696175579,-3.74686691495244
"CACGGGTGTCCATCTC-1_1_1_1_1","DC","B-Act1",-5.67541602461528,1.48162349728282
"CACGGGTGTGAGATAT-1_1_1_1_1","DC","B-Naive",1.59216472298909,2.5580060747021
"CACGGGTTCCGGGACT-1_1_1_1_1","DC","B-Naive",-1.65404036848735,-1.94880554410283
"CACGTTCTCACGGAGA-1_1_1_1_1","DC","B-Act1",-1.54965618460369,2.31407418516811
"CACTAAGAGTGGCAGT-1_1_1_1_1","DC","B-Naive",1.25751432568837,0.186568703924974
"CACTGGGAGGTGATCG-1_1_1_1_1","DC","B-Naive",-1.47783556788158,2.13266458777126
"CACTGGGTCAATCCGA-1_1_1_1_1","DC","B-Naive",1.59894987733174,-1.72695562573735
"CACTGTCAGTAGCATA-1_1_1_1_1","DC","B-Act2",5.21579834611225,1.42310657766994
"CACTGTCCAATGTGGG-1_1_1_1_1","DC","B-Naive",1.63703068883229,0.149109449660143
"CACTGTCTCCCACAGG-1_1_1_1_1","DC","B-Naive",1.12347754628468,-3.34355423184697
"CACTTCGAGTGAATAC-1_1_1_1_1","DC","B-Naive",-2.54929498045635,-3.35293934079472
"CACTTCGGTAACCCTA-1_1_1_1_1","DC","B-Naive",4.3550538697939,-1.53353783818547
"CACTTCGTCCAAATGC-1_1_1_1_1","DC","B-Mye",-1.23393634169292,6.87707879809078
"CAGAGCCCAATCGCCG-1_1_1_1_1","DC","B-Naive",-1.58841553538036,-2.30302188130681
"CAGAGCCGTAGTTACC-1_1_1_1_1","DC","B-Naive",0.524028328965191,-0.109912130559126
"CAGAGCCGTGTCCACG-1_1_1_1_1","DC","B-Naive",-0.576334269930836,1.58521875408824
"CAGAGCCTCTGGCCGA-1_1_1_1_1","DC","B-Act2",3.53780743272114,1.94287910727199
"CAGATACGTCTGTGGC-1_1_1_1_1","DC","B-Naive",0.081462202380184,-0.295074555600325
"CAGATACTCAGCTTGA-1_1_1_1_1","DC","B-Naive",-1.97713890879345,-3.01099846097294
"CAGATCAGTTATGACC-1_1_1_1_1","DC","B-Act1",-5.27535203306865,1.83919402626689
"CAGATCAGTTTCGCTC-1_1_1_1_1","DC","B-Naive",-2.94300416319561,-3.32247040005986
"CAGATTGAGCTGGAGT-1_1_1_1_1","DC","B-Plasma",12.3766302743654,0.344748702322801
"CAGCAATAGAATCCCT-1_1_1_1_1","DC","B-Naive",4.59029051453877,-2.32166716786687
"CAGCAGCAGACCGTTT-1_1_1_1_1","DC","B-Act1",-4.59582188933086,1.25391810802158
"CAGCAGCAGGATCATA-1_1_1_1_1","DC","B-Act1",3.55127164513874,1.71892293957408
"CAGCAGCGTAGTGTGG-1_1_1_1_1","DC","B-Naive",-1.63632539122295,-0.0531450245029128
"CAGCCAGTCCTAACAG-1_1_1_1_1","DC","B-Naive",-0.971026094843861,-3.05781337949101
"CAGCGTGCAGGAATCG-1_1_1_1_1","DC","B-Naive",1.71015938908863,2.4466254976147
"CAGGCCAGTTTACTTC-1_1_1_1_1","DC","B-Naive",-0.693359406878468,-3.79757425519292
"CAGTGCGTCACCTTAT-1_1_1_1_1","DC","B-Naive",1.28595718533802,0.645670261656603
"CAGTGCGTCTATCACT-1_1_1_1_1","DC","B-Naive",0.637785104821209,0.532659616743883
"CAGTTAGGTAGCGCCT-1_1_1_1_1","DC","B-Naive",-2.95239713995647,-0.390650841916243
"CAGTTAGGTGCCCACA-1_1_1_1_1","DC","B-Naive",-2.16316989271831,-2.50183818074528
"CAGTTAGGTGGATTTC-1_1_1_1_1","DC","B-Naive",-2.0097002109785,-3.25728485318486
"CAGTTCCGTATGGGAC-1_1_1_1_1","DC","B-Naive",-3.48883179037761,-1.58318993779484
"CATAAGCAGCTGACCC-1_1_1_1_1","DC","B-Plasma",11.7338204065065,1.00031830412682
"CATACCCCAAGTGACG-1_1_1_1_1","DC","B-Act1",-2.22079757063579,0.594860788857301
"CATACCCCAATACGCT-1_1_1_1_1","DC","B-Naive",-1.92453161089611,-4.29729482861821
"CATACCCTCCTTATGT-1_1_1_1_1","DC","B-Naive",-2.29050091116619,-1.3885316583759
"CATACCCTCGGCAGTC-1_1_1_1_1","DC","B-Naive",1.04811474473286,0.459345546042284
"CATACTTCATGGGTCC-1_1_1_1_1","DC","B-Naive",-3.22208526938152,-2.11083576413457
"CATACTTGTACGGCAA-1_1_1_1_1","DC","B-Naive",4.60340401322651,-2.8440444204456
"CATAGACCAATGTTGC-1_1_1_1_1","DC","B-Mye",-0.642531963278767,8.00597503451045
"CATCAAGCAGTCGTTA-1_1_1_1_1","DC","B-Act1",4.55844828278828,-0.401904079640547
"CATCAAGTCTTACCGC-1_1_1_1_1","DC","B-Naive",-3.10314038603496,-0.337949607098738
"CATCCACGTCACTTCC-1_1_1_1_1","DC","B-Naive",-1.99977651446056,-4.00587532254521
"CATCCCAAGAATCCCT-1_1_1_1_1","DC","B-Naive",-2.65043333380413,1.62051036623653
"CATCCCACACTGTCCT-1_1_1_1_1","DC","B-Naive",-0.73469409554195,-4.30456468793217
"CATCGCTGTACCGCGT-1_1_1_1_1","DC","B-Naive",-3.03015688269329,0.371257748877367
"CATCGCTGTGTGAGCA-1_1_1_1_1","DC","B-Plasma",12.2219690957766,0.492966678416094
"CATCGTCAGATCGACG-1_1_1_1_1","DC","B-Naive",-0.806536944796559,-1.46520111295048
"CATCGTCGTCCCTGAG-1_1_1_1_1","DC","B-Naive",-0.757952364375111,0.685173180376848
"CATGAGTCATTAAGCC-1_1_1_1_1","DC","B-Act2",5.0418681779604,1.19945192006763
"CATGCTCGTCCGGTCA-1_1_1_1_1","DC","B-Naive",1.41492935807515,-0.902294370854536
"CATGGATAGTTGAAAC-1_1_1_1_1","DC","B-Naive",-2.37302497236919,-0.748130652630965
"CATGGATCACGGTCTG-1_1_1_1_1","DC","B-Act1",-5.20546630232525,2.16083517340358
"CATGGTACATAACTCG-1_1_1_1_1","DC","B-Naive",-3.66265061705303,-2.92381212445561
"CATGGTATCTATCCAT-1_1_1_1_1","DC","B-Naive",-3.24562958090496,-1.6451713773853
"CATTCATCACCTATCC-1_1_1_1_1","DC","B-Naive",-1.49366286604595,-3.55281898709599
"CATTCCGCATCGATGT-1_1_1_1_1","DC","B-Act2",4.88735624940205,0.735117551361879
"CATTGAGAGCGTTGTT-1_1_1_1_1","DC","B-Naive",0.570477096150402,1.60942575005229
"CATTGAGCACTTGGGC-1_1_1_1_1","DC","B-Naive",-2.3977663835783,-0.806574794972578
"CATTGCCAGCAACTTC-1_1_1_1_1","DC","B-Naive",-0.728863271166798,-2.52159497472111
"CATTGCCCAAGTATCC-1_1_1_1_1","DC","B-Act1",-4.04995110838604,1.37714519766506
"CATTGTTCACAGTACT-1_1_1_1_1","DC","B-Naive",-2.25786665289592,-3.83588382932011
"CCAAGCGGTTGCGAAG-1_1_1_1_1","DC","B-Naive",-0.340103851844784,0.196444180285295
"CCAATGAAGATGCTTC-1_1_1_1_1","DC","B-Naive",2.15528318078328,0.8812354770058
"CCAATGAAGTCTGTAC-1_1_1_1_1","DC","B-Naive",-2.66988137572002,0.651971664702257
"CCAATGAGTACCCGCA-1_1_1_1_1","DC","B-Naive",-0.811225744177815,-2.29575082989995
"CCAATGAGTGCTCTTC-1_1_1_1_1","DC","B-Naive",-2.6638202986021,-1.53922698231999
"CCAATGATCGCAGTTA-1_1_1_1_1","DC","B-Naive",-1.35884109347057,0.875527795826753
"CCAATTTTCACTACGA-1_1_1_1_1","DC","B-ActMem",4.62660738618183,4.24803355005916
"CCACAAAGTCAACCAT-1_1_1_1_1","DC","B-Naive",0.117095140526775,-1.11624047490422
"CCACACTTCACCTCTG-1_1_1_1_1","DC","B-Naive",0.514193979809765,-3.24762413235966
"CCACCATTCAGGACGA-1_1_1_1_1","DC","B-Naive",-0.952826531817433,-2.37898370953862
"CCACGAGGTTATAGCC-1_1_1_1_1","DC","B-Act1",-5.48815444319439,0.98916997430261
"CCACGTTAGGAGTACC-1_1_1_1_1","DC","B-Act2",-2.76335814802837,-1.49222657414738
"CCACGTTAGTGGTTCT-1_1_1_1_1","DC","B-Naive",-0.378021063496586,-1.66310236188237
"CCACGTTGTCCAAGAG-1_1_1_1_1","DC","B-Act2",-3.63854316084575,-2.15861723157231
"CCCATTGAGGAGAGGC-1_1_1_1_1","DC","B-Naive",3.86373039872456,-1.55894443723027
"CCCATTGCAGAGTTGG-1_1_1_1_1","DC","B-Naive",0.457422284195904,0.416209783827623
"CCCGAAGTCGAACTCA-1_1_1_1_1","DC","B-Act1",-4.00780227987957,0.195938017641863
"CCCGGAACAGGTTCAT-1_1_1_1_1","DC","B-Naive",-2.28976777403545,-3.66542837354008
"CCCTAACGTATGCAAA-1_1_1_1_1","DC","B-Naive",-2.37990859358501,-2.78015897008244
"CCCTAACGTTAGGAGC-1_1_1_1_1","DC","B-Naive",-1.05740091412258,-2.08452436658208
"CCCTAACTCCGAGGCT-1_1_1_1_1","DC","B-Naive",-2.39694741575908,-2.63112256261174
"CCCTCAACAATTGAGA-1_1_1_1_1","DC","B-Naive",0.194125411818508,-2.4439949724323
"CCCTCTCCAACAGTGG-1_1_1_1_1","DC","B-Naive",3.18602248818684,-3.05971309872929
"CCCTGATAGTATGTAG-1_1_1_1_1","DC","B-Naive",-2.06141057818126,-2.64990517827336
"CCCTGATTCGTCGGGT-1_1_1_1_1","DC","B-Naive",-1.24898448794078,1.63433649805721
"CCCTTAGAGTCGGCCT-1_1_1_1_1","DC","B-Plasma",11.9342035928469,0.802168917333444
"CCGAACGGTCTACGTA-1_1_1_1_1","DC","B-Naive",-1.13885930388164,-3.08944008084599
"CCGAACGTCGATCCAA-1_1_1_1_1","DC","B-Naive",0.398283151696209,-3.38426038953129
"CCGATCTTCCCGTAAA-1_1_1_1_1","DC","B-Act2",5.12855955750752,1.31248607901271
"CCGATGGAGGTGCTAG-1_1_1_1_1","DC","B-ActMem",3.25745269448567,3.52176239756282
"CCGATGGTCCTGGTCT-1_1_1_1_1","DC","B-Naive",-2.31019047110271,-1.47784707280461
"CCGGGTAGTCTGTTAG-1_1_1_1_1","DC","B-Naive",1.81018718869496,2.62464585570033
"CCGGGTAGTTGCAAGG-1_1_1_1_1","DC","B-Naive",-0.441447975327488,1.33762204316791
"CCGGTAGAGGCGACAT-1_1_1_1_1","DC","B-Mye",-0.729412647177693,7.17972352770503
"CCGGTAGCACTAGGCC-1_1_1_1_1","DC","B-Naive",-2.22812655775737,-1.38216421338383
"CCGGTGAGTATTCCTT-1_1_1_1_1","DC","B-Act1",-4.27262404768657,2.2371745374554
"CCGTAGGCATTCTGTT-1_1_1_1_1","DC","B-Naive",4.25877854020405,-2.77405736180607
"CCGTAGGGTTGGGTAG-1_1_1_1_1","DC","B-ActMem",3.39650937707234,4.29990103510555
"CCGTGAGCAGGCAATG-1_1_1_1_1","DC","B-Mye",-0.239404546310421,6.19112708834346
"CCGTTCACAAGAGTGC-1_1_1_1_1","DC","B-Act1",-3.18255093901348,0.500777151858171
"CCGTTCACACCTGTCT-1_1_1_1_1","DC","B-Naive",-0.355782928158756,-2.77286002370183
"CCGTTCATCCGACATA-1_1_1_1_1","DC","B-Naive",-2.93595531790447,-3.22694656583134
"CCTACGTTCCATTCAT-1_1_1_1_1","DC","B-Naive",0.418998686383251,-3.78923437329594
"CCTATCGGTGACCGAA-1_1_1_1_1","DC","B-Naive",-0.118378253052238,-0.816858384335676
"CCTCAACAGCGTCTCG-1_1_1_1_1","DC","B-Naive",0.881790010045055,0.371365275656542
"CCTCAACCATGTGGCC-1_1_1_1_1","DC","B-Act2",4.81955143601704,1.38286068705257
"CCTCACAGTGCCCAGT-1_1_1_1_1","DC","B-Naive",-0.386582644869801,-4.158296797002
"CCTCAGTAGAACTGAT-1_1_1_1_1","DC","B-Act2",4.87376734406758,1.28519312707122
"CCTCAGTAGTTGCTCA-1_1_1_1_1","DC","B-Naive",-3.33633998243999,-1.93859812947575
"CCTCCTCAGCTTAGTC-1_1_1_1_1","DC","B-Naive",0.048242164562229,-3.4910547468311
"CCTGCATGTAGCGTAG-1_1_1_1_1","DC","B-Naive",-2.52285674421978,-2.68100449773137
"CCTGTTGGTCATAGTC-1_1_1_1_1","DC","B-Act1",-4.1621318182249,0.669217553412279
"CCTGTTGGTCTCGGAC-1_1_1_1_1","DC","B-Naive",-3.2765653452177,-3.07384369107548
"CCTTCAGGTATGGTAA-1_1_1_1_1","DC","B-Act2",4.08916947037983,0.485078063284715
"CCTTGTGAGAGGCCAT-1_1_1_1_1","DC","B-Naive",-2.8560490927,0.0332341459148728
"CCTTGTGAGCCACAAG-1_1_1_1_1","DC","B-Naive",0.147835520813946,-1.35818955632512
"CCTTGTGGTAGAGTTA-1_1_1_1_1","DC","B-Naive",-0.490786137272831,-3.20567056866948
"CCTTGTGTCGCTGTCT-1_1_1_1_1","DC","B-Naive",-2.07807341425609,-0.709434601987044
"CCTTTGGTCGGAGTAG-1_1_1_1_1","DC","B-Naive",-1.45308962671947,1.22695682612594
"CGAAGGATCGCCGTGA-1_1_1_1_1","DC","B-Naive",-0.763980182101246,1.94221797255214
"CGAAGGATCGTGGCGT-1_1_1_1_1","DC","B-Naive",-1.6992765983839,-4.639009687627
"CGAATTGCACAAGCCC-1_1_1_1_1","DC","B-Naive",-2.08357289641094,-2.42628738614384
"CGACAGCAGCATTGTC-1_1_1_1_1","DC","B-Naive",-1.12318721621227,-4.1864630910999
"CGACAGCTCAAGAATG-1_1_1_1_1","DC","B-Naive",1.58941587598133,2.48745312956508
"CGAGGCTTCTGTAACG-1_1_1_1_1","DC","B-Naive",0.612676648209575,2.03810736206706
"CGAGTTATCGATTGGT-1_1_1_1_1","DC","B-Act1",-3.04877975790691,-1.1444856855518
"CGATGCGAGATCGCTT-1_1_1_1_1","DC","B-Naive",-0.644745798995014,-0.698601934636275
"CGATGCGTCGCGGACT-1_1_1_1_1","DC","B-Naive",-0.218234913637158,2.4287575748318
"CGATGGCTCTAGGCAT-1_1_1_1_1","DC","B-Naive",2.35142633111287,1.43982535270389
"CGCATAAAGCTCCATA-1_1_1_1_1","DC","B-Naive",-0.959195407320973,-4.29964325162236
"CGCATAAGTAGCCCTG-1_1_1_1_1","DC","B-Act2",5.057769266675,1.18068216410812
"CGCATGGAGAGTCTTC-1_1_1_1_1","DC","B-Naive",2.79167839677143,1.05260287546899
"CGCATGGGTGGACAGT-1_1_1_1_1","DC","B-Naive",-1.46636358111095,-0.465582582677046
"CGCATGGTCACCGCTT-1_1_1_1_1","DC","B-Naive",2.55838438660908,-2.47145578595463
"CGCCATTCAGCCTACG-1_1_1_1_1","DC","B-Naive",-0.0770693404872381,-4.47487613889042
"CGCGTGAAGCGCCGTT-1_1_1_1_1","DC","B-Mye",-0.299103560139652,6.15265014437374
"CGCGTGACATTACGGT-1_1_1_1_1","DC","B-Naive",-2.27089598982525,-0.194280955517927
"CGCGTGAGTCCAATCA-1_1_1_1_1","DC","B-ActMem",3.52090617806721,3.70565583971675
"CGGAATTCAAACCATC-1_1_1_1_1","DC","B-Naive",-6.0399885496397,1.30781283644374
"CGGAATTCACCGCTAG-1_1_1_1_1","DC","B-Act1",-3.792736800601,-0.790769550526778
"CGGACACAGACCATTC-1_1_1_1_1","DC","B-Naive",-0.50274989216518,-3.22884294720952
"CGGACACAGACGTCGA-1_1_1_1_1","DC","B-Naive",-0.228170396973606,-1.50861522885625
"CGGACACAGCGAAACC-1_1_1_1_1","DC","B-Naive",-0.786381157328602,-0.30950937005345
"CGGACACAGGACATCG-1_1_1_1_1","DC","B-Naive",0.00890736074257259,-0.244255039418379
"CGGACACCATGTTCAG-1_1_1_1_1","DC","B-Naive",0.0239128300647772,-3.20478698941533
"CGGAGAATCGCGGTAC-1_1_1_1_1","DC","B-Naive",0.762688068459514,2.49895670679744
"CGGGACTGTAGCGTCC-1_1_1_1_1","DC","B-Act1",-2.40261462538433,2.08553030756648
"CGGGCATTCCGCCTAT-1_1_1_1_1","DC","B-Naive",-1.61483672468853,-1.54325148793522
"CGGGCATTCGGAGTAG-1_1_1_1_1","DC","B-Mye",-0.155511362691637,6.25088527468379
"CGGGTCACACTCCGGA-1_1_1_1_1","DC","B-Naive",-1.81970074980449,-3.2427899572498
"CGGGTCATCTGCTTAT-1_1_1_1_1","DC","B-Act1",-2.749838860919,1.34183510807689
"CGGGTGTAGCATACTC-1_1_1_1_1","DC","B-Naive",0.846184519837383,0.971245881592592
"CGGGTGTCAACGTAAA-1_1_1_1_1","DC","B-Naive",-3.3527441343565,0.305336859499773
"CGGGTGTTCCTTATCA-1_1_1_1_1","DC","B-Naive",-0.578606249978062,-0.425007436001936
"CGGTCAGAGACTAGAT-1_1_1_1_1","DC","B-Naive",0.159944055388454,-3.08450481625859
"CGGTCAGAGAGGTTTA-1_1_1_1_1","DC","B-Act1",-4.92410519926738,0.983873434787353
"CGTAAGTAGAGTGACC-1_1_1_1_1","DC","B-Naive",1.44115826279927,0.740243610417207
"CGTAAGTAGTCGAAGC-1_1_1_1_1","DC","B-Naive",-2.18679622023296,0.662982758557161
"CGTAAGTGTAGACACG-1_1_1_1_1","DC","B-Act1",-1.28396931498241,2.38687744406398
"CGTAGTAAGTCGCCCA-1_1_1_1_1","DC","B-Naive",1.07824441582966,0.56157964137729
"CGTAGTATCTCTGCCA-1_1_1_1_1","DC","B-Naive",3.1492318788271,3.04105487135585
"CGTCCATGTTGTACGT-1_1_1_1_1","DC","B-Naive",-1.32942238657665,0.485123362814745
"CGTGAATTCACGGGCT-1_1_1_1_1","DC","B-Naive",-1.08848765700054,0.834505957042535
"CGTGAATTCTGTCCCA-1_1_1_1_1","DC","B-Naive",-0.958744557787892,-1.28921410771672
"CGTGATAAGAAGATCT-1_1_1_1_1","DC","B-Naive",2.93984576852131,2.52649190691646
"CGTTAGACAAATCGTC-1_1_1_1_1","DC","B-Naive",1.40665682942677,-0.563598248685042
"CGTTAGAGTTAGGAGC-1_1_1_1_1","DC","B-Naive",-0.78178152649593,0.509378459727129
"CGTTCTGCAGTTAAAG-1_1_1_1_1","DC","B-Naive",-2.0308263620634,-1.80228898259465
"CGTTGGGGTGATTAGA-1_1_1_1_1","DC","B-Naive",4.99765345246601,-1.61405656071965
"CTAACTTAGTCTCGTA-1_1_1_1_1","DC","B-Naive",-1.93516710608196,-1.64364168378178
"CTAACTTGTTCCGCAG-1_1_1_1_1","DC","B-Naive",-0.515417935540196,0.80883043674167
"CTAAGTGCAAACTCTG-1_1_1_1_1","DC","B-Naive",-0.88512078135204,1.31546881464656
"CTAAGTGCAAATGATG-1_1_1_1_1","DC","B-Act1",-2.84890940993023,1.03715202999647
"CTACCCACAGAACTAA-1_1_1_1_1","DC","B-Naive",-2.55379894583416,0.120774057185014
"CTACCCACAGAATTCC-1_1_1_1_1","DC","B-Naive",-1.9905523380537,-3.11154529782597
"CTACCCAGTGGCTAGA-1_1_1_1_1","DC","B-Naive",0.896514503071789,-3.12021848889653
"CTACCTGAGGGAGGTG-1_1_1_1_1","DC","B-Act2",3.51223465592671,1.85021623638805
"CTACTATGTCGTTTCC-1_1_1_1_1","DC","B-Act1",-4.36191132872295,-0.328976604664961
"CTACTATGTTCCACAA-1_1_1_1_1","DC","B-Naive",-1.51868346541118,-3.34533188077275
"CTAGACAGTCTTACAG-1_1_1_1_1","DC","B-Naive",-1.48044648974132,-2.26296994420354
"CTAGGTACATTCGATG-1_1_1_1_1","DC","B-Naive",-0.586374225308415,-2.92789790364567
"CTATAGGCAAGTCCAT-1_1_1_1_1","DC","B-Naive",-0.302428307225224,-0.786901328290144
"CTATCTAAGTAGACAT-1_1_1_1_1","DC","B-Naive",-3.44514134733867,-2.04879519673649
"CTATCTAGTTCTCAGA-1_1_1_1_1","DC","B-Naive",-2.26297953932476,-3.51811239453618
"CTATCTATCAACTGAC-1_1_1_1_1","DC","B-Naive",-0.622322650839802,0.407264795576891
"CTCAACCCAACAGAGC-1_1_1_1_1","DC","B-Mye",-0.29659222274017,7.7073471811169
"CTCAAGACACCAAATC-1_1_1_1_1","DC","B-Act1",-5.04358628599834,0.75782301691707
"CTCAGAAAGCTTTCCC-1_1_1_1_1","DC","B-Naive",-3.26648453085613,-0.940884682858626
"CTCAGAAAGGCTAAAT-1_1_1_1_1","DC","B-Naive",-0.843830378939625,0.358596232210954
"CTCAGTCAGAGGATCC-1_1_1_1_1","DC","B-Naive",1.04740366132069,-2.41788766118352
"CTCAGTCCATTGACTG-1_1_1_1_1","DC","B-Act1",-2.98326471655559,0.837257039224466
"CTCAGTCTCGCTACAA-1_1_1_1_1","DC","B-Naive",-2.86935642569255,-3.50715372296635
"CTCAGTCTCTGTTCAT-1_1_1_1_1","DC","B-Naive",-3.31314137785625,-2.65716144772832
"CTCATCGAGGCATGCA-1_1_1_1_1","DC","B-Naive",1.45057472379017,-0.0609451267367995
"CTCATCGGTCCTGGTG-1_1_1_1_1","DC","B-Naive",1.92538615853596,0.47422048119243
"CTCATCGGTGATTGGG-1_1_1_1_1","DC","B-Naive",-1.20565930216503,0.271969225680193
"CTCATCGGTGCAATAA-1_1_1_1_1","DC","B-ActMem",3.51970121056843,4.66537430552181
"CTCATCGTCCATACAG-1_1_1_1_1","DC","B-Naive",-1.50257006495189,-4.28031751843754
"CTCATCGTCCGGGACT-1_1_1_1_1","DC","B-Act1",-5.42771962492656,1.05190699310388
"CTCATGCCAAACCATC-1_1_1_1_1","DC","B-Naive",2.96347400338459,-2.54937526913945
"CTCATTAAGCACTCCG-1_1_1_1_1","DC","B-Act1",-5.61212781279277,1.05050828536387
"CTCATTAGTGCGAACA-1_1_1_1_1","DC","B-Act1",-3.64933112471294,1.46521702078517
"CTCCAACAGTTCACTG-1_1_1_1_1","DC","B-Naive",-2.73562982886028,-3.4352948400623
"CTCCACAAGAAGTCAT-1_1_1_1_1","DC","B-Naive",1.15610763222981,-0.695389244282881
"CTCCACACAAGATTGA-1_1_1_1_1","DC","B-Act1",-5.73659232466411,1.53295898107227
"CTCCACACAATTGCGT-1_1_1_1_1","DC","B-Naive",0.279579845974926,-1.39759204121892
"CTCCATGCACAATGTC-1_1_1_1_1","DC","B-Naive",-2.20282891600322,-2.58587166997258
"CTCCATGCAGCAGTTT-1_1_1_1_1","DC","B-Mye",-0.614566834856983,7.9896900918835
"CTCCATGTCAACTGGT-1_1_1_1_1","DC","B-Naive",1.0331680455904,2.13738181856807
"CTCCCAAAGGTCCCTG-1_1_1_1_1","DC","B-Naive",-2.67506888716411,-2.70147893163029
"CTCCCTCCAAACTAAG-1_1_1_1_1","DC","B-Naive",-0.386396201540943,-2.83821460934941
"CTCCCTCGTCTCTCAC-1_1_1_1_1","DC","B-Act2",4.72242733628559,0.798599806105455
"CTCCCTCTCCCAAGTA-1_1_1_1_1","DC","B-Naive",-0.0822105875511133,-0.829028341496626
"CTCGAGGTCGCCAACG-1_1_1_1_1","DC","B-Naive",-1.4954226335783,-1.20555422040288
"CTCTCAGTCCTCAGAA-1_1_1_1_1","DC","B-Naive",-2.90228536932659,-2.18551966878239
"CTCTCGATCACCTACC-1_1_1_1_1","DC","B-Naive",-3.32207468359661,-1.2972800466663
"CTCTGGTAGGGTAGCT-1_1_1_1_1","DC","B-Naive",-0.618790926625248,0.542606201445421
"CTCTGGTGTCCGGACT-1_1_1_1_1","DC","B-Naive",0.364991245577816,2.33222892550166
"CTGAATGCACTCAGAT-1_1_1_1_1","DC","B-Naive",-0.97364810316753,1.14911455330785
"CTGAATGCAGGCTATT-1_1_1_1_1","DC","B-Mye",-0.434333684136387,6.50419833925899
"CTGAGCGAGGTATTGA-1_1_1_1_1","DC","B-Naive",1.71316560895253,2.14322998789485
"CTGATCCGTTCGAAGG-1_1_1_1_1","DC","B-Mye",-1.09534177391719,6.72077825335201
"CTGCAGGCATCGGATT-1_1_1_1_1","DC","B-Naive",3.44865128190327,-2.90379330846135
"CTGCAGGTCATTACGG-1_1_1_1_1","DC","B-Act1",-3.3596575578947,1.46849769023593
"CTGCCATGTACTGTTG-1_1_1_1_1","DC","B-Act1",3.60274383218098,1.67208459643062
"CTGCCATGTCGCAGTC-1_1_1_1_1","DC","B-Naive",-3.43350389807415,-1.81241652699772
"CTGCCATTCAACCGAT-1_1_1_1_1","DC","B-Naive",-0.747689159800526,-2.82601616116826
"CTGCCATTCATGTCAG-1_1_1_1_1","DC","B-Naive",-2.55381658880901,-3.03291675778691
"CTGCGAGTCCAATGCA-1_1_1_1_1","DC","B-ActMem",3.25755139977742,4.79075625208553
"CTGCTCAAGGGCTTCC-1_1_1_1_1","DC","B-Act2",-2.53985813467693,-1.27663156720463
"CTGGACGAGTCAATCC-1_1_1_1_1","DC","B-Naive",1.20311876923848,-0.476613137448469
"CTGGACGTCACACGAT-1_1_1_1_1","DC","B-Naive",-0.0634252002735102,0.199744251047929
"CTGGACGTCCCGAGTG-1_1_1_1_1","DC","B-Naive",2.45451184899617,1.21565059987243
"CTGGCAGCAGCGACAA-1_1_1_1_1","DC","B-Naive",-0.270570965697285,1.28042000201877
"CTGGCAGGTACCGCGT-1_1_1_1_1","DC","B-Naive",-0.58261183111858,-3.00265905591313
"CTGGTCTGTCACCGAC-1_1_1_1_1","DC","B-Naive",-1.96678534357738,-2.08291647168461
"CTGGTCTTCGATACGT-1_1_1_1_1","DC","B-Naive",-3.06138375609111,-3.62517521115605
"CTGTACCAGCCATCCG-1_1_1_1_1","DC","B-Naive",-2.48093202917766,-0.817000243390242
"CTGTATTAGTAAACGT-1_1_1_1_1","DC","B-Naive",-0.114496918143001,-1.7525613042957
"CTGTATTCAAGATGTA-1_1_1_1_1","DC","B-Naive",-0.678805085112568,-2.7876217100269
"CTGTATTGTATGCGGA-1_1_1_1_1","DC","B-Naive",-3.38409927694988,-0.218924972737471
"CTGTATTTCCGAGATT-1_1_1_1_1","DC","B-Naive",-0.498769881417271,-0.539146396840254
"CTGTGAAAGGCCCAAA-1_1_1_1_1","DC","B-Naive",-0.0369967764515841,-2.43363353940312
"CTGTGAATCATCTATC-1_1_1_1_1","DC","B-Naive",-0.250295074870106,-4.33549329968754
"CTTAGGAAGCCTGTCG-1_1_1_1_1","DC","B-Act1",-3.65623095839214,0.737746682440599
"CTTAGGAGTGTCACAT-1_1_1_1_1","DC","B-Naive",4.95885512025166,-1.19307014676396
"CTTAGGATCAACTACG-1_1_1_1_1","DC","B-Naive",-1.94073191492748,-0.303810450757185
"CTTAGGATCTGCGTCT-1_1_1_1_1","DC","B-Naive",-0.187967071523186,1.93615123299297
"CTTCAATAGTCGGCAA-1_1_1_1_1","DC","B-Naive",0.731621054718975,-0.111702058041731
"CTTCCGAAGGTAGCAC-1_1_1_1_1","DC","B-Naive",-2.11958530752849,-3.69213888379399
"CTTCCTTCAATTTCGG-1_1_1_1_1","DC","B-Naive",-0.137171738063213,-4.23551628323857
"CTTCCTTCATGTGACT-1_1_1_1_1","DC","B-Naive",3.54437657983113,-2.7770654890186
"CTTCGGTAGCCGTTAT-1_1_1_1_1","DC","B-Act1",-3.49758604376506,0.511183467184862
"CTTCGGTCATCCGTTC-1_1_1_1_1","DC","B-Naive",-2.76605752318096,-3.57752010556523
"CTTCGGTGTACCTGTA-1_1_1_1_1","DC","B-Mye",-0.284528644968983,6.89866473940547
"CTTCGGTGTCATGGCC-1_1_1_1_1","DC","B-Act2",4.66984507233906,2.80495467451747
"GAAACCTAGAGGGTGG-1_1_1_1_1","DC","B-Naive",-0.386293741156574,1.35192414787944
"GAAACCTAGCTGCGAA-1_1_1_1_1","DC","B-Naive",-1.80139139502239,-1.10844108792607
"GAAATGATCTCCACTG-1_1_1_1_1","DC","B-Naive",-2.50068453161907,-1.4079556200153
"GAACACTGTACGTAGG-1_1_1_1_1","DC","B-Naive",0.914020148823742,1.20924302605327
"GAACGTTAGCACCAGA-1_1_1_1_1","DC","B-Naive",-0.836664589335438,0.837267544543108
"GAACTGTGTTGCATGT-1_1_1_1_1","DC","B-Act1",-1.61645511000347,-4.80882332059208
"GAACTGTTCGTAACTG-1_1_1_1_1","DC","B-Naive",-2.4094040712614,-2.24375388356511
"GAAGAATCAAACTCTG-1_1_1_1_1","DC","B-Naive",-1.14605561106395,-1.75981042119328
"GAAGAATCAACAAGTA-1_1_1_1_1","DC","B-Act1",-4.82068255751323,0.306789663111528
"GAAGAATGTCCAAGAG-1_1_1_1_1","DC","B-Mye",-0.354039224078175,6.56894138125118
"GAAGCCCCAGTCGGTC-1_1_1_1_1","DC","B-Naive",0.67284676224995,1.00705549908217
"GAAGCGAGTAGGGAGG-1_1_1_1_1","DC","B-Naive",0.147278813431743,1.26417190996345
"GAAGGACAGATTTGCC-1_1_1_1_1","DC","B-ActMem",3.36383697182942,4.99450018671688
"GAAGGACCATTGAGGG-1_1_1_1_1","DC","B-Act1",-4.86043647139263,2.31385841635402
"GAATCACGTCAGCTTA-1_1_1_1_1","DC","B-Act1",-5.39057496397686,2.02782430914577
"GAATCGTAGCATACTC-1_1_1_1_1","DC","B-Act2",4.98419949204731,1.66819271115001
"GAATCGTAGGGATCGT-1_1_1_1_1","DC","B-Naive",-2.555751593997,-1.64975259038273
"GAATCGTGTTAGCGGA-1_1_1_1_1","DC","B-Act1",-2.0992678722639,0.628712770020326
"GAATCGTTCAGTAGGG-1_1_1_1_1","DC","B-Naive",-0.18573940752935,2.38138582972225
"GACACGCCAATACCTG-1_1_1_1_1","DC","B-Naive",-0.0443772843379938,0.0647669699543321
"GACACGCGTACTCGCG-1_1_1_1_1","DC","B-Naive",-3.01997259466838,-3.17492696973149
"GACACGCTCTCAACGA-1_1_1_1_1","DC","B-Naive",4.59292456300068,-1.12231847974126
"GACAGCCCACTATGTG-1_1_1_1_1","DC","B-Naive",-0.676571579863545,-4.81260988446538
"GACAGCCGTTCGCGTG-1_1_1_1_1","DC","B-Act1",-2.34025576918316,1.90075626639064
"GACAGCCTCAGTCTTT-1_1_1_1_1","DC","B-Act2",5.1673359552126,2.14281358984645
"GACCAATAGGTGTGAC-1_1_1_1_1","DC","B-Naive",-1.23449412195873,0.582320180212816
"GACCCAGCAGCGGTCT-1_1_1_1_1","DC","B-Naive",-1.06421348660183,-3.9851109716541
"GACCCAGCAGTGGGTA-1_1_1_1_1","DC","B-Act1",-5.72923711149883,0.669792738234361
"GACCCTTCAACTAGAA-1_1_1_1_1","DC","B-Naive",-2.82419923155498,-1.59076235028569
"GACCGTGAGTAACCTC-1_1_1_1_1","DC","B-Naive",3.64609405190754,-0.805075380528609
"GACCTTCGTTGGGAAC-1_1_1_1_1","DC","B-Act1",-2.1975424608488,-0.0743031236774123
"GACCTTCTCTCGGGAC-1_1_1_1_1","DC","B-Naive",0.371863392899517,-3.82019636365239
"GACGCTGCATGGTGGA-1_1_1_1_1","DC","B-Naive",-1.20299414007854,-1.42930385800664
"GACTATGAGAGAGTGA-1_1_1_1_1","DC","B-Naive",0.0539354214172399,6.1715314653271
"GACTATGAGATGTTCC-1_1_1_1_1","DC","B-Naive",-0.620538564612385,-1.73294231625859
"GACTATGTCGGTAAGG-1_1_1_1_1","DC","B-Naive",1.61291572243977,0.085961308752855
"GACTCAACAACCGCCA-1_1_1_1_1","DC","B-Naive",-3.32453611700725,-3.09234544965092
"GACTCTCAGTGATAGT-1_1_1_1_1","DC","B-Naive",4.29849669129658,-2.51030156346623
"GACTGATTCAACTTTC-1_1_1_1_1","DC","B-Act1",-5.14533618300151,0.514557805334886
"GACTTCCGTCGACTTA-1_1_1_1_1","DC","B-Act1",-5.78195861189556,0.618293669497331
"GACTTCCGTTGACGGA-1_1_1_1_1","DC","B-Naive",-2.31425193159771,-3.56316730710332
"GAGAAATCAGGAGGTT-1_1_1_1_1","DC","B-Naive",2.19739672334004,1.49636962679561
"GAGACCCCAATACGAA-1_1_1_1_1","DC","B-Naive",2.31706473023701,0.193633225237688
"GAGACTTGTTTGTTCT-1_1_1_1_1","DC","B-Naive",-0.821820231368061,0.676485296761354
"GAGATGGAGTAATTGG-1_1_1_1_1","DC","B-Naive",0.0668823549251593,-1.04822180005376
"GAGATGGTCTACCCAC-1_1_1_1_1","DC","B-Act1",-4.14474013655376,-0.202752206051985
"GAGCTGCGTTAAGAAC-1_1_1_1_1","DC","B-Naive",4.75677391679097,-2.23018333646123
"GAGGCAAAGTATGACA-1_1_1_1_1","DC","B-Naive",0.140161571810726,-0.0771372053271926
"GAGGCCTCACTCTAGA-1_1_1_1_1","DC","B-Naive",-2.02409664004039,-0.677132937634627
"GAGGCCTCAGACGCTC-1_1_1_1_1","DC","B-Act1",-3.96291282980632,-1.23275062772099
"GAGGCCTTCGGAGATG-1_1_1_1_1","DC","B-Act1",-1.91027036516857,1.83351191548046
"GAGGGATGTTGCATGT-1_1_1_1_1","DC","B-Naive",-2.61530378668499,-3.02222511502568
"GAGGGATTCCTCACTG-1_1_1_1_1","DC","B-Naive",-1.9677719196577,-1.24863121243779
"GAGGGATTCGACGTCG-1_1_1_1_1","DC","B-Act1",-3.03574088423442,2.31082823542293
"GAGGGTAAGCGCAATG-1_1_1_1_1","DC","B-Naive",-3.25403502791118,-0.296250555241743
"GAGTCATAGCGCCATC-1_1_1_1_1","DC","B-Naive",2.86933824212361,2.24862137106593
"GAGTCATCACGTAGTT-1_1_1_1_1","DC","B-Act1",-4.2104945501585,-0.198393914426009
"GAGTCATTCTGTACAG-1_1_1_1_1","DC","B-Act2",4.83238455445576,1.04695614562716
"GAGTCTATCGACGACC-1_1_1_1_1","DC","B-Naive",-1.5741317590971,1.15564303514894
"GAGTGAGAGTAACCTC-1_1_1_1_1","DC","B-Naive",-1.92009249537182,-1.06667968961064
"GAGTGAGGTGCGAGTA-1_1_1_1_1","DC","B-Naive",0.507640508721355,0.156557467257341
"GAGTGTTGTTCTCACC-1_1_1_1_1","DC","B-Naive",-0.484440477778431,1.00365364966329
"GAGTTACTCTAGTTCT-1_1_1_1_1","DC","B-Plasma",12.2872242608767,0.442424681460222
"GAGTTGTCAACTTGGT-1_1_1_1_1","DC","B-Naive",0.0964144000511206,-1.73121568890874
"GAGTTTGAGGATACAT-1_1_1_1_1","DC","B-Naive",-0.225683676292416,-4.65962717267338
"GAGTTTGAGTCTACCA-1_1_1_1_1","DC","B-Act2",5.15423294694233,1.89312877920802
"GAGTTTGCACAACGCC-1_1_1_1_1","DC","B-Act2",3.99049421937275,0.426865544592699
"GAGTTTGCACCGTCTT-1_1_1_1_1","DC","B-Act1",-2.33164122908306,1.47772082356151
"GATAGAACAGATTTCG-1_1_1_1_1","DC","B-Act1",-1.91880837290477,2.51654913691219
"GATAGAAGTTTGGAGG-1_1_1_1_1","DC","B-Naive",1.00166734845448,0.631594773804506
"GATAGCTGTACACGCC-1_1_1_1_1","DC","B-Act1",-3.70776775686931,1.91817447212871
"GATCACAAGAGTCACG-1_1_1_1_1","DC","B-Naive",-1.82238319723796,-3.62330505582158
"GATCACACAGCAGAAC-1_1_1_1_1","DC","B-Act1",-3.60292723982525,1.99235710171398
"GATCATGAGGCTCACC-1_1_1_1_1","DC","B-Naive",-2.74894240706157,-2.47788307401005
"GATCATGGTGTCCACG-1_1_1_1_1","DC","B-Act1",-3.10947254507732,-0.694437715733687
"GATCATGTCTGCGGCA-1_1_1_1_1","DC","B-Naive",-3.19984677641582,0.667823341166338
"GATCCCTGTCCAGCGT-1_1_1_1_1","DC","B-Act1",-2.6589808782835,1.62832334307369
"GATCCCTGTCGAATGG-1_1_1_1_1","DC","B-Naive",1.39070901067067,0.240544762884935
"GATCGTAAGCTGCGAA-1_1_1_1_1","DC","B-Naive",4.31579777390766,-1.64389774533574
"GATCGTAAGGTGGGTT-1_1_1_1_1","DC","B-Naive",-1.77091661303234,0.378632631575426
"GATCGTATCATACGAC-1_1_1_1_1","DC","B-Naive",-0.418909134556767,6.82686212328609
"GATGACTAGAGTAACT-1_1_1_1_1","DC","B-Act1",-4.63037255613994,0.861072835003694
"GATGACTCATGAAGCG-1_1_1_1_1","DC","B-Naive",0.845722405026439,-0.069974753583113
"GATGACTGTTCAAAGA-1_1_1_1_1","DC","B-Naive",-2.12366298048687,-1.74578735562626
"GATGACTTCCGTGTAA-1_1_1_1_1","DC","B-ActMem",3.36756965310383,4.99340155390438
"GATGAGGAGAACTTCC-1_1_1_1_1","DC","B-Naive",-2.71417477934551,-0.525283310139815
"GATGAGGTCTGCTAGA-1_1_1_1_1","DC","B-Naive",1.06719061524678,2.2444747951382
"GATGATCCACGACAGA-1_1_1_1_1","DC","B-Naive",-0.0950610453535282,0.447289612566789
"GATGCTAAGGCTATCT-1_1_1_1_1","DC","B-Naive",-1.27415409891796,5.97853162554439
"GATGCTACAGCGGATA-1_1_1_1_1","DC","B-Naive",0.0555377283792532,-2.77198264333073
"GATGCTATCGCCTAGG-1_1_1_1_1","DC","B-Naive",0.554878441403393,-3.64580032559697
"GATGTTGCAAGAGGCT-1_1_1_1_1","DC","B-Act2",4.7051515260439,1.03380213161345
"GATGTTGCACTCAAGT-1_1_1_1_1","DC","B-Naive",-0.360538082410809,1.07141346154149
"GATTCTTCAGACATCT-1_1_1_1_1","DC","B-Naive",4.69520613343525,-2.42619225713078
"GATTCTTGTGCTCCGA-1_1_1_1_1","DC","B-Naive",2.36273547799397,-1.86705085965459
"GATTCTTGTGGCACTC-1_1_1_1_1","DC","B-Naive",-1.439824732234,-1.16817376347844
"GATTTCTGTACGTTCA-1_1_1_1_1","DC","B-Naive",-0.822422595908161,-4.28452465268437
"GCAACATCAGCCGGTT-1_1_1_1_1","DC","B-Naive",2.59087893159199,-0.938021275723616
"GCAACATGTGCAACGA-1_1_1_1_1","DC","B-Act1",-5.18815234511089,0.277115788733324
"GCACGTGCACTGGCGT-1_1_1_1_1","DC","B-Naive",4.56955143601704,-0.744495007718245
"GCACGTGCATCACAGT-1_1_1_1_1","DC","B-Naive",-2.53021434157085,-4.16539261075322
"GCACGTGTCGTAGTGT-1_1_1_1_1","DC","B-Act1",-1.38064995615673,2.69030776289638
"GCACTAAAGCCTAACT-1_1_1_1_1","DC","B-Naive",1.09517201573658,0.249001529490312
"GCACTAAGTCGTATGT-1_1_1_1_1","DC","B-Act2",4.96481224686909,1.21806281474765
"GCACTAAGTTGACTGT-1_1_1_1_1","DC","B-Naive",-2.04051354735088,-1.61071178647343
"GCAGCCAGTAACATGA-1_1_1_1_1","DC","B-Naive",2.06568428666401,1.16695458856758
"GCAGCCATCCACGTAA-1_1_1_1_1","DC","B-Act2",5.15981909425068,2.03565433291133
"GCAGCTGGTTAAGACA-1_1_1_1_1","DC","B-ActMem",3.91802069337178,5.07348516253169
"GCAGGCTTCAGTGGGA-1_1_1_1_1","DC","B-Naive",-0.796474309851643,1.13402846125301
"GCAGTTAAGATGCAGC-1_1_1_1_1","DC","B-Naive",4.63543316514302,4.50820925501522
"GCAGTTAGTTGCGGAA-1_1_1_1_1","DC","B-Plasma",11.9262852349978,0.798223268663248
"GCAGTTATCGCACTCT-1_1_1_1_1","DC","B-Naive",0.868564752648357,-1.34937283726994
"GCATCGGCATCGGAGA-1_1_1_1_1","DC","B-Naive",0.934059468815807,0.936977651392778
"GCATCGGTCAAGCCCG-1_1_1_1_1","DC","B-Naive",0.509310869286541,-1.52874657841984
"GCATCTCAGCAGTACG-1_1_1_1_1","DC","B-Act2",5.02210280091572,1.36512553361591
"GCATCTCTCCGACATA-1_1_1_1_1","DC","B-Naive",-2.06705191939067,-4.42947504254643
"GCATTAGCAGACCATT-1_1_1_1_1","DC","B-Naive",0.136106578419689,-0.88882586690251
"GCATTAGGTTGCCGCA-1_1_1_1_1","DC","B-Naive",-1.46637538283062,-0.328766677106062
"GCCAACGAGCACTCCG-1_1_1_1_1","DC","B-Naive",-3.04772499411296,-0.00560984345738058
"GCCAACGAGCCAACCC-1_1_1_1_1","DC","B-Naive",-0.677739234854695,-3.83754417630498
"GCCAGCAAGCTACAAA-1_1_1_1_1","DC","B-Act2",-2.38372162192058,-1.62785312863652
"GCCAGGTAGATCCCAT-1_1_1_1_1","DC","B-Naive",-3.09072616903972,-0.784186217511336
"GCCAGTGCAGGCGAAT-1_1_1_1_1","DC","B-Naive",1.47233888299275,2.1596758630627
"GCCATGGGTCTTGTCC-1_1_1_1_1","DC","B-Naive",-0.291356401731487,0.144924011504015
"GCCATTCAGTGGTCAG-1_1_1_1_1","DC","B-Naive",1.12365600259114,-0.248521778309981
"GCCATTCCACGAAAGC-1_1_1_1_1","DC","B-Naive",-1.10874375908565,-2.985360834325
"GCCGATGAGGCAGGGA-1_1_1_1_1","DC","B-Naive",-0.231908338357922,-0.156234476292769
"GCCTGTTAGTGTAGTA-1_1_1_1_1","DC","B-Naive",-0.50428849666309,0.130790081297716
"GCGAGAAGTCTGCATA-1_1_1_1_1","DC","B-Naive",-0.244891511489865,-0.18354603978459
"GCGAGAATCAGCTTGA-1_1_1_1_1","DC","B-Naive",-0.641815575053211,1.78554841545757
"GCGATCGGTTCTCCCA-1_1_1_1_1","DC","B-Act1",0.310715732882503,3.08103492525752
"GCGGAAACAGTCCCGA-1_1_1_1_1","DC","B-Naive",4.19018742234516,-0.344601247037092
"GCGTGCATCTCCCTAG-1_1_1_1_1","DC","B-Naive",-1.95378259031963,-0.0548822614795363
"GCGTTTCAGGCGCTTC-1_1_1_1_1","DC","B-Act1",-3.40917089789104,2.2313276794308
"GCGTTTCTCTCTGACC-1_1_1_1_1","DC","B-Naive",1.40468308121968,-1.06424233647648
"GCTACAAGTGCCCACA-1_1_1_1_1","DC","B-Naive",-3.50437239020061,-3.49137232037846
"GCTACCTTCCTTATAC-1_1_1_1_1","DC","B-Naive",-2.12735298483562,-2.79657695027653
"GCTACCTTCTAGGCCG-1_1_1_1_1","DC","B-Naive",-1.27075937597942,-2.98234770032231
"GCTCAAACATCGGATT-1_1_1_1_1","DC","B-Act1",-0.198713371743675,1.390152868306
"GCTGGGTAGACTCATC-1_1_1_1_1","DC","B-Naive",-1.22502437441539,-2.26276514264409
"GCTGGGTAGTATGAAC-1_1_1_1_1","DC","B-Act1",-4.66211989729595,-0.037306878293196
"GCTTCACGTACGGCAA-1_1_1_1_1","DC","B-Mye",-0.389167698313709,7.21724727419551
"GCTTCACTCTAGGCAT-1_1_1_1_1","DC","B-Plasma",12.0561184564333,0.701099481856188
"GCTTGGGAGTAGCATA-1_1_1_1_1","DC","B-Naive",-0.23138296811771,1.58952411678966
"GCTTTCGCATATCTGG-1_1_1_1_1","DC","B-Naive",2.65897890717793,-1.63664433690373
"GGAACCCCAGTAGAAT-1_1_1_1_1","DC","B-Naive",3.51834699303913,0.563535388981661
"GGAACCCGTCTTTATC-1_1_1_1_1","DC","B-Naive",-1.58128848879528,-3.49578973981206
"GGAAGTGAGCCGTTAT-1_1_1_1_1","DC","B-Naive",-0.620589645792958,1.48697539833721
"GGAAGTGTCGGTATGT-1_1_1_1_1","DC","B-Naive",3.44220921189595,1.67875668076213
"GGAGCAAAGCGATGAC-1_1_1_1_1","DC","B-Naive",-3.01716402380657,-0.558485243046919
"GGAGCAACAAGGTACG-1_1_1_1_1","DC","B-Naive",-1.62663045733165,0.229935732161363
"GGAGCAACATAACGGG-1_1_1_1_1","DC","B-Naive",-2.14383796065044,0.183860209261736
"GGAGCAAGTGGTCCGT-1_1_1_1_1","DC","B-Naive",0.0455862709980047,1.84843781260188
"GGAGGATTCCGAAATC-1_1_1_1_1","DC","B-Naive",-0.744417103220936,-1.24174449178044
"GGAGGTACATTAAGCC-1_1_1_1_1","DC","B-Naive",-2.48638084738445,-2.19911071988408
"GGAGGTATCTATTTCG-1_1_1_1_1","DC","B-Naive",-2.87218049376201,-0.772467705929915
"GGATGTTAGAGCAAGA-1_1_1_1_1","DC","B-Act1",-3.36342719404888,-0.232473823750655
"GGCACGTGTAACACCT-1_1_1_1_1","DC","B-Act1",-4.02158859579754,1.84221508768733
"GGCACGTTCAAGCTTG-1_1_1_1_1","DC","B-Act1",-3.19244054167461,1.47926485208209
"GGCACGTTCGGATTAC-1_1_1_1_1","DC","B-Act1",-3.33164146750164,0.393899288451036
"GGCAGTCAGATGCAGC-1_1_1_1_1","DC","B-Naive",-1.81345585196209,-2.93358394833867
"GGCTGTGCAGAACATA-1_1_1_1_1","DC","B-ActMem",4.70323321015644,4.49927904871639
"GGCTTTCCACGGTCTG-1_1_1_1_1","DC","B-Act1",-3.68921521513652,1.89221766260799
"GGCTTTCCACGTTCGG-1_1_1_1_1","DC","B-Naive",-2.39586356489849,-3.36240884991948
"GGCTTTCCATGTTTGG-1_1_1_1_1","DC","B-Act1",-3.2443821748991,0.70903196600612
"GGGAAGTAGTAGGTTA-1_1_1_1_1","DC","B-Naive",1.50698467881489,-0.13557765218083
"GGGACAAAGGTACAAT-1_1_1_1_1","DC","B-Naive",0.969341126988415,0.934574399566015
"GGGACAACAGACACAG-1_1_1_1_1","DC","B-Naive",-1.48977092116069,-2.13684627744023
"GGGACTCCAGTCGGTC-1_1_1_1_1","DC","B-Naive",-0.233892629136559,1.71743127373393
"GGGACTCGTACGATTC-1_1_1_1_1","DC","B-Naive",-1.92424109785747,-3.1692192289478
"GGGAGATAGACTTCGT-1_1_1_1_1","DC","B-Naive",-0.219021918465611,1.83927830723461
"GGGAGTAGTCGTTTCC-1_1_1_1_1","DC","B-Naive",0.0389026531677282,0.850655626928171
"GGGATGATCGAGAGCA-1_1_1_1_1","DC","B-Naive",-0.0497376343507731,0.978244897400697
"GGGCCATAGCCAGTAG-1_1_1_1_1","DC","B-Naive",-1.67691210119915,0.400873508726915
"GGGCCATAGCTCTTCC-1_1_1_1_1","DC","B-Naive",-1.44644108622265,-2.34457680913273
"GGGCCATCATATACCG-1_1_1_1_1","DC","B-Naive",-3.47833493559551,-1.62688824864689
"GGGCCATTCGAACGCC-1_1_1_1_1","DC","B-Naive",-0.843708904673573,-3.15859958859746
"GGGCTACAGAAACCAT-1_1_1_1_1","DC","B-Naive",-1.2271360477705,-3.98247978421513
"GGGCTACTCGCTACGG-1_1_1_1_1","DC","B-Act1",-1.79811087458324,1.87727525499996
"GGGTAGAGTCCATACA-1_1_1_1_1","DC","B-Naive",-0.915239246775624,1.01861577150758
"GGGTCACAGTTATGGA-1_1_1_1_1","DC","B-Naive",-1.39452162592601,-0.959011766637007
"GGGTCTGAGTAATTGG-1_1_1_1_1","DC","B-Naive",0.458152679512981,-0.314526650632063
"GGGTGTCAGATGCGAC-1_1_1_1_1","DC","B-Naive",-0.967994662215229,-2.06085202428166
"GGGTGTCCAGACCATT-1_1_1_1_1","DC","B-Naive",-1.93071320860576,-3.03543541165654
"GGGTTATGTCTGCCTT-1_1_1_1_1","DC","B-Naive",3.4158129373293,-2.10695740910832
"GGGTTTACATGTTACG-1_1_1_1_1","DC","B-Act1",-5.10276749937725,1.44831987885173
"GGGTTTATCGAGTCCG-1_1_1_1_1","DC","B-Naive",3.31135222108174,0.337966587817033
"GGTAACTCACATTCGA-1_1_1_1_1","DC","B-Act1",-5.2435698828001,-0.496517154896895
"GGTAATCTCTCCATAT-1_1_1_1_1","DC","B-Mye",-0.238857547034737,6.76829889086421
"GGTCACGGTAGCTCGC-1_1_1_1_1","DC","B-Mye",-0.557898642708775,6.59083345202144
"GGTCACGTCCGTGCGA-1_1_1_1_1","DC","B-Naive",1.98135420472432,0.966145400380453
"GGTGAAGAGTGCACCC-1_1_1_1_1","DC","B-Naive",-0.880048962523457,0.690624949013551
"GGTGAAGGTTAAGGGC-1_1_1_1_1","DC","B-ActMem",3.27487656266499,4.81976702479061
"GGTGATTCAAGGATGC-1_1_1_1_1","DC","B-Naive",3.23524877221394,-2.31929013463322
"GGTGATTTCGAAGCCC-1_1_1_1_1","DC","B-Naive",0.394384233067516,-2.15934941502873
"GGTTAACAGGCTAACG-1_1_1_1_1","DC","B-Naive",1.19486710221577,-1.19671270581547
"GGTTAACAGGTACTGG-1_1_1_1_1","DC","B-Naive",0.252185283015255,1.85434302357372
"GGTTAACTCATTGCCC-1_1_1_1_1","DC","B-Act1",-3.10833028166484,1.10315556493934
"GGTTCTCAGGTTGACG-1_1_1_1_1","DC","B-Naive",-1.40143457262706,-2.25761148663823
"GGTTCTCCACGCGCTA-1_1_1_1_1","DC","B-Naive",-0.680881710936543,-2.04131982060734
"GGTTCTCTCCCGATCT-1_1_1_1_1","DC","B-Act1",-4.144463571002,-1.33818862172429
"GGTTGTATCAGCGCGT-1_1_1_1_1","DC","B-Naive",1.08198901803303,1.11276133773263
"GTAACACAGGATTCAA-1_1_1_1_1","DC","B-Act1",-3.30762437193584,2.44451275137599
"GTAACACCAAGCACAG-1_1_1_1_1","DC","B-Naive",3.72669526727009,-2.38503000470463
"GTAACCAAGCCATTTG-1_1_1_1_1","DC","B-Naive",-0.632840546061512,-2.20617983075444
"GTAACCACACTACAGT-1_1_1_1_1","DC","B-Act2",4.23442026765156,0.669200029646715
"GTAATCGCACACCGCA-1_1_1_1_1","DC","B-Naive",-1.82715931742382,-0.671655866826216
"GTAATCGCATGGAATA-1_1_1_1_1","DC","B-Act1",-0.814246209551808,-1.19641229840581
"GTAATCGGTAGGACCA-1_1_1_1_1","DC","B-Naive",0.0984928885202444,2.03182699946102
"GTAATCGGTGATAGAT-1_1_1_1_1","DC","B-Naive",0.709857789586071,1.75423207548793
"GTAATCGTCACCACAA-1_1_1_1_1","DC","B-Act1",-3.59705618231487,0.665480610405763
"GTAATGCGTGATTGGG-1_1_1_1_1","DC","B-Naive",1.80513295323658,2.43857445982631
"GTAATGCTCCCATAAG-1_1_1_1_1","DC","B-Naive",-2.83379224150371,-1.4427993032581
"GTAGAGGAGTTGCTCA-1_1_1_1_1","DC","B-Naive",2.78858682305622,2.83507707384761
"GTAGAGGGTACCCGAC-1_1_1_1_1","DC","B-Plasma",11.8780941644411,0.841888171111902
"GTAGAGGTCGCTGCGA-1_1_1_1_1","DC","B-Naive",-0.555715592791554,1.31505530742343
"GTAGATCTCACAGTGT-1_1_1_1_1","DC","B-Naive",-0.150097731714364,1.92700150278743
"GTATTGGAGTGGCAGT-1_1_1_1_1","DC","B-Naive",1.50267573983479,1.88374027279552
"GTATTTCAGCCGAACA-1_1_1_1_1","DC","B-Naive",-0.018667007078644,2.17093172339137
"GTCAAACCAATGTGGG-1_1_1_1_1","DC","B-Naive",-1.50793209879589,0.298845675265154
"GTCAAGTAGGAAGTAG-1_1_1_1_1","DC","B-Mye",-0.432960393120762,7.04791715410884
"GTCACGGAGCTGTTAC-1_1_1_1_1","DC","B-Act1",-3.20554140417766,1.19169164863761
"GTCACGGAGGCGAACT-1_1_1_1_1","DC","B-Naive",4.51507946641255,-1.25056049557988
"GTCAGCGAGGCATCGA-1_1_1_1_1","DC","B-Naive",-2.45328572600078,-1.83215496274296
"GTCAGCGAGGCGCTTC-1_1_1_1_1","DC","B-Naive",-2.05572274534893,-0.666812989438216
"GTCATGAGTTGTATGC-1_1_1_1_1","DC","B-Naive",4.92454859406758,-1.8412413332111
"GTCATTTAGCGTTAGG-1_1_1_1_1","DC","B-ActMem",4.15600058228779,5.28426959780391
"GTCCACTCAGAACTTC-1_1_1_1_1","DC","B-Naive",-1.91513243525219,-1.60087964268986
"GTCCACTCAGACAATA-1_1_1_1_1","DC","B-Naive",-0.727240117480274,0.715174582278093
"GTCCACTTCCGATGTA-1_1_1_1_1","DC","B-Act1",-4.82053044645977,1.79410901335414
"GTCGAATAGTTATGGA-1_1_1_1_1","DC","B-Naive",2.37108298928547,1.28873791960414
"GTCGAATCACGTCTCT-1_1_1_1_1","DC","B-Naive",-1.99494126646709,-4.15375063153569
"GTCGAATTCCTGTTGC-1_1_1_1_1","DC","B-Naive",-1.04703381865215,-3.02079984875981
"GTCGCGACAAATGGCG-1_1_1_1_1","DC","B-ActMem",2.64905854852009,3.69824817446407
"GTCGTAAGTGAGACCA-1_1_1_1_1","DC","B-Naive",-2.46052387564373,0.0700441863888108
"GTCGTTCAGGGTGAAA-1_1_1_1_1","DC","B-Act1",-1.65121463148784,2.181049611842
"GTCGTTCAGTTGTCGT-1_1_1_1_1","DC","B-Act1",-4.45558455794048,1.35843231943782
"GTCGTTCGTACGAGCA-1_1_1_1_1","DC","B-Act1",-4.66149285643291,1.86528804567989
"GTCGTTCGTCGAAACG-1_1_1_1_1","DC","B-Naive",-1.7053047737379,0.516303148543199
"GTCTCACAGAGGACTC-1_1_1_1_1","DC","B-Naive",5.01568171174336,-1.81382438870732
"GTCTCACGTCTGTGCG-1_1_1_1_1","DC","B-Naive",3.18838140160847,0.483156767165025
"GTCTTTATCAACGTGT-1_1_1_1_1","DC","B-Act1",-5.28910926191997,1.11901440886196
"GTGACGCCAGAGCGTA-1_1_1_1_1","DC","B-Naive",0.168801573822979,1.86177715328868
"GTGACGCGTCTGTCCT-1_1_1_1_1","DC","B-Naive",-2.79873493521404,-0.68636688920323
"GTGACGCTCCTGCTAC-1_1_1_1_1","DC","B-Plasma",12.189924685071,0.470669415270647
"GTGAGCCAGCTAATGA-1_1_1_1_1","DC","B-Naive",-0.855692954947468,-0.73134455415074
"GTGAGGAAGGACATCG-1_1_1_1_1","DC","B-Naive",-0.616258563687321,-1.31477973195378
"GTGAGTTGTATTCTCT-1_1_1_1_1","DC","B-Naive",-1.61310735552501,0.253530886446794
"GTGAGTTTCCAGGACC-1_1_1_1_1","DC","B-Naive",-2.2183001360197,-0.865098330701033
"GTGATGTAGGAACATT-1_1_1_1_1","DC","B-Act1",-5.20705083220195,0.562848028218111
"GTGATGTGTCACTTCC-1_1_1_1_1","DC","B-Naive",-2.9525223097105,-2.34049532147709
"GTGCACGAGTCCTGTA-1_1_1_1_1","DC","B-Act1",-1.37273779719066,2.24273493555721
"GTGCACGCAGCAGTGA-1_1_1_1_1","DC","B-Naive",-4.16659215300274,-0.618115637028853
"GTGCAGCAGAGTCAGC-1_1_1_1_1","DC","B-Naive",-1.67541912405681,-1.14006325932805
"GTGCAGCTCACGACTA-1_1_1_1_1","DC","B-Act2",4.80063530595112,1.04861235055487
"GTGCAGCTCCTCTCGA-1_1_1_1_1","DC","B-Act1",-5.07482198088359,2.20063152579006
"GTGCGTGCATGTCAGT-1_1_1_1_1","DC","B-Act1",-2.46268418638897,-0.767729136670271
"GTGCTGGTCTACAGGT-1_1_1_1_1","DC","B-Naive",-1.58959201185894,-0.725579116070906
"GTGGAAGAGCTCACTA-1_1_1_1_1","DC","B-Act2",4.10062548310566,2.38596287039455
"GTGGAAGAGTGGTTAA-1_1_1_1_1","DC","B-Act1",-2.37963584273052,1.06600555633541
"GTGGAGACAGGGAATC-1_1_1_1_1","DC","B-Naive",2.34784886033345,1.78718420532878
"GTGGAGAGTAGCTGCC-1_1_1_1_1","DC","B-Naive",2.18976256043721,1.7079952028149
"GTGGAGATCACCCTTG-1_1_1_1_1","DC","B-Act1",-3.28020099013042,0.123413172041734
"GTGGCGTAGAAGCGGG-1_1_1_1_1","DC","B-ActMem",3.86666890771199,4.54788139132198
"GTGGCGTGTGGCTGAA-1_1_1_1_1","DC","B-Naive",0.182304439852718,2.04481365946468
"GTGGCGTTCCAAGCCG-1_1_1_1_1","DC","B-Act1",2.82635256440449,4.6146307256573
"GTGGGAAAGTTCATGC-1_1_1_1_1","DC","B-Naive",-0.682564886500355,-1.6414396497852
"GTGGGAAGTTTAGAGA-1_1_1_1_1","DC","B-Act1",0.122402963946346,2.54924919871028
"GTGGTTACACGGCGTT-1_1_1_1_1","DC","B-Naive",-1.55364111273479,0.26420524386104
"GTGTGGCCACAAACGG-1_1_1_1_1","DC","B-Naive",-0.53309110014629,2.17805519369777
"GTGTTCCTCACTGCTC-1_1_1_1_1","DC","B-Naive",1.84601518304158,1.33190369275745
"GTGTTCCTCATTGTGG-1_1_1_1_1","DC","B-Act2",3.99820515305806,1.31278109220203
"GTTACCCTCCGTAGGC-1_1_1_1_1","DC","B-Naive",4.98273798615742,-1.93951294156376
"GTTACGAGTCGTCAGC-1_1_1_1_1","DC","B-Naive",-2.09357872812938,-2.52774474355046
"GTTACGATCAGGACAG-1_1_1_1_1","DC","B-Act1",-4.52352431624126,1.96369000939067
"GTTAGTGAGAAATTGC-1_1_1_1_1","DC","B-Naive",-1.45477560370159,-3.74037143918339
"GTTATGGTCTAGGCAT-1_1_1_1_1","DC","B-Naive",-1.51980450957012,-0.530274245465437
"GTTCATTAGCAATAGT-1_1_1_1_1","DC","B-Naive",0.0989974120359457,-1.80286357137028
"GTTCATTAGCATGCGA-1_1_1_1_1","DC","B-Naive",0.402869729111675,2.08048560885127
"GTTCCGTAGATGTTGA-1_1_1_1_1","DC","B-Act1",-3.46679833738994,1.34532358912166
"GTTGCGGAGGCCCAAA-1_1_1_1_1","DC","B-Naive",-0.554686965634342,0.148144152438005
"GTTGCGGCAACGCCCA-1_1_1_1_1","DC","B-Naive",4.7688231149416,-1.96275016995732
"GTTGCGGTCTCGCCTA-1_1_1_1_1","DC","B-Act1",-4.71984341948223,0.813372757708391
"GTTGTAGTCCCTCTAG-1_1_1_1_1","DC","B-Naive",-1.007784756114,-3.62316152783696
"GTTGTCCAGCTAAATG-1_1_1_1_1","DC","B-Naive",-1.88153687327098,-3.4526493284351
"GTTGTCCTCTCTTAAC-1_1_1_1_1","DC","B-Naive",-2.55968120901775,-2.18971249791447
"GTTGTGAAGTGCCGAA-1_1_1_1_1","DC","B-Act1",-0.561859699179646,-0.608888361180464
"GTTTACTGTAGATCGG-1_1_1_1_1","DC","B-Naive",-2.99743584006023,0.14482971695598
"GTTTACTGTCTGTCAA-1_1_1_1_1","DC","B-Act1",-5.57699445097637,0.850118082439264
"GTTTGGACAAATTAGG-1_1_1_1_1","DC","B-Naive",-0.676522704054829,-3.34563276501958
"GTTTGGACACTAGTAC-1_1_1_1_1","DC","B-Naive",-0.415509941269871,-0.0237191650516189
"GTTTGGATCCTAGCGG-1_1_1_1_1","DC","B-Naive",3.60428854615498,-1.0104467603809
"GTTTGGATCCTCTCTT-1_1_1_1_1","DC","B-Naive",-1.92703750937175,-2.51420376035039
"TAACACGAGCGTGTTT-1_1_1_1_1","DC","B-Naive",4.43707510621357,-1.90451047154729
"TAACACGTCGAGAAAT-1_1_1_1_1","DC","B-Naive",4.18448349625874,-0.78802225323979
"TAACGACAGTGACCTT-1_1_1_1_1","DC","B-Naive",-0.527187558104511,-2.00859901639287
"TAACGACGTACAATAG-1_1_1_1_1","DC","B-Act1",-5.18218568175029,1.53830191162761
"TAACGACGTGGAGAAA-1_1_1_1_1","DC","B-ActMem",-3.89349010794353,-1.40934536191289
"TAACTTCCAAGTACCT-1_1_1_1_1","DC","B-Act2",4.27383801133442,2.11131289271053
"TAAGCACAGGATGCGT-1_1_1_1_1","DC","B-Naive",-0.482969405343052,-0.0076503488666213
"TAAGCACTCGTTCGCT-1_1_1_1_1","DC","B-Naive",-0.498301478316303,-3.60498878690068
"TAAGCCACAGCGCTTG-1_1_1_1_1","DC","B-Act1",3.84926101357746,2.41413548258479
"TAAGCGTAGACCTGGA-1_1_1_1_1","DC","B-Act1",-1.65631321280193,-1.0278765890247
"TAATCTCAGTCTCTGA-1_1_1_1_1","DC","B-Act2",-1.76360383837413,0.216586377894243
"TAATCTCGTATCTTCT-1_1_1_1_1","DC","B-Naive",4.46261068970967,-2.22556183072392
"TACAACGAGAGAGGTA-1_1_1_1_1","DC","B-Naive",0.103338343809131,0.447331216608843
"TACAACGCAAAGTATG-1_1_1_1_1","DC","B-Mye",-0.513649495532032,6.22902181414302
"TACAACGGTGACAGGT-1_1_1_1_1","DC","B-Plasma",11.9611210504274,0.799289327537378
"TACAACGGTGGACTGA-1_1_1_1_1","DC","B-Act1",-2.88295987456035,2.21381368902858
"TACAACGGTGGCAACA-1_1_1_1_1","DC","B-Naive",0.0370424816112555,-0.0413993332034743
"TACACCCGTGTCACAT-1_1_1_1_1","DC","B-Naive",-0.477530183484074,-2.03076121541325
"TACACCCGTTGATCGT-1_1_1_1_1","DC","B-Naive",-0.312831031372067,-0.95152756902043
"TACACCCTCAACTTTC-1_1_1_1_1","DC","B-Naive",-2.00158396570873,-4.67350980969731
"TACACCCTCATGGAGG-1_1_1_1_1","DC","B-Naive",0.379716096232418,1.55014422205623
"TACACCCTCGTTCTCG-1_1_1_1_1","DC","B-Naive",-1.27931967585277,-4.30356237622563
"TACAGGTTCTGTCCCA-1_1_1_1_1","DC","B-Mye",-0.733484717299458,7.08467319277461
"TACATTCAGGTCACAG-1_1_1_1_1","DC","B-Naive",-2.16940263121318,1.66194262770351
"TACATTCCACAGTGAG-1_1_1_1_1","DC","B-Naive",-0.917086215903279,-0.0415163967258132
"TACCCACAGCGATGAC-1_1_1_1_1","DC","B-Act2",5.06859203965474,1.9538328316563
"TACCGAACAAGTGCTT-1_1_1_1_1","DC","B-Naive",-0.705334456851002,-1.66593978139226
"TACCGGGCAATTAGGA-1_1_1_1_1","DC","B-Act1",-5.330405267169,0.373238590037187
"TACCTCGGTTCTCGTC-1_1_1_1_1","DC","B-Naive",-3.6813779196043,-0.527113887990156
"TACCTGCGTGGATCAG-1_1_1_1_1","DC","B-ActMem",3.42799469620991,4.20535614756282
"TACGGGCGTGACTCTA-1_1_1_1_1","DC","B-Act1",-1.79946759550762,0.873396706258615
"TACGTCCAGGAAGAAC-1_1_1_1_1","DC","B-Mye",-0.43043858020496,6.34336879519161
"TACGTCCAGTTAGTAG-1_1_1_1_1","DC","B-Naive",-2.95623329489421,-1.61702725621525
"TACGTCCCACAACATC-1_1_1_1_1","DC","B-Naive",-0.767255516936299,-3.60877296658818
"TACGTCCGTCGACTGC-1_1_1_1_1","DC","B-Naive",3.75831839234639,-0.497830602849165
"TACGTCCTCTGATGGT-1_1_1_1_1","DC","B-Act1",-4.19761041014385,-0.282840344632307
"TACTTACCATCGCTAA-1_1_1_1_1","DC","B-Naive",-1.82269755213451,-4.39454433652226
"TACTTACGTCCACGCA-1_1_1_1_1","DC","B-Naive",3.76033779771138,-1.17876360150639
"TACTTCATCGATAACC-1_1_1_1_1","DC","B-Naive",-0.0751123784382307,-4.29271290036503
"TACTTGTCACTACAGT-1_1_1_1_1","DC","B-Naive",1.65543433816243,-2.64468357297246
"TAGACCAAGTCTTCGA-1_1_1_1_1","DC","B-Naive",-1.76881411879253,1.81852057245906
"TAGATCGAGTGGTTGG-1_1_1_1_1","DC","B-Act2",4.55051943452168,1.99859836367305
"TAGATCGCATTACTCT-1_1_1_1_1","DC","B-Naive",5.08272167832661,-1.82376715871159
"TAGCACAAGACTTGTC-1_1_1_1_1","DC","B-Naive",4.49128386170674,-1.95979950162236
"TAGCACAAGGACAACC-1_1_1_1_1","DC","B-Naive",-1.67004254667949,-3.94713422986333
"TAGCACACAATGTGGG-1_1_1_1_1","DC","B-Naive",3.92109820039082,-0.650866481984297
"TAGCACAGTGGTGATG-1_1_1_1_1","DC","B-Naive",3.51053020150471,-0.88588294717137
"TAGGAGGCACATACGT-1_1_1_1_1","DC","B-Naive",0.661128548691753,1.36191928056415
"TAGGAGGGTGGTTTAC-1_1_1_1_1","DC","B-Naive",1.51781603486348,-1.0473074648029
"TAGGGTTCATGAGATA-1_1_1_1_1","DC","B-Naive",2.16478773743916,-1.03176090451543
"TAGGGTTTCGGACTGC-1_1_1_1_1","DC","B-Naive",4.77712532670308,-1.97250053616826
"TAGGTACTCCGCAACG-1_1_1_1_1","DC","B-Naive",-0.0331941789288485,-3.02643272610966
"TAGTGCAAGCCGTTGC-1_1_1_1_1","DC","B-Naive",-0.709681423594471,0.0228042867534959
"TAGTGCATCAGGACGA-1_1_1_1_1","DC","B-Naive",-0.825645776679035,0.726105835711321
"TATACCTAGGTGCAGT-1_1_1_1_1","DC","B-Naive",-1.23371532767009,-3.57082388135258
"TATACCTCAGGTCAAG-1_1_1_1_1","DC","B-Naive",-0.604159923483845,-3.03075000974003
"TATATCCAGCTACAAA-1_1_1_1_1","DC","B-Naive",0.276412872384075,0.0872124102466905
"TATCAGGCAGCATTGT-1_1_1_1_1","DC","B-ActMem",2.94842669160176,4.07775428560909
"TATCCTAAGCCGTTGC-1_1_1_1_1","DC","B-Naive",2.33521720559407,-1.47244093152348
"TATCGCCGTGGGAGAG-1_1_1_1_1","DC","B-Naive",4.24327322633076,-2.86992499562565
"TATCTGTGTACTGGGA-1_1_1_1_1","DC","B-Naive",-0.211835043718334,-2.44172403546635
"TATCTTGCATCGGAAG-1_1_1_1_1","DC","B-Act1",-5.07624247877788,1.55526348618205
"TATGTTCAGCTTCGTA-1_1_1_1_1","DC","B-Act1",-4.86581519453716,0.558472361838182
"TATTCCAGTGTGCTTA-1_1_1_1_1","DC","B-Naive",-0.247691365172383,0.12517252234157
"TATTGCTAGGGCGAGA-1_1_1_1_1","DC","B-Naive",-1.25862506239605,-0.918765279973189
"TATTGCTGTATGTCAC-1_1_1_1_1","DC","B-Naive",-0.656897099902149,1.21784698632892
"TATTGGGGTCCTCCTA-1_1_1_1_1","DC","B-Naive",-0.0895365180720055,-2.56921264859501
"TATTGGGGTGTTCATG-1_1_1_1_1","DC","B-Naive",1.86754390389729,2.84905460146602
"TCAAGACAGATGTAGT-1_1_1_1_1","DC","B-Naive",-2.92268327086162,0.107319858347734
"TCAAGCAAGATGTTCC-1_1_1_1_1","DC","B-Naive",-0.577896835495945,-2.64595124455754
"TCAAGCATCAACCGAT-1_1_1_1_1","DC","B-Naive",-3.22629097311687,-0.154617163861433
"TCAAGCATCTCATAGG-1_1_1_1_1","DC","B-Naive",4.45527311951924,-1.69366190167729
"TCAATCTCACTTCAGA-1_1_1_1_1","DC","B-Act1",-5.20642188399028,1.5343929794186
"TCAATTCAGAATACAC-1_1_1_1_1","DC","B-Naive",-0.319893019487377,-1.09321138593022
"TCAATTCAGTACGAGC-1_1_1_1_1","DC","B-Naive",-0.393843235661503,-0.495357486928145
"TCAATTCCAAACTCGT-1_1_1_1_1","DC","B-ActMem",3.34728905350972,4.5350203779095
"TCAATTCTCGAAATCC-1_1_1_1_1","DC","B-Naive",2.32539388329792,-0.558671090329329
"TCACACCAGATGGTAT-1_1_1_1_1","DC","B-Naive",3.09698149354267,-0.506198618138472
"TCACATTTCTGCTCTG-1_1_1_1_1","DC","B-Naive",1.13811191708851,-3.25810215207402
"TCACGGGCAAGGACAC-1_1_1_1_1","DC","B-Plasma",11.8615908303957,0.889919501220545
"TCACGGGGTGCTGATT-1_1_1_1_1","DC","B-Naive",-0.875964792658802,-1.90684148999516
"TCACTATGTCGACTTA-1_1_1_1_1","DC","B-Act2",3.82058021218586,2.5839511421078
"TCACTCGAGTCTGCAT-1_1_1_1_1","DC","B-Naive",-2.13639572470379,-4.11884138318364
"TCAGGGCAGGCTAACG-1_1_1_1_1","DC","B-Naive",-0.853846879889485,1.55714258221324
"TCAGTCCAGGCCACCT-1_1_1_1_1","DC","B-Naive",2.00617763192463,-1.11636445256535
"TCAGTCCAGTACGAGC-1_1_1_1_1","DC","B-Act1",0.464912501881603,2.18853094843562
"TCAGTCCTCTCACTCG-1_1_1_1_1","DC","B-Act1",-4.13486960737896,-1.23884746762578
"TCAGTGAAGCCACTCG-1_1_1_1_1","DC","B-Naive",-3.11505249350261,-2.45641276570622
"TCATACTGTATGCTTG-1_1_1_1_1","DC","B-Naive",-0.768650146414753,-0.603357765401045
"TCATATCCAATTCGTG-1_1_1_1_1","DC","B-Act1",-4.20008614866924,-0.00901398392979269
"TCATATCCACTAGGCC-1_1_1_1_1","DC","B-Act2",4.98139139802266,0.945545662617048
"TCATCATCAACTTGCA-1_1_1_1_1","DC","B-Naive",-2.09411612360668,-0.600743267262617
"TCATCCGGTCATCACA-1_1_1_1_1","DC","B-Naive",-1.71666434614849,-3.69642326566044
"TCATGAGGTGTTACAC-1_1_1_1_1","DC","B-Naive",3.98217150361348,0.427376356398424
"TCATGCCAGGATATAC-1_1_1_1_1","DC","B-Naive",-3.02934029905986,-3.85574743481938
"TCATGTTCACAATGAA-1_1_1_1_1","DC","B-Naive",0.574756113598827,-1.18525931569401
"TCATGTTCACCCTTAC-1_1_1_1_1","DC","B-Act2",4.53102680833149,0.970610972916444
"TCATGTTGTTGCAACT-1_1_1_1_1","DC","B-Naive",0.371376333544735,-3.75977060529057
"TCATGTTTCGTTCTGC-1_1_1_1_1","DC","B-Naive",-0.272110002328869,-4.22556516858403
"TCATTACTCGATACAC-1_1_1_1_1","DC","B-Plasma",12.2472290673952,0.48543646601375
"TCCACCACAAGGCGTA-1_1_1_1_1","DC","B-Naive",-1.69291761725139,-0.600151869977156
"TCCACCAGTCATCCCT-1_1_1_1_1","DC","B-Naive",-2.38947990744304,-4.33028433057133
"TCCACCATCCCTCGAT-1_1_1_1_1","DC","B-Naive",-1.00964752047252,-3.20581695767705
"TCCACGTTCAGAGCGA-1_1_1_1_1","DC","B-Act1",-5.30180791228008,1.5837680962437
"TCCAGAACACGGCCAT-1_1_1_1_1","DC","B-Naive",-2.35660293905925,-3.8717019292957
"TCCAGAATCGAGTCCG-1_1_1_1_1","DC","B-Naive",0.463863221714977,0.728330787693819
"TCCATCGCATCAGCAT-1_1_1_1_1","DC","B-Naive",2.45157906205464,1.69101521042522
"TCCATCGGTCGCATTA-1_1_1_1_1","DC","B-Naive",1.26658054978657,-0.390755388463179
"TCCATGCCATCGGATT-1_1_1_1_1","DC","B-Naive",0.330975053618435,-2.77573630544011
"TCCATGCTCTGCCTGT-1_1_1_1_1","DC","B-Naive",1.98577615411091,0.750890430485567
"TCCATGCTCTTCGTAT-1_1_1_1_1","DC","B-Naive",-3.87688759176921,-2.50510236951176
"TCCCATGGTGACGTCC-1_1_1_1_1","DC","B-Naive",-0.170328268994805,1.63483127621349
"TCCCATGTCTCATGGA-1_1_1_1_1","DC","B-Naive",-0.569117101122853,1.41828572419818
"TCCGAAAAGCCGAACA-1_1_1_1_1","DC","B-Naive",-3.16314104407024,-1.07103941174809
"TCCGAAACAGAACGCA-1_1_1_1_1","DC","B-ActMem",3.32889005334187,4.31986954477962
"TCCGATCGTCCCTCAT-1_1_1_1_1","DC","B-Act1",-3.25528839438152,0.680669870650133
"TCCGGGATCATTCTTG-1_1_1_1_1","DC","B-Naive",-1.82547179072094,0.618112948214372
"TCCTCCCAGTACAGCG-1_1_1_1_1","DC","B-Naive",-0.0454065149922335,1.21998025146659
"TCCTCGAAGCGAAACC-1_1_1_1_1","DC","B-Naive",1.02911111504841,-0.143651101315657
"TCCTCGACACAGTGAG-1_1_1_1_1","DC","B-Naive",0.0826244780521429,-0.850181195462385
"TCCTCGATCATTGCCC-1_1_1_1_1","DC","B-Naive",-2.21539119093609,-3.55747720929448
"TCCTCTTCATAATCGC-1_1_1_1_1","DC","B-Naive",-2.33250597326946,-3.04167244168584
"TCCTCTTGTCATAAAG-1_1_1_1_1","DC","B-Naive",-1.72843960135173,-4.47056219312016
"TCCTCTTGTTAAGACA-1_1_1_1_1","DC","B-Naive",-1.02845391838741,-3.74531719418828
"TCCTGCAGTACCGGAA-1_1_1_1_1","DC","B-Naive",-0.356300326277729,-1.01877138348881
"TCCTTCTTCGAATCCA-1_1_1_1_1","DC","B-Naive",-0.403265299489018,-1.71634218427006
"TCGAACATCAACCTTT-1_1_1_1_1","DC","B-Naive",3.77446028382588,-2.88890883656804
"TCGAAGTCAGTCGCTG-1_1_1_1_1","DC","B-Naive",-1.93954399435711,0.643392738377413
"TCGACCTCACAGAAGC-1_1_1_1_1","DC","B-Mye",-0.323128121187206,6.37224271563228
"TCGACGGAGAGGTGCT-1_1_1_1_1","DC","B-Naive",-0.682023855139729,-0.636351558888594
"TCGACGGGTATGGGAC-1_1_1_1_1","DC","B-Naive",-0.826104613234516,-0.661529633725325
"TCGATTTTCCTATGGA-1_1_1_1_1","DC","B-Act1",-5.16002515165996,-0.598070118153731
"TCGCACTGTCAACCTA-1_1_1_1_1","DC","B-Naive",-0.312898712446209,-3.42834732266728
"TCGCAGGAGCGTCAGA-1_1_1_1_1","DC","B-Naive",-2.54975107519817,0.235790934836229
"TCGCAGGCACCTCGTT-1_1_1_1_1","DC","B-Naive",5.05884930283833,-0.342378589833418
"TCGCAGGGTCGAACAG-1_1_1_1_1","DC","B-Naive",2.35098597199726,-1.2925410005695
"TCGCTCACACCTGCGA-1_1_1_1_1","DC","B-Naive",5.04265782029438,-1.6134867403156
"TCGCTTGGTACCTATG-1_1_1_1_1","DC","B-Naive",-2.9767332395811,-1.89245149823491
"TCGGATACACCCATAA-1_1_1_1_1","DC","B-Naive",4.78699728638935,-1.30431482526127
"TCGGGACAGTCGGCCT-1_1_1_1_1","DC","B-ActMem",3.07919236810017,4.70374586847957
"TCGGGCACACATACTG-1_1_1_1_1","DC","B-Naive",4.01852795274067,-1.02297064992253
"TCGGGCACACGTACAT-1_1_1_1_1","DC","B-Naive",0.652102974961284,-0.690290543759505
"TCGGGCACATATGCGT-1_1_1_1_1","DC","B-Naive",4.51631638200093,-0.919174048627058
"TCGGTCTGTCGCAACC-1_1_1_1_1","DC","B-Act1",-2.49749306051921,-0.81953248711888
"TCGTCCATCCACCCTA-1_1_1_1_1","DC","B-Naive",-3.15615633337688,-0.664938780987898
"TCGTGCTCACAATGTC-1_1_1_1_1","DC","B-Naive",0.3865627923708,1.98049047259029
"TCTACATGTTTACTTC-1_1_1_1_1","DC","B-Naive",-2.05412486403179,-2.5789408418781
"TCTACCGCAGCCTACG-1_1_1_1_1","DC","B-Act1",-5.00974944441509,0.892996591007074
"TCTACCGGTCGGATTT-1_1_1_1_1","DC","B-Naive",1.52434000165272,2.52338865069087
"TCTATACCAACACGTT-1_1_1_1_1","DC","B-Naive",2.96623465211201,-2.89073893758122
"TCTATCATCATTTCGT-1_1_1_1_1","DC","B-Naive",1.87589093835163,-3.40604850980107
"TCTCACGGTCGTCAGC-1_1_1_1_1","DC","B-Naive",-0.982442053248402,-1.95639273854558
"TCTCAGCGTTGCTGAT-1_1_1_1_1","DC","B-Naive",-0.137818742756959,0.213892128741106
"TCTCTGGTCGTCTAAG-1_1_1_1_1","DC","B-Act1",-2.50258115141582,1.77361657885249
"TCTGCCAAGGACATCG-1_1_1_1_1","DC","B-Naive",-2.37741211264324,-2.00233456822697
"TCTGGCTCACAGTCAT-1_1_1_1_1","DC","B-Naive",-1.48643878309917,-2.29245183202092
"TCTGGCTGTGCGACAA-1_1_1_1_1","DC","B-Naive",-3.21306994764995,-1.42682239743535
"TCTTAGTGTTTGACAC-1_1_1_1_1","DC","B-Naive",-1.27576974241924,0.725420114075502
"TCTTCCTCAGTGTACT-1_1_1_1_1","DC","B-Naive",-2.15671566336345,-1.86160418721501
"TCTTCCTCATAGAATG-1_1_1_1_1","DC","B-Naive",-0.0972624851663076,-2.10614678593938
"TCTTTGACAGTCACGC-1_1_1_1_1","DC","B-Naive",0.516669062684063,-3.10113975735966
"TGAACGTGTCGTGGAA-1_1_1_1_1","DC","B-Act1",-4.44960263579082,1.15303326067861
"TGAACGTGTGGTCCGT-1_1_1_1_1","DC","B-Naive",-1.8210001310606,-0.860380265439192
"TGAATCGAGAAGCCAC-1_1_1_1_1","DC","B-Naive",0.092512337277416,-0.631624314511458
"TGAATCGAGCGCTGAA-1_1_1_1_1","DC","B-Naive",-0.831100793768879,1.72149738339122
"TGAATCGCACCATATG-1_1_1_1_1","DC","B-Naive",-0.453815402676579,-0.713124367917219
"TGAATCGGTGGCTTGC-1_1_1_1_1","DC","B-Act1",-4.46863988249492,2.03893574742015
"TGACAGTTCGAGTCTA-1_1_1_1_1","DC","B-Act1",-4.03920057623577,-0.161083314145247
"TGACCCTGTCCGTTTC-1_1_1_1_1","DC","B-Act1",-1.3207342943449,2.26789155272182
"TGACCCTGTTTCCAAG-1_1_1_1_1","DC","B-Naive",0.248252300332073,1.13836685982879
"TGACGCGCATGCGTGC-1_1_1_1_1","DC","B-Act2",4.65178343446064,1.85491290358241
"TGACGCGTCATGAGGG-1_1_1_1_1","DC","B-Naive",2.26250430733967,1.85415741470989
"TGAGACTAGCGCAATG-1_1_1_1_1","DC","B-Act1",-2.69615939467144,1.81171539095577
"TGAGACTGTAACGTTC-1_1_1_1_1","DC","B-Naive",-1.89361837713909,-2.61156079503361
"TGAGCATTCCCGTGAG-1_1_1_1_1","DC","B-Naive",4.66235777528096,-2.27619764539067
"TGAGCGCCAGTATGAA-1_1_1_1_1","DC","B-Naive",2.29544421822834,-0.461889002049605
"TGAGCGCCATGGAGAC-1_1_1_1_1","DC","B-Naive",-2.3907592615385,1.50490685967143
"TGAGGAGAGCGATGCA-1_1_1_1_1","DC","B-Naive",-1.44146147577953,-1.36822769376103
"TGAGGAGTCGGTAACT-1_1_1_1_1","DC","B-Act2",5.19598433167744,2.09268501070674
"TGAGGGAAGATCGCTT-1_1_1_1_1","DC","B-Act1",-3.35363987295818,1.78541168240245
"TGAGTCAGTACGTAGG-1_1_1_1_1","DC","B-Act1",-1.78980639784526,2.18381979731258
"TGATCAGAGGAAGTGA-1_1_1_1_1","DC","B-Naive",1.10520812661457,0.747394975697359
"TGATCAGCATAGTCGT-1_1_1_1_1","DC","B-Act1",-5.13995698301983,1.69991704491313
"TGATCTTTCCCAGGAC-1_1_1_1_1","DC","B-Naive",-0.191949920942303,1.53328850535091
"TGATGCAAGGGTGGGA-1_1_1_1_1","DC","B-Naive",0.906592575619701,1.20467100707229
"TGATGCAGTTCCGCAG-1_1_1_1_1","DC","B-Act1",-4.34480622618389,0.0490386751049363
"TGATGCATCTGGGAGA-1_1_1_1_1","DC","B-Naive",-0.386353554417607,1.9926597144955
"TGATGGTGTGCTCTCT-1_1_1_1_1","DC","B-Naive",-2.35977128355693,-3.1837455961353
"TGATTCTCAGGACTAG-1_1_1_1_1","DC","B-Naive",0.804398922036175,-0.903997275555769
"TGATTCTTCTCTATAC-1_1_1_1_1","DC","B-Naive",-1.29281929342937,-2.6186227533466
"TGATTTCGTAGAGCTG-1_1_1_1_1","DC","B-Act1",-3.23328379004192,1.48993020919498
"TGCAGATAGCCACTCG-1_1_1_1_1","DC","B-Naive",-1.62787893622112,-0.270582411015669
"TGCAGATCAACACTAC-1_1_1_1_1","DC","B-Naive",-1.80637601225567,-0.0797613594180739
"TGCAGTAAGCACTTTG-1_1_1_1_1","DC","B-Naive",0.0144505629043615,0.159542587076982
"TGCAGTACACGACGTC-1_1_1_1_1","DC","B-Naive",1.44737073571492,-0.4071947071201
"TGCAGTAGTTACAGCT-1_1_1_1_1","DC","B-Naive",5.05973860413838,-2.1362066003925
"TGCATCCCATCCGTGG-1_1_1_1_1","DC","B-Naive",-0.143232586075779,-0.102721545422713
"TGCATCCCATGTAACC-1_1_1_1_1","DC","B-Act1",4.18959042222309,1.5922862556332
"TGCATCCTCGGCTTGG-1_1_1_1_1","DC","B-Naive",2.96802612931538,4.16133787897762
"TGCATGAGTTAACCTG-1_1_1_1_1","DC","B-Naive",-0.511665048291203,-1.83491775723759
"TGCCGAGTCCGTAATG-1_1_1_1_1","DC","B-Naive",-1.99058285563182,-1.7670807573444
"TGCGATAAGTCCCGAC-1_1_1_1_1","DC","B-Naive",1.59866580159474,-1.80589935513798
"TGCGGCAAGTACTGGG-1_1_1_1_1","DC","B-Act2",3.96904894501973,2.41064288881954
"TGCGGCATCCCTTCCC-1_1_1_1_1","DC","B-Act1",-3.39852288572979,1.84770497349437
"TGCGGGTTCCAACCGG-1_1_1_1_1","DC","B-ActMem",3.43949648530293,3.93728592661556
"TGCGGGTTCGCAACAT-1_1_1_1_1","DC","B-Naive",-1.61125901549053,-0.81168541642491
"TGCTCCACAAGGTTGG-1_1_1_1_1","DC","B-Naive",-1.12556985228252,0.496158089911302
"TGCTCCACACCAGTTA-1_1_1_1_1","DC","B-Naive",-0.948496790816303,-3.82989141675297
"TGCTCGTAGTGGAATT-1_1_1_1_1","DC","B-Naive",0.133990375111584,-3.05242082806889
"TGCTGAATCTTTCCAA-1_1_1_1_1","DC","B-ActMem",3.40380450875569,3.33167841700252
"TGCTTCGAGAGCCATG-1_1_1_1_1","DC","B-Naive",-0.753403278281208,-0.00213167401615744
"TGGAACTCAGCCTTCT-1_1_1_1_1","DC","B-Naive",0.841473487923626,-2.06248018475834
"TGGAGGATCTTGTGCC-1_1_1_1_1","DC","B-Naive",-0.533842029263493,1.29306912091907
"TGGATCAAGCAACAAT-1_1_1_1_1","DC","B-Act1",-1.23421398012828,0.300738182341417
"TGGATGTTCATGCCCT-1_1_1_1_1","DC","B-Naive",-1.41453352778148,-3.02463028165166
"TGGGAAGAGCGGTAAC-1_1_1_1_1","DC","B-Naive",1.78486761243153,1.2380797531956
"TGGGAAGTCGGCATAT-1_1_1_1_1","DC","B-Naive",-0.157194970389124,1.0973597545677
"TGGGAAGTCTTGGTGA-1_1_1_1_1","DC","B-Act1",-4.54250958769512,0.365935530936083
"TGGGAGAAGTCTAGCT-1_1_1_1_1","DC","B-Naive",-1.15607574789714,0.614243086850008
"TGGGAGACATCTGTTT-1_1_1_1_1","DC","B-Naive",2.98389717728901,2.55339005259212
"TGGGAGATCGTAGCCG-1_1_1_1_1","DC","B-Naive",3.11660739571858,0.871845778500398
"TGGGAGATCTACTCAT-1_1_1_1_1","DC","B-Act1",-5.27025178282451,2.20183589724239
"TGGGATTTCCTCTGCA-1_1_1_1_1","DC","B-Naive",1.07304081113148,-0.00338861676518087
"TGGGCGTGTCCTGTCT-1_1_1_1_1","DC","B-Act1",-1.82428303568554,2.53308787611659
"TGGTAGTCAGTCAACT-1_1_1_1_1","DC","B-Naive",-0.835117491175648,-4.08252498837773
"TGGTAGTGTAGCACAG-1_1_1_1_1","DC","B-Naive",-1.90699318258953,0.630480137144884
"TGGTGATAGCCAGAGT-1_1_1_1_1","DC","B-Naive",-0.497549655129429,-1.03370711537663
"TGTAAGCTCACTGTTT-1_1_1_1_1","DC","B-Naive",-1.00131014197063,-1.68550178738896
"TGTAAGCTCGCTGACG-1_1_1_1_1","DC","B-Naive",-1.26963833182048,0.20023503569301
"TGTACAGAGTTTGAGA-1_1_1_1_1","DC","B-Naive",0.194690881083492,1.88082143334087
"TGTACAGTCTGCGGGT-1_1_1_1_1","DC","B-Naive",-1.01913884489727,-0.73505446645085
"TGTCAGACACATGTTG-1_1_1_1_1","DC","B-Naive",0.923001495907787,1.64055695799526
"TGTCCACGTAACATGA-1_1_1_1_1","DC","B-Naive",-1.92579546778392,-1.40514728757207
"TGTCCTGCACTTGAAC-1_1_1_1_1","DC","B-Naive",0.394195047924999,0.693168398415407
"TGTCCTGGTTAGCGGA-1_1_1_1_1","DC","B-Naive",0.825532821724895,0.510568764483293
"TGTGAGTCACGGTGAA-1_1_1_1_1","DC","B-Naive",-3.52914360373211,-0.507543656552473
"TGTGAGTTCACAATGC-1_1_1_1_1","DC","B-Naive",-3.06095507948589,0.406438734804949
"TGTGATGTCGGACTGC-1_1_1_1_1","DC","B-Naive",-3.19709137289714,-1.63483783932988
"TGTGGCGGTGTGCCTG-1_1_1_1_1","DC","B-Naive",-1.86127904265117,0.142530110155901
"TGTGTGACACCGTCTT-1_1_1_1_1","DC","B-Naive",-0.387836011340138,1.54526045588191
"TGTGTGAGTTTCTTAC-1_1_1_1_1","DC","B-Act2",3.82168933541584,2.66501989630397
"TGTTACTGTTAGGACG-1_1_1_1_1","DC","B-Naive",2.68838593156147,2.27999582556423
"TGTTCCGCAGAAGTTA-1_1_1_1_1","DC","B-Naive",1.90732809693623,2.33182957438167
"TGTTCCGGTAGCACAG-1_1_1_1_1","DC","B-Naive",1.02074298054982,2.5151993301266
"TGTTCTACATTCAGGT-1_1_1_1_1","DC","B-ActMem",2.3057636895876,5.24447229174312
"TGTTCTAGTCAAGCCC-1_1_1_1_1","DC","B-Mye",-0.415096225430485,6.33659198549922
"TGTTGAGGTCAAGCGA-1_1_1_1_1","DC","B-Naive",4.45472046525288,-2.07898542615239
"TGTTGAGTCACTGCTC-1_1_1_1_1","DC","B-ActMem",4.36008450181294,5.46746089724239
"TGTTGAGTCCGCAACG-1_1_1_1_1","DC","B-Naive",1.37635513932515,-0.751842591488997
"TGTTGGAAGGTCGACA-1_1_1_1_1","DC","B-Naive",1.16193792016316,1.90919461516078
"TGTTTGTAGAAGGCTC-1_1_1_1_1","DC","B-Naive",2.28682777077961,-0.329121682370344
"TTACCATCAGATAAAC-1_1_1_1_1","DC","B-Act1",-4.59396699278545,-0.37867555352513
"TTACCATTCCGAGGCT-1_1_1_1_1","DC","B-Naive",-2.10570875017833,-1.73688981267277
"TTACCGCGTTGCCATA-1_1_1_1_1","DC","B-Plasma",12.1556591668825,0.600435849701723
"TTACGCCCAACCTATG-1_1_1_1_1","DC","B-Naive",-3.36934855787944,-1.5709776613361
"TTACGCCTCGTTGTAG-1_1_1_1_1","DC","B-Naive",-1.33368721811962,-0.10886833401982
"TTAGGGTAGCCTCATA-1_1_1_1_1","DC","B-Act1",-3.1832306703825,-0.721127125943342
"TTAGTCTCATAACTCG-1_1_1_1_1","DC","B-Naive",-3.38850739805889,0.863749158059915
"TTAGTCTGTTCAGCTA-1_1_1_1_1","DC","B-Naive",-3.27427438109111,-0.979306194508711
"TTAGTCTTCCGATGTA-1_1_1_1_1","DC","B-Naive",-2.86780169813823,0.20219352511104
"TTATTGCGTCGTACAT-1_1_1_1_1","DC","B-Naive",-2.60787657110881,-0.87944230767552
"TTCACCGCACCGTGGT-1_1_1_1_1","DC","B-Naive",2.75775286347676,-0.912364337170759
"TTCACCGGTGTCATGT-1_1_1_1_1","DC","B-Act1",-0.399167033125874,0.774986412798723
"TTCACGCCAGTTGCGC-1_1_1_1_1","DC","B-Act1",-4.60386184065532,1.50503903297122
"TTCACGCGTGCTTCAA-1_1_1_1_1","DC","B-Naive",-1.02375063507747,0.177533414637407
"TTCAGGAAGCATGCGA-1_1_1_1_1","DC","B-Naive",-0.431056412150379,0.716273632323106
"TTCAGGAAGGGAACAA-1_1_1_1_1","DC","B-Act2",4.81808849961567,1.34475487140354
"TTCATGTCAATCGTCA-1_1_1_1_1","DC","B-Naive",-0.813050599982258,-3.84785244199101
"TTCATGTTCAAATGAG-1_1_1_1_1","DC","B-Naive",-1.77345040648174,-3.58865759106938
"TTCATTGAGACAGCGT-1_1_1_1_1","DC","B-Naive",-0.00478378145885106,-0.0590651962405837
"TTCATTGAGACTTGTC-1_1_1_1_1","DC","B-Naive",4.27835079819966,-2.26886651250188
"TTCATTGCAAATTGCC-1_1_1_1_1","DC","B-Naive",-1.729748519351,-2.31662008496586
"TTCCAATTCGACACCG-1_1_1_1_1","DC","B-Naive",0.456382302353863,-3.00044080945317
"TTCCACGCATCTCATT-1_1_1_1_1","DC","B-Naive",-0.453626187731739,-4.28581735822026
"TTCCGGTGTTTGAACC-1_1_1_1_1","DC","B-Naive",2.38165566117573,0.812224891459306
"TTCCGTGAGAGTGTGC-1_1_1_1_1","DC","B-Naive",2.40237781197834,2.57608607081111
"TTCCTAACACCAGTAT-1_1_1_1_1","DC","B-Naive",-0.392580660273548,-1.76722595425908
"TTCCTAATCAGATTGC-1_1_1_1_1","DC","B-Naive",-1.42315772383403,-3.71697160931889
"TTCCTAATCTATGTGG-1_1_1_1_1","DC","B-Act1",-5.85781529753399,2.00710650948223
"TTCCTCTGTCTACAGT-1_1_1_1_1","DC","B-Act1",-5.70103886931133,0.332336988722643
"TTCCTTCAGTGATGGC-1_1_1_1_1","DC","B-Naive",-2.91651681273174,-2.46002099248234
"TTCCTTCGTCATACCA-1_1_1_1_1","DC","B-Act1",-4.0736947378416,0.146998193537554
"TTCGCTGCACACCTAA-1_1_1_1_1","DC","B-Naive",-3.43516400664043,-3.37056371899907
"TTCGCTGCATGATGCT-1_1_1_1_1","DC","B-Naive",-0.706568213393208,-4.35326788159672
"TTCGCTGGTGACCGAA-1_1_1_1_1","DC","B-Naive",-3.14292410223674,-0.457979771817366
"TTCGCTGTCGCTCCTA-1_1_1_1_1","DC","B-Naive",-2.95095089285564,-2.2072617742664
"TTCTAACAGCTAGATA-1_1_1_1_1","DC","B-Naive",2.1192071119051,1.88744124439891
"TTCTCTCAGGTTGTTC-1_1_1_1_1","DC","B-Naive",-1.26970616190624,-4.22668716641728
"TTCTCTCAGTTGCTCA-1_1_1_1_1","DC","B-Naive",-1.76834848730755,-3.28538343640629
"TTCTCTCTCCCGTTCA-1_1_1_1_1","DC","B-Mye",-0.30797147958469,7.19181993273433
"TTCTGTAAGTCCGTCG-1_1_1_1_1","DC","B-Act1",-3.11292413084697,1.04702538573529
"TTCTGTAGTCACTTCC-1_1_1_1_1","DC","B-Naive",-4.10197070448589,-1.61925170155827
"TTCTTCCGTAGTCTTG-1_1_1_1_1","DC","B-Mye",-0.526888640810963,7.06819513109859
"TTCTTCCTCCATCGTC-1_1_1_1_1","DC","B-Naive",-1.08530381529522,-4.75607893201176
"TTCTTCCTCCCGAGGT-1_1_1_1_1","DC","B-Naive",0.605735210488323,-4.12997934552495
"TTGACCCCATCGCTCT-1_1_1_1_1","DC","B-Naive",-0.25094454198074,0.935251418923696
"TTGACCCGTAAGTAGT-1_1_1_1_1","DC","B-Naive",-0.253403263380047,5.34960153368648
"TTGACCCTCTGTAACG-1_1_1_1_1","DC","B-Naive",1.68739732892323,-1.52506873341862
"TTGAGTGGTGGATGAC-1_1_1_1_1","DC","B-Naive",1.47687384278584,0.925443951463064
"TTGCATTTCGTGTGGC-1_1_1_1_1","DC","B-Naive",0.647435633252147,0.788327392613252
"TTGCCTGCAGTTGAAA-1_1_1_1_1","DC","B-Naive",4.6120094934206,-0.483993742192427
"TTGCCTGTCTCTGAGA-1_1_1_1_1","DC","B-Naive",1.08070918710041,-1.1184801790363
"TTGCGTCCAACGGGTA-1_1_1_1_1","DC","B-Naive",-1.39720955698681,-1.46583912106816
"TTGCTGCCACAAAGCG-1_1_1_1_1","DC","B-Naive",4.89660402924824,-2.11801001759831
"TTGCTGCTCCATCTGC-1_1_1_1_1","DC","B-Naive",-3.2896211466093,-2.60334870549504
"TTGGGCGAGTAGGCCA-1_1_1_1_1","DC","B-ActMem",3.82259937913227,5.23445394304927
"TTGGGTAAGCGGTAAC-1_1_1_1_1","DC","B-Plasma",12.0710091272097,0.618148532187303
"TTGGGTACACTCCTTG-1_1_1_1_1","DC","B-Naive",-0.937228294302937,-0.828389260495344
"TTGTTGTAGTCGGCCT-1_1_1_1_1","DC","B-Naive",0.764747349331859,1.21688826051887
"TTGTTTGAGCCATTGT-1_1_1_1_1","DC","B-Naive",0.809356299946789,-2.92775413724248
"TTGTTTGGTTTGTGGT-1_1_1_1_1","DC","B-Naive",-1.03774824946117,-4.08420440884892
"TTTACCACACTTGGGC-1_1_1_1_1","DC","B-Naive",4.17003580720234,-0.88175377579991
"TTTACGTAGGCCTAAG-1_1_1_1_1","DC","B-Naive",0.145068345377926,0.400693383490404
"TTTACTGGTACAATAG-1_1_1_1_1","DC","B-Act2",5.09928652436543,2.14459147719081
"TTTACTGGTACAGTAA-1_1_1_1_1","DC","B-Naive",-1.97904983370494,0.235638942992052
"TTTAGTCGTATGCTAC-1_1_1_1_1","DC","B-Naive",-2.46934035628032,-0.702851388180891
"TTTCAGTCAGTATACC-1_1_1_1_1","DC","B-Naive",-1.66873374788952,-2.84443495007817
"TTTCAGTGTGGTTTAC-1_1_1_1_1","DC","B-Naive",-0.945713373114582,-2.03987023564641
"TTTCAGTTCAGACATC-1_1_1_1_1","DC","B-Naive",3.69744631440449,-1.78055569859807
"TTTCATGCACCGTGGT-1_1_1_1_1","DC","B-Naive",1.26715346963215,-2.41037699910466
"TTTCCTCGTGTTAACC-1_1_1_1_1","DC","B-Naive",1.60132965237904,0.284698930060228
"TTTCGATAGCCATTGT-1_1_1_1_1","DC","B-Naive",-0.82697537749004,0.38275548485454
"TTTGATCAGAACTGAT-1_1_1_1_1","DC","B-ActMem",2.69333478600788,4.72673108843501
"TTTGATCGTTATGACC-1_1_1_1_1","DC","B-Naive",-2.21343854277324,-1.85586402150456
"TTTGGAGTCGTCCTTG-1_1_1_1_1","DC","B-Naive",1.12519821317006,1.55239519146617
"TTTGGTTTCTGGGTCG-1_1_1_1_1","DC","B-Naive",-2.65226534216594,-0.753985378468672
"TTTGTTGCATCCGGTG-1_1_1_1_1","DC","B-Mye",-0.625418277670857,7.72609212664302
"ACCCTCAGTATTAAGG-1_2_1_1_1","DC","B-Naive",0.389926520894054,-3.65511247845952
"ACCCTCAGTGGTCTAT-1_2_1_1_1","DC","B-ActMem",2.99041411073017,3.79089024332698
"ACCTACCCAAACCGGA-1_2_1_1_1","DC","B-Naive",-1.44662097304058,-2.32261416646306
"ACCTGAAGTAAGGTCG-1_2_1_1_1","DC","B-Naive",3.21787234933186,-1.24317571851079
"ACCTGAATCATTACTC-1_2_1_1_1","DC","B-Act1",-4.12106231062603,-1.72722503873173
"ACCTGTCCACTACTTT-1_2_1_1_1","DC","B-Naive",-0.805089028765675,-4.09813759061162
"ACCTGTCTCATGGAGG-1_2_1_1_1","DC","B-Act1",-2.71338036863994,0.0652813580387437
"ACCTGTCTCGGTGCAC-1_2_1_1_1","DC","B-Plasma",11.8055386224489,0.930040251886209
"ACGATCAGTACGACAG-1_2_1_1_1","DC","B-Naive",2.8077487626772,-0.329401108945051
"ACGATGTGTTGTGCAT-1_2_1_1_1","DC","B-Naive",1.04634293706227,1.9992606904858
"ACGGTCGAGGCTTAAA-1_2_1_1_1","DC","B-Naive",-2.29127362578106,1.02161300038334
"ACGTAGTTCTCAACGA-1_2_1_1_1","DC","B-Act1",-1.28105536310863,2.62332906988796
"ACGTTCCGTTCGGACC-1_2_1_1_1","DC","B-Naive",3.02216645867634,0.186931636607012
"ACTACGAAGGAAAGAC-1_2_1_1_1","DC","B-Naive",-2.63496211378765,-1.99940511914555
"ACTATGGCACCGTGCA-1_2_1_1_1","DC","B-Naive",-0.398222895552632,1.23304640916522
"ACTATGGTCCCAGGAC-1_2_1_1_1","DC","B-Naive",-1.76892426817608,-1.54586074086491
"ACTATTCGTGGACTGA-1_2_1_1_1","DC","B-Naive",2.80770823151875,-1.90591857167546
"ACTCTCGGTCAGACGA-1_2_1_1_1","DC","B-Naive",-0.239041419913288,-2.45813104840581
"ACTGATGCATACAGGG-1_2_1_1_1","DC","B-Act1",-1.56852033941936,2.64294281271633
"ACTGATGTCTAACACG-1_2_1_1_1","DC","B-Naive",-2.10253098814678,-3.98776552411381
"ACTGCAACATCGCTCT-1_2_1_1_1","DC","B-Naive",-2.73116973250103,-0.22854230138127
"ACTTAGGAGCACACCC-1_2_1_1_1","DC","B-Naive",1.70017453820515,-1.75859210225407
"ACTTAGGGTCAAGTTC-1_2_1_1_1","DC","B-Naive",0.927820650647167,-1.27675411435429
"ACTTAGGTCGTGGAAG-1_2_1_1_1","DC","B-Mye",-0.177961254705902,6.38826396731075
"ACTTCGCCACAGACGA-1_2_1_1_1","DC","B-Naive",-0.240448439707276,-0.87889299126927
"ACTTCGCGTGTCCACG-1_2_1_1_1","DC","B-Naive",-1.72083643286419,-2.47090885373418
"ACTTTCAAGCCATTTG-1_2_1_1_1","DC","B-Naive",1.20065352113057,-3.57533428403203
"ACTTTCACAGTCAGAG-1_2_1_1_1","DC","B-Act1",-3.38042643873882,0.895461213266214
"AGAAATGTCCTGTAGA-1_2_1_1_1","DC","B-Naive",2.15685960442829,1.19048708347019
"AGAACAACATGCAGGA-1_2_1_1_1","DC","B-Naive",-2.48713878004741,-0.424700948918501
"AGAACAATCACTCACC-1_2_1_1_1","DC","B-Mye",-0.944822939326283,6.73212983874019
"AGACAGGCATTGTAGC-1_2_1_1_1","DC","B-ActMem",-1.6829613765974,-4.42346212598149
"AGACAGGTCCATTGGA-1_2_1_1_1","DC","B-Naive",2.05437490136433,-0.656467411244551
"AGACCATAGTCGGCCT-1_2_1_1_1","DC","B-Naive",-1.08103570549678,-0.134883854115645
"AGACCATCAGCAGTTT-1_2_1_1_1","DC","B-Naive",0.911469308445934,-2.73548528882329
"AGACCCGAGGAGTATT-1_2_1_1_1","DC","B-Act1",-2.6891584715147,0.917536925947031
"AGACCCGTCGTAGCCG-1_2_1_1_1","DC","B-Naive",-1.29760530798626,1.62569823530849
"AGAGAATGTCGTCTCT-1_2_1_1_1","DC","B-Naive",0.87546500356007,0.581771847283205
"AGAGAATTCGTCGGGT-1_2_1_1_1","DC","B-ActMem",3.21877357156086,4.82534959582027
"AGAGCAGGTCTGCGCA-1_2_1_1_1","DC","B-Naive",-2.72508242933941,0.450964179312547
"AGATGAACAACCACGC-1_2_1_1_1","DC","B-Naive",-2.51656273215007,-1.54852697583501
"AGATGAACAGGCCCTA-1_2_1_1_1","DC","B-ActMem",3.45108744294453,3.61884382036861
"AGATGCTCAGTTGTCA-1_2_1_1_1","DC","B-Naive",5.02282568604756,-1.68350240918461
"AGCCAGCGTCAGACTT-1_2_1_1_1","DC","B-Naive",-1.47588423102092,0.371885564600786
"AGCGCCACACCTCTAC-1_2_1_1_1","DC","B-Naive",-2.50628379194927,-3.29024526807133
"AGCGCCACAGTCCCGA-1_2_1_1_1","DC","B-Naive",1.20013233811665,0.808477502738794
"AGCTACACACAGCATT-1_2_1_1_1","DC","B-Act1",-5.48299458830547,0.00783326891597147
"AGCTTCCAGATCCCAT-1_2_1_1_1","DC","B-Naive",-0.124587363776978,-2.25341746541325
"AGCTTCCTCGTGTGAT-1_2_1_1_1","DC","B-ActMem",3.54140636117268,4.65744021204647
"AGGAAATCAACCCTCT-1_2_1_1_1","DC","B-Naive",2.55099865586567,-2.9326777193195
"AGGAGGTCAGTCAGAG-1_2_1_1_1","DC","B-Naive",1.32261702210713,0.645097729241213
"AGGAGGTCAGTGGGTA-1_2_1_1_1","DC","B-Act1",-5.46000197737407,0.502410974776109
"AGGATAATCAGACCTA-1_2_1_1_1","DC","B-Act1",-2.77756908743572,1.74509063032802
"AGGATCTCACAAATAG-1_2_1_1_1","DC","B-Naive",-3.5420055708189,-0.541263434613386
"AGGCATTCAAGACGAC-1_2_1_1_1","DC","B-Naive",-2.75594309179973,0.591253813778719
"AGGCATTTCAGACATC-1_2_1_1_1","DC","B-Naive",3.26472994477558,-2.75561711522404
"AGGCTGCTCCCTTCCC-1_2_1_1_1","DC","B-Act1",-3.4831095060606,0.8437638845795
"AGGGAGTGTTAGTTCG-1_2_1_1_1","DC","B-Naive",1.03877278954792,1.10727829900916
"AGGGAGTTCAGCAATC-1_2_1_1_1","DC","B-Naive",-0.484366359402653,0.924834806894621
"AGGGAGTTCCACGGGT-1_2_1_1_1","DC","B-Naive",-0.484325232197758,-3.30955049725834
"AGGTAGGTCGCCTAGG-1_2_1_1_1","DC","B-Mye",-0.304996820380207,6.42405298021968
"AGGTCATAGACTCGAG-1_2_1_1_1","DC","B-Naive",1.4106094518404,-0.609754297459761
"AGGTGTTAGGTAGCCA-1_2_1_1_1","DC","B-Act1",-3.22198179571819,1.56890377072032
"AGGTTACAGCGTGTTT-1_2_1_1_1","DC","B-Naive",-0.754079850604054,0.256723549639543
"AGTAGCTTCTCGGTAA-1_2_1_1_1","DC","B-Naive",-0.514889808585163,-3.50912544461552
"AGTAGTCAGCGCCTCA-1_2_1_1_1","DC","B-Naive",0.987014023373607,1.57050344017681
"AGTCAACTCAGAGCAG-1_2_1_1_1","DC","B-Naive",-2.46125248282146,0.857625555669626
"AGTCACACAACCGCTG-1_2_1_1_1","DC","B-Naive",-1.00646814911556,0.357353832995256
"AGTCTCCAGGGCAATC-1_2_1_1_1","DC","B-Naive",0.487929431508068,-0.737534377301375
"AGTCTCCCACTACCGG-1_2_1_1_1","DC","B-Naive",-0.614260526587483,1.19198794332679
"AGTGCCGAGACCAACG-1_2_1_1_1","DC","B-Act1",-4.42889741270733,-0.0519356462604201
"AGTGCCGCATGCTGCG-1_2_1_1_1","DC","B-Act1",-4.98571494429302,2.47448637751277
"AGTGTTGCAAGTGATA-1_2_1_1_1","DC","B-Naive",3.58846875817585,3.22339227465328
"AGTTAGCCAACGGGTA-1_2_1_1_1","DC","B-Act1",-5.49474862425518,1.45619511274036
"AGTTCCCCAAGTCCCG-1_2_1_1_1","DC","B-Naive",2.08651491792012,0.561311897312959
"AGTTCCCCAGCGGTCT-1_2_1_1_1","DC","B-Naive",1.04889556557942,0.538672116076311
"AGTTCGATCGCTTACC-1_2_1_1_1","DC","B-Naive",-1.8190104088087,-1.87415525647465
"ATACCTTCACCCTATC-1_2_1_1_1","DC","B-ActMem",3.40249034554768,4.92784621981319
"ATACTTCTCTGGCTGG-1_2_1_1_1","DC","B-ActMem",4.34446665437031,5.27061631945308
"ATCACAGAGGAGGTTC-1_2_1_1_1","DC","B-Act1",0.350810525725368,-0.275425407612959
"ATCACTTTCATGCGGC-1_2_1_1_1","DC","B-Naive",1.17598709256459,-0.195028278554121
"ATCAGGTAGAGCATCG-1_2_1_1_1","DC","B-Naive",-1.0761543831129,1.17787664798435
"ATCAGGTAGCTTAAGA-1_2_1_1_1","DC","B-Naive",-0.670989843298908,-2.54669615956608
"ATCAGGTGTCCAGCGT-1_2_1_1_1","DC","B-ActMem",3.41676112801838,3.8983929422253
"ATCCACCAGTGCAGGT-1_2_1_1_1","DC","B-Naive",-0.713292749812123,-0.694588873112837
"ATCCATTCAAATACGA-1_2_1_1_1","DC","B-Act1",-5.16046956389141,0.381869998251756
"ATCCGTCAGATCCTAC-1_2_1_1_1","DC","B-Naive",1.92359515816975,-2.55658695432011
"ATCCTATGTTTGAAAG-1_2_1_1_1","DC","B-Naive",5.05202910096455,-0.561188552106062
"ATCGGCGGTATTCTCT-1_2_1_1_1","DC","B-Naive",1.0838501134615,-2.16542575093571
"ATCGTAGAGTACTGTC-1_2_1_1_1","DC","B-Act1",-5.41716817228984,0.566925850188097
"ATCGTCCAGAGATGCC-1_2_1_1_1","DC","B-Act1",-2.96856549589824,1.6432351138943
"ATCGTGAAGTGGATAT-1_2_1_1_1","DC","B-Naive",-3.28814128248882,-0.469863745892683
"ATCTCTATCAACTACG-1_2_1_1_1","DC","B-Naive",-1.76735833494854,-4.11322424146
"ATCTTCAAGGCATTTC-1_2_1_1_1","DC","B-Act2",-3.82168820707988,-2.18964240285222
"ATCTTCATCCTACCAC-1_2_1_1_1","DC","B-Naive",-1.93215111105632,-4.16104099484746
"ATGAAAGCACTGCGTG-1_2_1_1_1","DC","B-Naive",1.18028339536,2.64803436068233
"ATGACCATCCACGTGG-1_2_1_1_1","DC","B-Naive",3.27640148789692,-2.37883469792668
"ATGATCGGTCGTACAT-1_2_1_1_1","DC","B-Act1",-2.70358088820171,1.78109648493465
"ATGCATGTCAAGATAG-1_2_1_1_1","DC","B-Act1",-4.2659201940794,0.288853254591783
"ATGGGAGTCGAGCCAC-1_2_1_1_1","DC","B-Mye",-0.349300163080212,7.99255302218135
"ATGTCCCAGATCCAAA-1_2_1_1_1","DC","B-Act1",-4.16051247923565,1.41221961048778
"ATGTCTTTCACCGGTG-1_2_1_1_1","DC","B-Naive",-2.84560993521404,-3.83998510571782
"ATTACTCCATCGGATT-1_2_1_1_1","DC","B-Act2",4.41096064240742,0.454076912676653
"ATTATCCAGACTTCGT-1_2_1_1_1","DC","B-Act1",-3.386970551898,0.206123914992174
"ATTCACTGTTAGCTAC-1_2_1_1_1","DC","B-Naive",-1.97457245199871,-2.30334398480717
"ATTCACTGTTTCGACA-1_2_1_1_1","DC","B-Naive",-0.0727585165102446,-4.4606535169727
"ATTCACTTCAACCCGG-1_2_1_1_1","DC","B-Naive",0.0182625630598104,-4.191828462804
"ATTCATCTCATGCTAG-1_2_1_1_1","DC","B-Mye",-0.0552549978990519,6.87371375826534
"ATTCCATTCCTGGGTG-1_2_1_1_1","DC","B-Naive",-2.44758179991436,-3.45378038617436
"ATTCCTACACCCTAAA-1_2_1_1_1","DC","B-Naive",2.32963177354145,0.269401338373979
"ATTCGTTAGGCAGGTT-1_2_1_1_1","DC","B-Act1",0.364275870631222,0.254035141741594
"ATTGTTCGTGATAGAT-1_2_1_1_1","DC","B-Naive",0.681586710522655,0.46302070883449
"ATTTCACCATCGTGGC-1_2_1_1_1","DC","B-Naive",-0.369232850362774,-0.966743204320113
"CAACCAATCCCTTCCC-1_2_1_1_1","DC","B-Naive",-1.12919286101055,-1.99641988011662
"CAACCAATCTAGGCCG-1_2_1_1_1","DC","B-Naive",-3.78516820280742,-2.39718363019292
"CAACCTCAGGAGTATT-1_2_1_1_1","DC","B-Act1",-4.76235535948467,1.55428477791484
"CAAGACTCACTGGAAG-1_2_1_1_1","DC","B-Naive",-0.793798657347676,-0.00423619481388693
"CAAGGGAAGTTACTCG-1_2_1_1_1","DC","B-Naive",-2.67227462141704,-3.80941459866826
"CAATACGAGAAATCCA-1_2_1_1_1","DC","B-Naive",-2.63463548033428,-4.23906919690434
"CAATACGCAGATCCTA-1_2_1_1_1","DC","B-Naive",-0.756682308604237,-2.24533245297734
"CAATCGATCATGTCTT-1_2_1_1_1","DC","B-Act1",-5.44312432615947,-0.212816688740889
"CAATTTCAGGAAGAAC-1_2_1_1_1","DC","B-Naive",-0.903108509470936,1.15694736359056
"CAATTTCGTAAGTCAA-1_2_1_1_1","DC","B-Naive",-1.29717448561382,0.177255120550951
"CACAGGCAGCACCAGA-1_2_1_1_1","DC","B-ActMem",4.50343224198628,3.47821524408992
"CACAGGCCACATATGC-1_2_1_1_1","DC","B-Naive",-1.25651172011089,-2.43439075681035
"CACAGGCTCCATGCAA-1_2_1_1_1","DC","B-Naive",0.494749633381847,-0.255993339741865
"CACGAATAGGCTAAAT-1_2_1_1_1","DC","B-Naive",2.0274901071291,-0.537088844502608
"CACGGGTGTTTGGAGG-1_2_1_1_1","DC","B-Naive",2.72664877564717,4.09157851008113
"CACGTGGAGAATGTTG-1_2_1_1_1","DC","B-Naive",-0.974221142222401,-0.346390101636092
"CACGTGGGTTCGGCCA-1_2_1_1_1","DC","B-Naive",-0.8860082349081,-1.1322056982166
"CACTGAAAGTCGGCAA-1_2_1_1_1","DC","B-Naive",-0.665948840071675,-0.573367569173018
"CACTGAACAAACAGGC-1_2_1_1_1","DC","B-Naive",-3.04906323759746,-3.08575651379887
"CACTGAATCATATGGC-1_2_1_1_1","DC","B-Naive",-2.91670254080486,-3.79210350247685
"CACTGGGTCACAATGC-1_2_1_1_1","DC","B-Naive",-6.18317607252788,1.62193205622371
"CACTGGGTCCTTCTGG-1_2_1_1_1","DC","B-Naive",0.710979668210033,-1.2910179826862
"CACTGTCCACGTAGTT-1_2_1_1_1","DC","B-Act1",-3.38877180426311,1.25627815393146
"CACTGTCGTCAACGCC-1_2_1_1_1","DC","B-Naive",1.05072316319752,-0.187083217824141
"CACTGTCGTGGTTTAC-1_2_1_1_1","DC","B-Act1",-4.16437724440288,2.38606694010433
"CACTTCGGTGTACAGG-1_2_1_1_1","DC","B-Naive",-2.48189500181865,-2.06911275121037
"CAGATTGAGGCGCTCT-1_2_1_1_1","DC","B-Act1",-3.65752008764934,0.184914734637102
"CAGCACGTCGCCCAGA-1_2_1_1_1","DC","B-Naive",0.363726554224972,1.64097186592754
"CAGCAGCGTTATAGAG-1_2_1_1_1","DC","B-Naive",0.106363190124515,0.705263521944841
"CAGCAGCTCTGGGTCG-1_2_1_1_1","DC","B-Naive",-2.33724788038921,-1.04348966809575
"CAGCGTGGTGTCCCTT-1_2_1_1_1","DC","B-Naive",0.384242741177563,2.62019005087551
"CAGGCCACATTGGATC-1_2_1_1_1","DC","B-Naive",-0.576951505829807,-1.14939543935124
"CAGGGCTAGTGCGACA-1_2_1_1_1","DC","B-Mye",-0.149458054666635,6.16046264437374
"CAGGGCTTCGAGTTGT-1_2_1_1_1","DC","B-Naive",-2.20019796698284,-2.69780394765202
"CAGGGCTTCTATCGGA-1_2_1_1_1","DC","B-Naive",-0.222698467065808,0.596333530222734
"CAGTGCGAGCGCAATG-1_2_1_1_1","DC","B-Naive",-2.63660457937908,-1.31931373807255
"CAGTGCGGTGATCGTT-1_2_1_1_1","DC","B-ActMem",3.78687092454243,5.67221524981197
"CAGTTCCAGTGGATTA-1_2_1_1_1","DC","B-Naive",0.344171879599575,3.91463091639217
"CAGTTCCTCGCCACTT-1_2_1_1_1","DC","B-Naive",-1.0773169121046,-3.79225704404179
"CATACAGAGTCGTCTA-1_2_1_1_1","DC","B-Naive",3.06732889802266,0.557256307875475
"CATACTTGTACAGAAT-1_2_1_1_1","DC","B-Act2",5.32375380189228,1.81156220701869
"CATACTTGTTCTGAGT-1_2_1_1_1","DC","B-Naive",-1.15801575987529,-2.41154644223515
"CATCAAGTCTCATTGT-1_2_1_1_1","DC","B-Naive",1.03771599919606,-1.71151730748479
"CATCCGTAGGTAACTA-1_2_1_1_1","DC","B-Act2",4.72836348206807,1.02372368467387
"CATCCGTTCAAGAAAC-1_2_1_1_1","DC","B-Naive",0.579442409585003,-1.31154463025395
"CATCGGGCACATTACG-1_2_1_1_1","DC","B-Act1",-3.3205221018095,-0.791896078313032
"CATCGTCGTTTAGTCG-1_2_1_1_1","DC","B-Naive",1.71093973309803,0.772470768963655
"CATGCAAGTAGGAGGG-1_2_1_1_1","DC","B-Naive",-1.73730901091289,0.300721135413011
"CATGCGGGTGAAGCTG-1_2_1_1_1","DC","B-Act1",-2.98641303389263,1.33833574918445
"CATGCTCAGGACGCTA-1_2_1_1_1","DC","B-ActMem",3.45988270432759,3.66577198771175
"CATGCTCCAATGAGCG-1_2_1_1_1","DC","B-Naive",4.39599892289448,-0.82632860871617
"CATGCTCCAATTGCAC-1_2_1_1_1","DC","B-Act2",5.11893984467793,1.35264771846469
"CATGGTATCGCCAGTG-1_2_1_1_1","DC","B-Naive",2.36481162698079,1.71056607035335
"CATTCATAGTCGGCAA-1_2_1_1_1","DC","B-Act1",-1.77563014834118,1.20728119877513
"CATTCCGGTTTGTTCT-1_2_1_1_1","DC","B-Act1",-4.44320252745342,1.77860262659725
"CATTTCAGTTCGGCGT-1_2_1_1_1","DC","B-Act1",-5.97726252882671,1.56422391203578
"CCACAAAGTCTGTCAA-1_2_1_1_1","DC","B-ActMem",4.06927773148823,4.59128358629878
"CCACACTCAACTGTGT-1_2_1_1_1","DC","B-Act1",-4.67514136641216,-0.496740672314802
"CCACACTGTTTAGAGA-1_2_1_1_1","DC","B-Naive",4.94186302811909,0.97877102760013
"CCACCATCACACGGAA-1_2_1_1_1","DC","B-Naive",0.537694183896068,-1.36307093831364
"CCACCATGTTCGTACA-1_2_1_1_1","DC","B-Naive",1.50045987756062,-1.18954226704899
"CCACCATTCCCAGCGA-1_2_1_1_1","DC","B-Naive",-2.92213157026958,-4.14661619397465
"CCACGAGGTGTTCGTA-1_2_1_1_1","DC","B-Act1",-3.60984638540935,-0.583940241063277
"CCCGAAGTCTGTCTCG-1_2_1_1_1","DC","B-Naive",3.94893929154683,-0.636095616543928
"CCCTCAATCAGGGTAG-1_2_1_1_1","DC","B-Naive",0.140028087208751,-2.15664241048161
"CCCTCAATCGTCCATC-1_2_1_1_1","DC","B-Naive",-2.17589262335491,-3.05043384763066
"CCCTCTCCAGGCACAA-1_2_1_1_1","DC","B-Act1",-4.12909844725322,1.82391312388118
"CCGAACGCATACCATG-1_2_1_1_1","DC","B-Act1",-2.27889350264263,2.27934506205257
"CCGGTAGGTGCGGTAA-1_2_1_1_1","DC","B-Act2",5.28452965409565,1.62280049589809
"CCGGTGAAGGTCGAGT-1_2_1_1_1","DC","B-Naive",-3.00874069540691,0.498671081339678
"CCGGTGACATTCACAG-1_2_1_1_1","DC","B-Act2",-1.9274192175169,-3.96884319516484
"CCGGTGAGTCGCCTAG-1_2_1_1_1","DC","B-Act1",0.0120905616979635,-0.612739059651533
"CCGGTGATCCTACGGG-1_2_1_1_1","DC","B-Naive",-3.32564476340007,-2.18351027699772
"CCGTAGGCACTGTGTA-1_2_1_1_1","DC","B-Naive",4.9127120652895,-1.32865664693181
"CCGTAGGTCACACCGG-1_2_1_1_1","DC","B-Naive",0.965855685780529,-3.01334688397709
"CCGTTCAGTTCTTGCC-1_2_1_1_1","DC","B-ActMem",3.82921215684224,5.0615747239941
"CCTAACCCAATTGAGA-1_2_1_1_1","DC","B-Act1",-3.833179744174,0.517956939017137
"CCTAAGACAGACTCTA-1_2_1_1_1","DC","B-Naive",-1.16682198851299,-2.79858777257268
"CCTAAGACAGGCCCTA-1_2_1_1_1","DC","B-Naive",1.83542629868794,-1.31236598225896
"CCTCAGTGTTGGGACA-1_2_1_1_1","DC","B-Act1",-3.97991135924053,0.353537645613512
"CCTCCAAAGATGGTCG-1_2_1_1_1","DC","B-Naive",-1.38535240500164,-2.52697441312138
"CCTCCAAAGCCGATAG-1_2_1_1_1","DC","B-Naive",-1.4261641821165,-5.01106569501225
"CCTCCTCGTCATGACT-1_2_1_1_1","DC","B-Naive",2.48066922814656,0.825201671993097
"CCTCCTCTCGTCCTTG-1_2_1_1_1","DC","B-Naive",0.753441599915508,-4.04265806409184
"CCTCCTCTCTGCTAGA-1_2_1_1_1","DC","B-Naive",-3.34839156477642,-2.00993272992436
"CCTCTAGAGCAGTAAT-1_2_1_1_1","DC","B-Naive",2.07525965363789,-0.320483896458784
"CCTCTCCAGGCGAACT-1_2_1_1_1","DC","B-Naive",-0.677769156386372,-4.4847857687122
"CCTCTCCGTGGTCCGT-1_2_1_1_1","DC","B-Naive",-0.939447852065083,-4.55089971753422
"CCTGCATGTCGACGCT-1_2_1_1_1","DC","B-Naive",-1.07958576290798,-1.58833405705754
"CCTGCATTCAAGCGTT-1_2_1_1_1","DC","B-Naive",-0.726016136099812,-0.0172818634158767
"CCTTCAGTCCTCACGT-1_2_1_1_1","DC","B-Naive",-1.20453456251812,-4.59055874081914
"CGAAGGAGTGAGTAGC-1_2_1_1_1","DC","B-ActMem",3.62260409982014,5.68869951037105
"CGAATTGCATCACCAA-1_2_1_1_1","DC","B-Act2",4.59297320039082,0.756627884184679
"CGACAGCGTATTTCGG-1_2_1_1_1","DC","B-Naive",-0.0124081021447146,-2.85799715253178
"CGACAGCTCTGAGAGG-1_2_1_1_1","DC","B-Act1",-1.00001296608638,1.98243274954494
"CGAGGAACATGCGGTC-1_2_1_1_1","DC","B-Naive",-0.502720387866017,-2.18948361607854
"CGAGGAAGTTTACACG-1_2_1_1_1","DC","B-Act1",-2.2586107572813,0.653934296643099
"CGAGTGCAGACATAAC-1_2_1_1_1","DC","B-Act1",-6.09501221983623,1.754216459071
"CGAGTTACAAGCGGAT-1_2_1_1_1","DC","B-Naive",-2.53010967581463,-0.732248518193404
"CGAGTTACAGACAAGC-1_2_1_1_1","DC","B-Naive",-0.4985610565443,-0.41462514134709
"CGAGTTACATACGCAT-1_2_1_1_1","DC","B-Act1",-5.44396260588359,0.840092953717073
"CGATCGGCAGTCAACT-1_2_1_1_1","DC","B-Naive",-1.34755686133098,-0.643698546612898
"CGATGCGTCTATGTGG-1_2_1_1_1","DC","B-Act1",-1.49849048464489,2.04813637999233
"CGCAGGTCATATTCGG-1_2_1_1_1","DC","B-Naive",-1.89098599760723,-1.4147083494312
"CGCATAACACTACCCT-1_2_1_1_1","DC","B-Naive",2.04960176141072,-2.01257488461796
"CGCATGGCAAGTACCT-1_2_1_1_1","DC","B-ActMem",2.56115457207966,5.21735551623043
"CGCCAGAAGTCCTACA-1_2_1_1_1","DC","B-ActMem",3.95441481263447,5.48198535708126
"CGCCAGAGTGAGATTA-1_2_1_1_1","DC","B-Naive",-0.750779481818196,1.94089743164714
"CGCCAGAGTGCAACGA-1_2_1_1_1","DC","B-Naive",-2.32024124472332,-3.26183340283696
"CGCCAGATCGTCTAAG-1_2_1_1_1","DC","B-Naive",4.48438593537617,-0.651418897832075
"CGCCATTAGTTGCTCA-1_2_1_1_1","DC","B-Act1",-2.66098597853374,-1.14791843625371
"CGCCATTGTACACGTT-1_2_1_1_1","DC","B-Act1",-3.10220506994915,2.1796759631985
"CGCGTGAAGCTAGCCC-1_2_1_1_1","DC","B-Naive",-0.621040674139973,-0.739781472409407
"CGCGTGACACGGCTAC-1_2_1_1_1","DC","B-Naive",-0.506777974059101,2.31325593260463
"CGGAACCCAATTGCTG-1_2_1_1_1","DC","B-Mye",-1.22129574625682,6.61594226626094
"CGGAATTCACCAGCCA-1_2_1_1_1","DC","B-Naive",-1.29038396685314,-2.90016529294316
"CGGACACCAGAATGTA-1_2_1_1_1","DC","B-Naive",4.15070053727436,-0.714635941708723
"CGGCAGTTCTGGTGCG-1_2_1_1_1","DC","B-Naive",-1.07399347632122,-0.273550960744063
"CGGGACTCAGGAATAT-1_2_1_1_1","DC","B-Naive",-3.11874821989727,0.582352038895448
"CGGGCATCAAGTCCCG-1_2_1_1_1","DC","B-Naive",-3.29150822966289,-2.09647319051091
"CGGGCATTCCATCTAT-1_2_1_1_1","DC","B-ActMem",3.73924895913411,4.17506315973934
"CGGGTCATCTCCGCAT-1_2_1_1_1","DC","B-Naive",3.74527069718647,-0.876861188138167
"CGGGTGTAGGTCACTT-1_2_1_1_1","DC","B-Naive",4.57439753205586,-2.58869549962346
"CGGGTGTTCCCGAGGT-1_2_1_1_1","DC","B-Naive",-0.495366992642399,-0.307056162083784
"CGTAATGTCAACCTCC-1_2_1_1_1","DC","B-Naive",-0.157627394636389,1.5362550583237
"CGTAGTATCTTTCCGG-1_2_1_1_1","DC","B-Naive",-1.7259905657072,-2.1190733644611
"CGTCAAACACTGCATA-1_2_1_1_1","DC","B-Naive",-3.23392823546123,-2.41386124821965
"CGTCAAACAGCTTTGA-1_2_1_1_1","DC","B-Naive",0.515220014164928,0.868175413882097
"CGTCAAATCAAGTTGC-1_2_1_1_1","DC","B-Naive",-0.938767047812458,-2.97165987225834
"CGTCCATGTTACTCAG-1_2_1_1_1","DC","B-Naive",0.671848682473186,2.62108328608211
"CGTGAATCAGCACAAG-1_2_1_1_1","DC","B-Naive",0.403105167458538,1.26784155932601
"CGTGAATGTCTACAGT-1_2_1_1_1","DC","B-Naive",-0.809391709258076,-0.846960875714461
"CGTGCTTGTCTGCGCA-1_2_1_1_1","DC","B-Act1",-0.546698900153156,2.67006042269405
"CGTGTCTTCCATCGTC-1_2_1_1_1","DC","B-ActMem",2.93864556939412,3.91257193354305
"CGTTCTGAGCTACAAA-1_2_1_1_1","DC","B-Naive",-0.0532000458140337,-2.26815793248479
"CGTTCTGGTACAGTCT-1_2_1_1_1","DC","B-Naive",-2.99137619345379,-2.54222795697514
"CGTTGGGTCGCCGTGA-1_2_1_1_1","DC","B-Naive",-0.724310489584919,-1.38407108517949
"CGTTGGGTCTACTGCC-1_2_1_1_1","DC","B-Naive",3.52284237534809,2.35285558966335
"CTAACCCAGATCGGTG-1_2_1_1_1","DC","B-Naive",-3.49314001410198,-0.182560894215742
"CTAACCCTCCGATGCG-1_2_1_1_1","DC","B-Naive",1.41830739171315,-0.413601133549849
"CTAAGTGAGTTGCATC-1_2_1_1_1","DC","B-Act1",-4.36193087904644,2.29349210528072
"CTACAGACAAATCGGG-1_2_1_1_1","DC","B-Naive",-2.26545837729168,-0.849507186139265
"CTACAGATCTTGCGCT-1_2_1_1_1","DC","B-Naive",-1.33478298990917,-2.44382664891545
"CTACATTAGGGTTAGC-1_2_1_1_1","DC","B-Naive",0.628783611367229,-3.29860851498906
"CTACATTGTGGGACAT-1_2_1_1_1","DC","B-Naive",-2.93742755263042,-3.02011415692631
"CTACCTGTCGGACTTA-1_2_1_1_1","DC","B-Naive",-3.32080915777874,-0.394005391324202
"CTACGGGAGAGCCGTA-1_2_1_1_1","DC","B-Naive",-0.493534358431812,1.48531877664264
"CTACGGGAGGTGGTTG-1_2_1_1_1","DC","B-Naive",4.78093763978291,-2.0632245275623
"CTACGGGCAATCTCTT-1_2_1_1_1","DC","B-Naive",-3.25703910200786,-2.77015135022465
"CTACTATAGACAGTCG-1_2_1_1_1","DC","B-Naive",-0.631208213259693,-1.51597282620732
"CTAGACAAGTCTAGAA-1_2_1_1_1","DC","B-Naive",-2.06369784681987,-1.28503105374638
"CTAGACAGTGCCCACA-1_2_1_1_1","DC","B-Naive",0.468501655171398,0.557122257029375
"CTAGGTAGTCGGATTT-1_2_1_1_1","DC","B-Naive",1.25976452023793,0.489831235682329
"CTAGGTATCTTCTAAC-1_2_1_1_1","DC","B-Naive",-2.51859048216533,-2.42223856183354
"CTATAGGAGCAGGGAG-1_2_1_1_1","DC","B-Naive",4.04629322678852,-1.13307926389043
"CTATAGGTCAAGAGTA-1_2_1_1_1","DC","B-Naive",2.04168650300312,1.53868743447002
"CTATCTAGTGGAGGTT-1_2_1_1_1","DC","B-ActMem",2.98537394196797,3.88881519106563
"CTATCTATCGCACTCT-1_2_1_1_1","DC","B-Act1",-3.13028648703289,-0.746501538479964
"CTCAACCAGCATGATA-1_2_1_1_1","DC","B-Naive",-1.48011151163768,-1.69491574498479
"CTCAAGAAGCCGGAAT-1_2_1_1_1","DC","B-Naive",4.00927921922016,-0.475199792111555
"CTCAAGAAGTGCGTCC-1_2_1_1_1","DC","B-Act1",-2.94546631186199,1.8656170037144
"CTCAAGAGTTCTCCAC-1_2_1_1_1","DC","B-Naive",-1.30449024050426,-1.1653289529926
"CTCAAGATCCCAATAG-1_2_1_1_1","DC","B-Naive",-3.4932298979063,-3.16500684949223
"CTCAGAACAAGAAATC-1_2_1_1_1","DC","B-Naive",0.456014958928112,-3.0519997808582
"CTCATTAGTGCCTACG-1_2_1_1_1","DC","B-Naive",-2.10759356825542,-3.72459289761845
"CTCCATGCAGCCTACG-1_2_1_1_1","DC","B-Naive",-0.517295958687779,-4.57707044812504
"CTCCATGTCTCTCTTC-1_2_1_1_1","DC","B-Naive",4.34492441804219,-2.35466644498173
"CTCCCAACAGTGTGGA-1_2_1_1_1","DC","B-ActMem",4.46775814683247,4.50163319376644
"CTCCCAAGTTCGGTAT-1_2_1_1_1","DC","B-Act1",-2.25177744238567,1.47089984682735
"CTCCCTCCACAGCTTA-1_2_1_1_1","DC","B-Naive",1.9800583997469,-1.65769312115971
"CTCCGATAGATGGGCT-1_2_1_1_1","DC","B-Naive",-3.25335267393779,0.15700366762813
"CTCCGATTCATGGCCG-1_2_1_1_1","DC","B-Naive",1.57728132397938,-2.91513702603642
"CTCCTTTCAACGGCCT-1_2_1_1_1","DC","B-Naive",-0.0697874857385122,-4.4330451223499
"CTCCTTTTCGAGCACC-1_2_1_1_1","DC","B-Naive",0.401412633965496,-3.8860571119434
"CTCTCAGAGGTCTGGA-1_2_1_1_1","DC","B-Naive",2.54980417878437,-1.32407233449284
"CTCTCAGCACATATGC-1_2_1_1_1","DC","B-Act1",-3.55127337782573,1.62211903599437
"CTCTCGACAGATCCTA-1_2_1_1_1","DC","B-Naive",-1.27734461634349,-3.02273723813359
"CTGAGGCGTTCTAAGC-1_2_1_1_1","DC","B-Act1",-1.56181815474224,1.71902742651637
"CTGATCCCATTGCTTT-1_2_1_1_1","DC","B-ActMem",2.98940679223347,5.35277107027706
"CTGCAGGTCTCAGTCC-1_2_1_1_1","DC","B-Naive",-1.18018487303447,6.53484227923091
"CTGCCTACAATGCTCA-1_2_1_1_1","DC","B-Naive",1.90816733033467,1.59486254719432
"CTGGCAGTCCGTCAAA-1_2_1_1_1","DC","B-Naive",-2.48916915266704,-3.6508824560291
"CTGTATTGTAGTTACC-1_2_1_1_1","DC","B-Naive",-2.52270773260784,-3.86224767896001
"CTTACCGAGATACCAA-1_2_1_1_1","DC","B-Mye",-0.144881546710845,6.14683130053218
"CTTACCGAGGAACGTC-1_2_1_1_1","DC","B-Mye",-0.617778362919804,8.09210422304805
"CTTAGGACATCCGTGG-1_2_1_1_1","DC","B-Naive",0.357384381602291,-0.459243867123762
"CTTCCGATCAGTGATC-1_2_1_1_1","DC","B-Naive",-1.98364642470073,-1.14335462781254
"CTTCCTTGTGACTGTT-1_2_1_1_1","DC","B-ActMem",4.13131329209614,5.36568668154415
"CTTCCTTTCAGGCGAA-1_2_1_1_1","DC","B-Naive",-1.28275540678692,-4.34543773862187
"CTTCTAACAAATCGTC-1_2_1_1_1","DC","B-Naive",2.34741756112385,-2.20625731679265
"CTTTCAATCCGCAAAT-1_2_1_1_1","DC","B-Act2",3.32482167870808,2.09037890700038
"CTTTCGGCATTAGGCT-1_2_1_1_1","DC","B-Naive",0.468659726689342,-2.1129276487476
"CTTTCGGTCTAATTCC-1_2_1_1_1","DC","B-Naive",2.71167799622822,2.00451483992275
"GAAATGAAGCGTATGG-1_2_1_1_1","DC","B-Naive",1.35260721833516,-0.50661322804753
"GAAATGATCGACATCA-1_2_1_1_1","DC","B-Naive",2.77114936501789,-1.30195996495549
"GAACACTTCTCTCTTC-1_2_1_1_1","DC","B-Naive",-0.782238515307423,-2.85724875661198
"GAACGTTCAGAGTCAG-1_2_1_1_1","DC","B-Naive",0.281691519330028,-0.213585707867781
"GAACTGTAGACATAGT-1_2_1_1_1","DC","B-Naive",0.10929693074036,7.12650373247798
"GAAGAATCATTCAGGT-1_2_1_1_1","DC","B-Naive",-0.513767095496174,-4.17252895566289
"GAAGAATTCACGGTCG-1_2_1_1_1","DC","B-Act1",-4.22170260756206,1.88248499897655
"GAAGTAAAGGAGTCTG-1_2_1_1_1","DC","B-Act1",-5.07021573393535,2.09428086546596
"GAAGTAACAACCGGAA-1_2_1_1_1","DC","B-Act2",4.27475306184101,2.21067979601558
"GACAGCCAGGCAATGC-1_2_1_1_1","DC","B-Naive",0.0142853984336889,-3.09529182645146
"GACATCATCACTTTGT-1_2_1_1_1","DC","B-Naive",-1.42007294504833,-2.80847165318791
"GACATCATCCCATAGA-1_2_1_1_1","DC","B-Mye",-0.401575805832859,6.19665696886714
"GACCGTGCACCCAACG-1_2_1_1_1","DC","B-Naive",-1.21593228190136,-4.64858123990361
"GACTCAAGTCGGTACC-1_2_1_1_1","DC","B-Naive",2.13939472825337,-3.38261768552128
"GACTCAAGTGGATGAC-1_2_1_1_1","DC","B-Act1",-1.05856165497493,-1.51808354588811
"GACTCTCAGACGACTG-1_2_1_1_1","DC","B-Naive",-0.923599811484333,-3.12437793942753
"GACTCTCGTCATATGC-1_2_1_1_1","DC","B-Naive",-1.11445674507808,-4.36483356686894
"GAGATGGTCTAAGCCA-1_2_1_1_1","DC","B-Naive",0.635209647725109,0.86151276198562
"GAGGCAAAGACCAACG-1_2_1_1_1","DC","B-Act1",-2.48947480528545,1.98436960247692
"GAGGGTAGTGGGAGAG-1_2_1_1_1","DC","B-Naive",2.0178637185793,2.16099169520076
"GAGTCATAGTCACACT-1_2_1_1_1","DC","B-Naive",-0.688755663325306,-1.01205775471989
"GAGTCATTCGGCACTG-1_2_1_1_1","DC","B-Naive",-0.819112094332691,1.50368222263988
"GAGTGTTCACAGTGTT-1_2_1_1_1","DC","B-Naive",-0.561903627802845,1.47634812859233
"GAGTTGTAGGGAGTTC-1_2_1_1_1","DC","B-Naive",0.634748665402416,1.07381437574859
"GAGTTGTTCACCCTCA-1_2_1_1_1","DC","B-Naive",-0.469398023774143,-2.72866461011235
"GATAGCTGTAAGTCAA-1_2_1_1_1","DC","B-Naive",-2.16870907156658,-1.9168302747852
"GATCACACACCCTGAG-1_2_1_1_1","DC","B-Naive",-2.28947809546184,-1.91601392957036
"GATCACACACTAACCA-1_2_1_1_1","DC","B-Naive",3.65246316582966,-3.02096578809086
"GATCACACAGACGATG-1_2_1_1_1","DC","B-Act1",0.0368352958660162,3.10527565745052
"GATCATGGTATCGCTA-1_2_1_1_1","DC","B-ActMem",2.80743238122273,4.27962377337154
"GATCATGGTGCCTTCT-1_2_1_1_1","DC","B-Naive",-0.779099615504261,-3.09115669461552
"GATCATGTCACCGGGT-1_2_1_1_1","DC","B-Naive",4.43610521943379,-1.01663300725285
"GATCCCTTCTACCACC-1_2_1_1_1","DC","B-Naive",-3.37746218054485,-2.96018907758061
"GATGAGGGTCATCGCG-1_2_1_1_1","DC","B-Naive",-1.79819181769085,0.409487810408434
"GATGATCCATGGCCCA-1_2_1_1_1","DC","B-Naive",-2.12592581122112,-0.516460153783003
"GATGGAGAGATACATG-1_2_1_1_1","DC","B-Naive",-2.44180157988262,1.35899236468013
"GATGGAGGTTGTATGC-1_2_1_1_1","DC","B-Naive",4.39945742280293,-2.44335314961735
"GATTTCTGTTTCCAAG-1_2_1_1_1","DC","B-Naive",-0.39111346214008,-0.829221818173567
"GATTTCTTCACCGGGT-1_2_1_1_1","DC","B-Naive",-1.33271339743328,-3.99435302945439
"GCAACATCACGCTATA-1_2_1_1_1","DC","B-Act1",-3.89898875563335,-1.57169005605046
"GCAACCGGTTCGGCCA-1_2_1_1_1","DC","B-Act2",5.1296367326479,1.97469624546703
"GCACATATCCGTCAAA-1_2_1_1_1","DC","B-Naive",-0.271326126744267,-0.135106775487105
"GCACATATCTAGTGTG-1_2_1_1_1","DC","B-Act2",3.18162056596089,2.2724436786526
"GCACGTGGTGAGCAGT-1_2_1_1_1","DC","B-Act2",4.17714735657978,1.61960979965862
"GCACTAACAACGTTAC-1_2_1_1_1","DC","B-Naive",4.7121071496706,-2.2343556615955
"GCAGCTGAGGAACGTC-1_2_1_1_1","DC","B-Naive",0.707373527596477,2.48307338026698
"GCAGCTGGTTTCCATT-1_2_1_1_1","DC","B-Naive",-1.29052546827984,-1.64057776662175
"GCAGGCTTCCGCAACG-1_2_1_1_1","DC","B-Naive",-2.37432506888103,-1.26754352780644
"GCAGTTAAGTGGATAT-1_2_1_1_1","DC","B-Naive",-0.406866999556538,-1.80819198819462
"GCATCGGCAGAGGAAA-1_2_1_1_1","DC","B-Naive",0.444998888085369,2.36321797636684
"GCATCGGTCATTCTTG-1_2_1_1_1","DC","B-Mye",-0.301282005598065,7.28394820955928
"GCATCTCCAGAATTCC-1_2_1_1_1","DC","B-ActMem",3.21764203698445,3.99295332697566
"GCATGATAGTAAATGC-1_2_1_1_1","DC","B-Naive",2.0531670728426,-1.1647882196552
"GCATGATTCACTTTGT-1_2_1_1_1","DC","B-Naive",3.81117412240315,-2.73207590314213
"GCATTAGCATCCCACT-1_2_1_1_1","DC","B-Act1",-4.62866786329937,0.342154588972887
"GCCAACGAGGGTTTCT-1_2_1_1_1","DC","B-Naive",-1.47975805609417,-1.55794713231389
"GCCAGTGTCAGGACAG-1_2_1_1_1","DC","B-Naive",-3.34239223807048,-0.642206523144881
"GCCCGAAAGTCTCTGA-1_2_1_1_1","DC","B-ActMem",4.54277559907246,3.3195138242596
"GCCGATGCATTCTTCA-1_2_1_1_1","DC","B-Naive",-3.30410054533672,-1.18789121838872
"GCCGTGACACTGCGAC-1_2_1_1_1","DC","B-Naive",-2.35828069060039,0.852096673523744
"GCCTGTTGTACGAAAT-1_2_1_1_1","DC","B-Act2",-3.6531100591917,-1.64451834889714
"GCCTGTTGTACGTAGG-1_2_1_1_1","DC","B-Naive",-2.10106495230388,-0.843366358006636
"GCGAGAAGTATCCTTT-1_2_1_1_1","DC","B-Naive",-0.0382911434669458,-3.71547767850224
"GCGGATCCATTAAGCC-1_2_1_1_1","DC","B-Naive",-0.0648283979196512,-2.79535410138432
"GCGGATCGTGATTGGG-1_2_1_1_1","DC","B-Naive",-2.45119145720195,-3.05772278043095
"GCGTGCACACTTCAAG-1_2_1_1_1","DC","B-Naive",1.56124266774464,-0.199410531247298
"GCTACAACAAGTGGGT-1_2_1_1_1","DC","B-Naive",-1.96182528345775,0.329833414828142
"GCTACAAGTCTTAGTG-1_2_1_1_1","DC","B-Act1",1.47760531098652,4.19290426043209
"GCTGAATAGGCACTAG-1_2_1_1_1","DC","B-Act1",-4.86635259001445,1.05462925923403
"GCTGCAGGTGGCTTGC-1_2_1_1_1","DC","B-Act1",-5.24825623839092,0.942651536738237
"GCTGGGTAGAGTGACC-1_2_1_1_1","DC","B-Naive",4.88032337815571,-1.20561716290776
"GCTTCACAGCACAAAT-1_2_1_1_1","DC","B-Naive",3.56524821908284,-2.28030965062443
"GGAACCCTCGGACAAG-1_2_1_1_1","DC","B-Naive",-3.40007785170269,-0.344292375767866
"GGAAGTGCAGACAATA-1_2_1_1_1","DC","B-Naive",4.68400046021748,-2.44988176556889
"GGAAGTGGTCGTCAGC-1_2_1_1_1","DC","B-Naive",-0.165364442606684,0.88408353594478
"GGAATGGCAAAGCTCT-1_2_1_1_1","DC","B-Mye",-0.313343869735714,7.79773261812862
"GGAATGGTCACTGAAC-1_2_1_1_1","DC","B-Act1",-3.22616675703716,2.37890675333675
"GGAGATGAGCCATTTG-1_2_1_1_1","DC","B-Naive",0.286866334984783,0.889588859354814
"GGAGATGCAGGGCTTC-1_2_1_1_1","DC","B-Naive",-0.0777228718895876,0.466446306979021
"GGAGCAAGTCCGGACT-1_2_1_1_1","DC","B-Naive",-0.0975685401160681,1.54194229510959
"GGAGCAAGTGGGTCAA-1_2_1_1_1","DC","B-Naive",0.539709714959148,0.460489359175523
"GGAGCAAGTTTGGAGG-1_2_1_1_1","DC","B-Act2",4.64696833283711,1.13461763081487
"GGAGGATAGGGCCCTT-1_2_1_1_1","DC","B-Naive",-0.0422666019101107,-1.79390928479497
"GGAGGATTCAAGCCAT-1_2_1_1_1","DC","B-Naive",2.88820478112507,1.42974966434177
"GGAGGTACAAGATTGA-1_2_1_1_1","DC","B-Naive",4.86031624467183,-1.42513320180241
"GGAGGTACACTATGTG-1_2_1_1_1","DC","B-Naive",-2.42468217222881,1.38941955236133
"GGAGGTAGTAGCTGTT-1_2_1_1_1","DC","B-Naive",1.18842884690571,0.553569790398439
"GGATCTATCTGAGGCC-1_2_1_1_1","DC","B-Act1",-3.66464117376995,1.29611661699947
"GGCACGTGTCACCACG-1_2_1_1_1","DC","B-Naive",0.824570862362865,-1.46233317586247
"GGCACGTTCGGAATGG-1_2_1_1_1","DC","B-Naive",-1.56350794642162,0.418750372206529
"GGCAGTCAGCCTGGAA-1_2_1_1_1","DC","B-Act1",-3.13784912436199,2.10655310419734
"GGCTTGGGTGACAGGT-1_2_1_1_1","DC","B-Naive",-1.84808066694927,-3.70359346600834
"GGCTTTCCAGTGGGTA-1_2_1_1_1","DC","B-Act1",-3.84520605414104,1.1372746345156
"GGCTTTCGTACCGTGC-1_2_1_1_1","DC","B-Naive",1.69029339940358,-0.179799768651167
"GGCTTTCGTCATAGTC-1_2_1_1_1","DC","B-Act1",-0.450234921862599,0.819643836891016
"GGGAAGTAGATTAGCA-1_2_1_1_1","DC","B-ActMem",4.10173746735859,4.81453230646785
"GGGAAGTCACAAGCAG-1_2_1_1_1","DC","B-Naive",2.21549245507527,-0.238596651280562
"GGGACCTGTCGGCTAC-1_2_1_1_1","DC","B-Naive",-1.06908205359172,0.661032971417268
"GGGACTCAGTATCTGC-1_2_1_1_1","DC","B-Naive",2.82128950745869,-1.12077758046452
"GGGAGTACAGATTTCG-1_2_1_1_1","DC","B-Naive",-2.04993918745708,-0.762617799962202
"GGGATCCCAAATAGCA-1_2_1_1_1","DC","B-Naive",-0.0700986331601107,-1.28922245236699
"GGGATCCGTTCCAGGC-1_2_1_1_1","DC","B-Act1",-1.10816756098461,2.2081389692181
"GGGCCATCATGTCTAG-1_2_1_1_1","DC","B-Naive",-0.671539219309803,-2.11367461415593
"GGGCCATTCATCCTGC-1_2_1_1_1","DC","B-Naive",2.80818244607258,0.650279399430116
"GGGCGTTCAAGACCGA-1_2_1_1_1","DC","B-Naive",-1.66470745413494,-0.366442177022139
"GGGCGTTCAAGCCTGC-1_2_1_1_1","DC","B-Act1",-0.306016953875538,2.82997896937068
"GGGCTACTCGGTCATA-1_2_1_1_1","DC","B-Naive",-2.289567502429,-4.62790224286381
"GGGTAGAAGTGGTTCT-1_2_1_1_1","DC","B-Naive",-2.45438388197612,-0.404454681599776
"GGGTATTTCTTCTCAA-1_2_1_1_1","DC","B-Naive",1.76639267594624,-3.10792181226079
"GGGTCACTCGCAGTGC-1_2_1_1_1","DC","B-Naive",1.43872710854817,-0.0720916721469558
"GGGTTTACACTTCTCG-1_2_1_1_1","DC","B-Naive",-2.62931588499736,-0.517719123089949
"GGTAATCGTATCCCAA-1_2_1_1_1","DC","B-Act1",-4.47298863737774,2.25072744158443
"GGTAGAGCAGGTCAAG-1_2_1_1_1","DC","B-Act1",-5.2349233946104,1.27615700331863
"GGTAGAGTCCGCGATG-1_2_1_1_1","DC","B-Act1",-1.50348559229564,0.704412874256929
"GGTGATTTCAGACATC-1_2_1_1_1","DC","B-Naive",1.44341239125538,1.94819453028377
"GGTGGCTTCCAGGACC-1_2_1_1_1","DC","B-Naive",-1.06095811932277,-2.51724121304814
"GGTGTCGCACCGCTAG-1_2_1_1_1","DC","B-Naive",-3.18489459364605,-0.750628802502791
"GGTGTTAGTTGCATCA-1_2_1_1_1","DC","B-Act2",4.53187414796162,2.11265220907863
"GGTTCTCCATCCTGTC-1_2_1_1_1","DC","B-Act2",4.52825543076802,0.673327412878832
"GTAACACCATCTAGAC-1_2_1_1_1","DC","B-ActMem",4.20130249650288,5.32536103991207
"GTAACCAGTGCGTCGT-1_2_1_1_1","DC","B-Naive",4.07416817338276,-0.520425889218489
"GTAATCGTCATTTACC-1_2_1_1_1","DC","B-ActMem",3.3301605859499,5.1664970186108
"GTACAACTCCGACGGT-1_2_1_1_1","DC","B-Naive",-1.32120552866649,-2.94120261403386
"GTAGAGGTCGTTCAGA-1_2_1_1_1","DC","B-ActMem",3.98873850495625,4.53113272455867
"GTAGATCTCGAACACT-1_2_1_1_1","DC","B-Naive",-2.31806972830486,-1.32944342824284
"GTAGCTACAACAGATA-1_2_1_1_1","DC","B-Act1",-2.73785928099346,0.990238350307306
"GTATTGGCATAGAAAC-1_2_1_1_1","DC","B-Naive",-1.99990692942333,-2.73838660451237
"GTATTTCAGTGATCGG-1_2_1_1_1","DC","B-Naive",-2.59701231329631,0.495426919733843
"GTATTTCGTTAGGGAC-1_2_1_1_1","DC","B-Act1",-3.87177303641033,1.91589060095485
"GTCACTCAGACAACAT-1_2_1_1_1","DC","B-Act1",-3.78068021147442,-1.77258918019597
"GTCACTCAGAGGGTCT-1_2_1_1_1","DC","B-Naive",4.57251068742085,-2.55850884648625
"GTCACTCTCGGCTATA-1_2_1_1_1","DC","B-Naive",-0.38959270923328,-3.63133690091435
"GTCATTTCAGCTGTCG-1_2_1_1_1","DC","B-Naive",-3.18963459341716,-2.86731669637028
"GTCATTTTCGAGTTGT-1_2_1_1_1","DC","B-Act2",4.68660256058979,2.99761739042934
"GTCCACTAGCCTATTG-1_2_1_1_1","DC","B-Naive",-0.898060532500263,-3.88165685864751
"GTCCACTTCTGTCCGT-1_2_1_1_1","DC","B-Mye",-1.3758164963026,6.62083843020137
"GTCCTCACAATGCAAA-1_2_1_1_1","DC","B-Act1",-3.98112753241253,1.97464474705394
"GTCGAATAGATAGGGA-1_2_1_1_1","DC","B-Naive",-1.3232475837965,-0.258232924664656
"GTCGAATCACCCAACG-1_2_1_1_1","DC","B-Plasma",11.7368158975344,0.848032202994188
"GTCGAATCACCCAAGC-1_2_1_1_1","DC","B-Naive",3.4605898538332,3.32161762980159
"GTCGAATCACTATCGA-1_2_1_1_1","DC","B-Naive",-5.14574387877178,-0.0628115865832961
"GTCGCGATCAGAGCGA-1_2_1_1_1","DC","B-Naive",2.74738356263447,-0.0865032407886184
"GTCGTTCGTAGGCTGA-1_2_1_1_1","DC","B-Act2",4.70751234681416,2.03612270620998
"GTCTACCCAGAACTAA-1_2_1_1_1","DC","B-Naive",1.37681612164784,1.41954221991237
"GTCTAGACAGCTGGTC-1_2_1_1_1","DC","B-Naive",-0.903442951132771,-2.49703595372502
"GTCTAGACAGTCAGCC-1_2_1_1_1","DC","B-Naive",-3.28533795683574,-0.909433338368574
"GTCTAGATCCCTCATG-1_2_1_1_1","DC","B-Mye",-0.264650302221295,6.18767764834102
"GTCTGTCAGCCTTCTC-1_2_1_1_1","DC","B-ActMem",4.38860937745381,5.21667220858272
"GTCTGTCTCGGTTAGT-1_2_1_1_1","DC","B-Act1",-1.89632967322063,2.01067319182094
"GTCTTTACATCTAACG-1_2_1_1_1","DC","B-ActMem",4.30843493134785,4.30824544695552
"GTCTTTAGTATCAGCT-1_2_1_1_1","DC","B-Naive",-0.665433975150105,-2.84373995992009
"GTCTTTAGTGAGCAGT-1_2_1_1_1","DC","B-Plasma",12.2173294702272,0.4841507342213
"GTGATGTAGGTAAAGG-1_2_1_1_1","DC","B-Naive",2.72741672189045,1.78679003981288
"GTGATGTTCTAGACAC-1_2_1_1_1","DC","B-Naive",4.79246565491963,-1.72514316769902
"GTGCAGCAGCGTTACT-1_2_1_1_1","DC","B-Naive",4.4209866204958,-1.10801169606511
"GTGCAGCCATCTATCT-1_2_1_1_1","DC","B-Naive",-3.40236881582927,-1.6154911253101
"GTGCTTCTCAACTACG-1_2_1_1_1","DC","B-Act2",4.831863848279,1.08392477822836
"GTGCTTCTCTGGTGGC-1_2_1_1_1","DC","B-Act1",-3.74368813841533,1.31996196178134
"GTGGCGTAGAGTACCG-1_2_1_1_1","DC","B-Naive",-2.89205888121318,-2.4992379877216
"GTGTCCTAGTGGACTG-1_2_1_1_1","DC","B-ActMem",3.04418942124653,4.16498616007503
"GTGTCCTCACATATCG-1_2_1_1_1","DC","B-Naive",-0.779302509715077,-0.508327576840559
"GTGTGATAGTCATCGT-1_2_1_1_1","DC","B-Act1",-1.81202653258037,2.35141995218929
"GTGTGATGTTAGTCGT-1_2_1_1_1","DC","B-Naive",-0.851534338881489,-1.3913666937
"GTGTGGCAGTATGATG-1_2_1_1_1","DC","B-Naive",2.89120337159443,0.469141271387895
"GTGTGGCGTACACGTT-1_2_1_1_1","DC","B-Mye",-0.533192547251698,6.81950500277217
"GTTACAGCAAGAGTGC-1_2_1_1_1","DC","B-Naive",-2.29236224501323,0.0982349183910691
"GTTACAGGTTTCACTT-1_2_1_1_1","DC","B-Act1",-2.95416382162761,1.94215467241939
"GTTACCCAGGAAAGTG-1_2_1_1_1","DC","B-Mye",-0.796194883276936,6.6081679132336
"GTTACGACATGTCTAG-1_2_1_1_1","DC","B-Act2",-3.70604136793804,-0.678850266659895
"GTTAGACGTGCAATGG-1_2_1_1_1","DC","B-Naive",-0.885975452353474,-2.67623946400944
"GTTCATTAGATTGAGT-1_2_1_1_1","DC","B-Naive",2.85105678231526,2.25865485933956
"GTTGAACCACAGTGAG-1_2_1_1_1","DC","B-Naive",-1.60421470015239,-0.125854108060042
"GTTGAACTCCAGTTCC-1_2_1_1_1","DC","B-Naive",0.53171762616444,-4.34628269406621
"GTTGTAGTCATCACCC-1_2_1_1_1","DC","B-Act1",-4.45025733320903,0.0581664708011949
"GTTTACTTCGGAACTT-1_2_1_1_1","DC","B-Naive",-0.539417507340428,1.3222922947758
"TAACACGAGCTGACAG-1_2_1_1_1","DC","B-Naive",-0.639287146021839,-1.74989340039555
"TAACCAGTCTCAACGA-1_2_1_1_1","DC","B-Naive",0.681238202164654,-3.74422571393315
"TAACTTCAGACCATTC-1_2_1_1_1","DC","B-ActMem",3.70169207246113,5.00944593218501
"TAACTTCTCCGAGATT-1_2_1_1_1","DC","B-Naive",3.38230725915242,-1.25965378018681
"TAAGCCATCCGCAACG-1_2_1_1_1","DC","B-Naive",-3.79243019430828,-2.92112705441777
"TAAGTCGAGTGCAACG-1_2_1_1_1","DC","B-Act1",-5.24250415175151,0.874754440461954
"TAAGTCGCAACTCGTA-1_2_1_1_1","DC","B-Act1",-5.24087670653057,0.600027498280367
"TAAGTCGGTTGTGTAC-1_2_1_1_1","DC","B-Naive",0.426944283555034,1.48705312279399
"TAATTCCAGCGGATCA-1_2_1_1_1","DC","B-Naive",-2.0206854662199,-0.814873549664656
"TAATTCCTCCTCGCAT-1_2_1_1_1","DC","B-Naive",0.457884756634716,-2.09621307584111
"TAATTCCTCTCCGAGG-1_2_1_1_1","DC","B-ActMem",3.91385313660908,4.92570379046138
"TACACCCTCGGATAAA-1_2_1_1_1","DC","B-Act1",-3.70859006254863,1.57226535347637
"TACAGGTTCTTTCCAA-1_2_1_1_1","DC","B-Naive",-1.99727109282207,-3.62813017102543
"TACCCACAGCAACAAT-1_2_1_1_1","DC","B-Naive",-2.00288740008068,-3.80539629193608
"TACCCACTCAAGAAAC-1_2_1_1_1","DC","B-Act1",-3.47814706175518,1.62438335684474
"TACCCACTCTCATTTG-1_2_1_1_1","DC","B-ActMem",4.10262438447285,3.70835140017207
"TACCTCGCAAGGCAAC-1_2_1_1_1","DC","B-Naive",-1.31732824652385,-1.53548047276799
"TACCTCGTCTCAGTCC-1_2_1_1_1","DC","B-Act1",-3.79240539877605,0.903238308107218
"TACGGGCCAGGATCTT-1_2_1_1_1","DC","B-Naive",-1.68282059042644,-1.46039650174443
"TACGGGCTCGGACTGC-1_2_1_1_1","DC","B-Naive",0.0891506055097616,-1.01237342091862
"TACTTCATCGCCATAA-1_2_1_1_1","DC","B-Mye",-0.824818941046711,6.46155145434078
"TAGACCAGTCGCCACA-1_2_1_1_1","DC","B-Naive",2.43807050378132,2.24980523852046
"TAGCACAGTTTCAGAC-1_2_1_1_1","DC","B-Naive",-0.377661707093235,-1.75064751836125
"TAGGAGGGTCATCGGC-1_2_1_1_1","DC","B-Naive",-1.16755786745739,-1.30476901265446
"TAGGTACCAGAGTAAT-1_2_1_1_1","DC","B-Act1",-5.37727883665752,1.65862413910564
"TAGGTACGTCGAGTTT-1_2_1_1_1","DC","B-Act2",5.13366934449482,1.74153640536006
"TATACCTCACAAAGTA-1_2_1_1_1","DC","B-Mye",-0.281649830033299,7.31494310167964
"TATATCCAGATGGCGT-1_2_1_1_1","DC","B-Naive",0.0115742364625967,1.65184023646053
"TATATCCGTAGCTTAC-1_2_1_1_1","DC","B-Naive",-0.116579614793178,-3.472674581731
"TATCAGGGTAACATCC-1_2_1_1_1","DC","B-Naive",-0.785937102725025,-3.17459366055791
"TATCCTATCACGAGGA-1_2_1_1_1","DC","B-Naive",0.023945716927532,-1.70375439854924
"TATCTGTCATGAATCC-1_2_1_1_1","DC","B-Naive",0.178857145617489,-4.49164888593022
"TATCTGTCATGGATCT-1_2_1_1_1","DC","B-Naive",-1.26813987105083,-3.8918115827686
"TATCTTGGTGTCCTAA-1_2_1_1_1","DC","B-Naive",2.76499172837544,-1.89274618359868
"TATGTTCGTCAACACT-1_2_1_1_1","DC","B-Act1",-3.83782580702495,2.17123570707973
"TATGTTCTCACCGGTG-1_2_1_1_1","DC","B-Naive",-0.421299191405293,1.59317931202587
"TATTCCACACTTGTGA-1_2_1_1_1","DC","B-Naive",-2.34838178961467,-0.393077347005049
"TATTGGGTCTTGGTGA-1_2_1_1_1","DC","B-Naive",0.177446154664043,0.606084105049928
"TCAAGTGTCTCATGGA-1_2_1_1_1","DC","B-Plasma",12.235051600049,0.538074937140306
"TCAATCTCACCCTATC-1_2_1_1_1","DC","B-Naive",2.43431517274189,-3.17573377820317
"TCAATCTGTACGGTTT-1_2_1_1_1","DC","B-Naive",-2.64743736593914,-0.947505686009566
"TCACTATAGTGTACAA-1_2_1_1_1","DC","B-Act1",-5.37121585219097,1.2496838834637
"TCACTCGAGGTTACCT-1_2_1_1_1","DC","B-Act1",-1.51670769064617,2.73923018244441
"TCAGCCTTCGCCTCTA-1_2_1_1_1","DC","B-Naive",-2.81648734419536,-3.51565525265996
"TCAGGGCTCGGACAAG-1_2_1_1_1","DC","B-Naive",-2.6168449243803,0.386878159319719
"TCAGGTAGTTGGGATG-1_2_1_1_1","DC","B-Naive",1.47087153584767,1.09426804674204
"TCAGTGAGTGAATGTA-1_2_1_1_1","DC","B-Act1",-3.57841590254497,0.429850604807695
"TCAGTGATCCAGTGTA-1_2_1_1_1","DC","B-ActMem",4.35806414277363,4.27172758845027
"TCATCATAGACCAAGC-1_2_1_1_1","DC","B-Act1",-4.02180651037883,-1.56410906049077
"TCATCATGTGCCCGTA-1_2_1_1_1","DC","B-Naive",2.66809507996846,-2.01545355054204
"TCATCCGGTACACGCC-1_2_1_1_1","DC","B-Naive",-1.10276851265621,-2.21976825925175
"TCATGCCAGGATACAT-1_2_1_1_1","DC","B-Naive",-0.677713068415638,-2.92963001462285
"TCATGGAAGGTTCTAC-1_2_1_1_1","DC","B-Naive",-0.48459124772739,1.51391201881107
"TCATGGAGTTCCGCTT-1_2_1_1_1","DC","B-Naive",0.625146953175548,-1.03211495610539
"TCATTACCAGAAACCG-1_2_1_1_1","DC","B-Naive",0.639114467213634,-2.85508153172795
"TCATTACCATCCGAGC-1_2_1_1_1","DC","B-Naive",-1.76445773451519,-1.98022911282841
"TCATTCAGTGTACAGG-1_2_1_1_1","DC","B-Act1",-5.36332610457134,2.25145020750697
"TCATTTGGTAGACGGT-1_2_1_1_1","DC","B-Naive",-2.24856236784649,-0.828199717724959
"TCCACCACAGGCACTC-1_2_1_1_1","DC","B-Act1",-3.49420979826641,1.51788296965297
"TCCAGAAAGTAGGATT-1_2_1_1_1","DC","B-Naive",0.944372860501293,-0.856489512646834
"TCCAGAATCGCGTTTC-1_2_1_1_1","DC","B-Naive",2.44042750985432,-1.50004598828618
"TCCATCGAGTGGTTCT-1_2_1_1_1","DC","B-Naive",-1.1190125068922,-0.879767868245283
"TCCGAAAAGTATGCAA-1_2_1_1_1","DC","B-Naive",2.70967241914082,-1.84358904095952
"TCCGAAATCGGTCATA-1_2_1_1_1","DC","B-ActMem",4.01285597474385,4.54950144556697
"TCCGGGAAGTGTACCT-1_2_1_1_1","DC","B-Act1",-5.07958558409404,1.91455438402828
"TCCGTGTGTGAGCTCC-1_2_1_1_1","DC","B-Naive",-2.39909461348247,-2.99481079312626
"TCCGTGTGTGGGTATG-1_2_1_1_1","DC","B-Act1",-3.92204287855816,2.11991455820735
"TCCTCTTTCCCTCAAC-1_2_1_1_1","DC","B-Act1",-3.90828207342815,-1.59268185826604
"TCCTCTTTCCCTCATG-1_2_1_1_1","DC","B-Naive",-2.25073173849773,-4.45791456433598
"TCCTTCTCACACACGC-1_2_1_1_1","DC","B-Naive",-2.251552375247,-4.49004862042729
"TCCTTCTCAGTGCGCT-1_2_1_1_1","DC","B-Naive",-0.701623531271931,-3.54498741360966
"TCCTTCTGTCTACACA-1_2_1_1_1","DC","B-Naive",-1.90495684950542,-4.681330415929
"TCCTTTCGTCACGACC-1_2_1_1_1","DC","B-Naive",-0.0835967941482031,-4.46894046994511
"TCGAACAAGCCATATC-1_2_1_1_1","DC","B-Naive",-3.75738910048198,-2.96538850995366
"TCGAACAGTCGAGTTT-1_2_1_1_1","DC","B-Naive",0.888037172863964,2.13719597128566
"TCGACCTTCAAGTGTC-1_2_1_1_1","DC","B-Naive",-0.21119842885923,-0.474555108273665
"TCGACGGGTATGTCAC-1_2_1_1_1","DC","B-Naive",0.697194723198894,-0.738762232983748
"TCGATTTTCCTGCCAT-1_2_1_1_1","DC","B-Naive",-1.00539627878856,-1.60876342984501
"TCGCACTCAAGTTCCA-1_2_1_1_1","DC","B-Act1",-3.54616001455974,1.76192053822215
"TCGCACTCACTGCGTG-1_2_1_1_1","DC","B-Naive",-1.3860773166914,-2.5510551664478
"TCGCAGGCATTGAAGA-1_2_1_1_1","DC","B-Naive",0.550549117634777,-0.505078408444563
"TCGCAGGGTGATTGGG-1_2_1_1_1","DC","B-Act1",-2.16720560400676,1.70333328512843
"TCGCTCAAGCCATTTG-1_2_1_1_1","DC","B-Act2",4.05242582948017,1.1139017608517
"TCGGATACACAATTCG-1_2_1_1_1","DC","B-Naive",4.80943724305439,-1.68472907277409
"TCGGGCAGTGATCGTT-1_2_1_1_1","DC","B-Naive",-0.955812009264942,-2.8204700681812
"TCGGGTGGTCACTTAG-1_2_1_1_1","DC","B-Naive",2.82663413674641,-1.13070103856389
"TCGGTCTGTCAGCGTC-1_2_1_1_1","DC","B-Naive",0.0747151801090277,2.18530824450191
"TCGTAGACAACCCGCA-1_2_1_1_1","DC","B-Naive",-2.36252978651714,-0.728203985417525
"TCGTAGATCCGCAAAT-1_2_1_1_1","DC","B-Act1",-2.64240339605999,1.14602063265975
"TCGTCCACACATACTG-1_2_1_1_1","DC","B-Naive",1.8295387902956,-0.408189389432112
"TCGTGGGAGAACCGCA-1_2_1_1_1","DC","B-Naive",-2.76558402388286,0.609806474720796
"TCGTGGGGTCTTTCAT-1_2_1_1_1","DC","B-ActMem",3.9444069543581,5.30659654406246
"TCTAACTCAGGGCTTC-1_2_1_1_1","DC","B-Act1",-5.51092103331279,0.261085059916338
"TCTAACTGTTATCCAG-1_2_1_1_1","DC","B-Naive",2.47419759423542,-2.83802840443913
"TCTATACCAGAGGTTG-1_2_1_1_1","DC","B-Naive",0.191197423050884,-2.15446088048283
"TCTATCATCACAAGGG-1_2_1_1_1","DC","B-ActMem",3.99670406968403,5.35850456026729
"TCTCAGCAGCTAAGTA-1_2_1_1_1","DC","B-Naive",-0.00523964523267384,0.778216388499101
"TCTGGCTTCCGTAGGC-1_2_1_1_1","DC","B-Naive",2.14320513398457,-1.03512284489934
"TCTGTCGAGACCAACG-1_2_1_1_1","DC","B-Naive",5.12259861619282,-1.73825809689824
"TCTGTCGCAAGACCTT-1_2_1_1_1","DC","B-Naive",3.17070743233967,0.0519579913967454
"TCTTGCGAGCACTCTA-1_2_1_1_1","DC","B-Naive",-0.973579677035328,-4.12466404172246
"TCTTTGACATGCCGCA-1_2_1_1_1","DC","B-Naive",-0.61161476581287,-3.20355388852421
"TGAACGTTCGCATGAT-1_2_1_1_1","DC","B-Naive",-2.77171328871441,-0.613394591534773
"TGAATGCTCATAGACC-1_2_1_1_1","DC","B-Act1",-2.65211609213543,1.76322087315257
"TGACAGTAGTCACAGG-1_2_1_1_1","DC","B-Naive",-1.3865781149168,1.43683766988452
"TGACAGTTCCACAGCG-1_2_1_1_1","DC","B-Act1",-3.76051643698406,1.20328117576774
"TGACCCTCACAAATCC-1_2_1_1_1","DC","B-Naive",0.630585817406658,-3.6240155431873
"TGAGACTAGAGCTTTC-1_2_1_1_1","DC","B-Naive",-1.50069025366497,-0.252447817052046
"TGAGACTTCGTTCCTG-1_2_1_1_1","DC","B-Naive",-0.95170739500713,1.8290946748608
"TGAGGGAAGGTCGCCT-1_2_1_1_1","DC","B-Naive",-1.7980394682188,-2.91064378949467
"TGAGGGATCGTCGACG-1_2_1_1_1","DC","B-Naive",0.8180294314127,1.15638933000501
"TGAGGTTAGTTGAAGT-1_2_1_1_1","DC","B-Naive",0.510681120465282,-2.59484550687138
"TGAGTCACAGGTTCGC-1_2_1_1_1","DC","B-Act1",-4.30827143995952,0.111236300741991
"TGATCTTAGACAGCTG-1_2_1_1_1","DC","B-Act2",4.53136250169087,0.886263680135568
"TGATGGTGTTGGACCC-1_2_1_1_1","DC","B-Naive",1.60394915730763,1.5051872995251
"TGATTCTCATCCGAAT-1_2_1_1_1","DC","B-Naive",-0.964165421416279,-4.07010051938359
"TGATTTCTCCGAGAAG-1_2_1_1_1","DC","B-Act1",2.38993832261372,5.11092498568233
"TGATTTCTCTGTGCAA-1_2_1_1_1","DC","B-Naive",-1.17320481150341,-4.66568681927983
"TGCACGGGTCGAGCTC-1_2_1_1_1","DC","B-Naive",0.817501036236767,2.44164040354427
"TGCACGGTCTTTGCGC-1_2_1_1_1","DC","B-ActMem",3.29340359360981,5.31749894884761
"TGCATCCTCATTACTC-1_2_1_1_1","DC","B-Naive",3.55411359460163,-2.14147064420048
"TGCATCCTCATTTCGT-1_2_1_1_1","DC","B-Naive",2.66460510880757,-1.50608370038334
"TGCATGAGTTTCAGAC-1_2_1_1_1","DC","B-Act1",-1.4088952860136,1.2982778516167
"TGCGACGCACCGGCTA-1_2_1_1_1","DC","B-Naive",-3.34611132948589,-3.0209448072559
"TGCGATAAGCATCGAG-1_2_1_1_1","DC","B-Naive",-3.23594430296611,-0.818481180394331
"TGCGATATCTATTTCG-1_2_1_1_1","DC","B-Mye",-0.212999047924992,6.17949607638057
"TGCTCCACACTGAGTT-1_2_1_1_1","DC","B-Naive",-1.77021053641033,-3.59685346814458
"TGCTGAACAGCTACCG-1_2_1_1_1","DC","B-Act1",-4.50849631636333,-0.175971243107954
"TGCTGAAGTGATTCAC-1_2_1_1_1","DC","B-Naive",-2.16725853293132,-3.37779924603764
"TGCTGAATCGCATGAT-1_2_1_1_1","DC","B-Naive",-1.23913517801952,-0.983112070286909
"TGCTTCGAGCATGAAT-1_2_1_1_1","DC","B-Act1",-5.13054278700542,0.540602531706651
"TGCTTCGAGTGGTGAC-1_2_1_1_1","DC","B-Naive",4.86526486069966,-1.77375099393193
"TGGAACTCAAGTGATA-1_2_1_1_1","DC","B-Naive",1.8792990127306,-0.447043511593977
"TGGAGAGCAAGCGGAT-1_2_1_1_1","DC","B-Naive",2.12600371033955,0.320791867052873
"TGGATCACAGGTGTTT-1_2_1_1_1","DC","B-Naive",-1.69034460394573,-2.21023390027348
"TGGCGTGCAAGGTTGG-1_2_1_1_1","DC","B-Naive",1.86452314050007,1.04079511687506
"TGGGAAGAGAAGTATC-1_2_1_1_1","DC","B-Naive",2.11011406571675,1.89632412460979
"TGGGAGACACAACCGC-1_2_1_1_1","DC","B-Act1",-4.86594489424419,2.02614304093059
"TGGGATTAGAGGATGA-1_2_1_1_1","DC","B-Act1",-4.25558808653545,1.35450359848674
"TGGGATTGTTAGGAGC-1_2_1_1_1","DC","B-Naive",0.237739650319103,0.439743306910356
"TGGGCGTGTACTGAGG-1_2_1_1_1","DC","B-Naive",2.11468311936665,0.9739123028272
"TGGTGATGTGTCACAT-1_2_1_1_1","DC","B-Naive",1.03405269772816,1.53880825308498
"TGTACAGGTACAAGTA-1_2_1_1_1","DC","B-Naive",1.31825789601612,-0.315637681210676
"TGTACAGTCATGAGTC-1_2_1_1_1","DC","B-Act2",-1.82158735602092,0.295675721442064
"TGTAGACCACCGGAAA-1_2_1_1_1","DC","B-Act2",4.65107390076924,1.98414632347759
"TGTAGACTCGTTATCT-1_2_1_1_1","DC","B-Naive",1.27794524819661,2.51895609167751
"TGTCCCACATACTGTG-1_2_1_1_1","DC","B-Act2",4.40855738313008,2.19051959780391
"TGTCCTGAGGGCGAAG-1_2_1_1_1","DC","B-Naive",0.680028764317516,1.79669722584422
"TGTCCTGGTGTGTCGC-1_2_1_1_1","DC","B-Act1",-5.11257460921001,2.01116564539607
"TGTGATGTCTGGGTCG-1_2_1_1_1","DC","B-Naive",0.551846472332958,-2.5161590311176
"TGTGTGACAAATGAGT-1_2_1_1_1","DC","B-Naive",1.37654933125782,1.73690959480937
"TGTTACTGTACGTACT-1_2_1_1_1","DC","B-Naive",-1.43454066126537,-3.39067432614628
"TGTTACTGTGAGTGAC-1_2_1_1_1","DC","B-Naive",-0.844834299971577,-0.737489435399214
"TGTTTGTCAAAGGAGA-1_2_1_1_1","DC","B-Act1",-5.70362380354595,1.15319557157691
"TTAATCCGTATTCCGA-1_2_1_1_1","DC","B-Mye",-0.508058490445133,7.88673332003292
"TTACAGGAGGTAAGGA-1_2_1_1_1","DC","B-Act1",-2.38547805159282,0.648948457514604
"TTACAGGCAAACCATC-1_2_1_1_1","DC","B-Naive",-2.59647253363323,-3.3661653730518
"TTACAGGTCACCATCC-1_2_1_1_1","DC","B-Naive",-2.202972920825,-3.31483576031987
"TTACAGGTCCATCCGT-1_2_1_1_1","DC","B-Naive",-1.49126318304729,-2.82483956548039
"TTACCATCAAGCGCAA-1_2_1_1_1","DC","B-Act2",-3.29382208197307,-1.20828530522648
"TTACCATCACGGCTAC-1_2_1_1_1","DC","B-Naive",-1.00635937063884,1.68632176188167
"TTACGCCTCCTACACC-1_2_1_1_1","DC","B-Naive",-1.2493836006422,-3.66746732922856
"TTACGCCTCGCAATTG-1_2_1_1_1","DC","B-Act2",4.4325627961855,2.09831812647518
"TTACGTTAGCTACGTT-1_2_1_1_1","DC","B-Naive",-0.605382355143543,-2.95030734273259
"TTACTGTCAAGTAGTA-1_2_1_1_1","DC","B-Naive",-2.71131065695476,0.974258605813345
"TTAGTCTGTTTAGACC-1_2_1_1_1","DC","B-Naive",0.260648695538524,0.0411334302776658
"TTATTGCAGACTCATC-1_2_1_1_1","DC","B-Act2",5.23233982713032,1.17831131485637
"TTATTGCAGTTATGGA-1_2_1_1_1","DC","B-Naive",0.188717869828228,1.65822681454357
"TTATTGCCAGTATACC-1_2_1_1_1","DC","B-Naive",4.36453959138203,-2.98036644192998
"TTCAATCTCATCGCCT-1_2_1_1_1","DC","B-Naive",-2.36228898375225,-3.66512558194462
"TTCAGGAGTTCCGCTT-1_2_1_1_1","DC","B-ActMem",3.55410787255574,4.50950696734126
"TTCATGTCACTAACGT-1_2_1_1_1","DC","B-Naive",-0.983781131197926,-2.77193805905644
"TTCCAATAGGCAATGC-1_2_1_1_1","DC","B-Naive",-2.56029680578899,-0.603600833142439
"TTCCACGTCGGTCGAC-1_2_1_1_1","DC","B-Naive",3.05596086175251,0.493360843931993
"TTCCGGTAGGGAGTGG-1_2_1_1_1","DC","B-Naive",3.83102485329914,-2.76601192685429
"TTCCTAACATAACAGA-1_2_1_1_1","DC","B-Naive",0.554433552334789,-4.30488798352543
"TTCGATTGTAGACGTG-1_2_1_1_1","DC","B-Naive",0.90573832185078,-0.0355928871280349
"TTCGCTGGTTCGGTAT-1_2_1_1_1","DC","B-Naive",0.986515370915417,-0.398042652333418
"TTCGGTCAGCCTCAGC-1_2_1_1_1","DC","B-Naive",-0.456530692269322,-2.82614609929387
"TTCGGTCTCGTGCATA-1_2_1_1_1","DC","B-Naive",-0.782171340872761,0.366198089396318
"TTCTAGTCACCGTCTT-1_2_1_1_1","DC","B-Naive",-1.35387137739849,-2.34942838879887
"TTCTTCCTCTAGGAAA-1_2_1_1_1","DC","B-Naive",5.18163248688984,-1.46737835141484
"TTGAACGGTTGGTACT-1_2_1_1_1","DC","B-Act2",4.49259993226338,0.815086286937555
"TTGAACGTCTTAGGAC-1_2_1_1_1","DC","B-Naive",2.07688137681294,-0.95613977643315
"TTGACCCAGATTTGCC-1_2_1_1_1","DC","B-Act1",-2.59820226042461,1.88957801130947
"TTGACCCTCAAGTGTC-1_2_1_1_1","DC","B-Naive",2.91685363442707,3.12232997683223
"TTGCCTGAGATCCTAC-1_2_1_1_1","DC","B-Naive",-3.19368103354168,-2.00862309666936
"TTGCCTGGTCTGATAC-1_2_1_1_1","DC","B-Naive",-3.46223142950725,-3.04416868420903
"TTGGATGAGTCCGCCA-1_2_1_1_1","DC","B-Naive",0.160530922720913,0.271769848143419
"TTGGATGTCGCTCCTA-1_2_1_1_1","DC","B-Naive",3.6972145715456,0.524213042532762
"TTGGGCGCATAGTCGT-1_2_1_1_1","DC","B-Naive",1.23695263058949,1.37023946312602
"TTGGGTAAGGTTAAAC-1_2_1_1_1","DC","B-Act2",-3.25710013716411,-2.501642915929
"TTGGGTACATCCAACA-1_2_1_1_1","DC","B-Naive",0.837275353978161,0.0314674642437303
"TTGGTTTCAGCTTTGA-1_2_1_1_1","DC","B-Naive",4.19266983659077,-2.81354686948125
"TTGGTTTCAGTCTCTC-1_2_1_1_1","DC","B-Mye",-1.23705867140484,6.61767080095943
"TTGTGTTAGAACAGGA-1_2_1_1_1","DC","B-Naive",-1.02656111328792,0.0584337380283677
"TTTACGTCACAGCGCT-1_2_1_1_1","DC","B-Naive",0.579484728882793,-0.00155195924107199
"TTTCAGTCAGCAGATG-1_2_1_1_1","DC","B-Naive",-1.09787407725048,-4.28897354337041
"TTTCAGTGTCGCATTA-1_2_1_1_1","DC","B-Naive",-1.21100071280193,-0.00378319951359396
"TTTCAGTTCTCTCGCA-1_2_1_1_1","DC","B-Naive",-2.44195845930767,-1.50601026746098
"TTTCGATCACAATGTC-1_2_1_1_1","DC","B-Naive",-1.23200646250438,-2.55396053525273
"TTTCGATTCCCATTTA-1_2_1_1_1","DC","B-Naive",-0.787599535872456,0.748237219130357
"TTTGACTAGCTTAAGA-1_2_1_1_1","DC","B-Naive",3.90175863892842,-2.42601654263798
"TTTGACTCACTTACAG-1_2_1_1_1","DC","B-Naive",-1.49001899569225,-4.58931276532475
"TTTGATCCATCTGCGG-1_2_1_1_1","DC","B-Naive",1.37931653649617,2.91936531332668
"TTTGATCGTATGAAGT-1_2_1_1_1","DC","B-Naive",1.6694978156786,-2.68397352429692
"TTTGGAGAGATTAGCA-1_2_1_1_1","DC","B-Naive",-0.644059213091847,2.02385940817531
"TTTGGTTCACTGTCCT-1_2_1_1_1","DC","B-Naive",-0.774394424845692,-4.68663713666264
"TTTGGTTGTTCCGCGA-1_2_1_1_1","DC","B-Naive",-0.305095808794018,-1.5998308393604
"ACGCACGAGCCTCTCT-1_1_1_1","IR","B-Naive",-3.45209911673259,-1.41119549008671
"ACGGAAGCAGCTGCCA-1_1_1_1","IR","B-Naive",2.0309776941042,2.49632432726558
"ACGGAAGCAGTAACGG-1_1_1_1","IR","B-Naive",2.68978115708638,0.5715650585049
"ACGGAAGGTATCACCA-1_1_1_1","IR","B-Plasma",11.6415619531374,1.07880892274316
"ACGGTCGAGCCATTCA-1_1_1_1","IR","B-Plasma",12.1831545510988,0.556872871195635
"ACGGTTACAAGGCAAC-1_1_1_1","IR","B-Naive",-1.1730554422636,0.669252332722505
"ACGGTTACACGCAAAG-1_1_1_1","IR","B-Plasma",11.5720295587282,1.12170236227449
"ACGGTTACATCCTTGC-1_1_1_1","IR","B-Naive",0.884817091534618,-3.56998035641972
"ACGTAACAGCGTACAG-1_1_1_1","IR","B-Naive",-2.0650745949049,-1.52524254056279
"ACGTAACGTCACCGAC-1_1_1_1","IR","B-ActMem",4.0161547342043,5.17390420702632
"ACGTACAAGTCCTGCG-1_1_1_1","IR","B-Naive",-0.619728775908467,-3.67844698163334
"ACGTACACAGCTACTA-1_1_1_1","IR","B-Naive",-0.826548727442738,-3.46731350156132
"ACGTAGTGTCAACGCC-1_1_1_1","IR","B-Naive",-2.63624289839458,-0.728655192578474
"ACGTCCTCAGTAGAAT-1_1_1_1","IR","B-Act2",4.85458704621601,2.25253727701839
"ACGTTCCGTAGCTTAC-1_1_1_1","IR","B-Naive",-0.84081301300716,-2.16189644070927
"ACTATCTAGTTGCGCC-1_1_1_1","IR","B-Naive",0.115350944707874,-1.97137639256779
"ACTATGGAGGCGCTCT-1_1_1_1","IR","B-Act1",-0.499523433138844,-0.0477870437747634
"ACTATGGAGGGCTGAT-1_1_1_1","IR","B-Naive",-2.5280518850584,-0.399604174817244
"ACTATTCGTTAGAAGT-1_1_1_1","IR","B-Naive",-1.81404581873607,0.22011801270183
"ACTGATGAGCTTCTAG-1_1_1_1","IR","B-Plasma",12.3181080499392,0.385000911032518
"ACTGATGTCGCGATCG-1_1_1_1","IR","B-ActMem",4.05262562424946,4.8524830606335
"ACTGCAATCGGCATTA-1_1_1_1","IR","B-Mye",-0.265966000248905,7.88726022509273
"ACTGTCCAGGATTCAA-1_1_1_1","IR","B-Naive",-0.949011655737873,6.06344440249141
"ACTGTCCCACGTTCGG-1_1_1_1","IR","B-Naive",4.62269446046162,-1.94165942403142
"ACTGTCCGTCTTTCAT-1_1_1_1","IR","B-Naive",-2.5494895300169,-2.87623641225163
"ACTGTCCGTGGGCTCT-1_1_1_1","IR","B-Naive",2.31177732140828,-1.9185404512531
"ACTGTGATCATACAGC-1_1_1_1","IR","B-Naive",-1.98662141173076,-1.41649458142583
"ACTTATCAGAAGAGCA-1_1_1_1","IR","B-Naive",-1.41279080717754,-1.09184548589055
"ACTTATCGTGCATGAG-1_1_1_1","IR","B-Naive",0.748082069466595,-3.03952381345097
"ACTTATCTCGTGTCAA-1_1_1_1","IR","B-ActMem",4.07097098023701,4.2442398336285
"ACTTCCGGTTGCTGAT-1_1_1_1","IR","B-Naive",4.42873760850239,-2.49344680043522
"ACTTCCGTCTGACGCG-1_1_1_1","IR","B-Naive",-2.13978174536419,-4.33051368924443
"ACTTCGCAGCGCCGTT-1_1_1_1","IR","B-Naive",-0.52077996938419,-2.30618283482854
"ACTTCGCGTGCGGTAA-1_1_1_1","IR","B-Act2",4.92471453339863,2.11447527674373
"ACTTTCACAGCAGTCC-1_1_1_1","IR","B-Naive",-0.013114730109688,-2.84966609212224
"ACTTTGTAGTGCGTCC-1_1_1_1","IR","B-ActMem",3.66193362862873,3.700425651347
"AGAAATGGTGCCGTTG-1_1_1_1","IR","B-Naive",0.899176446507458,-2.24962327214543
"AGAAATGTCCTATGGA-1_1_1_1","IR","B-Act1",-3.48749545424175,1.60289671686824
"AGAAATGTCCTGATAG-1_1_1_1","IR","B-Naive",0.227090207646374,-1.30295989247624
"AGAACAACAACGTAAA-1_1_1_1","IR","B-Naive",-1.29741814940166,-1.27369210454289
"AGAACAATCTTACCAT-1_1_1_1","IR","B-Mye",-0.756601067473408,7.90434053209957
"AGAACCTGTTCGGCTG-1_1_1_1","IR","B-Naive",1.75029131562519,-0.380364272320906
"AGAAGCGCAATGTCTG-1_1_1_1","IR","B-ActMem",3.74317118317891,5.29558255938228
"AGAAGTAAGCCTATTG-1_1_1_1","IR","B-Naive",1.68308540971089,-1.22793409558598
"AGACAAAAGCCAGAGT-1_1_1_1","IR","B-Naive",-2.80376365988445,-4.037615987981
"AGACAAAAGGATGGCT-1_1_1_1","IR","B-Naive",-0.161459112753388,-2.49728009435002
"AGACACTAGAAATCCA-1_1_1_1","IR","B-Naive",-0.271480428268429,-1.22363469334904
"AGACACTAGTACCATC-1_1_1_1","IR","B-Naive",-0.231746854474064,-2.69709131451909
"AGACACTGTGCCCACA-1_1_1_1","IR","B-Naive",1.33679160268116,-2.02490756245915
"AGACACTTCTTCGATT-1_1_1_1","IR","B-ActMem",3.37473818452168,5.15483167437251
"AGACCATCACGTCGGT-1_1_1_1","IR","B-Mye",-0.718393715312,7.18234803942378
"AGACCATTCGGCTTCT-1_1_1_1","IR","B-Naive",1.60432204396534,1.90709891585048
"AGACCCGAGGATTTGA-1_1_1_1","IR","B-Act1",-2.52205947249126,1.1057520401233
"AGACTCATCACTTATC-1_1_1_1","IR","B-Naive",3.86113759667683,-2.91112229558293
"AGACTCATCGAACACT-1_1_1_1","IR","B-Act2",4.24203869492817,1.74735191134151
"AGAGAATCACAAACGG-1_1_1_1","IR","B-Act2",3.58836480767537,2.15803339747127
"AGAGAATTCGAAACAA-1_1_1_1","IR","B-Naive",0.851150719235424,-1.69306132527653
"AGAGAATTCTATCGGA-1_1_1_1","IR","B-Naive",1.62615820557881,0.669752713715395
"AGAGAGCAGAAACTCA-1_1_1_1","IR","B-Naive",-1.54042569010448,-1.9784130785114
"AGAGAGCAGAGGCGTT-1_1_1_1","IR","B-Naive",3.02790257127095,-2.09838483067814
"AGAGAGCCAAACGAGC-1_1_1_1","IR","B-Naive",5.06647154481221,-1.51119134160344
"AGAGCAGAGATCCCGC-1_1_1_1","IR","B-ActMem",3.6169049421053,5.09816291598018
"AGAGCAGGTAGCGATG-1_1_1_1","IR","B-Act1",-3.04881313650798,1.56342807081874
"AGAGCCCTCGGAGTGA-1_1_1_1","IR","B-Naive",4.88054463059712,-1.52988526555363
"AGATCCAAGACCATAA-1_1_1_1","IR","B-Act2",4.6887244859438,1.7354598310345
"AGATCCAAGGCGTTAG-1_1_1_1","IR","B-Naive",1.51122531087208,1.99789234665569
"AGATCGTGTCTACAAC-1_1_1_1","IR","B-Plasma",11.9348501840334,0.81733828452762
"AGATGCTGTGAGCTCC-1_1_1_1","IR","B-Naive",1.80721780450154,-1.49913141461674
"AGATGCTGTTTCGACA-1_1_1_1","IR","B-Act1",0.677019564221386,-2.25439522000615
"AGCCAATTCACGGTCG-1_1_1_1","IR","B-Naive",0.254682598422054,0.831738096153101
"AGCCACGGTTGCCGCA-1_1_1_1","IR","B-Naive",0.727768806527141,2.32713845041927
"AGCGATTTCCTTATCA-1_1_1_1","IR","B-Naive",-4.24240783064556,-1.09372923108403
"AGCGCCAAGCCAAGTG-1_1_1_1","IR","B-Naive",0.0387642362813986,-2.28105256291691
"AGCGCCAAGTCGTCTA-1_1_1_1","IR","B-Act1",-0.773950787474629,2.1473479535931
"AGCGCTGGTTTGGCTA-1_1_1_1","IR","B-Naive",-3.24332073538494,-2.93440100880925
"AGCGTATAGCACTGGA-1_1_1_1","IR","B-Naive",3.29634234101582,2.45128526953395
"AGCGTCGCATTCCTCG-1_1_1_1","IR","B-Naive",1.87130602986622,2.79267540243801
"AGCTACAAGTTATGGA-1_1_1_1","IR","B-Naive",0.0928287485342062,0.53119685915645
"AGCTACAGTTCCGCAG-1_1_1_1","IR","B-ActMem",3.68330356271077,4.42687967089351
"AGCTACATCGGAGTGA-1_1_1_1","IR","B-Act1",-3.73230937330913,1.49091490772899
"AGCTTCCCACAAAGTA-1_1_1_1","IR","B-Naive",2.06251022012043,0.598404046570619
"AGGAAATCATTCACAG-1_1_1_1","IR","B-ActMem",2.13890144021321,4.57978632715877
"AGGAATAGTATCCTCC-1_1_1_1","IR","B-Naive",-1.52463415472698,-1.10312292310063
"AGGACGAAGATCGCTT-1_1_1_1","IR","B-Naive",-0.530723037411686,0.400613990103563
"AGGACGACAATAGTGA-1_1_1_1","IR","B-ActMem",3.48025414140034,5.55917098787959
"AGGACGATCAGCTTCC-1_1_1_1","IR","B-Act1",-2.83323720305156,-0.582810733044783
"AGGACGATCCTCTAGC-1_1_1_1","IR","B-Act1",-3.83730796187114,-0.401520821774641
"AGGACGATCTGCTTAT-1_1_1_1","IR","B-Naive",-4.17810014097881,-1.00911471577946
"AGGACTTAGCATGCGA-1_1_1_1","IR","B-Act1",-3.49844339697551,-1.62231466504399
"AGGACTTCACCAGACC-1_1_1_1","IR","B-Naive",2.3037569204073,-1.50759718152348
"AGGATAAAGGCGTTAG-1_1_1_1","IR","B-Act1",-3.60891774504375,1.23609351781543
"AGGATAAGTCATCAGT-1_1_1_1","IR","B-Act1",-1.55217245428753,2.74778464106258
"AGGATAAGTGCAACGA-1_1_1_1","IR","B-Naive",-2.63478830664348,-0.473243567670027
"AGGATCTTCGATTTCT-1_1_1_1","IR","B-Naive",4.24214502961445,-1.9885961744434
"AGGCATTCAGCGGTTC-1_1_1_1","IR","B-ActMem",3.01386949212361,4.05062463549312
"AGGCTGCAGCAGCAGT-1_1_1_1","IR","B-Act1",-0.497979494025227,1.82689919737514
"AGGGAGTCAAAGAACT-1_1_1_1","IR","B-Naive",-0.103147842203494,-1.4991900655872
"AGGGAGTCATGAGGGT-1_1_1_1","IR","B-Act1",-1.45452240317058,2.52975383070644
"AGGGCTCGTATGTCCA-1_1_1_1","IR","B-Naive",-0.00699481575679417,1.12116244850095
"AGGGCTCTCTCGAACA-1_1_1_1","IR","B-Naive",-1.97319951861095,-3.1612937185413
"AGGGTCCAGCGCCTCA-1_1_1_1","IR","B-Act1",-1.64467039911937,1.42342623737987
"AGGGTGACAGGAAGTC-1_1_1_1","IR","B-Naive",-2.20471313803386,-0.114220235074202
"AGGGTGAGTCAAAGCG-1_1_1_1","IR","B-ActMem",3.36950251252461,5.06129482058223
"AGGGTGATCGGCTTCT-1_1_1_1","IR","B-Naive",-2.89401963560772,-1.76104709836308
"AGGGTTTAGGTGCGAT-1_1_1_1","IR","B-Naive",0.844414261887554,1.2008043047541
"AGGTCATGTTCAGTAC-1_1_1_1","IR","B-Act1",-4.77594045012188,2.42315104273494
"AGGTCTAAGCTCAGAG-1_1_1_1","IR","B-Naive",-2.72991183607769,-2.69910857411687
"AGGTCTATCGAGAGAC-1_1_1_1","IR","B-Naive",0.314135728190426,-3.63973686429326
"AGGTGTTAGGTAGACC-1_1_1_1","IR","B-Naive",2.19973179490376,1.86239757803615
"AGGTTGTCATTGCCTC-1_1_1_1","IR","B-Naive",1.56921776921559,-2.40173670979802
"AGGTTGTTCGATTGAC-1_1_1_1","IR","B-Naive",-2.8869328817625,0.528003540312608
"AGGTTGTTCGCATTAG-1_1_1_1","IR","B-ActMem",2.98896404893208,3.90854027537044
"AGTAACCAGTAAATGC-1_1_1_1","IR","B-Naive",1.27398785741139,1.95377126005824
"AGTAACCGTAAGCAAT-1_1_1_1","IR","B-Act1",-3.52538064329815,0.838903215205034
"AGTAACCGTCACCCTT-1_1_1_1","IR","B-Plasma",11.7656149545412,0.979369376277288
"AGTAACCTCCATGCAA-1_1_1_1","IR","B-Naive",0.812740651677135,-2.83294198247258
"AGTACCAAGATAGGGA-1_1_1_1","IR","B-Naive",1.45871099622059,1.92228218582805
"AGTACCACAAATGAGT-1_1_1_1","IR","B-Act1",-4.92918876021099,-0.765884611333052
"AGTACCACACCAAAGG-1_1_1_1","IR","B-Act1",-5.38021138518047,0.375823643481096
"AGTACCACATCCGATA-1_1_1_1","IR","B-Act2",5.1620058694582,1.85582479504283
"AGTACTGCAAACAGGC-1_1_1_1","IR","B-Naive",1.7193230071764,1.23704006937679
"AGTAGTCGTAGCGTAG-1_1_1_1","IR","B-Naive",1.4318576732378,2.06698563364681
"AGTCAACGTGACTAAA-1_1_1_1","IR","B-Naive",-1.41500583498668,0.763269182717165
"AGTCAACTCGAGAAAT-1_1_1_1","IR","B-Naive",4.39475390107441,-2.18513724538151
"AGTCACAGTAATCAAG-1_1_1_1","IR","B-Naive",-1.26367619841289,-2.44389316769902
"AGTCATGGTCTAGGCC-1_1_1_1","IR","B-Naive",0.419495610306743,-0.582010361874739
"AGTCATGGTTAAAGTG-1_1_1_1","IR","B-Naive",2.12848517091084,2.43714835909541
"AGTCATGTCGTTTACT-1_1_1_1","IR","B-Naive",-0.361082645346638,-0.263913724148909
"AGTCTCCTCGTCAAAC-1_1_1_1","IR","B-Naive",-1.96572819559765,-1.82042119237248
"AGTGACTGTCTTCAAG-1_1_1_1","IR","B-Naive",1.68828353078175,1.68348744181331
"AGTGCCGCAAATTAGG-1_1_1_1","IR","B-Naive",-1.22612050383281,1.02680072044369
"AGTGCCGCAATACCCA-1_1_1_1","IR","B-Naive",-2.04172173350048,0.817834910427889
"AGTGTTGAGATCGACG-1_1_1_1","IR","B-ActMem",3.81390639931965,5.38043048647579
"AGTGTTGCATGGAACG-1_1_1_1","IR","B-Naive",2.52409097344685,2.1428633001202
"AGTGTTGTCGACATCA-1_1_1_1","IR","B-Naive",-3.21634462683391,-0.114682290280501
"AGTTAGCAGTGCAACG-1_1_1_1","IR","B-ActMem",3.80889960915852,4.57687881258663
"AGTTAGCTCCAGCCTT-1_1_1_1","IR","B-ActMem",4.12302204758931,4.51805355814632
"AGTTCCCTCGGTTAGT-1_1_1_1","IR","B-Naive",0.262349543879513,-0.152776810849348
"ATACCTTTCCGATAAC-1_1_1_1","IR","B-ActMem",3.40459915787983,4.63523986605342
"ATACTTCAGCGATGAC-1_1_1_1","IR","B-Act1",-1.91482046454143,1.89112415579494
"ATAGAGAGTCTACACA-1_1_1_1","IR","B-Naive",1.93128487260151,1.72680553463634
"ATCACAGGTCTTGGTA-1_1_1_1","IR","B-Naive",1.74504849107075,0.740227129732927
"ATCACGAAGCTAGTTC-1_1_1_1","IR","B-Naive",-0.493246646811482,0.552177485501131
"ATCACGATCCGTCAAA-1_1_1_1","IR","B-Naive",1.58340534360218,-0.994769069874922
"ATCACGATCGTCGCTT-1_1_1_1","IR","B-ActMem",3.59843417794514,5.34647157458003
"ATCACTTAGATGCTGG-1_1_1_1","IR","B-Naive",-1.36551299898815,-4.17682335110966
"ATCAGGTCATGACGTT-1_1_1_1","IR","B-Naive",1.18300971181202,0.140195455824693
"ATCATTCAGAATCGAT-1_1_1_1","IR","B-Plasma",11.7935070672731,0.937596250747999
"ATCATTCAGTAGGCCA-1_1_1_1","IR","B-Act1",-5.58754971831035,1.04760161643263
"ATCCACCAGGGTACAC-1_1_1_1","IR","B-Naive",-2.05567661135387,-0.0906554195529616
"ATCCACCCAGTTGGTT-1_1_1_1","IR","B-Mye",-0.526223750998493,7.98325088289913
"ATCCACCCAGTTGTCA-1_1_1_1","IR","B-ActMem",4.45571085603047,4.98841145304378
"ATCCACCGTCCAGCAC-1_1_1_1","IR","B-Naive",-3.54470876066875,-1.90284797879521
"ATCCCTGCATCGGCCA-1_1_1_1","IR","B-Naive",-1.57451310961437,-2.64697787495915
"ATCCGTCAGTTTGGCT-1_1_1_1","IR","B-Naive",0.637661484787945,-3.11596271725957
"ATCCGTCTCGGCATAT-1_1_1_1","IR","B-Naive",0.51531764657307,-0.381076786244551
"ATCCTATGTGCGACAA-1_1_1_1","IR","B-Naive",-1.17808678953838,-1.43428108426396
"ATCCTATGTTGTACGT-1_1_1_1","IR","B-Act1",-3.06235555021953,1.71403571633037
"ATCCTATTCACCATCC-1_1_1_1","IR","B-Naive",-0.872818084647175,-3.13674089642827
"ATCGATGAGCTCTATG-1_1_1_1","IR","B-Act1",-5.37287095396709,1.28813977209266
"ATCGATGCAATCCTTT-1_1_1_1","IR","B-Naive",-0.952382119585987,-1.89861318799321
"ATCGATGGTTGCGGAA-1_1_1_1","IR","B-Act2",5.23822065980244,1.76164254215892
"ATCGCCTCACCTGTCT-1_1_1_1","IR","B-Naive",-1.9476600012083,-4.35714218350712
"ATCGGATAGTCACTAC-1_1_1_1","IR","B-Act1",-4.97771457045269,2.40241136816676
"ATCGGATAGTTGTAGA-1_1_1_1","IR","B-Naive",2.69936296136189,-1.58853242131535
"ATCGGATGTAGCGCTC-1_1_1_1","IR","B-Act1",-2.12194803564739,2.57597174910243
"ATCGGCGTCCAGCTCT-1_1_1_1","IR","B-Naive",1.19894835145283,0.632334080015978
"ATCGTAGCAAGGTTGG-1_1_1_1","IR","B-ActMem",3.04946061761189,4.22700288561519
"ATCGTGACACCAGACC-1_1_1_1","IR","B-Act1",-5.46815255491924,0.538607862269243
"ATCGTGATCATACGAC-1_1_1_1","IR","B-Naive",-2.3737173399229,-3.44620487424199
"ATCTCTAGTCTGTCCT-1_1_1_1","IR","B-ActMem",3.60795923859883,4.81751897600826
"ATCTTCAAGCGACCCT-1_1_1_1","IR","B-Naive",-1.20507243483257,-2.99125930997197
"ATCTTCACACTCCCTA-1_1_1_1","IR","B-Naive",-1.35542085974407,-2.37030408116643
"ATCTTCACATCTTCGC-1_1_1_1","IR","B-ActMem",3.61596819550801,4.18027427462276
"ATCTTCATCGTCCATC-1_1_1_1","IR","B-Naive",-3.42781570761394,-3.36987755032841
"ATCTTCATCGTGTTCC-1_1_1_1","IR","B-Naive",-0.684001537253376,-1.22502038213078
"ATGAAAGCAGGAGGAG-1_1_1_1","IR","B-Naive",-1.14015427439403,0.996897407298645
"ATGACCAAGGATGCGT-1_1_1_1","IR","B-Naive",-0.793296428610798,6.04081514147457
"ATGACCACATACCGTA-1_1_1_1","IR","B-Plasma",11.8279623666506,0.953810330902895
"ATGATCGTCATACGAC-1_1_1_1","IR","B-Naive",-0.219911562492367,-2.23875686856572
"ATGATCGTCCAAGCCG-1_1_1_1","IR","B-ActMem",2.73442241341877,5.06438758639034
"ATGATCGTCGGTAGGA-1_1_1_1","IR","B-Naive",-1.06406030266475,0.551867481743654
"ATGATCGTCTGCATAG-1_1_1_1","IR","B-Naive",-0.484007241417881,-3.37257358762089
"ATGCATGAGTATCTGC-1_1_1_1","IR","B-ActMem",3.08272954613972,4.16674974230464
"ATGCATGCAAGGTCTT-1_1_1_1","IR","B-Naive",-1.05118802397442,1.38848265675243
"ATGCATGGTAGGACCA-1_1_1_1","IR","B-Naive",0.349347648928646,-4.28436634274785
"ATGCATGGTTACTCAG-1_1_1_1","IR","B-Naive",-1.20771411268901,-4.32823726865117
"ATGCCTCAGTTGTCAC-1_1_1_1","IR","B-Naive",2.65742417962361,3.46706726816829
"ATGCCTCCATTAGGAA-1_1_1_1","IR","B-Naive",1.03751310498524,1.10320257437762
"ATGCGATCAATGAGCG-1_1_1_1","IR","B-ActMem",3.31379553468037,5.003071096217
"ATGCGATGTGTACGCC-1_1_1_1","IR","B-ActMem",3.6176201978426,3.45629885462459
"ATGCGATGTGTAGCAG-1_1_1_1","IR","B-ActMem",3.00405451447773,4.67979266909297
"ATGGATCGTTTCCATT-1_1_1_1","IR","B-Act2",4.35176273972798,2.12374546793636
"ATGGGTTAGTACCATC-1_1_1_1","IR","B-Act1",-1.57185641138744,2.8424595859402
"ATGGGTTCAAACCATC-1_1_1_1","IR","B-Naive",0.453617421696667,-1.17855236264531
"ATGGGTTGTCATAAAG-1_1_1_1","IR","B-Act2",4.040595022748,2.87702193525966
"ATGGGTTGTGTTCAGT-1_1_1_1","IR","B-Naive",-1.07314291804027,1.09248067480858
"ATGGGTTGTTCTAAGC-1_1_1_1","IR","B-Naive",-2.41440800039959,-0.270579788411299
"ATGGTTGGTCGCGGTT-1_1_1_1","IR","B-ActMem",-4.93338206618023,2.42621555594142
"ATGGTTGGTCTAACTG-1_1_1_1","IR","B-Act1",-4.22347787230205,-0.478417846882979
"ATGTCCCAGAGGTCAC-1_1_1_1","IR","B-Act1",-5.43102315275859,1.04727808987137
"ATGTCCCAGTTCCGGC-1_1_1_1","IR","B-Naive",4.23994347245503,-2.2998127672321
"ATGTCCCGTTCGTAAC-1_1_1_1","IR","B-Act1",4.67689749390889,-0.904810640538374
"ATGTCTTCACCAGTTA-1_1_1_1","IR","B-Naive",5.07026049287129,-1.45933387013737
"ATTACCTAGATACTGA-1_1_1_1","IR","B-Naive",-2.46400502531719,-1.92105171414677
"ATTACCTCAGCTTCGG-1_1_1_1","IR","B-Naive",-0.173918688883301,-2.80950901242558
"ATTACCTGTGGCTAGA-1_1_1_1","IR","B-Naive",0.867699472020153,-2.180109712804
"ATTACCTGTTTCCCAC-1_1_1_1","IR","B-Act1",-3.99812582342815,-1.8611674043781
"ATTACCTTCCTTGGAA-1_1_1_1","IR","B-Act1",-3.12007501928997,1.38884728816684
"ATTACTCGTCAAAGTA-1_1_1_1","IR","B-Naive",1.83632263333607,0.609325316225847
"ATTATCCAGCAATTAG-1_1_1_1","IR","B-Naive",4.337873903821,-2.6404196951038
"ATTATCCTCATATGGC-1_1_1_1","IR","B-Naive",-1.45338240473461,-2.87911984654729
"ATTCACTGTTCGATTG-1_1_1_1","IR","B-Naive",1.62397083432484,-0.0846999618655837
"ATTCATCCACAAAGCG-1_1_1_1","IR","B-Naive",-3.6308133920927,1.17670595315631
"ATTCATCCATCCGTTC-1_1_1_1","IR","B-Naive",2.15965291650105,-1.31811520787541
"ATTCCATGTAACGGTG-1_1_1_1","IR","B-Act1",-1.62223294584942,2.16328730848964
"ATTCCATGTCCGGACT-1_1_1_1","IR","B-Act1",-4.63733533232402,-0.604102346623579
"ATTCCATTCGTTCCCA-1_1_1_1","IR","B-Mye",-0.600297274281498,7.93774249819454
"ATTCCCGAGCAATTAG-1_1_1_1","IR","B-Naive",0.0964078733425177,-3.37890789243046
"ATTCCCGGTTCTATCT-1_1_1_1","IR","B-Naive",2.71501466424275,-1.98508379193608
"ATTCCCGTCGCAGATT-1_1_1_1","IR","B-Act1",-4.33882907240581,-0.0507472488528884
"ATTCCCGTCTGGTCAA-1_1_1_1","IR","B-ActMem",3.54129621178913,5.34234073427852
"ATTCCTAGTCTGCATA-1_1_1_1","IR","B-Naive",3.41780873925495,-2.34046528073613
"ATTCGTTTCACTCCGT-1_1_1_1","IR","B-Naive",0.190172491381649,-0.382150385106245
"ATTCGTTTCATAAGGA-1_1_1_1","IR","B-Act2",-2.72882321684551,-1.38874766560856
"ATTCGTTTCTATCGTT-1_1_1_1","IR","B-Mye",-0.165785202970024,6.75298955706294
"ATTCTACTCCGCAACG-1_1_1_1","IR","B-Naive",-3.18877867071819,-3.55243274899785
"ATTCTTGTCTTAGCAG-1_1_1_1","IR","B-Naive",1.30178949029255,-3.09923479291264
"ATTCTTGTCTTGATTC-1_1_1_1","IR","B-Act1",-4.90555241911602,1.07168408711787
"ATTGGGTGTAGTGGCA-1_1_1_1","IR","B-ActMem",3.25426670701313,3.92290499476131
"ATTGTTCAGCGAAACC-1_1_1_1","IR","B-Naive",0.500653175423626,-3.25085661145512
"ATTGTTCCAAGCGAAC-1_1_1_1","IR","B-ActMem",3.53301688821125,5.14104011324581
"ATTGTTCCATGGGTTT-1_1_1_1","IR","B-Naive",0.44585826785374,0.866148349320253
"ATTTACCAGACCATTC-1_1_1_1","IR","B-ActMem",3.91257759721089,4.41196611193355
"ATTTACCCACAAACGG-1_1_1_1","IR","B-ActMem",3.67686006219197,3.84905269411739
"ATTTCACAGTTAACGA-1_1_1_1","IR","B-Mye",-0.229838380803581,6.69610288408931
"CAAAGAAGTCCACTTC-1_1_1_1","IR","B-Act1",-5.54748299925518,0.572810497557481
"CAACAACAGTGAGGCT-1_1_1_1","IR","B-Naive",0.451070872853283,-2.68505999776188
"CAACGATCAATACCCA-1_1_1_1","IR","B-Act1",-2.11046114771557,1.31969251898464
"CAACGATTCCGACATA-1_1_1_1","IR","B-Naive",1.45584985406208,0.129673626696428
"CAACGGCAGGCCCGTT-1_1_1_1","IR","B-Naive",3.59791990907002,-1.98518655034367
"CAACGGCAGTCATCCA-1_1_1_1","IR","B-Act2",5.12872502000141,1.57519712713893
"CAAGACTAGGAAGTCC-1_1_1_1","IR","B-Naive",-1.56600585787487,1.23080886570152
"CAAGACTCATCGAGCC-1_1_1_1","IR","B-Act1",-4.39533332197857,0.135499861513933
"CAAGACTGTCGTAATC-1_1_1_1","IR","B-Naive",-1.33344701140117,0.397504058157762
"CAAGAGGAGTAACGTA-1_1_1_1","IR","B-Act1",-3.55350998251629,2.23524775770839
"CAAGAGGAGTCACTAC-1_1_1_1","IR","B-Naive",-1.59767356722545,0.789302733218034
"CAAGCTACACTGTCGG-1_1_1_1","IR","B-Naive",1.63806494862843,0.517799821173509
"CAAGCTAGTACCTAAC-1_1_1_1","IR","B-Act2",-1.45343235342693,1.29309120443996
"CAAGGGACATCAGTGT-1_1_1_1","IR","B-Naive",2.17514011056233,-1.08507988187138
"CAAGGGATCGGAGTAG-1_1_1_1","IR","B-Naive",0.58485278279591,2.07119896677669
"CAATCGAGTACCATAC-1_1_1_1","IR","B-ActMem",3.46106359154988,5.27960851458248
"CAATGACCACGAAAGC-1_1_1_1","IR","B-Naive",-2.40674951880169,-3.05949661465947
"CAATGACTCGCCGATG-1_1_1_1","IR","B-ActMem",3.6275992074709,5.49803378847774
"CAATGACTCTAGAACC-1_1_1_1","IR","B-Naive",0.0201648303966558,-1.71020695897404
"CAATTTCCAACTACGT-1_1_1_1","IR","B-Act1",0.272581187794689,-0.891712162221113
"CACAACACAGGATTCT-1_1_1_1","IR","B-Mye",-0.692103954245564,-1.51658651562993
"CACACAATCAGAGCAG-1_1_1_1","IR","B-Act1",-5.13397839873027,1.36763354805644
"CACATGACATGGCGCT-1_1_1_1","IR","B-Act1",-1.93761459200573,0.899112236177286
"CACATGAGTTTCGTTT-1_1_1_1","IR","B-ActMem",2.25249072701741,4.34269764689144
"CACCGTTAGCTTGTTG-1_1_1_1","IR","B-Naive",-3.94171431868267,-2.64259955617253
"CACCGTTCACTGGCGT-1_1_1_1","IR","B-Naive",-0.794368179728504,0.0101354387157762
"CACCGTTCATATTCGG-1_1_1_1","IR","B-Act1",-3.47308209746074,1.44717266825374
"CACGAATGTTGACTAC-1_1_1_1","IR","B-Plasma",11.6293615976076,1.07322966722186
"CACGGGTCAGGCATGA-1_1_1_1","IR","B-Naive",1.43010756165791,1.5382084515446
"CACGTGGAGGCCATAG-1_1_1_1","IR","B-Plasma",12.1698355355959,0.578367110764345
"CACGTGGCATTCCTAT-1_1_1_1","IR","B-Naive",-1.05365327208233,1.33663001326259
"CACGTGGGTGCATGTT-1_1_1_1","IR","B-Naive",4.16044375092793,-2.38022610875432
"CACGTGGTCACTTGGA-1_1_1_1","IR","B-Naive",1.92653032929707,-1.20603439542119
"CACTAAGCATCCTCAC-1_1_1_1","IR","B-Naive",-0.869925888468739,-4.50371668073002
"CACTGAAAGAATAGTC-1_1_1_1","IR","B-Naive",-2.53405049650859,-3.50289842816655
"CACTGAAAGGTTCCAT-1_1_1_1","IR","B-Naive",-1.11497500746441,-4.01271793576542
"CACTGGGAGATGTTGA-1_1_1_1","IR","B-Act1",-4.01058510153484,1.7294709351414
"CACTGTCGTTGGGACA-1_1_1_1","IR","B-Mye",-0.103188472082134,7.25381973055538
"CACTTCGCACTCCGAG-1_1_1_1","IR","B-Mye",-1.03336516230297,6.15028264788326
"CACTTCGCAGCGTAGA-1_1_1_1","IR","B-ActMem",3.9441480317812,5.66622140673335
"CAGAGCCTCTGACCCT-1_1_1_1","IR","B-Naive",-0.877159448554035,-2.07865855428044
"CAGATACAGAGCGACT-1_1_1_1","IR","B-Act1",-4.61623528807354,1.46565824416812
"CAGATACCAGGCACTC-1_1_1_1","IR","B-Naive",-1.97869828551006,-3.40074035855595
"CAGATCAAGCGACCCT-1_1_1_1","IR","B-Naive",1.81088468224812,2.26321079996761
"CAGATCAGTATGTCTG-1_1_1_1","IR","B-Naive",-1.46751693098735,0.25707611111339
"CAGATTGCAGTGAGCA-1_1_1_1","IR","B-Act1",-2.17524102537822,1.40344452527698
"CAGATTGCATTCATCT-1_1_1_1","IR","B-Naive",2.22796627671528,-1.12531254025761
"CAGATTGTCAAAGACA-1_1_1_1","IR","B-Act1",-2.88531068175029,1.73617210653957
"CAGCAATAGGCTAACG-1_1_1_1","IR","B-Act2",4.79944035203266,2.13189199236568
"CAGCAATGTGACGTCC-1_1_1_1","IR","B-Naive",0.687810865948681,-1.53850075932805
"CAGCAATTCGAGAATA-1_1_1_1","IR","B-Naive",0.266910133669857,-2.07698604794804
"CAGCAATTCTTGGTCC-1_1_1_1","IR","B-Naive",0.395526496479992,-4.26122448178593
"CAGCACGAGTGCTAGG-1_1_1_1","IR","B-ActMem",3.23829242379475,4.45277049807247
"CAGCACGGTCTACGAT-1_1_1_1","IR","B-Naive",-2.85845092146587,-2.63147923680607
"CAGCCAGTCATTACGG-1_1_1_1","IR","B-Naive",-1.48588219492626,-4.48861095639531
"CAGCGTGTCAGCTTCC-1_1_1_1","IR","B-Naive",3.70177647263813,-1.84896275731389
"CAGGCCAAGAGTCTGG-1_1_1_1","IR","B-Naive",4.5921668687563,-0.733095619404951
"CAGGCCAAGCGTCAGA-1_1_1_1","IR","B-Act2",4.02131649644184,1.53278624681171
"CAGGCCAAGTAACGTA-1_1_1_1","IR","B-Naive",3.40288612038899,1.56701710489925
"CAGGGCTGTGTAGCAG-1_1_1_1","IR","B-Act2",4.86414906174946,1.55091657904323
"CAGGTATCAATCGCGC-1_1_1_1","IR","B-Act2",4.15343138367939,1.55641093519863
"CAGTGCGTCCTTCGAC-1_1_1_1","IR","B-Naive",0.931928483555797,-0.75889000626866
"CAGTTCCAGAGTGTTA-1_1_1_1","IR","B-Act1",-4.44900372832012,2.06400337485011
"CAGTTCCCAGAGGCAT-1_1_1_1","IR","B-Naive",-2.30759433119487,-2.22253224583928
"CAGTTCCTCCAACCGG-1_1_1_1","IR","B-Act1",-2.80056408255291,1.77728464869197
"CAGTTCCTCGTTGTAG-1_1_1_1","IR","B-Act2",4.3480057397585,1.8617683914059
"CATAAGCAGGGCAGAG-1_1_1_1","IR","B-Naive",-0.0575454628367388,-2.53813335629765
"CATAAGCTCGATACGT-1_1_1_1","IR","B-Act1",-3.87230923979473,0.665983345782121
"CATACAGAGAGCCATG-1_1_1_1","IR","B-Act1",-4.90912106840801,1.93009665278133
"CATACAGCACAATGCT-1_1_1_1","IR","B-ActMem",3.5688731351595,3.84520247248348
"CATACAGCACTAGAGG-1_1_1_1","IR","B-Naive",-1.73727706282329,-3.03211519452397
"CATACAGTCCTCAGAA-1_1_1_1","IR","B-Naive",4.33036324174214,-2.19045469495122
"CATACAGTCGCAGTCG-1_1_1_1","IR","B-ActMem",4.34583326966572,5.31295230654415
"CATACCCAGAGCTTTC-1_1_1_1","IR","B-Naive",-0.995443972041126,0.626938756977876
"CATACCCAGCCTCATA-1_1_1_1","IR","B-Naive",-2.05550065844249,-2.69796917172734
"CATACCCAGTATGATG-1_1_1_1","IR","B-Naive",2.02829143197346,2.44116678503688
"CATACCCGTCGTGTTA-1_1_1_1","IR","B-Naive",0.570324806283001,0.3367879059666
"CATACCCGTGTCTCCT-1_1_1_1","IR","B-Naive",-2.45069268553447,-2.16115901204411
"CATACTTAGCGACTGA-1_1_1_1","IR","B-ActMem",3.85798498780537,4.88236716059383
"CATACTTAGGGTAGCT-1_1_1_1","IR","B-Naive",4.06065985352803,-0.871190402234236
"CATACTTTCTAACACG-1_1_1_1","IR","B-Naive",-3.14142516462993,-2.30706760617558
"CATAGACGTAGCGAGT-1_1_1_1","IR","B-Naive",1.47199639470387,-1.4928264352924
"CATCAAGTCAGTGCGC-1_1_1_1","IR","B-Act1",-1.79770937769603,2.06495597628291
"CATCCACCATCCCGTT-1_1_1_1","IR","B-Act2",4.95720478684712,1.01193897654649
"CATCCACGTGCCTGAC-1_1_1_1","IR","B-Act2",4.61840531022358,0.836500253950914
"CATCCACTCCGGACGT-1_1_1_1","IR","B-Naive",1.42000576646138,-0.251312110150496
"CATCCACTCTCAATCT-1_1_1_1","IR","B-Naive",-2.96876457541179,-2.75334546300236
"CATCCGTCACACCTTC-1_1_1_1","IR","B-Naive",-0.0822426064212286,-4.54156038495366
"CATCGCTTCACTGAAC-1_1_1_1","IR","B-Naive",-0.386972101618763,-3.04448291989628
"CATCGGGAGGTGTGAC-1_1_1_1","IR","B-Mye",-0.511723580052372,7.16559770373043
"CATCGGGAGGTTCTTG-1_1_1_1","IR","B-Naive",0.285657612393383,-1.67400524350468
"CATCGGGCAAGGCAAC-1_1_1_1","IR","B-Naive",0.5237778106432,1.56496050623592
"CATCGGGGTCCTACAA-1_1_1_1","IR","B-Naive",4.89893623978901,-0.602609011853377
"CATCGGGTCACCCTTG-1_1_1_1","IR","B-Naive",-1.48497167437267,0.700429764067491
"CATCGTCAGAAACCAT-1_1_1_1","IR","B-Naive",-2.96088531820964,-3.49657842847172
"CATCGTCCAACTAGAA-1_1_1_1","IR","B-Act2",4.73053785950947,3.071115520274
"CATGAGTCAGAGACTG-1_1_1_1","IR","B-Naive",4.91835495621968,-0.891640279019514
"CATGAGTTCTACTATC-1_1_1_1","IR","B-Naive",-1.54645815699291,-3.72760936948125
"CATGCAAAGACAAGCC-1_1_1_1","IR","B-Naive",2.52120968491841,1.22671764758762
"CATGCCTTCCATTGGA-1_1_1_1","IR","B-Naive",2.94328090340901,-0.773327443326155
"CATGCCTTCGCTCTCA-1_1_1_1","IR","B-Naive",1.80500289590168,-2.30762574406926
"CATGCGGTCGTCTAAG-1_1_1_1","IR","B-Naive",-1.14447978346538,-1.94392058583562
"CATGGATAGCTGTGCC-1_1_1_1","IR","B-ActMem",3.04427000672627,4.36533000734981
"CATGGATCACCTCAGG-1_1_1_1","IR","B-Naive",-1.19799688666057,-4.1737243864185
"CATGGATCAGTGCCTG-1_1_1_1","IR","B-Naive",0.125226003835682,-2.88230273457829
"CATTCATTCCCGAGGT-1_1_1_1","IR","B-Act1",-3.01325944273662,1.23975033727821
"CATTCCGAGTCAGCCC-1_1_1_1","IR","B-Naive",-1.40916636793804,-1.78177187177006
"CATTCCGCACGAAAGC-1_1_1_1","IR","B-Naive",0.703992990563396,-2.09665200444523
"CATTCCGGTAGTCGGA-1_1_1_1","IR","B-ActMem",2.31285783440876,3.20832016733821
"CATTCCGTCAGACCCG-1_1_1_1","IR","B-Naive",-1.6387491544981,-3.07241365643803
"CATTCTACAATGTCAC-1_1_1_1","IR","B-Naive",-0.0505134335060083,-4.43224785062138
"CATTCTACATTGGGAG-1_1_1_1","IR","B-Naive",1.2843295016985,-0.203899714673201
"CATTGCCCAGCCGTTG-1_1_1_1","IR","B-Plasma",11.6094059625368,1.0788549487048
"CATTGTTCACGTGTGC-1_1_1_1","IR","B-Naive",0.67517009169865,-3.57242033215825
"CATTTCAAGGCCTGCT-1_1_1_1","IR","B-Naive",2.1133420148592,-0.139796945775191
"CATTTCAGTCTCGGAC-1_1_1_1","IR","B-Naive",0.237424997399334,-2.44470021458928
"CCAAGCGGTCTTGAAC-1_1_1_1","IR","B-Naive",1.991367546628,1.91853299406703
"CCAATTTCACACTTAG-1_1_1_1","IR","B-Naive",-3.30848553984356,-1.94712660046879
"CCAATTTGTGACACAG-1_1_1_1","IR","B-Act1",-5.47042754500103,0.306146528994402
"CCACAAATCTCATTAC-1_1_1_1","IR","B-Act2",4.54460140855122,1.45743265417751
"CCACACTAGGTATAGT-1_1_1_1","IR","B-Naive",-0.607612224509236,-0.980289194310347
"CCACACTTCGTACCTC-1_1_1_1","IR","B-Naive",1.87335940987873,-0.251793715680281
"CCACCATTCTAGATCG-1_1_1_1","IR","B-Act2",3.80357524545002,2.6640327241772
"CCACGAGGTTCGGCGT-1_1_1_1","IR","B-Mye",-0.323427783538815,6.34599807528194
"CCACGTTGTCAAAGAT-1_1_1_1","IR","B-Act1",-2.44573548643779,2.20314791468318
"CCACGTTTCAAGAAAC-1_1_1_1","IR","B-ActMem",4.19724413544941,4.18881752756771
"CCACGTTTCCTTCACG-1_1_1_1","IR","B-Naive",0.963710991452221,-1.58805081578557
"CCATAAGCAATTCTTC-1_1_1_1","IR","B-Naive",4.37576910645771,-2.16157457562749
"CCATAAGGTCCAGCAC-1_1_1_1","IR","B-Naive",2.08685132653523,0.584664639508089
"CCATAAGTCCTACGGG-1_1_1_1","IR","B-Naive",-1.28192332594585,-0.860376808369795
"CCATCACGTATTCCTT-1_1_1_1","IR","B-Naive",-1.48711696474743,-3.60938141080205
"CCATCACTCGAGTCTA-1_1_1_1","IR","B-Naive",2.92853638322163,-1.87284586163823
"CCCAACTAGTAGTGCG-1_1_1_1","IR","B-Act1",-5.39080813734722,1.20777652827438
"CCCAACTGTAAGGCTG-1_1_1_1","IR","B-Naive",-1.62798491327953,-2.0623426172382
"CCCATTGAGGAGTACC-1_1_1_1","IR","B-Naive",1.96584746033955,1.82235505846675
"CCCATTGGTGGAATGC-1_1_1_1","IR","B-Naive",1.49812528283406,-2.61597058507268
"CCCGGAACAGAGATGC-1_1_1_1","IR","B-ActMem",3.36720272691059,5.29997661379512
"CCCGGAACAGAGTAAT-1_1_1_1","IR","B-Naive",1.74357864053059,-1.8232936594135
"CCCGGAACATAACCCA-1_1_1_1","IR","B-Naive",1.26842471749592,-1.52517840596501
"CCCGGAAGTAGACACG-1_1_1_1","IR","B-Act1",-2.17206147520733,2.03079458740886
"CCCGGAAGTTGCATCA-1_1_1_1","IR","B-Act2",5.21773525864888,1.91052254704173
"CCCGGAAGTTTACCTT-1_1_1_1","IR","B-ActMem",3.53132363946247,4.92379238871272
"CCCTAACAGGGACTGT-1_1_1_1","IR","B-Naive",-3.37625196783733,-1.81657883855168
"CCCTCAAAGCTCTGTA-1_1_1_1","IR","B-ActMem",4.26200529725361,5.09420087603267
"CCCTCAAAGGAGAATG-1_1_1_1","IR","B-Naive",0.936565486500744,0.41486122873958
"CCCTCTCTCGACATAC-1_1_1_1","IR","B-Naive",0.625344482968334,-3.38634035321538
"CCCTGATAGTAGTCTC-1_1_1_1","IR","B-Act1",-4.95158532469463,1.59195384052928
"CCCTTAGAGGAACGAA-1_1_1_1","IR","B-Act1",-5.19907334654522,1.64926901129421
"CCCTTAGTCGCAGTCG-1_1_1_1","IR","B-Naive",1.81031653077412,1.86985119846996
"CCGAACGTCGAGATAA-1_1_1_1","IR","B-Act1",-2.1089502891798,2.33663060930904
"CCGATCTGTGCCGTTG-1_1_1_1","IR","B-Naive",-1.30320647566509,-1.58139369221989
"CCGATGGGTGACAGGT-1_1_1_1","IR","B-Mye",-0.547163190533634,7.40192630556758
"CCGATGGTCTAACACG-1_1_1_1","IR","B-Naive",1.40335854680348,1.41491195229228
"CCGGGTAAGGATTACA-1_1_1_1","IR","B-Act1",-1.54010990469646,2.46788301733669
"CCGGGTACAAATCGTC-1_1_1_1","IR","B-Act1",-5.23286631910991,0.144138183867296
"CCGGTAGAGATGGTAT-1_1_1_1","IR","B-Mye",-1.03835430948925,6.69137265947994
"CCGGTAGGTCAGGTAG-1_1_1_1","IR","B-Naive",-2.65291598646831,-4.47665998669926
"CCGGTAGGTTCGAAGG-1_1_1_1","IR","B-Naive",0.836327103684429,1.86404755381282
"CCGGTGAGTCCAAGAG-1_1_1_1","IR","B-Act1",-0.154543915976998,1.24713235763248
"CCGGTGAGTGGCGCTT-1_1_1_1","IR","B-Act1",-3.47954061835003,0.448272850787004
"CCGTAGGGTCTTGCGG-1_1_1_1","IR","B-Naive",-2.52590325682354,0.722748127257189
"CCGTGAGAGCCTCTGG-1_1_1_1","IR","B-Naive",5.04217096955586,-1.10176775189702
"CCGTGAGCAATGAGCG-1_1_1_1","IR","B-Act1",-5.51688721983623,1.95336648491557
"CCGTGAGGTACTAAGA-1_1_1_1","IR","B-ActMem",3.67670103699971,3.55660894182857
"CCGTTCATCTTGAGCA-1_1_1_1","IR","B-Naive",0.119485569904331,-4.15854809018437
"CCTAACCAGGCGAACT-1_1_1_1","IR","B-ActMem",-0.994628818919178,-0.871544453824202
"CCTACGTAGACTTCCA-1_1_1_1","IR","B-Naive",2.28313013703633,0.462680366312822
"CCTACGTTCGGCACTG-1_1_1_1","IR","B-Naive",1.60545226723957,0.927214648997148
"CCTATCGCATGACGAG-1_1_1_1","IR","B-Act1",-3.68396833746624,1.62513938215907
"CCTCAACTCAAAGGTA-1_1_1_1","IR","B-ActMem",3.84986516625691,4.69152047899898
"CCTCAGTCATCCAACA-1_1_1_1","IR","B-Naive",-3.74967506735515,-3.00833198758427
"CCTCATGGTAGGAGTC-1_1_1_1","IR","B-Act1",-4.9276290258665,2.47098782328304
"CCTCCAAAGAATGTTG-1_1_1_1","IR","B-ActMem",3.81149908692646,5.37439468172725
"CCTCCTCAGCAAATCA-1_1_1_1","IR","B-Naive",-3.35349562971782,-1.53102824422185
"CCTCCTCGTCTCACGG-1_1_1_1","IR","B-Naive",-2.91925934164714,-3.65969297620122
"CCTCCTCTCCGTGTGG-1_1_1_1","IR","B-Naive",-0.958813460757252,-4.06523153516118
"CCTCTAGTCCACACAA-1_1_1_1","IR","B-Naive",-0.905400725295063,-2.77165362569157
"CCTCTAGTCCGGTAGC-1_1_1_1","IR","B-Naive",-1.4856238683958,-4.51004001828496
"CCTCTAGTCTCGGGAC-1_1_1_1","IR","B-Act1",-4.63399222700786,1.71412101057704
"CCTCTCCAGTATGGCG-1_1_1_1","IR","B-Naive",-1.2191238722105,0.523968067442735
"CCTCTCCTCATTACCT-1_1_1_1","IR","B-Act1",-5.32163956968975,2.17225172785457
"CCTGCATTCCGTGCGA-1_1_1_1","IR","B-Naive",0.268908170769695,-4.48937675687138
"CCTGTTGAGCCATCCG-1_1_1_1","IR","B-Naive",2.44811960847187,0.68637355831798
"CCTGTTGCAAGACCGA-1_1_1_1","IR","B-Act1",2.14874669701863,4.18960907725032
"CCTGTTGGTATGTCAC-1_1_1_1","IR","B-Naive",0.399629203389171,-3.15692970486943
"CCTTGTGTCAGAGCAG-1_1_1_1","IR","B-Act1",-4.29696372358989,2.0896873739117
"CCTTGTGTCTAGGCAT-1_1_1_1","IR","B-Naive",3.02999111802388,-2.39164206715886
"CCTTTGGAGAAACACT-1_1_1_1","IR","B-Naive",-2.16578987448406,-3.67365810605351
"CCTTTGGCAGCGACCT-1_1_1_1","IR","B-Naive",-2.33534482329082,-3.34161064359013
"CGAAGGAGTCATTCCC-1_1_1_1","IR","B-Naive",-0.192337388386246,1.73219766882594
"CGAAGTTAGATAGCTA-1_1_1_1","IR","B-ActMem",4.04347225816059,4.33430006769832
"CGAAGTTCAGGTGAGT-1_1_1_1","IR","B-Act1",-3.80198195784282,1.19893802372154
"CGAAGTTTCTCGAGTA-1_1_1_1","IR","B-Naive",-2.71571949331951,-1.979017708028
"CGAATTGAGCCGTCGT-1_1_1_1","IR","B-Naive",1.6163847127657,1.69503256348308
"CGACAGCAGACCCGCT-1_1_1_1","IR","B-ActMem",3.33496710450459,4.83875372675594
"CGAGAAGCAAGCGGAT-1_1_1_1","IR","B-Act1",-3.51407411902141,-2.1712350580341
"CGAGAAGCATGCCGGT-1_1_1_1","IR","B-ActMem",3.14407154710102,5.30804183748897
"CGAGAAGGTCACCTTC-1_1_1_1","IR","B-Naive",2.61099096925068,1.11177350250419
"CGAGGAAAGCGACAGT-1_1_1_1","IR","B-Act1",-3.9310789427061,1.79201349285777
"CGAGGAACATCCCACT-1_1_1_1","IR","B-Naive",-3.10736397116375,-2.43523237439458
"CGAGGAATCGAGAAGC-1_1_1_1","IR","B-Naive",-1.57414964049053,1.92505880860027
"CGAGGAATCTGGCCGA-1_1_1_1","IR","B-Naive",-1.00755366890621,-0.410727116788069
"CGAGGCTAGAGGATCC-1_1_1_1","IR","B-Naive",4.1787409463625,-2.49122068616215
"CGAGGCTTCGTCACCT-1_1_1_1","IR","B-Naive",-0.188749196221348,-2.60442349644963
"CGAGTGCCACCCAAGC-1_1_1_1","IR","B-Naive",-0.572886379649159,-1.2116095754749
"CGAGTGCTCTAAACGC-1_1_1_1","IR","B-Act1",-3.67297914831829,1.40738373664554
"CGAGTTAAGACTCTTG-1_1_1_1","IR","B-Naive",-2.84599068968486,-4.3532750341541
"CGAGTTACAAGATTGA-1_1_1_1","IR","B-Act2",5.18572041184712,2.11409440306362
"CGAGTTATCAAACGTC-1_1_1_1","IR","B-Act1",-2.32885340063762,-0.086145612919966
"CGAGTTATCCAACTAG-1_1_1_1","IR","B-Naive",-1.50972393362713,-2.18660781117741
"CGATCGGAGCGTTACT-1_1_1_1","IR","B-Naive",-3.01338342039775,-0.574041936124007
"CGATCGGTCCGGCTTT-1_1_1_1","IR","B-Act1",-2.90563872664165,1.41997813848194
"CGATGCGAGCACCAGA-1_1_1_1","IR","B-Naive",0.129624409387592,0.633682933127245
"CGATGCGCACCCTCTA-1_1_1_1","IR","B-Naive",1.50299104840565,0.727691825901827
"CGATGCGCACGTAGTT-1_1_1_1","IR","B-Act1",4.05724188477803,-1.72874901028935
"CGATGGCAGAAGGGAT-1_1_1_1","IR","B-Naive",4.81522080094624,-0.0411690208560622
"CGATGGCGTAACAGTA-1_1_1_1","IR","B-Act1",-3.64362672178936,2.29917993811305
"CGATGGCTCGGTCTGG-1_1_1_1","IR","B-Act1",-3.08068755476665,1.54031666783031
"CGCAGGTAGGATGGCT-1_1_1_1","IR","B-ActMem",3.1527809777956,4.89809611109432
"CGCATGGCAAGGTCGA-1_1_1_1","IR","B-ActMem",4.0303125062685,4.45132901934322
"CGCATGGGTCATATGC-1_1_1_1","IR","B-Act1",-1.8197315058012,1.54483535555538
"CGCATGGTCATGGAGG-1_1_1_1","IR","B-Act2",-3.84917906134319,-1.59790656300847
"CGCCAGAAGTCGAAAT-1_1_1_1","IR","B-Act1",-5.11894467680645,1.02925121360805
"CGCCAGATCGATGCAT-1_1_1_1","IR","B-Naive",2.70917698533345,-2.47965643140141
"CGGAATTAGATGCGAC-1_1_1_1","IR","B-Naive",3.76297542245198,0.120030131613573
"CGGAATTTCCTAAACG-1_1_1_1","IR","B-Naive",-0.087162943770405,-3.19469616147343
"CGGACACAGGTGCTTT-1_1_1_1","IR","B-Naive",-2.58573654501629,-3.21618339749638
"CGGAGAAAGCCATTGT-1_1_1_1","IR","B-Naive",1.15438529641438,0.316790726458391
"CGGAGAAGTATCACCA-1_1_1_1","IR","B-Naive",3.83238121659565,-2.69522068234746
"CGGAGAATCACGGTCG-1_1_1_1","IR","B-Naive",2.33368965775776,1.24161350396808
"CGGAGAATCGCAATGT-1_1_1_1","IR","B-Act1",-4.50847676603984,1.27166831163104
"CGGCAGTCATGGGTTT-1_1_1_1","IR","B-Naive",1.84263488442707,-1.72328707906071
"CGGCAGTTCGAGCCAC-1_1_1_1","IR","B-Naive",4.60902973801899,-1.19816157552067
"CGGGACTTCATCACCC-1_1_1_1","IR","B-Naive",-0.819480629851338,-2.62623808118168
"CGGGCATAGCCATGCC-1_1_1_1","IR","B-Naive",2.51028367669392,1.78254499701198
"CGGGCATTCCCAAGCG-1_1_1_1","IR","B-Naive",-0.142950313379284,1.10722563830551
"CGGTCAGCAAACTAGA-1_1_1_1","IR","B-ActMem",2.95047709138203,4.3359921243542
"CGGTCAGTCGGCATCG-1_1_1_1","IR","B-Naive",1.57409831673909,-0.592222902501265
"CGGTCAGTCTTTACAC-1_1_1_1","IR","B-Act1",-3.19963839857769,1.18701059786018
"CGTAAGTCAAATGGAT-1_1_1_1","IR","B-Act1",-1.82631734221172,2.0131538179272
"CGTAATGCAAAGAACT-1_1_1_1","IR","B-Naive",0.500717846463207,-1.08941862317387
"CGTAATGCACTCCTGT-1_1_1_1","IR","B-Naive",4.75609537751484,-1.65592071744267
"CGTAATGTCAGCATTG-1_1_1_1","IR","B-ActMem",3.19216152818013,4.74274137285884
"CGTAATGTCCAACCAA-1_1_1_1","IR","B-Naive",-2.29420426695537,-1.43601295682255
"CGTAGTATCGGTGCAC-1_1_1_1","IR","B-Naive",-1.89338854162883,-2.20951029988591
"CGTCAAAAGGGCAAGG-1_1_1_1","IR","B-Naive",4.64895912797261,-1.12045213910405
"CGTCAAACATAGCACT-1_1_1_1","IR","B-Act1",-5.09837249129009,0.36817857292827
"CGTGAATCAAGGTTGG-1_1_1_1","IR","B-Naive",4.17023321778584,-2.66720530721013
"CGTGAATTCTCCCAAC-1_1_1_1","IR","B-Plasma",11.784648386548,0.9535380419844
"CGTGCTTCAAGAGTTA-1_1_1_1","IR","B-Mye",-1.16190424769115,6.37138965395626
"CGTGTCTCACTGCGTG-1_1_1_1","IR","B-Act1",-3.03229025213909,1.68036296633418
"CGTTAGAGTTGTCTAG-1_1_1_1","IR","B-Naive",1.44227787644673,-1.7109410497791
"CGTTCTGAGGTTATAG-1_1_1_1","IR","B-Plasma",11.6145758310061,1.09543913645085
"CGTTCTGAGTCTAGAA-1_1_1_1","IR","B-Naive",1.02717229516316,0.377264526163896
"CGTTGGGCAGGTGAGT-1_1_1_1","IR","B-ActMem",2.75009009034443,4.82023861674007
"CGTTGGGGTCCCGCAA-1_1_1_1","IR","B-Act1",-5.28054669707012,0.410613324915727
"CGTTGGGGTTCGGACC-1_1_1_1","IR","B-Act1",-4.39944747297954,-0.615321609700362
"CTAACCCAGGTTAAAC-1_1_1_1","IR","B-Naive",2.08424636513996,0.73126873043712
"CTAACTTAGGTTACAA-1_1_1_1","IR","B-Act1",-3.99083307593059,-1.21450588437382
"CTAACTTGTTTGAAAG-1_1_1_1","IR","B-Naive",0.118412447879795,-3.37790939542119
"CTAACTTTCACTACGA-1_1_1_1","IR","B-Naive",-0.967411847998615,-2.5701198312885
"CTAAGTGCATTGACTG-1_1_1_1","IR","B-Act2",5.01584479005146,1.91984924343761
"CTACAGAGTGGCTGCT-1_1_1_1","IR","B-Plasma",12.3200745263796,0.293521669184526
"CTACAGAGTTTCGCTC-1_1_1_1","IR","B-Act1",-4.59638312666607,1.81841334370311
"CTACATTAGCCTATCA-1_1_1_1","IR","B-Act1",-2.61900499670696,1.08236367297705
"CTACCTGAGTGCACAG-1_1_1_1","IR","B-Act2",5.17985626847554,1.83310970333751
"CTACCTGCACCCATAA-1_1_1_1","IR","B-Naive",3.64924260766316,-2.63676020833317
"CTACCTGGTCAGGTGA-1_1_1_1","IR","B-Act1",-5.31474116652202,0.233129647051653
"CTACGGGAGAAGCGCT-1_1_1_1","IR","B-Naive",1.52721819073964,1.65934267309841
"CTACGGGCACATTGTG-1_1_1_1","IR","B-Mye",-0.411150666167256,7.31082656649288
"CTACGGGCAGGCGAAT-1_1_1_1","IR","B-Naive",1.64724835545826,2.88423981932338
"CTACTATAGCGTTACT-1_1_1_1","IR","B-ActMem",4.26728626878071,5.31768300799068
"CTACTATGTTCACCGG-1_1_1_1","IR","B-Act1",-5.25696805327129,-0.0631952020770705
"CTAGACAGTCGGCTAC-1_1_1_1","IR","B-Act1",-4.97085240690899,2.04277541903194
"CTAGACATCCTCGCAT-1_1_1_1","IR","B-Naive",-0.758594306399342,-2.17988226147954
"CTAGGTACATTAGGAA-1_1_1_1","IR","B-Naive",2.09199949891377,2.20784607199367
"CTAGGTAGTCTTTCAT-1_1_1_1","IR","B-Naive",3.4499754586916,0.95956704435285
"CTAGGTATCGGACCAC-1_1_1_1","IR","B-Naive",-0.630140634467121,-0.47401497098271
"CTATAGGAGTATAGAC-1_1_1_1","IR","B-Naive",-1.41380980818462,-2.66426036092106
"CTATAGGTCCGATGTA-1_1_1_1","IR","B-Naive",-1.26244452803325,-3.18204662534062
"CTATCTATCGATAACC-1_1_1_1","IR","B-Naive",-2.54939130156231,-3.09422323437993
"CTCAACCCACTACGGC-1_1_1_1","IR","B-Naive",1.66108163983631,-2.03231284352605
"CTCAAGACACCCTGTT-1_1_1_1","IR","B-Naive",-0.849453600337025,-2.829927656377
"CTCAAGACACGGTGTC-1_1_1_1","IR","B-ActMem",3.22749516160298,3.61615684298213
"CTCAAGACATGGCTGC-1_1_1_1","IR","B-ActMem",3.48090407044697,4.07676198748287
"CTCAATTAGTTCAACC-1_1_1_1","IR","B-Act2",5.17810961396504,1.1070285778993
"CTCAGAAAGGTTCATC-1_1_1_1","IR","B-Act1",-1.93025246470165,2.14890268114742
"CTCAGAACAGAATCGG-1_1_1_1","IR","B-Naive",5.00455519349385,-1.43936011525456
"CTCAGAACAGGACGAT-1_1_1_1","IR","B-Naive",1.59707340390492,1.29653432635005
"CTCAGAATCTTACCAT-1_1_1_1","IR","B-Naive",-0.36258545725536,-3.48645088406865
"CTCAGGGAGACGCAGT-1_1_1_1","IR","B-Naive",-0.61608892886829,0.212232914244493
"CTCAGGGAGTCATTGC-1_1_1_1","IR","B-Naive",-3.47077658980083,-3.25032493802373
"CTCAGGGTCCACACCT-1_1_1_1","IR","B-Naive",-1.10561403839779,-2.84123418065373
"CTCATGCCACCTAAAC-1_1_1_1","IR","B-Naive",-0.413633497645374,-4.51685640546147
"CTCCAACCATGTGACT-1_1_1_1","IR","B-Naive",0.906053988049511,-2.56498381825749
"CTCCAACTCCGCTAGG-1_1_1_1","IR","B-Naive",-2.09319308607769,-1.34560034009282
"CTCCAACTCTGTTGGA-1_1_1_1","IR","B-Naive",1.12988492638874,-2.67070362302128
"CTCCACAGTAACTTCG-1_1_1_1","IR","B-Naive",1.74622294099141,0.919228103434404
"CTCCACAGTGAGAGGG-1_1_1_1","IR","B-Naive",3.65745469720173,0.338677611624559
"CTCCATGCAGCATGCC-1_1_1_1","IR","B-Naive",0.809664157937053,-3.16999408932988
"CTCCCAAAGGCTCAAG-1_1_1_1","IR","B-Act1",-4.83004144041729,1.1703431722277
"CTCCCAACACAACGCC-1_1_1_1","IR","B-ActMem",3.95458838136006,5.28878953722652
"CTCCCAATCCTTCACG-1_1_1_1","IR","B-Naive",-0.802960427691456,-3.87419721814458
"CTCCGATTCGAACCTA-1_1_1_1","IR","B-Act1",0.269200084517483,-0.284044000828902
"CTCCTTTGTCCCGGTA-1_1_1_1","IR","B-Naive",-1.20287540762615,-4.37517282697026
"CTCGAGGCACCGGCTA-1_1_1_1","IR","B-Act1",-1.78789690344524,-0.36665150853459
"CTCTCAGAGCACCAGA-1_1_1_1","IR","B-Naive",1.13259658009816,-3.3080827924854
"CTCTCAGTCAGCAATC-1_1_1_1","IR","B-Naive",4.32887360245991,-2.72078320714299
"CTCTCGACACTTACAG-1_1_1_1","IR","B-Naive",2.32259437234211,0.321847286497911
"CTCTCGACATGGAAGC-1_1_1_1","IR","B-Act1",-1.22916701643657,2.38181116846736
"CTCTCGAGTTGCCTAA-1_1_1_1","IR","B-Naive",0.805200842926983,0.624444242989382
"CTCTGGTGTACTCGCG-1_1_1_1","IR","B-ActMem",4.07604929597187,4.21346643236812
"CTGAATGCACGTAGTT-1_1_1_1","IR","B-Act1",-4.87880805342388,1.80196985272106
"CTGAGCGAGCCAAGCA-1_1_1_1","IR","B-ActMem",3.19103333146382,4.6887138154858
"CTGAGCGGTAACACGG-1_1_1_1","IR","B-Naive",-1.48465910761547,-2.01246020528142
"CTGAGGCCAACTCGTA-1_1_1_1","IR","B-Naive",5.10561367661763,-1.39241335126225
"CTGAGGCCACAATGAA-1_1_1_1","IR","B-Act1",-4.22263053267192,2.04133125809368
"CTGATCCCACTCCGAG-1_1_1_1","IR","B-Naive",1.19477876813221,-3.47488043042485
"CTGCAGGCAATCACGT-1_1_1_1","IR","B-Naive",0.771529821465496,-2.69042131635014
"CTGCAGGGTGGCTCTG-1_1_1_1","IR","B-Naive",2.13761302621174,-1.12678358289067
"CTGCAGGGTGTGTGGA-1_1_1_1","IR","B-Plasma",11.9673866906862,0.782426979815324
"CTGCAGGTCTGTCCCA-1_1_1_1","IR","B-Act1",-0.621185275008198,2.7440082099789
"CTGCCTAGTGATGGCA-1_1_1_1","IR","B-Naive",-2.07783845274639,-2.69845244618718
"CTGCGAGAGAAACACT-1_1_1_1","IR","B-Naive",3.87496825845051,-1.13240096303288
"CTGCTCAAGAGTGAAG-1_1_1_1","IR","B-Act1",-5.07167533247661,1.19096964267429
"CTGCTCATCTGGTGCG-1_1_1_1","IR","B-ActMem",3.51942512185383,5.37415960100826
"CTGGACGAGCACTCAT-1_1_1_1","IR","B-Naive",-1.02024182884884,0.238114562308153
"CTGGACGAGGCGTTAG-1_1_1_1","IR","B-Naive",0.844147471497539,1.32474639681514
"CTGGCAGAGTGCTCGC-1_1_1_1","IR","B-Act1",-3.9188616594572,2.32313456801113
"CTGGCAGTCTGCCCTA-1_1_1_1","IR","B-Naive",3.31204673440266,-1.19456431599919
"CTGGTCTGTTGCCATA-1_1_1_1","IR","B-Naive",-0.264510141899105,-3.85479376050297
"CTGGTCTTCTCTTAAC-1_1_1_1","IR","B-ActMem",4.75848576218891,4.37447502878841
"CTGTACCAGGCTGAAC-1_1_1_1","IR","B-Act1",-5.34872439711284,0.686880734240373
"CTGTACCTCGCTATTT-1_1_1_1","IR","B-Naive",-1.34420934527111,-0.979268762791792
"CTGTAGAAGGCACAAC-1_1_1_1","IR","B-Naive",0.193758515427593,-2.41514823170964
"CTGTAGACATTCATCT-1_1_1_1","IR","B-ActMem",4.13103958756733,5.18065192965206
"CTGTAGAGTGCGAGTA-1_1_1_1","IR","B-Naive",1.47624930531788,1.89783468512233
"CTGTAGATCTCTGAGA-1_1_1_1","IR","B-Naive",-3.44548681585979,0.486013260161241
"CTGTATTCAGACCTGC-1_1_1_1","IR","B-Act1",-2.97376445143413,1.06270511490639
"CTGTATTCAGCATTGT-1_1_1_1","IR","B-Naive",-3.95531037657451,-2.5691158506519
"CTGTCGTAGCTAGATA-1_1_1_1","IR","B-Act1",1.78410777241993,0.738403406416734
"CTGTGAATCGTGACTA-1_1_1_1","IR","B-Plasma",12.2853884378176,0.448483374392351
"CTGTGGGGTATGAGAT-1_1_1_1","IR","B-Naive",-2.34614375441265,-2.07640883656804
"CTTAGGAGTTTGGGAG-1_1_1_1","IR","B-Naive",2.05695888192463,1.22987955478366
"CTTCCGACACCGAATT-1_1_1_1","IR","B-Naive",0.218408791134838,-3.10562488766972
"CTTCCTTAGTTGCCCG-1_1_1_1","IR","B-Naive",-0.836842270781513,-2.38017699452702
"CTTCCTTCAAGTGGCA-1_1_1_1","IR","B-Naive",4.36233898789692,-2.77993914815251
"CTTCCTTCACTGCGAC-1_1_1_1","IR","B-Naive",-0.721313329627033,-4.69437763425175
"CTTCCTTCAGGTGAGT-1_1_1_1","IR","B-Act1",-4.16375544874859,2.21402480868038
"CTTCCTTGTTCTGACA-1_1_1_1","IR","B-Naive",-0.602743687321659,-4.53740904065434
"CTTCGGTGTTCAAAGA-1_1_1_1","IR","B-Naive",-0.556268753697392,-2.47289344998662
"CTTCGGTGTTGTTGCA-1_1_1_1","IR","B-Naive",1.50389596612263,-1.94027898045842
"CTTCTAATCATTCTTG-1_1_1_1","IR","B-Naive",0.555271534035686,-3.68397638531987
"CTTCTCTCAAGCTACT-1_1_1_1","IR","B-Naive",-0.465931298424717,-4.40204736920659
"CTTGAGACAGCAGTAG-1_1_1_1","IR","B-Act1",-0.655515881468769,2.50627591875728
"CTTGAGAGTGCCCTTT-1_1_1_1","IR","B-Act2",3.94796749741841,3.04868510035213
"CTTTCGGTCACATTGG-1_1_1_1","IR","B-ActMem",2.65548559815693,3.45013382700618
"CTTTCGGTCGGAACTT-1_1_1_1","IR","B-ActMem",3.29792400986958,4.01291253832515
"GAAATGACATGGTACT-1_1_1_1","IR","B-ActMem",3.26896068246174,5.15350225237544
"GAAATGAGTACAGCGA-1_1_1_1","IR","B-Naive",-0.166774591644522,-1.63652345868413
"GAAATGATCACTCGAA-1_1_1_1","IR","B-Act2",5.06564184815693,1.14090063837703
"GAACGTTCAGTCGCAC-1_1_1_1","IR","B-Naive",2.19695970208454,0.730626460587343
"GAACTGTAGACAACAT-1_1_1_1","IR","B-Naive",-0.529175045182224,2.84610417154964
"GAAGAATAGTGGTTGG-1_1_1_1","IR","B-Mye",-1.21893313734722,6.59352090624507
"GAAGCCCCAAGCAGGT-1_1_1_1","IR","B-Naive",-0.552387925078388,-1.13374826642338
"GAAGCCCCACAAATGA-1_1_1_1","IR","B-Naive",-0.67907670347881,-2.27484295102421
"GAAGCCCGTACCAGAG-1_1_1_1","IR","B-Naive",-0.402449967553135,-1.82462904187504
"GAAGCGAAGTCGCCAC-1_1_1_1","IR","B-Act1",-5.33526709883403,1.92676296499904
"GAAGGACAGACATACA-1_1_1_1","IR","B-Naive",4.1070365586977,-0.853991005147139
"GAAGGGTAGACCTGGA-1_1_1_1","IR","B-Naive",1.28584703595448,0.71829670337375
"GAAGGGTTCCGCTAGG-1_1_1_1","IR","B-Mye",-0.477313162972447,8.01308515337642
"GAATAGAGTAGTGTGG-1_1_1_1","IR","B-Naive",0.9956936517458,0.873830598270258
"GAATCACAGATCACTC-1_1_1_1","IR","B-Act1",-3.78147843687725,-1.961195442403
"GAATCACAGATCCGAG-1_1_1_1","IR","B-Act1",-2.63523200361919,0.685700919901689
"GAATCGTGTGCTTATG-1_1_1_1","IR","B-Naive",0.942936626980785,-1.91483852597539
"GACAGCCAGGATTACA-1_1_1_1","IR","B-Naive",4.33338305146504,-1.45754859181706
"GACAGCCAGTTCTCTT-1_1_1_1","IR","B-Naive",4.11099287659932,-2.7187466356403
"GACAGCCCAACACGAG-1_1_1_1","IR","B-Naive",1.6846619525652,-2.16458818646733
"GACATCATCGCTTAAG-1_1_1_1","IR","B-ActMem",3.57269140870381,4.35682418612178
"GACATCATCGGTGAAG-1_1_1_1","IR","B-Naive",0.936729756901745,1.65061309603389
"GACCAATAGCGGTAGT-1_1_1_1","IR","B-Naive",-1.42340460627269,-3.30072471829716
"GACCAATAGCTGGAGT-1_1_1_1","IR","B-Act1",-4.07701209395122,1.94648947981532
"GACCCAGAGTGGCAGT-1_1_1_1","IR","B-Naive",1.12512454182911,1.56916650799449
"GACCCAGCATATCTCT-1_1_1_1","IR","B-ActMem",4.10571190507222,4.46441986826595
"GACCCTTAGTGAATAC-1_1_1_1","IR","B-Naive",-1.30538204519939,-3.5374095174915
"GACCTTCTCCTAGCGG-1_1_1_1","IR","B-Act1",-4.90036443083477,1.81432059076961
"GACGCTGGTCAGCTTA-1_1_1_1","IR","B-Act1",-2.0991834720869,1.43146952656444
"GACGTTACACAAAGTA-1_1_1_1","IR","B-Act1",-3.9018037637968,2.27592005995448
"GACGTTAGTAAGATCA-1_1_1_1","IR","B-Naive",1.81496473939228,2.05274203089412
"GACTCAATCACCACAA-1_1_1_1","IR","B-Naive",-2.75953319876384,-3.36201021405522
"GACTCTCGTAGAGACC-1_1_1_1","IR","B-Act1",-2.01261046736431,2.22847345141109
"GACTCTCGTTCTGAGT-1_1_1_1","IR","B-Act1",-4.9146919569273,1.53423627880748
"GACTCTCTCTGGACTA-1_1_1_1","IR","B-Act2",5.267570463727,1.73115589884456
"GACTCTCTCTTTACAC-1_1_1_1","IR","B-Mye",-0.68747696488094,7.63527419832881
"GACTGATGTGTTCATG-1_1_1_1","IR","B-ActMem",3.84867045075703,5.30145957735713
"GACTTCCAGGCACGAT-1_1_1_1","IR","B-Mye",-0.37065059154224,7.01134326723751
"GAGAAATGTTCCTTGC-1_1_1_1","IR","B-Act1",-5.47428611128521,1.11436786917385
"GAGACTTTCCGGCAGT-1_1_1_1","IR","B-Naive",-0.182092683603283,0.544624384915193
"GAGATGGCAAGGTCTT-1_1_1_1","IR","B-Naive",1.73841795117665,1.39091622499164
"GAGATGGTCATAGGCT-1_1_1_1","IR","B-Naive",-0.450355680872914,-3.67752716275517
"GAGATGGTCCAGCTCT-1_1_1_1","IR","B-Naive",0.327006367753032,1.29855414894756
"GAGCCTGAGCCTTTCC-1_1_1_1","IR","B-Naive",-0.470424058129307,-2.86257240506474
"GAGCCTGGTACCACGC-1_1_1_1","IR","B-Act1",-0.772555681159016,0.388301935469469
"GAGCTGCAGGCTGGAT-1_1_1_1","IR","B-Act2",4.67880245835591,2.38992026117977
"GAGGCAATCTGGGAGA-1_1_1_1","IR","B-ActMem",3.73882671983052,5.38386943606075
"GAGGCCTTCTCCCAAC-1_1_1_1","IR","B-Naive",-1.50445702879619,-3.86679956647221
"GAGGGATCACCCAACG-1_1_1_1","IR","B-Naive",-0.418657602955815,0.941896927034219
"GAGGGTAGTCGGATTT-1_1_1_1","IR","B-Act2",4.76366564423848,2.09669270781215
"GAGTCATTCATTATCC-1_1_1_1","IR","B-Act1",-2.84905484526348,1.11111823884185
"GAGTCATTCCTGTTGC-1_1_1_1","IR","B-Plasma",12.4285416284304,0.260908153330644
"GAGTCTAAGACTGTTC-1_1_1_1","IR","B-Act1",-5.21128276198101,1.78995021847423
"GAGTGAGGTCCTATAG-1_1_1_1","IR","B-Plasma",11.660549608777,1.0531215085217
"GAGTGAGGTTTCACTT-1_1_1_1","IR","B-Act1",-1.06703093855571,-0.558084938252608
"GAGTGTTCACAGCTTA-1_1_1_1","IR","B-Naive",1.45360061318684,-0.10921332570378
"GAGTGTTTCAAACCTG-1_1_1_1","IR","B-Naive",4.62472721726704,-1.89270684453313
"GAGTTACCATACACCA-1_1_1_1","IR","B-Naive",1.80431446225453,-0.312436911786238
"GAGTTACTCATTGCTT-1_1_1_1","IR","B-Naive",-0.672469707419392,2.25433233050044
"GAGTTGTAGACGGATC-1_1_1_1","IR","B-Naive",-1.97067240088176,-3.54465219708745
"GAGTTGTTCATATGGC-1_1_1_1","IR","B-Naive",-1.43149498312664,-3.65655538770024
"GAGTTTGCACCCTATC-1_1_1_1","IR","B-Naive",-2.37424090712261,-3.0722372266895
"GAGTTTGGTAGAGTTA-1_1_1_1","IR","B-Naive",4.03753992707539,-1.19237229558293
"GATAGAACAGTGTATC-1_1_1_1","IR","B-Naive",1.45367082745839,-1.34689662190739
"GATAGAACATTCACCC-1_1_1_1","IR","B-Naive",2.12099000603962,-1.43117282124821
"GATAGAAGTCGTTGGC-1_1_1_1","IR","B-Act1",-2.56110337584209,2.05581310061153
"GATAGAAGTTGGGCCT-1_1_1_1","IR","B-ActMem",3.94067379624653,5.2494442727917
"GATAGAATCTTGTGCC-1_1_1_1","IR","B-Naive",-0.323252829005238,-1.41674539777104
"GATAGCTAGCGGCTCT-1_1_1_1","IR","B-Naive",-0.633595677306172,-1.79241869183842
"GATAGCTCAAGTTCCA-1_1_1_1","IR","B-Act1",-5.45962909071636,1.64776870278056
"GATCACATCAAGATAG-1_1_1_1","IR","B-Naive",-1.30678466170025,-2.63244960042302
"GATCACATCCGGCAGT-1_1_1_1","IR","B-Plasma",11.983625856946,0.770810332571825
"GATCAGTGTGACACGA-1_1_1_1","IR","B-Mye",-0.217408942272183,7.82659032610591
"GATCAGTGTGCATTTG-1_1_1_1","IR","B-Naive",0.249707398722652,-1.56535527440373
"GATCATGTCCAGTACA-1_1_1_1","IR","B-Naive",2.54696604401875,0.840757500802835
"GATCCCTAGCCGTCGT-1_1_1_1","IR","B-Naive",4.80773541123677,-0.676552388394514
"GATCCCTTCTCTGCCA-1_1_1_1","IR","B-Naive",-1.27386489718151,-1.68680546017949
"GATCGTAGTAGCCAGA-1_1_1_1","IR","B-Naive",-1.23550048678112,-0.745614859784285
"GATCGTATCGGTAGAG-1_1_1_1","IR","B-Naive",2.08278366715718,1.24261229900058
"GATGACTAGTAAGACT-1_1_1_1","IR","B-Naive",1.34276446492482,-0.0244767400867141
"GATGACTCACAACGTT-1_1_1_1","IR","B-Naive",-0.0438079482216799,0.0293703344219529
"GATGACTCACGGCGTT-1_1_1_1","IR","B-ActMem",3.25584217698384,5.1332972314709
"GATGACTGTCACAGAG-1_1_1_1","IR","B-Naive",4.58742758424092,-2.34984538289372
"GATGATCAGGTACCTT-1_1_1_1","IR","B-Naive",-2.6162505468626,0.690422084605058
"GATGCTAAGAATCCCT-1_1_1_1","IR","B-Naive",-0.934994312216755,-4.23125812741582
"GATGCTAGTGGTAATA-1_1_1_1","IR","B-Act1",-3.98478582709026,1.18716568914588
"GATGCTATCCCAGGCA-1_1_1_1","IR","B-Naive",-0.726672264029499,-3.49658272000615
"GATGGAGAGGACTTCT-1_1_1_1","IR","B-Naive",-0.598119946410176,1.73253526953395
"GATGTTGTCCTGTTAT-1_1_1_1","IR","B-Naive",2.12755891473103,-2.13169595929448
"GATTCGAAGATCACCT-1_1_1_1","IR","B-Naive",-0.651641639163014,1.8110977676266
"GATTCGAAGCGATGGT-1_1_1_1","IR","B-Plasma",12.284518686841,0.443257358347734
"GATTCGATCTATACGG-1_1_1_1","IR","B-Naive",0.588066009591106,-0.257871482098738
"GATTCTTTCGGTGAAG-1_1_1_1","IR","B-Naive",2.03775355012226,0.0638855960720384
"GATTTCTCAAAGTGTA-1_1_1_1","IR","B-Naive",0.348016677210811,-0.944116804326216
"GCAACCGTCTTCTCAA-1_1_1_1","IR","B-Naive",-3.4140484651823,-0.850092026913801
"GCACATAAGCTACTGT-1_1_1_1","IR","B-Act1",-4.10263851492595,-1.17502424451176
"GCACATAGTGCCTAAT-1_1_1_1","IR","B-Naive",-0.297707693864819,-1.92747304173772
"GCACGGTGTAACGGTG-1_1_1_1","IR","B-Naive",2.71450516373921,2.76146736410793
"GCACTAAGTATGGAGC-1_1_1_1","IR","B-Naive",-1.35998633711528,-2.71585318776433
"GCACTAATCGAGTACT-1_1_1_1","IR","B-Act1",-4.52442220061016,-0.830339882100264
"GCAGCTGAGTCAACAA-1_1_1_1","IR","B-Act1",-1.82400599329662,2.53430083063777
"GCAGCTGCATGGTGGA-1_1_1_1","IR","B-Act1",-3.40909484236431,0.733813580548128
"GCAGCTGGTACGCGTC-1_1_1_1","IR","B-Naive",-2.07711711733532,-1.65688702794377
"GCAGCTGTCGACGCTG-1_1_1_1","IR","B-Naive",-1.62050500719738,-2.48114726277653
"GCAGCTGTCGGTGAAG-1_1_1_1","IR","B-Naive",-3.21686294882488,0.0808314946049058
"GCAGGCTCACTTCATT-1_1_1_1","IR","B-Naive",-1.60207060187053,-3.36685583325688
"GCAGTTAAGGACTTCT-1_1_1_1","IR","B-Naive",1.29210838467884,-3.30221531125371
"GCAGTTACAATCCTTT-1_1_1_1","IR","B-Naive",-4.04506495802593,-1.43229505750004
"GCAGTTAGTCGCCTAG-1_1_1_1","IR","B-Act2",4.16538950593281,1.39971497324642
"GCAGTTATCTGGGCCA-1_1_1_1","IR","B-Act1",-4.06857088415813,0.375499990259966
"GCATCGGGTCATAAAG-1_1_1_1","IR","B-Act1",-4.78756574003887,0.99810120505627
"GCATTAGAGATGCAGC-1_1_1_1","IR","B-Naive",2.92613050133992,2.37478211191829
"GCATTAGAGCGACATG-1_1_1_1","IR","B-Act1",-1.68642774431896,2.510035898959
"GCATTAGAGTATCCTG-1_1_1_1","IR","B-Naive",0.984741179059032,-0.720980617726485
"GCATTAGGTCTGTCAA-1_1_1_1","IR","B-Act1",-1.33150509207439,0.982254300689062
"GCCAGCAAGAATTGCA-1_1_1_1","IR","B-Naive",1.36027452142048,-2.0839912626392
"GCCAGCACAATTGCGT-1_1_1_1","IR","B-Naive",-0.452172281434056,-3.33998462888066
"GCCAGCACATCGTTCC-1_1_1_1","IR","B-Naive",0.462903706143383,-4.19253084393803
"GCCATGGGTCTTCTAT-1_1_1_1","IR","B-Naive",-3.32139018385601,-2.98207304211918
"GCCCAGAAGGCACTCC-1_1_1_1","IR","B-Naive",-1.16296747534465,-2.71787545415227
"GCCCAGACAGTAACCT-1_1_1_1","IR","B-Naive",-0.504971208264347,-4.59632751675908
"GCCGATGAGAATCGCG-1_1_1_1","IR","B-Act1",-5.08637765257549,2.33861079481777
"GCCGATGAGGGCGAAG-1_1_1_1","IR","B-Naive",-1.15700355379772,-1.21997282239262
"GCCGATGAGTCTGCGC-1_1_1_1","IR","B-Mye",-1.0419217070837,6.3239243295544
"GCCGATGCAACCCTAA-1_1_1_1","IR","B-Act2",2.81981822640705,2.26725735930141
"GCCGTGAAGACTACCT-1_1_1_1","IR","B-Naive",-0.772165866782185,-3.27583429547612
"GCCGTGAAGGATTCAA-1_1_1_1","IR","B-Act1",-4.71284440367412,2.02883603838619
"GCCGTGACATCAGCTA-1_1_1_1","IR","B-Act1",-3.14522579519939,0.857632141982874
"GCCGTGAGTACTGCCG-1_1_1_1","IR","B-Naive",-1.69756272642803,-1.26884314748112
"GCGAGAAAGGGACTGT-1_1_1_1","IR","B-ActMem",3.59978291184712,3.90448119906124
"GCGGAAATCCGTGTGG-1_1_1_1","IR","B-Naive",-0.145558720668074,-2.43849703999821
"GCGGATCGTGTCCAAT-1_1_1_1","IR","B-Act1",-2.31954530089092,1.72137894896205
"GCGGATCTCGACTCCT-1_1_1_1","IR","B-Naive",3.37939235360432,-2.42991659375493
"GCGTTTCAGACGTCCC-1_1_1_1","IR","B-Act2",4.23405262620259,2.62138607767757
"GCGTTTCAGCACAAAT-1_1_1_1","IR","B-Naive",4.32013270051289,-2.69066641064946
"GCGTTTCAGGTTAAAC-1_1_1_1","IR","B-Act1",-2.33973172514629,1.40527578858074
"GCGTTTCAGTATCTGC-1_1_1_1","IR","B-Naive",-2.45984128325176,0.809288975273927
"GCTACAAAGGTATAGT-1_1_1_1","IR","B-Naive",-0.531477840830799,-0.82733688088719
"GCTACCTCAAAGAACT-1_1_1_1","IR","B-Naive",-3.31901100485515,-3.10298702451054
"GCTACCTCAGGTATGG-1_1_1_1","IR","B-Naive",-2.39050319998455,-2.76925561162297
"GCTCAAAAGCCGATCC-1_1_1_1","IR","B-Naive",-1.04923495857906,-0.58092460366551
"GCTCAAACAGAGTGTG-1_1_1_1","IR","B-ActMem",3.07588073403645,5.18296888140376
"GCTCAAAGTTACCGTA-1_1_1_1","IR","B-Naive",-1.51564553587627,-3.09698030682866
"GCTCAAATCACGACTA-1_1_1_1","IR","B-Naive",0.560339180539135,-2.70768258305852
"GCTGAATAGACATAGT-1_1_1_1","IR","B-Naive",-0.122358381728869,-0.304805490697066
"GCTGAATCAACTAGAA-1_1_1_1","IR","B-Act1",-4.92186740248394,1.72201659945186
"GCTGAATTCGTTGTAG-1_1_1_1","IR","B-Act1",-2.49741915075969,0.185906853949388
"GCTGCAGAGTTTGAGA-1_1_1_1","IR","B-ActMem",3.19110891015339,3.28476336268123
"GCTGCAGCAGGTTCCG-1_1_1_1","IR","B-Naive",2.41039201409626,1.33589890268978
"GCTGGGTAGTTGCTCA-1_1_1_1","IR","B-Naive",2.96325132043171,-2.47505709859196
"GCTTTCGCATGATGCT-1_1_1_1","IR","B-ActMem",0.564012376378063,0.0678211715572679
"GCTTTCGTCTAACACG-1_1_1_1","IR","B-Act2",5.12002703339863,1.91314848927196
"GGAACCCCATGACAAA-1_1_1_1","IR","B-Act1",-3.63117602675151,1.84764691857036
"GGAACCCGTTGTAGCT-1_1_1_1","IR","B-Naive",0.53408601672459,-2.87077734204594
"GGAAGTGAGGAGTCTG-1_1_1_1","IR","B-Act1",-5.32710984556865,1.12474368182357
"GGAAGTGGTAGCTTTG-1_1_1_1","IR","B-Act1",-3.36017230360698,2.22473027971919
"GGAAGTGGTGGTCCCA-1_1_1_1","IR","B-Naive",1.2789936938982,2.14384415415462
"GGAATCTCAGAGGACT-1_1_1_1","IR","B-Naive",-0.514043422629353,-3.1918170187122
"GGAATGGCAGAGTCAG-1_1_1_1","IR","B-Naive",-2.42622211783123,0.785686340605577
"GGAATGGGTGGCCACT-1_1_1_1","IR","B-Act1",-4.53714660017681,1.78832390574153
"GGAGAACAGGCCTTGC-1_1_1_1","IR","B-Naive",-0.612601371695515,-4.0680286619312
"GGAGAACCACCGTACG-1_1_1_1","IR","B-Naive",-2.64923265783977,-1.31004330846135
"GGAGATGAGATAGTGT-1_1_1_1","IR","B-Naive",2.79662057549763,1.70521416929897
"GGAGATGAGCGCATCC-1_1_1_1","IR","B-Naive",-0.545429738451954,1.85715433624919
"GGAGATGAGCTTGTGT-1_1_1_1","IR","B-ActMem",2.90334149987507,4.17515971926387
"GGAGCAAGTATCAGGG-1_1_1_1","IR","B-Naive",3.29402658135701,-1.70523998471562
"GGAGCAATCAACCCGG-1_1_1_1","IR","B-Naive",2.11531850487995,2.1431541707867
"GGAGGATAGCACGATG-1_1_1_1","IR","B-Naive",2.35254332215596,2.08286013868984
"GGAGGATTCCTTGAAG-1_1_1_1","IR","B-Act2",4.18218371064473,1.14229293582376
"GGAGGATTCGAGTGGA-1_1_1_1","IR","B-Naive",-0.48376009075832,1.12136513409551
"GGAGGTACAAAGCGTG-1_1_1_1","IR","B-Naive",-1.70277253000927,0.106278326784929
"GGATCTAAGACGGAAA-1_1_1_1","IR","B-Naive",-0.20947370885801,-1.25591776105229
"GGATCTATCCCGATCT-1_1_1_1","IR","B-Act2",4.46781298310566,2.15669539240535
"GGATGTTGTCGCACGT-1_1_1_1","IR","B-Naive",-1.02163616030407,-3.58391496869389
"GGATGTTGTCGGTACC-1_1_1_1","IR","B-Plasma",12.2199253717165,0.517346229826769
"GGATGTTGTGAGTTGG-1_1_1_1","IR","B-Naive",5.09658571870137,-0.0600847932941115
"GGCGTCACAAATGCGG-1_1_1_1","IR","B-Act1",-4.03168276159954,0.577612992798647
"GGCTGTGGTTGCATGT-1_1_1_1","IR","B-Act1",-5.21131661741924,-0.23977265092198
"GGCTGTGGTTTACTTC-1_1_1_1","IR","B-Act1",-4.76925853102398,0.86651527551349
"GGCTTGGTCAGACCGC-1_1_1_1","IR","B-Act1",-0.915684255053517,1.78444948462184
"GGCTTTCCAGAATGTA-1_1_1_1","IR","B-Naive",4.66046044022847,-1.92405650349919
"GGGAAGTAGTCGCGAA-1_1_1_1","IR","B-Naive",1.48403748662281,2.09469821718868
"GGGAAGTTCCAGCACG-1_1_1_1","IR","B-Naive",-3.1218977293272,-1.87255308362309
"GGGACAACATATAGCC-1_1_1_1","IR","B-ActMem",4.13837191254902,5.19710281161006
"GGGACCTAGACTCCGC-1_1_1_1","IR","B-Naive",0.934382287571911,0.317376520907243
"GGGACCTAGTATTAGG-1_1_1_1","IR","B-Naive",4.59446617753315,-2.09649798604313
"GGGACCTTCATGGTAC-1_1_1_1","IR","B-ActMem",3.4797594228487,3.67378213671382
"GGGACTCAGCATCCTA-1_1_1_1","IR","B-Naive",1.17300960213948,0.0838153627270066
"GGGACTCAGCGCCGTT-1_1_1_1","IR","B-Plasma",12.2627558389406,0.477907088076433
"GGGACTCAGCTACGTT-1_1_1_1","IR","B-Act2",3.82860442788411,2.32096591261562
"GGGAGATCAAGTTCGT-1_1_1_1","IR","B-Act1",-3.2363243421812,2.2620609071606
"GGGAGATTCTCTCGAC-1_1_1_1","IR","B-Naive",1.03835066945362,-0.899560425007979
"GGGAGTACAACCCTAA-1_1_1_1","IR","B-Naive",-1.81232920496654,-3.67815897198979
"GGGATCCCAACAAGAT-1_1_1_1","IR","B-Act1",-5.2656908354063,1.3907332685345
"GGGATGAGTTGCGGCT-1_1_1_1","IR","B-Naive",-1.19967058508587,0.0693146851414048
"GGGCCATAGTGGCAGT-1_1_1_1","IR","B-Act1",-2.54504445402813,1.69683727291759
"GGGCCATCACACCAGC-1_1_1_1","IR","B-Naive",-1.43911805956554,-0.994365904057661
"GGGCGTTAGACTCTTG-1_1_1_1","IR","B-Naive",-1.39081600516033,0.333289947783312
"GGGCGTTGTGCGTTTA-1_1_1_1","IR","B-Act1",-2.89383462279033,0.09844299820598
"GGGCGTTTCCTTGGAA-1_1_1_1","IR","B-Act1",-1.81177547781658,2.25321629313167
"GGGCGTTTCTGAGAGG-1_1_1_1","IR","B-Naive",-0.274653123905178,-3.00617572995488
"GGGCTACAGCTGGAGT-1_1_1_1","IR","B-Naive",-1.1945705732603,1.92479124334987
"GGGCTACGTCTTGTCC-1_1_1_1","IR","B-Naive",1.31086835057545,-2.87315222951237
"GGGCTACTCTCAATCT-1_1_1_1","IR","B-Naive",0.648053852627758,-2.71464249821965
"GGGCTCAGTTGACTGT-1_1_1_1","IR","B-Naive",-1.47978010981273,-0.339006755078474
"GGGTAGAGTTAGCTAC-1_1_1_1","IR","B-Naive",-0.781666608740803,-1.25686928960148
"GGGTAGAGTTCGGTAT-1_1_1_1","IR","B-Naive",0.294139502356533,-3.24950334760014
"GGGTATTGTACCGGAA-1_1_1_1","IR","B-Naive",4.57380673081684,-1.52224848004643
"GGGTCACAGAGGGTAA-1_1_1_1","IR","B-Naive",-1.25549844114971,-0.699190947735945
"GGGTCTGAGCGCTGAA-1_1_1_1","IR","B-Act2",4.06512924821186,1.19108463493522
"GGGTCTGGTACGGATG-1_1_1_1","IR","B-Naive",-3.5264227709074,0.715161797081789
"GGGTGAACAAAGTATG-1_1_1_1","IR","B-Act1",1.57775744588185,4.23380925921138
"GGGTGTCGTGCCTGCA-1_1_1_1","IR","B-Act1",-1.58382573931408,1.97969105509456
"GGGTTATAGGTAAAGG-1_1_1_1","IR","B-Naive",4.66677138001728,-1.07902643414799
"GGGTTATCATTGTCGA-1_1_1_1","IR","B-Naive",-0.0590032546122038,-1.25267860623662
"GGGTTTAAGAGGGCGA-1_1_1_1","IR","B-Act1",-4.32581237166118,0.377988782202562
"GGTAATCAGACTTCCA-1_1_1_1","IR","B-Naive",4.91478344590474,-1.56978103848759
"GGTAATCCAAAGGGTC-1_1_1_1","IR","B-ActMem",3.05541130692768,4.73949673441585
"GGTAATCCAAATGCTC-1_1_1_1","IR","B-Act1",-1.96008482783031,2.78970947531398
"GGTAATCGTCCAGCAC-1_1_1_1","IR","B-Act1",-3.0355415663023,1.25624440280136
"GGTAGAGCATATCGGT-1_1_1_1","IR","B-Naive",-0.304418625523564,0.537676062857469
"GGTAGAGGTAACTAAG-1_1_1_1","IR","B-Naive",4.91235825211811,-1.97895428868596
"GGTAGAGTCACCGCTT-1_1_1_1","IR","B-Mye",-0.172630654861447,5.53371885088619
"GGTCTGGAGTTATGGA-1_1_1_1","IR","B-Naive",1.32893475682545,-1.61233827802006
"GGTCTGGCATTCTTCA-1_1_1_1","IR","B-Naive",-0.421229453970905,-4.61647865506474
"GGTGAAGAGAAACTGT-1_1_1_1","IR","B-Naive",1.46285745293904,2.57147207525905
"GGTGAAGGTTCACCGG-1_1_1_1","IR","B-Naive",-3.17850855200481,-3.78552410336796
"GGTGAAGTCCAGTGTA-1_1_1_1","IR","B-Act1",-3.82617405264568,1.31062981156047
"GGTGAAGTCCTCTCGA-1_1_1_1","IR","B-Naive",2.01516172082234,-1.30650350781743
"GGTGATTAGCTCCCTT-1_1_1_1","IR","B-Naive",-0.433964105536457,-1.07092091771428
"GGTGGCTAGCTAAACA-1_1_1_1","IR","B-Mye",-0.35910371153545,6.00052764681514
"GGTGGCTAGTCATGAA-1_1_1_1","IR","B-Naive",0.435056892941479,-1.84872219296757
"GGTGTCGGTATTAAGG-1_1_1_1","IR","B-Naive",4.50557943970967,-1.77608868810002
"GGTGTCGGTCCGATCG-1_1_1_1","IR","B-Naive",1.24024376065541,-1.85074135991398
"GGTGTTACAGGTATGG-1_1_1_1","IR","B-ActMem",3.68313953072834,4.81801417139705
"GGTGTTAGTCCATCTC-1_1_1_1","IR","B-Naive",-2.06352701990795,1.3282532360905
"GGTTAACGTCGAGTGA-1_1_1_1","IR","B-Naive",-1.57228878348064,-2.01620766850773
"GGTTAACTCAAAGGAT-1_1_1_1","IR","B-ActMem",3.76004382760334,4.87468412188228
"GGTTCTCCAATTGCTG-1_1_1_1","IR","B-Act1",-5.63584092467022,1.13537735906776
"GGTTGTATCCTGGGTG-1_1_1_1","IR","B-Act1",-4.1152625402708,1.65724411276515
"GTAACACCAAGGTCGA-1_1_1_1","IR","B-Naive",4.46917721421528,-2.32756564351384
"GTAACACCATGAATAG-1_1_1_1","IR","B-Act1",-3.69055059759807,1.37368005183872
"GTAACCAGTCACTGAT-1_1_1_1","IR","B-Naive",0.957481948445324,-2.75981280537907
"GTAACCAGTGTCCATA-1_1_1_1","IR","B-Mye",-1.13070288508129,6.71358278063472
"GTAACCATCTACCCAC-1_1_1_1","IR","B-Naive",0.316693810532574,0.471204963003954
"GTAAGTCAGAGGTTAT-1_1_1_1","IR","B-ActMem",4.14244791657734,5.01323869494136
"GTAATCGCATAACAGA-1_1_1_1","IR","B-Naive",2.21386500985432,3.12576535013851
"GTAATCGCATGACAGG-1_1_1_1","IR","B-Plasma",11.6366371789675,1.08493225691255
"GTAATCGTCCCATTTA-1_1_1_1","IR","B-Naive",3.13786312730122,-1.0766842100269
"GTAATGCAGACTAAGT-1_1_1_1","IR","B-Naive",-2.93488577215862,-3.26318237515751
"GTAATGCAGTGTTGAA-1_1_1_1","IR","B-Naive",2.21639486939717,-1.32981321545903
"GTAATGCCAGGGTCTC-1_1_1_1","IR","B-Naive",1.77522000462818,-0.382214519704024
"GTAATGCGTCTTCATT-1_1_1_1","IR","B-ActMem",3.81831666619587,5.05393531588252
"GTAATGCTCCACACAA-1_1_1_1","IR","B-Act1",-5.34569791166973,1.37115469244655
"GTACAACAGGGCTGAT-1_1_1_1","IR","B-Naive",4.88910099656391,-1.10355636807744
"GTACAACCAGTGGCTC-1_1_1_1","IR","B-Naive",1.11011370808888,-3.63181040021245
"GTACAACGTTCGGTTA-1_1_1_1","IR","B-Naive",0.443201629231457,-2.03815648289982
"GTACAGTCACCGTGAC-1_1_1_1","IR","B-ActMem",4.13566681535054,4.84235337046321
"GTAGAAAAGACAACTA-1_1_1_1","IR","B-Naive",1.27474698216725,-3.28791544171635
"GTAGAAAAGCACTCCG-1_1_1_1","IR","B-ActMem",3.7615034261446,3.58212712076839
"GTAGAAAGTCTCTCCA-1_1_1_1","IR","B-Naive",4.71325203568745,-1.74220750066105
"GTAGAGGCACAATCTG-1_1_1_1","IR","B-Naive",0.9221673885088,-1.1366150114185
"GTAGAGGTCTCCGTGT-1_1_1_1","IR","B-Naive",2.97679731042195,1.5255799558514
"GTAGATCGTACCGGCT-1_1_1_1","IR","B-Naive",-0.892114075114247,1.29844748643573
"GTAGGAGGTCATACCA-1_1_1_1","IR","B-Act1",-5.89822581618023,1.51409104136165
"GTAGGAGTCACCTCTG-1_1_1_1","IR","B-Naive",0.386480895588878,-0.207544657910506
"GTAGGTTCAGCTCATA-1_1_1_1","IR","B-Naive",0.149134365628246,-3.15771553250615
"GTAGGTTTCCGCAAAT-1_1_1_1","IR","B-Naive",4.80865856797505,-1.64961669179265
"GTAGTACAGATTTGCC-1_1_1_1","IR","B-Naive",0.525897113392834,-0.0405459138995803
"GTAGTACAGCAAATCA-1_1_1_1","IR","B-Naive",0.379813341210369,0.630055096422991
"GTAGTACGTCACTAGT-1_1_1_1","IR","B-Naive",1.56798073441792,1.29521461991008
"GTAGTACGTGTCCGTG-1_1_1_1","IR","B-Act1",-1.94299116938305,2.58928969172176
"GTATTGGCAGGCCCTA-1_1_1_1","IR","B-Naive",1.47223695905018,1.25799293485816
"GTATTGGGTGAATTAG-1_1_1_1","IR","B-Naive",-3.11181763022136,-2.39663765164677
"GTATTTCAGTGCGTCC-1_1_1_1","IR","B-Naive",-0.934317441870686,-1.9932417604572
"GTATTTCCACACCTAA-1_1_1_1","IR","B-Naive",-1.41518941729259,-4.64596960278813
"GTCAAACAGTTCCAGT-1_1_1_1","IR","B-Act1",-2.25395634978008,1.37635090616878
"GTCAAGTCACGACGCT-1_1_1_1","IR","B-Naive",-2.97055319159221,-2.81111261578862
"GTCACTCCAGAGAATT-1_1_1_1","IR","B-Act1",-4.17683747618389,0.505669262682756
"GTCACTCCAGGTCCCA-1_1_1_1","IR","B-Act1",-5.20848277418804,0.902603265320619
"GTCACTCTCGTCAAAC-1_1_1_1","IR","B-Naive",-1.5859976133604,-4.56766435834233
"GTCACTCTCTGTACAG-1_1_1_1","IR","B-Act1",-5.09949925749492,1.04695441569548
"GTCATCCAGCCGGATA-1_1_1_1","IR","B-ActMem",3.41689798028279,5.02995040682491
"GTCATCCTCGGCTCTT-1_1_1_1","IR","B-Naive",-1.81620827524852,-3.27163908215825
"GTCATGAAGACGGAAA-1_1_1_1","IR","B-Naive",0.210281071970943,2.16118207243617
"GTCATGAAGAGGGCGA-1_1_1_1","IR","B-ActMem",3.42532369286824,3.76150777605708
"GTCCACTGTCAAGCCC-1_1_1_1","IR","B-ActMem",3.09971830041218,3.79544475344356
"GTCCCATCACAGTCAT-1_1_1_1","IR","B-Naive",-2.08663824408245,-3.74569294186894
"GTCCCATCAGAGTAAT-1_1_1_1","IR","B-Naive",0.773047355721477,1.87292042044338
"GTCCCATGTCAATCTG-1_1_1_1","IR","B-Naive",-1.25907221644115,-3.72465345593754
"GTCCCATGTCGGTACC-1_1_1_1","IR","B-Act1",-5.05103257506084,1.93037047651943
"GTCCTCACATAGATGA-1_1_1_1","IR","B-Naive",-0.754742117812153,-2.73895451756779
"GTCCTCAGTTCCCAAA-1_1_1_1","IR","B-Act1",-4.24577239363384,-0.261229846203963
"GTCCTCATCGATTGAC-1_1_1_1","IR","B-ActMem",4.36382195145893,4.94648459223445
"GTCGCGACAATCGTCA-1_1_1_1","IR","B-Mye",-0.283477591564175,7.85405233172115
"GTCGCGACACTCGATA-1_1_1_1","IR","B-Naive",1.65791055352497,2.13744237688716
"GTCGTAAAGAGAGAAC-1_1_1_1","IR","B-Act1",-2.65177086203289,1.7501002815121
"GTCGTTCAGTCGCTAT-1_1_1_1","IR","B-ActMem",2.80562779099751,3.86593868998226
"GTCGTTCCATACCAGT-1_1_1_1","IR","B-Act1",-5.17726043074321,0.469196107661089
"GTCTACCGTCTTAGTG-1_1_1_1","IR","B-Act1",-4.14229110090923,-1.43733260365788
"GTCTAGACACCTCGTT-1_1_1_1","IR","B-Naive",-0.746964069296833,-3.72159979077641
"GTCTAGAGTCCTTTGC-1_1_1_1","IR","B-Naive",-2.21003201811504,-3.14374563428227
"GTCTAGAGTGATTGGG-1_1_1_1","IR","B-Naive",0.0267870554428137,1.03653801507663
"GTCTAGATCAGAGCAG-1_1_1_1","IR","B-Naive",3.91277548463154,2.35507359770473
"GTCTGTCCACACCTAA-1_1_1_1","IR","B-Naive",-3.41189554541301,-3.05452415677373
"GTCTGTCCAGTTTCAG-1_1_1_1","IR","B-Naive",4.10690924317646,-2.31262132855717
"GTCTTTAAGCACCGTC-1_1_1_1","IR","B-Naive",0.135045675347332,-1.34906718465153
"GTCTTTATCCTTATAC-1_1_1_1","IR","B-ActMem",4.51868340165425,5.00818112162288
"GTGACGCCACTTTATC-1_1_1_1","IR","B-Naive",3.14252754838276,1.99105789927181
"GTGACGCTCATCGGGC-1_1_1_1","IR","B-Act1",-1.14833715765667,2.55989470747646
"GTGAGCCCACCTGCTT-1_1_1_1","IR","B-ActMem",3.73798343331623,4.59029820231136
"GTGAGCCTCCTCAGGG-1_1_1_1","IR","B-Naive",-0.400869788815495,-0.646434995854536
"GTGAGCCTCTCGACGG-1_1_1_1","IR","B-Act2",4.30858561188984,2.2662614848965
"GTGAGGAAGACCAAAT-1_1_1_1","IR","B-ActMem",3.11164161355305,4.96967222956355
"GTGAGGAGTGATTCAC-1_1_1_1","IR","B-Naive",2.12800523431111,0.640727844511827
"GTGAGGATCACGATCA-1_1_1_1","IR","B-Act1",-4.07092002241802,1.6120404866093
"GTGCACGAGCATCAAA-1_1_1_1","IR","B-Naive",0.3659289160471,-2.04012486668889
"GTGCACGAGCTCGACC-1_1_1_1","IR","B-Naive",-0.539343835999485,-2.95321724149052
"GTGCACGTCATTCCTA-1_1_1_1","IR","B-Naive",0.445008186409954,-2.3496482107288
"GTGCACGTCATTGGTG-1_1_1_1","IR","B-ActMem",3.49329802186299,3.58859732416805
"GTGCAGCAGAAGAGCA-1_1_1_1","IR","B-Naive",0.904109326909069,1.75833478239711
"GTGCAGCCACTCACTC-1_1_1_1","IR","B-Naive",0.644362715790752,-1.84603497716252
"GTGCGTGGTATAGCTC-1_1_1_1","IR","B-Naive",0.900783030102733,1.56569638518031
"GTGCTGGCAGCAGTGA-1_1_1_1","IR","B-Naive",-0.393324287821766,-3.26281568738286
"GTGCTGGGTCAGCTTA-1_1_1_1","IR","B-Naive",5.05528065354634,-1.58528110715214
"GTGCTTCAGGCCCACT-1_1_1_1","IR","B-Naive",1.74962481648732,-0.668138239110152
"GTGCTTCTCGGTAAGG-1_1_1_1","IR","B-Naive",0.297086415598873,-0.470850798810164
"GTGCTTCTCTAGCCTC-1_1_1_1","IR","B-ActMem",4.18208691270161,4.92222359446224
"GTGGAAGAGACCAACG-1_1_1_1","IR","B-Naive",0.221724239895824,0.689434793268999
"GTGGAGACATTGGGAG-1_1_1_1","IR","B-Naive",-1.23882177679729,0.198143091475328
"GTGGAGATCCGTAATG-1_1_1_1","IR","B-ActMem",3.33302852303791,3.71692517069515
"GTGGGAATCCTCCACA-1_1_1_1","IR","B-ActMem",3.35497304589558,4.88833644655879
"GTGGTTAGTGACCGTC-1_1_1_1","IR","B-ActMem",3.04248687417317,4.11474659708675
"GTGTCCTCAAATCAGA-1_1_1_1","IR","B-Mye",-0.84894153683376,6.75922754076656
"GTGTGGCAGCGTTACT-1_1_1_1","IR","B-Naive",0.481955794404033,-2.77164265843693
"GTGTGGCAGTCCCAAT-1_1_1_1","IR","B-Act1",-3.19876602499675,2.7572556999081
"GTGTGGCGTGACGCCT-1_1_1_1","IR","B-Naive",-0.360432895113941,0.258307483469804
"GTGTTCCTCTCGGGAC-1_1_1_1","IR","B-Act1",-2.30042198507976,2.06716718939479
"GTTACAGGTGCCGTTG-1_1_1_1","IR","B-Act2",5.0923790612917,1.85564729241069
"GTTACCCCACGTTCGG-1_1_1_1","IR","B-ActMem",3.5072583833437,4.64546468523677
"GTTACCCGTTCGGCGT-1_1_1_1","IR","B-Act1",-4.62706807463359,1.45699029830631
"GTTACGAGTTCTCCCA-1_1_1_1","IR","B-ActMem",3.92136856705952,5.72576358584102
"GTTACGATCTAGCCTC-1_1_1_1","IR","B-Act1",4.31300827653218,3.96468332079585
"GTTAGACCAATCTGCA-1_1_1_1","IR","B-Act1",4.49775501878071,4.45332124499019
"GTTAGACTCTCTCTAA-1_1_1_1","IR","B-Naive",1.34468385369587,1.47870751885112
"GTTATGGAGGAAGAAC-1_1_1_1","IR","B-Act2",5.07808825166035,0.13275000122722
"GTTATGGGTATATGGA-1_1_1_1","IR","B-Naive",-0.0395151919026339,-0.918377968991438
"GTTCCGTCAGAGTTCT-1_1_1_1","IR","B-Naive",-0.643947454382893,-1.9327461454517
"GTTCGCTAGGCATGCA-1_1_1_1","IR","B-Plasma",12.047102419446,0.731558021580538
"GTTCGCTTCCCGAGTG-1_1_1_1","IR","B-Act1",0.394347099373821,-0.867865655148665
"GTTCTATTCCGTGGCA-1_1_1_1","IR","B-Act1",-3.13912776320171,1.30338000920947
"GTTGCTCGTTAAACAG-1_1_1_1","IR","B-Naive",1.31644043118763,0.782418843781313
"GTTGTAGTCAACACCA-1_1_1_1","IR","B-Naive",0.164185372899059,-0.77427086564366
"GTTGTCCAGTACAGCG-1_1_1_1","IR","B-Naive",4.83646628052998,-1.66934892865483
"GTTGTCCTCCGTACGG-1_1_1_1","IR","B-Naive",2.69119593293476,0.925954249178728
"GTTGTGAGTAGATGTA-1_1_1_1","IR","B-Naive",0.915084091732982,1.48081868556674
"GTTGTGATCAACGTGT-1_1_1_1","IR","B-Act1",-1.85987571089458,2.85871186522182
"GTTTACTCAGCTCCTT-1_1_1_1","IR","B-Act1",-2.4610729536314,0.246130254542192
"GTTTGGATCGCCTCTA-1_1_1_1","IR","B-Naive",1.30260821969319,1.63434484270748
"TAACACGAGAGCAGAA-1_1_1_1","IR","B-Naive",3.89568850190449,0.431926276957353
"TAACTTCGTATCGAAA-1_1_1_1","IR","B-Act1",-4.90355304091167,0.632266726767381
"TAAGCACAGTACCGGA-1_1_1_1","IR","B-Act2",5.19794842393208,1.41300964025195
"TAAGCCATCCCGAACG-1_1_1_1","IR","B-Naive",-2.14681938498211,-3.60795185300175
"TAAGCGTAGCGGTATG-1_1_1_1","IR","B-Naive",-3.73933366148662,-0.283096763814131
"TAAGCGTGTCAAACGG-1_1_1_1","IR","B-Naive",-4.4167671522398,-0.608309004033247
"TAAGTCGAGTACTGGG-1_1_1_1","IR","B-Act1",-1.17787030546856,2.53251531389888
"TAAGTCGCAGTTGAAA-1_1_1_1","IR","B-Naive",0.0733674594860113,-1.03415343495671
"TAATCTCGTAGATCCT-1_1_1_1","IR","B-Act1",-3.63492110579204,0.713055219923814
"TAATCTCTCCCATTTA-1_1_1_1","IR","B-Naive",0.711266426156048,-1.69998833867375
"TAATTCCAGGGAGGGT-1_1_1_1","IR","B-Act1",-3.2304911932249,2.13904097346004
"TAATTCCGTGACTGTT-1_1_1_1","IR","B-Naive",-1.6035175642271,-3.39738247128789
"TACAACGAGCTTTCTT-1_1_1_1","IR","B-Act1",-2.12675360052776,2.85627153185542
"TACAACGCACTGGACC-1_1_1_1","IR","B-Naive",4.23483177811909,-2.52155015202824
"TACAACGGTGCATGTT-1_1_1_1","IR","B-Naive",2.01228138596821,0.272078898226579
"TACACCCCAAGCGATG-1_1_1_1","IR","B-Naive",2.63386556298542,0.315556016241869
"TACATTCAGGAAGTCC-1_1_1_1","IR","B-Act1",-2.64714721052837,1.24868522254165
"TACATTCCACAGTACT-1_1_1_1","IR","B-Naive",-1.62552681772899,-2.46874067517583
"TACATTCCACCAACAT-1_1_1_1","IR","B-Naive",-1.55680385439586,-0.641435000622908
"TACATTCGTAACAGGC-1_1_1_1","IR","B-Naive",-2.76993063299846,-0.498483869755904
"TACATTCGTTACGCCG-1_1_1_1","IR","B-Naive",-0.984603734900471,-3.33268711301152
"TACATTCGTTCGGTCG-1_1_1_1","IR","B-Naive",-1.22343340723705,-3.34296486111943
"TACCCACTCAAACCCA-1_1_1_1","IR","B-Naive",-0.472128154923435,-4.72539589139287
"TACCCGTAGTACCATC-1_1_1_1","IR","B-Naive",2.22635814339924,0.23462167051967
"TACCCGTCACTGCATA-1_1_1_1","IR","B-Act1",-5.40674498884868,1.52450123099025
"TACCGAATCACCGGGT-1_1_1_1","IR","B-Act1",-4.3478703817625,-0.152183625424544
"TACCGAATCCTCTAGC-1_1_1_1","IR","B-Naive",3.55026313454914,-3.15705082150761
"TACCGGGAGAACCGCA-1_1_1_1","IR","B-Mye",-0.164138792296168,7.698223855769
"TACCGGGCATTGTGCA-1_1_1_1","IR","B-Plasma",11.7123903909426,1.00940367994245
"TACCTCGTCTTCACAT-1_1_1_1","IR","B-Naive",0.792645064900402,-2.6273867818958
"TACCTGCTCATGGAGG-1_1_1_1","IR","B-Naive",-0.261047812392231,1.52011331585582
"TACGGGCAGGTGTGAC-1_1_1_1","IR","B-Act2",4.33212229401875,2.2874492671841
"TACGGGCCACTGCACG-1_1_1_1","IR","B-Act2",3.85958811433125,2.59649231699642
"TACGGGCGTTGGGTAG-1_1_1_1","IR","B-Naive",0.273672191212658,0.652125921522936
"TACGGGCTCACCATAG-1_1_1_1","IR","B-Naive",-1.66471675245952,-3.54054901334111
"TACGGTAAGTGCACAG-1_1_1_1","IR","B-Naive",2.47178146035481,0.869570907627901
"TACGGTATCACTTCTA-1_1_1_1","IR","B-ActMem",3.63239690453816,5.19401242998775
"TACGTCCTCTGGGCCA-1_1_1_1","IR","B-ActMem",3.6516983190279,4.82573130396541
"TACTGCCCACGCACCA-1_1_1_1","IR","B-Plasma",11.5963396707277,1.11001227465804
"TACTTACCACAAATAG-1_1_1_1","IR","B-Naive",-2.99297908156109,-4.28039381238286
"TACTTACCATAGCACT-1_1_1_1","IR","B-Naive",1.07630368859578,-2.22085067960087
"TACTTCACAATCGAAA-1_1_1_1","IR","B-Act1",-3.99204614966106,0.407183852469286
"TACTTGTAGCCTTTCC-1_1_1_1","IR","B-Act1",0.806501952717785,-0.139857504094282
"TACTTGTGTTTCGTGA-1_1_1_1","IR","B-Naive",4.2756590524416,-2.20061990948979
"TACTTGTTCTCCCATG-1_1_1_1","IR","B-ActMem",3.74683400780964,5.49910285738643
"TACTTGTTCTCCGTGT-1_1_1_1","IR","B-ActMem",4.65649172456074,4.29150369433101
"TAGACCATCCTATTGT-1_1_1_1","IR","B-Act2",4.44373795182515,1.21981297103103
"TAGACTGTCCTGTAAG-1_1_1_1","IR","B-ActMem",3.81974932343769,5.44152763155635
"TAGAGTCAGACGACGT-1_1_1_1","IR","B-Naive",-1.79637673704815,-0.0347798797732985
"TAGAGTCCAACTAGAA-1_1_1_1","IR","B-Naive",4.79164597184468,-2.09800407620732
"TAGAGTCCACCCTAAA-1_1_1_1","IR","B-Naive",2.79454466492939,-3.11515209409062
"TAGATCGCACCTCGTT-1_1_1_1","IR","B-Naive",-1.17785850374889,-1.96432230206792
"TAGGGTTCAGGTTACT-1_1_1_1","IR","B-Naive",-2.02236286013317,-3.86408493253056
"TAGGTACTCATGGCCG-1_1_1_1","IR","B-Act1",-2.95261958449077,0.791193690573534
"TAGGTTGAGAAGCTCG-1_1_1_1","IR","B-Naive",-0.551035674502369,1.12832685229715
"TAGGTTGAGAGCCCAA-1_1_1_1","IR","B-Act1",0.994364468167309,2.02606066731151
"TAGTGCACACAGTATC-1_1_1_1","IR","B-Naive",-0.535150410820957,-3.34443018170659
"TAGTGCACACGCGCAT-1_1_1_1","IR","B-Act2",5.04549166352558,1.29513248470958
"TAGTGCACAGGTCCGT-1_1_1_1","IR","B-Act1",-5.28547433226299,1.23783906964
"TAGTGCAGTATCGAAA-1_1_1_1","IR","B-Naive",2.55753275544453,0.00163426665004129
"TAGTGCAGTTCGGCCA-1_1_1_1","IR","B-Act2",3.33250400216389,2.14176550177272
"TATCAGGAGAAGGTAG-1_1_1_1","IR","B-Naive",0.115680200765613,1.9650855329388
"TATCAGGTCATCACTT-1_1_1_1","IR","B-ActMem",4.37273356110859,4.6637258794659
"TATCCTACACGACCTG-1_1_1_1","IR","B-ActMem",3.723789421628,4.37257268694576
"TATCCTACATCTCAAG-1_1_1_1","IR","B-Naive",-3.56724265425396,-2.347341510976
"TATCGCCCAGACCGCT-1_1_1_1","IR","B-Naive",2.863517729352,-2.50183818074528
"TATCTGTCAGTCGTTA-1_1_1_1","IR","B-Naive",2.73209616334248,-0.0382718774921096
"TATCTTGGTGCAAGAC-1_1_1_1","IR","B-Naive",-3.04796460478496,-2.42819902631108
"TATCTTGTCGCGTCGA-1_1_1_1","IR","B-Naive",-1.40106514303875,-2.17219660016362
"TATGTTCAGGTGATAT-1_1_1_1","IR","B-Naive",2.48734709412861,1.9568161633366
"TATTCCAAGCACCGAA-1_1_1_1","IR","B-ActMem",2.77614947945881,3.68596413401302
"TATTGCTAGACGGATC-1_1_1_1","IR","B-Naive",5.23427101762104,-1.65898654195134
"TATTGCTAGCCGATAG-1_1_1_1","IR","B-ActMem",4.58636805207539,3.38998344210323
"TATTGCTGTGAGGCAT-1_1_1_1","IR","B-Act1",1.06235024125386,-1.69707939359013
"TATTGGGTCCATTCGC-1_1_1_1","IR","B-Naive",-2.81612208693218,-2.56856224271123
"TATTTCGGTCTATGAC-1_1_1_1","IR","B-Act1",-4.50262263624859,1.9466883209103
"TCAAGACTCACCATGA-1_1_1_1","IR","B-ActMem",-1.54993930666637,-1.03156993123356
"TCAAGCAAGTAACCTC-1_1_1_1","IR","B-Mye",-0.629760654856678,8.07221868303951
"TCAAGCACACTGGCCA-1_1_1_1","IR","B-Naive",3.33189555795002,-2.86363980504338
"TCAAGTGAGGCGAACT-1_1_1_1","IR","B-Act1",-4.62528851835918,0.572531756436189
"TCAAGTGCATGACTTG-1_1_1_1","IR","B-Naive",-2.05817893355083,-3.42130443784062
"TCAAGTGGTTGTGCAT-1_1_1_1","IR","B-Naive",0.635137406895641,2.15663936403926
"TCAATCTCACAGAGCA-1_1_1_1","IR","B-Naive",2.13494011552143,2.1459355619305
"TCAATTCAGCAGCGAT-1_1_1_1","IR","B-Act2",3.84689399392414,2.36968186167415
"TCACAAGCACTCAAGT-1_1_1_1","IR","B-Naive",-1.70842948763561,-1.09237119885747
"TCACACCCACCGTGGT-1_1_1_1","IR","B-Naive",-0.71807667820644,-3.91029951306645
"TCACACCGTATACCTG-1_1_1_1","IR","B-Naive",-3.38082650511455,-2.36074206563298
"TCACACCGTCACTGAT-1_1_1_1","IR","B-Act1",-4.09824064581585,0.277413633143266
"TCACATTAGACGATAT-1_1_1_1","IR","B-Naive",-0.192520143677708,-4.44852802487675
"TCACGCTCAAATACAG-1_1_1_1","IR","B-Naive",-0.328095706393238,-4.37667534085576
"TCACGCTGTTGTACGT-1_1_1_1","IR","B-ActMem",3.83483168275166,5.11699083117183
"TCACGGGAGAGGGCGA-1_1_1_1","IR","B-Naive",1.32351335675526,0.537008252417406
"TCACGGGGTATGTCAC-1_1_1_1","IR","B-Naive",1.97951313645649,-1.17836687299077
"TCACTATCACTTACAG-1_1_1_1","IR","B-Naive",-0.104455552277383,-1.42167970868413
"TCACTATGTTAGGAGC-1_1_1_1","IR","B-Naive",0.901205150197033,-1.53215644093815
"TCAGCAATCACTTCTA-1_1_1_1","IR","B-Naive",-0.546957047869679,-0.560402247632185
"TCAGCAATCGTCGGGT-1_1_1_1","IR","B-Naive",2.97975012452412,-0.162728640759627
"TCAGCCTAGGAGAGGC-1_1_1_1","IR","B-Naive",-0.306116165806767,-1.5420424673206
"TCAGGGCAGATGGCAC-1_1_1_1","IR","B-Naive",0.492328313897136,0.122905340468248
"TCAGGTACAAGGCAAC-1_1_1_1","IR","B-Naive",-3.5833542665739,-1.20279047223393
"TCAGGTAGTAGGAGTC-1_1_1_1","IR","B-Act1",-2.32094839422893,1.13323803660806
"TCAGGTATCAAGCGTT-1_1_1_1","IR","B-Naive",-0.0882655998964273,-2.48602602216069
"TCAGTGATCTTCTTCC-1_1_1_1","IR","B-Plasma",12.2667374292116,0.468988445078691
"TCAGTTTAGTCTAGCT-1_1_1_1","IR","B-Naive",0.608359543393139,-3.59509155484501
"TCAGTTTCAGATTTCG-1_1_1_1","IR","B-Naive",4.18572327287007,-2.34531781407658
"TCAGTTTGTTACAGCT-1_1_1_1","IR","B-Naive",-0.888560028960224,-3.4507453176624
"TCATACTGTACCAGAG-1_1_1_1","IR","B-Naive",0.701772419522289,-3.90591833325688
"TCATATCAGTTCCATG-1_1_1_1","IR","B-ActMem",-1.26414910166454,-4.69210502835576
"TCATATCCAGAATCGG-1_1_1_1","IR","B-Naive",0.843443361828808,-0.637507531369368
"TCATATCGTATCGCGC-1_1_1_1","IR","B-Naive",3.55872484834004,-1.93439266415898
"TCATCATAGAAGCGGG-1_1_1_1","IR","B-Naive",-1.34128502218914,1.27515530255969
"TCATCATCAGATCCTA-1_1_1_1","IR","B-Naive",-2.25751546232891,-3.09142896863286
"TCATGAGGTGACTAAA-1_1_1_1","IR","B-ActMem",3.71819540650654,5.48685434130367
"TCATGAGGTGCAACGA-1_1_1_1","IR","B-Mye",-0.94810757248592,6.67974021700557
"TCATGCCGTAAGTTGA-1_1_1_1","IR","B-Act2",3.48101374299336,-0.134767625058333
"TCATGCCTCGTCTACC-1_1_1_1","IR","B-Act1",-5.5853929838438,0.378270235335191
"TCATGGATCTTTCAGT-1_1_1_1","IR","B-Naive",3.651284185956,-2.73391101094548
"TCATGTTAGAATCGTA-1_1_1_1","IR","B-Naive",-0.254992889453884,-1.11841747495
"TCATGTTTCCAACTGA-1_1_1_1","IR","B-Naive",-2.92829087584209,-2.09244558545415
"TCATGTTTCCGAGAAG-1_1_1_1","IR","B-Naive",0.640425530980114,-2.6325080129749
"TCATTGTGTACACGTT-1_1_1_1","IR","B-Naive",4.36115595490742,-2.71717903348271
"TCATTGTTCTATTGTC-1_1_1_1","IR","B-Naive",-1.29481676428508,-3.54549762936894
"TCCACGTTCAGCTTCC-1_1_1_1","IR","B-Naive",2.99429318101216,-2.64482447835271
"TCCAGAACACCAGCTG-1_1_1_1","IR","B-Naive",-2.03563872187328,-3.11000082227055
"TCCATGCCAATTCTCT-1_1_1_1","IR","B-Naive",-1.13672509997081,-3.7096941206104
"TCCCAGTTCCAGTTCC-1_1_1_1","IR","B-Naive",-0.672710510184284,-3.41499969693486
"TCCCATGAGTCAATCC-1_1_1_1","IR","B-ActMem",3.09829470307637,4.52613976267513
"TCCCATGCATCCCACT-1_1_1_1","IR","B-Naive",-1.38021078913402,-3.97130224438969
"TCCCATGTCGCCAACG-1_1_1_1","IR","B-Act1",-5.37262013762188,1.58833297756847
"TCCGAAACAAGTTCGT-1_1_1_1","IR","B-Naive",0.620495525906566,-1.52638528081242
"TCCGATCGTAGCGAGT-1_1_1_1","IR","B-Naive",0.343083558390621,0.717021938835939
"TCCGATCTCGGCACTG-1_1_1_1","IR","B-ActMem",3.76819464356709,5.3231451776379
"TCCGATCTCGGCATCG-1_1_1_1","IR","B-ActMem",3.44085427911091,5.51052453783687
"TCCGGGAAGCGCCTCA-1_1_1_1","IR","B-Naive",4.60304209382344,-1.57244012090031
"TCCTAATTCCCGTTGT-1_1_1_1","IR","B-Naive",-0.592120142867085,-4.29530927869145
"TCCTCCCGTAGCTTTG-1_1_1_1","IR","B-Naive",2.61897870690632,0.249547686850389
"TCCTCGAAGCTAAACA-1_1_1_1","IR","B-Naive",-1.74197820036602,-4.64326450558964
"TCCTCTTCATCTTCGC-1_1_1_1","IR","B-Act1",-5.28859999983501,0.247914459978899
"TCCTGCACAATTGGTC-1_1_1_1","IR","B-ActMem",3.62093421609211,5.2643916871899
"TCCTGCATCACATACG-1_1_1_1","IR","B-Naive",-1.77761796324443,-3.12745735379521
"TCCTTTCAGGAACGTC-1_1_1_1","IR","B-Naive",-0.756530674387928,1.82283731964763
"TCCTTTCCATACCAGT-1_1_1_1","IR","B-Naive",4.95706268937397,-0.903605076993147
"TCCTTTCTCGACCTAA-1_1_1_1","IR","B-ActMem",4.50945994050312,3.93720963267024
"TCGAACACAATCGAAA-1_1_1_1","IR","B-Naive",-0.377745213200566,-0.257702085698286
"TCGAACAGTTTACCTT-1_1_1_1","IR","B-Naive",-2.18780639975261,-4.74062845441166
"TCGAAGTTCTCGTCGT-1_1_1_1","IR","B-ActMem",3.19011303574849,4.95221784380611
"TCGACCTAGATGAAGG-1_1_1_1","IR","B-Naive",1.05818709523487,2.14381661680873
"TCGACGGAGATGAAGG-1_1_1_1","IR","B-ActMem",2.97159144074726,4.63190152910884
"TCGACGGCACGACTAT-1_1_1_1","IR","B-Naive",-1.34819653837871,-3.63522026273076
"TCGACGGTCCCGTGTT-1_1_1_1","IR","B-Naive",2.68812724740315,2.22336175707515
"TCGATTTGTATCACCA-1_1_1_1","IR","B-Naive",0.403922466347698,-3.21723100873295
"TCGCACTCAATTGTGC-1_1_1_1","IR","B-Act1",-4.85420754759502,1.72368320492442
"TCGCACTGTACTAAGA-1_1_1_1","IR","B-Naive",2.07951447160054,-0.280129525387923
"TCGCACTTCTGTAACG-1_1_1_1","IR","B-ActMem",3.62305876405049,4.67197778490718
"TCGCAGGGTCCCAAAT-1_1_1_1","IR","B-ActMem",3.32992860467244,3.54841497210201
"TCGCTCAAGGCTCTAT-1_1_1_1","IR","B-ActMem",2.71381899506855,3.61559202936824
"TCGCTTGGTTCTCGTC-1_1_1_1","IR","B-ActMem",3.99489065797139,3.95939972666438
"TCGGATACACTCCACT-1_1_1_1","IR","B-Act1",-5.44194415419292,1.37627970842059
"TCGGGCACACACGGTC-1_1_1_1","IR","B-ActMem",3.12472125680256,5.51584270266231
"TCGGGCACAGTGCCTG-1_1_1_1","IR","B-Naive",-3.17688015310955,-1.41796776982609
"TCGGGTGAGCTAATCC-1_1_1_1","IR","B-Naive",0.583774534771923,1.47739359406169
"TCGGTCTGTCCGCAGT-1_1_1_1","IR","B-Naive",1.57609495312977,0.900002342140039
"TCGTAGACACTTGGGC-1_1_1_1","IR","B-Naive",0.142298249314312,-1.11928913327519
"TCGTAGAGTGCGGATA-1_1_1_1","IR","B-Naive",4.93312737138081,-1.28925440045659
"TCGTCCACATCTATCT-1_1_1_1","IR","B-Act1",0.668112365315441,-1.65110537740056
"TCGTGGGAGTGGTGAC-1_1_1_1","IR","B-Naive",-0.0472470691699945,0.635412600313982
"TCGTGGGGTAGGCTGA-1_1_1_1","IR","B-Naive",-0.362011509229656,-3.27147361966435
"TCGTGGGGTGCTCGTG-1_1_1_1","IR","B-ActMem",3.58971354157734,4.68082692888912
"TCTAACTAGCCTAGGA-1_1_1_1","IR","B-Naive",-3.34136799185466,-2.7986674043781
"TCTAACTCAAGGTACG-1_1_1_1","IR","B-Naive",1.27633031995106,-0.438202593053023
"TCTACATTCTTAGGAC-1_1_1_1","IR","B-Act2",4.11041971833516,0.781994220291933
"TCTACCGCATGTACGT-1_1_1_1","IR","B-Act1",-3.22230771391582,1.95473101404842
"TCTACCGGTGTAAATG-1_1_1_1","IR","B-Naive",0.858826068947796,-3.71592828961674
"TCTATACAGAATTGTG-1_1_1_1","IR","B-ActMem",2.84608503968525,4.60908654001888
"TCTATACAGCAAATGT-1_1_1_1","IR","B-Naive",0.79152306706715,-1.08358094426457
"TCTATACAGGATTCCT-1_1_1_1","IR","B-ActMem",4.0504564920168,5.58005121020015
"TCTATACCAGGCTCTG-1_1_1_1","IR","B-Naive",-2.6865732988615,-2.92370221349064
"TCTATACTCTGTTCAT-1_1_1_1","IR","B-Act1",-4.26481774656963,-0.153906557286421
"TCTATCATCCGCATAA-1_1_1_1","IR","B-Naive",-2.53528431265545,-4.13522407742802
"TCTCACGGTCGAATGG-1_1_1_1","IR","B-Act2",4.38308903367329,1.77117105988201
"TCTCAGCGTGGTTCTA-1_1_1_1","IR","B-Naive",1.4229180494051,0.766969379460176
"TCTCCGAAGCAGAAAG-1_1_1_1","IR","B-Naive",2.72429153115559,1.33639877704318
"TCTCCGACATCCTCAC-1_1_1_1","IR","B-ActMem",-2.13824847548198,-4.00280878278081
"TCTCCGAGTAGATTAG-1_1_1_1","IR","B-Naive",4.82198521287251,-1.845970127309
"TCTCCGATCACGGGCT-1_1_1_1","IR","B-ActMem",3.50063845307637,5.07755258349117
"TCTCTGGAGGTGGGTT-1_1_1_1","IR","B-Naive",-1.2547821125288,-0.065675232136885
"TCTCTGGCAGAGAGGG-1_1_1_1","IR","B-Naive",3.1775796094637,5.12412431505855
"TCTGCCACACCTGTCT-1_1_1_1","IR","B-Naive",2.02605744988728,-2.04546830388371
"TCTGGCTGTCGATGCC-1_1_1_1","IR","B-Act1",-4.0940976461668,-0.470148417676131
"TCTGGCTGTTAAGACA-1_1_1_1","IR","B-ActMem",3.52693697602558,5.00643112925228
"TCTGTCGAGGGTATAT-1_1_1_1","IR","B-Act1",-1.13815441935253,1.54861071375545
"TCTGTCGAGTTCATCG-1_1_1_1","IR","B-Naive",-0.168029697825428,0.496610250746568
"TCTGTCGCACGCCACA-1_1_1_1","IR","B-Naive",0.693615345070843,2.45491090086635
"TCTTAGTCACTAGGCC-1_1_1_1","IR","B-Naive",0.129950312684063,-4.09238025876347
"TCTTAGTGTAGTTACC-1_1_1_1","IR","B-Naive",-0.513167293955799,1.14598719445403
"TCTTGCGGTCGTCGGT-1_1_1_1","IR","B-Act1",-4.98765042631817,2.43111589220699
"TCTTGCGTCATCTCTA-1_1_1_1","IR","B-Naive",-0.768716069151875,-2.74959609242741
"TCTTTGAAGCCGTCGT-1_1_1_1","IR","B-Naive",1.08843359143544,0.439315524374803
"TCTTTGAGTCTTAGTG-1_1_1_1","IR","B-Naive",0.21024358064938,-3.55490038129155
"TGAATCGCAAACGTGG-1_1_1_1","IR","B-Act1",-2.34460500090313,2.02294799355205
"TGAATCGGTCAGATTC-1_1_1_1","IR","B-Naive",3.29539009721089,-0.453939292157332
"TGAATCGTCTCAACCC-1_1_1_1","IR","B-Act1",-3.67133954374981,-1.75859925481145
"TGAATGCTCGTTAGAC-1_1_1_1","IR","B-Naive",-1.89094546644878,0.292619076048692
"TGACAGTGTTGTGCAT-1_1_1_1","IR","B-Naive",1.33535036237049,0.243485775267442
"TGACTCCAGATTCGAA-1_1_1_1","IR","B-Naive",-1.35359874575328,-0.88783869477574
"TGACTCCAGTCCCAAT-1_1_1_1","IR","B-Act1",-3.47688320486736,-1.10505745145146
"TGACTCCTCGTCTCAC-1_1_1_1","IR","B-Naive",-1.09700074999523,-2.80249688359563
"TGAGACTAGTCCTGCG-1_1_1_1","IR","B-Act1",-0.73313513605785,1.97770663765605
"TGAGACTTCCGAGATT-1_1_1_1","IR","B-Act2",4.12014052064228,0.725713935171922
"TGAGCATTCGGTAAGG-1_1_1_1","IR","B-ActMem",2.90376397759724,4.10149219301876
"TGAGCATTCTATGTGG-1_1_1_1","IR","B-Naive",-2.58566072790813,-2.56801483365361
"TGAGCGCCAGAGGTAC-1_1_1_1","IR","B-Naive",3.27325770051289,1.28111001518901
"TGAGGAGCAATGAAAC-1_1_1_1","IR","B-Naive",1.26923426778126,-1.87978956433598
"TGAGGAGTCTGGACCG-1_1_1_1","IR","B-Naive",1.53986212403584,-0.254687401974837
"TGAGGAGTCTTTGCGC-1_1_1_1","IR","B-Naive",1.27195045144368,-1.05572626324956
"TGAGGGAAGCTCACTA-1_1_1_1","IR","B-Naive",2.91072103173542,-1.88775799008671
"TGAGGGACAGTCTACA-1_1_1_1","IR","B-Act1",-1.11798766462993,1.45954951313671
"TGAGGGACATAGTCGT-1_1_1_1","IR","B-Naive",-0.873589785983082,2.18209316996272
"TGAGGTTTCAGTCCGG-1_1_1_1","IR","B-Act1",-4.02867725699138,1.80539860991176
"TGAGGTTTCATTGCTT-1_1_1_1","IR","B-Naive",-0.327860253145214,-2.02901503773991
"TGAGTCAAGAAGTCTA-1_1_1_1","IR","B-Naive",0.102694300721172,-0.0783198806888259
"TGAGTCAAGCAGAAAG-1_1_1_1","IR","B-Naive",4.73121544511128,-1.73857519360844
"TGAGTCAGTACTTGTG-1_1_1_1","IR","B-Naive",3.01324984223652,-1.11970922681157
"TGAGTCAGTGCATTTG-1_1_1_1","IR","B-Naive",-0.536451371600147,1.08042360139426
"TGAGTCAGTGGCTTAT-1_1_1_1","IR","B-Naive",-0.902852149893757,-0.949592086995283
"TGATCAGCACCATAAC-1_1_1_1","IR","B-ActMem",3.84813043267537,4.30457880762752
"TGATCTTCAGGAGGAG-1_1_1_1","IR","B-Plasma",12.3956913629274,0.317335632120928
"TGATCTTGTGAGTAAT-1_1_1_1","IR","B-Naive",1.72173401505757,1.60074147251781
"TGATCTTTCGTAACTG-1_1_1_1","IR","B-Naive",4.30770107896138,-2.75516650410954
"TGATGCAGTAGTAAGT-1_1_1_1","IR","B-Naive",0.116978613446239,-0.702279898846785
"TGATGCAGTATGTGTC-1_1_1_1","IR","B-Naive",1.72579595238972,0.282315578734239
"TGATGCAGTGGAACCA-1_1_1_1","IR","B-Naive",-0.483835907866474,-1.55837533208195
"TGATGGTAGCCATGCC-1_1_1_1","IR","B-Naive",-0.901921006133076,-2.53162643643681
"TGATGGTCACTGGATT-1_1_1_1","IR","B-Naive",-0.758965345313069,2.50227310923274
"TGATGGTTCACTTGTT-1_1_1_1","IR","B-Act1",-6.29280665724468,1.52752127913173
"TGATGGTTCCTATTTG-1_1_1_1","IR","B-Naive",0.675220398018841,-0.841401192868391
"TGATTCTCATGAGGGT-1_1_1_1","IR","B-Naive",0.297764954874996,-0.757366034711043
"TGCACGGAGGTTCCAT-1_1_1_1","IR","B-Naive",2.39388891846943,1.37244718936618
"TGCACGGTCCCGAACG-1_1_1_1","IR","B-Act1",-3.42471626608562,0.558503177439531
"TGCACGGTCCGGTTCT-1_1_1_1","IR","B-Act1",-5.41136124937725,0.417153444563707
"TGCAGATCAGCTGTAT-1_1_1_1","IR","B-Naive",1.42407437951374,-2.88948437901799
"TGCAGGCAGTTAGTGA-1_1_1_1","IR","B-Act1",-5.0230036100645,2.32763769892391
"TGCAGTACACCTGCAG-1_1_1_1","IR","B-Naive",4.95189997346211,-1.2428948614246
"TGCAGTAGTCCAACGC-1_1_1_1","IR","B-Naive",-1.89107433169078,-2.76390979024235
"TGCCGAGCAACGGCCT-1_1_1_1","IR","B-Naive",0.720715252469066,1.93574604061778
"TGCGACGCAATAAGGT-1_1_1_1","IR","B-Naive",2.57835504205037,-1.69919869633977
"TGCGATAGTACTGACT-1_1_1_1","IR","B-Naive",-0.72569284050655,1.90355595616039
"TGCGATAGTTTCTTAC-1_1_1_1","IR","B-Act1",-3.38871959059429,-0.192299935544173
"TGCGGCAAGGTGATAT-1_1_1_1","IR","B-Naive",2.31241175324726,2.46661069658931
"TGCGGCAAGGTGTGAC-1_1_1_1","IR","B-Naive",-1.42083326189708,-1.50697228642766
"TGCGGCACATTGCAAC-1_1_1_1","IR","B-ActMem",3.92379185349751,4.10158422259029
"TGCGGGTAGTATAGGT-1_1_1_1","IR","B-Act1",-1.31693461744976,1.82117762831386
"TGCGGGTGTTGAATCC-1_1_1_1","IR","B-Naive",1.32568666131306,2.37075534132655
"TGCTCCAGTACCAGAG-1_1_1_1","IR","B-ActMem",3.51624581010151,5.118718412196
"TGCTGAATCAAACGAA-1_1_1_1","IR","B-Naive",1.79454049260426,-2.20080134602849
"TGCTGAATCTCACCCA-1_1_1_1","IR","B-Act1",-4.12552884428692,2.05228677061733
"TGCTTCGAGGAGTACC-1_1_1_1","IR","B-Naive",-0.793789657046314,2.46120419768031
"TGCTTCGCAGCGAACA-1_1_1_1","IR","B-Naive",-1.03448191492748,-2.99904558392827
"TGCTTGCCACACACGC-1_1_1_1","IR","B-Act1",-4.75185540526104,1.61465313700374
"TGGAACTTCCTTCTGG-1_1_1_1","IR","B-Naive",1.39250013024617,-2.65500280591313
"TGGAGAGCATGGATCT-1_1_1_1","IR","B-ActMem",3.87743064553547,5.44743755129512
"TGGAGAGGTAATACCC-1_1_1_1","IR","B-Act1",-3.99965647070598,-2.00599119397465
"TGGAGGAGTGCGGCTT-1_1_1_1","IR","B-Act1",-3.40369776098919,2.44613971975978
"TGGATGTTCACACGAT-1_1_1_1","IR","B-Act2",4.80880734116841,1.98494788674053
"TGGGAAGTCCACAGCG-1_1_1_1","IR","B-Mye",-0.241976553787705,5.87888839510616
"TGGGAGAAGACGGTCA-1_1_1_1","IR","B-Naive",0.66169467360783,0.306441750799974
"TGGGAGAAGTAGCCAG-1_1_1_1","IR","B-Naive",4.22582480103779,-2.74687168332402
"TGGGAGAGTACGTGAG-1_1_1_1","IR","B-ActMem",2.89141723305989,5.01885631350215
"TGGGATTGTGCATTTG-1_1_1_1","IR","B-Naive",-0.615474196364399,-1.40400240155522
"TGGGCGTGTTGATGTC-1_1_1_1","IR","B-Naive",1.36804124505329,2.02176347044643
"TGGGCTGAGGTTCAGG-1_1_1_1","IR","B-Naive",2.87862989098835,3.63287880686458
"TGGGTTAGTGCGTGCT-1_1_1_1","IR","B-Naive",1.92944618851948,1.83011784819301
"TGGTACAAGATACATG-1_1_1_1","IR","B-Naive",-0.455899955918308,5.8733947542065
"TGGTACACATATGCGT-1_1_1_1","IR","B-Naive",0.411551920483593,1.23584641185935
"TGGTAGTAGTCATCCA-1_1_1_1","IR","B-Naive",-0.149183437441703,-2.99424812527959
"TGGTAGTGTGAGACGT-1_1_1_1","IR","B-ActMem",2.99768420846272,5.03495457438167
"TGGTGATAGCGAATGC-1_1_1_1","IR","B-Naive",4.20745035798359,-2.22680232259099
"TGGTTAGAGAACCCGA-1_1_1_1","IR","B-Naive",-3.39540699331951,-3.05898687573735
"TGGTTAGAGTAATCCC-1_1_1_1","IR","B-Act2",3.43152925164509,0.232034650122484
"TGGTTAGAGTGTCATC-1_1_1_1","IR","B-ActMem",3.64507099778462,3.46256854799922
"TGGTTAGGTGTATTCG-1_1_1_1","IR","B-Act1",-0.84634599297237,2.52706339625057
"TGTAACGAGTTGTAAG-1_1_1_1","IR","B-Naive",-1.40944388716411,-3.02651140424077
"TGTAACGGTATCCCAA-1_1_1_1","IR","B-Naive",5.08141132981587,-1.11686727734868
"TGTAAGCCAATTGCAC-1_1_1_1","IR","B-Naive",0.962760297368053,-0.92702588769261
"TGTAAGCTCACGGGCT-1_1_1_1","IR","B-ActMem",3.64858457238484,5.18629243639644
"TGTAAGCTCGTCGGGT-1_1_1_1","IR","B-ActMem",3.66932603509236,5.67496326235469
"TGTACAGTCTAGATCG-1_1_1_1","IR","B-Act1",-0.919487746645924,2.58279421595271
"TGTAGACTCCTTGAAG-1_1_1_1","IR","B-Naive",-0.19329502641153,1.9219662216061
"TGTAGACTCTACGGTA-1_1_1_1","IR","B-Act1",-0.915577443530079,2.19812062052425
"TGTCAGACATATAGCC-1_1_1_1","IR","B-Naive",-1.36719408838939,-2.05889293881718
"TGTCAGAGTCGTGATT-1_1_1_1","IR","B-Naive",2.05962821633625,0.812400814568361
"TGTCCCAAGTAGGTTA-1_1_1_1","IR","B-Naive",2.28991290719319,1.40295466450389
"TGTCCCACATGGGATG-1_1_1_1","IR","B-Naive",-0.438672604252812,1.16852196720775
"TGTCCCAGTGACAACG-1_1_1_1","IR","B-Naive",-0.00554461984824772,-0.204548213208357
"TGTGAGTCATGCCGAC-1_1_1_1","IR","B-Naive",1.04852518231678,1.40574597982105
"TGTGAGTGTCGATTAC-1_1_1_1","IR","B-Naive",2.95779582650471,-1.72609493466679
"TGTGAGTTCGCCTCTA-1_1_1_1","IR","B-ActMem",3.16663643510151,5.50388171938594
"TGTGCGGGTCAAACGG-1_1_1_1","IR","B-Naive",-0.77782210915279,-2.60181400510136
"TGTGGCGTCCGAGATT-1_1_1_1","IR","B-Act2",3.77827474267292,2.18983104494747
"TGTGTGACAGCTCTGG-1_1_1_1","IR","B-ActMem",2.77280136735249,4.74254753855403
"TGTGTGACATGAAGCG-1_1_1_1","IR","B-Act1",-1.01445976107311,2.04477312830623
"TGTTACTAGGGATCAC-1_1_1_1","IR","B-Plasma",12.2100414911013,0.524943914686998
"TGTTACTGTACACTCA-1_1_1_1","IR","B-Act1",-3.38135460226726,1.80540176895793
"TGTTACTGTCAGGCAA-1_1_1_1","IR","B-Act1",-5.44869283049297,1.73229935434993
"TGTTACTTCAAGTTGC-1_1_1_1","IR","B-ActMem",2.75025793702412,3.91827156809505
"TGTTCATCACTTGTGA-1_1_1_1","IR","B-Naive",2.35524245888996,0.349511590277513
"TGTTCATTCTTAGGAC-1_1_1_1","IR","B-ActMem",3.10572787911702,3.87358191279109
"TGTTCCGAGCAGCACA-1_1_1_1","IR","B-ActMem",3.4890973249178,5.59757783678707
"TGTTCCGAGCCTGTCG-1_1_1_1","IR","B-Naive",-0.707621665884968,1.22737441626724
"TGTTCCGAGGGAGATA-1_1_1_1","IR","B-Naive",4.61576363236714,-2.28122255536381
"TGTTCCGAGGTCACAG-1_1_1_1","IR","B-Act1",-5.93623545973491,1.32077482012447
"TGTTCCGGTTCAATCG-1_1_1_1","IR","B-Naive",1.30463489682484,0.227099683558305
"TGTTCTACACTACAGT-1_1_1_1","IR","B-Plasma",11.6177401223879,1.07717384812768
"TGTTGGAAGTATGTAG-1_1_1_1","IR","B-Act2",3.36315676362324,1.94551375178035
"TGTTGGAAGTGCACAG-1_1_1_1","IR","B-Act1",-3.64623263685894,1.71246745852168
"TGTTTGTCATCGAAGG-1_1_1_1","IR","B-Act1",-2.88828113882732,1.23221861985858
"TGTTTGTGTGACTCGC-1_1_1_1","IR","B-Act1",-3.2438984236021,1.15196683672603
"TTAATCCAGGGATCGT-1_1_1_1","IR","B-Naive",-0.979627164294239,-2.3376214239246
"TTAATCCAGTTCCATG-1_1_1_1","IR","B-Naive",-1.01678940861416,-2.44705745908085
"TTACAGGAGCTAGCCC-1_1_1_1","IR","B-Naive",1.36368950993824,2.4865414169186
"TTACAGGGTGCAACGA-1_1_1_1","IR","B-Naive",-0.952932568480488,-1.37302491399113
"TTACAGGTCACGGGCT-1_1_1_1","IR","B-Act2",4.0376481691103,2.35601749685939
"TTACAGGTCGCTCTCA-1_1_1_1","IR","B-ActMem",3.11239716203022,5.28727796343501
"TTACAGGTCTAGATCG-1_1_1_1","IR","B-Naive",-0.532450946261402,-2.09405896397893
"TTACCATGTTCTGACA-1_1_1_1","IR","B-Naive",1.92467543275166,-1.23051211568181
"TTACGTTTCTCTTCAA-1_1_1_1","IR","B-ActMem",4.19798704774189,4.88124158648189
"TTACTGTAGGTATTGA-1_1_1_1","IR","B-Act1",-5.38824990599346,1.30641302136119
"TTAGGCAAGTGATGGC-1_1_1_1","IR","B-Act1",-2.16197875349712,1.62985071209606
"TTAGTCTAGGGTAGCT-1_1_1_1","IR","B-Act2",4.95087143571186,2.04666414526637
"TTAGTCTTCTGAGCAT-1_1_1_1","IR","B-ActMem",3.78776141793537,5.56279161242183
"TTATTGCAGAGAACCC-1_1_1_1","IR","B-Act1",-1.57496527044963,2.38887849119838
"TTATTGCCATTGAAAG-1_1_1_1","IR","B-Naive",-0.47384718268108,-3.24048683377568
"TTATTGCGTGCATACT-1_1_1_1","IR","B-ActMem",3.59133574158955,5.70403125551876
"TTATTGCTCACCTGTC-1_1_1_1","IR","B-Naive",1.43104991109181,-3.32035276624028
"TTCAATCAGGAGCTGT-1_1_1_1","IR","B-Naive",1.50191458852101,0.712393548762163
"TTCAATCAGTATTAGG-1_1_1_1","IR","B-Naive",-3.18961790411663,-2.8290571901447
"TTCACCGAGACAACAT-1_1_1_1","IR","B-Naive",-2.2618735155363,-1.54816481801335
"TTCACCGCAGGATGAC-1_1_1_1","IR","B-Naive",0.274316755841259,-2.04400298329655
"TTCACCGGTGTTATCG-1_1_1_1","IR","B-Act2",3.57872482926655,1.83123442200359
"TTCACGCTCGCCTAGG-1_1_1_1","IR","B-Naive",0.148897586176876,-4.44714281293217
"TTCAGGATCGCTCATC-1_1_1_1","IR","B-ActMem",3.07694884927082,2.81404211786922
"TTCATGTCAATGGCCC-1_1_1_1","IR","B-ActMem",3.87555643708516,4.78600123194393
"TTCATGTGTTGGGAAC-1_1_1_1","IR","B-Naive",-2.23390272467327,-3.69933769437138
"TTCATGTTCGCCGTGA-1_1_1_1","IR","B-Naive",1.903791872571,-2.30928823682133
"TTCATGTTCGTCTACC-1_1_1_1","IR","B-Naive",-1.98476425020885,-3.19860765668217
"TTCATTGAGTTCCGGC-1_1_1_1","IR","B-Naive",-2.34285024016094,-1.72417900296513
"TTCATTGCACGTGAGA-1_1_1_1","IR","B-Naive",1.63907858521748,-2.0217480394489
"TTCATTGTCACAATGC-1_1_1_1","IR","B-ActMem",4.27876183183003,4.93147018221553
"TTCCAATAGACAACAT-1_1_1_1","IR","B-Naive",1.03662964494038,-3.33376190396611
"TTCCAATTCATGCAGT-1_1_1_1","IR","B-Naive",0.100462628314976,-2.80046674939458
"TTCCACGAGGTTCATC-1_1_1_1","IR","B-Naive",-1.49784377424907,-0.422639701092879
"TTCCACGCAAGACGGT-1_1_1_1","IR","B-Act1",-3.68536022513103,0.06513240603145
"TTCCACGGTCGCGTTG-1_1_1_1","IR","B-Act1",-0.745566101958271,1.03899582727227
"TTCCGGTAGTATGGCG-1_1_1_1","IR","B-Naive",-2.0373885950346,-2.37538716527287
"TTCCGGTGTTCCACGG-1_1_1_1","IR","B-Naive",-1.65965381472301,-3.01548549863164
"TTCCGTGAGCGGTATG-1_1_1_1","IR","B-Naive",1.42305847794819,1.91007449892696
"TTCCGTGGTGGCTAGA-1_1_1_1","IR","B-Act1",-3.63682845442485,0.220528927122911
"TTCCTAAAGCACGATG-1_1_1_1","IR","B-Naive",1.84744652898121,2.65057113436397
"TTCCTAACAACTCGAT-1_1_1_1","IR","B-Naive",1.30828448922444,1.33229145077403
"TTCCTAAGTCTCACAA-1_1_1_1","IR","B-Naive",0.48126551301289,-2.25143549176518
"TTCCTAAGTTACGGAG-1_1_1_1","IR","B-Naive",-0.0661587065358126,0.489945795809587
"TTCCTCTTCAGCGGAA-1_1_1_1","IR","B-Act1",-2.14451697676372,2.50522234705623
"TTCGATTAGACTCTTG-1_1_1_1","IR","B-Naive",-2.2575702986021,-1.6847004625446
"TTCGCTGAGAGAACCC-1_1_1_1","IR","B-Naive",1.80732854993153,0.943758111869653
"TTCGCTGAGGAGGTTC-1_1_1_1","IR","B-ActMem",3.4981977620821,3.69744446543392
"TTCGCTGAGTGATTCC-1_1_1_1","IR","B-Naive",-2.13969734518718,-0.690153453076521
"TTCGGTCCACTACACA-1_1_1_1","IR","B-Naive",-1.92855039446544,-2.88636276456181
"TTCGGTCTCGGTCACG-1_1_1_1","IR","B-Naive",-2.96686032622051,-1.65205642911259
"TTCTAACAGGCGTTGA-1_1_1_1","IR","B-ActMem",3.28941342026997,3.69504120615657
"TTCTAGTCAGCTTTCC-1_1_1_1","IR","B-Naive",-1.99022975771618,-3.73262140485112
"TTCTCTCAGGGCTAAC-1_1_1_1","IR","B-Act2",3.47400375993061,1.83541330364879
"TTCTCTCGTTCAATCG-1_1_1_1","IR","B-Naive",0.54860839040089,-3.38379928799931
"TTCTCTCGTTCATCTT-1_1_1_1","IR","B-Naive",2.73733874947834,-0.595992657864729
"TTCTGTAGTGGGCTCT-1_1_1_1","IR","B-Naive",-1.04558161108684,-3.42232010098759
"TTCTGTATCCACGTGG-1_1_1_1","IR","B-Plasma",11.8569597879152,0.880013164555391
"TTCTTCCCATAAGCAA-1_1_1_1","IR","B-Act1",-4.69007590620708,1.56419679192241
"TTCTTCCGTGCTTCAA-1_1_1_1","IR","B-Naive",-0.126219466542121,-1.40117881032292
"TTCTTGAAGATGCAGC-1_1_1_1","IR","B-Naive",1.5679672637682,-2.81677887173955
"TTCTTGAAGGTAGATT-1_1_1_1","IR","B-Naive",-1.53409734575939,-2.81822011205022
"TTCTTGATCTGGAGAG-1_1_1_1","IR","B-Naive",1.76819142491627,1.67490985659297
"TTGAACGAGCGTGAAC-1_1_1_1","IR","B-Act1",-3.31988504736614,2.30472650793727
"TTGACCCAGTTATGGA-1_1_1_1","IR","B-Act1",-4.8756876310606,0.856991988097986
"TTGATGGTCAAGGCTT-1_1_1_1","IR","B-Act2",3.16940161378193,2.23521533278163
"TTGCATTAGAATTGCA-1_1_1_1","IR","B-Naive",1.09403833539296,1.67494526175197
"TTGCATTCACTCATAG-1_1_1_1","IR","B-Naive",1.69169041306782,-2.48619124623601
"TTGCGTCAGTCCTGTA-1_1_1_1","IR","B-Naive",-1.09112468569469,-0.919642779553572
"TTGCGTCAGTCGTCTA-1_1_1_1","IR","B-Naive",2.57763311059285,0.641384300267061
"TTGCGTCTCCCATTTA-1_1_1_1","IR","B-Naive",-2.42251256315899,-2.9349913332111
"TTGCTGCTCCATTGGA-1_1_1_1","IR","B-ActMem",-1.90598514883709,3.01170280245479
"TTGCTGCTCCTACGAA-1_1_1_1","IR","B-Naive",-3.49912408201885,-2.99198505612675
"TTGGGATCAAGCGAGT-1_1_1_1","IR","B-Naive",2.05070611626912,0.484883990561327
"TTGGGATGTACGTTCA-1_1_1_1","IR","B-ActMem",3.75936361939717,5.60157182482418
"TTGGGCGCAAAGCAAT-1_1_1_1","IR","B-Naive",1.54388960988331,0.523528065955003
"TTGGGCGCATCGGTTA-1_1_1_1","IR","B-Naive",-3.56721666662883,-2.42627594205205
"TTGGGTACAGATACCT-1_1_1_1","IR","B-Naive",3.83593365342427,-1.29673859807316
"TTGGGTATCTGCACCT-1_1_1_1","IR","B-Naive",1.94140288026142,-0.812320801938216
"TTGGTTTAGGGATGTC-1_1_1_1","IR","B-Act2",3.71831127793599,2.46070435312923
"TTGGTTTCACCGAATT-1_1_1_1","IR","B-Act2",4.48359104783345,1.39457186726268
"TTGTGTTGTAATTGGA-1_1_1_1","IR","B-Naive",1.02255078942585,0.0305766132229173
"TTGTGTTGTTTCGCTC-1_1_1_1","IR","B-Naive",0.706452874253277,0.292523827826341
"TTGTGTTTCATTCTTG-1_1_1_1","IR","B-ActMem",3.69889232308674,5.00162341860469
"TTGTGTTTCTATGTGG-1_1_1_1","IR","B-Act1",2.72428938538838,3.53915574816402
"TTGTTCAAGTGGAAAG-1_1_1_1","IR","B-Act1",-4.39190057127666,1.81191673544582
"TTGTTGTTCATCCTGC-1_1_1_1","IR","B-Naive",2.06850906998921,-2.01281258794133
"TTGTTTGGTTTGCCGG-1_1_1_1","IR","B-ActMem",2.9857215562563,4.23889711168941
"TTTACGTCAACCGTAT-1_1_1_1","IR","B-Act2",5.06774756104756,1.55135145453151
"TTTACGTCAGCAGGAT-1_1_1_1","IR","B-Act1",-3.44601705877971,-2.67734000417058
"TTTACGTCATCCGGTG-1_1_1_1","IR","B-Naive",-1.10275110809993,-2.49243304463688
"TTTAGTCAGACCGTTT-1_1_1_1","IR","B-Naive",1.11250397355366,-3.22112629147832
"TTTAGTCCAGACCTGC-1_1_1_1","IR","B-Naive",-2.76784160940838,-1.76397011014287
"TTTAGTCGTTTCGGCG-1_1_1_1","IR","B-ActMem",3.10548683793354,4.62716558245357
"TTTATGCCAAATACAG-1_1_1_1","IR","B-Naive",-0.455291332890507,-2.83234712811772
"TTTATGCCATGTCTAG-1_1_1_1","IR","B-Act2",5.05323931367207,1.23437195686038
"TTTATGCGTAACGATA-1_1_1_1","IR","B-Naive",1.11620089204121,-0.225817057812849
"TTTATGCTCCCTTTGG-1_1_1_1","IR","B-ActMem",4.35133167893696,4.24368503359493
"TTTCACAGTACTTCCC-1_1_1_1","IR","B-Naive",0.83283051640797,-1.84943124982182
"TTTCACATCGCTATTT-1_1_1_1","IR","B-Naive",-1.80283263533306,-3.40838167401616
"TTTCAGTAGAGTTGTA-1_1_1_1","IR","B-Naive",4.09492155701924,-3.00389215680424
"TTTCAGTAGGAGGTTC-1_1_1_1","IR","B-Naive",-0.95036199896526,-3.15576097699467
"TTTCAGTGTTACACAC-1_1_1_1","IR","B-Naive",-3.40563872664165,-2.34265515538518
"TTTCAGTTCTATACTC-1_1_1_1","IR","B-Naive",2.35829230935383,0.677522179161867
"TTTCATGGTACAAGTA-1_1_1_1","IR","B-Act1",-4.32287982313823,0.161807027136644
"TTTCCTCCAGCGTAGA-1_1_1_1","IR","B-Naive",-1.5238193592329,-3.22424242230717
"TTTCCTCTCCACCCTA-1_1_1_1","IR","B-Naive",0.826588300774578,-3.79095432492558
"TTTGATCGTACGATTC-1_1_1_1","IR","B-Act1",-2.40489199965191,2.45947864321407
"TTTGGAGAGCCATTGT-1_1_1_1","IR","B-Naive",-3.43297556250286,-1.45869371625249
"TTTGGAGCACGTCTCT-1_1_1_1","IR","B-Naive",-1.91743877737713,-1.62368271085087
"TTTGGAGGTCGTATGT-1_1_1_1","IR","B-Naive",-0.386506023098942,-1.14209935399357
"TTTGGTTCACGGTGTC-1_1_1_1","IR","B-Act1",-3.02104404776287,1.33198630479511
"TTTGTTGTCTCCAAGA-1_1_1_1","IR","B-Naive",0.504937259266857,-1.51221224995915
"ACGGTCGTCCTTTAGT-1_2_1_1","IR","B-Naive",0.27411418945599,-2.81139013501469
"ACGGTCGTCGGATTAC-1_2_1_1","IR","B-Naive",0.602250126908306,1.58109792736705
"ACGGTTACACGCAGTC-1_2_1_1","IR","B-Naive",1.5241372266512,1.71559008625682
"ACGGTTAGTCTTAGTG-1_2_1_1","IR","B-Naive",-2.63363149969768,-3.94704506131474
"ACGGTTATCGTGCACG-1_2_1_1","IR","B-ActMem",3.57515904099751,5.08857801226314
"ACGTAACAGCCGATAG-1_2_1_1","IR","B-ActMem",3.51838132531453,4.41349151400264
"ACGTAACCATGTCGTA-1_2_1_1","IR","B-Naive",-0.896135064055439,-1.65581104489628
"ACGTAACGTTAATGAG-1_2_1_1","IR","B-Act1",-4.91041901915264,1.46153673199352
"ACGTACAAGGTTACCT-1_2_1_1","IR","B-Act2",3.98882290513325,2.23647072580989
"ACGTACACAACACACT-1_2_1_1","IR","B-Naive",-0.551773281981465,-3.93010065289799
"ACGTAGTCAGCAGTTT-1_2_1_1","IR","B-Naive",-2.8926132044096,0.0614381101482713
"ACGTCCTAGACTTCCA-1_2_1_1","IR","B-Act1",-4.19693997709942,-1.04047414990727
"ACGTTCCAGTGGAAGA-1_2_1_1","IR","B-Naive",1.0863040366869,2.49021675852474
"ACGTTCCTCCGTTGAA-1_2_1_1","IR","B-Naive",-2.85270717947673,-0.349547478879134
"ACTACGACAACCCGCA-1_2_1_1","IR","B-Act1",-3.29005912153911,2.42138924864467
"ACTACGAGTGGTCTTA-1_2_1_1","IR","B-Act1",-3.09009602873516,0.906644624149164
"ACTATCTCAGGAGGAG-1_2_1_1","IR","B-Act1",-2.51763966887188,0.574385490691026
"ACTATCTGTAGATTAG-1_2_1_1","IR","B-Act1",-4.17932418196392,1.63810243872341
"ACTATCTTCAGGTGTT-1_2_1_1","IR","B-Naive",1.18236264378834,-2.18894526692692
"ACTATGGAGCATCAGG-1_2_1_1","IR","B-Naive",0.575121192048076,-0.471648547375838
"ACTATGGCAGCCTTCT-1_2_1_1","IR","B-Naive",-1.32999268381786,-4.68894979687993
"ACTATTCCAGATACCT-1_2_1_1","IR","B-Naive",-1.47796455233287,-2.03037116261784
"ACTATTCGTACTCAAC-1_2_1_1","IR","B-Naive",-0.575104536702152,-2.78321954938237
"ACTCCCAAGCTAGAAT-1_2_1_1","IR","B-Naive",-2.38378408758831,-2.74353286954228
"ACTCCCACAGTTCCAA-1_2_1_1","IR","B-Naive",3.40010782868672,-1.23080346318547
"ACTCCCAGTCATCCGG-1_2_1_1","IR","B-ActMem",3.52658006341267,5.2075913217419
"ACTCCCAGTGGGATTG-1_2_1_1","IR","B-Naive",3.54951616914082,-1.11614200803105
"ACTCTCGCAAGCTACT-1_2_1_1","IR","B-Naive",1.88850232751179,-1.44447300168339
"ACTCTCGTCACCACAA-1_2_1_1","IR","B-Act2",4.34823891312886,1.01403596480723
"ACTCTCGTCATCCTAT-1_2_1_1","IR","B-Act1",-5.23884013502788,1.87117483881648
"ACTCTCGTCCCTCTCC-1_2_1_1","IR","B-Act2",3.96170803696919,0.92835224834617
"ACTGATGCACTGAGGA-1_2_1_1","IR","B-Naive",0.321314183781627,1.63172652987178
"ACTGTCCTCATTACCT-1_2_1_1","IR","B-ActMem",4.70624205262471,4.26239040163692
"ACTGTCCTCCATCCGT-1_2_1_1","IR","B-Naive",-2.60171821921062,-3.97606298657719
"ACTGTGAAGTGTAGAT-1_2_1_1","IR","B-Naive",0.619758991311077,-0.635894391263167
"ACTTAGGTCGTCAGAT-1_2_1_1","IR","B-Naive",2.16887685448933,1.42697173026737
"ACTTATCCAAGACTGG-1_2_1_1","IR","B-Act1",-1.90333512633037,-0.895137760365645
"ACTTATCCACCAGCCA-1_2_1_1","IR","B-Naive",3.39288636834431,-1.49736401768986
"ACTTATCTCTTACACT-1_2_1_1","IR","B-Naive",-1.65042546599102,-4.45420906277958
"ACTTCCGAGTGCTACT-1_2_1_1","IR","B-Naive",-0.160274842967507,-0.58624002667729
"ACTTCCGGTAAGCAAT-1_2_1_1","IR","B-Naive",-1.30896201937389,-0.160419437611738
"ACTTCCGGTAAGTAGT-1_2_1_1","IR","B-Naive",2.78890511185933,1.93668177393611
"ACTTCCGTCTATCGGA-1_2_1_1","IR","B-ActMem",3.73745724351216,3.70437267092403
"ACTTCGCTCTCGCGTT-1_2_1_1","IR","B-Naive",-0.551019164015766,-1.16098520489995
"ACTTTCAAGGTTTGAA-1_2_1_1","IR","B-Naive",2.29718753487873,-2.24205157491032
"ACTTTCACACGTGAGA-1_2_1_1","IR","B-Act1",-5.40961602537822,0.495978501116594
"ACTTTCACAGAGAGGG-1_2_1_1","IR","B-Naive",0.991940347264293,1.19930353430446
"ACTTTCAGTTTACCAG-1_2_1_1","IR","B-Mye",-0.815397711684223,7.88286187914546
"ACTTTCATCCGCTGTT-1_2_1_1","IR","B-Naive",1.61106809766102,-3.10964748593632
"ACTTTCATCTGTGCGG-1_2_1_1","IR","B-Naive",-3.0744819959898,0.288686361586412
"ACTTTGTGTGATTCTG-1_2_1_1","IR","B-Naive",-0.485680403401371,0.613178607498964
"ACTTTGTTCTTAATCC-1_2_1_1","IR","B-ActMem",-0.57841888277721,-4.77780124875371
"AGAAATGTCTCCCTAG-1_2_1_1","IR","B-Naive",-1.7808150371809,-3.80091879102055
"AGAACAAGTTCGAAGG-1_2_1_1","IR","B-Naive",1.7850402274828,2.43351807860072
"AGAACAATCATCGTAG-1_2_1_1","IR","B-Naive",0.221540150950435,-4.35526153775517
"AGAACCTCAAGAATGT-1_2_1_1","IR","B-Naive",-0.461158754517552,-0.414082739079634
"AGAACCTCACGACGTC-1_2_1_1","IR","B-Naive",0.764780012677196,-2.93529221745793
"AGAACCTGTGACATCT-1_2_1_1","IR","B-Act1",-5.03328183500957,2.08009925154384
"AGAAGCGAGCCTAACT-1_2_1_1","IR","B-Act1",-2.09686270563793,1.22763426271613
"AGAAGCGAGCTGGTGA-1_2_1_1","IR","B-Act1",-5.31605437605571,0.642476913010439
"AGAAGCGCAATACCTG-1_2_1_1","IR","B-Naive",2.3293757119875,-0.399949762547652
"AGAAGCGCACAGGATG-1_2_1_1","IR","B-Act1",-2.91283038466167,1.40124588874515
"AGAAGCGGTAGTCGGA-1_2_1_1","IR","B-Naive",0.174053786108974,-1.6013219091541
"AGAAGTAGTGCTCCGA-1_2_1_1","IR","B-Naive",-3.11458113997173,-3.41478512021367
"AGACAAAGTGGGCTTC-1_2_1_1","IR","B-Act1",-6.01665166228008,1.63302799729045
"AGACAAATCACCTTAT-1_2_1_1","IR","B-Naive",0.474028436253551,-2.68370315762822
"AGACAAATCGAACGGA-1_2_1_1","IR","B-Naive",0.44740685612965,-0.496843549931685
"AGACACTTCCTAACAG-1_2_1_1","IR","B-Naive",-2.97160795538616,-2.89312503072087
"AGACAGGCAGCAGACA-1_2_1_1","IR","B-Naive",0.40746739299107,-4.22387811871831
"AGACCATAGCTGACAG-1_2_1_1","IR","B-Naive",4.93938776643086,-1.09281751843754
"AGACCATGTAGAGTTA-1_2_1_1","IR","B-Naive",2.1710652986269,-1.18632456990544
"AGACCCGAGCGTTGTT-1_2_1_1","IR","B-Naive",1.0982407012682,-0.974204275334517
"AGACTCAGTAGAGATT-1_2_1_1","IR","B-Naive",-0.0139746984739267,-0.550136778081099
"AGACTCAGTTCCAGGC-1_2_1_1","IR","B-Naive",4.91155001313496,-1.93355748387639
"AGACTCATCATGGAGG-1_2_1_1","IR","B-Naive",1.11155506760884,-0.193090412343184
"AGAGAATCACGCTATA-1_2_1_1","IR","B-ActMem",3.76788207680989,5.7005374696606
"AGAGAATTCTACCTTA-1_2_1_1","IR","B-Naive",4.84885498673725,-2.02618190976445
"AGAGAATTCTGGAAGG-1_2_1_1","IR","B-Naive",-0.352956356694218,0.695195164954027
"AGAGAGCAGAGATGCC-1_2_1_1","IR","B-Act1",-4.62244942991924,1.29587539700206
"AGAGAGCGTGGACTAG-1_2_1_1","IR","B-ActMem",3.93422886521626,4.14016297129329
"AGAGCAGAGATAGTCA-1_2_1_1","IR","B-Naive",-3.07805136053753,0.325352278029283
"AGAGCAGAGATGCTAA-1_2_1_1","IR","B-Act2",3.98347088486958,2.0401947167271
"AGAGCAGAGATTGCGG-1_2_1_1","IR","B-Naive",-1.38738873808574,-3.81629249783818
"AGAGCAGAGGCTAGCA-1_2_1_1","IR","B-Naive",1.82925888688374,1.13627878991302
"AGAGCCCAGCCTGGAA-1_2_1_1","IR","B-Act1",-3.34466937391948,2.25701501635249
"AGAGCCCGTGTTTCTT-1_2_1_1","IR","B-Act1",0.909404484341625,3.09339311388667
"AGAGCCCTCGCGTTTC-1_2_1_1","IR","B-Naive",-0.293480860282894,0.0517388847225511
"AGATAGAGTCAAATCC-1_2_1_1","IR","B-Act2",-3.0416610559721,-1.52385422917668
"AGATAGAGTTGTTGCA-1_2_1_1","IR","B-Naive",1.99596068055439,0.76725300816234
"AGATCCAGTATGCGGA-1_2_1_1","IR","B-Act1",-1.41458836405468,2.79264714983638
"AGATCGTAGGTTCTAC-1_2_1_1","IR","B-Mye",-0.3951954564352,6.50103357104
"AGATCGTCAGCTCTGG-1_2_1_1","IR","B-Naive",-0.329597549726483,-0.905628893101851
"AGATCGTTCCCGAAAT-1_2_1_1","IR","B-Naive",1.04323741586018,-2.48551866742436
"AGATCGTTCCGCAAAT-1_2_1_1","IR","B-Act1",-4.41663077681255,0.70209192899402
"AGATGAAAGTGCAGGT-1_2_1_1","IR","B-Act1",-1.96106043665599,1.15799647984441
"AGATGAACATGCCGGT-1_2_1_1","IR","B-Act1",-2.79850366919231,1.60004928377803
"AGATGAATCATTCGGA-1_2_1_1","IR","B-Naive",0.953673569272045,0.476285841738542
"AGATGCTAGACCTGGA-1_2_1_1","IR","B-Naive",-0.34885853736591,-0.799593183720747
"AGATGCTAGAGTCCGA-1_2_1_1","IR","B-Naive",-0.218779953410145,-4.3721582624561
"AGATGCTAGAGTTCGG-1_2_1_1","IR","B-Naive",2.75866910607624,2.68245461252864
"AGCCAGCCACGACCTG-1_2_1_1","IR","B-Act2",5.15445515305806,2.11034407881435
"AGCCAGCGTCCAACGC-1_2_1_1","IR","B-Naive",1.90174528748799,-0.978585931981245
"AGCCAGCGTGAAGCGT-1_2_1_1","IR","B-Naive",3.55994364411641,-2.45830032559697
"AGCCAGCGTGAGTAGC-1_2_1_1","IR","B-Naive",1.35831364781666,1.76839068201717
"AGCGATTAGCGCGTTC-1_2_1_1","IR","B-Naive",3.39065691621113,-2.67133948537175
"AGCGATTCAACACAGG-1_2_1_1","IR","B-Naive",0.9789620319109,-2.01370475026433
"AGCGATTCATTCACCC-1_2_1_1","IR","B-Naive",-0.11283388429251,-4.08556005688969
"AGCGATTGTGTATCCA-1_2_1_1","IR","B-Naive",2.89126321465779,1.28481651512321
"AGCGATTTCATGCTAG-1_2_1_1","IR","B-Act1",-1.86431041567516,2.04016920593913
"AGCGATTTCTTACCAT-1_2_1_1","IR","B-Naive",3.88116261155415,-2.70662805768315
"AGCGCCACAGTGGGTA-1_2_1_1","IR","B-Naive",-1.14428428023052,0.983847219919523
"AGCGCCAGTAGTTAGA-1_2_1_1","IR","B-Naive",-3.48036053984356,0.992729902690014
"AGCGCCAGTCGGTGTC-1_2_1_1","IR","B-Act1",-2.26064208357525,1.74889185694393
"AGCGCCATCGAGCACC-1_2_1_1","IR","B-Naive",3.14058181435871,-2.96675035687749
"AGCGCCATCGTGTGGC-1_2_1_1","IR","B-Naive",1.98533293397236,2.10898616579707
"AGCGCTGAGTGTGTTC-1_2_1_1","IR","B-ActMem",2.60882779748249,5.31856229571041
"AGCGTATAGAGGCGGA-1_2_1_1","IR","B-Naive",-1.07853332369518,-0.576439830983321
"AGCGTATAGGCGTTGA-1_2_1_1","IR","B-Naive",2.88083812386799,-1.80390975209538
"AGCGTATGTTCTGAGT-1_2_1_1","IR","B-Naive",-1.43222752421093,-0.635183784688155
"AGCTACAAGACCCGCT-1_2_1_1","IR","B-Naive",1.75064906270314,-1.7894744608051
"AGCTACAGTTCCATTT-1_2_1_1","IR","B-Naive",-0.611322375227925,-3.28993007870976
"AGCTCAACATAGATGA-1_2_1_1","IR","B-Naive",2.10727235467244,1.68688007858928
"AGCTCAAGTCGTTTCC-1_2_1_1","IR","B-Act2",3.54527637154866,2.87250354555782
"AGCTCAAGTGAATGTA-1_2_1_1","IR","B-ActMem",3.16049906403828,3.98244908121761
"AGCTCAATCTAGGCAT-1_2_1_1","IR","B-Naive",2.02210923821736,2.62129714754756
"AGCTTCCCACCAGCTG-1_2_1_1","IR","B-Naive",0.116545913527492,-1.26448366376225
"AGCTTCCGTGAAGCTG-1_2_1_1","IR","B-Naive",2.04638358743,0.663535204207262
"AGCTTCCTCGGATTAC-1_2_1_1","IR","B-Naive",-2.344987424304,-0.687636944974104
"AGGAAATAGAATCGCG-1_2_1_1","IR","B-Act1",-4.05585053770733,2.32372823027309
"AGGAAATGTAATGATG-1_2_1_1","IR","B-Act1",-2.08808067648601,1.46205818322833
"AGGAAATGTCACCACG-1_2_1_1","IR","B-Naive",-2.95343831389141,-2.65710994931523
"AGGAAATTCGATTGGT-1_2_1_1","IR","B-Naive",1.23909780175495,-0.4440918895847
"AGGAATACACATATCG-1_2_1_1","IR","B-Naive",0.688796965191845,-1.756765339101
"AGGAATAGTTCTTGTT-1_2_1_1","IR","B-Naive",1.19091817529011,0.043994334017595
"AGGAATAGTTGCTCGG-1_2_1_1","IR","B-Naive",-1.56956067888927,0.768135872160753
"AGGAATATCAGCAGAG-1_2_1_1","IR","B-Naive",0.00154729724932079,1.53276949790653
"AGGACGAGTCTCCTGT-1_2_1_1","IR","B-Naive",4.09525581986714,-0.977629158223311
"AGGACGATCATTGCGA-1_2_1_1","IR","B-Naive",-6.16842273085308,1.26468458441432
"AGGACGATCCGCGAGT-1_2_1_1","IR","B-Naive",0.461156515191082,1.54822715786632
"AGGACGATCTTGGGCG-1_2_1_1","IR","B-Naive",-0.0181921890277826,0.822128083979448
"AGGACTTAGACTAAGT-1_2_1_1","IR","B-Naive",0.322609899352077,-3.02834198209111
"AGGACTTAGATGTTCC-1_2_1_1","IR","B-Act1",-4.01367143004131,-0.56607184144322
"AGGACTTCATTCTGTT-1_2_1_1","IR","B-Mye",-1.16742375700664,6.45373132494625
"AGGACTTGTCTTTCAT-1_2_1_1","IR","B-Act1",-4.8895078024168,1.31271785167392
"AGGACTTGTGGCCCAT-1_2_1_1","IR","B-Naive",-0.00105676262569065,1.47912010220226
"AGGACTTTCAACCTTT-1_2_1_1","IR","B-Naive",-2.10343006460857,-1.56667134496037
"AGGACTTTCCATGATG-1_2_1_1","IR","B-Naive",-0.0058810880680048,-2.58042118283574
"AGGACTTTCTTCTCAA-1_2_1_1","IR","B-Naive",-0.175855754156824,-1.30805942746464
"AGGAGGTCAGCGATTT-1_2_1_1","IR","B-Naive",-0.951496573378559,-3.43448326321904
"AGGAGGTGTCACTCGG-1_2_1_1","IR","B-Act1",-4.41115334837627,0.921306137418112
"AGGAGGTTCGGTAGGA-1_2_1_1","IR","B-Naive",-1.12496522276592,0.231485333716234
"AGGATAAAGTCACGAG-1_2_1_1","IR","B-Naive",-1.83532706110668,-1.00763842793767
"AGGATAATCCAAGCAT-1_2_1_1","IR","B-Naive",-2.85367134421062,-1.47575113507573
"AGGCATTGTAACATCC-1_2_1_1","IR","B-Naive",0.951688257763866,-3.28202221127812
"AGGCATTGTAAGTCAA-1_2_1_1","IR","B-Plasma",12.1388048806887,0.598620769059023
"AGGCATTGTGTATCCA-1_2_1_1","IR","B-Naive",-0.405040623833653,0.0828770068043077
"AGGCATTGTTCTGAGT-1_2_1_1","IR","B-Naive",2.05051108987141,0.0496257212513291
"AGGCCACGTAGCGCCT-1_2_1_1","IR","B-Act2",5.19445320756245,1.78324898747142
"AGGCCACGTGATACAA-1_2_1_1","IR","B-Naive",3.35620900780964,0.423756745135149
"AGGCTGCCATTGCCGG-1_2_1_1","IR","B-Naive",2.72281262070942,0.140154269015154
"AGGCTGCGTCGGCTAC-1_2_1_1","IR","B-Naive",0.902546969960216,0.621810283934435
"AGGCTGCTCGTGGAAG-1_2_1_1","IR","B-Naive",4.9455957093935,-1.30149957867924
"AGGGAGTGTACTGGGA-1_2_1_1","IR","B-Naive",1.83986934811879,-2.62032053204838
"AGGGCCTTCGTCGGGT-1_2_1_1","IR","B-ActMem",3.04491469056416,5.2468717363232
"AGGGCTCCAACGTATC-1_2_1_1","IR","B-Naive",1.25623056084919,1.47142833141025
"AGGGCTCGTCGATTAC-1_2_1_1","IR","B-Act1",-4.97516826002788,1.44662078884776
"AGGGCTCGTGACGCCT-1_2_1_1","IR","B-Naive",1.55291697175312,1.25271984604534
"AGGGTCCAGACTGTTC-1_2_1_1","IR","B-Naive",0.350507912943844,-1.70875570508305
"AGGGTCCGTAACACCT-1_2_1_1","IR","B-Act2",5.24746700913716,1.55251732138332
"AGGGTCCGTTATAGAG-1_2_1_1","IR","B-Act2",4.18217083604145,2.40715160635646
"AGGGTGAAGCGTGCCT-1_2_1_1","IR","B-Naive",1.50938305051136,-1.31910369130437
"AGGGTGACAGGGACTA-1_2_1_1","IR","B-Naive",-2.03182938902568,-2.95862219067876
"AGGGTGAGTTGAATCC-1_2_1_1","IR","B-Naive",-1.73564759104442,1.90766217974361
"AGGGTGAGTTGCGTAT-1_2_1_1","IR","B-ActMem",3.41626140267659,4.96972921160396
"AGGGTTTAGAGCATAT-1_2_1_1","IR","B-Naive",0.860155610154156,0.602981474673113
"AGGGTTTGTATGAAGT-1_2_1_1","IR","B-Act1",-2.98370364515972,0.0405346420162522
"AGGGTTTTCCAAGCCG-1_2_1_1","IR","B-ActMem",4.36858841569233,5.1893823411816
"AGGGTTTTCTGCGGGT-1_2_1_1","IR","B-Naive",1.79319473893452,-0.0262906286365188
"AGGTAGGAGAGTCGAC-1_2_1_1","IR","B-Naive",-1.92876139490795,-0.0409681532031692
"AGGTAGGCAAAGGCGT-1_2_1_1","IR","B-Naive",1.91100260407734,-2.35986754628483
"AGGTAGGGTAGAATAC-1_2_1_1","IR","B-Naive",0.281177339861873,0.805230673825105
"AGGTAGGTCGAGAGCA-1_2_1_1","IR","B-Act1",-1.71556881277752,2.51994397906001
"AGGTGTTAGGGAGTTC-1_2_1_1","IR","B-Naive",1.88647028596211,2.3540529277676
"AGGTTACAGAGCCTGA-1_2_1_1","IR","B-Act1",-3.24788716643047,0.969082158481439
"AGGTTACAGATGAATC-1_2_1_1","IR","B-Naive",-4.80340865462017,-1.01909467908208
"AGGTTACTCATTGTTC-1_2_1_1","IR","B-ActMem",4.57139679581929,4.78117325571712
"AGGTTGTAGGTTATAG-1_2_1_1","IR","B-Naive",5.00623985917378,-1.25373146268193
"AGGTTGTGTTTAGACC-1_2_1_1","IR","B-Naive",1.75654098183918,2.44035532740291
"AGTAACCCACATGTTG-1_2_1_1","IR","B-Naive",1.7502216974001,-1.25843951436345
"AGTAACCGTTCTTCAT-1_2_1_1","IR","B-Act2",4.83561178834248,0.795349505221208
"AGTACCACAAACCATC-1_2_1_1","IR","B-Naive",1.85227426678944,0.498274114405473
"AGTACCATCGCCCAGA-1_2_1_1","IR","B-Naive",1.81759866864491,2.45925798681911
"AGTACTGAGGCCATAG-1_2_1_1","IR","B-ActMem",3.33620831162739,4.0627155568951
"AGTAGCTAGCCACTCG-1_2_1_1","IR","B-Mye",-0.627407701899525,7.89157703188594
"AGTAGCTCAGGTTTAC-1_2_1_1","IR","B-Naive",-1.67753008215618,-1.96411273213688
"AGTAGTCGTCGCCACA-1_2_1_1","IR","B-Naive",-2.23739269583416,0.959659975444635
"AGTCAACAGTTGTAAG-1_2_1_1","IR","B-Naive",2.11786076218891,0.96588100907739
"AGTCAACCAACCTATG-1_2_1_1","IR","B-Naive",2.06338044793415,2.25218131807979
"AGTCAACCATCATTGG-1_2_1_1","IR","B-Naive",-0.376817437102314,0.866179597055277
"AGTCAACTCCGCGGAT-1_2_1_1","IR","B-Naive",-1.89173820822429,-0.258234355176131
"AGTCACAAGATGTTAG-1_2_1_1","IR","B-Naive",2.00229140908528,2.46589937475856
"AGTCACATCCCTTTGG-1_2_1_1","IR","B-Naive",0.480049578259472,2.46932962206539
"AGTCTCCAGGTAAGGA-1_2_1_1","IR","B-Naive",-0.764730723788258,-0.735305044377486
"AGTGACTGTAAGATAC-1_2_1_1","IR","B-Act2",4.2754296937685,1.81188878086742
"AGTGATCAGTTAACGA-1_2_1_1","IR","B-Naive",-0.850349934985157,0.539387014185747
"AGTGATCCACAGTGAG-1_2_1_1","IR","B-Naive",2.66395494134236,0.909619089638551
"AGTGATCGTCAAAGAT-1_2_1_1","IR","B-Act2",3.440581766675,2.43507602480586
"AGTGATCGTGAATTAG-1_2_1_1","IR","B-Act1",-3.64263895361614,1.22724778619941
"AGTGATCTCGTAGGGA-1_2_1_1","IR","B-ActMem",2.88535162598896,4.83990862635311
"AGTGCCGGTCAATCTG-1_2_1_1","IR","B-Naive",0.22874048144627,-1.57090136739079
"AGTGTTGGTCGATTCA-1_2_1_1","IR","B-Naive",-2.68633631079387,-2.66105005475346
"AGTTAGCAGGTCTACT-1_2_1_1","IR","B-Naive",1.39780279786396,-1.70073792668645
"AGTTAGCTCTCATGCC-1_2_1_1","IR","B-Naive",0.646906999657635,-3.15805122586552
"AGTTCCCAGTCTTCCC-1_2_1_1","IR","B-Act1",-4.92934230177593,1.31007316378291
"AGTTCCCTCGGTAACT-1_2_1_1","IR","B-Act1",-1.86895731299114,3.05883982447322
"AGTTCGAAGCTCTTCC-1_2_1_1","IR","B-Act1",-4.95694592802715,0.470463421618303
"AGTTCGACAAAGCAAT-1_2_1_1","IR","B-Naive",0.0543448606233633,-1.56912061902348
"AGTTCGACACTGGCCA-1_2_1_1","IR","B-Act1",-3.20414737074566,1.80904176500972
"ATACCGAAGGAAAGGT-1_2_1_1","IR","B-Naive",0.386224774430279,-0.266263339245955
"ATACCGACACTGGCGT-1_2_1_1","IR","B-Act1",-4.99613383619976,2.37225415972408
"ATACCGAGTTATTCCT-1_2_1_1","IR","B-Naive",-1.18373647539806,-2.12254068585698
"ATACCGATCATGCCCT-1_2_1_1","IR","B-Naive",-1.66944506972026,-1.75863382550542
"ATACCGATCGTTCCCA-1_2_1_1","IR","B-Act1",-3.17681768744182,0.859599184667429
"ATACCTTCACGCTTAA-1_2_1_1","IR","B-Act2",5.01299664170552,2.27804198530849
"ATACCTTGTAGATTGA-1_2_1_1","IR","B-Naive",-0.794509025504109,1.03660628707494
"ATACTTCAGACTAGAT-1_2_1_1","IR","B-Naive",0.527384666512493,0.549536761319002
"ATACTTCCATGTGCCG-1_2_1_1","IR","B-Act1",-4.81248763411235,1.28520302144225
"ATACTTCGTGATACTC-1_2_1_1","IR","B-ActMem",3.21632572800923,4.92591645983394
"ATAGACCAGGTCGTCC-1_2_1_1","IR","B-Naive",-0.331730859567639,2.21282842425044
"ATAGACCAGTGAACAT-1_2_1_1","IR","B-Act1",-2.20042303412151,1.27830601898368
"ATAGACCGTTAGCGGA-1_2_1_1","IR","B-Naive",2.63621350915242,3.88979461458858
"ATAGACCGTTCAAGTC-1_2_1_1","IR","B-Act1",-5.17751410811138,1.96448120144542
"ATAGACCTCGTTAGTG-1_2_1_1","IR","B-Act1",-4.39467624037456,1.88062056568797
"ATAGAGACAATAACGA-1_2_1_1","IR","B-Naive",0.543293742249492,1.98196795252498
"ATAGAGAGTCAAACGG-1_2_1_1","IR","B-Naive",-1.53471270411205,-0.36658510896031
"ATAGAGATCGGCAGTC-1_2_1_1","IR","B-Naive",1.16638931424427,-0.518660399640242
"ATAGGCTAGCCTCTTC-1_2_1_1","IR","B-Act1",-3.79597118704509,-0.270560476506392
"ATAGGCTGTCCTGGTG-1_2_1_1","IR","B-Naive",-0.881209941794392,-2.03313872548405
"ATAGGCTTCATGGAGG-1_2_1_1","IR","B-Naive",0.0183505097131765,-1.79177257748906
"ATAGGCTTCGACCAAT-1_2_1_1","IR","B-Naive",4.54545303971577,-0.957679245198408
"ATCACAGCACGGTCTG-1_2_1_1","IR","B-Naive",-2.11924794523906,-0.963292333806196
"ATCACAGGTGGGCTTC-1_2_1_1","IR","B-Naive",-3.26489117949199,-2.0935766431934
"ATCACAGTCAGCTTCC-1_2_1_1","IR","B-Act1",-3.4440892061491,1.42052876619037
"ATCACAGTCCAACACA-1_2_1_1","IR","B-Naive",1.00090428979206,-0.919177863324324
"ATCACGACAACCGTGC-1_2_1_1","IR","B-Naive",4.41068312318135,-2.30461094113652
"ATCACTTAGGCAATGC-1_2_1_1","IR","B-Naive",-0.15701842515659,-3.22428438397709
"ATCACTTGTCGCTTAA-1_2_1_1","IR","B-Naive",2.12196060807515,-1.53130433293645
"ATCAGGTGTTACGTAC-1_2_1_1","IR","B-Act1",-5.43682292311382,1.86621579197582
"ATCAGGTTCCCGTGAG-1_2_1_1","IR","B-Naive",4.94816109330464,-0.943432662213484
"ATCAGGTTCGCCAGTG-1_2_1_1","IR","B-Naive",0.948234049389843,1.62567576435741
"ATCATTCTCTTCGGTC-1_2_1_1","IR","B-Naive",-3.84845593779277,-1.78875872823063
"ATCCACCGTGGATACG-1_2_1_1","IR","B-Act1",-4.94066766112041,2.25737872389491
"ATCCACCGTTGCAAGG-1_2_1_1","IR","B-Naive",-1.80680600016307,-1.24216840001408
"ATCCACCTCACCCTTG-1_2_1_1","IR","B-Naive",1.1268838325243,-3.2336346838123
"ATCCATTGTCGAATTC-1_2_1_1","IR","B-Act1",-5.06831649153423,0.770069268023332
"ATCCATTTCACACGAT-1_2_1_1","IR","B-Naive",-2.60419705717754,-4.12886163922612
"ATCCCTGCACCGTCTT-1_2_1_1","IR","B-Act1",-4.517914327075,-0.308875415051619
"ATCCCTGCATACACCA-1_2_1_1","IR","B-Naive",3.82936569840718,-0.11992356511418
"ATCCCTGTCCAGGACC-1_2_1_1","IR","B-Act1",-5.06264832823467,-0.126826140607039
"ATCCGTCCAGCTATAC-1_2_1_1","IR","B-Naive",-0.138402354185697,-4.13012048932377
"ATCCTATCAGGCCCTA-1_2_1_1","IR","B-Naive",-0.297494160224911,-2.68477508755986
"ATCGCCTGTCCTTGTC-1_2_1_1","IR","B-Act1",-4.01914575903606,1.25779202250179
"ATCGGATCAGTATACC-1_2_1_1","IR","B-ActMem",3.46794506699849,5.18803527620967
"ATCGGATCAGTATTCG-1_2_1_1","IR","B-Naive",-1.10893479197216,0.600823041474184
"ATCGGATTCTTAAGGC-1_2_1_1","IR","B-Naive",4.96317478806782,-1.55819675656621
"ATCGGCGCATAGGTTC-1_2_1_1","IR","B-Act1",-4.31390622465801,2.0304997828358
"ATCGTAGAGAGAACCC-1_2_1_1","IR","B-Act1",2.01188012749958,0.822956588541826
"ATCGTAGAGCGTGTCC-1_2_1_1","IR","B-Act1",-1.30734351484966,1.32033115295108
"ATCGTAGTCGTCAACA-1_2_1_1","IR","B-Act1",-1.77519586889934,2.69196536806758
"ATCGTCCAGGATGAGA-1_2_1_1","IR","B-Naive",-1.80164149611187,-0.31542453500096
"ATCGTCCCAGTCTGGC-1_2_1_1","IR","B-Act1",-1.95866862147045,2.71339121130641
"ATCGTCCCATATCTCT-1_2_1_1","IR","B-Act1",-3.37166217177105,1.51945414808925
"ATCTCTAAGCGTGCCT-1_2_1_1","IR","B-Naive",2.37128063828755,1.73415890005763
"ATCTCTAAGTTGTAGA-1_2_1_1","IR","B-Act1",-3.37348035185527,-0.723558399403731
"ATCTTCAGTGTGTACT-1_2_1_1","IR","B-Naive",1.29311546475697,2.19571116236385
"ATCTTCATCTAACGGT-1_2_1_1","IR","B-Naive",0.279713419983867,-4.15579054089848
"ATGAAAGTCGGAACTT-1_2_1_1","IR","B-Act2",4.51327654511738,1.52993443278011
"ATGACCAGTTTGTTGG-1_2_1_1","IR","B-Naive",-0.944369347979542,-3.49661800595585
"ATGAGGGCACGCTTAA-1_2_1_1","IR","B-Act1",-1.90583470671367,2.61021473673519
"ATGAGGGCATCCAATG-1_2_1_1","IR","B-Naive",1.81228443772602,1.38710158733066
"ATGAGGGGTGTGTTTG-1_2_1_1","IR","B-Naive",0.559824971268657,1.77937641409572
"ATGAGGGGTTTGAAAG-1_2_1_1","IR","B-Naive",1.88431402833271,-0.0925575229770339
"ATGAGGGTCCCTGTTG-1_2_1_1","IR","B-ActMem",3.6112634816866,4.9521506097668
"ATGAGTCAGCAACAGC-1_2_1_1","IR","B-ActMem",3.86718842179585,5.60481193331417
"ATGAGTCAGCCTGCCA-1_2_1_1","IR","B-Naive",-0.839472087313648,-3.95968029233281
"ATGAGTCGTTAGAAGT-1_2_1_1","IR","B-Naive",1.56603941113758,1.63174190787013
"ATGAGTCTCGTCGATA-1_2_1_1","IR","B-Act1",1.93475004823017,4.30900290278133
"ATGATCGCAGCAGTAG-1_2_1_1","IR","B-Act1",-2.19910863249492,2.53197958735164
"ATGATCGGTTGTGCAT-1_2_1_1","IR","B-Act1",-0.519920649220463,8.02245548037227
"ATGATCGTCTCTTAAC-1_2_1_1","IR","B-Naive",-4.86532834379863,-0.40871259900395
"ATGCATGCACACCGCA-1_2_1_1","IR","B-Naive",0.260706869671825,-3.54726621838872
"ATGCATGGTCAGATTC-1_2_1_1","IR","B-Naive",-0.0113910904426539,-4.36382696362797
"ATGCCTCCAGATCACT-1_2_1_1","IR","B-Naive",0.833184567997936,0.0914140608661973
"ATGCCTCCAGGGCTTC-1_2_1_1","IR","B-Naive",0.418969599316601,-3.67538473340336
"ATGCCTCGTCATCGGC-1_2_1_1","IR","B-Naive",2.59208032281208,-0.630824062550703
"ATGCCTCGTCGTTATG-1_2_1_1","IR","B-Naive",-2.60989621489238,0.889464971100649
"ATGCCTCTCTCCGTGT-1_2_1_1","IR","B-Act1",-2.98527243941021,2.33068099287685
"ATGGAGGCAAACTAAG-1_2_1_1","IR","B-Naive",-0.585291089703556,-2.78289410802189
"ATGGAGGCAGACGATG-1_2_1_1","IR","B-Naive",2.70825287492085,1.80767771271404
"ATGGAGGCAGAGTCTT-1_2_1_1","IR","B-Naive",1.15332886369038,-1.44180962773625
"ATGGAGGCATCCTAAG-1_2_1_1","IR","B-Mye",-0.598547341515537,7.35014608172115
"ATGGAGGGTACAAACA-1_2_1_1","IR","B-Naive",1.00746282727528,1.12017145422634
"ATGGATCCAGGCTTGC-1_2_1_1","IR","B-Naive",2.05652853638935,-0.0166614982730544
"ATGGATCTCGAGAAAT-1_2_1_1","IR","B-ActMem",3.36469575555134,5.45977618960079
"ATGGGAGAGGCGAACT-1_2_1_1","IR","B-Naive",4.53659912736225,-1.48002216550175
"ATGGGTTGTCCAGCCA-1_2_1_1","IR","B-Naive",1.20651897580433,-0.576493594372908
"ATGGGTTTCACTCGAA-1_2_1_1","IR","B-ActMem",4.36529108674336,4.27768638399776
"ATGGGTTTCTCACCCA-1_2_1_1","IR","B-Naive",0.17327075989056,-0.581814739430586
"ATGGTTGCACAACGAG-1_2_1_1","IR","B-Act2",-3.0528915247221,-2.07266018124882
"ATGGTTGTCGTTCAGA-1_2_1_1","IR","B-Naive",2.46546169907856,1.29558160570796
"ATGTCCCAGGGCAACT-1_2_1_1","IR","B-Naive",0.3856563845377,-3.84790346356694
"ATGTCCCTCTGTCGTC-1_2_1_1","IR","B-Naive",-0.42822933404636,-4.21033308240239
"ATGTCTTGTAAGATTG-1_2_1_1","IR","B-Mye",-0.287857415368077,7.97178533343013
"ATGTCTTTCGTTGCCT-1_2_1_1","IR","B-Naive",-0.445956977297779,-3.84535238477055
"ATTACCTAGCACTCTA-1_2_1_1","IR","B-Act1",-5.02640441267681,0.960792821323236
"ATTACCTGTTACGCCG-1_2_1_1","IR","B-Act2",4.5253886857729,0.486977603709062
"ATTACCTTCACAGAGG-1_2_1_1","IR","B-Naive",4.76326986939717,-1.65445062848393
"ATTACCTTCTACGCGG-1_2_1_1","IR","B-Naive",3.88114592225361,-2.59502336713139
"ATTACCTTCTCCCTAG-1_2_1_1","IR","B-Naive",-1.85690871088695,-4.32139274808232
"ATTACTCAGTGGCGAT-1_2_1_1","IR","B-Naive",-2.26553276388836,-2.86678621503178
"ATTACTCTCAGGCGAA-1_2_1_1","IR","B-Act2",3.76796671540547,2.29169681338008
"ATTACTCTCGCGATCG-1_2_1_1","IR","B-Naive",-0.165891321589466,2.18220093516048
"ATTACTCTCTCGTCGT-1_2_1_1","IR","B-Act1",-3.76774600355816,0.522528376852831
"ATTACTCTCTGGCCAG-1_2_1_1","IR","B-Naive",-1.22955981104564,2.87965181139644
"ATTATCCAGACCAGAC-1_2_1_1","IR","B-Act1",2.51721498162556,0.698432591235002
"ATTATCCTCTGCGGAC-1_2_1_1","IR","B-Naive",-0.505900653292652,-3.08701297971074
"ATTCACTAGCCTGGAA-1_2_1_1","IR","B-Naive",-0.067868495573517,-1.08235785695378
"ATTCACTAGTCTAGCT-1_2_1_1","IR","B-ActMem",4.34356304795552,4.551823880946
"ATTCAGGAGTTGCCCG-1_2_1_1","IR","B-Naive",3.6425864377718,0.288779285227617
"ATTCAGGGTCTCAGGC-1_2_1_1","IR","B-Naive",-2.0248393139143,-3.14922449323002
"ATTCATCGTATCACCA-1_2_1_1","IR","B-Naive",-2.56758573858928,-2.80249306889836
"ATTCATCGTTGAGTCT-1_2_1_1","IR","B-Naive",4.66121718079853,-2.16900179120366
"ATTCATCTCAAGGACG-1_2_1_1","IR","B-Naive",2.04388543755818,0.689631607806047
"ATTCATCTCTTTCGAT-1_2_1_1","IR","B-Naive",-3.44026115744304,-1.75657102795903
"ATTCCCGAGGGTTGCA-1_2_1_1","IR","B-Naive",1.36426433713246,-1.09580347272221
"ATTCCCGAGTATGACA-1_2_1_1","IR","B-Act1",0.1709486821394,-1.20066234799687
"ATTCCCGCAACAACAA-1_2_1_1","IR","B-Naive",-0.248246686746594,-3.07780287000004
"ATTCCCGCATTGAGGG-1_2_1_1","IR","B-Act1",-1.66471687166881,1.99657615688976
"ATTCCCGGTTTGGAGG-1_2_1_1","IR","B-Naive",4.2037768045168,-0.445911023343245
"ATTCCTAAGTCGAAAT-1_2_1_1","IR","B-Naive",-0.806980641772267,0.847297739660104
"ATTCCTATCGTAGCTA-1_2_1_1","IR","B-Naive",2.96840163857746,1.63554671076473
"ATTCTACCAAAGGCAC-1_2_1_1","IR","B-Naive",0.522883800576214,-3.00322601529423
"ATTCTACTCCCTATTA-1_2_1_1","IR","B-Act2",1.27536341340351,-3.31760618420903
"ATTCTTGAGGCGCTTC-1_2_1_1","IR","B-Naive",1.73628923089314,-1.09007355901066
"ATTCTTGCAGATCCTA-1_2_1_1","IR","B-Naive",-1.99513545839977,-2.61354109975163
"ATTCTTGCAGCCGGTT-1_2_1_1","IR","B-Naive",1.24070438535023,-1.4423384401447
"ATTCTTGTCAAGCCCG-1_2_1_1","IR","B-Naive",2.43665668160725,0.812059339558443
"ATTCTTGTCTCTATGT-1_2_1_1","IR","B-Naive",0.430849281857494,-4.34254047604863
"ATTGTTCAGCCGTTAT-1_2_1_1","IR","B-Naive",-1.10324153511715,-3.64780876370732
"ATTGTTCGTCAAGTTC-1_2_1_1","IR","B-ActMem",2.99480005891133,4.01774933603938
"ATTGTTCTCCTACGAA-1_2_1_1","IR","B-Naive",-0.609547319104191,-2.91405150624577
"ATTTACCAGAATCGTA-1_2_1_1","IR","B-Act1",-4.70627501814556,2.40405431059535
"ATTTACCCACCGGTCA-1_2_1_1","IR","B-Naive",1.27482148797322,-0.943544838154951
"ATTTACCCACCTTCCA-1_2_1_1","IR","B-Act1",-5.57491687147808,0.264974143778642
"ATTTACCCAGCTGTAT-1_2_1_1","IR","B-Mye",-0.455380352427479,6.31184699801143
"ATTTCACAGAGTATAC-1_2_1_1","IR","B-ActMem",-1.58422807066631,-1.13305422993962
"ATTTCACGTTGTCAGT-1_2_1_1","IR","B-Naive",-3.08547666876506,-0.187673423016707
"ATTTCACTCGCCAACG-1_2_1_1","IR","B-Naive",-0.266406672288891,-3.62563726636235
"ATTTCTGAGGATATAC-1_2_1_1","IR","B-Naive",-1.7124921402235,-2.88867494794194
"ATTTCTGCATCCAACA-1_2_1_1","IR","B-Naive",-0.756914468695637,-2.94490000935856
"ATTTCTGGTGTATTGC-1_2_1_1","IR","B-Naive",-3.23534110396099,-1.22364876004521
"ATTTCTGTCTCGGCTT-1_2_1_1","IR","B-Naive",-1.22756770460796,-2.04266140195195
"CAAAGAACAACTGAAA-1_2_1_1","IR","B-Act1",-4.83503583281231,1.96645590332683
"CAAAGAACAAGACGGT-1_2_1_1","IR","B-Naive",0.756211129734997,0.648129817520937
"CAAAGAACAAGGTTGG-1_2_1_1","IR","B-ActMem",3.3275549092989,3.98894884852107
"CAAAGAACACTACAGT-1_2_1_1","IR","B-Mye",-0.910693081309315,7.28964927462276
"CAAAGAAGTTCACCGG-1_2_1_1","IR","B-Act2",-2.77304080336284,0.0275556114071214
"CAAAGAATCAGAGTTC-1_2_1_1","IR","B-Naive",-0.683072420050617,-1.27655956479375
"CAAAGAATCGACACCG-1_2_1_1","IR","B-Naive",1.28443857819844,1.42390450504955
"CAACAACCAATGTTGC-1_2_1_1","IR","B-Naive",0.893055049489025,-3.96082279416386
"CAACAACTCGGCTTCT-1_2_1_1","IR","B-Naive",1.19083508641529,-3.21030924054448
"CAACAGTCAATCGCCG-1_2_1_1","IR","B-Naive",1.20546790749836,-2.28190705510441
"CAACAGTCAGCGTGCT-1_2_1_1","IR","B-Naive",0.216365245888714,-0.00762150021855001
"CAACCAACAATGCTCA-1_2_1_1","IR","B-Mye",-0.106786292259809,7.23870065478023
"CAACCAACACATTCGA-1_2_1_1","IR","B-Naive",-0.850813301493641,-0.0105792019015944
"CAACCAATCCGAGGCT-1_2_1_1","IR","B-Act1",-0.370217086960789,2.06184771326717
"CAACCAATCTAGCCAA-1_2_1_1","IR","B-Act2",3.65238258034993,0.167174186980089
"CAACCTCCACACAGAG-1_2_1_1","IR","B-Naive",-1.59640851824474,-4.5009424421436
"CAACGATCACAAAGTA-1_2_1_1","IR","B-Naive",1.44771858842183,1.19746127394374
"CAACGATGTCGAGCTC-1_2_1_1","IR","B-Naive",0.0883416810731924,2.35746159819301
"CAACGGCGTACAAACA-1_2_1_1","IR","B-Naive",0.965793696949962,1.22697257665332
"CAAGAGGAGAACAGGA-1_2_1_1","IR","B-Naive",1.5333255210619,2.05939390925105
"CAAGGGAGTAGTCCTA-1_2_1_1","IR","B-Naive",1.6906833329897,1.84225341347392
"CAATACGCACAATTCG-1_2_1_1","IR","B-Naive",-2.50473121016216,-3.32550022336308
"CAATACGGTACTGACT-1_2_1_1","IR","B-Act1",-4.03507545798015,-0.408799383366743
"CAATACGTCGCTCTCA-1_2_1_1","IR","B-Naive",3.86422750146199,-1.23246929379765
"CAATGACAGATCCCAT-1_2_1_1","IR","B-Act1",-5.96435073225689,1.71511658695873
"CAATGACGTGTCCAAT-1_2_1_1","IR","B-Naive",1.98370525033284,-0.725285861218611
"CAATGACGTTCTCTCG-1_2_1_1","IR","B-Act1",-2.3855045160551,1.90096762446102
"CAATGACTCAAGCCCG-1_2_1_1","IR","B-Naive",-1.78043177931499,-0.281269762242476
"CAATTTCCATCCTTCG-1_2_1_1","IR","B-Naive",-2.99647024481487,-2.49639293881718
"CACAACAAGCTGGTGA-1_2_1_1","IR","B-Naive",-1.26987460463237,1.12492990163501
"CACAACAAGTTCCGTA-1_2_1_1","IR","B-Naive",-0.51269486754131,-2.80711886617009
"CACAACACACGCGTGT-1_2_1_1","IR","B-Naive",1.47076019437123,-1.4537799093372
"CACAACACAGAAGCGT-1_2_1_1","IR","B-Naive",2.49034592301655,2.78911199835475
"CACAACAGTCCTACGG-1_2_1_1","IR","B-ActMem",3.3430521169405,3.89953711298641
"CACAACATCAGTCCGG-1_2_1_1","IR","B-Naive",1.02916320950795,0.252116408621629
"CACAACATCTATTTCG-1_2_1_1","IR","B-ActMem",4.57822605759907,4.5579490926617
"CACAACATCTCTAGGA-1_2_1_1","IR","B-Act1",0.548208264420513,-1.63054249020878
"CACACAAGTAAGTCAA-1_2_1_1","IR","B-Naive",3.39645001084614,-2.10472748013798
"CACAGATCAAAGCTCT-1_2_1_1","IR","B-Naive",-1.09253081886959,-1.91274854871098
"CACAGATGTGTTCATG-1_2_1_1","IR","B-Naive",-0.632189961363789,1.49488404062923
"CACAGATTCATTACGG-1_2_1_1","IR","B-Naive",-0.152968188961264,-2.99612829419438
"CACAGGCAGCACAAAT-1_2_1_1","IR","B-Naive",-3.083255084445,-1.71339008542363
"CACAGGCAGGTTGGTG-1_2_1_1","IR","B-Naive",1.89270993859578,0.427550699984392
"CACCAAAAGTGCGCTC-1_2_1_1","IR","B-Naive",-0.0582561103899443,0.744217273270448
"CACCAAAGTGCAACAG-1_2_1_1","IR","B-Act2",4.68060728699971,0.554388996636232
"CACCAAATCATAAGGA-1_2_1_1","IR","B-Naive",0.3779839256506,-0.952583286488692
"CACCAAATCTGGACCG-1_2_1_1","IR","B-Naive",2.37248417527485,-0.114336821759383
"CACCGTTAGAAGTCTA-1_2_1_1","IR","B-Naive",-0.770582230975147,-3.46623728009526
"CACCGTTCACAACGCC-1_2_1_1","IR","B-Naive",-2.49173954336834,-1.80022022458378
"CACCGTTGTTATTCCT-1_2_1_1","IR","B-Naive",-0.77275619118404,-2.34049722882573
"CACGAATCAGAAGTTA-1_2_1_1","IR","B-Act1",-5.25951007216167,0.813395765101274
"CACGAATGTATTGACC-1_2_1_1","IR","B-Naive",1.88832160622883,-1.19616291257207
"CACGAATTCCGGTTCT-1_2_1_1","IR","B-Act1",-5.50674727766704,0.63702109125789
"CACGGGTAGCTCTATG-1_2_1_1","IR","B-Naive",1.805492130826,1.74440839556392
"CACGGGTCATAGGAGC-1_2_1_1","IR","B-Naive",2.0365974584322,1.673994031226
"CACGTGGGTTCTCCCA-1_2_1_1","IR","B-Naive",-0.962150605608937,-1.89882514211003
"CACGTTCAGAAACTCA-1_2_1_1","IR","B-Mye",-0.559355469634052,7.687406327998
"CACGTTCAGCGTTGTT-1_2_1_1","IR","B-Naive",0.00942334325123195,1.03670181329708
"CACGTTCAGTACTGTC-1_2_1_1","IR","B-Naive",-3.24727347700786,-1.57784173222844
"CACGTTCCACTAGGCC-1_2_1_1","IR","B-Act1",-5.43211892454815,0.111498441969713
"CACGTTCCATGCCATA-1_2_1_1","IR","B-Naive",-3.24033954947185,-2.63591620656315
"CACGTTCTCCTTATGT-1_2_1_1","IR","B-Naive",-1.06113007872295,-4.1828911039478
"CACTAAGAGACTAAGT-1_2_1_1","IR","B-Naive",-0.952973457266804,-0.566132280553023
"CACTAAGAGTAACGTA-1_2_1_1","IR","B-Act1",-2.91826108305645,1.28730928567584
"CACTAAGGTCAAACGG-1_2_1_1","IR","B-Naive",2.01318284661579,-1.2977797720081
"CACTAAGGTGGCTTGC-1_2_1_1","IR","B-Naive",-0.466458203484532,0.102962758814653
"CACTGAACACCGTGAC-1_2_1_1","IR","B-Naive",-2.70557716696453,0.19062330988582
"CACTGAATCGAACCTA-1_2_1_1","IR","B-Naive",-0.561456116129872,-4.23060056897465
"CACTGGGTCTCATTAC-1_2_1_1","IR","B-Naive",-2.00507906286907,-4.22326776715581
"CACTGGGTCTTGGATG-1_2_1_1","IR","B-Naive",2.12679454476643,-0.174160334790388
"CACTGTCAGATGCTAA-1_2_1_1","IR","B-Naive",1.49788722188282,-2.20388314458195
"CACTGTCGTCCGTACG-1_2_1_1","IR","B-ActMem",3.62286492974568,4.04874112871822
"CACTTCGTCACCTACC-1_2_1_1","IR","B-Act2",4.77581402451802,1.03543758760553
"CAGAGCCCAACTGAAA-1_2_1_1","IR","B-Act1",-0.610458197285649,2.60276057985957
"CAGATACCACGTTCGG-1_2_1_1","IR","B-Naive",-0.472525479485508,-2.5232436391956
"CAGATACTCTAGCCTC-1_2_1_1","IR","B-Naive",-0.467027874876972,0.644146826540788
"CAGATACTCTTAGGAC-1_2_1_1","IR","B-Naive",0.922778336117748,-2.3185751173145
"CAGATCAAGTGATAAC-1_2_1_1","IR","B-Naive",-1.59138253538799,-4.74873611661259
"CAGATCATCCATAGGT-1_2_1_1","IR","B-ActMem",4.35169550568867,4.80178263453182
"CAGATCATCGTTACCC-1_2_1_1","IR","B-Naive",-1.09036812393856,-1.78255459996525
"CAGATTGGTCGCTGCA-1_2_1_1","IR","B-Naive",4.81812140137959,-1.0191137525684
"CAGCAATCAGGCATTT-1_2_1_1","IR","B-Act1",-2.19444135039043,2.330832150256
"CAGCAATCATTAAGCC-1_2_1_1","IR","B-Naive",-3.15736630766582,-1.6180398199207
"CAGCAATGTCTGTGAT-1_2_1_1","IR","B-Naive",-1.04686358778667,0.328016665255388
"CAGCAATGTTCCTAGA-1_2_1_1","IR","B-Naive",4.7405929246645,-2.52858946057622
"CAGCACGCAGAGAGGG-1_2_1_1","IR","B-Naive",2.12386318833638,0.616357323204836
"CAGCACGCAGTGCGCT-1_2_1_1","IR","B-Naive",-0.57528561561298,2.16135683325466
"CAGCACGGTCTTGTCC-1_2_1_1","IR","B-Act1",-3.23974302618694,1.67641552952464
"CAGCCAGAGGCCCGTT-1_2_1_1","IR","B-Naive",-0.671727868010517,-0.342044684613386
"CAGCCAGCAACAGAGC-1_2_1_1","IR","B-Act1",-5.28533557264995,2.65656628874477
"CAGCCAGCATAAGATG-1_2_1_1","IR","B-Act1",-4.76893571226787,1.08525629756387
"CAGCCAGCATGCGTGC-1_2_1_1","IR","B-ActMem",3.89831015260029,5.62087896135982
"CAGCCAGGTTATTCTC-1_2_1_1","IR","B-Act1",-4.21628192274761,-0.671158048833052
"CAGCCAGGTTTATGCG-1_2_1_1","IR","B-Naive",-2.39222505896282,-4.71976682874028
"CAGCGTGCATATTCGG-1_2_1_1","IR","B-Naive",0.278618840287212,-2.71020934315983
"CAGCGTGGTACGATCT-1_2_1_1","IR","B-ActMem",-4.36136487333965,2.54156568316158
"CAGCGTGTCCGTTGGG-1_2_1_1","IR","B-Naive",1.08242305905629,1.98458417919811
"CAGGCCAAGATTCGCT-1_2_1_1","IR","B-Mye",-0.319651501466747,7.18624475268062
"CAGGCCAGTATGTCTG-1_2_1_1","IR","B-Naive",0.311932829926494,-0.946409198964278
"CAGGCCAGTCTTGGTA-1_2_1_1","IR","B-Naive",4.00454041154194,-1.53596684666936
"CAGGGCTAGAGGATGA-1_2_1_1","IR","B-Naive",-0.19646361677837,0.86119147804912
"CAGGGCTAGATGATTG-1_2_1_1","IR","B-Naive",0.166191397021297,-3.14378854962651
"CAGGGCTAGCACCAGA-1_2_1_1","IR","B-Act1",-4.35174229948711,0.950473513876756
"CAGGTATTCGACGAGA-1_2_1_1","IR","B-Act1",-4.67748502104473,1.79203000334438
"CAGTGCGAGCCAGACA-1_2_1_1","IR","B-Act1",-4.59959271757793,1.37985852030452
"CAGTGCGGTGAGTTTC-1_2_1_1","IR","B-Naive",1.09284326226521,2.59243169096645
"CAGTTAGGTAAGATAC-1_2_1_1","IR","B-Naive",2.22702547700215,-2.72870752545659
"CAGTTAGGTATCGTAC-1_2_1_1","IR","B-Act1",-3.60941985457134,1.94504895476039
"CAGTTAGGTTAAGAAC-1_2_1_1","IR","B-Act2",4.07320973069477,0.532983746802171
"CATAAGCAGAATCCCT-1_2_1_1","IR","B-Naive",-1.50207975714397,-2.01670262547795
"CATAAGCAGAGGACTC-1_2_1_1","IR","B-ActMem",4.05495115907002,4.64295604494747
"CATAAGCCATCTATCT-1_2_1_1","IR","B-Naive",-0.796959849287983,-4.5701358053333
"CATAAGCGTCAACATC-1_2_1_1","IR","B-Naive",0.178507534573559,2.23094072607692
"CATAAGCGTGCAGTGA-1_2_1_1","IR","B-Act1",-1.21780172198009,1.88960685995754
"CATAAGCTCGCCTTGT-1_2_1_1","IR","B-Act2",2.87660023362446,-0.716087434018294
"CATACCCTCAACTGAC-1_2_1_1","IR","B-Naive",1.81280895860005,-2.28203532429997
"CATACTTCAGATCCTA-1_2_1_1","IR","B-Act1",-4.02921727507305,-0.0383137199527419
"CATACTTGTACTCCGG-1_2_1_1","IR","B-Naive",-0.891077311923023,1.57974734572109
"CATACTTGTTATAGCC-1_2_1_1","IR","B-Act1",-3.1281073412199,1.86623623636897
"CATAGACAGCATGTTC-1_2_1_1","IR","B-Naive",-3.11527803747844,-0.1420819494373
"CATAGACGTCAAGTTC-1_2_1_1","IR","B-Naive",3.16444512994099,1.53713705805477
"CATAGACTCTGAGATC-1_2_1_1","IR","B-Naive",1.85018858105946,1.43831514981922
"CATCAAGAGGCAGGTT-1_2_1_1","IR","B-Naive",0.00741024107742672,2.50703349379238
"CATCAAGCAACGTTAC-1_2_1_1","IR","B-Act1",-4.46041396467876,1.55534442928966
"CATCAAGTCCCTCAAC-1_2_1_1","IR","B-Naive",-1.54196146338176,-4.4102532598621
"CATCAAGTCGGACCAC-1_2_1_1","IR","B-Naive",-1.89019397108745,-2.74600264760319
"CATCCACCAGACTCTA-1_2_1_1","IR","B-Act1",-5.48708823530864,0.393995013510545
"CATCCACCAGCAGTGA-1_2_1_1","IR","B-Act1",-3.59765866606426,0.521532502447923
"CATCCCACATTGACCA-1_2_1_1","IR","B-ActMem",3.59780546815205,5.18704965380367
"CATCCCATCTTGCAAG-1_2_1_1","IR","B-Naive",-2.44116237967205,-4.15957758160893
"CATCGCTAGCACCAGA-1_2_1_1","IR","B-Naive",-1.32686880438518,-3.03012726041142
"CATCGGGCATCTAACG-1_2_1_1","IR","B-ActMem",3.06763097436238,5.03373053339656
"CATCGGGGTAGGCTGA-1_2_1_1","IR","B-Act1",-2.6487315019865,1.42290490535434
"CATCGTCAGTGCAAAT-1_2_1_1","IR","B-Act2",4.53802487046528,1.3712139990681
"CATGAGTAGACGCAGT-1_2_1_1","IR","B-Naive",-2.85092595427227,-1.21367714139287
"CATGAGTCAGGACGAT-1_2_1_1","IR","B-Naive",-1.08920046894741,-1.42594668599431
"CATGAGTCATCCAATG-1_2_1_1","IR","B-Naive",-3.1561184248228,-0.481066081250349
"CATGAGTGTTCCCACT-1_2_1_1","IR","B-Naive",-2.7417707762022,-1.67867252560918
"CATGAGTTCGATGCAT-1_2_1_1","IR","B-Act2",-3.77022698729229,-1.60474154683415
"CATGAGTTCTCGCGTT-1_2_1_1","IR","B-Naive",1.73384281785298,1.24259802368816
"CATGCAACACTTCAAG-1_2_1_1","IR","B-Mye",-1.35464313833904,6.54510476854976
"CATGCCTAGGTGATAT-1_2_1_1","IR","B-Naive",1.60136386544514,0.973665100013574
"CATGCCTCACGCCACA-1_2_1_1","IR","B-Naive",-0.596277805258747,-4.19158670636479
"CATGCCTTCGTTGTGA-1_2_1_1","IR","B-Naive",1.71072742135334,-1.901225778783
"CATGCGGCACTACCCT-1_2_1_1","IR","B-Naive",-1.36224547236156,-0.582072469914595
"CATGCGGCATTGACTG-1_2_1_1","IR","B-Naive",0.0832941511373556,-0.746417019093672
"CATGCTCGTAACACCT-1_2_1_1","IR","B-Mye",-0.953983636786457,6.68707874087032
"CATGCTCGTCGTACAT-1_2_1_1","IR","B-Naive",-3.36946943609905,-0.489707205022017
"CATGGATCATGTTTGG-1_2_1_1","IR","B-Naive",1.03807386548329,-2.25274846288029
"CATGGATTCGGACTGC-1_2_1_1","IR","B-Naive",1.12849077374745,-2.10029551717106
"CATGGATTCTAAGGAA-1_2_1_1","IR","B-Naive",1.39155027062703,-0.221808168614546
"CATGGTAAGTAGTCCT-1_2_1_1","IR","B-Naive",-1.99304023592662,0.746907499110063
"CATGGTACACTCCCTA-1_2_1_1","IR","B-Naive",-1.73963096945476,-4.17876169415776
"CATGGTAGTATCGGTT-1_2_1_1","IR","B-Naive",0.104091046164516,1.92796423700984
"CATGGTATCATGAGGG-1_2_1_1","IR","B-Naive",0.0658745893936193,-3.41212722989384
"CATGGTATCTATCACT-1_2_1_1","IR","B-Naive",-1.39238134234142,-3.63433811398808
"CATTCATAGATGCGAC-1_2_1_1","IR","B-Naive",1.03546091706562,1.11261187908586
"CATTCATGTCCTACAA-1_2_1_1","IR","B-Naive",1.86883076817799,-2.09562036725346
"CATTCCGTCCGCACTT-1_2_1_1","IR","B-Naive",-1.59309354632091,-3.77601835461918
"CATTCTAAGTTCACTG-1_2_1_1","IR","B-Act2",4.78187653214741,1.91699072388347
"CATTCTATCCATCTGC-1_2_1_1","IR","B-Act1",-4.63211205809307,1.77191218403514
"CATTCTATCTAGCCTC-1_2_1_1","IR","B-Naive",3.68275639207173,-2.30842420789067
"CATTGAGCAGTAGATA-1_2_1_1","IR","B-Act2",3.72304817826558,2.2945111062878
"CATTGCCCAAATGGCG-1_2_1_1","IR","B-Act2",5.07049986512471,1.27789023188289
"CATTGCCGTGTCTTCC-1_2_1_1","IR","B-Act2",5.19366070420552,1.5593939688557
"CATTTCACAACAGAGC-1_2_1_1","IR","B-Naive",-1.64749959318828,-1.8076686594135
"CATTTCACAATGTCTG-1_2_1_1","IR","B-Naive",-0.445898087908741,-3.79376003476445
"CATTTCAGTAGTACGG-1_2_1_1","IR","B-Naive",-2.48798492758464,-0.737855288708845
"CATTTCATCGGTTCAA-1_2_1_1","IR","B-Naive",1.15966519505787,-3.22651455136601
"CATTTCATCGTTGTAG-1_2_1_1","IR","B-Naive",0.923117844174389,1.63901379374202
"CCAAGCGAGATGACAT-1_2_1_1","IR","B-Naive",-0.933614107062336,1.66041788128551
"CCAAGCGAGTCATCGT-1_2_1_1","IR","B-Mye",-0.176184134771343,6.55688836840328
"CCAAGCGGTCGCATGC-1_2_1_1","IR","B-Act1",-3.88909843771648,-0.0733470651752151
"CCAATGACACGCAGTC-1_2_1_1","IR","B-Naive",-0.21452053098869,-1.80780598851506
"CCAATGAGTACCTAAC-1_2_1_1","IR","B-Act1",-5.47513345091533,1.05599359930839
"CCAATGAGTTCCAAAC-1_2_1_1","IR","B-Naive",5.17087408692646,-1.41045424672429
"CCAATTTAGGTAAGAG-1_2_1_1","IR","B-Naive",-1.8887057623167,-2.49316308232609
"CCAATTTGTGGAATGC-1_2_1_1","IR","B-Act1",-4.66431907026958,1.57027235296901
"CCACAAACAAGGTTGG-1_2_1_1","IR","B-Naive",0.707825509617809,0.153806951319536
"CCACAAACACTGGCCA-1_2_1_1","IR","B-Act1",-4.28490975706768,-0.701220009053389
"CCACAAAGTCGGTAAG-1_2_1_1","IR","B-Naive",3.46679922730732,0.563429471527895
"CCACACTGTCGTATTG-1_2_1_1","IR","B-ActMem",3.69362088830281,4.8201504018658
"CCACACTGTTTCACTT-1_2_1_1","IR","B-Naive",-1.58700779288005,-4.86229536267582
"CCACACTTCTTGCGCT-1_2_1_1","IR","B-Naive",0.298344252417568,-3.97283766003911
"CCACCATAGGATATGT-1_2_1_1","IR","B-Act2",4.013344732831,0.357008364474138
"CCACGTTAGCATCCCG-1_2_1_1","IR","B-Naive",0.462681321213726,0.391593423163255
"CCACGTTAGTGTTGAA-1_2_1_1","IR","B-Naive",2.70893665940571,1.51002016333278
"CCACGTTGTGACTCGC-1_2_1_1","IR","B-Naive",1.34373792798329,2.18478539255794
"CCACGTTTCTAAACGC-1_2_1_1","IR","B-Naive",1.97823616654683,0.0830404427402818
"CCACGTTTCTTGTTAC-1_2_1_1","IR","B-Act2",2.38784834534932,-1.89832732411687
"CCACTTGAGTGCACTT-1_2_1_1","IR","B-Naive",-1.70884195177745,-4.20046970578496
"CCACTTGTCTTGCAAG-1_2_1_1","IR","B-Naive",-2.3811898550291,-2.09344980450932
"CCATAAGCAGCGACAA-1_2_1_1","IR","B-Naive",-0.988225193907734,-2.62751528950993
"CCATAAGCAGTGCCTG-1_2_1_1","IR","B-ActMem",3.43334910065937,5.27063634661373
"CCATAAGTCACAAGGG-1_2_1_1","IR","B-Naive",-1.37898889391613,-4.57069895001713
"CCATCACTCAACCCGG-1_2_1_1","IR","B-Naive",-1.58435812800121,-4.73668262692753
"CCCAACTAGAGAGGGC-1_2_1_1","IR","B-Naive",-0.819158407141682,-2.01899072858159
"CCCAACTAGTAACCGG-1_2_1_1","IR","B-Naive",4.02919718415547,-2.95021912785832
"CCCAACTGTAGAGACC-1_2_1_1","IR","B-Naive",0.366177467415813,-1.07828399869267
"CCCAACTTCGTGTGAT-1_2_1_1","IR","B-Naive",-0.114150632851984,1.70979997185405
"CCCATTGCATAGATCC-1_2_1_1","IR","B-ActMem",3.80591055543232,5.0659635331982
"CCCATTGTCATTTGCT-1_2_1_1","IR","B-Naive",-3.31554606764507,0.235970404421648
"CCCGAAGAGAGCAAGA-1_2_1_1","IR","B-Act1",-5.31729796736431,0.554862406527361
"CCCGAAGTCGCGCCAA-1_2_1_1","IR","B-Naive",-1.25228288977337,-1.62525198193852
"CCCGGAAAGTAGGATT-1_2_1_1","IR","B-Naive",-0.865458758761402,-3.50878879758183
"CCCGGAACAACACTAC-1_2_1_1","IR","B-Naive",0.0299046614866293,-2.54386589261357
"CCCGGAACAAGAGGTC-1_2_1_1","IR","B-Naive",1.33276876599598,1.55908903149303
"CCCGGAACAGAGAGGG-1_2_1_1","IR","B-Naive",-1.51195064394664,-0.487754914487044
"CCCTAACCAGCAGTGA-1_2_1_1","IR","B-Naive",-2.24993375151348,-3.89321491452519
"CCCTAACGTCTAGTGT-1_2_1_1","IR","B-Naive",-0.377434941222187,1.86565902498897
"CCCTAACGTCTTGCTC-1_2_1_1","IR","B-Act1",-3.37470844595623,1.32717671660121
"CCCTCAACAATGAAAC-1_2_1_1","IR","B-Naive",-2.23452165930462,-4.55668613644902
"CCCTCAATCTGTCGCT-1_2_1_1","IR","B-Act1",-4.61944535582256,0.175875630652269
"CCCTCTCCATGTGCTA-1_2_1_1","IR","B-Act1",-1.5001913627882,1.04146671011459
"CCCTGATAGGGAGGCA-1_2_1_1","IR","B-Naive",1.43729504735279,2.05303588179286
"CCCTGATGTAGAGCTG-1_2_1_1","IR","B-Naive",-3.36232903807354,0.0348476436489427
"CCCTGATGTATGAAAC-1_2_1_1","IR","B-Naive",1.804963914464,-1.86902448865239
"CCCTTAGAGGTGAGCT-1_2_1_1","IR","B-Naive",2.19155022294331,0.861846980130037
"CCCTTAGCATTCACAG-1_2_1_1","IR","B-Naive",0.64368793160725,-2.57999059888188
"CCCTTAGGTTTGAAAG-1_2_1_1","IR","B-Naive",-0.133082671304461,-1.21309110852543
"CCGAACGCAGGTTCAT-1_2_1_1","IR","B-Naive",-3.61860683767986,-1.58261582585637
"CCGAACGGTACTTGTG-1_2_1_1","IR","B-Naive",-1.36598149149608,-0.0472730133182204
"CCGAACGGTTGCTAGT-1_2_1_1","IR","B-Naive",4.06905123383808,-2.33021328183476
"CCGAACGTCGGTTAGT-1_2_1_1","IR","B-Naive",1.84416231305409,1.19243724313911
"CCGATCTCACAGTCAT-1_2_1_1","IR","B-ActMem",3.97714897782612,5.74738099840816
"CCGATCTTCTCGGGAC-1_2_1_1","IR","B-Act1",-5.06888297407817,1.47695070174869
"CCGATGGCATGACTAC-1_2_1_1","IR","B-Naive",-1.41239896624279,-2.91704508992497
"CCGATGGTCTGAGGCC-1_2_1_1","IR","B-ActMem",3.56917974145222,5.01245239046749
"CCGCAAGAGTAGAGTT-1_2_1_1","IR","B-Naive",1.71811648995686,1.65514978436168
"CCGCAAGTCCGAACGC-1_2_1_1","IR","B-Naive",0.880647865841869,0.663199689661821
"CCGCAAGTCGAGAACG-1_2_1_1","IR","B-Naive",-0.345530675937649,-1.2992036077625
"CCGGACAAGGGTACGT-1_2_1_1","IR","B-Act1",-4.39143660872173,1.45211749938663
"CCGGACACAAGAAACT-1_2_1_1","IR","B-Naive",-0.414527239491459,-0.931827041829268
"CCGGACAGTATGAGGC-1_2_1_1","IR","B-Naive",1.05618664414692,-0.248701069081465
"CCGGGTAAGTAAGGGA-1_2_1_1","IR","B-Naive",0.0975029298763311,-0.602647754872481
"CCGGTAGCACTTGACA-1_2_1_1","IR","B-Naive",-2.23213365881633,-1.58872458669011
"CCGGTGACACCCTGTT-1_2_1_1","IR","B-Naive",1.81003460080433,-1.76679060193364
"CCGGTGACACCGCTGA-1_2_1_1","IR","B-ActMem",4.17368790299702,4.2908010747784
"CCGGTGAGTGTTCATG-1_2_1_1","IR","B-Naive",2.19218250901509,-0.10028609963719
"CCGGTGAGTTCCGCGA-1_2_1_1","IR","B-Naive",0.602256266186718,-0.00216719838444357
"CCGGTGAGTTGACGGA-1_2_1_1","IR","B-Act1",-0.694652231623646,2.70644727019008
"CCGGTGATCCTATTTG-1_2_1_1","IR","B-Naive",0.608584372113231,-3.49312803479497
"CCGTAGGAGCGACAGT-1_2_1_1","IR","B-Act1",-3.24402907698345,0.617964502846559
"CCGTAGGCATCCGCGA-1_2_1_1","IR","B-Naive",-0.199355157305714,-1.95637199612919
"CCGTAGGGTTGGAGGT-1_2_1_1","IR","B-Naive",0.835090605328563,-1.17171451779668
"CCGTGAGAGGAAAGGT-1_2_1_1","IR","B-Naive",0.68534710795689,0.358940270220598
"CCGTGAGTCTCACCCA-1_2_1_1","IR","B-Naive",2.70328113229084,-2.08666107388798
"CCGTTCAAGTGCAACG-1_2_1_1","IR","B-Act1",-2.94147041647625,-0.921624753201643
"CCGTTCACACCAGTAT-1_2_1_1","IR","B-Naive",1.03547546059895,-3.36679527493779
"CCTAACCAGACATCCT-1_2_1_1","IR","B-Naive",-0.057207113345381,-4.54601738187138
"CCTAACCAGTTACGAA-1_2_1_1","IR","B-Naive",1.797719565938,1.09490367439922
"CCTAACCTCATGCATG-1_2_1_1","IR","B-Naive",-1.00005468933773,-3.32462331982915
"CCTAAGAAGCATGATA-1_2_1_1","IR","B-ActMem",3.94361063630391,5.32023742464717
"CCTAAGAAGGTCGTGA-1_2_1_1","IR","B-Naive",0.494189707348827,1.18696362940009
"CCTAAGAGTCGCTTGG-1_2_1_1","IR","B-Naive",-0.0536464771528208,0.936287928795179
"CCTAAGATCTCTCGAC-1_2_1_1","IR","B-Naive",-0.701990517069813,-3.03286335202519
"CCTACGTAGAAACTGT-1_2_1_1","IR","B-Act1",-3.54275134413433,0.648129281079134
"CCTACGTAGAAATGGG-1_2_1_1","IR","B-Naive",-1.40109577982616,-1.16979787083928
"CCTACGTAGACGGAAA-1_2_1_1","IR","B-Act1",-3.28307345717144,1.43588491944011
"CCTACGTCACTCCACT-1_2_1_1","IR","B-Naive",-1.66276338904094,-4.35446140500371
"CCTACGTTCACAACCA-1_2_1_1","IR","B-Naive",-0.668266924311634,-2.68513462277714
"CCTCAACAGGGCAAGG-1_2_1_1","IR","B-Naive",-1.0426615795393,-3.60960933896367
"CCTCAACAGTTAGTGA-1_2_1_1","IR","B-Act1",-3.60842374174785,2.02424701718028
"CCTCAACCATTCTTCA-1_2_1_1","IR","B-Plasma",12.0032725015383,0.755376156842073
"CCTCAACGTTCCACAA-1_2_1_1","IR","B-Act1",-4.50572970717144,-0.512848589146773
"CCTCAACTCGTAGTGT-1_2_1_1","IR","B-Act1",-4.19414428084087,1.79640039471324
"CCTCACAAGGATTCCT-1_2_1_1","IR","B-Naive",-4.91952136366558,-0.388325187886397
"CCTCACAAGGCGTTGA-1_2_1_1","IR","B-Act1",-2.52576783507061,2.81381311682399
"CCTCACACATTCTCTA-1_2_1_1","IR","B-Mye",-0.681210013319966,6.26787736681636
"CCTCACAGTGTAGCAG-1_2_1_1","IR","B-Naive",-0.700832577635761,0.277693655764421
"CCTCACATCAAGTGGG-1_2_1_1","IR","B-Act1",-0.0427648371357882,0.558478888546785
"CCTCACATCCAACTAG-1_2_1_1","IR","B-Naive",-1.05365082829189,-3.8485872480518
"CCTCAGTCAGTCAGTT-1_2_1_1","IR","B-Naive",-0.318973498632427,-3.02290699216191
"CCTCATGAGATGGGCT-1_2_1_1","IR","B-Naive",5.10097166688252,0.0420725610607469
"CCTCATGGTTCAGCTA-1_2_1_1","IR","B-Act1",-4.0346174558897,-0.768486234868208
"CCTCCAAAGACGGAAA-1_2_1_1","IR","B-Naive",-0.427350672175404,1.23221875396903
"CCTCCAAGTGGGATTG-1_2_1_1","IR","B-Act1",-5.05950930922222,1.13513110247787
"CCTCCAAGTTTCTATC-1_2_1_1","IR","B-Naive",-1.70465412943554,-3.29848549100224
"CCTCTAGAGTTTGAGA-1_2_1_1","IR","B-Act1",-3.53467729895305,0.0340200927608811
"CCTCTAGCAGGCATGA-1_2_1_1","IR","B-Naive",-1.31794312803936,-2.89891764851872
"CCTGCATAGAGTCACG-1_2_1_1","IR","B-Naive",-0.77314374058437,-1.21371648045842
"CCTGCATAGATGCGAC-1_2_1_1","IR","B-ActMem",-2.59326747267437,-2.50717613431279
"CCTGCATCAGCAGGAT-1_2_1_1","IR","B-Naive",-2.52291158049297,-2.75310680600468
"CCTGCATGTGAGAACC-1_2_1_1","IR","B-Naive",-1.66838446467113,-4.0317361089832
"CCTGCATTCGGACAAG-1_2_1_1","IR","B-ActMem",4.73334786088276,4.44418719080623
"CCTGCATTCGGAGTGA-1_2_1_1","IR","B-Act1",-4.90031197874736,2.24389937189754
"CCTGTTGCACCTGATA-1_2_1_1","IR","B-ActMem",3.90601965577412,4.84887936381038
"CCTGTTGCAGGCGAAT-1_2_1_1","IR","B-Act2",3.69654413850117,1.68114331034358
"CCTGTTGGTACTCGAT-1_2_1_1","IR","B-Naive",-0.11874782414338,-4.34447214337651
"CCTTCAGAGACTTCCA-1_2_1_1","IR","B-Naive",0.272026357958797,-2.81875202390019
"CCTTCAGGTCAAATCC-1_2_1_1","IR","B-Naive",0.653443602631573,-3.3487641546375
"CCTTCAGGTGGATGAC-1_2_1_1","IR","B-Act1",-4.66357520430278,1.44424235490497
"CCTTCAGTCCTAGCGG-1_2_1_1","IR","B-Naive",-1.79054621069622,-2.76511952611272
"CCTTGTGAGGACTATA-1_2_1_1","IR","B-Naive",1.36145302445698,-0.276195976460615
"CCTTGTGCACTGCACG-1_2_1_1","IR","B-Plasma",12.1247248330812,0.600243147885164
"CCTTGTGGTAGATTAG-1_2_1_1","IR","B-Naive",-1.89778474180889,0.779721197163423
"CCTTGTGGTGTGTTTG-1_2_1_1","IR","B-Naive",1.35001322419453,2.31386866835292
"CCTTGTGGTTCAAACC-1_2_1_1","IR","B-Naive",-2.25712278692913,-3.13257143231694
"CCTTGTGTCCGAACGC-1_2_1_1","IR","B-Plasma",12.2250008264284,0.512178626334032
"CGAAGGAAGACTCAAA-1_2_1_1","IR","B-Naive",1.01899799496937,1.76455804375347
"CGAAGGACATCGCCTT-1_2_1_1","IR","B-Naive",2.07981893212605,2.17308380869563
"CGAAGGAGTACGATTC-1_2_1_1","IR","B-Act2",4.53278109223652,1.32030781773265
"CGAAGGATCGGTCACG-1_2_1_1","IR","B-Naive",0.895355311940197,0.102370348250231
"CGAAGGATCTGAGAGG-1_2_1_1","IR","B-Naive",2.00911423356343,1.54698988465007
"CGAAGTTAGGCAATGC-1_2_1_1","IR","B-Naive",0.33251210839558,1.27641945747074
"CGAAGTTAGTCCCAGC-1_2_1_1","IR","B-Naive",1.95448824555683,2.11300518778499
"CGAAGTTGTAAGTCAA-1_2_1_1","IR","B-Naive",1.59671339185048,2.52836766508754
"CGAAGTTTCTCATGCC-1_2_1_1","IR","B-Act2",3.66130324990559,0.618755277668794
"CGAATTGAGTATCTGC-1_2_1_1","IR","B-Naive",2.17540976197529,0.728504356419405
"CGAATTGTCACTGAAC-1_2_1_1","IR","B-ActMem",3.17127153069783,4.2763271596783
"CGACAGCAGAAGCTCG-1_2_1_1","IR","B-Naive",1.94226071030903,-0.0661231014377273
"CGACAGCTCCACGTGG-1_2_1_1","IR","B-Naive",-2.73681882231426,-2.31717536183659
"CGAGAAGAGGACTATA-1_2_1_1","IR","B-Naive",1.15761551053334,1.41297444370921
"CGAGAAGCAAGACGGT-1_2_1_1","IR","B-Naive",2.19645091683674,0.0972019698971116
"CGAGAAGCACTTGAGT-1_2_1_1","IR","B-Naive",-2.24778107016277,-0.789431068623701
"CGAGAAGTCTCACCCA-1_2_1_1","IR","B-Naive",1.83065721185017,0.963561464523634
"CGAGAAGTCTGATTCT-1_2_1_1","IR","B-Naive",4.25214049012471,-1.77204248639409
"CGAGGCTAGGGCTAAC-1_2_1_1","IR","B-Act1",0.217707512686733,0.74962383178409
"CGAGGCTGTCTTCGAA-1_2_1_1","IR","B-Naive",1.6345172801714,-1.39786765309636
"CGAGTGCGTCGTATTG-1_2_1_1","IR","B-Naive",-0.227561110844132,0.954295296644529
"CGAGTTAAGGCGTTGA-1_2_1_1","IR","B-Mye",-0.791350217749592,7.2364728715771
"CGAGTTAGTGGTTTAC-1_2_1_1","IR","B-Naive",-2.22486856787395,0.552171256815752
"CGAGTTATCCAACTGA-1_2_1_1","IR","B-Naive",-3.50343325941753,-0.894263956273238
"CGAGTTATCTCGCGTT-1_2_1_1","IR","B-Naive",1.92944285065937,-2.21478268834416
"CGAGTTATCTGTCAGA-1_2_1_1","IR","B-ActMem",3.85641357095051,5.62286165026363
"CGATCGGCACAGTCGC-1_2_1_1","IR","B-ActMem",2.68856140763569,4.73570206431087
"CGATGCGAGCTCTGTA-1_2_1_1","IR","B-ActMem",3.56325337083149,3.60891011027034
"CGATGCGTCATCGCCT-1_2_1_1","IR","B-ActMem",-1.73238781302166,-0.755233499730269
"CGATGGCAGTCAGAGC-1_2_1_1","IR","B-Naive",4.48178145081807,-2.51476499768559
"CGATGGCGTCTCACAA-1_2_1_1","IR","B-Naive",1.18008324296284,2.08504703310665
"CGATGGCGTTAGGAGC-1_2_1_1","IR","B-Act1",-5.13899710982036,2.17162897852596
"CGCAGGTGTGACGTCC-1_2_1_1","IR","B-Act1",-3.57495191900921,2.08081403044399
"CGCAGGTTCGGTGAAG-1_2_1_1","IR","B-Naive",1.54668018014241,-1.61364910336796
"CGCATGGTCATCGGGC-1_2_1_1","IR","B-Naive",-1.3492256721754,-2.28452298375432
"CGCCAGAAGCGCCTAC-1_2_1_1","IR","B-Naive",2.98455235154438,-1.91532609196965
"CGCCATTGTGAACGGT-1_2_1_1","IR","B-Act2",3.90206667573262,2.19859423903163
"CGCGTGATCCATTGGA-1_2_1_1","IR","B-Plasma",12.2397102990847,0.443932857786974
"CGGAACCAGTCTCGTA-1_2_1_1","IR","B-Naive",4.99105116517353,-1.83649942609135
"CGGAACCCAACAAGAT-1_2_1_1","IR","B-Naive",-0.0938742181558573,-0.698540303433577
"CGGAACCGTACTCGTA-1_2_1_1","IR","B-Act2",4.66076180131245,2.06709840563472
"CGGAACCGTATGGAAT-1_2_1_1","IR","B-Act1",-1.63578704207134,0.959223252212366
"CGGAACCTCACCTTAT-1_2_1_1","IR","B-Naive",-1.90582266657543,-1.14753362866704
"CGGAATTGTAAGACCG-1_2_1_1","IR","B-Naive",2.22389194161702,3.76181581286128
"CGGAATTTCTTACGTT-1_2_1_1","IR","B-Naive",1.91635963113118,2.0675162341946
"CGGACACAGCGATGCA-1_2_1_1","IR","B-Naive",-1.97849026529979,-1.49207851620976
"CGGACACCATCGTCCT-1_2_1_1","IR","B-Act2",-2.75843838064861,-1.27477833958928
"CGGAGAAAGGACATCG-1_2_1_1","IR","B-Naive",1.49478086621571,-0.280959102833906
"CGGAGAATCGTCACCT-1_2_1_1","IR","B-Act1",-2.50006345122051,1.5434494879597
"CGGCAGTAGCCGATAG-1_2_1_1","IR","B-Naive",-0.191756027032849,-3.91891262265507
"CGGCAGTCAGCGGTTC-1_2_1_1","IR","B-Naive",4.94068190247822,-1.42462274762456
"CGGCAGTTCATTTGGG-1_2_1_1","IR","B-Naive",-2.55931714384746,-2.17075059148137
"CGGGACTAGTAACGAT-1_2_1_1","IR","B-Naive",-3.20938590376567,0.472275104796251
"CGGGACTGTAACGTTC-1_2_1_1","IR","B-Naive",0.486824897835735,-0.148650619710127
"CGGGACTGTGGCGTAA-1_2_1_1","IR","B-Naive",2.89491197259236,-1.30771777364079
"CGGGACTTCGATACTG-1_2_1_1","IR","B-Naive",-3.33621910422039,-0.648461315358321
"CGGGCATCAAGCAGGT-1_2_1_1","IR","B-Naive",-6.29815533964824,1.45922585991557
"CGGGCATTCTCCCTAG-1_2_1_1","IR","B-Naive",-1.37632087080669,-3.67570898267094
"CGGGTCACAGGTGAGT-1_2_1_1","IR","B-Naive",0.125048948238376,-1.48043677541081
"CGGGTGTTCTACTGAG-1_2_1_1","IR","B-Naive",-0.672340067317005,-2.84616944524113
"CGGTCAGAGACGTCGA-1_2_1_1","IR","B-Naive",-0.497327657629963,-0.889242264950911
"CGGTCAGGTGCCTATA-1_2_1_1","IR","B-Naive",3.62331840188313,-2.9602496358997
"CGGTCAGTCGTCACCT-1_2_1_1","IR","B-Act2",3.91746899277974,2.33424988058742
"CGTAAGTCACATTACG-1_2_1_1","IR","B-Naive",3.73030587823201,-2.70633980962102
"CGTAAGTCATACCACA-1_2_1_1","IR","B-Naive",-2.54983261435222,-1.71754071446721
"CGTAAGTGTGGCCCAT-1_2_1_1","IR","B-Naive",0.956055013249401,0.721009877001604
"CGTAATGCACACACTA-1_2_1_1","IR","B-ActMem",4.26693865449238,5.42170932558711
"CGTAATGCAGGATGAC-1_2_1_1","IR","B-Naive",-0.97461018173885,0.717710104262193
"CGTAATGGTCCTTTGC-1_2_1_1","IR","B-Act1",-3.05156782477092,1.7202369835728
"CGTAGTAGTTATGACC-1_2_1_1","IR","B-Naive",1.16422006280232,1.61476745871242
"CGTCAAAAGACATCAA-1_2_1_1","IR","B-Act1",-4.72229150145244,2.48960688379939
"CGTCAAAAGATAACAC-1_2_1_1","IR","B-Naive",4.88055750520039,-1.06480428906743
"CGTCAAATCACGGACC-1_2_1_1","IR","B-Naive",-1.66133263914775,-1.74942180844609
"CGTCCATTCGAAGCAG-1_2_1_1","IR","B-Naive",-2.07590273230266,1.71776368883785
"CGTGAATAGCTAAACA-1_2_1_1","IR","B-Act1",-4.96321967451763,1.92346229818996
"CGTGAATCATGGGTCC-1_2_1_1","IR","B-Naive",1.28021582753468,-2.25053951474492
"CGTGAATTCTCATAGG-1_2_1_1","IR","B-Act1",-4.66278222410869,2.33894732264217
"CGTGATACAGTCGCTG-1_2_1_1","IR","B-Naive",0.17394339830685,1.17337877718147
"CGTGATATCCATCTAT-1_2_1_1","IR","B-Naive",0.0349407920341528,-3.10746404858891
"CGTGATATCGGTCGAC-1_2_1_1","IR","B-Act2",5.07872006089497,1.41721012858089
"CGTGCTTGTCGAGATG-1_2_1_1","IR","B-ActMem",3.46929022462178,4.95197704104122
"CGTGCTTGTTCCGGTG-1_2_1_1","IR","B-Naive",-0.211257720579621,-2.44189903470341
"CGTGTCTAGTACCCTA-1_2_1_1","IR","B-Naive",1.17620727212239,1.26664210525688
"CGTGTCTTCATTTCCA-1_2_1_1","IR","B-Naive",-1.51543882696819,1.0056012798601
"CGTGTCTTCCCTCTCC-1_2_1_1","IR","B-Naive",0.212094155858043,1.82725408343013
"CGTTAGAAGCGACCCT-1_2_1_1","IR","B-Naive",1.07222839982319,-0.611393782818953
"CGTTAGAAGTGATGGC-1_2_1_1","IR","B-Naive",-1.21649757235241,0.0846449997776353
"CGTTCTGAGAGTCACG-1_2_1_1","IR","B-Act1",-4.12688115446758,1.19733519521888
"CGTTCTGAGCTTAGTC-1_2_1_1","IR","B-Naive",1.43247052819538,0.0844591524952256
"CGTTGGGAGGGAGGGT-1_2_1_1","IR","B-Act1",-0.254075156738278,1.60869648722347
"CTAACCCCAAGTGGCA-1_2_1_1","IR","B-Naive",-1.46332183687877,-2.11998030873601
"CTAACCCTCATAGAGA-1_2_1_1","IR","B-Naive",-3.38456252424907,-3.26437542172734
"CTAAGTGCAACTGTGT-1_2_1_1","IR","B-Naive",0.449224618981365,-0.999608490193526
"CTAAGTGGTAGTATAG-1_2_1_1","IR","B-Naive",4.6965632119875,-1.90761062833134
"CTAAGTGGTGTCCTAA-1_2_1_1","IR","B-Naive",2.21396443040181,2.41812088755306
"CTACAGACAGCTGTTA-1_2_1_1","IR","B-Naive",-1.36461392252636,-3.07218906613652
"CTACAGAGTCACCACG-1_2_1_1","IR","B-Naive",-3.42643860190105,-1.95399687024418
"CTACAGAGTTCGATTG-1_2_1_1","IR","B-Act1",-4.86064818709087,1.75450017718013
"CTACAGATCCACTAGA-1_2_1_1","IR","B-Act1",-2.74069693892192,1.35532271531757
"CTACATTGTGTGTGGA-1_2_1_1","IR","B-Naive",-0.83638540117931,6.1640818384045
"CTACATTTCCCAAGCG-1_2_1_1","IR","B-Act1",-0.55360964148235,1.85629471806224
"CTACATTTCGGCTGTG-1_2_1_1","IR","B-Naive",3.34396073014546,-0.390154573643843
"CTACCCAAGGACAGCT-1_2_1_1","IR","B-Naive",-2.83732083647442,-2.71204683514897
"CTACCCAAGTATGGCG-1_2_1_1","IR","B-Act1",-5.60397103636455,0.580122497355303
"CTACCCAGTCTCCTGT-1_2_1_1","IR","B-Naive",4.23836895615864,-2.60659882756535
"CTACCTGAGATTGGGC-1_2_1_1","IR","B-Naive",1.32553133160878,-2.31144330235783
"CTACCTGAGCGCCTAC-1_2_1_1","IR","B-Naive",-0.720258506228443,-3.27719232770268
"CTACCTGTCTCCGCAT-1_2_1_1","IR","B-Naive",0.019435805986408,-2.88595936032597
"CTACGGGCAAGACAAT-1_2_1_1","IR","B-Naive",-4.68159535734844,-0.0528858635074294
"CTACTATAGGCCTTGC-1_2_1_1","IR","B-Naive",0.675856558392528,-2.98260709973637
"CTACTATGTAATTAGG-1_2_1_1","IR","B-Naive",0.0621327737073935,-3.69014618130986
"CTACTATTCAACACCA-1_2_1_1","IR","B-Act1",-5.71905473082256,0.889638957058748
"CTAGACACAAGAGTGC-1_2_1_1","IR","B-Naive",-1.85549500792217,-1.34228918286626
"CTAGACAGTGAGTCAG-1_2_1_1","IR","B-Mye",-0.717663975646015,7.24018218783077
"CTAGGTACAGAGATGC-1_2_1_1","IR","B-ActMem",3.63658758790303,5.76395061281856
"CTAGGTACATATGCGT-1_2_1_1","IR","B-ActMem",3.16036364228535,4.81041887072261
"CTAGGTACATTCCTAT-1_2_1_1","IR","B-ActMem",2.94373699815083,5.21074559954341
"CTAGGTAGTACGGTTT-1_2_1_1","IR","B-Naive",0.117806998799328,-3.25279447766606
"CTAGGTATCCGTAGGC-1_2_1_1","IR","B-Act1",-1.89446988909435,1.4037283625954
"CTAGGTATCTAACGGT-1_2_1_1","IR","B-Naive",-1.69638923018169,-1.8094768259174
"CTATAGGGTCAGCTTA-1_2_1_1","IR","B-Act1",-3.39124468176555,-0.221745822156111
"CTATAGGTCATTACCT-1_2_1_1","IR","B-Naive",1.68225273282338,-0.974750492299238
"CTATAGGTCGAGTGGA-1_2_1_1","IR","B-Naive",2.27306672723103,1.92354806927379
"CTATCCGAGAGTCCGA-1_2_1_1","IR","B-Naive",2.4049839654665,0.795444097792467
"CTATCCGAGTTAACGA-1_2_1_1","IR","B-ActMem",3.82153245599079,3.59220149782832
"CTATCTAAGCCGTAAG-1_2_1_1","IR","B-Naive",-2.13085177748394,-1.88467714520756
"CTATCTACAGGACATG-1_2_1_1","IR","B-ActMem",4.51240679414082,4.35776784685787
"CTATCTAGTACGGATG-1_2_1_1","IR","B-Naive",-1.02113101093959,-1.77292177411381
"CTATCTAGTTGGACTT-1_2_1_1","IR","B-Naive",0.723559645722393,-3.08114740582768
"CTCAACCAGGTCTGGA-1_2_1_1","IR","B-Naive",2.87124511391926,2.11249532965358
"CTCAACCCACTTGTCC-1_2_1_1","IR","B-Naive",2.59516235978413,-2.91640398236577
"CTCAACCCAGCTGAGA-1_2_1_1","IR","B-Act1",-2.85424760191631,1.96808924940761
"CTCAACCGTAGTCTGT-1_2_1_1","IR","B-Naive",0.632941929409984,2.02605619696315
"CTCAAGAGTAAGTAGT-1_2_1_1","IR","B-Naive",2.49424502045918,1.93354656962093
"CTCAAGAGTCTCGGAC-1_2_1_1","IR","B-Naive",2.92536660821247,2.23610773352321
"CTCAATTAGTCAGGGT-1_2_1_1","IR","B-Act1",0.217916099141125,2.045884635722
"CTCACTGCAAGTTGGG-1_2_1_1","IR","B-Naive",-1.27808442919445,-4.89605495663945
"CTCACTGTCAGATTGC-1_2_1_1","IR","B-Naive",3.67533513696003,-2.82477709981267
"CTCACTGTCGTAACTG-1_2_1_1","IR","B-Act1",-3.3189921697874,0.310700323855241
"CTCAGAAGTAGGAAAG-1_2_1_1","IR","B-Naive",0.823433426926616,0.466684248720964
"CTCAGAAGTAGTATAG-1_2_1_1","IR","B-Naive",0.402190116951946,-0.472100469792525
"CTCAGAAGTCACAGAG-1_2_1_1","IR","B-Act1",-3.92451384871196,1.33546146420177
"CTCAGAATCGTTGCCT-1_2_1_1","IR","B-Naive",1.25507244260121,-1.0273563596851
"CTCAGGGGTTCCGCTT-1_2_1_1","IR","B-Naive",1.34849080235768,-2.68005463811223
"CTCAGTCTCAGTCCGG-1_2_1_1","IR","B-Naive",3.05458709389973,-2.70576259824101
"CTCATGCCAATGAAAC-1_2_1_1","IR","B-Naive",-2.41559627859783,-2.8041970464832
"CTCATGCGTACACGCC-1_2_1_1","IR","B-ActMem",3.27355548531819,4.89867260721858
"CTCATGCTCTCTCTTC-1_2_1_1","IR","B-Act1",-4.71199229567241,-0.764817926610152
"CTCATTAAGGCTTCCG-1_2_1_1","IR","B-Act2",4.18975063950825,0.918795150195917
"CTCATTAGTGCTGTCG-1_2_1_1","IR","B-Naive",0.557688442776684,-0.674621197903792
"CTCCAACAGATTGCGG-1_2_1_1","IR","B-Naive",-3.01475432722759,-1.31635472508732
"CTCCAACGTAACGATA-1_2_1_1","IR","B-Naive",1.86957856805134,-1.90017006131474
"CTCCAACTCTTTGGAG-1_2_1_1","IR","B-Naive",-0.264069216539379,-2.35511610242192
"CTCCACAAGGTAAAGG-1_2_1_1","IR","B-Naive",-2.43930319159221,0.793829035436472
"CTCCACATCCTACAAG-1_2_1_1","IR","B-Naive",-3.27562430708599,-3.13159296246831
"CTCCACATCGATCCCT-1_2_1_1","IR","B-Naive",2.86908790261555,0.459524121558031
"CTCCATGGTCTACAGT-1_2_1_1","IR","B-Naive",-0.385564716746327,-3.51269790860478
"CTCCCAAGTTATGTGC-1_2_1_1","IR","B-Naive",-2.41775110571575,-1.43194601270024
"CTCCCAATCAGAGCAG-1_2_1_1","IR","B-Naive",0.905954090664867,-2.42237732144658
"CTCCCTCAGAATTCAG-1_2_1_1","IR","B-Act1",-4.36164906828594,-1.44132373067204
"CTCCCTCGTCGGTAAG-1_2_1_1","IR","B-Naive",2.73649641663838,-2.05442282887761
"CTCCCTCGTTCGTAAC-1_2_1_1","IR","B-Act1",0.985411969731334,-1.95210048886601
"CTCCGATAGATGATTG-1_2_1_1","IR","B-Act1",-5.3136210760374,2.07738807467159
"CTCCGATTCGAAGAAT-1_2_1_1","IR","B-Naive",-0.380402239253041,-3.45584890576665
"CTCCTCCAGCTTACGT-1_2_1_1","IR","B-Act2",4.922102419446,1.38449468878444
"CTCCTCCAGGATTTAG-1_2_1_1","IR","B-Naive",-2.87325361578655,-2.65984580251042
"CTCCTCCGTATGTCTG-1_2_1_1","IR","B-Act2",4.5122165361147,0.573798861777147
"CTCCTTTAGTGATTCC-1_2_1_1","IR","B-ActMem",4.52750250489521,-0.788650843823592
"CTCCTTTCAAGTGGTG-1_2_1_1","IR","B-Act1",-4.14466479628276,-0.282936308110396
"CTCCTTTCAATCAGCT-1_2_1_1","IR","B-Naive",-0.990771087100025,-3.90811559888188
"CTCCTTTCAGAACGCA-1_2_1_1","IR","B-Naive",0.375109253237728,-4.23105880948369
"CTCGAGGAGCGTGTTT-1_2_1_1","IR","B-ActMem",2.96064850480366,5.07449748781856
"CTCGAGGAGGATATGT-1_2_1_1","IR","B-Naive",-1.45669356196117,-3.07253048154179
"CTCTCAGAGCGAGAAA-1_2_1_1","IR","B-Naive",-0.714767607142445,2.47812679079707
"CTCTCAGAGTTCCTGA-1_2_1_1","IR","B-ActMem",-2.08476713507366,-1.02410671445195
"CTCTCAGGTGGCGTAA-1_2_1_1","IR","B-Naive",2.13995072037983,1.69088491467174
"CTCTCAGTCTCCGCAT-1_2_1_1","IR","B-Naive",-3.77646425574016,-0.776039812291304
"CTCTGGTGTGAGTCAG-1_2_1_1","IR","B-Act1",-3.43903425543499,2.09269109038051
"CTGAATGAGAGTAACT-1_2_1_1","IR","B-Naive",-0.0801237246293985,-2.41589162083928
"CTGAATGCATCGTCCT-1_2_1_1","IR","B-Act1",0.108858017037395,-0.948517057622114
"CTGAGCGAGCATCTTG-1_2_1_1","IR","B-Naive",0.625045446465496,0.505983140742143
"CTGAGGCCAGCTGAGA-1_2_1_1","IR","B-Naive",2.85657664925862,2.06691363123592
"CTGAGGCCATATGCGT-1_2_1_1","IR","B-Act1",-1.04774049132061,0.916503336703142
"CTGAGGCGTCGCAGTC-1_2_1_1","IR","B-Naive",-6.14572575895977,1.61773797539409
"CTGCAGGAGAAGTCAT-1_2_1_1","IR","B-Naive",0.290618119547848,1.67435517576869
"CTGCAGGAGCGCCTCA-1_2_1_1","IR","B-Naive",-0.129918743138429,1.62692191866573
"CTGCAGGGTTTCAGAC-1_2_1_1","IR","B-Naive",-1.6187683662672,-2.90512439938847
"CTGCATCAGGATTTCC-1_2_1_1","IR","B-Naive",-2.41543391554546,-0.479968878949324
"CTGCATCGTCTCCCTA-1_2_1_1","IR","B-Act1",-5.40246156065654,0.948802832936605
"CTGCATCTCTCGACCT-1_2_1_1","IR","B-Naive",-1.56739285795879,-2.29869219991032
"CTGCCATAGGATATGT-1_2_1_1","IR","B-Naive",0.42827501685429,-3.18906614514653
"CTGCCATCAGACCAAG-1_2_1_1","IR","B-Naive",1.49211546571064,-2.0503477785236
"CTGCCATTCTTACTGT-1_2_1_1","IR","B-Naive",0.726105538914684,0.239494171416124
"CTGCCTACAACACAGG-1_2_1_1","IR","B-Naive",-1.08684447615337,-2.2113105985767
"CTGCCTACACCTGTCT-1_2_1_1","IR","B-ActMem",4.0792045274477,4.14032748011287
"CTGCGAGCACGCGGTT-1_2_1_1","IR","B-Naive",1.74551698357869,2.12313523558315
"CTGCGAGTCACTGTCC-1_2_1_1","IR","B-Naive",-0.624735506464955,1.8737267520779
"CTGGACGCAAGTGCAG-1_2_1_1","IR","B-Naive",-2.17210319845867,-0.233258936131636
"CTGGCAGCATGGACAG-1_2_1_1","IR","B-Act1",-5.33351233809185,1.64906194475826
"CTGGTCTGTGGGTCAA-1_2_1_1","IR","B-ActMem",3.40524288804341,4.88174131182369
"CTGTACCCACTTTATC-1_2_1_1","IR","B-Naive",5.0396332421999,-1.49583813878361
"CTGTAGATCTACGCGG-1_2_1_1","IR","B-Act2",3.68037315995503,1.1456622373813
"CTGTATTGTATCGCTA-1_2_1_1","IR","B-Naive",-1.7847405990858,-2.17144391270939
"CTGTCGTAGGATGGCT-1_2_1_1","IR","B-Act1",-1.75785580485057,1.72642537621196
"CTGTCGTTCTTTGCGC-1_2_1_1","IR","B-Naive",2.66467162759114,0.911724608814081
"CTGTGAAGTTACCTTT-1_2_1_1","IR","B-Naive",-1.60680142252636,-1.03025815221135
"CTGTGGGAGTCGCTAT-1_2_1_1","IR","B-Act1",-1.56636706202221,2.7994087007397
"CTTACCGAGATCCGAG-1_2_1_1","IR","B-Naive",-1.64651563971233,-1.30703232022587
"CTTACCGAGGACACTG-1_2_1_1","IR","B-Act1",-4.41192963926983,0.159921911036333
"CTTACCGCACAAATAG-1_2_1_1","IR","B-Naive",-0.540445389439579,-3.12672350140874
"CTTACCGCACGGCCAT-1_2_1_1","IR","B-Naive",1.51865467221547,-2.95037743779484
"CTTACCGTCCGCAAAT-1_2_1_1","IR","B-Naive",0.57118353040028,-3.4133279058582
"CTTAGGACAAGACCGA-1_2_1_1","IR","B-Naive",-2.24079016058635,-1.3093776437885
"CTTCAATAGACCGCCT-1_2_1_1","IR","B-Naive",-5.34864285795879,-0.613080117428938
"CTTCAATAGGGAGGGT-1_2_1_1","IR","B-Act1",-2.64229348509502,1.99965014723476
"CTTCAATGTGAATTGA-1_2_1_1","IR","B-Act1",-4.37454799025249,-0.362944099629561
"CTTCCGACAATACAGA-1_2_1_1","IR","B-Naive",-0.750625344206806,-3.16178247662846
"CTTCCGATCGAGATGG-1_2_1_1","IR","B-Naive",1.6566941419344,2.71794536379512
"CTTCCTTCAGCTATTG-1_2_1_1","IR","B-Act1",-5.30721953718853,2.18780460623439
"CTTCCTTGTCACTCTC-1_2_1_1","IR","B-Act2",5.33564945847798,1.66069838074382
"CTTCCTTGTTGGAGGT-1_2_1_1","IR","B-Naive",-2.16712931006145,-3.8963076803333
"CTTCCTTTCGGAGTGA-1_2_1_1","IR","B-Naive",-2.12536218970012,-0.369413110936323
"CTTCGGTAGACGAGCT-1_2_1_1","IR","B-Naive",1.62536689431477,2.18136301306423
"CTTCTAACACTCCTGT-1_2_1_1","IR","B-Naive",-2.90263536780071,-3.43889114590947
"CTTCTAACAGCTCTGG-1_2_1_1","IR","B-Naive",-0.314259188463207,-2.87776610585515
"CTTCTAATCCGACATA-1_2_1_1","IR","B-Naive",-2.95314339010906,-3.59931776257817
"CTTCTCTGTATGGGAC-1_2_1_1","IR","B-Naive",-2.42195156424236,-3.09864923688237
"CTTCTCTGTCCATACA-1_2_1_1","IR","B-Naive",4.3656420388918,-2.59714553090397
"CTTGAGAAGCTAGATA-1_2_1_1","IR","B-Naive",2.40809866578389,-0.354757401669661
"CTTGAGACACCCTAGG-1_2_1_1","IR","B-Act1",-5.59246972410869,1.41924103764232
"CTTGAGAGTAGGTGCA-1_2_1_1","IR","B-Act1",1.09804603249836,-0.617958996022383
"CTTGAGAGTGGTCTCG-1_2_1_1","IR","B-Naive",3.30688759476948,-1.80793807240788
"CTTGATTCACCCTTGT-1_2_1_1","IR","B-Naive",1.46240862996388,-1.21075889798466
"CTTTCAAAGCGTACAG-1_2_1_1","IR","B-Naive",-1.78366902678203,0.0607306030147874
"CTTTCAACATGTTTGG-1_2_1_1","IR","B-Naive",-1.3861377558012,-3.73674509259526
"CTTTCAAGTAGACACG-1_2_1_1","IR","B-Naive",-1.54051998465252,-2.17092511388127
"CTTTCAAGTCACAGAG-1_2_1_1","IR","B-Naive",0.40576764733601,1.39734816220935
"CTTTCAAGTTCCAGGC-1_2_1_1","IR","B-Naive",0.405038801739696,-1.8569793436176
"CTTTCGGAGACTGAGC-1_2_1_1","IR","B-Naive",3.59203240067768,-2.45777318211857
"CTTTCGGAGTTGGGAC-1_2_1_1","IR","B-Act1",-2.53626039831829,2.36418416765865
"CTTTCGGCAGTTGAAA-1_2_1_1","IR","B-Act1",-0.833654018332478,2.82889368799861
"CTTTCGGGTATTCTCT-1_2_1_1","IR","B-Naive",1.71049317509938,-2.10919687482182
"GAAACCTGTCTCTCAC-1_2_1_1","IR","B-Naive",-3.15116384833049,-2.37053224774663
"GAAATGAAGATTGACA-1_2_1_1","IR","B-Act1",-4.90422681181621,1.77868428496059
"GAAATGACACGCCACA-1_2_1_1","IR","B-Naive",0.486023453782085,-1.85035178395573
"GAAATGACACGCGGTT-1_2_1_1","IR","B-Naive",-0.145561339547154,0.204442527567705
"GAAATGAGTCATGACT-1_2_1_1","IR","B-Naive",2.1947915235262,-1.41673395367924
"GAAATGATCAAGGCTT-1_2_1_1","IR","B-Naive",-2.82235530226421,-0.414940330708662
"GAAATGATCACAACCA-1_2_1_1","IR","B-Naive",-0.583947332789417,-3.85958883496586
"GAAATGATCAGACAAA-1_2_1_1","IR","B-Naive",-3.61495331137371,-1.66856429311101
"GAACACTGTCGTACTA-1_2_1_1","IR","B-Act1",-4.9512000402708,1.67547979620632
"GAACGTTAGATACCAA-1_2_1_1","IR","B-Naive",1.80572673470784,2.60087027815517
"GAACGTTGTCTCGACG-1_2_1_1","IR","B-ActMem",2.85855909974385,5.10186603335079
"GAACGTTTCTCGGGAC-1_2_1_1","IR","B-ActMem",3.62739750535298,5.25527980593379
"GAACTGTGTGGCTTGC-1_2_1_1","IR","B-Act1",-3.48145511954021,0.918309685265382
"GAAGAATTCGGTGTTA-1_2_1_1","IR","B-Naive",-0.422793688466068,2.06460037497218
"GAAGCCCAGTCATGCT-1_2_1_1","IR","B-Naive",2.29996225030232,1.95475497511562
"GAAGCGAGTTGCTCAA-1_2_1_1","IR","B-Naive",2.05352994591999,0.245109823023637
"GAAGGGTAGTCGAATA-1_2_1_1","IR","B-ActMem",4.00555178315449,4.92877295283016
"GAAGGGTGTAACCCTA-1_2_1_1","IR","B-Act2",-2.36596229880046,0.336427476679643
"GAAGGGTGTCTAGTGT-1_2_1_1","IR","B-Naive",0.0712134966354406,1.19387517539199
"GAAGGGTTCCCAAGTA-1_2_1_1","IR","B-Naive",1.81524666936207,0.848575395023187
"GAAGTAAGTGCGTGCT-1_2_1_1","IR","B-Naive",-0.189459564377781,-0.964858505452315
"GAATCACGTGGCCCAT-1_2_1_1","IR","B-Naive",2.14237043053913,0.133544233118852
"GAATCACGTGGCTGAA-1_2_1_1","IR","B-Naive",1.02564736993122,-0.554662201131026
"GAATCACTCCCTTGTG-1_2_1_1","IR","B-Naive",-2.31148675291729,-4.0406791898853
"GAATCGTAGACGACTG-1_2_1_1","IR","B-ActMem",2.93363758714009,4.59999182490047
"GAATCGTAGCTTGTTG-1_2_1_1","IR","B-Naive",1.55917796284962,-3.01992199155156
"GAATCGTTCTCGTCGT-1_2_1_1","IR","B-Naive",-1.69287470190715,-3.7838375303394
"GACACGCAGATGGTAT-1_2_1_1","IR","B-Act1",-3.91664079039287,1.33571076062854
"GACACGCAGTTGCTGT-1_2_1_1","IR","B-Naive",1.14837690980244,-1.29569503995244
"GACACGCCACAATGCT-1_2_1_1","IR","B-Naive",0.789696780751232,-1.78627297612492
"GACAGCCAGCGATGAC-1_2_1_1","IR","B-Naive",4.09450909287739,-2.16661832066838
"GACAGCCCACTCATAG-1_2_1_1","IR","B-Naive",-2.95855453818035,-3.60005829068486
"GACATCAAGGTGCCAA-1_2_1_1","IR","B-ActMem",3.56007024438191,5.73560836580928
"GACATCACAACTTGCA-1_2_1_1","IR","B-ActMem",3.8444382825594,4.974351432597
"GACATCACAGAACTAA-1_2_1_1","IR","B-Naive",0.744489578316692,-1.36900231572453
"GACATCATCTTCCCGA-1_2_1_1","IR","B-Naive",-3.04953602163982,-2.40793201657597
"GACCAATAGCGAGTCA-1_2_1_1","IR","B-Naive",0.221927432129864,1.13238194254573
"GACCAATAGCGTCTGC-1_2_1_1","IR","B-Act1",-2.01166811793041,2.5342936780804
"GACCAATCACTACGGC-1_2_1_1","IR","B-Act1",-1.268522413661,2.43651845720943
"GACCAATGTGTCCATA-1_2_1_1","IR","B-Act1",-4.60723975508403,1.25373623934921
"GACCAATGTTGCTAGT-1_2_1_1","IR","B-Naive",-1.66031030028057,-1.50564024182622
"GACCCAGCAAGAATGT-1_2_1_1","IR","B-Naive",-0.545230182101246,-3.2469985220081
"GACCCAGCACGAGGTA-1_2_1_1","IR","B-ActMem",4.14804932267475,4.4642298486584
"GACCCAGGTACGAGCA-1_2_1_1","IR","B-Naive",-1.20808401911449,-0.346220347607771
"GACCCAGTCTGAGGCC-1_2_1_1","IR","B-Naive",-1.54384663908672,-2.75683781834904
"GACCCTTAGCGCCGTT-1_2_1_1","IR","B-Naive",1.93241521508503,2.12550165919002
"GACCCTTAGTAGAGTT-1_2_1_1","IR","B-Naive",-1.58100024073314,-2.29300353261296
"GACCCTTGTTGCTCCT-1_2_1_1","IR","B-Naive",3.05764481217671,4.61813810137447
"GACCCTTTCACCCTCA-1_2_1_1","IR","B-Naive",0.103388486216549,-0.500800702298323
"GACCGTGCAATAGGGC-1_2_1_1","IR","B-Naive",-1.83126631586742,-2.85315272542302
"GACCGTGCAATAGTCC-1_2_1_1","IR","B-Naive",2.6314346471529,2.1055667665356
"GACCGTGGTACTCGCG-1_2_1_1","IR","B-Naive",1.85354611069966,2.90729668406185
"GACCGTGTCAATCTTC-1_2_1_1","IR","B-Naive",2.72387191445637,0.510908570563158
"GACGCTGAGTAAGCAT-1_2_1_1","IR","B-Naive",1.06157323510456,-0.232869360173384
"GACGCTGCATGCCGCA-1_2_1_1","IR","B-Act1",-4.71535971968364,0.500171985899767
"GACTATGGTGATCGTT-1_2_1_1","IR","B-Naive",-1.31003144591045,1.1312164705747
"GACTCAAAGGGTATAT-1_2_1_1","IR","B-Naive",-2.40997770636272,-3.35268566342656
"GACTCTCAGAACGTGC-1_2_1_1","IR","B-Naive",-1.47144571154308,-0.843681547368208
"GACTCTCGTCAAGCCC-1_2_1_1","IR","B-Naive",0.916938869069103,-0.523197028363386
"GACTCTCGTTGGTACT-1_2_1_1","IR","B-Naive",-0.173568608452793,1.01299835783776
"GACTGATAGCGCCCAT-1_2_1_1","IR","B-Act1",-2.78046944945049,-0.636664244855086
"GACTGATTCACCCTTG-1_2_1_1","IR","B-Naive",-0.403216393877979,-3.77356693478886
"GACTGATTCGCAGTGC-1_2_1_1","IR","B-Naive",1.90690037400532,2.43732610014614
"GACTTCCCAAGTCCCG-1_2_1_1","IR","B-Act1",-1.05815264790249,2.26603057650264
"GACTTCCCATTAAGCC-1_2_1_1","IR","B-Naive",-1.26170149653148,-4.73738548489873
"GAGAAATAGTCGAAAT-1_2_1_1","IR","B-Naive",1.15033682973194,2.18559041289028
"GAGAAATCAAACTGCT-1_2_1_1","IR","B-Mye",-0.910571249415394,6.49231412676509
"GAGAAATCACCTCGTT-1_2_1_1","IR","B-Act1",-3.46979549734783,1.9804846313351
"GAGAAATGTGACATCT-1_2_1_1","IR","B-Act2",3.24932524354267,1.40843176511463
"GAGACCCAGCCAAGGT-1_2_1_1","IR","B-Naive",-0.700318785597798,0.18235847023662
"GAGACTTCAGTTGGTT-1_2_1_1","IR","B-Act2",5.03280731828022,1.99549707440074
"GAGACTTCATCGATGT-1_2_1_1","IR","B-Naive",0.551706222603802,-2.61372348996464
"GAGACTTGTCGAGTGA-1_2_1_1","IR","B-Act2",5.30971619279194,2.08009114531215
"GAGACTTGTCTACAAC-1_2_1_1","IR","B-Naive",-3.04959538786602,-1.24142405721013
"GAGACTTGTGTTCCAA-1_2_1_1","IR","B-Naive",-1.5087762197752,0.231046762739977
"GAGACTTTCGCTAATG-1_2_1_1","IR","B-Naive",-0.189450616230484,-2.85807630750004
"GAGAGGTAGCCAAGCA-1_2_1_1","IR","B-Act2",4.46425291688252,1.13554448304113
"GAGAGGTAGTAATTGG-1_2_1_1","IR","B-Naive",0.932794300625805,-3.38437530728642
"GAGAGGTAGTAGAGTT-1_2_1_1","IR","B-Naive",0.703716961453441,0.356465604578813
"GAGAGGTGTACAGTAA-1_2_1_1","IR","B-Act1",-2.71362379400921,1.63397153881725
"GAGAGGTTCGGTTAGT-1_2_1_1","IR","B-ActMem",2.93210288674641,4.54345205095943
"GAGAGGTTCGTTCAGA-1_2_1_1","IR","B-Naive",-0.0851080959935152,2.57158746985134
"GAGATGGCATATCTCT-1_2_1_1","IR","B-Mye",-0.708762737204548,6.58932664660152
"GAGATGGCATCAGCGC-1_2_1_1","IR","B-Naive",5.00245567948628,-1.74414965840642
"GAGATGGGTGACCTGC-1_2_1_1","IR","B-Act1",-0.894057961394306,2.65673580435451
"GAGATGGGTGTCCGGT-1_2_1_1","IR","B-Naive",2.91328689248371,1.98256095913585
"GAGCCTGAGAAGCTCG-1_2_1_1","IR","B-Naive",0.227592227766994,0.62095623878177
"GAGCCTGAGCCAAGGT-1_2_1_1","IR","B-Naive",-3.49196174948406,-0.700948569501082
"GAGCCTGCACGACCTG-1_2_1_1","IR","B-Naive",-2.33154824583721,-3.12433311673466
"GAGCCTGCATCACAGT-1_2_1_1","IR","B-Naive",3.90397450120259,-1.70065495702092
"GAGCCTGGTAGGGAGG-1_2_1_1","IR","B-Naive",-3.35597422926616,-1.19672939511601
"GAGCCTGGTATCAGCT-1_2_1_1","IR","B-Naive",0.307149020741466,-4.09910986157719
"GAGCCTGTCCATACAG-1_2_1_1","IR","B-Naive",2.0435816922884,0.72954314616855
"GAGCTGCTCCGACGGT-1_2_1_1","IR","B-Naive",-0.269610079218861,-4.72423908444707
"GAGGCAACATCTTAGG-1_2_1_1","IR","B-Act1",-3.92073229162883,-1.50616142484013
"GAGGCAACATTCTCCG-1_2_1_1","IR","B-Naive",-2.75373390524578,-3.97514126035039
"GAGGCAAGTTACCTGA-1_2_1_1","IR","B-Naive",-0.502914848019596,1.54890021351512
"GAGGCCTAGAATGTTG-1_2_1_1","IR","B-Act1",-2.13430384009075,1.72193565634426
"GAGGCCTAGTGGTTAA-1_2_1_1","IR","B-ActMem",3.55488106400776,5.45407464770015
"GAGGCCTCATGGATCT-1_2_1_1","IR","B-Naive",-0.570627065588947,1.08557162103589
"GAGGCCTTCCACTTCG-1_2_1_1","IR","B-Naive",0.745595244477276,-1.53005525800053
"GAGGCCTTCCCTATTA-1_2_1_1","IR","B-Naive",-1.78068235724163,-4.23474952908818
"GAGGGATTCCATTGTT-1_2_1_1","IR","B-Act1",-4.26035264342022,1.70596971777614
"GAGGGATTCGCCGAGT-1_2_1_1","IR","B-Act1",-3.47033646910381,2.01649853256877
"GAGGGTAAGACCTCCG-1_2_1_1","IR","B-Naive",3.01249238641072,1.49603590038951
"GAGTCATAGAAAGTCT-1_2_1_1","IR","B-Act1",-0.922355445315357,2.66056313780483
"GAGTCATAGAGTCTTC-1_2_1_1","IR","B-Naive",4.53500792176533,-1.71307799550358
"GAGTCATCATGGACAG-1_2_1_1","IR","B-Naive",-1.83385494559002,-0.419643733227888
"GAGTCATGTATGGAAT-1_2_1_1","IR","B-Naive",-0.850619407584187,-0.869204852307478
"GAGTCATGTCTCGGAC-1_2_1_1","IR","B-Naive",1.75863691956807,2.60833230284389
"GAGTGAGAGGCAGGGA-1_2_1_1","IR","B-Act1",-3.81748441069317,1.31753521827396
"GAGTGAGGTAGCGTAG-1_2_1_1","IR","B-Naive",2.85366031319905,2.39897504118617
"GAGTGAGTCGCCTATC-1_2_1_1","IR","B-Naive",-0.364137592007633,0.799924727951845
"GAGTGTTCAAGAATGT-1_2_1_1","IR","B-Naive",3.98470398576069,-0.820350024426619
"GAGTTGTGTCCCTGTT-1_2_1_1","IR","B-Naive",-0.883596452166554,1.00723305386837
"GAGTTGTGTCCGGCAT-1_2_1_1","IR","B-Naive",1.85535487325001,1.73870983389552
"GAGTTGTGTTCTGAGT-1_2_1_1","IR","B-Naive",0.519231585572246,-0.103914234364668
"GAGTTTGAGCAGGGAG-1_2_1_1","IR","B-Naive",3.29974075944233,-1.202007028783
"GAGTTTGTCCTCTAAT-1_2_1_1","IR","B-ActMem",3.04478093774128,4.73972728518184
"GAGTTTGTCGCTACAA-1_2_1_1","IR","B-Naive",-3.02357819884014,0.47089549568828
"GATAGAAAGAAGCTGC-1_2_1_1","IR","B-Act1",-1.10535457937908,2.85619726446803
"GATAGCTAGTAGCCAG-1_2_1_1","IR","B-Naive",5.06102129609394,-1.53032085629765
"GATAGCTCACTAGGTT-1_2_1_1","IR","B-Act1",-2.43096903174114,2.9568224218243
"GATAGCTGTATAGCTC-1_2_1_1","IR","B-Act1",-5.28523591368389,-0.00271603795353537
"GATAGCTGTCAACACT-1_2_1_1","IR","B-Naive",1.27904709965992,-0.27532968255345
"GATCAGTCAACTGATC-1_2_1_1","IR","B-ActMem",3.22445627839375,3.89438226488765
"GATCAGTCAAGACGAC-1_2_1_1","IR","B-Act1",-5.2087798437376,0.36132928398784
"GATCATGGTCAGGTAG-1_2_1_1","IR","B-Naive",0.786392537663463,-1.56402823659245
"GATCATGGTGACTCGC-1_2_1_1","IR","B-Naive",-0.329396696974751,-1.82299611302678
"GATCCCTCACCGAATT-1_2_1_1","IR","B-Act1",-4.08031466810894,0.201147642409166
"GATCCCTCACTTGAAC-1_2_1_1","IR","B-Mye",-0.15864790811133,7.34328820971187
"GATCGTACACCGGCTA-1_2_1_1","IR","B-Naive",2.06402322442341,1.99515726832088
"GATGACTTCTCTCTAA-1_2_1_1","IR","B-Naive",0.114019213030819,-3.48840353223149
"GATGAGGTCGGAGATG-1_2_1_1","IR","B-Naive",0.853464333127025,2.63817491797145
"GATGATCCAATTGAGA-1_2_1_1","IR","B-Naive",1.93277689606953,1.71146449116405
"GATGATCGTGCATTTG-1_2_1_1","IR","B-Naive",0.585604695389751,0.575827565466722
"GATGCTAAGGTGGTTG-1_2_1_1","IR","B-Naive",1.39126559884358,-0.748623583043257
"GATGCTACAGATGCGA-1_2_1_1","IR","B-Naive",2.57436868340779,2.13364365366634
"GATGCTAGTTCAGGTT-1_2_1_1","IR","B-Mye",-0.401096733500477,8.06291797426876
"GATGGAGCAGATGCGA-1_2_1_1","IR","B-Naive",2.85483690888691,3.40486648348506
"GATGGAGGTGACCTGC-1_2_1_1","IR","B-Naive",2.61549779565144,0.80022035208877
"GATGGAGGTTCTTAGG-1_2_1_1","IR","B-Naive",0.369114069054607,-2.0072889063007
"GATGTTGGTTAAGCAA-1_2_1_1","IR","B-Naive",1.74589606911946,-2.09630391331975
"GATGTTGTCTAAGCCA-1_2_1_1","IR","B-Naive",-1.15548935740184,-2.71733424397771
"GATTCGACACAACGAG-1_2_1_1","IR","B-Naive",2.62526318223286,0.0387097862118089
"GATTCGACACAATGAA-1_2_1_1","IR","B-Naive",4.7801551500063,-2.11374923917119
"GATTCTTCACGACGTC-1_2_1_1","IR","B-Act1",-4.73984006254863,-0.177282902920882
"GATTCTTCACTACCCT-1_2_1_1","IR","B-Naive",-0.171156021048542,-2.16375658246342
"GATTCTTCAGGAAGTC-1_2_1_1","IR","B-Naive",-1.8856460174818,-0.614898416722456
"GATTCTTTCTAACGGT-1_2_1_1","IR","B-Mye",-1.363697322299,6.34512164858516
"GATTGGTCATTCCTCG-1_2_1_1","IR","B-Naive",-1.34056392519664,-3.20884201260869
"GATTGGTGTTGTTTGG-1_2_1_1","IR","B-Act2",5.11822840363789,1.35795676377948
"GATTTCTAGAGAGGGC-1_2_1_1","IR","B-Naive",-2.12857774107647,0.008821633135637
"GATTTCTAGGTTCCAT-1_2_1_1","IR","B-Act1",-4.28029111235332,-1.11492583485905
"GATTTCTCATAACTCG-1_2_1_1","IR","B-Naive",-2.13303545324993,-3.33374569150273
"GATTTCTCATAGGTAA-1_2_1_1","IR","B-Naive",1.7431347051363,0.0714870956295335
"GATTTCTGTCTCAGGC-1_2_1_1","IR","B-ActMem",3.93745609910298,5.06919219759639
"GATTTCTTCCTACAAG-1_2_1_1","IR","B-Naive",-2.34237435667705,-1.49201914998356
"GCAACATCAATTGTGC-1_2_1_1","IR","B-Naive",0.472819713662151,-3.43848726483647
"GCAACATGTGTTATCG-1_2_1_1","IR","B-Naive",4.14488455445576,-2.71797511311833
"GCAACATTCAAGAGTA-1_2_1_1","IR","B-Naive",-0.336372139145848,-1.97480413647954
"GCAACCGAGGGAGGTG-1_2_1_1","IR","B-Naive",2.04929896981526,2.49965706137355
"GCAACCGCAGAGACTG-1_2_1_1","IR","B-Naive",-2.01414659826946,-0.406452748501936
"GCAACCGTCGACGCGT-1_2_1_1","IR","B-Naive",0.507833985398296,-1.33521339627568
"GCACATACACGTCGGT-1_2_1_1","IR","B-Naive",4.92555328995991,-1.13642570706669
"GCACATACATTGCTTT-1_2_1_1","IR","B-Naive",0.138419089625362,-3.06219503613774
"GCACGGTAGACTCATC-1_2_1_1","IR","B-ActMem",3.07459637315083,3.72036459711727
"GCACGGTAGATGTTAG-1_2_1_1","IR","B-Naive",1.56584009320546,0.150906887327989
"GCACGGTCAAACCGGA-1_2_1_1","IR","B-Naive",0.316065428565029,-1.58269426556889
"GCACGGTCAGAGTAAT-1_2_1_1","IR","B-Act1",-4.78976062147808,1.79401561287578
"GCACGGTTCGTGTCAA-1_2_1_1","IR","B-Naive",0.810192851136211,2.07366671827968
"GCACGTGGTGACTGAG-1_2_1_1","IR","B-ActMem",3.07298704774189,4.4425173070782
"GCACTAAAGGATTCCT-1_2_1_1","IR","B-Naive",-0.922861011912342,-4.05214140149418
"GCACTAAGTTCCGCAG-1_2_1_1","IR","B-Naive",0.46824493796635,-3.70651647778813
"GCACTAATCCATTGTT-1_2_1_1","IR","B-Naive",-0.93483910172176,-1.92258164616887
"GCAGCCAAGGAACGTC-1_2_1_1","IR","B-Naive",-2.05294922201824,-0.889366242612044
"GCAGCTGAGGCTGGAT-1_2_1_1","IR","B-Naive",-1.54296031801891,1.4127730098122
"GCAGCTGCAACGCCCA-1_2_1_1","IR","B-ActMem",3.64935490281391,4.45538904932674
"GCAGCTGCAGACGCTC-1_2_1_1","IR","B-Naive",-1.72196284144115,-2.62733528348271
"GCAGCTGCATCGCTAA-1_2_1_1","IR","B-Naive",1.15716132314015,-2.28051111432377
"GCAGGCTAGCGCCTTG-1_2_1_1","IR","B-Naive",0.451771167824749,-2.90574404927556
"GCAGGCTGTGTATCCA-1_2_1_1","IR","B-Act1",1.72816332967091,0.227555063044389
"GCAGTTAAGACCAGCA-1_2_1_1","IR","B-Act1",-5.50947240202617,0.952545393680891
"GCAGTTACAACCGATT-1_2_1_1","IR","B-Naive",1.90800234467793,-1.48646948071782
"GCAGTTATCATTTGGG-1_2_1_1","IR","B-Naive",-2.31446817724895,-3.90810463162724
"GCATCGGAGCCTGGAA-1_2_1_1","IR","B-Naive",-0.337855654050823,-0.749598238194624
"GCATCGGCAGCAGACA-1_2_1_1","IR","B-Act1",-3.6856286844511,1.55630466011699
"GCATCTCCAGATAAAC-1_2_1_1","IR","B-Naive",-0.336059989621159,-3.57947084637944
"GCATCTCTCATTGCTT-1_2_1_1","IR","B-Naive",-1.91627922861766,-4.33786031934086
"GCATGATAGAGTCGAC-1_2_1_1","IR","B-Naive",-0.91634419768047,1.14298175690111
"GCATGATAGGCCGCTT-1_2_1_1","IR","B-Act1",-4.02455166189861,0.761151697909197
"GCATGATCACAGTACT-1_2_1_1","IR","B-Act1",-2.86286190359783,2.20581212309535
"GCATGATTCAGACTGT-1_2_1_1","IR","B-Act1",-2.73363569586467,1.672618117606
"GCATGATTCGGCTATA-1_2_1_1","IR","B-Act1",-0.962986203124043,2.32970824507411
"GCATGATTCTGCAGCG-1_2_1_1","IR","B-Naive",-0.954749556471821,1.37925123838123
"GCATTAGAGTTTCAGC-1_2_1_1","IR","B-Naive",-1.5743130764265,-4.09109518262211
"GCATTAGGTAGGTACG-1_2_1_1","IR","B-ActMem",3.64191075951863,5.26469352511104
"GCATTAGGTTCGTAAC-1_2_1_1","IR","B-ActMem",3.72982618005085,5.00223734644588
"GCCAACGAGGAGAATG-1_2_1_1","IR","B-Act1",-5.66736319868755,1.43509193924602
"GCCAACGAGTTCGCAT-1_2_1_1","IR","B-ActMem",3.63953563363362,3.29211285380062
"GCCAACGCACACGGAA-1_2_1_1","IR","B-Naive",1.88126513154316,-1.29465672704045
"GCCAACGGTACGTGAG-1_2_1_1","IR","B-Act1",-0.762122484137531,1.75990536478694
"GCCAGCAAGTGTACCT-1_2_1_1","IR","B-Naive",4.39344021470356,-1.52527878018681
"GCCAGCATCAAACCTG-1_2_1_1","IR","B-Naive",0.944875566075329,-1.04720208379094
"GCCAGGTGTACCTAAC-1_2_1_1","IR","B-Act2",4.84120985657978,1.07183882263835
"GCCAGTGAGTTATGGA-1_2_1_1","IR","B-Naive",1.11649665028859,-1.28456113072697
"GCCAGTGCAATGTGGG-1_2_1_1","IR","B-Act1",-3.28657344191265,0.691310581242403
"GCCAGTGCACTTACAG-1_2_1_1","IR","B-Naive",-2.46434095709514,-1.88887951108281
"GCCAGTGCATTCCTAT-1_2_1_1","IR","B-Naive",-1.78922382204723,-3.27469274731938
"GCCAGTGTCCGGACTG-1_2_1_1","IR","B-Naive",0.353612093041424,0.126362469469866
"GCCATGGAGTGCCGAA-1_2_1_1","IR","B-Naive",-1.93377307264995,-2.13241932126347
"GCCATGGAGTGGAAGA-1_2_1_1","IR","B-Naive",-1.75428155272197,0.947550092315038
"GCCATGGCACATGTTG-1_2_1_1","IR","B-Naive",0.766407815526012,-0.283313128674666
"GCCATGGCAGACGATG-1_2_1_1","IR","B-Act1",-4.96514848082256,1.26033101645645
"GCCATGGTCAGTGCGC-1_2_1_1","IR","B-Naive",0.0871781090002096,0.694662925278505
"GCCATTCTCATAGGCT-1_2_1_1","IR","B-Act1",-3.89810875265789,0.380600836550554
"GCCCAGACAGAGGTTG-1_2_1_1","IR","B-Naive",-1.19389561026287,0.743897553955873
"GCCCAGATCCACAAGT-1_2_1_1","IR","B-Naive",-2.56107524244976,-0.366137835705916
"GCCCGAAGTATTGAGA-1_2_1_1","IR","B-Naive",-2.99319127409649,-1.07722136708562
"GCCCGAATCATTGTGG-1_2_1_1","IR","B-Naive",0.564014879773144,-3.53599664899174
"GCCGATGAGCTAAGTA-1_2_1_1","IR","B-Naive",3.3822903314333,0.260747518812975
"GCCGATGAGGATTTAG-1_2_1_1","IR","B-Naive",-2.41595295279216,-1.25656697484318
"GCCGATGCAATAGTGA-1_2_1_1","IR","B-Naive",-2.15712002127361,-1.57028958531682
"GCCGATGCATACACCA-1_2_1_1","IR","B-Naive",-1.19561830370617,-2.52026889058415
"GCCGATGGTAGTCGGA-1_2_1_1","IR","B-ActMem",3.05187698991108,4.71886875895198
"GCCGATGGTATGAGAT-1_2_1_1","IR","B-Naive",-6.12153533308696,1.64314302471813
"GCCGATGGTCCATAGT-1_2_1_1","IR","B-Naive",-2.55878356306743,-1.37867567273442
"GCCGTGAAGCCATCCG-1_2_1_1","IR","B-Act1",-3.26741340964031,-0.540112826550642
"GCCTGTTGTAGAAACT-1_2_1_1","IR","B-Act2",-3.64402559607219,-0.91760251256291
"GCGAGAACACTTCAAG-1_2_1_1","IR","B-Naive",-0.214121977080818,-2.59518668385808
"GCGAGAATCGTTCCTG-1_2_1_1","IR","B-Naive",3.57500049264241,0.422947671686968
"GCGATCGCATAACTCG-1_2_1_1","IR","B-Act1",-1.66285923330974,1.16157725123103
"GCGGATCTCACCTACC-1_2_1_1","IR","B-Act2",4.49471995026875,3.12766244677242
"GCGGATCTCCACGTAA-1_2_1_1","IR","B-Naive",0.609507111618999,0.467050698077043
"GCGTGCAAGGGTTAGC-1_2_1_1","IR","B-Naive",-2.9197128137846,-0.205897423947493
"GCGTGCAGTTCCTAGA-1_2_1_1","IR","B-Naive",0.937769857953075,0.561998691832384
"GCGTTTCTCTTCGATT-1_2_1_1","IR","B-ActMem",3.47966906220723,-1.98550960751835
"GCTACAAAGCACGGAT-1_2_1_1","IR","B-Naive",-1.61665418951702,0.907179337417444
"GCTACCTAGATTAGCA-1_2_1_1","IR","B-ActMem",3.65528437287617,5.07962587145503
"GCTACCTCACGATTCA-1_2_1_1","IR","B-Naive",-1.64196565954876,-3.24531719418828
"GCTACCTGTCGTCGGT-1_2_1_1","IR","B-Naive",0.51759853751469,-0.2165288660175
"GCTCAAAGTGTACAGG-1_2_1_1","IR","B-Naive",-0.690140756060597,-3.03784010144536
"GCTGAATGTGTTCCAA-1_2_1_1","IR","B-Naive",-2.44146111815166,-3.65868446561162
"GCTGCAGCATACAGCT-1_2_1_1","IR","B-Naive",4.27504631669331,-2.45616910191838
"GCTGGGTCATCAGCGC-1_2_1_1","IR","B-Naive",2.23667952210713,1.74233552483257
"GCTGGGTGTCTCTCTG-1_2_1_1","IR","B-Act1",-3.70110443442058,0.454929974352678
"GCTGGGTTCAACACCA-1_2_1_1","IR","B-Naive",-2.60004738180828,-2.73287794324223
"GCTTCACCAAGTGTCT-1_2_1_1","IR","B-Naive",2.2351522126894,0.214355793272814
"GCTTCACCACATAACC-1_2_1_1","IR","B-Naive",-1.88318661062908,-3.79781982632939
"GCTTCACCAGTGAGCA-1_2_1_1","IR","B-Naive",-1.29328683226299,1.49881001976665
"GCTTCACTCCCGAGAC-1_2_1_1","IR","B-Act2",4.75886437089253,1.40147503880199
"GCTTGGGAGACCATTC-1_2_1_1","IR","B-Naive",-1.10571697561931,-1.0168754789478
"GCTTGGGCAGACAATA-1_2_1_1","IR","B-ActMem",3.84613439233113,5.56004789141353
"GCTTGGGCATGACAGG-1_2_1_1","IR","B-Act2",5.12553497941304,0.158990588461717
"GCTTGGGGTACCGGAA-1_2_1_1","IR","B-Naive",-0.159276696135517,-1.559593174184
"GCTTTCGCAAGAGCTG-1_2_1_1","IR","B-Mye",-0.0584644956786596,7.41697480944332
"GGAACCCCATGGATCT-1_2_1_1","IR","B-Naive",-1.20885911791515,1.14009051439699
"GGAACCCTCCTACCGT-1_2_1_1","IR","B-Naive",-1.97673145144176,-2.63873622151677
"GGAACCCTCGTTAGAC-1_2_1_1","IR","B-Naive",-0.470320018221852,2.19991138247188
"GGAAGTGGTAGACAGC-1_2_1_1","IR","B-Naive",-0.535688432147022,1.0056869093829
"GGAATCTAGCCTATTG-1_2_1_1","IR","B-Naive",1.92129942567158,1.4977667000645
"GGAATCTTCCGTGGGT-1_2_1_1","IR","B-Act1",-0.0147829225559198,0.122284975325426
"GGAATGGCACCGGCTA-1_2_1_1","IR","B-ActMem",3.9165281930666,3.87646439341243
"GGAATGGCATTGGATC-1_2_1_1","IR","B-Act2",3.54473730714131,1.03220539023515
"GGAATGGGTTCAATCG-1_2_1_1","IR","B-Naive",4.8354677835207,-1.92378852101628
"GGACGTCAGGAGTCTG-1_2_1_1","IR","B-Naive",-0.368481563617703,-3.00363847943608
"GGACGTCCAACTTGGT-1_2_1_1","IR","B-Naive",-0.161027940203663,0.881860699927171
"GGACGTCCAAGCCCAC-1_2_1_1","IR","B-Naive",0.292254624674801,-2.37743971082036
"GGACGTCGTTTGGAGG-1_2_1_1","IR","B-Naive",1.17387494237233,2.49122586516078
"GGACGTCTCACTCACC-1_2_1_1","IR","B-Naive",2.81021377236653,1.31149273780521
"GGAGAACGTGGAAATT-1_2_1_1","IR","B-Naive",0.21465909273434,1.69750919607814
"GGAGATGAGTTAGTAG-1_2_1_1","IR","B-Naive",1.38212331921864,0.445475306784471
"GGAGATGGTGGATGAC-1_2_1_1","IR","B-Naive",0.725837437222484,-0.785515877926985
"GGAGATGGTTAGGCCC-1_2_1_1","IR","B-Naive",-2.05854597895336,-2.27115866872136
"GGAGATGTCGCATTGA-1_2_1_1","IR","B-Act1",-3.37489775030803,1.89498343733486
"GGAGCAAAGACTGAGC-1_2_1_1","IR","B-Naive",-3.09155348150921,-1.29602048131291
"GGAGCAAGTAGTTACC-1_2_1_1","IR","B-Naive",2.14540979058552,2.62727787760433
"GGAGCAATCAAAGGTA-1_2_1_1","IR","B-Naive",3.18971249253559,0.215441253458818
"GGAGGATCAGGCCCTA-1_2_1_1","IR","B-Naive",0.036421639631275,2.22900524405177
"GGAGGATCATCAGCTA-1_2_1_1","IR","B-Naive",0.838645903180126,0.410224941050371
"GGAGGATGTAATCAGA-1_2_1_1","IR","B-Act1",-3.22319939940166,0.641712692057451
"GGAGGATGTCCAGGTC-1_2_1_1","IR","B-Act1",-3.77984336226177,0.0097528961056077
"GGAGGTAAGTGGAATT-1_2_1_1","IR","B-Naive",2.39901682526875,1.56676634815868
"GGAGGTACAAGTGGAC-1_2_1_1","IR","B-Naive",0.0534550228815115,1.28714458314117
"GGAGGTACACAGAGCA-1_2_1_1","IR","B-Naive",11.9752525964479,0.740033891474565
"GGAGGTACAGCAGTGA-1_2_1_1","IR","B-Naive",-0.604382487227436,0.275941934859117
"GGAGGTACAGTCGGAA-1_2_1_1","IR","B-Naive",1.40831109673787,0.574497845446428
"GGAGGTATCAAGGAGC-1_2_1_1","IR","B-ActMem",3.96016117722798,5.43076827791866
"GGAGGTATCCTGGTCT-1_2_1_1","IR","B-Naive",-2.70505932181072,-0.774183842862288
"GGATGTTTCATTTGCT-1_2_1_1","IR","B-Act1",-2.64406803457927,0.506445613180956
"GGATGTTTCTTGAGCA-1_2_1_1","IR","B-ActMem",2.22207566888142,5.14846780565914
"GGCAGTCCAGAAATCA-1_2_1_1","IR","B-Naive",0.887249437878612,0.327497806822618
"GGCGTCACACAGGATG-1_2_1_1","IR","B-Act1",-3.64314392416668,-0.61517879697148
"GGCGTCACACTCACTC-1_2_1_1","IR","B-Naive",-3.06669166891765,-0.260293576443831
"GGCGTCATCGCTTAAG-1_2_1_1","IR","B-Act1",-5.3989711126585,0.842355844055971
"GGCTGTGAGATTAGTG-1_2_1_1","IR","B-Naive",0.894922582219127,-2.41165754529301
"GGCTGTGAGGATTCCT-1_2_1_1","IR","B-Naive",0.00336526126671199,-3.09724113675419
"GGCTTGGAGCGCTGCT-1_2_1_1","IR","B-ActMem",3.11018201501179,4.04247715738948
"GGCTTGGAGGCCCAAA-1_2_1_1","IR","B-Naive",2.04893156678486,-0.188363525593916
"GGCTTGGGTGGCTCTG-1_2_1_1","IR","B-Naive",2.61330720574665,-2.87851187917058
"GGCTTGGGTTCTCCTG-1_2_1_1","IR","B-Naive",-2.99513820021343,-2.3799216482288
"GGCTTGGTCTGCGGAC-1_2_1_1","IR","B-ActMem",3.57157680184651,4.37486841944393
"GGCTTTCAGACAAGCC-1_2_1_1","IR","B-Plasma",12.1767315545778,0.647449579512438
"GGCTTTCAGGACGCTA-1_2_1_1","IR","B-Naive",-2.90318325369548,-3.25263712140385
"GGCTTTCGTGAGCGAT-1_2_1_1","IR","B-Act2",4.8298582711916,1.86170574692424
"GGGAAGTAGGAACTCG-1_2_1_1","IR","B-Naive",3.35192867905903,1.86489382055934
"GGGACAAAGACTTCCA-1_2_1_1","IR","B-Act1",-3.29997280447673,1.05715389591988
"GGGACAATCACTCACC-1_2_1_1","IR","B-Naive",1.42709895760823,-2.6698660585529
"GGGACCTCAAGTGATA-1_2_1_1","IR","B-Naive",-1.00145212023449,-1.62467906209294
"GGGACCTCAGAATCGG-1_2_1_1","IR","B-Naive",2.46138188035298,-1.45174023839299
"GGGACCTCATGTGTCA-1_2_1_1","IR","B-Naive",-0.270528691102978,-2.26150653096501
"GGGACCTTCCAACTAG-1_2_1_1","IR","B-Mye",-1.32303324549389,6.44920327929195
"GGGACCTTCGTTCCCA-1_2_1_1","IR","B-Naive",-1.89288607447338,-0.966466161931196
"GGGACTCCAGCACACC-1_2_1_1","IR","B-ActMem",4.24057337434101,4.33459570673641
"GGGACTCGTGGAATGC-1_2_1_1","IR","B-Naive",1.27030607850361,-0.651941392148176
"GGGACTCTCGTTCGCT-1_2_1_1","IR","B-Naive",1.4762639680605,-1.3168649408466
"GGGAGATAGACAACTA-1_2_1_1","IR","B-Naive",3.11493202836323,2.46696582106288
"GGGAGATAGAGGTTAT-1_2_1_1","IR","B-Naive",0.200527397702221,0.0832118656986558
"GGGAGATAGCTTTCTT-1_2_1_1","IR","B-Naive",1.69952997357655,-0.193135592663924
"GGGAGATCAAGCTGCC-1_2_1_1","IR","B-ActMem",3.14657208115864,5.10385921267208
"GGGAGATCAGCTCGGT-1_2_1_1","IR","B-Naive",-1.76604238360119,-0.729928824628035
"GGGAGATTCAGACATC-1_2_1_1","IR","B-Naive",0.755396036217693,1.62455531624492
"GGGAGATTCAGTGATC-1_2_1_1","IR","B-ActMem",3.5977501550417,5.31776788500484
"GGGAGATTCTTTGGAG-1_2_1_1","IR","B-Naive",0.134375599930767,1.37692293194469
"GGGAGTAAGCTGTACT-1_2_1_1","IR","B-Act1",-2.47193768828106,0.707706895148119
"GGGAGTAAGTATCTGC-1_2_1_1","IR","B-Act1",-3.92004612295818,1.01092587453659
"GGGAGTACATCTCCCA-1_2_1_1","IR","B-Naive",0.403938798020366,0.0591606762760484
"GGGAGTAGTAACTTCG-1_2_1_1","IR","B-Naive",-0.468888821293827,0.686327305113634
"GGGAGTAGTGTTACAC-1_2_1_1","IR","B-Naive",2.34706088692952,2.09148731497463
"GGGATCCAGACTAGAT-1_2_1_1","IR","B-Act1",-3.95392802565288,1.01623035637077
"GGGATCCAGCTGTACT-1_2_1_1","IR","B-Act1",-4.2136946043272,0.331600394522508
"GGGATGAAGACTGAGC-1_2_1_1","IR","B-ActMem",3.94365641267109,4.95399573115047
"GGGATGAAGGGATCTG-1_2_1_1","IR","B-Naive",0.704837051938061,1.95703300503429
"GGGATGATCATGCCAA-1_2_1_1","IR","B-Naive",1.02066525609303,-0.684549662793318
"GGGCCATTCGCGTCGA-1_2_1_1","IR","B-Naive",-1.00873485415172,-1.3029911253101
"GGGCGTTCACATCATG-1_2_1_1","IR","B-Naive",-1.68469718306255,-3.82487222882573
"GGGCGTTTCAGGAAGC-1_2_1_1","IR","B-Naive",1.42788144738484,-0.0683823558932937
"GGGCGTTTCGCCAATA-1_2_1_1","IR","B-Naive",0.369894353459362,1.47156580952342
"GGGCTACAGACGCTCC-1_2_1_1","IR","B-Act2",3.8128699937563,0.795289826070627
"GGGCTACAGCGACTTT-1_2_1_1","IR","B-Act1",-5.03848985045147,2.18725421694454
"GGGCTACCAAGACAAT-1_2_1_1","IR","B-Act1",-4.06250480025005,-0.141752216542403
"GGGCTACTCAGGTAAA-1_2_1_1","IR","B-Act2",4.05510183961201,2.51396682528194
"GGGCTCAGTACAAGTA-1_2_1_1","IR","B-Naive",-0.749960633208271,-0.19238540860478
"GGGCTCAGTAGGATAT-1_2_1_1","IR","B-Naive",-1.13440945952129,-3.08871910306279
"GGGCTCAGTCAAGTTC-1_2_1_1","IR","B-Naive",4.76579567582417,-2.08314439984624
"GGGTAGAAGCGTTCAT-1_2_1_1","IR","B-Naive",-0.318747060586926,1.21689910856422
"GGGTAGACAACCCTCT-1_2_1_1","IR","B-Mye",-0.688597651412007,7.6762831476086
"GGGTAGACAGAGTTCT-1_2_1_1","IR","B-Naive",1.12590667397786,-0.989466402257124
"GGGTAGACATCCCACT-1_2_1_1","IR","B-Naive",0.136826632330898,2.02807482746776
"GGGTATTCATGTCAGT-1_2_1_1","IR","B-Naive",-0.0876814408500158,-0.419824216092268
"GGGTATTTCATCACAG-1_2_1_1","IR","B-Naive",1.04995664746571,0.129993763243517
"GGGTCACGTCGCGTCA-1_2_1_1","IR","B-Naive",3.47109028489399,-1.74351188870732
"GGGTGAAAGGCGAACT-1_2_1_1","IR","B-Naive",2.80943438203144,-1.77536937924687
"GGGTGAAAGTTGCCTA-1_2_1_1","IR","B-Naive",1.57015785367298,1.09764838633474
"GGGTGAACACACAGAG-1_2_1_1","IR","B-Naive",1.2620602527361,-1.78219387265507
"GGGTGAATCTCTATGT-1_2_1_1","IR","B-Naive",-3.07664016096782,-3.76514646741215
"GGGTGTCAGCCATCCG-1_2_1_1","IR","B-Naive",-1.17428103296947,0.029436376368364
"GGGTGTCAGTCCGCCA-1_2_1_1","IR","B-Act2",5.10497185380268,1.77565893200572
"GGGTGTCGTAGGAAAG-1_2_1_1","IR","B-ActMem",0.132753310511593,7.45449092653926
"GGGTGTCTCAAAGAAC-1_2_1_1","IR","B-ActMem",3.2387139478426,4.9077866342419
"GGGTTATCAAGCGATG-1_2_1_1","IR","B-Naive",1.77436551244068,2.2653293874615
"GGGTTATGTACCAATC-1_2_1_1","IR","B-Naive",1.33006199986744,1.67457863358196
"GGGTTATTCGTTCAGA-1_2_1_1","IR","B-Naive",1.80779513509083,1.48643874791797
"GGGTTTAAGACCAAGC-1_2_1_1","IR","B-Naive",1.50313803345967,2.91194107798274
"GGGTTTAAGTATGACA-1_2_1_1","IR","B-Naive",-4.42393449156475,0.0674984720104539
"GGTAACTGTGAGCGAT-1_2_1_1","IR","B-Act2",5.11261841447163,2.14577605990108
"GGTAACTTCGCTAATG-1_2_1_1","IR","B-Naive",0.943296400616649,-1.4003450605518
"GGTAATCCATCCGGCA-1_2_1_1","IR","B-Naive",3.81394955308247,-1.24729106160466
"GGTAATCGTGATGGCA-1_2_1_1","IR","B-Naive",2.53804966599751,-1.22885462971989
"GGTAATCGTTCCACAA-1_2_1_1","IR","B-Naive",-1.23104718535137,-1.96708962651555
"GGTAATCGTTGTGCCG-1_2_1_1","IR","B-ActMem",4.22968002946186,5.50564744738277
"GGTAGAGCAAATAGCA-1_2_1_1","IR","B-Naive",1.27018841893483,-0.0367064211017287
"GGTAGAGGTCTTACTT-1_2_1_1","IR","B-Mye",-0.505857469727513,6.06263091829952
"GGTAGAGGTGTTACTG-1_2_1_1","IR","B-Naive",1.4686886945467,-1.70134064885441
"GGTAGAGGTTCCTAGA-1_2_1_1","IR","B-Naive",2.10729643494892,2.45830490854915
"GGTCACGCACCCAATA-1_2_1_1","IR","B-Act1",-6.26782039015484,1.36297109392818
"GGTCACGCAGCAGGAT-1_2_1_1","IR","B-Naive",-1.38319984286022,-2.84645435544316
"GGTCACGCATCGATAC-1_2_1_1","IR","B-Naive",-1.05741617291164,-3.70126030179326
"GGTCTGGAGCTATCTG-1_2_1_1","IR","B-Act1",-2.21226313917827,0.185050990855058
"GGTCTGGCAATCCTTT-1_2_1_1","IR","B-Naive",-2.19029739706707,-1.73476597997014
"GGTCTGGCATCAACCA-1_2_1_1","IR","B-Act2",4.58308264405537,1.637412872588
"GGTGAAGGTCGATTAC-1_2_1_1","IR","B-Naive",1.9885816255312,0.943949390625318
"GGTGAAGTCTGCTTAT-1_2_1_1","IR","B-Act1",-4.5110726675291,1.6543920901173
"GGTGATTAGTATGATG-1_2_1_1","IR","B-Naive",-1.30890611021709,0.463517930781206
"GGTGATTCATTCACAG-1_2_1_1","IR","B-Naive",-1.90127042143535,-3.0878302785999
"GGTGATTTCGAGAAGC-1_2_1_1","IR","B-Act2",-1.4884234985609,1.44287582901653
"GGTGGCTAGCGTGAGT-1_2_1_1","IR","B-Naive",-2.63400295584392,-0.570417020047346
"GGTGGCTTCTAGGCAT-1_2_1_1","IR","B-Act1",-2.55857899992656,0.217452850615343
"GGTGTCGTCAACGAGG-1_2_1_1","IR","B-Act2",4.05266234071064,2.28407838610347
"GGTGTTACACCGCTGA-1_2_1_1","IR","B-ActMem",3.2060687223177,5.42630555895503
"GGTGTTACAGACTGCC-1_2_1_1","IR","B-Naive",4.56083771378804,-2.69199607106511
"GGTTAACAGGAATTAC-1_2_1_1","IR","B-Naive",-2.62005570738506,-1.78227898808781
"GGTTAACCAAGTGTCT-1_2_1_1","IR","B-Naive",0.00857300848770504,-3.57226679059331
"GGTTAACCATGGAACG-1_2_1_1","IR","B-Act2",4.8464131036501,0.979785468851885
"GGTTAACGTAGGACTG-1_2_1_1","IR","B-Naive",-0.873876067091938,-3.76611826154057
"GGTTAACGTCTGCATA-1_2_1_1","IR","B-ActMem",3.83228441865254,5.45001104143794
"GGTTAACTCCGCATAA-1_2_1_1","IR","B-Naive",-2.29655698149395,-4.44477483960454
"GGTTCTCCACTGTGAT-1_2_1_1","IR","B-ActMem",3.72364136369038,3.71858575609859
"GGTTCTCGTATCGTGT-1_2_1_1","IR","B-Naive",-0.339379834224697,-0.194323394025008
"GGTTGTAAGGACTATA-1_2_1_1","IR","B-Naive",-2.75444224684429,-2.83799240323369
"GGTTGTACACGCTGCA-1_2_1_1","IR","B-Naive",1.64529046208668,-2.24598691197697
"GGTTGTAGTACACGCC-1_2_1_1","IR","B-Naive",-0.0226794800062143,1.71342721251186
"GTAACACCACTGTCCT-1_2_1_1","IR","B-Act2",3.4453699269991,1.13864506450828
"GTAACACCAGACAATA-1_2_1_1","IR","B-Act2",5.00345846802998,1.84001466301616
"GTAACACGTCAACCAT-1_2_1_1","IR","B-Naive",1.67785319478321,-1.19741985532109
"GTAACCATCGATCCAA-1_2_1_1","IR","B-ActMem",3.73751780183125,4.80622771052059
"GTAAGTCAGAAGAGCA-1_2_1_1","IR","B-Act1",2.28508564622212,5.16872003344234
"GTAAGTCCAAGCTACT-1_2_1_1","IR","B-Act1",-4.82635501234722,0.513659146105608
"GTAATCGCATGGGAAC-1_2_1_1","IR","B-Naive",2.2260129132967,1.05687582814481
"GTAATCGGTGGCATCC-1_2_1_1","IR","B-Naive",-0.234805995811936,0.814238947307428
"GTAATGCCAGTTAAAG-1_2_1_1","IR","B-Naive",0.996416417668346,1.2283392813557
"GTAATGCCATTGCTTT-1_2_1_1","IR","B-Naive",4.39474960953999,-2.91270301076237
"GTAATGCGTTAAGGGC-1_2_1_1","IR","B-Act2",4.51597544343281,3.06506469515499
"GTAATGCGTTACTCAG-1_2_1_1","IR","B-Naive",-0.0684454238314592,-1.69620773526494
"GTAATGCTCGTCGACG-1_2_1_1","IR","B-ActMem",-1.02158323137951,-4.75456974240605
"GTACAACAGAGCATAT-1_2_1_1","IR","B-Naive",0.896282044957165,-3.47544357510869
"GTACAACAGGGTTAGC-1_2_1_1","IR","B-Act2",4.5618877092104,1.57229366568263
"GTACAACCAAAGACTA-1_2_1_1","IR","B-Naive",1.74420687348652,-0.784964654172102
"GTACAGTCAAGTGATA-1_2_1_1","IR","B-ActMem",4.17768761308003,5.40934922960933
"GTACAGTCAATAACCC-1_2_1_1","IR","B-Naive",3.4519433656435,-2.12597057553593
"GTACAGTTCCACAGCG-1_2_1_1","IR","B-Naive",3.50932284982014,-3.09404394360844
"GTACAGTTCGTAACCA-1_2_1_1","IR","B-Act1",-1.3086721023817,0.148210730826219
"GTAGAAAAGTGGCGAT-1_2_1_1","IR","B-Naive",1.3432917276125,2.39493229654964
"GTAGAAACATAACCCA-1_2_1_1","IR","B-Naive",-3.55799129812908,-2.05349323483769
"GTAGAAAGTATGCGGA-1_2_1_1","IR","B-Naive",-0.156196655919071,0.774615493094286
"GTAGATCAGGTCTACT-1_2_1_1","IR","B-Act2",4.17086693436909,1.02376664472159
"GTAGATCAGTTGCGAG-1_2_1_1","IR","B-Naive",2.21241685540486,2.39946952131923
"GTAGATCCAGACAAGC-1_2_1_1","IR","B-Naive",-1.15733698218059,-0.79495367738072
"GTAGCTAAGATCCTAC-1_2_1_1","IR","B-Act1",-1.58985009997081,2.69197466639217
"GTAGCTAAGCAGGGAG-1_2_1_1","IR","B-Naive",0.132868913720135,1.324668731963
"GTAGCTAGTAATGCGG-1_2_1_1","IR","B-Naive",4.78067776353169,-1.41932604047124
"GTAGGAGAGCGATGGT-1_2_1_1","IR","B-Act1",-1.62440172045421,1.63329830435451
"GTAGGAGCACTTCAGA-1_2_1_1","IR","B-ActMem",3.59411760957051,5.3968265321606
"GTAGGAGTCAAGCCGC-1_2_1_1","IR","B-Act2",4.68009373338032,1.38341399697002
"GTAGTACCAGAGTGTG-1_2_1_1","IR","B-Naive",5.01790663392353,-1.23302910062138
"GTAGTACGTCCACGCA-1_2_1_1","IR","B-Act1",-3.0227823576231,2.6958349016064
"GTAGTACGTGATAGAT-1_2_1_1","IR","B-Naive",-0.165671473582503,1.64346626070674
"GTATTGGAGAAGTCAT-1_2_1_1","IR","B-Act1",-1.06563034861278,2.63405432966884
"GTATTGGGTTGTTTGG-1_2_1_1","IR","B-Naive",-1.22098449080181,-4.48277256223027
"GTATTTCCATGCGGTC-1_2_1_1","IR","B-ActMem",3.03736063630391,3.89363696840938
"GTATTTCGTAACATGA-1_2_1_1","IR","B-Naive",-0.864597114016529,-1.13916990491215
"GTATTTCGTGGCTTAT-1_2_1_1","IR","B-Naive",-1.86095980017376,-2.57130405637089
"GTATTTCGTTTGAAAG-1_2_1_1","IR","B-Act1",-4.6055550894041,1.21031190124687
"GTATTTCTCTCGCTCA-1_2_1_1","IR","B-Naive",2.03818103463459,-0.236214372838179
"GTCAAACAGTTTGAGA-1_2_1_1","IR","B-Naive",1.02591296822834,-0.458046290600935
"GTCAAGTAGGCGTTGA-1_2_1_1","IR","B-Act1",-2.58312848417949,2.22432055739101
"GTCACGGAGCCTAACT-1_2_1_1","IR","B-Plasma",12.3100189843874,0.442942407404741
"GTCACGGAGTATCTGC-1_2_1_1","IR","B-Act1",-4.49893048613262,-0.331150862897078
"GTCACGGCACTGTTCC-1_2_1_1","IR","B-Act1",-4.16464141218853,-0.215033266270796
"GTCACGGTCCTATTGT-1_2_1_1","IR","B-Naive",-0.947734983851429,-2.53531238766972
"GTCACTCAGTGCAGGT-1_2_1_1","IR","B-Naive",4.67519852311421,-0.938225600445906
"GTCACTCCAGTGGTGA-1_2_1_1","IR","B-Naive",-0.136004926850315,-2.75184294911687
"GTCACTCGTCGACTGC-1_2_1_1","IR","B-Naive",1.3238882699709,-1.27116772862736
"GTCAGCGCAGTTGTCA-1_2_1_1","IR","B-Naive",-2.06577721445751,-0.341721865857283
"GTCAGCGGTTACTCAG-1_2_1_1","IR","B-Naive",0.627467838833813,-1.66126033994023
"GTCAGCGTCAGCGTCG-1_2_1_1","IR","B-Naive",-4.31468823759746,2.50320961741145
"GTCATCCAGGGCTTCC-1_2_1_1","IR","B-Naive",-1.58734312861156,-1.59313127728764
"GTCATGAAGATGTTGA-1_2_1_1","IR","B-Naive",-2.71816519110393,-0.148188326085249
"GTCATGATCCCGAACG-1_2_1_1","IR","B-ActMem",4.07853933961201,4.4792866971844
"GTCATTTAGGCATGCA-1_2_1_1","IR","B-Mye",-0.514379712035176,5.9866760042065
"GTCATTTTCATCGCCT-1_2_1_1","IR","B-Naive",2.20950957925129,-1.43426153394047
"GTCATTTTCTTTGGAG-1_2_1_1","IR","B-Naive",-1.05041578619671,-3.27244684430424
"GTCCACTAGATCCGAG-1_2_1_1","IR","B-Act1",-0.98449239342403,0.774400350128969
"GTCCACTAGTACCCTA-1_2_1_1","IR","B-Naive",-1.33417764513683,-2.65660474034611
"GTCCACTCACCCTAAA-1_2_1_1","IR","B-Naive",-1.37889138071727,-4.68971512051884
"GTCCACTGTGTGTCCG-1_2_1_1","IR","B-Naive",1.78139433057118,-2.34023663731877
"GTCCACTGTTATCTGG-1_2_1_1","IR","B-Naive",1.47004791886616,0.145298447882494
"GTCCTCACAGGGAATC-1_2_1_1","IR","B-Act2",5.06612106950093,1.92064323691066
"GTCCTCATCTGTCAGA-1_2_1_1","IR","B-Naive",-2.55839804022503,-4.48173067303959
"GTCGAATAGACGCTCC-1_2_1_1","IR","B-Naive",-0.447308214594837,-0.717435571873823
"GTCGAATGTGCTCCGA-1_2_1_1","IR","B-Act1",-4.49666694014263,0.09015282658275
"GTCGAATTCGGTAAGG-1_2_1_1","IR","B-Naive",-0.697838457514759,1.89805832174953
"GTCGCGAAGGCACTAG-1_2_1_1","IR","B-Naive",1.82817956597615,2.33989205626186
"GTCGTAAGTGAAGCGT-1_2_1_1","IR","B-Act1",-1.49736491053295,2.49019303587612
"GTCGTAATCTTGGAAC-1_2_1_1","IR","B-ActMem",4.30353113801289,3.23608019617732
"GTCGTTCTCCAGCACG-1_2_1_1","IR","B-Naive",-2.21238520949077,-2.34150812360112
"GTCTACCAGGATGAGA-1_2_1_1","IR","B-Naive",2.08051892907429,2.0092869665974
"GTCTACCGTAACCCTA-1_2_1_1","IR","B-Naive",2.15611931474018,-0.72362217637364
"GTCTACCTCGCGGACT-1_2_1_1","IR","B-ActMem",4.20260903031636,5.36030414370235
"GTCTACCTCTTGGTGA-1_2_1_1","IR","B-ActMem",4.24056002290058,4.81120517519649
"GTCTAGAGTGGGACAT-1_2_1_1","IR","B-Act2",4.60422321946431,1.65829297569927
"GTCTCACAGACTTCAC-1_2_1_1","IR","B-Naive",-2.06659808962536,-4.7222296926624
"GTCTCACAGCTGAGTG-1_2_1_1","IR","B-Naive",0.948648301671032,0.301892485892137
"GTCTCACCATTGCCGG-1_2_1_1","IR","B-Naive",-2.28055647223186,-3.3210370275623
"GTCTCACGTCGTACAT-1_2_1_1","IR","B-Naive",-1.52128616182994,-0.0680763456470168
"GTCTCACGTGACCTGC-1_2_1_1","IR","B-Act1",-5.05585387556743,0.733787682329973
"GTCTCACTCTCATGGA-1_2_1_1","IR","B-Naive",-0.107891856906232,-1.6589607927448
"GTCTGTCAGCCACCGT-1_2_1_1","IR","B-Naive",1.34509190709401,-0.788162443364302
"GTCTGTCCACCCAACG-1_2_1_1","IR","B-Naive",0.145073948214535,1.82643481758769
"GTCTTTAAGGTTGTTC-1_2_1_1","IR","B-Act1",-4.9102015814085,0.939213160847982
"GTCTTTATCCCGAGAC-1_2_1_1","IR","B-Naive",0.593523589680675,1.44861593512233
"GTGACGCAGGATATAC-1_2_1_1","IR","B-Naive",0.293946740935329,1.79076388148006
"GTGACGCCAACAGAGC-1_2_1_1","IR","B-Naive",1.321521011899,1.1518826377147
"GTGACGCCACTGAGGA-1_2_1_1","IR","B-Act1",0.461219040463451,0.0781542327755296
"GTGACGCCAGGTATGG-1_2_1_1","IR","B-Naive",-3.11972573607158,-0.591000530446211
"GTGAGGAAGTTCATCG-1_2_1_1","IR","B-Act1",1.76767131478596,4.31636884478267
"GTGAGGACACAAGTTC-1_2_1_1","IR","B-Naive",-6.23042157499981,1.44591143397029
"GTGAGGATCTACGCAA-1_2_1_1","IR","B-ActMem",4.37134930283833,5.06389692095455
"GTGAGTTAGGTTCCAT-1_2_1_1","IR","B-Naive",0.47388812691975,0.577317025935014
"GTGAGTTGTAAGATCA-1_2_1_1","IR","B-Naive",-0.883161338259693,-3.503192159856
"GTGAGTTTCAGTCACA-1_2_1_1","IR","B-Naive",-1.0914577564497,-3.14638206692998
"GTGATGTAGACAACTA-1_2_1_1","IR","B-Act1",-0.852803917815205,1.87905820873912
"GTGATGTAGAGAGAAC-1_2_1_1","IR","B-Act2",2.91299649865437,-0.803074691022078
"GTGATGTAGATACATG-1_2_1_1","IR","B-Naive",1.83167442471791,2.02946027783092
"GTGATGTCACTTCAAG-1_2_1_1","IR","B-Naive",-2.48824408858013,-3.63567135068242
"GTGCACGAGAGAGTGA-1_2_1_1","IR","B-Naive",1.31467196137715,1.2495251413935
"GTGCACGCATTCTGTT-1_2_1_1","IR","B-Act1",-2.10569015352916,2.87370529440578
"GTGCACGGTGACTATC-1_2_1_1","IR","B-Naive",1.70014390141774,0.279884245669206
"GTGCACGTCTAGAGCT-1_2_1_1","IR","B-Naive",4.98211952836323,-1.26321050854985
"GTGCAGCCAATGTGGG-1_2_1_1","IR","B-Naive",0.932040063450817,0.804959666406473
"GTGCGTGAGACTGTTC-1_2_1_1","IR","B-Naive",2.88940068871785,2.24275651243862
"GTGCGTGTCCCATACC-1_2_1_1","IR","B-Act2",4.14519974381733,1.56410815981563
"GTGCTGGGTTGCCAAT-1_2_1_1","IR","B-Naive",1.77506157548237,-1.33746692868535
"GTGCTGGTCAAGCCGC-1_2_1_1","IR","B-ActMem",3.60747262627888,4.12373831537898
"GTGCTTCAGCATGAAT-1_2_1_1","IR","B-Naive",-0.0556690192122423,-0.421904537404219
"GTGCTTCCAAGAGTTA-1_2_1_1","IR","B-Naive",3.9490194001894,0.301952150141557
"GTGGAGAAGTCTACCA-1_2_1_1","IR","B-Act1",-1.44997492640209,2.49299898413356
"GTGGAGATCAACCCGG-1_2_1_1","IR","B-Naive",1.82719799668599,1.36990269688304
"GTGGAGATCAGGAAAT-1_2_1_1","IR","B-Naive",2.56233879716206,2.52553513315853
"GTGGCGTAGTGGCGAT-1_2_1_1","IR","B-Naive",0.221586821387295,1.02429442522462
"GTGGGAAAGCGGGTTA-1_2_1_1","IR","B-Naive",1.43701490552235,2.44784941939052
"GTGGTTACAGCAATTC-1_2_1_1","IR","B-Act1",-2.92468670218181,1.54593804148372
"GTGGTTAGTACGACAG-1_2_1_1","IR","B-ActMem",3.35909554154683,4.58600905207332
"GTGTCCTCATCCGCGA-1_2_1_1","IR","B-Mye",-0.819814237048145,7.41871955660518
"GTGTCCTTCGCAATTG-1_2_1_1","IR","B-Naive",1.14130553395558,-0.14335570069615
"GTGTCCTTCGTCAAAC-1_2_1_1","IR","B-Naive",1.15151664407063,-0.978962156499068
"GTGTGATAGCAAATGT-1_2_1_1","IR","B-Naive",2.0166589894991,2.24025621679958
"GTGTGATAGCAGCGAT-1_2_1_1","IR","B-Naive",0.944135395596508,1.80146309403118
"GTGTGATTCCAGCACG-1_2_1_1","IR","B-Naive",-1.92350426523876,-1.51866790982548
"GTGTGGCAGCGTCTGC-1_2_1_1","IR","B-Naive",-2.06200090258312,-4.51160976620976
"GTGTGGCAGCTGGAGT-1_2_1_1","IR","B-Act1",-2.05234185068798,2.47495999602016
"GTGTGGCAGGTAGTCG-1_2_1_1","IR","B-Act1",1.16323718220997,-1.39297101231877
"GTGTTAGAGAAGCCTG-1_2_1_1","IR","B-Naive",2.43645402581501,1.64054301050838
"GTGTTCCTCGTCGACG-1_2_1_1","IR","B-Naive",4.22907015473652,-0.517438146794478
"GTTACAGCAGTTTGGT-1_2_1_1","IR","B-Naive",0.75484081895161,0.925732594405969
"GTTACAGCATCGTCCT-1_2_1_1","IR","B-Naive",0.0698918679456747,-1.29879805775944
"GTTACCCAGCTTCTAG-1_2_1_1","IR","B-Naive",0.0900596955518759,-1.11665866109196
"GTTACGACACGACGTC-1_2_1_1","IR","B-Naive",-3.73153570501995,-0.918627593243758
"GTTACGACAGCGGTTC-1_2_1_1","IR","B-Naive",-0.537091614892002,-0.00176498624149923
"GTTAGACTCGGTCATA-1_2_1_1","IR","B-Naive",1.93452545792866,-2.06232902737919
"GTTAGTGAGACATAAC-1_2_1_1","IR","B-Naive",-0.896030279089924,-4.13889143201176
"GTTAGTGGTCTTACTT-1_2_1_1","IR","B-Naive",-2.01618197767925,-3.85700723859135
"GTTAGTGTCAATGCAC-1_2_1_1","IR","B-Naive",-0.0545532426137888,0.395011213099321
"GTTATGGCAAATCGTC-1_2_1_1","IR","B-ActMem",3.6275775113802,5.43925216463741
"GTTATGGCAGTCTGGC-1_2_1_1","IR","B-Act1",-5.322282346179,2.17311909464534
"GTTATGGGTAATGTGA-1_2_1_1","IR","B-Naive",0.540199605534557,2.17698171404537
"GTTATGGGTGACGTCC-1_2_1_1","IR","B-Naive",0.669242350171093,1.42619254854854
"GTTATGGTCGACCCAG-1_2_1_1","IR","B-Naive",4.60578152329731,-2.06158253880803
"GTTCATTAGGATCATA-1_2_1_1","IR","B-Naive",2.34710570962239,2.68941405085262
"GTTCCGTAGGATTCCT-1_2_1_1","IR","B-Act1",-4.29601243345928,-0.173910948956648
"GTTCCGTCACATGTTG-1_2_1_1","IR","B-Act1",-3.1337476095457,0.272560742174944
"GTTCCGTCATATCGGT-1_2_1_1","IR","B-ActMem",3.00125714928913,4.26506784228023
"GTTCCGTGTCCACTTC-1_2_1_1","IR","B-ActMem",3.43434211404133,4.96835115221675
"GTTCGCTAGAGCAGCT-1_2_1_1","IR","B-ActMem",2.32046362550068,-0.478699419224898
"GTTCGCTAGCGGACAT-1_2_1_1","IR","B-Naive",2.22357746751118,0.463165905749162
"GTTCGCTGTCGTTGGC-1_2_1_1","IR","B-ActMem",4.18706175477314,4.27657606867488
"GTTCGCTTCACCCTTG-1_2_1_1","IR","B-Naive",-0.470397891690251,-4.58715650769536
"GTTCTATAGCTTTGTG-1_2_1_1","IR","B-Naive",-1.28666892855358,-4.1559807989246
"GTTCTATCAGACTCTA-1_2_1_1","IR","B-Naive",-1.40242853968334,-2.29465100499455
"GTTCTATCAGGTTCGC-1_2_1_1","IR","B-Naive",2.57978459985066,2.25438835886653
"GTTGAACAGAGTCAAT-1_2_1_1","IR","B-Naive",-2.63616112082195,0.26641174820598
"GTTGAACTCGAGTTGT-1_2_1_1","IR","B-Act2",3.2562670388918,1.31391817001041
"GTTGCGGAGCCTTTCC-1_2_1_1","IR","B-Naive",-0.748985143591877,-0.0462567541248
"GTTGCGGAGGCATTTC-1_2_1_1","IR","B-Act1",-0.904380770613667,2.69098224905666
"GTTGCGGGTCACAGAG-1_2_1_1","IR","B-Act1",-3.71074941961956,0.778890934264024
"GTTGCGGGTCGCCTAG-1_2_1_1","IR","B-ActMem",3.02654024750996,3.71651246813472
"GTTGCTCCAGAGCGTA-1_2_1_1","IR","B-Naive",1.22083386571217,1.97095712689098
"GTTGTAGAGAATTGTG-1_2_1_1","IR","B-ActMem",3.11658140809346,5.32627370623287
"GTTGTAGAGTAGGTTA-1_2_1_1","IR","B-ActMem",2.5452074685793,4.71571400431331
"GTTGTAGCACTTGTCC-1_2_1_1","IR","B-Act1",-5.20030549376201,1.33333131340679
"GTTGTAGGTCGATTCA-1_2_1_1","IR","B-Naive",0.372431752989773,-2.5656385156757
"GTTGTAGTCTAGTACG-1_2_1_1","IR","B-Naive",1.48671099335957,0.930633474563917
"GTTGTCCAGTTGGCGA-1_2_1_1","IR","B-Naive",1.23231479317952,-0.252508852208296
"GTTGTCCCAGGCTTGC-1_2_1_1","IR","B-Act1",-2.454273494174,1.62903913525279
"GTTGTCCGTGCGACAA-1_2_1_1","IR","B-Naive",-0.181876594414231,-1.79821226331059
"GTTGTGAAGACCCGCT-1_2_1_1","IR","B-Naive",1.98995896966267,0.613204922949632
"GTTGTGAAGATCGGTG-1_2_1_1","IR","B-Naive",4.50968882233906,-0.549314472401778
"GTTGTGAGTACCTTCC-1_2_1_1","IR","B-Naive",2.16802450806904,0.6646408107632
"GTTTACTAGGGTACGT-1_2_1_1","IR","B-Naive",0.250028995583538,0.471013274466356
"GTTTACTCACTTGGGC-1_2_1_1","IR","B-Naive",-2.86441901533794,-2.72081420155827
"TAACACGCACAGTGAG-1_2_1_1","IR","B-Naive",-0.03641320972633,1.8010966446751
"TAACACGGTATCCTCC-1_2_1_1","IR","B-Naive",1.84225532204914,-2.46637842389409
"TAACACGGTCGAGCAA-1_2_1_1","IR","B-Naive",0.283864406655315,0.72831308511432
"TAACCAGCAAATGATG-1_2_1_1","IR","B-Act1",-4.08209970801067,1.52642875579532
"TAACCAGGTTTACCTT-1_2_1_1","IR","B-Naive",0.770421413491253,-3.12137624951665
"TAACCAGTCGTCTAAG-1_2_1_1","IR","B-Naive",-1.49008158056926,-0.160171363080183
"TAACGACAGTGCAACG-1_2_1_1","IR","B-Naive",-1.08557406275463,6.3252351549023
"TAACGACCATCTCAAG-1_2_1_1","IR","B-Naive",2.86671635300923,0.586280968462785
"TAACGACGTTGACTAC-1_2_1_1","IR","B-Naive",-1.65117624609661,-1.47121021481816
"TAACTTCCACTACGGC-1_2_1_1","IR","B-Naive",-2.88778785078716,-3.75915357800786
"TAACTTCCATACTGTG-1_2_1_1","IR","B-Naive",-0.553923817564961,-3.273042890752
"TAACTTCGTACGAGCA-1_2_1_1","IR","B-ActMem",3.90318438203144,3.79098322657283
"TAACTTCGTTAAGTCC-1_2_1_1","IR","B-Naive",-0.367044212510105,-2.77401420804326
"TAACTTCGTTCACCGG-1_2_1_1","IR","B-ActMem",4.16471382767964,4.56673553255733
"TAACTTCTCCCATTCG-1_2_1_1","IR","B-Naive",0.698225347111706,-3.45762560101811
"TAACTTCTCGCCACTT-1_2_1_1","IR","B-Naive",-2.01032582133007,-0.312498066151778
"TAAGCACAGAAACTGT-1_2_1_1","IR","B-ActMem",3.06498595864582,4.17527988222774
"TAAGCACAGTTGGGAC-1_2_1_1","IR","B-Naive",-1.39116302340221,-1.24754664632146
"TAAGCACGTGACTAAA-1_2_1_1","IR","B-Naive",5.02311083466816,-1.62665865155522
"TAAGCCAAGCTAGCCC-1_2_1_1","IR","B-Naive",1.72135123402882,-2.52690980168645
"TAAGCGTCACCAGCTG-1_2_1_1","IR","B-Act1",-5.06898358671856,1.43918797043498
"TAATCTCCACCAGACC-1_2_1_1","IR","B-Act1",-4.9725828489561,0.501027491366228
"TAATCTCCACGAGAAC-1_2_1_1","IR","B-ActMem",3.52446672112751,4.11810043123897
"TAATCTCCACGTACAT-1_2_1_1","IR","B-Naive",-2.70336201994609,0.279676046645006
"TAATCTCTCCAGTACA-1_2_1_1","IR","B-Naive",-0.495491834570881,-3.16421005460087
"TACAACGGTCCCTGAG-1_2_1_1","IR","B-Naive",1.88666006715107,-2.77540013524357
"TACACCCAGACTTCCA-1_2_1_1","IR","B-Naive",-0.547439130236622,-3.04927608701054
"TACACCCCATAGATCC-1_2_1_1","IR","B-Naive",3.98458239228535,0.445510592734178
"TACACCCCATGGGAAC-1_2_1_1","IR","B-Naive",-2.36364272444439,-4.3849699232227
"TACAGGTAGCGATGCA-1_2_1_1","IR","B-Naive",-1.99548950998973,-0.0725218984729445
"TACAGGTAGGTCGAGT-1_2_1_1","IR","B-Naive",2.22201224953938,0.245091703211626
"TACAGGTAGTGCCTCG-1_2_1_1","IR","B-Naive",-2.60762837736797,-1.04114267560307
"TACAGGTCACGACCTG-1_2_1_1","IR","B-Naive",-1.85098961203289,-3.80144903394047
"TACAGGTCACTTCTCG-1_2_1_1","IR","B-Act2",4.96738239915181,0.930271711623033
"TACATTCCAAGCTCTA-1_2_1_1","IR","B-Naive",-2.47609690039348,-4.09559318753544
"TACATTCGTAGGGTAC-1_2_1_1","IR","B-Naive",1.85096630246449,-2.62640306683842
"TACATTCGTGCAGATG-1_2_1_1","IR","B-Naive",0.209869978735927,-4.283296797002
"TACATTCTCGGAAGGT-1_2_1_1","IR","B-Act1",-3.74414065687847,0.487943020140489
"TACCCACAGGTCCCGT-1_2_1_1","IR","B-Act1",-5.37027362196636,1.63636317518886
"TACCCGTGTATGCGGA-1_2_1_1","IR","B-Naive",1.62327965886402,1.76614984539684
"TACCCGTTCGTGGGTC-1_2_1_1","IR","B-Naive",-1.46543458311748,0.00975551870997782
"TACCGAAAGTAAGACT-1_2_1_1","IR","B-ActMem",3.97048565537739,4.16430356768306
"TACCGAAAGTATGAAC-1_2_1_1","IR","B-Naive",2.32048842103291,0.906773847019037
"TACCGAAGTAGTCGTT-1_2_1_1","IR","B-Naive",-0.369685949971195,0.264955070292314
"TACCGAATCGAGCACC-1_2_1_1","IR","B-Naive",0.227408556054119,-2.40013477536503
"TACCTCGAGACTAAGT-1_2_1_1","IR","B-Naive",4.79938503892231,-2.22761199208562
"TACCTCGAGCTGACAG-1_2_1_1","IR","B-Naive",-2.51924851744365,-2.38006136151616
"TACCTGCGTAACATAG-1_2_1_1","IR","B-Naive",0.258484152863506,-1.29764864178959
"TACCTGCTCGGCTGTG-1_2_1_1","IR","B-Act1",-3.7254031023283,1.33761247662242
"TACGCTCCAACATCGT-1_2_1_1","IR","B-Naive",-1.53032270281505,-2.26063940259282
"TACGCTCGTCTGTTAG-1_2_1_1","IR","B-Naive",-0.85613569824886,-1.79091045590703
"TACGGTACAGCAGACA-1_2_1_1","IR","B-Naive",-1.34566894381237,1.24184871879753
"TACGGTAGTGAACTAA-1_2_1_1","IR","B-Act2",4.76928326279927,2.15985789564784
"TACGTCCAGGGATGTC-1_2_1_1","IR","B-Naive",0.952067343304638,-1.45694944592778
"TACGTCCTCACGATCA-1_2_1_1","IR","B-Naive",-1.88799932806682,-4.65452310773198
"TACGTCCTCATTGTGG-1_2_1_1","IR","B-Naive",-2.4586851915617,-2.78486344548527
"TACGTCCTCGTAGAGG-1_2_1_1","IR","B-Naive",-0.820625396658894,0.0865269568317735
"TACTGCCTCGCTGTCT-1_2_1_1","IR","B-Naive",1.21019145638752,-0.425973984921614
"TACTTACAGGCCTAAG-1_2_1_1","IR","B-Act1",-5.17232230513286,1.01020693821247
"TACTTACCAAACGGCA-1_2_1_1","IR","B-Act1",-4.40686944334697,1.68379249838527
"TACTTACCAGGTGGAT-1_2_1_1","IR","B-Act1",-6.14750674574566,1.59899118212398
"TACTTCACAACTGCTA-1_2_1_1","IR","B-Naive",-1.90880134909343,-3.76414367886845
"TACTTCACAGAGAATT-1_2_1_1","IR","B-Naive",-2.19428733198833,-2.42178747388188
"TACTTCAGTCCTTGTC-1_2_1_1","IR","B-Act1",-5.19161895125103,-0.357917520726363
"TACTTCATCTGTTGGA-1_2_1_1","IR","B-Act1",-4.06373957007122,0.101990607058366
"TACTTGTGTCAGACTT-1_2_1_1","IR","B-Naive",-1.64028445093822,-2.81052539082829
"TAGACCAAGAGGACTC-1_2_1_1","IR","B-Naive",-0.936204942156788,2.00304743317302
"TAGACCAAGTGGTTCT-1_2_1_1","IR","B-Naive",-2.6127047857542,-1.76673314305607
"TAGACCAGTTCTTGTT-1_2_1_1","IR","B-Act1",-4.33417323439312,-0.522520515645186
"TAGACCATCCGTTTCG-1_2_1_1","IR","B-Naive",-2.33623531668377,-4.22956106396977
"TAGACTGTCTTAGGAC-1_2_1_1","IR","B-Naive",1.50820228249836,1.27260692087348
"TAGATCGAGACTAAGT-1_2_1_1","IR","B-Naive",-0.629719766070362,0.0490920212620103
"TAGATCGAGCACTTTG-1_2_1_1","IR","B-Naive",0.480182377408031,-1.32882950040166
"TAGATCGTCAGCTCTC-1_2_1_1","IR","B-Naive",-0.485535444905277,-3.63495466443364
"TAGCACACAACACTAC-1_2_1_1","IR","B-Naive",4.9060883203249,-0.817510459149519
"TAGCACACACTACGGC-1_2_1_1","IR","B-Act1",-4.67140153258037,0.569159444844087
"TAGCACAGTGCCGTTG-1_2_1_1","IR","B-Naive",2.1430599370699,1.63430556324657
"TAGGAGGAGACAACTA-1_2_1_1","IR","B-Act2",4.38771244675923,1.28086855677303
"TAGGAGGAGGAATTAC-1_2_1_1","IR","B-Naive",1.49064239651966,1.9234361317509
"TAGGAGGGTCCACACG-1_2_1_1","IR","B-Naive",1.99551197678852,1.60553571251567
"TAGGAGGTCATAGCAC-1_2_1_1","IR","B-Act2",4.02008816392231,0.561415430580934
"TAGGAGGTCCAACTGA-1_2_1_1","IR","B-Naive",-2.04019347040844,0.0863266256206834
"TAGGAGGTCGTTCCTG-1_2_1_1","IR","B-Act2",4.7482685724001,3.01580574778255
"TAGGGTTAGCGATTCT-1_2_1_1","IR","B-Naive",1.48017784745503,2.51282837656673
"TAGGGTTAGGTACAAT-1_2_1_1","IR","B-Naive",4.26757713944722,-2.64348265858952
"TAGGGTTGTACAGAGC-1_2_1_1","IR","B-Naive",2.57355353028584,-0.0231761667377151
"TAGGTACAGGCACAAC-1_2_1_1","IR","B-Naive",-3.27156833021831,-0.960053655827681
"TAGGTACTCCCGGTAG-1_2_1_1","IR","B-Naive",2.26141783387471,0.754251745020708
"TAGGTTGGTATACAGA-1_2_1_1","IR","B-Naive",3.21687719018269,-1.4660303327686
"TAGGTTGTCCGCCTAT-1_2_1_1","IR","B-Naive",0.343411413739208,-3.33293888303105
"TAGGTTGTCTATACTC-1_2_1_1","IR","B-ActMem",4.02145334870625,5.04290225771602
"TAGTGCACAGATAAAC-1_2_1_1","IR","B-Naive",-3.06928876249981,-1.20024201604191
"TAGTGCAGTCAGACTT-1_2_1_1","IR","B-Act1",-4.80511859266948,2.46322217253383
"TAGTGCATCCTCTGCA-1_2_1_1","IR","B-Naive",1.61242636830616,-2.61150405141179
"TATACCTAGATACGAT-1_2_1_1","IR","B-Naive",1.94495960862446,-0.297187540257613
"TATACCTTCATGCTAG-1_2_1_1","IR","B-Naive",-2.71389225332927,-1.60603425237004
"TATACCTTCTGGAGAG-1_2_1_1","IR","B-Naive",0.0815291830997503,-3.24943659039799
"TATCAGGAGGTAAGAG-1_2_1_1","IR","B-Act1",-4.95107510893535,1.30809822348293
"TATCAGGCACCGCTGA-1_2_1_1","IR","B-Naive",2.83955237061787,2.32872190741237
"TATCCTAGTTAGAGAT-1_2_1_1","IR","B-Naive",0.224668262312893,1.36292448309596
"TATCCTATCAGAGCGA-1_2_1_1","IR","B-Naive",-2.830733807971,-2.04311082097355
"TATCCTATCATGCCCT-1_2_1_1","IR","B-Naive",1.04869302899647,-0.94153902264897
"TATCGCCAGTGAACAT-1_2_1_1","IR","B-Naive",1.92654153497029,-2.11769292088811
"TATCGCCCACCGTCGA-1_2_1_1","IR","B-Act1",1.08140656144429,1.1881240424269
"TATCGCCGTCAAAGCG-1_2_1_1","IR","B-Act1",-1.22077682821941,2.66339507368739
"TATCGCCTCACTGTTT-1_2_1_1","IR","B-Naive",4.02158161790181,-2.88165423604313
"TATCGCCTCGCCAGAC-1_2_1_1","IR","B-ActMem",3.43328210503865,5.50406434801753
"TATCTTGCAGAGACTG-1_2_1_1","IR","B-Naive",-0.219833793332096,-4.02744505139653
"TATCTTGTCACTACTT-1_2_1_1","IR","B-Naive",-0.76840809195232,-4.41452190610234
"TATGTTCGTTAGAAAC-1_2_1_1","IR","B-Naive",1.20121714265156,0.28376158741649
"TATTCCAGTCATCACA-1_2_1_1","IR","B-Naive",2.3302142301302,0.425193217074236
"TATTCCAGTCTGATCA-1_2_1_1","IR","B-Act2",4.51226851136494,2.13432052401241
"TATTCCAGTGGCCACT-1_2_1_1","IR","B-Naive",2.24276110322285,2.05077162054714
"TATTCCAGTTGTCTAG-1_2_1_1","IR","B-Naive",4.64028736741352,-2.40401193829838
"TATTGCTAGCACGGAT-1_2_1_1","IR","B-Naive",4.55588719041157,-2.46069667073552
"TATTGCTAGCGCCGTT-1_2_1_1","IR","B-Act1",0.923824516842846,-0.391394111836592
"TATTGCTCATGTTACG-1_2_1_1","IR","B-Naive",-0.316355692436215,-1.28263494702641
"TATTGGGAGACCAAAT-1_2_1_1","IR","B-Naive",2.4956764856081,1.57435705927547
"TATTGGGAGGGATCTG-1_2_1_1","IR","B-Naive",0.595879284451488,2.09947278765376
"TATTGGGGTGTCCGTG-1_2_1_1","IR","B-Naive",2.01296517045308,-0.899913999760786
"TATTTCGAGTTTGGCT-1_2_1_1","IR","B-Act2",4.01005884797383,2.31904056338008
"TATTTCGCAAGAAATC-1_2_1_1","IR","B-Naive",-1.48098245470714,0.349251356398424
"TATTTCGCAATACGCT-1_2_1_1","IR","B-Naive",0.125498054335598,-2.86447427007023
"TATTTCGCAGGAAGTC-1_2_1_1","IR","B-Naive",1.50977012307454,1.23122729030784
"TATTTCGGTCGGCTAC-1_2_1_1","IR","B-Act1",-3.49045804350567,0.196154442107042
"TCAAGACGTACTAGCT-1_2_1_1","IR","B-Naive",3.43334910065937,-0.751763674939314
"TCAAGCAGTTACCTGA-1_2_1_1","IR","B-Naive",3.23116013200093,-0.352900716984907
"TCAAGCATCCGAGGCT-1_2_1_1","IR","B-Naive",0.0406660565834082,-3.78302786084477
"TCAAGTGAGTCAGGGT-1_2_1_1","IR","B-Naive",0.112756399224285,-0.252720687115828
"TCAAGTGCAGTCAGAG-1_2_1_1","IR","B-Act1",-4.20873216002178,-0.16565224858586
"TCAATCTCAGCAATTC-1_2_1_1","IR","B-Naive",-4.98550132124614,-0.976442548955122
"TCAATCTTCGTAGTCA-1_2_1_1","IR","B-Naive",2.89958235413838,1.38495754865344
"TCAATTCCAACCCTAA-1_2_1_1","IR","B-Naive",1.93696543366719,-1.52956554623906
"TCAATTCCATTGCTGA-1_2_1_1","IR","B-Act1",-2.34735754339885,2.92303076056178
"TCAATTCGTTCGGTTA-1_2_1_1","IR","B-Naive",-2.10078850596141,-1.39896175595585
"TCAATTCTCGTTCGCT-1_2_1_1","IR","B-Act1",-4.90028670637798,0.320778456007799
"TCACACCCAACGCATT-1_2_1_1","IR","B-Act2",4.85601517350483,2.48966994551357
"TCACACCCATGCCGCA-1_2_1_1","IR","B-Act2",4.09235808045674,0.808462392961343
"TCACACCGTCCATAGT-1_2_1_1","IR","B-Act1",-3.86953023283672,-2.20991203519169
"TCACATTCAGAGTTCT-1_2_1_1","IR","B-ActMem",4.61711355836201,4.19487836626705
"TCACATTCATAGTCGT-1_2_1_1","IR","B-Act1",-4.93033126204204,2.09833338526424
"TCACATTGTTGTCCCT-1_2_1_1","IR","B-Act1",-5.61024049132061,0.948842231606802
"TCACATTTCCACACAA-1_2_1_1","IR","B-Naive",0.113712711046222,-0.929056141102949
"TCACATTTCTGCCTCA-1_2_1_1","IR","B-Naive",0.525296477387432,-4.33725044461552
"TCACGCTAGAAGAGCA-1_2_1_1","IR","B-Naive",-2.18781069128704,0.102988567625841
"TCACGGGCAAGTTGGG-1_2_1_1","IR","B-Naive",-0.608138950755116,1.26334510413345
"TCACTATAGACCTTTG-1_2_1_1","IR","B-Act1",-3.58468464224529,0.84651383427318
"TCACTATAGCGTCAAG-1_2_1_1","IR","B-ActMem",3.75138231904316,4.54944422510799
"TCACTATCAAGCTGTT-1_2_1_1","IR","B-Naive",-0.425190033604618,-2.07415625783269
"TCACTATTCGCAAGAG-1_2_1_1","IR","B-Naive",-2.33806994764995,-0.376141521657149
"TCACTCGAGGACAACC-1_2_1_1","IR","B-Naive",-2.10285869448375,-3.38733789655034
"TCACTCGCAGGAACCA-1_2_1_1","IR","B-Mye",-0.820160957266804,7.22144820955928
"TCAGCAATCACCTCAC-1_2_1_1","IR","B-Naive",0.125498724887852,-3.72441265317265
"TCAGCCTCACGTGAGA-1_2_1_1","IR","B-Naive",-4.79418423979473,-0.924324009144942
"TCAGGGCAGAAGGATG-1_2_1_1","IR","B-ActMem",3.24041601807881,4.90632608202632
"TCAGGGCAGTGGATTA-1_2_1_1","IR","B-Naive",1.577176181386,1.89775225189861
"TCAGGGCTCAAGCCTA-1_2_1_1","IR","B-Naive",-1.81861201136303,-3.38330862256352
"TCAGGGCTCGCGCTGA-1_2_1_1","IR","B-Act2",4.58720442445088,2.1915726926678
"TCAGGTAAGCTACTAC-1_2_1_1","IR","B-Act1",-2.95142486899089,0.853598665868601
"TCAGGTACAAATGGTA-1_2_1_1","IR","B-Naive",1.23194274098683,2.34756329325374
"TCAGGTACACTGAGTT-1_2_1_1","IR","B-Act1",0.972491113255504,-0.790377351964155
"TCAGGTAGTGCCGTAC-1_2_1_1","IR","B-Naive",0.497439531395916,1.24526327518161
"TCAGGTAGTTGCCAAT-1_2_1_1","IR","B-Naive",-2.92420152037334,-1.92877409192387
"TCAGTGACAGCGTTTA-1_2_1_1","IR","B-Naive",2.68201729447651,1.34189894465145
"TCAGTGACATTGTAGC-1_2_1_1","IR","B-Act2",-1.77089098303508,0.109030988489946
"TCAGTTTGTTGCATGT-1_2_1_1","IR","B-Act1",-6.07687619536113,1.24001578656371
"TCATACTCAACGGGTA-1_2_1_1","IR","B-Naive",-3.18359235136699,-2.615008566106
"TCATACTTCACCCTCA-1_2_1_1","IR","B-ActMem",4.52652308137226,4.74740340975459
"TCATACTTCTTGAGCA-1_2_1_1","IR","B-Plasma",11.8187107721071,0.92060177442964
"TCATATCTCCACCTGT-1_2_1_1","IR","B-Naive",-2.07163968889904,-2.84328148099248
"TCATCATAGCCGTCGT-1_2_1_1","IR","B-Naive",1.70543047578144,-0.253199550831953
"TCATCATCAAACGAGC-1_2_1_1","IR","B-Naive",1.57206079156208,0.290659036909898
"TCATCATCAATTGAAG-1_2_1_1","IR","B-Act1",-4.10718181936931,-0.0371560785419143
"TCATCATGTATGGAAT-1_2_1_1","IR","B-Naive",-1.36831560938549,-3.16947910519902
"TCATCATGTGAAGCTG-1_2_1_1","IR","B-Act1",-2.8981576284666,0.807967421089967
"TCATCCGCAACCGATT-1_2_1_1","IR","B-Naive",1.800937859128,-1.82172915669743
"TCATCCGCAGGGATAC-1_2_1_1","IR","B-ActMem",4.32615372330952,5.5430200364941
"TCATCCGTCAGCGTCG-1_2_1_1","IR","B-Naive",-1.93484810202312,0.345538463866075
"TCATGAGTCCAAGGGA-1_2_1_1","IR","B-Naive",0.743206349919323,-2.66989371510808
"TCATGAGTCCCGTAAA-1_2_1_1","IR","B-Act1",-4.16733792631817,-0.711127016270796
"TCATGCCAGTTACTCG-1_2_1_1","IR","B-Naive",2.60718819291401,1.07926992369231
"TCATGCCCATGATAGA-1_2_1_1","IR","B-Naive",2.19987198502827,-1.88294217320744
"TCATGCCTCGAGAATA-1_2_1_1","IR","B-Act1",-4.04991749136638,-1.50415680142705
"TCATGCCTCTGAACGT-1_2_1_1","IR","B-Naive",2.63027235657978,-2.44659445020024
"TCATGGAAGATGTAGT-1_2_1_1","IR","B-Naive",0.819323925087932,-0.0398959848529494
"TCATGGAGTCCAAATC-1_2_1_1","IR","B-Act1",-2.45253184645366,2.01455798414882
"TCATGGAGTGTCATCA-1_2_1_1","IR","B-Naive",0.570006815503124,0.133050647055467
"TCATGGATCAGGAACG-1_2_1_1","IR","B-Naive",-0.061074009378668,1.78975733784374
"TCATTACGTGATCGTT-1_2_1_1","IR","B-Naive",2.07050153405476,2.51849630144771
"TCATTACTCACGTCCT-1_2_1_1","IR","B-Naive",-1.86942294447612,-2.16249224873845
"TCATTCACAAGATGTA-1_2_1_1","IR","B-Naive",-1.94031968920421,-1.47471306058232
"TCATTGTAGATTCGCT-1_2_1_1","IR","B-ActMem",4.31114670426655,3.52682283190425
"TCATTGTAGGTTGGAC-1_2_1_1","IR","B-Act2",3.91979262025166,1.63444259432491
"TCATTGTTCCAAACCA-1_2_1_1","IR","B-ActMem",-0.343723418404576,-3.5440218183643
"TCATTTGAGATCGCCC-1_2_1_1","IR","B-ActMem",2.9618048349123,4.09686687258418
"TCATTTGTCTGCGTCT-1_2_1_1","IR","B-Naive",3.13962432534504,-0.735028359616438
"TCCACGTAGGAATTAC-1_2_1_1","IR","B-Naive",3.03041884095478,1.76517054108318
"TCCAGAAAGGTTACCT-1_2_1_1","IR","B-Naive",-1.87972882597637,-2.29829666348759
"TCCAGAAAGTGGCGAT-1_2_1_1","IR","B-Act2",4.72428700120259,1.93440457848247
"TCCAGAACAAGCGAGT-1_2_1_1","IR","B-ActMem",4.28086611420918,3.22862723139461
"TCCAGAACACCAACAT-1_2_1_1","IR","B-Naive",-1.99538448660564,-3.29168054791752
"TCCAGAACAGAAATTG-1_2_1_1","IR","B-Naive",-2.91715529768657,-1.68145510884587
"TCCAGAATCATCCTAT-1_2_1_1","IR","B-Naive",-1.36550501196575,-3.58134624692265
"TCCATCGAGCGATGAC-1_2_1_1","IR","B-ActMem",2.63007327706623,3.61631682184871
"TCCATCGGTCGAACAG-1_2_1_1","IR","B-Naive",0.169963059733394,1.19386118320163
"TCCATCGTCTGCGATA-1_2_1_1","IR","B-Naive",0.783587423871044,-0.0848993990070022
"TCCATGCCAGCAGTGA-1_2_1_1","IR","B-Naive",-3.4687211832304,-2.32002303334538
"TCCATGCTCCTCGCAT-1_2_1_1","IR","B-Naive",-1.38788810579967,-2.69823119374577
"TCCCACATCGCAGTTA-1_2_1_1","IR","B-Naive",-1.32400372832012,-3.40649578305546
"TCCCACATCTTTCCAA-1_2_1_1","IR","B-Naive",-1.73755374758434,-4.19382927151982
"TCCCATGCAGTGCCTG-1_2_1_1","IR","B-Act1",-3.29412558882427,1.95084181097682
"TCCCATGGTGAGAACC-1_2_1_1","IR","B-Naive",0.437266496727947,-2.04856154652897
"TCCGAAATCTGGACCG-1_2_1_1","IR","B-Naive",0.270479468415264,-2.42782733174626
"TCCGATCTCTGAACGT-1_2_1_1","IR","B-Mye",-0.620870085646626,7.92271068361934
"TCCGATCTCTGCGGCA-1_2_1_1","IR","B-Naive",0.463079063008312,-1.26054236623112
"TCCGGGAAGAAACCCG-1_2_1_1","IR","B-Naive",-1.10916844217968,-1.00428411694829
"TCCGGGAGTCCTACGG-1_2_1_1","IR","B-ActMem",3.75616809518147,4.4104721811169
"TCCGGGATCAAGGCTT-1_2_1_1","IR","B-Act1",-3.63480118124675,-1.1404995653278
"TCCGTGTGTATGTCCA-1_2_1_1","IR","B-Naive",0.235797909806255,1.80998614100154
"TCCTAATAGTCTGTAC-1_2_1_1","IR","B-Naive",-1.211388977458,-0.705012414181868
"TCCTAATGTTGCATAC-1_2_1_1","IR","B-Naive",-0.306687029292103,-4.33988163205449
"TCCTAATTCAGACCGC-1_2_1_1","IR","B-Naive",1.25401827485371,-2.75940367909733
"TCCTCCCGTAACATAG-1_2_1_1","IR","B-Naive",-2.45731118529033,-3.65129635068242
"TCCTCCCGTAAGCAAT-1_2_1_1","IR","B-Act1",-5.52474692671489,-0.177952739918867
"TCCTCTTGTCGTCTCT-1_2_1_1","IR","B-Naive",4.30101439149189,-2.52366730901066
"TCCTCTTTCCATCTGC-1_2_1_1","IR","B-Naive",-2.75566414206218,-3.89646837445561
"TCCTCTTTCCGTGCGA-1_2_1_1","IR","B-Naive",-2.27698543875408,-2.99256775113408
"TCCTGCAAGTGCTCGC-1_2_1_1","IR","B-Naive",1.99775334985066,0.0885426071041429
"TCCTGCATCAGAGTGG-1_2_1_1","IR","B-Naive",2.05062886864949,0.527739491736253
"TCCTGCATCCCTCTAG-1_2_1_1","IR","B-Naive",5.08541819245625,-0.498529050076643
"TCCTTCTCATCGATAC-1_2_1_1","IR","B-Naive",-2.46916201918316,-3.33332607480351
"TCCTTCTGTCCCTAAA-1_2_1_1","IR","B-Naive",-2.20707252829265,-4.39246008130375
"TCCTTCTGTTGGACCC-1_2_1_1","IR","B-Naive",-0.941738339354511,-4.36937782498662
"TCCTTCTTCCTGATAG-1_2_1_1","IR","B-Mye",-0.489211412360188,7.00423219469722
"TCCTTTCAGGTACTGG-1_2_1_1","IR","B-Naive",-1.75925412981701,-2.89669177266423
"TCCTTTCCAAGACAAT-1_2_1_1","IR","B-Naive",4.39089771897602,-1.09446642133061
"TCCTTTCCATCCGATA-1_2_1_1","IR","B-Naive",1.05972549111653,-3.22153112622563
"TCCTTTCGTAGTGCGA-1_2_1_1","IR","B-ActMem",3.11184283883381,4.80632522371944
"TCCTTTCTCTCGAACA-1_2_1_1","IR","B-Naive",-3.57331994383525,-2.36958119603459
"TCGAACACACTCCGAG-1_2_1_1","IR","B-Naive",4.1263351121645,-2.53827283116643
"TCGAACACAGAGAGGG-1_2_1_1","IR","B-Naive",1.44576653630543,2.40249445704158
"TCGAACACATCATTTC-1_2_1_1","IR","B-Act1",-3.69213107435894,-1.24563715192143
"TCGAACAGTATCACCA-1_2_1_1","IR","B-ActMem",3.48803135545063,5.11779907015499
"TCGAACATCCACAGGC-1_2_1_1","IR","B-Naive",-0.123137550874841,-2.67255923482243
"TCGAAGTAGATACTGA-1_2_1_1","IR","B-Naive",-2.09063270895671,-3.35508844586674
"TCGAAGTGTAAGCGGT-1_2_1_1","IR","B-Naive",-0.259621249725338,2.53245570925411
"TCGAAGTTCACCATGA-1_2_1_1","IR","B-Naive",-1.87379434912395,-0.443088028157393
"TCGAAGTTCGGATTAC-1_2_1_1","IR","B-Naive",2.09261223466206,-0.758033368313948
"TCGACCTAGGGACTGT-1_2_1_1","IR","B-Act1",-3.751481564929,-2.09359571667973
"TCGACGGAGCACGATG-1_2_1_1","IR","B-Naive",2.12753292710591,-0.120967600072066
"TCGACGGAGCATATGA-1_2_1_1","IR","B-Naive",1.86192151696492,0.521018114363512
"TCGACGGCAGACACAG-1_2_1_1","IR","B-Naive",2.30491658837605,2.59919884470638
"TCGATTTCATCATGAC-1_2_1_1","IR","B-Act1",1.25242969186116,-1.89234754773442
"TCGATTTGTTCTCACC-1_2_1_1","IR","B-Naive",3.88230892808247,-2.95695421429936
"TCGATTTTCCCGAATA-1_2_1_1","IR","B-Naive",0.412040142128948,-3.81784221860234
"TCGATTTTCGAGAGAC-1_2_1_1","IR","B-Naive",0.438886312554363,-3.8064057562
"TCGATTTTCGCCGAAC-1_2_1_1","IR","B-Naive",-1.65103772490215,-4.28819677563969
"TCGCACTAGCGTGAGT-1_2_1_1","IR","B-Naive",4.51108166367817,-0.785741541112105
"TCGCAGGGTACACGCC-1_2_1_1","IR","B-Naive",-1.50167277662944,-2.50056645604436
"TCGCAGGGTGACCGTC-1_2_1_1","IR","B-Naive",-2.99738338797283,-2.43904659482304
"TCGCAGGGTGCTGTCG-1_2_1_1","IR","B-Naive",-2.44676664679241,0.114568796431383
"TCGCAGGTCGTCGCTT-1_2_1_1","IR","B-Naive",-0.694659324576374,-0.306571337903181
"TCGCTCAAGCTGACAG-1_2_1_1","IR","B-Naive",-1.90976837485027,0.307950880801042
"TCGCTCATCCCGTGTT-1_2_1_1","IR","B-Naive",-0.865811260630604,-2.90039775105778
"TCGCTTGAGAGTCAGC-1_2_1_1","IR","B-Naive",1.48354550988484,-0.632239792073408
"TCGCTTGCATCTGGGC-1_2_1_1","IR","B-Naive",0.198750106404308,-3.1121370527393
"TCGCTTGGTAGACGGT-1_2_1_1","IR","B-Naive",-1.07078466026973,0.325698402201494
"TCGCTTGGTGAAGCTG-1_2_1_1","IR","B-Naive",3.28879543931294,1.90981629160579
"TCGCTTGGTTGGTACT-1_2_1_1","IR","B-Naive",-2.2091391405363,-3.63062927457158
"TCGCTTGTCGGCCCAA-1_2_1_1","IR","B-Act2",4.31207272202778,1.56479391125377
"TCGGATAAGCCGTTGC-1_2_1_1","IR","B-Act1",-2.55176070540142,1.95870998171504
"TCGGATACACACAGAG-1_2_1_1","IR","B-Act1",-3.45377519934368,1.89286866453822
"TCGGATATCTCTGCTG-1_2_1_1","IR","B-ActMem",3.35122749001789,4.64967658785518
"TCGGGACAGGCTTAGG-1_2_1_1","IR","B-Act1",-5.11337664931011,1.57703676489528
"TCGGGACCACTAGTAC-1_2_1_1","IR","B-Naive",2.0199753919344,0.350851919924577
"TCGGGCAAGGGCCAAT-1_2_1_1","IR","B-Naive",0.168706116984371,2.27967300680812
"TCGGGCATCAGTGCGC-1_2_1_1","IR","B-Naive",1.77356478364277,1.03627337743874
"TCGGGTGAGCCATCCG-1_2_1_1","IR","B-Naive",-1.37588754503917,-0.706935260022322
"TCGGGTGCAATACCTG-1_2_1_1","IR","B-Naive",0.564187673638347,-0.244652602399031
"TCGGGTGCACACGTGC-1_2_1_1","IR","B-Naive",0.896412459919933,-0.598085972989241
"TCGGGTGCAGAGTAAT-1_2_1_1","IR","B-Act1",-4.60729363768291,2.20555904177364
"TCGGTCTGTAACAGGC-1_2_1_1","IR","B-Naive",2.10163685471821,0.255736019884905
"TCGTAGATCTGCGGCA-1_2_1_1","IR","B-Naive",1.07395168931294,1.34971272615131
"TCGTCCACATGTGTCA-1_2_1_1","IR","B-Naive",-0.674076231410023,-1.61593410703007
"TCGTCCAGTAGCTAAA-1_2_1_1","IR","B-ActMem",2.89618560464192,3.85954001215633
"TCGTCCATCATACAGC-1_2_1_1","IR","B-Naive",-2.34000519125652,-3.47940466138188
"TCGTGCTGTTAGTCGT-1_2_1_1","IR","B-Naive",4.02771279008198,-0.866683575833479
"TCGTGCTGTTCTCACC-1_2_1_1","IR","B-ActMem",3.79584905297566,5.38637616900142
"TCGTGCTTCAACTCTT-1_2_1_1","IR","B-Naive",-2.38142684309673,-1.78077885838811
"TCGTGCTTCATGCCCT-1_2_1_1","IR","B-Naive",0.420596031258587,2.59041598108943
"TCGTGCTTCCATCTAT-1_2_1_1","IR","B-Naive",1.94746657998371,1.83251103428539
"TCGTGGGAGGCCCACT-1_2_1_1","IR","B-Naive",-1.13040259688091,0.625542190348467
"TCGTGGGCACTCCTGT-1_2_1_1","IR","B-Act1",-4.75209000914287,1.41419708398517
"TCTAACTCAGTCCGTG-1_2_1_1","IR","B-ActMem",3.49774023682881,4.03168752459224
"TCTAACTTCGAACTCA-1_2_1_1","IR","B-Naive",1.41758200318623,-2.40027138921086
"TCTACATAGCGACATG-1_2_1_1","IR","B-Naive",4.62187191636372,-2.77054545613591
"TCTACATAGGTGAGCT-1_2_1_1","IR","B-Naive",2.66200086266804,2.40187421110805
"TCTACATAGGTTATAG-1_2_1_1","IR","B-Act1",-4.74559787123394,1.95346513060268
"TCTACATAGTGGACTG-1_2_1_1","IR","B-Naive",-0.447397472550389,-3.78446314069096
"TCTACATGTTGAATCC-1_2_1_1","IR","B-Naive",-1.11921784489345,-0.135189864361922
"TCTATACAGGCGAACT-1_2_1_1","IR","B-Act1",-2.64841488211345,2.01948859957393
"TCTATACCACTCATAG-1_2_1_1","IR","B-Naive",0.140637336085323,-1.13427588673894
"TCTATACGTTCGAACT-1_2_1_1","IR","B-Naive",-1.51012328474712,-3.15978500577275
"TCTATACTCGCGTGCA-1_2_1_1","IR","B-Mye",-1.14705637304973,6.60644223955806
"TCTATCACAACGCATT-1_2_1_1","IR","B-Naive",-2.93412474005413,-2.16600415440861
"TCTATCAGTTGTCTAG-1_2_1_1","IR","B-Act1",-4.36556914656353,0.877438452517351
"TCTATCATCACTCCGT-1_2_1_1","IR","B-Naive",-2.34326413481426,-1.93751332494084
"TCTCACGAGGCGCTTC-1_2_1_1","IR","B-Naive",0.230254767249111,-2.96456072064702
"TCTCACGAGGTATAGT-1_2_1_1","IR","B-Naive",-2.57403496115398,-0.201234194958845
"TCTCACGCAAATACAG-1_2_1_1","IR","B-Naive",-2.41413215010357,-3.40294954510991
"TCTCACGCATGACCCG-1_2_1_1","IR","B-Naive",1.73045345933247,-2.71026847096745
"TCTCACGTCTGTCCCA-1_2_1_1","IR","B-Naive",-1.97694078295421,-1.05328390332524
"TCTCAGCAGAAGCCAC-1_2_1_1","IR","B-ActMem",3.49210378320027,5.36389711168941
"TCTCAGCAGGCATCGA-1_2_1_1","IR","B-Act1",-5.58954289763164,0.450393882071336
"TCTCAGCAGGTTGAGC-1_2_1_1","IR","B-Naive",-0.410590084483143,-3.03883764478032
"TCTCAGCGTGTCCTAA-1_2_1_1","IR","B-Naive",-1.15232601969432,-2.25906345578496
"TCTCCGAGTACTGAGG-1_2_1_1","IR","B-Act1",-1.70643297045421,1.00548128825959
"TCTCCGATCGAGAAAT-1_2_1_1","IR","B-Naive",-1.52025404780101,-2.13025400372807
"TCTCTGGCACCGGTCA-1_2_1_1","IR","B-Act1",-4.37773135512066,-0.0393081638461745
"TCTCTGGCATCAGCTA-1_2_1_1","IR","B-Mye",-0.308972479989048,7.88657739428218
"TCTCTGGTCCAAGAGG-1_2_1_1","IR","B-Act1",-3.87630489676189,-0.932229969227949
"TCTGCCAAGAAATCCA-1_2_1_1","IR","B-Naive",-2.20485928862285,-3.78025505276982
"TCTGCCACACGCCAGT-1_2_1_1","IR","B-Naive",2.48033186585713,2.17113306788143
"TCTGCCAGTAAGCAAT-1_2_1_1","IR","B-Naive",-2.15286854117107,-1.54688951703374
"TCTGGCTGTACGATTC-1_2_1_1","IR","B-Naive",-4.63106301634502,-1.16148826810185
"TCTGGCTTCTCAGAAC-1_2_1_1","IR","B-Act1",-5.26492169707012,0.665826376950105
"TCTGTCGAGAGCACTG-1_2_1_1","IR","B-Naive",-0.230424860705849,-1.64286515446965
"TCTGTCGTCACCGCTT-1_2_1_1","IR","B-ActMem",3.41888305337239,3.79082801607784
"TCTTAGTCATAGATCC-1_2_1_1","IR","B-Act1",-4.08433750479412,1.26342123416599
"TCTTAGTTCTCTTGCG-1_2_1_1","IR","B-Naive",1.54655334145832,-0.221565339291731
"TCTTCCTGTTTCGATG-1_2_1_1","IR","B-Naive",-2.92471316664409,-1.34592697354619
"TCTTGCGAGGCGAACT-1_2_1_1","IR","B-Act1",-4.26125720350933,-1.02789542409245
"TCTTGCGGTAGAGACC-1_2_1_1","IR","B-Naive",-2.15073040335369,1.2025372501963
"TCTTGCGTCCGAAATC-1_2_1_1","IR","B-Naive",1.73248323590565,0.471147206103166
"TCTTTGACACTGGCCA-1_2_1_1","IR","B-Naive",-2.13010886519146,-2.40247437688176
"TCTTTGAGTATCGTTG-1_2_1_1","IR","B-Naive",1.16610356957722,-2.81644031735722
"TGAACGTCACACGGTC-1_2_1_1","IR","B-Act1",-5.1803169569273,1.66792145041164
"TGAACGTCATCTCATT-1_2_1_1","IR","B-Naive",4.42575785310078,-2.64187810155217
"TGAATCGCAGGATCTT-1_2_1_1","IR","B-Naive",-0.656300874640461,-0.810495588505904
"TGAATCGGTCCCGGTA-1_2_1_1","IR","B-Act1",-3.870129378726,-1.11771056386296
"TGAATGCGTGGAATGC-1_2_1_1","IR","B-Act1",-1.64688697664928,1.811829116618
"TGAATGCTCGAGTCTA-1_2_1_1","IR","B-Naive",3.38965150506306,-0.718266579831282
"TGACAGTGTAACGCGA-1_2_1_1","IR","B-Act1",-2.9129965624113,-0.1601164075977
"TGACAGTTCACGGGAA-1_2_1_1","IR","B-Naive",-2.95239332525921,-2.40758416386906
"TGACAGTTCATACAGC-1_2_1_1","IR","B-Naive",-1.38297179548931,-1.60341593953435
"TGACAGTTCATACGAC-1_2_1_1","IR","B-Act1",-3.39891818373394,-0.0469993087894118
"TGACCCTAGGAGTACC-1_2_1_1","IR","B-Naive",-0.0220145305891001,-0.999632570470015
"TGACCCTCAGCTTCCT-1_2_1_1","IR","B-Naive",1.49227484853077,-2.8003489706165
"TGACGCGAGATGCTAA-1_2_1_1","IR","B-Act1",-4.81363585798931,2.43308880594905
"TGACGCGAGGTGCAGT-1_2_1_1","IR","B-Act1",-1.8576793989439,1.32204845217403
"TGACGCGCACCAACAT-1_2_1_1","IR","B-Naive",2.72059079797078,-1.89884135457341
"TGACGCGCACTCTGCT-1_2_1_1","IR","B-Mye",-1.2996628603239,6.79184987810787
"TGACTCCCAGCGATTT-1_2_1_1","IR","B-Naive",2.41161724717427,-2.64164778920476
"TGACTCCGTCCACGCA-1_2_1_1","IR","B-Act1",-1.89499142973613,1.53678363231357
"TGACTCCGTCGCATCG-1_2_1_1","IR","B-Naive",4.42064282090474,-1.32977864476506
"TGACTCCGTTAAAGTG-1_2_1_1","IR","B-Naive",-1.75213435499859,-2.46154687138859
"TGACTCCGTTCTTCAT-1_2_1_1","IR","B-Naive",0.817728427956585,-2.0289969179279
"TGACTCCTCTGCTAGA-1_2_1_1","IR","B-Naive",0.428236691067699,-1.77908513280217
"TGAGCATAGGTTCCGC-1_2_1_1","IR","B-Naive",3.62968846947956,0.433408704077562
"TGAGCATCAAACTCGT-1_2_1_1","IR","B-Naive",4.92231556565571,-0.750184151852766
"TGAGCATCACGCTGCA-1_2_1_1","IR","B-Naive",1.3225568214159,0.93967108098205
"TGAGCATCACGTCTCT-1_2_1_1","IR","B-Naive",-0.335545974065777,0.89705606964763
"TGAGCATCAGAAATCA-1_2_1_1","IR","B-Act2",4.95124193818379,1.98423471716579
"TGAGCGCAGATGAATC-1_2_1_1","IR","B-Naive",2.44997831971455,2.58703770903285
"TGAGCGCTCGGACCAC-1_2_1_1","IR","B-Naive",-2.04092946856212,-1.05570933553044
"TGAGGAGCACGCGTGT-1_2_1_1","IR","B-Act1",-1.71074786989879,1.12413449255164
"TGAGGAGCAGATACTC-1_2_1_1","IR","B-Act1",-5.22283986418438,1.83510085610088
"TGAGGAGCAGGCAATG-1_2_1_1","IR","B-Act1",-4.56475690214824,2.02686169413265
"TGAGGAGGTCGCGTCA-1_2_1_1","IR","B-Naive",-0.0261226615209543,1.86031564739879
"TGAGGAGTCACTAGCA-1_2_1_1","IR","B-Act1",-5.03509810774517,0.456484642302355
"TGAGGGAAGGCTCTCG-1_2_1_1","IR","B-Naive",1.60771819741536,-0.252836320126692
"TGAGGTTTCAGGTGTT-1_2_1_1","IR","B-Naive",1.65039202363301,-2.12171241971318
"TGAGGTTTCTTGTTAC-1_2_1_1","IR","B-Naive",0.123956067274097,-2.85416576596562
"TGAGTCAAGGTTCCAT-1_2_1_1","IR","B-Naive",-0.874216886450764,-3.07459280225102
"TGAGTCACATGCCGAC-1_2_1_1","IR","B-Naive",1.10645445973683,-2.69301912518803
"TGAGTCATCCGAAGGA-1_2_1_1","IR","B-Naive",4.42216107041645,-1.26503798695866
"TGAGTCATCCGTTTCG-1_2_1_1","IR","B-Naive",-2.23554948179912,-3.13358280392949
"TGATCAGAGAAACACT-1_2_1_1","IR","B-Naive",-0.719102593352314,0.0132043626659715
"TGATCAGAGATGAACT-1_2_1_1","IR","B-ActMem",3.70357343346882,5.48441961077388
"TGATCAGCACTCCTGT-1_2_1_1","IR","B-Act1",-3.58279803602886,-2.68011305066411
"TGATCAGGTACGACTT-1_2_1_1","IR","B-Naive",2.04405471474934,0.82999552456077
"TGATCAGGTCCACACG-1_2_1_1","IR","B-Naive",2.79417106301594,1.99477699068721
"TGATCAGGTGCTCTTC-1_2_1_1","IR","B-Act1",-0.196519317318913,0.494300153529009
"TGATCAGTCGGTTGTA-1_2_1_1","IR","B-Naive",0.155714748213772,-1.5015482637531
"TGATCTTAGCGTTGTT-1_2_1_1","IR","B-Naive",-0.250975566198345,1.94818505314525
"TGATCTTAGTCGTTAC-1_2_1_1","IR","B-Naive",0.630066422532085,1.46888979939159
"TGATCTTAGTCTGTAC-1_2_1_1","IR","B-Naive",0.542816011021618,-2.49696442815129
"TGATCTTAGTTGCATC-1_2_1_1","IR","B-Naive",1.43284651429463,2.54917838839229
"TGATGCAGTAACTTCG-1_2_1_1","IR","B-Naive",-0.27542925088596,-2.23590514394108
"TGATGCAGTCAACCAT-1_2_1_1","IR","B-Naive",-2.65784052221965,-2.14239952298466
"TGATGCAGTGCAGTGA-1_2_1_1","IR","B-Naive",-1.55592802374553,-4.04966757031743
"TGATGCAGTGTCCGTG-1_2_1_1","IR","B-Naive",1.55901083142567,1.1742393639439
"TGATGCAGTTGTCAGT-1_2_1_1","IR","B-Naive",1.41793247849751,-0.199363562787215
"TGATGGTGTAGCCCTG-1_2_1_1","IR","B-Act1",-5.32582619993877,0.578423288142046
"TGATGGTGTGTTCCAA-1_2_1_1","IR","B-Act1",-1.15200951903057,2.8002404239529
"TGATGGTTCGAGAGAC-1_2_1_1","IR","B-Naive",-0.327518047978398,1.08905522195037
"TGATTCTAGTTCTCTT-1_2_1_1","IR","B-ActMem",4.00330349595356,4.21695688036617
"TGATTCTCAAGATCCT-1_2_1_1","IR","B-Naive",1.02649268300343,1.05445743673827
"TGATTTCGTCTACATG-1_2_1_1","IR","B-Naive",-1.21701756327343,-0.78149947854344
"TGATTTCTCCTCAGGG-1_2_1_1","IR","B-Naive",-0.586203159977909,-1.71355340215031
"TGCACGGTCGCAGTGC-1_2_1_1","IR","B-Naive",3.52362271935749,-2.1532222959644
"TGCAGATCAACCTAAC-1_2_1_1","IR","B-Naive",1.35744747311879,-0.762297484601179
"TGCAGATCAGCGTGAA-1_2_1_1","IR","B-ActMem",3.42345210702229,4.26977064875301
"TGCAGATGTATGTCTG-1_2_1_1","IR","B-Act1",-4.06917742102337,1.01866609831687
"TGCAGATTCGAAACAA-1_2_1_1","IR","B-Naive",-0.863462658812519,-2.64177248212163
"TGCAGATTCTGGTTGA-1_2_1_1","IR","B-Act1",-4.02115515082073,0.117825176989397
"TGCAGGCGTGGCTTAT-1_2_1_1","IR","B-Naive",1.94730183274556,2.13008859423335
"TGCAGTAAGCATGCGA-1_2_1_1","IR","B-Naive",1.20563325078297,-1.59690186711613
"TGCAGTACAGAACCGA-1_2_1_1","IR","B-Naive",-1.32816186754894,-0.215189668858687
"TGCAGTAGTACGTGTT-1_2_1_1","IR","B-Act1",-5.23091748564434,1.67277940777477
"TGCAGTATCGAGTACT-1_2_1_1","IR","B-Act1",0.841440705368999,-1.01313540669743
"TGCATCCAGACCCGCT-1_2_1_1","IR","B-Naive",0.763069657395366,-2.33032438489262
"TGCATCCAGTGTAGAT-1_2_1_1","IR","B-Naive",-1.24438396303844,-0.183706853116194
"TGCATCCTCGCACGAC-1_2_1_1","IR","B-ActMem",3.99840399415303,3.94930174616512
"TGCATCCTCTGGAAGG-1_2_1_1","IR","B-Naive",-1.13114980070781,-3.37306377621953
"TGCATGACACTAACCA-1_2_1_1","IR","B-Act1",-0.836018594195362,0.228036668574175
"TGCATGACAGGGCTTC-1_2_1_1","IR","B-Naive",1.34625121743489,0.730164912020525
"TGCATGAGTGCCCTTT-1_2_1_1","IR","B-Naive",4.60806700379658,-2.47542903157536
"TGCCGAGGTACAACGG-1_2_1_1","IR","B-Naive",-3.45126989691448,-1.10805556508366
"TGCGACGCAATTCTTC-1_2_1_1","IR","B-Naive",0.673121241639141,-0.998694154942671
"TGCGGCAAGAACAGGA-1_2_1_1","IR","B-Naive",2.74180647523213,4.12851765421565
"TGCGGCAGTGGACCTC-1_2_1_1","IR","B-Naive",-1.00964310972881,-0.189303729260603
"TGCTCCAGTCTGTCCT-1_2_1_1","IR","B-Naive",0.707713452885631,-4.0740887853748
"TGCTCCAGTGCATCTA-1_2_1_1","IR","B-Naive",-1.84478405325603,-2.18198845120732
"TGCTCCATCAGGAACG-1_2_1_1","IR","B-Naive",-2.07163945048046,-4.688570234502
"TGCTCGTCAGAACTTC-1_2_1_1","IR","B-Naive",-1.87229922621441,-1.43321797581975
"TGCTCGTCATAACGGG-1_2_1_1","IR","B-Naive",-1.98807719557476,0.535128917967638
"TGCTGAACACTTGACA-1_2_1_1","IR","B-Naive",3.28533217103291,3.39462545183833
"TGCTGAACAGCTCCTT-1_2_1_1","IR","B-Naive",2.83118673951435,2.12548008230861
"TGCTGAATCGCGCTGA-1_2_1_1","IR","B-Act1",0.437168208668712,1.16837608483966
"TGCTTCGAGTGGATTA-1_2_1_1","IR","B-Naive",0.114828465292934,0.545661982571443
"TGCTTGCCAGACAATA-1_2_1_1","IR","B-ActMem",3.63123914391804,4.48060729769405
"TGCTTGCTCACCTCAC-1_2_1_1","IR","B-Naive",-0.608800979544636,-3.93267605038945
"TGCTTGCTCCTCCACA-1_2_1_1","IR","B-Naive",-0.131620981944021,-4.33137676450078
"TGGAACTGTATCAGGG-1_2_1_1","IR","B-Naive",-0.524504514624592,-0.735944006169478
"TGGAGAGCAGCTTCGG-1_2_1_1","IR","B-Naive",-2.0557720979948,-2.28786608907048
"TGGAGAGCATCGTCCT-1_2_1_1","IR","B-Naive",-0.657077999999043,0.516338970934709
"TGGAGGAAGGGTAGCT-1_2_1_1","IR","B-Naive",-0.0574310852487051,-0.547738167966048
"TGGAGGACAAGCGCTC-1_2_1_1","IR","B-Naive",2.81336614281941,1.02801788081761
"TGGAGGATCAACCTCC-1_2_1_1","IR","B-Naive",1.64920028836537,-1.11643979283635
"TGGATCACAAAGTGTA-1_2_1_1","IR","B-Naive",3.32265421540547,1.64614328411754
"TGGATCACAGAGAAAG-1_2_1_1","IR","B-Naive",2.01020762116719,-0.282522532666365
"TGGATCATCTGCGGCA-1_2_1_1","IR","B-Naive",0.749198822091106,1.4026913609856
"TGGATGTAGAAACTCA-1_2_1_1","IR","B-Naive",-1.17798438875866,-3.14493963452641
"TGGATGTAGATGGGCT-1_2_1_1","IR","B-Naive",0.982238499234203,1.48072918919261
"TGGATGTAGCCAGAGT-1_2_1_1","IR","B-Naive",1.83997115285206,2.56442859438594
"TGGATGTAGGTTTGAA-1_2_1_1","IR","B-Naive",-3.19556144087505,-0.189239475453535
"TGGATGTGTCTCAGAT-1_2_1_1","IR","B-Naive",1.06378814370442,-0.518602821553389
"TGGCGTGAGGTTTGAA-1_2_1_1","IR","B-Naive",2.16498014123249,0.804110464131197
"TGGCGTGCATCGGAAG-1_2_1_1","IR","B-Naive",1.7758552709322,-1.29327151509587
"TGGCGTGGTTGAGGAC-1_2_1_1","IR","B-Naive",2.32064434678364,0.190316643988451
"TGGGAAGGTTCTTGCC-1_2_1_1","IR","B-Naive",1.26060172707844,-0.0670952531940139
"TGGGAAGTCGATACGT-1_2_1_1","IR","B-Naive",1.66421517522145,2.64204600123103
"TGGGAGAAGAGCTGAC-1_2_1_1","IR","B-Naive",-2.25849917738628,-2.24099848004643
"TGGGAGAAGTGAATAC-1_2_1_1","IR","B-Naive",-2.8714402040739,-1.10517117711369
"TGGGAGAGTGCAACAG-1_2_1_1","IR","B-Naive",-0.583873154808994,0.948882807468733
"TGGGAGATCGACATTG-1_2_1_1","IR","B-ActMem",3.71432539613057,5.15984847811397
"TGGGATTCAGGTGAGT-1_2_1_1","IR","B-Naive",2.27090999276448,2.39774587420162
"TGGGATTGTCCTCAGG-1_2_1_1","IR","B-Naive",-2.73090723364544,-2.82598135205571
"TGGGATTTCGAACTCA-1_2_1_1","IR","B-Naive",1.13020464570332,-2.29322430821721
"TGGGCGTGTAGCTAAA-1_2_1_1","IR","B-Act1",-1.46272137968731,-0.982969972813765
"TGGGCGTGTTAGGACG-1_2_1_1","IR","B-Act1",1.81389257104206,1.0527983023354
"TGGGCGTTCTCATTTG-1_2_1_1","IR","B-Naive",3.41775724084187,0.142863955771288
"TGGGCTGCAGCTAACT-1_2_1_1","IR","B-Naive",2.64072081239033,-1.49893257352177
"TGGGCTGGTTTCCATT-1_2_1_1","IR","B-Mye",-0.556375803639408,7.36552884844478
"TGGGTTATCATTCTTG-1_2_1_1","IR","B-Act1",-4.72880748121929,1.36062225369151
"TGGGTTATCCCGATCT-1_2_1_1","IR","B-Naive",-2.4802699407835,-3.55044672223393
"TGGGTTATCTTAAGGC-1_2_1_1","IR","B-Act1",-5.55540326445293,0.989643991416057
"TGGTACACACACACGC-1_2_1_1","IR","B-Act2",4.09113451630879,1.61076995400127
"TGGTACAGTAGTTCCA-1_2_1_1","IR","B-Naive",-0.864673169543263,-2.79907176228825
"TGGTACAGTGGACCAA-1_2_1_1","IR","B-Naive",3.4739389100771,-1.66038486691777
"TGGTAGTAGCTTGTTG-1_2_1_1","IR","B-Naive",-2.17840245573711,-2.35635015698735
"TGGTAGTAGGTCGACA-1_2_1_1","IR","B-Naive",-1.8954253515501,-2.74869534703557
"TGGTAGTCACTACGGC-1_2_1_1","IR","B-Act1",-2.93883803694439,1.62325372961696
"TGGTAGTGTCCTGGGT-1_2_1_1","IR","B-Naive",0.782755998681072,-2.90632316800419
"TGGTAGTGTGTAAACA-1_2_1_1","IR","B-Naive",-2.4054715952177,0.793145727788767
"TGGTGATTCTCTCGAC-1_2_1_1","IR","B-ActMem",3.87492343575764,5.35332181719478
"TGGTTAGGTTATCTTC-1_2_1_1","IR","B-Naive",-0.945488127161976,-0.340572807515303
"TGGTTAGTCGAGAATA-1_2_1_1","IR","B-Naive",1.34449025780964,1.72257932690318
"TGTAACGTCCAGCCTT-1_2_1_1","IR","B-Act2",-3.17887571661663,-2.62824961873356
"TGTAAGCAGCTACAAA-1_2_1_1","IR","B-Naive",0.446921495507244,2.4339359071606
"TGTAAGCGTGGACTGA-1_2_1_1","IR","B-Act1",-4.9661770185728,0.755678054367861
"TGTAGACGTGTGCTTA-1_2_1_1","IR","B-Naive",2.81666609437275,1.79208269385036
"TGTCAGAAGCTAATGA-1_2_1_1","IR","B-Naive",4.34250637681294,-1.65759036275212
"TGTCAGACATCACGGC-1_2_1_1","IR","B-Naive",-2.61009767859172,0.299239661967119
"TGTCCACAGAGAGGGC-1_2_1_1","IR","B-Naive",0.626799372742657,0.849180069243272
"TGTCCACTCTGCACCT-1_2_1_1","IR","B-Naive",-1.91319599955272,-3.1004879209644
"TGTCCCAAGCGTTACT-1_2_1_1","IR","B-Naive",-0.184890302111622,-2.3855585786945
"TGTCCCAAGGTGCCTC-1_2_1_1","IR","B-Naive",0.155350563834194,-0.778589937413374
"TGTCCCAAGTTCTACG-1_2_1_1","IR","B-Naive",1.79270133168507,1.64246323374446
"TGTCCCATCAGGACGA-1_2_1_1","IR","B-Naive",-1.11479851811123,-0.447965595448653
"TGTCCTGCATGACGAG-1_2_1_1","IR","B-Naive",1.03980693013478,1.34041174915965
"TGTCCTGTCTCAACGA-1_2_1_1","IR","B-Act1",-4.96713498442363,0.238649156367143
"TGTGAGTAGCGACTAG-1_2_1_1","IR","B-Naive",1.10190436036396,0.174003627573808
"TGTGAGTAGCTAATCC-1_2_1_1","IR","B-ActMem",3.56841322572041,5.43270614412959
"TGTGAGTCAGACCAGA-1_2_1_1","IR","B-Act1",-3.77018478720379,2.29834976462062
"TGTGAGTTCGACCACG-1_2_1_1","IR","B-Naive",3.83268663079548,-0.842946502888838
"TGTGATGCAACCCGCA-1_2_1_1","IR","B-Naive",0.268903402398113,-3.49620697232548
"TGTGATGCACCATTCC-1_2_1_1","IR","B-ActMem",3.62117549569416,4.5392186906689
"TGTGATGCACGACAGA-1_2_1_1","IR","B-Naive",-3.348880084445,-2.96675321790043
"TGTGATGTCAGCTGTA-1_2_1_1","IR","B-Naive",-0.599477442194935,-1.97124955388371
"TGTGCGGAGGCGACAT-1_2_1_1","IR","B-ActMem",3.14632484109211,4.49290874270137
"TGTGCGGCAGGCTTGC-1_2_1_1","IR","B-Naive",0.494042007039074,-2.33009669514958
"TGTGCGGCATACCGTA-1_2_1_1","IR","B-Naive",0.838587192605022,-3.79070636960332
"TGTGCGGTCTTTGCTA-1_2_1_1","IR","B-Naive",2.36297771127034,1.47639438179668
"TGTGGCGAGCTGACCC-1_2_1_1","IR","B-Naive",-0.308797421147343,-0.599674436772505
"TGTGGCGGTAGAGGAA-1_2_1_1","IR","B-Mye",-0.570861490656849,7.95968559054073
"TGTGGCGGTTCGGTCG-1_2_1_1","IR","B-Act1",-1.2720532736082,2.70327594546016
"TGTGTGAAGCATACTC-1_2_1_1","IR","B-Naive",2.8921153226595,1.05541825709279
"TGTGTGACAGCACAAG-1_2_1_1","IR","B-Act1",-1.55607846586895,-0.724860164845625
"TGTTACTAGCGTCTCG-1_2_1_1","IR","B-Act1",-3.10095933287334,1.55370214251216
"TGTTACTTCTACAGGT-1_2_1_1","IR","B-Naive",4.97903534562397,-1.48660943242375
"TGTTCATCAGACATCT-1_2_1_1","IR","B-Naive",-1.13363293020916,0.584222402846178
"TGTTCCGAGCTATCTG-1_2_1_1","IR","B-Naive",1.38343831689167,-1.8663193914539
"TGTTCCGAGTGGAATT-1_2_1_1","IR","B-Naive",-2.61065033285808,-0.28870424958531
"TGTTCCGCAATCCTTT-1_2_1_1","IR","B-Naive",-2.74286416380596,-0.651753518307844
"TGTTCTACAACACGAG-1_2_1_1","IR","B-Naive",-3.07852152197551,0.500191297804674
"TGTTGAGAGTTTCGAC-1_2_1_1","IR","B-Act2",5.02638479859639,1.93980940846141
"TGTTGAGGTGACCGTC-1_2_1_1","IR","B-Naive",0.195511935065273,-0.359985205853621
"TGTTGAGGTTCGGTTA-1_2_1_1","IR","B-Act1",-5.11284068434429,2.3684617545956
"TGTTGGACACGTTCGG-1_2_1_1","IR","B-Naive",1.44239446313191,-2.26405856343571
"TGTTGGAGTTGTTGTG-1_2_1_1","IR","B-ActMem",0.63947388322163,-0.440561864102522
"TTACAGGGTGGCAACA-1_2_1_1","IR","B-Act1",-5.08891919462871,1.4939208891743
"TTACAGGGTTATAGAG-1_2_1_1","IR","B-Naive",-0.140207404484268,-3.11430904599492
"TTACCATAGCATGCGA-1_2_1_1","IR","B-Naive",-1.93295088617992,-1.10578081342045
"TTACCATGTACACGCC-1_2_1_1","IR","B-Naive",-1.37184027044963,0.28088894156154
"TTACCATTCGCCAATA-1_2_1_1","IR","B-Naive",-1.54200449793529,-3.78537246915166
"TTACCGCGTCCATACA-1_2_1_1","IR","B-Naive",-2.55695894568157,-0.342308137143294
"TTACCGCTCTCACCCA-1_2_1_1","IR","B-Naive",-4.23689463942241,0.509456124579271
"TTACGCCAGAGTCAGC-1_2_1_1","IR","B-Act1",-1.9078160843153,1.44218518999751
"TTACGCCAGGTGATAT-1_2_1_1","IR","B-Naive",-0.454260410954472,-4.15310213300053
"TTACGCCGTATAATGG-1_2_1_1","IR","B-Naive",0.675977377007488,-4.14197513791386
"TTACGCCGTGTTGCCG-1_2_1_1","IR","B-Naive",1.00552817971516,1.49831837085422
"TTACGTTAGTGATTCC-1_2_1_1","IR","B-Naive",-0.763316543986317,0.0633777048939073
"TTACGTTGTACCCGAC-1_2_1_1","IR","B-Naive",0.963453618596081,-1.23928138943974
"TTACGTTTCCTTACCG-1_2_1_1","IR","B-Act1",-4.97595265715313,1.09802946118053
"TTACTGTAGGACATCG-1_2_1_1","IR","B-Naive",-2.21036604254436,0.383326854979356
"TTACTGTCATACATCG-1_2_1_1","IR","B-Act1",-5.24921801893901,0.900194745933374
"TTAGGCAAGGTAAGGA-1_2_1_1","IR","B-Naive",1.71264537961293,-1.77986333104436
"TTAGGCACAAATCCCA-1_2_1_1","IR","B-Act2",4.74279114396382,1.80185964373287
"TTAGGCACAGAACGCA-1_2_1_1","IR","B-Naive",1.34559628159809,-3.09116289349858
"TTAGGCACATCGTCCT-1_2_1_1","IR","B-Naive",3.20417615563679,-0.940569255078474
"TTAGGCATCGGAAGGT-1_2_1_1","IR","B-Naive",0.0871331223945654,0.671762135302385
"TTAGGGTAGCCGGAAT-1_2_1_1","IR","B-Act1",-2.1463163217802,-0.582574937070051
"TTAGGGTGTACCATAC-1_2_1_1","IR","B-Act1",0.757325855801586,0.30425342587169
"TTAGGGTTCATGGCCG-1_2_1_1","IR","B-Naive",-5.12001612990093,-0.715741488660017
"TTAGTCTCAACCCTAA-1_2_1_1","IR","B-Act1",3.85863849313069,1.67218145397838
"TTAGTCTTCCAATCTT-1_2_1_1","IR","B-Naive",-2.79149487822246,-3.40382358762089
"TTATTGCCAGTCGAGA-1_2_1_1","IR","B-Act2",3.62285706193257,2.89414253500636
"TTCAATCCATCAGTCA-1_2_1_1","IR","B-Act1",-3.86891535132122,0.822726797735056
"TTCAATCGTCATATGC-1_2_1_1","IR","B-Naive",-1.93928316443157,0.568355944430193
"TTCACGCCAGCGCTTG-1_2_1_1","IR","B-Naive",2.14856573731709,1.62287833956416
"TTCACGCCATACGCAT-1_2_1_1","IR","B-Naive",0.0434339621763266,-1.48538372250859
"TTCACGCTCGCCGTGA-1_2_1_1","IR","B-Naive",4.23125263840962,-1.18370983334843
"TTCAGGAAGGATTTCC-1_2_1_1","IR","B-Naive",3.99364563615132,-1.01146719189946
"TTCAGGACAACCAGAG-1_2_1_1","IR","B-Act1",-2.28200867979717,-0.114756557667891
"TTCAGGATCAGCAGAG-1_2_1_1","IR","B-Act1",-5.42680838911724,1.66421880987819
"TTCATGTAGCCGTAAG-1_2_1_1","IR","B-Act1",-0.981380732943531,1.48836400774654
"TTCATGTAGGGTCTTT-1_2_1_1","IR","B-Naive",0.161076305220608,-3.19609758588139
"TTCATGTAGTCGAAAT-1_2_1_1","IR","B-Naive",-0.105173550759669,1.16329146591361
"TTCATTGTCGACCACG-1_2_1_1","IR","B-Naive",0.364894775460247,-2.29860398503605
"TTCCAATCAACGGGTA-1_2_1_1","IR","B-Naive",-2.14449194281292,1.32305162814792
"TTCCAATCAGACGCTC-1_2_1_1","IR","B-Naive",-0.863066466738697,-0.274397108281294
"TTCCAATGTTACGATC-1_2_1_1","IR","B-ActMem",4.23656365067768,4.65208819178279
"TTCCAATGTTGAGAGC-1_2_1_1","IR","B-Naive",-1.67668405382824,0.129709270274004
"TTCCAATGTTGCATCA-1_2_1_1","IR","B-Naive",0.36216196210194,-4.19770309659306
"TTCCACGCAACTGAAA-1_2_1_1","IR","B-Naive",-2.63385084479046,-4.2118890020496
"TTCCACGGTAAGGAGA-1_2_1_1","IR","B-Naive",0.517948595593456,-3.53287193509404
"TTCCACGGTGCCTACG-1_2_1_1","IR","B-Naive",4.1994290033083,-2.58607575627629
"TTCCGGTAGATGACAT-1_2_1_1","IR","B-Naive",4.6809792199831,-1.94897482129399
"TTCCGGTAGATTAGTG-1_2_1_1","IR","B-Naive",0.448587087700847,-2.03326842519108
"TTCCGGTCAAGACGAC-1_2_1_1","IR","B-Naive",-1.30027047007274,-1.36215040417973
"TTCCGGTTCTTCTGGC-1_2_1_1","IR","B-Naive",-0.819573553492542,-4.13715812894169
"TTCCTAACATCCAACA-1_2_1_1","IR","B-Naive",2.80557390839863,-3.14486715527836
"TTCCTAACATGCACTA-1_2_1_1","IR","B-Naive",-0.896912368227955,-2.77166983815495
"TTCCTAATCACGTAGT-1_2_1_1","IR","B-Act1",-5.07171109526348,-0.168144199574629
"TTCCTCTAGCAGCCTC-1_2_1_1","IR","B-Act1",-4.57353642790508,-0.221461031163374
"TTCCTTCCAGTCTTCC-1_2_1_1","IR","B-Naive",-1.0866998156805,-4.31288120480839
"TTCCTTCGTGGGCTTC-1_2_1_1","IR","B-Act1",-5.52775624602031,0.965969261204561
"TTCCTTCTCATGCCGG-1_2_1_1","IR","B-Naive",-1.68590834944439,-4.09670469495122
"TTCCTTCTCCTCTAAT-1_2_1_1","IR","B-Naive",-2.73292616217327,-2.89980218144719
"TTCGATTAGGCCCAAA-1_2_1_1","IR","B-Naive",0.779425887177471,-3.42890903683964
"TTCGATTCACGCTGAC-1_2_1_1","IR","B-Naive",-3.23761108725261,-1.69035527440373
"TTCGATTGTTCTTGTT-1_2_1_1","IR","B-Naive",-0.326396825005528,-4.03471681805913
"TTCGCTGTCTACTATC-1_2_1_1","IR","B-Naive",-0.987619431902882,-2.41451856824223
"TTCGGTCCACTTCCTG-1_2_1_1","IR","B-Act1",-5.08768704741192,1.21918862727817
"TTCGGTCGTACTCCCT-1_2_1_1","IR","B-Act1",-4.77235320418071,2.08791950014766
"TTCGGTCTCAAGATAG-1_2_1_1","IR","B-Naive",-1.10166087954235,-2.85443088742558
"TTCTAACCAGTAACAA-1_2_1_1","IR","B-Act1",-2.43435862868023,0.758738752877077
"TTCTAACGTCTCGACG-1_2_1_1","IR","B-Act1",-3.16875866263103,1.95152303246196
"TTCTAGTCACGAAAGC-1_2_1_1","IR","B-Naive",1.97369643838215,1.03826323985468
"TTCTAGTTCATTACCT-1_2_1_1","IR","B-Naive",0.476693598340038,-0.726756903851668
"TTCTAGTTCGTAATGC-1_2_1_1","IR","B-Naive",-1.17354920714092,-1.77179000111882
"TTCTCTCCAGCTAACT-1_2_1_1","IR","B-Naive",4.33932301194477,-2.43849131795231
"TTCTCTCTCATGACAC-1_2_1_1","IR","B-Naive",-2.50518205969524,-4.55492422314946
"TTCTGTAAGGTCTACT-1_2_1_1","IR","B-Naive",-2.32552364676189,-0.762020203793684
"TTCTGTAGTCTTTCTA-1_2_1_1","IR","B-Naive",-0.447642566849705,-2.24548051091496
"TTCTTCCAGATTAGTG-1_2_1_1","IR","B-Naive",-2.23775914519024,-2.80978653165166
"TTCTTCCCATACTGTG-1_2_1_1","IR","B-Act1",-1.39672091810894,2.19444623259242
"TTCTTCCTCAGTCACA-1_2_1_1","IR","B-Naive",1.6797425428133,-1.01467010709111
"TTCTTGATCAGTGTCA-1_2_1_1","IR","B-Naive",0.665878681252483,-2.12962696286503
"TTGAACGTCAAGGAGC-1_2_1_1","IR","B-Naive",1.75616165787983,2.70905652311977
"TTGAACGTCGTGCGAC-1_2_1_1","IR","B-Act1",-1.70312932341289,2.48614385393794
"TTGACCCAGCAATTCC-1_2_1_1","IR","B-Naive",-0.320843266536709,-3.54708072873418
"TTGACCCAGGCGCTTC-1_2_1_1","IR","B-Naive",4.27773281724263,-2.44261309834782
"TTGACCCAGGTCCGAA-1_2_1_1","IR","B-Naive",0.447923509190563,-2.9319133493549
"TTGACCCGTCAATCTG-1_2_1_1","IR","B-Mye",-0.800472112586018,7.67897393969234
"TTGAGTGAGCAAATCA-1_2_1_1","IR","B-Naive",-0.690878065516468,-1.78568861218754
"TTGAGTGAGGCACCAA-1_2_1_1","IR","B-Naive",-3.18076041548442,-0.46008298131291
"TTGAGTGGTAGCGTTT-1_2_1_1","IR","B-Act1",-5.48167804091167,1.25872917143043
"TTGATGGCACAGTCGC-1_2_1_1","IR","B-Naive",4.90597817094136,-0.576618406499068
"TTGATGGGTCTTGGTA-1_2_1_1","IR","B-Naive",-3.12435010283184,1.27391782072719
"TTGATGGGTGCGTCGT-1_2_1_1","IR","B-Mye",-0.956865998198506,6.25051954058345
"TTGCATTGTATGGTAA-1_2_1_1","IR","B-Naive",-2.94456222861004,-2.9327141973621
"TTGCATTGTTTCGTTT-1_2_1_1","IR","B-ActMem",3.9343356767397,5.0952546861523
"TTGCATTTCAGCATTG-1_2_1_1","IR","B-Naive",1.97753426224995,-1.1260120603687
"TTGCCTGCAAGTGACG-1_2_1_1","IR","B-Act2",5.20924612672139,1.75296201971706
"TTGCCTGGTGACACAG-1_2_1_1","IR","B-Naive",-1.93637815325451,-0.423605892384688
"TTGCGTCAGAAGCCAC-1_2_1_1","IR","B-Naive",2.51157852799702,1.24491201010879
"TTGCGTCCAGGAATCG-1_2_1_1","IR","B-ActMem",2.61209913880635,5.30110242632564
"TTGCGTCTCCGTAGGC-1_2_1_1","IR","B-Naive",-0.61593765227985,-3.1435582372791
"TTGCGTCTCCTCTTTC-1_2_1_1","IR","B-Naive",-3.35647991507244,-1.29907176228825
"TTGCGTCTCGTAGGAG-1_2_1_1","IR","B-Naive",-0.899376245429035,0.477375653063616
"TTGCTGCGTGAGCGAT-1_2_1_1","IR","B-Naive",2.37208291680622,3.02509811190303
"TTGGATGCATAGGAGC-1_2_1_1","IR","B-Naive",2.05076405198384,-0.542838546956221
"TTGGATGGTCGGAACA-1_2_1_1","IR","B-Naive",0.939620462964062,2.54541733530696
"TTGGGATCAAGTTCCA-1_2_1_1","IR","B-Naive",4.96192976624775,-1.75370046826665
"TTGGGCGAGAGGCTGT-1_2_1_1","IR","B-Naive",-0.965177985121723,2.12728407648738
"TTGGGCGCAAGCGAGT-1_2_1_1","IR","B-Naive",0.66972872407246,-1.95411059590642
"TTGGGCGTCTAGAGCT-1_2_1_1","IR","B-Act1",-3.8708310446043,1.21892314819034
"TTGGGCGTCTCATTGT-1_2_1_1","IR","B-Naive",2.2862517514925,2.06798818377193
"TTGGGTACAGCATGCC-1_2_1_1","IR","B-Act1",-1.08833387701702,0.879220005547365
"TTGGGTACAGCGTATT-1_2_1_1","IR","B-Mye",-1.14733591883373,6.56633737353023
"TTGGGTAGTGCGTCGT-1_2_1_1","IR","B-Naive",0.713844148228649,0.254905071532091
"TTGGTTTCAATTTCTC-1_2_1_1","IR","B-Naive",0.102882174561504,-1.82744309636418
"TTGGTTTCACGCGTGT-1_2_1_1","IR","B-Act1",-4.96351531355571,1.96956756380733
"TTGGTTTGTAACGCGA-1_2_1_1","IR","B-Naive",0.105404509017948,-0.730705353940169
"TTGGTTTTCCACGTAA-1_2_1_1","IR","B-Naive",-0.299297141124722,-4.12757227155034
"TTGGTTTTCTCTTAAC-1_2_1_1","IR","B-Act1",-5.49793151228618,1.06480349642571
"TTGTGGACAGCGAGTA-1_2_1_1","IR","B-Act1",-4.03073075621318,2.09364023474391
"TTGTGGAGTGTGTACT-1_2_1_1","IR","B-Naive",1.59601995141316,2.02347531584438
"TTGTGTTGTGCCGAAA-1_2_1_1","IR","B-Act1",-0.81832286923122,2.71655776766475
"TTGTTCACACGCACCA-1_2_1_1","IR","B-Act1",-4.52215197889995,0.293611433779558
"TTGTTCAGTGTGCTTA-1_2_1_1","IR","B-Act1",-5.52205947249126,1.78219285277065
"TTGTTGTTCACGGGAA-1_2_1_1","IR","B-Naive",0.689147023270611,-0.0844502184039748
"TTGTTTGCACCGTGGT-1_2_1_1","IR","B-Naive",2.43806692750264,1.11622559693988
"TTGTTTGGTACTAACC-1_2_1_1","IR","B-Naive",1.04343768746662,-2.75970384808842
"TTGTTTGTCAACTGAC-1_2_1_1","IR","B-Naive",-3.26555636732769,-0.82570216389958
"TTTACCAAGGCTGGAT-1_2_1_1","IR","B-Naive",0.764335898468975,2.47669878271755
"TTTACCACAAATGGCG-1_2_1_1","IR","B-Naive",1.61911198289204,-0.0777833196765578
"TTTACGTAGGTCCTGC-1_2_1_1","IR","B-Naive",-2.17490342467022,-3.39594576093022
"TTTACGTTCTCTCCGA-1_2_1_1","IR","B-Act1",-3.5219266733427,0.884983700191339
"TTTACTGCACCCTGAG-1_2_1_1","IR","B-Act2",5.06855293900776,1.39754783776935
"TTTACTGTCCACCTCA-1_2_1_1","IR","B-Naive",0.508441535542492,-4.25727531644169
"TTTAGTCAGAGGTCGT-1_2_1_1","IR","B-Mye",-0.624752016951557,8.00969388750728
"TTTAGTCCATAATCGC-1_2_1_1","IR","B-Naive",-2.00970283358287,-1.29180834027592
"TTTAGTCCATGAGATA-1_2_1_1","IR","B-Naive",0.0593257227640188,-1.23596951695744
"TTTAGTCGTAGCACAG-1_2_1_1","IR","B-Naive",0.823158828328136,1.59456088808711
"TTTCACAAGAATTCAG-1_2_1_1","IR","B-Act1",-1.37321785299968,-1.61037013264958
"TTTCACAGTCACGACC-1_2_1_1","IR","B-Act1",-5.52959922163677,0.687218185936769
"TTTCAGTTCAGTAGGG-1_2_1_1","IR","B-Naive",-2.67107299177837,-3.80225774976079
"TTTCAGTTCCGCACGA-1_2_1_1","IR","B-Naive",-3.05997255652141,-2.83104274007146
"TTTCCTCAGAGTCCGA-1_2_1_1","IR","B-Naive",-0.934300871779438,-2.59042403432194
"TTTCCTCAGCCAGAGT-1_2_1_1","IR","B-Act1",-5.7402797064085,0.951743599449953
"TTTCCTCCAATCCTAG-1_2_1_1","IR","B-Naive",0.0280858555536306,-3.23394367429082
"TTTCCTCCAGGCTTGC-1_2_1_1","IR","B-Naive",-2.77348450033855,-2.37748477193181
"TTTCCTCGTAGTCTGT-1_2_1_1","IR","B-Naive",0.58011987597752,-4.13599655362431
"TTTCGATAGATCCGAG-1_2_1_1","IR","B-Naive",-0.0193649402160608,-0.659928533757368
"TTTCGATAGCAGATAT-1_2_1_1","IR","B-Naive",4.71784874589253,-2.02587816449467
"TTTCGATGTAGCGAGT-1_2_1_1","IR","B-ActMem",3.3597380796175,5.52216270235713
"TTTCGATTCCTGGTCT-1_2_1_1","IR","B-ActMem",3.95739456803608,4.4573483732098
"TTTGACTAGCAATAAC-1_2_1_1","IR","B-Naive",-1.51936713068676,-3.33407089444462
"TTTGACTAGGTGATCG-1_2_1_1","IR","B-Naive",4.8235573449831,-1.99755284520451
"TTTGACTCATATCGGT-1_2_1_1","IR","B-ActMem",2.94966074616719,3.61274292734798
"TTTGATCCATGCGTGC-1_2_1_1","IR","B-Naive",-1.51969900934887,-1.63733956548039
"TTTGATCGTTCAACGT-1_2_1_1","IR","B-Naive",3.73120781571675,-2.95778629514043
"TTTGATCTCCATCTAT-1_2_1_1","IR","B-Naive",-1.0637346228857,-4.68672725888554
"TTTGGAGGTTGTATGC-1_2_1_1","IR","B-Naive",-2.86918381064129,-2.34820935460393
"TTTGGAGTCCTGCCAT-1_2_1_1","IR","B-ActMem",4.28032538087178,5.11797788408931
"TTTGGAGTCTTCCTAA-1_2_1_1","IR","B-Naive",-0.361688452054974,-2.28637764188115
"TTTGGTTAGTGTTCCA-1_2_1_1","IR","B-Act1",-5.51889232008648,1.70353111294444
"TTTGGTTCACTCCACT-1_2_1_1","IR","B-Naive",1.46748658807087,-0.853191230023543
"TTTGGTTTCAGGGATG-1_2_1_1","IR","B-ActMem",3.85296174676228,5.6404035356396
"TTTGTTGAGGTTGGAC-1_2_1_1","IR","B-Act1",-1.90221896975231,2.60435703066524
"TTTGTTGTCGAGTTGT-1_2_1_1","IR","B-Mye",-0.210573980798241,6.6888883378857
"ACGTACATCCATTGCC-1_1_1","IR","B-Naive",0.918410269330028,-1.14718315335576
"ACGTTCCAGGAACGCT-1_1_1","IR","B-Act1",-4.3546367010374,2.26751103666957
"ACGTTCCTCCGCAAAT-1_1_1","IR","B-Naive",2.28595730454731,-0.596410605633894
"ACTATCTAGTGCACAG-1_1_1","IR","B-Naive",-1.71999159662914,-4.2468387815601
"ACTATGGCATGTCTAG-1_1_1","IR","B-Act1",-3.76710489599895,0.678407129322847
"ACTATGGTCGGAGTAG-1_1_1","IR","B-Naive",0.675187138627056,-1.97933861943547
"ACTATTCCATAATCGC-1_1_1","IR","B-Naive",0.672132996628765,-3.34505340787236
"ACTCTCGGTGGCTGCT-1_1_1","IR","B-Naive",1.88891264588642,0.660626169716676
"ACTCTCGTCAAGTAAG-1_1_1","IR","B-Naive",-0.790359826972004,0.818471040999254
"ACTGCAAAGGATCACG-1_1_1","IR","B-ActMem",3.8311257043581,5.61375930575069
"ACTGCAACACCAAAGG-1_1_1","IR","B-Naive",-0.125572379891988,0.440123644148668
"ACTGTCCCATTGGGAG-1_1_1","IR","B-Naive",-1.05274322836589,-0.756580087865034
"ACTGTGACAGAATGTA-1_1_1","IR","B-Naive",-1.68006721346569,-3.20000192853276
"ACTTAGGGTACTAACC-1_1_1","IR","B-Naive",-2.46410683005046,-1.97396919461552
"ACTTAGGGTATAATGG-1_1_1","IR","B-Naive",1.06280681283284,0.59122088221248
"ACTTATCGTGCCGTTG-1_1_1","IR","B-Act1",-4.7840128263731,1.93651243714031
"ACTTCGCAGACTCGAG-1_1_1","IR","B-Naive",-1.62222889273357,-2.17191216679875
"ACTTCGCAGCGCATCC-1_1_1","IR","B-ActMem",3.59938284547139,5.51035669115718
"ACTTCGCAGGGTACAC-1_1_1","IR","B-Act2",-4.70527222960186,-0.282626244748274
"ACTTCGCGTACTGAGG-1_1_1","IR","B-Naive",-2.65543011038494,-0.275377604687849
"ACTTTCATCCTTCTAA-1_1_1","IR","B-Naive",-3.22711399405193,-0.929408166134993
"ACTTTGTTCAGTGTCA-1_1_1","IR","B-Naive",-0.989297541071888,-2.42033812733952
"AGAAATGGTCTGTAAC-1_1_1","IR","B-Act1",0.383798924992565,-0.95815131398503
"AGAAATGGTGAGTTTC-1_1_1","IR","B-Act1",-3.46139648764324,0.0842269924038255
"AGAACAAAGCAAGCCA-1_1_1","IR","B-Naive",1.35758790166188,-2.37321684094731
"AGAACAACAATTGCTG-1_1_1","IR","B-Naive",0.113315326879505,-3.20805380078618
"AGAAGCGTCTTTGCTA-1_1_1","IR","B-Naive",1.10239276082325,0.257976618086656
"AGACAAAAGTAAACGT-1_1_1","IR","B-Act2",-2.86998751967144,-1.25106022092168
"AGACAAAGTCACCCTT-1_1_1","IR","B-Naive",-2.20203092901897,-4.43583271237675
"AGACAAATCTGCGGGT-1_1_1","IR","B-Naive",-1.1659251770277,-1.85188934537236
"AGACAGGTCACGGAGA-1_1_1","IR","B-Act1",-4.82839015333843,1.23060854939159
"AGACCCGAGCCATGCC-1_1_1","IR","B-Act1",-4.89181426375103,1.52351319459613
"AGACCCGAGGAGATAG-1_1_1","IR","B-Naive",2.98280831963826,-1.50231358739201
"AGACCCGTCCAAGAGG-1_1_1","IR","B-Naive",-2.05957702009868,-2.18854615422551
"AGAGAATGTAGCTGCC-1_1_1","IR","B-Act1",3.4126915612917,1.37823846605953
"AGAGCAGGTTGCATGT-1_1_1","IR","B-Naive",-0.20221115111303,1.74305966166194
"AGATAGACAGCAGATG-1_1_1","IR","B-Naive",0.847238508770946,1.61432030466731
"AGATAGAGTTAGCTAC-1_1_1","IR","B-Naive",2.23588558823872,1.61162575749095
"AGATAGATCGCCAGTG-1_1_1","IR","B-Naive",0.91500243336964,0.447737362658342
"AGATCCAAGTGAGGCT-1_1_1","IR","B-Act2",5.19027468354512,2.00061311987575
"AGATCCATCGCGTAGC-1_1_1","IR","B-Naive",0.582725731442455,-0.0137989256030715
"AGATCGTAGGCCCAAA-1_1_1","IR","B-Naive",-0.581347199370381,-2.5321433279163
"AGATGCTGTGGAGAAA-1_1_1","IR","B-Naive",-1.69184246866893,-2.53322217198674
"AGCATCAGTCAAAGTA-1_1_1","IR","B-Naive",-0.478453846861836,-2.41810176106755
"AGCATCATCGGATACT-1_1_1","IR","B-Naive",-1.43136707155895,0.0345653560512864
"AGCCAATAGAGGGTCT-1_1_1","IR","B-Naive",3.954741922925,-2.32947823735539
"AGCCACGGTGTGACCC-1_1_1","IR","B-Naive",2.41075011880207,2.54352464941676
"AGCCAGCCACTTCAGA-1_1_1","IR","B-Naive",-1.61016217081737,-2.39218613835637
"AGCGATTAGATTACCC-1_1_1","IR","B-Act1",-5.80837348311138,1.27942114738162
"AGCGATTGTCCAAGAG-1_1_1","IR","B-Naive",2.92959639222432,-0.174351904118696
"AGCTACATCGACATCA-1_1_1","IR","B-Naive",-1.17375675051403,-2.82870528432194
"AGCTACATCTTTCGAT-1_1_1","IR","B-Naive",-0.0640415607292616,0.804453414356073
"AGCTCAAAGGGTTTCT-1_1_1","IR","B-Naive",-1.89833942263317,-2.06436917516057
"AGCTCAATCTCGGGAC-1_1_1","IR","B-Naive",-1.84899595587444,0.888255205427965
"AGCTTCCTCATCACAG-1_1_1","IR","B-Naive",-0.617812814404484,-4.39151117535893
"AGCTTCCTCCCTAGGG-1_1_1","IR","B-Naive",2.67663666398335,2.45658579138454
"AGGAAATAGAGCAGTC-1_1_1","IR","B-Naive",-1.04276433794689,1.55809291866954
"AGGAAATCAAACACGG-1_1_1","IR","B-ActMem",3.93293091447163,5.12495878008541
"AGGACTTCACCCTAGG-1_1_1","IR","B-Act1",-5.4324503263731,0.930913303469976
"AGGACTTGTCATGCAT-1_1_1","IR","B-Naive",2.25157782227803,0.830860611473879
"AGGAGGTAGGATGAGA-1_1_1","IR","B-Naive",-0.470168234993931,0.557109978472551
"AGGAGGTAGTGTGTTC-1_1_1","IR","B-ActMem",3.19185206086445,4.78568985727962
"AGGAGGTCAAAGAGTT-1_1_1","IR","B-Naive",4.27835985810566,-2.36398598882023
"AGGAGGTTCGTAGAGG-1_1_1","IR","B-Naive",4.54439636857319,-2.83703586789433
"AGGATCTAGATGCGAC-1_1_1","IR","B-Act1",-3.89211610167217,0.410420205866655
"AGGCATTTCAAATAGG-1_1_1","IR","B-Naive",1.16361316830922,0.859394651328882
"AGGCTGCGTCGGTACC-1_1_1","IR","B-ActMem",2.75212761552143,3.61909201410945
"AGGGAGTAGAGAGCGG-1_1_1","IR","B-Act1",-3.80797341673565,0.759989109312853
"AGGGAGTAGTTGTACC-1_1_1","IR","B-Naive",2.3398110547762,1.64960607556041
"AGGGTCCGTCCACAGC-1_1_1","IR","B-Naive",4.7690148034792,-1.9486267301685
"AGGGTCCTCTTACGTT-1_1_1","IR","B-Act1",-3.27719405501079,1.66109200981792
"AGGTAGGTCAAGTCTG-1_1_1","IR","B-Naive",-2.51488664953899,-1.53733131619755
"AGGTCATAGATACAGT-1_1_1","IR","B-ActMem",4.15954109818745,4.62990572718318
"AGGTGTTCAGCCGGTT-1_1_1","IR","B-Naive",1.88847037942219,-0.314278814519087
"AGGTTACGTCAAAGTA-1_1_1","IR","B-Naive",0.822161583016399,0.854018491184076
"AGTAACCGTAGGGAGG-1_1_1","IR","B-Act1",-4.89557174055767,0.490399446760973
"AGTAACCGTCATCGGC-1_1_1","IR","B-Act1",-3.81035569517803,1.07282781643208
"AGTACCAGTAAGGAGA-1_1_1","IR","B-Naive",-0.699202986647602,-2.69699356290166
"AGTAGTCTCTGGTCAA-1_1_1","IR","B-ActMem",4.31868120820332,5.25389745501216
"AGTCAACCACCCTTAC-1_1_1","IR","B-Naive",-0.982313009192463,-2.14963290425603
"AGTCACAAGAAGGGAT-1_1_1","IR","B-Naive",1.60634168774891,2.47816386488613
"AGTCACATCTCTTAAC-1_1_1","IR","B-Act1",-5.28723672239971,0.744466569697221
"AGTGACTAGACATATG-1_1_1","IR","B-ActMem",3.57789322526265,4.56317594317134
"AGTGACTGTCATTCCC-1_1_1","IR","B-ActMem",2.87905642182637,5.30252721575435
"AGTGATCAGACGGAAA-1_1_1","IR","B-Act2",3.92891976029683,1.97938754824336
"AGTGCCGCAGAGGACT-1_1_1","IR","B-Act1",-2.07137552111339,2.33549204138454
"AGTGCCGTCCTGGTCT-1_1_1","IR","B-Naive",-2.88435176222515,-3.02959511014287
"AGTGTTGTCAGGTGTT-1_1_1","IR","B-ActMem",4.25359865815449,4.95208695200618
"AGTTAGCCATAAGCAA-1_1_1","IR","B-Naive",-1.42572120039653,0.207096483980974
"AGTTCCCAGATACTGA-1_1_1","IR","B-Naive",0.74792924315739,-0.560949179852644
"AGTTCGAGTTTCACAG-1_1_1","IR","B-Naive",-0.84191176502895,0.185254481112322
"ATACCGAAGCCGTAAG-1_1_1","IR","B-Naive",0.645793525288585,-3.3522665235645
"ATACCGACATGCTGCG-1_1_1","IR","B-Naive",-0.822248490740772,-2.22040555211369
"ATACCTTGTCTGTAGT-1_1_1","IR","B-Mye",-0.586084665944096,7.37310436037715
"ATAGGCTTCACAGAGG-1_1_1","IR","B-ActMem",3.94383808762837,5.24007823733028
"ATATCCTCAGGTGAGT-1_1_1","IR","B-Naive",1.33543595464039,-1.62300512524907
"ATCACAGCACCGAATT-1_1_1","IR","B-Naive",0.556498316834453,-3.1012088987476
"ATCACAGCAGGTCTCG-1_1_1","IR","B-Naive",-0.344091044952389,-0.445211264813582
"ATCACAGTCAGTGCGC-1_1_1","IR","B-Naive",0.48940166623402,0.96550269094642
"ATCACGACATGACGGA-1_1_1","IR","B-Naive",3.53621193558979,-2.95194599362675
"ATCACTTTCGCCACTT-1_1_1","IR","B-Naive",-2.64290335982036,-3.07833883496586
"ATCATTCGTCGGTACC-1_1_1","IR","B-Naive",1.67981847913075,2.73166897562679
"ATCCACCTCACAACCA-1_1_1","IR","B-Naive",-2.56234100668621,-4.01099703046147
"ATCCGTCCACCTGCGA-1_1_1","IR","B-Naive",2.78133055360127,3.3153486516827
"ATCCGTCTCCCGAATA-1_1_1","IR","B-Naive",-2.76383689253521,-3.20069954129521
"ATCCTATGTACCGGAA-1_1_1","IR","B-ActMem",3.47059413583088,4.78512027529415
"ATCCTATTCCTTCTTC-1_1_1","IR","B-ActMem",4.41403814942646,3.73646762636836
"ATCGTAGAGTGGAAAG-1_1_1","IR","B-Naive",2.38230129868794,-1.51795336934392
"ATCGTGAAGATAGTGT-1_1_1","IR","B-Naive",2.70448848397541,1.63811596897777
"ATGAAAGGTCAAATCC-1_1_1","IR","B-Naive",1.84437224061299,1.62254979876216
"ATGAGTCGTATAGGGC-1_1_1","IR","B-Naive",1.57794222028065,2.36626389292415
"ATGAGTCGTTTCGTGA-1_1_1","IR","B-Naive",2.03068277032185,0.387792971407732
"ATGATCGGTGGCTCTG-1_1_1","IR","B-Naive",1.76489469201374,2.4232234027737
"ATGCGATAGATCACTC-1_1_1","IR","B-ActMem",3.37915727288533,3.69854166773494
"ATGGGAGGTAGTCTGT-1_1_1","IR","B-Act2",4.70694777161885,1.8288361695164
"ATTACCTTCGACGCGT-1_1_1","IR","B-Naive",-2.48363760321331,-2.94407794209782
"ATTCACTTCTCCATAT-1_1_1","IR","B-Act1",-4.18935397474956,-1.26090643140141
"ATTCATCAGGAAGTGA-1_1_1","IR","B-Naive",-0.656289966990467,1.54293605354961
"ATTCATCAGGCCTTGC-1_1_1","IR","B-Naive",-1.77281621306133,-4.63621923657719
"ATTCATCAGTTGTACC-1_1_1","IR","B-Naive",-1.78844979613018,-4.48091623517338
"ATTCATCTCTAGCAAC-1_1_1","IR","B-Naive",-0.914017113139149,-2.83050439091984
"ATTCCATTCGTGGGTC-1_1_1","IR","B-Naive",2.72924253136921,1.25499143866237
"ATTCCCGAGCCGATCC-1_1_1","IR","B-ActMem",3.94625231416035,3.93444731501277
"ATTCCCGCAGCTTCGG-1_1_1","IR","B-ActMem",3.34956905038166,3.56904795435603
"ATTCCCGTCGCGGACT-1_1_1","IR","B-Act2",5.03863140733052,1.09143251222905
"ATTCCTAAGCATCCCG-1_1_1","IR","B-Naive",-0.128904867199477,-3.38405391904179
"ATTCGTTGTCGACGCT-1_1_1","IR","B-Naive",2.22339221627522,-0.666048619473616
"ATTCTACCACCGCTAG-1_1_1","IR","B-Naive",0.952385751317028,0.311227765356859
"ATTGGGTCAAGACAAT-1_1_1","IR","B-Naive",-1.98634353487682,-2.28659984799687
"ATTGGGTCACGACGAA-1_1_1","IR","B-Naive",2.37161347062397,0.278426971709093
"ATTGGGTTCTTGAGCA-1_1_1","IR","B-ActMem",3.12396999985981,4.58433559206661
"ATTGTTCCAGCGTTTA-1_1_1","IR","B-Naive",0.0153258273105658,-2.74099251958195
"ATTTCACCAGTAGAAT-1_1_1","IR","B-Naive",-1.29256406634044,-1.31197855206792
"ATTTCTGAGGGCAATC-1_1_1","IR","B-Naive",-0.804984839846607,-2.62691995831792
"CAACAACTCCAGTGCG-1_1_1","IR","B-Act1",-4.10389092772197,0.379925217902025
"CAACAACTCTATCGTT-1_1_1","IR","B-Naive",-1.42859748213482,-4.8588845464832
"CAACAGTCAATTGTGC-1_1_1","IR","B-Act2",4.78349873215962,2.08912196425136
"CAACCAATCCCATAAG-1_1_1","IR","B-Naive",-3.26866367666912,-3.02992412778203
"CAACCTCAGTTGGCGA-1_1_1","IR","B-Act1",-4.60049823134136,0.452196922575792
"CAACCTCGTGCCTGAC-1_1_1","IR","B-Naive",0.7306310811739,-1.9473318788654
"CAACGATCAACTGGTT-1_1_1","IR","B-Naive",1.05899414212513,-2.48281118604008
"CAAGACTAGGGCGAAG-1_1_1","IR","B-Naive",-0.410746755291935,0.192965712820848
"CAAGACTGTAAGGAGA-1_1_1","IR","B-Naive",1.23557278306294,-0.122059199536482
"CAAGACTTCTCGCCTA-1_1_1","IR","B-Naive",-0.694733174731251,-3.86451170178715
"CAAGAGGCAATATCCG-1_1_1","IR","B-Naive",1.14584120900441,-0.980601045811812
"CAATACGAGTCCTGCG-1_1_1","IR","B-Naive",0.540179578373913,-2.13916609021489
"CAATCGAAGGGAGGAC-1_1_1","IR","B-Naive",-2.1124629101057,-0.334140870297591
"CAATGACTCATTACGG-1_1_1","IR","B-Act1",-0.0282538106937372,-1.38171145650212
"CAATTTCGTCGAGTTT-1_1_1","IR","B-Naive",2.01846501023579,0.940375831400713
"CACAGATAGCTGAGTG-1_1_1","IR","B-Naive",-2.19874552099895,-0.500854108060042
"CACATGACATCCAACA-1_1_1","IR","B-Naive",1.1453381458025,-3.19647142621342
"CACCGTTGTAGAGATT-1_1_1","IR","B-Act2",5.15117594392109,1.51651897696193
"CACGGGTAGCTTAGTC-1_1_1","IR","B-Naive",1.43473300130177,-0.893479439938704
"CACGGGTGTTGGAGAC-1_1_1","IR","B-Naive",0.840717939446453,1.28017893103298
"CACTAAGAGTCGAAGC-1_1_1","IR","B-Act1",-2.60031917898845,0.346002009188493
"CACTAAGGTCCCTGAG-1_1_1","IR","B-Act1",-3.74799326269817,-0.697148177350203
"CACTGGGCAAGCACCC-1_1_1","IR","B-Act1",-5.42660287230205,0.836563032543024
"CACTTCGGTATGCTTG-1_1_1","IR","B-Naive",1.32598492295552,1.88279685047801
"CAGATCAAGAGATGCC-1_1_1","IR","B-Naive",-0.490221711089131,-3.04133579465214
"CAGATTGCACAGCTTA-1_1_1","IR","B-Act1",-3.62749150603008,1.06063808170493
"CAGCAATGTACCTATG-1_1_1","IR","B-Act1",-4.08150676100444,0.621109273707231
"CAGCACGCAGCGATTT-1_1_1","IR","B-Naive",0.886728731701855,0.087264802729448
"CAGCGTGGTACCCGAC-1_1_1","IR","B-ActMem",3.70801469476033,4.53145435122188
"CAGGCCACAGATCCAT-1_1_1","IR","B-ActMem",2.91433974892903,3.46377876070674
"CAGGGCTAGTAGAGTT-1_1_1","IR","B-Naive",-1.61745897143077,0.627005782400926
"CAGGTATAGCCTCTTC-1_1_1","IR","B-Act2",3.81347295434285,3.11439039972957
"CAGGTATTCGAGTGAG-1_1_1","IR","B-Act1",-0.94334957211208,2.09859040049251
"CAGTGCGTCTCAGAAC-1_1_1","IR","B-Naive",-2.14843967764568,0.136298742567857
"CAGTTAGAGGTAACTA-1_1_1","IR","B-Naive",-0.450467171360966,-2.57129285069768
"CAGTTAGAGTGATCGG-1_1_1","IR","B-Naive",2.25418516785908,1.90646096733745
"CATACCCAGCGACAGT-1_1_1","IR","B-Act1",-4.33281043379497,0.969815630888303
"CATACCCAGGTTATAG-1_1_1","IR","B-ActMem",3.12882753999043,3.64346912172969
"CATACTTCATTGCAAC-1_1_1","IR","B-Act1",-4.9905557951231,0.525908675467333
"CATACTTGTGCCCGTA-1_1_1","IR","B-Naive",-1.0471678098936,-0.500721428120772
"CATCAAGAGTAAGACT-1_1_1","IR","B-Naive",-1.08933332770061,-0.628838393414656
"CATCAAGTCTTACCAT-1_1_1","IR","B-Naive",-0.293615402867314,-3.81409713956181
"CATCCACTCAAGGAGC-1_1_1","IR","B-Act1",-4.22145036070537,-0.0994370910770095
"CATCCCAAGTAAATGC-1_1_1","IR","B-Naive",-0.436903001954075,-2.31408188077275
"CATCCGTCAATAGTAG-1_1_1","IR","B-Naive",-1.43962028830242,0.904967200433572
"CATCCGTCAGGCGATA-1_1_1","IR","B-ActMem",4.34725853593159,5.47168948916133
"CATCCGTTCGAAGCCC-1_1_1","IR","B-Naive",-0.607517989565846,2.32978811529811
"CATCGCTGTAGCGATG-1_1_1","IR","B-Naive",-1.59608784525585,-4.39101001950566
"CATCGCTTCATAGACC-1_1_1","IR","B-Act1",-5.45927623121929,1.84919705656703
"CATGAGTAGTAACAGT-1_1_1","IR","B-Naive",-1.08320191710186,0.778818872248491
"CATGCAAGTTCCACGG-1_1_1","IR","B-Act1",-5.2652230581541,1.8864522841328
"CATGCGGAGTAGAGTT-1_1_1","IR","B-Naive",-0.520768704106327,0.0331033733242356
"CATGCGGCACTTGGCG-1_1_1","IR","B-Act2",4.91921087891865,1.75442418125804
"CATGCTCCAATCAAGA-1_1_1","IR","B-Naive",-0.591529162814137,-3.98527691098515
"CATGCTCCACTGGATT-1_1_1","IR","B-Act1",-1.34982732145977,2.54212143686946
"CATGGTAAGTATGAAC-1_1_1","IR","B-Naive",1.77307829053212,-1.97044036122624
"CATTGAGAGCGCCGTT-1_1_1","IR","B-ActMem",3.02741452843953,4.19363930491146
"CATTGAGAGTCATCCA-1_1_1","IR","B-Naive",-0.544235529591557,2.0325709846371
"CATTGTTCAATGAACA-1_1_1","IR","B-Act1",1.06345876843739,0.953597058033308
"CCAATGAGTGGTTCTA-1_1_1","IR","B-Naive",2.5963811555605,1.07489896235402
"CCAATGAGTTGCCAAT-1_1_1","IR","B-Naive",-1.28195765822124,-2.16623494359318
"CCAATTTTCGTGCACG-1_1_1","IR","B-Naive",-3.16584161131572,-3.72743150922124
"CCACCATCACAACGTT-1_1_1","IR","B-Act1",-4.34583094923687,-0.670295092785994
"CCACGTTTCAGGGATG-1_1_1","IR","B-Act1",-4.10658267348003,1.6399478581303
"CCATAAGGTCTAACGT-1_1_1","IR","B-Naive",-2.96289900152874,-1.89376899930302
"CCATCACCAAAGGGTC-1_1_1","IR","B-Naive",-2.44990614264202,0.803724866782983
"CCATCACTCAGACATC-1_1_1","IR","B-Naive",-2.31682995169353,-4.4136621687061
"CCATCACTCTGCTGAA-1_1_1","IR","B-Act1",-3.16002920477581,0.680068251168092
"CCCAACTTCAAGTGTC-1_1_1","IR","B-Act1",-4.98530295698833,1.50033691195186
"CCCGAAGAGATAGCAT-1_1_1","IR","B-Act1",-4.81232312529277,1.00183295128282
"CCCGGAAAGTACAACA-1_1_1","IR","B-Naive",-0.196221055676457,-0.836296174252669
"CCCTCAACACCATTCC-1_1_1","IR","B-Naive",-3.47186044066143,-2.65152785512272
"CCGAACGAGGCCATAG-1_1_1","IR","B-Naive",-2.99788955061626,-0.970693323338667
"CCGAACGGTACGGATG-1_1_1","IR","B-Act2",4.81444689423848,1.37519225147899
"CCGAACGTCAAAGACA-1_1_1","IR","B-Naive",2.00003763825703,1.09843106237586
"CCGAACGTCAACACCA-1_1_1","IR","B-Naive",-0.0835911354322397,-2.2581126424915
"CCGATCTAGGTGCAGT-1_1_1","IR","B-Act1",-3.48939088194561,1.30019125012096
"CCGATCTCAGCTTCCT-1_1_1","IR","B-Act1",-5.21434024183941,2.250021603381
"CCGATCTTCACGACTA-1_1_1","IR","B-Naive",-0.166552795310732,-2.56692096921269
"CCGATGGCATTCTTCA-1_1_1","IR","B-Naive",2.60393258721638,-2.62979266377751
"CCGATGGTCATTTACC-1_1_1","IR","B-Naive",-0.40242207257938,-1.75210401746098
"CCGATGGTCCAACTAG-1_1_1","IR","B-Naive",2.04663893372822,0.0825714137905442
"CCGATGGTCTTGTGCC-1_1_1","IR","B-ActMem",2.97759052903462,4.51719882754024
"CCGCAAGAGTTCCGTA-1_1_1","IR","B-Naive",1.33415457398701,0.899910387074312
"CCGGGTATCGACGCGT-1_1_1","IR","B-Act2",5.22136828095723,1.81236472395595
"CCGGGTATCGTGCATA-1_1_1","IR","B-ActMem",3.21703836114216,5.26669481066402
"CCGGTGAAGGGCAATC-1_1_1","IR","B-Naive",-0.814511867453572,-4.85406944485966
"CCGGTGAAGTAGTGCG-1_1_1","IR","B-Naive",0.871161428997997,1.39677357343372
"CCGGTGATCTTACACT-1_1_1","IR","B-Naive",-0.688224228312489,-3.61742469998662
"CCTAACCCACCAGGTC-1_1_1","IR","B-Naive",-0.702564688612934,-3.76124260159794
"CCTAAGAAGGGACTGT-1_1_1","IR","B-Act2",-1.75769975989055,0.272814896380266
"CCTACGTAGAGTATAC-1_1_1","IR","B-Naive",2.56313654572773,2.32403328684505
"CCTACGTCAGGCTCTG-1_1_1","IR","B-Naive",-1.59562471716594,-3.27997705670659
"CCTACGTTCATCCCGT-1_1_1","IR","B-Naive",1.24957689435292,-3.37974474164311
"CCTCAGTCATATACCG-1_1_1","IR","B-Naive",-0.696403475691792,-2.25066992970769
"CCTCAGTGTTTCGTGA-1_1_1","IR","B-ActMem",3.53918048531819,5.09458091524776
"CCTCAGTTCCGTTGAA-1_1_1","IR","B-Naive",-1.81938794462871,-3.19382927151982
"CCTCATGCACCGTGCA-1_1_1","IR","B-Naive",1.4575130620699,-1.91132495137517
"CCTCATGTCCGATCTC-1_1_1","IR","B-Naive",-2.22003033964824,-3.60486719342534
"CCTCTAGTCGCGTTTC-1_1_1","IR","B-Act2",4.82702204377461,1.83265205887493
"CCTCTCCAGGATACCG-1_1_1","IR","B-Naive",3.83971807153035,2.83379009035762
"CCTCTCCCAGAGAAAG-1_1_1","IR","B-Naive",-0.806859227110859,-2.30388757916752
"CCTGCATAGTATGAAC-1_1_1","IR","B-Act1",-5.50624039976787,2.09737923411067
"CCTGTTGGTAACGCGA-1_1_1","IR","B-Act1",-5.45876172392559,1.81555750635799
"CCTTTGGAGACGGAAA-1_1_1","IR","B-Naive",2.10112759263325,1.87847497728999
"CGAAGGACAGAGAAAG-1_1_1","IR","B-Naive",3.64888688714314,-3.08171341153447
"CGAAGTTAGACTCGAG-1_1_1","IR","B-Naive",-1.82350364535045,-1.75572440358464
"CGAGGAAAGATAGTCA-1_1_1","IR","B-Naive",-1.88075509875011,-1.40320250722233
"CGAGGCTCACTGGAAG-1_1_1","IR","B-Naive",-2.33511522619915,-4.54597065182988
"CGAGGCTTCAGAGCGA-1_1_1","IR","B-Naive",-1.00474664776516,1.40089589027103
"CGAGGCTTCTGTAACG-1_1_1","IR","B-ActMem",3.66773792893696,4.50754239824947
"CGAGTTAAGCTGCGAA-1_1_1","IR","B-Naive",1.05465230138111,0.0964659121387803
"CGAGTTATCGCCGTGA-1_1_1","IR","B-Naive",-0.37356853692722,-1.78722378941838
"CGATGCGGTGACTGAG-1_1_1","IR","B-Naive",0.635967163155559,-0.111101481640974
"CGATGCGGTGCTGCAC-1_1_1","IR","B-Naive",2.581535307477,1.15565704969104
"CGATGCGTCGATAACC-1_1_1","IR","B-Naive",2.08178040177632,2.496887710368
"CGCATAACATCATTTC-1_1_1","IR","B-Act1",-5.31654790251445,-0.00562402936283712
"CGCATAAGTGGATCAG-1_1_1","IR","B-Act2",3.81605216653157,1.41092484859165
"CGCATGGGTGCAATGG-1_1_1","IR","B-Naive",0.103750852654461,-0.939289066517988
"CGCGTGAGTCATCTAG-1_1_1","IR","B-Naive",0.445766238282207,0.401558664118608
"CGCGTGATCTATCACT-1_1_1","IR","B-Naive",0.308233199427608,-2.41454765530888
"CGGAACCCAGCTCTGG-1_1_1","IR","B-Act1",-5.19028571455669,1.97121515539821
"CGGAATTAGCTTCGTA-1_1_1","IR","B-Naive",0.495126692364696,0.102532532488664
"CGGACACCAGTTCCAA-1_1_1","IR","B-Naive",-3.44350031225872,-1.21876475545231
"CGGGACTGTCTCACAA-1_1_1","IR","B-Naive",4.38920256287861,-2.07290622922246
"CGGGCATGTGGCTGCT-1_1_1","IR","B-Act1",-2.64416864721965,1.17479772535499
"CGGGTCACATAAGATG-1_1_1","IR","B-Naive",-1.17574826090526,-1.13094947072331
"CGGGTCAGTACAGAGC-1_1_1","IR","B-Naive",2.239738432477,1.17255267170604
"CGGGTGTAGAATTGTG-1_1_1","IR","B-Naive",-0.276878508021351,-0.595713350499312
"CGGGTGTGTAGAGTTA-1_1_1","IR","B-Naive",1.77074822575856,-2.08109781476323
"CGGGTGTGTGCGGTAA-1_1_1","IR","B-Naive",-0.692850144793507,1.08252469492491
"CGTAAGTGTCGAGATG-1_1_1","IR","B-Naive",3.08981177003193,-0.791723582471052
"CGTAATGAGTTGTCGT-1_1_1","IR","B-Act1",-4.01340487806987,1.98518195418056
"CGTAGTACAGCGTTGC-1_1_1","IR","B-ActMem",3.29630180985737,4.28968789843257
"CGTCCATAGCATACTC-1_1_1","IR","B-Naive",-2.75450113623333,-2.24587890836064
"CGTCCATGTGCAGATG-1_1_1","IR","B-ActMem",3.14258381516743,4.82782390383418
"CGTCCATTCTGGGCGT-1_1_1","IR","B-ActMem",3.62293621690083,5.20690706041988
"CGTGAATTCTGTCAGA-1_1_1","IR","B-Naive",0.072069404433254,1.43980908063587
"CGTGCTTAGCACTCGC-1_1_1","IR","B-Naive",1.72013041169453,0.428350177084764
"CGTGCTTTCAGAGCAG-1_1_1","IR","B-Plasma",12.2821488061647,0.480032351290544
"CGTGTCTAGATCGGTG-1_1_1","IR","B-ActMem",3.76965352685261,3.83496167925533
"CGTTGGGAGAAGGATG-1_1_1","IR","B-Naive",0.696581152985576,2.26557567385372
"CGTTGGGTCTACCAGA-1_1_1","IR","B-ActMem",3.38767835290242,5.17865302828487
"CTAACTTAGAGACAAG-1_1_1","IR","B-Naive",2.08643099458027,-0.850598308766524
"CTAACTTAGTCATGCT-1_1_1","IR","B-Act1",-4.78009847014141,1.94319983986553
"CTAAGTGTCGAGAGAC-1_1_1","IR","B-Naive",2.18178483636189,1.95613243845638
"CTACAGAGTCCAGCCA-1_1_1","IR","B-Act1",-5.49871781676006,1.98643973139461
"CTACATTGTGAGGATC-1_1_1","IR","B-Act1",-5.09336140959453,2.43687465456661
"CTACCCAGTTCGTGCG-1_1_1","IR","B-Act1",-4.52068188994121,1.65719481972392
"CTACCTGCATGACGTT-1_1_1","IR","B-Naive",-2.19200304358196,-2.89334532948796
"CTACGGGCACAACGCC-1_1_1","IR","B-Naive",-1.06321791022014,-4.48019478055302
"CTACGGGCAGCCTACG-1_1_1","IR","B-Act1",-0.907302471091267,1.76801201370891
"CTACTATCAGGGACTA-1_1_1","IR","B-Act1",-3.74170354216289,1.48574548629459
"CTAGGTAAGACGGATC-1_1_1","IR","B-Naive",-1.41033438055706,0.840857055460771
"CTAGGTAAGTGCTACT-1_1_1","IR","B-Naive",1.02026662022877,-2.57554886075322
"CTATAGGTCATCGCAA-1_1_1","IR","B-Act1",-4.32660344450664,2.42536154059108
"CTATCCGAGATTTGCC-1_1_1","IR","B-Act1",-4.0218639692564,0.757890966212114
"CTATCTAAGTCTCGTA-1_1_1","IR","B-Act2",5.31378790528584,1.90528443125423
"CTATCTATCCACAGCG-1_1_1","IR","B-Naive",4.30964037568379,-1.21621677609746
"CTCAACCGTCGTGGAA-1_1_1","IR","B-Naive",1.07698973805714,1.66775306729015
"CTCAGGGCAATAGTAG-1_1_1","IR","B-Naive",0.102277351329807,-1.15819666119877
"CTCAGGGCACTTGACA-1_1_1","IR","B-Naive",-0.67601695864391,-2.86601588460271
"CTCAGGGTCGTGAGAG-1_1_1","IR","B-Naive",-1.28578689902019,1.61081882980998
"CTCAGTCAGTCCTGTA-1_1_1","IR","B-Naive",-2.43806413023662,-3.75936243268315
"CTCATCGGTGCCGGTT-1_1_1","IR","B-Naive",-2.95275405256939,-4.06078169080082
"CTCATTATCTCGCAGG-1_1_1","IR","B-Naive",-1.86558929293346,-3.60477945538823
"CTCCATGAGGATTCCT-1_1_1","IR","B-Naive",-0.994427593638416,-3.4916650983936
"CTCCATGCAAGCCCAC-1_1_1","IR","B-ActMem",4.44938322694111,3.76728322771724
"CTCCATGCAATGACCT-1_1_1","IR","B-Act2",3.5924167314272,0.0213045146816575
"CTCCATGCATCCGTTC-1_1_1","IR","B-Naive",-3.48796871512127,-2.97821352216069
"CTCCCTCGTCAACACT-1_1_1","IR","B-Act1",-5.52071669905376,-0.0603502723819411
"CTCCGATCATCAGTGT-1_1_1","IR","B-Act1",-1.83980205862713,-1.3576409551746
"CTCCTCCCAAATTGGA-1_1_1","IR","B-Naive",-2.13279298155498,-2.34623286458317
"CTCCTCCTCTCTAGGA-1_1_1","IR","B-Naive",0.212389288256649,-0.684743854725996
"CTCCTTTAGGCTCTAT-1_1_1","IR","B-Act2",3.61590119988728,0.283083644186815
"CTCGAGGCACTAGAGG-1_1_1","IR","B-Act1",-3.94491651861858,0.896254148756822
"CTCTCAGGTTCCTTGC-1_1_1","IR","B-Naive",0.476304141591076,-4.28896162244145
"CTCTGGTCATCAACCA-1_1_1","IR","B-Naive",0.788876203606609,-3.62753889294926
"CTGAGGCAGGAGAGTA-1_1_1","IR","B-Naive",-2.52019480078411,-0.941733214581648
"CTGAGGCTCTCGTGAA-1_1_1","IR","B-Naive",-1.73757615893077,-2.07996818753544
"CTGCATCCATCCGCGA-1_1_1","IR","B-Naive",2.05300542504597,-0.127803418362776
"CTGCCATCAATGCAGG-1_1_1","IR","B-Naive",-0.647534998347279,-1.9312607977039
"CTGCCATGTCAAGGCA-1_1_1","IR","B-Act2",4.30426069886494,1.34689184693035
"CTGCCTAAGGTATAGT-1_1_1","IR","B-Mye",-0.725906105925556,6.82373168734249
"CTGCTCAAGTTGCTCA-1_1_1","IR","B-Act1",-4.50968554823589,2.23181238440212
"CTGCTCAGTTTCGACA-1_1_1","IR","B-Naive",-1.61693218558025,-4.4061782095081
"CTGGCAGCATGCCGGT-1_1_1","IR","B-Naive",4.17868467957783,-2.40969297620122
"CTGGTCTAGTCAATCC-1_1_1","IR","B-Naive",-0.8472338041563,-4.52634308072392
"CTGTAGACACGGAAGT-1_1_1","IR","B-Act1",-0.389254274060246,1.81066164044078
"CTGTATTCATGGCTGC-1_1_1","IR","B-Naive",-0.639765473296162,-3.21994468900029
"CTGTCGTCACGCGCAT-1_1_1","IR","B-Naive",0.834703473160747,0.570024278437456
"CTGTGAATCGCGTGCA-1_1_1","IR","B-Act1",-1.56144133417797,2.20274904040035
"CTGTGGGAGTCAGCGA-1_1_1","IR","B-Naive",2.11533638627339,-2.33781072827641
"CTGTGGGGTTAGGGTG-1_1_1","IR","B-Naive",-3.45805910437297,-1.92186209889714
"CTTACCGAGGAATTAC-1_1_1","IR","B-Act1",-4.93076899855327,0.304679897105058
"CTTCAATCAGGAGACT-1_1_1","IR","B-Mye",-1.17493632643413,6.41314580706294
"CTTCAATGTTCGAAGG-1_1_1","IR","B-Naive",1.54267546326924,-0.353393051350752
"CTTCCGAAGTCTAGAA-1_1_1","IR","B-Naive",0.992840258191112,1.23554256228145
"CTTCCGACACTCCCTA-1_1_1","IR","B-Act1",-5.12943890898418,1.83135732678111
"CTTCCTTAGAAGTCTA-1_1_1","IR","B-Naive",2.55061766297627,-1.93902513715092
"CTTCCTTGTGCTCTCT-1_1_1","IR","B-Naive",3.75114223153401,-3.08833477231328
"CTTCGGTAGTGCCTCG-1_1_1","IR","B-Naive",1.78108283669758,1.14072738257583
"CTTCTAACACATACTG-1_1_1","IR","B-Naive",0.332402376244549,-2.04672214719121
"CTTCTCTTCTAAGGAA-1_1_1","IR","B-Naive",0.708753792355541,0.535708036696275
"CTTGATTCACTGCACG-1_1_1","IR","B-Act1",-4.86708548872661,2.15851917532619
"CTTGATTCAGGTAGTG-1_1_1","IR","B-Naive",0.639102248261455,2.86375680235561
"CTTTCAATCCCTCAAC-1_1_1","IR","B-Naive",-1.48984435408306,-3.41985199185673
"CTTTCGGTCTCGGCTT-1_1_1","IR","B-Naive",-1.2445898374815,-2.61513731213872
"GAAACCTTCTGTAACG-1_1_1","IR","B-Act1",-5.45880750029277,0.590788003479799
"GAACTGTGTATAGGAT-1_1_1","IR","B-Naive",0.446836022446636,-3.51869318219487
"GAAGAATAGTGCAGCA-1_1_1","IR","B-Act1",-5.40473988859844,1.66373529699977
"GAAGCCCCACCTGTCT-1_1_1","IR","B-Naive",-1.64480307905864,-1.93323704930607
"GAAGCGACAGGAATCG-1_1_1","IR","B-Naive",2.48484489114094,1.87585279015239
"GAAGTAATCACTTGGA-1_1_1","IR","B-Naive",2.18541976601887,-0.119849536145369
"GAATCACGTACACGCC-1_1_1","IR","B-Naive",-2.75324252455425,-3.96722671719853
"GAATCGTGTGTATTGC-1_1_1","IR","B-Plasma",12.1225170770388,0.643382665192445
"GACACGCCAGCTACCG-1_1_1","IR","B-Act1",-5.35937264769268,0.755345311438402
"GACAGCCCAACGACTT-1_1_1","IR","B-Naive",-2.61074498503399,-3.10403511258427
"GACAGCCGTACTGGGA-1_1_1","IR","B-ActMem",3.78014728219319,5.56073596743282
"GACCAATAGCGACTAG-1_1_1","IR","B-Act1",-5.08452514021587,1.27323375312026
"GACCCAGTCGATGCTA-1_1_1","IR","B-Naive",1.53773638398457,-1.58550760480229
"GACCCTTCACCTCAGG-1_1_1","IR","B-Naive",-0.779804082800862,-3.99759981366459
"GACCTTCGTTTGCAGT-1_1_1","IR","B-Naive",-3.65037110655498,2.08324983385738
"GACGCTGTCTTGCAAG-1_1_1","IR","B-Act1",-5.06121066420269,1.88339271811183
"GACGTTACAAATCAGA-1_1_1","IR","B-Act1",3.25035926492024,3.50790550974544
"GACTATGGTATATGGA-1_1_1","IR","B-Act1",-1.92430559008312,1.81798413065608
"GACTCAATCTGAGGTT-1_1_1","IR","B-Naive",2.59997388512898,2.0976972844952
"GACTCTCGTCAGGCAA-1_1_1","IR","B-Naive",-1.51890590994548,0.591407295739015
"GACTTCCGTCCGGTGT-1_1_1","IR","B-Naive",-1.22224727480602,-0.782180878842512
"GAGACCCCAGCTGGTC-1_1_1","IR","B-Naive",-4.81272652952861,0.0502565768116319
"GAGACTTCAGGCTCTG-1_1_1","IR","B-Mye",-0.742661090781208,7.6745684411877
"GAGCTGCTCTGGTGCG-1_1_1","IR","B-Act1",-3.56692078917217,1.86237784889873
"GAGGCAACAGAACGCA-1_1_1","IR","B-ActMem",3.6711783090334,4.50254371432002
"GAGGGTAGTTCGAGCC-1_1_1","IR","B-ActMem",2.87892910630513,4.58499553469356
"GAGGGTAGTTTGCCGG-1_1_1","IR","B-Naive",1.74914178044606,-0.238010260785261
"GAGTTGTAGCAGGTCA-1_1_1","IR","B-Naive",-2.58416107504558,-0.236605379307905
"GAGTTTGGTGAGATAT-1_1_1","IR","B-Naive",-2.4943502268095,-1.73353001805607
"GATAGAATCGGCCTTT-1_1_1","IR","B-Act1",-2.38514784186077,0.439635303294023
"GATAGCTGTGCGTGCT-1_1_1","IR","B-Plasma",12.0957550683718,0.640201684510072
"GATAGCTTCCGGACGT-1_1_1","IR","B-Naive",4.53524109513569,-2.10356328221623
"GATCACAAGCTTGTGT-1_1_1","IR","B-Naive",0.46472486645985,-0.576705548489729
"GATCCCTTCCATTTAC-1_1_1","IR","B-Naive",-3.23737815230083,-3.37356350156132
"GATCCCTTCCCGAGGT-1_1_1","IR","B-ActMem",4.24968144089985,4.95091488627132
"GATCGTACAAGTGACG-1_1_1","IR","B-Naive",2.10790106446553,1.68582942751582
"GATGAGGAGCCTGAAG-1_1_1","IR","B-ActMem",4.43738123566914,3.91150787142452
"GATGAGGAGTTGCCTA-1_1_1","IR","B-Naive",-1.04855719416332,1.70196213988002
"GATGATCAGGCTATCT-1_1_1","IR","B-Naive",-2.87226775496196,0.65783357289966
"GATGATCGTTCTCGTC-1_1_1","IR","B-Naive",-2.08128956167888,-0.076338860715071
"GATGCTACATTCGATG-1_1_1","IR","B-Naive",-0.371244224001881,-0.163912269795576
"GATGCTAGTTGGATCT-1_1_1","IR","B-Naive",-0.719107182909962,-1.98035261365239
"GATGGAGCAGAAGTGC-1_1_1","IR","B-ActMem",2.89605852753926,3.80855157641109
"GATGGAGTCGTGGGTC-1_1_1","IR","B-Naive",1.35136279256153,1.48528438476261
"GATGTTGGTCAACCTA-1_1_1","IR","B-Naive",-2.63468006460857,-1.82044574948613
"GATGTTGTCGCCTTGT-1_1_1","IR","B-Naive",0.0766723731260336,-3.07711670132939
"GATTTCTCAACAGTGG-1_1_1","IR","B-Naive",-0.675903531004902,-1.12435052129094
"GCAACATTCTGATTCT-1_1_1","IR","B-ActMem",4.22677466065693,4.9997842576855
"GCAACCGTCTAGTTCT-1_1_1","IR","B-Naive",-2.4399113973875,-2.68176600667302
"GCACGTGAGGTGGGTT-1_1_1","IR","B-Naive",1.61393818051625,2.66023280886348
"GCAGGCTTCGCATAGT-1_1_1","IR","B-Act1",-5.50808051436138,1.31304725674327
"GCAGTTATCGAGATAA-1_1_1","IR","B-Naive",-0.716825755526539,-2.31849763127629
"GCATGATCAAGTGCTT-1_1_1","IR","B-Naive",-1.88247969954204,-2.06653043958012
"GCATGATGTCCCACGA-1_1_1","IR","B-Naive",-0.966415973593708,-3.93633815976445
"GCATGATTCGAGTCTA-1_1_1","IR","B-Naive",-2.53885200827312,-3.62617227765385
"GCATTAGCACGTAGAG-1_1_1","IR","B-ActMem",-2.66406420080852,-1.52090332242314
"GCATTAGTCCTAGAGT-1_1_1","IR","B-Naive",-1.62816599219036,-1.91170069905583
"GCCAGCAAGATCCCAT-1_1_1","IR","B-Naive",-2.93352320997905,-2.35456130238835
"GCCAGGTGTACTGAGG-1_1_1","IR","B-Naive",-3.30934432356548,-1.46793195935551
"GCCAGGTTCCGTGTCT-1_1_1","IR","B-Naive",-3.38207462637615,-1.98632762166325
"GCCAGTGCAATACGCT-1_1_1","IR","B-Naive",-2.70492699949932,-2.0319893095142
"GCCATGGAGTGAATAC-1_1_1","IR","B-Act1",-4.34147981016826,1.40844168928798
"GCCATGGCAACCGATT-1_1_1","IR","B-Naive",-1.44066253512096,-1.66952178212468
"GCCCAGAAGCCGTTAT-1_1_1","IR","B-Naive",-0.13049412633222,-3.16528198453251
"GCCCAGACAGATAAAC-1_1_1","IR","B-Naive",-0.898278208662983,-1.10875150891606
"GCCGATGGTGCTGTCG-1_1_1","IR","B-Naive",-2.19621756880474,-0.371448847973982
"GCCGTGATCTGAGATC-1_1_1","IR","B-ActMem",3.72039744050312,3.48750379351314
"GCCTGTTCAAAGCGTG-1_1_1","IR","B-ActMem",-2.88705209105205,-1.63341424199406
"GCGATCGGTGCGAACA-1_1_1","IR","B-Naive",-0.363965736915585,0.557538327252229
"GCGGAAACACCATAAC-1_1_1","IR","B-Naive",3.3465671220522,2.85314860609706
"GCGGAAATCCTTTGAT-1_1_1","IR","B-Naive",0.608002034733776,1.65010663536723
"GCGGAAATCTCTCGAC-1_1_1","IR","B-Naive",-1.57996633856487,-1.12801382275883
"GCGGATCCAATCCAGT-1_1_1","IR","B-Naive",-0.629125269343373,-3.17643377515141
"GCGGATCCAATTCTCT-1_1_1","IR","B-Act1",-1.98693326323223,2.27662387159999
"GCGGATCGTTATAGCC-1_1_1","IR","B-Naive",-0.949743004729267,-0.332823488438765
"GCTACAACACGACCTG-1_1_1","IR","B-Naive",-0.481038185050007,-2.5405935976154
"GCTACAATCTTACGTT-1_1_1","IR","B-Naive",0.444247094700817,-2.78268882962529
"GCTACCTTCCTGCCAT-1_1_1","IR","B-Naive",-1.0549757799406,-4.38893482419316
"GCTCAAATCCAGTACA-1_1_1","IR","B-Naive",0.750099269459728,-1.94465491505925
"GCTGGGTTCGAAGCCC-1_1_1","IR","B-Mye",0.0897104719381369,7.48989465502437
"GCTTCACTCTTACTGT-1_1_1","IR","B-Naive",0.537404028485302,-4.02786228390996
"GGAATGGGTGTACGCC-1_1_1","IR","B-Naive",0.502404955933574,0.878449496304353
"GGACGTCAGAACCGCA-1_1_1","IR","B-Naive",-3.06719663946819,-4.09303781720463
"GGACGTCGTATTCTCT-1_1_1","IR","B-Naive",-0.289412351538655,0.602060433899721
"GGAGAACCAAACTCGT-1_1_1","IR","B-Act1",-3.55113366453838,0.473604646002611
"GGAGAACCAGGCATGA-1_1_1","IR","B-Act1",-1.55082503168773,2.05636277464565
"GGAGAACGTGCAATGG-1_1_1","IR","B-Naive",0.317517159293178,-0.135809156621138
"GGAGAACTCCCTCAAC-1_1_1","IR","B-Naive",0.229012219021801,-1.38162371846501
"GGAGGATAGTTGCCCG-1_1_1","IR","B-ActMem",3.18982073457051,4.07659127978023
"GGAGGATCATGTGCCG-1_1_1","IR","B-Act1",-5.39467957823467,1.55160227087673
"GGAGGATGTAGACAAT-1_1_1","IR","B-Act1",-5.13980916350078,1.52171456483539
"GGAGGTAAGCGATGCA-1_1_1","IR","B-Act1",-3.49590996115398,2.145738151347
"GGATGTTAGCTGAGTG-1_1_1","IR","B-ActMem",3.50508019120503,5.38259151247676
"GGCACGTAGCATCTTG-1_1_1","IR","B-Naive",0.364837346385006,0.605534729039034
"GGCAGTCAGACTCTTG-1_1_1","IR","B-Naive",1.2518188634615,0.338956144129595
"GGCGTCAAGCAGTACG-1_1_1","IR","B-Naive",0.60397127063084,0.145914521490892
"GGCGTCATCTAAGGAA-1_1_1","IR","B-Act2",-2.07050410120678,0.111727264201006
"GGCTTGGCAAGCGATG-1_1_1","IR","B-Naive",0.753270892212871,-2.16253087254826
"GGCTTGGCACCGTCGA-1_1_1","IR","B-Naive",-1.3574614843626,-2.42236897679631
"GGCTTTCCAGCACCCA-1_1_1","IR","B-Naive",-0.293642269660946,-2.16979715558354
"GGGACAATCTGAATCG-1_1_1","IR","B-Naive",4.40154644639302,-1.75272533627812
"GGGACCTTCGAAGCAG-1_1_1","IR","B-Act1",-2.77346876471233,1.22271643248733
"GGGACTCAGGTTGACG-1_1_1","IR","B-Naive",0.0886127629976309,1.47700521019634
"GGGAGTAGTCGCGTCA-1_1_1","IR","B-Naive",0.227349517653469,2.09915819433864
"GGGCGTTCATGCGTGC-1_1_1","IR","B-ActMem",3.01033207566548,4.4506287839764
"GGGCGTTGTCGTCAGC-1_1_1","IR","B-Naive",-1.05065110533428,-0.411959383214155
"GGGCTCATCACTGAAC-1_1_1","IR","B-Naive",-1.31385281889629,-3.59239504071538
"GGGTAGACATAGTCGT-1_1_1","IR","B-Naive",-1.68763140051555,-2.30647322865788
"GGGTATTTCTCTTCAA-1_1_1","IR","B-ActMem",3.9970888772707,5.61881234911617
"GGGTCACCAGGAATAT-1_1_1","IR","B-ActMem",3.77772542626667,4.40995576647457
"GGGTCTGCAAATCGTC-1_1_1","IR","B-Naive",2.42383166940022,1.38236876991924
"GGGTGAAAGCAAACAT-1_1_1","IR","B-Naive",0.993442622731212,-2.26127669545476
"GGGTGAAGTAGCTGAG-1_1_1","IR","B-Naive",-0.978253932883259,0.547276076351961
"GGGTGAATCAAGCTTG-1_1_1","IR","B-Naive",0.510564772198681,-2.03958937856022
"GGGTGTCGTCGGAAAC-1_1_1","IR","B-Naive",-1.10033259003353,1.47983774212535
"GGGTGTCGTGTACATC-1_1_1","IR","B-Naive",1.6543907800417,1.6878780987614
"GGTAACTCACAGCTGC-1_1_1","IR","B-Naive",1.4867927709322,-0.230260107243696
"GGTAACTTCGTTCTGC-1_1_1","IR","B-Act1",-2.63562396376323,0.701369669710954
"GGTAATCAGATACTGA-1_1_1","IR","B-ActMem",3.35115143449116,4.62600758341487
"GGTAATCAGGGTTGCA-1_1_1","IR","B-Naive",4.6791219392519,-1.32086631985966
"GGTAATCCATCAGCGC-1_1_1","IR","B-Naive",-0.204045275439736,-2.9883200857288
"GGTCACGTCATCTACT-1_1_1","IR","B-Naive",-0.0665783381361925,-3.87807771893803
"GGTGATTAGTCATGCT-1_1_1","IR","B-Naive",4.33859440476704,-2.45549986096684
"GGTGATTGTGAGTAGC-1_1_1","IR","B-Naive",-0.612136902501103,-0.834435078824202
"GGTGTCGCAAGACAAT-1_1_1","IR","B-Naive",-1.44222751467418,0.530310120856126
"GGTGTCGTCCAACCGG-1_1_1","IR","B-Act1",-4.85468533842754,0.572519388472398
"GGTGTCGTCTTCTGGC-1_1_1","IR","B-Naive",2.63744541795063,1.14172584978279
"GGTGTTAGTAGACACG-1_1_1","IR","B-Act1",-4.16016677229595,1.17819046643909
"GGTTCTCAGAGTTGCG-1_1_1","IR","B-Naive",-1.58935359327984,-0.80981979104344
"GGTTCTCAGCTGTTCA-1_1_1","IR","B-Naive",-3.20273044913005,-1.38786241742436
"GTAAGTCCAATTCTTC-1_1_1","IR","B-Naive",-1.46607795565319,-4.44424459668461
"GTAAGTCCACCGGTCA-1_1_1","IR","B-Naive",-0.211203003515717,0.661778804337343
"GTAGATCAGACCATGG-1_1_1","IR","B-Act2",4.73546406419087,1.73276504543956
"GTAGATCAGCGAGGAG-1_1_1","IR","B-Naive",-1.05158856718731,-0.140425893986861
"GTAGATCGTCCTACGG-1_1_1","IR","B-Act2",3.92734429032612,2.63308801916774
"GTAGCTATCGAACCTA-1_1_1","IR","B-Naive",2.80886170060444,1.02534449515279
"GTAGGAGGTGAGGCAT-1_1_1","IR","B-Naive",2.18005725533772,1.14898643312391
"GTAGTACAGGGCCTCT-1_1_1","IR","B-Naive",-1.62242523043346,-2.22528383466069
"GTAGTACAGTGAGCCA-1_1_1","IR","B-Naive",3.89337059647847,3.7317726877087
"GTATTTCCACAAACGG-1_1_1","IR","B-Naive",1.4266200938921,0.146519866263231
"GTATTTCCACAAGCTT-1_1_1","IR","B-Naive",1.70553716809559,-2.09618041249577
"GTATTTCTCAAAGACA-1_1_1","IR","B-Act1",-0.482490869452473,2.64456560877498
"GTCAAACTCATCGCAA-1_1_1","IR","B-Naive",1.85029968411732,1.74353113440212
"GTCACGGAGATAGCAT-1_1_1","IR","B-Act1",-4.13139251082134,2.06563022402461
"GTCACGGTCGTACCTC-1_1_1","IR","B-Naive",0.38266441018391,-3.28419611188237
"GTCACTCCAGTCAACT-1_1_1","IR","B-Naive",-1.52348867266369,-2.305513593877
"GTCACTCCATGCCGCA-1_1_1","IR","B-Naive",4.40534826905537,-2.42381212445561
"GTCACTCTCACCATGA-1_1_1","IR","B-Naive",3.8336412587862,-0.609187576497237
"GTCATGAAGGCATGCA-1_1_1","IR","B-Naive",-0.0929325392742121,-1.95719191762272
"GTCGAATCATTATGCG-1_1_1","IR","B-Act1",-2.72465256064129,1.64623883036312
"GTCGCGAAGCAATAGT-1_1_1","IR","B-Act1",-1.91991821139049,1.52094396618541
"GTCGTAAAGAGCCCAA-1_1_1","IR","B-Naive",2.12182590157795,2.04117378262218
"GTCGTTCCAAATGAAC-1_1_1","IR","B-Act1",-1.27068355887127,2.01457747486766
"GTCTCACGTCGTCAGC-1_1_1","IR","B-Act1",-4.83920768110942,-0.0947553846484817
"GTCTCACTCCCTATTA-1_1_1","IR","B-Naive",-2.43561604826641,-2.45868632527653
"GTCTTTACAGGCACTC-1_1_1","IR","B-Naive",-2.90072921126079,-3.47007057401005
"GTCTTTAGTCCGGACT-1_1_1","IR","B-Naive",-1.25668600409221,-4.52222511502568
"GTGAGCCAGGATACCG-1_1_1","IR","B-Act2",3.3604511895876,1.02685187240477
"GTGAGGACAACCAACT-1_1_1","IR","B-ActMem",3.40425130517292,5.57943704394039
"GTGAGTTAGTACAGCG-1_1_1","IR","B-Naive",2.01351257951069,2.57016244200405
"GTGATGTTCAGACCGC-1_1_1","IR","B-Act1",-2.53803113310527,0.574033942496141
"GTGATGTTCGATGGAG-1_1_1","IR","B-Naive",2.36063834817219,2.09929433134731
"GTGCACGCATCTATCT-1_1_1","IR","B-Naive",0.139273373196605,-2.17849585744206
"GTGCGTGGTAGCTTTG-1_1_1","IR","B-Act1",-5.04202798216533,0.00804891852076883
"GTGCGTGGTCGCCTAG-1_1_1","IR","B-Naive",-0.0727405643362963,-0.0190083715564406
"GTGCTGGTCGTAGGGA-1_1_1","IR","B-Naive",1.31645807416249,-0.452881905759016
"GTGGCGTAGCGGGTTA-1_1_1","IR","B-Naive",-0.747868987013813,0.237133529459795
"GTGGCGTCACAGAAGC-1_1_1","IR","B-Naive",-0.158449636985775,0.453816917216142
"GTGGGAAGTGGCTGCT-1_1_1","IR","B-ActMem",2.28992935807515,4.45946862963375
"GTGGTTAAGGCACAAC-1_1_1","IR","B-Naive",-2.77903512327861,-0.38342282506291
"GTGGTTAGTGGACCTC-1_1_1","IR","B-Naive",2.37244459779072,0.26707115439113
"GTGGTTATCCCATTTA-1_1_1","IR","B-Naive",3.69681402833271,-1.76540777417485
"GTGTAACGTCGTGTTA-1_1_1","IR","B-Naive",2.11172243745137,1.4308305051678
"GTGTCCTCATGATAGA-1_1_1","IR","B-Naive",-0.221905129243847,1.19863521722492
"GTGTGATAGTAAATGC-1_1_1","IR","B-Naive",4.87784382493306,-1.28189537259404
"GTGTTCCAGTTGAAGT-1_1_1","IR","B-Act1",-4.03987863867473,0.965980034744104
"GTGTTCCCAATCGTCA-1_1_1","IR","B-ActMem",3.33273264558125,4.21623566416438
"GTTACAGTCAATCGGT-1_1_1","IR","B-Act1",-5.61995843260479,0.794822004114946
"GTTACCCGTAGCTGTT-1_1_1","IR","B-Act1",-4.73423198073101,1.51726942924198
"GTTACGAAGATCACTC-1_1_1","IR","B-Act1",1.57267626912403,2.68919244078334
"GTTAGACAGTAAACGT-1_1_1","IR","B-Naive",2.16465303094197,1.46302267578777
"GTTAGTGAGACGCTCC-1_1_1","IR","B-Act2",-3.68603971808147,-1.89986440869633
"GTTAGTGCACGGTGTC-1_1_1","IR","B-Act1",-5.39319566099834,0.571601327931246
"GTTAGTGCAGGCTATT-1_1_1","IR","B-Naive",0.800848928997997,-0.250385615552107
"GTTCATTGTGCCCGTA-1_1_1","IR","B-Naive",-0.238422321369168,-1.86955306264226
"GTTCGCTGTGGACTGA-1_1_1","IR","B-Naive",4.83376356751728,-1.23004815312688
"GTTCTATGTTACAGCT-1_1_1","IR","B-Naive",-0.97299942581844,-1.93885395261113
"GTTGCGGCATGGTACT-1_1_1","IR","B-Naive",-1.86156156866741,0.154220011507829
"GTTGTAGCAGACTGCC-1_1_1","IR","B-Naive",-1.55688873141002,2.09404924181636
"GTTTACTTCATTACTC-1_1_1","IR","B-Naive",2.71198841721821,2.52916314867671
"TAACACGTCATGTCAG-1_1_1","IR","B-Naive",1.11350998074818,-0.698262664998213
"TAACCAGTCAAGTCGT-1_1_1","IR","B-ActMem",3.24937769563008,3.88230922487911
"TAAGCCAAGGCTGAAC-1_1_1","IR","B-Act1",-1.78699985354137,1.93782701758083
"TAAGCCACAGGTGACA-1_1_1","IR","B-Naive",-1.65710428564739,-1.51689955922429
"TAAGCCAGTATCGGTT-1_1_1","IR","B-Mye",-0.625865670134541,7.91841771868404
"TAAGCCAGTCGGTGAA-1_1_1","IR","B-Naive",1.51169904858876,0.85563479033645
"TAAGCGTAGTTAACGA-1_1_1","IR","B-Naive",-0.232149036814686,-0.0481664869434035
"TAAGCGTTCACGGGAA-1_1_1","IR","B-ActMem",3.19323035867024,4.83348706034358
"TAATTCCGTCATTCCC-1_1_1","IR","B-Naive",-2.15426495878887,-2.2401888105518
"TACAACGGTTCCGCAG-1_1_1","IR","B-Naive",-1.71675566046428,-0.0284152958041823
"TACAGGTCACATGTTG-1_1_1","IR","B-Naive",-2.29592731802654,-1.49632856580083
"TACCCACCAGGCGTTC-1_1_1","IR","B-ActMem",4.15102192551899,4.05801799563106
"TACCCACTCAATGTCG-1_1_1","IR","B-Naive",-0.654288919856068,-3.24377319547001
"TACCTCGTCTCTGAGA-1_1_1","IR","B-Naive",-0.672651382376667,-4.06960222455327
"TACCTGCCACCGTCGA-1_1_1","IR","B-ActMem",3.54666682870198,3.69703462389644
"TACCTGCGTAGTTACC-1_1_1","IR","B-Naive",-1.3597249111433,1.28850598303016
"TACGGGCTCTACACAG-1_1_1","IR","B-Naive",2.77765247018147,2.54440095690425
"TACGTCCTCTATCGGA-1_1_1","IR","B-Naive",1.89363953263569,1.41934826639827
"TACTGCCCACTCCACT-1_1_1","IR","B-Naive",-2.5361621698637,-3.43145630093876
"TACTGCCCATGTGGCC-1_1_1","IR","B-Naive",-2.78531602232647,-3.39492675992314
"TACTTACGTTCGTTCC-1_1_1","IR","B-Naive",-3.19166329710674,-1.18897220822636
"TACTTCAAGGGTCACA-1_1_1","IR","B-Naive",-0.417593183209416,0.5358606245869
"TACTTGTAGCTCCATA-1_1_1","IR","B-Naive",-1.66637090056133,-2.96482584210698
"TACTTGTGTCTCTCCA-1_1_1","IR","B-Naive",-0.899181755473133,-4.24058410855595
"TAGACCACACCGTGAC-1_1_1","IR","B-Naive",-0.190008903135773,-1.83514187070195
"TAGACTGAGTAAACAC-1_1_1","IR","B-Act1",-4.19754603712749,1.84121825960811
"TAGACTGCAAATCGGG-1_1_1","IR","B-Naive",4.32284876496601,-2.20618436070744
"TAGATCGAGATCGCTT-1_1_1","IR","B-Naive",-1.03193107454967,-1.32310602399174
"TAGATCGTCGGCCCAA-1_1_1","IR","B-Naive",-1.48592785208416,0.537254538809618
"TAGCACAGTTGTGTTG-1_1_1","IR","B-Naive",-2.67700246184063,-0.551791641438643
"TAGGAGGAGTCGCCAC-1_1_1","IR","B-Naive",0.442996112416271,1.98868336943324
"TAGGAGGTCGGCTGGT-1_1_1","IR","B-Naive",0.51144060284901,1.24718200830158
"TAGGGTTGTAGACACG-1_1_1","IR","B-Act1",-3.53220942824077,0.481331076895555
"TAGGTACTCGCAGATT-1_1_1","IR","B-ActMem",3.72665783555317,3.99560930994686
"TATACCTGTTACCTGA-1_1_1","IR","B-Naive",0.521473971913341,-1.54010698529545
"TATACCTGTTCCAGGC-1_1_1","IR","B-Naive",4.54058453233052,-2.89835307332341
"TATACCTGTTCGGCTG-1_1_1","IR","B-Act1",-4.33077576964092,0.17665686873134
"TATATCCAGCAAATGT-1_1_1","IR","B-Act1",-5.12209943144512,-0.0981708500034011
"TATCGCCGTCTGGTTA-1_1_1","IR","B-Naive",-0.278686152984616,0.772223111664613
"TATCGCCGTTAGGCCC-1_1_1","IR","B-Naive",-0.622810574461933,-3.0952503416187
"TATCTTGAGGTGGTTG-1_1_1","IR","B-Naive",2.74651810319233,2.87561645773586
"TATCTTGTCACCATAG-1_1_1","IR","B-Naive",-0.240083107938286,-2.85455224248234
"TATGTTCAGAGTCTTC-1_1_1","IR","B-Act1",-4.51198342650127,-0.961789104664961
"TATTCCATCCGCGAGT-1_1_1","IR","B-Mye",-0.69884273617458,8.04358318117793
"TATTTCGGTATCGCGC-1_1_1","IR","B-Naive",-1.72285154669475,0.219019737517198
"TCAAGACAGCGCGTTC-1_1_1","IR","B-Naive",-0.513879480053898,-0.373005363667647
"TCAAGTGCACATTGTG-1_1_1","IR","B-Naive",1.78354081303883,-1.45792934628789
"TCAAGTGCACCAATTG-1_1_1","IR","B-ActMem",3.65432950646687,4.74039414194759
"TCAAGTGCAGCAGTAG-1_1_1","IR","B-ActMem",3.00100561768818,3.77909424570735
"TCAATCTCACAGTGTT-1_1_1","IR","B-ActMem",3.78347798974324,4.07657053736385
"TCAATCTGTATTCCTT-1_1_1","IR","B-Act2",5.04006048829365,1.16687627551492
"TCAATTCGTCGTGATT-1_1_1","IR","B-Act1",-3.66728905050945,2.21243574885066
"TCACAAGGTGTGCTTA-1_1_1","IR","B-Naive",-0.763672324110981,-0.923084828580061
"TCACACCAGACCAAGC-1_1_1","IR","B-Act1",-4.83610728590679,0.911722716366609
"TCACGCTGTAGTCCTA-1_1_1","IR","B-Act2",4.09892889649678,0.438025501047929
"TCACTATAGGTGCTTT-1_1_1","IR","B-Act2",5.13362547547627,1.99259552029308
"TCACTATCACTGTTCC-1_1_1","IR","B-Naive",1.32611462266255,-2.94174430104558
"TCACTATTCATTCATC-1_1_1","IR","B-Naive",-2.7638597807188,-2.97886345120732
"TCACTCGCACGAGGTA-1_1_1","IR","B-Naive",1.48529526383686,-0.877166602337996
"TCAGCAAAGGGAGGGT-1_1_1","IR","B-Naive",2.04277273804951,1.89363833931621
"TCAGCCTAGGGCAAGG-1_1_1","IR","B-Naive",-1.62987461893749,0.385287668978533
"TCAGGGCGTGCCCGTA-1_1_1","IR","B-Naive",3.05111786515522,-1.86540696355168
"TCAGGGCTCACTACTT-1_1_1","IR","B-Naive",-3.61019590704631,-2.82597467633549
"TCAGGGCTCATACGAC-1_1_1","IR","B-Act2",3.84505173356343,2.09799518850978
"TCAGGTAAGCATAGGC-1_1_1","IR","B-Naive",0.796072629998211,0.539639201437792
"TCATACTCAGCTTTGA-1_1_1","IR","B-Naive",4.33630892426777,-2.19658825131718
"TCATATCCACCTGCGA-1_1_1","IR","B-Act1",-4.78278973906231,0.156388190066179
"TCATCATGTCTTGCTC-1_1_1","IR","B-Naive",-1.05843243210506,-2.64622375699345
"TCATCCGGTTTCGTAG-1_1_1","IR","B-Naive",-1.21890893786144,-1.68202731343571
"TCATCCGTCCCTTCCC-1_1_1","IR","B-Naive",-3.03591850607586,-2.04608819218938
"TCATGAGGTTAAACAG-1_1_1","IR","B-Naive",1.81977709920216,-1.49041793080632
"TCATGGAAGCGCTGCT-1_1_1","IR","B-Naive",-0.179247902919766,1.0327076180407
"TCATGTTGTATGTCAC-1_1_1","IR","B-Naive",-1.84389701693248,-2.50382492276494
"TCATTACTCCATTTGT-1_1_1","IR","B-Act1",-5.64755729048442,1.08368415055211
"TCATTCAGTGCCTTTC-1_1_1","IR","B-Act1",-5.57041266768169,0.528048959051927
"TCATTGTAGCTGACCC-1_1_1","IR","B-Naive",-1.14860418646526,-2.27554867001835
"TCATTGTTCAGGTGTT-1_1_1","IR","B-Act2",4.35435005814839,0.403580751692613
"TCATTTGTCCACGAAT-1_1_1","IR","B-Naive",-1.66649654715252,-3.47493145200078
"TCCATCGGTTCAAACC-1_1_1","IR","B-Act1",-4.06048158018779,0.921821680342516
"TCCATGCAGTTCTACG-1_1_1","IR","B-Act1",-1.36841753332805,0.243629124438127
"TCCATGCGTTACGGAG-1_1_1","IR","B-Naive",1.94289466531086,1.82042601374324
"TCCATGCTCACAGAGG-1_1_1","IR","B-Naive",-2.12664655058574,-1.38259837361638
"TCCATGCTCCATGATG-1_1_1","IR","B-Naive",2.90888854653645,0.876716491257509
"TCCCACAAGTTCCGTA-1_1_1","IR","B-Naive",-1.2204426845808,-4.44660541745488
"TCCCACAGTAGACGTG-1_1_1","IR","B-Naive",1.32668027074147,1.34148853686984
"TCCGATCCATGGCGCT-1_1_1","IR","B-Naive",-2.41391685812664,-1.40108129712407
"TCCGATCGTGGCTCTG-1_1_1","IR","B-Naive",-0.243299441625591,1.56995001105007
"TCCGATCTCTGAGAGG-1_1_1","IR","B-Naive",-0.0658094829220736,0.187769737517198
"TCCGTGTCACACCTGG-1_1_1","IR","B-ActMem",3.11895081193257,4.43668248919185
"TCCTAATCATGCCGAC-1_1_1","IR","B-Naive",-0.882729621817585,-2.7869052621967
"TCCTCCCCACATACTG-1_1_1","IR","B-Naive",-2.45288375227642,-4.02963039609257
"TCCTCTTTCGAGAAAT-1_1_1","IR","B-Naive",-1.54632559626293,-2.10575196477238
"TCCTCTTTCGCCACTT-1_1_1","IR","B-Naive",-0.654846282889363,1.38753056195911
"TCCTCTTTCTACTCAT-1_1_1","IR","B-Act1",-5.348649533679,0.799895506774744
"TCCTGCAAGCCTCACG-1_1_1","IR","B-Naive",-0.44750133364391,-4.19806835385624
"TCCTGCACAGTTTGGT-1_1_1","IR","B-Naive",-2.49545672743511,-3.79167721005742
"TCCTGCATCTCTTAAC-1_1_1","IR","B-Naive",-2.51181820242595,-3.99332830640141
"TCCTTTCAGCCGAATG-1_1_1","IR","B-Naive",2.51680013329792,-2.48069545956914
"TCGAACAAGAGAGAAC-1_1_1","IR","B-Naive",1.39933952481556,0.149266209875902
"TCGAACACACAGTCCG-1_1_1","IR","B-ActMem",4.18474957139302,4.21587016848262
"TCGAACATCTTTGATC-1_1_1","IR","B-Naive",-3.09074309675884,-2.93767902585332
"TCGAAGTGTGGACCAA-1_1_1","IR","B-ActMem",3.21187278420735,5.03197148111995
"TCGAAGTGTTACAGCT-1_1_1","IR","B-Naive",0.720064727375988,-0.364636156285445
"TCGACGGGTGTAAACA-1_1_1","IR","B-Naive",1.88281699807454,1.48452242878612
"TCGACGGTCCAACTAG-1_1_1","IR","B-Act1",-4.70922091810894,0.0409212377422654
"TCGATTTAGCTACTGT-1_1_1","IR","B-Naive",3.63830110223103,0.0487068560474717
"TCGATTTTCGCGTAGC-1_1_1","IR","B-Naive",0.963272301266674,-2.89770219060246
"TCGCAGGTCTTAGCAG-1_1_1","IR","B-ActMem",3.79692813546467,5.26621225145992
"TCGGATAGTGAATGAT-1_1_1","IR","B-Naive",2.52928992898274,1.73450556067165
"TCGGGACGTATCTCGA-1_1_1","IR","B-Naive",-2.24725178091716,-0.686684343541304
"TCGGGCAAGTGTTCCA-1_1_1","IR","B-Naive",1.75392290742207,1.1126616266125
"TCGGGTGCAGTCAGTT-1_1_1","IR","B-Mye",-0.431009562899586,6.47890928057369
"TCGGTCTCAGCTCCTT-1_1_1","IR","B-Act1",-5.66359046309185,1.46504097846683
"TCGGTCTGTCGCAGTC-1_1_1","IR","B-Naive",1.07198831231404,-2.6267068121082
"TCGTCCAAGTTCACTG-1_1_1","IR","B-Act1",0.547357944558147,1.73840334681209
"TCGTGGGAGCCAGTAG-1_1_1","IR","B-Naive",0.382136015007976,1.21455946234401
"TCTAACTGTCGACTGC-1_1_1","IR","B-Naive",-0.432196440388676,-3.33535883160893
"TCTACATGTCCCGGTA-1_1_1","IR","B-Act1",-3.55854037611675,-1.5689151022083
"TCTACCGAGCGAACTG-1_1_1","IR","B-Naive",-1.8916970810194,0.174475040709337
"TCTATCAAGGGAGAAT-1_1_1","IR","B-Naive",-0.844930978705403,0.816159811293443
"TCTATCATCCGGACTG-1_1_1","IR","B-Naive",0.424544302533153,-4.13341400357548
"TCTCACGCAAGAATGT-1_1_1","IR","B-Plasma",12.3055939355593,0.487501886164507
"TCTCTGGTCGGTAGGA-1_1_1","IR","B-Naive",1.04056378991413,2.53447726038631
"TCTGGCTAGCATGATA-1_1_1","IR","B-Naive",-2.17496779768657,-1.96034285756413
"TCTGGCTCATAGAGGC-1_1_1","IR","B-Naive",2.28116342217732,2.6063288715237
"TCTGTCGTCTCACGAA-1_1_1","IR","B-Naive",-1.77703717558574,-3.17846224042241
"TCTTCCTAGGCAGGTT-1_1_1","IR","B-Naive",2.45146748215962,0.865591835653146
"TCTTCCTCAGACGATG-1_1_1","IR","B-Naive",0.88022562653828,-3.2991602155811
"TCTTTGAAGGCGCTCT-1_1_1","IR","B-Act1",-3.83969262449932,2.00208148029979
"TCTTTGATCAGGACAG-1_1_1","IR","B-Naive",-0.252714799930569,1.24725612667735
"TGAACGTGTACAACGG-1_1_1","IR","B-Naive",0.0288820692997015,1.27647652891811
"TGACAGTAGGAAACGA-1_1_1","IR","B-Naive",2.46865150124836,4.99093678263362
"TGACAGTGTCCCTCAT-1_1_1","IR","B-Naive",2.10927101762104,-0.463991496289412
"TGACCCTGTCATTCCC-1_1_1","IR","B-Act1",-5.2720966657896,0.692522403275331
"TGACCCTTCTGCGAGC-1_1_1","IR","B-ActMem",4.14652296693135,4.99443056849178
"TGACTCCTCAAATAGG-1_1_1","IR","B-Naive",-0.998917253901478,-3.40710518094365
"TGAGACTAGTAACGAT-1_1_1","IR","B-Naive",-1.17614856569957,-1.97514126035039
"TGAGCATGTCAAGGCA-1_1_1","IR","B-Naive",-2.05787065832805,0.358228709971269
"TGAGCATTCTGCGGAC-1_1_1","IR","B-Naive",-0.180214481641766,1.4944078293198
"TGAGCGCTCGCCGAAC-1_1_1","IR","B-Act1",-4.21230510084819,1.85091146496471
"TGAGGAGAGGCTGGAT-1_1_1","IR","B-Naive",-2.0151683410902,-1.01505229207341
"TGAGGGATCGATACAC-1_1_1","IR","B-Naive",-2.22256663649273,-3.71441051694218
"TGAGGTTAGCATCCTA-1_1_1","IR","B-Naive",-3.74917510359478,-1.13708016606633
"TGAGGTTGTGTATTCG-1_1_1","IR","B-Naive",4.16557642609883,-1.40147659512822
"TGAGGTTTCTCCGAAA-1_1_1","IR","B-Naive",5.01231047303486,-1.83582184048955
"TGATCAGTCCATATGG-1_1_1","IR","B-Naive",-0.589524211575504,-2.14487454625432
"TGATGGTAGATAGCAT-1_1_1","IR","B-Naive",-1.96000209658336,0.193340983664354
"TGATGGTAGGTTCTAC-1_1_1","IR","B-ActMem",3.70268007905293,5.28087642458614
"TGATGGTCATACTGAC-1_1_1","IR","B-Act1",-3.83324626295757,-2.00647017690007
"TGCAGGCAGCAATAAC-1_1_1","IR","B-Naive",4.94979902894307,-1.38060662480656
"TGCAGTAAGACCAAAT-1_1_1","IR","B-Naive",-2.14046004622173,-2.26478264066044
"TGCGACGGTGCGGATA-1_1_1","IR","B-Act1",-0.442310454537388,2.50697937277492
"TGCGGCAAGTATGCAA-1_1_1","IR","B-Naive",-0.993871839930531,0.869785290633997
"TGCGGCAGTCCTACAA-1_1_1","IR","B-Naive",-1.58574918120098,0.602773186241945
"TGCGGCATCTGCTGAA-1_1_1","IR","B-Naive",-0.465216221501347,-0.481521222317854
"TGCTCCACAATCGTCA-1_1_1","IR","B-Naive",0.539448348591808,-2.7239603731281
"TGCTGAAAGCAGTACG-1_1_1","IR","B-Mye",-0.286333443810459,6.08794715670284
"TGCTGAAGTCGGTACC-1_1_1","IR","B-Act2",-1.83358374445629,1.00935291168626
"TGCTTCGAGTCGCGAA-1_1_1","IR","B-Naive",-2.56820324270916,-2.95874330731694
"TGCTTCGGTATTGAGA-1_1_1","IR","B-Act2",3.9103550592165,2.40749480990108
"TGCTTCGTCGAAGCAG-1_1_1","IR","B-Naive",-1.75972822516155,-0.445078465665022
"TGCTTGCAGTATTCCG-1_1_1","IR","B-Naive",-0.137101870243665,-2.32886836263005
"TGGAACTCAGCGCGTT-1_1_1","IR","B-Naive",3.04811212212849,0.0763568547123277
"TGGAACTGTGTGTCGC-1_1_1","IR","B-Naive",-2.54886821119976,0.539020743643602
"TGGAACTGTTTCGGCG-1_1_1","IR","B-Naive",-1.62797311155986,0.51082434920009
"TGGAGAGAGTTGTCAC-1_1_1","IR","B-Naive",0.975133506367687,1.47382113007244
"TGGAGAGGTAGATCGG-1_1_1","IR","B-Act2",3.96191498429585,2.00457909372981
"TGGAGGACAAGAAATC-1_1_1","IR","B-Naive",-0.954638095786091,-0.616770121777693
"TGGATCAGTACGATGG-1_1_1","IR","B-Naive",2.66392776162434,1.86085185078319
"TGGCGTGAGCTCAGAG-1_1_1","IR","B-ActMem",3.18151780755329,4.53651311663326
"TGGGCGTCACGTCGTG-1_1_1","IR","B-Naive",-0.193546699573513,-0.453287336552779
"TGGGTTACAATTCTCT-1_1_1","IR","B-Naive",-1.74522593825054,-1.91543647977177
"TGGGTTACATTCAGGT-1_1_1","IR","B-Naive",1.6131184974413,-1.08652231427495
"TGGTACACAGCGTGCT-1_1_1","IR","B-Act1",-4.71417048781109,1.88780232933696
"TGGTACAGTCTCACGG-1_1_1","IR","B-Naive",-0.89201376049709,-2.62630960675542
"TGGTACATCGTTAGTG-1_1_1","IR","B-Naive",-2.76164296477031,1.1245859679335
"TGGTAGTAGCGATGGT-1_1_1","IR","B-Naive",1.67014500291157,1.82785954741176
"TGGTGATGTTGCCATA-1_1_1","IR","B-Naive",-3.62496140806865,-2.41077515813176
"TGGTTAGTCTACCAGA-1_1_1","IR","B-Naive",0.111990017602924,-2.85575959416691
"TGTAACGAGCAATAGT-1_1_1","IR","B-Naive",0.770595578263286,-1.10421511861149
"TGTAACGAGCTCTGTA-1_1_1","IR","B-Naive",-0.0382242223520243,0.861456361090501
"TGTAACGAGGTACAGC-1_1_1","IR","B-ActMem",2.80609342248249,3.9620268609875
"TGTAAGCAGAAGGGAT-1_1_1","IR","B-Act1",-2.51171639769268,0.0162812736385667
"TGTAAGCTCGCTTGCT-1_1_1","IR","B-Naive",4.58947846085835,-2.98726007672612
"TGTACAGGTTCGGTCG-1_1_1","IR","B-Naive",-0.491554590155598,-2.02217313977543
"TGTAGACAGAAATTCG-1_1_1","IR","B-Naive",0.812299279282574,0.95473303315576
"TGTAGACGTAATTAGG-1_1_1","IR","B-Naive",-2.55540064184856,1.05446013012316
"TGTAGACGTACCAATC-1_1_1","IR","B-Naive",2.91111919076252,-1.26786634656254
"TGTCAGAAGTTGTCGT-1_1_1","IR","B-Naive",-1.49034753649425,-0.396700355733076
"TGTCAGACATCGTGCG-1_1_1","IR","B-Naive",-1.02922311632824,1.09881605622705
"TGTGGCGCATAATGAG-1_1_1","IR","B-Act2",5.04490992219258,1.32284810808833
"TGTGGCGCATTCGATG-1_1_1","IR","B-Naive",-0.824346037795063,7.79062822130855
"TGTGGCGTCCATACAG-1_1_1","IR","B-Naive",-0.136341648389813,1.71834709910091
"TGTGGCGTCCATCTGC-1_1_1","IR","B-Act2",4.51814695985127,1.29326134589847
"TGTGTGACATGTGCTA-1_1_1","IR","B-ActMem",3.69145914704609,5.22713926104244
"TGTGTGAGTACTGACT-1_1_1","IR","B-Naive",1.32100686223317,0.507520821368059
"TGTTCCGGTTTGTGGT-1_1_1","IR","B-Act2",4.19042441041279,2.27863242891963
"TGTTGGAAGACATATG-1_1_1","IR","B-Naive",2.55081817300129,1.90396406916316
"TGTTGGAGTAGGCTCC-1_1_1","IR","B-Naive",-1.41526797621441,1.27205989924606
"TGTTTGTCATCTGGGC-1_1_1","IR","B-Act1",-5.32791808455181,-0.0153537723666823
"TGTTTGTTCGATACTG-1_1_1","IR","B-Naive",-1.09390673248958,1.30022281078037
"TTACAGGTCACGACTA-1_1_1","IR","B-Act1",-4.99034074156475,-0.326302382672468
"TTACAGGTCACTTCTA-1_1_1","IR","B-Naive",-2.63356378882122,-4.16365978452031
"TTACAGGTCCCTGGTT-1_1_1","IR","B-Act1",-4.74395373671245,1.76005294588741
"TTACCATAGAGACAAG-1_1_1","IR","B-Naive",-0.847506733824726,-1.4521028730518
"TTACCATTCCTACTGC-1_1_1","IR","B-Act2",4.97200485856343,1.25576191810306
"TTACCGCTCTACGGTA-1_1_1","IR","B-Naive",-1.50145760386181,-1.52886936398808
"TTACGCCTCACTCTTA-1_1_1","IR","B-Naive",-2.29418781607341,-2.75984594556157
"TTACGTTCAAGAGTGC-1_1_1","IR","B-Naive",1.3632028976183,-1.86418530675236
"TTAGGGTTCCGTTGAA-1_1_1","IR","B-Naive",-0.459582420279499,-1.29743787976567
"TTAGTCTAGCTAAGTA-1_1_1","IR","B-Naive",-1.41220227091503,-1.11392185422246
"TTAGTCTCAGAGACTG-1_1_1","IR","B-Naive",0.72947689683247,-0.266179892743269
"TTAGTCTGTCGGTGAA-1_1_1","IR","B-Naive",-1.4806167206068,-3.06553194257084
"TTATTGCCAACAGTGG-1_1_1","IR","B-Naive",0.142995176623348,-1.61248609753911
"TTATTGCTCTGACCCT-1_1_1","IR","B-Naive",-0.176657496233698,-2.17655226918522
"TTCACGCCATGCCGCA-1_1_1","IR","B-Naive",-0.411463173319813,-4.55174514981572
"TTCACGCTCATCTACT-1_1_1","IR","B-ActMem",-2.22683504431438,-3.73587724896733
"TTCACGCTCGGCATCG-1_1_1","IR","B-Naive",-0.866516264369007,1.08185458598073
"TTCATGTGTTGCGGAA-1_1_1","IR","B-Act1",-0.874823125292774,1.52925160196956
"TTCATTGTCCGTAGTA-1_1_1","IR","B-Act2",5.02357718140889,1.25204604533847
"TTCCACGGTACTTCCC-1_1_1","IR","B-Naive",-3.86086514799785,-2.97193977567021
"TTCCGGTGTCCGATCG-1_1_1","IR","B-Naive",4.89776655823994,-1.55270979138676
"TTCCTAACAACACGTT-1_1_1","IR","B-Act1",-3.8222425302763,-0.3346267673618
"TTCCTAATCTCCTGCA-1_1_1","IR","B-ActMem",4.2545261064272,4.17242768076595
"TTCCTCTAGAGACAAG-1_1_1","IR","B-Naive",0.104426784227375,0.45758857992824
"TTCCTCTAGGTGCCAA-1_1_1","IR","B-Act1",2.76174589783955,4.50259640482601
"TTCCTCTAGTGATAGT-1_1_1","IR","B-Naive",0.592226294587139,-0.691546175206343
"TTCCTTCCACAGAAGC-1_1_1","IR","B-Naive",-2.3082933744688,-3.65119907590214
"TTCCTTCTCGTAACCA-1_1_1","IR","B-Act1",-4.68390563337993,2.14734032419856
"TTCGATTAGCGGCTCT-1_1_1","IR","B-Naive",-0.0166555216808283,-1.97895333501164
"TTCGATTAGTGAGTTA-1_1_1","IR","B-Naive",2.17757937104512,1.7846644189709
"TTCGATTAGTTTCAGC-1_1_1","IR","B-Act1",-3.86248019545269,-1.95589539738957
"TTCGCTGCACTGAATC-1_1_1","IR","B-Naive",0.770405022213939,-1.56762430402104
"TTCGCTGGTTGGCCTG-1_1_1","IR","B-Naive",-2.32881239264202,-2.64622614117924
"TTCTAACAGTCTGTAC-1_1_1","IR","B-Naive",-1.01199355929088,-0.744128439152876
"TTCTAACTCAGGTAAA-1_1_1","IR","B-Act1",-4.235190423419,0.41317870882686
"TTCTAGTCAATAGTAG-1_1_1","IR","B-Naive",-1.87706533281994,-3.50497934552495
"TTCTAGTCAGAACATA-1_1_1","IR","B-Act1",-5.39145091383648,1.42842745450672
"TTCTAGTGTATACCTG-1_1_1","IR","B-Naive",1.9099626222353,-0.577062699521223
"TTCTGTAAGCATTGTC-1_1_1","IR","B-Act2",4.20077988297749,1.10092519265946
"TTCTGTAAGTGCGACA-1_1_1","IR","B-Act1",-3.43576982824993,1.10645822105344
"TTCTGTATCGCATAGT-1_1_1","IR","B-Naive",1.6663901487093,0.086339202200731
"TTCTTCCCACTCTGCT-1_1_1","IR","B-Act2",4.38375088364888,0.754344787871202
"TTCTTGAGTTCTTAGG-1_1_1","IR","B-Act2",4.42784020097065,1.22212825385269
"TTGACCCCATCGAACT-1_1_1","IR","B-Act1",-3.63355115263652,0.0279102590435349
"TTGACCCTCAACGCTA-1_1_1","IR","B-Naive",-2.22966650335979,-3.29069444867436
"TTGAGTGCAACGACTT-1_1_1","IR","B-Naive",0.834043530533794,-3.24313947888676
"TTGCCTGAGCGCTTCG-1_1_1","IR","B-Act2",5.01516195924092,1.9279869463795
"TTGCCTGGTACTTGTG-1_1_1","IR","B-Naive",-3.21906593649578,-3.88766453000371
"TTGGATGAGATTACCC-1_1_1","IR","B-Naive",-1.1706585010786,-1.63837072583501
"TTGGATGTCTGCTAGA-1_1_1","IR","B-Naive",-1.1719066223402,-2.80639645787541
"TTGGGTACAGCGTAGA-1_1_1","IR","B-Naive",1.06651469857502,0.904228520070871
"TTGGGTATCACCATAG-1_1_1","IR","B-Naive",-0.899388523985859,-1.25102374287907
"TTGGTTTCACTGTTCC-1_1_1","IR","B-Act1",-5.31413653700542,1.17409577635463
"TTGGTTTCAGCTGTTA-1_1_1","IR","B-ActMem",4.67384144456196,4.32337715891536
"TTGGTTTGTGGCTAGA-1_1_1","IR","B-Naive",-0.771505626132008,-1.77455327245061
"TTGTGTTGTTCAGCTA-1_1_1","IR","B-Naive",-0.125376007267501,-0.0545898410922683
"TTGTGTTTCCGTCAAA-1_1_1","IR","B-Naive",-1.08590880243969,0.247462358748277
"TTGTTCAGTTCCAAAC-1_1_1","IR","B-Act1",-5.18480733244609,0.819075268184503
"TTGTTTGAGTAGACAT-1_1_1","IR","B-Naive",-0.232412064661499,-1.30295679303471
"TTGTTTGTCCTATTTG-1_1_1","IR","B-Naive",2.58127090127278,-0.0326655838138259
"TTGTTTGTCTGTCGCT-1_1_1","IR","B-Naive",-1.50909295885753,-2.43849894734685
"TTTACCAAGACGTCCC-1_1_1","IR","B-Naive",-0.822580667426106,0.459957208906969
"TTTACGTCACCGTGCA-1_1_1","IR","B-Naive",-0.856075139929768,-3.13355800839726
"TTTACGTCATCATTGG-1_1_1","IR","B-Naive",0.965164033482555,-0.211523863995711
"TTTACGTTCTATGTGG-1_1_1","IR","B-Act1",-5.49611428587627,-0.115359875882307
"TTTACTGCATAATGCC-1_1_1","IR","B-Naive",-0.231536040296074,-3.54362413617436
"TTTAGTCAGCTCCCTT-1_1_1","IR","B-Naive",-0.34974011986446,-4.25173399182622
"TTTAGTCTCCGCAAAT-1_1_1","IR","B-Naive",-0.428989740302082,0.687329318796953
"TTTATGCCAGCGACCT-1_1_1","IR","B-Act1",-5.2941160520811,1.23307165173229
"TTTCACAAGCCTTGAT-1_1_1","IR","B-Act1",-3.21407726614666,-0.145893428052107
"TTTCACAGTGGTCTGC-1_1_1","IR","B-Naive",-2.18824318258953,-1.76897666188542
"TTTCACAGTTCCGGTG-1_1_1","IR","B-Naive",-5.7873931249876,1.39611360100444
"TTTCAGTGTTAGGGTG-1_1_1","IR","B-Naive",2.82846662194538,1.67513051298793
"TTTCAGTTCCGCACGA-1_1_1","IR","B-Act2",4.41393181474018,1.5433286097401
"TTTCGATTCGCAGATT-1_1_1","IR","B-Act1",-2.15286520331096,2.89216485289272
"TTTGACTCATCCGAGC-1_1_1","IR","B-Naive",5.18528410584736,-1.4389238092548
"TTTGATCCAGAGATTA-1_1_1","IR","B-Naive",-2.52760485022258,-4.41284820767705
"TTTGATCGTTGATGTC-1_1_1","IR","B-Act1",-5.04925301878643,1.80867114332851
"TTTGTTGAGCCTCACG-1_1_1","IR","B-ActMem",4.3004884401064,4.58873775271114
"ACTTCGCAGTACCATC-1_2_1","IR","B-Naive",-0.754525991370197,7.97437169817623
"ACTTTCAAGACGCCCT-1_2_1","IR","B-Naive",1.16366824300099,-2.7552559110767
"ACTTTCAAGGGATGTC-1_2_1","IR","B-Naive",-1.72291770785045,0.202950861727556
"ACTTTCATCGACCATA-1_2_1","IR","B-Act2",4.15118023545552,1.7884942558163
"AGAAATGCAAGGTCGA-1_2_1","IR","B-Naive",2.43150397927571,2.00194260147746
"AGAAATGTCTGAGGCC-1_2_1","IR","B-Act2",-3.12512663214397,-1.50749919148747
"AGAACAAAGACTCAAA-1_2_1","IR","B-Naive",-1.59152475207042,-1.79042193623845
"AGAACAATCAGTCATG-1_2_1","IR","B-Naive",1.03377684743214,-2.4099783632404
"AGAACCTTCGACGACC-1_2_1","IR","B-Naive",2.16855594308186,-0.121195289815108
"AGAACCTTCTCATGGA-1_2_1","IR","B-ActMem",3.37650868089009,3.3709373739117
"AGAAGTACATCCAATG-1_2_1","IR","B-Plasma",11.9836401620607,0.559471812521776
"AGAAGTAGTAAGATCA-1_2_1","IR","B-Mye",-0.207101920833107,6.27980926302608
"AGACAAACAACTCCCT-1_2_1","IR","B-Act1",-3.88185575812053,-2.0160631868488
"AGACACTCACTTGTGA-1_2_1","IR","B-Naive",1.20201322228718,1.64068373707469
"AGACACTGTGCCGAAA-1_2_1","IR","B-Naive",-0.990825148512837,1.31783744362529
"AGACACTTCCATACAG-1_2_1","IR","B-Naive",-2.59565976469707,-2.87868902417485
"AGACAGGGTCATTGCA-1_2_1","IR","B-Act1",-1.47582903711986,2.94486120012935
"AGACCATCACATAACC-1_2_1","IR","B-Naive",-0.830964358736988,-3.16144678326909
"AGACCCGCATCACCAA-1_2_1","IR","B-Naive",0.210575757334713,-1.29514381619755
"AGACCCGCATTCTCTA-1_2_1","IR","B-Naive",-2.67912224142742,-3.15658161374394
"AGACTCAGTAGACGGT-1_2_1","IR","B-Naive",-1.50439527838421,-2.24893018933598
"AGAGAATAGACCTTTG-1_2_1","IR","B-ActMem",-1.21293762533855,-1.19589493008916
"AGAGAATCAAGGCCTC-1_2_1","IR","B-Act1",-3.45557120650005,1.47089764145549
"AGAGAATGTAACTGCT-1_2_1","IR","B-Naive",-0.71773293822002,-0.202633950436751
"AGAGAGCCATCGGATT-1_2_1","IR","B-Naive",-2.96670893042278,-2.69835231038396
"AGAGCAGCAAAGTATG-1_2_1","IR","B-Naive",-3.46634915678692,-0.0563593837863601
"AGAGCCCAGCATGAAT-1_2_1","IR","B-Naive",1.05828520448017,1.54393413332637
"AGAGCCCAGTATGGAT-1_2_1","IR","B-Naive",2.60953995377827,0.654953893696626
"AGAGCCCAGTTGGCTT-1_2_1","IR","B-Naive",0.0933684983949697,-2.70431635114018
"AGAGCCCTCATTACCT-1_2_1","IR","B-Naive",-1.99789980261516,-4.30967209073369
"AGATCCAAGCTAAACA-1_2_1","IR","B-Naive",1.51567479760456,-2.5368151399738
"AGATCGTAGACTTGTC-1_2_1","IR","B-Naive",2.63106414468098,1.04236894841652
"AGATCGTGTGTTAGCT-1_2_1","IR","B-Act1",-3.73300031035137,0.959164802407583
"AGATGAATCGCTAAAC-1_2_1","IR","B-Mye",-0.265466066290852,7.14279201296504
"AGCATCAGTCTCACAA-1_2_1","IR","B-Act2",4.91745707185078,1.42804383901294
"AGCCAATCAATCAAGA-1_2_1","IR","B-Naive",0.174409923861507,-2.47403142186467
"AGCCAATCATGACTTG-1_2_1","IR","B-Naive",1.32344803006459,-0.393500897610823
"AGCCACGCATGTTTGG-1_2_1","IR","B-Naive",-2.46959141104412,-2.14690921040837
"AGCCAGCTCGACGCTG-1_2_1","IR","B-Act1",-4.56084159224224,1.58947512177165
"AGCGATTGTAGACAGC-1_2_1","IR","B-Naive",2.70913025529194,2.47818079260524
"AGCGCCACACTTACAG-1_2_1","IR","B-ActMem",4.33879086167622,5.35898187426265
"AGCGCCATCTCTCGAC-1_2_1","IR","B-Naive",0.809151736805919,-3.27830908032719
"AGCTACATCGTGGACC-1_2_1","IR","B-Naive",-4.37433722822857,-1.34717008801762
"AGCTCAACACATGTTG-1_2_1","IR","B-Naive",1.04303237588215,1.41717365053829
"AGCTTCCAGACTCATC-1_2_1","IR","B-Naive",2.32806822449971,1.8406913545483
"AGCTTCCCACAGGATG-1_2_1","IR","B-Naive",-3.47210839598369,-1.22872206898991
"AGCTTCCTCATTGCCC-1_2_1","IR","B-Naive",0.497184542725567,-3.66623995038334
"AGGAAATAGTGTACAA-1_2_1","IR","B-Naive",3.04015227944661,-1.33729908200566
"AGGAAATCAGGAGGTT-1_2_1","IR","B-Naive",2.31518599183369,1.21454031435188
"AGGAATAAGTTGCATC-1_2_1","IR","B-Mye",-0.126149005004432,6.7674172189587
"AGGACGAAGATTACCC-1_2_1","IR","B-Naive",4.48020073563862,-2.22578308316533
"AGGACGACAACAGCTT-1_2_1","IR","B-Plasma",12.2292017617922,0.491368439471086
"AGGACTTAGACGACTG-1_2_1","IR","B-Act1",-1.67213085501384,2.74224891928371
"AGGACTTGTTATTCCT-1_2_1","IR","B-Naive",2.37716623933125,-2.98899194928471
"AGGAGGTGTCAATCTG-1_2_1","IR","B-Act2",3.929266897748,2.42285921839412
"AGGATAAGTGAATTGA-1_2_1","IR","B-Naive",0.604126361916546,0.716618713414034
"AGGATCTAGAGATGCC-1_2_1","IR","B-Naive",3.03542634637165,-3.1062080595142
"AGGATCTGTTCAAGTC-1_2_1","IR","B-Naive",0.346234945366863,-4.13463422986332
"AGGCATTAGCGTTCAT-1_2_1","IR","B-Act1",-5.36755755751323,0.821169134651979
"AGGCATTGTGTCCACG-1_2_1","IR","B-Naive",2.89499494225788,0.0508222844951951
"AGGCATTTCACCGCTT-1_2_1","IR","B-Naive",-1.114485116889,-4.4901158544666
"AGGCATTTCATGCAGT-1_2_1","IR","B-Naive",-1.00299123137188,0.906997975384554
"AGGCCACAGCCTGACC-1_2_1","IR","B-Naive",1.35470375211048,0.833146717821916
"AGGCCACCAGCTTTCC-1_2_1","IR","B-Naive",1.64979442746449,-1.87199089261357
"AGGGAGTTCTCCGTGT-1_2_1","IR","B-Naive",-3.00138023703289,-2.21782180997197
"AGGGCCTAGTGAGGCT-1_2_1","IR","B-Naive",1.51672383935261,-1.73273632260625
"AGGGCCTAGTGATAAC-1_2_1","IR","B-Act1",-3.54354170172405,0.819850441490968
"AGGGCCTGTTCAGTAC-1_2_1","IR","B-Naive",-1.4550835212965,-1.30592462750737
"AGGGCTCTCCACGTAA-1_2_1","IR","B-Naive",-2.26730254500103,-4.08348104687993
"AGGGTCCGTACTGAGG-1_2_1","IR","B-Naive",0.848135439465526,2.45565965441402
"AGGGTCCGTCGACTGC-1_2_1","IR","B-Plasma",12.0371021905642,0.708772447382768
"AGGGTCCGTGCCCGTA-1_2_1","IR","B-Act2",3.89729735047627,2.39199402598079
"AGGGTGAAGTCTCTGA-1_2_1","IR","B-Act1",-3.60776213019085,0.328530755316576
"AGGGTGATCCGGCTTT-1_2_1","IR","B-Naive",-3.40886739103984,-1.79950091573063
"AGGGTTTTCTCTTAAC-1_2_1","IR","B-Act1",-4.20551637022686,1.78573664692577
"AGGGTTTTCTTAGCCC-1_2_1","IR","B-Naive",-1.88888874857616,-4.38031789990727
"AGGTAGGCACCCAAGC-1_2_1","IR","B-Act1",-4.01165488569927,-0.161941382611433
"AGGTCTAGTTGTAAAG-1_2_1","IR","B-Naive",4.97380205781269,-1.64177987309758
"AGGTTACGTCAACCAT-1_2_1","IR","B-Mye",-0.34160883932304,6.88598659304317
"AGGTTACGTCTGTGTA-1_2_1","IR","B-Naive",3.62665626199055,2.66412701872524
"AGGTTACGTTACGCCG-1_2_1","IR","B-Mye",-0.389084669043537,7.9034502771252
"AGGTTGTCAGCTTCGG-1_2_1","IR","B-Naive",2.68738981873799,2.25026872423824
"AGGTTGTTCATTCGTT-1_2_1","IR","B-Naive",-2.6386418661375,0.336157646452745
"AGTAACCCAGTCAGAG-1_2_1","IR","B-Naive",1.12462195546437,-1.23944565984074
"AGTACCACAACCTAAC-1_2_1","IR","B-Naive",-2.73466924040508,-3.40799972745244
"AGTACCACAGGACATG-1_2_1","IR","B-Naive",-0.388428123881336,-1.92895838948552
"AGTAGCTGTGATATAG-1_2_1","IR","B-Act1",-3.24459961264324,1.98255613115962
"AGTAGCTTCGGAGTAG-1_2_1","IR","B-ActMem",4.59392639787007,3.23192289141353
"AGTCAACCAGTGTGCC-1_2_1","IR","B-Act1",-4.71806910841655,0.154863980089983
"AGTCAACTCCTCACCA-1_2_1","IR","B-Naive",-3.54523495047283,-2.03723404141728
"AGTCATGAGTCAGGGT-1_2_1","IR","B-Naive",1.50911411435414,-2.29219433995549
"AGTCTCCGTAAGCAAT-1_2_1","IR","B-Naive",-3.24609807341289,-1.93574735852543
"AGTGATCGTTTGTTCT-1_2_1","IR","B-Mye",-0.766936691691395,6.66014793184932
"AGTGTTGAGTAGATCA-1_2_1","IR","B-Plasma",12.2323527017336,0.501453724181017
"AGTTAGCAGTGCCGAA-1_2_1","IR","B-Act1",-5.2346964201231,0.368576553141435
"AGTTAGCGTAGGTACG-1_2_1","IR","B-Naive",0.857576517174724,1.07123888512488
"AGTTAGCGTTTACTGG-1_2_1","IR","B-Mye",-0.330999108244892,7.84179666308101
"AGTTCCCAGATAACAC-1_2_1","IR","B-Act1",-2.19387820570659,1.58344098595317
"AGTTCGAAGAAATCCA-1_2_1","IR","B-Act1",-4.22409489958477,1.68162771729167
"AGTTCGAAGTCCTACA-1_2_1","IR","B-Mye",-1.05382630436611,6.9652555253857
"ATACCGAAGTATGACA-1_2_1","IR","B-Naive",-2.76642254202556,-3.21644947263066
"ATACCGACACGAAGAC-1_2_1","IR","B-Naive",-2.24717191069317,-4.50431320401494
"ATACCTTAGCGTCTGC-1_2_1","IR","B-Mye",0.0775422135095633,7.17481067446407
"ATACCTTGTAAGGCCA-1_2_1","IR","B-Naive",-3.54149010985088,-2.3174822065479
"ATACCTTTCACATTGG-1_2_1","IR","B-Naive",0.751870779107097,-2.32428166600529
"ATACCTTTCCACTAGA-1_2_1","IR","B-Mye",-0.721657725264546,7.84863689211543
"ATAGACCAGCGTGAGT-1_2_1","IR","B-Act2",4.94272181184101,1.63828792837795
"ATAGACCTCTATTTCG-1_2_1","IR","B-Naive",-0.444211961915013,-0.469924900258223
"ATAGAGAGTACGAAAT-1_2_1","IR","B-Plasma",11.949633089612,0.838482227598985
"ATAGGCTGTTAAGGGC-1_2_1","IR","B-Naive",-3.22555187552166,-0.0208915207034743
"ATAGGCTGTTATGACC-1_2_1","IR","B-Naive",4.52669855744648,-1.95523283215825
"ATAGGCTTCTCGTCGT-1_2_1","IR","B-Naive",2.57824989945698,-1.16915342541997
"ATAGGCTTCTGACGCG-1_2_1","IR","B-Act2",4.6692514100771,1.48385262159046
"ATATCCTAGTGCGACA-1_2_1","IR","B-Naive",-3.47935202925396,-0.457988116467634
"ATCACAGGTAGCTAAA-1_2_1","IR","B-Naive",1.49363764912892,-2.00262353154484
"ATCACAGGTGCGCTCA-1_2_1","IR","B-Naive",-2.91520622580242,-0.576798531735579
"ATCACGACAATAGAGT-1_2_1","IR","B-Naive",3.47456332833577,2.31319656637843
"ATCACTTCAGACCAGA-1_2_1","IR","B-Act2",5.03236385972309,1.49957516459163
"ATCACTTGTTCCACAA-1_2_1","IR","B-Act1",-1.21090629904461,2.1153471734875
"ATCACTTTCTTAGTTC-1_2_1","IR","B-Naive",-2.21402409880352,-3.98322698804204
"ATCATTCAGCACACCC-1_2_1","IR","B-Act1",-3.40395930617046,1.76305737761196
"ATCATTCCAGTCAGCC-1_2_1","IR","B-Act1",0.699602274010662,-0.995751116002241
"ATCATTCGTTGGTAGG-1_2_1","IR","B-Act1",-4.88275388090801,1.56407192019161
"ATCCATTAGGTCTGGA-1_2_1","IR","B-Plasma",12.0440878549318,0.706747081553301
"ATCCATTGTGATGTAA-1_2_1","IR","B-Naive",1.59503301770497,-0.514690253461043
"ATCCCTGGTTATAGAG-1_2_1","IR","B-Naive",0.622918514321331,-1.49030968877141
"ATCCGTCCAGAACATA-1_2_1","IR","B-Naive",-1.0702255090971,-3.25954744550053
"ATCCTATCACCATATG-1_2_1","IR","B-Naive",-0.896944197108265,-3.02095672818486
"ATCGATGCAGAGCTAG-1_2_1","IR","B-Naive",1.10420128495503,-1.59051701756779
"ATCGGATTCGACATTG-1_2_1","IR","B-Act1",-3.96167209952068,-0.151247236455122
"ATCGGCGAGACGATAT-1_2_1","IR","B-Naive",0.22285577447224,-0.304229948247114
"ATCGTCCAGTTCGCAT-1_2_1","IR","B-Naive",-0.597429158379551,5.51330116060909
"ATCGTGAGTCTTGCTC-1_2_1","IR","B-Naive",-2.40704730360698,-0.76669714185063
"ATCTCTACAAATGAAC-1_2_1","IR","B-Act1",-4.25864461271953,0.351573791777452
"ATCTCTAGTCAGTCGC-1_2_1","IR","B-Naive",-0.742951901843067,0.630009558474382
"ATCTCTAGTGCTATTG-1_2_1","IR","B-Naive",-0.83846721260738,2.34532895353969
"ATCTCTAGTGTAGGAC-1_2_1","IR","B-Naive",4.55636021287251,-1.0472857687122
"ATGAAAGAGTAGTGCG-1_2_1","IR","B-Naive",-2.33327034323406,-1.21403572293584
"ATGAAAGGTCTGTCAA-1_2_1","IR","B-Plasma",12.3943781533937,0.159086551939806
"ATGAAAGTCCTTGACC-1_2_1","IR","B-Naive",1.15820285470295,-0.0552925798541701
"ATGAAAGTCTCTATAC-1_2_1","IR","B-Naive",-1.15163353293132,-3.91352483960454
"ATGACCACACACCTTC-1_2_1","IR","B-Naive",-0.0658066591520273,-4.10842582913701
"ATGAGGGCAGCGGTTC-1_2_1","IR","B-Act1",-4.8092379888792,1.55277469423946
"ATGAGTCCACCGGTCA-1_2_1","IR","B-Naive",0.269560811827663,-3.33712074490849
"ATGAGTCGTCGACTTA-1_2_1","IR","B-Naive",-0.623606415678974,0.742766406809648
"ATGCCTCAGGGCAGGA-1_2_1","IR","B-Mye",-0.453455331017491,6.97562482622798
"ATGCCTCAGGTGATAT-1_2_1","IR","B-Act2",5.0309834161501,2.42946412829097
"ATGCCTCTCTCAATCT-1_2_1","IR","B-Naive",2.16259333283711,-1.7310929033405
"ATGCGATCACCTGCTT-1_2_1","IR","B-Naive",-2.85703090040874,-2.93028518887822
"ATGCGATGTAACTGCT-1_2_1","IR","B-Naive",-0.663797589232441,-3.1347429487354
"ATGCGATTCCGGTTCT-1_2_1","IR","B-Naive",-2.26678160040569,-4.23562500211064
"ATGGATCCACATTGTG-1_2_1","IR","B-Naive",4.75386616380024,-2.42911288472478
"ATGGATCTCGGACCAC-1_2_1","IR","B-Naive",1.89058205277729,0.833693217908701
"ATGGGTTAGGACAACC-1_2_1","IR","B-Mye",-0.316696541597363,7.17759349611934
"ATGGGTTCATCTATCT-1_2_1","IR","B-Naive",0.565249589989666,-3.22553798886601
"ATGGGTTTCCGTATAG-1_2_1","IR","B-Naive",-3.29250553457927,-0.555097195828596
"ATGGGTTTCGCTTGCT-1_2_1","IR","B-Naive",2.94693133027363,-1.04795381757084
"ATGGTTGAGCTAATGA-1_2_1","IR","B-Naive",-2.12571194975567,-1.87998077603642
"ATGGTTGGTCTGTCAA-1_2_1","IR","B-Naive",-0.165071843405482,-3.80835029813115
"ATGTCTTCAACATCGT-1_2_1","IR","B-Naive",2.9558713117342,1.21376132634815
"ATTACCTCACCGGAAA-1_2_1","IR","B-Mye",-0.332536282231327,6.66238334444698
"ATTACCTCACGATTCA-1_2_1","IR","B-Naive",-2.40415981619548,-4.08969566556279
"ATTCACTAGCTATCCA-1_2_1","IR","B-Naive",1.55726596505452,-2.00690600606267
"ATTCACTTCATCGACA-1_2_1","IR","B-Act1",-4.10400250761699,-0.280379864895979
"ATTCAGGAGCCACTCG-1_2_1","IR","B-ActMem",3.85716244370747,5.60401561525997
"ATTCAGGAGCTGTGCC-1_2_1","IR","B-Act1",-3.45799306242656,1.26615634230312
"ATTCAGGGTAACCCGC-1_2_1","IR","B-Naive",-3.39565018027019,-3.16077730389897
"ATTCATCGTCTACGAT-1_2_1","IR","B-Mye",-0.962415727068897,6.85837343004878
"ATTCATCTCATTTCGT-1_2_1","IR","B-Naive",3.99304529816914,-2.86413476201359
"ATTCATCTCGCTAAAC-1_2_1","IR","B-Mye",-0.693163605620381,6.77474000719722
"ATTCCATCATAGATGA-1_2_1","IR","B-Act2",4.94570919663716,1.26888487902816
"ATTCCCGTCTGTCGCT-1_2_1","IR","B-Naive",-0.594838800122257,-3.48976013394658
"ATTCGTTCAAATGCTC-1_2_1","IR","B-Naive",0.846147088120464,-3.87981960507695
"ATTCGTTCAGACATCT-1_2_1","IR","B-Naive",-3.53403714506817,-1.53329059811894
"ATTCTACTCCTAGCTC-1_2_1","IR","B-Naive",-1.40155914633464,-4.36022445889775
"ATTGGGTTCATTGGTG-1_2_1","IR","B-Naive",-1.02063968985271,-1.6214143964893
"ATTGTTCGTTGTTGAC-1_2_1","IR","B-Act2",4.21786686570454,0.872095536863168
"ATTTCACAGAGCGACT-1_2_1","IR","B-Naive",0.329287944148067,-2.53278872700993
"ATTTCACCAGACCATT-1_2_1","IR","B-Naive",-1.58064297049236,-3.61404297086064
"ATTTCACTCTAGTTCT-1_2_1","IR","B-Mye",-0.436019422699925,6.93349530962642
"ATTTCACTCTTGGTCC-1_2_1","IR","B-Naive",-1.16176215021801,-3.97171995374028
"ATTTCTGGTGGGACAT-1_2_1","IR","B-Naive",1.82485481889058,1.36306762365039
"CAACAGTAGCAGGTCA-1_2_1","IR","B-Mye",-0.0823036900062525,7.28781535891231
"CAACAGTTCCAGCACG-1_2_1","IR","B-Naive",0.281049338887218,1.44396805432971
"CAACAGTTCCATAGAC-1_2_1","IR","B-Naive",-3.026783259799,-2.99266979428593
"CAACCAAAGCTATCTG-1_2_1","IR","B-Act1",-5.24550965635967,1.9958700206631
"CAACCAAGTTTGTTCT-1_2_1","IR","B-Naive",-3.46292594282817,-0.68013868066136
"CAACCAATCCTTCTTC-1_2_1","IR","B-Naive",-0.406936915804859,-4.56357881757084
"CAACCTCTCGATTCCC-1_2_1","IR","B-Naive",-0.923067482401844,-4.13983461591069
"CAACGATGTCGAACAG-1_2_1","IR","B-Naive",-3.07779029219341,-0.380982968533675
"CAACGGCCATGGAAGC-1_2_1","IR","B-Naive",-1.73631027548504,-1.99589774342839
"CAACGGCGTCCTGAAT-1_2_1","IR","B-Naive",-0.524079026867863,1.08474035603341
"CAACGGCGTTGGTGTT-1_2_1","IR","B-Naive",1.16617831380177,-0.964067194188277
"CAAGACTAGCGTGTCC-1_2_1","IR","B-Naive",2.57306048066426,0.763514813458284
"CAAGAGGTCAAGCTGT-1_2_1","IR","B-Naive",1.44279143006611,0.0515313413494431
"CAAGAGGTCGCTATTT-1_2_1","IR","B-Naive",1.44482299477864,-0.318620178425947
"CAAGAGGTCTTGGCTC-1_2_1","IR","B-Act1",-4.11517909376812,1.29115709332164
"CAAGGGACACTCCACT-1_2_1","IR","B-Naive",2.1713425794344,-0.925615164960066
"CAAGGGATCTCAATCT-1_2_1","IR","B-Mye",-0.595702918459889,6.82491901186641
"CAATCGAAGGCCACTC-1_2_1","IR","B-Naive",4.8332385698061,-2.29875561925236
"CAATCGATCTGGTGCG-1_2_1","IR","B-Act2",4.5403451600771,2.05191948679622
"CAATGACAGACCATAA-1_2_1","IR","B-Naive",-2.47131160109234,-2.59430167409245
"CAATGACGTAACAGTA-1_2_1","IR","B-Naive",2.48530551583577,2.18162253168758
"CAATGACGTCTGCATA-1_2_1","IR","B-Naive",-1.95302275030803,-1.85773298474614
"CAATGACGTTTACTTC-1_2_1","IR","B-Act2",5.08007189423848,1.93258067635234
"CAATTTCAGCCAGTAG-1_2_1","IR","B-Naive",-1.794694455554,-0.879560801709334
"CACAACAGTCGATTTG-1_2_1","IR","B-Naive",-3.09253481238079,-2.19459697934453
"CACACAATCCTTGGAA-1_2_1","IR","B-Naive",-0.019778246273514,-3.50332090588872
"CACACAATCGGACGTC-1_2_1","IR","B-Act1",-5.12632182448101,1.73960354593929
"CACAGATTCCGATAGT-1_2_1","IR","B-Naive",-1.2678664049406,-3.2136151525623
"CACATGACAACTGATC-1_2_1","IR","B-Naive",-0.81787976830196,-4.43929788800541
"CACATGAGTCATACCA-1_2_1","IR","B-Naive",2.45886847169209,-1.8220123979694
"CACCAAACAGAGTAAT-1_2_1","IR","B-Naive",0.190905390093807,-0.878647777760664
"CACCGTTTCTTGCAAG-1_2_1","IR","B-Naive",-1.36017504542064,-4.26277420255009
"CACGGGTGTATGTCAC-1_2_1","IR","B-Mye",-0.464365544011112,7.9028022554272
"CACGGGTGTTTCTATC-1_2_1","IR","B-Act2",4.35473248154927,0.27721908358272
"CACGGGTTCAAAGACA-1_2_1","IR","B-Naive",3.25932761819172,2.6739455726498
"CACGTGGAGAGTGACC-1_2_1","IR","B-Mye",-0.287280412604328,6.30559375551876
"CACGTGGAGTATGAGT-1_2_1","IR","B-Naive",0.611357478211407,0.950800050472578
"CACGTGGCAGCGGATA-1_2_1","IR","B-Naive",0.636807111809734,1.23357820180591
"CACGTGGGTCCGGCAT-1_2_1","IR","B-Naive",-0.429039092947956,-2.58244678708378
"CACTGAAAGTGACCTT-1_2_1","IR","B-Mye",-0.566378833939549,6.92935016421016
"CACTGAATCATCGCAA-1_2_1","IR","B-ActMem",4.15269943864155,4.62924292353328
"CACTGTCAGGGCCCTT-1_2_1","IR","B-Naive",-0.71550670473766,-3.01771995755498
"CACTGTCAGTCATACC-1_2_1","IR","B-Act1",-5.51067832319927,1.12964603719648
"CACTGTCGTCCAACGC-1_2_1","IR","B-Naive",0.537399081299785,-2.87148043843571
"CACTGTCGTCCCGCAA-1_2_1","IR","B-Act1",-1.84180692045879,2.58299985197719
"CACTTCGAGCTAGAAT-1_2_1","IR","B-ActMem",3.68057843835163,4.36797836092647
"CAGAGCCAGGGATGTC-1_2_1","IR","B-Naive",2.60747644097615,2.06161477831539
"CAGAGCCTCTCCTACG-1_2_1","IR","B-Naive",1.48188063294697,0.721225347792467
"CAGATCATCGGCTTCT-1_2_1","IR","B-Naive",1.20983776242543,-1.62019130917851
"CAGATCATCTTGGTCC-1_2_1","IR","B-Mye",-0.702449234416004,6.65926482943233
"CAGATTGGTCAGTTTG-1_2_1","IR","B-Naive",-0.289536165287014,0.091922846114
"CAGCAATAGCATTTCG-1_2_1","IR","B-Naive",0.672516314099315,-2.26724240514104
"CAGCAATGTCGGAAAC-1_2_1","IR","B-Act1",-2.95638159125042,1.83449038532909
"CAGCAATTCCGTACGG-1_2_1","IR","B-Mye",-0.437967987944599,6.55720403460201
"CAGCACGTCACGAGGA-1_2_1","IR","B-Naive",3.81589290292073,-1.49464652272526
"CAGCAGCCAGCCGTCA-1_2_1","IR","B-Naive",-2.10570243208599,-1.06764552327458
"CAGCAGCCATCCTTGC-1_2_1","IR","B-Naive",1.40943524033833,1.89735808638271
"CAGCAGCCATGAAAGT-1_2_1","IR","B-Act2",-1.64788356630993,-2.53910467358891
"CAGCAGCGTGCCTATA-1_2_1","IR","B-Mye",-0.374746443917271,6.44204833773311
"CAGCAGCTCTAACACG-1_2_1","IR","B-Naive",-2.01988020746898,0.345866706644853
"CAGCCAGAGCAGGGAG-1_2_1","IR","B-ActMem",2.49359246880818,3.01526608732875
"CAGCCAGCATAATCCG-1_2_1","IR","B-Naive",1.49031433255482,-2.9952838155872
"CAGGCCAGTATCATGC-1_2_1","IR","B-Naive",1.75397202164936,-2.20870635243718
"CAGGGCTAGCGTATAA-1_2_1","IR","B-Naive",-1.1153247079153,-0.00950715276066427
"CAGGGCTGTGATTAGA-1_2_1","IR","B-ActMem",3.60164639146138,5.0819638040417
"CAGGGCTTCTCTATGT-1_2_1","IR","B-Act1",-5.66040280668926,0.953184266065916
"CAGGTATCAGGGAGAG-1_2_1","IR","B-Plasma",12.1804365792971,0.598616477524599
"CAGGTATGTCGTTGGC-1_2_1","IR","B-Act1",-3.2630908808012,0.796540510331949
"CAGTGCGGTGTGTTTG-1_2_1","IR","B-ActMem",4.29287907273579,4.34669997957881
"CAGTTAGCAACGCATT-1_2_1","IR","B-Naive",-3.66898182242107,-2.6807098123676
"CAGTTAGCATGGAATA-1_2_1","IR","B-Naive",3.77475830704975,-0.521464082921187
"CAGTTAGTCAAGCTGT-1_2_1","IR","B-Act1",-1.20609930365276,1.84438815382655
"CATAAGCAGTCGCCCA-1_2_1","IR","B-Naive",-2.77542379706096,-1.00733301373784
"CATAAGCTCACCTGGG-1_2_1","IR","B-Naive",-2.76860240309429,-4.41029760571782
"CATACTTCACGGCTAC-1_2_1","IR","B-Act1",-4.94651368467998,2.2345803048962
"CATACTTCAGCTCTGG-1_2_1","IR","B-Naive",-2.86931207983684,-2.0449721548206
"CATCAAGGTTAGGACG-1_2_1","IR","B-Act1",-0.295125724961277,1.73141595390972
"CATCCACAGTAAATGC-1_2_1","IR","B-Mye",-1.25082329123211,6.81143071917232
"CATCCACGTATGAGGC-1_2_1","IR","B-Naive",-0.56138420312595,1.12551591960128
"CATCGCTTCGAACCAT-1_2_1","IR","B-Naive",0.457721141884807,-3.0516130659229
"CATCGGGCAGCTATTG-1_2_1","IR","B-Naive",1.78634032399464,1.30029746559795
"CATCGGGGTCCAGGTC-1_2_1","IR","B-Naive",2.26605149895954,-2.37764427396123
"CATCGTCTCCCATAGA-1_2_1","IR","B-Naive",1.78539427907277,1.19786642161544
"CATGCAATCCTACCAC-1_2_1","IR","B-Naive",0.882143823216442,-3.73318550320927
"CATGCAATCTTGGATG-1_2_1","IR","B-Naive",1.85488900334645,-0.209200594151655
"CATGCGGAGCTAATCC-1_2_1","IR","B-Mye",-0.694406839301106,6.68096425799068
"CATGCGGAGCTACAAA-1_2_1","IR","B-Naive",3.44262549073506,-2.52590534421269
"CATGCGGCATCAGCAT-1_2_1","IR","B-Naive",-1.49365857451152,1.18003531960185
"CATGCGGCATGGAGAC-1_2_1","IR","B-Naive",1.54754754693318,1.95288583306011
"CATGCGGCATTGAAGA-1_2_1","IR","B-Naive",-0.257323058535572,0.843070608054956
"CATGCGGTCGTGGTAT-1_2_1","IR","B-Naive",-1.60722449629497,-1.58578774663273
"CATGCTCGTTCCGCGA-1_2_1","IR","B-Naive",-3.679943831851,-1.97122070523564
"CATGCTCGTTGGCCGT-1_2_1","IR","B-Naive",1.58045598656941,0.0783889558666551
"CATGCTCTCAACCTTT-1_2_1","IR","B-Naive",4.15622564942646,-1.49097249242131
"CATGCTCTCCAACTAG-1_2_1","IR","B-Act1",-5.26441863386821,1.30452805427249
"CATGGATGTTAAACAG-1_2_1","IR","B-Naive",3.50369712502766,1.99123450783428
"CATTCATTCACAGAGG-1_2_1","IR","B-Naive",-1.15467491953563,0.991611745631059
"CATTCCGAGAAATTGC-1_2_1","IR","B-Act1",3.23757621438313,-2.76833436223332
"CATTCCGCAGACCTAT-1_2_1","IR","B-Naive",-1.95139876215648,-4.64074346753422
"CATTCTAAGCGTACAG-1_2_1","IR","B-Naive",-3.28376892416668,-3.3155905935413
"CATTCTACAACACGAG-1_2_1","IR","B-Naive",-2.78868583052349,-1.23133370610539
"CATTGCCAGGTCTGGA-1_2_1","IR","B-ActMem",3.0359825769167,4.97653248575862
"CATTGTTGTTAGGACG-1_2_1","IR","B-Naive",-3.05111506788921,-0.770955178464094
"CCAAGCGAGCAAGTCG-1_2_1","IR","B-Naive",2.15975853593159,2.46483650473293
"CCAATGAGTGGAAATT-1_2_1","IR","B-Naive",3.26178452164936,1.0167665076011
"CCAATGATCCCATAAG-1_2_1","IR","B-Naive",0.0547792592744863,-3.49423334332768
"CCAATTTAGGCAATGC-1_2_1","IR","B-Naive",0.30624389440823,-1.67085478040043
"CCAATTTCAGACCAGA-1_2_1","IR","B-Act1",-3.19632652609539,1.28280470935043
"CCACACTAGATGACAT-1_2_1","IR","B-Naive",-2.52119711249065,-3.96179506512944
"CCACGAGAGTCTGGAG-1_2_1","IR","B-Act2",4.82752319962788,1.5619562533253
"CCACGAGCATATACCG-1_2_1","IR","B-Naive",0.755798725197796,-3.27357456418339
"CCACTTGGTTGCATCA-1_2_1","IR","B-Mye",-0.706443758894917,7.99193885592159
"CCATAAGGTCACAGTT-1_2_1","IR","B-Naive",-2.93242100088787,-3.18010828229252
"CCATAAGGTCGATTTG-1_2_1","IR","B-ActMem",3.78653570802021,4.08287050989803
"CCATCACTCTTACACT-1_2_1","IR","B-Naive",-2.08190933077526,-3.99169275494877
"CCCAACTAGTCCTGCG-1_2_1","IR","B-Act1",-3.83814171164226,2.29265978602107
"CCCAACTAGTGTACAA-1_2_1","IR","B-Naive",0.094657404134754,-2.84669325085942
"CCCATTGAGCATGTTC-1_2_1","IR","B-Naive",-3.14196327536296,-3.31694671841923
"CCCATTGAGCCTGTGC-1_2_1","IR","B-Naive",-2.72837594359111,0.201751020228227
"CCCATTGCAGCTAACT-1_2_1","IR","B-Naive",-2.18688491194439,-4.0574815008289
"CCCATTGGTTTGTTCT-1_2_1","IR","B-Naive",-0.717520447661396,-4.4154236051685
"CCCGGAAGTTCAACGT-1_2_1","IR","B-Mye",-0.739187391688343,8.03268840578731
"CCCTAACTCCTCAGAA-1_2_1","IR","B-Act1",-4.25513795225811,1.11963329133924
"CCCTCAATCAGTCCGG-1_2_1","IR","B-Naive",-2.29438379614544,-2.9199151727802
"CCCTCAATCTTCGGAA-1_2_1","IR","B-Naive",1.23182949216175,0.666753527199587
"CCCTCTCAGGGCCCTT-1_2_1","IR","B-Act1",-5.38809302656841,-0.268794867718855
"CCCTCTCCAGGCACAA-1_2_1","IR","B-Mye",-1.31070175974559,6.77238920000728
"CCCTCTCCAGTCGGTC-1_2_1","IR","B-Naive",-0.824800105978962,-2.27680561276738
"CCCTTAGGTCTGGTTA-1_2_1","IR","B-Naive",2.02659556062031,-0.995386573994795
"CCCTTAGTCCTTATAC-1_2_1","IR","B-Naive",0.632975546429638,-3.76638958188359
"CCGATCTTCTCTATGT-1_2_1","IR","B-Act1",-3.89663723318767,0.759391691958269
"CCGCAAGCAAATTGGA-1_2_1","IR","B-ActMem",3.24059697778035,3.81793573168453
"CCGCAAGTCGAAGTGG-1_2_1","IR","B-Naive",3.53445741326619,0.537835982119402
"CCGGACAAGTCAGAGC-1_2_1","IR","B-Naive",2.01006981522847,-0.853896233761946
"CCGGACATCATACGAC-1_2_1","IR","B-Naive",-2.00492146818828,-4.05615780087773
"CCGGGTACACCAGACC-1_2_1","IR","B-Naive",-0.574221940924641,-0.4667068454868
"CCGGGTAGTATTTCCT-1_2_1","IR","B-Mye",-0.483235033442494,6.42919328478511
"CCGGTAGAGAAACCCG-1_2_1","IR","B-Mye",-0.610800059725758,6.51658132342037
"CCGGTAGGTGCCCGTA-1_2_1","IR","B-Act1",-5.28551009504985,0.49720164803203
"CCGGTGACATTGTACG-1_2_1","IR","B-ActMem",4.28185793549824,4.34553888109859
"CCGTAGGAGTGGTTGG-1_2_1","IR","B-Act1",-2.57265618651104,1.12051361468967
"CCGTGAGAGGTTTGAA-1_2_1","IR","B-Act1",-1.38091197817516,2.92799070147212
"CCGTGAGCAACTCCCT-1_2_1","IR","B-Naive",4.57888838441182,-2.29718324872319
"CCGTGAGCAGTAACAA-1_2_1","IR","B-Naive",-1.58215132563305,0.0341662433498704
"CCGTGAGGTAGCCCTG-1_2_1","IR","B-Naive",1.13507255704213,-1.37042472096745
"CCGTGAGTCGGTATGT-1_2_1","IR","B-Naive",1.59052237660694,0.0113313463085496
"CCTACGTGTCGTTTCC-1_2_1","IR","B-Plasma",12.1649994531374,0.571170028721651
"CCTATCGGTTGATCGT-1_2_1","IR","B-Naive",4.76544424683857,-1.45965692731206
"CCTCAACGTTGTTTGG-1_2_1","IR","B-Naive",-1.41136899798107,-3.15598365994755
"CCTCAACTCGATTCCC-1_2_1","IR","B-Naive",-0.643134983469959,-4.71324941846196
"CCTCACAGTAAGTAGT-1_2_1","IR","B-Naive",-2.46501425116253,-1.74820134373967
"CCTCAGTGTAGACAGC-1_2_1","IR","B-Naive",-2.54014376013469,-0.505423519337813
"CCTCAGTTCCATCGTC-1_2_1","IR","B-ActMem",4.15801474244404,5.2371642854565
"CCTCAGTTCGGCTTCT-1_2_1","IR","B-Naive",-2.60177543966961,-2.80143186780278
"CCTCAGTTCTCACCCA-1_2_1","IR","B-Mye",-0.374014707495686,7.13884094027217
"CCTCATGAGAGAACCC-1_2_1","IR","B-Naive",-0.187301876236912,-2.38565847607915
"CCTCATGGTAACCCTA-1_2_1","IR","B-Naive",2.3580188432436,-2.18510458203618
"CCTCATGTCCTGTAGA-1_2_1","IR","B-Naive",-2.79859379141521,-0.22491988869969
"CCTCCAAAGCTTAGTC-1_2_1","IR","B-Naive",0.200492499182705,-1.50005647870366
"CCTCCAACAGGTTACT-1_2_1","IR","B-Naive",4.532538382123,-1.49143168660466
"CCTCTCCGTCTGCGCA-1_2_1","IR","B-Naive",-2.56822374670696,-4.04841444226567
"CCTGTTGCAACAGAGC-1_2_1","IR","B-Act1",-3.84443405478191,-1.50212166043584
"CCTTTGGAGGATGCGT-1_2_1","IR","B-Plasma",12.4101795831423,0.200595166956743
"CCTTTGGCATACTGAC-1_2_1","IR","B-Naive",0.346421478102688,-4.16498014661137
"CGAAGTTCAAGATCCT-1_2_1","IR","B-Mye",-0.278282063295361,6.27105167177852
"CGAATTGTCATCAGTG-1_2_1","IR","B-Naive",2.00645085961628,0.807681974446138
"CGAGAAGAGCACTAGG-1_2_1","IR","B-Naive",-3.23646715491008,-1.28182909222905
"CGAGGAAAGGTGTGAC-1_2_1","IR","B-Naive",1.12853678853321,2.19149318007167
"CGAGTGCGTAGACAGC-1_2_1","IR","B-Naive",-0.212281936993118,-0.291538808072249
"CGAGTGCTCACAAGAA-1_2_1","IR","B-Plasma",12.2259897866945,0.635684874331316
"CGAGTTACAGATACCT-1_2_1","IR","B-Naive",1.61358114869404,-2.22703668805424
"CGAGTTATCGAGGCAA-1_2_1","IR","B-Naive",-2.98206284849834,0.0508629944675767
"CGATCGGAGGCACTAG-1_2_1","IR","B-Plasma",12.4088329950075,0.201831486498674
"CGATCGGCAATTCTCT-1_2_1","IR","B-Naive",-1.99261346667003,-2.82750842305485
"CGATGCGTCACTTGGA-1_2_1","IR","B-Act1",-1.96536734907817,2.00195058849986
"CGCAGGTCAAATGGTA-1_2_1","IR","B-Naive",3.76626965195942,-2.01541874142949
"CGCAGGTGTAGCGCCT-1_2_1","IR","B-ActMem",3.89981075913716,5.27754428652461
"CGCAGGTGTCGTTTCC-1_2_1","IR","B-Naive",1.37718745858479,1.35124215153392
"CGCAGGTGTTCCACAA-1_2_1","IR","B-Plasma",11.8114733377199,0.924077365969976
"CGCATAATCAACGTGT-1_2_1","IR","B-Act1",-3.2225623449583,1.85297295120891
"CGCATGGAGCCATGCC-1_2_1","IR","B-Act2",-3.66718629210186,0.531461980616411
"CGCATGGGTGGCAGAT-1_2_1","IR","B-Naive",2.47389051110554,1.93255296019252
"CGCCAGAAGAATACAC-1_2_1","IR","B-Naive",-1.73245015948009,-2.75865432950322
"CGCCATTCAGCAGTTT-1_2_1","IR","B-Naive",4.84982153565693,-0.671830866063277
"CGCGTGAGTGCACGCT-1_2_1","IR","B-Naive",-0.275103064467426,1.65140553978618
"CGGAACCCACGGGTAA-1_2_1","IR","B-Naive",0.49503275544453,-0.199870321477095
"CGGAATTAGCAATTCC-1_2_1","IR","B-Act1",-4.64163783400249,0.793053191577753
"CGGAATTAGTCTTGGT-1_2_1","IR","B-Act1",-3.68357184736919,-0.0422430965549148
"CGGAATTTCATTCCTA-1_2_1","IR","B-Naive",2.26207896859455,-1.0189232561237
"CGGCAGTGTCATCGGC-1_2_1","IR","B-Mye",-0.403513880660053,8.07887008455928
"CGGCAGTTCAGTGCGC-1_2_1","IR","B-Naive",0.49303719193745,-2.99159452649418
"CGGCAGTTCTTCCCGA-1_2_1","IR","B-Naive",0.202497808049206,-2.21803829404179
"CGGGACTAGATACATG-1_2_1","IR","B-Plasma",12.3730463662844,0.288785364901384
"CGGGACTCAAAGAGTT-1_2_1","IR","B-Naive",-3.2118783315916,-0.890709254468123
"CGGGCATCATTGCTGA-1_2_1","IR","B-Act1",-5.49856141417217,0.835248601114114
"CGGGTCACAAGTCCAT-1_2_1","IR","B-Mye",-0.27789712159824,7.19099309710201
"CGGGTCATCGGACTTA-1_2_1","IR","B-Naive",1.54463550240803,1.22703450587924
"CGGGTCATCGGTGTTA-1_2_1","IR","B-Naive",1.08364495427418,-0.897540423596541
"CGGGTGTAGTGCAGGT-1_2_1","IR","B-ActMem",2.87855192811299,3.65837314394649
"CGGGTGTCAACACGAG-1_2_1","IR","B-Naive",2.1661505380373,0.316821840082964
"CGGTCAGCAAGTCATC-1_2_1","IR","B-Naive",-2.27482465117168,-0.122552010739485
"CGGTCAGGTGACCGAA-1_2_1","IR","B-ActMem",3.75222989709187,4.93662526873287
"CGTAAGTGTGGCCACT-1_2_1","IR","B-Naive",1.74822875649739,-0.306727740491072
"CGTAAGTTCACCCTGT-1_2_1","IR","B-Naive",1.77603217751789,-0.308123681271712
"CGTAATGGTACAGTTC-1_2_1","IR","B-Naive",-1.77719465105724,-4.31254646512333
"CGTAATGGTCCACACG-1_2_1","IR","B-Naive",-2.70396498053264,0.566936310803255
"CGTAGTAGTGTATTGC-1_2_1","IR","B-ActMem",2.89416834504414,4.79350521830257
"CGTCAAAAGTCCGCGT-1_2_1","IR","B-Naive",2.70771595628071,2.13201740053829
"CGTCAAACAGCAGTCC-1_2_1","IR","B-Naive",0.283992973874096,-1.42226025792424
"CGTCAAAGTACTTCCC-1_2_1","IR","B-Naive",0.361196724484447,-2.36795923444096
"CGTGATACAGGAGGAG-1_2_1","IR","B-Act1",-4.17754653303814,1.89609965351756
"CGTGATAGTTAGTTCG-1_2_1","IR","B-Naive",1.91702171952534,2.16304865149196
"CGTGTCTCATAAGCAA-1_2_1","IR","B-Act2",3.76086565644551,2.90068724421199
"CGTTAGAAGCTGAAGC-1_2_1","IR","B-Act2",-3.23226788847637,-0.803879115307967
"CGTTCTGAGACGGAAA-1_2_1","IR","B-Mye",-1.00122967570018,6.85760524538692
"CGTTCTGTCATTACTC-1_2_1","IR","B-Naive",1.49402829797078,-1.19150874348942
"CTAACCCAGTTAGTAG-1_2_1","IR","B-Naive",-2.92930439322185,-2.06315228673283
"CTAACCCGTATGCTAC-1_2_1","IR","B-Naive",-1.14716187327098,-2.79310486050908
"CTAACCCTCCAAACCA-1_2_1","IR","B-Act1",-3.9517624696989,-0.735103103840987
"CTAACTTCAAAGCGTG-1_2_1","IR","B-Act1",0.0498306730489767,1.76839008597072
"CTAAGTGCAGCGGATA-1_2_1","IR","B-Act1",-3.83389333098125,1.36374789146121
"CTAAGTGTCGCCAGAC-1_2_1","IR","B-Act1",-3.28516915648174,1.65112134483989
"CTACAGAAGATAGCTA-1_2_1","IR","B-Act1",-4.70885089247417,-0.167798015797774
"CTACAGACACTGTCGG-1_2_1","IR","B-Naive",-1.64058760016155,-1.84835598203007
"CTACAGAGTAATACCC-1_2_1","IR","B-Mye",-0.689787360121723,6.62590959337886
"CTACATTTCGTCTAAG-1_2_1","IR","B-Naive",1.16640326173115,1.71983459261592
"CTACCCAAGGTACCTT-1_2_1","IR","B-Naive",0.816356031010631,-2.42941090794865
"CTACCCAGTATGGTAA-1_2_1","IR","B-Naive",1.92944070489216,-1.97492406102482
"CTACCCAGTTAAGGGC-1_2_1","IR","B-Naive",3.08605024010945,-0.741475436413924
"CTACCTGAGCAGATAT-1_2_1","IR","B-Mye",-0.618310572793003,6.67045238283809
"CTACCTGTCTCTGCCA-1_2_1","IR","B-Naive",1.97803875596333,-1.91868040295903
"CTACTATAGCACGTCC-1_2_1","IR","B-Naive",1.09969565064717,-1.53849169942204
"CTACTATGTATACAGA-1_2_1","IR","B-Naive",0.432239619801525,-0.0061390134936965
"CTACTATGTTTCGATG-1_2_1","IR","B-Naive",-1.01120582430553,-3.46757528516118
"CTAGACAGTCATCGGC-1_2_1","IR","B-Mye",-0.911946865012165,6.5101077821606
"CTAGGTACATGGAATA-1_2_1","IR","B-Naive",-0.909655900885578,-4.60409376355473
"CTATCCGCACTACCGG-1_2_1","IR","B-Mye",-1.28273180334758,6.41498353747066
"CTCAACCAGATGACCG-1_2_1","IR","B-Mye",-0.644243033816334,6.64711835650142
"CTCAAGAAGAGTCTGG-1_2_1","IR","B-Naive",-0.461919160773274,1.28154779640373
"CTCAAGAAGGAATCGC-1_2_1","IR","B-Naive",-0.967835935046192,0.27393903998073
"CTCAAGAAGTATTGCC-1_2_1","IR","B-Naive",-0.925250204493519,-1.92780015202824
"CTCAAGACACTAACGT-1_2_1","IR","B-Naive",-1.40308430998516,-2.05627462598149
"CTCAAGAGTTGGGTAG-1_2_1","IR","B-Naive",-1.45692160933208,-0.61272129746739
"CTCAATTTCCGTAGTA-1_2_1","IR","B-Naive",2.49223729760456,-2.44194838734929
"CTCACTGAGGGCCAAT-1_2_1","IR","B-Mye",-0.46032071321201,6.974431302821
"CTCAGGGAGTCCCAAT-1_2_1","IR","B-Act1",-2.37020400374126,2.41413417128261
"CTCAGGGCATGGAAGC-1_2_1","IR","B-Naive",-0.307753624608036,1.07744222921666
"CTCAGTCAGGTTATAG-1_2_1","IR","B-Naive",2.61732122094441,-3.21445533963505
"CTCATCGCAGCATACT-1_2_1","IR","B-Naive",-1.56959167330455,-1.37173578473393
"CTCATGCCAGCAGTCC-1_2_1","IR","B-Naive",-2.86601570456218,-1.04108378621403
"CTCATGCTCGAACTCA-1_2_1","IR","B-Naive",-2.51273754446697,-3.31898758145634
"CTCATTAAGGGCAGTT-1_2_1","IR","B-Naive",1.76737138421345,-0.919774267399946
"CTCATTAAGTGGTCAG-1_2_1","IR","B-Naive",0.729715136597637,-1.03228947850529
"CTCATTAGTTGTTGCA-1_2_1","IR","B-Naive",-2.82378819792461,-3.63507578107182
"CTCCACAAGTAACCTC-1_2_1","IR","B-Naive",-1.27108624785137,-3.64390823575322
"CTCCACAAGTGAGGTC-1_2_1","IR","B-Naive",-2.76937964766216,0.84392502573665
"CTCCCTCCAACAGAGC-1_2_1","IR","B-Naive",-1.10892096369457,-3.58837864133183
"CTCCCTCGTCACGTGC-1_2_1","IR","B-Naive",3.75641605050373,-0.630766246045271
"CTCCCTCTCCACGTGG-1_2_1","IR","B-Naive",-0.163338860710379,-4.381938669408
"CTCCCTCTCTGCGATA-1_2_1","IR","B-Naive",0.240791229317669,-3.49703666898076
"CTCCGATAGGGCAGTT-1_2_1","IR","B-ActMem",3.07629033715535,4.79552772310909
"CTCCGATGTTGTGGAG-1_2_1","IR","B-Act1",-1.0986364802618,1.1189695042127
"CTCCGATTCGACATCA-1_2_1","IR","B-Naive",2.83712717683125,-1.3102514478809
"CTCCTCCAGACATCCT-1_2_1","IR","B-Act1",-5.13367751448345,-0.335691663945357
"CTCCTCCCACTGTGTA-1_2_1","IR","B-Naive",-0.602732571055409,-0.164903018201033
"CTCCTTTAGCGATTCT-1_2_1","IR","B-Naive",-3.66357663481426,-3.17785570355717
"CTCGAGGCATTACGGT-1_2_1","IR","B-Naive",0.883009997914318,-3.53032657834355
"CTCGAGGGTCAAGCCC-1_2_1","IR","B-Naive",-3.56434586851787,-3.13016912671391
"CTCTCAGAGTAATTGG-1_2_1","IR","B-ActMem",3.94129797608662,5.20386054781612
"CTCTCAGTCGATAACC-1_2_1","IR","B-Naive",-1.84769562094402,-4.31568262311284
"CTCTGGTAGTACGTCT-1_2_1","IR","B-Naive",1.23214301259327,0.508324053561052
"CTGAATGGTGCATGAG-1_2_1","IR","B-Naive",-2.3064189275999,-4.56912443372075
"CTGAGGCCAAGACCGA-1_2_1","IR","B-Naive",2.51467057854939,0.18057909277614
"CTGATCCCACCTCGTT-1_2_1","IR","B-Naive",-1.63510540335369,-4.52867147656743
"CTGATCCGTGTACAGG-1_2_1","IR","B-Act2",5.12830349595356,0.156091180121263
"CTGCAGGAGGTAGACC-1_2_1","IR","B-Naive",-1.55545273630809,-1.70496318074528
"CTGCAGGTCGCCGATG-1_2_1","IR","B-Act1",-2.75028351156902,1.04916850147184
"CTGCATCGTCCTTTGC-1_2_1","IR","B-Naive",-0.7817881426115,-2.40850255223576
"CTGCATCGTGTGAATA-1_2_1","IR","B-Naive",1.39619454533863,-0.579433057034651
"CTGCATCTCCACGTCT-1_2_1","IR","B-Naive",2.8506147542696,-1.60630366536442
"CTGCATCTCGGCTCTT-1_2_1","IR","B-Mye",-0.666314931799885,6.5790455606335
"CTGCCATCATTATGCG-1_2_1","IR","B-Naive",-2.92660311072063,-0.87245795461003
"CTGCGAGGTTGCATAC-1_2_1","IR","B-Naive",4.47951313645649,-1.25631830426518
"CTGGCAGCAGTCACGC-1_2_1","IR","B-Mye",-0.364600734998699,7.31841781405147
"CTGGCAGGTGGGCTCT-1_2_1","IR","B-Act1",-2.60940483420086,1.87560960320171
"CTGGTCTTCGGTCAGC-1_2_1","IR","B-Naive",-0.418240072419163,-0.563470694745222
"CTGGTCTTCTTCGACC-1_2_1","IR","B-Naive",2.57999154717732,2.90622964171108
"CTGTACCGTGGGCTCT-1_2_1","IR","B-Act1",-5.23276999800396,1.48535254267391
"CTGTAGAAGAGTTGTA-1_2_1","IR","B-Naive",-1.38952556460094,0.189578738486131
"CTGTAGAGTTCAAGGG-1_2_1","IR","B-Naive",4.59262940079975,-2.48563358517949
"CTGTAGATCTAGAACC-1_2_1","IR","B-Naive",-2.82440880148601,-2.23434278699223
"CTGTCGTCAGTTAGAA-1_2_1","IR","B-Naive",-0.373436214615818,-2.53961679669682
"CTGTCGTGTTATCCAG-1_2_1","IR","B-Act1",0.721920637200359,3.22687437800105
"CTGTCGTTCGCTTGCT-1_2_1","IR","B-Naive",-1.09569356053066,-2.97013399335209
"CTGTGAAGTGCAATAA-1_2_1","IR","B-Act2",5.02237698228169,1.26909604338344
"CTTCAATAGGCAGGGA-1_2_1","IR","B-Act1",-5.08577302305889,2.02754738596614
"CTTCAATAGGTTTACC-1_2_1","IR","B-Naive",0.136284736702923,-2.66780254575078
"CTTCCGAAGCGCGTTC-1_2_1","IR","B-Naive",-0.180580260445591,2.40924527910884
"CTTCCGAAGTCACTCA-1_2_1","IR","B-Mye",-0.663448604037281,6.80785730150875
"CTTCCGAGTGACCTGC-1_2_1","IR","B-Act1",-5.21155742018413,2.14168908861812
"CTTCCGAGTTGCAAGG-1_2_1","IR","B-Naive",-0.253953339745518,-0.799378845418135
"CTTCCTTGTGTCCAAT-1_2_1","IR","B-Naive",-3.21066978781414,-2.09248397084538
"CTTCCTTTCTCCCTAG-1_2_1","IR","B-Act1",-4.21903851835918,0.609885868107637
"CTTCTAACAGAGGACT-1_2_1","IR","B-Naive",4.37594172150898,-2.54289481374089
"CTTCTAACATTGACCA-1_2_1","IR","B-Naive",-3.00849631636333,0.766598817383608
"CTTCTAATCGCCGATG-1_2_1","IR","B-Naive",1.05769440324116,-2.94445559712712
"CTTGAGACACGACAGA-1_2_1","IR","B-Act2",5.18701788575459,1.65424289969142
"CTTGAGACAGACGGAT-1_2_1","IR","B-ActMem",3.21229335458088,3.61281183031734
"CTTTCGGTCGGCTTCT-1_2_1","IR","B-Mye",-0.730673404623982,7.79437949923213
"GAAACCTAGCAGCGAT-1_2_1","IR","B-Act1",-2.96505835859966,1.22857847479518
"GAAATGAAGGACTATA-1_2_1","IR","B-Naive",1.55310961396504,2.21101775435146
"GAAATGACATGACTAC-1_2_1","IR","B-Naive",-0.480515482117649,-2.90643880101506
"GAAATGAGTTGAATCC-1_2_1","IR","B-Act1",-5.58281424849224,0.741734352385362
"GAACACTGTTTACACG-1_2_1","IR","B-Naive",2.90660735757161,0.332878377711137
"GAACGTTGTTTGTTCT-1_2_1","IR","B-Plasma",12.3493790307741,0.287626173769792
"GAACTGTCATGCGTGC-1_2_1","IR","B-Naive",-1.46562209932994,-3.25092622968022
"GAAGAATAGTTGAAGT-1_2_1","IR","B-Naive",0.779625026295666,2.59926762846645
"GAAGAATCAAGCGCTC-1_2_1","IR","B-Mye",-0.631009491374012,7.02543380526241
"GAAGCCCAGCATCGAG-1_2_1","IR","B-Naive",-0.996269079138752,-4.09832021924321
"GAAGCCCAGTAGTCAA-1_2_1","IR","B-Naive",-0.0530891364712679,-3.00237199994389
"GAAGCGAAGCGGACAT-1_2_1","IR","B-Act2",3.97149559647847,2.09208061960872
"GAAGCGAGTCGAGCTC-1_2_1","IR","B-Mye",-0.32479071824741,7.85875251558956
"GAAGCGATCACGTCCT-1_2_1","IR","B-Mye",-0.489735963036534,7.25587775973018
"GAAGGACCAGATCCAT-1_2_1","IR","B-Naive",2.2133974710207,0.0470760133617723
"GAAGTAAGTTTAGAGA-1_2_1","IR","B-Naive",3.89742991120625,-2.25302645894353
"GAATAGACATTGAGCT-1_2_1","IR","B-Naive",-0.523043604781147,-2.60326668950383
"GAATCACCACTTTAGG-1_2_1","IR","B-Naive",0.133989391634945,1.87104335097011
"GAATCACTCGAGATAA-1_2_1","IR","B-Naive",-0.352285178591725,-4.15243074628178
"GACACGCAGCCTCTGG-1_2_1","IR","B-Act1",1.05670353562641,-1.33342811795537
"GACACGCTCTATACTC-1_2_1","IR","B-Naive",0.0353630313377417,-4.462007734502
"GACAGCCGTAATACCC-1_2_1","IR","B-Plasma",12.3110737481813,0.443388071333727
"GACCAATTCAGTGTCA-1_2_1","IR","B-Naive",0.659043041775707,-3.03545210095708
"GACCAATTCCTCAGGG-1_2_1","IR","B-Act2",3.93468424470234,1.8495163586491
"GACCCAGTCTATTCGT-1_2_1","IR","B-Naive",1.59321340710926,-2.38348695966069
"GACCCTTGTATGTCTG-1_2_1","IR","B-Naive",-0.00939843266200657,1.68651595381435
"GACCCTTGTGGTATGG-1_2_1","IR","B-ActMem",3.63430902154255,5.64553811815914
"GACCTTCAGTATAGAC-1_2_1","IR","B-Naive",1.46162828595448,-1.57019946309392
"GACGCTGTCACGGAGA-1_2_1","IR","B-Naive",1.49930342824269,1.92155691651042
"GACGTTAAGGAGGGTG-1_2_1","IR","B-Naive",2.51054259927082,2.12209573057826
"GACGTTACACAGAGCA-1_2_1","IR","B-Naive",2.20993539483357,1.89456578758891
"GACGTTATCCCTCTCC-1_2_1","IR","B-Naive",-2.36124900191021,-4.16376087399785
"GACTATGCAAGAAATC-1_2_1","IR","B-Naive",-2.2657981237669,-0.27147111626927
"GACTATGCATGACACT-1_2_1","IR","B-Naive",-2.53232696860027,-3.97932216855351
"GACTATGGTAACAGTA-1_2_1","IR","B-Naive",-1.42654243319225,-1.86007020207707
"GACTATGTCCCAAGTA-1_2_1","IR","B-Naive",2.140364138196,0.562856581484636
"GACTCAACACATAGCT-1_2_1","IR","B-Naive",-1.12742760985088,-2.70702836247746
"GACTCAAGTTCTCGTC-1_2_1","IR","B-Naive",2.0200483480196,1.7384494212025
"GACTGATCAAGTGTCT-1_2_1","IR","B-Mye",-0.502095015933033,6.61622026232418
"GACTGATGTGAGTTGG-1_2_1","IR","B-Naive",-0.0101130849022829,0.956706766461691
"GACTGATTCTACCTTA-1_2_1","IR","B-Act1",-4.24855902998638,-0.62158999177281
"GACTTCCCAGCTTCGG-1_2_1","IR","B-Act1",-4.90311530440044,1.1401805919164
"GAGACTTCATCGGCCA-1_2_1","IR","B-Naive",-2.4101012071867,-3.90380689832036
"GAGACTTGTCCTACAA-1_2_1","IR","B-Act1",-5.01350358336162,1.73769363430675
"GAGATGGAGTGTAGAT-1_2_1","IR","B-Naive",0.613938299725536,-1.56002948018376
"GAGATGGTCACGGAGA-1_2_1","IR","B-Naive",-1.87289110033702,1.5675646927708
"GAGATGGTCACTAGCA-1_2_1","IR","B-Act2",4.60700365693379,1.78986039427455
"GAGCCTGGTATGTGTC-1_2_1","IR","B-Naive",1.81721481473256,-1.11807963582341
"GAGCTGCCAGAACGCA-1_2_1","IR","B-Naive",-0.27139981298637,0.769106176173052
"GAGCTGCCAGTGGGTA-1_2_1","IR","B-Naive",-1.51627961008739,-1.0630271169788
"GAGCTGCGTATATGGA-1_2_1","IR","B-Naive",-0.682571919848438,1.93313899305995
"GAGGCAACAAGGGTCA-1_2_1","IR","B-Naive",2.5364856401186,2.60827639368709
"GAGGCAATCCATGCAA-1_2_1","IR","B-Naive",-1.01873132794094,-1.04575941296879
"GAGGCCTAGTTGTCGT-1_2_1","IR","B-Naive",2.81845661790181,-1.34739420148198
"GAGGCCTCAGAGTGTG-1_2_1","IR","B-Act2",4.16193672807026,1.3529274132603
"GAGGGATAGGGCAGGA-1_2_1","IR","B-Naive",-1.45750740378093,-1.56831619473759
"GAGGGATCAAGGTTGG-1_2_1","IR","B-Naive",0.558439759324077,-1.07398602696721
"GAGGGATCAGATTAAG-1_2_1","IR","B-Naive",0.93257781655598,0.577856716191133
"GAGGGATGTTTGGAAA-1_2_1","IR","B-Naive",2.32764884621907,1.11293593463834
"GAGGGATTCAAAGCCT-1_2_1","IR","B-Mye",-1.23566869108867,6.66372421053584
"GAGGGATTCGCATAGT-1_2_1","IR","B-Act1",-4.40798619597149,0.137848999773821
"GAGGGTAAGTGGCCTC-1_2_1","IR","B-Act1",-5.38794186918926,1.71933218506511
"GAGTCATCAACTCGTA-1_2_1","IR","B-Naive",0.462092844555858,-4.02806970807377
"GAGTCATGTACCATAC-1_2_1","IR","B-Naive",-0.852299066473957,-0.905955645764509
"GAGTGAGGTGCATGTT-1_2_1","IR","B-Mye",-0.824486347128864,7.0906913545483
"GAGTGTTCATAGGTTC-1_2_1","IR","B-Naive",-0.0029809644718134,-3.44267627927128
"GAGTTACAGGAACTCG-1_2_1","IR","B-Naive",-1.17901256888103,-0.870903942311446
"GAGTTACAGGGATGTC-1_2_1","IR","B-Act1",-5.078132661273,1.47880971101459
"GAGTTACCACCCTGAG-1_2_1","IR","B-Act1",-5.36953309385967,1.22393786576923
"GAGTTTGCACCGGTCA-1_2_1","IR","B-Naive",-2.88743308394146,-3.1917063924915
"GATAGAAAGGTCGCCT-1_2_1","IR","B-Mye",-0.991679640700337,6.54482724932369
"GATAGCTGTACTCCGG-1_2_1","IR","B-Naive",-4.43374541609478,-1.27843258115117
"GATCACAGTGGAGAAA-1_2_1","IR","B-Naive",0.503788141320232,-0.560724947178999
"GATCAGTAGGCTTAAA-1_2_1","IR","B-Mye",-0.515422495295521,7.10199430254634
"GATCAGTGTACCAATC-1_2_1","IR","B-Naive",2.07411810548115,0.993596993809303
"GATCATGCATGTGGTT-1_2_1","IR","B-Mye",-0.671564670493122,6.73913505343135
"GATCATGGTTGCCATA-1_2_1","IR","B-Naive",-2.14019826262188,-2.19594619008366
"GATCCCTAGAGGCTGT-1_2_1","IR","B-Naive",-1.93381324618053,-2.38269612523381
"GATCGTAAGTACGTCT-1_2_1","IR","B-ActMem",3.96477457673359,4.56397655275997
"GATCGTACAGTTGCGC-1_2_1","IR","B-Naive",-2.21657827704143,-1.19723365041081
"GATCGTATCTTCTAAC-1_2_1","IR","B-Act1",-5.18231442778301,1.99828436640437
"GATGAGGAGGTAAGTT-1_2_1","IR","B-Naive",4.23474404008198,-1.23781726094548
"GATGAGGGTCGTTCAA-1_2_1","IR","B-Mye",-0.71358666031551,6.97559478548702
"GATGAGGTCCGTGTAA-1_2_1","IR","B-Act1",-4.28779366820049,1.90387758282359
"GATGATCTCTGGACTA-1_2_1","IR","B-Naive",-1.90121033995342,-4.75687858792607
"GATGCTAAGCATCAGG-1_2_1","IR","B-Naive",2.17464658410359,2.0232913759106
"GATGCTAAGGCTCCCA-1_2_1","IR","B-Naive",0.592767921994213,0.212409105574449
"GATGCTACACAATTCG-1_2_1","IR","B-Naive",4.03755041749287,-1.43531176778142
"GATGGAGTCGTCCTTG-1_2_1","IR","B-Naive",1.90424987466145,0.413682248865923
"GATGTTGCAGAGTAAT-1_2_1","IR","B-ActMem",4.21293493897725,4.38613488939937
"GATGTTGTCCCGATCT-1_2_1","IR","B-Naive",0.823328165123943,-2.39089939328496
"GATTCGAAGTGCTACT-1_2_1","IR","B-Act1",-1.87793365328502,1.89328238037761
"GATTCGATCGTCACCT-1_2_1","IR","B-Mye",-0.458350004841801,6.5130636957043
"GATTCGATCTGATTCT-1_2_1","IR","B-Naive",-1.82182410566997,-3.70378277036015
"GATTGGTGTCCAAGAG-1_2_1","IR","B-Naive",1.8452778735857,0.576720770871004
"GATTGGTTCACATTGG-1_2_1","IR","B-Naive",4.41328570039082,-2.1415412160999
"GATTTCTCAAGGTACG-1_2_1","IR","B-ActMem",3.73753067643452,5.47192266253169
"GATTTCTTCCAGTGCG-1_2_1","IR","B-Mye",-0.458673121621128,6.55789926317867
"GATTTCTTCTCGAACA-1_2_1","IR","B-Naive",0.815493015358928,-3.03070471021001
"GCAACCGCACATAACC-1_2_1","IR","B-Naive",-1.68832960932445,-2.99805900784794
"GCACATAAGATCCTAC-1_2_1","IR","B-Naive",4.40014073045063,-0.847942206586043
"GCACATATCTAAGCCA-1_2_1","IR","B-Act1",-4.41796639769268,-1.64061901303593
"GCACGTGGTCTCGGAC-1_2_1","IR","B-Naive",-2.80585816710186,-3.54169485303227
"GCACGTGTCAACCCGG-1_2_1","IR","B-Naive",1.42621108681965,-0.856676790440718
"GCACTAACAGTTTCGA-1_2_1","IR","B-Act2",3.5142597833376,1.2073571648949
"GCACTAAGTAGGTAGC-1_2_1","IR","B-Naive",-2.50051024763775,-2.12097737523381
"GCACTAATCAGAGTGG-1_2_1","IR","B-Mye",-0.974630804945942,6.52906873491939
"GCAGCCACAATGCAAA-1_2_1","IR","B-ActMem",3.17614075333882,3.60575654772457
"GCAGCCACATGTAACC-1_2_1","IR","B-Act1",-5.17871812193584,1.90256723431285
"GCAGCCAGTACGATTC-1_2_1","IR","B-Naive",2.20921966225911,4.14204170969661
"GCAGGCTTCAACACGT-1_2_1","IR","B-Naive",-0.37482482402515,-2.94536969395939
"GCATCGGCACTGTCCT-1_2_1","IR","B-Naive",-1.42331651060772,-1.78569671841923
"GCATCGGGTAGATCGG-1_2_1","IR","B-Naive",1.04121061951924,-1.03041074010197
"GCATCGGTCGCTTAAG-1_2_1","IR","B-Act1",-3.0743689855833,0.855821531688532
"GCATCTCAGCCAAGGT-1_2_1","IR","B-Naive",0.525281457016949,-0.508950564587752
"GCATCTCTCGATACAC-1_2_1","IR","B-Naive",1.77254935891438,-1.77464649411503
"GCATGATCAATATCCG-1_2_1","IR","B-Naive",1.02656897694874,-0.895480606282393
"GCATTAGGTCAGGTAG-1_2_1","IR","B-Naive",-2.70467713682842,-0.107723448002974
"GCCAACGAGGTCGCCT-1_2_1","IR","B-Naive",-1.24673155157756,1.03859352642085
"GCCAGCAAGAGCAACC-1_2_1","IR","B-Naive",-1.71239569990825,-3.15609667035405
"GCCAGCAGTCTCGCGA-1_2_1","IR","B-Mye",-0.098533731167432,7.69574334887203
"GCCAGGTAGGCCACCT-1_2_1","IR","B-Naive",-0.134444232312258,5.28434493807491
"GCCAGTGTCTGCTTTA-1_2_1","IR","B-Act2",3.77213641793537,1.17293946114715
"GCCATGGAGGCAGTCA-1_2_1","IR","B-Naive",0.346502152989391,-2.68960067960087
"GCCATTCCAGTGTGGA-1_2_1","IR","B-Naive",-0.433999749114033,-1.93826529713933
"GCCATTCGTGCATGAG-1_2_1","IR","B-Naive",0.233259437392238,2.27099468973812
"GCCCAGAAGACTACCT-1_2_1","IR","B-Act2",3.97159430177021,2.08592906264003
"GCCCAGACACAAGTTC-1_2_1","IR","B-Naive",-2.67557004301738,-3.24865839215581
"GCCCAGAGTCTGCCTT-1_2_1","IR","B-Naive",3.77651974351216,0.271431651388963
"GCCCGAAGTAGTTAGA-1_2_1","IR","B-Act1",-4.32521727888775,2.51732459334072
"GCCGTGATCCGAGATT-1_2_1","IR","B-Naive",3.64224430711079,2.09892728594478
"GCCGTGATCTAGAGCT-1_2_1","IR","B-ActMem",2.96318432481099,4.62639906672176
"GCCTGTTAGAGAGGTA-1_2_1","IR","B-Naive",1.61501094491291,2.59349134234126
"GCCTGTTCACCTGATA-1_2_1","IR","B-Act1",-5.4695482572813,2.00390383270915
"GCCTGTTTCATCCTAT-1_2_1","IR","B-Mye",-0.745402248789784,6.58699538973506
"GCGAGAAAGTTACTCG-1_2_1","IR","B-Naive",0.781286684582714,-0.381906602109114
"GCGGAAAGTGCATGTT-1_2_1","IR","B-Naive",0.0523996034364737,4.62811138895687
"GCGGAAATCCTCCACA-1_2_1","IR","B-Act1",-2.93022492735576,2.33205642965968
"GCGGAAATCTAAGGAA-1_2_1","IR","B-Naive",-2.3272884210844,-0.159883472645918
"GCGGATCCAGTAGTTC-1_2_1","IR","B-Mye",-0.439129593064305,6.48487022188838
"GCGGATCGTATTTCCT-1_2_1","IR","B-Mye",-0.569329830100056,6.92095115450557
"GCGTGCACACTCCCTA-1_2_1","IR","B-Act1",-1.65994897692394,1.7756466534489
"GCGTGCAGTAGTGTGG-1_2_1","IR","B-Naive",1.23087629468251,-0.579275700772444
"GCGTTTCTCCGGCTTT-1_2_1","IR","B-Act2",2.93457838685322,-1.04258939954106
"GCTACAAAGTTCTCTT-1_2_1","IR","B-Naive",1.86582979352284,-0.639017197812239
"GCTACAACACAAGCAG-1_2_1","IR","B-Naive",-2.06065848677349,-3.77669689389531
"GCTACCTGTATCAGCT-1_2_1","IR","B-Naive",2.59692045838642,-1.63003227444951
"GCTACCTGTCTCTCAC-1_2_1","IR","B-Naive",-0.549302133013722,-4.72590419980351
"GCTCAAACAGAGTCAG-1_2_1","IR","B-Naive",2.15683838517475,2.01077648667034
"GCTCAAAGTTGGCTAT-1_2_1","IR","B-ActMem",3.68959614426899,4.02331402567562
"GCTGAATCAATTGAAG-1_2_1","IR","B-Naive",1.56255325467396,-1.29131076070134
"GCTGCAGAGCGTGTTT-1_2_1","IR","B-Naive",-2.43127253859234,-3.09840080472294
"GCTGCAGAGTGTTGTC-1_2_1","IR","B-Plasma",12.1654801049929,0.599978354250749
"GCTGCAGTCCGGCTTT-1_2_1","IR","B-Naive",-2.02969482748699,-4.27559349271123
"GCTGGGTAGGTAGGCT-1_2_1","IR","B-Naive",1.72241207749653,1.22343253759082
"GCTGGGTTCTGGGCGT-1_2_1","IR","B-Naive",1.08375713021565,-2.74447343083684
"GCTTCACCAGGTTACT-1_2_1","IR","B-Naive",-4.79478600828838,-0.84815785619084
"GCTTGGGGTGAATGAT-1_2_1","IR","B-Naive",-0.654848190237995,-0.366049501622359
"GCTTTCGCAAACCACT-1_2_1","IR","B-Naive",0.946179238865856,-3.54622766705815
"GCTTTCGCATTGAGCT-1_2_1","IR","B-Naive",-3.18285063116741,-0.928465101445357
"GCTTTCGGTTCATCGA-1_2_1","IR","B-Act1",-3.95194128363323,0.256054427897295
"GGAACCCCATAGGCGA-1_2_1","IR","B-Naive",3.5899786630373,-1.34733745786015
"GGAACCCTCTAATTCC-1_2_1","IR","B-Naive",4.53589197785664,3.98152067927059
"GGAAGTGGTGTGAGCA-1_2_1","IR","B-Naive",-1.40192321150493,-3.03208133908574
"GGAAGTGGTGTGGACA-1_2_1","IR","B-Act2",3.90697142274189,1.90158065823253
"GGAATCTAGTCTGCAT-1_2_1","IR","B-Naive",-1.35726908056926,-1.27207419606511
"GGAATCTCATAAGCGG-1_2_1","IR","B-Mye",-0.640174659182545,8.08226135042842
"GGAATCTTCACATACG-1_2_1","IR","B-Naive",4.32541748673725,-0.62323806020085
"GGAATCTTCCGTGACG-1_2_1","IR","B-Plasma",12.4154343286257,0.241144206797441
"GGAATGGTCCTGATAG-1_2_1","IR","B-Naive",0.840018359730724,0.35373583105739
"GGAGAACAGAAGTGTT-1_2_1","IR","B-Act2",5.07065769822407,2.01942035225566
"GGAGATGCACACACTA-1_2_1","IR","B-Act1",-3.84856274931621,0.849099751984438
"GGAGATGGTGTAGGAC-1_2_1","IR","B-Naive",4.34375473649311,-0.580089184964339
"GGAGCAAAGAGCGACT-1_2_1","IR","B-Naive",2.49283215195942,1.28710813490089
"GGAGCAAAGCATTTCG-1_2_1","IR","B-Act2",4.72417399079609,2.06998088625606
"GGAGCAAAGGCTTTCA-1_2_1","IR","B-Naive",-1.92412284224224,0.0418454673641526
"GGAGCAAAGTCTAGCT-1_2_1","IR","B-Naive",-0.383651348044392,-0.368035051549116
"GGAGGTATCTCCCTAG-1_2_1","IR","B-Naive",2.00790878922749,0.0877531435840928
"GGATCTACAGGCACTC-1_2_1","IR","B-Naive",-0.417202295948979,-2.81848785611455
"GGATGTTGTGATCGTT-1_2_1","IR","B-Naive",0.453414467881206,0.331417646681627
"GGATGTTTCAGTCAGT-1_2_1","IR","B-Mye",-0.35718353300285,7.99382427004512
"GGCACGTAGTGCGTCC-1_2_1","IR","B-Mye",-0.60510671346378,6.63607957628902
"GGCACGTTCCATTTAC-1_2_1","IR","B-Act2",3.47506281525898,0.230946626936754
"GGCGTCATCATGACAC-1_2_1","IR","B-ActMem",3.19077560097981,4.72040107515987
"GGCTGTGCAGTAACAA-1_2_1","IR","B-Naive",-0.151355711956736,-0.661523554051558
"GGCTTGGTCACAATGC-1_2_1","IR","B-Naive",1.45884427220631,-0.0177855226642287
"GGCTTTCAGGAACGCT-1_2_1","IR","B-Naive",2.34837958009053,-1.63958785268132
"GGCTTTCTCTTGCAAG-1_2_1","IR","B-Naive",-2.47137454359722,-1.79230591985051
"GGGAAGTAGGTCGACA-1_2_1","IR","B-Naive",-1.49943939058971,-0.725452158177534
"GGGAAGTTCGGCCAAC-1_2_1","IR","B-Naive",0.131469962904934,0.860577043568453
"GGGACCTAGCTTAGTC-1_2_1","IR","B-Naive",1.71978935391713,-2.2424192163593
"GGGACCTGTCTGCAAT-1_2_1","IR","B-Naive",-1.19195369093609,-2.76164862843815
"GGGACCTTCTGCACCT-1_2_1","IR","B-Naive",0.434575287411693,-4.24725458356206
"GGGACTCAGGTGCTGA-1_2_1","IR","B-Naive",-0.472448231865879,1.93439861801799
"GGGACTCGTTGCGGCT-1_2_1","IR","B-Act1",-4.53702596037578,1.04895322998401
"GGGAGATCAATAGTGA-1_2_1","IR","B-Naive",-0.569121511866566,-2.28099868031804
"GGGAGATTCCCTATTA-1_2_1","IR","B-Naive",-1.20882705061626,-2.85397622319523
"GGGATCCGTATCCCAA-1_2_1","IR","B-Naive",-0.0542439019579851,-2.51830813618962
"GGGATGAAGTTCTCTT-1_2_1","IR","B-Act2",4.64139076859761,2.32780351904567
"GGGCCATTCCCTCTTT-1_2_1","IR","B-Naive",-1.04881498425197,-4.63262150021855
"GGGCGTTGTAGGCTGA-1_2_1","IR","B-Plasma",11.9112219491701,0.821989473378023
"GGGCTACCATGCGTGC-1_2_1","IR","B-Act1",-2.97881821005535,0.794142838990053
"GGGCTACTCGTAGTGT-1_2_1","IR","B-Mye",-0.0794752670724356,7.66452577379878
"GGGCTCATCCTGTTAT-1_2_1","IR","B-Naive",-3.57574203818035,-1.32009575101201
"GGGTAGACAAGGTTGG-1_2_1","IR","B-Naive",0.925769535611156,1.39364489582713
"GGGTAGAGTCATGACT-1_2_1","IR","B-Naive",2.59692212731648,1.68802997139629
"GGGTAGAGTGTATTGC-1_2_1","IR","B-Naive",1.26232751996327,-0.883958074772993
"GGGTATTAGTCGTCTA-1_2_1","IR","B-Naive",0.743600992272381,-0.770026776517073
"GGGTATTAGTGCGTCC-1_2_1","IR","B-Naive",1.02419027478505,1.60877278116878
"GGGTATTCATCACGGC-1_2_1","IR","B-Naive",1.62610742242146,0.992083594625553
"GGGTATTTCCGTGGTG-1_2_1","IR","B-Naive",0.782844809601787,0.82116053668197
"GGGTCACAGGCTTCCG-1_2_1","IR","B-Naive",0.333143917630199,-2.98448726865117
"GGGTGAAAGGGTTGCA-1_2_1","IR","B-ActMem",3.44301077515889,3.23185780314144
"GGGTGAAGTACGACAG-1_2_1","IR","B-Naive",1.06531199605275,0.133480754172167
"GGGTTATGTTGAAGTA-1_2_1","IR","B-Naive",2.49309751183796,0.388770070349535
"GGGTTATTCGTACACA-1_2_1","IR","B-Naive",-2.77114299147319,-1.95585534306828
"GGGTTTAGTAGAATAC-1_2_1","IR","B-Naive",-1.0428970774908,0.579890098845323
"GGTAATCTCATCTACT-1_2_1","IR","B-Naive",-0.614127280404087,1.95605125693019
"GGTGAAGAGATTACCC-1_2_1","IR","B-Naive",-2.94053939192485,-0.913675281727949
"GGTGAAGAGTTACGGG-1_2_1","IR","B-Naive",-2.47063163130474,0.612022694622835
"GGTGAAGCACAAGCTT-1_2_1","IR","B-ActMem",4.64394995362568,4.63001349238094
"GGTGATTCAATTGCAC-1_2_1","IR","B-Act1",-2.35027364103984,-1.53878137799565
"GGTGTCGAGGAACGTC-1_2_1","IR","B-Naive",-1.72803190558147,-2.39475414487187
"GGTGTCGAGGGCCTCT-1_2_1","IR","B-Mye",-0.503919245888706,7.79804446963008
"GGTGTTAAGGAAACGA-1_2_1","IR","B-Act1",-3.18513491957378,0.1873658564442
"GGTTGTAGTGTAGTGG-1_2_1","IR","B-Naive",4.13335844666767,-2.11713597508732
"GTAACACGTACAATAG-1_2_1","IR","B-Naive",-1.19293561785411,-2.20004126759831
"GTAACACTCTCGGCTT-1_2_1","IR","B-Naive",0.536746708462719,2.13407173422511
"GTAACCAAGGGACACT-1_2_1","IR","B-Naive",-2.47708204596233,-2.8372199270374
"GTAACCAGTGGCTAGA-1_2_1","IR","B-Mye",-0.58178991286945,6.8431623247021
"GTAACCAGTTACACAC-1_2_1","IR","B-Mye",-0.363120200325962,6.64112308291133
"GTAATCGCATCCGTGG-1_2_1","IR","B-Act2",3.6151148954134,0.702459153210481
"GTAATCGCATGCCATA-1_2_1","IR","B-Naive",-2.86381057112407,-2.30234191151921
"GTAATCGGTACGAGTG-1_2_1","IR","B-Naive",-3.40924862234783,-0.285298797810713
"GTAATGCAGCATTTGC-1_2_1","IR","B-Naive",1.60950299889851,1.29579168227847
"GTAATGCCAACGGTAG-1_2_1","IR","B-Naive",0.741461960385326,-3.61458942624394
"GTAATGCTCCATCCGT-1_2_1","IR","B-Naive",0.401491133282665,0.970886234616598
"GTACAACGTACGAGCA-1_2_1","IR","B-Naive",2.48741313607502,-1.49770781728093
"GTACAGTAGTTGAAGT-1_2_1","IR","B-Naive",-1.06430921166134,-1.91860935422246
"GTACAGTTCCTTCTTC-1_2_1","IR","B-Naive",2.37788387925434,-2.91146156522099
"GTAGAGGAGAGAAGGT-1_2_1","IR","B-Naive",-2.16526606886577,-0.219297144139448
"GTAGCTAGTGTTGATC-1_2_1","IR","B-Naive",1.8014398494463,1.87064894703563
"GTAGCTATCCCAGGAC-1_2_1","IR","B-Mye",-0.521303208758351,6.44096067217525
"GTAGGAGCACACACGC-1_2_1","IR","B-Naive",-0.236156972338673,-3.94578907224003
"GTAGGAGCAGCTACAT-1_2_1","IR","B-Naive",-0.516973169733998,-0.179683181965987
"GTATTGGCAACCGTGC-1_2_1","IR","B-Naive",1.42364677579213,2.01249757078822
"GTATTGGGTAGAAACT-1_2_1","IR","B-Naive",-2.04610124437999,-2.43501779767338
"GTATTGGGTCAGTTTG-1_2_1","IR","B-Naive",0.730796424458507,-1.06216881009404
"GTATTTCCATTGACAC-1_2_1","IR","B-Naive",-1.27625552027416,-0.407369110310713
"GTATTTCGTGTTGACT-1_2_1","IR","B-Naive",1.3272343555193,-2.56918689938847
"GTATTTCTCGCTCTCA-1_2_1","IR","B-Naive",-1.87309029905986,-4.08586189481083
"GTATTTCTCGTTGTGA-1_2_1","IR","B-Naive",1.76959106118489,-2.55897161694829
"GTCAAGTGTTTGCAGT-1_2_1","IR","B-Naive",1.16557177693653,0.955058966254553
"GTCACTCAGAAACTCA-1_2_1","IR","B-Naive",-3.06634858458233,-3.28950760098759
"GTCACTCAGACGAAGA-1_2_1","IR","B-Mye",-0.1704185849328,6.88907172945674
"GTCACTCGTCAAGGCA-1_2_1","IR","B-Naive",-5.86219218580913,1.23850205210384
"GTCAGCGAGTACTCGT-1_2_1","IR","B-Naive",0.108974618623737,-1.56074521275822
"GTCAGCGCACTCGATA-1_2_1","IR","B-Act1",-5.14264062254619,-0.298416707242171
"GTCATCCGTGAAGCTG-1_2_1","IR","B-Naive",-2.31298306791973,-2.92354438039128
"GTCATGAAGATCCCGC-1_2_1","IR","B-Naive",-2.64268949835491,-4.32911894055668
"GTCATTTAGCGCTTCG-1_2_1","IR","B-Naive",1.3757943788271,-3.00432750912968
"GTCATTTCAGAACTTC-1_2_1","IR","B-Act1",-2.74545768110942,1.64754011896785
"GTCCACTTCAGTAGGG-1_2_1","IR","B-Naive",3.01091381699849,-2.16448495122258
"GTCCCATAGATAGTGT-1_2_1","IR","B-Act1",-3.70635798781109,-0.836381647313277
"GTCCTCAAGATGAACT-1_2_1","IR","B-Naive",-3.2173178514738,-2.61168977948491
"GTCGAATAGAATAGTC-1_2_1","IR","B-Naive",0.315006105015758,-3.09842083188359
"GTCGAATAGGGTTGCA-1_2_1","IR","B-Act1",-4.74063065855693,2.4739464786404
"GTCGTAAAGGTTAGTA-1_2_1","IR","B-Naive",-1.21958890764904,-0.477856371129195
"GTCGTAAGTAGCTGAG-1_2_1","IR","B-Naive",-0.817947300364491,0.480242815291246
"GTCTAGACAGTAACGG-1_2_1","IR","B-Plasma",12.1745085397463,0.602833148514589
"GTCTAGAGTGGTCTCG-1_2_1","IR","B-Naive",2.12500116021443,-0.634194705212752
"GTCTCACAGGATGCGT-1_2_1","IR","B-Act2",4.22220417649556,2.08889057902034
"GTCTCACCACCCTGAG-1_2_1","IR","B-Plasma",12.3450245538454,0.344006386076769
"GTCTGTCTCTGTCAGA-1_2_1","IR","B-Naive",-1.97691741793346,-0.309008094990889
"GTCTTTATCGCTACGG-1_2_1","IR","B-Naive",-2.37279847471904,0.776542004620393
"GTGACGCGTATCCTTT-1_2_1","IR","B-Naive",1.22277697713185,-1.79962560864751
"GTGAGCCGTTTGGAGG-1_2_1","IR","B-Naive",1.29169496686268,0.892226871525606
"GTGAGGAAGTTCCAGT-1_2_1","IR","B-Naive",2.44435950906086,0.830053385769685
"GTGAGGAGTGGTTCTA-1_2_1","IR","B-Naive",-1.19269648401928,-0.190021607602278
"GTGAGGAGTTCGGCTG-1_2_1","IR","B-Naive",2.84882113129902,2.23452236918147
"GTGAGTTAGGTCTACT-1_2_1","IR","B-Naive",0.423975018570904,-3.83732006284062
"GTGAGTTAGGTGTGAC-1_2_1","IR","B-Naive",0.678880302021984,-3.68289491864506
"GTGAGTTGTCTACATG-1_2_1","IR","B-Naive",4.34101959855366,-2.57612607213322
"GTGAGTTTCCCGAACG-1_2_1","IR","B-Act1",-4.30802443831157,-0.319668266499678
"GTGAGTTTCGAAGAAT-1_2_1","IR","B-Naive",2.09802314431477,-0.666161510670821
"GTGATGTTCATCCTGC-1_2_1","IR","B-Act1",-2.51781681387615,2.13164367941554
"GTGCACGGTCGGATTT-1_2_1","IR","B-Naive",1.11018666417408,0.256149437701067
"GTGCACGTCATTGGTG-1_2_1","IR","B-Act2",4.84426161439228,2.87538531092342
"GTGCAGCTCTCTGAGA-1_2_1","IR","B-Act1",-5.43466475813579,2.31559362677272
"GTGCGTGCAAAGAGTT-1_2_1","IR","B-Naive",4.74870583207417,-1.55514666768376
"GTGCGTGTCGTTGTAG-1_2_1","IR","B-Naive",-1.36226406901073,-0.877662632191817
"GTGCTGGCAAGTCATC-1_2_1","IR","B-Naive",-1.59528675883007,-3.6813738081104
"GTGCTGGCAATGAACA-1_2_1","IR","B-Naive",-1.32445362417888,6.14845159319576
"GTGCTTCGTACGATGG-1_2_1","IR","B-Mye",-0.152100982357975,7.1551010873669
"GTGGGAAAGAGTCACG-1_2_1","IR","B-ActMem",4.45840832383442,4.0549862649792
"GTGGGAAAGCGAACTG-1_2_1","IR","B-Act2",4.3609428086977,1.55671646860774
"GTGGGAACATGAGATA-1_2_1","IR","B-Naive",-0.223797330846306,1.13833266911443
"GTGGGAATCGGAAGGT-1_2_1","IR","B-Plasma",11.8084883371096,0.925053779458364
"GTGGTTAAGTTGTACC-1_2_1","IR","B-Naive",-4.06332090704631,-1.8203890058643
"GTGTAACGTTGCGAAG-1_2_1","IR","B-Naive",2.53842636735249,1.91956522730525
"GTGTCCTAGCTCGACC-1_2_1","IR","B-Naive",2.61102935464192,1.33404555586513
"GTGTCCTAGGTTCCGC-1_2_1","IR","B-Act1",-1.39520207255077,1.09019529861744
"GTGTCCTAGTTGTAGA-1_2_1","IR","B-Act1",-0.800105365206715,2.14011183050807
"GTGTCCTCACGGTCTG-1_2_1","IR","B-Mye",-0.623858722140309,7.30119397906001
"GTGTGATCAAACACCT-1_2_1","IR","B-Mye",-0.338892774869915,6.86468675402339
"GTGTTAGGTGGAACAC-1_2_1","IR","B-Naive",0.695076552937511,1.45823040274318
"GTGTTCCTCAATGTCG-1_2_1","IR","B-Naive",3.05746909768391,2.15247454909023
"GTTACAGAGGCATCTT-1_2_1","IR","B-Act1",-3.45549920408916,2.09645083216365
"GTTACAGCAGCTCGGT-1_2_1","IR","B-Mye",-0.490626247813221,6.4121229913586
"GTTACCCCAGGCTATT-1_2_1","IR","B-Naive",1.50669893414784,-0.211960408414046
"GTTACGAAGGACGGAG-1_2_1","IR","B-Naive",0.617536691735271,2.12881317404445
"GTTACGACACCCTTAC-1_2_1","IR","B-Naive",1.09732946545887,-1.69871995183293
"GTTACGACAGACAAGC-1_2_1","IR","B-Mye",-0.499874385287281,6.51545980242427
"GTTACGAGTAGGATAT-1_2_1","IR","B-Naive",-2.07073930113506,-3.27151701184575
"GTTACGATCGCCCAGA-1_2_1","IR","B-Naive",2.59924408585835,1.50070821908649
"GTTAGTGCACAAGCCC-1_2_1","IR","B-Naive",-2.97741058676433,-0.354299876416365
"GTTATGGCAGGGTCTC-1_2_1","IR","B-Naive",1.59439703614521,0.353443172251543
"GTTCATTAGCCGTTAT-1_2_1","IR","B-Naive",-2.35104969351482,-3.24873611661259
"GTTCCGTAGAGGGTAA-1_2_1","IR","B-ActMem",2.86245891244221,3.87561204699214
"GTTCCGTCATCGAACT-1_2_1","IR","B-Mye",-0.853770645548817,6.70050599840816
"GTTCCGTTCCGTTGAA-1_2_1","IR","B-Act1",-5.46557429640484,1.78510233429607
"GTTCTATTCACGGACC-1_2_1","IR","B-Naive",-3.51709440558147,-0.0428542825824416
"GTTGCGGAGCATGCGA-1_2_1","IR","B-Act2",5.23047634751606,1.7953204777592
"GTTGCGGTCAAGGTGG-1_2_1","IR","B-Act1",-3.88114860861492,0.986601107245048
"GTTGCGGTCCGATTAG-1_2_1","IR","B-Act1",-3.59102371542644,1.74469771650966
"GTTGCGGTCGCCAGAC-1_2_1","IR","B-Act2",3.20771309525776,2.13450684813197
"GTTGCGGTCGTTGCCT-1_2_1","IR","B-Act2",4.68894526154805,2.21315136221584
"GTTGTAGAGCATAGGC-1_2_1","IR","B-Naive",2.37842365891743,1.37554818061527
"GTTGTAGGTCCCTGTT-1_2_1","IR","B-Naive",1.51436134965229,-0.209935161793867
"GTTGTCCAGGGACAGG-1_2_1","IR","B-Naive",0.0707507112722433,0.572014477526506
"GTTGTCCAGGGTTAGC-1_2_1","IR","B-Naive",-1.24497071116161,-3.38847896786992
"GTTGTCCGTGCAATAA-1_2_1","IR","B-Naive",1.89627906472493,-0.904764148915449
"GTTGTGACAGCTGTCG-1_2_1","IR","B-Act1",-2.4976198992033,-2.57780096265141
"GTTTACTAGCGAGGAG-1_2_1","IR","B-Act2",5.05645367295552,2.03279420403179
"GTTTACTCAGCAGAAC-1_2_1","IR","B-Naive",-0.484739335467335,0.142815020357927
"GTTTACTTCGTGGACC-1_2_1","IR","B-Naive",-1.62441173403453,-0.70528254243199
"GTTTGGAGTATTCTCT-1_2_1","IR","B-Naive",-2.45600798933696,-1.17780444356267
"TAACACGGTCATAGTC-1_2_1","IR","B-Mye",-0.995995911051747,7.00264957216915
"TAACCAGAGGATACCG-1_2_1","IR","B-Naive",-2.18391946165752,-2.34060356351201
"TAACCAGAGTGAATAC-1_2_1","IR","B-Plasma",12.1680426278811,0.566651877438387
"TAACGACAGGCCTAGA-1_2_1","IR","B-Naive",2.21139976174641,-2.68343207570378
"TAACGACAGGGATCTG-1_2_1","IR","B-Naive",2.16141935975361,-1.31885645123784
"TAACGACCAATCACGT-1_2_1","IR","B-Mye",-0.593354793478962,7.95553043154415
"TAACGACTCTTTGCTA-1_2_1","IR","B-Act1",-5.50195411055278,1.44058194426235
"TAACTTCAGCACTCTA-1_2_1","IR","B-Mye",-0.441936882426258,6.70883300570186
"TAACTTCTCAACCTCC-1_2_1","IR","B-Naive",0.549244789193157,-1.88053700658147
"TAACTTCTCTATCACT-1_2_1","IR","B-Naive",2.40237304360676,2.31170549658473
"TAAGCACGTGACCGTC-1_2_1","IR","B-Mye",-0.138501746793505,7.04124954012569
"TAAGCACGTGATACCT-1_2_1","IR","B-Mye",-0.549347611357685,8.0804407861584
"TAAGTCGAGGAGATAG-1_2_1","IR","B-Naive",1.1650565543871,1.87703761128124
"TAAGTCGGTTCTCGTC-1_2_1","IR","B-Naive",-2.47160724013042,0.481250372206529
"TAATCTCTCGACCCAG-1_2_1","IR","B-Naive",-2.21533039419841,-2.61467978688542
"TAATTCCCACGACTAT-1_2_1","IR","B-Naive",-0.205619925846573,-2.8598611089832
"TACACCCAGCCTCCAG-1_2_1","IR","B-Naive",-3.8734298071165,-1.1810281011707
"TACACCCTCCATTGCC-1_2_1","IR","B-Mye",-0.838563116480824,7.25282552508052
"TACAGGTCAGCGAACA-1_2_1","IR","B-Naive",0.660234300206188,-0.218483659947554
"TACAGGTTCTTAATCC-1_2_1","IR","B-Naive",1.66085979134846,-2.72211739751164
"TACATTCGTGAACTAA-1_2_1","IR","B-Act1",-4.61894086210918,0.235325839793047
"TACATTCGTGTCGCTG-1_2_1","IR","B-Naive",-2.48023250906658,0.103895690714678
"TACATTCGTTCCTACC-1_2_1","IR","B-Act1",-5.70457223265361,1.05298139010902
"TACCCACTCGAGCCAC-1_2_1","IR","B-Naive",3.75198408753682,-2.9844310018665
"TACCCACTCGGCATTA-1_2_1","IR","B-Naive",0.165229944298748,-4.36537716122929
"TACCCGTTCGTCGATA-1_2_1","IR","B-ActMem",-0.528435291935917,-4.8044035169727
"TACCCGTTCTCGTCGT-1_2_1","IR","B-Naive",3.27525898606587,-0.604983899319807
"TACCGAATCTGATTCT-1_2_1","IR","B-Naive",-2.75869038908672,-1.86388084622685
"TACCGGGAGCCATGCC-1_2_1","IR","B-Naive",0.909884301732067,1.21425830987628
"TACCGGGAGGTGAGAA-1_2_1","IR","B-Naive",-2.13346889822673,0.0955758955829942
"TACCGGGGTTATCCAG-1_2_1","IR","B-Mye",-0.869259270121571,7.60331371096309
"TACCTCGAGGTGGGTT-1_2_1","IR","B-Naive",-3.40215733854961,-3.49013206692998
"TACCTGCTCGTCTACC-1_2_1","IR","B-Naive",-1.81427577345562,-3.12575170728032
"TACGGTAAGTAAATGC-1_2_1","IR","B-ActMem",4.03585621506977,5.14533260134395
"TACTGCCAGATTAGCA-1_2_1","IR","B-Naive",0.27866923601437,-0.586343381131331
"TACTGCCGTCATGGCC-1_2_1","IR","B-Naive",-3.18660310118389,-0.603169057095686
"TACTTACCACTAGAGG-1_2_1","IR","B-Naive",0.153665272305492,-4.1774971220142
"TACTTACGTTACGGAG-1_2_1","IR","B-Naive",2.11123344094563,1.4935575988644
"TACTTACGTTGCACGC-1_2_1","IR","B-Naive",2.39665004403401,2.00483783749278
"TACTTCAAGACATCAA-1_2_1","IR","B-Naive",-1.39778748362255,-1.45472643109624
"TACTTGTCATGCCATA-1_2_1","IR","B-Naive",-3.35270217268657,-2.65535351964299
"TAGACCACAGGGATAC-1_2_1","IR","B-Naive",2.87916943223286,-2.14787003728215
"TAGACTGTCATTACCT-1_2_1","IR","B-Plasma",12.3905491510134,0.243192580019792
"TAGAGTCAGGTCCTGC-1_2_1","IR","B-Act1",-5.41210463850689,1.70446386603053
"TAGAGTCCAATTGAGA-1_2_1","IR","B-Naive",3.30568620354939,-1.87198040219609
"TAGAGTCTCAATCGGT-1_2_1","IR","B-Naive",-1.88813927977275,-2.33477804395024
"TAGAGTCTCGAAGCCC-1_2_1","IR","B-Act2",3.93012997300434,2.20862510470088
"TAGCACAGTTGAGGAC-1_2_1","IR","B-Naive",-1.21517852156353,-3.02659818860356
"TAGGAGGAGCTCCCTT-1_2_1","IR","B-Naive",-1.37678936331463,-2.19469377728764
"TAGGAGGAGGTCGCCT-1_2_1","IR","B-Naive",-1.69259384482097,-2.02150890561406
"TAGGAGGTCCGGCAGT-1_2_1","IR","B-Naive",1.22930523545552,0.508895721709093
"TAGGGTTGTGTCCGTG-1_2_1","IR","B-Mye",-0.220144989182469,6.54580667284664
"TAGGGTTTCCGGTTCT-1_2_1","IR","B-Naive",-0.289994793226238,-3.51603433820073
"TAGGTACCATCGGATT-1_2_1","IR","B-Naive",1.54230889470387,-0.990010473454634
"TATACCTAGTAAGGGA-1_2_1","IR","B-Naive",1.61346015126515,1.42582597998317
"TATACCTGTAGGTAGC-1_2_1","IR","B-Mye",-0.281750427772518,6.65502097872432
"TATACCTTCCTATGGA-1_2_1","IR","B-Naive",2.31860562951374,-1.08936593266789
"TATATCCCAGATACCT-1_2_1","IR","B-Naive",-0.397449674298283,-3.9654838773853
"TATATCCTCACCATCC-1_2_1","IR","B-ActMem",3.95895954758931,4.46873595980342
"TATATCCTCGCTAAAC-1_2_1","IR","B-Naive",-2.98446539251995,-3.34652445050542
"TATATCCTCTCGCTCA-1_2_1","IR","B-Naive",-2.93045905440044,-2.33495065900151
"TATCAGGAGGTGGGTT-1_2_1","IR","B-Naive",0.888884512494091,-2.79853985043828
"TATCCTAAGCTACTGT-1_2_1","IR","B-Naive",-0.673927875449177,-0.466982099736372
"TATCCTAAGGAAAGTG-1_2_1","IR","B-Naive",-0.363441156436917,0.512452748095354
"TATCCTATCTCTATAC-1_2_1","IR","B-Plasma",12.3719477334719,0.284900572573503
"TATCGCCTCATGCGGC-1_2_1","IR","B-Naive",-2.95073774664592,-2.9522843095905
"TATCGCCTCGGAGTGA-1_2_1","IR","B-Naive",0.485666183541302,3.06860592631038
"TATCTGTGTGCAATGG-1_2_1","IR","B-Act2",3.06181856782246,0.541914787566026
"TATCTGTTCCGGCAGT-1_2_1","IR","B-Naive",0.378811267922405,1.22066121963199
"TATCTTGAGTCTTCCC-1_2_1","IR","B-Naive",-0.252566920806881,-3.59089348050419
"TATCTTGCACTTGGGC-1_2_1","IR","B-Naive",0.955946652005199,2.02709290054973
"TATCTTGGTCACTGAT-1_2_1","IR","B-Mye",-0.885621102740284,7.05017450121578
"TATCTTGGTGAGATCG-1_2_1","IR","B-ActMem",3.14193197877217,4.22064521578487
"TATGTTCGTTTACACG-1_2_1","IR","B-Naive",-3.58965948431682,-2.98791334363286
"TATTGCTCATGTGCTA-1_2_1","IR","B-Naive",-3.40622237532329,-2.74071976872746
"TATTGCTTCAAAGGAT-1_2_1","IR","B-Act1",-2.13916424124431,1.86049171951946
"TATTGCTTCGTCGCTT-1_2_1","IR","B-Naive",1.52290031106282,2.57466175821956
"TATTGGGCAGGACATG-1_2_1","IR","B-Naive",-2.62373164503765,-2.52041837903325
"TATTGGGCAGGACTAG-1_2_1","IR","B-Naive",-0.31998391657066,3.05986669329341
"TATTGGGCATGACTAC-1_2_1","IR","B-Mye",-0.557208063294407,6.57711961535152
"TATTGGGGTCGAGATG-1_2_1","IR","B-Naive",4.3989648500185,-1.10483596059147
"TATTGGGTCAGCGCAC-1_2_1","IR","B-Mye",-0.887879343916889,6.81841590670284
"TATTTCGGTCACATTG-1_2_1","IR","B-Naive",4.73442694337178,-1.93946740361516
"TATTTCGGTCTGTCAA-1_2_1","IR","B-Naive",-1.75652566759777,-2.96045181485478
"TCAAGACTCTATTTCG-1_2_1","IR","B-Act1",-4.71892789213848,1.83289053705867
"TCAAGCATCGCTGCGA-1_2_1","IR","B-Act1",1.17505618722248,0.262736466204485
"TCAAGTGCACTTGAGT-1_2_1","IR","B-Naive",2.86568829209614,2.24762847689327
"TCAAGTGCATCACCAA-1_2_1","IR","B-Act1",-4.97387221663189,1.26797122923072
"TCAAGTGTCGACGCGT-1_2_1","IR","B-Act2",5.09682461411763,1.49013504055675
"TCAATCTCAGCGTTTA-1_2_1","IR","B-Plasma",11.8338188806276,0.894465651785692
"TCAATCTTCCTTGACC-1_2_1","IR","B-Naive",-0.736190708567616,4.95272639063533
"TCAATTCTCTGGGCCA-1_2_1","IR","B-Naive",-1.25868430941295,-4.33982822629277
"TCACAAGAGCTCGTGC-1_2_1","IR","B-Naive",2.24737402589131,1.64261641768154
"TCACAAGAGGATATGT-1_2_1","IR","B-Naive",-1.59603849260997,-0.792004320347945
"TCACAAGGTGGATCGA-1_2_1","IR","B-Act1",-2.56547025053692,2.19580819872554
"TCACAAGTCCGACATA-1_2_1","IR","B-Naive",4.69014259965229,-1.96114442082707
"TCACACCAGACAAGCC-1_2_1","IR","B-Naive",0.303667275021557,2.62160637644466
"TCACACCTCCAGCACG-1_2_1","IR","B-Act1",-5.52454474775982,0.670073952948412
"TCACGCTAGTGCCGAA-1_2_1","IR","B-Plasma",12.0660242715578,0.702666040932497
"TCACGCTAGTGGAAAG-1_2_1","IR","B-Naive",4.72322556168843,-2.59835765096013
"TCACGGGAGCCACAAG-1_2_1","IR","B-ActMem",3.21298715264607,3.99537399080928
"TCACGGGAGGCCACCT-1_2_1","IR","B-Naive",1.04530259759236,1.61473288801845
"TCACGGGCAATGAGCG-1_2_1","IR","B-Naive",0.294718203852657,-2.36530730458562
"TCACTATAGACCTCAT-1_2_1","IR","B-ActMem",3.92125507981587,4.32372191218074
"TCACTATAGATCCCAT-1_2_1","IR","B-Naive",4.78027435929585,-1.85037085744206
"TCACTATCAAACACGG-1_2_1","IR","B-Naive",-1.43695607989025,-2.74434683057133
"TCACTCGAGTGGATAT-1_2_1","IR","B-Naive",-1.21719828455639,1.78568705586131
"TCACTCGGTCGACGCT-1_2_1","IR","B-Naive",3.85964748055745,-0.345844361508528
"TCAGCAACACTCCACT-1_2_1","IR","B-Naive",-2.49363616316509,-4.03030369015996
"TCAGCCTAGTAGCTCT-1_2_1","IR","B-Mye",-0.770999940325733,6.64529350069698
"TCAGCCTGTCATAAAG-1_2_1","IR","B-Act1",-3.16248968451213,1.25348080364402
"TCAGCCTGTGGGACAT-1_2_1","IR","B-Naive",0.12576293737698,-0.497031423772017
"TCAGGGCAGTCGAAGC-1_2_1","IR","B-Naive",1.26003250272084,-0.122412893498579
"TCAGGTACAGACCTAT-1_2_1","IR","B-Naive",-2.39502695410442,-2.02443787785832
"TCAGGTATCGCGTCGA-1_2_1","IR","B-Naive",1.29785403401661,-1.73716566296879
"TCAGTCCCAACATCGT-1_2_1","IR","B-Naive",-2.67672017424297,-3.89571830960576
"TCAGTGAAGCATATGA-1_2_1","IR","B-Naive",2.22001382500935,1.1777322855347
"TCAGTGAAGGCTGTAG-1_2_1","IR","B-Naive",3.50994607598591,0.459999826227983
"TCAGTGAAGTAGAATC-1_2_1","IR","B-Naive",0.0937326976757086,-0.935557219708601
"TCAGTTTAGGTAAGTT-1_2_1","IR","B-Naive",0.316032765219692,0.142958548342546
"TCATATCCATTCAGCA-1_2_1","IR","B-Naive",1.68010088593769,-1.24395582410161
"TCATCATGTCTAACGT-1_2_1","IR","B-Act1",-1.88511374800396,-0.994831297124068
"TCATCCGAGATAGGGA-1_2_1","IR","B-Naive",-1.19789925425243,-0.657093617642561
"TCATGAGAGGCTATCT-1_2_1","IR","B-Act1",-4.29412844984722,0.550305631434282
"TCATGAGGTAGCTTTG-1_2_1","IR","B-Naive",1.21247252614308,-2.27678296300236
"TCATGAGGTCTATGAC-1_2_1","IR","B-Naive",-1.52395811884594,-1.78588268491093
"TCATTACTCCCTCTTT-1_2_1","IR","B-Naive",1.89755412728596,-1.9018487665302
"TCATTCAGTGTGATGG-1_2_1","IR","B-Mye",-0.524081560065266,7.95688798693355
"TCATTGTTCCCGTGAG-1_2_1","IR","B-Naive",4.66810795457173,-2.25331113072697
"TCATTTGAGGGCTGAT-1_2_1","IR","B-Naive",-2.23949125616741,-4.12759849759404
"TCATTTGGTGACTGTT-1_2_1","IR","B-Plasma",11.9303517022829,0.903371226465067
"TCATTTGTCTTAGTTC-1_2_1","IR","B-Plasma",12.0935129800539,0.712810453450044
"TCCACGTCAGTTGTCA-1_2_1","IR","B-ActMem",3.4761669316988,4.27352597979244
"TCCACGTCATTGGGAG-1_2_1","IR","B-Naive",0.936227170536999,-0.781856629574934
"TCCAGAATCAAGCCGC-1_2_1","IR","B-Naive",-0.186493585099693,-2.28178307744328
"TCCATCGGTTCAAAGA-1_2_1","IR","B-Mye",-0.429800303866383,6.40839078692134
"TCCCACAGTTGCTCGG-1_2_1","IR","B-Mye",-0.676065298010822,6.59290960100826
"TCCCACATCGCCAATA-1_2_1","IR","B-Mye",-0.67554727404308,6.77972438601192
"TCCCAGTAGTTGGAAT-1_2_1","IR","B-Naive",-1.11213723032665,-1.55644414159123
"TCCCAGTTCCAGCCTT-1_2_1","IR","B-Naive",-0.958452614237782,-3.66257402631108
"TCCCATGAGTCATGGG-1_2_1","IR","B-Naive",1.97892352731037,0.245855357920488
"TCCCATGCACCAGTTA-1_2_1","IR","B-Naive",-0.186706783463474,-0.749558422291914
"TCCCATGTCGATGCTA-1_2_1","IR","B-Naive",2.9657556691866,3.94351294306453
"TCCGATCGTGTGAGCA-1_2_1","IR","B-Naive",-0.448229285170551,-0.658115956509749
"TCCGTGTTCAAAGACA-1_2_1","IR","B-Naive",-1.65871909468364,1.24323033956226
"TCCGTGTTCGCCGAAC-1_2_1","IR","B-Mye",-0.547803702046391,7.59707906511959
"TCCGTGTTCGTCGATA-1_2_1","IR","B-Naive",2.12906905801106,1.21281116870578
"TCCTCCCAGAAGCGCT-1_2_1","IR","B-Act1",-4.25876572935772,-0.416915628636519
"TCCTCGAAGAACTGAT-1_2_1","IR","B-Naive",-2.09231057970714,0.748583104883989
"TCCTCGATCCTGTTAT-1_2_1","IR","B-Act1",-5.00900510161113,0.663060274397691
"TCCTCGATCTCCAATT-1_2_1","IR","B-Act2",3.70970293671894,2.25821652678188
"TCCTCTTTCACTGAAC-1_2_1","IR","B-Naive",-0.659082027365681,-4.04664680692021
"TCCTGCAGTGTCCAAT-1_2_1","IR","B-ActMem",3.81822535188008,5.50126340655025
"TCCTGCAGTTAATGAG-1_2_1","IR","B-Naive",-1.42346087305736,-1.66258427830998
"TCCTGCAGTTTGATCG-1_2_1","IR","B-Act1",-3.39917567579937,1.79733875063594
"TCCTTCTGTATCCTTT-1_2_1","IR","B-Naive",-2.81335571615886,-2.89965412350957
"TCCTTTCAGGCCCAAA-1_2_1","IR","B-Naive",-2.97557714789104,-4.14279815884892
"TCCTTTCTCGTAGGGA-1_2_1","IR","B-Naive",2.83576270730305,1.40330320266422
"TCGAACAAGTATGACA-1_2_1","IR","B-Naive",1.90224000603962,2.20745911863979
"TCGAACAGTCATAACC-1_2_1","IR","B-Naive",5.08706518800068,-1.60448906155888
"TCGAACAGTTGAAGTA-1_2_1","IR","B-Plasma",12.2483095803957,0.511069205080827
"TCGAAGTCAAGTTTGC-1_2_1","IR","B-Naive",-1.3266483864088,0.549118426119646
"TCGAAGTCAGCACCCA-1_2_1","IR","B-Naive",5.13326403291035,-1.2066240045673
"TCGACGGCAGGCTCTG-1_2_1","IR","B-Naive",-2.10883513300609,-3.26179191800419
"TCGCAGGAGCCTGCCA-1_2_1","IR","B-Naive",1.72595414311695,-0.17934260102574
"TCGCAGGCAAACCACT-1_2_1","IR","B-Mye",-0.47776404230785,6.77872255114253
"TCGGATATCCCAGGCA-1_2_1","IR","B-Act1",-5.46997073500347,0.85091997352775
"TCGGGACTCTAGTCAG-1_2_1","IR","B-Act1",-3.20604256003093,2.2562117841595
"TCGGGTGTCACCTGTC-1_2_1","IR","B-Naive",1.40166339070607,2.15901937750514
"TCGGTCTAGACATCAA-1_2_1","IR","B-Act1",-5.5651407560606,0.897609230553468
"TCGGTCTAGCTGTTCA-1_2_1","IR","B-Naive",-1.07239636986446,0.6952944364899
"TCGGTCTCACGGTGCT-1_2_1","IR","B-Mye",-0.669551702429768,8.0019929674023
"TCGTAGAAGAAGAGCA-1_2_1","IR","B-Act1",-5.242035420825,0.584799733435472
"TCGTCCATCCGTACGG-1_2_1","IR","B-Naive",1.67565020711232,-1.1061248514301
"TCGTGCTCAACCAGAG-1_2_1","IR","B-Naive",1.97365924508381,1.48235067394908
"TCGTGCTGTACAGTAA-1_2_1","IR","B-Naive",0.0918475964765585,1.51001408365901
"TCGTGCTGTCTGCGCA-1_2_1","IR","B-Naive",-2.10118690340709,-0.3429937097675
"TCGTGCTGTGACCGAA-1_2_1","IR","B-Naive",2.48472472817707,-0.515066716397444
"TCGTGGGAGTTCATGC-1_2_1","IR","B-Naive",-0.495715501000401,-2.94345352383916
"TCGTGGGCATACTTTC-1_2_1","IR","B-Mye",-0.366345631172177,6.4029357698315
"TCGTGGGTCGTTTACT-1_2_1","IR","B-Naive",0.0432591119508779,-0.503080341542403
"TCGTGGGTCTGAGGTT-1_2_1","IR","B-ActMem",3.43082830102253,5.21901252535518
"TCTAACTTCCCGAGGT-1_2_1","IR","B-Naive",2.29383560807515,-0.555659982884566
"TCTACCGTCTCCGTGT-1_2_1","IR","B-Naive",1.93304654748249,-1.54807731839482
"TCTATACAGATACAGT-1_2_1","IR","B-Naive",2.46342465073872,1.49001705316242
"TCTATACCATTCGGGC-1_2_1","IR","B-Naive",4.59933277756977,-0.558637830937544
"TCTATACGTGGATGAC-1_2_1","IR","B-Naive",-1.19070270865154,1.72079386976894
"TCTCACGAGTCTGCGC-1_2_1","IR","B-Act2",3.68666240365315,0.945087191140016
"TCTCAGCTCACCTTGC-1_2_1","IR","B-Act1",-3.70540645926189,0.242866721426805
"TCTCAGCTCTCGCAGG-1_2_1","IR","B-Act2",5.04358622224141,1.3448528018349
"TCTGCCATCTACGGTA-1_2_1","IR","B-Naive",-1.19941607325267,-3.67802402707402
"TCTGGCTCACTTGTGA-1_2_1","IR","B-ActMem",4.49428793580342,3.91241672304805
"TCTGGCTCAGGTCCGT-1_2_1","IR","B-Naive",1.22558983952809,-3.49434540005986
"TCTGGCTTCCGTGTCT-1_2_1","IR","B-Mye",-0.505282433917042,7.0537827279919
"TCTGTCGGTAAGATCA-1_2_1","IR","B-Act2",5.12966486604023,1.98264166382488
"TCTGTCGTCGGACCAC-1_2_1","IR","B-Naive",-2.27183702795696,-2.51237055989567
"TCTTAGTTCTCGGTCT-1_2_1","IR","B-Naive",1.83090540559101,-2.10924813481633
"TCTTCCTCACTATCCC-1_2_1","IR","B-Naive",3.41825672776509,-3.12353536816899
"TCTTCCTGTTACGGAG-1_2_1","IR","B-Act1",-3.25330594389629,1.10381434155043
"TCTTTGAAGGAACTAT-1_2_1","IR","B-Naive",1.27868637234974,1.14071947005924
"TCTTTGAAGGTTTACC-1_2_1","IR","B-Mye",-0.467889728238102,7.44269588259395
"TCTTTGACAGTAACCT-1_2_1","IR","B-Act1",-5.07967379896831,-0.768572303975264
"TGAATCGAGGAGCAAA-1_2_1","IR","B-Naive",4.26253172547627,-1.36018273564641
"TGAATCGCAAGCACCC-1_2_1","IR","B-Naive",2.30786224992085,1.98643216160472
"TGAATGCAGAGAATCT-1_2_1","IR","B-Act2",3.95153757722187,1.10237879720863
"TGAATGCAGCTCAGAG-1_2_1","IR","B-Naive",-1.65899887888622,-2.65517518254582
"TGACAGTAGTGTCATC-1_2_1","IR","B-Naive",-0.59773069827747,-3.61398193570439
"TGACAGTGTGCGTCGT-1_2_1","IR","B-Act2",3.22827788979817,2.50972702768978
"TGACAGTGTTATTCTC-1_2_1","IR","B-Naive",0.898558942387584,0.783032324587663
"TGACAGTTCCAGTGTA-1_2_1","IR","B-Naive",1.03990837724018,-0.788586828435103
"TGACAGTTCTAAGCCA-1_2_1","IR","B-Act2",3.89281555802632,0.407981422221025
"TGACCCTCACAGACGA-1_2_1","IR","B-Naive",2.88126751572895,0.486748960291704
"TGACGCGGTTTGGAAA-1_2_1","IR","B-Naive",1.79891142041493,-0.997086021626631
"TGACTCCAGGTCGTGA-1_2_1","IR","B-Naive",0.0509944090347326,1.73148700264629
"TGACTCCTCCGATCTC-1_2_1","IR","B-Plasma",12.1983294168215,0.497661855494341
"TGAGACTAGCGCCTAC-1_2_1","IR","B-Plasma",12.1175837198,0.664155092512926
"TGAGACTAGGTCCCGT-1_2_1","IR","B-Act1",-4.93504527418804,1.54878690508541
"TGAGACTGTATCGAAA-1_2_1","IR","B-Act1",-4.00920608847332,2.29251017836269
"TGAGCATCAAATCGTC-1_2_1","IR","B-Naive",2.7041840234499,-1.99640128346745
"TGAGGAGCATCCTTGC-1_2_1","IR","B-Act1",-2.25247100203228,1.12433578488763
"TGAGGGACATGCACTA-1_2_1","IR","B-Naive",-3.12355354635906,-2.8560244772083
"TGAGGTTCAAATGCTC-1_2_1","IR","B-Naive",-1.04702165930462,-0.328614566052595
"TGAGTCATCATTTCGT-1_2_1","IR","B-Naive",-0.401732238223072,0.314132776533922
"TGAGTCATCGGCATCG-1_2_1","IR","B-ActMem",4.12011143357563,3.69013645914729
"TGATCAGCATTGACCA-1_2_1","IR","B-Act1",-3.75326350538921,1.00705915731724
"TGATCTTAGACAAGCC-1_2_1","IR","B-Act1",-5.22140029280376,1.51488893893894
"TGATCTTCAACTGCTA-1_2_1","IR","B-Naive",-2.04945305197429,-2.97927639218632
"TGATCTTCAGACAAGC-1_2_1","IR","B-Naive",-0.919617148329731,-0.81265136929814
"TGATGCAGTAGCGCTC-1_2_1","IR","B-Naive",-0.629465790678974,-1.10724017354313
"TGATGGTTCCTCACCA-1_2_1","IR","B-Naive",-3.41885856001567,-2.41991898747746
"TGCACGGCACTGCATA-1_2_1","IR","B-Naive",0.398750869343761,-2.77271506520573
"TGCACGGTCTACCACC-1_2_1","IR","B-Naive",-1.93558100073528,-2.65269610616032
"TGCAGATAGACGAAGA-1_2_1","IR","B-Act1",-3.94135812132549,1.0059113134199
"TGCAGATCAAAGCACG-1_2_1","IR","B-Naive",-1.66295924990368,-2.02205702992741
"TGCAGATTCGAGTCTA-1_2_1","IR","B-ActMem",3.84033486039448,5.1882722642773
"TGCAGTAGTTGGGACA-1_2_1","IR","B-Mye",-0.574787261178013,8.06379535463985
"TGCCGAGAGGGATGTC-1_2_1","IR","B-Naive",-1.32872560827922,-0.0460345480090774
"TGCGATAGTCTTCTAT-1_2_1","IR","B-Naive",2.91454240472126,-2.46540162297551
"TGCGGCAAGGCTGGAT-1_2_1","IR","B-Naive",-1.70422986357402,-0.21608040067021
"TGCGGCATCACTCACC-1_2_1","IR","B-Naive",-1.6781596264143,-2.63926026555363
"TGCTCGTCAACGCCCA-1_2_1","IR","B-Naive",2.31556054742146,1.1773875769728
"TGCTCGTGTCGTCATA-1_2_1","IR","B-Naive",0.154305664608959,1.38143583801921
"TGCTGAACAAGCGAGT-1_2_1","IR","B-Plasma",12.3521952310305,0.298513319765886
"TGCTGAATCGCGTGAC-1_2_1","IR","B-Act1",1.53565045983601,0.60910430220302
"TGCTTCGAGGACATCG-1_2_1","IR","B-Naive",3.57712289483357,-0.739322397435347
"TGCTTCGTCTATCGCC-1_2_1","IR","B-Act2",3.99414202363301,2.16173305777248
"TGCTTGCCACCTTCGT-1_2_1","IR","B-Naive",0.32312792331982,-2.89858147832219
"TGGAACTCAGAGGAAA-1_2_1","IR","B-Naive",3.68877860696125,-2.58803078862492
"TGGAACTGTGCGTCGT-1_2_1","IR","B-Plasma",12.4935478845339,0.139488365923723
"TGGAACTTCGCAGTGC-1_2_1","IR","B-Act2",5.08159443528462,1.43118518260654
"TGGAACTTCTAGATCG-1_2_1","IR","B-Naive",-0.945690902163502,-0.0845675203448928
"TGGAGAGAGTCTCGTA-1_2_1","IR","B-Naive",1.90597793252278,0.613197293555101
"TGGATGTCAAATCAAG-1_2_1","IR","B-Naive",1.13981696755696,1.13924035844739
"TGGATGTTCGCAATGT-1_2_1","IR","B-Naive",0.103985113809589,-2.32072875233952
"TGGCGTGGTGATACAA-1_2_1","IR","B-Naive",-0.287357392003056,0.374912169253191
"TGGCGTGTCATGCTAG-1_2_1","IR","B-Naive",-0.311891468455311,0.911121186291536
"TGGGAAGCACAAGCAG-1_2_1","IR","B-Act2",3.94899031312275,2.30482485560115
"TGGGAAGCACGCACCA-1_2_1","IR","B-Mye",-0.312676565935131,6.34967782763179
"TGGGAGATCCCAAGTA-1_2_1","IR","B-Naive",0.110435513566021,0.383352782999834
"TGGGCGTAGCGAATGC-1_2_1","IR","B-Plasma",12.1577696481447,0.545526322399934
"TGGGCTGCACAAACGG-1_2_1","IR","B-Naive",2.48905822427082,-1.50395915242497
"TGGGCTGCAGAAATTG-1_2_1","IR","B-Naive",-2.80249265043926,0.993685484355053
"TGGGCTGTCACTCGAA-1_2_1","IR","B-Naive",4.41700884492207,-1.16955659123723
"TGGGTTAGTCCGGTGT-1_2_1","IR","B-Plasma",12.4382099786501,0.366869595324358
"TGGTACACAAGAGTAT-1_2_1","IR","B-Naive",-2.13402465193462,-2.24461886617009
"TGGTACACATAGAAAC-1_2_1","IR","B-Naive",-0.285190167119023,-3.94372436734501
"TGGTACAGTTGTTGTG-1_2_1","IR","B-Naive",-4.51175692885112,-0.0178283187991775
"TGGTAGTTCGTGGGTC-1_2_1","IR","B-Naive",-1.63599482386303,-2.68841669293706
"TGGTAGTTCGTGGTAT-1_2_1","IR","B-Naive",-1.16224947779369,-0.603760454381148
"TGTAACGCAATAGTAG-1_2_1","IR","B-Naive",2.80424782426167,1.49787091878589
"TGTAACGGTAGCGAGT-1_2_1","IR","B-Naive",4.26900526673603,-1.22436568471257
"TGTAACGTCAGACCGC-1_2_1","IR","B-Plasma",11.8399805703859,0.878716376101335
"TGTAAGCCATAATCGC-1_2_1","IR","B-Naive",-3.32748154013347,0.0989899900310838
"TGTAAGCGTGAACGGT-1_2_1","IR","B-Naive",0.0330677160720861,-1.50011369916264
"TGTACAGCAGTTACCA-1_2_1","IR","B-Naive",-0.722447606017109,-1.35160753461186
"TGTACAGTCGCCAGTG-1_2_1","IR","B-Naive",2.36769649178791,2.22461655405696
"TGTACAGTCTACACTT-1_2_1","IR","B-Naive",-1.58696285097789,1.58757379320796
"TGTACAGTCTGCGATA-1_2_1","IR","B-Naive",2.51315519006062,0.764160272156557
"TGTAGACTCAAGGACG-1_2_1","IR","B-Naive",-3.4769044241209,-0.451334211552779
"TGTAGACTCTTACGGA-1_2_1","IR","B-Naive",-0.279653387357708,0.85970654753383
"TGTCCACCAGCTTCCT-1_2_1","IR","B-Naive",1.3207052627306,2.75029173163112
"TGTCCACGTCACTGAT-1_2_1","IR","B-Mye",-1.05690780489635,6.84662225512203
"TGTCCACGTGAACGGT-1_2_1","IR","B-Act2",4.25105759293843,2.04127558735546
"TGTCCACGTGACTAAA-1_2_1","IR","B-Naive",-1.11898353903484,0.0412799384945237
"TGTCCTGCATACTGTG-1_2_1","IR","B-Plasma",12.1928295770388,0.53370991018947
"TGTCCTGGTACCCGCA-1_2_1","IR","B-Naive",0.951070038388256,0.047784891402086
"TGTCCTGGTCATAGTC-1_2_1","IR","B-Act1",-4.18524411528301,0.603661593472322
"TGTCCTGTCACATACG-1_2_1","IR","B-Naive",1.98643919617939,-2.50924107762639
"TGTCCTGTCTCTGCTG-1_2_1","IR","B-Naive",2.06874033601094,-0.94607672425572
"TGTGAGTGTTTCGTAG-1_2_1","IR","B-Act2",4.35608145386982,1.48688199785884
"TGTGAGTTCATTATCC-1_2_1","IR","B-Naive",-0.977822097231861,-1.55385730000798
"TGTGCGGGTAGTACGG-1_2_1","IR","B-Naive",0.549376396248821,-3.52676412793461
"TGTGGCGAGGCGAAGG-1_2_1","IR","B-ActMem",4.22903248460102,4.5620618131512
"TGTGGCGCATGCTGCG-1_2_1","IR","B-Naive",2.38412973077107,1.05215741829362
"TGTGGCGGTCGATGCC-1_2_1","IR","B-Naive",1.75001618058491,1.49719425705608
"TGTGTGACAGGTTCAT-1_2_1","IR","B-Naive",-2.33606961577129,-3.55391189786259
"TGTTACTGTTAGTCGT-1_2_1","IR","B-Naive",0.706757275174145,2.60227241781886
"TGTTCCGGTGGTCTCG-1_2_1","IR","B-Naive",-0.424535813023564,-2.89769479962651
"TGTTCCGGTTATTCCT-1_2_1","IR","B-Naive",4.74952313096333,-2.03875944348637
"TGTTCCGGTTTCGCTC-1_2_1","IR","B-Naive",0.917176214764599,-2.98034593793217
"TGTTCTAAGCGCACAA-1_2_1","IR","B-ActMem",3.50128122956562,5.52628734377559
"TGTTCTACACGCGCTA-1_2_1","IR","B-Naive",2.32250448853779,-2.97010347577397
"TGTTGAGAGGTTACAA-1_2_1","IR","B-ActMem",3.31615182549763,5.0249421861523
"TGTTGGAAGTGCACCC-1_2_1","IR","B-Naive",-0.688875707079884,1.18522567716773
"TGTTGGACAAGACGGT-1_2_1","IR","B-Naive",0.412638870785717,1.16495644715961
"TGTTGGATCGCTGATA-1_2_1","IR","B-Naive",1.28761037976551,-1.30949065419499
"TTAATCCAGCGATTCT-1_2_1","IR","B-Naive",1.42885002286244,-1.93836972447697
"TTAATCCCATACACCA-1_2_1","IR","B-Naive",-3.19476297705364,0.733335908924898
"TTACAGGAGCATATGA-1_2_1","IR","B-Naive",0.0131095627050436,-0.366468641484419
"TTACAGGCAGTTGTCA-1_2_1","IR","B-Act2",4.80940195710469,2.01150914696391
"TTACAGGTCTAACGCA-1_2_1","IR","B-Naive",4.85270449311543,-0.516786548817793
"TTACGCCCAACATCGT-1_2_1","IR","B-Naive",0.477693287442211,-0.167158934796492
"TTACGCCCAACGTAAA-1_2_1","IR","B-Naive",-0.447525980164524,-2.89447686406438
"TTACGCCCATACTGTG-1_2_1","IR","B-Naive",-1.11741122811031,-1.85502931805913
"TTACGCCCATCCAATG-1_2_1","IR","B-Naive",1.71558663041401,-1.81275126668278
"TTACGCCTCGCTGACG-1_2_1","IR","B-Naive",-3.21001246779155,-3.11142465802495
"TTACTGTAGCACACCC-1_2_1","IR","B-Naive",-1.30386391489696,-4.1766802999622
"TTACTGTAGCTAGAGC-1_2_1","IR","B-Act1",-2.36611536352825,1.87162711886104
"TTACTGTCATAACCCA-1_2_1","IR","B-Naive",3.30515166909504,-2.89021608563725
"TTACTGTTCATGCTAG-1_2_1","IR","B-Naive",-1.77713051645946,-1.79903313847844
"TTAGGCAAGGACAACC-1_2_1","IR","B-Naive",1.60878750474263,0.995094206606706
"TTAGGCAAGGCTAACG-1_2_1","IR","B-Naive",-0.606141599108692,-1.48947069379155
"TTAGGGTAGAAGGCTC-1_2_1","IR","B-Naive",-0.294432582547184,0.611407246863207
"TTAGTCTCATATACCG-1_2_1","IR","B-Naive",1.11903688103962,-2.50395271512334
"TTAGTCTGTGCTATTG-1_2_1","IR","B-Naive",2.16259214074421,1.05653183390733
"TTATTGCCAATAGGAT-1_2_1","IR","B-Naive",-0.986629041125294,-3.33822939130131
"TTATTGCTCAAGAAAC-1_2_1","IR","B-Act2",5.21383663804341,1.66530629662212
"TTCAATCCACCAATTG-1_2_1","IR","B-Naive",-0.12091934795421,-3.23080179425542
"TTCAATCGTCAAAGTA-1_2_1","IR","B-Plasma",11.7842840829592,0.953168657099565
"TTCACCGCAATGTTGC-1_2_1","IR","B-Naive",2.37346860558796,0.128423538481554
"TTCACCGTCCTGGGTG-1_2_1","IR","B-Act2",5.02296921403218,1.04176844564846
"TTCACGCAGTTGGAGC-1_2_1","IR","B-Naive",0.153157023499492,1.29861825374301
"TTCACGCGTAACGCGA-1_2_1","IR","B-Naive",-0.119731418565376,-4.36235210629765
"TTCAGGAAGACGCATG-1_2_1","IR","B-Naive",-1.50606563894939,-3.84935257169072
"TTCAGGACAGAACCGA-1_2_1","IR","B-Act2",3.87560674340535,2.33081593779262
"TTCAGGAGTCCAGAAG-1_2_1","IR","B-Naive",0.481623379300121,1.62878223923381
"TTCATGTAGTAACCGG-1_2_1","IR","B-Naive",-0.999893697192188,-4.13463422986332
"TTCATGTTCGATGGAG-1_2_1","IR","B-Naive",-2.25137737600994,-1.08424613210026
"TTCATTGTCACTACTT-1_2_1","IR","B-Mye",-0.91541007368755,6.91219404009517
"TTCCGGTCAAGTGGTG-1_2_1","IR","B-Naive",-2.87013414709758,-0.781645986760298
"TTCCTCTTCACGAGGA-1_2_1","IR","B-Naive",-0.22868930756044,0.244484689509233
"TTCCTTCCACCGAATT-1_2_1","IR","B-Naive",-2.1787722429533,0.974062759851774
"TTCCTTCGTTGGGACA-1_2_1","IR","B-Mye",-0.991446169306751,6.63352420595821
"TTCCTTCTCTGAGGTT-1_2_1","IR","B-Naive",-3.02147105543804,-2.33508798810307
"TTCGATTAGGGATCAC-1_2_1","IR","B-Naive",4.04685637147236,-2.09834954472844
"TTCGATTCAGCCGTTG-1_2_1","IR","B-Naive",1.94902202279377,-0.800956699574629
"TTCGATTTCTCTTCAA-1_2_1","IR","B-Act1",2.39557644517231,-2.19778225156132
"TTCTAGTAGTGTTCCA-1_2_1","IR","B-Naive",1.95791980416584,-1.10381552907292
"TTCTAGTGTTAACCTG-1_2_1","IR","B-Naive",2.45910951287556,0.984447751616796
"TTCTCTCCAGTAACCT-1_2_1","IR","B-Naive",0.468945709774975,-3.57439586850468
"TTCTGTAGTGGTCTGC-1_2_1","IR","B-Mye",-1.09024670927715,6.75776555803951
"TTCTGTATCTGGAAGG-1_2_1","IR","B-Naive",-2.3656812032957,0.483148660933336
"TTCTGTATCTGGTTGA-1_2_1","IR","B-Act1",-4.08774450628948,0.14257666138347
"TTCTTCCGTAAGGTCG-1_2_1","IR","B-Naive",1.02320226819325,-0.650725934231917
"TTCTTCCGTGGATCAG-1_2_1","IR","B-Act2",4.78217598588276,1.89981844690975
"TTCTTGATCAATCGGT-1_2_1","IR","B-ActMem",3.68388101250935,4.91341760424312
"TTGACCCGTCAGGAGT-1_2_1","IR","B-Naive",-0.652265103747364,-0.277979824269453
"TTGACCCGTTGTGGCC-1_2_1","IR","B-Naive",1.7861376682024,-0.886336300099531
"TTGACCCTCAGCGGAA-1_2_1","IR","B-Act2",4.41474196107197,1.48447572854694
"TTGAGTGAGGGTTGCA-1_2_1","IR","B-Act2",3.88510224015522,1.66232326296504
"TTGAGTGTCCGTGTCT-1_2_1","IR","B-Act2",4.52802368790913,2.53592231539424
"TTGATGGAGCATATGA-1_2_1","IR","B-Naive",-0.0095821937818491,2.21735265520748
"TTGATGGCACAAGCTT-1_2_1","IR","B-Naive",-0.317103268792149,0.705106940543016
"TTGCCTGCACACCTTC-1_2_1","IR","B-Act2",5.16079565675068,1.63452163008388
"TTGCTGCAGAGGGCGA-1_2_1","IR","B-Act1",3.78037282616902,1.2151714679354
"TTGGATGGTGATCGTT-1_2_1","IR","B-Naive",-1.76822260229778,-0.0130753252154983
"TTGGGCGGTATGCGTT-1_2_1","IR","B-Act2",3.47838875443745,0.00515833166774149
"TTGGGCGGTTCTAACG-1_2_1","IR","B-Naive",4.23516794831562,-1.888281795705
"TTGGGTAAGCAACTCT-1_2_1","IR","B-Act1",-4.8566799482603,0.821109053170046
"TTGGTTTGTGGCAGAT-1_2_1","IR","B-Act1",-2.07348671763134,1.96769210365947
"TTGTGGACACGTTGGC-1_2_1","IR","B-Naive",1.36392697484303,-0.891972872937361
"TTGTGGACACTGAGTT-1_2_1","IR","B-Act1",-3.72668054907512,2.24777534273799
"TTGTGTTCAAATCCCA-1_2_1","IR","B-Naive",1.0869668403368,1.77054038313564
"TTGTGTTGTCGCGGTT-1_2_1","IR","B-Naive",-2.98969653456401,0.334162321364244
"TTGTGTTGTGATACAA-1_2_1","IR","B-Mye",-0.856336267878529,7.31491782931026
"TTGTTCAAGATCCTAC-1_2_1","IR","B-ActMem",4.88003393800068,-0.955360266888777
"TTGTTCAGTCAACACT-1_2_1","IR","B-Naive",0.210902152369503,-4.49608967038457
"TTGTTCAGTGAGCAGT-1_2_1","IR","B-Act2",4.80624434144307,1.32108384040531
"TTGTTTGCAGGGAATC-1_2_1","IR","B-Act1",-5.16694024412822,1.59741499689754
"TTTACGTCATTCTTCA-1_2_1","IR","B-Act1",-4.31238749830913,-1.39128014775578
"TTTACTGCAACTGATC-1_2_1","IR","B-Mye",-0.441274466206547,6.3954723146313
"TTTAGTCCACTCGATA-1_2_1","IR","B-Naive",-2.00395134298992,-1.2111463281757
"TTTAGTCGTATGTCCA-1_2_1","IR","B-Act2",3.97367664964009,1.25495291916068
"TTTATGCGTAGCTGAG-1_2_1","IR","B-Act1",-3.9448523840208,1.32570475009616
"TTTATGCTCTTCGTGC-1_2_1","IR","B-Naive",-0.83227357475948,0.265028682028612
"TTTCACACACGGCGTT-1_2_1","IR","B-ActMem",3.51635286004353,5.09781005648311
"TTTCATGAGTCATCGT-1_2_1","IR","B-Naive",-2.36043074934673,-0.290195438588301
"TTTCGATGTAGCGCTC-1_2_1","IR","B-Naive",-2.38018325178814,-2.00400016042058
"TTTGATCAGAGATCGC-1_2_1","IR","B-Naive",2.24423286111164,2.26895787981685
"TTTGATCCACCAGTTA-1_2_1","IR","B-Naive",-1.75131252615642,-2.39037034245793
"TTTGATCCAGAGTCTT-1_2_1","IR","B-Act1",-5.62808373778057,1.52416795161899
"TTTGGAGGTTTACCAG-1_2_1","IR","B-Naive",-0.650543602396961,-4.32817480298344
"TTTGTTGCAGAGGTAC-1_2_1","IR","B-Naive",4.52202650697041,-1.10525557729069
"TTTGTTGCATTAGGCT-1_2_1","IR","B-Naive",2.82927128464985,-0.026486131871382
"ACGGTTAGTAACGGTG-1_1","Sham","B-Naive",-3.09885743467998,0.0193224218242967
"ACGTAACCACGTGTGC-1_1","Sham","B-Naive",0.657403317997936,-2.23670885297124
"ACGTAACTCTTGGGCG-1_1","Sham","B-Naive",0.0544552931289709,1.34627809790309
"ACGTAGTAGGAGGGTG-1_1","Sham","B-Naive",-0.42825067250919,1.04860146851625
"ACGTAGTTCACCACAA-1_1","Sham","B-Naive",-1.19849637358379,-1.61788842412297
"ACGTCCTGTCCAGGTC-1_1","Sham","B-Naive",-1.75250593035411,-2.00332066747014
"ACGTTCCCAGACCATT-1_1","Sham","B-Naive",-1.32616165487957,-0.757250401700178
"ACGTTCCGTGTATCCA-1_1","Sham","B-Naive",-0.236411491622444,1.27495568660434
"ACGTTCCTCGATTCCC-1_1","Sham","B-Naive",-4.05690744726848,-2.60754964085881
"ACTATCTAGCTAAGTA-1_1","Sham","B-Naive",4.10135456712056,-2.28533122273747
"ACTATGGAGTAAACAC-1_1","Sham","B-Naive",1.22080883176136,1.65816148785289
"ACTATGGAGTAAAGCT-1_1","Sham","B-Act1",-4.01363375990581,0.0146065023296678
"ACTATTCTCGACGACC-1_1","Sham","B-ActMem",-0.376538785387989,-1.02242943974797
"ACTCCCACAACGTAAA-1_1","Sham","B-Naive",-0.463703515221592,0.21838643816646
"ACTCTCGAGCTAGTTC-1_1","Sham","B-Act1",-1.95059386103344,1.81642183331188
"ACTCTCGGTAATCAGA-1_1","Sham","B-Act1",-3.71002486555767,1.62948044804271
"ACTGATGCATCAGCGC-1_1","Sham","B-Act1",-1.32345596163463,0.919061083769163
"ACTGCAAGTCTGCCTT-1_1","Sham","B-Naive",-2.80703881590557,0.337805357252916
"ACTGCAAGTTCCACAA-1_1","Sham","B-Naive",-3.82223037092876,-0.978193495000044
"ACTGTCCAGGACTAAT-1_1","Sham","B-Naive",-0.70545563309383,0.277266171252092
"ACTGTCCTCACGATCA-1_1","Sham","B-Act1",-2.71149900763225,1.73664125469859
"ACTTATCAGAACTGAT-1_1","Sham","B-Naive",-1.73176136820507,-0.384463641369978
"ACTTATCCAGACAAGC-1_1","Sham","B-Act1",-4.18550637572002,-1.79317328664128
"ACTTCCGGTAGTGCGA-1_1","Sham","B-Naive",-2.88060620634746,-0.476661417210738
"ACTTCGCTCCCATAGA-1_1","Sham","B-Naive",0.807495979378704,1.85358765391048
"ACTTTCAAGATGGTCG-1_1","Sham","B-Naive",4.54235312135029,-1.6284579965717
"ACTTTCAAGTACAACA-1_1","Sham","B-Mye",-0.707359465052601,6.77892186907466
"ACTTTCATCATCACTT-1_1","Sham","B-Mye",-0.733387621333119,7.04921987322505
"ACTTTGTAGAATCCCT-1_1","Sham","B-Naive",-3.65994385092449,-1.00114748212163
"ACTTTGTAGGAATCGC-1_1","Sham","B-Naive",0.858805088112835,1.88110980061229
"AGAAATGTCAGCGCAC-1_1","Sham","B-Mye",-1.03653541414928,6.74301030901607
"AGAACAACATCGCTAA-1_1","Sham","B-Naive",4.44277569443989,-2.85166022511784
"AGAACCTCAAGCTGTT-1_1","Sham","B-Naive",-1.25714448301983,-3.26248571606938
"AGAACCTGTTCACCGG-1_1","Sham","B-Act1",-5.48450711577129,0.0443662073963487
"AGAACCTTCCTTACCG-1_1","Sham","B-Naive",2.63320204407978,-2.70976874562565
"AGAAGCGAGCGTGAGT-1_1","Sham","B-ActMem",3.80637952477742,5.27959659365352
"AGAAGCGCACCATAAC-1_1","Sham","B-Naive",-1.1202549061079,1.12462453958925
"AGAAGTAAGTGGACGT-1_1","Sham","B-Naive",0.633225170681957,-1.08040353986088
"AGAAGTACACGAGAAC-1_1","Sham","B-Naive",2.39919945390034,2.15006604460414
"AGAAGTAGTATGATCC-1_1","Sham","B-Naive",2.90334388406086,1.83209350374874
"AGAAGTAGTTACCTTT-1_1","Sham","B-ActMem",4.2972335496645,5.04373195437129
"AGAAGTATCCGCACGA-1_1","Sham","B-Naive",-1.01784041731548,-2.01949927541081
"AGACAGGCAAATTGCC-1_1","Sham","B-Naive",-2.13207248060894,-2.20751330586735
"AGACCATAGAGCTGAC-1_1","Sham","B-Naive",1.56589230687428,-1.06108042928044
"AGACCATCACGCTGAC-1_1","Sham","B-Naive",-1.70992997496318,-3.00687906476323
"AGACCCGCATTGAGCT-1_1","Sham","B-Naive",0.366917190859798,-2.4862198564655
"AGACTCAAGCGTCGAA-1_1","Sham","B-Naive",0.464190451214794,-1.086435053075
"AGACTCAAGTCACAGG-1_1","Sham","B-Naive",-2.087414534976,-0.116339657033125
"AGACTCAAGTTGCATC-1_1","Sham","B-Act1",-1.5410027822752,2.8178116348141
"AGACTCACAAGCACCC-1_1","Sham","B-Act1",-3.0316672643919,1.60127684143718
"AGAGAATCACTGCGTG-1_1","Sham","B-Naive",1.69889327676106,-0.252490851605574
"AGAGAATCACTGTCGG-1_1","Sham","B-Naive",0.560083595822338,-1.74957463475529
"AGAGAATGTCGAACGA-1_1","Sham","B-Naive",-0.620351465632435,1.59689488676723
"AGAGAGCAGCTGAAAT-1_1","Sham","B-Naive",2.20305940301228,1.38932025102313
"AGAGAGCAGGATGAGA-1_1","Sham","B-ActMem",2.92243191392231,3.34379771021541
"AGAGCAGCAGGTTCAT-1_1","Sham","B-Naive",-0.736029776026722,-3.6260907384998
"AGAGCAGGTACCTATG-1_1","Sham","B-Naive",0.727550653527263,1.70120337275203
"AGAGCAGGTATGGTAA-1_1","Sham","B-Naive",-1.99229589312267,1.05386008923288
"AGATAGAGTAAGTCAA-1_1","Sham","B-Naive",2.53793903977681,2.01185014513667
"AGATCGTAGTTCGCAT-1_1","Sham","B-Naive",-3.19759515135479,-1.78040024968449
"AGATCGTCACTACCGG-1_1","Sham","B-Naive",-3.14085868208599,-2.64917752476994
"AGATCGTCATTCCTCG-1_1","Sham","B-Naive",0.0254101136426962,0.210375693117937
"AGATCGTCATTGCTTT-1_1","Sham","B-Act1",-3.10276535361004,-1.55564830037419
"AGATCGTGTTGGGTAG-1_1","Sham","B-Naive",-0.526378127028462,-1.00989982816044
"AGATCGTTCTCGTGAA-1_1","Sham","B-Act1",-3.13197687475872,2.31504848269161
"AGATGAAGTGAGATAT-1_1","Sham","B-Naive",2.08667728097248,1.1595995244139
"AGATGAATCATGAGAA-1_1","Sham","B-Naive",-1.61721864550304,-1.68347117635075
"AGATGCTAGACGAGCT-1_1","Sham","B-Naive",-1.43226376383495,-1.56772181721989
"AGATGCTAGTGGAATT-1_1","Sham","B-Naive",1.49854299218464,0.968068439936002
"AGATGCTCACTTACAG-1_1","Sham","B-Naive",0.703465489457134,2.03585597542461
"AGATGCTGTATACCCA-1_1","Sham","B-Naive",-0.75582686274242,-0.721540662968794
"AGATGCTTCGTCAACA-1_1","Sham","B-Naive",2.11180683762837,2.12370660570796
"AGCCAATAGGCCCAAA-1_1","Sham","B-Naive",1.7387550750475,-0.560151312077681
"AGCCAATCAAGGTTGG-1_1","Sham","B-Naive",-0.401490779807087,2.23827555445369
"AGCCAATCACTACGGC-1_1","Sham","B-Act1",-3.54587081282329,0.942664694463571
"AGCCACGCATGATAGA-1_1","Sham","B-Naive",-0.388705106665608,0.0148351457470262
"AGCCACGGTCCAAGAG-1_1","Sham","B-Naive",2.45290657670308,0.964594241654237
"AGCCAGCCAGCAAGAC-1_1","Sham","B-Naive",1.30387398392964,0.955499250864347
"AGCCAGCTCGCCAGAC-1_1","Sham","B-Act1",-4.22947553007793,0.618728276764711
"AGCGATTAGTAGGAAG-1_1","Sham","B-Act1",-4.68490222304058,1.67552408245738
"AGCGCCAAGCGCACAA-1_1","Sham","B-ActMem",3.59453627259541,3.32274821070369
"AGCGCCAAGGAGAGTA-1_1","Sham","B-Naive",0.533280161927227,1.13609091607269
"AGCGCCAAGTAATTGG-1_1","Sham","B-Act2",4.03623339326191,0.596444216048082
"AGCGCCACACCCTATC-1_1","Sham","B-Act1",-2.92239478438091,-0.322965476239363
"AGCGCCAGTTGCACGC-1_1","Sham","B-Naive",-3.37535432188701,-0.656524035657088
"AGCGCTGAGACCTCCG-1_1","Sham","B-Naive",-0.344811650206562,-2.58985397549931
"AGCGCTGGTACAAACA-1_1","Sham","B-Naive",-0.600278975655552,2.43947222498592
"AGCGCTGGTGATCGTT-1_1","Sham","B-Naive",3.67917796761799,0.132138755595049
"AGCGCTGGTGCTCGTG-1_1","Sham","B-ActMem",3.01959845216084,4.86299875048335
"AGCGCTGTCCATTCGC-1_1","Sham","B-Naive",1.83663508088398,-2.28166339131657
"AGCGTCGGTCCGAAGA-1_1","Sham","B-Naive",-2.23584225981426,0.810994726096948
"AGCTACAAGGCTAACG-1_1","Sham","B-ActMem",3.87848803193379,5.26263311175044
"AGCTACAAGTCTAACC-1_1","Sham","B-Naive",-0.403207155158039,-1.4118573400623
"AGCTACAAGTCTTCCC-1_1","Sham","B-Naive",-2.10348120539379,-1.88207957478825
"AGCTACAGTGGAACAC-1_1","Sham","B-Naive",-2.34851697294902,-1.48105165692631
"AGCTTCCCAGAACTAA-1_1","Sham","B-Naive",0.698520449707989,-2.46493074628178
"AGCTTCCGTGGGTATG-1_1","Sham","B-Naive",-0.756448300768849,-2.74973365994755
"AGGAAATAGGCTGGAT-1_1","Sham","B-Naive",-1.28710618822765,-0.479423019612471
"AGGAAATAGGGTATAT-1_1","Sham","B-Naive",4.69194313676167,-1.4968330595142
"AGGAAATTCCGATCGG-1_1","Sham","B-Naive",-0.468589009930607,2.11125102308925
"AGGAATAAGCCATTCA-1_1","Sham","B-Naive",3.09964129121113,-0.574462268078963
"AGGAATATCAAGTCGT-1_1","Sham","B-Act1",-3.09873131125164,1.07022429858681
"AGGACGACAATTGAGA-1_1","Sham","B-Act1",-4.13716748564434,0.179008093153795
"AGGACGAGTATTGACC-1_1","Sham","B-Naive",-1.21705118029308,2.06634774473842
"AGGACTTGTCGAAGCA-1_1","Sham","B-Naive",0.853825835297588,-1.68348762723271
"AGGACTTTCGTCCTCA-1_1","Sham","B-Naive",3.60191508920002,4.88781883982356
"AGGAGGTTCACCATCC-1_1","Sham","B-Naive",2.45542046220112,-2.23303839894597
"AGGATAACAGAGATGC-1_1","Sham","B-Naive",2.72303625733662,-1.60371944638554
"AGGATAATCAACGCTA-1_1","Sham","B-Naive",-2.92614010184002,-0.46402904721562
"AGGCATTCAAGTCATC-1_1","Sham","B-Act1",-4.86532214491558,2.14185765055354
"AGGCATTCATATTCGG-1_1","Sham","B-Mye",-0.807198437144276,6.72668006685909
"AGGCATTGTCCGAAGA-1_1","Sham","B-Act1",-2.48926881163311,1.96726932791408
"AGGCTGCAGTCATGGG-1_1","Sham","B-Plasma",11.7878832498293,0.925971676086744
"AGGCTGCGTTCTCCTG-1_1","Sham","B-Act1",-2.82995966284465,1.72597154644664
"AGGGAGTCAAAGCTAA-1_1","Sham","B-Act1",-3.21594336836528,1.78474750784572
"AGGGAGTCAGACGCTC-1_1","Sham","B-Act1",-1.14264765589428,-1.54358908864323
"AGGGCTCAGGTCACTT-1_1","Sham","B-Naive",-2.74393514006328,1.08418347728785
"AGGGCTCAGTTTGAGA-1_1","Sham","B-Act1",-2.71831348746013,-1.4711560938007
"AGGGTCCGTAGTCGTT-1_1","Sham","B-Naive",0.333946255753521,1.76537939575847
"AGGGTGATCCCGAACG-1_1","Sham","B-Naive",-2.21821597426128,-2.16421410771672
"AGGGTTTGTAACCCGC-1_1","Sham","B-Naive",-4.30867722838115,-0.97912332745854
"AGGTAGGGTCTCAAGT-1_1","Sham","B-Naive",1.4606868901949,-0.883040640080611
"AGGTAGGTCTGGAAGG-1_1","Sham","B-Naive",0.660011855671886,-3.02891180249516
"AGGTCATTCCCTCGAT-1_1","Sham","B-Naive",-2.054286750247,-3.27952978345219
"AGGTCTACACAGCGCT-1_1","Sham","B-ActMem",3.71540376336384,5.08616235521968
"AGGTGTTAGAGTGGCT-1_1","Sham","B-Naive",2.07237335831929,2.16035702494319
"AGGTGTTAGATCCTAC-1_1","Sham","B-Naive",-3.02579048483562,-1.68570468159978
"AGGTTACCACAATGTC-1_1","Sham","B-Naive",-0.477143379141804,-1.30789468022648
"AGGTTACGTAGACACG-1_1","Sham","B-Act1",-1.04243609516811,2.39319923189815
"AGTAACCTCCTCAGGG-1_1","Sham","B-Naive",4.8700718560915,-1.49183246823613
"AGTACCAAGCAAGCCA-1_1","Sham","B-Naive",0.977523414204601,-1.93882534238164
"AGTACCAGTGAACCGA-1_1","Sham","B-Naive",-0.975333662917134,-2.07462999554936
"AGTACTGGTCAAGCGA-1_1","Sham","B-Act1",-2.60391524641704,-0.103860470975081
"AGTAGCTCACTGGATT-1_1","Sham","B-Act1",-4.79689029066753,1.11673676637348
"AGTCAACAGCACCAGA-1_1","Sham","B-Naive",-4.11654904692363,0.431244280611833
"AGTCAACTCCAGGACC-1_1","Sham","B-Naive",-0.63272169439983,-4.68244764539067
"AGTCACAAGGCCGCTT-1_1","Sham","B-Naive",-0.935411961962696,-1.76144692632023
"AGTCACACATTGCAAC-1_1","Sham","B-Act1",-3.87057951300335,1.74958446291622
"AGTCACATCGTTCTCG-1_1","Sham","B-Naive",-0.453666748692509,-3.80014536114995
"AGTCATGAGCGACTTT-1_1","Sham","B-Act1",-3.59137180655193,1.37448009518321
"AGTCTCCAGGCTGGAT-1_1","Sham","B-Naive",-0.996755751063343,-3.33166906567876
"AGTCTCCGTCTCGGGT-1_1","Sham","B-Naive",1.15234204919148,0.99111161795791
"AGTCTCCTCTTCCCGA-1_1","Sham","B-Naive",3.10390540749836,0.738725837742647
"AGTGACTTCAGAGCGA-1_1","Sham","B-Act1",-4.10159424154949,0.913504865443071
"AGTGACTTCATCAGTG-1_1","Sham","B-Naive",3.03712746293354,1.32323565748866
"AGTGATCCACCCTCTA-1_1","Sham","B-Naive",1.84656116158772,2.26484992769893
"AGTGATCGTAACTAAG-1_1","Sham","B-Naive",-2.97480824797344,0.217262234961351
"AGTGATCGTACTCCCT-1_1","Sham","B-Act2",3.32435795457173,2.27301540640529
"AGTGATCGTGTCATCA-1_1","Sham","B-Act1",-0.830437453677174,7.94194200304683
"AGTGCCGGTGTGACCC-1_1","Sham","B-Act1",-4.98801663725567,2.28181305197414
"AGTGTTGTCTCGAGTA-1_1","Sham","B-Act1",-1.84940472452831,0.746734288012346
"AGTTAGCAGCGCTTCG-1_1","Sham","B-Naive",3.46798559815693,-2.85800764294926
"AGTTCCCAGAGGGTCT-1_1","Sham","B-Naive",4.84205481202412,-1.27246663304631
"AGTTCCCGTCTGGTTA-1_1","Sham","B-Naive",-0.644563945223805,-4.40663597317998
"AGTTCCCTCCAATGCA-1_1","Sham","B-Act2",4.63671156556416,0.752142992293199
"ATACCGACAAGACGAC-1_1","Sham","B-Act2",4.93156191499043,1.51099797753032
"ATACCGACAATCTCTT-1_1","Sham","B-Act1",-3.44973805754375,-2.19504615994755
"ATACCGACAGTGTGGA-1_1","Sham","B-Naive",-0.85552910177898,-0.5440355274326
"ATACCTTCACCAGCTG-1_1","Sham","B-Act1",-3.03268054335308,0.601943429982027
"ATACCTTGTGAGGAAA-1_1","Sham","B-Naive",0.315504399846081,0.656135049139818
"ATACTTCAGGTAAAGG-1_1","Sham","B-Naive",-1.48644474356365,-2.09554431172673
"ATAGACCAGCAGCACA-1_1","Sham","B-Naive",-3.30687001555156,-1.96922156544987
"ATAGACCAGTGAGTTA-1_1","Sham","B-Naive",1.95758506448079,1.87344905403789
"ATAGACCCAGACCCGT-1_1","Sham","B-Naive",-1.39740875570964,-1.96503684254948
"ATAGAGAAGTACCATC-1_1","Sham","B-ActMem",4.2282900491457,4.05080678728755
"ATAGAGATCAGCGGAA-1_1","Sham","B-Naive",-0.0507080426712,0.932684701358637
"ATATCCTAGTGTGTTC-1_1","Sham","B-Naive",1.71710774094868,0.888863783752283
"ATATCCTGTAGAGTTA-1_1","Sham","B-Naive",-2.87943032591533,-0.166116211140791
"ATCACAGCAGTCAACT-1_1","Sham","B-Naive",-1.7892686447401,-4.49075767728154
"ATCACGACAGACACCC-1_1","Sham","B-Naive",-2.34541729300213,-0.982258770192305
"ATCACGAGTCGTTGCG-1_1","Sham","B-Naive",0.57519176394749,1.52642815974887
"ATCAGGTCATCTAACG-1_1","Sham","B-Naive",4.57331749589253,-2.00697347852055
"ATCATTCCACGTACTA-1_1","Sham","B-Naive",-1.64526501505565,-4.55859968396489
"ATCATTCGTATGAGGC-1_1","Sham","B-Naive",-2.25126913397503,-2.22856614323918
"ATCATTCTCTTCTAAC-1_1","Sham","B-Naive",-1.61743167250347,-1.5797519418842
"ATCCCTGGTACCCACG-1_1","Sham","B-Naive",-0.346144424964901,-1.25258657666508
"ATCCCTGGTTGGGTAG-1_1","Sham","B-Naive",-1.10257753937435,-0.33838436337773
"ATCCCTGTCCGGGACT-1_1","Sham","B-Naive",-0.932448955466267,-4.12273380490605
"ATCCGTCAGACATACA-1_1","Sham","B-Naive",0.0170505324106253,-4.27443763943974
"ATCCGTCCAACGACTT-1_1","Sham","B-Act1",-5.22587016432476,1.04054793897431
"ATCCGTCTCGGCTGGT-1_1","Sham","B-Act1",-4.68086531965923,2.09785380629238
"ATCCTATAGCGTTCCG-1_1","Sham","B-Naive",-3.17488387434673,0.285867121493181
"ATCCTATTCTAGACCA-1_1","Sham","B-Mye",-1.15892651884746,6.87305524614986
"ATCGATGTCCATTCGC-1_1","Sham","B-Naive",-1.78054765074443,-0.0255545112735427
"ATCGGATAGCTGAGCA-1_1","Sham","B-Act1",-1.77291479914379,2.12239852217372
"ATCGGATAGGTGAGAA-1_1","Sham","B-Naive",-2.83565047590923,-0.67263135644261
"ATCGGATTCATTGGTG-1_1","Sham","B-Act1",-3.40710333197307,2.25628176001247
"ATCGGATTCCACACCT-1_1","Sham","B-Naive",-1.17566195337963,-1.54940817090336
"ATCGTAGTCATCGCTC-1_1","Sham","B-Act2",3.51374551446247,2.606307175433
"ATCGTCCCAACCACAT-1_1","Sham","B-Act1",-5.62036183684063,0.255553808485826
"ATCGTCCTCCCTTCCC-1_1","Sham","B-Mye",-1.25696364252758,6.88081958559688
"ATCGTGAGTTCTCCCA-1_1","Sham","B-Naive",-4.08624437658977,-1.45347211095158
"ATCTCTACATAAGCAA-1_1","Sham","B-Naive",-2.03582313864421,-2.99801323148076
"ATCTCTATCAATCTCT-1_1","Sham","B-Act1",-5.85209325163555,1.65109851626094
"ATCTTCAAGTAACGTA-1_1","Sham","B-Act1",-6.2272215208311,1.51115780738529
"ATGAAAGAGTCGCCAC-1_1","Sham","B-Act1",-5.14050343840313,1.53189405468639
"ATGACCAAGGAAAGAC-1_1","Sham","B-Naive",1.9586116948824,0.368434634482225
"ATGACCAAGGTTTGAA-1_1","Sham","B-Naive",4.18043419511128,-2.74588105412785
"ATGACCATCTTGCAAG-1_1","Sham","B-Naive",-0.756924661089894,-4.41556904050175
"ATGAGGGGTTGCAAGG-1_1","Sham","B-Naive",1.82400986344624,0.0696968105190598
"ATGAGGGTCGGTAGGA-1_1","Sham","B-Act1",-2.47196677534771,2.05282547739681
"ATGATCGAGCACGTCC-1_1","Sham","B-Naive",0.00391100884485607,0.0932365920894944
"ATGATCGGTGCCTGCA-1_1","Sham","B-Naive",-0.837953480174061,0.616612669503053
"ATGCATGTCGGTAACT-1_1","Sham","B-Naive",4.57093044907856,-0.53564986916844
"ATGGAGGTCCACTGGG-1_1","Sham","B-Naive",-1.24173203318309,0.363994267260393
"ATGGATCAGTCGTCTA-1_1","Sham","B-Naive",-0.749156030108448,0.164286163126787
"ATGGATCGTGTAAACA-1_1","Sham","B-Naive",-1.79330757467937,-0.398393604481856
"ATGGGAGCACGCACCA-1_1","Sham","B-Act1",-3.07271436064434,0.181889500891527
"ATGGGAGCATGAAAGT-1_1","Sham","B-ActMem",2.88464829118061,3.69136383799251
"ATGGGTTTCCCGAGAC-1_1","Sham","B-Naive",-3.52800587027263,-2.50359914037053
"ATGTCCCGTGAACTAA-1_1","Sham","B-Naive",5.06951376588154,-1.84496614667241
"ATGTCCCTCGCAGTGC-1_1","Sham","B-Act1",-2.33787134497356,2.0936266448849
"ATGTCTTTCGAACTCA-1_1","Sham","B-Naive",-1.48802963106823,-1.08059594365422
"ATTACTCAGGCGACAT-1_1","Sham","B-ActMem",3.73452660233784,4.71139529017147
"ATTACTCCATCTATCT-1_1","Sham","B-Naive",3.81078883797932,-0.852101776326338
"ATTCACTCACACGTGC-1_1","Sham","B-Naive",0.814859060357097,-1.26331636639897
"ATTCAGGGTCGACGCT-1_1","Sham","B-Naive",0.984867540905956,1.26743213502105
"ATTCAGGGTGCGGTAA-1_1","Sham","B-Naive",-0.842918368269917,0.162078347479662
"ATTCAGGTCTCATTAC-1_1","Sham","B-Naive",-1.65831974356365,-4.22120735379521
"ATTCCATAGATCCGAG-1_1","Sham","B-Naive",-0.279326291968342,0.169251170431932
"ATTCCATAGCTGGAGT-1_1","Sham","B-Mye",-0.625393124510761,6.4014594819897
"ATTCCATGTAAGATTG-1_1","Sham","B-Act2",4.22072407395649,1.38082009223636
"ATTCCATGTAGTGATA-1_1","Sham","B-Plasma",12.1564249673586,0.584464934145769
"ATTCCCGGTGGTCTAT-1_1","Sham","B-Plasma",11.7145361581545,1.00119116572078
"ATTCCTACAACTCGTA-1_1","Sham","B-ActMem",-2.46685603468609,-1.66683337422673
"ATTCGTTTCGGTTGTA-1_1","Sham","B-Naive",2.32174297959614,0.981532641177734
"ATTCTACCACGACAAG-1_1","Sham","B-Naive",-1.35220506994915,-2.25459692212407
"ATTCTACCAGTTTCGA-1_1","Sham","B-Naive",-2.01189127772045,-3.82276699277226
"ATTCTTGTCTCCTGTG-1_1","Sham","B-Naive",-2.9218290170927,-3.65194818707768
"ATTGGGTAGGCGAAGG-1_1","Sham","B-Naive",1.34777208955098,1.76596024302181
"ATTGTTCAGAGGCTGT-1_1","Sham","B-Naive",1.9624905267458,-2.34009930821721
"ATTGTTCGTATCTCGA-1_1","Sham","B-Act1",-3.76229766218853,2.38819184569057
"ATTTACCAGATCGCCC-1_1","Sham","B-Act1",-1.03830895035457,-1.13753959866826
"ATTTACCCACCCTGTT-1_1","Sham","B-Naive",-2.20680573790264,-3.09774896832768
"ATTTACCGTACGCGTC-1_1","Sham","B-Naive",-2.96202948897075,0.311167147433122
"ATTTACCGTGTCTAAC-1_1","Sham","B-Naive",3.65981194169331,-2.91384908887211
"ATTTACCTCGAGAACG-1_1","Sham","B-Act1",-3.35252598135662,1.88184472588237
"ATTTCACAGGATGGCT-1_1","Sham","B-Naive",-3.08003929465007,-3.52491399976079
"ATTTCACCATTGCCGG-1_1","Sham","B-Act2",4.16310831696797,1.14640723583635
"ATTTCTGGTGCCGTTG-1_1","Sham","B-Act1",-4.10497144072246,2.13356557158168
"CAAAGAACACGGCTAC-1_1","Sham","B-Naive",-2.49253371565532,-3.21040413113896
"CAACAACTCTGTAACG-1_1","Sham","B-Naive",1.32626697213459,-0.783933136189619
"CAACAGTCACTCCTTG-1_1","Sham","B-Naive",-2.44475868551921,-4.15792343350712
"CAACAGTCAGACAAGC-1_1","Sham","B-Naive",-0.249279903461453,1.8307510879391
"CAACCAAAGGCGCTCT-1_1","Sham","B-Naive",-0.22963890640926,1.55923011568721
"CAACCAAAGTTCATCG-1_1","Sham","B-Naive",-1.02240273564052,0.771409359251817
"CAACCTCGTAACCCTA-1_1","Sham","B-Naive",-0.871939750601765,-3.24103233548466
"CAACCTCTCAAAGGTA-1_1","Sham","B-Naive",-2.22655943243694,-0.307333681309859
"CAACGATAGGGAGGGT-1_1","Sham","B-Naive",1.61620744855214,3.52796032694515
"CAACGATCACGCTTAA-1_1","Sham","B-Naive",-3.46308139174175,-2.8531746599323
"CAAGCTAGTTACACTG-1_1","Sham","B-Naive",-1.87635210364055,-0.155131551945845
"CAAGCTATCTCATTTG-1_1","Sham","B-Naive",0.659822968552593,-3.04718515607182
"CAAGGGAAGGTGCAGT-1_1","Sham","B-Naive",-2.19161442129802,-0.809486362660567
"CAAGGGAGTGGTTTAC-1_1","Sham","B-Act1",-1.85697463362407,2.70478811529811
"CAATACGAGGATACCG-1_1","Sham","B-Naive",5.03685661942768,-0.728332254613081
"CAATACGCACAGAGAC-1_1","Sham","B-ActMem",3.93504330308247,5.3923681047314
"CAATACGGTGATTCAC-1_1","Sham","B-Naive",-2.29657057135296,-1.23576614590947
"CAATCGAAGGAACTCG-1_1","Sham","B-Naive",1.13101848752308,-0.361160132611433
"CAATCGAGTAGCGTAG-1_1","Sham","B-Naive",-2.76707390158367,-3.91946193906132
"CAATTTCAGCCTGTGC-1_1","Sham","B-Naive",-2.94748190252971,0.254795339381059
"CAATTTCCAACACAGG-1_1","Sham","B-Naive",0.899562803814892,-0.112331721509138
"CACAACAGTATAGGAT-1_1","Sham","B-Act1",-1.78802922575664,1.51268285182651
"CACAACAGTCGTCGGT-1_1","Sham","B-Naive",4.93912073762226,-1.82118007870976
"CACACAAAGGTTACCT-1_1","Sham","B-Naive",1.47467919976521,-1.67616054745976
"CACACAATCTTGGGCG-1_1","Sham","B-ActMem",3.01688167245198,4.41112878588375
"CACAGATCAATGACCT-1_1","Sham","B-Naive",1.4999090114336,-0.740610811436812
"CACAGATTCATCTACT-1_1","Sham","B-Naive",-2.39036587088298,-2.90410039159123
"CACAGGCAGAGAACCC-1_1","Sham","B-Act1",-2.53458956091594,1.83282431629833
"CACAGGCAGAGGGTAA-1_1","Sham","B-Act2",3.82884737641621,2.12429454592403
"CACAGGCGTAAGCTCT-1_1","Sham","B-Naive",-2.1499727091093,-3.96856662961308
"CACAGGCTCCTTCTGG-1_1","Sham","B-Naive",-0.38567534296703,-4.43267938824956
"CACAGGCTCTGCGTCT-1_1","Sham","B-Naive",-2.21053365080547,0.441221919333299
"CACATGACAGCAGACA-1_1","Sham","B-Naive",-0.701279254843708,-4.69975111218754
"CACCAAAAGCAGTAAT-1_1","Sham","B-Naive",0.466797617981914,-2.50188038083378
"CACCAAATCTGTCGCT-1_1","Sham","B-Naive",-0.0425091630120241,-3.6668736669666
"CACCGTTAGAGGTCGT-1_1","Sham","B-Naive",1.8369246402483,1.23829702702697
"CACGAATGTTTAGAGA-1_1","Sham","B-Naive",0.101085884283069,-3.96492931577031
"CACGGGTAGCTCCACG-1_1","Sham","B-Act1",-0.242128135849949,2.67404380110439
"CACGTGGAGCATCCCG-1_1","Sham","B-Plasma",12.2310318628054,0.518258061682543
"CACGTGGAGCATTGTC-1_1","Sham","B-Act1",-1.24849298803997,2.8299525049084
"CACGTTCGTCAGGCAA-1_1","Sham","B-Act1",0.156133381436352,2.65145018366512
"CACGTTCGTTGTCATG-1_1","Sham","B-Naive",2.85013815552998,2.4549674060696
"CACTAAGAGTGCCGAA-1_1","Sham","B-Naive",3.87411185891438,-0.62569007607762
"CACTAAGCACGTAGTT-1_1","Sham","B-Naive",-0.561622264077183,-1.09662911626164
"CACTAAGGTAGTCGTT-1_1","Sham","B-Naive",-2.34946564047527,-0.49262532922093
"CACTAAGGTGAGATAT-1_1","Sham","B-Naive",-1.53451660483074,-1.30301758977238
"CACTGAAGTGCTAGCC-1_1","Sham","B-Naive",-0.975070329596516,-1.1616713735706
"CACTGGGAGTGGTGAC-1_1","Sham","B-Naive",1.99284502656269,1.32896557120021
"CACTGGGAGTTGAAAC-1_1","Sham","B-Naive",-0.912666471888539,-0.498971316540877
"CACTGGGCAAAGGCGT-1_1","Sham","B-Act1",-1.58558765261364,2.44680383471187
"CACTGGGGTTGAGGAC-1_1","Sham","B-Act1",-3.38180425970745,1.84418084887203
"CACTTCGTCCTTATAC-1_1","Sham","B-Naive",-0.340384843041416,-2.36540982457463
"CACTTCGTCTCTGACC-1_1","Sham","B-Naive",-1.83643952219677,-4.06371233197514
"CAGAGCCAGTAGCAAT-1_1","Sham","B-Mye",-0.464647056748387,7.96274640825923
"CAGAGCCCACCAACAT-1_1","Sham","B-Naive",-1.53412941305828,-3.55303642484013
"CAGATACAGATGGTAT-1_1","Sham","B-Naive",3.32006427438069,0.925733324562868
"CAGATACGTGACACAG-1_1","Sham","B-Naive",-1.09913644402218,-3.06624242993657
"CAGATACGTGAGTGAC-1_1","Sham","B-Act1",-2.89723423330974,1.24224380818542
"CAGATACTCACACCGG-1_1","Sham","B-Naive",-0.423208387782093,-3.28087398740117
"CAGATCAAGAGCCGTA-1_1","Sham","B-Naive",-2.24290779440593,0.112168219363054
"CAGATCACATGACGAG-1_1","Sham","B-Naive",-3.09120586722088,-3.28427192899052
"CAGATTGTCTACCCAC-1_1","Sham","B-Naive",-1.91829040854168,-3.31490776273076
"CAGCAGCGTTCGGTAT-1_1","Sham","B-Naive",2.35631701142598,2.50274243620571
"CAGCGTGCATCCTTCG-1_1","Sham","B-ActMem",3.03487869889546,4.71882870463069
"CAGCGTGGTCATCCCT-1_1","Sham","B-Naive",2.48295923859883,1.16329367128547
"CAGGGCTAGCGTGTCC-1_1","Sham","B-Naive",0.318403569767956,2.46369674471553
"CAGGGCTGTGAGGAAA-1_1","Sham","B-Act1",-2.68527916281414,0.324871745383104
"CAGGGCTTCAAACTGC-1_1","Sham","B-Naive",-0.442181678702351,0.47513338593181
"CAGGTATAGGTGCTAG-1_1","Sham","B-Naive",-2.35828808157634,-0.884766075337569
"CAGTGCGGTGCTTATG-1_1","Sham","B-Naive",-0.73338052838039,-1.80272052022282
"CAGTGCGTCCACTAGA-1_1","Sham","B-Naive",3.81001755387593,0.0571196940296494
"CAGTTCCAGGTATTGA-1_1","Sham","B-Mye",-0.385673912455555,6.82648494509395
"CAGTTCCGTTGCATTG-1_1","Sham","B-Naive",5.02418705613423,-1.13754961224858
"CATACCCAGAGCTGAC-1_1","Sham","B-Naive",1.98843833596516,-0.207003209317366
"CATACCCAGTTTGGCT-1_1","Sham","B-ActMem",3.52221104295063,3.28363254336055
"CATACTTAGTCATAGA-1_1","Sham","B-ActMem",4.05237337739277,5.56127479342159
"CATACTTCAGCTTTGA-1_1","Sham","B-Mye",-0.314869778444287,6.40206268099483
"CATAGACAGACCTCCG-1_1","Sham","B-Act1",-3.94860056250286,-1.17591736050908
"CATAGACCAATTCGTG-1_1","Sham","B-Naive",0.262404767582897,-3.11576816769902
"CATCCACAGTAGGCCA-1_1","Sham","B-ActMem",3.1826562562685,4.64075973299678
"CATCCACCATCTCAAG-1_1","Sham","B-Naive",-3.24312785475444,-1.59629318448369
"CATCCACCATGACAGG-1_1","Sham","B-Naive",-0.729058297564503,-3.15672037335698
"CATCCACGTTTGACAC-1_1","Sham","B-Naive",-2.08883705942821,-1.04847166272465
"CATCCACTCGGAGTAG-1_1","Sham","B-Naive",2.83999797494221,2.45576515463527
"CATCCCACAGCTATAC-1_1","Sham","B-Naive",0.953954545567516,-2.0802767011768
"CATCCCAGTGTGGACA-1_1","Sham","B-Naive",-2.3523013910551,-0.729624125683943
"CATCCGTAGAGAGTGA-1_1","Sham","B-Act2",4.55547901780415,1.44045468834575
"CATCCGTAGCCTGAGA-1_1","Sham","B-Act1",-1.35861507265758,0.984356277113517
"CATCCGTCAGCAGTTT-1_1","Sham","B-Naive",1.83729895741749,-2.28025934430424
"CATCGCTAGATTGACA-1_1","Sham","B-Naive",-0.895714732100483,-0.0616340372211135
"CATCGCTAGTAACGTA-1_1","Sham","B-Naive",3.30112048775959,2.12491455343898
"CATCGCTGTCGATTCA-1_1","Sham","B-Naive",-0.0264909064669573,-3.53775188657109
"CATCGGGCAAGTTCCA-1_1","Sham","B-Naive",0.324954686472896,-0.559597346509138
"CATCGTCAGTCGGCCT-1_1","Sham","B-Naive",1.41174241692829,-0.0448866817599929
"CATGAGTTCTTACGTT-1_1","Sham","B-Act2",5.04890820176411,1.06190647413369
"CATGCAACAGTCGCAC-1_1","Sham","B-Naive",0.292932418892864,1.17648712960418
"CATGCCTCACTCCTGT-1_1","Sham","B-Naive",-1.82901063769054,-4.31506988736455
"CATGCCTGTAGCGAGT-1_1","Sham","B-Act2",5.12061354310322,1.6283135083073
"CATGCCTGTTCAAGGG-1_1","Sham","B-Naive",1.80949517876912,-2.14179346295659
"CATGCGGCACCATTCC-1_1","Sham","B-Naive",0.0721093693475759,-2.36072036954228
"CATGCTCAGATGGTCG-1_1","Sham","B-Naive",-2.4293723425169,-3.63385936948125
"CATGCTCAGGACTATA-1_1","Sham","B-Naive",1.40550622136402,1.56782987383541
"CATGCTCCAAACCATC-1_1","Sham","B-Naive",-1.34761622755718,-4.34135029050175
"CATGCTCTCCTTTGAT-1_1","Sham","B-Naive",1.75673576981831,-1.89091870518986
"CATGGTATCGACGATT-1_1","Sham","B-Naive",-0.609214576174732,-2.31283137532536
"CATTCATAGATGGTCG-1_1","Sham","B-Naive",-2.73210504858684,0.148118820463976
"CATTCTATCCATCTGC-1_1","Sham","B-Naive",3.30485459954548,-1.07998988362614
"CATTGAGGTTCAGTAC-1_1","Sham","B-Naive",2.95602366120625,-1.88443753453557
"CATTGCCAGACGGTTG-1_1","Sham","B-Naive",-3.5707969984312,-2.68286416264836
"CATTGTTCATTCTTCA-1_1","Sham","B-Naive",2.67873808533955,-3.24447366925542
"CATTGTTTCTGCTCTG-1_1","Sham","B-Act1",-2.44386485426616,1.58205255535777
"CATTTCAAGGAAAGTG-1_1","Sham","B-Act1",-3.32602241842937,1.63684150246318
"CATTTCAGTACCACGC-1_1","Sham","B-Mye",-0.475014122416493,6.99909951952632
"CCAAGCGGTTAGGACG-1_1","Sham","B-Naive",1.10335895211506,1.96326806811031
"CCAAGCGTCCTTCTAA-1_1","Sham","B-Naive",0.889004913876537,0.572289523159822
"CCAAGCGTCGAACGGA-1_1","Sham","B-Naive",2.21667787225056,2.3194327619427
"CCAATGATCAGATTGC-1_1","Sham","B-Naive",-2.95227602331829,-0.346096369946638
"CCAATTTCACCGGTCA-1_1","Sham","B-Naive",4.00823828370381,-2.44129392834965
"CCAATTTTCATCGCCT-1_1","Sham","B-Naive",0.942262856076244,-2.84166261884038
"CCAATTTTCGACGAGA-1_1","Sham","B-Act1",-1.66686371176433,1.73789491919216
"CCAATTTTCGATGGAG-1_1","Sham","B-ActMem",3.2487294355135,4.31817629603084
"CCAATTTTCTTACGTT-1_1","Sham","B-Naive",-1.71838584749889,-2.39246628018681
"CCACAAAGTGGAACCA-1_1","Sham","B-Naive",2.1251451650362,1.85731246737178
"CCACACTGTTTCCAAG-1_1","Sham","B-Naive",-2.58132460921001,-4.17147705289189
"CCACCATTCTTTCTAG-1_1","Sham","B-Naive",-1.91242340414714,-2.64661166402165
"CCACGTTAGATTGGGC-1_1","Sham","B-Naive",1.89504024178791,0.101962414061388
"CCACGTTAGGTGGTTG-1_1","Sham","B-Naive",0.301556108305935,-3.32788154813115
"CCACGTTTCTCGAGTA-1_1","Sham","B-Naive",-1.73623910753917,-2.73330065938298
"CCACTTGTCTGGGTCG-1_1","Sham","B-Naive",4.36220070512104,-2.10699436398808
"CCATAAGCACCGGTCA-1_1","Sham","B-Naive",2.65786167771626,2.46866967943843
"CCATAAGGTTCTCTCG-1_1","Sham","B-Naive",-2.32555487959575,-2.9700586530811
"CCATCACAGCTAAATG-1_1","Sham","B-Naive",0.480188635895733,1.34871184495624
"CCATCACCAGGCTACC-1_1","Sham","B-Naive",-0.0871253108878099,-4.24476215573613
"CCATCACCATCGATAC-1_1","Sham","B-Act2",5.04677340180683,1.15942080733713
"CCATCACCATGTGCTA-1_1","Sham","B-Naive",4.09911486298848,-0.797130081380049
"CCATCACGTAGATCGG-1_1","Sham","B-Naive",4.87742754609394,-1.44102046223942
"CCATCACGTGTTACTG-1_1","Sham","B-Act1",-3.8203931173582,-2.67054221364323
"CCATCACGTTTGACAC-1_1","Sham","B-Act1",-0.665470095564839,2.01712533501323
"CCCAACTGTACTGACT-1_1","Sham","B-Naive",0.415580896447185,-4.1142441961414
"CCCAACTGTAGAGGAA-1_1","Sham","B-Naive",3.21087881715107,-1.23585078450505
"CCCAACTGTGCCTACG-1_1","Sham","B-Naive",3.45213457734394,-2.46502682896916
"CCCATTGAGTTGGCGA-1_1","Sham","B-Naive",0.133796004364971,1.12398142782386
"CCCATTGTCGTCAAAC-1_1","Sham","B-Naive",-2.20967796652507,-1.53304717274968
"CCCGAAGAGCCAGACA-1_1","Sham","B-Naive",1.1932468095522,1.92940649059947
"CCCGAAGGTTACCCAA-1_1","Sham","B-Act1",-5.38930896132183,2.44595887926753
"CCCGGAACAAACGTGG-1_1","Sham","B-Act1",-5.00257733671856,0.644123223101457
"CCCGGAATCGGCATCG-1_1","Sham","B-Naive",3.2402951398592,-1.56472036572758
"CCCTAACGTGAAGCTG-1_1","Sham","B-Naive",4.48531958253193,-1.92672083112065
"CCCTCAAAGGACATCG-1_1","Sham","B-ActMem",4.50823160798359,3.98152663973506
"CCCTCAAGTCCGACGT-1_1","Sham","B-Naive",0.0614282766084707,-3.97558757993046
"CCCTCAATCGTCTAAG-1_1","Sham","B-Naive",3.85945197732258,-1.78632471295659
"CCCTGATCATTGAGCT-1_1","Sham","B-ActMem",3.41127964646626,5.08314636019405
"CCCTGATGTTCAAGTC-1_1","Sham","B-Naive",2.79254266412068,2.16525175837215
"CCCTGATGTTGGTACT-1_1","Sham","B-Naive",-2.13490632384014,1.61999120978053
"CCGAACGAGATGAATC-1_1","Sham","B-Act1",-2.98701170294475,1.83600070742305
"CCGAACGAGCGGTATG-1_1","Sham","B-Act1",-3.30098274557781,0.838109117423853
"CCGATCTAGGACAGTC-1_1","Sham","B-Naive",4.69462010056782,-1.49972936841313
"CCGATCTTCGGTGTAT-1_1","Sham","B-Act1",-4.46504977553081,0.333278801714739
"CCGATGGAGCTTGTGT-1_1","Sham","B-Act1",-5.78091958372783,1.86052068737682
"CCGATGGCAGGTATGG-1_1","Sham","B-Act1",-0.244048008908745,2.42272165087398
"CCGATGGGTTCGCGTG-1_1","Sham","B-Naive",-0.79860851376247,1.56058820751842
"CCGGACAAGTCGGCCT-1_1","Sham","B-Naive",-2.99249819128704,-2.73970815869633
"CCGGACAGTATCGTAC-1_1","Sham","B-Naive",-0.641585083891865,-3.88361665936772
"CCGGTAGAGGACTGGT-1_1","Sham","B-Naive",-0.39926284759235,2.577334311282
"CCGGTAGTCGCCACTT-1_1","Sham","B-Naive",-0.586937191178318,-0.722901437009016
"CCGGTGACAATCTGCA-1_1","Sham","B-Naive",-2.34872201292705,-0.649309847081343
"CCGTGAGCAGCGTTTA-1_1","Sham","B-Naive",0.351992813656811,-0.389981124127547
"CCGTTCAAGTACCGGA-1_1","Sham","B-Mye",-0.664916785647389,6.80977371004756
"CCTAACCAGACTGGGT-1_1","Sham","B-Act2",-2.69518974631023,-0.954036566937605
"CCTAACCCAAGCCATT-1_1","Sham","B-Naive",-1.76971021502208,-3.20825502606694
"CCTATCGGTTTACACG-1_1","Sham","B-Naive",-0.788753302981373,-1.17804906102482
"CCTCAACAGGTGATCG-1_1","Sham","B-Naive",-1.42648962347698,1.48189565209087
"CCTCACAAGACCTCCG-1_1","Sham","B-Naive",-2.14529016821575,-3.75442001553837
"CCTCACACAAATACGA-1_1","Sham","B-Act2",4.41061159760762,0.49588933256801
"CCTCACACATGGAAGC-1_1","Sham","B-Plasma",11.8978571573,0.840254601513704
"CCTCACAGTAGTCACT-1_1","Sham","B-Naive",-0.697888167788502,-3.92847892972294
"CCTCAGTCACACCGCA-1_1","Sham","B-Naive",-1.92908099501323,-4.02902481290166
"CCTCAGTTCCACGAAT-1_1","Sham","B-Naive",-3.40451196043682,-2.88450858327214
"CCTCAGTTCGCATAGT-1_1","Sham","B-Naive",-0.922645600726124,-3.64825460645024
"CCTCATGAGAAGTGTT-1_1","Sham","B-Naive",1.03130647332478,2.23895802763637
"CCTCCAAAGGCTCACC-1_1","Sham","B-Naive",-0.702708395411488,-2.8092977735645
"CCTCCAACAATAGTCC-1_1","Sham","B-Act2",4.56080767304707,1.17272165087398
"CCTCCTCAGGACATCG-1_1","Sham","B-Naive",2.25168463380146,0.88023732272323
"CCTCCTCCAACCGGAA-1_1","Sham","B-Act1",-2.31189993231487,1.36854511169132
"CCTCTAGCACCGTGGT-1_1","Sham","B-Naive",3.05837651879597,-2.45130393239323
"CCTCTAGGTAGATTAG-1_1","Sham","B-Naive",-1.20979562609386,-2.74099895688359
"CCTCTAGTCGACGACC-1_1","Sham","B-Naive",3.99319121033955,-2.75701377126042
"CCTCTCCAGAGCCCAA-1_1","Sham","B-Naive",-0.87990609018993,-3.03764745923344
"CCTGCATTCATTGCCC-1_1","Sham","B-Act2",4.99761864335347,1.54214843777355
"CCTGTTGAGGAACTAT-1_1","Sham","B-Act1",-3.52491167395305,1.7199501064175
"CCTTCAGTCGCGGACT-1_1","Sham","B-Naive",-0.144242000048276,-0.327742788518111
"CCTTCAGTCTCTCTTC-1_1","Sham","B-Naive",-6.28264048903179,1.22451723781761
"CCTTGTGCATGGAATA-1_1","Sham","B-Naive",1.64283332021046,-2.51511141988103
"CCTTGTGTCAGACCTA-1_1","Sham","B-Naive",-2.53804257719707,-1.22204920979802
"CCTTGTGTCGCCGATG-1_1","Sham","B-Naive",-0.147449480583187,-3.83259699078862
"CCTTTGGCATATCTGG-1_1","Sham","B-Naive",0.437680272171978,-1.80808136197392
"CCTTTGGCATGTCTAG-1_1","Sham","B-ActMem",3.54725619942952,4.10596683291133
"CGAAGGATCAGCAATC-1_1","Sham","B-Naive",-3.36417106001567,-1.11903474065129
"CGAAGGATCGAGTACT-1_1","Sham","B-ActMem",3.51698323876667,5.00611880091365
"CGAAGTTAGATGAACT-1_1","Sham","B-Mye",-0.127673701596674,7.54787042406734
"CGAAGTTAGTTGCTGT-1_1","Sham","B-Naive",-0.776318403174397,-1.18196294041936
"CGAAGTTTCTTAAGGC-1_1","Sham","B-Naive",-0.563267322470661,-3.98860809537236
"CGAATTGGTGGCCACT-1_1","Sham","B-Naive",4.00182387025166,-0.732563469136397
"CGACAGCGTTTGGAAA-1_1","Sham","B-Naive",5.05890843064595,-1.58794710370366
"CGAGGAAAGCAAATCA-1_1","Sham","B-Naive",4.32106396348286,-1.51512858601872
"CGAGGAATCAACACGT-1_1","Sham","B-Naive",-0.693777056624409,-0.457980129445235
"CGAGGAATCGTTCCCA-1_1","Sham","B-Naive",1.33861860425282,-2.25892255040471
"CGAGGCTAGGACAGTC-1_1","Sham","B-Act2",5.01915785462666,1.22243019608196
"CGAGGCTCACCCTAGG-1_1","Sham","B-Naive",1.27150150925923,-1.4844526979572
"CGAGGCTTCCCGTTCA-1_1","Sham","B-Act1",-0.975847454955097,-2.12347600194279
"CGAGGCTTCCGATCGG-1_1","Sham","B-Naive",-0.332360910465237,0.874068703924974
"CGAGTTAAGCATATGA-1_1","Sham","B-Act1",-3.80461195318889,2.48965075281795
"CGAGTTAAGTCCTGTA-1_1","Sham","B-Plasma",11.925764528821,0.816161718642076
"CGAGTTAAGTCGAAAT-1_1","Sham","B-Naive",-1.78479984610271,-0.0213532182819045
"CGAGTTACATGAATAG-1_1","Sham","B-Naive",-1.16410485117626,-0.075352999890486
"CGATGCGCAACTACGT-1_1","Sham","B-Naive",4.87541004807759,-0.701186511243025
"CGATGCGTCACCTCTG-1_1","Sham","B-Naive",4.30934807450581,-0.645000073636214
"CGATGGCTCGCCATAA-1_1","Sham","B-Act1",-1.50500753729534,2.04902711180385
"CGCAGGTAGAGCACTG-1_1","Sham","B-Naive",-1.56391802637767,0.752861377274355
"CGCAGGTGTAGAGTTA-1_1","Sham","B-ActMem",3.53055831582356,5.05635574129756
"CGCATAATCCAAACCA-1_1","Sham","B-Naive",-2.26512101500225,-3.34799310895268
"CGCATGGAGACGTCGA-1_1","Sham","B-Act1",-1.30646982996654,2.6815412309521
"CGCATGGGTAACTTCG-1_1","Sham","B-Naive",0.31672784478474,-1.30288431378667
"CGCATGGGTGCGAGTA-1_1","Sham","B-Naive",-0.616743179251667,1.35549792317088
"CGCCAGAAGGTCGTCC-1_1","Sham","B-Naive",1.56818362862873,1.69250771073039
"CGCCATTTCCTGTACC-1_1","Sham","B-ActMem",2.82367679269123,5.1943004396313
"CGCGTGAAGGAATCGC-1_1","Sham","B-Act1",-1.2980497202177,2.56239118841823
"CGCGTGACACTTGAAC-1_1","Sham","B-Naive",-0.690830977847096,-2.30068299504582
"CGGAATTCATCACGGC-1_1","Sham","B-Naive",1.82168349416066,1.02855297220286
"CGGAATTTCCGTAGTA-1_1","Sham","B-Naive",-1.19362560122203,-1.63433859082524
"CGGCAGTGTATCGCTA-1_1","Sham","B-Naive",-0.321323396851536,1.08934081388052
"CGGGACTCAACCGTGC-1_1","Sham","B-Naive",-2.13902834265422,-3.30735895367924
"CGGGACTGTGACTGTT-1_1","Sham","B-Naive",3.6218881288271,-3.07295534344975
"CGGGACTTCGAGATGG-1_1","Sham","B-Naive",4.25474545151997,-1.2435965273029
"CGGGCATGTTCCGCGA-1_1","Sham","B-Act1",-3.14375999777507,1.67429998186763
"CGGGCATTCGGAATTC-1_1","Sham","B-Naive",-1.87842610686016,0.743672814642748
"CGGGTCAAGCCGGAAT-1_1","Sham","B-Naive",3.07806417138386,1.30946010020908
"CGGGTCATCATCGCCT-1_1","Sham","B-Naive",-0.133428290699836,1.94561633137401
"CGGGTGTTCCATCAGA-1_1","Sham","B-Naive",1.18816229493428,0.601915684019884
"CGGGTGTTCGCTTAAG-1_1","Sham","B-Naive",-2.14794472067546,-3.10917160245244
"CGGTCAGAGTCTGTAC-1_1","Sham","B-Naive",-0.296403812458035,-0.10504684182469
"CGGTCAGCACTTTATC-1_1","Sham","B-Naive",-0.588210555006977,1.20414361027416
"CGTAAGTCAGAACTTC-1_1","Sham","B-Naive",0.541185168335918,-0.0290567609912551
"CGTAAGTGTCACTAGT-1_1","Sham","B-Naive",1.41040250451374,0.575385746037325
"CGTAAGTGTGCGGTAA-1_1","Sham","B-Act1",-2.07565942614269,0.897191923534235
"CGTAAGTTCTGAGGTT-1_1","Sham","B-Naive",-0.0561431518096888,1.49479499128993
"CGTAATGTCCAATCTT-1_1","Sham","B-Naive",3.16758820206929,-2.55882642003361
"CGTCAAACACATGAAA-1_1","Sham","B-Act1",0.0644586214523352,0.363521721636614
"CGTCCATCACTTGGGC-1_1","Sham","B-Act1",-5.05894568770122,2.34890690115627
"CGTGATACACGACGTC-1_1","Sham","B-Naive",4.69931122453022,-2.31852481099431
"CGTGATACACGCGTGT-1_1","Sham","B-Naive",0.849434880326275,2.10458698538478
"CGTGATACAGAGGTAC-1_1","Sham","B-Act1",-3.4882626852293,0.428097512995561
"CGTGATAGTTAGTTCG-1_1","Sham","B-Act1",-4.00987962095928,-2.23729727002446
"CGTGATATCTTTCAGT-1_1","Sham","B-Act1",-1.80311539976787,-1.96598479481999
"CGTGCTTGTCCGAAAG-1_1","Sham","B-Naive",2.18339273125935,2.44823732641872
"CGTGCTTGTGCTGTCG-1_1","Sham","B-Mye",-0.51167175381374,6.74576976565059
"CGTGCTTTCATATGGC-1_1","Sham","B-Act2",-0.458394350697514,-1.01004335614506
"CGTGTCTCAGCCATTA-1_1","Sham","B-Act1",-5.72273543684673,0.755081143652757
"CGTTAGACAGCGTAGA-1_1","Sham","B-Act1",-4.30812266676616,1.69855495957073
"CGTTGGGAGAACGCGT-1_1","Sham","B-Naive",4.56945416123677,-0.919589731419722
"CGTTGGGAGACCTCCG-1_1","Sham","B-Naive",-1.53727618067455,-0.892776701176802
"CGTTGGGGTATACGGG-1_1","Sham","B-Naive",1.44523891598988,-1.20220968457524
"CTAACCCCACCAGACC-1_1","Sham","B-Naive",-1.83751622049999,-2.65570614072148
"CTAACCCTCCTTCTTC-1_1","Sham","B-Act1",-4.87909558623027,-0.278234574521223
"CTAACTTGTTGTCTAG-1_1","Sham","B-Naive",-2.77085116713237,-4.31779596539799
"CTAACTTTCATTCACT-1_1","Sham","B-Naive",-1.04121038525295,-4.44350406857792
"CTACAGATCGTGGAAG-1_1","Sham","B-Naive",-0.317275570919033,0.7701435056084
"CTACATTCACCTCAGG-1_1","Sham","B-Naive",-2.78555253355693,-3.23785564633671
"CTACCCAAGCTGAAGC-1_1","Sham","B-Naive",3.54931470544148,0.626735803162416
"CTACCCATCAGCGCAC-1_1","Sham","B-ActMem",4.12783238084126,4.69290330675777
"CTACCTGAGATAGGGA-1_1","Sham","B-Naive",3.36454245240498,0.780528452669939
"CTACCTGAGTCGTCTA-1_1","Sham","B-Naive",4.28313585908223,-1.54155394765202
"CTAGGTAGTTAAACAG-1_1","Sham","B-Mye",-0.298294754912373,6.62609985140499
"CTATCCGAGTAGTGCG-1_1","Sham","B-Naive",-2.18262675612163,-0.146256897175947
"CTATCCGCATAACTCG-1_1","Sham","B-Naive",4.51702925355244,-2.06433031293217
"CTATCCGTCGTTGTAG-1_1","Sham","B-Naive",2.13757464082051,2.22278228071864
"CTCAAGATCTATCCAT-1_1","Sham","B-Naive",-0.564101012637135,-2.5000035497791
"CTCAATTTCATTACCT-1_1","Sham","B-Act1",-4.14949324934673,-1.85716030331914
"CTCAGGGCAAGTGTCT-1_1","Sham","B-Naive",0.25860726625729,0.906868067061266
"CTCAGGGGTCAGATTC-1_1","Sham","B-Naive",-3.72592261641216,-2.342547628606
"CTCATCGCATTGACCA-1_1","Sham","B-Naive",-2.47694924681377,-3.98792907925908
"CTCATCGGTCACAATC-1_1","Sham","B-Naive",0.588765052865032,-2.47876188489262
"CTCATGCGTCACTAGT-1_1","Sham","B-Act1",-3.46700671522808,2.0062756803387
"CTCATGCTCTCCGCAT-1_1","Sham","B-Naive",-0.949291737963673,-0.945512864316145
"CTCCAACAGACCATAA-1_1","Sham","B-Naive",-1.34360185473156,-4.36250612469975
"CTCCAACCAAAGCGTG-1_1","Sham","B-Naive",-2.16986468641948,-3.10468837949101
"CTCCAACCAATTCTTC-1_1","Sham","B-Naive",4.67153450639058,-1.39342400761906
"CTCCAACCACTAAACC-1_1","Sham","B-Naive",0.937440244267467,-1.8524467680103
"CTCCAACTCACACGAT-1_1","Sham","B-Act1",-4.04013136236858,-0.888270232403914
"CTCCACAAGCGAGTAC-1_1","Sham","B-Act1",-3.66567471831035,0.707250234162172
"CTCCACAGTAGTTCCA-1_1","Sham","B-Naive",-1.17221525519085,-2.1473514768726
"CTCCACATCAAGTGGG-1_1","Sham","B-Act1",-5.31328204481792,2.03817906645473
"CTCCATGCATCTTCGC-1_1","Sham","B-Naive",3.7066847959261,-3.14485571118657
"CTCCCAAGTTCAGCGC-1_1","Sham","B-ActMem",2.89316960961628,3.89930393961604
"CTCCCTCAGCATTTGC-1_1","Sham","B-Naive",3.9646296182375,-2.99418804379765
"CTCCCTCGTCCTGAAT-1_1","Sham","B-Naive",-0.537331672598835,-1.41424605580632
"CTCCGATAGAGGGTAA-1_1","Sham","B-Act1",-3.21630433409404,2.00354137686427
"CTCCGATGTGACTATC-1_1","Sham","B-Naive",-6.25323918669414,1.2318012532347
"CTCCGATGTGCTTATG-1_1","Sham","B-Naive",1.41210648209858,-1.60994527074162
"CTCCTCCCACGCACCA-1_1","Sham","B-Naive",2.80879327447224,-3.23892614575688
"CTCCTCCCAGCTTTCC-1_1","Sham","B-Naive",-3.02142504065227,-3.71988270016972
"CTCCTTTTCAGTGGGA-1_1","Sham","B-Mye",-0.608791889836308,6.42997005251583
"CTCGAGGAGTCTACCA-1_1","Sham","B-Naive",0.144082901785854,2.27816584376033
"CTCGAGGCATAACAGA-1_1","Sham","B-Naive",-0.780843051363941,-3.07149049969975
"CTCGAGGGTTCCGCTT-1_1","Sham","B-Act1",-4.26229861586284,1.10586403725084
"CTCTCAGTCCCAGGCA-1_1","Sham","B-Naive",-1.4343498071928,-4.31511661740605
"CTCTCGACAACTGTGT-1_1","Sham","B-Naive",-1.26291111319255,-4.66995641919438
"CTCTCGACAAGAGTTA-1_1","Sham","B-Naive",4.30549856812764,-0.573034140790144
"CTCTCGACACGTGTGC-1_1","Sham","B-Naive",1.03689965398121,-3.26333114835087
"CTCTCGACAGAGTTCT-1_1","Sham","B-Naive",1.21332248837757,2.01656421688732
"CTCTGGTAGCGCCCAT-1_1","Sham","B-Naive",-0.358655767728802,0.892606106077989
"CTCTGGTCATCCAATG-1_1","Sham","B-Mye",-0.631174238612171,7.94735744265254
"CTGAATGCACGGCTAC-1_1","Sham","B-Naive",-3.07020786612224,-3.44186660977666
"CTGAATGTCGTTGCCT-1_1","Sham","B-Naive",0.203018931458477,1.36594479945835
"CTGAGCGGTAGTAAGT-1_1","Sham","B-Naive",2.09873625428486,1.94313397673305
"CTGAGCGTCAATCGGT-1_1","Sham","B-Act1",-0.618977042128559,2.7650989559048
"CTGAGGCAGCCTCAGC-1_1","Sham","B-Naive",-0.618893893649098,-3.60850975247685
"CTGATCCAGACATGCG-1_1","Sham","B-Act1",-3.91588452665996,0.292383935725054
"CTGATCCAGAGTATAC-1_1","Sham","B-Act1",1.60536464841175,3.99531820086177
"CTGCAGGCACACCTTC-1_1","Sham","B-Naive",2.00503322274495,1.34233542946514
"CTGCAGGTCGTCAGAT-1_1","Sham","B-Act1",3.42356225640583,4.36596348551448
"CTGCATCGTCATTCCC-1_1","Sham","B-Naive",-2.53214624731731,-2.03486726018254
"CTGCATCTCCAACCGG-1_1","Sham","B-Naive",-1.16807857363414,-2.06724593373601
"CTGCGAGAGTAGTCAA-1_1","Sham","B-Naive",0.60292693764973,2.3711313274258
"CTGCTCAGTGCCTGAC-1_1","Sham","B-Naive",-3.08709076254558,-2.05270096989934
"CTGGTCTGTCGCATGC-1_1","Sham","B-Naive",-0.850660773207661,-0.997426960194746
"CTGGTCTTCCGCGGAT-1_1","Sham","B-Naive",-4.29162171690654,-0.472239944661299
"CTGTAGAAGTCTGGTT-1_1","Sham","B-Naive",4.08087631852436,-1.0093903276569
"CTGTAGATCGCTAGCG-1_1","Sham","B-Naive",-0.66493240206432,2.45746019152339
"CTGTCGTCAATACCCA-1_1","Sham","B-Naive",-0.778117092539784,-2.06587979527775
"CTGTCGTCATTGCCGG-1_1","Sham","B-Act1",-3.0857420286436,1.40526419547733
"CTGTCGTTCGGTCAGC-1_1","Sham","B-Act1",-3.92575434057903,0.753982034003099
"CTGTGAATCGTCTACC-1_1","Sham","B-Act1",-5.2806039175291,1.03157268413689
"CTGTGAATCTCATTGT-1_1","Sham","B-Naive",3.28764006287861,1.96949413088497
"CTGTGGGGTCCCACGA-1_1","Sham","B-Naive",0.734501926014904,0.308650460516771
"CTTACCGGTTGCTAGT-1_1","Sham","B-Naive",0.432419089386944,1.60571416882213
"CTTAGGACAGTGTATC-1_1","Sham","B-Mye",-0.803433509757038,6.88167550829585
"CTTAGGATCGGTCGGT-1_1","Sham","B-Naive",-0.975223692347523,-0.739075395787398
"CTTCAATCAAGGCCTC-1_1","Sham","B-Act1",-3.33841994612407,1.22783574131664
"CTTCAATCACGGTAGA-1_1","Sham","B-Naive",1.64776763112355,1.89806881216701
"CTTCCTTGTAATACCC-1_1","Sham","B-Naive",4.412177053998,-2.35168025227849
"CTTCGGTTCGTGGGTC-1_1","Sham","B-Naive",3.1506738343935,-0.482371899808089
"CTTCTAAAGTGGTTCT-1_1","Sham","B-Act1",-5.35937264769268,-0.554270717824141
"CTTCTAATCGCCCAGA-1_1","Sham","B-Act1",-5.81474212019634,1.33011221555408
"CTTCTCTCAACTTGCA-1_1","Sham","B-Naive",-0.117888281801012,-2.35733053418461
"CTTCTCTGTGCTCGTG-1_1","Sham","B-Act1",-5.0673528036375,2.26686635283168
"CTTCTCTTCGAGCCAC-1_1","Sham","B-Act1",-5.91465380995464,1.70391717222865
"CTTGAGATCAGCATTG-1_1","Sham","B-Naive",1.4373292604189,0.697983798062166
"CTTTCAAAGTCCGTCG-1_1","Sham","B-Naive",4.12216469437886,-1.88894388409917
"CTTTCGGCAACCTATG-1_1","Sham","B-ActMem",3.66235896737385,5.33113172320064
"CTTTCGGGTCAAACGG-1_1","Sham","B-Naive",-0.71208986847591,-0.750057313168684
"GAAACCTCAGCGTTGC-1_1","Sham","B-Act1",-3.82929876654338,0.148566272532304
"GAAACCTGTTAAAGTG-1_1","Sham","B-Naive",3.84406468064595,-0.82263180943791
"GAAACCTTCAAATGAG-1_1","Sham","B-ActMem",3.80668756158162,5.10600545672115
"GAAACCTTCGACGAGA-1_1","Sham","B-Plasma",11.932751146863,0.800641578113397
"GAAATGAAGAGGTTTA-1_1","Sham","B-Naive",0.513900307724956,2.40747323301967
"GAAATGAAGCCGTTAT-1_1","Sham","B-Naive",3.69719454438496,-1.92382690640751
"GAAATGAAGGCGAACT-1_1","Sham","B-Naive",-0.182741331150051,-0.380520794118086
"GAAATGAAGTTGAAAC-1_1","Sham","B-Naive",2.61211177499104,2.31823184755977
"GAAATGATCGCTGTCT-1_1","Sham","B-Act2",4.56114861161518,2.15210190085109
"GAACGTTTCGCACTCT-1_1","Sham","B-Naive",0.28663500935841,-3.8529236051685
"GAACTGTCATACTTTC-1_1","Sham","B-Naive",0.718807367394451,-2.61972472401921
"GAACTGTGTGATACTC-1_1","Sham","B-Naive",-1.77944544165325,-3.64261600705449
"GAACTGTGTTCCGCGA-1_1","Sham","B-Act1",-2.98113039343547,1.27571339574989
"GAAGCCCCAAGAGGCT-1_1","Sham","B-Naive",2.65107056290913,0.865379628216585
"GAAGCCCCACGCGCAT-1_1","Sham","B-Naive",4.35482689530659,-2.51278445454899
"GAAGGACCAAGTAGTA-1_1","Sham","B-Naive",-1.02189663260173,-0.403867575848738
"GAAGGGTGTAGCTCGC-1_1","Sham","B-Naive",-2.12634662001323,-0.323253128255049
"GAAGTAAAGCTTTCTT-1_1","Sham","B-Act1",-3.42813924162578,1.88329937723812
"GAAGTAAGTCGGCACT-1_1","Sham","B-Mye",-0.092852393378731,7.76542690066036
"GAATAGAAGCTCACTA-1_1","Sham","B-ActMem",3.08601495415974,5.32558181551631
"GAATAGACAAGCCCAC-1_1","Sham","B-Naive",-2.0294995626707,-1.96971223088566
"GAATAGACAATCTCGA-1_1","Sham","B-Act1",-3.25900748579692,1.77717128065761
"GAATAGAGTACACTCA-1_1","Sham","B-Naive",4.44568869263935,-2.71319029065434
"GAATAGAGTAGGCTGA-1_1","Sham","B-Naive",-2.66645720808696,-1.69338247510258
"GAATAGATCTAAACGC-1_1","Sham","B-Naive",-1.36654737799358,-1.91037223073308
"GAATCACCAAGCTACT-1_1","Sham","B-Naive",-1.12819567530346,-4.20099088879887
"GAATCACCATGTCTAG-1_1","Sham","B-Naive",3.64761063248921,-2.97892830106084
"GAATCACTCGTAGCCG-1_1","Sham","B-Naive",0.927576510022167,-0.282290670598189
"GAATCGTAGCGAACTG-1_1","Sham","B-Act1",-1.29582348673534,2.12218454149898
"GAATCGTTCGGCTCTT-1_1","Sham","B-Naive",-2.9700684866209,0.301445510660967
"GACACGCTCAGCCTTC-1_1","Sham","B-Act1",-5.31842997877788,1.03950519902047
"GACAGCCGTACTTGTG-1_1","Sham","B-Naive",0.519293753216747,-4.17925426694218
"GACAGCCTCGTGCAGC-1_1","Sham","B-Naive",0.514214960644726,0.260509875094255
"GACATCAAGTCAGCGA-1_1","Sham","B-Naive",-2.58213213293743,0.0564591553562486
"GACCAATCAAGCACAG-1_1","Sham","B-Naive",1.54355641991902,1.81989922789272
"GACCCAGAGGCACGAT-1_1","Sham","B-Naive",-1.02120778172207,-0.76913866730992
"GACCCAGGTACAAGCG-1_1","Sham","B-Naive",0.588092295239452,-0.70465085240666
"GACCCAGGTCTCGGAC-1_1","Sham","B-Naive",1.32161518723774,-0.321081850255171
"GACCCTTAGTACCCTA-1_1","Sham","B-Naive",3.11292692811299,-2.60001179906193
"GACCTTCCAGTTGTCA-1_1","Sham","B-Naive",1.88593479783345,-2.29711553784672
"GACCTTCTCAACCGAT-1_1","Sham","B-Naive",0.805625883648876,-0.849741313183943
"GACGCTGAGCATGATA-1_1","Sham","B-Act2",-1.64851263373088,0.674551871096452
"GACGCTGTCATACGAC-1_1","Sham","B-Naive",-1.1770962795515,-1.38119432660405
"GACGTTATCTTAGCTT-1_1","Sham","B-Naive",0.417927471707348,-3.50285074445073
"GACTATGAGGAACTCG-1_1","Sham","B-Naive",-0.122967855752673,-0.825457546437422
"GACTATGCACTACACA-1_1","Sham","B-Naive",4.21088120133686,-0.954616877759138
"GACTATGCACTAGTAC-1_1","Sham","B-Naive",1.55131014973927,-3.30684969159428
"GACTCAACACTTGTGA-1_1","Sham","B-Naive",2.48453017861653,-2.10538265439335
"GACTCAATCATACGAC-1_1","Sham","B-Mye",-0.818419547965046,7.31590011385616
"GACTGATAGGGCCCTT-1_1","Sham","B-Naive",-2.8934185823698,-0.736031505788008
"GACTGATAGGTACCTT-1_1","Sham","B-Naive",-0.197424637367245,-2.03627297612492
"GACTGATAGTTACGGG-1_1","Sham","B-Naive",0.981413213322643,1.10206290376719
"GACTTCCCACATTCTT-1_1","Sham","B-Act1",-3.40001514761638,-2.86580917569462
"GACTTCCCAGATCCAT-1_1","Sham","B-Act2",5.12922093064595,1.99067774084743
"GACTTCCTCACGTCCT-1_1","Sham","B-Naive",-0.902840467383381,-1.76510855885808
"GAGACCCGTACGGTTT-1_1","Sham","B-Naive",0.190151301930431,1.45265748766597
"GAGACTTCAAGTGTCT-1_1","Sham","B-Act1",-5.40665391295147,0.828582626258692
"GAGACTTCACAAGGTG-1_1","Sham","B-Naive",0.653361586640362,1.29042386678394
"GAGACTTGTCCCTAAA-1_1","Sham","B-Naive",-1.78238311617565,-2.21256777974431
"GAGAGGTTCCCAGCGA-1_1","Sham","B-Naive",0.00211020351457958,-3.30112049313847
"GAGAGGTTCCTAACAG-1_1","Sham","B-Mye",-0.69536909668636,6.60744502810176
"GAGATGGCAGAGTTCT-1_1","Sham","B-Mye",-0.381672414233204,6.30831268099483
"GAGATGGGTATCGCGC-1_1","Sham","B-Mye",-0.225491168190952,7.87912299898799
"GAGCCTGAGGGATCTG-1_1","Sham","B-Act1",3.76984354646016,2.25554611948665
"GAGCCTGCAACCGGAA-1_1","Sham","B-Naive",1.24293657929707,0.575728770768007
"GAGGCAACATTGTCGA-1_1","Sham","B-Naive",-2.42208770125103,-2.44192549916569
"GAGGCCTAGAATACAC-1_1","Sham","B-Naive",0.0211216339569128,-0.069603774274031
"GAGGCCTCAGCAGAAC-1_1","Sham","B-Naive",3.60292312295246,-0.907552811825911
"GAGGCCTCAGCAGTTT-1_1","Sham","B-Naive",-1.32559898703289,-2.37151071759526
"GAGGGTAAGTGAGGCT-1_1","Sham","B-Naive",0.542218832085613,1.1743839350098
"GAGGGTAAGTGAGTTA-1_1","Sham","B-Act1",-1.32581773607921,1.43746098545726
"GAGGGTAGTATGTCAC-1_1","Sham","B-Naive",5.08868071229267,-0.200455639088789
"GAGGGTAGTCCAGCCA-1_1","Sham","B-Naive",-0.588583888699528,-3.88065883847539
"GAGTCATCATACCAGT-1_1","Sham","B-Naive",1.18379649312306,0.437654223715624
"GAGTCATGTGCAGTGA-1_1","Sham","B-Naive",0.457861987660412,0.394545462405046
"GAGTCTAAGGTCCAGA-1_1","Sham","B-Naive",-2.71653369276714,-1.04687139722172
"GAGTGAGTCCTACGGG-1_1","Sham","B-Naive",-0.429991932799336,1.31335779694255
"GAGTGTTGTTAGTCGT-1_1","Sham","B-ActMem",2.92600032479573,1.12045095530685
"GAGTTACAGAGCCTGA-1_1","Sham","B-Naive",2.91379901559162,-1.24879905911748
"GAGTTACCAAGAGCTG-1_1","Sham","B-Naive",-1.77120867579174,0.911689546381792
"GAGTTACGTCGTGGTC-1_1","Sham","B-Mye",-0.276779698421475,6.65445544985469
"GAGTTACGTGTATACC-1_1","Sham","B-Naive",-0.663816841532704,0.875049721872171
"GAGTTACTCCGCGGAT-1_1","Sham","B-Act1",-4.9295730909605,0.712472197090944
"GAGTTACTCCGTGTAA-1_1","Sham","B-Naive",-0.622444423129078,-1.50142404767338
"GAGTTTGGTGTTTGCA-1_1","Sham","B-Naive",-0.124459180263098,1.53733884957965
"GATAGAAAGACAGCTG-1_1","Sham","B-Naive",-2.27995279638958,-1.79943320485417
"GATCACAAGATGGGCT-1_1","Sham","B-Naive",4.53631540925312,-2.12036845418278
"GATCAGTGTAGCGCCT-1_1","Sham","B-Act1",-3.56141761152935,0.299161758696397
"GATCAGTGTTTCCAAG-1_1","Sham","B-Act1",-1.63364568560314,2.05050149229701
"GATCGTACACTACCCT-1_1","Sham","B-Act1",-4.12155583708477,1.27253071633514
"GATCGTAGTACGTGAG-1_1","Sham","B-ActMem",3.58185645730305,5.67362001208003
"GATGACTAGGCAGGGA-1_1","Sham","B-Act1",1.24240609795857,-1.74547383519475
"GATGACTCAATTTCTC-1_1","Sham","B-Naive",3.1193988004427,1.77884170082744
"GATGACTGTATCTCGA-1_1","Sham","B-Act2",-4.96466735212993,0.400279429232439
"GATGACTTCTTTCAGT-1_1","Sham","B-Naive",-1.39685955851268,-4.16349432202641
"GATGAGGAGCGAGTCA-1_1","Sham","B-Naive",-1.19826224653911,-2.65365454884831
"GATGATCAGAGCAGTC-1_1","Sham","B-Naive",-3.57439354269695,-1.48355266782109
"GATGGAGCATAGGCGA-1_1","Sham","B-Naive",2.89174362809468,-1.59725711079899
"GATGTTGGTTAGAAGT-1_1","Sham","B-Act1",-1.46425608008098,0.67786696222957
"GATTCGAGTTAACAGA-1_1","Sham","B-Mye",-1.02986917107296,7.03620317248043
"GATTCGATCATCTATC-1_1","Sham","B-Naive",-2.29315856306743,-2.42991516324345
"GATTGGTAGCGACAGT-1_1","Sham","B-Naive",-2.78884819357586,-3.04360267850224
"GATTGGTCAATCTCGA-1_1","Sham","B-Act1",-5.51032498686504,1.18954416779216
"GATTGGTGTAGCTGAG-1_1","Sham","B-Naive",-0.0100396296281778,0.0674009588116014
"GATTGGTTCGCAAGAG-1_1","Sham","B-Naive",0.34998002440739,2.10929241446193
"GATTTCTCATGATGCT-1_1","Sham","B-Naive",-3.34604338019085,-1.01626703473393
"GCAACATAGACCCGCT-1_1","Sham","B-Naive",3.63084575326252,-0.0766206714755691
"GCAACATAGTGTAGAT-1_1","Sham","B-ActMem",3.70405766160298,3.6242218282574
"GCAACATCAATCAGCT-1_1","Sham","B-Naive",-0.311120854904171,-3.92894527646367
"GCAACATGTTCATCTT-1_1","Sham","B-Naive",0.196590630124096,-4.19954559537236
"GCAACCGAGTGGTTCT-1_1","Sham","B-Naive",0.784017471383098,-1.87923214169804
"GCACGGTGTTTGAACC-1_1","Sham","B-Naive",1.24713167340565,-2.39647147389714
"GCACGTGCAGAGGCAT-1_1","Sham","B-Naive",4.0100078263979,-2.53760740491215
"GCACGTGGTGCCTATA-1_1","Sham","B-Naive",-3.01534965841961,0.645168211733659
"GCACGTGGTGTGTGGA-1_1","Sham","B-Naive",2.48403832108784,1.44206061628993
"GCACTAATCCTGTAGA-1_1","Sham","B-Act1",-5.50086739866924,2.06943538454707
"GCACTAATCGACCCAG-1_1","Sham","B-Act1",-3.79892209379863,1.29430180457767
"GCAGCCAAGTCCGTCG-1_1","Sham","B-Naive",1.59271201283741,-2.10720011922185
"GCAGCCATCCGAGGCT-1_1","Sham","B-Act1",-4.7855940183897,1.81585827139552
"GCAGCCATCTCTGACC-1_1","Sham","B-Naive",-0.385256769349095,-2.25483295651738
"GCAGGCTAGTCGAGGT-1_1","Sham","B-ActMem",3.86368676812458,4.59787228373226
"GCAGGCTGTAGGTCAG-1_1","Sham","B-Naive",-0.230333963622566,-0.496401402676741
"GCAGGCTGTGTGAGCA-1_1","Sham","B-Naive",-2.79212311117839,1.13375994977888
"GCAGGCTTCGTGTGAT-1_1","Sham","B-Naive",-1.5259914716978,1.283224266445
"GCAGTTAGTGTTTACG-1_1","Sham","B-Naive",0.0175358632307089,0.394090917383989
"GCAGTTATCTAGCAAC-1_1","Sham","B-Act1",-3.85849002211284,1.05748921209361
"GCATCGGTCGGAATTC-1_1","Sham","B-Naive",-0.756647201468464,2.32041588095363
"GCATCTCTCTCAGTCC-1_1","Sham","B-Naive",-0.648132832934376,-1.89340469571416
"GCATTAGGTACGAAAT-1_1","Sham","B-Act1",-5.30141356795025,0.938400488769373
"GCATTAGGTCTAGGTT-1_1","Sham","B-Naive",-0.511543335606571,-1.42604396077458
"GCCAACGCAGAAATCA-1_1","Sham","B-Naive",2.4958111921053,0.884178575550874
"GCCAACGCATAATGCC-1_1","Sham","B-Naive",2.37554928452778,-0.80871841641728
"GCCAACGTCCACGGAC-1_1","Sham","B-Act1",-4.85890868513775,1.45375018981632
"GCCAGCAGTGCTATTG-1_1","Sham","B-Naive",-2.90336278288555,-4.08643457623784
"GCCAGGTAGGGATCAC-1_1","Sham","B-Naive",-2.35320428221416,0.294559266840776
"GCCAGGTCACATTCTT-1_1","Sham","B-Naive",-1.97390619127941,-4.48774502011601
"GCCAGTGGTTCTCGCT-1_1","Sham","B-Naive",4.55898186356831,-0.503108474934737
"GCCATGGAGATGAACT-1_1","Sham","B-Mye",-0.326572390486714,6.38417556551631
"GCCATGGCAGGAATAT-1_1","Sham","B-ActMem",3.02175804765034,4.75389125612911
"GCCATGGGTCTTAGTG-1_1","Sham","B-Mye",-0.550478609492298,6.46822049883541
"GCCATGGTCTGACAGT-1_1","Sham","B-Naive",-0.477748276879307,-4.44135639401738
"GCCATTCGTATGAGAT-1_1","Sham","B-Naive",1.05809148938465,-0.318554851735274
"GCCCAGACAAATAAGC-1_1","Sham","B-Naive",-1.39698413222026,0.372322705065569
"GCCCAGATCTGGTCAA-1_1","Sham","B-Naive",-2.86573222487163,-0.46158513757054
"GCCCGAAAGAGGGTGG-1_1","Sham","B-Naive",0.298776535103802,1.83194586304363
"GCCGATGCAGCTAACT-1_1","Sham","B-Act1",-3.753026278903,0.528775718485674
"GCCGTGACAACCGCCA-1_1","Sham","B-Act2",-1.3890707811613,-0.681031677449385
"GCCTGTTCAGCATCTA-1_1","Sham","B-Mye",-0.350617142607685,6.6205289628857
"GCCTGTTTCGATTTCT-1_1","Sham","B-Naive",-0.483443917920109,-4.27695104810063
"GCGAGAACAGCTGGTC-1_1","Sham","B-Naive",3.8434035459261,-1.48000642987553
"GCGATCGGTCTATGAC-1_1","Sham","B-Naive",0.666665700982097,-1.7710680696613
"GCGATCGTCGCCACTT-1_1","Sham","B-Naive",-0.00931938945245381,-1.24182865353886
"GCGGAAAGTCTACGTA-1_1","Sham","B-Naive",5.18127295167256,-1.41389653416936
"GCGGAAATCATTACTC-1_1","Sham","B-Act1",-1.35761383383464,2.72611215380367
"GCGGATCCATGACTCA-1_1","Sham","B-Act1",-3.37997797339153,2.29945078161891
"GCGTGCACAGCAGACA-1_1","Sham","B-Naive",-0.283776702572819,-1.06842515202824
"GCGTGCAGTACCTAAC-1_1","Sham","B-Naive",-3.27153375952434,-3.4896218511707
"GCGTTTCAGACCCGCT-1_1","Sham","B-Naive",0.274513153145794,-3.23089811536137
"GCGTTTCGTACTTGTG-1_1","Sham","B-Naive",-2.9873226007719,-0.605606529439131
"GCGTTTCGTTTCGTGA-1_1","Sham","B-Naive",0.9074288287859,-2.9691230985767
"GCTACAAAGAAGTCAT-1_1","Sham","B-Naive",1.19069561154652,1.89032014874156
"GCTACAACAGCGACCT-1_1","Sham","B-Naive",-0.571913095404621,-0.1069017383701
"GCTACAACAGGTGGAT-1_1","Sham","B-Naive",3.94317480714131,-2.62045047017399
"GCTACCTAGGTATAGT-1_1","Sham","B-Naive",-1.76440432875347,-2.99631092282597
"GCTACCTGTCCGATCG-1_1","Sham","B-Naive",-0.101961953778979,-1.221857759679
"GCTCAAATCACTTTGT-1_1","Sham","B-Act2",4.79823204667378,1.01811679122384
"GCTCAAATCCATTGGA-1_1","Sham","B-Naive",-1.57936838476848,-4.32904789182011
"GCTGAATGTCGCACGT-1_1","Sham","B-ActMem",3.39319631249714,3.73147728708919
"GCTGAATGTTCAATCG-1_1","Sham","B-Naive",-0.717831643511769,-2.52566764088933
"GCTGAATGTTTACACG-1_1","Sham","B-Naive",-0.126884231091704,-2.09904381963078
"GCTGAATTCGTAACTG-1_1","Sham","B-Act1",-4.04682830183696,-0.371159050191084
"GCTGCAGGTAGCTAAA-1_1","Sham","B-Naive",4.36034247071553,-1.85369226666752
"GCTGCAGGTCCACGCA-1_1","Sham","B-Naive",3.04670092255879,-3.04937717648808
"GCTGCAGTCAGAATAG-1_1","Sham","B-Act1",0.330331949303631,-0.601468655789534
"GCTGGGTCACCAGCCA-1_1","Sham","B-Mye",-0.441800268580433,6.56074455050167
"GCTGGGTGTTCGCGTG-1_1","Sham","B-Act2",4.91029163987446,1.81376763848003
"GCTTCACAGCAGTAAT-1_1","Sham","B-Act1",-4.79080346434307,1.07810023096736
"GCTTCACAGCGCTGAA-1_1","Sham","B-Naive",0.0218797901372946,-2.41148326131169
"GCTTCACGTAGCGCCT-1_1","Sham","B-Naive",0.0559221038322485,-3.9120490285999
"GCTTGGGTCAGACAAA-1_1","Sham","B-Naive",3.94745012910176,-0.902407858098189
"GCTTTCGGTATCATGC-1_1","Sham","B-Act1",-4.25087169020366,0.392661299979051
"GGAACCCCAAATGAGT-1_1","Sham","B-Act2",4.99329516084004,2.01011982229885
"GGAAGTGCAGGTAGTG-1_1","Sham","B-Naive",-0.554385068108555,1.69754036930736
"GGAAGTGGTGATTGGG-1_1","Sham","B-Naive",0.505285946438793,-0.970400306904951
"GGAAGTGTCCTTGGAA-1_1","Sham","B-Act1",-4.49939778654766,2.26596739557918
"GGAATCTCACCTGAAT-1_1","Sham","B-Act1",-0.880511434962269,1.33343958524402
"GGAATCTTCCATTGCC-1_1","Sham","B-Naive",-2.41856578200054,-2.8186857435352
"GGAATGGAGTCATCCA-1_1","Sham","B-Act2",4.80212303788472,1.45453658369716
"GGAATGGCAAAGGGCT-1_1","Sham","B-Naive",-0.161820126910921,0.461827245032152
"GGAATGGGTCCGGACT-1_1","Sham","B-Act1",-4.19431212752056,0.0795740154140794
"GGACGTCAGATGGCAC-1_1","Sham","B-Naive",-1.08774331419658,1.44992604521449
"GGAGAACGTAGGTAGC-1_1","Sham","B-Naive",4.26702877671528,-0.86369535657231
"GGAGAACGTGAATATG-1_1","Sham","B-Naive",-1.04458573668193,-0.584850165570418
"GGAGAACTCGGAGATG-1_1","Sham","B-Naive",-0.832165392329212,-2.58255431386296
"GGAGATGCATCCGAGC-1_1","Sham","B-Naive",-2.11280170290661,-0.699445221150557
"GGAGCAAAGACTTCAC-1_1","Sham","B-Naive",0.818595854352001,1.74854018953975
"GGAGCAACAACAGCTT-1_1","Sham","B-Act1",-5.96618655531597,1.55352952746089
"GGAGCAAGTTCTCTAT-1_1","Sham","B-Act2",4.02587076813984,2.06628682879146
"GGAGGATTCTCAATCT-1_1","Sham","B-Naive",1.3089568296175,-1.591317865575
"GGAGGTAAGAGAGGTA-1_1","Sham","B-Act2",4.58788534791279,0.943795498883089
"GGATGTTGTATCATGC-1_1","Sham","B-Naive",-2.22161987631511,-2.13278887006108
"GGCACGTAGCTTCTAG-1_1","Sham","B-Naive",-2.33237722723674,-3.56723615857426
"GGCACGTCAAGTGGAC-1_1","Sham","B-Act1",-5.60275939314556,0.784971621310075
"GGCAGTCGTGTTACTG-1_1","Sham","B-Naive",0.0258065143327749,0.664184417998155
"GGCTGTGAGTGCCTCG-1_1","Sham","B-Naive",0.823911873410229,-2.71893593999211
"GGCTGTGAGTTTAGGA-1_1","Sham","B-Act2",4.98295113236714,1.86963686016734
"GGCTGTGTCCTTGACC-1_1","Sham","B-Naive",3.76225372941304,3.76559140947994
"GGCTTGGGTGTCGATT-1_1","Sham","B-Naive",-0.514707448174473,-1.94433519574467
"GGCTTTCGTACCTTCC-1_1","Sham","B-Naive",-2.87361362784099,-3.75013897153203
"GGCTTTCGTGCCTTTC-1_1","Sham","B-Naive",-0.161885230084177,-0.734475347722212
"GGCTTTCGTGGCTTAT-1_1","Sham","B-Act1",0.45417788417149,0.293334450995287
"GGGAAGTAGACGCCCT-1_1","Sham","B-Act1",-4.18744805662822,1.08133321297701
"GGGAAGTAGCCTCTCT-1_1","Sham","B-Naive",1.10598513276387,2.54343440798457
"GGGAAGTAGTCAGCCC-1_1","Sham","B-Naive",-1.25408795683574,1.66865458754238
"GGGAAGTCAGGATGAC-1_1","Sham","B-Naive",-2.49557212202739,-1.74472496243779
"GGGAAGTGTATGCGGA-1_1","Sham","B-Naive",-0.709494145800587,-1.88721344205205
"GGGAAGTTCACACCCT-1_1","Sham","B-Naive",-3.1989457926054,-1.4563023779041
"GGGACAAGTCCGCAGT-1_1","Sham","B-Naive",-0.807646366049763,-3.43011018964116
"GGGACAATCCGAACGC-1_1","Sham","B-ActMem",4.32179972321797,4.79723789957698
"GGGACAATCTCGCTCA-1_1","Sham","B-Naive",-0.0103446042437517,-1.78864023419682
"GGGACTCCATTCTCCG-1_1","Sham","B-Naive",-0.775398465086933,-2.97793552609746
"GGGACTCTCAGTCCGG-1_1","Sham","B-Naive",-2.07950249521923,-1.15666792126958
"GGGAGATAGATCGCCC-1_1","Sham","B-Naive",0.599892763207439,0.362975504671892
"GGGAGATCACCGTCTT-1_1","Sham","B-Naive",0.259633449624065,-0.96545145245854
"GGGAGATTCGTGGGAA-1_1","Sham","B-Act1",-3.58419111578655,-0.167205068791548
"GGGAGATTCTACGGTA-1_1","Sham","B-Naive",-2.04295316546154,-1.38283250066105
"GGGATCCTCCGGTAGC-1_1","Sham","B-Naive",-3.056164534976,-1.98534128400151
"GGGATGACATGTCAGT-1_1","Sham","B-Mye",-0.755144270350453,7.05777623919185
"GGGATGAGTTAGGCCC-1_1","Sham","B-Naive",-2.72034767477703,-3.2651493284351
"GGGATGATCTACGCAA-1_1","Sham","B-Act1",-5.30960944502544,1.55456116465267
"GGGCCATTCCACCTGT-1_1","Sham","B-Naive",2.38225456864643,0.188430276190599
"GGGCCATTCGAGTCTA-1_1","Sham","B-Naive",-2.88200476973247,-1.77536937924687
"GGGCTACAGGAACATT-1_1","Sham","B-Naive",-2.33449891417217,-2.03089973660771
"GGGCTACAGGACAGTC-1_1","Sham","B-Naive",-1.36477020590496,1.05380588439639
"GGGCTCAAGAAGATCT-1_1","Sham","B-Naive",-0.293539868881222,-2.04300710889165
"GGGTAGATCCGAAGGA-1_1","Sham","B-Naive",1.69401261002827,-1.02009889813725
"GGGTAGATCTTCGTAT-1_1","Sham","B-Act1",-4.66206410734844,1.67590114144023
"GGGTATTGTCTTCTAT-1_1","Sham","B-Naive",-0.333994494964596,-4.41695997449223
"GGGTCTGCACAACCGC-1_1","Sham","B-Naive",2.29611775071431,0.23002156284984
"GGGTCTGCAGTTTCAG-1_1","Sham","B-Naive",2.04768368394184,0.774816688572725
"GGGTCTGGTACTGCGC-1_1","Sham","B-ActMem",3.62677904755879,4.23128726748165
"GGGTCTGGTGTTCGAT-1_1","Sham","B-Naive",0.504241792271618,-2.476665231908
"GGGTGAAAGAATTGTG-1_1","Sham","B-Naive",2.87019631058979,2.69862118033107
"GGGTTATGTCCACAGC-1_1","Sham","B-Act1",-3.2288735231657,0.0556170609348619
"GGGTTATGTTGCCGAC-1_1","Sham","B-Naive",-2.8561141809721,-1.50165412160222
"GGGTTTACAAGCAATA-1_1","Sham","B-Naive",1.52956494481373,-1.43473598691289
"GGTAACTCAGAGAGGG-1_1","Sham","B-Naive",-1.16973939745617,-0.26784083577458
"GGTAACTGTAACCCGC-1_1","Sham","B-Naive",4.00044056565571,-2.54730078908269
"GGTAACTTCGAACGGA-1_1","Sham","B-Naive",-2.2658608278532,-0.0392251941806472
"GGTAATCAGACCCGCT-1_1","Sham","B-Naive",2.21529528291035,2.2569031980389
"GGTAATCTCTTACTGT-1_1","Sham","B-Naive",-1.28517392485332,-3.20702812405888
"GGTAGAGCACAAAGTA-1_1","Sham","B-Naive",-1.94696691839885,-1.25279638501469
"GGTCACGTCACCCATC-1_1","Sham","B-Naive",-2.9420996031065,-2.27155778142277
"GGTCTGGCAGAGACTG-1_1","Sham","B-Naive",2.37863585145283,0.866685625588258
"GGTCTGGGTGTTCGTA-1_1","Sham","B-Naive",0.393010524819378,0.0631148484104478
"GGTCTGGGTTCCGCGA-1_1","Sham","B-Act2",4.99178501756001,1.69743218687709
"GGTCTGGTCTTCACAT-1_1","Sham","B-Naive",-2.99490860312175,-2.41514608594243
"GGTGAAGAGCATGATA-1_1","Sham","B-Naive",-2.49851778357219,-0.26904556485478
"GGTGAAGAGGCTTAGG-1_1","Sham","B-Naive",-0.833704980303761,0.82223307756122
"GGTGGCTAGGATGGCT-1_1","Sham","B-Act2",4.96058842332173,1.98183378246959
"GGTGTCGGTACGTTCA-1_1","Sham","B-Act1",-2.14782980292034,1.96786537436183
"GGTGTCGGTATACGGG-1_1","Sham","B-Act1",-1.15772953837108,2.32274177340206
"GGTGTTACAATATCCG-1_1","Sham","B-Naive",-2.70144799559307,-0.648226711476485
"GGTGTTAGTAGGTGCA-1_1","Sham","B-Naive",-0.224898928989884,-2.77984425755803
"GGTTAACCAAGACGAC-1_1","Sham","B-Naive",-1.91629472582531,-3.72236034604375
"GGTTAACGTAAGATCA-1_1","Sham","B-Naive",-0.109581228559133,1.69714221028026
"GGTTGTAAGGATGAGA-1_1","Sham","B-Act1",0.0906864383916891,2.28523245123561
"GGTTGTAAGTCCGTCG-1_1","Sham","B-Naive",0.0220506915550268,-1.68495151730839
"GGTTGTATCACATCAG-1_1","Sham","B-Naive",-0.828656347681996,-0.338782164776961
"GGTTGTATCGCACGAC-1_1","Sham","B-Naive",0.0238674262266195,-3.34746048184697
"GTAACACAGCCGTTAT-1_1","Sham","B-Naive",-1.73241904585552,1.2863423791283
"GTAAGTCAGTGCAAAT-1_1","Sham","B-Naive",1.91132423074055,1.64510962036785
"GTAAGTCCAGGCCTGT-1_1","Sham","B-Act1",-2.92884400694561,0.600077834402879
"GTAATCGCAGTTGGTT-1_1","Sham","B-Naive",2.50607964188862,0.0359897878521287
"GTAATGCCATTCAGCA-1_1","Sham","B-Naive",0.885209886143688,-1.01443359586064
"GTAATGCCATTGGATC-1_1","Sham","B-Naive",-3.00335815756511,-1.6112301084644
"GTAATGCTCTGGTGGC-1_1","Sham","B-Naive",2.04967376382161,-0.437619182789961
"GTACAACGTGAAGCTG-1_1","Sham","B-Naive",-0.0400248637695276,1.9204392102116
"GTACAACTCATCAGTG-1_1","Sham","B-Naive",1.39932593495655,1.3204943802708
"GTACAGTCATAGAATG-1_1","Sham","B-Naive",-2.09971121161174,-3.21868345471684
"GTAGAAACAGGTTCCG-1_1","Sham","B-Act1",-1.31495669691753,-0.617914888585249
"GTAGCTATCTATCGGA-1_1","Sham","B-Act1",-0.849609108855244,2.68301930693324
"GTAGCTATCTCGTTTA-1_1","Sham","B-Naive",-0.431662800004002,-3.49333259793584
"GTAGGAGTCATTACGG-1_1","Sham","B-Act1",-5.506111176898,1.18544627395805
"GTAGGTTAGACGGAAA-1_1","Sham","B-Naive",-1.48607614844036,1.10546755460437
"GTAGGTTGTCTGTTAG-1_1","Sham","B-Naive",-0.643199356486317,-1.92037007542912
"GTAGTACAGGGTCACA-1_1","Sham","B-Act1",-2.58396724074077,0.496597256934007
"GTAGTACCATAATGAG-1_1","Sham","B-Act1",-3.87078693716716,-1.43584177228276
"GTAGTACTCATTACTC-1_1","Sham","B-Naive",0.0634850838880575,1.77842840222057
"GTATTGGCATATGCGT-1_1","Sham","B-Naive",-0.387986364056584,0.810977381145319
"GTATTGGGTACCGTGC-1_1","Sham","B-Naive",-2.43587663977337,-4.54298231335942
"GTATTTCTCTACGCGG-1_1","Sham","B-Naive",-1.80820372908306,-3.90812084409062
"GTCAAACCAGTCACGC-1_1","Sham","B-Naive",-1.50907102434826,-3.99867889615361
"GTCAAACGTCTCGGGT-1_1","Sham","B-Naive",1.78722533376027,2.38175323275264
"GTCAAACGTTGCGAAG-1_1","Sham","B-ActMem",3.0789615789156,3.69325473574336
"GTCAAACTCCACGGGT-1_1","Sham","B-Naive",1.94371720940876,-0.652280423367659
"GTCAAGTAGTAGCAAT-1_1","Sham","B-Naive",-1.34412315695476,0.0681960847729051
"GTCAAGTGTTCCTAAG-1_1","Sham","B-Naive",1.28989931733418,0.291948941027483
"GTCATCCAGAAGGTAG-1_1","Sham","B-Naive",1.48106810242939,1.90640559462245
"GTCATTTCACGGCACT-1_1","Sham","B-Naive",-3.2774837335844,-2.34651586743657
"GTCCACTGTCGGAAAC-1_1","Sham","B-Naive",2.09607431084919,1.57214536932643
"GTCCCATTCCTACACC-1_1","Sham","B-Naive",-2.13870147078228,-1.8656975957996
"GTCCTCAAGTGTTGTC-1_1","Sham","B-Naive",1.39691325814534,-0.519692632878462
"GTCGAATTCTCCAAGA-1_1","Sham","B-Naive",-1.25341156332683,-0.550693127835432
"GTCGCGAAGTCATGGG-1_1","Sham","B-Act1",-4.96820977537822,1.46223780182536
"GTCGCGAGTCGGCTAC-1_1","Sham","B-Act1",-3.66040376036358,2.02734133270915
"GTCGCGATCTCGCAGG-1_1","Sham","B-Naive",-0.104639731561061,2.18896236685451
"GTCGTAAAGGCCTGAA-1_1","Sham","B-Naive",3.18780538232136,0.93340842840608
"GTCGTAAGTACGTACT-1_1","Sham","B-Naive",-2.02395609228801,-0.029846522534529
"GTCTACCGTTCCTAAG-1_1","Sham","B-Naive",4.74662253052998,-2.1678490373737
"GTCTAGACACCAACAT-1_1","Sham","B-Naive",-1.79784932940197,-2.19402143689458
"GTCTAGACAGCGTGCT-1_1","Sham","B-Naive",-0.750080855776783,0.150050130163988
"GTCTAGAGTAGTCCTA-1_1","Sham","B-Naive",-2.11332181303692,0.398220684801897
"GTCTCACAGGGATCAC-1_1","Sham","B-Naive",-2.47110846846294,-0.584470960820357
"GTCTCACGTAGCGTTT-1_1","Sham","B-Naive",-1.68736627905559,-3.32287571164433
"GTCTCACGTATCGTTG-1_1","Sham","B-Naive",-2.0670345148344,-2.53879019948308
"GTCTGTCAGGTGCAGT-1_1","Sham","B-Naive",5.00221964509297,-1.54792449208562
"GTCTGTCCAACACGAG-1_1","Sham","B-Act1",-4.0480509123106,2.07240464953121
"GTCTGTCCACAATGCT-1_1","Sham","B-Naive",0.836709944317821,1.52274566558536
"GTCTTTACAGCCGTTG-1_1","Sham","B-Naive",-0.0424753001232111,0.736043539320787
"GTCTTTATCGGAGCAA-1_1","Sham","B-Naive",4.36473652512837,-2.40022394391362
"GTGAGGAAGACGATAT-1_1","Sham","B-Naive",0.0514636764030493,0.19606741932567
"GTGAGGAGTAGGCTGA-1_1","Sham","B-Naive",1.34960529000569,0.863740157758554
"GTGAGGAGTATCTCTT-1_1","Sham","B-Naive",4.67945381791401,-2.10690185757939
"GTGAGGAGTGTGTCGC-1_1","Sham","B-Mye",-0.137279328172322,6.40829780367549
"GTGAGGATCACTCCGT-1_1","Sham","B-Naive",-0.567577095915791,-1.65367767545048
"GTGAGTTTCTCAGAAC-1_1","Sham","B-Mye",-0.377311559607502,7.05607250002559
"GTGATGTCATGGCTGC-1_1","Sham","B-Naive",0.305092660496715,0.0465092923992478
"GTGATGTGTAGAATAC-1_1","Sham","B-Naive",-0.153592111756321,-1.10434982510869
"GTGATGTGTATGCTTG-1_1","Sham","B-Naive",-1.42018059103679,-3.352313253606
"GTGATGTTCCAAATGC-1_1","Sham","B-Act1",-4.17122510283184,-0.29900321694676
"GTGATGTTCCTTCACG-1_1","Sham","B-Act1",-5.15056851713848,1.99084570673641
"GTGCACGGTGTCATTG-1_1","Sham","B-Mye",-0.665356429507252,6.66471030977901
"GTGCGTGCAAGCAATA-1_1","Sham","B-Naive",-1.03400621025753,0.0597247746342027
"GTGCGTGCATACCGTA-1_1","Sham","B-Act1",-2.54278138487529,2.00152453449901
"GTGCGTGGTAATTGGA-1_1","Sham","B-Naive",4.84965511948872,-0.869252416814009
"GTGCTGGTCTGTGCGG-1_1","Sham","B-Act1",-3.72495201437664,-2.1541030141956
"GTGCTTCCAGTTGAAA-1_1","Sham","B-Mye",-0.535012485672947,6.57337119845088
"GTGGAAGAGATGTAGT-1_1","Sham","B-Act1",-3.2879772505064,2.32286491659816
"GTGGAGACACGCGCAT-1_1","Sham","B-Act2",5.07431408555317,1.93355020550426
"GTGGAGACATACATCG-1_1","Sham","B-Naive",-2.36043074934673,0.366018798624834
"GTGGGAAGTAGCGCTC-1_1","Sham","B-Naive",-1.56149676649761,-1.17409679623906
"GTGTGATAGAAACTGT-1_1","Sham","B-Act1",-0.702354880263325,2.80631163386043
"GTGTGATGTTCGATTG-1_1","Sham","B-Naive",1.63064917714405,-1.5831482145435
"GTGTGGCAGAAATCCA-1_1","Sham","B-Naive",-2.99786952345562,-1.0954408380634
"GTGTTAGGTAGGTGCA-1_1","Sham","B-Naive",-1.95480707495403,0.91438729730781
"GTGTTAGTCTAGCCAA-1_1","Sham","B-Naive",-0.525402011563297,-1.65741345616643
"GTGTTCCCAGGAATCG-1_1","Sham","B-Naive",1.99201509148884,2.66271689203914
"GTGTTCCTCTCCCTAG-1_1","Sham","B-Naive",1.74569639355946,2.36159589556392
"GTTACGACAACTTCTT-1_1","Sham","B-Naive",1.23188122899342,-1.23712870808903
"GTTAGACTCCATAAGC-1_1","Sham","B-Naive",-1.9682066759367,-0.337728354657332
"GTTAGTGGTTTCGCTC-1_1","Sham","B-Naive",-0.85696086495113,-1.0242738458759
"GTTATGGCAAAGCTCT-1_1","Sham","B-Naive",0.0739025154809988,0.535279002463182
"GTTATGGTCGCCAACG-1_1","Sham","B-Naive",3.52750822694111,0.255374696528276
"GTTCATTAGAGGCCAT-1_1","Sham","B-Naive",1.71789642960835,-2.97368070813481
"GTTCATTTCCCTTCCC-1_1","Sham","B-Act1",-3.94964102118206,0.230865922247728
"GTTCGCTGTGAATATG-1_1","Sham","B-Naive",3.33239146859455,-3.24039289685551
"GTTGAACAGTGCACCC-1_1","Sham","B-Naive",1.73671731145192,2.06346991327937
"GTTGCTCAGCCTCTGG-1_1","Sham","B-Act1",-3.99933365194988,0.500799503599962
"GTTGCTCTCGCCGAAC-1_1","Sham","B-Naive",1.64632472188282,-2.24314615460698
"GTTGTAGTCGGAAACG-1_1","Sham","B-Naive",4.38264700562764,-1.83350822659794
"GTTGTAGTCTGGTGGC-1_1","Sham","B-Naive",-3.2774243673582,0.224630918776354
"GTTGTCCCAGCTAACT-1_1","Sham","B-ActMem",3.90995546967793,5.5054428842419
"GTTGTCCCATGGGTCC-1_1","Sham","B-Naive",-2.15569690077495,-0.114822003567854
"GTTGTGACAATCACGT-1_1","Sham","B-Naive",1.26468547971058,2.17217829493221
"GTTGTGAGTATAGGAT-1_1","Sham","B-Act1",-2.01999452917766,1.40354951885875
"GTTTACTCATGCCGCA-1_1","Sham","B-Naive",-0.0890780465949738,-4.51252863141362
"TAACGACTCAGCTTCC-1_1","Sham","B-Act1",0.25710972935963,1.46370643047031
"TAACTTCAGATAGTCA-1_1","Sham","B-Naive",2.72820707948017,0.680230793034395
"TAACTTCGTGGAACAC-1_1","Sham","B-Naive",-1.19479337542247,0.776927497660478
"TAAGCCATCTCTGCCA-1_1","Sham","B-Naive",-3.16399100630474,-2.05300876828496
"TAAGCGTCAGTCAGTT-1_1","Sham","B-Naive",-1.58933320849132,-0.555944416249434
"TAAGCGTGTCATGCAT-1_1","Sham","B-Naive",-0.284495206763264,0.868255105292162
"TAAGCGTGTTTCGGCG-1_1","Sham","B-Act1",-1.46061113684368,2.37650420931514
"TAAGTCGAGTGGACGT-1_1","Sham","B-Naive",-1.49371877520275,-3.60191366406743
"TAATCTCAGCAAGTCG-1_1","Sham","B-Naive",-3.43347695677471,0.397796061312517
"TAATCTCTCGAACCAT-1_1","Sham","B-Act2",5.19363543183613,1.53367066053089
"TACAACGAGCTCGCAC-1_1","Sham","B-ActMem",4.8307447114687,-0.883679244244734
"TACAACGAGGATCATA-1_1","Sham","B-Naive",-3.31096008627605,-2.24582526418034
"TACAACGGTGTCTAAC-1_1","Sham","B-Naive",0.197716591666225,-1.6409296724445
"TACAACGGTGTTACTG-1_1","Sham","B-ActMem",3.36569592149067,3.7239270475262
"TACACCCCAAGTGGCA-1_1","Sham","B-Naive",2.18545552880574,0.832100745713075
"TACACCCGTCACTCTC-1_1","Sham","B-Naive",-2.26785424559307,-3.1174065801746
"TACATTCCAGGTAGTG-1_1","Sham","B-Naive",0.715575245926861,-0.306753608906905
"TACATTCTCCCTGGTT-1_1","Sham","B-Naive",-1.89005616514873,-2.72379753323857
"TACCCACAGCAGAAAG-1_1","Sham","B-Naive",-0.412684561898228,-3.58679983350102
"TACCCACGTAGGAGGG-1_1","Sham","B-Act1",-3.51544407217693,0.531831708227953
"TACCCACTCTGCGGCA-1_1","Sham","B-Naive",-3.2124362310667,-2.5807170602924
"TACCCACTCTTGGAAC-1_1","Sham","B-Naive",-1.51573732702922,-0.669888350690047
"TACCCGTTCGAGTACT-1_1","Sham","B-Act1",0.45711132676411,2.1251653697842
"TACCGAATCACCGGTG-1_1","Sham","B-Naive",4.57357975632954,-2.0776664945728
"TACCGGGAGGTACAGC-1_1","Sham","B-Act1",-3.47502568571758,1.93837996987041
"TACCGGGAGGTCCTGC-1_1","Sham","B-Naive",-0.346532168080326,-2.48191354008977
"TACCGGGGTAGCGCCT-1_1","Sham","B-Naive",-2.22637036650371,-4.73425123425786
"TACCTCGAGGATTACA-1_1","Sham","B-Naive",0.0516630390386618,-2.8476118776447
"TACCTCGAGGTGGTTG-1_1","Sham","B-Naive",0.556592253754619,0.641271766697725
"TACCTCGCAAAGGCAC-1_1","Sham","B-Naive",0.94786593110371,-3.15217563840214
"TACCTCGGTCACCACG-1_1","Sham","B-Naive",-0.599036606242176,-4.7564127180225
"TACCTGCAGCTACTAC-1_1","Sham","B-Naive",1.646601049016,-2.03972742291752
"TACCTGCAGTGATTCC-1_1","Sham","B-Naive",0.529128161976818,2.15024891165431
"TACGCTCAGACCTCCG-1_1","Sham","B-Naive",-2.12968686430645,-1.82722851964299
"TACGCTCAGCTTTCTT-1_1","Sham","B-Mye",-0.282661797692295,6.69719627169307
"TACGCTCCAATCGCGC-1_1","Sham","B-Mye",-0.399574818303105,8.10344436434444
"TACGCTCGTATAATGG-1_1","Sham","B-Naive",-1.8218351921339,1.78199889925655
"TACGGGCCATCGATAC-1_1","Sham","B-Naive",2.52645489365864,-1.08365652295415
"TACGGGCGTAACCAGG-1_1","Sham","B-Naive",0.775633422444347,0.773071106945833
"TACGGTAGTCCAAATC-1_1","Sham","B-ActMem",3.62642332703877,3.89390614298519
"TACGGTATCTTAATCC-1_1","Sham","B-Naive",1.52016576916981,-0.80726966592137
"TACGGTATCTTCACGC-1_1","Sham","B-Act2",3.96737858445454,2.38379218844112
"TACGTCCCATCGAGCC-1_1","Sham","B-Naive",0.105006439397816,-4.15342495175664
"TACTGCCAGATCCAAA-1_1","Sham","B-Act1",-2.12320712416362,2.16719165114101
"TACTGCCAGGATGGCT-1_1","Sham","B-Act1",-2.23155692427349,0.769464608704408
"TACTTACTCTTGCGCT-1_1","Sham","B-Naive",-0.927907737185475,-3.49195406171147
"TACTTCACAGTCGGTC-1_1","Sham","B-Naive",4.87403866441059,-1.84767648907963
"TACTTCAGTACGAAAT-1_1","Sham","B-Act1",-1.66557792036724,1.14608069924053
"TACTTGTAGCTTAAGA-1_1","Sham","B-Naive",0.0720696428518331,-1.43073365422551
"TAGACCAAGGATAATC-1_1","Sham","B-Naive",-3.54864672033977,-0.700684520924727
"TAGACCAAGTAAGACT-1_1","Sham","B-Naive",2.08674904496479,-2.19329616757695
"TAGACCACAAGAATAC-1_1","Sham","B-Naive",-1.51675716250133,-0.620001051152388
"TAGACCACATACCAGT-1_1","Sham","B-Act2",-1.88771525232982,-1.39714357587163
"TAGACCAGTGTCCGGT-1_1","Sham","B-Act1",-2.93902757971477,0.632662859236559
"TAGACTGTCCATCTCG-1_1","Sham","B-Naive",-0.637893947054859,0.24836119679149
"TAGATCGAGGTATAGT-1_1","Sham","B-Naive",1.90785071046162,0.928925510918459
"TAGATCGTCTGCCTGT-1_1","Sham","B-Act1",-3.61744049399089,0.761821177279314
"TAGCACAGTGGCGTAA-1_1","Sham","B-Act1",-3.55086210577678,-0.29448148938481
"TAGGAGGTCGAGTCCG-1_1","Sham","B-Naive",4.24491736085225,-0.604914638722578
"TAGGGTTTCGATACTG-1_1","Sham","B-Naive",-2.20328882544231,-3.29518768521611
"TAGGTACGTACTCCGG-1_1","Sham","B-Naive",0.378655073950771,-3.28686353894536
"TAGGTACGTCACTTAG-1_1","Sham","B-Naive",-3.75789454786968,-2.98182317944829
"TAGGTTGCATACTGTG-1_1","Sham","B-Naive",0.407903639386181,-3.2133710119373
"TAGGTTGCATTCACCC-1_1","Sham","B-Act1",-3.20135238974285,-1.93363020154301
"TAGGTTGTCTGCACCT-1_1","Sham","B-Naive",-2.94754746763897,-2.28600713940922
"TAGTGCACACGTAGAG-1_1","Sham","B-Act1",-1.80772844164562,0.492050376211961
"TAGTGCAGTTGGCCGT-1_1","Sham","B-Act1",-2.16202333777141,2.20823695925411
"TATATCCGTCCAACGC-1_1","Sham","B-Naive",-0.161292998333689,-0.519417497838179
"TATATCCTCCGTGTCT-1_1","Sham","B-Naive",0.0856639722089804,-2.62416002484624
"TATCAGGCATTCACCC-1_1","Sham","B-Naive",-1.32037738173198,-4.10601255627934
"TATCCTACAGTCAACT-1_1","Sham","B-Naive",2.8661598840456,1.02081755404707
"TATCGCCTCCCATTCG-1_1","Sham","B-Naive",-1.34267679064464,-2.01189825269047
"TATCTGTAGAACTGAT-1_1","Sham","B-Naive",1.07863613755513,1.85587712792095
"TATCTGTGTAGGACTG-1_1","Sham","B-Naive",1.68692084939289,-1.10064551564519
"TATCTTGTCCGCTGTT-1_1","Sham","B-Naive",-0.464422287632939,-3.97802564832036
"TATCTTGTCGCTACGG-1_1","Sham","B-Naive",-0.0239137506384813,-3.5361077520496
"TATGTTCAGCGACTGA-1_1","Sham","B-Naive",4.85296913773823,-1.65728924008671
"TATGTTCAGGCCCACT-1_1","Sham","B-Naive",-0.0579357316989862,-2.16756674977605
"TATGTTCCATGTAACC-1_1","Sham","B-Naive",-1.96822980253887,0.484624471937975
"TATGTTCGTCATAGTC-1_1","Sham","B-Act1",-3.91964033453655,0.982324850236734
"TATTCCATCGTGGCTG-1_1","Sham","B-Naive",0.272956726859096,-0.552961084569136
"TATTGGGAGATGAATC-1_1","Sham","B-Act2",4.01296469361592,1.55060210493739
"TATTGGGCATATGCGT-1_1","Sham","B-Naive",0.428882686207775,-0.375745150769392
"TATTGGGTCCTGCTAC-1_1","Sham","B-Naive",3.87784287125874,-2.72025463315312
"TATTTCGAGTATCTGC-1_1","Sham","B-Naive",0.389417616436962,1.20290301409896
"TATTTCGCATTAAAGG-1_1","Sham","B-Naive",4.62053295762349,-1.84850213261906
"TATTTCGTCACCTGGG-1_1","Sham","B-Plasma",12.3100361505251,0.414845612322649
"TCAAGACGTTCCTAGA-1_1","Sham","B-Naive",4.11728331239033,-0.601183864796797
"TCAAGCACATAACGGG-1_1","Sham","B-Naive",0.0760118493537939,0.592589226042589
"TCAAGCATCCGTAGGC-1_1","Sham","B-Act1",-2.90697029440593,1.12126241294082
"TCAAGCATCGTAGCTA-1_1","Sham","B-Naive",0.549174515316967,1.79636796978649
"TCAAGTGGTGGAATGC-1_1","Sham","B-Naive",-0.731963189532276,-1.9770281049854
"TCAATCTCACATGGTT-1_1","Sham","B-Naive",0.903696862767223,-3.13631937238042
"TCAATCTGTAACAAGT-1_1","Sham","B-Act1",-3.88889935820293,-0.319737407887617
"TCAATTCGTAGAATAC-1_1","Sham","B-Naive",-3.17428139059734,-1.37688514920537
"TCAATTCGTGTCTTAG-1_1","Sham","B-Naive",2.77095719964314,2.54097249773677
"TCACAAGTCACTGAAC-1_1","Sham","B-Naive",0.495019702027324,-4.07376119824711
"TCACACCTCTATGCCC-1_1","Sham","B-Naive",1.81787070424366,-1.88173935147587
"TCACATTAGGTAGATT-1_1","Sham","B-Naive",-2.07679286806774,-3.90171310635869
"TCACATTCACTTTATC-1_1","Sham","B-Naive",-1.79943397848796,-2.44528076382939
"TCACGCTCACGACGTC-1_1","Sham","B-Naive",-3.01790264456463,-2.28621670934025
"TCACGCTCAGACCAGA-1_1","Sham","B-Naive",-2.05180588572216,-3.98620102139775
"TCACGCTCAGCAGACA-1_1","Sham","B-Naive",-1.79036882727337,-4.55180380078618
"TCACGCTTCGTGACTA-1_1","Sham","B-Naive",2.5641066709261,2.25423124102291
"TCACGCTTCTAGATCG-1_1","Sham","B-ActMem",4.55883356721211,4.62705161837276
"TCACTCGAGTCGGCAA-1_1","Sham","B-Act1",-3.39836958258342,0.495712902819475
"TCACTCGCACTCATAG-1_1","Sham","B-Naive",2.62968322427082,-2.0847191545612
"TCACTCGGTGGCACTC-1_1","Sham","B-Naive",4.9361085572939,-1.83540866109196
"TCAGCCTAGAAGATCT-1_1","Sham","B-Naive",3.09437200219441,-1.49165103169743
"TCAGCCTGTTACGATC-1_1","Sham","B-Act1",-0.933389874388691,2.27607372072872
"TCAGGGCAGGGCTTCC-1_1","Sham","B-Act1",-0.443505795886036,1.84167739418681
"TCAGGGCTCAAATGAG-1_1","Sham","B-Naive",3.79955479295063,-2.54428980084721
"TCAGGTATCAGAGCAG-1_1","Sham","B-Naive",1.92385956437397,2.42962148455318
"TCAGTCCCACAGAGAC-1_1","Sham","B-Naive",4.68783184678364,-1.4952313634998
"TCAGTGATCGACCTAA-1_1","Sham","B-Naive",-0.690184684683796,1.67909553316768
"TCAGTTTAGAAGTATC-1_1","Sham","B-Plasma",11.8140577951174,0.919947389935812
"TCAGTTTAGGAGACCT-1_1","Sham","B-Naive",3.30796405465412,2.13667669562038
"TCAGTTTGTGATTGGG-1_1","Sham","B-Naive",-2.52627209036541,-1.17148205968205
"TCATATCCAAGACAAT-1_1","Sham","B-Naive",-1.59021905272197,-1.20952841969792
"TCATATCTCTCTGAGA-1_1","Sham","B-Naive",1.93070933015156,-2.02431771489445
"TCATCATCAGCGTACC-1_1","Sham","B-Act1",-3.43422463743877,0.148641553198656
"TCATCATCATTGTAGC-1_1","Sham","B-Naive",-1.50024679510784,-4.21571991177861
"TCATCCGAGTTCTACG-1_1","Sham","B-Act2",5.17118546159077,1.82894012001689
"TCATCCGTCGGAGTAG-1_1","Sham","B-Mye",-0.614187689711567,7.93781879213985
"TCATGAGGTCCACTCT-1_1","Sham","B-Naive",-0.0385505503315889,-3.23125574323002
"TCATGAGGTGCTGCAC-1_1","Sham","B-Act1",-3.84478691427898,1.35252222088512
"TCATGCCGTGGCCACT-1_1","Sham","B-Naive",-1.70567646830272,1.12273709145721
"TCATGTTCACAGCTGC-1_1","Sham","B-Naive",0.0562836358051336,-0.148510906422774
"TCATTCAGTACCCACG-1_1","Sham","B-Naive",4.42539116532612,-2.05301305981938
"TCATTTGAGACCACGA-1_1","Sham","B-Naive",-0.840973051478382,1.70775440005
"TCCACCAAGAAGTCTA-1_1","Sham","B-Naive",2.70495149285603,-1.36645362111394
"TCCACCAAGGGCAATC-1_1","Sham","B-Naive",-0.466311754872318,-3.10860893460576
"TCCACCACATACATCG-1_1","Sham","B-Naive",-1.1582655033369,-4.57403108807866
"TCCACCACATAGAAAC-1_1","Sham","B-Naive",-3.23495796530437,-3.13331672879521
"TCCACCATCGGTGTTA-1_1","Sham","B-Naive",1.12959441335011,-2.72168514462773
"TCCACGTCAATTGGTC-1_1","Sham","B-Naive",-1.94180932848644,-4.04776355954472
"TCCACGTCAGCGGTCT-1_1","Sham","B-Naive",-1.98710552065563,0.649033245121797
"TCCACGTCATATAGCC-1_1","Sham","B-Naive",-0.724965842654225,-2.29638478490178
"TCCATCGGTTTGATCG-1_1","Sham","B-Naive",0.401832250664715,2.06992950705226
"TCCATGCAGGGCAAGG-1_1","Sham","B-Naive",-2.20037034361553,-1.48959705563847
"TCCCACAAGACAGCTG-1_1","Sham","B-Act1",-3.44350889532756,1.40548869637187
"TCCCACAGTGACCGTC-1_1","Sham","B-Act2",4.97862049729634,0.856857192193826
"TCCCAGTCAATCGAAA-1_1","Sham","B-Naive",-1.25422778933239,-4.42087051602666
"TCCCATGAGCACTCCG-1_1","Sham","B-Naive",-3.43117717116069,0.227288511072954
"TCCGAAAAGTAGCAAT-1_1","Sham","B-Naive",4.1865009942751,-0.508508417332808
"TCCGATCAGCTTTGTG-1_1","Sham","B-Act1",-0.438061775853153,2.25520255831416
"TCCGATCGTGCATTTG-1_1","Sham","B-Naive",-0.972614022185322,-0.801155659878889
"TCCGGGACAGACCAAG-1_1","Sham","B-Naive",-1.28257516234111,-1.21532222958867
"TCCGGGATCCGGACTG-1_1","Sham","B-ActMem",3.71448084504414,3.64384939936336
"TCCTAATAGACGAAGA-1_1","Sham","B-Naive",-2.83568337767315,-0.485896084035078
"TCCTAATGTCTACACA-1_1","Sham","B-Naive",-2.6953349432249,-3.95519182416264
"TCCTAATGTGCGGCTT-1_1","Sham","B-ActMem",4.59674784333516,4.16007211474117
"TCCTCCCAGGACACTG-1_1","Sham","B-Naive",-3.0876815637846,-1.87038562032048
"TCCTCCCAGTGATTCC-1_1","Sham","B-Act1",-3.1528544744749,2.15568938521083
"TCCTCCCCAGGATGAC-1_1","Sham","B-Naive",-1.07213339417171,-4.05506584378544
"TCCTCGAAGGAGATAG-1_1","Sham","B-Naive",-1.57284227221202,0.802520256912073
"TCCTCGAAGGCATCAG-1_1","Sham","B-Naive",-1.68991771547985,-2.66954991551701
"TCCTCGACACTGATTG-1_1","Sham","B-Naive",1.1127203384142,-2.88436648579899
"TCCTCGATCAACCGAT-1_1","Sham","B-Naive",-3.50651601164531,-0.345550987446944
"TCCTGCAAGCTGGAGT-1_1","Sham","B-Naive",3.42380353600788,-2.7736143800861
"TCCTGCAGTTTCCAAG-1_1","Sham","B-Naive",-0.650625618388172,-4.62285539838139
"TCCTGCATCTACCTTA-1_1","Sham","B-Naive",-3.8580992540617,-2.81682536336247
"TCCTTTCTCATAGCAC-1_1","Sham","B-Naive",2.55643006951619,-2.35634658070866
"TCCTTTCTCGGTCTAA-1_1","Sham","B-Naive",-2.85076764433574,-2.92613670560185
"TCGAACAGTGTGGACA-1_1","Sham","B-Naive",-0.619668932845112,1.19419115451511
"TCGAACAGTTTGTTCT-1_1","Sham","B-Naive",-2.52769902556133,-1.74954769345585
"TCGAACATCATCCTGC-1_1","Sham","B-Naive",0.195056019137386,-4.47831079694096
"TCGAAGTGTGCGACAA-1_1","Sham","B-Act1",-3.58861115782451,2.45909991530116
"TCGACCTAGTAACGTA-1_1","Sham","B-Naive",-4.75061133711528,-0.535840484822432
"TCGACCTGTTCGGACC-1_1","Sham","B-Act2",5.01891180665303,1.09258116078909
"TCGACCTTCACTTGTT-1_1","Sham","B-Naive",1.3895438590746,-2.55843493672673
"TCGACGGAGAGCAGCT-1_1","Sham","B-ActMem",3.04367610604573,5.04535939959224
"TCGATTTAGAAATTGC-1_1","Sham","B-Naive",4.99823710114766,-1.95459625455205
"TCGATTTGTTTCGTTT-1_1","Sham","B-Naive",-0.0414784943957293,-2.39643118115727
"TCGCACTTCAACCCGG-1_1","Sham","B-Act1",-4.15960934965801,0.0797921684139573
"TCGCACTTCTTCTGGC-1_1","Sham","B-Naive",4.39296623856831,1.1651100855821
"TCGCTCATCTCGGCTT-1_1","Sham","B-Naive",-3.59941366522503,-3.30719539853398
"TCGCTTGGTGCGTTTA-1_1","Sham","B-Naive",2.86016222626973,-1.68719861241643
"TCGGATAAGACAGCGT-1_1","Sham","B-Naive",1.12629648835469,-0.941047641957442
"TCGGGCAGTGGTTTAC-1_1","Sham","B-Act1",-5.45743468611431,1.02828430799182
"TCGGGCAGTGTCCCTT-1_1","Sham","B-Naive",2.39008995683003,1.96954932478603
"TCGGGTGAGTTGGCTT-1_1","Sham","B-ActMem",3.16347571999836,4.10015418795284
"TCGGGTGGTGCCCGTA-1_1","Sham","B-Naive",1.20850547940541,0.789305057799181
"TCGGGTGTCCGTTTCG-1_1","Sham","B-Naive",-0.494222047020909,1.21845872369941
"TCGGTCTGTCGCATCG-1_1","Sham","B-Act1",-3.71197107641887,1.68412807253536
"TCGGTCTGTGTGGTCC-1_1","Sham","B-Naive",4.79645535142231,-2.23993251057927
"TCGTAGAAGGAGACCT-1_1","Sham","B-Naive",0.566678134510998,0.942904722368082
"TCGTAGACAGCTATTG-1_1","Sham","B-ActMem",3.03991839082051,4.9038861062878
"TCGTAGAGTTTCTTAC-1_1","Sham","B-Naive",1.95128866822529,-0.115888211453596
"TCGTAGATCGACCTAA-1_1","Sham","B-Naive",-2.45561960547161,-3.08373329373662
"TCGTCCACAATACAGA-1_1","Sham","B-Naive",-0.447726937224385,0.8525599357241
"TCGTCCAGTGAACCGA-1_1","Sham","B-Naive",-2.82458165495586,-0.618213984692732
"TCGTGCTAGATTACCC-1_1","Sham","B-Act1",-4.19488671629619,-0.696838113988081
"TCGTGCTTCATTGTGG-1_1","Sham","B-Act1",-3.64802602141094,2.00688466099437
"TCGTGGGAGTGCTACT-1_1","Sham","B-Naive",-1.93278220503521,-0.289522382939497
"TCGTGGGCAAACTGCT-1_1","Sham","B-Naive",4.5839299836855,-0.811227056706587
"TCTAACTCAGTACTAC-1_1","Sham","B-Naive",-3.19577101080608,-1.90443632336918
"TCTACATAGATCACTC-1_1","Sham","B-Naive",-2.59879878370952,-1.45064899655644
"TCTACCGAGACGATAT-1_1","Sham","B-Naive",-1.43939545958233,-0.55959424706761
"TCTACCGCATAATCCG-1_1","Sham","B-Naive",-4.89400819151592,-0.890940997327009
"TCTACCGTCACACCCT-1_1","Sham","B-Naive",0.608613578389171,-3.68810293408696
"TCTATACAGTCAGCGA-1_1","Sham","B-Naive",-3.11029437391948,-2.42688367101018
"TCTATCAAGAAATTCG-1_1","Sham","B-Naive",-0.410395534922596,1.36535799173053
"TCTATCAGTTGATGTC-1_1","Sham","B-Naive",3.76192614228535,-0.321112606251875
"TCTCACGCATTCGGGC-1_1","Sham","B-ActMem",3.8810810724001,4.36511733797725
"TCTCACGTCTGGGATT-1_1","Sham","B-Naive",-1.28545156328869,0.22381844786342
"TCTCAGCTCACCGCTT-1_1","Sham","B-Naive",-2.4665592035551,-3.07057449551884
"TCTCAGCTCTTGTGCC-1_1","Sham","B-Naive",-0.954369040419575,-2.19781992169682
"TCTCCGACAGGTTCGC-1_1","Sham","B-ActMem",3.5306160131197,4.94946387079891
"TCTCTGGAGCCATTGT-1_1","Sham","B-Naive",-1.24790492861461,-1.74682781430546
"TCTCTGGCAATTCTTC-1_1","Sham","B-Naive",-1.30288794844341,-3.97789594861333
"TCTGCCATCGAGTCCG-1_1","Sham","B-Act1",-5.37105849592876,0.0164245632046067
"TCTGGCTAGGTAGATT-1_1","Sham","B-Act1",-0.869229110171314,2.18917074469264
"TCTGGCTCAAACTAAG-1_1","Sham","B-Act1",-3.52183965056133,0.562820908104738
"TCTGGCTCACCGTGAC-1_1","Sham","B-Naive",-2.84125665037822,-3.69948360654179
"TCTGTCGCATCGCCTT-1_1","Sham","B-Naive",-2.27761629431438,-3.35476991864506
"TCTGTCGTCGTTCTGC-1_1","Sham","B-Act1",-2.52787378637981,1.44898616937335
"TCTTAGTAGGCCCACT-1_1","Sham","B-Act1",-1.71121409743023,2.2204783227795
"TCTTCCTAGACGGTCA-1_1","Sham","B-Naive",4.50629374177266,-1.47075698109929
"TCTTGCGCAGACAAGC-1_1","Sham","B-Naive",-0.357757957865711,2.31005516318019
"TCTTGCGGTCGGTGAA-1_1","Sham","B-Naive",1.35005876214314,2.38836446074184
"TGAATCGTCTCCCTAG-1_1","Sham","B-Naive",-2.22157362311077,-0.584797713483015
"TGAATGCAGCACCCAC-1_1","Sham","B-ActMem",3.9906248727541,5.52227952746089
"TGAATGCCATCTTTCA-1_1","Sham","B-Naive",-0.790021749426838,-2.80910250874821
"TGAATGCTCCTAGAGT-1_1","Sham","B-Naive",0.569523541043285,-1.9752814504749
"TGAATGCTCTCGACCT-1_1","Sham","B-Naive",-2.68236330359172,-2.32240197392766
"TGACGCGCATAATGCC-1_1","Sham","B-Naive",2.43077656419087,2.29760268000301
"TGACGCGGTAAGGCTG-1_1","Sham","B-Naive",1.47219881207753,-0.906896207059065
"TGACTCCCACAATGTC-1_1","Sham","B-Naive",0.784012822220806,-3.92548868390385
"TGACTCCGTTAGGGAC-1_1","Sham","B-Act2",5.03001829774189,1.20930209425624
"TGAGCATCATGGCCAC-1_1","Sham","B-Naive",-2.36016467421245,-3.38750240536992
"TGAGCATTCACCATAG-1_1","Sham","B-Naive",1.95004293114949,1.39206701186832
"TGAGCGCAGAGCACTG-1_1","Sham","B-Naive",4.33549114854145,-0.861150238240401
"TGAGCGCCATAACCCA-1_1","Sham","B-Naive",-1.0435958227415,-0.101386997426192
"TGAGCGCGTTGAATCC-1_1","Sham","B-Naive",-1.7096685489912,0.0835847523563706
"TGAGGAGTCAGGAAAT-1_1","Sham","B-Naive",1.70683976800251,-1.59256717892949
"TGAGGGAGTGGCTTAT-1_1","Sham","B-Naive",-1.3199527582426,-0.862154099667708
"TGAGGGATCTGGAAGG-1_1","Sham","B-Naive",-2.26674393027019,0.598085489546617
"TGAGGTTTCATCTCTA-1_1","Sham","B-Naive",4.14024731309224,-2.88522622319523
"TGAGTCAAGCTTTGTG-1_1","Sham","B-Act2",4.72866055161763,2.05754401949581
"TGAGTCACATCATGAC-1_1","Sham","B-Naive",-2.84686544745159,-2.24379894467656
"TGATCAGGTAGATTGA-1_1","Sham","B-Naive",-0.20480159132671,1.19502755669292
"TGATCAGTCGCTGCGA-1_1","Sham","B-Naive",2.49530502946186,1.38148027328189
"TGATCTTCATGGCTAT-1_1","Sham","B-Naive",-1.44349160998058,-2.45560619565312
"TGATCTTGTTCTATCT-1_1","Sham","B-Naive",1.31408557088185,0.653386947190126
"TGATGCAAGTTATGGA-1_1","Sham","B-Naive",-1.39470640032482,0.0984436538570725
"TGATGGTAGCGACTAG-1_1","Sham","B-Naive",1.80224725396443,0.1722610857838
"TGATGGTCACAAGCCC-1_1","Sham","B-Naive",0.565505234311107,-3.52677938672368
"TGATGGTCAGTCGCTG-1_1","Sham","B-Act1",-1.24266639559459,2.70049968031581
"TGATGGTGTTCAGCGC-1_1","Sham","B-Act1",-4.02794316618633,-0.129363987172285
"TGATTCTTCGCATAGT-1_1","Sham","B-ActMem",3.80670949609089,4.91054919031795
"TGATTTCAGCACTAAA-1_1","Sham","B-Naive",-0.522007229020115,-4.5038926336414
"TGATTTCAGCGTATAA-1_1","Sham","B-Act2",4.55130383164692,1.59256711271938
"TGATTTCCATCTATCT-1_1","Sham","B-Naive",-0.217814961661812,-3.71460506650273
"TGCACGGAGATCGCCC-1_1","Sham","B-Naive",3.69997188241291,0.184505548750719
"TGCACGGCAGATTAAG-1_1","Sham","B-Act1",-3.94782665579509,0.313443329607805
"TGCACGGCAGGACTAG-1_1","Sham","B-Naive",-2.31927445738506,-2.06280562611882
"TGCAGATCAAGGACAC-1_1","Sham","B-Mye",-0.590943398167607,6.55782726076778
"TGCATCCGTATCGTTG-1_1","Sham","B-Naive",1.92809769303608,0.12905606297191
"TGCATGACATCGGATT-1_1","Sham","B-Naive",-0.781948181082722,2.08163860109981
"TGCATGATCAATCTTC-1_1","Sham","B-Act1",-4.18951657622051,0.15110173491176
"TGCATGATCGCTGATA-1_1","Sham","B-Naive",-0.15485761149716,-0.866835925305525
"TGCCGAGAGCCGAACA-1_1","Sham","B-Act1",-1.23569551317882,1.6139416959637
"TGCCGAGAGGGATGTC-1_1","Sham","B-Act1",-3.24213531820964,1.5232214894646
"TGCCGAGCATCCTAAG-1_1","Sham","B-Act1",-3.51648238508892,-1.16700694295231
"TGCGACGGTGAGGCAT-1_1","Sham","B-Naive",-0.0466130322117769,-3.17391845914189
"TGCGATATCCCGTAAA-1_1","Sham","B-Act1",-5.02463773100567,0.346220102583727
"TGCGATATCGAAATCC-1_1","Sham","B-Naive",2.93142434747029,1.68076797989543
"TGCGATATCGTAACAC-1_1","Sham","B-Naive",-2.20646789877605,-3.62984535428349
"TGCGGCATCACTGAAC-1_1","Sham","B-Act1",-5.63291982023906,1.26328101423915
"TGCTCCAGTAAGCAAT-1_1","Sham","B-Naive",-2.20672181456279,-1.66182205411259
"TGCTCGTAGTAGTCTC-1_1","Sham","B-Act1",-3.34213498442363,1.68575128582652
"TGCTCGTGTACGCTAT-1_1","Sham","B-Naive",-1.13889208643627,0.290555026804765
"TGCTGAACATACTTTC-1_1","Sham","B-Act2",4.16710039765644,0.261255171572527
"TGCTGAATCCATCACC-1_1","Sham","B-Act2",4.83804747254658,1.92531981733974
"TGCTGAATCTCGGCTT-1_1","Sham","B-Naive",-2.29488113730144,-1.14660236569707
"TGCTTCGTCACAGAGG-1_1","Sham","B-Act1",-1.2823208889265,0.38588288096126
"TGCTTGCGTACGCTTA-1_1","Sham","B-Naive",-0.489414217164036,-4.40883657666508
"TGGAACTAGCAGTACG-1_1","Sham","B-Naive",-1.90320232718181,-3.40397999020878
"TGGAACTTCGGAATTC-1_1","Sham","B-Act1",-5.40797522871685,2.1452350881451
"TGGAGAGTCCAAAGGG-1_1","Sham","B-Naive",0.490220097611431,1.70742866066631
"TGGAGGACACCTCTGT-1_1","Sham","B-Naive",3.18802377373982,-2.87071463795964
"TGGATGTCAATCACGT-1_1","Sham","B-Naive",-2.55631926863384,-0.0212267372256911
"TGGATGTCAATTGCAC-1_1","Sham","B-Naive",4.56042620332051,-1.26440593930546
"TGGATGTGTTTAGTCG-1_1","Sham","B-Naive",-0.49184867947292,-2.50213286610905
"TGGCGTGCAACCAATC-1_1","Sham","B-Naive",0.254859922240261,-1.41948244305913
"TGGGAAGGTCAAGCCC-1_1","Sham","B-Act1",-1.59324804156017,1.75977047947582
"TGGGAGAAGGAGATAG-1_1","Sham","B-Naive",-1.30055919497203,-0.655483576977888
"TGGGATTCAGGGACTA-1_1","Sham","B-Naive",-0.988456936766621,-1.17316076489751
"TGGGATTGTAGATGTA-1_1","Sham","B-Naive",-0.02699919252586,-3.05626032086674
"TGGGATTTCAAGTAAG-1_1","Sham","B-Naive",-0.710286827971455,-2.44207784863774
"TGGGCTGCAAAGGGTC-1_1","Sham","B-Act1",-3.62506345122051,1.90176555184062
"TGGGCTGCAACACGTT-1_1","Sham","B-Act2",3.9374341645937,2.16160776880916
"TGGGCTGTCACTCGAA-1_1","Sham","B-Naive",0.109060643027309,1.59609618452724
"TGGGTTATCCCATACC-1_1","Sham","B-Naive",-2.40784195273113,-1.88855836125676
"TGGTACAAGAACGTGC-1_1","Sham","B-Naive",-1.94979992716503,-2.42210600110356
"TGGTACAAGAGAGGGC-1_1","Sham","B-Naive",-0.529712381054875,-2.27672502728764
"TGGTACAGTGGGAGAG-1_1","Sham","B-Naive",-3.31248167364788,-0.115426752293745
"TGGTACATCTACGGTA-1_1","Sham","B-Naive",0.615957883904461,0.136896100317796
"TGGTAGTAGTCACTGT-1_1","Sham","B-ActMem",4.21704432160664,4.49644520548519
"TGGTGATAGGCCATAG-1_1","Sham","B-Naive",-1.14924922793102,-1.65012237759892
"TGGTGATTCCATTTGT-1_1","Sham","B-Mye",-0.476590486456867,6.04726197985347
"TGGTTAGGTGTTCGAT-1_1","Sham","B-Naive",1.24613651425648,2.04832544592555
"TGTAACGCAAGGTCAG-1_1","Sham","B-Naive",-1.25237849562359,0.11675753859218
"TGTAACGGTACAGGTG-1_1","Sham","B-Naive",2.05950018555928,-1.09061929913823
"TGTAAGCCAGAGTGAC-1_1","Sham","B-Act1",-1.1359448751707,2.27356257704433
"TGTACAGCACCTCGTT-1_1","Sham","B-Naive",-2.04672900049877,-0.330507847989241
"TGTACAGTCCTATGGA-1_1","Sham","B-Naive",0.00793993265438442,1.9372694757336
"TGTAGACGTTTGTTCT-1_1","Sham","B-Naive",-1.80033329336834,0.659251954829057
"TGTCAGAAGATGACCG-1_1","Sham","B-Naive",-0.0307901522417032,-3.15616295071904
"TGTCAGATCGTTCTCG-1_1","Sham","B-Naive",-2.45865300505352,0.398182895457109
"TGTCCACAGATAGTCA-1_1","Sham","B-Act1",-4.73890975325298,0.929232750510534
"TGTCCACGTTGCAAGG-1_1","Sham","B-Naive",1.01975676209736,1.10278227967556
"TGTCCCAAGACGCTCC-1_1","Sham","B-Naive",-1.8357260545988,-2.02449295255009
"TGTCCTGTCAGCTGAT-1_1","Sham","B-Naive",-2.245932610919,-4.15067693921391
"TGTGAGTAGGTCCAGA-1_1","Sham","B-Naive",0.199236331294063,-2.69079396458928
"TGTGAGTTCACTACTT-1_1","Sham","B-Naive",-3.67786649077129,-1.47325918408696
"TGTGCGGAGGATATGT-1_1","Sham","B-Act1",-4.04760578482341,0.31459244755443
"TGTGGCGAGAAGCTCG-1_1","Sham","B-Naive",0.0866450199584997,0.5507851508015
"TGTGGCGTCGTTATCT-1_1","Sham","B-Act2",3.10005399377156,2.56521346834834
"TGTGTGAAGACGGTCA-1_1","Sham","B-Naive",-1.09248802273464,-1.87159607144658
"TGTGTGATCTTACCGC-1_1","Sham","B-Naive",1.90224191338826,-2.09999034138981
"TGTTACTGTCCGTTTC-1_1","Sham","B-Naive",-0.100742789198872,-1.13018319341008
"TGTTCCGAGTGGTGAC-1_1","Sham","B-Naive",0.976163355420116,0.429455902849992
"TGTTCTAGTATCGAAA-1_1","Sham","B-Naive",1.12324425370503,-2.18123409482304
"TGTTGAGCATCAGCTA-1_1","Sham","B-Act2",3.74711653382588,2.14217522410091
"TGTTGAGTCTAAACGC-1_1","Sham","B-Naive",-3.35351732580852,-1.38595030041997
"TGTTGGAAGCGTCAGA-1_1","Sham","B-Act1",-2.54475668280315,1.21170229879554
"TGTTTGTCAAGTTTGC-1_1","Sham","B-Naive",-2.00720432608318,1.1464340579265
"TGTTTGTCATACTTTC-1_1","Sham","B-Act1",-2.96063068716716,1.9196142819279
"TGTTTGTTCTGAGGTT-1_1","Sham","B-Naive",-3.11414388029766,-1.14375350209538
"TTACAGGGTTTCACAG-1_1","Sham","B-Naive",2.58008309991169,-0.0991795990115798
"TTACCATAGGCCCGTT-1_1","Sham","B-Naive",0.766202239106182,1.62113114861186
"TTACCATGTATCGTGT-1_1","Sham","B-Naive",1.21350297124195,1.52476146486934
"TTACCATGTGCCCGTA-1_1","Sham","B-ActMem",3.71051522881794,4.04013517168697
"TTACCATTCTCCCAAC-1_1","Sham","B-Naive",-1.62861779539775,-4.32570001813237
"TTACCGCCACTGTGTA-1_1","Sham","B-Naive",2.64912959725666,-1.30818793507878
"TTACCGCGTCATCCGG-1_1","Sham","B-Naive",-2.15126899092388,-4.03988620969121
"TTACGTTAGCCTGGAA-1_1","Sham","B-Naive",-2.74100950567913,-3.54067871304814
"TTACGTTAGCTTCATG-1_1","Sham","B-Naive",-1.21505060999584,-4.58663198682133
"TTACTGTAGCACGATG-1_1","Sham","B-Naive",-0.290772231509205,-3.04868147107426
"TTACTGTAGCGCACAA-1_1","Sham","B-Naive",-1.83978787272167,-3.74673578473393
"TTACTGTGTGTATTGC-1_1","Sham","B-Naive",4.27546688706684,-2.23565766545598
"TTACTGTTCCTTCGAC-1_1","Sham","B-Naive",-2.1123557409544,-4.66788122388188
"TTACTGTTCGGAGTAG-1_1","Sham","B-Naive",0.144668428013805,-3.41937563153569
"TTAGGCAAGCACGGAT-1_1","Sham","B-Mye",-0.830080600668904,6.66337468889888
"TTAGGCAAGCCATTCA-1_1","Sham","B-Naive",1.12210079819966,-0.549062106335799
"TTAGGGTCATCGAGCC-1_1","Sham","B-Naive",-3.59797790854168,-1.457937214101
"TTAGGGTCATCGGATT-1_1","Sham","B-Act2",4.04381701142598,2.20426168707546
"TTAGGGTCATCTAACG-1_1","Sham","B-Naive",1.3203515687685,-1.97707459660832
"TTAGGGTGTACAAAGT-1_1","Sham","B-Act2",3.95223566682148,2.12787559298213
"TTAGTCTAGACCCGCT-1_1","Sham","B-Naive",-0.134930452545401,-1.79231378766362
"TTAGTCTAGAGCACTG-1_1","Sham","B-Naive",1.19165321976948,0.714226987635454
"TTATTGCCAACAGATA-1_1","Sham","B-Act2",4.87094828278828,1.41319715646442
"TTATTGCCACGCTGTG-1_1","Sham","B-Naive",-2.95055821745586,-0.155523631299177
"TTATTGCCAGTATGAA-1_1","Sham","B-Naive",2.68760320336628,-2.19237158032719
"TTCACCGAGAAACTCA-1_1","Sham","B-Naive",1.44682761819172,-2.51268098088566
"TTCACCGCAACACGAG-1_1","Sham","B-Act2",4.00485941560078,0.492517378603777
"TTCACCGCAGATCATC-1_1","Sham","B-Naive",-4.06315353720379,-1.43298885556523
"TTCACCGGTACTCAAC-1_1","Sham","B-Naive",3.85709783227253,-0.725929233754317
"TTCACCGTCTCAGAAC-1_1","Sham","B-Naive",0.519730834076885,-2.63752553197209
"TTCACGCAGAGTACCG-1_1","Sham","B-Naive",-2.59473780005169,-4.02930853101079
"TTCACGCGTCCTGTCT-1_1","Sham","B-Act1",-4.63670543043804,1.99034562376674
"TTCACGCGTCTCGCGA-1_1","Sham","B-Act1",-4.62361958830547,1.82148566511806
"TTCAGGAAGGGCTAAC-1_1","Sham","B-Act2",4.5485968270998,0.861121770417055
"TTCAGGACACATTGTG-1_1","Sham","B-Naive",-1.71174887030315,-2.78292414876286
"TTCATGTTCCGGTAAT-1_1","Sham","B-Naive",-1.58182636110973,-4.03603622647587
"TTCATTGAGACGCAGT-1_1","Sham","B-Naive",1.71962913663197,2.01069655684169
"TTCATTGAGTGACACG-1_1","Sham","B-Naive",1.94541975648213,-1.05995104047124
"TTCCAATCAAGAGTGC-1_1","Sham","B-Act1",-5.12808039992046,1.29146289495166
"TTCCGGTAGCAACTTC-1_1","Sham","B-Naive",4.12242981583882,-2.87535998555485
"TTCCGGTTCCATTGTT-1_1","Sham","B-Naive",-0.173572158654448,-2.93143484326665
"TTCCGTGAGTAATCCC-1_1","Sham","B-Naive",1.41734203488636,0.215540554797014
"TTCCGTGAGTACCCTA-1_1","Sham","B-Naive",-2.71150568335247,-1.43860480519597
"TTCCGTGGTGTGATGG-1_1","Sham","B-Naive",3.69582840592671,-2.28708145352666
"TTCCTAATCTTACACT-1_1","Sham","B-Naive",-2.80494526236248,-4.23300621243779
"TTCCTCTGTACTCCCT-1_1","Sham","B-Naive",-1.50565675108623,-2.42099568578068
"TTCCTCTGTGCGCTCA-1_1","Sham","B-Naive",-1.60085204451275,-4.52115843030278
"TTCCTCTTCCGATCGG-1_1","Sham","B-Naive",3.15072652489949,-0.071050021374861
"TTCCTCTTCTAGTACG-1_1","Sham","B-Naive",4.69141766221333,-1.54925915929143
"TTCCTTCCAACCGGAA-1_1","Sham","B-Naive",0.410466579506878,-1.3368057939655
"TTCCTTCTCTTCCCGA-1_1","Sham","B-Naive",-0.869396599223133,-4.21979829999272
"TTCGATTAGACCGCCT-1_1","Sham","B-Naive",-1.22777930109691,-2.6787509653217
"TTCGATTAGCCTTCTC-1_1","Sham","B-Naive",3.33834478051472,-3.03105423184697
"TTCGATTAGGGTACGT-1_1","Sham","B-Act1",-2.42611816733074,1.60767253903087
"TTCGGTCCAAGTATAG-1_1","Sham","B-Act1",-2.76679852812481,1.37495827344592
"TTCGGTCTCTTCGATT-1_1","Sham","B-Naive",-1.87144318430614,-0.199422094548384
"TTCTAACAGAAGCCTG-1_1","Sham","B-Naive",11.9483236947756,0.780695584093889
"TTCTAGTAGTTGGCGA-1_1","Sham","B-Naive",-2.60644009916973,-1.34728691312138
"TTCTAGTCAAGGTACG-1_1","Sham","B-Naive",-0.195886032869335,-3.20290109845463
"TTCTAGTCAGGGAATC-1_1","Sham","B-Act1",-5.28657439558696,-0.169373962605635
"TTCTAGTGTGCTCGTG-1_1","Sham","B-Naive",-1.64552262633037,0.153064992701372
"TTCTCTCAGTTCCTGA-1_1","Sham","B-Naive",-2.07591894476604,-1.58332726689641
"TTCTGTAAGAGCACTG-1_1","Sham","B-Naive",1.69603785664845,0.832383078014215
"TTCTGTAGTACACTCA-1_1","Sham","B-Naive",0.922407118390087,-3.59679529401127
"TTCTGTAGTATGCGGA-1_1","Sham","B-Naive",-3.11361125319194,-0.806618306363264
"TTCTGTAGTCATACCA-1_1","Sham","B-Act2",4.79826923997212,2.27643122938808
"TTCTTCCGTGATACTC-1_1","Sham","B-Naive",-2.77445629446697,-2.77641126843754
"TTCTTCCTCGTGGAAG-1_1","Sham","B-Naive",2.66653248460102,-1.88938400479619
"TTGAACGTCCGCTTAC-1_1","Sham","B-Naive",-0.290320294191357,-3.35381481381718
"TTGACCCCATTAGGCT-1_1","Sham","B-Naive",-0.481527032544132,1.42880573538478
"TTGACCCGTAGGTTTC-1_1","Sham","B-Naive",-2.02215019076061,-2.57196328374211
"TTGACCCGTCGTTATG-1_1","Sham","B-Mye",-0.404281141449925,6.44098832873043
"TTGACCCTCGCCCAGA-1_1","Sham","B-Naive",-1.63953045218181,-3.96386167737309
"TTGAGTGAGTATGAAC-1_1","Sham","B-Naive",-0.0255806615848505,-0.4225094053394
"TTGAGTGGTGTCCCTT-1_1","Sham","B-Naive",0.145152179310802,1.83609690931972
"TTGAGTGTCAACCCGG-1_1","Sham","B-Naive",4.81114718110371,-1.56045243474309
"TTGATGGAGGCATGGT-1_1","Sham","B-Naive",-2.89648226111126,-0.723179790700117
"TTGATGGGTTATGACC-1_1","Sham","B-Naive",3.86908694894123,-2.29878208371464
"TTGCATTGTTAGCTAC-1_1","Sham","B-Act1",-3.26448753683757,0.470725026404222
"TTGCATTTCACACGAT-1_1","Sham","B-Naive",-1.44178477137279,-4.02486202451054
"TTGCCTGAGATAACAC-1_1","Sham","B-Act1",-2.82371953337383,2.1439949539059
"TTGCCTGTCTGGGCCA-1_1","Sham","B-Naive",-0.45949918239307,-0.824525925839583
"TTGCGTCTCCTCTTTC-1_1","Sham","B-Naive",-2.10736087172222,-1.83398816319768
"TTGCGTCTCTTTCGAT-1_1","Sham","B-Act2",4.68739887864399,2.19702747133907
"TTGCTGCCATGCCGGT-1_1","Sham","B-Naive",1.30316397340107,-1.55831620427434
"TTGGATGAGATGACCG-1_1","Sham","B-Naive",4.27892491013813,-1.18419382306401
"TTGGATGCATCATGAC-1_1","Sham","B-Naive",1.59796473176289,-2.71719548436467
"TTGGGATAGGTGCTTT-1_1","Sham","B-Naive",2.27698895127583,0.562487628733476
"TTGGGATCATCTTAGG-1_1","Sham","B-Naive",2.81810113580037,0.0314631727093064
"TTGGGCGTCGCTGATA-1_1","Sham","B-Naive",1.68654045254994,2.12362554339107
"TTGGGCGTCTCCTACG-1_1","Sham","B-Naive",0.151234892914776,1.93029597071346
"TTGGTTTAGGAGACCT-1_1","Sham","B-Naive",4.23533293397236,-2.82145092221562
"TTGGTTTGTTCGGACC-1_1","Sham","B-Naive",4.79202744157124,-0.884478661740462
"TTGGTTTTCCATTGCC-1_1","Sham","B-Naive",3.22442099244404,-2.72758385869328
"TTGTGGAAGATTGACA-1_1","Sham","B-Act1",-2.82236960737896,0.561497595583757
"TTGTGTTCAACCAACT-1_1","Sham","B-Naive",-3.46896293966961,0.141587701117357
"TTGTTGTAGTCTCTGA-1_1","Sham","B-Act1",-4.6452598890562,2.08164944914516
"TTGTTGTCAATCTAGC-1_1","Sham","B-Naive",0.570279387543682,-3.77106163235966
"TTGTTGTCAATGACCT-1_1","Sham","B-Act1",-1.9872439226408,1.64085784224208
"TTGTTGTGTCCTACAA-1_1","Sham","B-Naive",2.14381119401265,0.244530048643907
"TTGTTGTTCATGGGAG-1_1","Sham","B-Naive",-0.981546433856007,-1.67411753865544
"TTTACCAAGTAGGGTC-1_1","Sham","B-Naive",1.23785754830647,1.31240042713817
"TTTACCATCAGACAAA-1_1","Sham","B-Naive",1.63081833512593,0.0643142130726182
"TTTACCATCAGACCCG-1_1","Sham","B-Naive",-2.45820096342754,-4.48315069409672
"TTTACCATCTGTTCAT-1_1","Sham","B-Naive",0.93999239594746,-3.41012165280644
"TTTACGTCAACCTAAC-1_1","Sham","B-Naive",4.38834234864521,-2.64363596173588
"TTTACTGAGGTTACAA-1_1","Sham","B-Naive",3.67519351632405,-2.9954116079456
"TTTACTGCATCAGCGC-1_1","Sham","B-Naive",0.461064426014904,-2.55823490353886
"TTTACTGGTCAACATC-1_1","Sham","B-Act1",-5.34264138548565,0.567362782036623
"TTTACTGTCCGTTGGG-1_1","Sham","B-Naive",-1.47685507147503,-3.80743524762456
"TTTATGCAGTAGTCAA-1_1","Sham","B-Naive",-0.169568991502043,0.56915598777469
"TTTATGCGTCTCAGAT-1_1","Sham","B-Act1",-3.59243777601909,0.440017845904192
"TTTCACACACCGCTAG-1_1","Sham","B-Naive",-2.18340233175945,-0.207597467625777
"TTTCAGTCAAGTACCT-1_1","Sham","B-Naive",1.39775988251973,0.748662051235994
"TTTCAGTCACCGCTGA-1_1","Sham","B-Naive",-0.672094257761952,-2.04381153317753
"TTTCAGTGTCACTAGT-1_1","Sham","B-Act1",-2.17619183867168,0.843190323983988
"TTTCAGTGTCGATTAC-1_1","Sham","B-Naive",-2.82577970831585,-0.604622575963179
"TTTCCTCCATCGTCCT-1_1","Sham","B-ActMem",4.48535725266743,4.19096401003536
"TTTCCTCTCAAACGAA-1_1","Sham","B-Naive",-0.91843262522411,-2.41317579480473
"TTTCGATAGGGACCAT-1_1","Sham","B-Naive",-0.20604288785648,-2.29517886372868
"TTTGACTAGGCACTAG-1_1","Sham","B-Naive",2.21094152123738,0.941485930656751
"TTTGACTTCTGTCCCA-1_1","Sham","B-Naive",0.0296269634466207,1.37719270256694
"TTTGATCCAAACTCTG-1_1","Sham","B-Naive",-2.40521624891948,-1.25222751828496
"TTTGATCGTGTGAGCA-1_1","Sham","B-Act1",-1.9243959507246,2.00312658814128
"TTTGGAGCAACCGCCA-1_1","Sham","B-ActMem",3.43494197518635,3.27250721720394
"TTTGGAGTCTCGTGAA-1_1","Sham","B-Naive",-2.07773068754863,-0.0895671579486526
"TTTGGTTTCACGGTCG-1_1","Sham","B-Naive",-3.0876279196043,-3.07726499768559
"TTTGGTTTCGAGAGCA-1_1","Sham","B-Naive",-0.409178974320408,-0.114421579564253
"TTTGTTGAGAAGAACG-1_1","Sham","B-Naive",2.28175875336933,2.13151326445278
"ACGTACACATGGACAG-1_2","Sham","B-Act1",-4.87279656737041,1.36679386762317
"ACGTACATCCTACACC-1_2","Sham","B-Naive",-0.617299529006001,-0.038732979024092
"ACGTTCCGTAACATCC-1_2","Sham","B-Naive",-1.62751797049236,0.264401939188799
"ACGTTCCTCATTTGTC-1_2","Sham","B-Naive",-1.24902299254131,-3.05905458661381
"ACTACGATCCATTTGT-1_2","Sham","B-Naive",-3.02688768713665,-3.05022308560673
"ACTATCTCATTGCTTT-1_2","Sham","B-Act2",4.24014422089863,2.26855066088374
"ACTCTCGGTTCGTAAC-1_2","Sham","B-Naive",-1.24280634730053,-2.62330839368168
"ACTGATGGTTCGAACT-1_2","Sham","B-Naive",-0.303258868147846,-0.619878265584151
"ACTGTCCCATGATGCT-1_2","Sham","B-Naive",4.95510384232808,-1.28284094067876
"ACTGTGACATAACCCA-1_2","Sham","B-Naive",2.39467522294331,0.0874385502689683
"ACTTAGGAGTCCCAAT-1_2","Sham","B-Naive",-2.85153773634624,0.371589865958055
"ACTTAGGTCTGAGTCA-1_2","Sham","B-Naive",0.694832710335735,-0.115753385747114
"ACTTATCAGTGAGGTC-1_2","Sham","B-Naive",0.893877593586925,0.0349859264248216
"ACTTCCGTCGTAGCTA-1_2","Sham","B-Naive",1.80579122693348,0.796541791831812
"ACTTTCACAATTCTCT-1_2","Sham","B-Naive",2.71888419778157,-3.22479126187626
"ACTTTGTTCTCTTGCG-1_2","Sham","B-Naive",1.56305917889881,2.14865842131313
"AGAAATGCACAAGTGG-1_2","Sham","B-Naive",0.791225222657207,-0.955579135144392
"AGAACAAAGGAGACCT-1_2","Sham","B-Naive",1.97344204575825,-0.906247112477461
"AGAACAAAGTGCTCGC-1_2","Sham","B-Naive",-2.75388172476482,-0.198497745717207
"AGAACCTTCATTACGG-1_2","Sham","B-Act1",-3.77853587477398,2.26513972548183
"AGAAGCGAGAGCTTTC-1_2","Sham","B-Naive",-3.35554912893963,-1.34651491376225
"AGAAGTACATTCTGTT-1_2","Sham","B-Naive",1.02847036511708,-2.94553420277897
"AGAAGTATCGGCTTGG-1_2","Sham","B-Naive",0.991314856122021,1.3057024445885
"AGACACTTCCAGTGCG-1_2","Sham","B-Naive",0.614551273892406,0.06869765785869
"AGACAGGTCCGTCCTA-1_2","Sham","B-Naive",-0.990965875079151,1.78662129906352
"AGACCATAGCTCGCAC-1_2","Sham","B-Naive",0.787726072381023,2.44928899077114
"AGACTCACAGTCCCGA-1_2","Sham","B-Naive",-2.15492227881145,0.88980923262771
"AGACTCATCATTATCC-1_2","Sham","B-Naive",-2.90212944357586,-1.63428184720341
"AGAGAATGTGAAGCTG-1_2","Sham","B-Naive",0.205587235997204,-0.479340169156233
"AGAGAATTCCGTTTCG-1_2","Sham","B-Act1",-5.10390904753399,0.707542296921571
"AGAGAGCCAGACCTAT-1_2","Sham","B-Naive",3.49853750855732,-2.25513694020573
"AGAGCCCCATCACCAA-1_2","Sham","B-Naive",3.35288783700276,-2.20084378453557
"AGATCCACAATCGCCG-1_2","Sham","B-Act2",5.00568815858174,1.21443871823486
"AGATGAAGTCGACGCT-1_2","Sham","B-Act1",-3.07090619414043,2.15086581972774
"AGATGAAGTGTGGTCC-1_2","Sham","B-ActMem",3.90797802598286,3.57777097490962
"AGCATCAAGTGCTAGG-1_2","Sham","B-Naive",4.26830193192768,-1.07655284138981
"AGCATCAGTTGCATCA-1_2","Sham","B-Naive",0.464199928353313,-3.70321438046757
"AGCCAGCAGCGGATCA-1_2","Sham","B-Naive",4.68175646455098,-0.984172794545332
"AGCCAGCAGTCTCTGA-1_2","Sham","B-Act2",5.06336781174946,1.907965150153
"AGCGATTTCATTGTTC-1_2","Sham","B-Naive",-2.40409949629497,-4.65908930035893
"AGCGATTTCCGTCAAA-1_2","Sham","B-Naive",4.00966593415547,-0.744906995022932
"AGCGCTGCAGCTCGGT-1_2","Sham","B-Naive",-2.45784142821025,0.0372240808361375
"AGCGCTGTCGTACACA-1_2","Sham","B-Act1",-5.11549619047832,1.34389859107669
"AGCGTATTCTGGCCTT-1_2","Sham","B-Mye",-0.210172327448841,7.28718593386348
"AGCTCAAGTTACGTAC-1_2","Sham","B-Act1",-0.818053992678639,2.85504284170802
"AGGAAATAGTCCGCCA-1_2","Sham","B-Mye",-0.825234504630085,6.86686923769649
"AGGAAATGTACTGGGA-1_2","Sham","B-Act1",-2.31904247610759,2.38061836031612
"AGGAATAAGCGTTCAT-1_2","Sham","B-Naive",-0.552790405442234,-0.146778557027022
"AGGAATAAGTCCTGTA-1_2","Sham","B-Naive",-0.38765680997562,0.479469087397417
"AGGACGAAGCGGTAGT-1_2","Sham","B-Naive",-1.37608352511119,-1.85492226811711
"AGGACGAGTCTCTCAC-1_2","Sham","B-Naive",3.29742452294636,0.738111164843401
"AGGACTTCAAGTCCAT-1_2","Sham","B-Naive",-2.51357487051677,-3.58579752179448
"AGGAGGTTCCGTACGG-1_2","Sham","B-Naive",1.95593687684346,0.797080260192712
"AGGAGGTTCGTCCATC-1_2","Sham","B-Naive",-1.08017143814754,0.400799122130235
"AGGATAACAGCAGTAG-1_2","Sham","B-Naive",1.64866515786457,1.95124002960857
"AGGATAACAGGTAGTG-1_2","Sham","B-Naive",1.43198987633992,0.633005228316148
"AGGATCTCATGTTCAG-1_2","Sham","B-Naive",-0.0132594278354609,-4.36747858258549
"AGGCTGCCAAATCAAG-1_2","Sham","B-Naive",4.92719360978413,-1.54066631528203
"AGGCTGCTCGGTAAGG-1_2","Sham","B-Naive",-1.36733392088604,6.52682187822994
"AGGGAGTAGGATCACG-1_2","Sham","B-Naive",-0.533994050909992,-1.04408833714787
"AGGGCCTCACGCCAGT-1_2","Sham","B-Act1",-4.73272851317119,2.13232400683101
"AGGGCTCGTCATCACA-1_2","Sham","B-Naive",-2.42661789267254,0.666794147765001
"AGGGTGAAGCTGACTT-1_2","Sham","B-Act2",5.00474259049702,2.10608294275936
"AGGGTTTAGAGCAGAA-1_2","Sham","B-Naive",-1.95507601111126,-0.143001529896895
"AGGTAGGGTCCTGTTC-1_2","Sham","B-Naive",0.201791016171459,-0.0609767171985305
"AGGTCATAGCCAAGCA-1_2","Sham","B-Naive",-1.00894645064067,-2.12488910886113
"AGGTCATGTTAGGAGC-1_2","Sham","B-Naive",2.9349460283022,-1.36857650014226
"AGGTCATTCGTCAGAT-1_2","Sham","B-ActMem",-2.56700447409343,-1.19171116086308
"AGGTCTAGTAACAGTA-1_2","Sham","B-Naive",-0.443868579556462,-4.01227590771977
"AGGTGTTTCTTCTGGC-1_2","Sham","B-Naive",1.98594018609333,-1.38417861195866
"AGGTTACCAAACTGCT-1_2","Sham","B-Mye",-0.38292464821529,7.9804127481335
"AGGTTACGTCGTATTG-1_2","Sham","B-Naive",1.54312047154713,-0.468941542828718
"AGGTTACTCTGTGCTC-1_2","Sham","B-Naive",1.36183032185841,1.07962657180961
"AGTAGCTTCACCATCC-1_2","Sham","B-Act1",0.262634871314052,-0.847955200398604
"AGTCACAAGGGAACAA-1_2","Sham","B-Naive",1.99933787972737,1.58166417149242
"AGTCATGGTTGCCGCA-1_2","Sham","B-Mye",-1.01770797579479,6.64074304369625
"AGTCTCCGTGTTAACC-1_2","Sham","B-Naive",4.14381882340718,-0.362825605595747
"AGTGACTCAAACTCTG-1_2","Sham","B-Naive",-1.27654531805706,-1.31745502682988
"AGTGATCCAATCTAGC-1_2","Sham","B-Act1",-3.99708321898174,-2.31001469823186
"AGTGCCGTCGAGTTGT-1_2","Sham","B-Naive",-1.79852929918956,-0.12346348496739
"AGTTCCCCAACTAGAA-1_2","Sham","B-Naive",-0.672774048735615,-0.856485936368147
"AGTTCCCGTCGAGTTT-1_2","Sham","B-Naive",1.18358012826252,2.87853505877193
"AGTTCCCGTTAGGAGC-1_2","Sham","B-Act1",-4.73230031340313,1.45959001449283
"AGTTCCCTCATGGATC-1_2","Sham","B-Act1",-3.05447390883159,2.20016243723567
"AGTTCGATCCCAGTGG-1_2","Sham","B-Naive",1.55460008771229,-1.32210967274968
"ATACCGACAACTGTGT-1_2","Sham","B-Naive",1.56059083134938,-1.48132726880376
"ATACTTCAGACCAGCA-1_2","Sham","B-Naive",-3.75351503699016,-3.06154224606816
"ATACTTCGTGATGAAT-1_2","Sham","B-Plasma",11.8591046014528,0.881345000540575
"ATACTTCTCGGTCTGG-1_2","Sham","B-ActMem",3.22834107072163,3.99073603419002
"ATAGGCTAGTTCCTGA-1_2","Sham","B-Naive",-2.33637550680828,0.556398567234834
"ATAGGCTTCTGGGATT-1_2","Sham","B-Naive",1.20670696885395,0.499070074831804
"ATATCCTAGAAGATCT-1_2","Sham","B-Naive",-1.57167127936077,-0.0403200122958816
"ATATCCTAGTAGTGCG-1_2","Sham","B-Naive",0.331153807948116,2.07691803244289
"ATCACTTGTCATAGTC-1_2","Sham","B-Act1",-3.96621945707988,-2.3804590437061
"ATCAGGTCACAGCTTA-1_2","Sham","B-ActMem",4.32555815369892,4.42227485445674
"ATCCACCTCCTCAGAA-1_2","Sham","B-Naive",-4.49870684950542,-1.7234332296497
"ATCCATTAGTCTTCCC-1_2","Sham","B-Act1",-5.43627885191631,1.05818703440364
"ATCCCTGCACCGTCGA-1_2","Sham","B-Naive",-2.68206218092632,-1.30192372533147
"ATCCCTGTCGAGAAGC-1_2","Sham","B-Naive",0.310058383057598,-1.55516025754277
"ATCCGTCCAGCTGCCA-1_2","Sham","B-Naive",2.92084523827839,-2.77465698453251
"ATCGATGTCAAGCTTG-1_2","Sham","B-Naive",0.0964854934911764,1.25801551011737
"ATCGCCTTCAGAGCAG-1_2","Sham","B-Act1",-2.33061006872844,2.34498765734371
"ATCGGATAGATTCGAA-1_2","Sham","B-Naive",0.605317679951671,-0.00953576299015646
"ATCGGATCAGGTCTCG-1_2","Sham","B-Naive",2.23509642274189,2.50287189749416
"ATCGGCGGTTGTCTAG-1_2","Sham","B-Plasma",11.8101401010256,0.91574093369182
"ATCGTAGAGTGTCATC-1_2","Sham","B-Naive",-1.10205039589595,-0.28126344415013
"ATCGTCCAGTGTTCAC-1_2","Sham","B-Naive",-0.581477971961018,0.272610392844042
"ATCGTCCGTGACAGGT-1_2","Sham","B-Act2",4.95324417741108,1.72936966684993
"ATCGTGAAGACGAAGA-1_2","Sham","B-Act1",-4.38054803221416,1.71505173710521
"ATGAGGGCAACTCATG-1_2","Sham","B-Naive",-1.47238841860485,-2.07725331517522
"ATGAGTCTCATACGGT-1_2","Sham","B-Naive",-1.94397250025463,-2.10333392354313
"ATGCCTCTCGAGAACG-1_2","Sham","B-Naive",-3.25829079954815,-0.431136700833479
"ATGCGATAGATGCTGG-1_2","Sham","B-Naive",-0.242796363522526,1.98924865988429
"ATGCGATAGCGTCTCG-1_2","Sham","B-Naive",-0.233254635920044,0.785802867686113
"ATGCGATTCCCTCTAG-1_2","Sham","B-Mye",0.000914482186321064,7.60594537523921
"ATGGAGGTCGCCAGAC-1_2","Sham","B-Naive",-1.41957333891582,-0.291871163571516
"ATGGAGGTCTGAGAGG-1_2","Sham","B-Naive",-2.37502339689922,0.22484293249782
"ATGGGAGAGCGGCTCT-1_2","Sham","B-ActMem",3.40362784058857,4.4445252683514
"ATGGGAGTCACCCTGT-1_2","Sham","B-Naive",0.691469756672863,-2.70079467030827
"ATGGTTGAGTGCTAGG-1_2","Sham","B-Naive",0.680644003460888,-2.56614253255192
"ATTACCTCAAGAATGT-1_2","Sham","B-Naive",-0.92589488833141,-1.11429235669438
"ATTACCTCATATGAAG-1_2","Sham","B-Act1",-5.48527863829326,1.09223166895445
"ATTACCTGTAGCGTAG-1_2","Sham","B-Naive",2.46225711495686,-1.58866569730107
"ATTACTCTCCGTTGGG-1_2","Sham","B-Naive",-1.82474246828746,-0.200749489987532
"ATTATCCCATCTCAAG-1_2","Sham","B-Plasma",11.765984980176,0.956003476356825
"ATTCAGGCACGTGTGC-1_2","Sham","B-Naive",-2.34579399435711,-2.65574595662419
"ATTCATCCACGTTCGG-1_2","Sham","B-ActMem",4.61789080292988,1.02748367046352
"ATTCCATCAGCTGCCA-1_2","Sham","B-Naive",-2.74761441557598,-1.99652549954716
"ATTCCATTCTGCTTAT-1_2","Sham","B-Naive",-2.19736483900737,-2.12163493367497
"ATTCCCGAGTGCAGCA-1_2","Sham","B-Naive",1.2401445785265,-2.76814076634709
"ATTCGTTAGCTATCTG-1_2","Sham","B-Naive",-1.86482754557323,-2.02911493512456
"ATTCTTGCATGTGCTA-1_2","Sham","B-Act2",3.8331393876772,2.29107525614437
"ATTCTTGGTGTCTTCC-1_2","Sham","B-Naive",-2.87425235121441,-2.20997092458073
"ATTCTTGTCCATACTT-1_2","Sham","B-Naive",-2.56867745726299,-3.49575016232793
"ATTCTTGTCCCTCTCC-1_2","Sham","B-Naive",-1.75718203394603,-2.92423913213078
"ATTGGGTTCAAGTAAG-1_2","Sham","B-Naive",-2.3448460420866,0.860250320708116
"ATTGGGTTCTAGGAAA-1_2","Sham","B-Naive",1.5318264642458,0.466348555361589
"ATTTCTGAGCTCGCAC-1_2","Sham","B-Naive",2.57924982697773,-1.04131028386418
"CAACAGTCATCCGGTG-1_2","Sham","B-Naive",2.15741345078755,-2.56238887044255
"CAACCAAGTGCAGATG-1_2","Sham","B-Naive",-0.934033127715107,-3.72255298825566
"CAACCTCAGACGAAGA-1_2","Sham","B-ActMem",3.8381282964449,5.45536544588741
"CAACCTCTCCTGGGTG-1_2","Sham","B-Naive",-0.0153354948658907,-0.298297974789778
"CAACGATGTCCCAAAT-1_2","Sham","B-Naive",4.71069046647358,-1.10562894078557
"CAACGATTCCGATGTA-1_2","Sham","B-Mye",-0.745627792765614,7.8648064401501
"CAAGAGGGTCATTGCA-1_2","Sham","B-ActMem",3.21024939210225,4.99829461840328
"CAATACGCAAGGTTGG-1_2","Sham","B-Naive",-1.2466124614973,-2.86560079785649
"CAATTTCAGGCTTCCG-1_2","Sham","B-Naive",-0.878846796442982,-4.14695093365971
"CAATTTCCAGAGGAAA-1_2","Sham","B-Naive",-1.74416187613201,-0.76006552907292
"CAATTTCTCTTCGACC-1_2","Sham","B-Naive",4.56801983506489,-1.86233279439274
"CACAACAAGGTATAGT-1_2","Sham","B-Naive",-1.32866862623882,-2.21511409016911
"CACAACAGTATGCGTT-1_2","Sham","B-Naive",3.95804640443135,-2.38431212636296
"CACAGATAGGGATGTC-1_2","Sham","B-Act1",-3.81388095228862,1.20244975057777
"CACAGATGTCTACTGA-1_2","Sham","B-Naive",-1.24324038832378,1.64586111572917
"CACCGTTAGCCTTTGA-1_2","Sham","B-Naive",1.9905678907137,-1.32966134282414
"CACGAATAGGCTATCT-1_2","Sham","B-Naive",-2.43931535093975,-1.89611837598149
"CACGAATTCGTACCTC-1_2","Sham","B-Naive",-0.448227854659077,-3.82957145901982
"CACGGGTAGAAGCTCG-1_2","Sham","B-Naive",1.76416799218464,2.66085818079646
"CACGGGTAGTTGGACG-1_2","Sham","B-Act1",-3.22810891478252,-0.21708879205052
"CACGTGGAGTGCCTCG-1_2","Sham","B-Naive",-3.29514101355266,-2.9372651312
"CACTGAAAGTGCCTCG-1_2","Sham","B-Naive",0.120403243015293,-1.31988188954655
"CACTGGGCAGCCGGTT-1_2","Sham","B-Naive",1.45311447770405,2.1344517734402
"CACTGTCCAACCGCTG-1_2","Sham","B-Act1",-5.61557105391216,0.188250389372667
"CACTGTCCACTGGACC-1_2","Sham","B-Naive",-2.07727745382976,-4.00504419537846
"CAGATACTCATCCTAT-1_2","Sham","B-Mye",-0.888897212435719,7.46564319399532
"CAGATCAAGCTAGTTC-1_2","Sham","B-Naive",-0.872079463889118,0.471542027270158
"CAGCACGGTATCATGC-1_2","Sham","B-Naive",3.37635823876667,-2.66727468701665
"CAGCACGTCAGAGCGA-1_2","Sham","B-Naive",1.94972464234639,2.27306118277248
"CAGCCAGAGGATTACA-1_2","Sham","B-Naive",-1.45376315920543,-2.87430212231938
"CAGCGTGAGATTTGCC-1_2","Sham","B-Naive",0.494833616326336,-1.13977954121892
"CAGGCCACAAGAGTGC-1_2","Sham","B-Act1",-2.07222965567302,0.654241767203172
"CAGGGCTCAGACGGAT-1_2","Sham","B-Naive",4.00619312913227,-0.878675672734419
"CAGGTATAGGACCCAA-1_2","Sham","B-Naive",1.7633813300829,1.48226254848178
"CAGGTATAGGCTTCCG-1_2","Sham","B-Naive",-1.01960078089428,-3.91847679349248
"CAGGTATGTCAAGGCA-1_2","Sham","B-Naive",-0.684162887026783,-3.84779951306645
"CAGGTATTCCTGGTCT-1_2","Sham","B-Naive",-2.37288883536052,-1.81627151700322
"CAGTGCGGTTGAGTCT-1_2","Sham","B-Mye",-1.10820052235317,6.67354467180904
"CAGTGCGTCCGTGGGT-1_2","Sham","B-Act2",5.03058191926289,1.75876077679332
"CAGTTAGGTCACGACC-1_2","Sham","B-Act1",-3.4415347894926,-0.260292741978804
"CAGTTAGTCTGCTGAA-1_2","Sham","B-Naive",1.35516091973591,1.21673585144218
"CAGTTCCAGGCAGTCA-1_2","Sham","B-Act1",1.73056182057667,1.3745130863541
"CAGTTCCTCTGGCCTT-1_2","Sham","B-Act1",-5.38259366362285,2.16554823187526
"CATACAGTCATGCCCT-1_2","Sham","B-Naive",-1.6753063520689,-4.54831621381108
"CATACAGTCTCTGCTG-1_2","Sham","B-Naive",1.62983104378987,2.00191571978267
"CATACCCCACTTGGCG-1_2","Sham","B-Mye",-0.141065340702649,6.24205091265376
"CATAGACCACGCAGTC-1_2","Sham","B-Act1",-2.4400346597929,0.325786855494341
"CATAGACGTTCAATCG-1_2","Sham","B-Act1",-3.90428927748394,2.07757702139552
"CATAGACTCATTGTGG-1_2","Sham","B-Naive",-1.11871436445903,-4.68113538953129
"CATCCACTCAGACTGT-1_2","Sham","B-Act1",-4.32628539412212,-0.502145740712324
"CATCGCTCAGCTGAGA-1_2","Sham","B-Act1",-5.1934080442686,0.56702312496837
"CATCGGGCAGCCATTA-1_2","Sham","B-Naive",1.5391860881548,1.63253733185466
"CATCGGGTCGCAGTCG-1_2","Sham","B-Naive",2.42765900285054,-0.409862134183089
"CATCGTCCATAAGATG-1_2","Sham","B-Naive",1.2886806407671,0.798416447316965
"CATGCAACAACTGCTA-1_2","Sham","B-Naive",-0.808517785956379,-4.70242855283085
"CATGCAATCGCAGAGA-1_2","Sham","B-Naive",0.2082400301199,-2.78914830418889
"CATGCCTTCGCTCATC-1_2","Sham","B-Naive",1.548252312253,-3.23747083875004
"CATGCGGAGCAGTCTT-1_2","Sham","B-Act1",-1.66842308848095,-2.01747224065129
"CATGCGGAGCCTCACG-1_2","Sham","B-Naive",-1.40422490446758,-2.5884930822498
"CATGCGGAGGTCTGGA-1_2","Sham","B-Naive",0.55852266938496,2.16757860449489
"CATGCTCGTTTACTGG-1_2","Sham","B-Naive",-2.98152402250957,-3.19686481686894
"CATGGATAGAAGAACG-1_2","Sham","B-Naive",-3.02986219732952,0.139742102896532
"CATGGATGTTGCTAGT-1_2","Sham","B-Naive",3.62139889390278,0.301916327750047
"CATGGTAGTCCTTTGC-1_2","Sham","B-Naive",-1.88755062430095,-0.347574207509199
"CATTCCGTCCCTTCCC-1_2","Sham","B-Naive",-2.26978925078106,-3.61056110593144
"CATTGAGCAACCTAAC-1_2","Sham","B-Plasma",12.3744043985109,0.332038667475542
"CATTGCCGTACGTACT-1_2","Sham","B-Act1",-4.47739413588237,-0.649325225079695
"CATTGTTCAGAAGCTG-1_2","Sham","B-ActMem",3.46013042123127,5.16868808535274
"CATTGTTTCAGTGATC-1_2","Sham","B-Mye",-0.590244027068135,7.12295034197505
"CCAAGCGTCTGGAAGG-1_2","Sham","B-Mye",-0.302132906605717,6.11921336916622
"CCAATGACATGCGGTC-1_2","Sham","B-Act1",2.01013538033772,-2.43351528378789
"CCACAAAGTTCGTAAC-1_2","Sham","B-Act1",-3.76520684569072,0.751282033001741
"CCACGAGAGACCTTTG-1_2","Sham","B-Naive",-0.221422108103749,5.41570737627681
"CCACGTTGTTGTACGT-1_2","Sham","B-Naive",-0.994553836276051,-0.400377843106428
"CCACGTTTCGCGGTAC-1_2","Sham","B-Naive",-0.51090139358234,-2.62639114590947
"CCATAAGGTGGACTAG-1_2","Sham","B-Naive",0.951065985272411,0.0903644230717027
"CCATCACTCGTTGTAG-1_2","Sham","B-Naive",2.32915946633625,0.0965285566204392
"CCCATTGGTGGTCTAT-1_2","Sham","B-Act1",-3.03944114058208,1.06561191794809
"CCCGGAAAGCGTGTCC-1_2","Sham","B-Naive",-0.435393097092625,1.34373280075725
"CCCGGAATCAAGCTTG-1_2","Sham","B-Naive",-1.5396999439497,-2.89596912595097
"CCCTAACCACTTGTGA-1_2","Sham","B-Naive",4.06611725480366,-2.94798204633061
"CCCTCAACAGAGTGTG-1_2","Sham","B-Naive",2.05644008309651,1.35733168986972
"CCCTCAACATTGTAGC-1_2","Sham","B-Naive",0.603899923871044,1.25659274724658
"CCCTCTCAGGCAGGTT-1_2","Sham","B-Naive",4.01244827897358,-0.741074773991743
"CCCTGATTCCCTCTAG-1_2","Sham","B-Naive",-2.28987625448894,-3.26943514081303
"CCCTTAGGTCAAAGAT-1_2","Sham","B-Naive",0.872841505120281,1.37287002471622
"CCGAACGGTTCCAAAC-1_2","Sham","B-Mye",-0.274222450544354,5.98503711489376
"CCGATCTAGAAACTCA-1_2","Sham","B-Naive",-1.0183878263731,-1.81614086362187
"CCGCAAGCAATCTCTT-1_2","Sham","B-Naive",-1.48512771933269,-0.921632501805464
"CCGCAAGCATGACAAA-1_2","Sham","B-Naive",-3.40234521238994,-3.22819874020878
"CCGGACAAGTCGCTAT-1_2","Sham","B-Naive",-0.174576124389883,-0.624661180699507
"CCGGGTACACCGTGCA-1_2","Sham","B-Naive",0.102447060654644,-2.0366177293903
"CCGGTGAAGAGAGTGA-1_2","Sham","B-Act1",-1.85137215464306,2.87726309565242
"CCGGTGACAGCTTCCT-1_2","Sham","B-Naive",-2.68105653135967,-3.55500719281499
"CCGTAGGGTCCTTAAG-1_2","Sham","B-Mye",-0.496151449372288,6.32790687349971
"CCGTGAGAGATGAACT-1_2","Sham","B-Naive",-2.22811320631694,-2.45323369237248
"CCGTGAGTCTGAATGC-1_2","Sham","B-Act1",-3.35953334181499,2.19494369295772
"CCGTTCAGTCGTTGCG-1_2","Sham","B-ActMem",3.32644268662739,5.043767240321
"CCTAAGATCCAGTTCC-1_2","Sham","B-Act1",-2.11612573473644,1.2310837325209
"CCTACGTCAATGTTGC-1_2","Sham","B-Naive",3.67434951455403,-2.48315236302678
"CCTATCGGTCCAACGC-1_2","Sham","B-Naive",0.227231470654491,-1.7771064970142
"CCTCAACCACTGTTCC-1_2","Sham","B-Act1",-2.51779297201824,-0.895013782704512
"CCTCCAACACCGTCTT-1_2","Sham","B-ActMem",4.38338181168843,5.31034591463741
"CCTCCTCAGGCATGCA-1_2","Sham","B-Naive",-2.42116478293132,-4.07317182751957
"CCTCTAGCACCAGCCA-1_2","Sham","B-Naive",3.04444977433491,1.26056123939689
"CCTCTCCGTAAGTTGA-1_2","Sham","B-Act1",-4.37888434736919,1.13703997102912
"CCTCTCCTCACATTGG-1_2","Sham","B-Naive",-1.4682751020689,-4.32349655362431
"CCTGCATCAGGTGTGA-1_2","Sham","B-Naive",-1.69291940539074,-3.16164896222417
"CCTGCATGTTCGTGCG-1_2","Sham","B-Naive",-0.743443103720661,-2.66992685529057
"CCTTCAGCAGCCATTA-1_2","Sham","B-Naive",-0.537268491675373,-2.99115297528569
"CCTTGTGTCGTCCATC-1_2","Sham","B-Naive",2.6997677961092,1.84089561966594
"CGAAGTTGTCTTTATC-1_2","Sham","B-ActMem",3.24793240220356,3.33591606882747
"CGAATTGGTTGGACCC-1_2","Sham","B-Naive",-2.51529100744915,0.0349760320537889
"CGACAGCAGCTGGTGA-1_2","Sham","B-Act1",-0.363814668943402,-1.12528011533085
"CGAGGAACAAGTGATA-1_2","Sham","B-Naive",-2.2388832887907,0.045178678309282
"CGAGGAAGTCGTATGT-1_2","Sham","B-Naive",0.917496649334911,2.43924894598659
"CGAGGCTAGTCATGAA-1_2","Sham","B-Naive",-1.50268104880046,1.17103156117137
"CGATCGGCAGGTACGA-1_2","Sham","B-Naive",-0.136254936670181,-3.09465906354252
"CGCAGGTAGGTAGGCT-1_2","Sham","B-Naive",2.52918097169209,2.21445777682002
"CGCAGGTGTGACACGA-1_2","Sham","B-Naive",-0.296861233403202,-2.71151873799626
"CGCATAAGTCACTCTC-1_2","Sham","B-Mye",-0.358018787791249,7.24602916506465
"CGCCATTCATCGATGT-1_2","Sham","B-Naive",-0.731126638342854,1.37859859732326
"CGCCATTTCTTGGATG-1_2","Sham","B-Naive",0.647157458374981,1.30013322499927
"CGGAACCTCCGGTAAT-1_2","Sham","B-Act1",-4.91032126753521,1.89942773846324
"CGGAATTCATATAGCC-1_2","Sham","B-Naive",-2.00822940676403,-0.696074697697798
"CGGCAGTAGGTTCTAC-1_2","Sham","B-Naive",-0.37266737430286,-2.45030281277959
"CGGCAGTGTATTCCGA-1_2","Sham","B-Act1",-5.04314807264995,1.99804898766216
"CGGGACTCACCAGTTA-1_2","Sham","B-Naive",0.264406798193935,-0.79928467007939
"CGGGCATAGAAGAGCA-1_2","Sham","B-Naive",0.13408419282246,-1.202321979726
"CGGGTGTGTATGATCC-1_2","Sham","B-Naive",1.50973662526417,2.2580919530743
"CGGTCAGAGAAAGCGA-1_2","Sham","B-Naive",-0.773621173789021,1.21534226504501
"CGTAGTAGTAGGCTGA-1_2","Sham","B-Naive",2.86164471299458,-0.242990467274824
"CGTCAAAAGATGTTAG-1_2","Sham","B-Act2",-3.51390007345867,-2.00454947682683
"CGTCAAACAAATTAGG-1_2","Sham","B-Naive",-2.33956411688518,0.147051420485338
"CGTCAAAGTAGAAACT-1_2","Sham","B-Naive",1.99021264703083,-1.73474333020512
"CGTCAAATCCTATGGA-1_2","Sham","B-Mye",-0.792327137877461,6.52760961321529
"CGTCAAATCGAGAAAT-1_2","Sham","B-Naive",-1.36452010481548,0.908755865370592
"CGTCCATGTATGAGAT-1_2","Sham","B-Naive",-0.853452297141072,-1.17537281247441
"CGTGAATCACAAGGTG-1_2","Sham","B-Naive",-3.14506915419292,-1.25297305318181
"CGTGATATCCAAGGGA-1_2","Sham","B-Act1",-1.20619836657238,0.667961743151506
"CGTGCTTAGGGATCGT-1_2","Sham","B-Naive",-0.0972546806831324,-0.916634294713179
"CGTGCTTTCGACACCG-1_2","Sham","B-Naive",-1.41021052210521,-1.36054680081669
"CGTTAGAGTTCCAGGC-1_2","Sham","B-Naive",-1.26384428351116,-2.7800225946552
"CGTTCTGAGGCCCAAA-1_2","Sham","B-Naive",-3.36686638205242,-0.893673155034224
"CTAACCCTCACTCACC-1_2","Sham","B-Naive",-1.38712302057933,-3.46148369046513
"CTACAGACACGATTCA-1_2","Sham","B-Naive",-2.74618843405437,-0.0161189767963088
"CTACATTGTCAGTCCG-1_2","Sham","B-Naive",-0.438435139348026,-3.6369869444019
"CTACATTTCGTTGTGA-1_2","Sham","B-Naive",-0.860412510325428,-0.240724894726912
"CTACCTGAGATAGGGA-1_2","Sham","B-Naive",-1.07253816931438,0.647522893225511
"CTACCTGAGGCCACCT-1_2","Sham","B-Naive",-0.41006869285297,-3.95563766690556
"CTACCTGAGTCGAAGC-1_2","Sham","B-Naive",-0.449518265416142,-0.914913747037092
"CTACCTGTCGGTGAAG-1_2","Sham","B-Mye",-0.237814413597103,6.09185054567989
"CTAGGTAAGACAGCTG-1_2","Sham","B-Act1",-5.07921508162212,0.150101747786363
"CTATAGGAGTGACCTT-1_2","Sham","B-Act1",-5.24102214186382,0.754624125038942
"CTATAGGGTGATAGTA-1_2","Sham","B-Naive",-1.31894794314098,-1.82232496472661
"CTATCCGCAACACAGG-1_2","Sham","B-Naive",3.59689327866841,0.350511994635423
"CTATCCGTCATCCTAT-1_2","Sham","B-Naive",0.625803617547039,-2.77930519315068
"CTATCTATCGATCCAA-1_2","Sham","B-Mye",-0.730418713976856,6.63560893801387
"CTCAAGACATCTGCGG-1_2","Sham","B-Act1",-5.48751595823955,0.915324222719034
"CTCAAGAGTTAGAGAT-1_2","Sham","B-Naive",1.63500544221211,-0.241340253079573
"CTCAATTAGGCGATAC-1_2","Sham","B-Act1",-0.629147621085163,6.72656896380123
"CTCAATTTCGGTCACG-1_2","Sham","B-Naive",0.875651566098217,-1.89399049016301
"CTCACTGCACGGGCTT-1_2","Sham","B-Act1",-2.37141993849468,1.62122085360225
"CTCACTGTCTGTCCCA-1_2","Sham","B-Naive",0.418590931008343,-3.29979393216435
"CTCAGGGGTTGAGAGC-1_2","Sham","B-ActMem",3.48167940766621,4.06707933214839
"CTCATCGGTTACACTG-1_2","Sham","B-Act1",1.39033123643208,-0.932157609189192
"CTCATTAGTGGCTAGA-1_2","Sham","B-Naive",-3.34139707892131,-2.59853074284855
"CTCCACACACAAAGCG-1_2","Sham","B-ActMem",-2.66987827627849,-1.60566684933964
"CTCCACAGTGTTCATG-1_2","Sham","B-Naive",4.51092526109028,-2.26396939488713
"CTCCCTCGTCCGTACG-1_2","Sham","B-Naive",-2.43261531202984,-2.61285326215092
"CTCCGATGTGAATTAG-1_2","Sham","B-Naive",1.97607037217427,-0.244935962880293
"CTCGAGGAGGGTACGT-1_2","Sham","B-Naive",0.906381813595775,0.901587304150423
"CTCTCAGTCCCATAGA-1_2","Sham","B-Naive",-2.2299287637968,-1.53654787274663
"CTCTCAGTCGCTTGAA-1_2","Sham","B-Naive",4.49789234788227,-2.67730734082524
"CTCTCGACAATCCAGT-1_2","Sham","B-Naive",0.390262452672008,-4.09305975171391
"CTCTCGAGTCAGTCGC-1_2","Sham","B-Naive",1.5043526569109,-0.09453556271855
"CTGAGGCAGATGCGAC-1_2","Sham","B-Naive",-0.270951288034435,-2.38153407307927
"CTGATCCAGAGTTGAT-1_2","Sham","B-Naive",2.94749733598042,2.28245475557979
"CTGATCCAGCGATTCT-1_2","Sham","B-Naive",4.71678730637837,-0.613555643284956
"CTGCCATCATCGCCTT-1_2","Sham","B-Naive",3.29968902261067,-0.883273098195235
"CTGGTCTAGTAAGAGG-1_2","Sham","B-Naive",-4.44478085844707,0.368984546934923
"CTGTACCCAGGTGACA-1_2","Sham","B-Naive",-2.30299905150127,-0.109070036137739
"CTGTATTAGAGTCACG-1_2","Sham","B-Naive",-1.90604809134197,1.38676687744792
"CTGTGAATCCTATTTG-1_2","Sham","B-Naive",2.98696061761189,-2.736262056554
"CTTAGGAAGAAGCGAA-1_2","Sham","B-Act1",-5.34028056471538,0.741890427147707
"CTTCAATTCAGCAATC-1_2","Sham","B-Naive",1.13070437104512,-1.22817251416508
"CTTCCGATCCGAAGGA-1_2","Sham","B-Naive",-0.544828029562947,1.54650142458614
"CTTCCTTAGGTAGTAT-1_2","Sham","B-Naive",-1.41929486601543,-2.55673405858342
"CTTCCTTGTGACACGA-1_2","Sham","B-Act1",-0.833925934721943,7.55980708864864
"CTTCGGTGTGACCGTC-1_2","Sham","B-Act1",-3.07638386099529,0.965152007018884
"CTTCTCTCACAATGAA-1_2","Sham","B-ActMem",3.14073344857502,4.72575691012081
"CTTGAGAGTGGACCTC-1_2","Sham","B-Naive",-1.46681645720195,-0.882698271001021
"CTTTCGGGTGGTCTCG-1_2","Sham","B-Act1",-3.91082170813274,1.53655481008228
"GAAACCTTCCACGTCT-1_2","Sham","B-ActMem",3.56726023347187,5.641019609248
"GAAACCTTCCGCCTAT-1_2","Sham","B-Naive",-0.400087924887654,-1.71547887059514
"GAAATGAAGTCGCCAC-1_2","Sham","B-Naive",0.472632257054333,1.4196014967316
"GAAATGAGTGTTCCTC-1_2","Sham","B-Act1",-3.5789552053709,0.819150206124147
"GAACGTTCATCTCGTC-1_2","Sham","B-Naive",-3.17617944090557,-0.955979916775862
"GAAGAATAGCGACAGT-1_2","Sham","B-Mye",-0.656853946139332,7.73265579012569
"GAAGAATGTCTCGCGA-1_2","Sham","B-Act1",-0.430473746945378,1.30780276325878
"GAAGAATGTGAACTAA-1_2","Sham","B-Naive",0.61762067467976,1.23552778032955
"GAAGAATTCACGTAGT-1_2","Sham","B-ActMem",2.560463873456,3.07611873415645
"GAAGAATTCATCTATC-1_2","Sham","B-Naive",-1.85584774820995,-4.16775629254643
"GAAGCCCCATAGTCGT-1_2","Sham","B-Act1",-2.66474822371196,1.40214526323017
"GAAGGACAGGCTTAGG-1_2","Sham","B-Act2",5.0333175340395,1.09793340457018
"GAAGGACCAACGACAG-1_2","Sham","B-Act1",-1.67218914835643,2.2571952607983
"GAAGTAAGTAGCTCGC-1_2","Sham","B-Naive",-1.87481656878185,0.225860204970201
"GAAGTAATCACTGTCC-1_2","Sham","B-Naive",-1.22066691725444,-4.30524036618535
"GAATCACCATGACTAC-1_2","Sham","B-Naive",-1.0873512944479,-1.61305830212895
"GAATCACGTTCCGCTT-1_2","Sham","B-Naive",-2.33620503752422,-1.02200767728154
"GACATCAAGAGTCTGG-1_2","Sham","B-Naive",-1.54871192782116,-3.60579988690678
"GACATCAAGGACTTCT-1_2","Sham","B-Naive",0.567634550641063,-3.36327097150151
"GACATCAAGGTTAAAC-1_2","Sham","B-Naive",-2.53526357023906,-1.08128878804509
"GACATCAGTTCCTACC-1_2","Sham","B-Naive",2.29544445664692,-2.21220419141118
"GACCCAGCAACGGTAG-1_2","Sham","B-Act1",-3.50745466559124,0.220344391142687
"GACCCTTAGATTGAGT-1_2","Sham","B-Naive",-1.10303929655742,-0.808422181332747
"GACCGTGCAACACGAG-1_2","Sham","B-Naive",-0.39133227079105,1.38632243541416
"GACGCTGGTGTTCAGT-1_2","Sham","B-Act1",-4.93679335921001,1.79041340616878
"GACGTTATCACAACCA-1_2","Sham","B-Naive",-0.953667910983082,-3.30068561765019
"GACTATGAGTATGTAG-1_2","Sham","B-Naive",0.0983716377716101,-3.03914758893315
"GACTGATAGGTGCGAT-1_2","Sham","B-Naive",0.523970393250469,1.79644807842906
"GACTGATCAACCAACT-1_2","Sham","B-Naive",4.13974424989033,-2.34363815518681
"GACTTCCCACACGTGC-1_2","Sham","B-Naive",-2.59562900870037,0.484814908778032
"GAGAAATGTTGGCCTG-1_2","Sham","B-Naive",-0.112353670624312,-3.09764311047856
"GAGAAATGTTTCCCAC-1_2","Sham","B-Naive",2.77170702607441,0.239282038485368
"GAGACCCAGCACTCTA-1_2","Sham","B-Naive",2.57188579232502,2.55160417822536
"GAGACTTGTTACCTGA-1_2","Sham","B-Naive",-1.96003666727733,-3.66938326093022
"GAGATGGGTGCGAACA-1_2","Sham","B-Naive",2.1079926171999,0.728875931774934
"GAGCCTGAGGGAGATA-1_2","Sham","B-Naive",-0.839160831858631,1.35637190607723
"GAGCTGCAGGTAATCA-1_2","Sham","B-Naive",-1.34369793741893,0.668724742209276
"GAGTCTAAGGTAGTCG-1_2","Sham","B-Naive",1.30242046506214,-1.45542762013737
"GAGTGTTTCACCTGTC-1_2","Sham","B-Act1",-1.83360949366283,1.5757286217564
"GAGTTACTCCGCAACG-1_2","Sham","B-Act1",-5.36492207853984,1.0002233502024
"GAGTTTGAGCGCCTTG-1_2","Sham","B-Naive",-0.490578653504368,-0.686054799283186
"GATAGAAGTACAGCGA-1_2","Sham","B-Naive",-1.20681682436657,-1.06681344243352
"GATCACATCGCTTGAA-1_2","Sham","B-Naive",-1.6834199747343,-3.30869409772221
"GATCAGTTCGCGCTGA-1_2","Sham","B-Naive",1.87100061566639,1.29050632980998
"GATCCCTAGGCTAACG-1_2","Sham","B-Naive",-3.67737964003276,-2.31632921429936
"GATGACTTCTAAGGAA-1_2","Sham","B-Naive",3.88353487641621,-2.06429311963383
"GATGGAGAGCACTAGG-1_2","Sham","B-Naive",-1.03433570473385,-0.475956175053755
"GATGGAGCATGACAGG-1_2","Sham","B-Naive",-1.15601530878734,-0.204339954579512
"GATGTTGAGGGACAGG-1_2","Sham","B-ActMem",4.24793574006367,5.00591662195857
"GATGTTGCAACCACAT-1_2","Sham","B-Act1",-4.06342652647686,0.942386109804472
"GATGTTGCAAGATGTA-1_2","Sham","B-Act1",-2.86810592024517,1.74720635679897
"GATTCGACAATAGTCC-1_2","Sham","B-Naive",-3.38180211394024,-0.74556038113896
"GATTCGATCTGGTCAA-1_2","Sham","B-Act1",-1.48509219496441,-0.727968666279951
"GATTGGTAGCATGCGA-1_2","Sham","B-Naive",4.35147997529316,-1.80689594479863
"GATTGGTTCAGCGTCG-1_2","Sham","B-Act1",-4.79913524000835,1.23116707471546
"GATTTCTCAGCTCGGT-1_2","Sham","B-Act1",-3.81173709242534,-0.0208137962466872
"GCAACATAGCGCCATC-1_2","Sham","B-Naive",0.864352671216015,-3.18081257077519
"GCACGTGAGCATGAAT-1_2","Sham","B-Naive",1.7095311561327,2.48736324576076
"GCAGCTGGTAGAGGAA-1_2","Sham","B-Naive",1.1092497983675,-1.49535557957951
"GCAGCTGTCATTTGGG-1_2","Sham","B-Naive",-0.70566132872295,-3.04172107907597
"GCAGGCTAGGCGTTGA-1_2","Sham","B-Naive",-1.4065188488264,0.469933953558763
"GCAGTTAGTGTTCATG-1_2","Sham","B-ActMem",3.72053429276753,4.30085065630611
"GCATCTCAGGCTTAAA-1_2","Sham","B-Naive",-0.930901738097187,-3.751079294408
"GCATCTCCACTCCTTG-1_2","Sham","B-Naive",-1.58917609064769,-2.33194443913762
"GCATCTCCATCGAACT-1_2","Sham","B-ActMem",4.13321062714863,4.78979089525875
"GCATGATTCAGGCGAA-1_2","Sham","B-Naive",-0.413866283585545,1.24356728461917
"GCCAGCATCTGGACCG-1_2","Sham","B-Act1",-3.1380966028471,1.0525653375813
"GCCAGTGAGCCGCTTG-1_2","Sham","B-Act1",-5.42794183104229,1.13098295447763
"GCCAGTGTCGGAACTT-1_2","Sham","B-Act1",-2.07566407530498,1.56351765659984
"GCCATTCCAATCGAAA-1_2","Sham","B-Naive",-1.5329050144453,-4.51994726392094
"GCCCAGAAGCAACCAG-1_2","Sham","B-Act1",-3.89572599737835,1.45922159818347
"GCCCAGATCATGGGAG-1_2","Sham","B-Naive",4.05035015733052,-2.47256371709172
"GCCCGAAAGTGCCTCG-1_2","Sham","B-Mye",-0.755654784132954,6.71750333574947
"GCCCGAAGTCCGCAGT-1_2","Sham","B-Naive",0.856458214829449,-0.305278513158003
"GCCGTGACAGCTCTGG-1_2","Sham","B-Naive",-1.60158971159649,-1.98737022610966
"GCCGTGAGTGACTCGC-1_2","Sham","B-Naive",-2.44239810316753,-1.43660757275883
"GCCGTGATCATCGCTC-1_2","Sham","B-Act1",-5.60822776167583,0.367201056753954
"GCGAGAAGTGTGTGGA-1_2","Sham","B-ActMem",3.00957628876973,4.74378779200252
"GCGATCGTCGAATCCA-1_2","Sham","B-Act2",-2.73688772528362,-1.32925650807683
"GCGTGCAGTGCGTTTA-1_2","Sham","B-ActMem",3.19173666627217,5.20736100939449
"GCGTTTCCAATCCTAG-1_2","Sham","B-Naive",2.94821569115925,1.28967187968429
"GCTACAACAGCTACTA-1_2","Sham","B-Naive",-1.57171490996074,-1.61149093838994
"GCTACCTCAAATCAGA-1_2","Sham","B-Naive",-1.243331464221,-1.72315499516789
"GCTACCTGTTAAGTCC-1_2","Sham","B-Naive",-3.16600206701946,-3.0583097669727
"GCTCAAAAGAGGATGA-1_2","Sham","B-Act2",4.84089180619526,1.58500376013454
"GCTGGGTAGGGCCAAT-1_2","Sham","B-Mye",-0.465165438343998,6.53334739473995
"GCTTCACAGTATCCTG-1_2","Sham","B-Naive",-1.26952222197246,-3.79839632245366
"GCTTCACAGTCGCCAC-1_2","Sham","B-Act1",-2.32485559790325,2.22840693262752
"GCTTGGGCACCGCTGA-1_2","Sham","B-Naive",4.40313717515278,-0.786527130330244
"GCTTGGGGTGGAGAAA-1_2","Sham","B-Naive",-1.86854723303508,-0.862893078053633
"GCTTTCGCAACTGAAA-1_2","Sham","B-Naive",-1.79147973864269,-0.0947223636752761
"GCTTTCGCACAGCTGC-1_2","Sham","B-ActMem",3.9957518258791,3.60077765253719
"GCTTTCGCACTGTGAT-1_2","Sham","B-Act2",4.30756470353413,0.64071526793178
"GGAACCCGTTGCCGCA-1_2","Sham","B-Act1",-3.72620514242839,1.89508792427715
"GGAATCTGTACGATCT-1_2","Sham","B-Act1",-3.67057112066936,0.591858592306932
"GGAATGGTCTTCTTCC-1_2","Sham","B-Act2",4.84169146210957,1.06102744345899
"GGACGTCCAAACACGG-1_2","Sham","B-Naive",2.63245150239277,1.07371446718808
"GGACGTCGTCTTTCTA-1_2","Sham","B-Act2",3.47226735741902,2.98300483492549
"GGAGATGCATCGTGGC-1_2","Sham","B-Act2",-3.15857222883892,-1.42420718404118
"GGAGGTACAGCAGGAT-1_2","Sham","B-Naive",-0.25106986074638,-0.760378334248701
"GGATCTACACACTGGC-1_2","Sham","B-Naive",-0.606976868798252,-2.69956848355595
"GGCAGTCTCCGGTAAT-1_2","Sham","B-Naive",-0.702321382452961,-1.7679364416248
"GGGACCTCAAATACGA-1_2","Sham","B-ActMem",3.58555504472065,5.56271817949947
"GGGACTCTCGATTGGT-1_2","Sham","B-Act1",-3.99146583883953,2.21492615011867
"GGGAGTATCCACAGGC-1_2","Sham","B-Act1",-4.05872181265545,-0.163498613560835
"GGGATGAGTCCTCCTA-1_2","Sham","B-Naive",4.52335926682759,-1.75609919759099
"GGGCCATAGGTGCCAA-1_2","Sham","B-Naive",-0.131491353948828,-1.0275480482227
"GGGCCATTCCAACACA-1_2","Sham","B-Naive",4.42424627930928,-2.62570211621586
"GGGCGTTGTGCTCCGA-1_2","Sham","B-Act2",5.12368389756489,1.87383719948467
"GGGCTACTCAGCGGAA-1_2","Sham","B-Naive",4.20593926102925,-2.22012612553898
"GGGTATTTCACCTACC-1_2","Sham","B-Naive",1.29317495019245,1.707405891692
"GGGTATTTCTAGCCAA-1_2","Sham","B-Naive",1.43578323514271,-0.0134556028491652
"GGGTCACGTACCGGAA-1_2","Sham","B-Naive",2.21190473229695,1.1218859445804
"GGGTGAACAGCTCTGG-1_2","Sham","B-Naive",1.41421100289631,1.66440960434612
"GGGTTATTCACTACGA-1_2","Sham","B-Naive",-0.292613806416508,1.54499801663097
"GGTAACTAGACAGCTG-1_2","Sham","B-Naive",-1.39374616949749,-0.746067735875288
"GGTAACTAGTTCAACC-1_2","Sham","B-Act1",-5.45342543928814,0.0253345039242112
"GGTAATCGTGACTAAA-1_2","Sham","B-Act1",-0.829510482241627,2.16636541155513
"GGTAATCGTTGTACGT-1_2","Sham","B-Act1",-4.11954310743999,0.97850204673942
"GGTAGAGGTGGCGCTT-1_2","Sham","B-Act2",5.03340145737934,1.13407671866353
"GGTAGAGTCTCCAATT-1_2","Sham","B-Naive",4.97787567765522,-2.02687070103947
"GGTCACGAGATTCGCT-1_2","Sham","B-Naive",-0.00609687178325291,2.03629395035442
"GGTCACGCATTCACCC-1_2","Sham","B-Mye",-0.395052524497029,6.16079070833858
"GGTCACGGTGAGAGGG-1_2","Sham","B-Naive",3.1861016431551,-1.47564623090092
"GGTGAAGCAAACGTGG-1_2","Sham","B-Mye",-0.437922330786701,8.07387044695552
"GGTGATTAGATAGCTA-1_2","Sham","B-Naive",-1.67845347731304,-4.69998142453496
"GGTGATTCATCGTCCT-1_2","Sham","B-Naive",-1.06211850254726,-2.40515610905949
"GGTGTCGCACATTGTG-1_2","Sham","B-Naive",4.41730877549458,-1.38489410611455
"GGTGTCGTCTTTGCAT-1_2","Sham","B-Act1",-5.0663328489561,2.21829059389766
"GGTTAACAGGAGAGTA-1_2","Sham","B-Naive",-0.645027192522999,0.479887213980516
"GGTTCTCAGTAGACCG-1_2","Sham","B-Naive",-0.766133519103047,-1.91774365636174
"GGTTCTCAGTCTAGAA-1_2","Sham","B-Naive",-2.55938676207256,1.26409944561656
"GTAACACGTAATTAGG-1_2","Sham","B-ActMem",3.12728807122517,3.80357148913082
"GTAACACTCAGTCCGG-1_2","Sham","B-Act1",-2.92840698569011,1.72614219454463
"GTAACACTCATTACTC-1_2","Sham","B-Naive",0.313180295536999,-2.21497032376591
"GTAAGTCCAGCATACT-1_2","Sham","B-Naive",-0.550246330191609,-1.45570990773503
"GTAAGTCCATGAATAG-1_2","Sham","B-Act2",3.96438786179829,1.77356162337001
"GTACAGTCATGGAGAC-1_2","Sham","B-ActMem",3.23231050164509,3.77612378863033
"GTACAGTGTTTGGAGG-1_2","Sham","B-Naive",-1.6528784355421,-4.72569534512822
"GTAGAAACACTCCCTA-1_2","Sham","B-Act1",-4.08901599257183,-0.228688928807417
"GTAGAGGGTCGAAACG-1_2","Sham","B-Act1",-4.01443985312175,1.82983228233989
"GTAGATCCAATAGGGC-1_2","Sham","B-Naive",3.29490825326252,2.75088730124172
"GTAGATCCATGGAAGC-1_2","Sham","B-Naive",3.73037120492268,-0.835516068661848
"GTAGATCTCCCGAACG-1_2","Sham","B-Mye",-0.30452031104755,6.56257560518917
"GTAGCTAAGACTCCGC-1_2","Sham","B-Naive",0.45400127560902,-2.10539195271794
"GTAGGAGGTTTACGAC-1_2","Sham","B-ActMem",4.06869455964375,4.18007591036495
"GTAGGAGTCCGCAAAT-1_2","Sham","B-Act2",-3.51829031317424,-0.583505723202864
"GTCAAACCAGCAGATG-1_2","Sham","B-Naive",2.75636288316059,2.59065690306362
"GTCACGGAGATCGGTG-1_2","Sham","B-Naive",-3.45620563833904,-0.629777404988447
"GTCACTCTCTCATGCC-1_2","Sham","B-Act1",-2.94826057760906,-0.842743966305891
"GTCAGCGTCTGAGGCC-1_2","Sham","B-Naive",-2.62176564543438,-0.416069600308577
"GTCATGAAGGGAGGCA-1_2","Sham","B-Act1",-4.99579146712017,2.32302716044124
"GTCATGACAACAGCCC-1_2","Sham","B-Naive",-1.96939626543712,-3.63821289273564
"GTCATTTGTAGCTGCC-1_2","Sham","B-Act1",-5.2598429044981,0.796314057385286
"GTCATTTTCATGGAGG-1_2","Sham","B-Naive",-0.64750817625713,0.703590181147417
"GTCCACTAGCGAGTAC-1_2","Sham","B-Naive",3.80286428124714,-1.96320841046635
"GTCCTCAGTACGAGCA-1_2","Sham","B-Naive",4.43315693528462,-0.82476803990666
"GTCGTAAAGACGAAGA-1_2","Sham","B-Act1",-1.44030216543865,2.41262784269985
"GTCGTTCCAAATTGCC-1_2","Sham","B-Naive",-2.25837210028362,1.13514498290952
"GTCGTTCCACCATATG-1_2","Sham","B-Mye",-0.283138023902889,6.64475562838252
"GTCGTTCCAGGACAGT-1_2","Sham","B-Naive",-2.42060354559612,0.494897570883592
"GTCGTTCCATATACCG-1_2","Sham","B-Act1",-3.07275989859295,1.98087456492122
"GTCTACCGTCGAACAG-1_2","Sham","B-Naive",-2.05307880251598,-0.564925882542769
"GTGACGCTCCGCTGTT-1_2","Sham","B-Naive",1.57212003857899,-0.550645682538191
"GTGAGTTGTACGCTAT-1_2","Sham","B-Naive",-0.212748827626225,-4.65837356778447
"GTGAGTTGTCGTCTCT-1_2","Sham","B-Naive",4.67358967454243,-1.61295172902409
"GTGAGTTGTGGCATCC-1_2","Sham","B-Naive",4.08738943726826,-0.790909621442
"GTGATGTGTGCATGAG-1_2","Sham","B-Naive",2.90127703339863,1.54919472006496
"GTGCTTCCAGGCGTTC-1_2","Sham","B-Naive",-1.49723378031444,-4.40922329160039
"GTGCTTCTCGTGCATA-1_2","Sham","B-Naive",1.52166196496296,1.70732828644451
"GTGGCGTAGTTGGGAC-1_2","Sham","B-Naive",1.47380849511433,2.79701724318202
"GTGTGATAGGTTCCGC-1_2","Sham","B-Naive",0.616285649846081,-1.78282973500554
"GTGTGGCAGTCCCAAT-1_2","Sham","B-Naive",-2.6830926260252,-0.352381918156782
"GTTACCCCAACTCATG-1_2","Sham","B-Naive",-2.97244289725017,-2.47002122136418
"GTTACGAAGATCGACG-1_2","Sham","B-Act1",-2.65374949782085,0.656002428805193
"GTTAGACAGTAGCAAT-1_2","Sham","B-Naive",-0.559756370474812,-1.51677105161015
"GTTATGGGTTCGATTG-1_2","Sham","B-Naive",-0.41693845598888,-2.68363806935612
"GTTCATTGTTCAGCGC-1_2","Sham","B-Naive",-0.314715625931736,-3.01378843518559
"GTTCGCTAGGAACTAT-1_2","Sham","B-Naive",3.69955512673664,-2.14074275227849
"GTTCTATCAGGCAATG-1_2","Sham","B-Naive",-0.518619450022694,1.84047159222301
"GTTGAACAGCTGTTCA-1_2","Sham","B-Act1",-1.49576166479778,2.38613608149227
"GTTGAACCAATAACGA-1_2","Sham","B-Naive",-0.758947523524281,1.09844218981799
"GTTGTAGTCAAGCGTT-1_2","Sham","B-Naive",2.44474193246174,3.31618836191829
"GTTGTCCGTTGATCGT-1_2","Sham","B-ActMem",3.06582280785847,4.9982350137585
"GTTTACTTCGCTGATA-1_2","Sham","B-Act1",-1.21715644209575,1.99369772938426
"GTTTGGATCAAGTCGT-1_2","Sham","B-Act1",-1.59867194502544,1.39805596736606
"TAACACGAGGGCAGAG-1_2","Sham","B-Naive",-2.01111164896679,1.02493438166912
"TAACACGTCGTACACA-1_2","Sham","B-Naive",-0.828443439890858,-3.39718076916997
"TAACCAGCAGGAATCG-1_2","Sham","B-ActMem",4.32036682755757,5.13752916124996
"TAACCAGGTGAAAGTT-1_2","Sham","B-Naive",-0.518133701970097,0.589813318526109
"TAACCAGTCGAGAAAT-1_2","Sham","B-ActMem",3.1808104196291,4.75055578020748
"TAACGACGTAGAGCTG-1_2","Sham","B-Naive",0.0275149771671331,1.35261350539859
"TAACTTCAGATTCGCT-1_2","Sham","B-Naive",-3.20066288321209,-3.27029058667485
"TAAGCACCAAAGCAAT-1_2","Sham","B-Naive",4.51712175996113,-1.76773259373967
"TAAGCCAAGACTCTTG-1_2","Sham","B-Naive",3.66083618790913,-0.541090223515669
"TAAGCCATCTCATTTG-1_2","Sham","B-Naive",-0.65881428330135,-4.00570080014531
"TAATCTCGTTGTCATG-1_2","Sham","B-Naive",-0.454101653983113,1.7415423062199
"TAATCTCTCTACGCAA-1_2","Sham","B-Naive",0.243324903557781,-0.256739947522322
"TAATTCCGTCTCAAGT-1_2","Sham","B-Mye",-0.075386753519293,7.47486045626338
"TAATTCCGTCTTCGAA-1_2","Sham","B-Naive",1.4310180822115,-2.99482509824101
"TACACCCGTGGTCTGC-1_2","Sham","B-Naive",-3.57522824614238,-0.689289424145857
"TACAGGTTCTGGCCTT-1_2","Sham","B-Mye",-0.242642538835522,7.78380468157466
"TACCCACTCCACAAGT-1_2","Sham","B-Naive",-1.1300216039915,-0.468035790646712
"TACCCGTAGCTGACTT-1_2","Sham","B-Act1",-3.70160535185527,-0.000569793904463101
"TACCCGTCAGTAACGG-1_2","Sham","B-Naive",-0.423720123459812,1.58531668451961
"TACCGAATCCATGATG-1_2","Sham","B-Naive",-1.55048564284038,-2.39773747655217
"TACCGGGCACACACGC-1_2","Sham","B-Naive",2.38225862176228,-1.64372942181889
"TACCTGCCATTCCTCG-1_2","Sham","B-Naive",-0.540122540881153,-4.03321478101079
"TACCTGCGTGTGTCGC-1_2","Sham","B-Naive",0.584120539734844,0.694324251686891
"TACGGGCTCACCCTCA-1_2","Sham","B-Naive",-0.956603499342915,-1.61673757764165
"TACGTCCCACTGCACG-1_2","Sham","B-Naive",4.36379334122944,-2.25637123318974
"TACTGCCAGCAGGGAG-1_2","Sham","B-Naive",-2.43554571478557,-3.97569153043095
"TACTGCCCAGGCTTGC-1_2","Sham","B-Naive",-0.224171223332401,-2.72612879010502
"TACTGCCGTCAAGCGA-1_2","Sham","B-Naive",-2.31043651907634,-1.68070122929875
"TACTGCCTCTGGAAGG-1_2","Sham","B-Naive",0.253233818123821,-2.93468711110417
"TACTTACAGGATAATC-1_2","Sham","B-Naive",4.47895714433003,-2.283137056554
"TACTTACGTGGCTACC-1_2","Sham","B-Naive",4.65387722642231,-1.210378620351
"TACTTACTCGAGAACG-1_2","Sham","B-Naive",-2.79580024092388,-3.65977260800664
"TACTTGTTCTTTACAC-1_2","Sham","B-Naive",-1.88934317438793,-3.96400377484624
"TAGACTGCAAACTGCT-1_2","Sham","B-Naive",-1.59433654158306,-3.73458740445439
"TAGACTGCACGCGTCA-1_2","Sham","B-Naive",2.87662312180806,-1.04389140340153
"TAGGAGGGTGCTGATT-1_2","Sham","B-Naive",1.62989386708546,1.85403021839794
"TAGGGTTTCCCGGTAG-1_2","Sham","B-Naive",0.699379650662426,0.141408887183031
"TAGGTACGTATGGAAT-1_2","Sham","B-Naive",0.92458233029652,2.31996884611781
"TAGGTACGTATTCTCT-1_2","Sham","B-Naive",-1.34652665465068,-3.69185373517338
"TAGGTTGGTGGAAATT-1_2","Sham","B-Naive",-2.83648303358745,-3.56699011060063
"TAGTGCAAGCATCCTA-1_2","Sham","B-Mye",-0.896882208277699,6.77388074663814
"TAGTGCACAATACGCT-1_2","Sham","B-Naive",-1.27714172213268,-2.12688848706547
"TATACCTTCCAATGCA-1_2","Sham","B-Naive",1.19910856873799,1.87017413643535
"TATCAGGGTTCTTCAT-1_2","Sham","B-Naive",-2.41367581694317,-0.888644787991682
"TATCAGGTCGCACGAC-1_2","Sham","B-Mye",-0.291994350244518,6.09806945589717
"TATCCTAAGGGCCCTT-1_2","Sham","B-Act2",4.61767145783711,1.15080225882467
"TATCCTAGTATCTTCT-1_2","Sham","B-Naive",-1.50642636625957,-4.05132791730229
"TATCCTAGTCATCGCG-1_2","Sham","B-Naive",-2.18557670920086,-0.352775070393721
"TATCGCCCATTCTCCG-1_2","Sham","B-Act1",-5.50826838820171,1.47804399994548
"TATCTGTAGCATCCTA-1_2","Sham","B-Naive",4.42131849915791,-2.72018048497502
"TATCTGTTCCTGTAGA-1_2","Sham","B-Naive",-1.14122775404644,-0.983849022114912
"TATGTTCAGCTAATGA-1_2","Sham","B-Mye",-0.324121969034191,7.48795011309322
"TATTGGGAGTATAGAC-1_2","Sham","B-Naive",-1.23319259493541,-2.66508862706486
"TATTTCGTCGCGCTGA-1_2","Sham","B-Naive",-3.6321344694395,-0.64618978234593
"TCAAGACGTATTCCTT-1_2","Sham","B-Naive",2.81782719285298,2.98186328676875
"TCAAGCAAGGCTCTAT-1_2","Sham","B-Act1",-5.3436036428709,1.82178356913265
"TCAAGCACAGCGTGCT-1_2","Sham","B-Act1",-4.28236583082866,1.95555403498348
"TCAAGTGAGAGGCTGT-1_2","Sham","B-ActMem",3.8665547052126,4.94389727381404
"TCAATCTGTCATCTAG-1_2","Sham","B-Act1",-5.59491017668438,0.168858256613573
"TCAATCTTCAAGTTGC-1_2","Sham","B-Naive",-1.63509205191326,-2.64608142110173
"TCAATTCCACCTGCTT-1_2","Sham","B-Naive",0.235822317908291,-4.27263614865605
"TCAATTCCACCTTCCA-1_2","Sham","B-Naive",-1.79842880575847,-3.69512912961308
"TCACACCAGGTTCCGC-1_2","Sham","B-Naive",4.25652214677143,-2.43979451390568
"TCACACCAGTCATGAA-1_2","Sham","B-Naive",-1.46443751661968,0.378852870737871
"TCACACCGTTCTCTAT-1_2","Sham","B-Naive",0.620466558049206,-3.77972194882695
"TCACATTCATCACGGC-1_2","Sham","B-Naive",-2.65105751364421,-1.66449806424443
"TCACGGGAGAGCAACC-1_2","Sham","B-Naive",-0.703078480650898,-1.69292685719792
"TCACTATCAAGTCCAT-1_2","Sham","B-Act1",-5.24344971983623,2.09530880716976
"TCAGCAATCAAATAGG-1_2","Sham","B-Act1",-4.69306424467754,1.41193151143726
"TCAGCCTGTACCTGTA-1_2","Sham","B-Naive",-2.07608857958507,-2.41760322781865
"TCAGCCTTCATCCTAT-1_2","Sham","B-Naive",-3.05283716528606,-2.91747805806462
"TCAGTCCAGGTCCCGT-1_2","Sham","B-Naive",-1.76373270361614,-4.0123531553394
"TCAGTGATCGATGCAT-1_2","Sham","B-Act2",5.10013577134419,1.14941928205427
"TCATACTAGCCTGACC-1_2","Sham","B-Naive",-1.47277072279644,-4.03108141156499
"TCATACTTCATAGAGA-1_2","Sham","B-Naive",2.88401338250447,-2.75231764050786
"TCATACTTCTACACTT-1_2","Sham","B-Naive",-3.42403367369365,-2.91391513081853
"TCATATCAGGCGATAC-1_2","Sham","B-Naive",-2.37121609060955,-1.95241234036748
"TCATATCTCCTGGGAC-1_2","Sham","B-Naive",0.226092485497478,-2.27274653645817
"TCATCCGCAGCAGTCC-1_2","Sham","B-Naive",-1.35485068171215,-2.73833701344792
"TCATGAGCAGCGACCT-1_2","Sham","B-Naive",-0.314288528849598,-2.05116746159855
"TCATGCCAGGCCTTCG-1_2","Sham","B-Naive",2.515204397748,-1.66701719495122
"TCATGCCTCCGTGTAA-1_2","Sham","B-Naive",-0.422140600373265,-1.44810054036442
"TCATGTTAGAGTGTTA-1_2","Sham","B-Act1",-3.29357388823223,1.64322629240688
"TCATTACAGGCTATCT-1_2","Sham","B-Naive",-0.373477848460194,-3.5856215688831
"TCATTCACATTCATCT-1_2","Sham","B-Naive",-1.29031768648815,-3.28538009854619
"TCCACGTTCGGAACTT-1_2","Sham","B-Act1",-1.83986309378338,2.45023408201869
"TCCATCGCAACGACAG-1_2","Sham","B-Naive",-0.961682828356739,-0.229078027928511
"TCCATCGCATAATCGC-1_2","Sham","B-Naive",-1.43880441992473,-4.56722423764531
"TCCCACACATCTTTCA-1_2","Sham","B-Naive",-2.53663471548748,-3.70775673123662
"TCCCAGTAGGTACCTT-1_2","Sham","B-Naive",-1.94893947451305,-3.05667850705449
"TCCCAGTGTTATAGAG-1_2","Sham","B-Naive",1.79099866540242,-2.08342072697941
"TCCGATCAGTAGCCAG-1_2","Sham","B-Naive",0.621868638108257,1.95443221596416
"TCCGATCCAAGAGTGC-1_2","Sham","B-Act2",4.4826960244875,1.88068732289012
"TCCGGGACAGGTTCGC-1_2","Sham","B-Naive",1.38232657105732,1.68730571535762
"TCCTTTCCATGGGATG-1_2","Sham","B-Naive",1.00640091092396,0.187022056853136
"TCGAACAGTACAGTTC-1_2","Sham","B-Naive",2.10820719392109,-1.16778013440434
"TCGAAGTCAGACTCTA-1_2","Sham","B-Naive",4.97482582719136,-1.23617002698247
"TCGAAGTCAGAGTAAT-1_2","Sham","B-Naive",4.88161179215718,-1.2263800832874
"TCGAAGTGTCATGGCC-1_2","Sham","B-Act1",-2.63462761252117,2.05394962099727
"TCGAAGTGTCGCATCG-1_2","Sham","B-Act2",-2.32704571097088,-2.18063661786381
"TCGACGGGTTAAAGTG-1_2","Sham","B-Naive",2.24738904626179,1.71555903223689
"TCGATTTAGGCGTTAG-1_2","Sham","B-Act1",-5.25287535994243,1.5269435015076
"TCGATTTGTCTCACGG-1_2","Sham","B-ActMem",-2.75812271444988,-1.59969207974736
"TCGATTTTCGCGTAGC-1_2","Sham","B-Naive",-0.192185448696133,-2.59377453061406
"TCGCACTAGGCAGCTA-1_2","Sham","B-Naive",2.09504148156453,2.02108946112331
"TCGCAGGAGCGATCGA-1_2","Sham","B-Act1",-2.50433972685527,0.523413863455614
"TCGCAGGGTACCTAAC-1_2","Sham","B-ActMem",4.60441395432759,4.68777587679561
"TCGGATAGTTCAAGGG-1_2","Sham","B-ActMem",3.61668273598957,5.0980770852917
"TCGGATATCAGTGCGC-1_2","Sham","B-Naive",0.0242249348859823,-1.40393731328313
"TCGGGACCACGACAAG-1_2","Sham","B-Naive",-2.57682565062236,0.326298501765093
"TCGGGTGAGATGTAGT-1_2","Sham","B-Naive",-0.809017630507466,1.13066020277675
"TCGGGTGAGCCAGAGT-1_2","Sham","B-Naive",0.149942395995144,2.2011158731335
"TCGGTCTCAAATGAAC-1_2","Sham","B-Naive",-2.10581925718975,0.7704837587231
"TCGTAGACAAGTGCTT-1_2","Sham","B-Mye",-1.09637007324886,6.6129696634167
"TCGTAGAGTAGGCTCC-1_2","Sham","B-ActMem",3.93712565095234,5.36618783739742
"TCGTCCAAGTCACGCC-1_2","Sham","B-Naive",1.00106140763569,-0.690171811307112
"TCGTGCTAGCACCAGA-1_2","Sham","B-Naive",-1.2818827947874,0.0576722886913621
"TCGTGCTCAGTTCCAA-1_2","Sham","B-Naive",1.39767023713398,1.92245420483287
"TCGTGGGCAAGTAGTA-1_2","Sham","B-Naive",0.955238787243847,1.95718338755306
"TCGTGGGCATCCTTGC-1_2","Sham","B-Naive",-2.99699548094463,-2.83387014600102
"TCTAACTAGCAAATGT-1_2","Sham","B-Naive",1.95922514588642,1.95324942139324
"TCTACATCATGAAAGT-1_2","Sham","B-Act2",4.84015843064595,2.05600896147426
"TCTACCGAGGAACGAA-1_2","Sham","B-Naive",-2.35466173498821,-2.36350486012761
"TCTACCGGTTAGTTCG-1_2","Sham","B-Naive",-2.83663323729229,0.624683436428865
"TCTATACCAACCACAT-1_2","Sham","B-Naive",3.70789000184346,-1.02733394833867
"TCTATACTCGAAACAA-1_2","Sham","B-Naive",-2.90861943571758,-3.84191486569707
"TCTATCAGTACCCAGC-1_2","Sham","B-Naive",1.41181680352497,1.53891127971347
"TCTCAGCAGGTGAGCT-1_2","Sham","B-Naive",-5.77209714262676,1.0332396090531
"TCTCAGCTCATTCTTG-1_2","Sham","B-Naive",-1.13687744944286,6.30403354433711
"TCTCTGGCAGTCAGAG-1_2","Sham","B-Naive",1.57211693913746,-0.0226489040500319
"TCTGCCAAGACCTTTG-1_2","Sham","B-Naive",3.81167503983784,-2.17815849515263
"TCTGCCACAAGGTCAG-1_2","Sham","B-Act1",-1.12819233744335,-0.370398137295882
"TCTTAGTCAGAGATTA-1_2","Sham","B-Naive",-0.196187230040547,-2.18650123807255
"TCTTAGTGTGCAGTGA-1_2","Sham","B-Naive",0.511553136418346,-1.99872753354375
"TCTTCCTGTTGCTGAT-1_2","Sham","B-Naive",1.82217904717732,-1.69175264569584
"TCTTTGAGTCACGCTG-1_2","Sham","B-Naive",4.59266277940083,-1.32974025937382
"TGAATCGCACGCTGCA-1_2","Sham","B-ActMem",3.9227857270937,4.86594369677242
"TGAATCGGTTATAGCC-1_2","Sham","B-Naive",-1.65656629412365,-0.741770360196272
"TGACAGTTCTAGAGCT-1_2","Sham","B-Naive",-2.64119675963115,-0.277027222836653
"TGACTCCAGGTTCAGG-1_2","Sham","B-Naive",1.41102954537678,0.151680496012529
"TGAGCGCAGCTGGTGA-1_2","Sham","B-Naive",-2.82076743452739,-0.638355228627363
"TGAGCGCCATACTGAC-1_2","Sham","B-Naive",-1.4471466860075,-0.68760344716374
"TGAGCGCTCCAGCCTT-1_2","Sham","B-Act1",-1.73619690745067,1.50915106800731
"TGAGTCATCTGCTGAA-1_2","Sham","B-Naive",-2.89284160940838,-1.67375442715947
"TGATCAGTCGATTCCC-1_2","Sham","B-Naive",4.29342791230488,1.32107954887088
"TGATGCACAATAGGGC-1_2","Sham","B-Naive",-1.03595009653759,-0.1868817541248
"TGATGGTAGGCAGCTA-1_2","Sham","B-Naive",0.686129895756725,-0.689228627408186
"TGATTCTAGCACCCAC-1_2","Sham","B-Naive",-2.1258576235075,-2.73294636937443
"TGATTTCTCGGATAAA-1_2","Sham","B-Naive",4.45137449891377,-2.61952922078435
"TGCAGGCAGGCCTGCT-1_2","Sham","B-Naive",-3.03015879004192,-0.974186870778242
"TGCAGTACAGGATCTT-1_2","Sham","B-Naive",-1.8170630058546,-3.57430288525883
"TGCATGAAGTCTGGAG-1_2","Sham","B-Act1",-3.72539428084087,0.727914598261675
"TGCCGAGAGGGATGTC-1_2","Sham","B-Naive",-1.66461292116832,-1.24322769376103
"TGCGATACAAGCGATG-1_2","Sham","B-Act1",-2.26728609411907,1.52010413674053
"TGCGATAGTGTCATGT-1_2","Sham","B-Naive",-0.125515088652488,2.60499921110805
"TGCGGCATCACGGGCT-1_2","Sham","B-Naive",-1.54264846651744,0.05141409901317
"TGCTCGTGTTCCGCTT-1_2","Sham","B-Naive",-0.719085486819264,1.67178019550975
"TGGAGGATCGGTATGT-1_2","Sham","B-Act1",-3.74144605009746,1.63706424502071
"TGGCGTGCAAGTACCT-1_2","Sham","B-Naive",-0.50413459747028,2.27308752802547
"TGGCGTGTCAAGCCAT-1_2","Sham","B-Naive",-0.341248410036083,-0.285249445164839
"TGGGAAGAGGCCCGTT-1_2","Sham","B-Naive",-1.38093701212597,0.935112227176985
"TGGGAAGCAGGTTCCG-1_2","Sham","B-Act2",4.80220505387593,1.44075801638301
"TGGGAGAGTCATAACC-1_2","Sham","B-Naive",0.667596904347423,1.90589525965389
"TGGGATTAGTCCCGAC-1_2","Sham","B-Naive",-0.160318220247742,1.38926198748287
"TGGGATTCAAGAGTAT-1_2","Sham","B-Act1",-1.43002549021434,1.5217012729996
"TGGGATTCAGAACATA-1_2","Sham","B-Naive",1.20455571801472,-3.40239116879765
"TGGGATTTCGCTCCTA-1_2","Sham","B-Naive",-3.39415529577922,-0.556910845959822
"TGGGCGTAGGGCAGTT-1_2","Sham","B-Naive",0.861224321434978,2.20303573874172
"TGGGCTGAGGCCACTC-1_2","Sham","B-Naive",-1.83499399035167,-0.642558071339766
"TGGGCTGCAGTCGAGA-1_2","Sham","B-Naive",2.5025467553835,2.72176757124599
"TGGGCTGTCACCGCTT-1_2","Sham","B-Act1",-4.27101376860332,0.270302441393694
"TGGTACATCGTGGGTC-1_2","Sham","B-Act1",-1.46703520624828,-0.263534996236006
"TGGTAGTTCTCTGAGA-1_2","Sham","B-Mye",-0.236774297644612,7.44856336382564
"TGGTAGTTCTTTCTAG-1_2","Sham","B-Act1",-2.90173271506023,-1.46284029218022
"TGTAACGAGCATTTCG-1_2","Sham","B-Naive",-0.491290064742085,1.06654035156008
"TGTAACGGTGGCGCTT-1_2","Sham","B-Naive",-1.39967087118816,-3.40094539853398
"TGTAACGGTTGGATCT-1_2","Sham","B-Naive",0.63285687358189,2.17214670447048
"TGTAGACCAAAGCAAT-1_2","Sham","B-Naive",-0.633337052752491,0.111832824026903
"TGTCAGAGTCACTAGT-1_2","Sham","B-Act1",-5.43156245558452,1.19368141559299
"TGTGAGTCACCGTGGT-1_2","Sham","B-Naive",0.850184825966839,1.07852172893818
"TGTGAGTCAGTCACGC-1_2","Sham","B-Naive",0.121137676547054,0.0810172226780259
"TGTGATGGTCACTCAA-1_2","Sham","B-Act1",-3.07613352148723,-1.1816019746906
"TGTGATGGTCATCCCT-1_2","Sham","B-ActMem",3.19133779198933,4.2478323247784
"TGTGGCGAGATCGCTT-1_2","Sham","B-Naive",-2.6576118788023,-3.09677812787358
"TGTTCTAGTGCGTGCT-1_2","Sham","B-Act1",-3.9138362726469,1.68519463804897
"TGTTGGAAGCCTCGTG-1_2","Sham","B-Naive",-1.67099026053142,-1.17261264058415
"TGTTGGACATCATTGG-1_2","Sham","B-Naive",-0.810582550456043,-0.90484628411595
"TGTTTGTAGACCCTTA-1_2","Sham","B-Act1",-2.43623808233928,2.38082554606136
"TTACCATAGTTGCCTA-1_2","Sham","B-Mye",-1.29549089281749,6.60038068560298
"TTACCGCAGTATGTAG-1_2","Sham","B-Naive",4.83187386185933,-1.68052003117863
"TTACCGCTCTAGGCAT-1_2","Sham","B-Naive",-1.3405062279005,-4.15242311688725
"TTACGCCAGTAAACGT-1_2","Sham","B-Naive",2.60911151559162,2.15792062548335
"TTACGCCCATTGCCTC-1_2","Sham","B-Mye",-0.435207994868275,7.97071817187007
"TTACGCCTCTCAACGA-1_2","Sham","B-Act1",-3.49405911772442,0.383716788565477
"TTACTGTTCAGTGTGT-1_2","Sham","B-Act2",4.77649447114277,0.849372368728479
"TTAGGCAAGAGTTGTA-1_2","Sham","B-Naive",-0.364670740653988,0.481637921606859
"TTAGGCACAATGCTCA-1_2","Sham","B-Naive",-2.08051124422741,-4.19655105801884
"TTAGGGTAGCAACTCT-1_2","Sham","B-Naive",-2.01005986540508,-3.94367525311772
"TTATTGCAGTCCGCCA-1_2","Sham","B-Naive",-1.41833523123455,-4.42544767590825
"TTATTGCCACGGATCC-1_2","Sham","B-Naive",-3.67326429693889,-2.67459580632512
"TTATTGCCACTTCATT-1_2","Sham","B-Naive",-2.00241092055034,-0.0710913869983352
"TTCAATCAGCAATAAC-1_2","Sham","B-Naive",-0.0324152058262789,1.71256258753475
"TTCAATCCATAACTCG-1_2","Sham","B-Naive",-1.88662746756267,-4.60604402753178
"TTCACCGTCTCCCTAG-1_2","Sham","B-Naive",0.14333894641209,-0.36132559510533
"TTCACGCGTGAATTAG-1_2","Sham","B-Naive",-0.522460283925053,-3.4643623563892
"TTCATTGGTCCTGGTG-1_2","Sham","B-Naive",1.3950483480196,-2.31031415196721
"TTCCAATCAGACAAGC-1_2","Sham","B-Naive",-0.197231346954819,-2.96750519009892
"TTCCACGAGGTGTGAC-1_2","Sham","B-Act1",-5.07336762755108,0.617603119885286
"TTCCGGTTCCGATGTA-1_2","Sham","B-Naive",1.64920958668995,-1.63349125119511
"TTCCGGTTCGTTCCTG-1_2","Sham","B-Act1",-3.89459517805767,1.64830973414119
"TTCCTCTCAAACTCTG-1_2","Sham","B-Act1",-5.6741266569395,0.793002438222727
"TTCGGTCAGCCACAAG-1_2","Sham","B-Act1",-3.4481904825468,1.73422774342235
"TTCTAACAGTACAGCG-1_2","Sham","B-Naive",-3.43994382231426,0.268723633562883
"TTCTAACGTTCCACGG-1_2","Sham","B-Act1",-4.20895722716045,-2.00013444157902
"TTCTAACTCCGTTGAA-1_2","Sham","B-Naive",-0.0401721244950258,-0.93657121392552
"TTCTAGTGTACCGGAA-1_2","Sham","B-Naive",2.58184024483967,1.26082724002536
"TTCTAGTTCTGTCAGA-1_2","Sham","B-Mye",-0.870690794875141,7.41028144625362
"TTCTGTACATGTGGTT-1_2","Sham","B-Naive",0.36800399215031,-3.51304456921879
"TTCTTGATCTGCCCTA-1_2","Sham","B-Naive",-1.49926975577068,-0.569592449391524
"TTGAACGAGACGATAT-1_2","Sham","B-Act2",4.96196886689473,2.07038727072414
"TTGAACGAGTAACCGG-1_2","Sham","B-Naive",-1.69684747069072,-3.28701040479008
"TTGAACGAGTCTTCCC-1_2","Sham","B-Naive",-1.65769997446727,-2.9698931905872
"TTGACCCAGACTTCGT-1_2","Sham","B-Naive",-2.41047290175151,-0.694020364010969
"TTGACCCCAAGATGTA-1_2","Sham","B-Naive",1.6279527822237,2.29632404116329
"TTGAGTGAGAAAGTCT-1_2","Sham","B-Naive",1.74168392808247,2.28716304567989
"TTGATGGAGGTCACAG-1_2","Sham","B-Naive",-0.0383740311760866,-1.34501836034123
"TTGATGGCACCTCGTT-1_2","Sham","B-Naive",2.36531659753132,-1.34213945599858
"TTGATGGGTCTCTCCA-1_2","Sham","B-Naive",-1.5996420702238,-1.59433600636784
"TTGCCTGAGTCAGCCC-1_2","Sham","B-Naive",0.0988254824380911,-1.41999003621403
"TTGCTGCAGACTCAAA-1_2","Sham","B-Act1",-4.59551766722393,1.64130803612407
"TTGGATGGTTAGCGGA-1_2","Sham","B-ActMem",3.60564181000996,3.62060096529659
"TTGGATGTCAGAATAG-1_2","Sham","B-Mye",-0.79550507872295,6.61863639620479
"TTGGGCGAGCTGTCCG-1_2","Sham","B-Naive",-1.19188598005962,-0.0824842188007033
"TTGGGCGAGTTGAAAC-1_2","Sham","B-Act1",-3.36581042616558,1.68807676104244
"TTGGGTATCTTACGTT-1_2","Sham","B-Naive",-2.19973877279949,-2.12298390599553
"TTGGTTTGTTCCAAAC-1_2","Sham","B-Naive",0.373616395304683,-2.51663491460148
"TTGTGGAAGCGAGGAG-1_2","Sham","B-Act1",-0.43436467855167,2.16649761465724
"TTGTTCACAGCTGAAG-1_2","Sham","B-Naive",1.42750856072712,2.02623840836223
"TTGTTGTAGACCGTTT-1_2","Sham","B-Naive",1.27896043450642,-1.67041966649357
"TTTAGTCTCCCTTCCC-1_2","Sham","B-Act2",-1.68976524679851,-2.24126765462224
"TTTATGCCAGACACCC-1_2","Sham","B-Act1",-5.45979789107036,-0.303037974560896
"TTTCACACACGGCCAT-1_2","Sham","B-Naive",-1.85393479674053,-4.36213466855351
"TTTCACACAGTTACCA-1_2","Sham","B-Naive",-3.31341603605938,-2.42253896924321
"TTTCAGTAGTAAACTG-1_2","Sham","B-Naive",0.646524099419597,-1.69121668073002
"TTTCATGCATGACTGT-1_2","Sham","B-Naive",-0.460984917571064,-0.180164906705061
"TTTCGATGTACAGTCT-1_2","Sham","B-Naive",0.972213236401562,-3.24626133176152
"TTTCGATTCAGTCCGG-1_2","Sham","B-Naive",0.286283222744945,-3.98496792050664
"TTTGACTTCGACCATA-1_2","Sham","B-Naive",-4.0864494165678,-1.8209571573383
"TTTGATCTCATAAGGA-1_2","Sham","B-Naive",-0.0715247972209417,0.271977153097948
"TTTGGAGCAGATCCTA-1_2","Sham","B-Naive",-6.31354144423198,1.30618858007129
"TTTGGTTCAAGAATAC-1_2","Sham","B-Naive",-0.961912187029835,-4.08734295102421
"TTTGGTTGTAACCAGG-1_2","Sham","B-Act1",-2.36917975752544,1.79876926211055
"TTTGGTTGTCGGAAAC-1_2","Sham","B-Naive",1.79453524739552,-2.46003100606267
"ACGGGTCGTGTAAACA-1","Sham","B-ActMem",3.01699253709126,5.04259064463313
"ACGGGTCGTTCGGTTA-1","Sham","B-Act1",-5.50919583647442,0.794752847825845
"ACGGGTCTCCTTGGAA-1","Sham","B-Naive",3.45685574204731,-1.32671138974492
"ACGTAACAGTGATAAC-1","Sham","B-Naive",-0.959815951277729,0.574760046278795
"ACGTAGTAGGTCGTCC-1","Sham","B-Act1",-0.0451210608978235,1.97385325697597
"ACTACGACATCGCTCT-1","Sham","B-Act1",-3.94066789953899,-1.34831425877873
"ACTATCTAGGCAGGTT-1","Sham","B-Naive",-1.27248791067791,-0.678396198475996
"ACTATCTAGTAGGAAG-1","Sham","B-Naive",0.353838501284603,1.67262312439617
"ACTATCTGTAATGCGG-1","Sham","B-Act2",4.13635012299824,1.74926784304317
"ACTATCTGTGTCGATT-1","Sham","B-Plasma",12.2417959848146,0.51167085436519
"ACTATGGTCGGTGTAT-1","Sham","B-Act1",-3.67708805411052,1.96297660139736
"ACTATTCCAAGTGGCA-1","Sham","B-Act1",-3.39331010191631,1.40321200755771
"ACTATTCGTACGTAGG-1","Sham","B-Naive",4.94003483445454,-0.646325442517439
"ACTCTCGAGGAACGAA-1","Sham","B-Naive",0.401975003788952,-1.4103240701801
"ACTGTGAAGAGTCTTC-1","Sham","B-Naive",0.204279420683864,-2.4478213522083
"ACTGTGAAGCAACTTC-1","Sham","B-Naive",-0.078855322887417,-2.10323402615849
"ACTTAGGGTCACTCTC-1","Sham","B-Naive",-0.526232632090565,-3.41427395078007
"ACTTAGGTCGTAGCTA-1","Sham","B-Naive",0.362445531199459,1.53679626849826
"ACTTCCGCACTTCAAG-1","Sham","B-Naive",-1.07702407448482,0.0797884133213365
"ACTTCGCAGAGGGCGA-1","Sham","B-Mye",-0.938083024909016,6.58609321383174
"ACTTCGCAGGCCTAGA-1","Sham","B-Naive",0.442263094494823,-0.733991834843794
"ACTTCGCGTTCTAACG-1","Sham","B-Act1",-4.66660312025737,1.84730782774623
"ACTTTCACAGTTGTCA-1","Sham","B-Naive",2.65075751931477,2.04063078430827
"ACTTTCATCTTCCTAA-1","Sham","B-Naive",0.737622050354961,-2.82334849568669
"AGAACAAGTAAGCAAT-1","Sham","B-Naive",0.424357143948559,2.15866246489223
"AGACAAAGTAGTTAGA-1","Sham","B-Naive",4.50630470902729,-2.5365276071674
"AGACCATCAGGCAATG-1","Sham","B-Naive",-1.43612995951366,0.089325156485399
"AGACTCATCATCACCC-1","Sham","B-Naive",-0.381277086426731,-1.69881746503178
"AGAGAGCAGTAACAGT-1","Sham","B-Naive",4.71949717194844,-1.05577680798833
"AGAGAGCCAACTTGGT-1","Sham","B-Act1",-2.21989587156963,1.88281020191844
"AGAGAGCCAAGCACCC-1","Sham","B-Mye",-0.0712824931640589,7.67828538683589
"AGAGAGCTCTCCCATG-1","Sham","B-Mye",-0.204175250818249,6.17797258166011
"AGAGCAGGTGACACGA-1","Sham","B-Naive",-2.315197738101,-0.502606842244307
"AGAGCCCAGCATCCTA-1","Sham","B-Mye",-1.09911653607082,6.57187392977413
"AGAGCCCAGGTCCTGC-1","Sham","B-Naive",-1.60903075545025,-2.76287648412053
"AGAGCCCTCAATCTCT-1","Sham","B-Mye",-0.374814572026249,7.39999892977413
"AGATAGATCCCTCATG-1","Sham","B-Naive",1.06660076768208,-1.97238466473881
"AGATAGATCCCTCTTT-1","Sham","B-Naive",-1.82120385973644,-2.2187249395496
"AGCCACGAGTCTAGCT-1","Sham","B-Naive",-0.928082080771443,1.88468303946193
"AGCCACGGTGAATATG-1","Sham","B-Naive",-3.45235708563518,-2.88058922025029
"AGCGCCACAATCTGCA-1","Sham","B-Naive",-1.65626862852764,-1.67758414479558
"AGCGCCACATGTCAGT-1","Sham","B-Naive",-0.760854395319935,-2.97758552762334
"AGCGTATAGTTCGGTT-1","Sham","B-Naive",1.71414288670826,-1.18372556897465
"AGCGTATTCCATCTGC-1","Sham","B-Act1",-5.16333821623516,0.788297620093187
"AGCTCAATCTCAACGA-1","Sham","B-ActMem",3.95213886887837,5.20406081942256
"AGGAAATTCTGAGCAT-1","Sham","B-Naive",-0.884636434008595,-2.55894610616032
"AGGAATAAGTGTTCCA-1","Sham","B-Naive",1.70333453805256,2.60028162268337
"AGGAATACAGTTAGAA-1","Sham","B-Naive",1.05169412286091,0.390032317911943
"AGGAATAGTACAGTTC-1","Sham","B-Naive",-0.177481575151201,1.56880786684688
"AGGACGATCTTTACAC-1","Sham","B-Naive",-1.4199625572462,-4.7374131414539
"AGGACTTCAATAACCC-1","Sham","B-Naive",3.49263641030598,-2.95931884976689
"AGGATAATCAACTACG-1","Sham","B-Naive",-1.19860854952526,-2.06305620404545
"AGGATCTGTTCATCTT-1","Sham","B-Act2",5.12470862061787,0.952367369508108
"AGGCTGCCATGGGATG-1","Sham","B-Naive",-2.46286371557903,-0.337621304715315
"AGGGAGTCAGAGTCAG-1","Sham","B-Naive",4.72795292527485,-2.50945160123173
"AGGTAGGTCCTTATCA-1","Sham","B-Naive",3.25518366486836,-0.138472530568281
"AGGTCATTCATTGCGA-1","Sham","B-Naive",-2.7917659601469,-1.4570290777332
"AGGTCTAGTCACATTG-1","Sham","B-Naive",1.4296832957964,-2.46069643231694
"AGGTTACCACGGTCTG-1","Sham","B-Naive",0.342801181385998,1.33465566900905
"AGGTTACTCCATCACC-1","Sham","B-Naive",-1.12403646319103,-4.61165067883793
"AGGTTGTCAAGGACAC-1","Sham","B-Naive",4.67127033860493,-1.77995249959294
"AGTAACCCAGTACTAC-1","Sham","B-Naive",2.00499221474934,1.06375922491189
"AGTAGCTCAAAGGGCT-1","Sham","B-Mye",-0.673410268713947,7.55541255739864
"AGTAGTCAGGAGTCTG-1","Sham","B-Naive",-3.33709576933574,-0.81601366730992
"AGTAGTCGTTAAGCAA-1","Sham","B-Naive",-1.94529298155498,-3.75383684369389
"AGTAGTCTCGTTATCT-1","Sham","B-ActMem",3.09573074967671,4.11114719179805
"AGTCAACTCACTGGTA-1","Sham","B-Naive",-2.60719016401958,-2.12146136494938
"AGTCACAGTGGACCTC-1","Sham","B-Naive",3.97383448273945,-2.29771635266606
"AGTCATGAGACACACG-1","Sham","B-Act1",-2.1146077236433,0.469422724520525
"AGTCATGTCTCTCAAT-1","Sham","B-Naive",-0.207534508993145,0.486784961497148
"AGTGATCAGTGCTCGC-1","Sham","B-ActMem",2.75529619843769,4.91829874781307
"AGTGCCGAGCTGCGAA-1","Sham","B-Naive",-2.11681404917431,0.536625948225816
"AGTGTTGAGTTGAAGT-1","Sham","B-Naive",-2.19537165968609,0.0534054901951158
"AGTTCGACACCTGCTT-1","Sham","B-Mye",-0.733811291148182,6.35781600741084
"AGTTCGAGTATCTTCT-1","Sham","B-Naive",0.0756715664367712,1.278237548148
"ATACCGAGTGAACCGA-1","Sham","B-Naive",0.133680341551784,-0.0219449731952346
"ATAGACCTCTAGCATG-1","Sham","B-Act1",-4.57801822035503,0.32291307715114
"ATAGAGAGTGCCCACA-1","Sham","B-Naive",-0.164839128245827,1.74590238598522
"ATAGAGATCAGCCTTC-1","Sham","B-Naive",-1.2726111730833,1.49175154832538
"ATAGGCTAGGTAGACC-1","Sham","B-ActMem",2.85990330369282,3.83352830675777
"ATCACAGAGCACCTGC-1","Sham","B-Act1",-5.24838593809795,1.51756408480342
"ATCACAGCATCCGGCA-1","Sham","B-Naive",1.01164576203633,1.08911266220148
"ATCAGGTGTATGACAA-1","Sham","B-Naive",0.845823911736492,-1.36713669034306
"ATCCATTCACGCTATA-1","Sham","B-ActMem",4.42658802659321,3.7480228212231
"ATCCATTTCGCCGTGA-1","Sham","B-Act1",-3.96135571806621,0.386573460375627
"ATCCATTTCGCGTGAC-1","Sham","B-Act1",-4.80969718306255,0.847920503889879
"ATCCCTGCACAACGTT-1","Sham","B-Naive",1.00414964349079,-0.48337468835179
"ATCCCTGCATGTTTGG-1","Sham","B-Naive",2.85706493050862,1.43546899822887
"ATCCCTGGTCAGTCCG-1","Sham","B-Naive",0.681378511498455,-2.94266507359807
"ATCCGTCGTGGCTTGC-1","Sham","B-Act1",-4.18025973646831,0.939447347497305
"ATCCGTCGTTGCCTAA-1","Sham","B-Naive",-2.51254704802227,-2.01997611256901
"ATCGGATAGGGTACGT-1","Sham","B-Naive",0.770084885666851,1.59390303162273
"ATCGGCGGTCCAGCCA-1","Sham","B-Naive",-0.413818361451145,-2.09590050908391
"ATCGTAGGTCAAGCCC-1","Sham","B-Naive",-0.639594586779591,-2.55948016377751
"ATCTTCAGTGACCTGC-1","Sham","B-Act1",-3.5139453729887,1.33097839025195
"ATGACCAAGAATTGTG-1","Sham","B-Naive",-1.65564075319957,-0.740415546620528
"ATGCATGCAACGTATC-1","Sham","B-Naive",2.65303727776814,-1.05248472424809
"ATGCCTCTCAGGAAAT-1","Sham","B-Act1",-4.59026244490337,-1.0062029096729
"ATGGGAGCACGACCTG-1","Sham","B-Naive",1.05437490136433,-0.106404516423384
"ATGGGAGGTAGCGTCC-1","Sham","B-Naive",4.94018646867085,-1.76611349316899
"ATGGGAGGTCAATGGG-1","Sham","B-Naive",4.72766205460835,-1.03230449887578
"ATGGGAGGTGTTGAGG-1","Sham","B-Naive",-1.67445138304424,-0.426596615040938
"ATGTCTTCAGACCCGT-1","Sham","B-Naive",-0.532066585709568,-2.25068757268254
"ATGTCTTGTAGGGAGG-1","Sham","B-Naive",3.52875181824971,-1.21255728932683
"ATTACCTTCCTTATCA-1","Sham","B-Naive",0.695560125420574,-3.58190843793217
"ATTACTCAGACGATAT-1","Sham","B-Naive",-0.643647821833607,0.135995414530595
"ATTACTCGTAGCTTAC-1","Sham","B-Naive",0.0665191391210592,-3.70723602505986
"ATTACTCGTCTGATAC-1","Sham","B-Naive",2.55539557130146,1.75691142347988
"ATTATCCAGAGAGCAA-1","Sham","B-ActMem",3.6074473539095,4.40307905939754
"ATTCCATTCCTAAGTG-1","Sham","B-Naive",-5.09660008757305,-0.676933738911787
"ATTCTTGGTGGGCTTC-1","Sham","B-Naive",-0.3766128143568,-1.76711032124821
"ATTTACCCAACCGTGC-1","Sham","B-Naive",-2.28569200842571,-2.68052599164311
"ATTTCACGTGGCCTCA-1","Sham","B-Naive",-2.30723455755901,-2.89820310803715
"ATTTCTGCATGTCGTA-1","Sham","B-Naive",-3.19490364401531,-1.29302332135502
"ATTTCTGGTTGGAGGT-1","Sham","B-Naive",-1.39903107493114,-3.98213312360112
"ATTTCTGTCTATGCCC-1","Sham","B-Naive",-3.25289014189434,-2.45095822545354
"CAAAGAACAATGCAGG-1","Sham","B-Naive",2.30785152108479,-1.74266073437993
"CAAAGAATCGTAGTCA-1","Sham","B-Act2",4.71317812592793,1.23546191719707
"CAACAACAGGTAGACC-1","Sham","B-Naive",1.22694679887104,-2.10795519086186
"CAACAACCAATGGGTG-1","Sham","B-Naive",0.385985402176861,0.27477493551906
"CAACCAAAGAGGATCC-1","Sham","B-Naive",2.36963912637043,2.02224245337184
"CAACCTCCATTACTCT-1","Sham","B-ActMem",3.34276053101826,5.52939632204708
"CAACGGCAGATTGACA-1","Sham","B-Plasma",11.9427799859743,0.787950929676851
"CAACGGCCAACGGGTA-1","Sham","B-Act1",-2.09878733961773,0.0700180199497544
"CAACGGCTCCGAAGGA-1","Sham","B-Naive",-1.3933706602354,0.515541162764391
"CAAGCTAAGTGGCGAT-1","Sham","B-ActMem",3.06249114663411,3.71788838175472
"CAAGGGACAACGACAG-1","Sham","B-Naive",-1.24182692377758,-0.148518178189436
"CAATACGCATGACTAC-1","Sham","B-Mye",-0.682573290755268,6.10071065691646
"CAATCGACAAAGAGTT-1","Sham","B-Naive",-0.0614781251449549,0.750376936470827
"CAATGACAGAAGCGAA-1","Sham","B-Naive",-0.370426925112721,1.19750809339221
"CAATGACTCTAACACG-1","Sham","B-Naive",4.94987246186543,-1.9088387224323
"CAATGACTCTACGGGC-1","Sham","B-Act2",-0.866532357623097,-0.11230466100041
"CACAACATCGAATGCT-1","Sham","B-Naive",-1.91837600081157,-3.47747680875126
"CACAGATCAAGCACAG-1","Sham","B-Act1",-3.64141801207256,1.69071975020107
"CACATGATCATCTCTA-1","Sham","B-Naive",1.3300397077303,-2.14609596463505
"CACGGGTAGTCGGGAT-1","Sham","B-Naive",-2.61888984053325,-1.18169686528508
"CACGGGTGTTATGGTC-1","Sham","B-Naive",-2.44259193747234,-1.95073864194218
"CACTGAACAATTGCCA-1","Sham","B-Act2",-3.01649382918071,-1.58161732884709
"CACTGGGGTAGACAGC-1","Sham","B-Naive",1.86276814133931,2.09294917849239
"CACTGGGGTGACAACG-1","Sham","B-Act1",-1.34894111960125,0.407028820788225
"CACTGTCAGCACTAAA-1","Sham","B-Naive",0.254630444357876,-3.89987632962529
"CACTTCGTCCGTCAAA-1","Sham","B-Naive",-0.730537386824604,-3.11907074185673
"CAGATACTCTGTGCGG-1","Sham","B-Naive",1.36383899838734,0.411418464457353
"CAGATTGCAAACTAGA-1","Sham","B-Naive",-1.58414223997783,-2.27088162633244
"CAGATTGCAGCCGTTG-1","Sham","B-Naive",-1.65471378176403,-3.54469272824589
"CAGATTGGTTAGGGAC-1","Sham","B-Naive",2.08828636796284,1.94403984812435
"CAGCCAGAGGAACGAA-1","Sham","B-Act1",-3.65814593641948,0.991069294934829
"CAGCCAGCAGTTTGGT-1","Sham","B-Naive",-3.08799675314617,-2.78403994771306
"CAGCGTGAGGCTCTCG-1","Sham","B-Naive",4.54441591889668,-0.925183746541182
"CAGGGCTTCCAGCTCT-1","Sham","B-Act1",-5.4956074079771,0.127161708151659
"CATAAGCGTGCTATTG-1","Sham","B-Act1",-4.86805919020366,1.52735781339343
"CATACCCGTAACGGTG-1","Sham","B-Naive",1.75800522954274,-0.73006007405583
"CATACCCTCGGACGTC-1","Sham","B-Naive",0.251529900143627,0.39691689280208
"CATACTTAGTACCGGA-1","Sham","B-Naive",-2.78113606779766,-2.72385141583745
"CATACTTGTCGGTACC-1","Sham","B-Act1",-3.82227948515606,1.04729561689656
"CATCAAGTCTAAGCCA-1","Sham","B-ActMem",3.0631129422884,3.49598744181331
"CATCCACAGGAGGGTG-1","Sham","B-Plasma",11.8802408853273,0.860864546572527
"CATCCCAAGCCGAACA-1","Sham","B-Act1",-3.83309987395,-1.51165792676274
"CATCGTCGTGACAACG-1","Sham","B-Naive",-0.779690535952564,1.89931711224254
"CATGAGTCAAGGCTTT-1","Sham","B-Mye",-0.336680265357014,7.761540677821
"CATGCAATCCGGCAGT-1","Sham","B-Naive",1.65809377820301,2.79256191519435
"CATGCAATCTCATGGA-1","Sham","B-Naive",0.00127045602608089,-1.45018956395451
"CATGCAATCTGAGAAA-1","Sham","B-Act1",-5.5796351751585,1.96248051193889
"CATGCCTGTGAAGCGT-1","Sham","B-Naive",-3.62744477598858,-0.722868416035811
"CATGCCTGTTGCTCGG-1","Sham","B-Naive",2.25174280793476,2.26500764158901
"CATGCCTTCCGCAACG-1","Sham","B-Act2",5.09613081605244,1.93779626158412
"CATGCTCGTCCTATAG-1","Sham","B-Naive",-3.79487112372112,-2.39945313664738
"CATGGATCACTTACAG-1","Sham","B-Naive",-1.2049944719572,-3.72942373486821
"CATGGTACATGTGTCA-1","Sham","B-Act1",-2.60915592520427,2.00925418404277
"CATTCCGGTGATGGCA-1","Sham","B-Naive",0.55598702819157,-2.90928528043095
"CATTGAGGTCGAGATG-1","Sham","B-Naive",-2.00319937079143,0.819027837788423
"CATTGTTTCAGGACAG-1","Sham","B-Naive",4.68479344041157,-0.851304027760664
"CATTTCACACCGTACG-1","Sham","B-Naive",-2.37904766409588,-2.65861174794499
"CCAAGCGGTACACTCA-1","Sham","B-Naive",-0.314853238155361,-2.7186212274677
"CCAATGAAGAAATGGG-1","Sham","B-Naive",-1.47095385401439,-4.13950321408574
"CCAATGAGTCTACGTA-1","Sham","B-Naive",0.280924586365703,-0.290386292660872
"CCAATTTTCACCTCAC-1","Sham","B-Naive",4.0732550302248,-2.72260138722722
"CCACACTGTACTAGCT-1","Sham","B-Naive",-1.40159490912151,-1.68919489117924
"CCACACTGTTCTAAGC-1","Sham","B-Act1",-4.50260642378521,0.297963645731767
"CCACCATCAGTAGTTC-1","Sham","B-Naive",-0.588815899779316,-4.01594660016362
"CCACCATTCTCACCCA-1","Sham","B-Act2",4.75742289216328,0.851140212690195
"CCACTTGTCAGCGCGT-1","Sham","B-Act1",-3.05199435560894,1.27491777805026
"CCATAAGAGTAATCCC-1","Sham","B-Act2",4.71389004380513,0.813422885214647
"CCATAAGCATAGCACT-1","Sham","B-Naive",-1.72789076178264,-2.86944958897893
"CCATAAGGTATGCGGA-1","Sham","B-Naive",-2.04520693628978,0.538561489855608
"CCATAAGGTCCAGTTA-1","Sham","B-Act1",-0.51351928918552,1.97999336985286
"CCCATTGGTTGGCCTG-1","Sham","B-Act1",-1.94882360308361,1.67337920931514
"CCCGAAGCACCGGAAA-1","Sham","B-Plasma",12.2550816217165,0.468046274458727
"CCCGGAATCGCTAATG-1","Sham","B-Act1",-3.77896383612346,1.87791886595424
"CCCTAACCAGTGGGTA-1","Sham","B-Naive",-3.06321910231304,-0.410431954587141
"CCCTAACGTCTACGTA-1","Sham","B-Act1",-3.45510533659649,-0.0179248783237136
"CCCTCTCTCAACCCGG-1","Sham","B-Act1",-5.64295581190776,0.447016802107652
"CCCTGATAGGCTCTCG-1","Sham","B-Act1",-3.28468421309185,0.435993459498247
"CCCTGATTCTTGCAAG-1","Sham","B-Act2",4.52470204026509,0.596158709799608
"CCGCAAGTCGCTTTAT-1","Sham","B-Act1",-0.300801368643757,2.61220135954555
"CCGGTAGGTGAGGCAT-1","Sham","B-Naive",0.276866791556362,2.09229460028346
"CCGGTAGTCTCTCTAA-1","Sham","B-Mye",-0.169825794388767,6.41319492129024
"CCGGTGAAGGAGAGTA-1","Sham","B-Naive",-0.686832519461628,-1.33498356076543
"CCGGTGACACAGAGAC-1","Sham","B-Naive",-0.0642288310725653,1.9031736519688
"CCTAACCCAGGTCTCG-1","Sham","B-Naive",3.97131535203266,-2.73093936177556
"CCTAACCGTTGTGTAC-1","Sham","B-Naive",0.145502267191891,-0.333265874112288
"CCTATCGGTATCGATC-1","Sham","B-Naive",-0.210127825130936,-0.493958804333845
"CCTCAACCACTAGGCC-1","Sham","B-ActMem",4.21028467805195,4.2733552720898
"CCTCAGTGTCTCCTGT-1","Sham","B-Naive",-3.27866271345806,-3.76560899945561
"CCTCATGCATAATCCG-1","Sham","B-Naive",-0.241656767417904,-4.55692121716801
"CCTCATGGTGTCCGGT-1","Sham","B-Act1",-1.89136532156658,2.63001981047328
"CCTCATGGTTCGAAGG-1","Sham","B-Act1",-4.21151831953716,0.277146842753252
"CCTCCAATCACTCACC-1","Sham","B-Naive",1.13725265652943,-1.46507832738225
"CCTCCTCCAGGTAGTG-1","Sham","B-ActMem",4.27336546571064,4.8706088331097
"CCTCCTCGTATTAAGG-1","Sham","B-Naive",4.20946737916279,-2.1923908922321
"CCTCTCCCAAGGTTGG-1","Sham","B-Naive",-2.87277415602398,-2.177663776601
"CCTCTCCGTGGCATCC-1","Sham","B-Act1",-5.09058812468242,0.997246474450191
"CCTGCATAGGTCACAG-1","Sham","B-Naive",3.77642747552204,-2.31206032964055
"CCTGCATGTCTGATAC-1","Sham","B-Naive",-3.36846044867229,-2.1087133619434
"CCTGCATGTGTCTTGA-1","Sham","B-Naive",-0.27855028419685,-2.36593935223881
"CCTTGTGTCCTGGTCT-1","Sham","B-Naive",5.08078285844136,-1.35103294583623
"CCTTTGGAGATAACAC-1","Sham","B-Naive",-2.59795263617229,-0.422953340733687
"CGAAGGACATCCGATA-1","Sham","B-Act1",-2.89378217070293,2.04212781456645
"CGAAGTTCAATCAGCT-1","Sham","B-Naive",-0.742445739199635,-3.30866310330693
"CGAATTGGTCACCTTC-1","Sham","B-Act2",5.16541954667378,1.63033303288158
"CGAGAAGGTAGTCGGA-1","Sham","B-ActMem",3.36778303773213,4.03226259020503
"CGAGGAAAGGGATCAC-1","Sham","B-Act2",4.83017489106465,1.09449699563321
"CGAGGAAGTTCCACGG-1","Sham","B-Naive",-0.943278463770863,-2.36679551335637
"CGAGGAATCATTGAGC-1","Sham","B-Naive",-0.837577494074818,1.96283521917995
"CGAGGCTCACTAACGT-1","Sham","B-Naive",-2.98795560209942,-2.37826034756962
"CGAGTGCGTCGAAACG-1","Sham","B-Naive",-0.140712693547126,1.70158382919963
"CGAGTGCTCGAATCCA-1","Sham","B-Act1",-2.03178432791423,2.60093083647426
"CGAGTTAGTGAGATTA-1","Sham","B-Naive",-3.60737088530254,-2.03308436604802
"CGATGCGGTGTCGATT-1","Sham","B-Act1",-0.297018485357281,2.6763972308987
"CGATGGCGTCTTCCGT-1","Sham","B-Act1",-1.06060669033718,2.20840206412013
"CGCAGGTGTCGGTGTC-1","Sham","B-ActMem",4.16293856293965,3.69707300928768
"CGCATAAAGACCAACG-1","Sham","B-Act2",3.85916206033039,2.69266143110927
"CGCATGGGTGGTCTTA-1","Sham","B-Act2",4.98476835877705,1.72899308470424
"CGCCATTAGGGAGGCA-1","Sham","B-Naive",1.46080967576313,0.255399134432634
"CGCCATTGTCAATCTG-1","Sham","B-Naive",-0.424822421957966,-1.74628016682927
"CGCGTGAAGCTGCGAA-1","Sham","B-Naive",2.71103426606465,-0.279691312039534
"CGCGTGACACCAGCCA-1","Sham","B-Act1",-3.64962175696087,1.69666376379665
"CGGGACTCATCTCGTC-1","Sham","B-ActMem",3.73812505395222,5.25554492739376
"CGGGCATGTTTGCAGT-1","Sham","B-Naive",0.0343007424573935,0.379295435225328
"CGGGCATTCACCTCAC-1","Sham","B-Naive",-0.133627320853289,-2.1459243032581
"CGTAATGCATGTCGTA-1","Sham","B-Naive",0.363393841097835,1.69162627724346
"CGTGAATGTGTCATGT-1","Sham","B-Naive",2.97577091843891,-1.58424374791447
"CGTTAGAAGACTTCGT-1","Sham","B-Naive",-0.478749873330113,0.923473772084078
"CGTTCTGGTATGCGGA-1","Sham","B-Naive",-1.78771773188305,-0.290611598218123
"CGTTGGGAGAGGGCGA-1","Sham","B-ActMem",-1.58934334128093,-1.07076189252202
"CTAACCCGTTTCGTAG-1","Sham","B-Naive",-2.32943800299358,-3.27272579404179
"CTAACTTGTGGTCTGC-1","Sham","B-Naive",4.58752056748677,-1.11439082356755
"CTACATTAGCTCACTA-1","Sham","B-Naive",-0.338765250732418,-4.04946586819951
"CTACATTTCTACAGGT-1","Sham","B-Naive",-1.04556736557674,-2.37836477490727
"CTACCCAAGTACGTCT-1","Sham","B-Naive",-0.957858951975819,-3.95716783734624
"CTACCTGGTATGGAGC-1","Sham","B-ActMem",0.00843719930458431,7.16894367006954
"CTACCTGTCACAATGC-1","Sham","B-Act1",-5.57095292418193,0.548982587134203
"CTAGGTATCCGTGTGG-1","Sham","B-Naive",1.0733440795641,-1.46624014111821
"CTATAGGAGAATTTGG-1","Sham","B-Naive",-0.555277558257099,-0.596887919629256
"CTATCCGTCCGGGACT-1","Sham","B-Naive",-2.82542732565593,-0.265870783055464
"CTCACTGCACAATGAA-1","Sham","B-Act1",1.47268876225758,1.05851078075703
"CTCAGAACATAAGATG-1","Sham","B-Naive",-1.30091908781719,-2.20633289548222
"CTCAGTCAGAGCTTTC-1","Sham","B-Act1",-2.69688251822185,2.10039928225215
"CTCATTACAGGTCTCG-1","Sham","B-Naive",-0.316632362296101,-1.95087144109074
"CTCATTATCCTACAAG-1","Sham","B-Naive",-2.70582178442669,-1.24849602910344
"CTCCAACCACCGGAAA-1","Sham","B-Naive",0.10494945735741,-2.09438106747929
"CTCCACAAGCGGACAT-1","Sham","B-Naive",3.50898143441487,-2.01704666348759
"CTCCATGAGAGGCTGT-1","Sham","B-Naive",-3.08412626593303,-0.377167556012312
"CTCCATGCAAACGTGG-1","Sham","B-Naive",0.861522165844921,-2.07355615826909
"CTCCATGTCGGTAGAG-1","Sham","B-Naive",-0.4226433059473,0.441493478094896
"CTCCCAATCGGATTAC-1","Sham","B-Act1",-4.15827134459209,2.13447597292598
"CTCCCAATCTGCGATA-1","Sham","B-Naive",-2.75160649626445,-0.777342769826094
"CTCCCTCAGCCTATCA-1","Sham","B-Act1",-5.08040240614605,1.78532901076015
"CTCCCTCTCCAGTGCG-1","Sham","B-Naive",-0.652927907397267,-4.42281648846928
"CTCCCTCTCTAGATCG-1","Sham","B-Act1",-0.984832080294605,0.243382301604112
"CTCCTCCGTATGTCAC-1","Sham","B-ActMem",4.31780573518086,5.47044542101558
"CTCCTTTAGTTGTAAG-1","Sham","B-Naive",-2.24667886107158,-3.32113764020268
"CTCTCGACAGAGAGGG-1","Sham","B-Naive",-0.582126202275273,0.984044328754505
"CTCTGGTCACCAGTAT-1","Sham","B-Naive",-2.40122917502117,-1.78865477773015
"CTCTGGTGTCTTACAG-1","Sham","B-Naive",-3.06050494520855,-2.45471617909733
"CTGAATGAGGTAAGTT-1","Sham","B-Act1",-3.98443797438335,1.55871483353313
"CTGAATGCAGGACATG-1","Sham","B-Naive",0.000525636384967609,0.863350969230493
"CTGAATGTCCTGTTGC-1","Sham","B-Naive",-1.2206514200468,2.88556387690242
"CTGAGCGCACCTTCCA-1","Sham","B-Naive",4.82190558106709,-2.18468758794133
"CTGAGGCTCCCGAGAC-1","Sham","B-Naive",3.01876160294819,1.04677216378387
"CTGCATCGTGTGTACT-1","Sham","B-Naive",0.0209814289312399,0.466711368834337
"CTGCCATAGGGAGATA-1","Sham","B-Naive",1.79018577725697,0.501287784849962
"CTGCCTAGTACTCGAT-1","Sham","B-Naive",-2.67047623007488,-4.25496170255009
"CTGCGAGCATATGCGT-1","Sham","B-Naive",3.66306850106526,-2.0040569040424
"CTGCGAGGTCGTTATG-1","Sham","B-Naive",2.60393759400654,4.25445845392879
"CTGCGAGGTCTACACA-1","Sham","B-Naive",0.675160793374065,0.839694943701585
"CTGCTCAGTGTCGATT-1","Sham","B-Naive",-0.0794565102357828,-0.650380942547957
"CTGGCAGGTGATAGTA-1","Sham","B-Naive",-0.923498125960346,0.806565102612337
"CTGTACCGTTTACCTT-1","Sham","B-Naive",-2.98423817961406,-2.38954875203435
"CTGTACCTCTGTTGGA-1","Sham","B-Naive",0.163624701807979,2.00048431423839
"CTGTAGACACACTGGC-1","Sham","B-Act1",-5.68484643309307,1.38608669904407
"CTGTGGGGTACTAACC-1","Sham","B-Naive",-0.381024303128239,-1.76964733334843
"CTTACCGAGGTAACTA-1","Sham","B-Naive",-2.72770694105816,-2.73689028950993
"CTTACCGAGGTAGGCT-1","Sham","B-Naive",-0.697400184561726,1.01750406851407
"CTTCAATAGAGTCCGA-1","Sham","B-Naive",-0.306220265318867,1.15622365144428
"CTTCCGAGTGCATTAC-1","Sham","B-Naive",-2.77734831183147,-3.17598507138554
"CTTCTAACAATGTCAC-1","Sham","B-Naive",-2.09120515196514,-0.588799688542525
"CTTCTCTGTCACTTCC-1","Sham","B-Naive",-2.02822175829601,-4.25774833890263
"CTTCTCTTCCTGGTCT-1","Sham","B-Naive",-2.80822399466228,-2.87436935635869
"CTTGAGATCAGATGCT-1","Sham","B-Act1",-1.60087111799907,2.24412288931545
"CTTGATTAGATGACAT-1","Sham","B-Act1",-2.22089937536907,2.28937378195461
"CTTGATTGTGAAGCTG-1","Sham","B-Naive",-0.872134180953022,1.31413259771999
"CTTTCAATCCGGGACT-1","Sham","B-Naive",1.15123674065876,-0.897318694317976
"GAACACTGTGATCATC-1","Sham","B-Naive",-0.628142448355671,-4.22755596371953
"GAACGTTGTGAGGCAT-1","Sham","B-Naive",-3.95501902907085,0.226701584135851
"GAAGAATAGTCTAGCT-1","Sham","B-Act1",-2.6119871458311,1.09165390250619
"GAAGCCCAGTCGTCTA-1","Sham","B-Naive",-0.697938474108692,1.8190095689648
"GAAGCGAAGCCTTGAT-1","Sham","B-Act1",-2.86640432684612,-1.35488221379582
"GAAGCGAAGTGGACGT-1","Sham","B-Naive",0.15398815066624,1.61981203821834
"GAAGCGAGTCCACGCA-1","Sham","B-Naive",2.42352315575886,1.64449873236354
"GAAGTAAGTGAGCAGT-1","Sham","B-Naive",2.37885901124287,2.30764796999629
"GAATCACTCCACAGGC-1","Sham","B-Naive",-2.56879428236675,-1.24270865651433
"GAATCGTCAAGGTCTT-1","Sham","B-Naive",-0.357004167725559,2.61472847727474
"GACACGCAGCCATATC-1","Sham","B-Naive",-2.21112802832317,-4.15816709729497
"GACAGCCTCATTCACT-1","Sham","B-Naive",-1.26336148588848,-1.79155895444218
"GACATCAAGCAGAAAG-1","Sham","B-Naive",-0.528954269577976,0.994622655635437
"GACCCAGAGTCTAACC-1","Sham","B-ActMem",3.9865498224001,4.10498574045833
"GACCCAGCATTAGGCT-1","Sham","B-Mye",-1.35796275942516,6.46948507097896
"GACCCAGGTTTCTTAC-1","Sham","B-Act1",-3.19435456602764,1.21198241082366
"GACCCTTCATGCGGTC-1","Sham","B-Naive",-0.925526293208119,-4.27960321637456
"GACCTTCTCTCTCCGA-1","Sham","B-Naive",-1.88227609007549,-3.52055523129765
"GACTGATGTAGTCGTT-1","Sham","B-Naive",1.43099626691151,-0.960516664708296
"GAGACTTTCTGGAGAG-1","Sham","B-Naive",-0.825294705321308,1.67347237137493
"GAGCCTGCATACAGGG-1","Sham","B-Naive",1.61063489110279,1.15393691179689
"GAGCCTGTCCGATGCG-1","Sham","B-Naive",1.11177751214314,-0.832800123418013
"GAGGCCTTCTCTATGT-1","Sham","B-Naive",4.05778547913838,-2.56978294583623
"GAGGCCTTCTCTCGAC-1","Sham","B-Naive",0.430464116642956,-1.3393418523914
"GAGTCTAAGAGCCGAT-1","Sham","B-Naive",-2.87663915960979,-1.84987327786748
"GAGTGTTTCTAGTCAG-1","Sham","B-Naive",-1.03481695263576,0.130841520106157
"GAGTTACAGCTCGACC-1","Sham","B-Naive",0.0396686771612204,-2.82169148656193
"GAGTTGTGTATGAAGT-1","Sham","B-Naive",3.0334281602602,1.16207214859661
"GAGTTGTGTTCCGCGA-1","Sham","B-Naive",-2.5820823034544,-0.694352957928816
"GATAGCTAGGATGCGT-1","Sham","B-Naive",5.04753538758564,-1.04669520589177
"GATCATGAGTAGACCG-1","Sham","B-Naive",3.11588904053975,-0.912427637303511
"GATCATGCAAAGACGC-1","Sham","B-Naive",1.07299145848561,1.26257183817562
"GATCCCTGTCCACGCA-1","Sham","B-Naive",-1.23258796541881,-2.63903257581059
"GATCCCTGTGACCGAA-1","Sham","B-Act1",-3.79561069815349,0.614913400685152
"GATCGTAGTAGATCGG-1","Sham","B-Naive",-1.75872436373424,-0.677695009434859
"GATGACTCAGAGTGTG-1","Sham","B-Naive",1.68630334527302,-0.503677699292342
"GATGACTTCTCCACTG-1","Sham","B-Naive",-2.76011970846843,-2.01849648686711
"GATGAGGGTATTGCCA-1","Sham","B-Naive",1.80066987664509,-0.923012945378462
"GATGATCCAGTCGTTA-1","Sham","B-Naive",-3.07018855421734,-0.23308000298802
"GATGCTATCTTAGCCC-1","Sham","B-Naive",-0.23337839751434,-2.58557102414433
"GATTGGTGTCGAGTTT-1","Sham","B-Act1",-3.4709983190794,0.528622534548601
"GATTTCTTCGTACCTC-1","Sham","B-Act1",-4.92298606245708,0.735472497021517
"GCAACATAGAATAACC-1","Sham","B-Naive",-0.0028741380472147,-4.15041658612553
"GCAACATAGGCTTAGG-1","Sham","B-Naive",-2.3917951902647,0.355509248053392
"GCAACATGTAGTTACC-1","Sham","B-Naive",-0.693096252371784,-3.637704584325
"GCAACCGCATATGCGT-1","Sham","B-Naive",-0.629571648528095,-0.672790024007002
"GCACGGTAGGATTACA-1","Sham","B-Act1",-3.87626698820781,-0.335766050542036
"GCACGTGTCACCCTTG-1","Sham","B-Naive",-1.54534414618206,-0.117388221944014
"GCACTAACACCTCAGG-1","Sham","B-Naive",-1.77074375956249,-2.4213776323444
"GCACTAAGTGATGGCA-1","Sham","B-Naive",4.10983225495625,-2.93169948788945
"GCAGCCAGTAAGATCA-1","Sham","B-Naive",4.46357580811787,-1.11558315488164
"GCAGCCAGTCTCTCCA-1","Sham","B-Naive",1.08891233594227,-3.43538830014531
"GCAGCTGCAGCTATAC-1","Sham","B-Naive",0.849923698018078,-2.17862579556767
"GCAGGCTAGGGCAGAG-1","Sham","B-Naive",-1.63273993342113,1.3232121434563
"GCAGGCTTCATTATCC-1","Sham","B-Naive",-3.26014569609356,-3.69575998517338
"GCAGTTACACAACGTT-1","Sham","B-Act1",-5.50615552275371,0.883443396961054
"GCAGTTACATGTGCCG-1","Sham","B-Naive",-0.892227562357899,-2.87739727231328
"GCATCTCCAGACAAAT-1","Sham","B-ActMem",3.28051087052632,4.67199828890499
"GCATTAGTCGAAACAA-1","Sham","B-ActMem",3.57226654679585,5.15863492754634
"GCCAGGTCATAATCCG-1","Sham","B-Naive",-0.159754140516039,-0.45001504155461
"GCCATGGAGATCGACG-1","Sham","B-Naive",2.08582326562214,0.304849829947313
"GCCCGAAAGTCATACC-1","Sham","B-Naive",-1.76226631014537,-4.20885965558354
"GCCCGAAGTAAGGAGA-1","Sham","B-Plasma",12.1495937982302,0.593244340693315
"GCCGTGAAGATGCTTC-1","Sham","B-Act1",-2.46267941801738,2.02631732491191
"GCCGTGACACGGTAGA-1","Sham","B-Naive",2.67341062218953,2.89385857847865
"GCCTGTTAGGTACATA-1","Sham","B-Naive",-1.19321063368511,-1.40543124409978
"GCCTGTTCATGAGATA-1","Sham","B-Naive",-2.90876582472515,-2.48026630612675
"GCCTGTTGTCGGAAAC-1","Sham","B-Naive",3.23200985581684,-0.676192257130781
"GCGAGAACAATACGCT-1","Sham","B-Naive",0.609525350640301,1.56723341015514
"GCGATCGCACCACATA-1","Sham","B-Naive",0.516702322075847,-3.61630079480473
"GCGGAAATCTATCGCC-1","Sham","B-Naive",3.95287462861348,-2.90998718472783
"GCGTTTCAGCCGTTGC-1","Sham","B-Act1",-4.1291408857603,0.0952546265476548
"GCGTTTCGTACAGGTG-1","Sham","B-Naive",-2.86267593710613,0.288824405943712
"GCGTTTCGTCGGATTT-1","Sham","B-Naive",3.40637299210835,0.633772042071184
"GCTCAAAAGGGCCCTT-1","Sham","B-Naive",0.412221042225841,2.61778464583095
"GCTGAATTCAACGAGG-1","Sham","B-Naive",-2.44320109694194,-1.08373138638798
"GCTGGGTTCGAGAGAC-1","Sham","B-Naive",-0.865615757395741,1.19263237384494
"GCTTGGGCAGGGAATC-1","Sham","B-Mye",-0.0557470565934145,7.60995462206539
"GCTTGGGTCGCGAAGA-1","Sham","B-Act1",-2.61199358313274,1.34787788656886
"GGACGTCGTGCTATTG-1","Sham","B-Naive",1.13272854478169,2.27400603560146
"GGAGATGCATATAGCC-1","Sham","B-Naive",-1.63810590117168,-2.95467850896184
"GGAGATGGTGGTCCGT-1","Sham","B-Naive",1.16058394105244,1.20847040084537
"GGAGATGGTTCGTTCC-1","Sham","B-Naive",0.528740791390423,-1.80897805424992
"GGAGCAACATCTAACG-1","Sham","B-Naive",-1.41497007219982,-1.17846367093388
"GGAGGATTCACAACCA-1","Sham","B-Naive",4.86845537812519,-2.15533945294682
"GGATCTAAGCGGATCA-1","Sham","B-Naive",-1.99945190756511,-0.35414716931645
"GGATCTACACTCCTTG-1","Sham","B-Naive",0.869264868805889,-0.487707230771223
"GGCACGTTCCTATTGT-1","Sham","B-Naive",1.00293835789967,-3.55610630246464
"GGCAGTCAGGTCCGAA-1","Sham","B-Naive",-1.33173421232891,-1.83881375523869
"GGCTGTGAGACATAAC-1","Sham","B-Act1",-3.15174249022197,2.13504901198085
"GGCTTGGTCTATCCAT-1","Sham","B-ActMem",3.86067577988911,4.16379740503963
"GGCTTTCTCTCACCCA-1","Sham","B-Naive",-2.78029611914348,-2.64715454312626
"GGGAAGTCACAGCTTA-1","Sham","B-ActMem",3.86675736100483,4.93260600832637
"GGGAAGTTCAAGCCAT-1","Sham","B-Act2",3.40985700280476,2.44471099642452
"GGGACTCGTCGACGCT-1","Sham","B-Naive",-2.20326641409588,-4.03612253400151
"GGGAGATTCGCTAATG-1","Sham","B-Naive",-1.42388168184948,-0.172927472317854
"GGGAGTAGTCGGAACA-1","Sham","B-Naive",-1.98431435435009,0.324513044630846
"GGGATCCAGCGACCCT-1","Sham","B-Naive",0.131566880057339,-1.69105598660771
"GGGATCCAGCTTTGTG-1","Sham","B-Act2",4.72058388383198,2.12176981238063
"GGGATCCGTCTGTTAG-1","Sham","B-Naive",2.02035352380085,0.577656444584688
"GGGATCCGTTTCGTTT-1","Sham","B-Act1",-5.14247563688945,2.27614274290737
"GGGATGAAGCGACTAG-1","Sham","B-Act2",5.04362532288838,1.63987090853389
"GGGATGAGTCGCAACC-1","Sham","B-Act1",-2.1412864050169,0.700210687195619
"GGGCGTTTCATTACCT-1","Sham","B-Naive",0.280464140484813,-1.62210700246159
"GGGCTACAGGATACGC-1","Sham","B-Act1",-2.62619164793682,1.1550694447511
"GGGCTACGTTACCCAA-1","Sham","B-Naive",-2.90154198019695,-2.04473898145024
"GGGTAGAAGAAGTATC-1","Sham","B-Naive",-3.429042609622,-2.81162259312932
"GGGTAGAAGAGAGGTA-1","Sham","B-ActMem",3.0102827230196,4.89960148600276
"GGGTATTTCGAGAGAC-1","Sham","B-ActMem",2.61061593682576,3.30346944597896
"GGGTCTGTCCAATCTT-1","Sham","B-Act1",-2.90161493628215,-1.3732626173145
"GGGTGAATCTTCACAT-1","Sham","B-Naive",-0.0143404325742685,-0.943324539387862
"GGGTTATGTAGAATGT-1","Sham","B-Naive",1.21488651425648,0.52830835846599
"GGGTTTAGTAGTCGTT-1","Sham","B-Mye",-0.0630274510283434,7.7701232698315
"GGTAACTAGTGACCTT-1","Sham","B-Naive",-0.568586709191319,0.249208059584459
"GGTAACTGTCATGCAT-1","Sham","B-Naive",-3.4163632711668,-1.10106966229741
"GGTAACTGTCTTGAAC-1","Sham","B-Naive",-1.09343102781963,-2.29853722783391
"GGTAATCCAAATAAGC-1","Sham","B-Naive",-1.36604872553539,-1.96928760739628
"GGTAATCCATTGAAGA-1","Sham","B-ActMem",3.23090693146992,5.45151450899776
"GGTAGAGTCACTTATC-1","Sham","B-Act1",-5.17964223234844,1.68309804466899
"GGTAGAGTCTCCTGCA-1","Sham","B-Naive",-1.22252252905559,-2.76229879590336
"GGTCACGAGTGATAAC-1","Sham","B-Act1",-4.95149520247173,1.37190901902851
"GGTCACGGTACAATAG-1","Sham","B-Act1",-4.34801772444439,1.35822432902988
"GGTCTGGCACTTTATC-1","Sham","B-Naive",-1.76287129728984,-3.89093420239751
"GGTCTGGTCCTATGGA-1","Sham","B-Naive",-1.90370872824382,-4.67150709363286
"GGTGATTCATCGCTGG-1","Sham","B-Mye",-0.872373195578572,6.8146937158459
"GGTGATTGTAAGATTG-1","Sham","B-Act1",-5.58207467405986,1.5540291335934
"GGTGGCTCAACTGCTA-1","Sham","B-Naive",-1.1581491550703,-3.35163042279545
"GGTGGCTTCCTTATGT-1","Sham","B-Act1",-4.11744740812969,-0.576197120869795
"GGTTAACCAATGCAAA-1","Sham","B-Act1",3.92220589310933,1.09583751899536
"GGTTAACGTTAAACAG-1","Sham","B-Naive",-1.40463260023784,0.113748457705339
"GGTTCTCCACGGTGTC-1","Sham","B-Naive",-0.49315351455402,-1.7664453718311
"GGTTCTCCAGAATGTA-1","Sham","B-Naive",-1.25033119528484,-4.65507290097539
"GGTTCTCGTTTGGCTA-1","Sham","B-Naive",-0.14252607918274,-1.40088770123784
"GTAACACCATGGATCT-1","Sham","B-Act1",-3.63117078154277,0.335452881132921
"GTAACACGTGTGATGG-1","Sham","B-Naive",-1.12015238611889,-1.13204548093144
"GTAACCACAAGCGCTC-1","Sham","B-Naive",1.2579930701952,0.407036927019914
"GTAAGTCGTTAAGGGC-1","Sham","B-Act1",-0.972899528433796,2.74160852698024
"GTAATCGGTCGCTTAA-1","Sham","B-ActMem",3.440088955472,3.72828128603633
"GTAATCGTCGCTTTAT-1","Sham","B-Naive",-1.67134121267986,0.311848964964708
"GTACAGTTCGAGATAA-1","Sham","B-Naive",-0.286010908176418,-2.13188526364628
"GTAGCTAGTCATAAAG-1","Sham","B-Naive",0.373533485243801,0.240604546343645
"GTAGGAGCAAATGATG-1","Sham","B-Naive",-0.179708892693039,1.76010992792781
"GTAGGAGGTTGTGTTG-1","Sham","B-Naive",0.877140370915417,1.71461882857021
"GTAGTACGTCACTCGG-1","Sham","B-Naive",3.28677794129658,-0.317803356373946
"GTAGTACTCAGGTAAA-1","Sham","B-Naive",1.51200935036946,1.7622269060963
"GTATTGGAGCGCCTAC-1","Sham","B-Naive",1.98934337289143,-1.73989245625798
"GTATTGGGTCCCTGAG-1","Sham","B-Naive",0.0138621011476553,-3.6667344305164
"GTCAAGTGTGGTTCTA-1","Sham","B-ActMem",2.96543714196492,4.85335901049312
"GTCAAGTTCGGCATTA-1","Sham","B-Naive",3.33000394494343,0.0752058294170701
"GTCACTCAGAAACTGT-1","Sham","B-ActMem",2.55690929086018,3.46064045695003
"GTCACTCCAACACGAG-1","Sham","B-Naive",-0.445417167832371,-0.76658043595616
"GTCACTCGTATCCTTT-1","Sham","B-Naive",4.64178845078755,-1.04669043752019
"GTCACTCGTATTTCCT-1","Sham","B-Naive",-3.74208691923809,-1.16461608144108
"GTCCACTAGTCCGCGT-1","Sham","B-Naive",-2.81671527235698,-0.867783043111006
"GTCCACTCAGAAATTG-1","Sham","B-Naive",0.664130059788708,-0.597616169179121
"GTCCTCACAGAGGCTA-1","Sham","B-Naive",-1.11593339054775,-3.40276882382695
"GTCCTCATCTATCGTT-1","Sham","B-Naive",2.99293634087849,-2.1120412084705
"GTCGTAAAGGCATGCA-1","Sham","B-Naive",1.63061770589161,2.2812818553799
"GTCTACCTCCCTTTGG-1","Sham","B-Naive",-3.2870314440031,-2.58169648381535
"GTCTACCTCTCACCCA-1","Sham","B-Naive",0.197227356741909,-4.4281508657581
"GTCTGTCCACATATGC-1","Sham","B-Mye",-1.29567590563488,6.55162837771114
"GTCTGTCGTGTTCGTA-1","Sham","B-Act1",-1.10247770159435,2.50597837237056
"GTCTTTAGTTCTTGTT-1","Sham","B-Naive",-3.0696835836668,-3.48856947156254
"GTCTTTAGTTTAGACC-1","Sham","B-Act1",-2.37426093428325,2.0169888403767
"GTGAGCCTCAACTGAC-1","Sham","B-Naive",0.968351570675854,1.90802576807674
"GTGAGGATCAAGCCGC-1","Sham","B-Naive",0.77124216944981,1.62486102846797
"GTGATGTCAGAGTCTT-1","Sham","B-Naive",-2.68755796759319,-3.71349117490117
"GTGATGTCAGGAATAT-1","Sham","B-ActMem",3.75420591027546,5.40605237749751
"GTGCACGTCACGGACC-1","Sham","B-Naive",4.48770519883442,-1.92911979886357
"GTGCACGTCGTAACTG-1","Sham","B-Naive",-1.95890656321239,0.41221400765117
"GTGCGTGCATGGCCAC-1","Sham","B-Act1",-3.89622524588298,0.555022623812517
"GTGCTGGAGCTCGACC-1","Sham","B-Naive",-0.9258031567831,-1.31289002629582
"GTGGAGACACCTCTGT-1","Sham","B-Act1",-5.89091685621929,1.21699256864723
"GTGGCGTAGGTAAGGA-1","Sham","B-Naive",0.806343583176616,1.68549754885372
"GTGGTTAGTAACATCC-1","Sham","B-Naive",1.25464626939106,-2.19909474583928
"GTGGTTAGTCACTCTC-1","Sham","B-Naive",-0.39491075484943,1.67455383804973
"GTGTCCTCAAGTGGGT-1","Sham","B-Naive",3.10704037339497,-1.78086611958806
"GTGTCCTCACAGACGA-1","Sham","B-Naive",0.552353469441417,0.287274804388841
"GTGTCCTCAGGTCCCA-1","Sham","B-Naive",3.02509471566487,2.45946779516872
"GTGTGATCATAATGCC-1","Sham","B-Naive",2.29017111451435,2.19412114885982
"GTGTTCCCAAATGGCG-1","Sham","B-Naive",4.10307165772725,1.25510331658061
"GTGTTCCGTCTCAAGT-1","Sham","B-Naive",0.682445494244579,-2.09787628384892
"GTGTTCCGTGTAACGG-1","Sham","B-Naive",-1.77803483812999,-2.74986407491032
"GTTACCCGTGCGGATA-1","Sham","B-Naive",-0.872435124804493,-0.463929745877425
"GTTAGACGTAGACAAT-1","Sham","B-Naive",-1.90705159514141,-0.0738180610782302
"GTTAGTGGTACCGGCT-1","Sham","B-Naive",-2.89010861723613,-2.82357666226689
"GTTCCGTGTACGACAG-1","Sham","B-Naive",0.714646903584484,1.44071241882976
"GTTCGCTGTTCTCGCT-1","Sham","B-Naive",4.29390999467183,-2.93824526997868
"GTTCTATCATGCGTGC-1","Sham","B-Naive",-0.925614329268452,-3.73615286084477
"GTTGAACCATCCTGTC-1","Sham","B-Naive",-1.34801379053783,-4.03283569547001
"GTTGAACTCTAGTGAC-1","Sham","B-Act1",-4.57938626616192,0.4828239348286
"GTTGCGGTCGGAATGG-1","Sham","B-Naive",1.50493249089527,0.663292196070512
"GTTGCTCTCTGGTGGC-1","Sham","B-Naive",-0.567224623848911,-3.66862556668584
"GTTGTGAGTCCTCCAT-1","Sham","B-Naive",3.42203184754658,-2.52818534108464
"GTTGTGATCTGGGCGT-1","Sham","B-Act1",-0.517217310358998,2.34528687266048
"GTTTACTCACTTGAAC-1","Sham","B-Naive",3.50232741029072,-1.23631856175725
"GTTTACTCATGCCATA-1","Sham","B-Naive",3.67588969857502,-3.01284668179814
"TAACACGGTAGGACCA-1","Sham","B-Naive",0.266672191927913,-3.80456230374638
"TAACCAGCAGGAAGTC-1","Sham","B-Naive",5.11216398865986,-1.54887411328618
"TAACCAGTCGATTGGT-1","Sham","B-Naive",-1.28267958967876,-4.3075625631458
"TAACGACAGCCACTCG-1","Sham","B-Act1",-2.4926469644804,1.7253205445164
"TAACGACGTGTAACGG-1","Sham","B-Naive",1.53188797623921,1.87143674162563
"TAACTTCAGTGATGGC-1","Sham","B-Naive",0.24229889900494,0.264777329241594
"TAAGCCAAGAAACTAC-1","Sham","B-Naive",-1.91884222834301,-0.938405129635969
"TAAGCGTAGGTCATAA-1","Sham","B-Act1",-4.87937358229351,1.43756028679546
"TAAGCGTCAAATGGCG-1","Sham","B-Naive",-1.37038961260509,-0.219182822430769
"TAAGTCGGTAGTAAGT-1","Sham","B-Naive",-1.32411709635448,1.21140660015281
"TAATCTCGTACCTAGT-1","Sham","B-Act1",-3.34836366980266,1.32679789928134
"TAATCTCGTTGCTCAA-1","Sham","B-Naive",-1.24257794230175,-4.45445320340458
"TACCCACAGCATGCGA-1","Sham","B-Naive",-1.55620196669292,-2.5760464403278
"TACCCACCAAATGAAC-1","Sham","B-Naive",3.09154531152058,-0.0857341024524367
"TACCCACCAAGTTGGG-1","Sham","B-Naive",-3.07106951086712,-2.20138118001286
"TACCGAATCTATTGTC-1","Sham","B-Act1",-5.87589362471294,1.31317981747325
"TACCGGGGTTGACGGA-1","Sham","B-Act1",-3.17747953741741,1.69133832720455
"TACCGGGTCTAGCAAC-1","Sham","B-Naive",-3.1160006841917,-1.16907808514897
"TACGCTCCAGCACAGA-1","Sham","B-Naive",-1.73080983965587,-0.611124131405989
"TACGCTCTCGAAATCC-1","Sham","B-Act1",-2.92344501822185,-1.00466367932622
"TACGGGCAGTGATGGC-1","Sham","B-Act1",-3.73106840460491,-0.380909058774153
"TACGGTAAGTGAGTGC-1","Sham","B-Naive",3.44001886040974,-1.13860151501958
"TACGGTACAAGGCGTA-1","Sham","B-Naive",2.96444770486164,1.47880315450366
"TACGGTACACTAGTAC-1","Sham","B-Naive",-2.0547887405653,-2.47127625676457
"TACGTCCCAGTCTTCC-1","Sham","B-Naive",2.75762197167683,-3.13757202359501
"TACTTACGTCACTCGG-1","Sham","B-Naive",-0.666173370768543,-3.85203525754277
"TACTTACGTTCCTTGC-1","Sham","B-Act1",-3.74370601980877,0.660250153815111
"TAGACTGAGACCGTTT-1","Sham","B-Mye",-0.272332387258526,5.82500198153194
"TAGAGTCAGGTGCTAG-1","Sham","B-Act1",-2.61143925993633,0.875042926942667
"TAGCACAGTTTACCTT-1","Sham","B-Naive",-1.82258036940288,-1.86983654233281
"TAGGAGGAGAGCAGTC-1","Sham","B-Naive",2.59725019128132,1.14636456636127
"TAGGTACCATCCAACA-1","Sham","B-Naive",-2.17302254049968,-0.367752525532881
"TAGTGCAGTCTGGTTA-1","Sham","B-Naive",-2.28171423285198,-3.44750425549809
"TATATCCTCAAGGACG-1","Sham","B-Naive",0.53576043040562,-3.11957237454716
"TATCAGGCAGCAGTGA-1","Sham","B-Naive",0.259701220105175,1.37216305402454
"TATCAGGCATGAATAG-1","Sham","B-Naive",0.727273491929058,-3.78765127393071
"TATCGCCCAGATACTC-1","Sham","B-ActMem",4.33475443513203,3.53881767061885
"TATCTTGCAGCACCCA-1","Sham","B-Act1",-4.2958889326353,0.457931545054277
"TATCTTGTCACCTTAT-1","Sham","B-Naive",-1.07965883820247,-4.05799982281987
"TATGTTCCAACTGCCG-1","Sham","B-Naive",4.24391886384297,-1.52738640042607
"TATTCCACAGCACAGA-1","Sham","B-Naive",0.198404995511059,-2.31495377751652
"TATTGCTCATCTTAGG-1","Sham","B-Naive",-0.376516105820652,-3.14381191464726
"TATTTCGCAGGAGACT-1","Sham","B-Naive",-1.25303653090191,-0.321497294629256
"TCAAGACAGCCAAGTG-1","Sham","B-Act1",-5.64387801497173,1.20583203104671
"TCAAGACCAAGAGTTA-1","Sham","B-Naive",-2.88849023192119,-3.39623043271367
"TCAATCTTCAACTGGT-1","Sham","B-Naive",1.72087475449849,-2.14259574147526
"TCAATTCTCGCATGAT-1","Sham","B-Naive",0.898149339268688,-3.35599682065312
"TCAATTCTCTTTCGAT-1","Sham","B-Naive",-2.46359518377971,-3.76302406522099
"TCACAAGCAGTTACCA-1","Sham","B-Naive",-1.24589684813213,-2.5685534212238
"TCACACCAGCAAACAT-1","Sham","B-Act1",-1.84503713457775,1.60407873657878
"TCACACCGTACCCGAC-1","Sham","B-ActMem",4.06705519349385,4.2268989351147
"TCACGCTGTATCCCAA-1","Sham","B-Naive",-2.55123260824871,-3.75688097211186
"TCACGCTTCTACCAGA-1","Sham","B-Naive",-1.79379621355724,-0.944978925908247
"TCACTATAGCGAAACC-1","Sham","B-Naive",-2.42161491720867,-1.44443032475773
"TCAGCAAAGAGAATCT-1","Sham","B-Naive",-1.58186367361736,-1.04866859647099
"TCAGTCCCAATTCGTG-1","Sham","B-Naive",0.508164314339641,0.811972525393327
"TCAGTCCGTCAGACGA-1","Sham","B-Naive",2.42157956750203,0.350601580416521
"TCAGTGAGTTCTCGCT-1","Sham","B-Act1",-2.20079592077922,2.10044827727016
"TCATATCAGTATAGAC-1","Sham","B-Naive",3.03679153115559,-2.73287341328923
"TCATATCCACAACGTT-1","Sham","B-Mye",-0.78245941012096,6.73421981600459
"TCATATCTCGCAAGAG-1","Sham","B-Naive",1.54590758473683,-0.519556257451216
"TCATCATAGGATATGT-1","Sham","B-Naive",-0.690981419970509,-1.10139820309941
"TCATGAGGTGTTGACT-1","Sham","B-Naive",0.435463456223491,-2.18744251462285
"TCATGAGGTTAGCTAC-1","Sham","B-Act1",-4.77065852492046,1.07319635195073
"TCATGTTAGCGAGGAG-1","Sham","B-Act1",-2.68911984770488,0.485250141894182
"TCATTACAGAGAGCCT-1","Sham","B-Naive",-0.328967975666043,-3.20058080884282
"TCATTGTGTAGAATGT-1","Sham","B-Naive",0.204746035645489,1.0253460262471
"TCATTTGAGAGGATGA-1","Sham","B-Naive",4.5623874345522,-1.16281077596013
"TCCACCAAGTACGTCT-1","Sham","B-Act2",5.11652943284321,1.91266473797496
"TCCAGAAAGTTGCCCG-1","Sham","B-Naive",-3.45415476172161,-2.55511829587285
"TCCAGAATCCGTGTCT-1","Sham","B-Naive",2.64935251862812,1.97174778250392
"TCCATCGGTATCGAAA-1","Sham","B-Naive",-4.92503646223735,-0.247178170407454
"TCCCACAAGGAAGTGA-1","Sham","B-Act1",-2.98376277296734,-0.17477295132939
"TCCGGGACATAGACTC-1","Sham","B-Naive",-2.87543633787822,-3.33629486295048
"TCCGGGAGTTCTCGCT-1","Sham","B-Act1",-3.45506218283367,-0.109418604100386
"TCCTAATTCAAGTGGG-1","Sham","B-Naive",-1.85693446009349,-2.28143427106206
"TCCTCCCGTTGCGAAG-1","Sham","B-Naive",1.32207509667683,-3.00922939511601
"TCCTCTTTCCTTTGAT-1","Sham","B-Naive",-1.88109472601604,-3.25547001096074
"TCGAACAAGCAGAAAG-1","Sham","B-Act1",-4.37636569349956,0.144703057085832
"TCGAACAAGTTACGTC-1","Sham","B-Act1",-3.3122623285551,1.9416240718716
"TCGACGGCAACCTATG-1","Sham","B-ActMem",2.40905496270466,4.90246179369625
"TCGATTTCAAGATGTA-1","Sham","B-Naive",-0.501600804020878,0.0742690232151353
"TCGCACTCATACCAGT-1","Sham","B-Naive",1.44374295861531,2.78355195788082
"TCGCAGGAGAGTGGCT-1","Sham","B-ActMem",3.00002237946797,3.23491313723262
"TCGCAGGAGCTATCCA-1","Sham","B-Naive",0.738863317082409,2.35346164969142
"TCGCAGGGTACAGTAA-1","Sham","B-Naive",1.46882292420674,2.37673177984889
"TCGCTCAGTGTTATCG-1","Sham","B-Naive",1.5461771169405,0.971397672271093
"TCGGATACAGCTGTAT-1","Sham","B-Naive",-1.18515435068798,-1.16116616460148
"TCGGGCATCCAGTGTA-1","Sham","B-Act1",-1.44381740896892,2.58950283793147
"TCGGGTGAGTACCATC-1","Sham","B-Naive",-0.557159634520527,-0.539829108441511
"TCGTCCAGTCATGCAT-1","Sham","B-Naive",0.792604414532665,-0.585752341473738
"TCGTCCATCGTGAGAG-1","Sham","B-Naive",0.81329539210606,2.4558149841183
"TCGTGCTAGATTAGAC-1","Sham","B-Act2",4.02489563615132,2.37395301130947
"TCTATCAAGCACTCGC-1","Sham","B-Naive",1.78835138470936,-1.72403189870183
"TCTCACGCAACGTATC-1","Sham","B-Naive",-1.04603126852703,-3.15579197140996
"TCTCCGATCGGTGAAG-1","Sham","B-Naive",-0.905884357382771,-0.389870736325423
"TCTCTGGAGCACGTCC-1","Sham","B-Act2",5.0865664163332,1.39963107970889
"TCTCTGGAGGCGTTAG-1","Sham","B-Naive",3.84597202927876,-0.562164160931746
"TCTGCCAGTCCACAGC-1","Sham","B-Naive",3.81584283501912,-2.99912140103642
"TCTGCCATCCTCACGT-1","Sham","B-Naive",-0.376140864779469,-3.91901704999272
"TCTGGCTAGCCTCCAG-1","Sham","B-Naive",4.16267153413105,-0.473777267659346
"TCTGGCTTCTGCATAG-1","Sham","B-Naive",-0.309457512785908,-0.113207432950178
"TCTTGCGAGCAATAAC-1","Sham","B-Act1",1.08382007272053,-0.0681589576846755
"TCTTTGAGTGCGTGCT-1","Sham","B-ActMem",3.70172640473652,5.42188909319576
"TGAATCGCAAATAGCA-1","Sham","B-Act1",-5.21169904082012,2.37209811476405
"TGAGACTAGTTGGAAT-1","Sham","B-Naive",-1.19249132483196,1.44947895077403
"TGAGCATAGTACTGTC-1","Sham","B-Naive",1.20623692662526,1.50014701155361
"TGAGCATCATACACCA-1","Sham","B-Act1",-3.33718469946575,0.975796629165968
"TGAGGAGAGTACTGGG-1","Sham","B-ActMem",3.81805655152607,5.2890064981335
"TGAGGAGGTGAGTTTC-1","Sham","B-Naive",2.0494091191988,2.43781533507045
"TGAGGTTCAGCAGAAC-1","Sham","B-Naive",-0.0883664546806776,-0.721794459546248
"TGAGTCAAGCTCAGAG-1","Sham","B-Act1",-0.191526035060402,0.230879154478868
"TGATCAGAGATGATTG-1","Sham","B-Naive",-1.67554667799663,-0.0391700002795852
"TGATCAGCAAAGAACT-1","Sham","B-ActMem",3.63451167733479,5.1251471307629
"TGATCTTTCTATACGG-1","Sham","B-Naive",-1.97601583807659,-2.60583255025212
"TGATGCAAGACATATG-1","Sham","B-Naive",-1.46697202532482,-2.27974674435918
"TGCACGGTCAGTGATC-1","Sham","B-Naive",-1.37444761603069,-1.12398454877202
"TGCACGGTCTTGGATG-1","Sham","B-ActMem",3.57272025735188,5.36003806856807
"TGCAGGCCATAGGTAA-1","Sham","B-Naive",4.39978310258198,-1.96321413251225
"TGCAGTACACGAGGTA-1","Sham","B-Act1",-4.43114331572246,-0.294573638165633
"TGCAGTAGTAGCTGAG-1","Sham","B-ActMem",4.34442421586323,5.08179357317623
"TGCAGTATCAGCAGAG-1","Sham","B-Mye",-1.04347309677791,6.59273269442256
"TGCATCCGTATCGAAA-1","Sham","B-ActMem",3.99114796311665,5.1682322290295
"TGCATGATCCTACCGT-1","Sham","B-Naive",-0.274304317523953,-0.138473722661177
"TGCGGGTCACTGTCCT-1","Sham","B-Naive",2.27690431268025,-0.250364753926436
"TGCGGGTTCACAAGAA-1","Sham","B-Naive",5.08362099320698,-1.68494055005376
"TGCTCGTCACTTCTCG-1","Sham","B-Naive",-0.441484185149189,-0.236403796399275
"TGCTGAAGTACGTACT-1","Sham","B-Naive",1.10731074006367,-1.78355738850896
"TGGAACTTCACTTGTT-1","Sham","B-Naive",0.600109962533001,-3.01369545193974
"TGGAGGAAGTCCCGAC-1","Sham","B-Naive",1.84467419774342,1.47707077530559
"TGGGAGATCGTGACTA-1","Sham","B-Naive",-0.981452258517262,1.26940332022842
"TGGGCGTAGCAGTCTT-1","Sham","B-Naive",-0.077234795530554,0.645058270966371
"TGGGCGTGTCACTTAG-1","Sham","B-Act1",-2.00163760988903,1.05278691132899
"TGGGCGTTCATCGCCT-1","Sham","B-Naive",4.21399494797993,-0.593543383801619
"TGGGCGTTCCCTCAAC-1","Sham","B-Plasma",11.8150887170534,0.921060931360086
"TGGGCTGGTGCAAGAC-1","Sham","B-Naive",-1.8153323253889,-4.14135286542241
"TGGGCTGTCGCACGAC-1","Sham","B-Act1",-4.59149220793438,0.346085932528337
"TGGTACAAGCCGAACA-1","Sham","B-Act1",-2.86231830923748,-0.566589090550581
"TGGTACACAAGGTCAG-1","Sham","B-Naive",-0.821484120776173,-2.24274418088261
"TGGTAGTAGTCGAAAT-1","Sham","B-Plasma",12.2705721536379,0.476256993090471
"TGGTAGTTCTAGACCA-1","Sham","B-Naive",1.72529837281514,1.93753090170558
"TGGTGATGTTGGGAAC-1","Sham","B-Act1",-4.11654785483074,-1.39665815564458
"TGTAACGGTTACCTTT-1","Sham","B-Naive",-2.24887898771953,-0.828409764493147
"TGTACAGCAAAGAGTT-1","Sham","B-Act1",-2.43281749098491,1.96265551117595
"TGTCAGAGTGATTGGG-1","Sham","B-Act1",-1.47460690348339,0.978201684033235
"TGTCAGATCATTTGTC-1","Sham","B-Naive",1.41397008092213,1.02935214941736
"TGTCCACGTCTACAGT-1","Sham","B-Naive",2.61598917634297,1.6882522967213
"TGTCCTGAGACTCTTG-1","Sham","B-Naive",-0.52878806202602,-3.07293007108037
"TGTCCTGCAATGAACA-1","Sham","B-Naive",0.567462233613018,-2.46673915120427
"TGTCCTGCACAGTCAT-1","Sham","B-Act1",-3.97208646147442,2.01853814390834
"TGTCCTGGTCGTGGAA-1","Sham","B-Naive",1.69557508618641,0.943536218678316
"TGTGATGTCATACAGC-1","Sham","B-ActMem",3.50398394257832,5.58792999056514
"TGTGTGACAACAAAGT-1","Sham","B-ActMem",3.29444595963765,-1.9671814176685
"TGTGTGACATTGAAGA-1","Sham","B-Naive",-0.376202734400746,-2.13877436848942
"TGTTACTTCGAAGAAT-1","Sham","B-Naive",-1.83366611807537,-3.82874510022465
"TGTTCATGTCGTTCAA-1","Sham","B-ActMem",3.85225483567524,5.43090036181148
"TGTTCCGTCATGGAGG-1","Sham","B-Naive",4.23441168458271,-0.935380670750777
"TGTTCTATCAGTCACA-1","Sham","B-Naive",-3.56154492705059,-1.84233376714055
"TTAATCCTCAAGAGTA-1","Sham","B-Naive",1.85209271104145,0.483714964663347
"TTACCATAGTGGACTG-1","Sham","B-Naive",4.61430498750019,-2.36612126561467
"TTACGCCTCTCCTGTG-1","Sham","B-Naive",3.7952210584383,-2.94007703992192
"TTACGTTTCGTAACCA-1","Sham","B-Naive",-0.842633338858601,-3.42438909741704
"TTACTGTTCCACTGGG-1","Sham","B-Act1",-3.58086064665508,0.720274772917589
"TTAGGGTGTGAGTCAG-1","Sham","B-Naive",-0.726274164607044,2.13662579325374
"TTAGTCTTCATGCCAA-1","Sham","B-Naive",-2.82732942908001,-1.7009939882404
"TTATTGCAGTCCCGAC-1","Sham","B-ActMem",-0.636266382624623,-4.7698199483997
"TTATTGCTCACTTGGA-1","Sham","B-Naive",-0.210689762820717,-0.32525644036595
"TTCAATCTCATATGGC-1","Sham","B-Naive",-0.312970103909489,-0.729843113148848
"TTCACCGAGGCCACTC-1","Sham","B-Act1",-3.59164408056926,0.375664379870256
"TTCACCGCACCGCTGA-1","Sham","B-Naive",-2.82133010237407,-2.63843486043278
"TTCACCGGTACTTCCC-1","Sham","B-ActMem",3.22129985482502,4.28864887026485
"TTCAGGACAGAACTTC-1","Sham","B-Naive",3.07806655556965,-2.02918693753544
"TTCATGTTCATAAGGA-1","Sham","B-Act2",4.2448506036501,1.4544112351292
"TTCATTGAGCGTTAGG-1","Sham","B-Naive",-1.3490876278181,1.09810690996583
"TTCCGGTCAGAGCTAG-1","Sham","B-Naive",-2.50647476523113,0.146852102553209
"TTCCGGTGTACTCCCT-1","Sham","B-Naive",-2.52233198492717,-2.95006940099064
"TTCCTAATCCGCTAGG-1","Sham","B-ActMem",3.87661024720478,5.51388099459346
"TTCCTCTAGATGGTAT-1","Sham","B-Act1",-5.57863095610332,0.67339491513904
"TTCCTCTGTTGCTCAA-1","Sham","B-Mye",-1.36383918135357,6.51257159975704
"TTCCTTCAGTAGCTCT-1","Sham","B-Naive",4.47396942765522,-0.49272367688481
"TTCGCTGCAGTTGGTT-1","Sham","B-Naive",-2.26859286635112,-2.88281771870915
"TTCTAGTAGGCATCGA-1","Sham","B-ActMem",3.88411852509785,5.43806531695064
"TTCTAGTTCACCTCAC-1","Sham","B-Naive",2.32227012307454,0.673195418392976
"TTCTCTCGTGCCGTTG-1","Sham","B-Naive",0.982674924443249,-2.97118732663457
"TTCTTCCGTCCCACGA-1","Sham","B-ActMem",3.28743001611042,4.00596120623287
"TTCTTGACACTGTGTA-1","Sham","B-Naive",-1.7271303257246,-1.67941853734318
"TTGAACGCATACAGGG-1","Sham","B-ActMem",3.32023903519917,4.61541941431697
"TTGACCCTCTCATTTG-1","Sham","B-ActMem",3.90868422181416,4.58134248522457
"TTGCCTGAGAACAGGA-1","Sham","B-Act1",-2.13920310347271,-0.775132152760664
"TTGCGTCGTCAGACGA-1","Sham","B-Naive",-1.20902887194347,-0.929583642209212
"TTGCTGCCAGGGAGAG-1","Sham","B-Naive",2.09316584260273,0.882525798355898
"TTGGGCGAGTTGTAGA-1","Sham","B-Naive",0.460688439915661,2.29537167814906
"TTGGTTTGTGTTACTG-1","Sham","B-Act1",-4.38873008101177,0.496433344160875
"TTGGTTTTCATCGGGC-1","Sham","B-Naive",0.399554101536754,-0.170578572476546
"TTGGTTTTCGCTGTTC-1","Sham","B-Naive",-6.13633540480327,1.37856420544322
"TTGTGTTCAGAGTCTT-1","Sham","B-Act1",-1.2815497240324,1.88645967510875
"TTGTTTGCAGCGTAGA-1","Sham","B-Act1",-4.92021754591655,2.09908249643978
"TTTACCACATGCGTGC-1","Sham","B-Mye",-0.667382689406391,6.41662385729488
"TTTACCAGTCAGATTC-1","Sham","B-Naive",-0.28251694350433,-1.58196303578679
"TTTACCATCATTTCGT-1","Sham","B-Naive",2.3925590196352,2.22115769652065
"TTTACTGCAAGAATGT-1","Sham","B-Naive",-0.589551003863331,-3.37394544812504
"TTTAGTCTCAAGCTGT-1","Sham","B-Naive",1.89744540841389,-0.54715106221501
"TTTATGCCATACACCA-1","Sham","B-Naive",1.84006294400502,1.0677336086088
"TTTCGATGTCAAGGCA-1","Sham","B-Naive",4.32896563203144,-0.856922123158613
"TTTGATCTCAACGTGT-1","Sham","B-ActMem",3.45752689034748,5.46100547579463
"TTTGTTGGTTGCCATA-1","Sham","B-Naive",-1.95081356375408,-4.16649553510014
