"cell_id","orig.ident","exp_binary","CellType0","clonotype"
"MI_heart_AAGGAGCGTCCGAAGA-1","MI_heart","Expanded","T-Reg","CL3732"
"MI_heart_AAGGAGCTCCGCGTTT-1","MI_heart","Non-Expanded","T-Reg","CL3734"
"MI_heart_AAGTCTGGTCGCTTTC-1","MI_heart","Non-Expanded","T-Reg","CL3752"
"MI_heart_AATCCAGAGTGCGTGA-1","MI_heart","Non-Expanded","T-Reg","CL3759"
"MI_heart_AATCGGTAGCTGTTCA-1","MI_heart","Non-Expanded","T-Reg","CL3763"
"MI_heart_AATCGGTGTGACAAAT-1","MI_heart","Expanded","T-Reg","CL3764"
"MI_heart_ACACCAAAGCCAGTTT-1","MI_heart","Non-Expanded","T-Reg","CL3766"
"MI_heart_ACACCAACAGGCTGAA-1","MI_heart","Non-Expanded","T-Reg","CL3769"
"MI_heart_ACACCAAGTAAACGCG-1","MI_heart","Non-Expanded","T-Reg","CL3772"
"MI_heart_ACACCCTCAAGTAGTA-1","MI_heart","Non-Expanded","T-Reg","CL3775"
"MI_heart_ACAGCTAGTAGCAAAT-1","MI_heart","Non-Expanded","T-Reg","CL3814"
"MI_heart_ACAGCTATCACCGGGT-1","MI_heart","Non-Expanded","T-Reg","CL3818"
"MI_heart_ACAGCTATCTGGGCCA-1","MI_heart","Non-Expanded","T-Reg","CL3820"
"MI_heart_ACATACGAGTGGTAGC-1","MI_heart","Non-Expanded","T-Reg","CL3821"
"MI_heart_ACATACGGTTATTCTC-1","MI_heart","Non-Expanded","T-Reg","CL3824"
"MI_heart_ACATCAGGTTCACGGC-1","MI_heart","Non-Expanded","T-Reg","CL3832"
"MI_heart_ACATGGTCACAGGTTT-1","MI_heart","Non-Expanded","T-Reg","CL3839"
"MI_heart_ACCCACTGTCCTCTTG-1","MI_heart","Expanded","T-Reg","CL3858"
"MI_heart_ACCGTAAAGCCGGTAA-1","MI_heart","Non-Expanded","T-Reg","CL3861"
"MI_heart_ACCGTAACATTCACTT-1","MI_heart","Non-Expanded","T-Reg","CL3865"
"MI_heart_ACCGTAATCTGACCTC-1","MI_heart","Non-Expanded","T-Reg","CL3868"
"MI_heart_ACCTTTAAGGTCGGAT-1","MI_heart","Non-Expanded","T-Reg","CL3872"
"MI_heart_ACCTTTACACAACGTT-1","MI_heart","Non-Expanded","T-Reg","CL3875"
"MI_heart_ACGAGCCAGGACATTA-1","MI_heart","Non-Expanded","T-Reg","CL3878"
"MI_heart_ACGAGCCTCTCATTCA-1","MI_heart","Non-Expanded","T-Reg","CL3885"
"MI_heart_ACGATACGTCCGAACC-1","MI_heart","Non-Expanded","T-Reg","CL3898"
"MI_heart_ACGATACTCATCGCTC-1","MI_heart","Non-Expanded","T-Reg","CL3899"
"MI_heart_ACGATACTCCGGGTGT-1","MI_heart","Non-Expanded","T-Reg","CL3900"
"MI_heart_ACGATGTGTAAGGGAA-1","MI_heart","Non-Expanded","T-Reg","CL3905"
"MI_heart_ACGCAGCGTTACCAGT-1","MI_heart","Non-Expanded","T-Reg","CL3910"
"MI_heart_ACGCCGATCTGAGTGT-1","MI_heart","Non-Expanded","T-Reg","CL3933"
"MI_heart_ACGGCCACAGTCCTTC-1","MI_heart","Non-Expanded","T-Reg","CL3937"
"MI_heart_ACGGCCATCATCGCTC-1","MI_heart","Expanded","T-Reg","CL3943"
"MI_heart_ACGGGCTGTTGGAGGT-1","MI_heart","Non-Expanded","T-Reg","CL3949"
"MI_heart_ACGTCAAGTACCGGCT-1","MI_heart","Expanded","T-Reg","CL3943"
"MI_heart_ACGTCAATCCTTCAAT-1","MI_heart","Non-Expanded","T-Reg","CL3963"
"MI_heart_ACTATCTCATCCGGGT-1","MI_heart","Non-Expanded","T-Reg","CL3967"
"MI_heart_ACTGAGTAGACTGTAA-1","MI_heart","Non-Expanded","T-Reg","CL3979"
"MI_heart_ACTGAGTAGTGAACAT-1","MI_heart","Non-Expanded","T-Reg","CL3981"
"MI_heart_ACTGAGTGTGCCTGGT-1","MI_heart","Non-Expanded","T-Reg","CL3986"
"MI_heart_ACTGATGCAATAGCAA-1","MI_heart","Non-Expanded","T-Reg","CL3992"
"MI_heart_ACTGATGGTTTGGGCC-1","MI_heart","Non-Expanded","T-Reg","CL3996"
"MI_heart_ACTGTCCTCGTCACGG-1","MI_heart","Expanded","T-Reg","CL3858"
"MI_heart_ACTTACTTCTCGGACG-1","MI_heart","Non-Expanded","T-Reg","CL4019"
"MI_heart_ACTTGTTCACCCATGG-1","MI_heart","Non-Expanded","T-Reg","CL4024"
"MI_heart_ACTTTCAAGAGTCTGG-1","MI_heart","Non-Expanded","T-Reg","CL4028"
"MI_heart_AGACGTTAGACGCAAC-1","MI_heart","Non-Expanded","T-Reg","CL4039"
"MI_heart_AGACGTTAGTTTAGGA-1","MI_heart","Expanded","T-Reg","CL4043"
"MI_heart_AGACGTTTCATAGCAC-1","MI_heart","Non-Expanded","T-Reg","CL4045"
"MI_heart_AGAGCGATCCCAAGAT-1","MI_heart","Non-Expanded","T-Reg","CL4058"
"MI_heart_AGAGTGGCAGATGGGT-1","MI_heart","Non-Expanded","T-Reg","CL4072"
"MI_heart_AGATCTGAGCCCAATT-1","MI_heart","Non-Expanded","T-Reg","CL4075"
"MI_heart_AGATTGCCACTTGGAT-1","MI_heart","Non-Expanded","T-Reg","CL4083"
"MI_heart_AGCAGCCTCTTCTGGC-1","MI_heart","Non-Expanded","T-Reg","CL4096"
"MI_heart_AGCATACAGCTGATAA-1","MI_heart","Non-Expanded","T-Reg","CL4098"
"MI_heart_AGCATACGTTGTCTTT-1","MI_heart","Non-Expanded","T-Reg","CL4101"
"MI_heart_AGCGTATGTGGTGTAG-1","MI_heart","Non-Expanded","T-Reg","CL4130"
"MI_heart_AGCTCCTTCTGGGCCA-1","MI_heart","Expanded","T-Reg","CL4144"
"MI_heart_AGCTCTCCATATGGTC-1","MI_heart","Non-Expanded","T-Reg","CL4150"
"MI_heart_AGCTCTCGTTATGTGC-1","MI_heart","Non-Expanded","T-Reg","CL4153"
"MI_heart_AGGCCACCATCCAACA-1","MI_heart","Non-Expanded","T-Reg","CL4169"
"MI_heart_AGGGAGTCATGTCGAT-1","MI_heart","Non-Expanded","T-Reg","CL4190"
"MI_heart_AGGGTGAAGGACCACA-1","MI_heart","Non-Expanded","T-Reg","CL4204"
"MI_heart_AGGTCATCAACTTGAC-1","MI_heart","Non-Expanded","T-Reg","CL4211"
"MI_heart_AGGTCATCACCCATTC-1","MI_heart","Non-Expanded","T-Reg","CL4214"
"MI_heart_AGTCTTTTCCTGCCAT-1","MI_heart","Non-Expanded","T-Reg","CL4240"
"MI_heart_AGTCTTTTCGAGGTAG-1","MI_heart","Non-Expanded","T-Reg","CL4241"
"MI_heart_AGTGTCACATTCACTT-1","MI_heart","Non-Expanded","T-Reg","CL4264"
"MI_heart_AGTGTCATCGTCCAGG-1","MI_heart","Non-Expanded","T-Reg","CL4270"
"MI_heart_ATAACGCAGACTAAGT-1","MI_heart","Non-Expanded","T-Reg","CL4278"
"MI_heart_ATAACGCAGTACGTAA-1","MI_heart","Non-Expanded","T-Reg","CL4281"
"MI_heart_ATAACGCCACCCATGG-1","MI_heart","Non-Expanded","T-Reg","CL4285"
"MI_heart_ATAACGCGTTCGTCTC-1","MI_heart","Non-Expanded","T-Reg","CL4287"
"MI_heart_ATAAGAGAGAAGGTTT-1","MI_heart","Non-Expanded","T-Reg","CL4290"
"MI_heart_ATAAGAGCAATGTAAG-1","MI_heart","Non-Expanded","T-Reg","CL4295"
"MI_heart_ATCACGAAGTTATCGC-1","MI_heart","Non-Expanded","T-Reg","CL4307"
"MI_heart_ATCATGGGTACGAAAT-1","MI_heart","Non-Expanded","T-Reg","CL4326"
"MI_heart_ATCCACCAGCCAACAG-1","MI_heart","Non-Expanded","T-Reg","CL4331"
"MI_heart_ATCCACCAGCTAGCCC-1","MI_heart","Non-Expanded","T-Reg","CL4333"
"MI_heart_ATCCACCCAGTGAGTG-1","MI_heart","Non-Expanded","T-Reg","CL4338"
"MI_heart_ATCCACCTCTTCGGTC-1","MI_heart","Non-Expanded","T-Reg","CL4342"
"MI_heart_ATCCGAAAGATCCCGC-1","MI_heart","Non-Expanded","T-Reg","CL4343"
"MI_heart_ATCCGAAGTAGCGTAG-1","MI_heart","Non-Expanded","T-Reg","CL3303"
"MI_heart_ATCCGAAGTCCAACTA-1","MI_heart","Non-Expanded","T-Reg","CL4344"
"MI_heart_ATCGAGTGTGTTCTTT-1","MI_heart","Non-Expanded","T-Reg","CL4356"
"MI_heart_ATCTACTTCATGTAGC-1","MI_heart","Non-Expanded","T-Reg","CL4365"
"MI_heart_ATCTGCCTCATAACCG-1","MI_heart","Non-Expanded","T-Reg","CL4371"
"MI_heart_ATGCGATAGCCGTCGT-1","MI_heart","Expanded","T-Reg","CL4385"
"MI_heart_ATGCGATCAACCGCCA-1","MI_heart","Non-Expanded","T-Reg","CL4386"
"MI_heart_ATGCGATCACATTTCT-1","MI_heart","Non-Expanded","T-Reg","CL4387"
"MI_heart_ATGGGAGAGGCTAGGT-1","MI_heart","Non-Expanded","T-Reg","CL4390"
"MI_heart_ATGGGAGTCAGGCGAA-1","MI_heart","Non-Expanded","T-Reg","CL4398"
"MI_heart_ATGTGTGCACCAGGCT-1","MI_heart","Non-Expanded","T-Reg","CL4403"
"MI_heart_ATGTGTGCATGAAGTA-1","MI_heart","Non-Expanded","T-Reg","CL3295"
"MI_heart_ATTACTCCATCAGTAC-1","MI_heart","Non-Expanded","T-Reg","CL4408"
"MI_heart_ATTACTCGTCATGCAT-1","MI_heart","Non-Expanded","T-Reg","CL4411"
"MI_heart_ATTCTACAGGAGTTTA-1","MI_heart","Non-Expanded","T-Reg","CL4427"
"MI_heart_ATTCTACGTCATTAGC-1","MI_heart","Non-Expanded","T-Reg","CL4430"
"MI_heart_ATTGGACCATCCCATC-1","MI_heart","Non-Expanded","T-Reg","CL4440"
"MI_heart_ATTTCTGCACGCATCG-1","MI_heart","Non-Expanded","T-Reg","CL4464"
"MI_heart_ATTTCTGGTAAGTGTA-1","MI_heart","Non-Expanded","T-Reg","CL4468"
"MI_heart_ATTTCTGGTGTTAAGA-1","MI_heart","Non-Expanded","T-Reg","CL4470"
"MI_heart_CAACCAACAAACCCAT-1","MI_heart","Expanded","T-Reg","CL4477"
"MI_heart_CAACTAGCACAGGAGT-1","MI_heart","Non-Expanded","T-Reg","CL4495"
"MI_heart_CAACTAGGTTCACGGC-1","MI_heart","Non-Expanded","T-Reg","CL4498"
"MI_heart_CAAGAAAAGCCGTCGT-1","MI_heart","Non-Expanded","T-Reg","CL4502"
"MI_heart_CAAGGCCCATCCCATC-1","MI_heart","Non-Expanded","T-Reg","CL4522"
"MI_heart_CAAGTTGTCAGCACAT-1","MI_heart","Non-Expanded","T-Reg","CL4538"
"MI_heart_CAAGTTGTCTGCAGTA-1","MI_heart","Non-Expanded","T-Reg","CL4539"
"MI_heart_CACAAACGTGCAGGTA-1","MI_heart","Non-Expanded","T-Reg","CL4546"
"MI_heart_CACAGGCAGCCACGTC-1","MI_heart","Non-Expanded","T-Reg","CL4575"
"MI_heart_CACAGGCCATGTCCTC-1","MI_heart","Non-Expanded","T-Reg","CL4578"
"MI_heart_CACATAGCAAGCGAGT-1","MI_heart","Non-Expanded","T-Reg","CL4591"
"MI_heart_CACATAGCATACGCCG-1","MI_heart","Non-Expanded","T-Reg","CL4595"
"MI_heart_CACATTTTCCTGCCAT-1","MI_heart","Non-Expanded","T-Reg","CL4601"
"MI_heart_CACCAGGAGATATGCA-1","MI_heart","Non-Expanded","T-Reg","CL4611"
"MI_heart_CACCAGGGTCTAAAGA-1","MI_heart","Non-Expanded","T-Reg","CL4615"
"MI_heart_CACCTTGCACATTAGC-1","MI_heart","Non-Expanded","T-Reg","CL4622"
"MI_heart_CACCTTGCAGCCTTTC-1","MI_heart","Non-Expanded","T-Reg","CL4623"
"MI_heart_CACCTTGTCACATACG-1","MI_heart","Non-Expanded","T-Reg","CL4630"
"MI_heart_CACTCCACAACGATCT-1","MI_heart","Non-Expanded","T-Reg","CL4635"
"MI_heart_CAGAGAGGTCAAAGCG-1","MI_heart","Non-Expanded","T-Reg","CL4643"
"MI_heart_CAGATCAGTCCGTCAG-1","MI_heart","Non-Expanded","T-Reg","CL4652"
"MI_heart_CAGCATAAGATGTGTA-1","MI_heart","Non-Expanded","T-Reg","CL4660"
"MI_heart_CAGCGACGTAAGGATT-1","MI_heart","Non-Expanded","T-Reg","CL4681"
"MI_heart_CAGCTGGAGTGAACGC-1","MI_heart","Non-Expanded","T-Reg","CL4698"
"MI_heart_CAGCTGGGTATTCTCT-1","MI_heart","Non-Expanded","T-Reg","CL4703"
"MI_heart_CAGCTGGGTGAGCGAT-1","MI_heart","Non-Expanded","T-Reg","CL4704"
"MI_heart_CAGCTGGTCAACCAAC-1","MI_heart","Non-Expanded","T-Reg","CL4706"
"MI_heart_CAGCTGGTCGCGCCAA-1","MI_heart","Non-Expanded","T-Reg","CL4707"
"MI_heart_CAGTAACGTACAGCAG-1","MI_heart","Non-Expanded","T-Reg","CL4719"
"MI_heart_CAGTAACTCGGTTCGG-1","MI_heart","Non-Expanded","T-Reg","CL4721"
"MI_heart_CAGTAACTCTAGAGTC-1","MI_heart","Non-Expanded","T-Reg","CL4722"
"MI_heart_CAGTCCTCATCAGTCA-1","MI_heart","Non-Expanded","T-Reg","CL4727"
"MI_heart_CATATGGGTGGCTCCA-1","MI_heart","Non-Expanded","T-Reg","CL4736"
"MI_heart_CATATGGTCCTTTCGG-1","MI_heart","Non-Expanded","T-Reg","CL4737"
"MI_heart_CATATTCGTACTCTCC-1","MI_heart","Non-Expanded","T-Reg","CL4740"
"MI_heart_CATCAGATCTGCTGTC-1","MI_heart","Non-Expanded","T-Reg","CL4753"
"MI_heart_CATCCACAGCGTTGCC-1","MI_heart","Non-Expanded","T-Reg","CL4756"
"MI_heart_CATCCACAGTTTCCTT-1","MI_heart","Expanded","T-Reg","CL4759"
"MI_heart_CATCCACCACGTCAGC-1","MI_heart","Non-Expanded","T-Reg","CL4760"
"MI_heart_CATCCACCATCAGTAC-1","MI_heart","Non-Expanded","T-Reg","CL4762"
"MI_heart_CATCCACGTGCAGTAG-1","MI_heart","Non-Expanded","T-Reg","CL4765"
"MI_heart_CATCCACTCCCAACGG-1","MI_heart","Non-Expanded","T-Reg","CL4767"
"MI_heart_CATCGAAGTGGTAACG-1","MI_heart","Non-Expanded","T-Reg","CL4774"
"MI_heart_CATCGAATCAGCTTAG-1","MI_heart","Non-Expanded","T-Reg","CL4775"
"MI_heart_CATCGGGTCCGTCATC-1","MI_heart","Non-Expanded","T-Reg","CL4781"
"MI_heart_CATGCCTGTCTGATCA-1","MI_heart","Non-Expanded","T-Reg","CL4790"
"MI_heart_CATGGCGAGTCGAGTG-1","MI_heart","Expanded","T-Reg","CL4759"
"MI_heart_CATTATCTCTACTCAT-1","MI_heart","Non-Expanded","T-Reg","CL4806"
"MI_heart_CCACCTACATGTCGAT-1","MI_heart","Non-Expanded","T-Reg","CL4823"
"MI_heart_CCACTACAGGTGCTAG-1","MI_heart","Non-Expanded","T-Reg","CL4831"
"MI_heart_CCACTACCATACAGCT-1","MI_heart","Non-Expanded","T-Reg","CL4833"
"MI_heart_CCACTACCATGATCCA-1","MI_heart","Non-Expanded","T-Reg","CL4834"
"MI_heart_CCACTACGTAATTGGA-1","MI_heart","Non-Expanded","T-Reg","CL4835"
"MI_heart_CCATGTCAGAGGTAGA-1","MI_heart","Non-Expanded","T-Reg","CL4847"
"MI_heart_CCATGTCCAACACCCG-1","MI_heart","Expanded","T-Reg","CL3764"
"MI_heart_CCATGTCGTTGTCTTT-1","MI_heart","Non-Expanded","T-Reg","CL4850"
"MI_heart_CCATTCGTCCACGACG-1","MI_heart","Non-Expanded","T-Reg","CL4857"
"MI_heart_CCATTCGTCTGCTGTC-1","MI_heart","Non-Expanded","T-Reg","CL4858"
"MI_heart_CCCAATCCACCGTTGG-1","MI_heart","Non-Expanded","T-Reg","CL4860"
"MI_heart_CCCAATCTCTTGTCAT-1","MI_heart","Non-Expanded","T-Reg","CL4865"
"MI_heart_CCCAGTTAGGCTCAGA-1","MI_heart","Non-Expanded","T-Reg","CL4867"
"MI_heart_CCCAGTTCAGACGTAG-1","MI_heart","Non-Expanded","T-Reg","CL4869"
"MI_heart_CCGGGATAGGGTTTCT-1","MI_heart","Non-Expanded","T-Reg","CL4894"
"MI_heart_CCGGTAGTCAAAGACA-1","MI_heart","Non-Expanded","T-Reg","CL4904"
"MI_heart_CCGTACTAGGCTAGAC-1","MI_heart","Non-Expanded","T-Reg","CL4907"
"MI_heart_CCGTTCACAGAGTGTG-1","MI_heart","Non-Expanded","T-Reg","CL4922"
"MI_heart_CCGTTCATCGGCTTGG-1","MI_heart","Expanded","T-Reg","CL4927"
"MI_heart_CCTAAAGAGGAGCGTT-1","MI_heart","Non-Expanded","T-Reg","CL4931"
"MI_heart_CCTACACTCAGGTAAA-1","MI_heart","Non-Expanded","T-Reg","CL4940"
"MI_heart_CCTACCAAGCTCCCAG-1","MI_heart","Non-Expanded","T-Reg","CL4942"
"MI_heart_CCTACCACAGATAATG-1","MI_heart","Non-Expanded","T-Reg","CL4945"
"MI_heart_CCTAGCTCAGGTGGAT-1","MI_heart","Non-Expanded","T-Reg","CL4952"
"MI_heart_CCTATTACACGACTCG-1","MI_heart","Non-Expanded","T-Reg","CL4962"
"MI_heart_CCTATTAGTGACTCAT-1","MI_heart","Non-Expanded","T-Reg","CL4963"
"MI_heart_CCTATTAGTGTGACGA-1","MI_heart","Non-Expanded","T-Reg","CL4964"
"MI_heart_CCTCTGAAGACCCACC-1","MI_heart","Non-Expanded","T-Reg","CL4970"
"MI_heart_CCTTACGGTGACAAAT-1","MI_heart","Non-Expanded","T-Reg","CL4985"
"MI_heart_CCTTACGGTTGCGCAC-1","MI_heart","Non-Expanded","T-Reg","CL4986"
"MI_heart_CGAACATAGGGAAACA-1","MI_heart","Non-Expanded","T-Reg","CL5008"
"MI_heart_CGAACATTCCTGCCAT-1","MI_heart","Non-Expanded","T-Reg","CL5014"
"MI_heart_CGAATGTGTCAGTGGA-1","MI_heart","Non-Expanded","T-Reg","CL5019"
"MI_heart_CGAATGTGTTCGTGAT-1","MI_heart","Non-Expanded","T-Reg","CL5020"
"MI_heart_CGAATGTTCCGATATG-1","MI_heart","Non-Expanded","T-Reg","CL5021"
"MI_heart_CGACCTTAGCGCTTAT-1","MI_heart","Non-Expanded","T-Reg","CL5022"
"MI_heart_CGACCTTCAGGCTCAC-1","MI_heart","Non-Expanded","T-Reg","CL5024"
"MI_heart_CGACCTTTCTCTTATG-1","MI_heart","Non-Expanded","T-Reg","CL5026"
"MI_heart_CGACTTCTCGCGTAGC-1","MI_heart","Non-Expanded","T-Reg","CL5031"
"MI_heart_CGACTTCTCTTGTCAT-1","MI_heart","Non-Expanded","T-Reg","CL5032"
"MI_heart_CGAGAAGAGTCATCCA-1","MI_heart","Non-Expanded","T-Reg","CL5033"
"MI_heart_CGATCGGAGGCATTGG-1","MI_heart","Non-Expanded","T-Reg","CL5052"
"MI_heart_CGATTGAAGGTGTGGT-1","MI_heart","Expanded","T-Reg","CL5081"
"MI_heart_CGCCAAGAGGCTACGA-1","MI_heart","Non-Expanded","T-Reg","CL5087"
"MI_heart_CGCGGTACAAACTGCT-1","MI_heart","Non-Expanded","T-Reg","CL5095"
"MI_heart_CGCGGTACATGTTGAC-1","MI_heart","Non-Expanded","T-Reg","CL5096"
"MI_heart_CGCGGTAGTAGCGCAA-1","MI_heart","Non-Expanded","T-Reg","CL5098"
"MI_heart_CGCGTTTAGATGCCAG-1","MI_heart","Non-Expanded","T-Reg","CL5102"
"MI_heart_CGCGTTTGTAGCTGCC-1","MI_heart","Non-Expanded","T-Reg","CL5109"
"MI_heart_CGCGTTTTCAGGCAAG-1","MI_heart","Non-Expanded","T-Reg","CL5115"
"MI_heart_CGCGTTTTCTGCTGTC-1","MI_heart","Non-Expanded","T-Reg","CL5118"
"MI_heart_CGCTATCCACCACCAG-1","MI_heart","Non-Expanded","T-Reg","CL5121"
"MI_heart_CGCTATCGTCGGCTCA-1","MI_heart","Non-Expanded","T-Reg","CL5123"
"MI_heart_CGCTGGAAGATAGTCA-1","MI_heart","Non-Expanded","T-Reg","CL5130"
"MI_heart_CGCTGGATCAACGGGA-1","MI_heart","Non-Expanded","T-Reg","CL5133"
"MI_heart_CGCTTCAAGGCCCTTG-1","MI_heart","Non-Expanded","T-Reg","CL5136"
"MI_heart_CGCTTCACAACTTGAC-1","MI_heart","Non-Expanded","T-Reg","CL5137"
"MI_heart_CGGACACAGAATTCCC-1","MI_heart","Non-Expanded","T-Reg","CL5144"
"MI_heart_CGGACTGCAATGGACG-1","MI_heart","Non-Expanded","T-Reg","CL5160"
"MI_heart_CGGACTGTCATCACCC-1","MI_heart","Non-Expanded","T-Reg","CL5163"
"MI_heart_CGGAGTCCATAAGACA-1","MI_heart","Expanded","T-Reg","CL3858"
"MI_heart_CGGCTAGGTCTGCGGT-1","MI_heart","Non-Expanded","T-Reg","CL5184"
"MI_heart_CGGCTAGTCCAGTATG-1","MI_heart","Expanded","T-Reg","CL5187"
"MI_heart_CGGGTCAAGACAATAC-1","MI_heart","Non-Expanded","T-Reg","CL5189"
"MI_heart_CGGGTCAAGTGTACCT-1","MI_heart","Expanded","T-Reg","CL5192"
"MI_heart_CGGTTAAAGATATGCA-1","MI_heart","Non-Expanded","T-Reg","CL5196"
"MI_heart_CGTAGCGAGGTGCAAC-1","MI_heart","Non-Expanded","T-Reg","CL5200"
"MI_heart_CGTAGGCCAGTTTACG-1","MI_heart","Non-Expanded","T-Reg","CL5211"
"MI_heart_CGTAGGCTCCTCTAGC-1","MI_heart","Non-Expanded","T-Reg","CL5214"
"MI_heart_CGTCACTAGTGTACGG-1","MI_heart","Non-Expanded","T-Reg","CL5216"
"MI_heart_CGTCACTGTGTTAAGA-1","MI_heart","Non-Expanded","T-Reg","CL5219"
"MI_heart_CGTCACTTCGCCAGCA-1","MI_heart","Non-Expanded","T-Reg","CL5220"
"MI_heart_CGTCCATCATGCGCAC-1","MI_heart","Non-Expanded","T-Reg","CL5231"
"MI_heart_CGTCTACAGTGAATTG-1","MI_heart","Non-Expanded","T-Reg","CL5237"
"MI_heart_CGTCTACCAAGTCTGT-1","MI_heart","Non-Expanded","T-Reg","CL5238"
"MI_heart_CGTCTACGTAGAGGAA-1","MI_heart","Non-Expanded","T-Reg","CL5241"
"MI_heart_CGTGAGCCAAGTTGTC-1","MI_heart","Non-Expanded","T-Reg","CL5247"
"MI_heart_CGTGTAAGTTAAAGAC-1","MI_heart","Non-Expanded","T-Reg","CL5251"
"MI_heart_CGTGTCTAGATGTGTA-1","MI_heart","Non-Expanded","T-Reg","CL5254"
"MI_heart_CGTGTCTCATTGGGCC-1","MI_heart","Non-Expanded","T-Reg","CL5257"
"MI_heart_CGTGTCTGTATGAAAC-1","MI_heart","Non-Expanded","T-Reg","CL5258"
"MI_heart_CGTTAGATCGACAGCC-1","MI_heart","Non-Expanded","T-Reg","CL5270"
"MI_heart_CGTTAGATCGTACGGC-1","MI_heart","Non-Expanded","T-Reg","CL5272"
"MI_heart_CTAACTTAGGCCATAG-1","MI_heart","Non-Expanded","T-Reg","CL5286"
"MI_heart_CTAAGACCAGGCAGTA-1","MI_heart","Non-Expanded","T-Reg","CL5297"
"MI_heart_CTAAGACGTTCAGACT-1","MI_heart","Non-Expanded","T-Reg","CL5298"
"MI_heart_CTAATGGAGAACTGTA-1","MI_heart","Non-Expanded","T-Reg","CL5302"
"MI_heart_CTAATGGTCCACGCAG-1","MI_heart","Non-Expanded","T-Reg","CL5308"
"MI_heart_CTAATGGTCGGATGTT-1","MI_heart","Non-Expanded","T-Reg","CL5309"
"MI_heart_CTACACCCAGGATCGA-1","MI_heart","Non-Expanded","T-Reg","CL5318"
"MI_heart_CTACACCCATCACCCT-1","MI_heart","Non-Expanded","T-Reg","CL5319"
"MI_heart_CTACACCTCGTCGTTC-1","MI_heart","Non-Expanded","T-Reg","CL5322"
"MI_heart_CTACACCTCTTTAGTC-1","MI_heart","Non-Expanded","T-Reg","CL5324"
"MI_heart_CTACATTAGGAGTAGA-1","MI_heart","Expanded","T-Reg","CL5081"
"MI_heart_CTACATTCATTAACCG-1","MI_heart","Non-Expanded","T-Reg","CL5326"
"MI_heart_CTACATTGTTGCGTTA-1","MI_heart","Non-Expanded","T-Reg","CL5327"
"MI_heart_CTACCCACAAATTGCC-1","MI_heart","Non-Expanded","T-Reg","CL5331"
"MI_heart_CTACCCACATCTCCCA-1","MI_heart","Expanded","T-Reg","CL5333"
"MI_heart_CTACCCAGTGCAACTT-1","MI_heart","Non-Expanded","T-Reg","CL5336"
"MI_heart_CTACGTCGTCACACGC-1","MI_heart","Non-Expanded","T-Reg","CL5346"
"MI_heart_CTAGAGTAGCCGCCTA-1","MI_heart","Non-Expanded","T-Reg","CL5349"
"MI_heart_CTAGAGTTCCAAACAC-1","MI_heart","Non-Expanded","T-Reg","CL5352"
"MI_heart_CTAGCCTCATTCTCAT-1","MI_heart","Expanded","T-Reg","CL5358"
"MI_heart_CTAGTGAAGTCATGCT-1","MI_heart","Non-Expanded","T-Reg","CL5364"
"MI_heart_CTAGTGACAATGTAAG-1","MI_heart","Non-Expanded","T-Reg","CL5365"
"MI_heart_CTAGTGAGTTTGTTTC-1","MI_heart","Non-Expanded","T-Reg","CL5367"
"MI_heart_CTAGTGATCGCCCTTA-1","MI_heart","Non-Expanded","T-Reg","CL5370"
"MI_heart_CTCACACGTCAAAGAT-1","MI_heart","Non-Expanded","T-Reg","CL5375"
"MI_heart_CTCACACGTCGCATAT-1","MI_heart","Non-Expanded","T-Reg","CL5377"
"MI_heart_CTCAGAAAGACATAAC-1","MI_heart","Non-Expanded","T-Reg","CL5385"
"MI_heart_CTCAGAACACGTCTCT-1","MI_heart","Non-Expanded","T-Reg","CL5389"
"MI_heart_CTCAGAAGTTGTCTTT-1","MI_heart","Non-Expanded","T-Reg","CL5392"
"MI_heart_CTCCTAGTCTCGCTTG-1","MI_heart","Non-Expanded","T-Reg","CL5407"
"MI_heart_CTCGAGGAGATGCCAG-1","MI_heart","Non-Expanded","T-Reg","CL5415"
"MI_heart_CTCGAGGGTATAGGGC-1","MI_heart","Non-Expanded","T-Reg","CL5421"
"MI_heart_CTCGAGGGTCGAATCT-1","MI_heart","Non-Expanded","T-Reg","CL5423"
"MI_heart_CTCGAGGTCTCCTATA-1","MI_heart","Non-Expanded","T-Reg","CL5425"
"MI_heart_CTCGTCACACCCATGG-1","MI_heart","Non-Expanded","T-Reg","CL5444"
"MI_heart_CTCTAATGTGCTGTAT-1","MI_heart","Non-Expanded","T-Reg","CL5454"
"MI_heart_CTCTACGCAGCGTTCG-1","MI_heart","Non-Expanded","T-Reg","CL5460"
"MI_heart_CTCTGGTTCTCAAGTG-1","MI_heart","Non-Expanded","T-Reg","CL5469"
"MI_heart_CTGAAACAGGGCTTCC-1","MI_heart","Non-Expanded","T-Reg","CL5471"
"MI_heart_CTGAAACCAGACTCGC-1","MI_heart","Non-Expanded","T-Reg","CL5474"
"MI_heart_CTGAAACGTGTTGGGA-1","MI_heart","Non-Expanded","T-Reg","CL5476"
"MI_heart_CTGAAACTCTCAAGTG-1","MI_heart","Non-Expanded","T-Reg","CL5477"
"MI_heart_CTGAAACTCTTCGGTC-1","MI_heart","Non-Expanded","T-Reg","CL5478"
"MI_heart_CTGATAGCACGGCCAT-1","MI_heart","Non-Expanded","T-Reg","CL5487"
"MI_heart_CTGATAGCAGATGGGT-1","MI_heart","Expanded","T-Reg","CL4144"
"MI_heart_CTGATAGTCGCCTGAG-1","MI_heart","Non-Expanded","T-Reg","CL5495"
"MI_heart_CTGCCTATCACTTATC-1","MI_heart","Non-Expanded","T-Reg","CL5508"
"MI_heart_CTGCGGAAGGAGCGTT-1","MI_heart","Non-Expanded","T-Reg","CL5513"
"MI_heart_CTGCGGAGTACATGTC-1","MI_heart","Non-Expanded","T-Reg","CL5516"
"MI_heart_CTGCGGATCGCAGGCT-1","MI_heart","Non-Expanded","T-Reg","CL5518"
"MI_heart_CTGGTCTGTTCGCTAA-1","MI_heart","Non-Expanded","T-Reg","CL5536"
"MI_heart_CTGTGCTCAAAGGCGT-1","MI_heart","Non-Expanded","T-Reg","CL5538"
"MI_heart_CTGTGCTGTACCGTTA-1","MI_heart","Non-Expanded","T-Reg","CL5541"
"MI_heart_CTTACCGTCAATCTCT-1","MI_heart","Non-Expanded","T-Reg","CL5556"
"MI_heart_CTTACCGTCTGTCAAG-1","MI_heart","Expanded","T-Reg","CL5333"
"MI_heart_GAAACTCAGCCACGTC-1","MI_heart","Non-Expanded","T-Reg","CL5584"
"MI_heart_GAAACTCAGGACATTA-1","MI_heart","Non-Expanded","T-Reg","CL5585"
"MI_heart_GAAACTCAGGTGCTTT-1","MI_heart","Non-Expanded","T-Reg","CL5586"
"MI_heart_GAAACTCCAAGCCATT-1","MI_heart","Non-Expanded","T-Reg","CL5587"
"MI_heart_GAAACTCGTCGATTGT-1","MI_heart","Non-Expanded","T-Reg","CL5590"
"MI_heart_GAAATGACAGCGTCCA-1","MI_heart","Non-Expanded","T-Reg","CL5599"
"MI_heart_GAAATGACATCCCACT-1","MI_heart","Non-Expanded","T-Reg","CL5602"
"MI_heart_GAAATGAGTAAGGATT-1","MI_heart","Non-Expanded","T-Reg","CL5604"
"MI_heart_GAAATGAGTCGCGTGT-1","MI_heart","Non-Expanded","T-Reg","CL5605"
"MI_heart_GAAATGAGTGGAAAGA-1","MI_heart","Non-Expanded","T-Reg","CL3631"
"MI_heart_GAACATCGTTAGTGGG-1","MI_heart","Non-Expanded","T-Reg","CL5612"
"MI_heart_GAACGGAAGTGGTAAT-1","MI_heart","Non-Expanded","T-Reg","CL5621"
"MI_heart_GAACGGAGTTGACGTT-1","MI_heart","Non-Expanded","T-Reg","CL5625"
"MI_heart_GAAGCAGTCAACACGT-1","MI_heart","Non-Expanded","T-Reg","CL5632"
"MI_heart_GAATAAGGTCTTCAAG-1","MI_heart","Non-Expanded","T-Reg","CL5641"
"MI_heart_GAATAAGTCGTAGGAG-1","MI_heart","Non-Expanded","T-Reg","CL5645"
"MI_heart_GAATGAACACAGACAG-1","MI_heart","Non-Expanded","T-Reg","CL5649"
"MI_heart_GACAGAGAGGTGATAT-1","MI_heart","Non-Expanded","T-Reg","CL5663"
"MI_heart_GACAGAGGTAGCGCTC-1","MI_heart","Non-Expanded","T-Reg","CL5665"
"MI_heart_GACCAATTCCAGTAGT-1","MI_heart","Non-Expanded","T-Reg","CL5673"
"MI_heart_GACCTGGAGAAACGAG-1","MI_heart","Non-Expanded","T-Reg","CL5675"
"MI_heart_GACGCGTAGCCACTAT-1","MI_heart","Non-Expanded","T-Reg","CL5685"
"MI_heart_GACGCGTTCAGTCAGT-1","MI_heart","Non-Expanded","T-Reg","CL5688"
"MI_heart_GACGGCTGTCACAAGG-1","MI_heart","Non-Expanded","T-Reg","CL5699"
"MI_heart_GACGGCTGTCTGCAAT-1","MI_heart","Non-Expanded","T-Reg","CL5702"
"MI_heart_GACGGCTGTTATCGGT-1","MI_heart","Expanded","T-Reg","CL3858"
"MI_heart_GACGTTAAGTGTCTCA-1","MI_heart","Non-Expanded","T-Reg","CL5711"
"MI_heart_GACTAACTCTGGGCCA-1","MI_heart","Non-Expanded","T-Reg","CL5725"
"MI_heart_GACTACATCAAAGTAG-1","MI_heart","Non-Expanded","T-Reg","CL5729"
"MI_heart_GACTGCGCATGGGACA-1","MI_heart","Non-Expanded","T-Reg","CL5735"
"MI_heart_GACTGCGGTTCGGCAC-1","MI_heart","Non-Expanded","T-Reg","CL5740"
"MI_heart_GAGCAGAGTCCCTACT-1","MI_heart","Non-Expanded","T-Reg","CL5747"
"MI_heart_GAGGTGAAGTGCGATG-1","MI_heart","Non-Expanded","T-Reg","CL5752"
"MI_heart_GAGGTGAGTGGGTCAA-1","MI_heart","Non-Expanded","T-Reg","CL5754"
"MI_heart_GAGGTGATCAGCTGGC-1","MI_heart","Non-Expanded","T-Reg","CL5755"
"MI_heart_GAGTCCGAGGCACATG-1","MI_heart","Non-Expanded","T-Reg","CL5759"
"MI_heart_GAGTCCGCAAAGTGCG-1","MI_heart","Expanded","T-Reg","CL5358"
"MI_heart_GAGTCCGGTTCGCTAA-1","MI_heart","Non-Expanded","T-Reg","CL5760"
"MI_heart_GATCGATGTAGGACAC-1","MI_heart","Non-Expanded","T-Reg","CL5768"
"MI_heart_GATCGCGAGCACCGTC-1","MI_heart","Non-Expanded","T-Reg","CL5772"
"MI_heart_GATCGCGCAGGTCTCG-1","MI_heart","Non-Expanded","T-Reg","CL5776"
"MI_heart_GATCGCGGTGACGGTA-1","MI_heart","Non-Expanded","T-Reg","CL5777"
"MI_heart_GATCTAGAGTGGGATC-1","MI_heart","Non-Expanded","T-Reg","CL5785"
"MI_heart_GATGAAACATCCTAGA-1","MI_heart","Non-Expanded","T-Reg","CL5797"
"MI_heart_GATGAAAGTTCAGACT-1","MI_heart","Non-Expanded","T-Reg","CL5800"
"MI_heart_GATTCAGCAGGACCCT-1","MI_heart","Non-Expanded","T-Reg","CL5828"
"MI_heart_GATTCAGGTCCAGTGC-1","MI_heart","Non-Expanded","T-Reg","CL5829"
"MI_heart_GCAATCATCAGAAATG-1","MI_heart","Non-Expanded","T-Reg","CL5848"
"MI_heart_GCACATAAGAGTCTGG-1","MI_heart","Non-Expanded","T-Reg","CL5850"
"MI_heart_GCACATACATGCCACG-1","MI_heart","Non-Expanded","T-Reg","CL5854"
"MI_heart_GCACTCTAGTACGCCC-1","MI_heart","Expanded","T-Reg","CL4385"
"MI_heart_GCACTCTGTATAGGTA-1","MI_heart","Non-Expanded","T-Reg","CL5860"
"MI_heart_GCAGCCATCCCTCAGT-1","MI_heart","Non-Expanded","T-Reg","CL5868"
"MI_heart_GCATACAAGTAAGTAC-1","MI_heart","Non-Expanded","T-Reg","CL5872"
"MI_heart_GCATACACACCAACCG-1","MI_heart","Non-Expanded","T-Reg","CL5875"
"MI_heart_GCATGATAGTGATCGG-1","MI_heart","Non-Expanded","T-Reg","CL5884"
"MI_heart_GCATGATTCCGCATCT-1","MI_heart","Non-Expanded","T-Reg","CL5888"
"MI_heart_GCATGTATCCTTGCCA-1","MI_heart","Non-Expanded","T-Reg","CL5905"
"MI_heart_GCCAAATAGTAGCCGA-1","MI_heart","Non-Expanded","T-Reg","CL5909"
"MI_heart_GCCAAATAGTGTACGG-1","MI_heart","Non-Expanded","T-Reg","CL5910"
"MI_heart_GCCTCTATCGGCTTGG-1","MI_heart","Non-Expanded","T-Reg","CL5925"
"MI_heart_GCGACCAAGACAGAGA-1","MI_heart","Expanded","T-Reg","CL5927"
"MI_heart_GCGACCATCGCCCTTA-1","MI_heart","Non-Expanded","T-Reg","CL5939"
"MI_heart_GCGAGAAGTACCGTAT-1","MI_heart","Non-Expanded","T-Reg","CL5945"
"MI_heart_GCGAGAATCCACGACG-1","MI_heart","Expanded","T-Reg","CL5081"
"MI_heart_GCGCAACGTAAGTTCC-1","MI_heart","Non-Expanded","T-Reg","CL5949"
"MI_heart_GCGCAACTCCGCAAGC-1","MI_heart","Non-Expanded","T-Reg","CL5951"
"MI_heart_GCGCAGTAGCGGATCA-1","MI_heart","Non-Expanded","T-Reg","CL5952"
"MI_heart_GCGCAGTGTCGAATCT-1","MI_heart","Non-Expanded","T-Reg","CL5956"
"MI_heart_GCGCAGTGTTCCACAA-1","MI_heart","Non-Expanded","T-Reg","CL5039"
"MI_heart_GCGCCAAGTTCAACCA-1","MI_heart","Non-Expanded","T-Reg","CL5970"
"MI_heart_GCGCGATAGCAATCTC-1","MI_heart","Non-Expanded","T-Reg","CL5975"
"MI_heart_GCGCGATCACTGTCGG-1","MI_heart","Non-Expanded","T-Reg","CL5977"
"MI_heart_GCGCGATCATCATCCC-1","MI_heart","Non-Expanded","T-Reg","CL5978"
"MI_heart_GCTCCTAGTGTGTGCC-1","MI_heart","Non-Expanded","T-Reg","CL5994"
"MI_heart_GCTCTGTCATCGTCGG-1","MI_heart","Non-Expanded","T-Reg","CL5999"
"MI_heart_GCTCTGTGTGGTACAG-1","MI_heart","Non-Expanded","T-Reg","CL6000"
"MI_heart_GCTGGGTCACCTCGTT-1","MI_heart","Non-Expanded","T-Reg","CL6022"
"MI_heart_GCTTGAAAGCCACGTC-1","MI_heart","Non-Expanded","T-Reg","CL6037"
"MI_heart_GCTTGAACAACGATGG-1","MI_heart","Non-Expanded","T-Reg","CL6040"
"MI_heart_GCTTGAATCATGTCTT-1","MI_heart","Non-Expanded","T-Reg","CL6044"
"MI_heart_GGAAAGCCAGCTCCGA-1","MI_heart","Non-Expanded","T-Reg","CL6050"
"MI_heart_GGAACTTAGTGACATA-1","MI_heart","Non-Expanded","T-Reg","CL6054"
"MI_heart_GGAACTTGTCAAACTC-1","MI_heart","Non-Expanded","T-Reg","CL6056"
"MI_heart_GGAACTTTCTGTCCGT-1","MI_heart","Non-Expanded","T-Reg","CL6058"
"MI_heart_GGAATAAAGGGTGTTG-1","MI_heart","Non-Expanded","T-Reg","CL6060"
"MI_heart_GGACAAGCAGATTGCT-1","MI_heart","Non-Expanded","T-Reg","CL6070"
"MI_heart_GGACAAGTCCCTCTTT-1","MI_heart","Non-Expanded","T-Reg","CL6072"
"MI_heart_GGACAGAAGTTCGCGC-1","MI_heart","Non-Expanded","T-Reg","CL6074"
"MI_heart_GGACATTGTACTTCTT-1","MI_heart","Non-Expanded","T-Reg","CL6082"
"MI_heart_GGACATTTCTTTACGT-1","MI_heart","Non-Expanded","T-Reg","CL6085"
"MI_heart_GGACGTCCATCGATGT-1","MI_heart","Non-Expanded","T-Reg","CL6087"
"MI_heart_GGACGTCTCAACTCTT-1","MI_heart","Non-Expanded","T-Reg","CL6089"
"MI_heart_GGAGCAAAGCTAACTC-1","MI_heart","Non-Expanded","T-Reg","CL6091"
"MI_heart_GGAGCAACAGGCGATA-1","MI_heart","Non-Expanded","T-Reg","CL6094"
"MI_heart_GGATGTTGTTGAGTTC-1","MI_heart","Non-Expanded","T-Reg","CL6107"
"MI_heart_GGATTACCAGAGTGTG-1","MI_heart","Expanded","T-Reg","CL5187"
"MI_heart_GGATTACCATGGGACA-1","MI_heart","Non-Expanded","T-Reg","CL6112"
"MI_heart_GGCAATTGTATCAGTC-1","MI_heart","Non-Expanded","T-Reg","CL6118"
"MI_heart_GGCAATTGTCGAGTTT-1","MI_heart","Non-Expanded","T-Reg","CL6119"
"MI_heart_GGCAATTGTCTGGTCG-1","MI_heart","Non-Expanded","T-Reg","CL6120"
"MI_heart_GGCCGATAGCTAAGAT-1","MI_heart","Non-Expanded","T-Reg","CL6123"
"MI_heart_GGCCGATCAACAACCT-1","MI_heart","Non-Expanded","T-Reg","CL6125"
"MI_heart_GGCGACTAGACGCTTT-1","MI_heart","Non-Expanded","T-Reg","CL6129"
"MI_heart_GGCTCGATCAGCTCGG-1","MI_heart","Non-Expanded","T-Reg","CL6154"
"MI_heart_GGCTGGTCACGCATCG-1","MI_heart","Non-Expanded","T-Reg","CL6159"
"MI_heart_GGCTGGTGTTAGTGGG-1","MI_heart","Non-Expanded","T-Reg","CL6165"
"MI_heart_GGCTGGTTCTTCAACT-1","MI_heart","Non-Expanded","T-Reg","CL6168"
"MI_heart_GGGAATGGTCATCGGC-1","MI_heart","Non-Expanded","T-Reg","CL6175"
"MI_heart_GGGACCTGTTTCGCTC-1","MI_heart","Non-Expanded","T-Reg","CL6188"
"MI_heart_GGGAGATCAGCCTTGG-1","MI_heart","Non-Expanded","T-Reg","CL6197"
"MI_heart_GGGAGATGTGAAAGAG-1","MI_heart","Expanded","T-Reg","CL5192"
"MI_heart_GGGAGATTCACAATGC-1","MI_heart","Non-Expanded","T-Reg","CL6201"
"MI_heart_GGGATGAAGAATGTGT-1","MI_heart","Non-Expanded","T-Reg","CL6204"
"MI_heart_GGGATGATCGCAAGCC-1","MI_heart","Expanded","T-Reg","CL3858"
"MI_heart_GGGCACTAGTTGAGAT-1","MI_heart","Non-Expanded","T-Reg","CL6212"
"MI_heart_GGGCACTCACCGAATT-1","MI_heart","Non-Expanded","T-Reg","CL6213"
"MI_heart_GGGCACTGTTCGTTGA-1","MI_heart","Non-Expanded","T-Reg","CL6218"
"MI_heart_GGGCATCAGAAGGACA-1","MI_heart","Non-Expanded","T-Reg","CL6219"
"MI_heart_GGGCATCCATTGCGGC-1","MI_heart","Non-Expanded","T-Reg","CL6223"
"MI_heart_GGGTCTGTCCAAAGTC-1","MI_heart","Non-Expanded","T-Reg","CL6236"
"MI_heart_GGGTTGCAGCTGCAAG-1","MI_heart","Non-Expanded","T-Reg","CL6240"
"MI_heart_GGGTTGCCATGTTGAC-1","MI_heart","Non-Expanded","T-Reg","CL6242"
"MI_heart_GGGTTGCGTACCGTTA-1","MI_heart","Non-Expanded","T-Reg","CL6244"
"MI_heart_GGTATTGAGACCGGAT-1","MI_heart","Non-Expanded","T-Reg","CL6250"
"MI_heart_GGTGTTAAGATATACG-1","MI_heart","Non-Expanded","T-Reg","CL6273"
"MI_heart_GGTGTTAGTTCAGGCC-1","MI_heart","Non-Expanded","T-Reg","CL6276"
"MI_heart_GGTGTTATCGCCTGTT-1","MI_heart","Non-Expanded","T-Reg","CL3918"
"MI_heart_GTACTCCCAAATCCGT-1","MI_heart","Non-Expanded","T-Reg","CL4912"
"MI_heart_GTACTTTCAGGCGATA-1","MI_heart","Non-Expanded","T-Reg","CL6304"
"MI_heart_GTAGTCACAGCGAACA-1","MI_heart","Non-Expanded","T-Reg","CL6316"
"MI_heart_GTCAAGTAGTCGTACT-1","MI_heart","Non-Expanded","T-Reg","CL6347"
"MI_heart_GTCACAAGTTACGTCA-1","MI_heart","Non-Expanded","T-Reg","CL6358"
"MI_heart_GTCACAATCCTTTCGG-1","MI_heart","Expanded","T-Reg","CL5927"
"MI_heart_GTCACGGAGAATTCCC-1","MI_heart","Non-Expanded","T-Reg","CL6360"
"MI_heart_GTCACGGAGAGTCGGT-1","MI_heart","Expanded","T-Reg","CL3732"
"MI_heart_GTCACGGAGCTGAAAT-1","MI_heart","Non-Expanded","T-Reg","CL6361"
"MI_heart_GTCACGGGTCGCGGTT-1","MI_heart","Non-Expanded","T-Reg","CL6365"
"MI_heart_GTCACGGTCCACGAAT-1","MI_heart","Non-Expanded","T-Reg","CL6370"
"MI_heart_GTCACGGTCCTTTACA-1","MI_heart","Non-Expanded","T-Reg","CL6371"
"MI_heart_GTCATTTGTTCACCTC-1","MI_heart","Non-Expanded","T-Reg","CL6379"
"MI_heart_GTCATTTGTTCAGCGC-1","MI_heart","Non-Expanded","T-Reg","CL6380"
"MI_heart_GTCCTCAGTCTAGTCA-1","MI_heart","Non-Expanded","T-Reg","CL6393"
"MI_heart_GTCCTCATCTACCTGC-1","MI_heart","Non-Expanded","T-Reg","CL6395"
"MI_heart_GTCGGGTGTGTGGCTC-1","MI_heart","Non-Expanded","T-Reg","CL6396"
"MI_heart_GTCGTAAGTGCGCTTG-1","MI_heart","Non-Expanded","T-Reg","CL6402"
"MI_heart_GTCTCGTCAAGGGTCA-1","MI_heart","Expanded","T-Reg","CL5333"
"MI_heart_GTCTTCGGTCTCAACA-1","MI_heart","Non-Expanded","T-Reg","CL6418"
"MI_heart_GTCTTCGTCAACCAAC-1","MI_heart","Non-Expanded","T-Reg","CL6419"
"MI_heart_GTGAAGGGTGCAGTAG-1","MI_heart","Non-Expanded","T-Reg","CL6427"
"MI_heart_GTGAAGGTCTACTTAC-1","MI_heart","Non-Expanded","T-Reg","CL6430"
"MI_heart_GTGCATACAACACGCC-1","MI_heart","Non-Expanded","T-Reg","CL6441"
"MI_heart_GTGCATACATACAGCT-1","MI_heart","Non-Expanded","T-Reg","CL6442"
"MI_heart_GTGCGGTGTAAACGCG-1","MI_heart","Non-Expanded","T-Reg","CL6447"
"MI_heart_GTGGGTCGTCTAGTGT-1","MI_heart","Non-Expanded","T-Reg","CL6463"
"MI_heart_GTGTGCGAGTGAACGC-1","MI_heart","Non-Expanded","T-Reg","CL6467"
"MI_heart_GTGTGCGAGTTTAGGA-1","MI_heart","Non-Expanded","T-Reg","CL6468"
"MI_heart_GTGTGCGGTTTGTTGG-1","MI_heart","Expanded","T-Reg","CL4477"
"MI_heart_GTGTTAGTCCCAAGTA-1","MI_heart","Non-Expanded","T-Reg","CL6482"
"MI_heart_GTTACAGAGAGGTAGA-1","MI_heart","Expanded","T-Reg","CL4385"
"MI_heart_GTTACAGTCCAGGGCT-1","MI_heart","Non-Expanded","T-Reg","CL6496"
"MI_heart_GTTACAGTCCGGCACA-1","MI_heart","Non-Expanded","T-Reg","CL6497"
"MI_heart_GTTCATTGTACCTACA-1","MI_heart","Non-Expanded","T-Reg","CL6501"
"MI_heart_GTTCATTGTTCGTGAT-1","MI_heart","Non-Expanded","T-Reg","CL6503"
"MI_heart_GTTCGGGCAGATCTGT-1","MI_heart","Non-Expanded","T-Reg","CL6509"
"MI_heart_GTTCGGGGTCTCTTTA-1","MI_heart","Non-Expanded","T-Reg","CL6512"
"MI_heart_GTTCGGGTCGTCCGTT-1","MI_heart","Non-Expanded","T-Reg","CL6515"
"MI_heart_GTTTCTAAGAAGGCCT-1","MI_heart","Non-Expanded","T-Reg","CL6522"
"MI_heart_GTTTCTAAGCAGCCTC-1","MI_heart","Non-Expanded","T-Reg","CL6523"
"MI_heart_TAAGAGAAGAAGGTGA-1","MI_heart","Non-Expanded","T-Reg","CL6529"
"MI_heart_TAAGAGACAAAGCGGT-1","MI_heart","Non-Expanded","T-Reg","CL6532"
"MI_heart_TAAGCGTAGTGCCATT-1","MI_heart","Non-Expanded","T-Reg","CL6542"
"MI_heart_TAAGCGTTCATGTGGT-1","MI_heart","Non-Expanded","T-Reg","CL6546"
"MI_heart_TAAGCGTTCGGAATCT-1","MI_heart","Non-Expanded","T-Reg","CL6548"
"MI_heart_TACAGTGCAGGATCGA-1","MI_heart","Non-Expanded","T-Reg","CL6569"
"MI_heart_TACAGTGCATAAGACA-1","MI_heart","Non-Expanded","T-Reg","CL6570"
"MI_heart_TACGGATGTTGTTTGG-1","MI_heart","Non-Expanded","T-Reg","CL6594"
"MI_heart_TACGGGCCAAAGAATC-1","MI_heart","Non-Expanded","T-Reg","CL6600"
"MI_heart_TACGGGCTCACCTCGT-1","MI_heart","Non-Expanded","T-Reg","CL6606"
"MI_heart_TACGGTACAAGTACCT-1","MI_heart","Non-Expanded","T-Reg","CL6612"
"MI_heart_TACTCATTCGGACAAG-1","MI_heart","Non-Expanded","T-Reg","CL6622"
"MI_heart_TACTCGCGTCTCCACT-1","MI_heart","Non-Expanded","T-Reg","CL6630"
"MI_heart_TACTTACAGAGTCTGG-1","MI_heart","Non-Expanded","T-Reg","CL6632"
"MI_heart_TACTTACGTGGCCCTA-1","MI_heart","Non-Expanded","T-Reg","CL6637"
"MI_heart_TACTTGTGTCGCGTGT-1","MI_heart","Non-Expanded","T-Reg","CL6644"
"MI_heart_TAGAGCTAGCTGAAAT-1","MI_heart","Non-Expanded","T-Reg","CL6658"
"MI_heart_TAGCCGGAGCGTTCCG-1","MI_heart","Non-Expanded","T-Reg","CL6664"
"MI_heart_TAGGCATCATCGGAAG-1","MI_heart","Non-Expanded","T-Reg","CL6677"
"MI_heart_TAGGCATGTTCGTCTC-1","MI_heart","Non-Expanded","T-Reg","CL6678"
"MI_heart_TAGTGGTAGCCTTGAT-1","MI_heart","Non-Expanded","T-Reg","CL6681"
"MI_heart_TAGTGGTCAATACGCT-1","MI_heart","Non-Expanded","T-Reg","CL6683"
"MI_heart_TAGTGGTGTGTGAATA-1","MI_heart","Non-Expanded","T-Reg","CL6687"
"MI_heart_TAGTTGGCACAAGCCC-1","MI_heart","Non-Expanded","T-Reg","CL6691"
"MI_heart_TAGTTGGGTTCCACTC-1","MI_heart","Non-Expanded","T-Reg","CL4405"
"MI_heart_TATCAGGCATGCAATC-1","MI_heart","Non-Expanded","T-Reg","CL6697"
"MI_heart_TATCTCAGTTGTTTGG-1","MI_heart","Non-Expanded","T-Reg","CL6709"
"MI_heart_TATGCCCGTGCCTGCA-1","MI_heart","Non-Expanded","T-Reg","CL6715"
"MI_heart_TATGCCCTCTCTTGAT-1","MI_heart","Non-Expanded","T-Reg","CL6719"
"MI_heart_TCAACGAAGTGCCATT-1","MI_heart","Expanded","T-Reg","CL6727"
"MI_heart_TCAACGAGTAAATACG-1","MI_heart","Non-Expanded","T-Reg","CL6729"
"MI_heart_TCACAAGAGTGCAAGC-1","MI_heart","Non-Expanded","T-Reg","CL6743"
"MI_heart_TCACAAGCACCAGGCT-1","MI_heart","Non-Expanded","T-Reg","CL6745"
"MI_heart_TCACGAAAGCTTCGCG-1","MI_heart","Non-Expanded","T-Reg","CL6752"
"MI_heart_TCACGAACACGACTCG-1","MI_heart","Non-Expanded","T-Reg","CL6755"
"MI_heart_TCAGATGAGTGTACCT-1","MI_heart","Non-Expanded","T-Reg","CL6763"
"MI_heart_TCAGCAAAGTGCGATG-1","MI_heart","Non-Expanded","T-Reg","CL3256"
"MI_heart_TCAGCTCCAATCCGAT-1","MI_heart","Non-Expanded","T-Reg","CL6780"
"MI_heart_TCAGGTACACGGTAGA-1","MI_heart","Non-Expanded","T-Reg","CL6792"
"MI_heart_TCATTACCACGAAGCA-1","MI_heart","Non-Expanded","T-Reg","CL6801"
"MI_heart_TCATTACCATTACGAC-1","MI_heart","Non-Expanded","T-Reg","CL6802"
"MI_heart_TCATTTGAGATGCGAC-1","MI_heart","Non-Expanded","T-Reg","CL6805"
"MI_heart_TCCACACAGCTAGCCC-1","MI_heart","Non-Expanded","T-Reg","CL6813"
"MI_heart_TCCCGATGTAGCGTGA-1","MI_heart","Non-Expanded","T-Reg","CL6830"
"MI_heart_TCCCGATTCCGTAGTA-1","MI_heart","Non-Expanded","T-Reg","CL6833"
"MI_heart_TCGCGAGGTAGGACAC-1","MI_heart","Non-Expanded","T-Reg","CL6846"
"MI_heart_TCGCGTTCAAATCCGT-1","MI_heart","Non-Expanded","T-Reg","CL6854"
"MI_heart_TCGGTAAAGTGAAGTT-1","MI_heart","Non-Expanded","T-Reg","CL6867"
"MI_heart_TCGTAGACACCTATCC-1","MI_heart","Non-Expanded","T-Reg","CL6885"
"MI_heart_TCGTAGACAGATGAGC-1","MI_heart","Non-Expanded","T-Reg","CL6886"
"MI_heart_TCGTAGAGTGTAATGA-1","MI_heart","Non-Expanded","T-Reg","CL6889"
"MI_heart_TCGTAGAGTTACAGAA-1","MI_heart","Non-Expanded","T-Reg","CL6890"
"MI_heart_TCGTAGATCATCGGAT-1","MI_heart","Non-Expanded","T-Reg","CL6892"
"MI_heart_TCGTAGATCCTTTCTC-1","MI_heart","Non-Expanded","T-Reg","CL6893"
"MI_heart_TCGTAGATCTGGTGTA-1","MI_heart","Non-Expanded","T-Reg","CL6894"
"MI_heart_TCTATTGCAAGCGCTC-1","MI_heart","Non-Expanded","T-Reg","CL6895"
"MI_heart_TCTCATACAGAAGCAC-1","MI_heart","Non-Expanded","T-Reg","CL6902"
"MI_heart_TCTCTAAAGAATCTCC-1","MI_heart","Non-Expanded","T-Reg","CL6909"
"MI_heart_TCTCTAAGTGTGCGTC-1","MI_heart","Non-Expanded","T-Reg","CL6918"
"MI_heart_TCTGGAACATATGCTG-1","MI_heart","Non-Expanded","T-Reg","CL6935"
"MI_heart_TCTTTCCGTGTAACGG-1","MI_heart","Non-Expanded","T-Reg","CL6950"
"MI_heart_TCTTTCCTCAGTACGT-1","MI_heart","Non-Expanded","T-Reg","CL6954"
"MI_heart_TGAAAGACACCGATAT-1","MI_heart","Non-Expanded","T-Reg","CL6958"
"MI_heart_TGAAAGAGTACGAAAT-1","MI_heart","Non-Expanded","T-Reg","CL6961"
"MI_heart_TGACAACAGAGGACGG-1","MI_heart","Non-Expanded","T-Reg","CL6967"
"MI_heart_TGACAACCACGGACAA-1","MI_heart","Non-Expanded","T-Reg","CL6969"
"MI_heart_TGACAACGTTCCGGCA-1","MI_heart","Non-Expanded","T-Reg","CL6974"
"MI_heart_TGACGGCGTAGCGTAG-1","MI_heart","Non-Expanded","T-Reg","CL6979"
"MI_heart_TGACTAGAGACAGAGA-1","MI_heart","Non-Expanded","T-Reg","CL6983"
"MI_heart_TGACTTTGTCTTGTCC-1","MI_heart","Non-Expanded","T-Reg","CL7000"
"MI_heart_TGAGAGGAGGCGACAT-1","MI_heart","Non-Expanded","T-Reg","CL7004"
"MI_heart_TGAGAGGGTCGAATCT-1","MI_heart","Non-Expanded","T-Reg","CL7007"
"MI_heart_TGAGAGGTCATTATCC-1","MI_heart","Non-Expanded","T-Reg","CL7008"
"MI_heart_TGAGAGGTCTGATACG-1","MI_heart","Non-Expanded","T-Reg","CL7009"
"MI_heart_TGAGCATCAGGAACGT-1","MI_heart","Non-Expanded","T-Reg","CL7015"
"MI_heart_TGAGCCGAGCGCTTAT-1","MI_heart","Non-Expanded","T-Reg","CL7020"
"MI_heart_TGAGGGACATGCCACG-1","MI_heart","Non-Expanded","T-Reg","CL7031"
"MI_heart_TGCACCTCAAGCGAGT-1","MI_heart","Non-Expanded","T-Reg","CL7046"
"MI_heart_TGCACCTGTAGAAAGG-1","MI_heart","Non-Expanded","T-Reg","CL7047"
"MI_heart_TGCACCTGTCCCGACA-1","MI_heart","Non-Expanded","T-Reg","CL7048"
"MI_heart_TGCACCTTCTCAAGTG-1","MI_heart","Non-Expanded","T-Reg","CL7053"
"MI_heart_TGCCAAACAGTCGATT-1","MI_heart","Non-Expanded","T-Reg","CL7055"
"MI_heart_TGCCAAAGTTAGATGA-1","MI_heart","Non-Expanded","T-Reg","CL7059"
"MI_heart_TGCCAAATCACCTCGT-1","MI_heart","Non-Expanded","T-Reg","CL7060"
"MI_heart_TGCCCTAAGCTAGCCC-1","MI_heart","Non-Expanded","T-Reg","CL7065"
"MI_heart_TGCGCAGAGATCCCAT-1","MI_heart","Non-Expanded","T-Reg","CL7073"
"MI_heart_TGCGCAGCAGGTCCAC-1","MI_heart","Non-Expanded","T-Reg","CL7078"
"MI_heart_TGCGGGTAGCTGGAAC-1","MI_heart","Non-Expanded","T-Reg","CL7083"
"MI_heart_TGCGTGGGTGTTTGTG-1","MI_heart","Non-Expanded","T-Reg","CL7097"
"MI_heart_TGCTGCTGTTAGATGA-1","MI_heart","Non-Expanded","T-Reg","CL7112"
"MI_heart_TGCTGCTTCCTTCAAT-1","MI_heart","Non-Expanded","T-Reg","CL7115"
"MI_heart_TGGACGCTCAGCCTAA-1","MI_heart","Non-Expanded","T-Reg","CL7125"
"MI_heart_TGGCCAGAGACAGACC-1","MI_heart","Non-Expanded","T-Reg","CL7127"
"MI_heart_TGGCCAGGTAGGCATG-1","MI_heart","Expanded","T-Reg","CL4927"
"MI_heart_TGGCCAGTCACGGTTA-1","MI_heart","Non-Expanded","T-Reg","CL7133"
"MI_heart_TGGGAAGGTAGCAAAT-1","MI_heart","Non-Expanded","T-Reg","CL7156"
"MI_heart_TGGGAAGTCCCATTAT-1","MI_heart","Non-Expanded","T-Reg","CL7158"
"MI_heart_TGGGAAGTCGCACTCT-1","MI_heart","Non-Expanded","T-Reg","CL7160"
"MI_heart_TGGGCGTAGAGCCTAG-1","MI_heart","Non-Expanded","T-Reg","CL7161"
"MI_heart_TGGGCGTTCGAGGTAG-1","MI_heart","Non-Expanded","T-Reg","CL7167"
"MI_heart_TGGTTCCAGACCGGAT-1","MI_heart","Non-Expanded","T-Reg","CL7176"
"MI_heart_TGGTTCCGTCTACCTC-1","MI_heart","Non-Expanded","T-Reg","CL7181"
"MI_heart_TGGTTCCGTCTAGTGT-1","MI_heart","Non-Expanded","T-Reg","CL7182"
"MI_heart_TGTCCCAAGTGTCTCA-1","MI_heart","Non-Expanded","T-Reg","CL7194"
"MI_heart_TGTGTTTGTGTGTGCC-1","MI_heart","Non-Expanded","T-Reg","CL7210"
"MI_heart_TGTTCCGAGTCTCCTC-1","MI_heart","Non-Expanded","T-Reg","CL7213"
"MI_heart_TGTTCCGCACCGATAT-1","MI_heart","Expanded","T-Reg","CL4043"
"MI_heart_TTAACTCGTACAGTGG-1","MI_heart","Non-Expanded","T-Reg","CL7231"
"MI_heart_TTAGGACAGGTGTGGT-1","MI_heart","Non-Expanded","T-Reg","CL7234"
"MI_heart_TTAGGACGTCTTGTCC-1","MI_heart","Non-Expanded","T-Reg","CL7238"
"MI_heart_TTAGGACGTTATCGGT-1","MI_heart","Non-Expanded","T-Reg","CL7240"
"MI_heart_TTAGGACTCCGCAAGC-1","MI_heart","Non-Expanded","T-Reg","CL7242"
"MI_heart_TTAGGACTCTGGTGTA-1","MI_heart","Non-Expanded","T-Reg","CL7245"
"MI_heart_TTAGGCAAGTGCCATT-1","MI_heart","Non-Expanded","T-Reg","CL7247"
"MI_heart_TTAGGCACACGAAACG-1","MI_heart","Non-Expanded","T-Reg","CL7248"
"MI_heart_TTAGGCACATGTCGAT-1","MI_heart","Non-Expanded","T-Reg","CL7250"
"MI_heart_TTAGTTCGTAAAGGAG-1","MI_heart","Non-Expanded","T-Reg","CL7260"
"MI_heart_TTATGCTCAGACAAAT-1","MI_heart","Non-Expanded","T-Reg","CL7268"
"MI_heart_TTCCCAGAGAGCCTAG-1","MI_heart","Non-Expanded","T-Reg","CL7272"
"MI_heart_TTCCCAGGTTAAGAAC-1","MI_heart","Non-Expanded","T-Reg","CL7280"
"MI_heart_TTCGGTCAGACCTAGG-1","MI_heart","Non-Expanded","T-Reg","CL7293"
"MI_heart_TTCGGTCAGTCATCCA-1","MI_heart","Non-Expanded","T-Reg","CL7294"
"MI_heart_TTCGGTCGTCCATCCT-1","MI_heart","Non-Expanded","T-Reg","CL7298"
"MI_heart_TTCGGTCTCGGCGCTA-1","MI_heart","Expanded","T-Reg","CL6727"
"MI_heart_TTCTCAAAGCTTATCG-1","MI_heart","Non-Expanded","T-Reg","CL7311"
"MI_heart_TTCTCAAGTCCGTCAG-1","MI_heart","Non-Expanded","T-Reg","CL7316"
"MI_heart_TTCTCCTCATTTGCCC-1","MI_heart","Expanded","T-Reg","CL3858"
"MI_heart_TTCTCCTGTGCCTTGG-1","MI_heart","Non-Expanded","T-Reg","CL7322"
"MI_heart_TTCTTAGGTAGCTCCG-1","MI_heart","Non-Expanded","T-Reg","CL7332"
"MI_heart_TTGAACGAGATAGTCA-1","MI_heart","Non-Expanded","T-Reg","CL7336"
"MI_heart_TTGAACGTCTGCCCTA-1","MI_heart","Non-Expanded","T-Reg","CL7342"
"MI_heart_TTGACTTTCAAGATCC-1","MI_heart","Non-Expanded","T-Reg","CL7348"
"MI_heart_TTGACTTTCTGCAGTA-1","MI_heart","Non-Expanded","T-Reg","CL7349"
"MI_heart_TTGCCGTCAAGGGTCA-1","MI_heart","Non-Expanded","T-Reg","CL7352"
"MI_heart_TTGGCAAAGTAGGCCA-1","MI_heart","Non-Expanded","T-Reg","CL7364"
"MI_heart_TTGGCAACAAGACGTG-1","MI_heart","Non-Expanded","T-Reg","CL7366"
"MI_heart_TTGGCAAGTTGGACCC-1","MI_heart","Non-Expanded","T-Reg","CL7367"
"MI_heart_TTGGCAAGTTTGACTG-1","MI_heart","Non-Expanded","T-Reg","CL7368"
"MI_heart_TTGTAGGGTTCCCGAG-1","MI_heart","Non-Expanded","T-Reg","CL7374"
"MI_heart_TTTACTGAGGTAGCCA-1","MI_heart","Non-Expanded","T-Reg","CL7376"
"MI_heart_TTTACTGGTACGCACC-1","MI_heart","Non-Expanded","T-Reg","CL7379"
"MI_heart_TTTACTGGTCGGCTCA-1","MI_heart","Non-Expanded","T-Reg","CL7380"
"MI_heart_TTTCCTCCATGCGCAC-1","MI_heart","Non-Expanded","T-Reg","CL7397"
"MI_heart_TTTGCGCAGTCTCGGC-1","MI_heart","Non-Expanded","T-Reg","CL7404"
"MI_heart_TTTGGTTAGTTAGCGG-1","MI_heart","Non-Expanded","T-Reg","CL7416"
"MI_heart_TTTGGTTCATACTCTT-1","MI_heart","Non-Expanded","T-Reg","CL7419"
"MI_heart_TTTGGTTTCACAATGC-1","MI_heart","Non-Expanded","T-Reg","CL7424"
"MI_heart_TTTGTCACACTGAAGG-1","MI_heart","Non-Expanded","T-Reg","CL7427"
"MI_heart_TTTGTCATCGTTTATC-1","MI_heart","Non-Expanded","T-Reg","CL7429"
"iCDC_heart_AACCGCGTCATTTGGG-1","iCDC_heart","Non-Expanded","T-Reg","CL2421"
"iCDC_heart_AACTCTTAGATCCGAG-1","iCDC_heart","Non-Expanded","T-Reg","CL2426"
"iCDC_heart_AAGACCTAGAACAACT-1","iCDC_heart","Non-Expanded","T-Reg","CL2431"
"iCDC_heart_AAGCCGCCAAATCCGT-1","iCDC_heart","Non-Expanded","T-Reg","CL2434"
"iCDC_heart_AAGGCAGAGTTAGGTA-1","iCDC_heart","Non-Expanded","T-Reg","CL1215"
"iCDC_heart_AAGGCAGCACGAGAGT-1","iCDC_heart","Non-Expanded","T-Reg","CL2438"
"iCDC_heart_AAGTCTGAGGATGCGT-1","iCDC_heart","Non-Expanded","T-Reg","CL2445"
"iCDC_heart_AAGTCTGCAAGACGTG-1","iCDC_heart","Non-Expanded","T-Reg","CL2446"
"iCDC_heart_AATCGGTGTCTAGCGC-1","iCDC_heart","Non-Expanded","T-Reg","CL2451"
"iCDC_heart_ACACCCTGTCCGTGAC-1","iCDC_heart","Non-Expanded","T-Reg","CL2455"
"iCDC_heart_ACACCCTTCACAACGT-1","iCDC_heart","Non-Expanded","T-Reg","CL2456"
"iCDC_heart_ACAGCCGCACCCAGTG-1","iCDC_heart","Non-Expanded","T-Reg","CL2460"
"iCDC_heart_ACATGGTCAGGCAGTA-1","iCDC_heart","Non-Expanded","T-Reg","CL2466"
"iCDC_heart_ACATGGTGTAATTGGA-1","iCDC_heart","Non-Expanded","T-Reg","CL2467"
"iCDC_heart_ACATGGTGTCCAAGTT-1","iCDC_heart","Non-Expanded","T-Reg","CL2468"
"iCDC_heart_ACATGGTGTCTAGTGT-1","iCDC_heart","Non-Expanded","T-Reg","CL2469"
"iCDC_heart_ACATGGTGTGCAGACA-1","iCDC_heart","Non-Expanded","T-Reg","CL2470"
"iCDC_heart_ACATGGTTCTAACTCT-1","iCDC_heart","Non-Expanded","T-Reg","CL2472"
"iCDC_heart_ACCCACTCAGGTGCCT-1","iCDC_heart","Non-Expanded","T-Reg","CL2478"
"iCDC_heart_ACGATGTGTCAAGCGA-1","iCDC_heart","Non-Expanded","T-Reg","CL2482"
"iCDC_heart_ACGTCAACAGCCTTTC-1","iCDC_heart","Non-Expanded","T-Reg","CL2489"
"iCDC_heart_ACTATCTTCAGAGCTT-1","iCDC_heart","Non-Expanded","T-Reg","CL2492"
"iCDC_heart_ACTGAACAGAACAATC-1","iCDC_heart","Non-Expanded","T-Reg","CL463"
"iCDC_heart_ACTGAACCATACGCTA-1","iCDC_heart","Non-Expanded","T-Reg","CL2493"
"iCDC_heart_ACTGATGAGGTTCCTA-1","iCDC_heart","Non-Expanded","T-Reg","CL2494"
"iCDC_heart_ACTGTCCAGTGGACGT-1","iCDC_heart","Non-Expanded","T-Reg","CL2498"
"iCDC_heart_ACTTGTTCAGCCTTTC-1","iCDC_heart","Non-Expanded","T-Reg","CL2500"
"iCDC_heart_ACTTGTTTCGCCTGTT-1","iCDC_heart","Non-Expanded","T-Reg","CL2502"
"iCDC_heart_AGAATAGCACAGACAG-1","iCDC_heart","Non-Expanded","T-Reg","CL2505"
"iCDC_heart_AGACGTTCAGTATGCT-1","iCDC_heart","Non-Expanded","T-Reg","CL2507"
"iCDC_heart_AGAGCTTAGTGCGATG-1","iCDC_heart","Non-Expanded","T-Reg","CL2508"
"iCDC_heart_AGATCTGTCCACGAAT-1","iCDC_heart","Non-Expanded","T-Reg","CL2512"
"iCDC_heart_AGATTGCTCACCCGAG-1","iCDC_heart","Non-Expanded","T-Reg","CL2513"
"iCDC_heart_AGCAGCCCACATCTTT-1","iCDC_heart","Non-Expanded","T-Reg","CL2514"
"iCDC_heart_AGCATACTCTGCTGTC-1","iCDC_heart","Expanded","T-Reg","CL29"
"iCDC_heart_AGCGGTCAGTGAATTG-1","iCDC_heart","Non-Expanded","T-Reg","CL2518"
"iCDC_heart_AGCGTATAGCGATAGC-1","iCDC_heart","Non-Expanded","T-Reg","CL2519"
"iCDC_heart_AGCGTATCAACGATGG-1","iCDC_heart","Non-Expanded","T-Reg","CL2521"
"iCDC_heart_AGCGTATGTTCGGGCT-1","iCDC_heart","Non-Expanded","T-Reg","CL2522"
"iCDC_heart_AGGGAGTAGCTGGAAC-1","iCDC_heart","Non-Expanded","T-Reg","CL2529"
"iCDC_heart_AGGGAGTCAGGTGGAT-1","iCDC_heart","Non-Expanded","T-Reg","CL2531"
"iCDC_heart_AGTTGGTCACGGATAG-1","iCDC_heart","Expanded","T-Reg","CL2550"
"iCDC_heart_ATAGACCCAAATTGCC-1","iCDC_heart","Non-Expanded","T-Reg","CL2557"
"iCDC_heart_ATAGACCGTCAGAAGC-1","iCDC_heart","Non-Expanded","T-Reg","CL2558"
"iCDC_heart_ATCACGAGTGGAAAGA-1","iCDC_heart","Non-Expanded","T-Reg","CL2563"
"iCDC_heart_ATCCGAAAGATGGGTC-1","iCDC_heart","Non-Expanded","T-Reg","CL2565"
"iCDC_heart_ATCTACTAGCCACGCT-1","iCDC_heart","Non-Expanded","T-Reg","CL2570"
"iCDC_heart_ATCTGCCTCGTCTGAA-1","iCDC_heart","Non-Expanded","T-Reg","CL2572"
"iCDC_heart_ATGAGGGAGAACTCGG-1","iCDC_heart","Non-Expanded","T-Reg","CL2573"
"iCDC_heart_ATGGGAGTCTCACATT-1","iCDC_heart","Non-Expanded","T-Reg","CL2576"
"iCDC_heart_ATGTGTGTCAGCTGGC-1","iCDC_heart","Non-Expanded","T-Reg","CL2577"
"iCDC_heart_ATTACTCCAATCGAAA-1","iCDC_heart","Non-Expanded","T-Reg","CL2579"
"iCDC_heart_ATTACTCTCGGAGCAA-1","iCDC_heart","Non-Expanded","T-Reg","CL2581"
"iCDC_heart_ATTATCCCAATGCCAT-1","iCDC_heart","Non-Expanded","T-Reg","CL2582"
"iCDC_heart_CAACTAGAGGCATGTG-1","iCDC_heart","Non-Expanded","T-Reg","CL2596"
"iCDC_heart_CAACTAGCATTGGTAC-1","iCDC_heart","Non-Expanded","T-Reg","CL2598"
"iCDC_heart_CAACTAGGTTGCGCAC-1","iCDC_heart","Non-Expanded","T-Reg","CL2600"
"iCDC_heart_CAAGATCAGACACGAC-1","iCDC_heart","Non-Expanded","T-Reg","CL2602"
"iCDC_heart_CAAGATCCATCCGGGT-1","iCDC_heart","Non-Expanded","T-Reg","CL2604"
"iCDC_heart_CAAGATCTCTCAAGTG-1","iCDC_heart","Expanded","T-Reg","CL2605"
"iCDC_heart_CAAGGCCCACTACAGT-1","iCDC_heart","Non-Expanded","T-Reg","CL2606"
"iCDC_heart_CAAGTTGTCCACGACG-1","iCDC_heart","Non-Expanded","T-Reg","CL2609"
"iCDC_heart_CACAAACTCCTTTCTC-1","iCDC_heart","Non-Expanded","T-Reg","CL2612"
"iCDC_heart_CACAAACTCTCTAGGA-1","iCDC_heart","Non-Expanded","T-Reg","CL2613"
"iCDC_heart_CACACTCCACACCGAC-1","iCDC_heart","Non-Expanded","T-Reg","CL2617"
"iCDC_heart_CACAGTAGTTCCCGAG-1","iCDC_heart","Non-Expanded","T-Reg","CL2621"
"iCDC_heart_CACATAGCACTTCGAA-1","iCDC_heart","Non-Expanded","T-Reg","CL2622"
"iCDC_heart_CACCTTGGTGTGACGA-1","iCDC_heart","Non-Expanded","T-Reg","CL2631"
"iCDC_heart_CAGATCAGTAGGGACT-1","iCDC_heart","Non-Expanded","T-Reg","CL2636"
"iCDC_heart_CAGCAGCGTGATAAGT-1","iCDC_heart","Non-Expanded","T-Reg","CL2637"
"iCDC_heart_CAGCCGATCCAAACAC-1","iCDC_heart","Non-Expanded","T-Reg","CL2640"
"iCDC_heart_CAGCGACCATCTATGG-1","iCDC_heart","Non-Expanded","T-Reg","CL2642"
"iCDC_heart_CAGGTGCAGCGTTCCG-1","iCDC_heart","Non-Expanded","T-Reg","CL2646"
"iCDC_heart_CAGTCCTTCAGCTTAG-1","iCDC_heart","Non-Expanded","T-Reg","CL2651"
"iCDC_heart_CAGTCCTTCTGGGCCA-1","iCDC_heart","Non-Expanded","T-Reg","CL2652"
"iCDC_heart_CATATGGCAGGAACGT-1","iCDC_heart","Non-Expanded","T-Reg","CL2653"
"iCDC_heart_CATCAGATCCTAGGGC-1","iCDC_heart","Non-Expanded","T-Reg","CL2658"
"iCDC_heart_CATCAGATCTGCGACG-1","iCDC_heart","Non-Expanded","T-Reg","CL2659"
"iCDC_heart_CATCGAAGTCTAAAGA-1","iCDC_heart","Non-Expanded","T-Reg","CL2666"
"iCDC_heart_CCAGCGAAGACAAGCC-1","iCDC_heart","Non-Expanded","T-Reg","CL2683"
"iCDC_heart_CCATGTCAGCAGACTG-1","iCDC_heart","Non-Expanded","T-Reg","CL2684"
"iCDC_heart_CCATGTCTCTGCGACG-1","iCDC_heart","Non-Expanded","T-Reg","CL2685"
"iCDC_heart_CCGTACTCAATCCAAC-1","iCDC_heart","Non-Expanded","T-Reg","CL2695"
"iCDC_heart_CCGTGGAAGTAGCCGA-1","iCDC_heart","Non-Expanded","T-Reg","CL2696"
"iCDC_heart_CCGTGGAGTTCAGCGC-1","iCDC_heart","Non-Expanded","T-Reg","CL2697"
"iCDC_heart_CCTAAAGGTAGCTAAA-1","iCDC_heart","Non-Expanded","T-Reg","CL2698"
"iCDC_heart_CCTAAAGGTTGCTCCT-1","iCDC_heart","Non-Expanded","T-Reg","CL2699"
"iCDC_heart_CCTACCACATGATCCA-1","iCDC_heart","Non-Expanded","T-Reg","CL2703"
"iCDC_heart_CCTCTGAGTTGACGTT-1","iCDC_heart","Non-Expanded","T-Reg","CL2712"
"iCDC_heart_CCTTACGAGCCGGTAA-1","iCDC_heart","Non-Expanded","T-Reg","CL2713"
"iCDC_heart_CCTTACGAGTTCGATC-1","iCDC_heart","Non-Expanded","T-Reg","CL2715"
"iCDC_heart_CCTTCCCCATCACAAC-1","iCDC_heart","Non-Expanded","T-Reg","CL2716"
"iCDC_heart_CCTTCGAGTTGGACCC-1","iCDC_heart","Non-Expanded","T-Reg","CL2718"
"iCDC_heart_CCTTTCTGTGTGGCTC-1","iCDC_heart","Non-Expanded","T-Reg","CL2720"
"iCDC_heart_CCTTTCTTCTTTACGT-1","iCDC_heart","Non-Expanded","T-Reg","CL2721"
"iCDC_heart_CGACCTTCAGCTTCGG-1","iCDC_heart","Non-Expanded","T-Reg","CL2724"
"iCDC_heart_CGACCTTTCAACACAC-1","iCDC_heart","Non-Expanded","T-Reg","CL2725"
"iCDC_heart_CGACTTCAGACACTAA-1","iCDC_heart","Non-Expanded","T-Reg","CL2727"
"iCDC_heart_CGAGCACCAATAAGCA-1","iCDC_heart","Non-Expanded","T-Reg","CL2730"
"iCDC_heart_CGAGCACTCTATGTGG-1","iCDC_heart","Non-Expanded","T-Reg","CL2732"
"iCDC_heart_CGATCGGTCAGCTCGG-1","iCDC_heart","Non-Expanded","T-Reg","CL2735"
"iCDC_heart_CGCGGTAAGCTTATCG-1","iCDC_heart","Non-Expanded","T-Reg","CL2739"
"iCDC_heart_CGCGTTTGTACAGACG-1","iCDC_heart","Non-Expanded","T-Reg","CL2741"
"iCDC_heart_CGCTGGATCCCTGACT-1","iCDC_heart","Non-Expanded","T-Reg","CL2748"
"iCDC_heart_CGGACTGGTACGCTGC-1","iCDC_heart","Non-Expanded","T-Reg","CL2753"
"iCDC_heart_CGGACTGTCGAACGGA-1","iCDC_heart","Non-Expanded","T-Reg","CL2755"
"iCDC_heart_CGGAGTCAGTCTCGGC-1","iCDC_heart","Non-Expanded","T-Reg","CL2756"
"iCDC_heart_CGTAGCGTCAGTTGAC-1","iCDC_heart","Non-Expanded","T-Reg","CL2761"
"iCDC_heart_CGTAGGCGTTGATTGC-1","iCDC_heart","Expanded","T-Reg","CL2765"
"iCDC_heart_CGTAGGCTCCAAACTG-1","iCDC_heart","Non-Expanded","T-Reg","CL2767"
"iCDC_heart_CGTCCATTCGCCTGAG-1","iCDC_heart","Non-Expanded","T-Reg","CL2774"
"iCDC_heart_CGTCTACAGGAACTGC-1","iCDC_heart","Non-Expanded","T-Reg","CL2775"
"iCDC_heart_CGTGTAATCAGGCGAA-1","iCDC_heart","Non-Expanded","T-Reg","CL2777"
"iCDC_heart_CGTGTCTGTCAATGTC-1","iCDC_heart","Non-Expanded","T-Reg","CL2779"
"iCDC_heart_CGTGTCTTCGCGGATC-1","iCDC_heart","Non-Expanded","T-Reg","CL2780"
"iCDC_heart_CTAACTTGTTAAGTAG-1","iCDC_heart","Non-Expanded","T-Reg","CL2784"
"iCDC_heart_CTAGTGATCTCGCTTG-1","iCDC_heart","Non-Expanded","T-Reg","CL2794"
"iCDC_heart_CTCAGAATCAGCGATT-1","iCDC_heart","Non-Expanded","T-Reg","CL2798"
"iCDC_heart_CTCGGAGAGAGTAATC-1","iCDC_heart","Non-Expanded","T-Reg","CL2806"
"iCDC_heart_CTCGGGACACCTATCC-1","iCDC_heart","Non-Expanded","T-Reg","CL2809"
"iCDC_heart_CTCGGGATCAATACCG-1","iCDC_heart","Non-Expanded","T-Reg","CL2810"
"iCDC_heart_CTCTACGCAGGGTATG-1","iCDC_heart","Non-Expanded","T-Reg","CL2821"
"iCDC_heart_CTCTGGTAGGGCTTCC-1","iCDC_heart","Non-Expanded","T-Reg","CL2822"
"iCDC_heart_CTGATAGTCCAAACTG-1","iCDC_heart","Non-Expanded","T-Reg","CL2826"
"iCDC_heart_CTGGTCTCATTCGACA-1","iCDC_heart","Non-Expanded","T-Reg","CL2834"
"iCDC_heart_CTGTGCTCACTACAGT-1","iCDC_heart","Non-Expanded","T-Reg","CL2836"
"iCDC_heart_CTGTTTAAGTTACCCA-1","iCDC_heart","Non-Expanded","T-Reg","CL2840"
"iCDC_heart_CTTACCGAGGACAGCT-1","iCDC_heart","Non-Expanded","T-Reg","CL2842"
"iCDC_heart_CTTAGGACATCGATTG-1","iCDC_heart","Non-Expanded","T-Reg","CL2844"
"iCDC_heart_GAAATGATCTGCTGCT-1","iCDC_heart","Non-Expanded","T-Reg","CL2853"
"iCDC_heart_GAACATCAGTGGCACA-1","iCDC_heart","Non-Expanded","T-Reg","CL2855"
"iCDC_heart_GAACATCTCTTCATGT-1","iCDC_heart","Non-Expanded","T-Reg","CL2857"
"iCDC_heart_GAAGCAGAGAATTGTG-1","iCDC_heart","Non-Expanded","T-Reg","CL2860"
"iCDC_heart_GAATGAATCTATCGCC-1","iCDC_heart","Non-Expanded","T-Reg","CL2864"
"iCDC_heart_GACAGAGGTATGAATG-1","iCDC_heart","Non-Expanded","T-Reg","CL2866"
"iCDC_heart_GACCAATTCAGAGGTG-1","iCDC_heart","Non-Expanded","T-Reg","CL2868"
"iCDC_heart_GACCAATTCTGTCCGT-1","iCDC_heart","Non-Expanded","T-Reg","CL2870"
"iCDC_heart_GACCTGGTCTTGTTTG-1","iCDC_heart","Non-Expanded","T-Reg","CL2871"
"iCDC_heart_GACGCGTCATCCCATC-1","iCDC_heart","Non-Expanded","T-Reg","CL2872"
"iCDC_heart_GACGTGCGTCTGCGGT-1","iCDC_heart","Non-Expanded","T-Reg","CL2874"
"iCDC_heart_GACGTGCGTTACGTCA-1","iCDC_heart","Expanded","T-Reg","CL2875"
"iCDC_heart_GACTACAGTAGTGAAT-1","iCDC_heart","Non-Expanded","T-Reg","CL2877"
"iCDC_heart_GACTACATCACGATGT-1","iCDC_heart","Non-Expanded","T-Reg","CL2878"
"iCDC_heart_GAGCAGACACGGATAG-1","iCDC_heart","Non-Expanded","T-Reg","CL2881"
"iCDC_heart_GAGGTGATCTATGTGG-1","iCDC_heart","Expanded","T-Reg","CL2885"
"iCDC_heart_GAGTCCGAGTAGCGGT-1","iCDC_heart","Non-Expanded","T-Reg","CL2886"
"iCDC_heart_GATCGTATCTTCTGGC-1","iCDC_heart","Non-Expanded","T-Reg","CL2890"
"iCDC_heart_GATCTAGAGCCATCGC-1","iCDC_heart","Expanded","T-Reg","CL29"
"iCDC_heart_GATGAAAGTTTGGGCC-1","iCDC_heart","Non-Expanded","T-Reg","CL2897"
"iCDC_heart_GATGAGGCATCACGTA-1","iCDC_heart","Non-Expanded","T-Reg","CL2899"
"iCDC_heart_GATGAGGGTTTAAGCC-1","iCDC_heart","Non-Expanded","T-Reg","CL2900"
"iCDC_heart_GATTCAGAGGCTAGGT-1","iCDC_heart","Non-Expanded","T-Reg","CL2903"
"iCDC_heart_GATTCAGTCCTTTCGG-1","iCDC_heart","Non-Expanded","T-Reg","CL2904"
"iCDC_heart_GCAATCATCCTGTACC-1","iCDC_heart","Non-Expanded","T-Reg","CL2907"
"iCDC_heart_GCACATACAGTAAGCG-1","iCDC_heart","Non-Expanded","T-Reg","CL2909"
"iCDC_heart_GCAGCCACAGTTTACG-1","iCDC_heart","Non-Expanded","T-Reg","CL2911"
"iCDC_heart_GCAGTTACAAGTTCTG-1","iCDC_heart","Non-Expanded","T-Reg","CL2912"
"iCDC_heart_GCAGTTAGTTCAGCGC-1","iCDC_heart","Non-Expanded","T-Reg","CL2913"
"iCDC_heart_GCATACAAGAGAACAG-1","iCDC_heart","Non-Expanded","T-Reg","CL2914"
"iCDC_heart_GCATACAAGCTGCCCA-1","iCDC_heart","Non-Expanded","T-Reg","CL2915"
"iCDC_heart_GCCAAATAGAGATGAG-1","iCDC_heart","Non-Expanded","T-Reg","CL2923"
"iCDC_heart_GCCAAATTCCTGCCAT-1","iCDC_heart","Non-Expanded","T-Reg","CL2924"
"iCDC_heart_GCCTCTACAGTGGGAT-1","iCDC_heart","Non-Expanded","T-Reg","CL2926"
"iCDC_heart_GCCTCTAGTTAGATGA-1","iCDC_heart","Non-Expanded","T-Reg","CL2927"
"iCDC_heart_GCGCAGTCAGGTGCCT-1","iCDC_heart","Non-Expanded","T-Reg","CL2932"
"iCDC_heart_GCGCGATTCGTAGATC-1","iCDC_heart","Non-Expanded","T-Reg","CL2936"
"iCDC_heart_GCGGGTTTCCGATATG-1","iCDC_heart","Expanded","T-Reg","CL2605"
"iCDC_heart_GCTGCGAAGGGTTTCT-1","iCDC_heart","Non-Expanded","T-Reg","CL2944"
"iCDC_heart_GCTGCGATCTTATCTG-1","iCDC_heart","Expanded","T-Reg","CL2885"
"iCDC_heart_GCTGGGTGTACTTAGC-1","iCDC_heart","Non-Expanded","T-Reg","CL2945"
"iCDC_heart_GCTTGAAGTTTAGGAA-1","iCDC_heart","Non-Expanded","T-Reg","CL2951"
"iCDC_heart_GGAAAGCAGATGTGGC-1","iCDC_heart","Non-Expanded","T-Reg","CL2952"
"iCDC_heart_GGACAAGGTGGTAACG-1","iCDC_heart","Non-Expanded","T-Reg","CL2956"
"iCDC_heart_GGATGTTTCGAATGGG-1","iCDC_heart","Non-Expanded","T-Reg","CL2962"
"iCDC_heart_GGCAATTGTTACCGAT-1","iCDC_heart","Non-Expanded","T-Reg","CL2965"
"iCDC_heart_GGCCGATAGACTAGAT-1","iCDC_heart","Non-Expanded","T-Reg","CL2969"
"iCDC_heart_GGCTCGAAGTCAAGCG-1","iCDC_heart","Non-Expanded","T-Reg","CL2970"
"iCDC_heart_GGCTCGACAACAACCT-1","iCDC_heart","Non-Expanded","T-Reg","CL2971"
"iCDC_heart_GGCTGGTAGATCACGG-1","iCDC_heart","Non-Expanded","T-Reg","CL2972"
"iCDC_heart_GGGATGATCCTCATTA-1","iCDC_heart","Non-Expanded","T-Reg","CL2982"
"iCDC_heart_GGGTCTGGTTGGGACA-1","iCDC_heart","Non-Expanded","T-Reg","CL2988"
"iCDC_heart_GGGTTGCAGTTATCGC-1","iCDC_heart","Expanded","T-Reg","CL29"
"iCDC_heart_GGGTTGCGTAGCCTAT-1","iCDC_heart","Expanded","T-Reg","CL2550"
"iCDC_heart_GGTGAAGCACATGGGA-1","iCDC_heart","Non-Expanded","T-Reg","CL2992"
"iCDC_heart_GTAACGTGTGCTCTTC-1","iCDC_heart","Non-Expanded","T-Reg","CL2997"
"iCDC_heart_GTAACTGGTGTAATGA-1","iCDC_heart","Non-Expanded","T-Reg","CL2999"
"iCDC_heart_GTAACTGTCGGACAAG-1","iCDC_heart","Non-Expanded","T-Reg","CL3000"
"iCDC_heart_GTACGTACAAACTGCT-1","iCDC_heart","Non-Expanded","T-Reg","CL3001"
"iCDC_heart_GTACTCCGTGAGCGAT-1","iCDC_heart","Non-Expanded","T-Reg","CL3003"
"iCDC_heart_GTAGTCAAGTCTCCTC-1","iCDC_heart","Non-Expanded","T-Reg","CL3007"
"iCDC_heart_GTCAAGTCAGAGTGTG-1","iCDC_heart","Non-Expanded","T-Reg","CL3011"
"iCDC_heart_GTCAAGTTCCTCAATT-1","iCDC_heart","Non-Expanded","T-Reg","CL3012"
"iCDC_heart_GTCACGGTCCCTCTTT-1","iCDC_heart","Non-Expanded","T-Reg","CL3014"
"iCDC_heart_GTCATTTAGTATCTCG-1","iCDC_heart","Non-Expanded","T-Reg","CL3015"
"iCDC_heart_GTCATTTCAAGAAGAG-1","iCDC_heart","Non-Expanded","T-Reg","CL3016"
"iCDC_heart_GTCATTTTCGTTACAG-1","iCDC_heart","Non-Expanded","T-Reg","CL1347"
"iCDC_heart_GTCGGGTGTTGTGGCC-1","iCDC_heart","Non-Expanded","T-Reg","CL3022"
"iCDC_heart_GTCGTAAGTGTGAAAT-1","iCDC_heart","Non-Expanded","T-Reg","CL3025"
"iCDC_heart_GTCTCGTTCCTCAATT-1","iCDC_heart","Non-Expanded","T-Reg","CL3028"
"iCDC_heart_GTCTTCGCAAGGACTG-1","iCDC_heart","Non-Expanded","T-Reg","CL3029"
"iCDC_heart_GTCTTCGTCAAGAAGT-1","iCDC_heart","Non-Expanded","T-Reg","CL3030"
"iCDC_heart_GTCTTCGTCAGAGACG-1","iCDC_heart","Non-Expanded","T-Reg","CL3031"
"iCDC_heart_GTGAAGGGTTCAACCA-1","iCDC_heart","Non-Expanded","T-Reg","CL3034"
"iCDC_heart_GTGTGCGTCGATAGAA-1","iCDC_heart","Non-Expanded","T-Reg","CL3045"
"iCDC_heart_GTGTTAGCACCGTTGG-1","iCDC_heart","Non-Expanded","T-Reg","CL3046"
"iCDC_heart_GTGTTAGGTCAGAATA-1","iCDC_heart","Non-Expanded","T-Reg","CL3047"
"iCDC_heart_GTTAAGCGTCAGTGGA-1","iCDC_heart","Non-Expanded","T-Reg","CL3050"
"iCDC_heart_GTTACAGCATTGGTAC-1","iCDC_heart","Non-Expanded","T-Reg","CL3052"
"iCDC_heart_GTTCGGGTCTGGCGAC-1","iCDC_heart","Non-Expanded","T-Reg","CL3053"
"iCDC_heart_GTTCTCGAGCGTTGCC-1","iCDC_heart","Non-Expanded","T-Reg","CL3054"
"iCDC_heart_GTTTCTAGTCAAAGCG-1","iCDC_heart","Non-Expanded","T-Reg","CL3057"
"iCDC_heart_TACGGGCTCGCCCTTA-1","iCDC_heart","Non-Expanded","T-Reg","CL3064"
"iCDC_heart_TACGGTACATACGCCG-1","iCDC_heart","Non-Expanded","T-Reg","CL3065"
"iCDC_heart_TACTTACGTTGATTGC-1","iCDC_heart","Non-Expanded","T-Reg","CL3071"
"iCDC_heart_TACTTGTTCCTCATTA-1","iCDC_heart","Non-Expanded","T-Reg","CL3072"
"iCDC_heart_TACTTGTTCTGAGTGT-1","iCDC_heart","Non-Expanded","T-Reg","CL3073"
"iCDC_heart_TAGACCAGTAAACGCG-1","iCDC_heart","Non-Expanded","T-Reg","CL3074"
"iCDC_heart_TAGAGCTAGACTAAGT-1","iCDC_heart","Non-Expanded","T-Reg","CL2566"
"iCDC_heart_TAGGCATTCAGCGACC-1","iCDC_heart","Non-Expanded","T-Reg","CL3080"
"iCDC_heart_TAGTTGGAGTGCCAGA-1","iCDC_heart","Non-Expanded","T-Reg","CL3084"
"iCDC_heart_TAGTTGGTCAAACGGG-1","iCDC_heart","Non-Expanded","T-Reg","CL3085"
"iCDC_heart_TATCAGGGTGGCTCCA-1","iCDC_heart","Non-Expanded","T-Reg","CL3087"
"iCDC_heart_TATCAGGTCTGTTTGT-1","iCDC_heart","Non-Expanded","T-Reg","CL3088"
"iCDC_heart_TCAATCTAGTCCTCCT-1","iCDC_heart","Non-Expanded","T-Reg","CL3095"
"iCDC_heart_TCACGAATCTTAGAGC-1","iCDC_heart","Non-Expanded","T-Reg","CL3097"
"iCDC_heart_TCAGATGCACGAGAGT-1","iCDC_heart","Non-Expanded","T-Reg","CL3099"
"iCDC_heart_TCAGCAACATGCCACG-1","iCDC_heart","Non-Expanded","T-Reg","CL3104"
"iCDC_heart_TCCACACGTCTGGAGA-1","iCDC_heart","Non-Expanded","T-Reg","CL3114"
"iCDC_heart_TCGCGAGTCTGGCGTG-1","iCDC_heart","Non-Expanded","T-Reg","CL3118"
"iCDC_heart_TCGGTAAGTCCATCCT-1","iCDC_heart","Non-Expanded","T-Reg","CL3120"
"iCDC_heart_TCTATTGTCCACTCCA-1","iCDC_heart","Non-Expanded","T-Reg","CL3124"
"iCDC_heart_TCTCTAACAAGTTCTG-1","iCDC_heart","Non-Expanded","T-Reg","CL3125"
"iCDC_heart_TCTGAGACAATGGATA-1","iCDC_heart","Non-Expanded","T-Reg","CL3126"
"iCDC_heart_TCTGGAAAGAGCTTCT-1","iCDC_heart","Non-Expanded","T-Reg","CL3127"
"iCDC_heart_TGAAAGAAGTGGAGAA-1","iCDC_heart","Non-Expanded","T-Reg","CL3133"
"iCDC_heart_TGACGGCAGTTCGCAT-1","iCDC_heart","Non-Expanded","T-Reg","CL3135"
"iCDC_heart_TGAGGGAGTTACAGAA-1","iCDC_heart","Non-Expanded","T-Reg","CL3147"
"iCDC_heart_TGCCCATTCAGTGCAT-1","iCDC_heart","Non-Expanded","T-Reg","CL3154"
"iCDC_heart_TGCTGCTAGACTTTCG-1","iCDC_heart","Non-Expanded","T-Reg","CL2554"
"iCDC_heart_TGGCCAGTCAGGCGAA-1","iCDC_heart","Non-Expanded","T-Reg","CL3165"
"iCDC_heart_TGGGAAGGTAAGAGGA-1","iCDC_heart","Non-Expanded","T-Reg","CL3169"
"iCDC_heart_TGGGCGTAGCCCTAAT-1","iCDC_heart","Non-Expanded","T-Reg","CL3172"
"iCDC_heart_TGGGCGTGTCAGTGGA-1","iCDC_heart","Non-Expanded","T-Reg","CL3173"
"iCDC_heart_TGTCCCAAGACAGACC-1","iCDC_heart","Expanded","T-Reg","CL2765"
"iCDC_heart_TGTCCCATCTTTACAC-1","iCDC_heart","Expanded","T-Reg","CL2875"
"iCDC_heart_TGTGTTTCAGGGTACA-1","iCDC_heart","Non-Expanded","T-Reg","CL3180"
"iCDC_heart_TGTGTTTTCCGCGGTA-1","iCDC_heart","Non-Expanded","T-Reg","CL3181"
"iCDC_heart_TTAACTCTCAGTTGAC-1","iCDC_heart","Non-Expanded","T-Reg","CL3184"
"iCDC_heart_TTAGGACAGCTAGCCC-1","iCDC_heart","Non-Expanded","T-Reg","CL3185"
"iCDC_heart_TTATGCTCAATCAGAA-1","iCDC_heart","Non-Expanded","T-Reg","CL3188"
"iCDC_heart_TTCCCAGAGTCGTTTG-1","iCDC_heart","Non-Expanded","T-Reg","CL3190"
"iCDC_heart_TTCGAAGGTACAAGTA-1","iCDC_heart","Non-Expanded","T-Reg","CL3194"
"iCDC_heart_TTCTACACAACACCCG-1","iCDC_heart","Non-Expanded","T-Reg","CL3196"
"iCDC_heart_TTCTCAACAGTATGCT-1","iCDC_heart","Expanded","T-Reg","CL2875"
"iCDC_heart_TTCTCAATCGCCCTTA-1","iCDC_heart","Non-Expanded","T-Reg","CL3199"
"iCDC_heart_TTCTCCTTCTCTGTCG-1","iCDC_heart","Non-Expanded","T-Reg","CL3200"
"iCDC_heart_TTGGCAAAGGACCACA-1","iCDC_heart","Expanded","T-Reg","CL2875"
"iCDC_heart_TTGGCAACACTTACGA-1","iCDC_heart","Expanded","T-Reg","CL2875"
"iCDC_heart_TTTGGTTTCCGCGCAA-1","iCDC_heart","Non-Expanded","T-Reg","CL3219"
"iCDC_BLood_AACTCCCGTGCTAGCC-1","iCDC_BLood","Non-Expanded","T-Reg","CL1"
"iCDC_BLood_AACTCTTTCAACCAAC-1","iCDC_BLood","Non-Expanded","T-Reg","CL7"
"iCDC_BLood_AACTCTTTCTTGCATT-1","iCDC_BLood","Non-Expanded","T-Reg","CL10"
"iCDC_BLood_AACTGGTGTGACCAAG-1","iCDC_BLood","Non-Expanded","T-Reg","CL15"
"iCDC_BLood_AACTGGTTCTACTATC-1","iCDC_BLood","Non-Expanded","T-Reg","CL18"
"iCDC_BLood_AACTTTCAGCCCAACC-1","iCDC_BLood","Non-Expanded","T-Reg","CL20"
"iCDC_BLood_AACTTTCAGTACTTGC-1","iCDC_BLood","Non-Expanded","T-Reg","CL21"
"iCDC_BLood_AAGACCTAGCTGTTCA-1","iCDC_BLood","Expanded","T-Reg","CL27"
"iCDC_BLood_AAGACCTGTTCGGGCT-1","iCDC_BLood","Non-Expanded","T-Reg","CL29"
"iCDC_BLood_AAGCCGCAGGGAAACA-1","iCDC_BLood","Non-Expanded","T-Reg","CL34"
"iCDC_BLood_AAGGTTCAGTACGATA-1","iCDC_BLood","Non-Expanded","T-Reg","CL46"
"iCDC_BLood_AATCCAGTCACAACGT-1","iCDC_BLood","Non-Expanded","T-Reg","CL59"
"iCDC_BLood_AATCGGTAGGAGCGAG-1","iCDC_BLood","Non-Expanded","T-Reg","CL61"
"iCDC_BLood_ACACCAAAGAGGTAGA-1","iCDC_BLood","Non-Expanded","T-Reg","CL64"
"iCDC_BLood_ACACCAAGTCTCCATC-1","iCDC_BLood","Non-Expanded","T-Reg","CL66"
"iCDC_BLood_ACACCCTAGGCATGTG-1","iCDC_BLood","Expanded","T-Reg","CL70"
"iCDC_BLood_ACACCCTAGTTCGCAT-1","iCDC_BLood","Non-Expanded","T-Reg","CL71"
"iCDC_BLood_ACACCCTGTAAGAGAG-1","iCDC_BLood","Non-Expanded","T-Reg","CL73"
"iCDC_BLood_ACACCGGCACGAAAGC-1","iCDC_BLood","Non-Expanded","T-Reg","CL75"
"iCDC_BLood_ACACTGAGTAGAGCTG-1","iCDC_BLood","Non-Expanded","T-Reg","CL78"
"iCDC_BLood_ACACTGATCTGGTGTA-1","iCDC_BLood","Non-Expanded","T-Reg","CL80"
"iCDC_BLood_ACAGCCGAGGCATGTG-1","iCDC_BLood","Non-Expanded","T-Reg","CL82"
"iCDC_BLood_ACAGCTAAGGAGTTTA-1","iCDC_BLood","Non-Expanded","T-Reg","CL86"
"iCDC_BLood_ACATACGCAGGATTGG-1","iCDC_BLood","Non-Expanded","T-Reg","CL91"
"iCDC_BLood_ACATCAGTCTATGTGG-1","iCDC_BLood","Non-Expanded","T-Reg","CL97"
"iCDC_BLood_ACATGGTAGCGCTTAT-1","iCDC_BLood","Non-Expanded","T-Reg","CL98"
"iCDC_BLood_ACATGGTGTCATGCCG-1","iCDC_BLood","Non-Expanded","T-Reg","CL102"
"iCDC_BLood_ACCCACTAGTGTTAGA-1","iCDC_BLood","Non-Expanded","T-Reg","CL111"
"iCDC_BLood_ACCCACTCACAACTGT-1","iCDC_BLood","Non-Expanded","T-Reg","CL112"
"iCDC_BLood_ACCGTAACACGTCTCT-1","iCDC_BLood","Non-Expanded","T-Reg","CL121"
"iCDC_BLood_ACCGTAACACTCTGTC-1","iCDC_BLood","Non-Expanded","T-Reg","CL122"
"iCDC_BLood_ACCGTAAGTTCCGGCA-1","iCDC_BLood","Non-Expanded","T-Reg","CL125"
"iCDC_BLood_ACCTTTAAGCATCATC-1","iCDC_BLood","Non-Expanded","T-Reg","CL127"
"iCDC_BLood_ACGAGCCCAGTTAACC-1","iCDC_BLood","Non-Expanded","T-Reg","CL130"
"iCDC_BLood_ACGAGGATCAACGGGA-1","iCDC_BLood","Non-Expanded","T-Reg","CL138"
"iCDC_BLood_ACGAGGATCCCTCTTT-1","iCDC_BLood","Non-Expanded","T-Reg","CL139"
"iCDC_BLood_ACGAGGATCGCCGTGA-1","iCDC_BLood","Non-Expanded","T-Reg","CL140"
"iCDC_BLood_ACGAGGATCTTGAGGT-1","iCDC_BLood","Non-Expanded","T-Reg","CL141"
"iCDC_BLood_ACGATACTCTTGTTTG-1","iCDC_BLood","Non-Expanded","T-Reg","CL146"
"iCDC_BLood_ACGATGTAGAGGGATA-1","iCDC_BLood","Non-Expanded","T-Reg","CL147"
"iCDC_BLood_ACGCAGCGTGGTCTCG-1","iCDC_BLood","Non-Expanded","T-Reg","CL159"
"iCDC_BLood_ACGCCGATCACCTTAT-1","iCDC_BLood","Non-Expanded","T-Reg","CL168"
"iCDC_BLood_ACGGAGAGTTAGAACA-1","iCDC_BLood","Non-Expanded","T-Reg","CL173"
"iCDC_BLood_ACGGCCAAGGTAGCCA-1","iCDC_BLood","Non-Expanded","T-Reg","CL176"
"iCDC_BLood_ACGGGTCAGGTGTGGT-1","iCDC_BLood","Non-Expanded","T-Reg","CL187"
"iCDC_BLood_ACGTCAACACCATCCT-1","iCDC_BLood","Non-Expanded","T-Reg","CL192"
"iCDC_BLood_ACTATCTAGCGATATA-1","iCDC_BLood","Non-Expanded","T-Reg","CL197"
"iCDC_BLood_ACTATCTCACGAAAGC-1","iCDC_BLood","Non-Expanded","T-Reg","CL198"
"iCDC_BLood_ACTATCTCAGGAATCG-1","iCDC_BLood","Non-Expanded","T-Reg","CL199"
"iCDC_BLood_ACTATCTGTGCACTTA-1","iCDC_BLood","Non-Expanded","T-Reg","CL201"
"iCDC_BLood_ACTATCTGTGGTCCGT-1","iCDC_BLood","Non-Expanded","T-Reg","CL202"
"iCDC_BLood_ACTATCTTCAATCTCT-1","iCDC_BLood","Non-Expanded","T-Reg","CL204"
"iCDC_BLood_ACTGAACCACAACGCC-1","iCDC_BLood","Non-Expanded","T-Reg","CL206"
"iCDC_BLood_ACTGAACCACGTAAGG-1","iCDC_BLood","Non-Expanded","T-Reg","CL208"
"iCDC_BLood_ACTGAGTCACATCCAA-1","iCDC_BLood","Non-Expanded","T-Reg","CL215"
"iCDC_BLood_ACTGATGCATCTATGG-1","iCDC_BLood","Non-Expanded","T-Reg","CL220"
"iCDC_BLood_ACTGTCCCAACACGCC-1","iCDC_BLood","Non-Expanded","T-Reg","CL227"
"iCDC_BLood_ACTGTCCCATTCCTGC-1","iCDC_BLood","Non-Expanded","T-Reg","CL228"
"iCDC_BLood_ACTTTCAAGTGGAGAA-1","iCDC_BLood","Non-Expanded","T-Reg","CL243"
"iCDC_BLood_ACTTTCAGTGGACGAT-1","iCDC_BLood","Non-Expanded","T-Reg","CL247"
"iCDC_BLood_AGAATAGCATCGGACC-1","iCDC_BLood","Non-Expanded","T-Reg","CL250"
"iCDC_BLood_AGAATAGTCCAGTATG-1","iCDC_BLood","Non-Expanded","T-Reg","CL251"
"iCDC_BLood_AGACGTTCACGGTAGA-1","iCDC_BLood","Non-Expanded","T-Reg","CL257"
"iCDC_BLood_AGACGTTCACTGTCGG-1","iCDC_BLood","Non-Expanded","T-Reg","CL258"
"iCDC_BLood_AGACGTTGTTCATGGT-1","iCDC_BLood","Non-Expanded","T-Reg","CL260"
"iCDC_BLood_AGAGCGAAGATCCCGC-1","iCDC_BLood","Non-Expanded","T-Reg","CL261"
"iCDC_BLood_AGAGCTTAGCACCGCT-1","iCDC_BLood","Non-Expanded","T-Reg","CL266"
"iCDC_BLood_AGAGCTTCAGTATGCT-1","iCDC_BLood","Non-Expanded","T-Reg","CL268"
"iCDC_BLood_AGAGCTTTCAGAGGTG-1","iCDC_BLood","Non-Expanded","T-Reg","CL270"
"iCDC_BLood_AGAGTGGAGCGTGAAC-1","iCDC_BLood","Non-Expanded","T-Reg","CL273"
"iCDC_BLood_AGAGTGGTCGAATGGG-1","iCDC_BLood","Non-Expanded","T-Reg","CL277"
"iCDC_BLood_AGATCTGGTGAGGCTA-1","iCDC_BLood","Non-Expanded","T-Reg","CL280"
"iCDC_BLood_AGATCTGGTTCAGACT-1","iCDC_BLood","Non-Expanded","T-Reg","CL281"
"iCDC_BLood_AGATCTGTCGCTAGCG-1","iCDC_BLood","Non-Expanded","T-Reg","CL282"
"iCDC_BLood_AGATTGCAGAACAACT-1","iCDC_BLood","Non-Expanded","T-Reg","CL285"
"iCDC_BLood_AGCAGCCAGTACGTAA-1","iCDC_BLood","Non-Expanded","T-Reg","CL295"
"iCDC_BLood_AGCATACTCCGCGTTT-1","iCDC_BLood","Non-Expanded","T-Reg","CL301"
"iCDC_BLood_AGCGGTCCAGTCCTTC-1","iCDC_BLood","Non-Expanded","T-Reg","CL307"
"iCDC_BLood_AGCGGTCTCATGTAGC-1","iCDC_BLood","Non-Expanded","T-Reg","CL309"
"iCDC_BLood_AGCGTATAGAGTACAT-1","iCDC_BLood","Non-Expanded","T-Reg","CL310"
"iCDC_BLood_AGCGTCGCACGCGAAA-1","iCDC_BLood","Non-Expanded","T-Reg","CL321"
"iCDC_BLood_AGCTCTCCATCGTCGG-1","iCDC_BLood","Non-Expanded","T-Reg","CL333"
"iCDC_BLood_AGGGAGTAGCGTGTCC-1","iCDC_BLood","Non-Expanded","T-Reg","CL350"
"iCDC_BLood_AGGGAGTTCGTAGGTT-1","iCDC_BLood","Non-Expanded","T-Reg","CL356"
"iCDC_BLood_AGGGTGACAAGAAGAG-1","iCDC_BLood","Non-Expanded","T-Reg","CL363"
"iCDC_BLood_AGGTCATAGGCTCAGA-1","iCDC_BLood","Non-Expanded","T-Reg","CL366"
"iCDC_BLood_AGTAGTCCACATAACC-1","iCDC_BLood","Non-Expanded","T-Reg","CL375"
"iCDC_BLood_AGTTGGTCAAGCGAGT-1","iCDC_BLood","Expanded","T-Reg","CL398"
"iCDC_BLood_ATAACGCAGGTGATTA-1","iCDC_BLood","Non-Expanded","T-Reg","CL404"
"iCDC_BLood_ATAAGAGAGTGTCTCA-1","iCDC_BLood","Non-Expanded","T-Reg","CL410"
"iCDC_BLood_ATAGACCAGCGCTCCA-1","iCDC_BLood","Non-Expanded","T-Reg","CL415"
"iCDC_BLood_ATCACGATCACAACGT-1","iCDC_BLood","Non-Expanded","T-Reg","CL429"
"iCDC_BLood_ATCACGATCACCAGGC-1","iCDC_BLood","Non-Expanded","T-Reg","CL430"
"iCDC_BLood_ATCATCTAGAGTGAGA-1","iCDC_BLood","Non-Expanded","T-Reg","CL432"
"iCDC_BLood_ATCATCTCATGGAATA-1","iCDC_BLood","Non-Expanded","T-Reg","CL435"
"iCDC_BLood_ATCATGGAGGCATGGT-1","iCDC_BLood","Non-Expanded","T-Reg","CL441"
"iCDC_BLood_ATCATGGTCTACCTGC-1","iCDC_BLood","Non-Expanded","T-Reg","CL446"
"iCDC_BLood_ATCCGAAAGACTACAA-1","iCDC_BLood","Non-Expanded","T-Reg","CL449"
"iCDC_BLood_ATCCGAACAAGGCTCC-1","iCDC_BLood","Non-Expanded","T-Reg","CL452"
"iCDC_BLood_ATCCGAATCCGATATG-1","iCDC_BLood","Non-Expanded","T-Reg","CL455"
"iCDC_BLood_ATCCGAATCTCGCTTG-1","iCDC_BLood","Non-Expanded","T-Reg","CL457"
"iCDC_BLood_ATCGAGTCATTCCTGC-1","iCDC_BLood","Non-Expanded","T-Reg","CL458"
"iCDC_BLood_ATCTACTAGGCGCTCT-1","iCDC_BLood","Non-Expanded","T-Reg","CL461"
"iCDC_BLood_ATCTACTGTGTCCTCT-1","iCDC_BLood","Non-Expanded","T-Reg","CL463"
"iCDC_BLood_ATCTACTTCACGCATA-1","iCDC_BLood","Expanded","T-Reg","CL464"
"iCDC_BLood_ATCTACTTCGGCGCAT-1","iCDC_BLood","Non-Expanded","T-Reg","CL465"
"iCDC_BLood_ATGAGGGAGACGCTTT-1","iCDC_BLood","Non-Expanded","T-Reg","CL467"
"iCDC_BLood_ATGAGGGCATACGCTA-1","iCDC_BLood","Non-Expanded","T-Reg","CL468"
"iCDC_BLood_ATGTGTGGTAGTAGTA-1","iCDC_BLood","Non-Expanded","T-Reg","CL482"
"iCDC_BLood_ATGTGTGTCCTAGTGA-1","iCDC_BLood","Non-Expanded","T-Reg","CL483"
"iCDC_BLood_ATTACTCCAAGAGGCT-1","iCDC_BLood","Non-Expanded","T-Reg","CL487"
"iCDC_BLood_ATTACTCGTAAGGGAA-1","iCDC_BLood","Non-Expanded","T-Reg","CL488"
"iCDC_BLood_ATTACTCGTTACTGAC-1","iCDC_BLood","Non-Expanded","T-Reg","CL490"
"iCDC_BLood_ATTATCCAGAGACTTA-1","iCDC_BLood","Non-Expanded","T-Reg","CL494"
"iCDC_BLood_ATTATCCAGTTAAGTG-1","iCDC_BLood","Non-Expanded","T-Reg","CL495"
"iCDC_BLood_ATTATCCGTCTAACGT-1","iCDC_BLood","Non-Expanded","T-Reg","CL497"
"iCDC_BLood_ATTCTACAGTCCTCCT-1","iCDC_BLood","Non-Expanded","T-Reg","CL500"
"iCDC_BLood_ATTCTACCACGGTGTC-1","iCDC_BLood","Non-Expanded","T-Reg","CL501"
"iCDC_BLood_ATTCTACGTCACCTAA-1","iCDC_BLood","Non-Expanded","T-Reg","CL504"
"iCDC_BLood_ATTCTACTCTTGAGGT-1","iCDC_BLood","Non-Expanded","T-Reg","CL509"
"iCDC_BLood_ATTGGTGCAATAACGA-1","iCDC_BLood","Non-Expanded","T-Reg","CL515"
"iCDC_BLood_ATTGGTGCACAACGCC-1","iCDC_BLood","Non-Expanded","T-Reg","CL516"
"iCDC_BLood_ATTGGTGCACAGATTC-1","iCDC_BLood","Non-Expanded","T-Reg","CL517"
"iCDC_BLood_ATTGGTGGTTACTGAC-1","iCDC_BLood","Non-Expanded","T-Reg","CL519"
"iCDC_BLood_ATTTCTGTCAGCTTAG-1","iCDC_BLood","Non-Expanded","T-Reg","CL525"
"iCDC_BLood_ATTTCTGTCGACAGCC-1","iCDC_BLood","Non-Expanded","T-Reg","CL526"
"iCDC_BLood_CAACCAAGTTGGTGGA-1","iCDC_BLood","Non-Expanded","T-Reg","CL529"
"iCDC_BLood_CAACCTCTCGCTAGCG-1","iCDC_BLood","Non-Expanded","T-Reg","CL533"
"iCDC_BLood_CAAGATCAGAAGGCCT-1","iCDC_BLood","Non-Expanded","T-Reg","CL544"
"iCDC_BLood_CAAGATCCAGTACACT-1","iCDC_BLood","Non-Expanded","T-Reg","CL547"
"iCDC_BLood_CAAGGCCAGTCCGGTC-1","iCDC_BLood","Non-Expanded","T-Reg","CL551"
"iCDC_BLood_CAAGGCCCAACACGCC-1","iCDC_BLood","Non-Expanded","T-Reg","CL552"
"iCDC_BLood_CAAGTTGCACGGTGTC-1","iCDC_BLood","Non-Expanded","T-Reg","CL558"
"iCDC_BLood_CACACCTCAGGTCCAC-1","iCDC_BLood","Non-Expanded","T-Reg","CL573"
"iCDC_BLood_CACACCTGTTCCACAA-1","iCDC_BLood","Non-Expanded","T-Reg","CL575"
"iCDC_BLood_CACACCTTCCGCAAGC-1","iCDC_BLood","Non-Expanded","T-Reg","CL577"
"iCDC_BLood_CACACTCAGGCAAAGA-1","iCDC_BLood","Non-Expanded","T-Reg","CL580"
"iCDC_BLood_CACACTCTCTCGAGTA-1","iCDC_BLood","Non-Expanded","T-Reg","CL585"
"iCDC_BLood_CACAGTAAGTCGATAA-1","iCDC_BLood","Non-Expanded","T-Reg","CL592"
"iCDC_BLood_CACATAGAGGCAATTA-1","iCDC_BLood","Expanded","T-Reg","CL343"
"iCDC_BLood_CACATTTAGAATGTGT-1","iCDC_BLood","Non-Expanded","T-Reg","CL601"
"iCDC_BLood_CACATTTAGTAGGTGC-1","iCDC_BLood","Non-Expanded","T-Reg","CL603"
"iCDC_BLood_CACATTTCAATCGAAA-1","iCDC_BLood","Non-Expanded","T-Reg","CL604"
"iCDC_BLood_CACCAGGGTCATCCCT-1","iCDC_BLood","Non-Expanded","T-Reg","CL613"
"iCDC_BLood_CACCAGGTCTGAGGGA-1","iCDC_BLood","Non-Expanded","T-Reg","CL615"
"iCDC_BLood_CACTCCAGTCTACCTC-1","iCDC_BLood","Non-Expanded","T-Reg","CL624"
"iCDC_BLood_CACTCCATCCAACCAA-1","iCDC_BLood","Non-Expanded","T-Reg","CL626"
"iCDC_BLood_CAGAATCCACCAGCAC-1","iCDC_BLood","Non-Expanded","T-Reg","CL631"
"iCDC_BLood_CAGAGAGAGGGTTTCT-1","iCDC_BLood","Non-Expanded","T-Reg","CL636"
"iCDC_BLood_CAGAGAGCATCCAACA-1","iCDC_BLood","Non-Expanded","T-Reg","CL637"
"iCDC_BLood_CAGAGAGGTGAGGGTT-1","iCDC_BLood","Non-Expanded","T-Reg","CL638"
"iCDC_BLood_CAGAGAGTCAACACAC-1","iCDC_BLood","Non-Expanded","T-Reg","CL640"
"iCDC_BLood_CAGATCACAGGACGTA-1","iCDC_BLood","Non-Expanded","T-Reg","CL642"
"iCDC_BLood_CAGATCATCCCGACTT-1","iCDC_BLood","Non-Expanded","T-Reg","CL646"
"iCDC_BLood_CAGCAGCGTAGCGTCC-1","iCDC_BLood","Non-Expanded","T-Reg","CL653"
"iCDC_BLood_CAGCAGCGTAGGACAC-1","iCDC_BLood","Non-Expanded","T-Reg","CL654"
"iCDC_BLood_CAGCAGCGTCTCGTTC-1","iCDC_BLood","Non-Expanded","T-Reg","CL623"
"iCDC_BLood_CAGCAGCGTTGTGGAG-1","iCDC_BLood","Non-Expanded","T-Reg","CL656"
"iCDC_BLood_CAGCATAGTTCGCTAA-1","iCDC_BLood","Non-Expanded","T-Reg","CL661"
"iCDC_BLood_CAGCCGAAGGCATTGG-1","iCDC_BLood","Non-Expanded","T-Reg","CL662"
"iCDC_BLood_CAGCTAAGTGATGTCT-1","iCDC_BLood","Non-Expanded","T-Reg","CL669"
"iCDC_BLood_CAGCTGGAGGCCCGTT-1","iCDC_BLood","Non-Expanded","T-Reg","CL675"
"iCDC_BLood_CAGCTGGCACAGATTC-1","iCDC_BLood","Non-Expanded","T-Reg","CL677"
"iCDC_BLood_CAGGTGCCAACTGCGC-1","iCDC_BLood","Non-Expanded","T-Reg","CL682"
"iCDC_BLood_CAGGTGCCAGTTAACC-1","iCDC_BLood","Non-Expanded","T-Reg","CL684"
"iCDC_BLood_CAGGTGCGTCGCCATG-1","iCDC_BLood","Non-Expanded","T-Reg","CL685"
"iCDC_BLood_CAGTAACTCACGAAGG-1","iCDC_BLood","Non-Expanded","T-Reg","CL693"
"iCDC_BLood_CAGTCCTCACTGTGTA-1","iCDC_BLood","Non-Expanded","T-Reg","CL696"
"iCDC_BLood_CAGTCCTGTGTAATGA-1","iCDC_BLood","Non-Expanded","T-Reg","CL698"
"iCDC_BLood_CATATGGTCCTCTAGC-1","iCDC_BLood","Non-Expanded","T-Reg","CL700"
"iCDC_BLood_CATATTCTCCGCGCAA-1","iCDC_BLood","Non-Expanded","T-Reg","CL703"
"iCDC_BLood_CATCAAGGTTCCACGG-1","iCDC_BLood","Non-Expanded","T-Reg","CL704"
"iCDC_BLood_CATCAGACAATAGCGG-1","iCDC_BLood","Non-Expanded","T-Reg","CL709"
"iCDC_BLood_CATCAGACAGGGTACA-1","iCDC_BLood","Non-Expanded","T-Reg","CL710"
"iCDC_BLood_CATCAGAGTAGCTCCG-1","iCDC_BLood","Non-Expanded","T-Reg","CL712"
"iCDC_BLood_CATCAGAGTTCCCTTG-1","iCDC_BLood","Non-Expanded","T-Reg","CL713"
"iCDC_BLood_CATCAGATCCTGTAGA-1","iCDC_BLood","Non-Expanded","T-Reg","CL715"
"iCDC_BLood_CATCCACCACAAGTAA-1","iCDC_BLood","Non-Expanded","T-Reg","CL716"
"iCDC_BLood_CATCGAAGTTAAGGGC-1","iCDC_BLood","Non-Expanded","T-Reg","CL724"
"iCDC_BLood_CATCGGGAGGAGTAGA-1","iCDC_BLood","Non-Expanded","T-Reg","CL726"
"iCDC_BLood_CATCGGGTCTGCTTGC-1","iCDC_BLood","Non-Expanded","T-Reg","CL732"
"iCDC_BLood_CATGGCGAGAGCTGGT-1","iCDC_BLood","Non-Expanded","T-Reg","CL740"
"iCDC_BLood_CATGGCGGTATTACCG-1","iCDC_BLood","Expanded","T-Reg","CL27"
"iCDC_BLood_CATTATCTCATGCTCC-1","iCDC_BLood","Non-Expanded","T-Reg","CL746"
"iCDC_BLood_CCAATCCAGATCCCGC-1","iCDC_BLood","Non-Expanded","T-Reg","CL751"
"iCDC_BLood_CCACCTAAGATGGGTC-1","iCDC_BLood","Non-Expanded","T-Reg","CL756"
"iCDC_BLood_CCACGGAAGAGCTTCT-1","iCDC_BLood","Non-Expanded","T-Reg","CL760"
"iCDC_BLood_CCACGGACAGATGAGC-1","iCDC_BLood","Expanded","T-Reg","CL762"
"iCDC_BLood_CCACTACCATCCCATC-1","iCDC_BLood","Non-Expanded","T-Reg","CL767"
"iCDC_BLood_CCACTACGTATTAGCC-1","iCDC_BLood","Non-Expanded","T-Reg","CL768"
"iCDC_BLood_CCAGCGAGTCACTGGC-1","iCDC_BLood","Non-Expanded","T-Reg","CL771"
"iCDC_BLood_CCATGTCCACGTAAGG-1","iCDC_BLood","Non-Expanded","T-Reg","CL775"
"iCDC_BLood_CCATGTCTCCGCATCT-1","iCDC_BLood","Non-Expanded","T-Reg","CL777"
"iCDC_BLood_CCCAGTTAGACTAGAT-1","iCDC_BLood","Non-Expanded","T-Reg","CL789"
"iCDC_BLood_CCCAGTTAGCGTTTAC-1","iCDC_BLood","Non-Expanded","T-Reg","CL790"
"iCDC_BLood_CCCATACGTAGAGGAA-1","iCDC_BLood","Non-Expanded","T-Reg","CL794"
"iCDC_BLood_CCGGGATGTCACCCAG-1","iCDC_BLood","Non-Expanded","T-Reg","CL802"
"iCDC_BLood_CCGGTAGTCATTATCC-1","iCDC_BLood","Non-Expanded","T-Reg","CL810"
"iCDC_BLood_CCGTGGAAGACAGGCT-1","iCDC_BLood","Non-Expanded","T-Reg","CL817"
"iCDC_BLood_CCGTTCAAGTCATCCA-1","iCDC_BLood","Non-Expanded","T-Reg","CL820"
"iCDC_BLood_CCTAAAGCAATCAGAA-1","iCDC_BLood","Non-Expanded","T-Reg","CL824"
"iCDC_BLood_CCTAAAGTCGGAGCAA-1","iCDC_BLood","Non-Expanded","T-Reg","CL829"
"iCDC_BLood_CCTACACGTCGGCATC-1","iCDC_BLood","Non-Expanded","T-Reg","CL831"
"iCDC_BLood_CCTACCAGTACGACCC-1","iCDC_BLood","Non-Expanded","T-Reg","CL835"
"iCDC_BLood_CCTATTAAGCTGCCCA-1","iCDC_BLood","Non-Expanded","T-Reg","CL843"
"iCDC_BLood_CCTATTACATTTGCTT-1","iCDC_BLood","Non-Expanded","T-Reg","CL845"
"iCDC_BLood_CCTATTAGTCAGAGGT-1","iCDC_BLood","Non-Expanded","T-Reg","CL847"
"iCDC_BLood_CCTCAGTAGCTTCGCG-1","iCDC_BLood","Non-Expanded","T-Reg","CL848"
"iCDC_BLood_CCTCAGTAGGGTTCCC-1","iCDC_BLood","Non-Expanded","T-Reg","CL850"
"iCDC_BLood_CCTCTGAGTCGAACAG-1","iCDC_BLood","Non-Expanded","T-Reg","CL857"
"iCDC_BLood_CCTTCCCAGCGAAGGG-1","iCDC_BLood","Non-Expanded","T-Reg","CL862"
"iCDC_BLood_CCTTCCCCACTGTCGG-1","iCDC_BLood","Non-Expanded","T-Reg","CL863"
"iCDC_BLood_CCTTCCCGTTAGAACA-1","iCDC_BLood","Non-Expanded","T-Reg","CL865"
"iCDC_BLood_CCTTCGAAGCGCTTAT-1","iCDC_BLood","Non-Expanded","T-Reg","CL867"
"iCDC_BLood_CCTTCGAGTCTCTTAT-1","iCDC_BLood","Non-Expanded","T-Reg","CL870"
"iCDC_BLood_CCTTTCTGTTCAGCGC-1","iCDC_BLood","Expanded","T-Reg","CL877"
"iCDC_BLood_CCTTTCTTCTTACCTA-1","iCDC_BLood","Non-Expanded","T-Reg","CL879"
"iCDC_BLood_CGAATGTGTACAGTTC-1","iCDC_BLood","Non-Expanded","T-Reg","CL887"
"iCDC_BLood_CGACCTTAGTTACCCA-1","iCDC_BLood","Non-Expanded","T-Reg","CL891"
"iCDC_BLood_CGACCTTCAAAGCAAT-1","iCDC_BLood","Non-Expanded","T-Reg","CL892"
"iCDC_BLood_CGACCTTCAACGATCT-1","iCDC_BLood","Expanded","T-Reg","CL893"
"iCDC_BLood_CGACCTTTCCAGAGGA-1","iCDC_BLood","Non-Expanded","T-Reg","CL898"
"iCDC_BLood_CGAGAAGAGATATACG-1","iCDC_BLood","Non-Expanded","T-Reg","CL907"
"iCDC_BLood_CGAGAAGTCCCAAGTA-1","iCDC_BLood","Non-Expanded","T-Reg","CL909"
"iCDC_BLood_CGAGAAGTCTAGAGTC-1","iCDC_BLood","Non-Expanded","T-Reg","CL910"
"iCDC_BLood_CGAGCACGTTATCCGA-1","iCDC_BLood","Non-Expanded","T-Reg","CL915"
"iCDC_BLood_CGAGCCACAGTACACT-1","iCDC_BLood","Non-Expanded","T-Reg","CL918"
"iCDC_BLood_CGAGCCATCACCCTCA-1","iCDC_BLood","Non-Expanded","T-Reg","CL921"
"iCDC_BLood_CGATGGCCATGCAATC-1","iCDC_BLood","Non-Expanded","T-Reg","CL929"
"iCDC_BLood_CGATGGCTCATTCACT-1","iCDC_BLood","Non-Expanded","T-Reg","CL931"
"iCDC_BLood_CGATGGCTCTTCATGT-1","iCDC_BLood","Expanded","T-Reg","CL464"
"iCDC_BLood_CGATGTAAGAAGGTTT-1","iCDC_BLood","Non-Expanded","T-Reg","CL933"
"iCDC_BLood_CGATGTAAGGAACTGC-1","iCDC_BLood","Non-Expanded","T-Reg","CL934"
"iCDC_BLood_CGATGTACAGCTGGCT-1","iCDC_BLood","Non-Expanded","T-Reg","CL938"
"iCDC_BLood_CGATGTAGTATGAAAC-1","iCDC_BLood","Expanded","T-Reg","CL940"
"iCDC_BLood_CGATTGATCCTTGGTC-1","iCDC_BLood","Non-Expanded","T-Reg","CL941"
"iCDC_BLood_CGCGTTTGTGCCTGCA-1","iCDC_BLood","Non-Expanded","T-Reg","CL952"
"iCDC_BLood_CGCTATCTCTCGCTTG-1","iCDC_BLood","Non-Expanded","T-Reg","CL959"
"iCDC_BLood_CGCTGGACAGTCACTA-1","iCDC_BLood","Non-Expanded","T-Reg","CL962"
"iCDC_BLood_CGCTGGAGTTACCAGT-1","iCDC_BLood","Non-Expanded","T-Reg","CL963"
"iCDC_BLood_CGCTGGATCGAATGGG-1","iCDC_BLood","Non-Expanded","T-Reg","CL966"
"iCDC_BLood_CGCTTCAAGACTTGAA-1","iCDC_BLood","Non-Expanded","T-Reg","CL967"
"iCDC_BLood_CGCTTCAAGTAGATGT-1","iCDC_BLood","Non-Expanded","T-Reg","CL969"
"iCDC_BLood_CGGACACGTCCATGAT-1","iCDC_BLood","Non-Expanded","T-Reg","CL978"
"iCDC_BLood_CGGACACGTGCGAAAC-1","iCDC_BLood","Non-Expanded","T-Reg","CL979"
"iCDC_BLood_CGGAGTCAGCCATCGC-1","iCDC_BLood","Non-Expanded","T-Reg","CL994"
"iCDC_BLood_CGGAGTCGTTGTCGCG-1","iCDC_BLood","Non-Expanded","T-Reg","CL998"
"iCDC_BLood_CGGCTAGGTTCAGCGC-1","iCDC_BLood","Non-Expanded","T-Reg","CL1003"
"iCDC_BLood_CGGGTCACAGAGCCAA-1","iCDC_BLood","Non-Expanded","T-Reg","CL1006"
"iCDC_BLood_CGGGTCACAGGGTACA-1","iCDC_BLood","Non-Expanded","T-Reg","CL1008"
"iCDC_BLood_CGTAGCGAGACTCGGA-1","iCDC_BLood","Non-Expanded","T-Reg","CL1020"
"iCDC_BLood_CGTAGGCGTTCAGCGC-1","iCDC_BLood","Non-Expanded","T-Reg","CL1026"
"iCDC_BLood_CGTCACTAGGGAACGG-1","iCDC_BLood","Non-Expanded","T-Reg","CL1028"
"iCDC_BLood_CGTCACTGTCTCTTTA-1","iCDC_BLood","Non-Expanded","T-Reg","CL1032"
"iCDC_BLood_CGTCACTTCTCGCATC-1","iCDC_BLood","Non-Expanded","T-Reg","CL1034"
"iCDC_BLood_CGTCAGGCACCAGATT-1","iCDC_BLood","Non-Expanded","T-Reg","CL1037"
"iCDC_BLood_CGTCCATCACGGATAG-1","iCDC_BLood","Non-Expanded","T-Reg","CL1045"
"iCDC_BLood_CGTCCATGTCAGCTAT-1","iCDC_BLood","Expanded","T-Reg","CL893"
"iCDC_BLood_CGTCTACTCACGCATA-1","iCDC_BLood","Non-Expanded","T-Reg","CL1049"
"iCDC_BLood_CGTGAGCCACTTCTGC-1","iCDC_BLood","Non-Expanded","T-Reg","CL1053"
"iCDC_BLood_CGTGAGCTCCTATTCA-1","iCDC_BLood","Non-Expanded","T-Reg","CL1056"
"iCDC_BLood_CGTGTCTAGCAAATCA-1","iCDC_BLood","Non-Expanded","T-Reg","CL1062"
"iCDC_BLood_CGTTAGACACTGCCAG-1","iCDC_BLood","Non-Expanded","T-Reg","CL1067"
"iCDC_BLood_CGTTAGATCTGAGTGT-1","iCDC_BLood","Non-Expanded","T-Reg","CL1069"
"iCDC_BLood_CTAACTTAGTAGGCCA-1","iCDC_BLood","Non-Expanded","T-Reg","CL1076"
"iCDC_BLood_CTAAGACAGGAACTGC-1","iCDC_BLood","Non-Expanded","T-Reg","CL1082"
"iCDC_BLood_CTAAGACCAACAACCT-1","iCDC_BLood","Non-Expanded","T-Reg","CL1083"
"iCDC_BLood_CTAAGACCAATAAGCA-1","iCDC_BLood","Non-Expanded","T-Reg","CL1085"
"iCDC_BLood_CTAAGACTCCGGGTGT-1","iCDC_BLood","Non-Expanded","T-Reg","CL1087"
"iCDC_BLood_CTAAGACTCTGAGGGA-1","iCDC_BLood","Expanded","T-Reg","CL343"
"iCDC_BLood_CTACACCGTACACCGC-1","iCDC_BLood","Non-Expanded","T-Reg","CL1096"
"iCDC_BLood_CTACACCTCTCACATT-1","iCDC_BLood","Non-Expanded","T-Reg","CL1098"
"iCDC_BLood_CTACACCTCTGGCGTG-1","iCDC_BLood","Non-Expanded","T-Reg","CL1099"
"iCDC_BLood_CTACATTCACGAAGCA-1","iCDC_BLood","Non-Expanded","T-Reg","CL1100"
"iCDC_BLood_CTACATTCAGATCGGA-1","iCDC_BLood","Non-Expanded","T-Reg","CL1101"
"iCDC_BLood_CTACCCAAGTGGAGTC-1","iCDC_BLood","Non-Expanded","T-Reg","CL1105"
"iCDC_BLood_CTACCCATCTTAGCCC-1","iCDC_BLood","Non-Expanded","T-Reg","CL1106"
"iCDC_BLood_CTACGTCGTCATCGGC-1","iCDC_BLood","Non-Expanded","T-Reg","CL1107"
"iCDC_BLood_CTACGTCTCGTTTAGG-1","iCDC_BLood","Non-Expanded","T-Reg","CL1109"
"iCDC_BLood_CTAGCCTCAGTTCCCT-1","iCDC_BLood","Non-Expanded","T-Reg","CL1120"
"iCDC_BLood_CTAGCCTGTCCGTTAA-1","iCDC_BLood","Non-Expanded","T-Reg","CL1123"
"iCDC_BLood_CTAGCCTGTGGTGTAG-1","iCDC_BLood","Non-Expanded","T-Reg","CL1124"
"iCDC_BLood_CTCACACTCGGATGTT-1","iCDC_BLood","Non-Expanded","T-Reg","CL1133"
"iCDC_BLood_CTCACACTCGTAGGAG-1","iCDC_BLood","Non-Expanded","T-Reg","CL1134"
"iCDC_BLood_CTCAGAATCATAACCG-1","iCDC_BLood","Non-Expanded","T-Reg","CL1137"
"iCDC_BLood_CTCATTAAGATGGGTC-1","iCDC_BLood","Non-Expanded","T-Reg","CL1138"
"iCDC_BLood_CTCATTAGTTATCGGT-1","iCDC_BLood","Non-Expanded","T-Reg","CL1142"
"iCDC_BLood_CTCCTAGCAGTCACTA-1","iCDC_BLood","Non-Expanded","T-Reg","CL1148"
"iCDC_BLood_CTCCTAGGTTCGTCTC-1","iCDC_BLood","Non-Expanded","T-Reg","CL1150"
"iCDC_BLood_CTCCTAGTCGCCGTGA-1","iCDC_BLood","Non-Expanded","T-Reg","CL1151"
"iCDC_BLood_CTCGAAAGTATAGGGC-1","iCDC_BLood","Non-Expanded","T-Reg","CL1156"
"iCDC_BLood_CTCGAGGTCACAATGC-1","iCDC_BLood","Non-Expanded","T-Reg","CL1159"
"iCDC_BLood_CTCGAGGTCATGCATG-1","iCDC_BLood","Non-Expanded","T-Reg","CL1161"
"iCDC_BLood_CTCGGAGGTGCAGTAG-1","iCDC_BLood","Non-Expanded","T-Reg","CL1166"
"iCDC_BLood_CTCGGAGGTTCGTCTC-1","iCDC_BLood","Non-Expanded","T-Reg","CL1167"
"iCDC_BLood_CTCGGGAAGCGATCCC-1","iCDC_BLood","Non-Expanded","T-Reg","CL1170"
"iCDC_BLood_CTCGGGACAGCCTTTC-1","iCDC_BLood","Expanded","T-Reg","CL70"
"iCDC_BLood_CTCGTACGTTAGTGGG-1","iCDC_BLood","Non-Expanded","T-Reg","CL1174"
"iCDC_BLood_CTCGTACTCCAAAGTC-1","iCDC_BLood","Non-Expanded","T-Reg","CL1176"
"iCDC_BLood_CTCGTACTCTCTGAGA-1","iCDC_BLood","Non-Expanded","T-Reg","CL1177"
"iCDC_BLood_CTCGTCAGTCGTTGTA-1","iCDC_BLood","Non-Expanded","T-Reg","CL1182"
"iCDC_BLood_CTCTACGGTTACGGAG-1","iCDC_BLood","Expanded","T-Reg","CL1188"
"iCDC_BLood_CTCTACGTCTGTGCAA-1","iCDC_BLood","Non-Expanded","T-Reg","CL1190"
"iCDC_BLood_CTGAAACAGGAGTCTG-1","iCDC_BLood","Expanded","T-Reg","CL877"
"iCDC_BLood_CTGAAACCATGTTGAC-1","iCDC_BLood","Expanded","T-Reg","CL398"
"iCDC_BLood_CTGATAGTCGCGATCG-1","iCDC_BLood","Non-Expanded","T-Reg","CL1203"
"iCDC_BLood_CTGATAGTCGCGTTTC-1","iCDC_BLood","Non-Expanded","T-Reg","CL1204"
"iCDC_BLood_CTGATCCAGACTACAA-1","iCDC_BLood","Non-Expanded","T-Reg","CL1205"
"iCDC_BLood_CTGATCCGTACAAGTA-1","iCDC_BLood","Non-Expanded","T-Reg","CL1208"
"iCDC_BLood_CTGCCTATCGTTGACA-1","iCDC_BLood","Non-Expanded","T-Reg","CL1213"
"iCDC_BLood_CTGCCTATCTCTGCTG-1","iCDC_BLood","Non-Expanded","T-Reg","CL1214"
"iCDC_BLood_CTGCCTATCTGTCTAT-1","iCDC_BLood","Non-Expanded","T-Reg","CL1215"
"iCDC_BLood_CTGCGGACAGCCAGAA-1","iCDC_BLood","Non-Expanded","T-Reg","CL1216"
"iCDC_BLood_CTGCTGTAGACTGGGT-1","iCDC_BLood","Non-Expanded","T-Reg","CL1219"
"iCDC_BLood_CTGCTGTCACCCTATC-1","iCDC_BLood","Non-Expanded","T-Reg","CL1221"
"iCDC_BLood_CTGTGCTAGGTGTTAA-1","iCDC_BLood","Non-Expanded","T-Reg","CL1225"
"iCDC_BLood_CTGTTTATCTCCCTGA-1","iCDC_BLood","Non-Expanded","T-Reg","CL1231"
"iCDC_BLood_CTTACCGAGCCACTAT-1","iCDC_BLood","Non-Expanded","T-Reg","CL1238"
"iCDC_BLood_CTTACCGCATGACATC-1","iCDC_BLood","Non-Expanded","T-Reg","CL1239"
"iCDC_BLood_CTTAGGAAGTGGTCCC-1","iCDC_BLood","Non-Expanded","T-Reg","CL1241"
"iCDC_BLood_CTTAGGACACTTCTGC-1","iCDC_BLood","Non-Expanded","T-Reg","CL1243"
"iCDC_BLood_CTTAGGACAGACAAGC-1","iCDC_BLood","Non-Expanded","T-Reg","CL1244"
"iCDC_BLood_CTTCTCTAGATGCCAG-1","iCDC_BLood","Non-Expanded","T-Reg","CL1250"
"iCDC_BLood_GAAACTCTCCAACCAA-1","iCDC_BLood","Non-Expanded","T-Reg","CL1264"
"iCDC_BLood_GAAATGAGTTGTACAC-1","iCDC_BLood","Non-Expanded","T-Reg","CL1268"
"iCDC_BLood_GAAATGATCTCTGAGA-1","iCDC_BLood","Expanded","T-Reg","CL1271"
"iCDC_BLood_GAACATCAGCGTGAAC-1","iCDC_BLood","Expanded","T-Reg","CL1273"
"iCDC_BLood_GAACATCAGGAACTGC-1","iCDC_BLood","Non-Expanded","T-Reg","CL1274"
"iCDC_BLood_GAACATCAGTGATCGG-1","iCDC_BLood","Non-Expanded","T-Reg","CL1276"
"iCDC_BLood_GAACCTAAGATGAGAG-1","iCDC_BLood","Non-Expanded","T-Reg","CL1280"
"iCDC_BLood_GAACCTAAGCAGGTCA-1","iCDC_BLood","Non-Expanded","T-Reg","CL1281"
"iCDC_BLood_GAACCTAGTCCATGAT-1","iCDC_BLood","Non-Expanded","T-Reg","CL1284"
"iCDC_BLood_GAACCTAGTTACTGAC-1","iCDC_BLood","Non-Expanded","T-Reg","CL1285"
"iCDC_BLood_GAACGGAAGCGTCAAG-1","iCDC_BLood","Non-Expanded","T-Reg","CL1287"
"iCDC_BLood_GAACGGATCTGCTGCT-1","iCDC_BLood","Non-Expanded","T-Reg","CL1293"
"iCDC_BLood_GACACGCTCCCATTTA-1","iCDC_BLood","Non-Expanded","T-Reg","CL1306"
"iCDC_BLood_GACAGAGCAGTACACT-1","iCDC_BLood","Non-Expanded","T-Reg","CL1310"
"iCDC_BLood_GACCAATAGAGTGACC-1","iCDC_BLood","Non-Expanded","T-Reg","CL1312"
"iCDC_BLood_GACCAATTCATGTCCC-1","iCDC_BLood","Non-Expanded","T-Reg","CL1314"
"iCDC_BLood_GACCAATTCGTAGGAG-1","iCDC_BLood","Non-Expanded","T-Reg","CL1315"
"iCDC_BLood_GACCTGGAGGATGGAA-1","iCDC_BLood","Non-Expanded","T-Reg","CL1319"
"iCDC_BLood_GACGGCTAGTGGTCCC-1","iCDC_BLood","Non-Expanded","T-Reg","CL1328"
"iCDC_BLood_GACGTGCGTCTTCAAG-1","iCDC_BLood","Non-Expanded","T-Reg","CL1334"
"iCDC_BLood_GACGTGCTCCGCATCT-1","iCDC_BLood","Non-Expanded","T-Reg","CL1335"
"iCDC_BLood_GACGTTAAGAAGATTC-1","iCDC_BLood","Non-Expanded","T-Reg","CL1337"
"iCDC_BLood_GACGTTAAGAGCTGGT-1","iCDC_BLood","Non-Expanded","T-Reg","CL1338"
"iCDC_BLood_GACTAACCAGGATCGA-1","iCDC_BLood","Non-Expanded","T-Reg","CL1343"
"iCDC_BLood_GACTAACGTAGGGACT-1","iCDC_BLood","Non-Expanded","T-Reg","CL1344"
"iCDC_BLood_GACTACAAGAGGTACC-1","iCDC_BLood","Non-Expanded","T-Reg","CL1348"
"iCDC_BLood_GACTACAGTCAGGACA-1","iCDC_BLood","Non-Expanded","T-Reg","CL1352"
"iCDC_BLood_GAGCAGAAGTGTACTC-1","iCDC_BLood","Non-Expanded","T-Reg","CL1357"
"iCDC_BLood_GAGTCCGAGCCCTAAT-1","iCDC_BLood","Non-Expanded","T-Reg","CL1364"
"iCDC_BLood_GATCGATGTTGTCGCG-1","iCDC_BLood","Non-Expanded","T-Reg","CL1376"
"iCDC_BLood_GATCGATTCTGATTCT-1","iCDC_BLood","Non-Expanded","T-Reg","CL1377"
"iCDC_BLood_GATCGATTCTTTAGTC-1","iCDC_BLood","Non-Expanded","T-Reg","CL1378"
"iCDC_BLood_GATCGCGCATCCTTGC-1","iCDC_BLood","Non-Expanded","T-Reg","CL1379"
"iCDC_BLood_GATCGTAAGTGAAGAG-1","iCDC_BLood","Non-Expanded","T-Reg","CL1384"
"iCDC_BLood_GATCGTACATTGGTAC-1","iCDC_BLood","Non-Expanded","T-Reg","CL1385"
"iCDC_BLood_GATCGTATCTGTGCAA-1","iCDC_BLood","Non-Expanded","T-Reg","CL1387"
"iCDC_BLood_GATCTAGTCGTTGCCT-1","iCDC_BLood","Non-Expanded","T-Reg","CL1394"
"iCDC_BLood_GATGAGGAGGGCTTGA-1","iCDC_BLood","Non-Expanded","T-Reg","CL1397"
"iCDC_BLood_GATGAGGGTTTAGGAA-1","iCDC_BLood","Non-Expanded","T-Reg","CL1400"
"iCDC_BLood_GCAAACTAGAGCCCAA-1","iCDC_BLood","Expanded","T-Reg","CL1273"
"iCDC_BLood_GCAAACTCATTTCACT-1","iCDC_BLood","Non-Expanded","T-Reg","CL1407"
"iCDC_BLood_GCAATCACATGAGCGA-1","iCDC_BLood","Expanded","T-Reg","CL1271"
"iCDC_BLood_GCAATCAGTAGCACGA-1","iCDC_BLood","Non-Expanded","T-Reg","CL1412"
"iCDC_BLood_GCAATCAGTTACCGAT-1","iCDC_BLood","Non-Expanded","T-Reg","CL1413"
"iCDC_BLood_GCACATATCCTGTAGA-1","iCDC_BLood","Non-Expanded","T-Reg","CL1418"
"iCDC_BLood_GCAGCCACACAGAGGT-1","iCDC_BLood","Non-Expanded","T-Reg","CL1422"
"iCDC_BLood_GCAGCCATCCATGAAC-1","iCDC_BLood","Non-Expanded","T-Reg","CL1426"
"iCDC_BLood_GCAGTTACATTCTCAT-1","iCDC_BLood","Non-Expanded","T-Reg","CL1429"
"iCDC_BLood_GCATGATCATCTCGCT-1","iCDC_BLood","Non-Expanded","T-Reg","CL1437"
"iCDC_BLood_GCATGATCATTGGCGC-1","iCDC_BLood","Non-Expanded","T-Reg","CL1438"
"iCDC_BLood_GCATGATGTTCCCTTG-1","iCDC_BLood","Non-Expanded","T-Reg","CL1439"
"iCDC_BLood_GCATGCGTCGGTCTAA-1","iCDC_BLood","Non-Expanded","T-Reg","CL1445"
"iCDC_BLood_GCCAAATGTCGCATAT-1","iCDC_BLood","Non-Expanded","T-Reg","CL1457"
"iCDC_BLood_GCCTCTACAATGACCT-1","iCDC_BLood","Non-Expanded","T-Reg","CL1462"
"iCDC_BLood_GCCTCTATCTGCGGCA-1","iCDC_BLood","Non-Expanded","T-Reg","CL1466"
"iCDC_BLood_GCGACCATCTAAGCCA-1","iCDC_BLood","Non-Expanded","T-Reg","CL1478"
"iCDC_BLood_GCGACCATCTCCAACC-1","iCDC_BLood","Non-Expanded","T-Reg","CL1479"
"iCDC_BLood_GCGCAACAGAACTGTA-1","iCDC_BLood","Expanded","T-Reg","CL1484"
"iCDC_BLood_GCGCAGTAGGGATACC-1","iCDC_BLood","Non-Expanded","T-Reg","CL1489"
"iCDC_BLood_GCGCAGTGTCTTTCAT-1","iCDC_BLood","Non-Expanded","T-Reg","CL1493"
"iCDC_BLood_GCGCCAAGTCGTCTTC-1","iCDC_BLood","Non-Expanded","T-Reg","CL1497"
"iCDC_BLood_GCGCCAAGTGTGACCC-1","iCDC_BLood","Non-Expanded","T-Reg","CL1498"
"iCDC_BLood_GCGCCAATCCAGTATG-1","iCDC_BLood","Non-Expanded","T-Reg","CL1500"
"iCDC_BLood_GCGCGATAGTTGCAGG-1","iCDC_BLood","Non-Expanded","T-Reg","CL1501"
"iCDC_BLood_GCGCGATCATTGGGCC-1","iCDC_BLood","Non-Expanded","T-Reg","CL1504"
"iCDC_BLood_GCGCGATTCCCAACGG-1","iCDC_BLood","Non-Expanded","T-Reg","CL1508"
"iCDC_BLood_GCTCCTACAGTCGATT-1","iCDC_BLood","Non-Expanded","T-Reg","CL1515"
"iCDC_BLood_GCTCTGTCATCACAAC-1","iCDC_BLood","Non-Expanded","T-Reg","CL1522"
"iCDC_BLood_GCTGCAGGTTAAGACA-1","iCDC_BLood","Non-Expanded","T-Reg","CL1526"
"iCDC_BLood_GCTGCTTAGCTAGTGG-1","iCDC_BLood","Non-Expanded","T-Reg","CL1530"
"iCDC_BLood_GCTTCCATCCGGCACA-1","iCDC_BLood","Non-Expanded","T-Reg","CL1544"
"iCDC_BLood_GGAACTTCAGGATTGG-1","iCDC_BLood","Non-Expanded","T-Reg","CL1561"
"iCDC_BLood_GGAACTTGTACCATCA-1","iCDC_BLood","Non-Expanded","T-Reg","CL1563"
"iCDC_BLood_GGAATAAAGACCGGAT-1","iCDC_BLood","Non-Expanded","T-Reg","CL1565"
"iCDC_BLood_GGAATAACAGGTGGAT-1","iCDC_BLood","Expanded","T-Reg","CL1188"
"iCDC_BLood_GGACAAGGTCTGGAGA-1","iCDC_BLood","Non-Expanded","T-Reg","CL1573"
"iCDC_BLood_GGACAGAGTCCTAGCG-1","iCDC_BLood","Non-Expanded","T-Reg","CL1575"
"iCDC_BLood_GGACGTCCACCGAAAG-1","iCDC_BLood","Non-Expanded","T-Reg","CL1580"
"iCDC_BLood_GGACGTCGTCCAGTGC-1","iCDC_BLood","Non-Expanded","T-Reg","CL1583"
"iCDC_BLood_GGAGCAAAGAGCCTAG-1","iCDC_BLood","Non-Expanded","T-Reg","CL1585"
"iCDC_BLood_GGAGCAATCCGTCAAA-1","iCDC_BLood","Non-Expanded","T-Reg","CL1587"
"iCDC_BLood_GGATGTTGTACCCAAT-1","iCDC_BLood","Non-Expanded","T-Reg","CL1590"
"iCDC_BLood_GGCAATTGTTGGACCC-1","iCDC_BLood","Non-Expanded","T-Reg","CL1598"
"iCDC_BLood_GGCCGATAGACCTAGG-1","iCDC_BLood","Expanded","T-Reg","CL1600"
"iCDC_BLood_GGCCGATAGCGTGAAC-1","iCDC_BLood","Non-Expanded","T-Reg","CL1601"
"iCDC_BLood_GGCCGATGTGCAACGA-1","iCDC_BLood","Non-Expanded","T-Reg","CL1606"
"iCDC_BLood_GGCCGATTCGTTACAG-1","iCDC_BLood","Non-Expanded","T-Reg","CL1607"
"iCDC_BLood_GGCGACTCATTGAGCT-1","iCDC_BLood","Non-Expanded","T-Reg","CL1611"
"iCDC_BLood_GGCGACTGTACAGACG-1","iCDC_BLood","Non-Expanded","T-Reg","CL1612"
"iCDC_BLood_GGCGACTGTTAGATGA-1","iCDC_BLood","Non-Expanded","T-Reg","CL1613"
"iCDC_BLood_GGCTGGTAGGGAGTAA-1","iCDC_BLood","Non-Expanded","T-Reg","CL1626"
"iCDC_BLood_GGCTGGTGTAATAGCA-1","iCDC_BLood","Non-Expanded","T-Reg","CL1629"
"iCDC_BLood_GGCTGGTGTTCCATGA-1","iCDC_BLood","Non-Expanded","T-Reg","CL1630"
"iCDC_BLood_GGGAATGCACAGTCGC-1","iCDC_BLood","Non-Expanded","T-Reg","CL1633"
"iCDC_BLood_GGGAATGTCCTTTACA-1","iCDC_BLood","Non-Expanded","T-Reg","CL1638"
"iCDC_BLood_GGGACCTCAATGGAAT-1","iCDC_BLood","Non-Expanded","T-Reg","CL1641"
"iCDC_BLood_GGGACCTTCCAGAGGA-1","iCDC_BLood","Non-Expanded","T-Reg","CL1643"
"iCDC_BLood_GGGAGATAGTGTCTCA-1","iCDC_BLood","Non-Expanded","T-Reg","CL1648"
"iCDC_BLood_GGGAGATCAGGGTATG-1","iCDC_BLood","Non-Expanded","T-Reg","CL1649"
"iCDC_BLood_GGGATGAGTCCCTTGT-1","iCDC_BLood","Non-Expanded","T-Reg","CL1653"
"iCDC_BLood_GGGCATCCAGGCTGAA-1","iCDC_BLood","Non-Expanded","T-Reg","CL1660"
"iCDC_BLood_GGGTCTGTCTTATCTG-1","iCDC_BLood","Non-Expanded","T-Reg","CL1669"
"iCDC_BLood_GGGTTGCAGTATCGAA-1","iCDC_BLood","Non-Expanded","T-Reg","CL1220"
"iCDC_BLood_GGTGAAGCACCAACCG-1","iCDC_BLood","Non-Expanded","T-Reg","CL1680"
"iCDC_BLood_GGTGAAGCATGTCCTC-1","iCDC_BLood","Non-Expanded","T-Reg","CL1681"
"iCDC_BLood_GGTGAAGTCTTAGCCC-1","iCDC_BLood","Non-Expanded","T-Reg","CL1682"
"iCDC_BLood_GGTGTTACATTCGACA-1","iCDC_BLood","Non-Expanded","T-Reg","CL1684"
"iCDC_BLood_GGTGTTATCCACGACG-1","iCDC_BLood","Non-Expanded","T-Reg","CL1687"
"iCDC_BLood_GGTGTTATCTCTGAGA-1","iCDC_BLood","Non-Expanded","T-Reg","CL1688"
"iCDC_BLood_GTAACGTGTTATCCGA-1","iCDC_BLood","Non-Expanded","T-Reg","CL1689"
"iCDC_BLood_GTAACGTTCTCTGCTG-1","iCDC_BLood","Non-Expanded","T-Reg","CL1693"
"iCDC_BLood_GTACTCCCACGGTAAG-1","iCDC_BLood","Non-Expanded","T-Reg","CL1700"
"iCDC_BLood_GTACTCCTCCGCATCT-1","iCDC_BLood","Non-Expanded","T-Reg","CL1702"
"iCDC_BLood_GTACTTTAGAGTGACC-1","iCDC_BLood","Non-Expanded","T-Reg","CL1703"
"iCDC_BLood_GTACTTTCAAACGCGA-1","iCDC_BLood","Non-Expanded","T-Reg","CL1704"
"iCDC_BLood_GTAGGCCCATGACGGA-1","iCDC_BLood","Non-Expanded","T-Reg","CL1709"
"iCDC_BLood_GTAGGCCGTACTTCTT-1","iCDC_BLood","Non-Expanded","T-Reg","CL1711"
"iCDC_BLood_GTCATTTCAATCCGAT-1","iCDC_BLood","Non-Expanded","T-Reg","CL1751"
"iCDC_BLood_GTCCTCACATGGTAGG-1","iCDC_BLood","Non-Expanded","T-Reg","CL1760"
"iCDC_BLood_GTCCTCACATTCCTCG-1","iCDC_BLood","Non-Expanded","T-Reg","CL1761"
"iCDC_BLood_GTCGGGTCAAGCGCTC-1","iCDC_BLood","Non-Expanded","T-Reg","CL1763"
"iCDC_BLood_GTCGTAACAAACGTGG-1","iCDC_BLood","Non-Expanded","T-Reg","CL1774"
"iCDC_BLood_GTCGTAACAACACCTA-1","iCDC_BLood","Non-Expanded","T-Reg","CL1776"
"iCDC_BLood_GTCGTAATCTGGAGCC-1","iCDC_BLood","Non-Expanded","T-Reg","CL1778"
"iCDC_BLood_GTCTCGTTCTCGCTTG-1","iCDC_BLood","Non-Expanded","T-Reg","CL1783"
"iCDC_BLood_GTCTTCGTCCCATTAT-1","iCDC_BLood","Non-Expanded","T-Reg","CL1787"
"iCDC_BLood_GTCTTCGTCCTACAGA-1","iCDC_BLood","Non-Expanded","T-Reg","CL1788"
"iCDC_BLood_GTGCATAAGGCCCTTG-1","iCDC_BLood","Non-Expanded","T-Reg","CL1795"
"iCDC_BLood_GTGCGGTCATGTTCCC-1","iCDC_BLood","Non-Expanded","T-Reg","CL1802"
"iCDC_BLood_GTGCTTCGTCCGTCAG-1","iCDC_BLood","Non-Expanded","T-Reg","CL1805"
"iCDC_BLood_GTGCTTCTCGGTTAAC-1","iCDC_BLood","Non-Expanded","T-Reg","CL1809"
"iCDC_BLood_GTGGGTCCAGTGACAG-1","iCDC_BLood","Non-Expanded","T-Reg","CL1812"
"iCDC_BLood_GTGTGCGAGTAGTGCG-1","iCDC_BLood","Non-Expanded","T-Reg","CL1817"
"iCDC_BLood_GTGTTAGCACATCTTT-1","iCDC_BLood","Non-Expanded","T-Reg","CL1819"
"iCDC_BLood_GTGTTAGGTGGCCCTA-1","iCDC_BLood","Non-Expanded","T-Reg","CL1821"
"iCDC_BLood_GTTAAGCAGAGGACGG-1","iCDC_BLood","Non-Expanded","T-Reg","CL1822"
"iCDC_BLood_GTTAAGCGTGACCAAG-1","iCDC_BLood","Non-Expanded","T-Reg","CL1826"
"iCDC_BLood_GTTAAGCGTGTCCTCT-1","iCDC_BLood","Non-Expanded","T-Reg","CL1827"
"iCDC_BLood_GTTAAGCTCATTTGGG-1","iCDC_BLood","Non-Expanded","T-Reg","CL1830"
"iCDC_BLood_GTTACAGAGCTGAAAT-1","iCDC_BLood","Non-Expanded","T-Reg","CL1833"
"iCDC_BLood_GTTCATTCACCGAATT-1","iCDC_BLood","Non-Expanded","T-Reg","CL1838"
"iCDC_BLood_GTTCGGGAGGGAGTAA-1","iCDC_BLood","Non-Expanded","T-Reg","CL1839"
"iCDC_BLood_GTTCGGGCACGGTTTA-1","iCDC_BLood","Non-Expanded","T-Reg","CL1841"
"iCDC_BLood_GTTCGGGGTCTCTCGT-1","iCDC_BLood","Non-Expanded","T-Reg","CL1844"
"iCDC_BLood_GTTCGGGGTGGTCCGT-1","iCDC_BLood","Non-Expanded","T-Reg","CL1845"
"iCDC_BLood_GTTCTCGAGTTAACGA-1","iCDC_BLood","Non-Expanded","T-Reg","CL1847"
"iCDC_BLood_GTTTCTAAGATATGCA-1","iCDC_BLood","Non-Expanded","T-Reg","CL1850"
"iCDC_BLood_TAAACCGGTACTCTCC-1","iCDC_BLood","Non-Expanded","T-Reg","CL1858"
"iCDC_BLood_TAAGAGAAGACCTTTG-1","iCDC_BLood","Non-Expanded","T-Reg","CL1860"
"iCDC_BLood_TAAGCGTAGACTACAA-1","iCDC_BLood","Non-Expanded","T-Reg","CL1866"
"iCDC_BLood_TAAGCGTTCAGCATGT-1","iCDC_BLood","Non-Expanded","T-Reg","CL1871"
"iCDC_BLood_TACACGACACTTACGA-1","iCDC_BLood","Non-Expanded","T-Reg","CL1880"
"iCDC_BLood_TACCTATAGGAGCGTT-1","iCDC_BLood","Non-Expanded","T-Reg","CL1890"
"iCDC_BLood_TACCTATGTAAGTGTA-1","iCDC_BLood","Non-Expanded","T-Reg","CL1893"
"iCDC_BLood_TACCTTACAGCCTATA-1","iCDC_BLood","Non-Expanded","T-Reg","CL1899"
"iCDC_BLood_TACGGATGTTCCACAA-1","iCDC_BLood","Non-Expanded","T-Reg","CL1905"
"iCDC_BLood_TACGGGCAGCTCTCGG-1","iCDC_BLood","Non-Expanded","T-Reg","CL1906"
"iCDC_BLood_TACGGGCGTTGCGTTA-1","iCDC_BLood","Non-Expanded","T-Reg","CL1909"
"iCDC_BLood_TACGGTACAAGCTGAG-1","iCDC_BLood","Non-Expanded","T-Reg","CL1913"
"iCDC_BLood_TACGGTAGTCACACGC-1","iCDC_BLood","Non-Expanded","T-Reg","CL1915"
"iCDC_BLood_TACGGTATCCCAACGG-1","iCDC_BLood","Non-Expanded","T-Reg","CL1917"
"iCDC_BLood_TACTCATAGGACGAAA-1","iCDC_BLood","Non-Expanded","T-Reg","CL1919"
"iCDC_BLood_TACTCATGTCACTTCC-1","iCDC_BLood","Non-Expanded","T-Reg","CL1921"
"iCDC_BLood_TACTCATTCAGCATGT-1","iCDC_BLood","Non-Expanded","T-Reg","CL1922"
"iCDC_BLood_TACTCGCTCATCTGCC-1","iCDC_BLood","Non-Expanded","T-Reg","CL1925"
"iCDC_BLood_TACTTACGTATATCCG-1","iCDC_BLood","Non-Expanded","T-Reg","CL1928"
"iCDC_BLood_TACTTGTGTACCCAAT-1","iCDC_BLood","Non-Expanded","T-Reg","CL639"
"iCDC_BLood_TAGAGCTGTATAGTAG-1","iCDC_BLood","Non-Expanded","T-Reg","CL1935"
"iCDC_BLood_TAGAGCTGTGGTAACG-1","iCDC_BLood","Non-Expanded","T-Reg","CL1936"
"iCDC_BLood_TAGCCGGCAGATGGGT-1","iCDC_BLood","Non-Expanded","T-Reg","CL1939"
"iCDC_BLood_TAGCCGGCATTTGCCC-1","iCDC_BLood","Non-Expanded","T-Reg","CL1943"
"iCDC_BLood_TAGGCATAGAGTACCG-1","iCDC_BLood","Non-Expanded","T-Reg","CL1946"
"iCDC_BLood_TAGGCATGTATTAGCC-1","iCDC_BLood","Non-Expanded","T-Reg","CL1948"
"iCDC_BLood_TAGGCATGTTCAACCA-1","iCDC_BLood","Non-Expanded","T-Reg","CL1949"
"iCDC_BLood_TATCAGGTCGAATGCT-1","iCDC_BLood","Non-Expanded","T-Reg","CL1963"
"iCDC_BLood_TATCTCAAGGCGACAT-1","iCDC_BLood","Non-Expanded","T-Reg","CL1966"
"iCDC_BLood_TATCTCATCGCTTAGA-1","iCDC_BLood","Non-Expanded","T-Reg","CL1971"
"iCDC_BLood_TATGCCCAGAGGTTGC-1","iCDC_BLood","Non-Expanded","T-Reg","CL1973"
"iCDC_BLood_TATGCCCGTCGCTTTC-1","iCDC_BLood","Non-Expanded","T-Reg","CL1975"
"iCDC_BLood_TATTACCAGATCCCGC-1","iCDC_BLood","Non-Expanded","T-Reg","CL1978"
"iCDC_BLood_TCAATCTGTTCCCGAG-1","iCDC_BLood","Non-Expanded","T-Reg","CL1991"
"iCDC_BLood_TCACAAGGTTCGGGCT-1","iCDC_BLood","Non-Expanded","T-Reg","CL1998"
"iCDC_BLood_TCAGATGCAGGGAGAG-1","iCDC_BLood","Non-Expanded","T-Reg","CL2008"
"iCDC_BLood_TCAGCAAAGTAACCCT-1","iCDC_BLood","Expanded","T-Reg","CL398"
"iCDC_BLood_TCAGCAACAAGCTGTT-1","iCDC_BLood","Non-Expanded","T-Reg","CL2013"
"iCDC_BLood_TCAGCAACAGGGTTAG-1","iCDC_BLood","Non-Expanded","T-Reg","CL2015"
"iCDC_BLood_TCAGCAAGTGAGCGAT-1","iCDC_BLood","Expanded","T-Reg","CL1600"
"iCDC_BLood_TCAGCAAGTGTTCGAT-1","iCDC_BLood","Non-Expanded","T-Reg","CL2017"
"iCDC_BLood_TCAGCAATCATACGGT-1","iCDC_BLood","Non-Expanded","T-Reg","CL2018"
"iCDC_BLood_TCAGCTCGTTGCGTTA-1","iCDC_BLood","Non-Expanded","T-Reg","CL2023"
"iCDC_BLood_TCAGCTCTCCCAAGTA-1","iCDC_BLood","Non-Expanded","T-Reg","CL2024"
"iCDC_BLood_TCAGGATAGAATCTCC-1","iCDC_BLood","Non-Expanded","T-Reg","CL2025"
"iCDC_BLood_TCAGGATTCAGAGGTG-1","iCDC_BLood","Non-Expanded","T-Reg","CL2029"
"iCDC_BLood_TCAGGTATCTCAAGTG-1","iCDC_BLood","Non-Expanded","T-Reg","CL2032"
"iCDC_BLood_TCATTACAGCACCGTC-1","iCDC_BLood","Non-Expanded","T-Reg","CL2033"
"iCDC_BLood_TCATTTGCACTACAGT-1","iCDC_BLood","Non-Expanded","T-Reg","CL2039"
"iCDC_BLood_TCATTTGCATCTATGG-1","iCDC_BLood","Non-Expanded","T-Reg","CL2041"
"iCDC_BLood_TCATTTGGTCCGAACC-1","iCDC_BLood","Non-Expanded","T-Reg","CL2042"
"iCDC_BLood_TCATTTGGTCGACTAT-1","iCDC_BLood","Non-Expanded","T-Reg","CL2043"
"iCDC_BLood_TCGAGGCAGATAGTCA-1","iCDC_BLood","Non-Expanded","T-Reg","CL2050"
"iCDC_BLood_TCGAGGCAGGGAGTAA-1","iCDC_BLood","Non-Expanded","T-Reg","CL2051"
"iCDC_BLood_TCGAGGCCAACAACCT-1","iCDC_BLood","Non-Expanded","T-Reg","CL2053"
"iCDC_BLood_TCGCGTTGTCTCCATC-1","iCDC_BLood","Non-Expanded","T-Reg","CL2063"
"iCDC_BLood_TCGCGTTTCACGACTA-1","iCDC_BLood","Non-Expanded","T-Reg","CL2065"
"iCDC_BLood_TCGCGTTTCGTTGCCT-1","iCDC_BLood","Non-Expanded","T-Reg","CL2067"
"iCDC_BLood_TCGGTAAAGACTGGGT-1","iCDC_BLood","Non-Expanded","T-Reg","CL2069"
"iCDC_BLood_TCGGTAATCGATCCCT-1","iCDC_BLood","Non-Expanded","T-Reg","CL2073"
"iCDC_BLood_TCGTAGACACATGGGA-1","iCDC_BLood","Non-Expanded","T-Reg","CL2078"
"iCDC_BLood_TCGTAGACAGATGGCA-1","iCDC_BLood","Non-Expanded","T-Reg","CL2079"
"iCDC_BLood_TCGTAGAGTAGCGCAA-1","iCDC_BLood","Non-Expanded","T-Reg","CL2080"
"iCDC_BLood_TCGTAGATCCGTAGTA-1","iCDC_BLood","Non-Expanded","T-Reg","CL2082"
"iCDC_BLood_TCGTAGATCGGTTCGG-1","iCDC_BLood","Non-Expanded","T-Reg","CL2084"
"iCDC_BLood_TCTATTGAGCACGCCT-1","iCDC_BLood","Non-Expanded","T-Reg","CL2085"
"iCDC_BLood_TCTATTGTCTGGGCCA-1","iCDC_BLood","Non-Expanded","T-Reg","CL2088"
"iCDC_BLood_TCTCATAGTAGTACCT-1","iCDC_BLood","Non-Expanded","T-Reg","CL2096"
"iCDC_BLood_TCTCTAAAGTGTACCT-1","iCDC_BLood","Non-Expanded","T-Reg","CL2099"
"iCDC_BLood_TCTCTAAGTCTGGAGA-1","iCDC_BLood","Non-Expanded","T-Reg","CL2103"
"iCDC_BLood_TCTGGAAGTCGCGAAA-1","iCDC_BLood","Non-Expanded","T-Reg","CL2111"
"iCDC_BLood_TCTTCGGGTTCCGTCT-1","iCDC_BLood","Non-Expanded","T-Reg","CL2115"
"iCDC_BLood_TCTTTCCCAGCTGTAT-1","iCDC_BLood","Non-Expanded","T-Reg","CL2120"
"iCDC_BLood_TGAAAGAAGAGGGATA-1","iCDC_BLood","Non-Expanded","T-Reg","CL2122"
"iCDC_BLood_TGAAAGACATTGAGCT-1","iCDC_BLood","Non-Expanded","T-Reg","CL1229"
"iCDC_BLood_TGACAACAGCTATGCT-1","iCDC_BLood","Non-Expanded","T-Reg","CL2129"
"iCDC_BLood_TGACAACAGTCCGGTC-1","iCDC_BLood","Non-Expanded","T-Reg","CL2130"
"iCDC_BLood_TGACAACCACGCTTTC-1","iCDC_BLood","Non-Expanded","T-Reg","CL2131"
"iCDC_BLood_TGACAACGTAAGTTCC-1","iCDC_BLood","Non-Expanded","T-Reg","CL2134"
"iCDC_BLood_TGACTTTGTTTAGCTG-1","iCDC_BLood","Non-Expanded","T-Reg","CL2149"
"iCDC_BLood_TGAGAGGTCGAACGGA-1","iCDC_BLood","Non-Expanded","T-Reg","CL2156"
"iCDC_BLood_TGAGCATAGCAGGCTA-1","iCDC_BLood","Non-Expanded","T-Reg","CL2157"
"iCDC_BLood_TGAGCATGTCGTGGCT-1","iCDC_BLood","Non-Expanded","T-Reg","CL2161"
"iCDC_BLood_TGAGCCGAGGATGGTC-1","iCDC_BLood","Non-Expanded","T-Reg","CL2164"
"iCDC_BLood_TGAGGGACAAGAGGCT-1","iCDC_BLood","Non-Expanded","T-Reg","CL2173"
"iCDC_BLood_TGAGGGACAGTACACT-1","iCDC_BLood","Non-Expanded","T-Reg","CL2175"
"iCDC_BLood_TGAGGGAGTGGCCCTA-1","iCDC_BLood","Non-Expanded","T-Reg","CL2177"
"iCDC_BLood_TGAGGGATCATTCACT-1","iCDC_BLood","Non-Expanded","T-Reg","CL2179"
"iCDC_BLood_TGAGGGATCGGTGTCG-1","iCDC_BLood","Non-Expanded","T-Reg","CL2180"
"iCDC_BLood_TGATTTCGTAAGTTCC-1","iCDC_BLood","Non-Expanded","T-Reg","CL2185"
"iCDC_BLood_TGATTTCGTTGTACAC-1","iCDC_BLood","Expanded","T-Reg","CL877"
"iCDC_BLood_TGATTTCTCAACGCTA-1","iCDC_BLood","Non-Expanded","T-Reg","CL2186"
"iCDC_BLood_TGATTTCTCAGCATGT-1","iCDC_BLood","Non-Expanded","T-Reg","CL2187"
"iCDC_BLood_TGATTTCTCCAATGGT-1","iCDC_BLood","Non-Expanded","T-Reg","CL2188"
"iCDC_BLood_TGCCCATAGATGGCGT-1","iCDC_BLood","Non-Expanded","T-Reg","CL2201"
"iCDC_BLood_TGCCCATCAATAGCAA-1","iCDC_BLood","Expanded","T-Reg","CL762"
"iCDC_BLood_TGCCCATGTCACCTAA-1","iCDC_BLood","Non-Expanded","T-Reg","CL2206"
"iCDC_BLood_TGCCCATGTGAGTATA-1","iCDC_BLood","Non-Expanded","T-Reg","CL2207"
"iCDC_BLood_TGCCCTAAGGAATGGA-1","iCDC_BLood","Non-Expanded","T-Reg","CL2209"
"iCDC_BLood_TGCCCTATCCATGCTC-1","iCDC_BLood","Non-Expanded","T-Reg","CL2215"
"iCDC_BLood_TGCGCAGAGGACAGCT-1","iCDC_BLood","Non-Expanded","T-Reg","CL2218"
"iCDC_BLood_TGCGCAGGTCGCATCG-1","iCDC_BLood","Non-Expanded","T-Reg","CL2220"
"iCDC_BLood_TGCGGGTTCACCTTAT-1","iCDC_BLood","Non-Expanded","T-Reg","CL2229"
"iCDC_BLood_TGCGTGGGTTTACTCT-1","iCDC_BLood","Expanded","T-Reg","CL1484"
"iCDC_BLood_TGCGTGGTCTTACCTA-1","iCDC_BLood","Non-Expanded","T-Reg","CL2233"
"iCDC_BLood_TGCTGCTAGAGATGAG-1","iCDC_BLood","Non-Expanded","T-Reg","CL2236"
"iCDC_BLood_TGCTGCTTCATCGGAT-1","iCDC_BLood","Non-Expanded","T-Reg","CL2241"
"iCDC_BLood_TGGCCAGGTAGCGCAA-1","iCDC_BLood","Non-Expanded","T-Reg","CL2249"
"iCDC_BLood_TGGCCAGTCCAGTATG-1","iCDC_BLood","Non-Expanded","T-Reg","CL2252"
"iCDC_BLood_TGGCTGGAGAGCAATT-1","iCDC_BLood","Non-Expanded","T-Reg","CL2257"
"iCDC_BLood_TGGGAAGCACTGTCGG-1","iCDC_BLood","Non-Expanded","T-Reg","CL2267"
"iCDC_BLood_TGGGCGTAGAGCCTAG-1","iCDC_BLood","Non-Expanded","T-Reg","CL2271"
"iCDC_BLood_TGGGCGTCACCTCGTT-1","iCDC_BLood","Non-Expanded","T-Reg","CL2272"
"iCDC_BLood_TGGGCGTTCCTGCCAT-1","iCDC_BLood","Non-Expanded","T-Reg","CL2273"
"iCDC_BLood_TGGTTAGAGAAACCAT-1","iCDC_BLood","Non-Expanded","T-Reg","CL2274"
"iCDC_BLood_TGGTTAGTCGCCGTGA-1","iCDC_BLood","Non-Expanded","T-Reg","CL2278"
"iCDC_BLood_TGTGGTAAGAGACTAT-1","iCDC_BLood","Non-Expanded","T-Reg","CL2292"
"iCDC_BLood_TTAGGACTCATTTGGG-1","iCDC_BLood","Non-Expanded","T-Reg","CL2304"
"iCDC_BLood_TTAGGCACAAGAAGAG-1","iCDC_BLood","Non-Expanded","T-Reg","CL2306"
"iCDC_BLood_TTAGGCACATTGGTAC-1","iCDC_BLood","Non-Expanded","T-Reg","CL2308"
"iCDC_BLood_TTAGTTCGTATATCCG-1","iCDC_BLood","Non-Expanded","T-Reg","CL2312"
"iCDC_BLood_TTAGTTCTCCACGCAG-1","iCDC_BLood","Non-Expanded","T-Reg","CL2313"
"iCDC_BLood_TTCCCAGTCTTATCTG-1","iCDC_BLood","Non-Expanded","T-Reg","CL2325"
"iCDC_BLood_TTCGAAGGTCTCTTTA-1","iCDC_BLood","Non-Expanded","T-Reg","CL2326"
"iCDC_BLood_TTCGGTCCAATGGACG-1","iCDC_BLood","Non-Expanded","T-Reg","CL2331"
"iCDC_BLood_TTCGGTCTCCGCGCAA-1","iCDC_BLood","Non-Expanded","T-Reg","CL2335"
"iCDC_BLood_TTCGGTCTCGCGATCG-1","iCDC_BLood","Non-Expanded","T-Reg","CL2336"
"iCDC_BLood_TTCTACATCTCGCTTG-1","iCDC_BLood","Non-Expanded","T-Reg","CL2347"
"iCDC_BLood_TTCTCAACAGTATGCT-1","iCDC_BLood","Non-Expanded","T-Reg","CL2350"
"iCDC_BLood_TTCTCCTGTTCGTCTC-1","iCDC_BLood","Non-Expanded","T-Reg","CL2357"
"iCDC_BLood_TTCTTAGAGTGGAGTC-1","iCDC_BLood","Non-Expanded","T-Reg","CL2361"
"iCDC_BLood_TTGAACGTCCCACTTG-1","iCDC_BLood","Non-Expanded","T-Reg","CL2365"
"iCDC_BLood_TTGCCGTGTCCAAGTT-1","iCDC_BLood","Non-Expanded","T-Reg","CL2373"
"iCDC_BLood_TTGCCGTTCAGTGTTG-1","iCDC_BLood","Non-Expanded","T-Reg","CL2374"
"iCDC_BLood_TTGCGTCTCAGTGTTG-1","iCDC_BLood","Non-Expanded","T-Reg","CL2375"
"iCDC_BLood_TTGTAGGCAAGAGTCG-1","iCDC_BLood","Non-Expanded","T-Reg","CL2383"
"iCDC_BLood_TTTACTGAGCGGCTTC-1","iCDC_BLood","Non-Expanded","T-Reg","CL2388"
"iCDC_BLood_TTTCCTCGTACTTCTT-1","iCDC_BLood","Non-Expanded","T-Reg","CL2393"
"iCDC_BLood_TTTGCGCAGAGTCGGT-1","iCDC_BLood","Non-Expanded","T-Reg","CL2395"
"iCDC_BLood_TTTGCGCAGTGGTAAT-1","iCDC_BLood","Non-Expanded","T-Reg","CL2399"
"iCDC_BLood_TTTGCGCGTTAAGGGC-1","iCDC_BLood","Non-Expanded","T-Reg","CL2403"
"iCDC_BLood_TTTGGTTTCTCGGACG-1","iCDC_BLood","Non-Expanded","T-Reg","CL2412"
"iCDC_BLood_TTTGTCAAGCTAAACA-1","iCDC_BLood","Non-Expanded","T-Reg","CL2413"
"iCDC_BLood_TTTGTCACAAACTGCT-1","iCDC_BLood","Expanded","T-Reg","CL70"
"iCDC_BLood_TTTGTCATCGGTTCGG-1","iCDC_BLood","Expanded","T-Reg","CL940"
