cell_id,Treatment,cluster_label,umap_1,umap_2
ACCCTTGTCTCAGGCG-1_1_1_1_1_1,DC,Mmp8+ Neu,4.149340927,-0.827158749
ACCGTTCAGTTTGTCG-1_1_1_1_1_1,DC,Csf3r-hi Neu,3.139999449,1.603862956
ACCGTTCGTCAGTCCG-1_1_1_1_1_1,DC,Mmp8+ Neu,5.119032204,-1.55556123
ACCGTTCGTGTTACAC-1_1_1_1_1_1,DC,Cd14-hi Neu,0.515527486,-0.928089798
ACCGTTCTCGGTGTAT-1_1_1_1_1_1,DC,Mmp8+ Neu,6.08576852,-1.036295235
ACCTACCAGTAATCCC-1_1_1_1_1_1,DC,Mmp8+ Neu,5.765727341,-0.956902325
ACCTACCCAATACAGA-1_1_1_1_1_1,DC,Mmp8+ Neu,4.575241386,1.32959266
ACCTACCTCGACCACG-1_1_1_1_1_1,DC,Csf3r-hi Neu,-0.500295669,2.069277718
ACCTGAAAGCTGTGCC-1_1_1_1_1_1,DC,Cd14-hi Neu,-0.637725115,-2.324025438
ACCTGAACAGACCAGA-1_1_1_1_1_1,DC,Cd14-hi Neu,0.783593595,-1.624750719
ACCTGAATCCGCCTAT-1_1_1_1_1_1,DC,Icam1+ Neu,-2.810857475,1.746595099
ACCTGAATCGGCTGAC-1_1_1_1_1_1,DC,Mmp8+ Neu,5.071846783,-1.422017232
ACCTGTCAGAAGTCCG-1_1_1_1_1_1,DC,Mmp8+ Neu,3.632003605,-3.76161556
ACGATCAAGACAGTCG-1_1_1_1_1_1,DC,Icam1+ Neu,-2.033666909,0.111443951
ACGATCACACGCACCA-1_1_1_1_1_1,DC,Icam1+ Neu,-4.750595272,-0.083801672
ACGATCACAGAGAATT-1_1_1_1_1_1,DC,Icam1+ Neu,-2.166220725,1.797672704
ACGATCAGTTGTGCCG-1_1_1_1_1_1,DC,Mmp8+ Neu,4.794763863,-2.434487626
ACGCACGAGATAGTGT-1_1_1_1_1_1,DC,Cd14-hi Neu,-0.342202917,-2.670054838
ACGCACGTCCATCTCG-1_1_1_1_1_1,DC,Cd14-hi Neu,0.296438187,-1.787634239
ACGGAAGCAAGGTCGA-1_1_1_1_1_1,DC,Icam1+ Neu,-5.895556152,1.231459334
ACGGGTCCAGGTCAGA-1_1_1_1_1_1,DC,Icam1+ Neu,-3.846594513,1.311667159
ACGGTCGCATGCCATA-1_1_1_1_1_1,DC,Mmp8+ Neu,4.971033394,-1.44409822
ACGGTCGTCATGGCCG-1_1_1_1_1_1,DC,Cd14-hi Neu,-0.430419147,-1.668817744
ACGGTTAAGGCCACTC-1_1_1_1_1_1,DC,Cd14-hi Neu,-1.507500709,-3.10333018
ACGGTTACAGCTGTTA-1_1_1_1_1_1,DC,Cd14-hi Neu,-2.308397949,-1.69048284
ACGGTTATCTCCGAGG-1_1_1_1_1_1,DC,Csf3r-hi Neu,0.506799757,3.314493373
ACGTAACCACAGGATG-1_1_1_1_1_1,DC,Icam1+ Neu,-2.85406679,0.258668735
ACGTACAAGACTAAGT-1_1_1_1_1_1,DC,Mmp8+ Neu,6.692403137,-2.290640757
ACGTACAAGGCCCACT-1_1_1_1_1_1,DC,Mmp8+ Neu,6.583832562,-3.475455568
ACGTACATCTGCGGGT-1_1_1_1_1_1,DC,Cd14-hi Neu,-1.468384803,-2.955386922
ACGTAGTAGGAGTATT-1_1_1_1_1_1,DC,Cstdc4+ Neu,1.128359615,-3.582432553
ACGTAGTGTTAGGGAC-1_1_1_1_1_1,DC,Icam1+ Neu,-1.439384163,2.619453385
ACGTAGTTCGCAATTG-1_1_1_1_1_1,DC,Mmp8+ Neu,3.353149235,-0.93478553
ACGTAGTTCGGCCAAC-1_1_1_1_1_1,DC,Mmp8+ Neu,2.282699167,-1.521031663
ACGTTCCAGAGGGCGA-1_1_1_1_1_1,DC,Csf3r-hi Neu,-0.423129902,3.173704818
ACTACGACATCACCAA-1_1_1_1_1_1,DC,Icam1+ Neu,-4.439885319,1.190232232
ACTACGATCAACTGAC-1_1_1_1_1_1,DC,Mmp8+ Neu,2.191260159,-1.464640215
ACTACGATCCGCAGTG-1_1_1_1_1_1,DC,Cd14-hi Neu,-2.353899658,-1.859892711
ACTATCTAGACGCTCC-1_1_1_1_1_1,DC,Cd14-hi Neu,0.153508871,-0.903113857
ACTCCCAGTCTTACAG-1_1_1_1_1_1,DC,Mmp8+ Neu,7.591071903,-4.289842174
ACTGATGTCCAATGCA-1_1_1_1_1_1,DC,Mmp8+ Neu,2.118586838,-0.848675996
ACTGCAACAAGAAATC-1_1_1_1_1_1,DC,Cd14-hi Neu,1.061766445,-2.2454658
ACTGCAACAATTGCAC-1_1_1_1_1_1,DC,Mmp8+ Neu,4.290055573,-1.742187307
ACTGTCCAGACATAAC-1_1_1_1_1_1,DC,Csf3r-hi Neu,0.644884646,2.295116856
ACTGTGAAGATTTGCC-1_1_1_1_1_1,DC,Cstdc4+ Neu,1.819347322,-3.603053615
ACTGTGATCTTGGATG-1_1_1_1_1_1,DC,Icam1+ Neu,-3.811834515,-2.447498724
ACTTATCTCATCTCTA-1_1_1_1_1_1,DC,Cstdc4+ Neu,-0.533465326,-4.466593549
ACTTCCGTCCGAGAAG-1_1_1_1_1_1,DC,Mmp8+ Neu,3.147429049,-4.067755029
ACTTTCACAGAGGCAT-1_1_1_1_1_1,DC,Cd14-hi Neu,-1.382900656,-2.734555766
ACTTTCACAGGCATGA-1_1_1_1_1_1,DC,Cd14-hi Neu,0.801380992,-1.510078684
ACTTTCAGTATGGAAT-1_1_1_1_1_1,DC,Cstdc4+ Neu,-0.495922357,-4.422010467
AGAAATGCACAATGAA-1_1_1_1_1_1,DC,Cd14-hi Neu,-1.710567534,-0.002613947
AGAACAAGTAGATCCT-1_1_1_1_1_1,DC,Csf3r-hi Neu,3.028016388,1.609237864
AGAACCTCAAGGATGC-1_1_1_1_1_1,DC,Mmp8+ Neu,5.199430763,-2.10728626
AGAAGCGGTTGCGAAG-1_1_1_1_1_1,DC,Mmp8+ Neu,2.126859486,0.28694494
AGACAAAGTAACCAGG-1_1_1_1_1_1,DC,Mmp8+ Neu,5.708733856,-3.318263337
AGACACTTCATTTCGT-1_1_1_1_1_1,DC,Cstdc4+ Neu,-0.247822583,-3.984319017
AGACAGGAGAAATGGG-1_1_1_1_1_1,DC,Icam1+ Neu,-4.079290092,3.342717364
AGACCATCAAATGGCG-1_1_1_1_1_1,DC,Csf3r-hi Neu,0.225692153,3.687110617
AGACCATTCACCCTCA-1_1_1_1_1_1,DC,Cd14-hi Neu,-1.80005759,-2.288391158
AGACCATTCTCTGCTG-1_1_1_1_1_1,DC,Cd14-hi Neu,-1.986101687,-2.830636904
AGACCCGAGTGAATAC-1_1_1_1_1_1,DC,Icam1+ Neu,-1.528780759,1.830162242
AGACCCGTCGTGGACC-1_1_1_1_1_1,DC,Cd14-hi Neu,0.575867712,-1.655479059
AGAGAGCGTGATGGCA-1_1_1_1_1_1,DC,Csf3r-hi Neu,1.992357313,2.481070235
AGAGCAGCAGACTGCC-1_1_1_1_1_1,DC,Cd14-hi Neu,0.23410356,-1.650566325
AGAGCAGCAGCCTTCT-1_1_1_1_1_1,DC,Icam1+ Neu,-4.463760078,-0.329881236
AGAGCAGGTAGCGTAG-1_1_1_1_1_1,DC,Mmp8+ Neu,2.893624365,-1.439855323
AGAGCAGGTGACATCT-1_1_1_1_1_1,DC,Csf3r-hi Neu,2.263545811,3.007469847
AGAGCAGTCACTCACC-1_1_1_1_1_1,DC,Isg15+ Neu,-0.224694346,0.419988826
AGAGCCCAGTCCGTCG-1_1_1_1_1_1,DC,Csf3r-hi Neu,0.001499176,2.56232734
AGATAGATCCCAACTC-1_1_1_1_1_1,DC,Icam1+ Neu,-5.770421684,0.029976919
AGATAGATCGATTCCC-1_1_1_1_1_1,DC,Mmp8+ Neu,3.170790731,-0.194218263
AGATAGATCTCTTAAC-1_1_1_1_1_1,DC,Icam1+ Neu,-4.54460162,1.926491692
AGATCGTCAAATACGA-1_1_1_1_1_1,DC,Csf3r-hi Neu,0.282607168,1.469328835
AGATGAACAAAGGAGA-1_1_1_1_1_1,DC,Cd14-hi Neu,-2.525297583,-2.041596994
AGATGAAGTCGCATCG-1_1_1_1_1_1,DC,Mmp8+ Neu,5.06559211,-1.425186798
AGATGAAGTTAACAGA-1_1_1_1_1_1,DC,Cstdc4+ Neu,0.495459973,-4.276676223
AGCATCAAGAGTTGTA-1_1_1_1_1_1,DC,Mmp8+ Neu,4.340757191,-1.673332021
AGCCAATGTCCTGGGT-1_1_1_1_1_1,DC,Cd14-hi Neu,-1.499267996,-2.065719888
AGCCAATGTTAAGTCC-1_1_1_1_1_1,DC,Isg15+ Neu,-1.496986211,-0.156591639
AGCCACGAGGAGTACC-1_1_1_1_1_1,DC,Csf3r-hi Neu,3.317356169,1.264637664
AGCCACGTCGTCCATC-1_1_1_1_1_1,DC,Icam1+ Neu,-4.582134426,0.195370748
AGCCAGCCAATCCTAG-1_1_1_1_1_1,DC,Csf3r-hi Neu,0.339501917,3.298265651
AGCGATTGTGCAATGG-1_1_1_1_1_1,DC,Mmp8+ Neu,4.506457626,-1.23853013
AGCGCCAGTGATGGCA-1_1_1_1_1_1,DC,Csf3r-hi Neu,1.613508761,2.743165925
AGCGCTGAGAGCTGCA-1_1_1_1_1_1,DC,Icam1+ Neu,-4.146288574,2.079409077
AGCGCTGAGGCCCACT-1_1_1_1_1_1,DC,Cstdc4+ Neu,-1.634137929,-4.304202125
AGCGCTGCAGTAGGAC-1_1_1_1_1_1,DC,Mmp8+ Neu,4.531451046,-2.866459892
AGCGTATGTGTAAACA-1_1_1_1_1_1,DC,Icam1+ Neu,-4.798569858,-0.03449671
AGCGTATTCTTGATTC-1_1_1_1_1_1,DC,Icam1+ Neu,-1.723403633,3.701041892
AGCTACACAAGATCCT-1_1_1_1_1_1,DC,Cstdc4+ Neu,1.509590447,3.501100734
AGCTACACATGACTGT-1_1_1_1_1_1,DC,Icam1+ Neu,-1.341080368,2.736798957
AGCTCAAAGAAGTCTA-1_1_1_1_1_1,DC,Cstdc4+ Neu,-0.663181782,-4.654503391
AGCTCAAGTCCCGTGA-1_1_1_1_1_1,DC,Mmp8+ Neu,2.210476696,0.195675924
AGCTTCCCAAGTACCT-1_1_1_1_1_1,DC,Mmp8+ Neu,5.326057255,-2.88729088
AGGAAATTCTATACGG-1_1_1_1_1_1,DC,Icam1+ Neu,-2.178316176,1.73493953
AGGAATAAGGTTCAGG-1_1_1_1_1_1,DC,Mmp8+ Neu,4.279686749,-3.260840223
AGGAATAAGTGGTCAG-1_1_1_1_1_1,DC,Cd14-hi Neu,1.832787335,-1.689021871
AGGACTTAGGCCGCTT-1_1_1_1_1_1,DC,Icam1+ Neu,-4.670447529,-0.132463798
AGGACTTCAACTCCCT-1_1_1_1_1_1,DC,Icam1+ Neu,-1.942074836,1.797353699
AGGAGGTCACCTCTAC-1_1_1_1_1_1,DC,Icam1+ Neu,-3.840589464,-3.181124017
AGGAGGTCATGTGACT-1_1_1_1_1_1,DC,Mmp8+ Neu,6.865219414,-2.720479772
AGGATAACAAGCGCAA-1_1_1_1_1_1,DC,Cd14-hi Neu,1.253414452,-1.859281704
AGGATAACACAACCGC-1_1_1_1_1_1,DC,Mmp8+ Neu,2.604876816,-0.302263186
AGGCATTTCAACCTCC-1_1_1_1_1_1,DC,Icam1+ Neu,-4.506857098,3.548331454
AGGCATTTCTACTTCA-1_1_1_1_1_1,DC,Cstdc4+ Neu,-1.230724633,-4.669571206
AGGCCACAGCTTTGTG-1_1_1_1_1_1,DC,Cstdc4+ Neu,1.2562204,-4.262828395
AGGCCACCACCCTGAG-1_1_1_1_1_1,DC,Mmp8+ Neu,5.28316766,-3.682290361
AGGCCACTCGATTGGT-1_1_1_1_1_1,DC,Mmp8+ Neu,2.49522382,-0.898163826
AGGGAGTCAGGGAGAG-1_1_1_1_1_1,DC,Mmp8+ Neu,2.71470648,-2.138627097
AGGGAGTCATGACTTG-1_1_1_1_1_1,DC,Icam1+ Neu,-3.630241812,-2.061765001
AGGGAGTTCCTCCACA-1_1_1_1_1_1,DC,Csf3r-hi Neu,-0.855677307,3.026677325
AGGGCCTCATACTTTC-1_1_1_1_1_1,DC,Csf3r-hi Neu,1.910921871,1.1501071
AGGGCCTGTGCAGATG-1_1_1_1_1_1,DC,Icam1+ Neu,-4.340313137,-0.618023888
AGGGCTCTCCAAAGGG-1_1_1_1_1_1,DC,Mmp8+ Neu,1.405285418,0.58551462
AGGGTCCGTCTTCCGT-1_1_1_1_1_1,DC,Mmp8+ Neu,3.897470772,-1.381637499
AGGGTCCGTGACTCTA-1_1_1_1_1_1,DC,Cd14-hi Neu,-1.876393617,-1.272380427
AGGGTGACAGTGCCTG-1_1_1_1_1_1,DC,Mmp8+ Neu,4.993776619,-1.672586665
AGGGTGATCATGGTAC-1_1_1_1_1_1,DC,Icam1+ Neu,-4.424408615,-0.378063366
AGGGTTTAGCTCGGCT-1_1_1_1_1_1,DC,Csf3r-hi Neu,1.657342493,1.728452161
AGGGTTTGTACTTGTG-1_1_1_1_1_1,DC,Cstdc4+ Neu,-1.668591202,-4.264770076
AGGTCATTCCTATTGT-1_1_1_1_1_1,DC,Mmp8+ Neu,5.807701408,-1.222525999
AGGTGTTAGAGTCTGG-1_1_1_1_1_1,DC,Cd14-hi Neu,-2.295379579,-0.803776548
AGGTGTTCATTCGGGC-1_1_1_1_1_1,DC,Icam1+ Neu,-2.952388227,-2.013525233
AGGTGTTGTGATAGAT-1_1_1_1_1_1,DC,Cstdc4+ Neu,-2.81276244,-3.483542964
AGGTTACGTAGGTCAG-1_1_1_1_1_1,DC,Csf3r-hi Neu,-2.194078863,3.950742438
AGGTTACTCGACGACC-1_1_1_1_1_1,DC,Csf3r-hi Neu,2.550737917,2.29849644
AGGTTGTCAGCTATTG-1_1_1_1_1_1,DC,Csf3r-hi Neu,3.053867161,1.612961724
AGGTTGTGTAGCCAGA-1_1_1_1_1_1,DC,Mmp8+ Neu,3.730466902,-0.651286915
AGGTTGTTCCACTTCG-1_1_1_1_1_1,DC,Csf3r-hi Neu,2.447941362,1.99414964
AGTAACCGTTGCGTAT-1_1_1_1_1_1,DC,Csf3r-hi Neu,2.421306669,1.889932587
AGTACCAGTCGTCAGC-1_1_1_1_1_1,DC,Mmp8+ Neu,3.319119513,-0.932117671
AGTACTGGTGGCCCAT-1_1_1_1_1_1,DC,Icam1+ Neu,-3.973775328,-1.594379053
AGTAGTCGTCCGGCAT-1_1_1_1_1_1,DC,Cd14-hi Neu,-1.795664013,-1.970782504
AGTAGTCTCGTCGACG-1_1_1_1_1_1,DC,Isg15+ Neu,3.027540981,1.240968421
AGTCACAAGACAACAT-1_1_1_1_1_1,DC,Csf3r-hi Neu,2.858685314,1.490131333
AGTCATGCATTAAGCC-1_1_1_1_1_1,DC,Cstdc4+ Neu,-1.722051204,-3.363976762
AGTCATGTCATAGCAC-1_1_1_1_1_1,DC,Csf3r-hi Neu,-0.901181996,3.490725234
AGTCTCCAGTAGACCG-1_1_1_1_1_1,DC,Icam1+ Neu,-5.073235691,3.4745204
AGTCTCCCAAGTTGGG-1_1_1_1_1_1,DC,Csf3r-hi Neu,2.946945488,2.220619395
AGTCTCCGTTGGTAGG-1_1_1_1_1_1,DC,Csf3r-hi Neu,3.35647732,1.923443511
AGTCTCCTCCGTTTCG-1_1_1_1_1_1,DC,Mmp8+ Neu,2.267176926,-0.179107592
AGTGACTGTAGCTAAA-1_1_1_1_1_1,DC,Cd14-hi Neu,-3.302405298,-0.989985384
AGTGATCCATTGGATC-1_1_1_1_1_1,DC,Icam1+ Neu,-2.792752922,1.568163111
AGTGTTGCAAATCGTC-1_1_1_1_1_1,DC,Cd14-hi Neu,-3.575736225,0.740003541
AGTTAGCTCTGTCGCT-1_1_1_1_1_1,DC,Mmp8+ Neu,4.84955579,0.581327513
AGTTCCCCACTGTGAT-1_1_1_1_1_1,DC,Mmp8+ Neu,3.920674145,-3.637645051
AGTTCCCGTGCGCTCA-1_1_1_1_1_1,DC,Mmp8+ Neu,2.513459265,-3.409085319
AGTTCGAAGCGACTTT-1_1_1_1_1_1,DC,Cstdc4+ Neu,-1.419676722,-3.368243024
ATACCGAAGACGGTCA-1_1_1_1_1_1,DC,Mmp8+ Neu,5.496895134,-1.73828201
ATACCTTGTCATCAGT-1_1_1_1_1_1,DC,Icam1+ Neu,-3.364769876,0.437839225
ATACCTTGTGAAAGTT-1_1_1_1_1_1,DC,Cstdc4+ Neu,0.278503447,-4.718829677
ATACTTCGTAGTTACC-1_1_1_1_1_1,DC,Icam1+ Neu,-1.711433113,0.984053567
ATACTTCTCGTTACCC-1_1_1_1_1_1,DC,Csf3r-hi Neu,3.58151704,2.49607177
ATAGACCAGTCACGAG-1_1_1_1_1_1,DC,Icam1+ Neu,-3.840036571,3.910201743
ATAGAGAGTACGGGAT-1_1_1_1_1_1,DC,Csf3r-hi Neu,3.62167269,1.573997453
ATAGGCTTCGACTCCT-1_1_1_1_1_1,DC,Cstdc4+ Neu,0.432697117,-4.635666177
ATAGGCTTCTGAGCAT-1_1_1_1_1_1,DC,Csf3r-hi Neu,1.436424076,2.663944199
ATATCCTAGGTCCCTG-1_1_1_1_1_1,DC,Csf3r-hi Neu,1.520022332,0.843969419
ATATCCTGTGGTTTAC-1_1_1_1_1_1,DC,Icam1+ Neu,-3.615086973,-3.198835656
ATCACAGAGTACTGTC-1_1_1_1_1_1,DC,Icam1+ Neu,-4.123595655,-0.914845333
ATCACAGTCCAGCCTT-1_1_1_1_1_1,DC,Cd14-hi Neu,0.296278297,-0.897613973
ATCACTTAGTAGACAT-1_1_1_1_1_1,DC,Csf3r-hi Neu,1.381544768,1.112256482
ATCAGGTGTAGTGATA-1_1_1_1_1_1,DC,Csf3r-hi Neu,0.436095655,2.759201243
ATCCACCGTACCAATC-1_1_1_1_1_1,DC,Icam1+ Neu,-4.033002794,0.907441452
ATCCACCTCTCTAGGA-1_1_1_1_1_1,DC,Isg15+ Neu,1.993883669,1.482776597
ATCCATTAGGAGAGTA-1_1_1_1_1_1,DC,Cstdc4+ Neu,0.825309336,-3.146232888
ATCCATTGTAGGATAT-1_1_1_1_1_1,DC,Icam1+ Neu,-2.180818737,1.476358607
ATCCCTGCACAACGAG-1_1_1_1_1_1,DC,Isg15+ Neu,-1.067667842,0.328455165
ATCCCTGCACACTGGC-1_1_1_1_1_1,DC,Cd14-hi Neu,-3.584624231,-3.40019612
ATCCCTGTCACACGAT-1_1_1_1_1_1,DC,Icam1+ Neu,-3.761236608,-1.353722528
ATCCTATAGCAACAAT-1_1_1_1_1_1,DC,Cstdc4+ Neu,-0.503792465,-3.768163011
ATCCTATAGTGCCGAA-1_1_1_1_1_1,DC,Cd14-hi Neu,-1.95126015,-2.576441095
ATCGATGTCGTACCTC-1_1_1_1_1_1,DC,Mmp8+ Neu,4.600714027,-2.719434187
ATCGTAGAGTTACGAA-1_1_1_1_1_1,DC,Cd14-hi Neu,-1.917433799,-0.734619424
ATCGTAGCAATTCGTG-1_1_1_1_1_1,DC,Csf3r-hi Neu,2.17068845,2.854267075
ATCGTCCAGACCATTC-1_1_1_1_1_1,DC,Csf3r-hi Neu,3.636129915,1.645449355
ATCGTCCCAAGTTGGG-1_1_1_1_1_1,DC,Mmp8+ Neu,2.039043247,-1.266048313
ATCTCTAGTAAGGCTG-1_1_1_1_1_1,DC,Mmp8+ Neu,6.344942867,-1.695154474
ATCTCTATCCCGTGAG-1_1_1_1_1_1,DC,Csf3r-hi Neu,3.171312391,0.59902139
ATCTCTATCGTGGAAG-1_1_1_1_1_1,DC,Icam1+ Neu,-4.619300545,-1.858111844
ATGAAAGTCCCGTGTT-1_1_1_1_1_1,DC,Mmp8+ Neu,5.844920933,-0.727441505
ATGAGGGTCTGGTGCG-1_1_1_1_1_1,DC,Cstdc4+ Neu,1.27410537,-2.929964707
ATGCATGCAACCCTCT-1_1_1_1_1_1,DC,Cd14-hi Neu,0.438424587,-1.613229916
ATGCATGTCAAGAATG-1_1_1_1_1_1,DC,Icam1+ Neu,-3.149787128,2.027709201
ATGCCTCCAATGTCTG-1_1_1_1_1_1,DC,Cd14-hi Neu,2.596571266,-0.209957883
ATGCCTCTCCGTGCGA-1_1_1_1_1_1,DC,Cstdc4+ Neu,-3.803667486,-1.049604737
ATGCGATAGTCTACCA-1_1_1_1_1_1,DC,Cd14-hi Neu,-2.726422728,-0.574411705
ATGCGATGTGTTCAGT-1_1_1_1_1_1,DC,Icam1+ Neu,-4.376045406,-2.440756604
ATGGAGGAGCGCTGAA-1_1_1_1_1_1,DC,Mmp8+ Neu,4.678988277,-2.161144659
ATGGATCAGAGAAGGT-1_1_1_1_1_1,DC,Cd14-hi Neu,0.181898534,-1.692349598
ATGGATCAGTTACGGG-1_1_1_1_1_1,DC,Cd14-hi Neu,-2.221617639,-0.528955445
ATGGATCCACTGAGGA-1_1_1_1_1_1,DC,Icam1+ Neu,-5.686395824,-0.065299556
ATGGATCCAGTATGAA-1_1_1_1_1_1,DC,Csf3r-hi Neu,-0.201825314,1.227892115
ATGGGTTGTCGAGTGA-1_1_1_1_1_1,DC,Cd14-hi Neu,-1.991312564,-2.583582566
ATGTCCCGTGACCGTC-1_1_1_1_1_1,DC,Icam1+ Neu,-1.767766893,3.676539138
ATTACCTGTGACCTGC-1_1_1_1_1_1,DC,Cd14-hi Neu,-1.668572605,-1.163610883
ATTACTCTCATGGCCG-1_1_1_1_1_1,DC,Cstdc4+ Neu,0.995606005,-4.450589702
ATTATCCGTATCGAAA-1_1_1_1_1_1,DC,Cstdc4+ Neu,-1.118167758,-4.261477039
ATTCACTCAAGCTCTA-1_1_1_1_1_1,DC,Mmp8+ Neu,4.358518421,-2.340951488
ATTCACTGTGGGTCAA-1_1_1_1_1_1,DC,Icam1+ Neu,-2.711466968,1.839669659
ATTCAGGCAATAGTAG-1_1_1_1_1_1,DC,Mmp8+ Neu,4.689177334,-1.339600161
ATTCAGGCAGTGACCC-1_1_1_1_1_1,DC,Mmp8+ Neu,4.38915807,-1.553753034
ATTCCATGTCGCACGT-1_1_1_1_1_1,DC,Icam1+ Neu,-2.456835449,2.401362851
ATTCCTATCCATCCGT-1_1_1_1_1_1,DC,Icam1+ Neu,-4.105649174,2.810505584
ATTCGTTTCCCACAGG-1_1_1_1_1_1,DC,Icam1+ Neu,-3.429716051,1.843441441
ATTCTACTCGATGGAG-1_1_1_1_1_1,DC,Csf3r-hi Neu,1.847979128,1.896477177
ATTCTTGCATAAGATG-1_1_1_1_1_1,DC,Icam1+ Neu,-3.801206291,3.714272216
ATTCTTGGTACCCGCA-1_1_1_1_1_1,DC,Mmp8+ Neu,3.341973364,-0.241247222
ATTCTTGTCGTGCGAC-1_1_1_1_1_1,DC,Icam1+ Neu,-4.287474335,-2.16693525
ATTGGGTGTGGCTAGA-1_1_1_1_1_1,DC,Icam1+ Neu,-2.375060976,1.067963078
ATTTACCGTCGAAGCA-1_1_1_1_1_1,DC,Icam1+ Neu,-4.739688576,-1.668467746
ATTTCACCAATGTCTG-1_1_1_1_1_1,DC,Csf3r-hi Neu,-0.432382286,1.679786876
ATTTCACCACTTCAAG-1_1_1_1_1_1,DC,Icam1+ Neu,-3.826075256,2.554731086
ATTTCACGTCCAACGC-1_1_1_1_1_1,DC,Csf3r-hi Neu,1.944114029,3.32641001
ATTTCACTCAGATGCT-1_1_1_1_1_1,DC,Icam1+ Neu,-3.534748972,2.088443234
ATTTCACTCCGAGTGC-1_1_1_1_1_1,DC,Cd14-hi Neu,-1.270148695,-2.573980972
ATTTCACTCGCTTACC-1_1_1_1_1_1,DC,Csf3r-hi Neu,-1.099164725,3.043459132
ATTTCTGCAACTGTGT-1_1_1_1_1_1,DC,Mmp8+ Neu,3.285502016,0.614798739
ATTTCTGCAGCGGATA-1_1_1_1_1_1,DC,Icam1+ Neu,-3.866365374,-1.461383
CAAAGAAAGTACTCGT-1_1_1_1_1_1,DC,Csf3r-hi Neu,3.382532179,2.283014729
CAAAGAAGTTATGGTC-1_1_1_1_1_1,DC,Icam1+ Neu,-2.262530029,0.288442805
CAAAGAATCTGTCCGT-1_1_1_1_1_1,DC,Cstdc4+ Neu,-1.938334525,-3.628801152
CAACAACTCGCAGATT-1_1_1_1_1_1,DC,Icam1+ Neu,-4.252144039,-2.058097944
CAACCTCCAGCGTAGA-1_1_1_1_1_1,DC,Mmp8+ Neu,5.178618252,-0.584360108
CAACCTCTCATTTGTC-1_1_1_1_1_1,DC,Cd14-hi Neu,-3.209914387,-0.575479284
CAACCTCTCGATTCCC-1_1_1_1_1_1,DC,Csf3r-hi Neu,-0.684966147,3.696884826
CAACGGCAGGAGTATT-1_1_1_1_1_1,DC,Mmp8+ Neu,2.730091154,-0.482457683
CAACGGCCACAAATAG-1_1_1_1_1_1,DC,Icam1+ Neu,-4.274977863,0.711558655
CAACGGCGTTCTCACC-1_1_1_1_1_1,DC,Csf3r-hi Neu,-0.283506774,2.220232203
CAAGACTCAGAAGTGC-1_1_1_1_1_1,DC,Cd14-hi Neu,-2.192557991,-1.684311673
CAAGAGGAGTCTACCA-1_1_1_1_1_1,DC,Icam1+ Neu,-4.2917673,1.464916899
CAAGCTAGTCATAACC-1_1_1_1_1_1,DC,Icam1+ Neu,-3.382723034,4.391895964
CAAGGGAGTTCTTGCC-1_1_1_1_1_1,DC,Mmp8+ Neu,3.165033876,0.573934391
CAATACGAGAGAGCAA-1_1_1_1_1_1,DC,Cstdc4+ Neu,0.218900591,-4.412642286
CAATACGTCTTCTAAC-1_1_1_1_1_1,DC,Icam1+ Neu,-4.153805435,-2.557824776
CAATGACCATCAGCGC-1_1_1_1_1_1,DC,Csf3r-hi Neu,-0.576368362,4.198020175
CAATGACGTATAATGG-1_1_1_1_1_1,DC,Csf3r-hi Neu,0.896712124,1.692758515
CAATGACGTCCCTAAA-1_1_1_1_1_1,DC,Csf3r-hi Neu,1.26433283,3.474150851
CAATTTCGTATGCGGA-1_1_1_1_1_1,DC,Icam1+ Neu,-4.27569598,-1.170149282
CACAACAGTAGCGCCT-1_1_1_1_1_1,DC,Csf3r-hi Neu,1.418976724,2.589623883
CACAACAGTTGGAGAC-1_1_1_1_1_1,DC,Icam1+ Neu,-5.061370552,-1.131021224
CACAGATCACTCCCTA-1_1_1_1_1_1,DC,Mmp8+ Neu,5.314083874,-1.317742154
CACATGAGTAGCGAGT-1_1_1_1_1_1,DC,Csf3r-hi Neu,1.473797261,2.418574288
CACATGATCCCAGGAC-1_1_1_1_1_1,DC,Icam1+ Neu,-5.165466965,3.41611357
CACATGATCCGTGGGT-1_1_1_1_1_1,DC,Icam1+ Neu,-1.68460089,2.800811246
CACCGTTAGGTTAAAC-1_1_1_1_1_1,DC,Mmp8+ Neu,4.516025364,-0.893677354
CACGAATAGATTGCGG-1_1_1_1_1_1,DC,Mmp8+ Neu,1.907738506,-1.161590703
CACGAATGTAGCTAAA-1_1_1_1_1_1,DC,Icam1+ Neu,-2.955707252,1.817604497
CACGAATGTCGTTATG-1_1_1_1_1_1,DC,Icam1+ Neu,-3.564226568,-2.894619987
CACGAATTCATCGACA-1_1_1_1_1_1,DC,Cstdc4+ Neu,0.574753999,-3.489681527
CACGAATTCGTTCTAT-1_1_1_1_1_1,DC,Mmp8+ Neu,2.621167481,0.223311737
CACGAATTCTCCGAGG-1_1_1_1_1_1,DC,Csf3r-hi Neu,-0.508436293,2.150393441
CACGGGTAGATCGCTT-1_1_1_1_1_1,DC,Csf3r-hi Neu,0.150405377,1.7050087
CACGGGTGTAGTGATA-1_1_1_1_1_1,DC,Csf3r-hi Neu,2.03705126,2.468290522
CACGGGTTCCCGTGAG-1_1_1_1_1_1,DC,Icam1+ Neu,-2.29558009,0.992138102
CACTGAACACGTAGAG-1_1_1_1_1_1,DC,Mmp8+ Neu,5.572341263,-0.596925363
CACTGGGAGGAACGCT-1_1_1_1_1_1,DC,Cstdc4+ Neu,-1.668487966,-3.609344051
CACTGGGGTAAGGCCA-1_1_1_1_1_1,DC,Mmp8+ Neu,2.603132069,-0.475565657
CACTGGGTCGACGTCG-1_1_1_1_1_1,DC,Icam1+ Neu,-2.850794971,-2.239228532
CACTGTCTCCGTGGCA-1_1_1_1_1_1,DC,Icam1+ Neu,-3.936308563,-3.001673028
CACTTCGTCCACACCT-1_1_1_1_1_1,DC,Mmp8+ Neu,2.3111611,-0.83195749
CAGAGCCCATCAGCTA-1_1_1_1_1_1,DC,Csf3r-hi Neu,-0.978258551,3.486849501
CAGATACAGCACTTTG-1_1_1_1_1_1,DC,Mmp8+ Neu,2.287215054,0.241139486
CAGATCACAGAATGTA-1_1_1_1_1_1,DC,Isg15+ Neu,-0.860201478,0.398374393
CAGATTGGTAACTGCT-1_1_1_1_1_1,DC,Isg15+ Neu,1.672895491,0.784672931
CAGCACGTCCAGTTCC-1_1_1_1_1_1,DC,Mmp8+ Neu,6.994565308,-3.249807164
CAGCAGCCAAAGGTTA-1_1_1_1_1_1,DC,Icam1+ Neu,-4.447180927,1.422861531
CAGCAGCGTGGATTTC-1_1_1_1_1_1,DC,Csf3r-hi Neu,1.230801522,1.90482755
CAGCCAGAGAAGGGAT-1_1_1_1_1_1,DC,Icam1+ Neu,-4.930216492,-1.798045203
CAGCCAGGTCGTTCAA-1_1_1_1_1_1,DC,Isg15+ Neu,0.715011,-0.216092155
CAGGGCTTCGTGGAAG-1_1_1_1_1_1,DC,Csf3r-hi Neu,-0.373786942,2.507940247
CAGGTATCATTCTGTT-1_1_1_1_1_1,DC,Cstdc4+ Neu,0.339274585,-4.502524659
CAGGTATGTCTTGAGT-1_1_1_1_1_1,DC,Icam1+ Neu,-5.968614281,1.022869065
CAGTGCGAGTATGGCG-1_1_1_1_1_1,DC,Icam1+ Neu,-3.474405706,1.419312432
CAGTTAGAGTTTAGGA-1_1_1_1_1_1,DC,Cstdc4+ Neu,-2.733336151,-3.839612291
CAGTTAGCATGGGAAC-1_1_1_1_1_1,DC,Cd14-hi Neu,0.7386958,-0.653435544
CATAAGCGTACCTTCC-1_1_1_1_1_1,DC,Mmp8+ Neu,4.45838195,0.336398795
CATACAGCATAAGATG-1_1_1_1_1_1,DC,Icam1+ Neu,-4.723015488,-1.06513649
CATACCCGTAAGTCAA-1_1_1_1_1_1,DC,Isg15+ Neu,-1.700357259,-0.809059635
CATACTTTCGTTGTGA-1_1_1_1_1_1,DC,Cd14-hi Neu,-0.203773002,-1.216054857
CATAGACCATGACCCG-1_1_1_1_1_1,DC,Isg15+ Neu,2.53745681,1.151503756
CATAGACTCAAGCCTA-1_1_1_1_1_1,DC,Isg15+ Neu,-0.145970375,-0.021325514
CATAGACTCACCACAA-1_1_1_1_1_1,DC,Cd14-hi Neu,1.019782841,-1.710073755
CATAGACTCGGATAAA-1_1_1_1_1_1,DC,Cd14-hi Neu,-2.177546323,0.353720262
CATAGACTCGTGGACC-1_1_1_1_1_1,DC,Icam1+ Neu,-4.132608831,-2.878981039
CATCCACGTGTTGACT-1_1_1_1_1_1,DC,Csf3r-hi Neu,0.61221373,3.257091716
CATCCCAAGCAGGCTA-1_1_1_1_1_1,DC,Csf3r-hi Neu,0.749877095,3.036000922
CATCCCAAGTCCGCCA-1_1_1_1_1_1,DC,Cstdc4+ Neu,-2.004315436,-3.442973897
CATCCCAGTGTAAACA-1_1_1_1_1_1,DC,Isg15+ Neu,-1.034828008,0.246149495
CATCGCTAGCGCCATC-1_1_1_1_1_1,DC,Isg15+ Neu,0.167865902,0.855007961
CATCGCTAGTTTAGGA-1_1_1_1_1_1,DC,Mmp8+ Neu,3.515102923,-0.05332534
CATCGGGGTATGAGGC-1_1_1_1_1_1,DC,Cd14-hi Neu,-1.984391988,0.567403748
CATCGGGGTGCCGTTG-1_1_1_1_1_1,DC,Csf3r-hi Neu,0.032186642,2.220628693
CATCGGGTCGTGTTCC-1_1_1_1_1_1,DC,Icam1+ Neu,-1.788564265,0.145677641
CATCGGGTCTAGCCAA-1_1_1_1_1_1,DC,Cstdc4+ Neu,0.50076276,-4.591559455
CATCGTCAGAGGGTGG-1_1_1_1_1_1,DC,Mmp8+ Neu,4.748733341,0.323309019
CATGAGTAGCATGCGA-1_1_1_1_1_1,DC,Mmp8+ Neu,2.233851015,0.138377264
CATGAGTGTTCCTTGC-1_1_1_1_1_1,DC,Cd14-hi Neu,1.887883722,-1.84807925
CATGCAACAACCGTGC-1_1_1_1_1_1,DC,Isg15+ Neu,1.029625237,-0.183897481
CATGCAACACGTGTGC-1_1_1_1_1_1,DC,Mmp8+ Neu,3.876338303,-2.487260744
CATGCAACAGCCGTTG-1_1_1_1_1_1,DC,Mmp8+ Neu,3.621461689,0.322624042
CATGCAAGTAGAGCTG-1_1_1_1_1_1,DC,Cd14-hi Neu,-1.699361504,-2.761710093
CATGCAAGTCATATGC-1_1_1_1_1_1,DC,Mmp8+ Neu,3.3087731,-1.864175901
CATGCGGAGGTCATCT-1_1_1_1_1_1,DC,Mmp8+ Neu,4.523944676,-1.370778129
CATGCGGCAATGAGCG-1_1_1_1_1_1,DC,Icam1+ Neu,-3.794023216,1.038778737
CATGCTCCACAGCCAC-1_1_1_1_1_1,DC,Mmp8+ Neu,4.874794781,-0.66741632
CATGGATGTCCGGCAT-1_1_1_1_1_1,DC,Mmp8+ Neu,5.457573235,-1.38199164
CATGGTAGTAGAAACT-1_1_1_1_1_1,DC,Mmp8+ Neu,4.122419178,-1.153237313
CATTCATCAAAGGAGA-1_1_1_1_1_1,DC,Csf3r-hi Neu,-1.489488423,3.193841174
CATTCATTCCAGTACA-1_1_1_1_1_1,DC,Mmp8+ Neu,6.244990646,-1.929118917
CATTCCGGTCTATGAC-1_1_1_1_1_1,DC,Icam1+ Neu,-1.123348415,1.762963488
CATTGAGGTCGCATTA-1_1_1_1_1_1,DC,Mmp8+ Neu,4.427439034,-1.39572464
CATTGAGTCTGAGGTT-1_1_1_1_1_1,DC,Mmp8+ Neu,3.727429449,0.783125475
CATTTCACAACAAGAT-1_1_1_1_1_1,DC,Csf3r-hi Neu,1.734917104,2.152119353
CCAAGCGTCAGACATC-1_1_1_1_1_1,DC,Mmp8+ Neu,6.485578358,-2.426634714
CCAATGATCAAATGAG-1_1_1_1_1_1,DC,Mmp8+ Neu,6.345500767,-2.51151602
CCAATTTCAATCCTAG-1_1_1_1_1_1,DC,Cd14-hi Neu,-2.713953674,-0.428652868
CCAATTTTCACTACGA-1_1_1_1_1_1,DC,Mmp8+ Neu,5.564670384,-3.605423257
CCACAAACAGAAATCA-1_1_1_1_1_1,DC,Icam1+ Neu,-4.894192875,-1.981292054
CCACAAATCGACCATA-1_1_1_1_1_1,DC,Csf3r-hi Neu,0.421278774,3.384041026
CCACAAATCTGACCCT-1_1_1_1_1_1,DC,Mmp8+ Neu,3.446785748,-1.564858452
CCACCATAGCTGAAAT-1_1_1_1_1_1,DC,Isg15+ Neu,-3.558529556,0.28309758
CCACCATCACCATAAC-1_1_1_1_1_1,DC,Mmp8+ Neu,6.13065797,-1.645326481
CCACGTTTCCGATGTA-1_1_1_1_1_1,DC,Mmp8+ Neu,3.494572699,-0.958100275
CCACTTGAGTTTCGGT-1_1_1_1_1_1,DC,Csf3r-hi Neu,-0.857244075,3.114786818
CCATAAGCAACGATTC-1_1_1_1_1_1,DC,Cstdc4+ Neu,-1.395166338,-3.921587989
CCATCACTCATGGATC-1_1_1_1_1_1,DC,Mmp8+ Neu,6.545547306,-2.163522885
CCCAACTGTCCCGCAA-1_1_1_1_1_1,DC,Isg15+ Neu,0.081410199,0.386325791
CCCAACTTCACGATCA-1_1_1_1_1_1,DC,Mmp8+ Neu,4.084634602,-1.460716233
CCCGAAGAGCCGTTAT-1_1_1_1_1_1,DC,Mmp8+ Neu,4.02835685,-3.505234287
CCCGAAGAGGACAACC-1_1_1_1_1_1,DC,Cd14-hi Neu,-1.770214975,-2.202461288
CCCGAAGTCACCGCTT-1_1_1_1_1_1,DC,Csf3r-hi Neu,-0.202964331,1.69649072
CCCGGAAAGGTTGCCC-1_1_1_1_1_1,DC,Mmp8+ Neu,5.837711632,-3.208363101
CCCTCAAGTCGAACAG-1_1_1_1_1_1,DC,Mmp8+ Neu,4.156934082,-1.337734357
CCCTGATCAAAGGCTG-1_1_1_1_1_1,DC,Mmp8+ Neu,4.801226437,-0.895288453
CCCTGATGTGCGAACA-1_1_1_1_1_1,DC,Cd14-hi Neu,-0.046922371,0.033036545
CCGAACGAGGGAACAA-1_1_1_1_1_1,DC,Csf3r-hi Neu,1.287359893,2.249550536
CCGAACGGTTTCGGCG-1_1_1_1_1_1,DC,Mmp8+ Neu,2.873637497,0.563238457
CCGATCTAGACGAAGA-1_1_1_1_1_1,DC,Isg15+ Neu,0.404948115,0.734487489
CCGATGGCACTCTAGA-1_1_1_1_1_1,DC,Cd14-hi Neu,1.756102144,-1.201386363
CCGATGGTCAATCTCT-1_1_1_1_1_1,DC,Cstdc4+ Neu,1.109624087,-3.340972469
CCGATGGTCATGAGTC-1_1_1_1_1_1,DC,Mmp8+ Neu,5.178608238,0.534455612
CCGCAAGCAAACGTGG-1_1_1_1_1_1,DC,Cd14-hi Neu,-1.215588987,-1.202765063
CCGCAAGTCCGGACTG-1_1_1_1_1_1,DC,Icam1+ Neu,-4.436151207,-1.039905694
CCGGACACAAAGCACG-1_1_1_1_1_1,DC,Csf3r-hi Neu,3.359463751,1.98610492
CCGGACACACCGGAAA-1_1_1_1_1_1,DC,Isg15+ Neu,1.345672428,0.409146383
CCGGACATCTGAGGCC-1_1_1_1_1_1,DC,Mmp8+ Neu,4.312548458,-2.382813737
CCGGGTAAGCCGGAAT-1_1_1_1_1_1,DC,Cd14-hi Neu,0.401098191,-1.337661907
CCGGTGAAGGCAATGC-1_1_1_1_1_1,DC,Mmp8+ Neu,4.311045467,-2.308405921
CCGGTGAGTAACATCC-1_1_1_1_1_1,DC,Mmp8+ Neu,4.105007469,-3.068868444
CCGGTGATCTTACGTT-1_1_1_1_1_1,DC,Cstdc4+ Neu,-0.896449566,-4.523886487
CCGTAGGCATTGAGCT-1_1_1_1_1_1,DC,Icam1+ Neu,-3.738389671,0.360846713
CCGTGAGAGGTACAGC-1_1_1_1_1_1,DC,Mmp8+ Neu,3.342009127,-3.229481265
CCGTGAGCAGTACTAC-1_1_1_1_1_1,DC,Icam1+ Neu,-4.136154116,4.923417762
CCGTGAGGTGTGTTTG-1_1_1_1_1_1,DC,Cstdc4+ Neu,-0.230603029,-3.973224446
CCGTGAGGTTGGACCC-1_1_1_1_1_1,DC,Icam1+ Neu,-2.451654137,2.43496795
CCGTGAGTCACGATAC-1_1_1_1_1_1,DC,Cd14-hi Neu,-1.915400088,-2.250551746
CCGTTCAAGTCCCAGC-1_1_1_1_1_1,DC,Icam1+ Neu,-1.814212263,2.172854617
CCTAAGATCACCTCTG-1_1_1_1_1_1,DC,Icam1+ Neu,-4.229531944,-2.663113639
CCTAAGATCTCTGCCA-1_1_1_1_1_1,DC,Cstdc4+ Neu,0.30890584,-3.528631017
CCTATCGCAACACGTT-1_1_1_1_1_1,DC,Cd14-hi Neu,0.949999868,0.438880399
CCTATCGGTCATAAAG-1_1_1_1_1_1,DC,Icam1+ Neu,-1.34026748,2.891724065
CCTCAACAGAGTCTTC-1_1_1_1_1_1,DC,Cd14-hi Neu,-1.67944485,-1.61764507
CCTCAACTCCATTGGA-1_1_1_1_1_1,DC,Mmp8+ Neu,3.681439697,-1.589708731
CCTCAACTCCTGGCTT-1_1_1_1_1_1,DC,Icam1+ Neu,-5.015013874,2.061709836
CCTCAGTCAAGCTGTT-1_1_1_1_1_1,DC,Csf3r-hi Neu,0.85922867,2.877844527
CCTCATGAGCCTCACG-1_1_1_1_1_1,DC,Mmp8+ Neu,4.931382954,-0.392748699
CCTCATGTCACGGAGA-1_1_1_1_1_1,DC,Mmp8+ Neu,1.887957632,0.010742619
CCTCCAAAGTGTTGAA-1_1_1_1_1_1,DC,Cd14-hi Neu,-2.065818131,-2.139992878
CCTCTCCCATTCTTCA-1_1_1_1_1_1,DC,Csf3r-hi Neu,-0.62746659,2.185446456
CCTGCATCAAAGACTA-1_1_1_1_1_1,DC,Cd14-hi Neu,-2.125870526,-0.604433284
CCTGTTGTCTTCTGTA-1_1_1_1_1_1,DC,Csf3r-hi Neu,1.254155099,3.185665324
CCTTCAGGTACCGTCG-1_1_1_1_1_1,DC,Csf3r-hi Neu,0.838319361,3.549279883
CCTTGTGAGATGAATC-1_1_1_1_1_1,DC,Cd14-hi Neu,0.864297926,-1.682483182
CCTTGTGCAGCGTTGC-1_1_1_1_1_1,DC,Cd14-hi Neu,2.382983982,-1.0948682
CCTTGTGGTCCAAGAG-1_1_1_1_1_1,DC,Icam1+ Neu,-4.863417328,-0.990122512
CCTTGTGTCTCATTTG-1_1_1_1_1_1,DC,Mmp8+ Neu,3.388954699,-1.284221128
CCTTTGGAGAGTAACT-1_1_1_1_1_1,DC,Cd14-hi Neu,0.052177414,-1.014533885
CCTTTGGAGCTCAGAG-1_1_1_1_1_1,DC,Isg15+ Neu,0.184018284,0.838750913
CCTTTGGCAGGGCTTC-1_1_1_1_1_1,DC,Mmp8+ Neu,2.507863819,-1.319523275
CGAAGGACAGGGATAC-1_1_1_1_1_1,DC,Cd14-hi Neu,-1.510683954,0.904869631
CGAAGTTAGAGTTGTA-1_1_1_1_1_1,DC,Cstdc4+ Neu,1.01530534,-4.121176049
CGAAGTTAGCAACTCT-1_1_1_1_1_1,DC,Csf3r-hi Neu,-0.236168489,3.879920676
CGAAGTTAGTTCCGTA-1_1_1_1_1_1,DC,Cd14-hi Neu,1.188749373,-2.056267962
CGAATTGCAAGTTTGC-1_1_1_1_1_1,DC,Isg15+ Neu,-0.177933097,0.231236413
CGAATTGTCCATCTCG-1_1_1_1_1_1,DC,Isg15+ Neu,-1.801843942,0.384625509
CGAGGAAGTCGCTTAA-1_1_1_1_1_1,DC,Cstdc4+ Neu,-2.404379309,-3.977858112
CGAGGAATCGTTAGAC-1_1_1_1_1_1,DC,Icam1+ Neu,-3.536883533,-1.47966756
CGAGGCTAGGAGAGGC-1_1_1_1_1_1,DC,Mmp8+ Neu,3.397361815,-3.555262611
CGAGGCTAGGAGGTTC-1_1_1_1_1_1,DC,Mmp8+ Neu,1.748200714,0.662813022
CGAGTTAAGGAAGAAC-1_1_1_1_1_1,DC,Icam1+ Neu,-2.759576738,-0.222069547
CGATCGGCATGACGAG-1_1_1_1_1_1,DC,Mmp8+ Neu,4.155757725,-0.811039135
CGATGGCTCTAAACGC-1_1_1_1_1_1,DC,Icam1+ Neu,-4.130197943,-1.036296342
CGCAGGTAGACCATTC-1_1_1_1_1_1,DC,Cd14-hi Neu,1.037583291,-0.590359375
CGCAGGTTCCGACAGC-1_1_1_1_1_1,DC,Icam1+ Neu,-3.680974663,0.599907592
CGCATAAAGACATATG-1_1_1_1_1_1,DC,Csf3r-hi Neu,-1.116076291,1.314738467
CGCATAATCCCAGTGG-1_1_1_1_1_1,DC,Cd14-hi Neu,1.199038803,-0.968096912
CGCATGGCATGTCTAG-1_1_1_1_1_1,DC,Mmp8+ Neu,5.239392101,-2.978154943
CGCCAGAGTAACGTTC-1_1_1_1_1_1,DC,Isg15+ Neu,0.24410212,0.824225858
CGCCAGAGTAGTCACT-1_1_1_1_1_1,DC,Isg15+ Neu,-0.643401981,0.200340345
CGCCAGAGTTACCTTT-1_1_1_1_1_1,DC,Mmp8+ Neu,2.742360889,-0.926291526
CGCCAGAGTTACGTAC-1_1_1_1_1_1,DC,Csf3r-hi Neu,1.000557363,2.097297623
CGCCAGATCCCATTTA-1_1_1_1_1_1,DC,Icam1+ Neu,-3.157220066,2.535620168
CGCCATTAGGTGAGAA-1_1_1_1_1_1,DC,Cd14-hi Neu,-1.376740396,-0.441211686
CGCCATTCAGAGTGAC-1_1_1_1_1_1,DC,Cd14-hi Neu,-0.92503357,-1.015177094
CGCGTGAAGCGGCTCT-1_1_1_1_1_1,DC,Csf3r-hi Neu,-0.951153815,2.566365674
CGCGTGATCCGGCTTT-1_1_1_1_1_1,DC,Icam1+ Neu,-1.875943602,1.885906174
CGGAACCCACTTCTCG-1_1_1_1_1_1,DC,Mmp8+ Neu,4.883262455,-2.389790342
CGGAACCCAGTCAGTT-1_1_1_1_1_1,DC,Isg15+ Neu,2.585205137,1.279734328
CGGAACCTCACAATGC-1_1_1_1_1_1,DC,Icam1+ Neu,-2.299527586,0.582901075
CGGAATTCACCAGCGT-1_1_1_1_1_1,DC,Csf3r-hi Neu,1.568736732,1.781863406
CGGACACAGCCTTTCC-1_1_1_1_1_1,DC,Csf3r-hi Neu,-1.386259258,4.447068408
CGGACACTCAGCAGAG-1_1_1_1_1_1,DC,Cd14-hi Neu,-0.972985328,-1.173265048
CGGCAGTAGCATTTCG-1_1_1_1_1_1,DC,Icam1+ Neu,-3.958363951,2.784780934
CGGCAGTAGCCTGTCG-1_1_1_1_1_1,DC,Cd14-hi Neu,-1.25597173,-1.597187504
CGGCAGTAGTCTTCCC-1_1_1_1_1_1,DC,Isg15+ Neu,0.876599729,0.359212234
CGGCAGTCACTGTGAT-1_1_1_1_1_1,DC,Mmp8+ Neu,2.477345764,0.217501357
CGGGCATTCTTTGGAG-1_1_1_1_1_1,DC,Icam1+ Neu,-5.546008766,2.430330947
CGGTCAGTCTGCACCT-1_1_1_1_1_1,DC,Mmp8+ Neu,4.205687344,-2.201666043
CGTAAGTTCTATACGG-1_1_1_1_1_1,DC,Mmp8+ Neu,5.823042214,-2.411077068
CGTAATGTCACGAGGA-1_1_1_1_1_1,DC,Mmp8+ Neu,4.469771683,-0.204989836
CGTAATGTCTGGACTA-1_1_1_1_1_1,DC,Csf3r-hi Neu,-0.353835881,3.401929572
CGTAGTAAGTTGGCTT-1_1_1_1_1_1,DC,Mmp8+ Neu,7.517677605,-4.261883065
CGTCAAACAGGACGAT-1_1_1_1_1_1,DC,Cstdc4+ Neu,-1.622757733,-4.540125892
CGTGAATCAGATTTCG-1_1_1_1_1_1,DC,Cd14-hi Neu,-1.557846606,-1.755602822
CGTGATACAAGACCTT-1_1_1_1_1_1,DC,Mmp8+ Neu,2.750034153,-0.49065809
CGTGATACACAGAGCA-1_1_1_1_1_1,DC,Cd14-hi Neu,0.662646591,-1.247656405
CGTGATACAGGGTTGA-1_1_1_1_1_1,DC,Cd14-hi Neu,1.349882066,-2.187067435
CGTGATAGTTTGATCG-1_1_1_1_1_1,DC,Mmp8+ Neu,4.531429588,0.674804523
CGTGCTTCAATCCTTT-1_1_1_1_1_1,DC,Icam1+ Neu,-5.239320457,-1.145720102
CGTGCTTGTGCGCTCA-1_1_1_1_1_1,DC,Icam1+ Neu,-3.562304438,-1.752894864
CGTTAGAGTCAGTCCG-1_1_1_1_1_1,DC,Mmp8+ Neu,5.594386875,-1.663792238
CGTTAGATCGCATTGA-1_1_1_1_1_1,DC,Icam1+ Neu,-2.344502867,2.875570729
CGTTGGGCATGGCCCA-1_1_1_1_1_1,DC,Icam1+ Neu,-1.004189611,3.046337321
CGTTGGGTCGTTCAGA-1_1_1_1_1_1,DC,Icam1+ Neu,-5.555672825,2.52615185
CTAACCCCAGGCGATA-1_1_1_1_1_1,DC,Cd14-hi Neu,0.975623428,-1.343891248
CTAACTTCAAATGAAC-1_1_1_1_1_1,DC,Isg15+ Neu,-0.61362952,0.198493197
CTAACTTCAACCGATT-1_1_1_1_1_1,DC,Icam1+ Neu,-2.437368095,1.002156451
CTAACTTCAATTGCCA-1_1_1_1_1_1,DC,Icam1+ Neu,-1.673094333,1.715990737
CTAAGTGAGTGTTCCA-1_1_1_1_1_1,DC,Mmp8+ Neu,4.548775017,-1.086012258
CTAAGTGCACGACCTG-1_1_1_1_1_1,DC,Mmp8+ Neu,4.877427876,0.017515137
CTAAGTGTCGGTAGAG-1_1_1_1_1_1,DC,Mmp8+ Neu,4.61054784,-1.165125124
CTACAGACACTGGACC-1_1_1_1_1_1,DC,Icam1+ Neu,-2.927963674,2.432475283
CTACAGACAGGTGGAT-1_1_1_1_1_1,DC,Csf3r-hi Neu,-1.738235176,2.30179806
CTACATTGTCTCGGGT-1_1_1_1_1_1,DC,Mmp8+ Neu,4.571544468,-2.813048885
CTACCCATCCGATAGT-1_1_1_1_1_1,DC,Cd14-hi Neu,-1.591543138,-2.146416113
CTACCTGAGCTGAAGC-1_1_1_1_1_1,DC,Mmp8+ Neu,3.144399464,-0.232951388
CTACTATGTATAATGG-1_1_1_1_1_1,DC,Icam1+ Neu,-2.553611219,0.851936653
CTACTATTCTCAGAAC-1_1_1_1_1_1,DC,Mmp8+ Neu,1.382117569,1.199108317
CTAGACAAGCGACCCT-1_1_1_1_1_1,DC,Mmp8+ Neu,4.952396214,-0.800527588
CTAGACATCCGCACTT-1_1_1_1_1_1,DC,Isg15+ Neu,-0.205548183,-0.254333303
CTATCCGAGTCTTCCC-1_1_1_1_1_1,DC,Icam1+ Neu,-3.982444942,3.941856101
CTATCCGCATCAGCAT-1_1_1_1_1_1,DC,Mmp8+ Neu,4.256716072,0.481909349
CTATCCGGTCTTACAG-1_1_1_1_1_1,DC,Isg15+ Neu,2.220413982,0.811249926
CTATCCGTCTCCCTAG-1_1_1_1_1_1,DC,Csf3r-hi Neu,-0.813688696,2.179768756
CTATCTAAGCCTGAGA-1_1_1_1_1_1,DC,Mmp8+ Neu,6.006998837,-2.309133455
CTATCTATCCGCGGAT-1_1_1_1_1_1,DC,Csf3r-hi Neu,2.326504528,1.964002564
CTCAACCAGCAACCAG-1_1_1_1_1_1,DC,Mmp8+ Neu,3.243241608,0.434274986
CTCAAGAAGTCGCTAT-1_1_1_1_1_1,DC,Icam1+ Neu,-4.737351597,4.284893229
CTCAAGACAAGGCGTA-1_1_1_1_1_1,DC,Mmp8+ Neu,3.796547472,0.495066836
CTCAAGATCCTTCTTC-1_1_1_1_1_1,DC,Mmp8+ Neu,6.123958885,-1.023749262
CTCAATTTCCAGTGCG-1_1_1_1_1_1,DC,Icam1+ Neu,-2.216144026,3.343701079
CTCAGAACAATAACCC-1_1_1_1_1_1,DC,Icam1+ Neu,-3.5286569,1.811096623
CTCAGAACATATTCGG-1_1_1_1_1_1,DC,Mmp8+ Neu,3.753794491,-1.739788816
CTCAGAATCGAAGAAT-1_1_1_1_1_1,DC,Cstdc4+ Neu,-0.421818898,-4.545406387
CTCATCGCAGTTCACA-1_1_1_1_1_1,DC,Mmp8+ Neu,2.474943935,-3.792604015
CTCATGCCACTACTTT-1_1_1_1_1_1,DC,Cd14-hi Neu,-2.193672359,-1.735837624
CTCATTATCACCGGGT-1_1_1_1_1_1,DC,Icam1+ Neu,-3.840649546,0.333961442
CTCCAACGTCGGCCTA-1_1_1_1_1_1,DC,Mmp8+ Neu,3.816538393,-0.383857116
CTCCAACTCAGTGATC-1_1_1_1_1_1,DC,Csf3r-hi Neu,0.742747306,1.013912394
CTCCATGTCACTGTCC-1_1_1_1_1_1,DC,Icam1+ Neu,-3.37029928,2.511930421
CTCCCAAAGGTCGAGT-1_1_1_1_1_1,DC,Csf3r-hi Neu,1.006395876,1.559851125
CTCCCAAGTAGCACGA-1_1_1_1_1_1,DC,Csf3r-hi Neu,3.764004528,0.050412252
CTCCGATAGTTGCTCA-1_1_1_1_1_1,DC,Cstdc4+ Neu,-1.714979709,-3.353948161
CTCCTCCGTCGAGCAA-1_1_1_1_1_1,DC,Mmp8+ Neu,4.748402893,-0.102445647
CTCCTTTGTCAATGGG-1_1_1_1_1_1,DC,Icam1+ Neu,-3.882914007,-1.885592982
CTCCTTTTCATTGCGA-1_1_1_1_1_1,DC,Mmp8+ Neu,4.986872017,-2.308848664
CTCGAGGTCGTGAGAG-1_1_1_1_1_1,DC,Cd14-hi Neu,-2.533426702,-0.134674713
CTCTCAGTCTGGTGCG-1_1_1_1_1_1,DC,Cd14-hi Neu,-2.517020405,-0.055364296
CTCTCGATCCTAACAG-1_1_1_1_1_1,DC,Cd14-hi Neu,-1.145299673,-2.017958507
CTCTGGTGTGGACTGA-1_1_1_1_1_1,DC,Isg15+ Neu,-2.276558817,0.630803778
CTGAATGAGGTTCACT-1_1_1_1_1_1,DC,Cstdc4+ Neu,0.105909019,-3.920414254
CTGAGCGAGCTGAGCA-1_1_1_1_1_1,DC,Mmp8+ Neu,2.505673945,0.122423842
CTGAGCGGTACAGGTG-1_1_1_1_1_1,DC,Mmp8+ Neu,3.733197748,-1.795297072
CTGAGCGTCAAGAAAC-1_1_1_1_1_1,DC,Mmp8+ Neu,4.740900337,-1.21830599
CTGAGCGTCATTTGTC-1_1_1_1_1_1,DC,Mmp8+ Neu,6.801545441,-3.189709708
CTGAGGCAGAGATCGC-1_1_1_1_1_1,DC,Mmp8+ Neu,5.096590817,-0.385589525
CTGATCCAGTACAGAT-1_1_1_1_1_1,DC,Mmp8+ Neu,1.739203155,-0.567564234
CTGCCATAGGATGAGA-1_1_1_1_1_1,DC,Cstdc4+ Neu,0.226388961,-3.796866939
CTGCCATTCTAAGCCA-1_1_1_1_1_1,DC,Isg15+ Neu,0.969255864,-0.131499514
CTGCCTAAGCAAATCA-1_1_1_1_1_1,DC,Cstdc4+ Neu,0.451742887,-4.833125875
CTGCGAGAGACCTCAT-1_1_1_1_1_1,DC,Mmp8+ Neu,5.559181511,-3.185943649
CTGCGAGTCCTGCTAC-1_1_1_1_1_1,DC,Icam1+ Neu,-4.646525562,0.49735029
CTGCTCACACCCTAAA-1_1_1_1_1_1,DC,Cd14-hi Neu,-3.336640537,-1.682068214
CTGCTCATCGCTGATA-1_1_1_1_1_1,DC,Mmp8+ Neu,3.173031389,-0.112474606
CTGGCAGCAACACGAG-1_1_1_1_1_1,DC,Cstdc4+ Neu,-1.069127977,-3.769413755
CTGGCAGTCCCGTTCA-1_1_1_1_1_1,DC,Cd14-hi Neu,-2.224262894,-0.294591591
CTGGTCTCACAACGTT-1_1_1_1_1_1,DC,Mmp8+ Neu,2.202802717,-1.417943761
CTGTACCTCAAACCCA-1_1_1_1_1_1,DC,Csf3r-hi Neu,1.111509382,2.062035992
CTGTAGAGTGAGATAT-1_1_1_1_1_1,DC,Icam1+ Neu,-3.432826698,2.100926116
CTGTAGATCTTGAGCA-1_1_1_1_1_1,DC,Csf3r-hi Neu,-2.96179241,-3.036694572
CTGTGAAAGTGTTGAA-1_1_1_1_1_1,DC,Icam1+ Neu,-4.066060961,0.629360512
CTGTGAAAGTTGCTCA-1_1_1_1_1_1,DC,Mmp8+ Neu,4.649489224,1.227809861
CTGTGAACAAGATGTA-1_1_1_1_1_1,DC,Cd14-hi Neu,0.185599327,-2.049345598
CTGTGAAGTGGCTTGC-1_1_1_1_1_1,DC,Mmp8+ Neu,7.721441567,-4.609375999
CTGTGGGGTTCCCACT-1_1_1_1_1_1,DC,Cstdc4+ Neu,1.724656999,-4.441230819
CTGTGGGGTTGCGTAT-1_1_1_1_1_1,DC,Icam1+ Neu,-3.66117996,-3.060180709
CTTACCGCAAACTGCT-1_1_1_1_1_1,DC,Mmp8+ Neu,6.475970089,-2.054931447
CTTACCGTCGGTCGGT-1_1_1_1_1_1,DC,Mmp8+ Neu,6.425348103,-1.597493634
CTTACCGTCTACCTTA-1_1_1_1_1_1,DC,Icam1+ Neu,-5.09040612,-1.510797277
CTTAGGACAGCTGAGA-1_1_1_1_1_1,DC,Csf3r-hi Neu,-0.143091385,3.958770469
CTTCAATAGGGCGAAG-1_1_1_1_1_1,DC,Mmp8+ Neu,5.132903397,-0.420523212
CTTCAATTCGAACCAT-1_1_1_1_1_1,DC,Csf3r-hi Neu,3.770191729,2.898109629
CTTCCTTGTGCAACAG-1_1_1_1_1_1,DC,Cd14-hi Neu,-1.559581817,-2.563791916
CTTCCTTTCCGGTAAT-1_1_1_1_1_1,DC,Icam1+ Neu,-5.742233932,2.914263919
CTTCGGTAGCGACCCT-1_1_1_1_1_1,DC,Mmp8+ Neu,5.68887645,-2.075918839
CTTCTAAAGTGGAAGA-1_1_1_1_1_1,DC,Csf3r-hi Neu,-0.318649278,2.899952128
CTTCTAACAGGCACTC-1_1_1_1_1_1,DC,Csf3r-hi Neu,0.451995134,3.111511901
CTTCTCTTCTAGGCCG-1_1_1_1_1_1,DC,Icam1+ Neu,-4.407664478,-2.033923969
CTTGAGATCAATGCAC-1_1_1_1_1_1,DC,Mmp8+ Neu,3.611223042,1.554343655
CTTGATTAGTAAACTG-1_1_1_1_1_1,DC,Icam1+ Neu,-4.063186348,3.135353282
CTTGATTTCTTGAACG-1_1_1_1_1_1,DC,Csf3r-hi Neu,0.706855952,4.082197383
CTTTCAAAGTCACAGG-1_1_1_1_1_1,DC,Cd14-hi Neu,-2.574314773,-1.524514333
CTTTCAACAGGGAATC-1_1_1_1_1_1,DC,Mmp8+ Neu,6.266179859,-3.168180749
CTTTCAAGTGTATACC-1_1_1_1_1_1,DC,Mmp8+ Neu,5.108460724,-2.688166187
CTTTCGGTCCTGTAGA-1_1_1_1_1_1,DC,Mmp8+ Neu,4.790385067,-3.24917011
GAAACCTGTGGCACTC-1_1_1_1_1_1,DC,Icam1+ Neu,-2.165265859,2.592244103
GAAATGAAGTCATGGG-1_1_1_1_1_1,DC,Mmp8+ Neu,6.216489613,-2.460659668
GAACACTAGCGACTTT-1_1_1_1_1_1,DC,Mmp8+ Neu,5.389761746,-2.686004564
GAACACTGTTACGCCG-1_1_1_1_1_1,DC,Mmp8+ Neu,4.055599033,2.120501712
GAACGTTTCTCTGACC-1_1_1_1_1_1,DC,Mmp8+ Neu,3.390408098,-2.220000312
GAACTGTAGTAGGTTA-1_1_1_1_1_1,DC,Cstdc4+ Neu,-0.055847742,-4.041075275
GAAGCGAAGAAGCGAA-1_1_1_1_1_1,DC,Mmp8+ Neu,6.381713211,-3.131150052
GAAGCGAAGGCCTGAA-1_1_1_1_1_1,DC,Csf3r-hi Neu,0.734611094,3.409830287
GAAGCGACACCGGCTA-1_1_1_1_1_1,DC,Csf3r-hi Neu,-0.154885948,2.328794911
GAAGGACGTCCAAGAG-1_1_1_1_1_1,DC,Icam1+ Neu,-2.716098488,2.306060984
GAAGGACTCATACAGC-1_1_1_1_1_1,DC,Isg15+ Neu,1.597424686,0.284019664
GAAGGACTCCAATCCC-1_1_1_1_1_1,DC,Mmp8+ Neu,6.128366768,-2.289837644
GAAGGGTAGCGTTCCG-1_1_1_1_1_1,DC,Cd14-hi Neu,-2.034951151,-1.241640702
GAAGTAATCCACGTGG-1_1_1_1_1_1,DC,Cd14-hi Neu,-0.011213258,-1.803752765
GAATCACCAACAAGAT-1_1_1_1_1_1,DC,Icam1+ Neu,-4.214555443,1.980147794
GAATCACGTTTCACTT-1_1_1_1_1_1,DC,Cd14-hi Neu,5.44190675,-3.175014779
GACAGCCCATCACGGC-1_1_1_1_1_1,DC,Csf3r-hi Neu,0.459649264,3.256323531
GACAGCCGTTGTGTAC-1_1_1_1_1_1,DC,Csf3r-hi Neu,0.988745987,3.37586613
GACATCAAGGTTCCAT-1_1_1_1_1_1,DC,Mmp8+ Neu,2.925183355,0.530708387
GACCAATTCACTCTTA-1_1_1_1_1_1,DC,Csf3r-hi Neu,1.009012997,2.145428613
GACCAATTCATCACCC-1_1_1_1_1_1,DC,Isg15+ Neu,-1.016611159,0.430311277
GACCCTTAGGTCACCC-1_1_1_1_1_1,DC,Icam1+ Neu,-2.290315092,2.024950459
GACCCTTTCAAGGTGG-1_1_1_1_1_1,DC,Cstdc4+ Neu,-1.005395353,-4.689661071
GACCGTGCACTTCAGA-1_1_1_1_1_1,DC,Mmp8+ Neu,4.813883602,-1.423954919
GACCGTGGTCCAGCGT-1_1_1_1_1_1,DC,Icam1+ Neu,-4.990938843,-1.821806774
GACCTTCAGTTGCGAG-1_1_1_1_1_1,DC,Mmp8+ Neu,5.816028893,-2.912539646
GACGCTGAGCTAATCC-1_1_1_1_1_1,DC,Mmp8+ Neu,4.695387184,-0.35325943
GACGCTGAGTGTTGAA-1_1_1_1_1_1,DC,Cd14-hi Neu,0.30750516,-1.000898585
GACGCTGGTGTCGCTG-1_1_1_1_1_1,DC,Cd14-hi Neu,-1.310857118,-1.610811457
GACGTTAAGTACCCTA-1_1_1_1_1_1,DC,Cd14-hi Neu,-0.165220867,-1.274674774
GACTATGGTCGACGCT-1_1_1_1_1_1,DC,Csf3r-hi Neu,1.799882114,2.132553771
GACTCAACAGCGGATA-1_1_1_1_1_1,DC,Csf3r-hi Neu,-1.233012617,2.911192849
GACTCTCCACCGTGCA-1_1_1_1_1_1,DC,Cstdc4+ Neu,1.063999116,-4.02872853
GACTCTCTCATAAGGA-1_1_1_1_1_1,DC,Isg15+ Neu,-0.482270629,-0.139183924
GACTGATCAATACGAA-1_1_1_1_1_1,DC,Csf3r-hi Neu,1.52943474,1.566263631
GACTTCCTCGAAACAA-1_1_1_1_1_1,DC,Cd14-hi Neu,0.828680813,-1.596768722
GAGAAATCAGCGCGTT-1_1_1_1_1_1,DC,Csf3r-hi Neu,2.017026007,2.029624656
GAGAAATCATGGTGGA-1_1_1_1_1_1,DC,Icam1+ Neu,-4.008549869,-0.691407398
GAGACCCGTTCCGTTC-1_1_1_1_1_1,DC,Cstdc4+ Neu,-0.39461495,-3.525798127
GAGACTTGTCGGAAAC-1_1_1_1_1_1,DC,Mmp8+ Neu,5.083922207,-0.347267554
GAGACTTGTCGTGTTA-1_1_1_1_1_1,DC,Csf3r-hi Neu,-1.293237865,3.921100333
GAGAGGTAGCACTCGC-1_1_1_1_1_1,DC,Mmp8+ Neu,5.022577107,-2.320941851
GAGAGGTAGTGGTCAG-1_1_1_1_1_1,DC,Cd14-hi Neu,-2.072642148,-2.46443443
GAGAGGTGTGTTGATC-1_1_1_1_1_1,DC,Mmp8+ Neu,3.16756159,-0.367071078
GAGATGGCAGACCTGC-1_1_1_1_1_1,DC,Cstdc4+ Neu,-0.876145602,-3.003786132
GAGCCTGTCGCACGAC-1_1_1_1_1_1,DC,Mmp8+ Neu,3.229662716,-1.498254642
GAGCCTGTCTTCGGAA-1_1_1_1_1_1,DC,Cd14-hi Neu,0.727026522,-1.83427839
GAGCTGCAGGTCGTGA-1_1_1_1_1_1,DC,Cstdc4+ Neu,-0.720714868,-4.195733354
GAGCTGCCAGACTCTA-1_1_1_1_1_1,DC,Mmp8+ Neu,4.712381184,-1.624643609
GAGTCATAGGGAGGCA-1_1_1_1_1_1,DC,Cd14-hi Neu,0.720258951,-1.167398475
GAGTCATTCGAGAATA-1_1_1_1_1_1,DC,Mmp8+ Neu,5.018023312,-2.432470486
GAGTCTAAGCTCCATA-1_1_1_1_1_1,DC,Cstdc4+ Neu,-1.574209035,-3.789570615
GAGTCTAAGGCAGGGA-1_1_1_1_1_1,DC,Cstdc4+ Neu,2.975249588,-2.953860566
GAGTGAGTCAAGCCCG-1_1_1_1_1_1,DC,Icam1+ Neu,-3.409897745,3.817832186
GAGTGTTAGAGCCATG-1_1_1_1_1_1,DC,Mmp8+ Neu,4.392851173,1.140189364
GAGTGTTCAACGAGGT-1_1_1_1_1_1,DC,Csf3r-hi Neu,0.408790707,2.905001118
GAGTGTTCAGAGATTA-1_1_1_1_1_1,DC,Mmp8+ Neu,2.313612759,1.01595135
GAGTTACCACCGCTGA-1_1_1_1_1_1,DC,Mmp8+ Neu,3.56311804,-3.607159183
GAGTTTGAGCTGAAAT-1_1_1_1_1_1,DC,Icam1+ Neu,-1.958265126,-2.743991778
GAGTTTGCACTGCATA-1_1_1_1_1_1,DC,Mmp8+ Neu,3.930814564,-1.740076527
GATAGCTGTGTTGACT-1_1_1_1_1_1,DC,Icam1+ Neu,-2.973896444,-3.635258243
GATCAGTAGTAAACTG-1_1_1_1_1_1,DC,Mmp8+ Neu,1.737456262,-0.986347758
GATCAGTCACCAGCGT-1_1_1_1_1_1,DC,Icam1+ Neu,-2.385969341,0.667928651
GATCAGTCACGCAAAG-1_1_1_1_1_1,DC,Cstdc4+ Neu,0.365063428,-4.134109065
GATCATGCACGTCGTG-1_1_1_1_1_1,DC,Icam1+ Neu,-2.85468787,1.009828522
GATCATGTCATAAGGA-1_1_1_1_1_1,DC,Mmp8+ Neu,2.891999781,-0.616763816
GATCCCTAGGACAGCT-1_1_1_1_1_1,DC,Isg15+ Neu,0.250168532,0.733102515
GATCCCTTCATCACAG-1_1_1_1_1_1,DC,Csf3r-hi Neu,0.303535342,1.321526006
GATGACTAGGATTTCC-1_1_1_1_1_1,DC,Cd14-hi Neu,-3.609713734,-0.146294222
GATGAGGAGCGTACAG-1_1_1_1_1_1,DC,Cd14-hi Neu,-0.728488326,-2.479397819
GATGAGGCAAAGAGTT-1_1_1_1_1_1,DC,Mmp8+ Neu,2.29069525,-2.163546369
GATGAGGTCGGCTCTT-1_1_1_1_1_1,DC,Cd14-hi Neu,-1.471754373,-0.265528128
GATGATCGTCCAATCA-1_1_1_1_1_1,DC,Csf3r-hi Neu,1.222700774,2.943561747
GATGATCTCCAGCTCT-1_1_1_1_1_1,DC,Csf3r-hi Neu,0.496005475,3.246660426
GATGATCTCCATATGG-1_1_1_1_1_1,DC,Icam1+ Neu,-2.836409748,1.066045001
GATGGAGGTCGCACGT-1_1_1_1_1_1,DC,Cd14-hi Neu,-1.416300238,-0.32381396
GATGGAGTCGGTAGGA-1_1_1_1_1_1,DC,Cstdc4+ Neu,1.507700383,-3.398289964
GATGTTGCATCCGAAT-1_1_1_1_1_1,DC,Csf3r-hi Neu,1.661619007,1.293963864
GATTCGAAGTGCAAAT-1_1_1_1_1_1,DC,Icam1+ Neu,-5.390893639,-0.998705067
GATTCGACACTGTTCC-1_1_1_1_1_1,DC,Icam1+ Neu,-4.718354881,-0.147868261
GATTCGATCGGCACTG-1_1_1_1_1_1,DC,Csf3r-hi Neu,-0.142976907,2.193331435
GATTCTTTCTGCCTGT-1_1_1_1_1_1,DC,Csf3r-hi Neu,0.186892867,3.120132163
GATTGGTCAATACCTG-1_1_1_1_1_1,DC,Mmp8+ Neu,4.637232601,-1.554374919
GATTTCTCAAGGCGTA-1_1_1_1_1_1,DC,Cstdc4+ Neu,0.681929409,-4.108510778
GCAACATCAAGCACCC-1_1_1_1_1_1,DC,Icam1+ Neu,-3.348055065,-0.789019838
GCAACATTCTGGGCAC-1_1_1_1_1_1,DC,Cd14-hi Neu,1.131730735,-0.595732823
GCAACCGGTACTTCCC-1_1_1_1_1_1,DC,Mmp8+ Neu,3.223940908,-1.23368378
GCACATAAGGCCGCTT-1_1_1_1_1_1,DC,Isg15+ Neu,-0.636318028,0.120869115
GCACATATCATTGGTG-1_1_1_1_1_1,DC,Mmp8+ Neu,4.466821014,-1.933225498
GCACGGTAGCGTGAAC-1_1_1_1_1_1,DC,Isg15+ Neu,0.271582841,-0.416030392
GCACGGTAGGAATCGC-1_1_1_1_1_1,DC,Mmp8+ Neu,4.013085186,-3.829629705
GCACTAAGTATTGAGA-1_1_1_1_1_1,DC,Csf3r-hi Neu,-0.021328956,2.043405488
GCAGCCATCCTCACTG-1_1_1_1_1_1,DC,Icam1+ Neu,-3.765308321,-2.92336385
GCAGCCATCGAGAAGC-1_1_1_1_1_1,DC,Isg15+ Neu,1.145865619,0.878370478
GCAGCTGGTTCAAGGG-1_1_1_1_1_1,DC,Cstdc4+ Neu,0.343591034,-4.662915036
GCAGGCTCACCCTGAG-1_1_1_1_1_1,DC,Cd14-hi Neu,-0.831254721,-1.830871031
GCAGGCTCACGCTATA-1_1_1_1_1_1,DC,Icam1+ Neu,-5.344996632,-1.178580985
GCAGGCTGTTGTGTTG-1_1_1_1_1_1,DC,Mmp8+ Neu,1.78082782,-4.568370149
GCAGGCTTCGTGCACG-1_1_1_1_1_1,DC,Mmp8+ Neu,5.450985252,-2.322017238
GCAGTTAGTTCAATCG-1_1_1_1_1_1,DC,Icam1+ Neu,-4.773963154,3.742114737
GCATCGGCAGTATGAA-1_1_1_1_1_1,DC,Csf3r-hi Neu,1.329429686,3.331144049
GCATCGGGTGAGGCAT-1_1_1_1_1_1,DC,Isg15+ Neu,-1.903752506,-0.462522194
GCATCTCGTCGGCACT-1_1_1_1_1_1,DC,Csf3r-hi Neu,1.394944965,3.235980704
GCATGATGTGGCAGAT-1_1_1_1_1_1,DC,Icam1+ Neu,-4.01389736,-2.937724516
GCATGATTCGTAGTCA-1_1_1_1_1_1,DC,Cd14-hi Neu,-2.322180689,-2.506429002
GCCAACGCAGGGTCTC-1_1_1_1_1_1,DC,Cstdc4+ Neu,-1.324483455,-4.32410793
GCCAACGGTATACGGG-1_1_1_1_1_1,DC,Csf3r-hi Neu,0.180939883,1.2074451
GCCAACGGTGGAACCA-1_1_1_1_1_1,DC,Csf3r-hi Neu,-0.690536678,2.067021086
GCCAGCAAGTACTGTC-1_1_1_1_1_1,DC,Cstdc4+ Neu,1.0346089,-4.142982766
GCCAGGTCAGGACTTT-1_1_1_1_1_1,DC,Isg15+ Neu,-0.258862749,0.383864358
GCCAGTGCATGACAGG-1_1_1_1_1_1,DC,Mmp8+ Neu,6.508124649,-2.955156014
GCCAGTGGTAGCTGAG-1_1_1_1_1_1,DC,Icam1+ Neu,-5.166931332,2.154230073
GCCATTCGTGTTAGCT-1_1_1_1_1_1,DC,Icam1+ Neu,-4.325185955,-2.441675589
GCCATTCTCCAACCAA-1_1_1_1_1_1,DC,Icam1+ Neu,-3.728693188,3.469310477
GCCCAGATCGTGGCGT-1_1_1_1_1_1,DC,Cd14-hi Neu,-0.643202603,-1.800124392
GCCCAGATCGTTGTAG-1_1_1_1_1_1,DC,Isg15+ Neu,-0.903612554,1.259458974
GCCCGAATCCACTGGG-1_1_1_1_1_1,DC,Mmp8+ Neu,6.272546112,-1.280683309
GCCGATGCACGTCGGT-1_1_1_1_1_1,DC,Csf3r-hi Neu,0.348854005,1.172871306
GCCGATGGTAGCGTTT-1_1_1_1_1_1,DC,Mmp8+ Neu,4.895156204,-1.252607882
GCCGTGATCCATTGTT-1_1_1_1_1_1,DC,Mmp8+ Neu,5.538245022,-3.31344752
GCCGTGATCCGATCGG-1_1_1_1_1_1,DC,Csf3r-hi Neu,-0.127501864,3.230247214
GCCTGTTCATGATAGA-1_1_1_1_1_1,DC,Cd14-hi Neu,-1.848811448,-2.004859016
GCGAGAAAGTTGCTGT-1_1_1_1_1_1,DC,Cstdc4+ Neu,2.12399894,-4.039055392
GCGAGAATCAGTGTTG-1_1_1_1_1_1,DC,Mmp8+ Neu,5.141412556,-0.846978292
GCGATCGTCATGAAAG-1_1_1_1_1_1,DC,Icam1+ Neu,-4.482759655,0.531358197
GCGGAAACATCCTATT-1_1_1_1_1_1,DC,Isg15+ Neu,1.755793988,-3.199360654
GCGGATCAGTTACGAA-1_1_1_1_1_1,DC,Isg15+ Neu,-0.342018798,0.593807891
GCGGATCTCCCATAGA-1_1_1_1_1_1,DC,Icam1+ Neu,-3.033259094,-3.525950477
GCGTGCAAGCGAGTAC-1_1_1_1_1_1,DC,Cd14-hi Neu,-0.761926353,-2.592585609
GCGTGCACATTCTCTA-1_1_1_1_1_1,DC,Mmp8+ Neu,2.135618031,-3.099556491
GCTACAAAGGGTCACA-1_1_1_1_1_1,DC,Icam1+ Neu,-4.924811066,1.329173281
GCTACCTAGTCACTCA-1_1_1_1_1_1,DC,Cd14-hi Neu,-0.861476541,-1.66271554
GCTACCTGTCCGACGT-1_1_1_1_1_1,DC,Cd14-hi Neu,-1.946738303,-0.05451195
GCTACCTGTTAGGAGC-1_1_1_1_1_1,DC,Cd14-hi Neu,-0.718137861,-1.516071931
GCTACCTGTTGAAGTA-1_1_1_1_1_1,DC,Icam1+ Neu,-4.686834038,-2.091079757
GCTCAAACATCCCACT-1_1_1_1_1_1,DC,Cd14-hi Neu,-0.66862914,-1.348321989
GCTGAATCATGAAGCG-1_1_1_1_1_1,DC,Csf3r-hi Neu,0.407006681,2.41354914
GCTGAATGTCGGTACC-1_1_1_1_1_1,DC,Mmp8+ Neu,2.796334803,0.377040818
GCTGCAGGTGAGAGGG-1_1_1_1_1_1,DC,Icam1+ Neu,-3.418660582,-3.074497506
GCTTCACCAAGGTCTT-1_1_1_1_1_1,DC,Cstdc4+ Neu,1.59741503,-3.000776217
GCTTCACTCACACGAT-1_1_1_1_1_1,DC,Csf3r-hi Neu,1.440992057,1.372066453
GCTTGGGCAGCACAAG-1_1_1_1_1_1,DC,Cd14-hi Neu,1.699736297,-1.706084833
GCTTGGGGTACCTATG-1_1_1_1_1_1,DC,Mmp8+ Neu,3.29037863,1.118589595
GCTTGGGGTTCCCACT-1_1_1_1_1_1,DC,Csf3r-hi Neu,-0.467228979,2.310649588
GCTTGGGTCCTCATAT-1_1_1_1_1_1,DC,Csf3r-hi Neu,0.851227939,3.287231639
GCTTTCGAGTGACACG-1_1_1_1_1_1,DC,Mmp8+ Neu,4.043026745,-2.198005244
GGAACCCTCTACCTTA-1_1_1_1_1_1,DC,Icam1+ Neu,-3.537557304,0.851406887
GGAATCTCACAGTCGC-1_1_1_1_1_1,DC,Icam1+ Neu,-5.834518135,0.590518906
GGAATGGAGATTCGCT-1_1_1_1_1_1,DC,Cd14-hi Neu,-0.622082711,-1.419499442
GGAATGGCAAAGAACT-1_1_1_1_1_1,DC,Cstdc4+ Neu,-1.517065108,-3.386438892
GGAATGGGTTTCGACA-1_1_1_1_1_1,DC,Cstdc4+ Neu,1.962489426,-3.807009742
GGAGCAAGTGACAACG-1_1_1_1_1_1,DC,Isg15+ Neu,-0.97278148,1.335593894
GGAGGATCATGGCCAC-1_1_1_1_1_1,DC,Icam1+ Neu,-4.398967922,-0.117256746
GGAGGATGTTCTGAGT-1_1_1_1_1_1,DC,Icam1+ Neu,-2.786551416,-0.145497606
GGAGGTATCCTCGATC-1_1_1_1_1_1,DC,Cd14-hi Neu,-1.943783343,-2.254750416
GGCACGTTCGGTAAGG-1_1_1_1_1_1,DC,Csf3r-hi Neu,0.489446282,3.19996424
GGCAGTCCACAGGATG-1_1_1_1_1_1,DC,Icam1+ Neu,-2.734856785,-2.153375671
GGCGTCATCAACACGT-1_1_1_1_1_1,DC,Cd14-hi Neu,-1.059545339,-0.474195823
GGCTGTGAGTTCCAGT-1_1_1_1_1_1,DC,Cstdc4+ Neu,-0.277029887,-3.016396687
GGCTGTGCATTCACAG-1_1_1_1_1_1,DC,Isg15+ Neu,0.130275428,0.041559413
GGCTGTGGTCCTTAAG-1_1_1_1_1_1,DC,Mmp8+ Neu,3.53120023,-1.342773125
GGCTTGGGTATTCCGA-1_1_1_1_1_1,DC,Cd14-hi Neu,-2.944639862,-0.645883248
GGCTTGGTCCATGAGT-1_1_1_1_1_1,DC,Mmp8+ Neu,2.600672066,-1.080549886
GGCTTTCAGACCAAGC-1_1_1_1_1_1,DC,Icam1+ Neu,-4.701516807,-1.54443793
GGCTTTCAGCGCTGCT-1_1_1_1_1_1,DC,Csf3r-hi Neu,2.544163525,1.499607995
GGGACCTTCGCTATTT-1_1_1_1_1_1,DC,Mmp8+ Neu,5.698466599,-3.17941241
GGGACTCAGCAGAAAG-1_1_1_1_1_1,DC,Cd14-hi Neu,-2.243848741,-2.070763633
GGGAGATCACACACGC-1_1_1_1_1_1,DC,Cd14-hi Neu,-1.980099976,0.201965287
GGGAGTAGTACAAAGT-1_1_1_1_1_1,DC,Isg15+ Neu,0.547736525,0.627431109
GGGATCCGTATCCCAA-1_1_1_1_1_1,DC,Isg15+ Neu,1.137514889,0.526853516
GGGATGAGTTGCTCCT-1_1_1_1_1_1,DC,Icam1+ Neu,-3.143002689,-2.545094535
GGGCCATCAGTTCACA-1_1_1_1_1_1,DC,Icam1+ Neu,-3.031594694,1.865568831
GGGCCATTCATTCATC-1_1_1_1_1_1,DC,Cd14-hi Neu,-1.451458872,-1.806081221
GGGCTACAGATTGCGG-1_1_1_1_1_1,DC,Mmp8+ Neu,6.106694519,-3.206465051
GGGCTACAGGATTTAG-1_1_1_1_1_1,DC,Isg15+ Neu,0.538839995,0.901951268
GGGCTACTCGTAGTCA-1_1_1_1_1_1,DC,Isg15+ Neu,-0.191262309,-0.065161154
GGGTAGATCACTCACC-1_1_1_1_1_1,DC,Icam1+ Neu,-4.417657078,-0.90979968
GGGTCACAGTGAGTTA-1_1_1_1_1_1,DC,Isg15+ Neu,1.368266046,0.795847848
GGGTCTGGTACACTCA-1_1_1_1_1_1,DC,Icam1+ Neu,-1.949408234,2.603538468
GGGTCTGTCGGTCTGG-1_1_1_1_1_1,DC,Isg15+ Neu,-0.387834505,-0.044205353
GGGTGAACATAGGTTC-1_1_1_1_1_1,DC,Icam1+ Neu,-4.104314506,4.224438861
GGGTGAATCGTGTGAT-1_1_1_1_1_1,DC,Isg15+ Neu,-3.528347433,-0.850507289
GGGTGTCGTTTACCTT-1_1_1_1_1_1,DC,Mmp8+ Neu,2.125912487,-0.184408292
GGGTGTCTCAACACGT-1_1_1_1_1_1,DC,Cd14-hi Neu,-1.891801298,-2.402320907
GGGTGTCTCCCGATCT-1_1_1_1_1_1,DC,Csf3r-hi Neu,-1.101473928,2.107532218
GGGTTATAGTAGATCA-1_1_1_1_1_1,DC,Mmp8+ Neu,5.31397134,-2.438711331
GGGTTATCAATGCAGG-1_1_1_1_1_1,DC,Cstdc4+ Neu,2.205899298,1.848978951
GGGTTATGTGCTAGCC-1_1_1_1_1_1,DC,Csf3r-hi Neu,1.817815244,3.035186961
GGGTTATTCCATGCAA-1_1_1_1_1_1,DC,Mmp8+ Neu,5.953450977,-3.993620202
GGGTTTATCCCGATCT-1_1_1_1_1_1,DC,Cd14-hi Neu,2.094983399,-1.930574641
GGTAACTGTATACCTG-1_1_1_1_1_1,DC,Mmp8+ Neu,7.767754376,-4.661648795
GGTAATCTCTAATTCC-1_1_1_1_1_1,DC,Cd14-hi Neu,-2.02082485,-1.386047408
GGTAGAGGTGATCATC-1_1_1_1_1_1,DC,Mmp8+ Neu,3.494594395,-1.863577709
GGTCACGAGAGGTATT-1_1_1_1_1_1,DC,Icam1+ Neu,-2.336406172,1.875891402
GGTCACGAGATGACAT-1_1_1_1_1_1,DC,Isg15+ Neu,0.248307079,1.012939647
GGTCACGCAGTTAGAA-1_1_1_1_1_1,DC,Cd14-hi Neu,0.51208198,-1.940502987
GGTCTGGAGCTTCGTA-1_1_1_1_1_1,DC,Icam1+ Neu,-4.10659808,-2.923901841
GGTCTGGCACCTCAGG-1_1_1_1_1_1,DC,Mmp8+ Neu,3.451782763,-1.825849817
GGTCTGGGTCGCATGC-1_1_1_1_1_1,DC,Mmp8+ Neu,1.060364425,1.394039109
GGTGAAGAGACTCCGC-1_1_1_1_1_1,DC,Cstdc4+ Neu,1.587967097,-3.358187482
GGTGAAGTCCTTATAC-1_1_1_1_1_1,DC,Icam1+ Neu,-3.63326186,-3.019573257
GGTGATTCAGCTTTCC-1_1_1_1_1_1,DC,Icam1+ Neu,-4.858654678,-1.14907866
GGTGATTGTTCTCACC-1_1_1_1_1_1,DC,Mmp8+ Neu,5.477878391,-2.658236191
GGTGGCTCATCATGAC-1_1_1_1_1_1,DC,Mmp8+ Neu,5.535533249,-0.836077839
GGTGGCTTCCACACAA-1_1_1_1_1_1,DC,Cstdc4+ Neu,-2.642859161,-2.353781864
GGTGTTAAGCTCACTA-1_1_1_1_1_1,DC,Mmp8+ Neu,3.243163406,-4.229944036
GGTTGTATCGTCAACA-1_1_1_1_1_1,DC,Mmp8+ Neu,5.656077206,-2.693441794
GTAACACGTGAATTGA-1_1_1_1_1_1,DC,Csf3r-hi Neu,-2.639595688,4.288435653
GTAAGTCCAGGATTCT-1_1_1_1_1_1,DC,Csf3r-hi Neu,1.299759328,1.79444094
GTAAGTCTCAAGTGGG-1_1_1_1_1_1,DC,Cd14-hi Neu,2.443326056,-1.721669063
GTAAGTCTCGGAATTC-1_1_1_1_1_1,DC,Isg15+ Neu,-0.675734133,0.734862879
GTAATCGCACGCCACA-1_1_1_1_1_1,DC,Cstdc4+ Neu,-1.467196286,-4.271829173
GTAATGCTCCGAGGCT-1_1_1_1_1_1,DC,Csf3r-hi Neu,1.029328405,2.253940299
GTAATGCTCCTCTCTT-1_1_1_1_1_1,DC,Icam1+ Neu,-2.762666166,-0.304833696
GTAGAAACATAGGTTC-1_1_1_1_1_1,DC,Isg15+ Neu,2.395427525,0.852671936
GTAGAAAGTAGGAGTC-1_1_1_1_1_1,DC,Csf3r-hi Neu,1.566512405,2.937160208
GTAGAAATCGACGAGA-1_1_1_1_1_1,DC,Icam1+ Neu,-4.335089386,1.894804194
GTAGAGGCACAGCTTA-1_1_1_1_1_1,DC,Mmp8+ Neu,5.818692028,-1.345232174
GTAGAGGCATAGCACT-1_1_1_1_1_1,DC,Mmp8+ Neu,4.766356766,0.49669905
GTAGAGGGTTAGGACG-1_1_1_1_1_1,DC,Cstdc4+ Neu,1.428827345,-4.087104842
GTAGAGGTCGACGAGA-1_1_1_1_1_1,DC,Cd14-hi Neu,-1.601097286,-1.989801333
GTAGATCCACCCTGAG-1_1_1_1_1_1,DC,Icam1+ Neu,-4.280672253,-2.691474721
GTAGCTAGTGTTGCCG-1_1_1_1_1_1,DC,Icam1+ Neu,-1.963610351,3.283728793
GTAGCTATCGTGACTA-1_1_1_1_1_1,DC,Cd14-hi Neu,-1.793562949,-2.217252776
GTAGGTTAGATAACGT-1_1_1_1_1_1,DC,Mmp8+ Neu,2.295686066,0.340399936
GTAGGTTAGGTTGTTC-1_1_1_1_1_1,DC,Cd14-hi Neu,-0.33394821,-2.45552449
GTAGTACTCTTTCAGT-1_1_1_1_1_1,DC,Cd14-hi Neu,-1.575291455,-2.611518666
GTATTGGAGTTGTCAC-1_1_1_1_1_1,DC,Icam1+ Neu,-3.821627319,4.374491885
GTATTTCAGGTACAAT-1_1_1_1_1_1,DC,Icam1+ Neu,-4.435246647,3.327889159
GTATTTCAGTCCGCCA-1_1_1_1_1_1,DC,Cstdc4+ Neu,1.169865548,-4.494774625
GTCAAACAGTCACAGG-1_1_1_1_1_1,DC,Cstdc4+ Neu,-2.029055655,-3.751963899
GTCAAACAGTGCGCTC-1_1_1_1_1_1,DC,Mmp8+ Neu,7.185642063,-3.841307447
GTCAAACGTGCCTTCT-1_1_1_1_1_1,DC,Mmp8+ Neu,3.593417942,-1.116256889
GTCAAACGTTATAGAG-1_1_1_1_1_1,DC,Mmp8+ Neu,2.721339762,-0.221838996
GTCAAGTAGAAACCCG-1_1_1_1_1_1,DC,Csf3r-hi Neu,3.029134094,3.135853961
GTCAAGTTCCGTACGG-1_1_1_1_1_1,DC,Csf3r-hi Neu,-0.047409565,2.384142115
GTCAGCGGTGCCTGCA-1_1_1_1_1_1,DC,Mmp8+ Neu,3.380903542,-2.424616382
GTCAGCGTCATATGGC-1_1_1_1_1_1,DC,Cstdc4+ Neu,0.675207436,-3.557290361
GTCAGCGTCCGAAGGA-1_1_1_1_1_1,DC,Mmp8+ Neu,4.651596844,-1.803987548
GTCAGCGTCGAGATGG-1_1_1_1_1_1,DC,Mmp8+ Neu,4.766383946,0.143222049
GTCATCCCATACACCA-1_1_1_1_1_1,DC,Icam1+ Neu,-2.406278789,2.291791871
GTCATCCGTGTCGCTG-1_1_1_1_1_1,DC,Icam1+ Neu,-1.705994428,3.641245082
GTCATGAGTTTACGAC-1_1_1_1_1_1,DC,Icam1+ Neu,-4.276947678,0.679225757
GTCATTTAGGCTCAAG-1_1_1_1_1_1,DC,Mmp8+ Neu,4.007206261,-2.176467583
GTCATTTTCCGCGGAT-1_1_1_1_1_1,DC,Mmp8+ Neu,4.593662083,1.267976239
GTCATTTTCGGAACTT-1_1_1_1_1_1,DC,Icam1+ Neu,-3.698105514,3.333192065
GTCCACTAGTTGCTGT-1_1_1_1_1_1,DC,Cstdc4+ Neu,-1.318697155,-2.925038979
GTCCACTCACCTGCAG-1_1_1_1_1_1,DC,Mmp8+ Neu,4.108105003,0.352606728
GTCCCATAGATGGGCT-1_1_1_1_1_1,DC,Csf3r-hi Neu,2.958557903,2.39969702
GTCCCATCACCAGCCA-1_1_1_1_1_1,DC,Icam1+ Neu,-3.363443077,0.312035635
GTCCTCAGTAACTTCG-1_1_1_1_1_1,DC,Mmp8+ Neu,5.308682262,-0.361209259
GTCGAATCAGCGGTTC-1_1_1_1_1_1,DC,Icam1+ Neu,-4.623079479,-0.944242984
GTCGAATGTTCTCCAC-1_1_1_1_1_1,DC,Csf3r-hi Neu,2.554031908,1.53585048
GTCGCGAGTGTTCGAT-1_1_1_1_1_1,DC,Cstdc4+ Neu,0.488693773,-4.675459907
GTCGCGATCTCGTCGT-1_1_1_1_1_1,DC,Cd14-hi Neu,1.371816575,-0.797721461
GTCGTAACAGCGTTTA-1_1_1_1_1_1,DC,Mmp8+ Neu,3.559291184,-1.075731676
GTCGTTCAGATCACCT-1_1_1_1_1_1,DC,Mmp8+ Neu,6.774174511,-2.745716617
GTCGTTCAGGGAGTGG-1_1_1_1_1_1,DC,Icam1+ Neu,-5.276236713,-1.220215619
GTCGTTCGTCGACGCT-1_1_1_1_1_1,DC,Csf3r-hi Neu,-0.080487028,3.560779288
GTCTACCTCCTAGCCT-1_1_1_1_1_1,DC,Mmp8+ Neu,3.697802841,-0.738248453
GTCTAGACAATTGTGC-1_1_1_1_1_1,DC,Mmp8+ Neu,2.759217321,0.505172446
GTCTAGACAGGAACCA-1_1_1_1_1_1,DC,Csf3r-hi Neu,-0.46033603,1.917939379
GTCTAGAGTCGCCTAG-1_1_1_1_1_1,DC,Icam1+ Neu,-3.964609802,0.158141568
GTCTAGATCGAGAATA-1_1_1_1_1_1,DC,Icam1+ Neu,-4.45673436,-0.354771659
GTCTCACAGACTCGAG-1_1_1_1_1_1,DC,Cstdc4+ Neu,-1.376824201,-4.339090154
GTCTCACCAGTAACAA-1_1_1_1_1_1,DC,Csf3r-hi Neu,1.395765841,1.63902755
GTCTCACGTGAGATTA-1_1_1_1_1_1,DC,Icam1+ Neu,-2.018022955,2.040420487
GTCTGTCAGTAGGTTA-1_1_1_1_1_1,DC,Csf3r-hi Neu,-2.251020849,3.995608523
GTCTGTCTCATCGCCT-1_1_1_1_1_1,DC,Cd14-hi Neu,-2.190578878,-2.20250313
GTCTTTAAGGCATGCA-1_1_1_1_1_1,DC,Cd14-hi Neu,-0.856384159,-1.784187839
GTCTTTACAGAACTCT-1_1_1_1_1_1,DC,Mmp8+ Neu,2.126267492,0.63953574
GTGAGCCGTTAGGACG-1_1_1_1_1_1,DC,Mmp8+ Neu,4.346192658,-0.60823156
GTGAGGACAAATGATG-1_1_1_1_1_1,DC,Cd14-hi Neu,-1.248312176,-0.661256567
GTGAGGATCTCGACCT-1_1_1_1_1_1,DC,Csf3r-hi Neu,2.522947371,1.818445399
GTGAGTTAGCCATATC-1_1_1_1_1_1,DC,Icam1+ Neu,-4.438793838,-0.777532593
GTGAGTTAGCGTACAG-1_1_1_1_1_1,DC,Cd14-hi Neu,-2.325974644,0.479548171
GTGAGTTTCCTAGAGT-1_1_1_1_1_1,DC,Mmp8+ Neu,4.018027126,0.724385813
GTGATGTTCGAGTGGA-1_1_1_1_1_1,DC,Cstdc4+ Neu,-0.627092958,-4.208256051
GTGCAGCAGGCTGTAG-1_1_1_1_1_1,DC,Csf3r-hi Neu,0.566453635,2.03833647
GTGCTGGTCCACACCT-1_1_1_1_1_1,DC,Isg15+ Neu,-1.194854439,0.718237355
GTGGAAGCAAATGAAC-1_1_1_1_1_1,DC,Mmp8+ Neu,4.786466419,-0.078189358
GTGGAAGGTGTTGAGG-1_1_1_1_1_1,DC,Mmp8+ Neu,4.903188526,-2.524441287
GTGGAGAAGGTCGCCT-1_1_1_1_1_1,DC,Isg15+ Neu,1.937296927,0.74561055
GTGGAGAGTAGGAGGG-1_1_1_1_1_1,DC,Cstdc4+ Neu,0.283557474,-4.116234586
GTGGGAAAGGCAGGGA-1_1_1_1_1_1,DC,Mmp8+ Neu,4.194753944,0.730233863
GTGGTTACAATTGGTC-1_1_1_1_1_1,DC,Mmp8+ Neu,3.851200878,-0.071964786
GTGGTTAGTGCCGGTT-1_1_1_1_1_1,DC,Mmp8+ Neu,2.940014183,-4.146003768
GTGGTTATCTGAGGTT-1_1_1_1_1_1,DC,Mmp8+ Neu,4.061016857,-2.815457508
GTGTCCTAGAACGCGT-1_1_1_1_1_1,DC,Cd14-hi Neu,-2.759280146,1.078124001
GTGTCCTCAGGCACAA-1_1_1_1_1_1,DC,Mmp8+ Neu,3.612034857,-0.787987009
GTGTGATCACAGCTTA-1_1_1_1_1_1,DC,Cstdc4+ Neu,0.384017706,-4.668060348
GTGTGATGTTTACACG-1_1_1_1_1_1,DC,Cstdc4+ Neu,0.466475665,-3.251746461
GTGTGGCGTAAGGAGA-1_1_1_1_1_1,DC,Mmp8+ Neu,5.336625874,-2.630092189
GTGTGGCTCCCTTGGT-1_1_1_1_1_1,DC,Mmp8+ Neu,2.155041754,-0.305664525
GTGTTAGCACATTACG-1_1_1_1_1_1,DC,Mmp8+ Neu,2.838435232,-4.227171943
GTGTTCCGTACTCCCT-1_1_1_1_1_1,DC,Cd14-hi Neu,-1.983943522,-1.798690304
GTGTTCCTCGCTACAA-1_1_1_1_1_1,DC,Cd14-hi Neu,1.831405222,-2.116723463
GTTACAGAGTTGTCGT-1_1_1_1_1_1,DC,Mmp8+ Neu,1.991257488,-0.7446834
GTTACCCCAATCCAGT-1_1_1_1_1_1,DC,Cstdc4+ Neu,0.375881373,-4.545502469
GTTACCCGTGCTCCGA-1_1_1_1_1_1,DC,Cd14-hi Neu,-1.815642059,0.027317121
GTTACGATCAACACGT-1_1_1_1_1_1,DC,Csf3r-hi Neu,1.678510129,2.866147235
GTTACGATCTACGGTA-1_1_1_1_1_1,DC,Mmp8+ Neu,3.41713649,-4.254365489
GTTAGACGTATTCCGA-1_1_1_1_1_1,DC,Cstdc4+ Neu,1.251075685,-3.639265821
GTTAGTGTCATTACTC-1_1_1_1_1_1,DC,Cd14-hi Neu,-0.487532884,-2.186700151
GTTATGGGTCAGGTGA-1_1_1_1_1_1,DC,Mmp8+ Neu,1.246215403,-0.596563503
GTTCCGTAGTTCACTG-1_1_1_1_1_1,DC,Cd14-hi Neu,1.67172867,-1.535847143
GTTCCGTTCGCTTGCT-1_1_1_1_1_1,DC,Csf3r-hi Neu,0.88636285,1.888104632
GTTCGCTTCATAGAGA-1_1_1_1_1_1,DC,Cstdc4+ Neu,0.17424938,-4.054469392
GTTCTATTCTTGGCTC-1_1_1_1_1_1,DC,Csf3r-hi Neu,0.069372996,4.142004683
GTTGAACAGGCACTAG-1_1_1_1_1_1,DC,Mmp8+ Neu,3.275333702,0.324868634
GTTGAACAGGGATCAC-1_1_1_1_1_1,DC,Isg15+ Neu,-1.635185183,-1.009406679
GTTGAACAGTCTGGAG-1_1_1_1_1_1,DC,Icam1+ Neu,-5.221054733,1.258387521
GTTGAACCAACGTAAA-1_1_1_1_1_1,DC,Cd14-hi Neu,-1.228769005,-1.229647175
GTTGAACGTGTCTTGA-1_1_1_1_1_1,DC,Mmp8+ Neu,1.93885976,-1.106904418
GTTGCGGAGCAAATCA-1_1_1_1_1_1,DC,Icam1+ Neu,-1.391138971,-2.335151837
GTTGCTCCAAGACGAC-1_1_1_1_1_1,DC,Icam1+ Neu,-3.98150462,0.664848283
GTTGCTCCACATATGC-1_1_1_1_1_1,DC,Icam1+ Neu,-2.914541185,-2.282571957
GTTGTAGCAAGCGCTC-1_1_1_1_1_1,DC,Mmp8+ Neu,3.439957916,-2.207652733
GTTGTCCCAATCTCGA-1_1_1_1_1_1,DC,Mmp8+ Neu,2.573566734,-0.851103232
GTTGTGAGTAGTGATA-1_1_1_1_1_1,DC,Mmp8+ Neu,2.340656101,-0.597148195
GTTTACTAGACTAGAT-1_1_1_1_1_1,DC,Cstdc4+ Neu,0.311807513,-4.431876466
GTTTACTGTGGCCTCA-1_1_1_1_1_1,DC,Csf3r-hi Neu,1.556971013,2.13450332
GTTTACTTCTAAGCGT-1_1_1_1_1_1,DC,Mmp8+ Neu,4.900321781,-0.005118534
GTTTGGACAAGCGATG-1_1_1_1_1_1,DC,Icam1+ Neu,-1.520594895,2.653012469
TAACACGAGTCGCCAC-1_1_1_1_1_1,DC,Csf3r-hi Neu,5.323570072,-0.254192636
TAACACGAGTTAACGA-1_1_1_1_1_1,DC,Icam1+ Neu,-3.414958656,0.43797405
TAACACGCAAGCGAAC-1_1_1_1_1_1,DC,Cstdc4+ Neu,-0.738085747,-3.660075471
TAACGACGTCGATGCC-1_1_1_1_1_1,DC,Icam1+ Neu,-1.203690827,2.525050357
TAAGCACAGACCAACG-1_1_1_1_1_1,DC,Icam1+ Neu,-1.415244878,3.360311225
TAAGCACAGGTCGTAG-1_1_1_1_1_1,DC,Csf3r-hi Neu,1.308466255,0.489369109
TAAGCACTCCCTCGAT-1_1_1_1_1_1,DC,Icam1+ Neu,-4.685801685,0.616282537
TAAGCCAAGCTTACGT-1_1_1_1_1_1,DC,Icam1+ Neu,-3.170626343,-2.630495236
TAAGCCACATGTTCGA-1_1_1_1_1_1,DC,Mmp8+ Neu,4.30322057,-2.888111875
TAAGCCAGTCTACGTA-1_1_1_1_1_1,DC,Mmp8+ Neu,3.102848112,-0.856787667
TAAGCCATCCCTCTAG-1_1_1_1_1_1,DC,Icam1+ Neu,-4.162899197,4.401159957
TAAGCGTAGAGGTTTA-1_1_1_1_1_1,DC,Icam1+ Neu,-5.007382572,1.435513928
TAAGCGTCAAACTCGT-1_1_1_1_1_1,DC,Cstdc4+ Neu,0.609436929,-3.39537029
TAAGCGTCAACAGATA-1_1_1_1_1_1,DC,Icam1+ Neu,-4.010423124,3.443118766
TAATCTCCAAGTGGGT-1_1_1_1_1_1,DC,Mmp8+ Neu,5.744233906,-0.781711862
TAATCTCTCGGCATAT-1_1_1_1_1_1,DC,Csf3r-hi Neu,-1.370841325,2.60745497
TAATTCCCACTAGTAC-1_1_1_1_1_1,DC,Mmp8+ Neu,3.389444172,-3.435083673
TAATTCCCAGTGTACT-1_1_1_1_1_1,DC,Icam1+ Neu,-2.998696745,1.901385262
TACAACGCATGAGATA-1_1_1_1_1_1,DC,Icam1+ Neu,-3.365343988,-2.625700638
TACAGGTGTCTAGATC-1_1_1_1_1_1,DC,Cstdc4+ Neu,0.826670825,-3.723382041
TACCGGGCAAGCCATT-1_1_1_1_1_1,DC,Icam1+ Neu,-3.917922199,-2.302338884
TACCTGCAGGATTTGA-1_1_1_1_1_1,DC,Mmp8+ Neu,5.121563255,-1.866432414
TACGCTCCAATGTCTG-1_1_1_1_1_1,DC,Csf3r-hi Neu,-1.262505353,3.350175097
TACGGGCAGAGTGTGC-1_1_1_1_1_1,DC,Icam1+ Neu,-3.057909429,4.288922026
TACGGGCAGTTGTCAC-1_1_1_1_1_1,DC,Cstdc4+ Neu,-2.006026566,-4.266112134
TACGGTACATATCTGG-1_1_1_1_1_1,DC,Icam1+ Neu,-1.495270789,1.540614798
TACGTCCAGGGCAGAG-1_1_1_1_1_1,DC,Cd14-hi Neu,-2.836348713,-1.221287564
TACTGCCTCGCTGTTC-1_1_1_1_1_1,DC,Isg15+ Neu,-0.215784021,0.608003214
TACTGCCTCTTGTTAC-1_1_1_1_1_1,DC,Mmp8+ Neu,4.553137123,-3.738736913
TACTTACAGATGACCG-1_1_1_1_1_1,DC,Cstdc4+ Neu,-0.755578757,-3.781280801
TACTTACAGTTTCTTC-1_1_1_1_1_1,DC,Cstdc4+ Neu,0.89319092,-4.023839519
TACTTACGTCGACGCT-1_1_1_1_1_1,DC,Icam1+ Neu,-1.824719608,1.628664687
TACTTCAAGTATGGAT-1_1_1_1_1_1,DC,Csf3r-hi Neu,-1.970346153,3.312637999
TACTTGTGTGAGCGAT-1_1_1_1_1_1,DC,Icam1+ Neu,-5.045236767,1.705114081
TACTTGTTCCATTCGC-1_1_1_1_1_1,DC,Mmp8+ Neu,3.436597645,-1.857203946
TAGACCACACGTAACT-1_1_1_1_1_1,DC,Isg15+ Neu,-0.770161152,-0.500049696
TAGACCACAGCCTACG-1_1_1_1_1_1,DC,Csf3r-hi Neu,1.530221402,3.517605975
TAGACCAGTCGAGATG-1_1_1_1_1_1,DC,Cd14-hi Neu,-2.248165787,0.292979434
TAGACTGCAATGAACA-1_1_1_1_1_1,DC,Cstdc4+ Neu,3.46270281,-2.81773381
TAGACTGTCTGGTCAA-1_1_1_1_1_1,DC,Csf3r-hi Neu,1.800539672,3.133447364
TAGAGTCGTCCGAAAG-1_1_1_1_1_1,DC,Mmp8+ Neu,3.505504667,1.406841471
TAGGAGGCACTGTGAT-1_1_1_1_1_1,DC,Icam1+ Neu,-2.647221506,3.768349841
TAGGTACCATCACCAA-1_1_1_1_1_1,DC,Cd14-hi Neu,-1.677453101,-1.812497422
TAGGTACTCTATGCCC-1_1_1_1_1_1,DC,Cstdc4+ Neu,0.972705543,-4.179074094
TAGGTTGGTCTCGCGA-1_1_1_1_1_1,DC,Mmp8+ Neu,3.469565212,-3.951147363
TAGGTTGTCTTACCAT-1_1_1_1_1_1,DC,Icam1+ Neu,-4.314570606,-0.52095531
TAGTGCACACACCAGC-1_1_1_1_1_1,DC,Mmp8+ Neu,3.39259535,-0.288957939
TAGTGCACATGCTGCG-1_1_1_1_1_1,DC,Mmp8+ Neu,4.386342823,-1.329801217
TATACCTCAGTCAGAG-1_1_1_1_1_1,DC,Isg15+ Neu,-0.935478032,0.610307648
TATACCTTCTACCACC-1_1_1_1_1_1,DC,Mmp8+ Neu,3.553372442,-3.528951928
TATATCCAGTGCCGAA-1_1_1_1_1_1,DC,Cd14-hi Neu,1.047954857,-2.381522701
TATATCCAGTTAACGA-1_1_1_1_1_1,DC,Mmp8+ Neu,4.62649852,0.605161622
TATATCCGTAGGTTTC-1_1_1_1_1_1,DC,Cstdc4+ Neu,1.321117103,-0.95614513
TATATCCGTCTCACAA-1_1_1_1_1_1,DC,Csf3r-hi Neu,2.338509142,2.331922963
TATATCCGTCTGTGCG-1_1_1_1_1_1,DC,Icam1+ Neu,-4.46188277,-1.927459941
TATCAGGTCCATTTCA-1_1_1_1_1_1,DC,Cd14-hi Neu,-3.364793003,-1.680060909
TATCAGGTCGCCATAA-1_1_1_1_1_1,DC,Mmp8+ Neu,5.652996361,-3.951224372
TATCGCCCAGCTACCG-1_1_1_1_1_1,DC,Mmp8+ Neu,6.0036152,-2.447071597
TATCGCCGTCACTACA-1_1_1_1_1_1,DC,Cstdc4+ Neu,-0.737313092,-4.478791759
TATCGCCGTGCTTATG-1_1_1_1_1_1,DC,Cstdc4+ Neu,1.411491453,-4.032649562
TATCTGTAGAGTGTTA-1_1_1_1_1_1,DC,Cd14-hi Neu,-3.947604597,-2.242145464
TATCTGTTCACCGGGT-1_1_1_1_1_1,DC,Isg15+ Neu,0.970623195,1.797372058
TATCTTGCACAGCCAC-1_1_1_1_1_1,DC,Mmp8+ Neu,4.979472458,-2.055115506
TATCTTGCACTCGATA-1_1_1_1_1_1,DC,Mmp8+ Neu,5.074890434,-0.337751314
TATCTTGGTGTTGAGG-1_1_1_1_1_1,DC,Mmp8+ Neu,4.10185939,0.047301963
TATGTTCGTTCCCACT-1_1_1_1_1_1,DC,Icam1+ Neu,-4.09994334,-2.771856115
TATTCCATCAGTCACA-1_1_1_1_1_1,DC,Icam1+ Neu,-1.056141675,2.422427371
TATTGCTAGACCTGGA-1_1_1_1_1_1,DC,Mmp8+ Neu,5.337064087,-2.593091056
TATTGCTTCAACCTTT-1_1_1_1_1_1,DC,Csf3r-hi Neu,0.25164321,3.279061034
TATTGGGAGTACTGGG-1_1_1_1_1_1,DC,Mmp8+ Neu,2.664157211,-0.766373352
TATTTCGCACCTGCAG-1_1_1_1_1_1,DC,Mmp8+ Neu,4.92896682,-1.73364608
TCAAGACCAAGATCCT-1_1_1_1_1_1,DC,Mmp8+ Neu,3.959300816,-0.420603499
TCAAGACGTGGAACAC-1_1_1_1_1_1,DC,Cd14-hi Neu,0.998858273,-1.635377392
TCAAGACTCAAGAATG-1_1_1_1_1_1,DC,Mmp8+ Neu,1.502755344,-0.936535552
TCAAGTGAGGGTAATT-1_1_1_1_1_1,DC,Cd14-hi Neu,-1.29215616,-1.198229492
TCAAGTGCATCGTGGC-1_1_1_1_1_1,DC,Mmp8+ Neu,5.278463661,-1.163527467
TCAATCTTCGTAATGC-1_1_1_1_1_1,DC,Csf3r-hi Neu,0.681850016,3.240409091
TCAATTCCAGGCGTTC-1_1_1_1_1_1,DC,Cd14-hi Neu,1.779604733,-1.607719943
TCAATTCTCACTCCGT-1_1_1_1_1_1,DC,Csf3r-hi Neu,1.865006029,2.543107941
TCAATTCTCAGCGCAC-1_1_1_1_1_1,DC,Csf3r-hi Neu,-1.196104944,0.336884454
TCACAAGGTTTCGACA-1_1_1_1_1_1,DC,Icam1+ Neu,-1.595868409,2.882096961
TCACACCAGTACAGAT-1_1_1_1_1_1,DC,Isg15+ Neu,0.222502946,0.158360555
TCACACCCAAGGTCAG-1_1_1_1_1_1,DC,Isg15+ Neu,0.149728268,1.129023984
TCACACCGTAAGGAGA-1_1_1_1_1_1,DC,Cstdc4+ Neu,-1.621125639,-3.742049739
TCACACCGTAGAGGAA-1_1_1_1_1_1,DC,Isg15+ Neu,-0.234672726,0.570073798
TCACACCTCCGAGAAG-1_1_1_1_1_1,DC,Cd14-hi Neu,-0.279175006,-2.022082314
TCACATTCAACGGTAG-1_1_1_1_1_1,DC,Cstdc4+ Neu,-0.822355628,-4.332218454
TCACGCTAGGAGAGTA-1_1_1_1_1_1,DC,Cd14-hi Neu,-1.567868174,-2.321000859
TCACGCTGTAACGCGA-1_1_1_1_1_1,DC,Cstdc4+ Neu,0.145736873,-4.727023885
TCACGGGAGCCTTCTC-1_1_1_1_1_1,DC,Icam1+ Neu,-4.130612314,3.321921065
TCACTATGTGGTCTCG-1_1_1_1_1_1,DC,Cstdc4+ Neu,1.884318649,-3.967131421
TCACTATTCTACTCAT-1_1_1_1_1_1,DC,Cstdc4+ Neu,0.07832086,-3.565166995
TCACTCGGTTATCCAG-1_1_1_1_1_1,DC,Icam1+ Neu,-3.399787128,-0.070836112
TCAGCCTCAGACCAAG-1_1_1_1_1_1,DC,Cd14-hi Neu,-1.289894402,-1.158365317
TCAGGGCTCGCTGTCT-1_1_1_1_1_1,DC,Cstdc4+ Neu,1.968697607,-3.980971143
TCAGGTAAGTCCCTAA-1_1_1_1_1_1,DC,Mmp8+ Neu,4.749327957,1.388386443
TCAGGTACACTGTGAT-1_1_1_1_1_1,DC,Isg15+ Neu,-0.848552943,-0.608831093
TCAGGTAGTTAAGGGC-1_1_1_1_1_1,DC,Icam1+ Neu,-4.106021107,-1.903229341
TCAGTGAAGAATCGAT-1_1_1_1_1_1,DC,Cstdc4+ Neu,0.164878189,-4.578945205
TCAGTGAGTTACCGTA-1_1_1_1_1_1,DC,Isg15+ Neu,-2.629793585,-0.079712555
TCAGTTTAGATTAGAC-1_1_1_1_1_1,DC,Mmp8+ Neu,3.040915787,-1.9233443
TCATACTGTGTGCTTA-1_1_1_1_1_1,DC,Isg15+ Neu,2.133311092,0.561561539
TCATATCGTTGCATTG-1_1_1_1_1_1,DC,Cd14-hi Neu,0.274859815,-1.573733732
TCATCATAGTTGGAGC-1_1_1_1_1_1,DC,Mmp8+ Neu,5.703064739,-2.081585452
TCATCATCATACGCAT-1_1_1_1_1_1,DC,Icam1+ Neu,-4.34150666,-2.642662689
TCATCCGAGAGATTCA-1_1_1_1_1_1,DC,Cstdc4+ Neu,-1.440109671,-3.922750995
TCATCCGGTAGCGAGT-1_1_1_1_1_1,DC,Csf3r-hi Neu,0.70017308,1.810526803
TCATCCGGTCAGTCCG-1_1_1_1_1_1,DC,Icam1+ Neu,-2.45338887,2.069578603
TCATCCGGTGTTAAAG-1_1_1_1_1_1,DC,Cd14-hi Neu,2.030272305,-0.039711878
TCATGAGGTTGGTACT-1_1_1_1_1_1,DC,Icam1+ Neu,-2.019535125,3.974941924
TCATGCCCACGACGCT-1_1_1_1_1_1,DC,Mmp8+ Neu,4.123698532,-1.317354009
TCATGCCGTTGGATCT-1_1_1_1_1_1,DC,Cstdc4+ Neu,-1.842879832,-3.990232274
TCATTCAAGTAACAGT-1_1_1_1_1_1,DC,Cd14-hi Neu,-0.621063263,-2.913264796
TCATTCATCTTAGCAG-1_1_1_1_1_1,DC,Mmp8+ Neu,6.485727131,-1.92441313
TCATTCATCTTCGTAT-1_1_1_1_1_1,DC,Cstdc4+ Neu,0.959122598,-3.933014915
TCATTTGCACGGATCC-1_1_1_1_1_1,DC,Mmp8+ Neu,5.011730492,-0.196436033
TCATTTGGTCCCGTGA-1_1_1_1_1_1,DC,Icam1+ Neu,-4.875783146,4.287712767
TCATTTGTCACAATGC-1_1_1_1_1_1,DC,Isg15+ Neu,-0.492631376,-0.102234766
TCCACCAAGTGCTACT-1_1_1_1_1_1,DC,Mmp8+ Neu,4.868739903,0.810411289
TCCACGTTCGAGTACT-1_1_1_1_1_1,DC,Mmp8+ Neu,6.186831772,-3.235685394
TCCAGAAGTCATCACA-1_1_1_1_1_1,DC,Cstdc4+ Neu,1.163616478,-4.059745834
TCCAGAATCATACGGT-1_1_1_1_1_1,DC,Csf3r-hi Neu,-0.169551297,0.582331612
TCCATCGAGGATTACA-1_1_1_1_1_1,DC,Csf3r-hi Neu,1.510036528,3.294127658
TCCATCGCAGGCCTGT-1_1_1_1_1_1,DC,Isg15+ Neu,-3.311914146,-1.158459209
TCCATCGGTCGTCATA-1_1_1_1_1_1,DC,Icam1+ Neu,-3.61550802,3.276233866
TCCATGCTCGTGCACG-1_1_1_1_1_1,DC,Cd14-hi Neu,-1.641253293,-3.222035215
TCCCACAGTATGGAGC-1_1_1_1_1_1,DC,Cd14-hi Neu,1.260135114,-1.646385536
TCCCAGTAGGAATGTT-1_1_1_1_1_1,DC,Icam1+ Neu,-3.107031525,3.038060382
TCCCAGTAGGTTCACT-1_1_1_1_1_1,DC,Icam1+ Neu,-2.738168419,1.699720338
TCCCAGTCATGGTACT-1_1_1_1_1_1,DC,Mmp8+ Neu,1.143309295,-1.017613534
TCCGGGACAAAGGCTG-1_1_1_1_1_1,DC,Isg15+ Neu,0.103772193,0.035288408
TCCGTGTTCCGTGACG-1_1_1_1_1_1,DC,Mmp8+ Neu,5.313936054,-0.318535135
TCCTAATGTACTCCCT-1_1_1_1_1_1,DC,Icam1+ Neu,-1.723601997,1.340839818
TCCTCCCGTACCCGAC-1_1_1_1_1_1,DC,Icam1+ Neu,-5.020892322,-1.12986574
TCCTCCCGTTCCAGGC-1_1_1_1_1_1,DC,Cd14-hi Neu,-1.974642814,0.760830477
TCCTCCCTCTTTACAC-1_1_1_1_1_1,DC,Cstdc4+ Neu,1.499339044,-3.660388753
TCCTCGACAATGAGCG-1_1_1_1_1_1,DC,Csf3r-hi Neu,0.10015285,3.485513404
TCCTCGAGTTAGTTCG-1_1_1_1_1_1,DC,Mmp8+ Neu,5.76924783,-1.395847127
TCCTCTTCACAGTATC-1_1_1_1_1_1,DC,Csf3r-hi Neu,-0.204478288,2.898963645
TCCTGCAGTAGAATGT-1_1_1_1_1_1,DC,Cd14-hi Neu,0.891322076,-2.468816325
TCCTGCAGTTCGGTTA-1_1_1_1_1_1,DC,Mmp8+ Neu,5.583475411,-0.558830783
TCCTGCAGTTGTCAGT-1_1_1_1_1_1,DC,Icam1+ Neu,-3.439441622,-2.606218621
TCCTGCATCTGTAACG-1_1_1_1_1_1,DC,Isg15+ Neu,-1.637599409,0.038916066
TCCTTCTGTGACGCCT-1_1_1_1_1_1,DC,Icam1+ Neu,-3.702860296,2.401881173
TCCTTCTGTTCGCGTG-1_1_1_1_1_1,DC,Mmp8+ Neu,5.476406395,-0.332283184
TCCTTCTTCAAGTCGT-1_1_1_1_1_1,DC,Mmp8+ Neu,2.197431147,0.89560993
TCGAACAAGCACCGAA-1_1_1_1_1_1,DC,Icam1+ Neu,-3.328051269,-3.44217448
TCGAACAGTGGCTCTG-1_1_1_1_1_1,DC,Mmp8+ Neu,4.313792049,-2.094332025
TCGAAGTAGTAACGTA-1_1_1_1_1_1,DC,Mmp8+ Neu,4.766893208,-2.078807876
TCGAAGTCAAAGCTAA-1_1_1_1_1_1,DC,Mmp8+ Neu,5.582530319,-0.255114243
TCGAAGTTCACTCCGT-1_1_1_1_1_1,DC,Icam1+ Neu,-2.811214865,-2.389658258
TCGACCTAGTAGAATC-1_1_1_1_1_1,DC,Mmp8+ Neu,1.404262483,1.030846789
TCGACCTAGTTTGCTG-1_1_1_1_1_1,DC,Cstdc4+ Neu,-1.803502381,-4.254040286
TCGACCTGTGATGTAA-1_1_1_1_1_1,DC,Icam1+ Neu,-4.429322422,-2.062103436
TCGACGGTCCGATTAG-1_1_1_1_1_1,DC,Icam1+ Neu,-3.853236378,-1.31060645
TCGACGGTCTCACCCA-1_1_1_1_1_1,DC,Cd14-hi Neu,-0.427316398,-2.089083597
TCGATTTAGTACGAGC-1_1_1_1_1_1,DC,Mmp8+ Neu,3.331372559,-1.888113007
TCGATTTTCAGCTGTA-1_1_1_1_1_1,DC,Csf3r-hi Neu,2.085507452,0.654460743
TCGCACTAGAGGGTGG-1_1_1_1_1_1,DC,Cd14-hi Neu,-1.760976017,-1.5941519
TCGCACTGTACGACAG-1_1_1_1_1_1,DC,Csf3r-hi Neu,1.267340719,1.8900785
TCGCACTGTGTCATGT-1_1_1_1_1_1,DC,Csf3r-hi Neu,-0.598008544,4.258431151
TCGCTCAAGTCTGGAG-1_1_1_1_1_1,DC,Isg15+ Neu,2.583761513,1.908975079
TCGCTCAAGTGTTGTC-1_1_1_1_1_1,DC,Mmp8+ Neu,4.769752323,0.395780995
TCGGATAAGGTAGCCA-1_1_1_1_1_1,DC,Icam1+ Neu,-4.581728161,0.849012687
TCGGATATCCTCACGT-1_1_1_1_1_1,DC,Mmp8+ Neu,2.284221232,-0.298249051
TCGGGTGCACAGCCTG-1_1_1_1_1_1,DC,Mmp8+ Neu,4.027913391,-3.731951282
TCGGTCTCAACGGCCT-1_1_1_1_1_1,DC,Mmp8+ Neu,4.844688713,-0.463993296
TCGGTCTCATCTGGGC-1_1_1_1_1_1,DC,Mmp8+ Neu,4.75275594,1.336359933
TCGTCCACAAATCAGA-1_1_1_1_1_1,DC,Csf3r-hi Neu,-0.530233741,3.584306433
TCGTCCAGTAGTTACC-1_1_1_1_1_1,DC,Isg15+ Neu,-0.650045932,0.682334616
TCGTGGGAGCTGACAG-1_1_1_1_1_1,DC,Cd14-hi Neu,0.252962887,-1.245594248
TCGTGGGCATAGAATG-1_1_1_1_1_1,DC,Icam1+ Neu,-4.237621487,-1.266916678
TCGTGGGGTCGAGCTC-1_1_1_1_1_1,DC,Icam1+ Neu,-5.37448901,1.723560288
TCTACATAGTTGCGAG-1_1_1_1_1_1,DC,Mmp8+ Neu,1.786376535,-1.221092224
TCTACCGAGGGTCACA-1_1_1_1_1_1,DC,Mmp8+ Neu,5.373911202,-1.188699872
TCTACCGCAGAGGACT-1_1_1_1_1_1,DC,Mmp8+ Neu,4.363940537,-0.840356142
TCTACCGTCGGAAACG-1_1_1_1_1_1,DC,Cd14-hi Neu,1.435692131,-2.298332855
TCTACCGTCGTTAGAC-1_1_1_1_1_1,DC,Isg15+ Neu,0.144301235,-0.276513383
TCTATACGTTAAGTCC-1_1_1_1_1_1,DC,Icam1+ Neu,-3.172050417,-0.222256646
TCTATCAAGGCCTTCG-1_1_1_1_1_1,DC,Csf3r-hi Neu,2.495851099,2.514400676
TCTATCACAGAACTCT-1_1_1_1_1_1,DC,Icam1+ Neu,-3.9939937,1.276736453
TCTCACGGTTGTCTAG-1_1_1_1_1_1,DC,Icam1+ Neu,-4.331500233,0.852831557
TCTCAGCAGCAAGTCG-1_1_1_1_1_1,DC,Icam1+ Neu,-3.345512808,0.520672753
TCTCCGACATACTGTG-1_1_1_1_1_1,DC,Icam1+ Neu,-2.912607134,2.411269858
TCTCTGGAGTAGCTCT-1_1_1_1_1_1,DC,Cstdc4+ Neu,0.452268004,-4.536542222
TCTCTGGCAGACTCTA-1_1_1_1_1_1,DC,Icam1+ Neu,-1.186828912,2.352279618
TCTCTGGGTGGTAATA-1_1_1_1_1_1,DC,Csf3r-hi Neu,1.959350407,1.909876063
TCTGCCAAGCCAACCC-1_1_1_1_1_1,DC,Mmp8+ Neu,3.524165213,-2.001945541
TCTGCCAAGGTCGCCT-1_1_1_1_1_1,DC,Csf3r-hi Neu,0.409484863,3.920159056
TCTGGCTTCCTTGACC-1_1_1_1_1_1,DC,Isg15+ Neu,0.606232106,0.37221761
TCTGGCTTCTCGAGTA-1_1_1_1_1_1,DC,Csf3r-hi Neu,1.15875858,2.784708216
TCTGTCGTCATTGCTT-1_1_1_1_1_1,DC,Csf3r-hi Neu,1.318819105,2.261410191
TCTGTCGTCTTGGATG-1_1_1_1_1_1,DC,Cstdc4+ Neu,0.191275864,-4.831031368
TCTTAGTAGACCAGCA-1_1_1_1_1_1,DC,Isg15+ Neu,0.338933289,0.161438062
TCTTAGTCATGGACAG-1_1_1_1_1_1,DC,Icam1+ Neu,-5.914898575,2.064434245
TCTTAGTGTGGCAGAT-1_1_1_1_1_1,DC,Icam1+ Neu,-5.095689476,-1.546593026
TCTTCCTAGTAGTCAA-1_1_1_1_1_1,DC,Mmp8+ Neu,4.534331142,-1.832287953
TCTTCCTCAGCCCACA-1_1_1_1_1_1,DC,Csf3r-hi Neu,-0.407682121,1.621121362
TCTTGCGGTATGCAAA-1_1_1_1_1_1,DC,Cstdc4+ Neu,0.007608369,-4.685365245
TCTTGCGGTTCAAGGG-1_1_1_1_1_1,DC,Csf3r-hi Neu,-0.053535179,2.003188565
TCTTTGAAGTAGCTCT-1_1_1_1_1_1,DC,Mmp8+ Neu,6.017381012,-2.657589957
TCTTTGATCTGTCGTC-1_1_1_1_1_1,DC,Cd14-hi Neu,-2.420262278,-0.835283146
TGAACGTCACAAAGCG-1_1_1_1_1_1,DC,Csf3r-hi Neu,0.672347962,3.828576758
TGAATGCAGACGACTG-1_1_1_1_1_1,DC,Icam1+ Neu,-3.118331373,2.082519725
TGAATGCAGCGCTGAA-1_1_1_1_1_1,DC,Mmp8+ Neu,3.540966808,-1.352984026
TGAATGCTCATCCCGT-1_1_1_1_1_1,DC,Isg15+ Neu,-0.386003316,-0.278925941
TGAATGCTCGAGTGAG-1_1_1_1_1_1,DC,Csf3r-hi Neu,2.190935432,1.078140214
TGACAGTCAGCATGCC-1_1_1_1_1_1,DC,Isg15+ Neu,0.047081589,0.110074117
TGACAGTGTGCTCCGA-1_1_1_1_1_1,DC,Mmp8+ Neu,4.566729843,-0.316530451
TGACCCTGTTCGAACT-1_1_1_1_1_1,DC,Icam1+ Neu,-3.191659391,0.357007816
TGACGCGAGGAGTATT-1_1_1_1_1_1,DC,Icam1+ Neu,-3.977393568,-1.167253033
TGACGCGTCTTACCAT-1_1_1_1_1_1,DC,Isg15+ Neu,-2.884524525,-0.869353369
TGACTCCCACAGTGTT-1_1_1_1_1_1,DC,Cstdc4+ Neu,0.932332217,-3.820793435
TGACTCCGTCGAAGCA-1_1_1_1_1_1,DC,Cd14-hi Neu,-0.71703291,-0.990518794
TGACTCCTCCGATGTA-1_1_1_1_1_1,DC,Icam1+ Neu,-1.778167665,0.992734149
TGAGACTAGGGTACAC-1_1_1_1_1_1,DC,Mmp8+ Neu,4.603449642,-0.963625387
TGAGACTGTGAATATG-1_1_1_1_1_1,DC,Icam1+ Neu,-3.289408863,2.212149813
TGAGCATAGGTGATAT-1_1_1_1_1_1,DC,Csf3r-hi Neu,-1.547947228,2.099738076
TGAGCATGTTTCGGCG-1_1_1_1_1_1,DC,Cd14-hi Neu,-0.606227339,-2.259070203
TGAGCGCGTTAAGCAA-1_1_1_1_1_1,DC,Icam1+ Neu,-1.899744809,0.613519504
TGAGGAGTCCGGTAGC-1_1_1_1_1_1,DC,Cstdc4+ Neu,1.720812141,-3.459542558
TGAGGAGTCTCTGAGA-1_1_1_1_1_1,DC,Cstdc4+ Neu,0.212519854,-4.358840511
TGAGGGAAGAAGCGAA-1_1_1_1_1_1,DC,Mmp8+ Neu,2.902891457,0.125571683
TGAGGTTAGTTCTCTT-1_1_1_1_1_1,DC,Icam1+ Neu,-2.488211811,0.133666947
TGAGTCAAGGGACCAT-1_1_1_1_1_1,DC,Mmp8+ Neu,2.914337456,-1.87629281
TGAGTCATCTGGCTGG-1_1_1_1_1_1,DC,Icam1+ Neu,-1.300818026,2.254181102
TGATCAGCACAGCCTG-1_1_1_1_1_1,DC,Icam1+ Neu,-1.645769418,2.206903889
TGATCAGGTCGCGTTG-1_1_1_1_1_1,DC,Mmp8+ Neu,5.579611122,-2.393621371
TGATCAGGTGCAGATG-1_1_1_1_1_1,DC,Mmp8+ Neu,6.547343075,-2.245159552
TGATCAGTCAAACCCA-1_1_1_1_1_1,DC,Icam1+ Neu,-1.338636101,1.075587943
TGATCTTCAAGAGTAT-1_1_1_1_1_1,DC,Mmp8+ Neu,1.764886319,-0.517700658
TGATCTTGTCCCACGA-1_1_1_1_1_1,DC,Mmp8+ Neu,6.335451901,-2.094607279
TGATGCATCAGGACAG-1_1_1_1_1_1,DC,Cstdc4+ Neu,-1.544677079,-4.100628898
TGATGGTCAACACGTT-1_1_1_1_1_1,DC,Mmp8+ Neu,6.826197445,-2.878544137
TGATTCTAGGCAGGTT-1_1_1_1_1_1,DC,Mmp8+ Neu,3.579708159,0.421176031
TGATTCTGTCCACACG-1_1_1_1_1_1,DC,Cstdc4+ Neu,2.499073565,-3.426601455
TGCACGGCAGCGCTTG-1_1_1_1_1_1,DC,Icam1+ Neu,-4.879192532,3.391315177
TGCAGATAGGCTAACG-1_1_1_1_1_1,DC,Icam1+ Neu,-4.227829636,1.788037255
TGCAGGCAGATGCCGA-1_1_1_1_1_1,DC,Icam1+ Neu,-1.454171002,2.832210734
TGCAGTAAGTAGTCTC-1_1_1_1_1_1,DC,Cd14-hi Neu,1.918794691,-1.342949704
TGCATCCAGGCTAAAT-1_1_1_1_1_1,DC,Csf3r-hi Neu,2.594751179,3.134748652
TGCATGATCGCGGTAC-1_1_1_1_1_1,DC,Mmp8+ Neu,3.559696257,-3.453369662
TGCATGATCGGTCAGC-1_1_1_1_1_1,DC,Icam1+ Neu,-3.90017742,-1.883593366
TGCATGATCTGGGCGT-1_1_1_1_1_1,DC,Mmp8+ Neu,5.439631283,0.309874728
TGCCGAGAGGAGGGTG-1_1_1_1_1_1,DC,Isg15+ Neu,-2.115046442,0.176316097
TGCCGAGAGGGTACAC-1_1_1_1_1_1,DC,Mmp8+ Neu,2.870009481,0.351223543
TGCCGAGAGTCTGGTT-1_1_1_1_1_1,DC,Icam1+ Neu,-3.046314419,-0.341996119
TGCGATAGTTTACTGG-1_1_1_1_1_1,DC,Mmp8+ Neu,4.124233067,-0.100587711
TGCGATATCGTCCTTG-1_1_1_1_1_1,DC,Mmp8+ Neu,4.565303146,-1.31373547
TGCGGGTCATAGGCGA-1_1_1_1_1_1,DC,Cd14-hi Neu,-1.73596114,-0.855731368
TGCTCGTAGGTGCAGT-1_1_1_1_1_1,DC,Cd14-hi Neu,-1.381689609,-1.879043386
TGCTCGTTCGGTCTAA-1_1_1_1_1_1,DC,Icam1+ Neu,-4.062833727,0.472534492
TGCTTGCTCGACATAC-1_1_1_1_1_1,DC,Icam1+ Neu,-1.596726597,0.908666566
TGGAGGAAGCTAATCC-1_1_1_1_1_1,DC,Cstdc4+ Neu,-2.322429121,-3.909055993
TGGATGTTCCACGGGT-1_1_1_1_1_1,DC,Isg15+ Neu,0.841358959,-0.122970447
TGGCGTGTCCAACTAG-1_1_1_1_1_1,DC,Icam1+ Neu,-2.775276125,1.683529809
TGGGAAGCATCCGTTC-1_1_1_1_1_1,DC,Isg15+ Neu,-0.924881757,1.069292023
TGGGAGAAGTAATCCC-1_1_1_1_1_1,DC,Csf3r-hi Neu,1.466671407,3.525747016
TGGGAGAAGTACAGCG-1_1_1_1_1_1,DC,Cstdc4+ Neu,0.144443243,-3.310737893
TGGGATTTCGAACGGA-1_1_1_1_1_1,DC,Mmp8+ Neu,4.889688313,-3.730348394
TGGGCGTAGGAAAGAC-1_1_1_1_1_1,DC,Mmp8+ Neu,2.006949484,-0.356466934
TGGGCGTCATGGTACT-1_1_1_1_1_1,DC,Cstdc4+ Neu,0.412254691,-4.649754808
TGGGCGTGTCCCGGTA-1_1_1_1_1_1,DC,Cd14-hi Neu,-1.837205828,-2.878828928
TGGGCGTGTGCCCACA-1_1_1_1_1_1,DC,Mmp8+ Neu,7.694464504,-4.585991904
TGGGCGTTCGTCGATA-1_1_1_1_1_1,DC,Cstdc4+ Neu,-1.846797288,-4.212602184
TGGGCTGAGGTCGTGA-1_1_1_1_1_1,DC,Cd14-hi Neu,-1.273719371,-1.935576365
TGGGTTAGTACAGTCT-1_1_1_1_1_1,DC,Icam1+ Neu,-4.325216473,0.20636709
TGGGTTAGTCGAATTC-1_1_1_1_1_1,DC,Csf3r-hi Neu,1.21309787,2.478355601
TGGGTTATCGCCGATG-1_1_1_1_1_1,DC,Csf3r-hi Neu,-1.395077765,4.179813578
TGGTAGTTCGAACGGA-1_1_1_1_1_1,DC,Icam1+ Neu,-3.346360863,0.860290005
TGGTAGTTCTTCCAGC-1_1_1_1_1_1,DC,Mmp8+ Neu,4.865793049,1.172763541
TGGTTAGCATCGCTCT-1_1_1_1_1_1,DC,Mmp8+ Neu,2.908306658,-0.876550943
TGGTTAGCATGATAGA-1_1_1_1_1_1,DC,Cstdc4+ Neu,-0.216339361,-4.754752443
TGGTTAGTCGACACCG-1_1_1_1_1_1,DC,Csf3r-hi Neu,2.232633173,2.26303716
TGTAACGGTGGCGCTT-1_1_1_1_1_1,DC,Isg15+ Neu,-0.220704712,0.012317851
TGTAAGCAGGATACCG-1_1_1_1_1_1,DC,Icam1+ Neu,-6.087777317,0.927647784
TGTAAGCGTTCTCACC-1_1_1_1_1_1,DC,Mmp8+ Neu,3.415996849,1.036151841
TGTAAGCTCCACTGAA-1_1_1_1_1_1,DC,Icam1+ Neu,-6.114052952,2.269368604
TGTAGACAGTATAACG-1_1_1_1_1_1,DC,Mmp8+ Neu,5.9627164,-2.124506876
TGTAGACAGTCATAGA-1_1_1_1_1_1,DC,Cstdc4+ Neu,1.059444248,-3.973537729
TGTAGACGTGTGATGG-1_1_1_1_1_1,DC,Icam1+ Neu,-3.909257591,1.551855996
TGTAGACTCGTACCTC-1_1_1_1_1_1,DC,Mmp8+ Neu,5.241325676,-2.32389991
TGTCCACAGCCTATCA-1_1_1_1_1_1,DC,Cstdc4+ Neu,1.860384523,-2.945735738
TGTCCACAGGTAGATT-1_1_1_1_1_1,DC,Icam1+ Neu,-5.363177479,-1.02758405
TGTCCACGTACACTCA-1_1_1_1_1_1,DC,Cstdc4+ Neu,0.379205882,-3.325615689
TGTCCACGTATACGGG-1_1_1_1_1_1,DC,Cd14-hi Neu,-1.823424161,-2.205975935
TGTCCTGCACCCTAAA-1_1_1_1_1_1,DC,Icam1+ Neu,-4.642222584,1.466826632
TGTGAGTAGCCTTTGA-1_1_1_1_1_1,DC,Mmp8+ Neu,7.619073212,-4.427247569
TGTGAGTCACATATCG-1_1_1_1_1_1,DC,Isg15+ Neu,1.458835423,-0.108923301
TGTGATGCAAGTGCAG-1_1_1_1_1_1,DC,Cd14-hi Neu,-0.33163099,-1.605631635
TGTGGCGCAATCCTTT-1_1_1_1_1_1,DC,Csf3r-hi Neu,1.965035259,1.245920613
TGTGGCGCAGTTAGGG-1_1_1_1_1_1,DC,Cstdc4+ Neu,1.512463152,-2.898253844
TGTTCATAGGCCTGAA-1_1_1_1_1_1,DC,Isg15+ Neu,1.926913082,1.230944827
TGTTCATGTCGATTCA-1_1_1_1_1_1,DC,Mmp8+ Neu,4.878097355,-1.561332777
TGTTCATTCTTGGTGA-1_1_1_1_1_1,DC,Csf3r-hi Neu,0.935736358,2.321671918
TGTTCTAAGCGATGGT-1_1_1_1_1_1,DC,Csf3r-hi Neu,2.929768622,1.075503066
TGTTTGTAGTCACACT-1_1_1_1_1_1,DC,Csf3r-hi Neu,-0.25596805,2.868054822
TTAATCCCAATCAAGA-1_1_1_1_1_1,DC,Icam1+ Neu,-3.484761417,-3.236354873
TTAATCCCACTCTGCT-1_1_1_1_1_1,DC,Isg15+ Neu,-0.692935527,0.494810655
TTACAGGAGGCTTCCG-1_1_1_1_1_1,DC,Isg15+ Neu,1.385534823,0.31449528
TTACAGGGTGTTGAGG-1_1_1_1_1_1,DC,Csf3r-hi Neu,1.838481724,2.973407462
TTACCGCAGATACAGT-1_1_1_1_1_1,DC,Icam1+ Neu,-4.682049454,-1.308931634
TTACGCCTCGGTGTTA-1_1_1_1_1_1,DC,Icam1+ Neu,-1.636962474,1.629718735
TTACTGTAGCCTTTGA-1_1_1_1_1_1,DC,Mmp8+ Neu,2.301482737,-0.428449259
TTAGGCATCCTCTCTT-1_1_1_1_1_1,DC,Cstdc4+ Neu,-1.717487038,-0.119394169
TTAGGGTAGGATCACG-1_1_1_1_1_1,DC,Csf3r-hi Neu,1.891650021,0.642759278
TTAGGGTAGTGTTCCA-1_1_1_1_1_1,DC,Icam1+ Neu,-5.364681423,4.076511576
TTAGGGTTCAGCGGAA-1_1_1_1_1_1,DC,Icam1+ Neu,-5.076902569,-1.454137579
TTATTGCCACACGGAA-1_1_1_1_1_1,DC,Icam1+ Neu,-4.047459305,2.030495122
TTCAATCCACAACGAG-1_1_1_1_1_1,DC,Cstdc4+ Neu,-1.687288702,-3.500106857
TTCACCGGTATATGGA-1_1_1_1_1_1,DC,Cstdc4+ Neu,-1.931286991,-4.388903901
TTCACCGTCAGCACCG-1_1_1_1_1_1,DC,Icam1+ Neu,-2.881934584,2.554336026
TTCACCGTCCACGTGG-1_1_1_1_1_1,DC,Icam1+ Neu,-5.4588148,2.916015103
TTCCAATAGATAGTCA-1_1_1_1_1_1,DC,Isg15+ Neu,-0.003824875,-0.201233372
TTCCAATAGGCCCAAA-1_1_1_1_1_1,DC,Mmp8+ Neu,7.051159203,-3.29761009
TTCCAATGTCCAGCCA-1_1_1_1_1_1,DC,Csf3r-hi Neu,0.468197763,3.660582259
TTCCACGAGGATGAGA-1_1_1_1_1_1,DC,Icam1+ Neu,-4.31188792,-2.607145712
TTCCACGAGGTAGTCG-1_1_1_1_1_1,DC,Mmp8+ Neu,3.799695313,-3.125762269
TTCCACGCAGACTGCC-1_1_1_1_1_1,DC,Isg15+ Neu,2.4550305,1.193040326
TTCCGTGAGTCAAGCG-1_1_1_1_1_1,DC,Icam1+ Neu,-3.31041497,-3.517693565
TTCCGTGGTCGTGGTC-1_1_1_1_1_1,DC,Mmp8+ Neu,4.393855869,-2.496545479
TTCCGTGTCCGGGACT-1_1_1_1_1_1,DC,Cstdc4+ Neu,-1.428604305,-4.287155912
TTCCTAAGTCATTGCA-1_1_1_1_1_1,DC,Icam1+ Neu,-4.932549179,-1.012823906
TTCCTAAGTTTACTTC-1_1_1_1_1_1,DC,Mmp8+ Neu,4.972153008,0.670105055
TTCCTCTAGATGCCGA-1_1_1_1_1_1,DC,Icam1+ Neu,-1.669901789,1.859796002
TTCCTCTCATAGATCC-1_1_1_1_1_1,DC,Cd14-hi Neu,-2.186587513,-2.293773696
TTCCTCTTCATTACCT-1_1_1_1_1_1,DC,Mmp8+ Neu,7.446911156,-4.269139335
TTCCTTCCACTCTAGA-1_1_1_1_1_1,DC,Icam1+ Neu,-3.67724675,-3.012407229
TTCCTTCCATACCGTA-1_1_1_1_1_1,DC,Cd14-hi Neu,-1.978413642,-1.981031522
TTCCTTCGTACTGAGG-1_1_1_1_1_1,DC,Mmp8+ Neu,3.367543757,-1.323489979
TTCCTTCTCGACGCGT-1_1_1_1_1_1,DC,Cstdc4+ Neu,2.717298567,-3.172405765
TTCCTTCTCGTAGTCA-1_1_1_1_1_1,DC,Cstdc4+ Neu,-2.84574169,-3.840484903
TTCGCTGAGAGGTGCT-1_1_1_1_1_1,DC,Icam1+ Neu,-3.975311935,-1.9189782
TTCGCTGGTCGAGATG-1_1_1_1_1_1,DC,Mmp8+ Neu,6.498623192,-1.907647297
TTCGGTCTCCCGAGGT-1_1_1_1_1_1,DC,Mmp8+ Neu,6.421235859,-1.802432582
TTCTAACAGGCACTCC-1_1_1_1_1_1,DC,Mmp8+ Neu,4.063796818,-3.804507777
TTCTAACCATCGAAGG-1_1_1_1_1_1,DC,Mmp8+ Neu,4.183093369,-0.762023524
TTCTAACTCTGCCCTA-1_1_1_1_1_1,DC,Icam1+ Neu,-2.100318492,0.503993943
TTCTAGTTCATCTATC-1_1_1_1_1_1,DC,Icam1+ Neu,-3.744030893,1.698624804
TTCTCTCTCTGTCCGT-1_1_1_1_1_1,DC,Mmp8+ Neu,2.507195055,-0.008976147
TTCTGTAAGTCCCTAA-1_1_1_1_1_1,DC,Cd14-hi Neu,0.545369207,-2.09934859
TTCTTCCAGTAATTGG-1_1_1_1_1_1,DC,Isg15+ Neu,-0.276078046,0.152729228
TTCTTCCCACGACTAT-1_1_1_1_1_1,DC,Mmp8+ Neu,3.726214468,-3.521424339
TTCTTCCCAGTGTGCC-1_1_1_1_1_1,DC,Csf3r-hi Neu,-0.266411588,2.547021106
TTCTTGAAGGGTTAGC-1_1_1_1_1_1,DC,Mmp8+ Neu,4.847164452,-2.575958059
TTCTTGAAGGTAAGGA-1_1_1_1_1_1,DC,Mmp8+ Neu,1.892742455,-1.163413406
TTGAACGAGACGAGCT-1_1_1_1_1_1,DC,Mmp8+ Neu,5.451280891,-1.576014802
TTGAACGAGGTCGTCC-1_1_1_1_1_1,DC,Cstdc4+ Neu,0.307748645,-3.625295922
TTGAACGCATACCACA-1_1_1_1_1_1,DC,Cstdc4+ Neu,1.345837414,-3.854069993
TTGAGTGGTGGCGTAA-1_1_1_1_1_1,DC,Csf3r-hi Neu,2.046836912,3.212170317
TTGCATTTCTGCCTGT-1_1_1_1_1_1,DC,Csf3r-hi Neu,1.803576886,1.963539794
TTGCGTCCACTGCACG-1_1_1_1_1_1,DC,Isg15+ Neu,-0.321471036,0.442496016
TTGCTGCAGAATTGCA-1_1_1_1_1_1,DC,Mmp8+ Neu,5.679081261,-2.094486997
TTGCTGCAGATGAATC-1_1_1_1_1_1,DC,Csf3r-hi Neu,-0.835994542,3.983707621
TTGCTGCGTACGCTTA-1_1_1_1_1_1,DC,Csf3r-hi Neu,0.275374442,3.555118277
TTGGGATCACACTGGC-1_1_1_1_1_1,DC,Icam1+ Neu,-3.800553501,-1.533184186
TTGGGATCACGTATAC-1_1_1_1_1_1,DC,Icam1+ Neu,-2.410869062,2.968654826
TTGGGATCATGAATAG-1_1_1_1_1_1,DC,Csf3r-hi Neu,-1.634339393,3.99500294
TTGGTTTTCAGAACCT-1_1_1_1_1_1,DC,Csf3r-hi Neu,1.819129884,2.91645427
TTGTGGACAATGAAAC-1_1_1_1_1_1,DC,Cd14-hi Neu,-1.888279498,-2.004330978
TTGTGGACAGCTGCCA-1_1_1_1_1_1,DC,Icam1+ Neu,-2.477188051,1.258584931
TTGTGTTCATGGACAG-1_1_1_1_1_1,DC,Mmp8+ Neu,1.946807205,0.823781565
TTGTGTTTCATTCCTA-1_1_1_1_1_1,DC,Cd14-hi Neu,-0.101340451,-1.879465983
TTGTGTTTCGGTGTTA-1_1_1_1_1_1,DC,Icam1+ Neu,-4.763392151,2.511286691
TTGTTGTAGTGACACG-1_1_1_1_1_1,DC,Icam1+ Neu,-4.109180868,-0.824648068
TTGTTGTGTACCATAC-1_1_1_1_1_1,DC,Mmp8+ Neu,6.484134018,-2.539471552
TTTACGTCAAGTGATA-1_1_1_1_1_1,DC,Mmp8+ Neu,2.933446467,-1.807653591
TTTACGTGTGTGATGG-1_1_1_1_1_1,DC,Mmp8+ Neu,2.098275721,-0.907334552
TTTACTGGTTGTTTGG-1_1_1_1_1_1,DC,Icam1+ Neu,-2.561222017,1.707218602
TTTACTGGTTTAAGGA-1_1_1_1_1_1,DC,Cd14-hi Neu,-1.369431913,-2.770793125
TTTATGCAGTTTCAGC-1_1_1_1_1_1,DC,Mmp8+ Neu,2.663080513,-1.09203087
TTTATGCGTTCCATTT-1_1_1_1_1_1,DC,Mmp8+ Neu,5.0253461,-1.821543143
TTTATGCGTTCTCAGA-1_1_1_1_1_1,DC,Mmp8+ Neu,2.526914894,1.366555884
TTTCAGTCAATACCCA-1_1_1_1_1_1,DC,Icam1+ Neu,-3.329100788,3.328859523
TTTCATGAGCGGATCA-1_1_1_1_1_1,DC,Isg15+ Neu,-0.860037446,0.464162424
TTTCATGAGTTGAAGT-1_1_1_1_1_1,DC,Icam1+ Neu,-4.495456875,-2.352604315
TTTCATGCAGGTTCAT-1_1_1_1_1_1,DC,Icam1+ Neu,-1.947599709,1.279734328
TTTCATGTCAGCCCAG-1_1_1_1_1_1,DC,Mmp8+ Neu,1.699871838,-1.051896751
TTTCCTCAGACTCTTG-1_1_1_1_1_1,DC,Mmp8+ Neu,7.584170639,-4.340012357
TTTCCTCGTCTATGAC-1_1_1_1_1_1,DC,Csf3r-hi Neu,1.401432931,3.16810055
TTTCCTCTCATCGTAG-1_1_1_1_1_1,DC,Csf3r-hi Neu,2.224624455,2.299149945
TTTCCTCTCTGGACCG-1_1_1_1_1_1,DC,Icam1+ Neu,-0.806326151,1.03614898
TTTGACTAGTGGACGT-1_1_1_1_1_1,DC,Cstdc4+ Neu,2.407541334,-3.049095437
TTTGACTCAGTATGAA-1_1_1_1_1_1,DC,Cstdc4+ Neu,0.579358399,-4.141831443
TTTGGTTGTCGTATGT-1_1_1_1_1_1,DC,Mmp8+ Neu,4.883429348,-2.912297175
TTTGTTGGTTGTTTGG-1_1_1_1_1_1,DC,Csf3r-hi Neu,-0.115911045,3.268582537
ACATGCAAGGTTCTTG-1_2_1_1_1_1,DC,Mmp8+ Neu,5.249060928,-2.638758108
ACCAACACAACCGTGC-1_2_1_1_1_1,DC,Mmp8+ Neu,4.212538063,-2.473873779
ACCCAAACACAGCCTG-1_2_1_1_1_1,DC,Mmp8+ Neu,2.483451902,0.257858947
ACCCTTGGTGCAATGG-1_2_1_1_1_1,DC,Icam1+ Neu,-3.8171255,-2.117981837
ACCCTTGTCTGAGAGG-1_2_1_1_1_1,DC,Mmp8+ Neu,4.369947731,1.078797534
ACCTGAACAACCAACT-1_2_1_1_1_1,DC,Icam1+ Neu,-4.332123459,2.574370339
ACGATGTGTTGGGAAC-1_2_1_1_1_1,DC,Cstdc4+ Neu,1.314666569,-2.895607516
ACGGAAGTCTAGTGTG-1_2_1_1_1_1,DC,Mmp8+ Neu,5.756658852,-3.940316245
ACGGGTCCATCCGATA-1_2_1_1_1_1,DC,Csf3r-hi Neu,-0.432838798,2.506858542
ACGTAACAGCGTTCCG-1_2_1_1_1_1,DC,Isg15+ Neu,1.100722968,0.33475323
ACGTAACCACGTCTCT-1_2_1_1_1_1,DC,Csf3r-hi Neu,1.855171024,2.506313756
ACGTAACTCATTTCCA-1_2_1_1_1_1,DC,Icam1+ Neu,-4.030015409,-3.028573081
ACGTACACAAACCGGA-1_2_1_1_1_1,DC,Isg15+ Neu,-0.727401853,-0.879160539
ACGTCCTAGATCCTAC-1_2_1_1_1_1,DC,Csf3r-hi Neu,0.030344277,3.43280001
ACTATCTTCTGCGGCA-1_2_1_1_1_1,DC,Mmp8+ Neu,6.905091106,-3.197951362
ACTCCCAAGTAAGGGA-1_2_1_1_1_1,DC,Cd14-hi Neu,0.119258105,-0.518157289
ACTTATCGTCCTGAAT-1_2_1_1_1_1,DC,Mmp8+ Neu,4.210859119,0.855130985
ACTTCCGCAACTGGTT-1_2_1_1_1_1,DC,Csf3r-hi Neu,1.386792361,3.239622786
ACTTCGCCAATGTCTG-1_2_1_1_1_1,DC,Mmp8+ Neu,2.567617476,0.84042938
ACTTTCAGTGCAAGAC-1_2_1_1_1_1,DC,Mmp8+ Neu,4.429699719,0.818860009
AGAAATGCACTACACA-1_2_1_1_1_1,DC,Csf3r-hi Neu,3.238466322,1.357582524
AGAAGCGTCCTAGCTC-1_2_1_1_1_1,DC,Mmp8+ Neu,5.217649281,-2.500162766
AGAAGTAAGATGGCGT-1_2_1_1_1_1,DC,Icam1+ Neu,-4.655427158,0.522754147
AGAAGTATCCTACTGC-1_2_1_1_1_1,DC,Mmp8+ Neu,3.575025856,0.904003456
AGACAGGAGCTAAACA-1_2_1_1_1_1,DC,Cd14-hi Neu,1.347074329,-1.768982694
AGACCCGAGGGTTGCA-1_2_1_1_1_1,DC,Icam1+ Neu,-4.387734116,-1.161960036
AGAGAATTCTAGACAC-1_2_1_1_1_1,DC,Icam1+ Neu,-3.622760237,-2.818271801
AGAGAGCCACCGTGGT-1_2_1_1_1_1,DC,Icam1+ Neu,-1.836391271,2.996203616
AGAGAGCCATCCCGTT-1_2_1_1_1_1,DC,Icam1+ Neu,-4.680577457,-1.875415787
AGAGCCCAGACGAAGA-1_2_1_1_1_1,DC,Icam1+ Neu,-4.726596535,-0.841154754
AGAGCCCGTTGCACGC-1_2_1_1_1_1,DC,Icam1+ Neu,-3.590128363,-2.661594913
AGATCCATCAATCCGA-1_2_1_1_1_1,DC,Mmp8+ Neu,7.675967991,-4.548022554
AGCATCAGTGAGTCAG-1_2_1_1_1_1,DC,Isg15+ Neu,-0.570453376,0.303569868
AGCTACAGTATCCTTT-1_2_1_1_1_1,DC,Icam1+ Neu,-1.468507946,2.252070382
AGCTCAAAGCCGTTAT-1_2_1_1_1_1,DC,Isg15+ Neu,0.173598706,0.617721155
AGGAAATGTCCACAGC-1_2_1_1_1_1,DC,Csf3r-hi Neu,0.697307348,2.073421672
AGGAATAAGTCCCTAA-1_2_1_1_1_1,DC,Mmp8+ Neu,3.396456301,-2.575625584
AGGAATATCCTTTAGT-1_2_1_1_1_1,DC,Cstdc4+ Neu,-0.474593997,-4.136374519
AGGATAAAGTAGATCA-1_2_1_1_1_1,DC,Icam1+ Neu,-3.94485873,-2.789442346
AGGATAAGTAGGCAAC-1_2_1_1_1_1,DC,Icam1+ Neu,-2.037012637,2.07336016
AGGATAATCGTACACA-1_2_1_1_1_1,DC,Mmp8+ Neu,4.188965141,-0.674652502
AGGCTGCAGGATGCGT-1_2_1_1_1_1,DC,Csf3r-hi Neu,-1.811332643,3.265089228
AGGCTGCAGGGCAGTT-1_2_1_1_1_1,DC,Icam1+ Neu,-4.126062096,-1.463151589
AGTAACCCAATCCAGT-1_2_1_1_1_1,DC,Cstdc4+ Neu,-0.810998023,-4.198997066
AGTAACCTCCACTAGA-1_2_1_1_1_1,DC,Cd14-hi Neu,-0.729211092,-1.257455737
AGTAGCTAGAGAGTTT-1_2_1_1_1_1,DC,Icam1+ Neu,-3.047817648,-3.685122535
AGTAGTCTCTAGCCAA-1_2_1_1_1_1,DC,Icam1+ Neu,-5.761380375,3.330249503
AGTCACACAAGTCCCG-1_2_1_1_1_1,DC,Cstdc4+ Neu,0.437895953,-3.834107682
AGTCACACAGTAGAAT-1_2_1_1_1_1,DC,Icam1+ Neu,-4.455457867,1.07946296
AGTCATGTCACTTATC-1_2_1_1_1_1,DC,Isg15+ Neu,0.190255135,-0.034138963
AGTCTCCCAACGGGTA-1_2_1_1_1_1,DC,Mmp8+ Neu,4.584854424,0.168899968
AGTCTCCCATTGAGCT-1_2_1_1_1_1,DC,Cd14-hi Neu,-2.399960936,-2.217667267
AGTGCCGCACTGCGTG-1_2_1_1_1_1,DC,Csf3r-hi Neu,0.513134777,2.565662577
AGTGTTGGTCCAAATC-1_2_1_1_1_1,DC,Mmp8+ Neu,5.904867947,-2.430410192
AGTTCCCGTCCAGCAC-1_2_1_1_1_1,DC,Icam1+ Neu,-4.260746181,3.570114329
AGTTCGATCTGTAACG-1_2_1_1_1_1,DC,Mmp8+ Neu,5.828817188,-0.768757001
ATACCGAGTATAATGG-1_2_1_1_1_1,DC,Mmp8+ Neu,5.597506821,-2.201420352
ATACTTCGTTACAGCT-1_2_1_1_1_1,DC,Csf3r-hi Neu,-0.511473865,3.22166796
ATACTTCGTTAGGGTG-1_2_1_1_1_1,DC,Cstdc4+ Neu,1.391584813,-2.272628948
ATACTTCTCTCTTGCG-1_2_1_1_1_1,DC,Icam1+ Neu,-2.970223129,2.868969395
ATATCCTCAGACCAGA-1_2_1_1_1_1,DC,Csf3r-hi Neu,0.764314532,1.846349433
ATCACTTCATGCAGCC-1_2_1_1_1_1,DC,Cstdc4+ Neu,2.837711632,-2.379575059
ATCATTCAGCTAATCC-1_2_1_1_1_1,DC,Icam1+ Neu,-5.238644779,3.16498442
ATCCCTGAGCTCATAC-1_2_1_1_1_1,DC,Csf3r-hi Neu,0.387736916,2.12970443
ATCCGTCTCGATGGAG-1_2_1_1_1_1,DC,Icam1+ Neu,-4.127350271,-2.820891425
ATCGATGTCCTATGGA-1_2_1_1_1_1,DC,Icam1+ Neu,-4.032052219,-2.961380527
ATCGATGTCTCAGTCC-1_2_1_1_1_1,DC,Cd14-hi Neu,-3.416588962,-2.939833567
ATCGTGACAGCTTTGA-1_2_1_1_1_1,DC,Mmp8+ Neu,3.185829937,-1.819838271
ATCGTGAGTCTTTCTA-1_2_1_1_1_1,DC,Icam1+ Neu,-2.06042558,3.769332125
ATGCCTCCAGAGTTCT-1_2_1_1_1_1,DC,Mmp8+ Neu,3.709106266,-0.445355103
ATGGAGGAGGGCGAAG-1_2_1_1_1_1,DC,Mmp8+ Neu,3.999489605,-0.474341795
ATGGGTTAGGCTGTAG-1_2_1_1_1_1,DC,Mmp8+ Neu,5.241078198,-0.772151456
ATGGGTTTCTTCCACG-1_2_1_1_1_1,DC,Icam1+ Neu,-4.06573695,-2.259850547
ATTCCATGTAGGGTAC-1_2_1_1_1_1,DC,Cd14-hi Neu,0.083343863,-1.443833754
ATTCTTGCAGGCCCTA-1_2_1_1_1_1,DC,Icam1+ Neu,-4.097883881,-2.775146649
ATTGGGTCATCTAGAC-1_2_1_1_1_1,DC,Csf3r-hi Neu,0.254988461,3.405687526
ATTGGGTGTATCCTCC-1_2_1_1_1_1,DC,Icam1+ Neu,-2.473442972,2.6924171
ATTTACCAGAGCAGAA-1_2_1_1_1_1,DC,Icam1+ Neu,-3.779132545,-2.809839055
ATTTCACGTCTGCATA-1_2_1_1_1_1,DC,Icam1+ Neu,-5.088092983,-1.64076607
CAACCTCCAACACGAG-1_2_1_1_1_1,DC,Icam1+ Neu,-3.579859913,2.189720586
CAACGGCAGAAATGGG-1_2_1_1_1_1,DC,Csf3r-hi Neu,0.760767936,3.129530623
CAAGACTTCCCTCAAC-1_2_1_1_1_1,DC,Cstdc4+ Neu,0.047112271,-4.177983091
CAAGCTAAGAAATTGC-1_2_1_1_1_1,DC,Icam1+ Neu,-2.110519946,1.139996007
CAAGGGACATCGAACT-1_2_1_1_1_1,DC,Mmp8+ Neu,4.248209774,-3.797549293
CACAACAGTTTCAGAC-1_2_1_1_1_1,DC,Csf3r-hi Neu,2.212435066,2.109710887
CACGGGTGTTTGGCTA-1_2_1_1_1_1,DC,Icam1+ Neu,-4.076018751,-2.719250128
CACGTTCCACTCCGGA-1_2_1_1_1_1,DC,Csf3r-hi Neu,0.415921092,3.181132033
CAGATCACAGTGACCC-1_2_1_1_1_1,DC,Mmp8+ Neu,3.536509096,0.227775171
CAGGTATTCATGAAAG-1_2_1_1_1_1,DC,Csf3r-hi Neu,0.260192096,3.727322295
CATAGACGTGAACGGT-1_2_1_1_1_1,DC,Mmp8+ Neu,2.174608767,-0.723666415
CATCAAGTCATTTACC-1_2_1_1_1_1,DC,Mmp8+ Neu,4.711625874,-0.515974686
CATCCACGTTTCGTTT-1_2_1_1_1_1,DC,Mmp8+ Neu,5.770757019,-1.50413476
CATCCCATCATATGGC-1_2_1_1_1_1,DC,Icam1+ Neu,-2.990262449,-0.655861959
CATCGGGGTGAGATAT-1_2_1_1_1_1,DC,Cstdc4+ Neu,0.432951748,-4.858141706
CATGAGTTCTCAAAGC-1_2_1_1_1_1,DC,Icam1+ Neu,-4.776248634,-2.015503988
CATGCAATCATTTGCT-1_2_1_1_1_1,DC,Isg15+ Neu,0.364620268,0.959895089
CATGCAATCTGTGTGA-1_2_1_1_1_1,DC,Icam1+ Neu,-2.867392242,-3.247839019
CATGCTCGTTCGGCTG-1_2_1_1_1_1,DC,Icam1+ Neu,-4.359673202,-2.078393504
CCACACTCATAATCGC-1_2_1_1_1_1,DC,Cstdc4+ Neu,1.613871038,-3.669804618
CCACACTTCTGCCTGT-1_2_1_1_1_1,DC,Icam1+ Neu,-4.844193161,3.371291831
CCATAAGCACGCAGTC-1_2_1_1_1_1,DC,Csf3r-hi Neu,2.267644465,1.494711116
CCCAACTAGTTAACAG-1_2_1_1_1_1,DC,Csf3r-hi Neu,2.383426964,2.824635699
CCCATTGCACCGTCGA-1_2_1_1_1_1,DC,Mmp8+ Neu,7.633467495,-4.404137418
CCGATCTTCAAGCGTT-1_2_1_1_1_1,DC,Icam1+ Neu,-4.123648346,1.022231057
CCGGTAGGTACGCTTA-1_2_1_1_1_1,DC,Icam1+ Neu,-2.024718702,1.566838696
CCGGTGAAGTGCGTCC-1_2_1_1_1_1,DC,Mmp8+ Neu,1.760954201,0.130587652
CCGTAGGCAAGCTGTT-1_2_1_1_1_1,DC,Icam1+ Neu,-2.449865997,0.613868549
CCGTAGGTCTAGTCAG-1_2_1_1_1_1,DC,Csf3r-hi Neu,0.46851629,1.63079901
CCGTTCATCATCCTGC-1_2_1_1_1_1,DC,Icam1+ Neu,-5.722431839,3.787857726
CCTAACCGTGAGCGAT-1_2_1_1_1_1,DC,Csf3r-hi Neu,2.911514341,1.333089068
CCTCCAAAGCAAGTGC-1_2_1_1_1_1,DC,Mmp8+ Neu,3.593694031,-3.521055028
CCTCCAATCTATTTCG-1_2_1_1_1_1,DC,Mmp8+ Neu,5.571652233,-0.983469509
CCTGCATAGACGGAAA-1_2_1_1_1_1,DC,Icam1+ Neu,-3.29296583,-3.476913259
CCTGTTGCAGTATGAA-1_2_1_1_1_1,DC,Icam1+ Neu,-5.469827831,1.421220734
CCTTCAGAGAAGGATG-1_2_1_1_1_1,DC,Icam1+ Neu,-3.932457626,1.137246564
CGAAGGACAGACCTGC-1_2_1_1_1_1,DC,Csf3r-hi Neu,0.965105474,1.455241158
CGAGGAAGTTCGAACT-1_2_1_1_1_1,DC,Csf3r-hi Neu,0.434455692,3.911916449
CGAGTTAAGGGAGTGG-1_2_1_1_1_1,DC,Icam1+ Neu,-3.337061108,1.856231644
CGAGTTACAAAGTATG-1_2_1_1_1_1,DC,Icam1+ Neu,-3.370406807,-3.460123107
CGATGCGCATTAAGCC-1_2_1_1_1_1,DC,Csf3r-hi Neu,-0.271869384,2.798174575
CGCATAACACTACCCT-1_2_1_1_1_1,DC,Icam1+ Neu,-4.103194178,-1.38917692
CGGCAGTCAATGTTGC-1_2_1_1_1_1,DC,Icam1+ Neu,-3.912421406,-2.771508858
CGGGACTGTGCCCAGT-1_2_1_1_1_1,DC,Isg15+ Neu,-1.705201447,-0.820276723
CGGGTCAAGCTGCGAA-1_2_1_1_1_1,DC,Cd14-hi Neu,-2.017858565,-0.108229384
CGGGTCAAGTCATAGA-1_2_1_1_1_1,DC,Cstdc4+ Neu,0.768260657,-4.305423066
CGGGTCATCTCATTGT-1_2_1_1_1_1,DC,Icam1+ Neu,-2.83715123,3.684043601
CGGGTGTGTCATGGCC-1_2_1_1_1_1,DC,Mmp8+ Neu,5.00828439,0.310077861
CGTAATGTCACTTTGT-1_2_1_1_1_1,DC,Cstdc4+ Neu,0.996079027,-3.621216819
CGTCAAACAACATCGT-1_2_1_1_1_1,DC,Isg15+ Neu,-0.839173854,0.423215583
CGTCAAAGTGAGTTGG-1_2_1_1_1_1,DC,Cstdc4+ Neu,-1.554457009,-3.972627923
CGTGATATCACCACAA-1_2_1_1_1_1,DC,Icam1+ Neu,-3.261666716,3.398368552
CGTGCTTCATATAGCC-1_2_1_1_1_1,DC,Cd14-hi Neu,-0.863356412,-1.260657385
CGTTAGACAACGAGGT-1_2_1_1_1_1,DC,Cstdc4+ Neu,1.074338138,-4.300347373
CGTTGGGTCGGCCTTT-1_2_1_1_1_1,DC,Csf3r-hi Neu,-1.396569074,4.438910678
CTAACCCAGACTTCGT-1_2_1_1_1_1,DC,Icam1+ Neu,-1.693153441,2.467810824
CTACATTGTGGTTTGT-1_2_1_1_1_1,DC,Isg15+ Neu,1.314655482,0.551750615
CTACGGGGTCACTTCC-1_2_1_1_1_1,DC,Cstdc4+ Neu,-2.167379439,-4.171813771
CTAGGTACACATTCTT-1_2_1_1_1_1,DC,Mmp8+ Neu,5.791983902,-1.722336993
CTAGGTACACCTGCGA-1_2_1_1_1_1,DC,Icam1+ Neu,-3.901052893,-2.938287303
CTCAACCAGGCTTCCG-1_2_1_1_1_1,DC,Csf3r-hi Neu,1.314037144,1.956825927
CTCAAGACACGCTGCA-1_2_1_1_1_1,DC,Cstdc4+ Neu,0.537301361,-4.731325671
CTCAAGATCTTAGCAG-1_2_1_1_1_1,DC,Cd14-hi Neu,1.329115808,0.425745323
CTCAATTTCGCCTCTA-1_2_1_1_1_1,DC,Csf3r-hi Neu,0.620340585,3.458631232
CTCAATTTCTCTCAAT-1_2_1_1_1_1,DC,Csf3r-hi Neu,1.664433539,3.147607043
CTCAGAAAGGATACGC-1_2_1_1_1_1,DC,Cstdc4+ Neu,0.415514052,-3.212047622
CTCAGGGTCGTGTGGC-1_2_1_1_1_1,DC,Cd14-hi Neu,0.410057306,-1.289593906
CTCATTAGTGACCGTC-1_2_1_1_1_1,DC,Icam1+ Neu,-3.623775185,-2.34448652
CTCATTATCTGTCCCA-1_2_1_1_1_1,DC,Mmp8+ Neu,6.755509674,-2.584572479
CTCCATGCACTCAGAT-1_2_1_1_1_1,DC,Csf3r-hi Neu,1.598218262,2.566543296
CTCCCAACATAAGCGG-1_2_1_1_1_1,DC,Mmp8+ Neu,3.413059294,-0.086076603
CTCTGGTCATGTCGTA-1_2_1_1_1_1,DC,Mmp8+ Neu,7.503914177,-4.342353866
CTGATCCGTGTGTGTT-1_2_1_1_1_1,DC,Icam1+ Neu,-2.802469194,-0.68610479
CTGATCCGTTGTTTGG-1_2_1_1_1_1,DC,Icam1+ Neu,-5.001134575,3.075586036
CTGCAGGAGCCACTCG-1_2_1_1_1_1,DC,Icam1+ Neu,-1.99575609,2.813417151
CTGCCATAGGCGAAGG-1_2_1_1_1_1,DC,Csf3r-hi Neu,2.111667454,2.330327704
CTGCCTAAGGACTAAT-1_2_1_1_1_1,DC,Csf3r-hi Neu,2.295422375,2.815175727
CTGCGAGCAGTAGTGG-1_2_1_1_1_1,DC,Isg15+ Neu,1.284751355,2.015829757
CTGGACGGTACGTGAG-1_2_1_1_1_1,DC,Mmp8+ Neu,3.856707871,0.744461491
CTGGTCTCACCTCTGT-1_2_1_1_1_1,DC,Icam1+ Neu,-3.990189493,-1.459072963
CTGGTCTCATCCAACA-1_2_1_1_1_1,DC,Icam1+ Neu,-5.850426853,2.892150119
CTGGTCTGTGAGCGAT-1_2_1_1_1_1,DC,Mmp8+ Neu,3.593222677,-3.967419193
CTGTACCGTTACGTAC-1_2_1_1_1_1,DC,Icam1+ Neu,-2.844334543,1.554176286
CTGTATTTCTCATTAC-1_2_1_1_1_1,DC,Csf3r-hi Neu,-0.315643624,1.502737477
CTTCCTTTCGCTACAA-1_2_1_1_1_1,DC,Mmp8+ Neu,5.060954392,-2.186614439
CTTCGGTCAATTGCAC-1_2_1_1_1_1,DC,Isg15+ Neu,3.939849197,-0.41119431
GAAATGAGTGAGATAT-1_2_1_1_1_1,DC,Icam1+ Neu,-5.298319042,1.176960185
GAACACTCAACACAAA-1_2_1_1_1_1,DC,Mmp8+ Neu,4.905721008,-3.228921697
GAAGCCCCAGACACCC-1_2_1_1_1_1,DC,Icam1+ Neu,-6.060659588,1.831881001
GAATAGAGTTGTAAAG-1_2_1_1_1_1,DC,Cd14-hi Neu,-2.278455913,-1.120496165
GACCCAGTCTTACACT-1_2_1_1_1_1,DC,Mmp8+ Neu,4.399346649,-2.219658777
GACCCTTAGATGCCGA-1_2_1_1_1_1,DC,Icam1+ Neu,-3.820071638,-2.996203706
GACCTTCGTCACTGAT-1_2_1_1_1_1,DC,Mmp8+ Neu,5.767076313,-0.234781906
GACGCTGAGTCCCGGT-1_2_1_1_1_1,DC,Mmp8+ Neu,4.252105057,-2.833047793
GACTCTCAGAGCTGCA-1_2_1_1_1_1,DC,Mmp8+ Neu,1.249772965,-1.193175041
GACTGATCACCGTCTT-1_2_1_1_1_1,DC,Icam1+ Neu,-1.857822717,1.15481849
GACTTCCAGTTCATGC-1_2_1_1_1_1,DC,Cd14-hi Neu,0.779994726,-2.103440807
GAGCCTGTCATGCCAA-1_2_1_1_1_1,DC,Icam1+ Neu,-3.568017424,-3.108258054
GAGCTGCCAAGTACCT-1_2_1_1_1_1,DC,Csf3r-hi Neu,-0.038661391,2.83818455
GAGCTGCGTCCGGACT-1_2_1_1_1_1,DC,Cstdc4+ Neu,0.149185836,-3.523274467
GAGCTGCGTGTCCCTT-1_2_1_1_1_1,DC,Cstdc4+ Neu,-2.59532398,-3.940621183
GAGGCAATCGCCACTT-1_2_1_1_1_1,DC,Mmp8+ Neu,6.039038956,-3.583242461
GAGGGATAGGGTTTCT-1_2_1_1_1_1,DC,Icam1+ Neu,-4.371157825,1.615742638
GAGGGTAGTGAACGGT-1_2_1_1_1_1,DC,Cd14-hi Neu,0.162512183,-2.770754382
GATCAGTGTGAGATTA-1_2_1_1_1_1,DC,Icam1+ Neu,-4.720945061,4.438812449
GATCATGAGCGTGTTT-1_2_1_1_1_1,DC,Csf3r-hi Neu,-0.082728506,2.600856259
GATCCCTAGGCCTAGA-1_2_1_1_1_1,DC,Cstdc4+ Neu,0.984332263,-4.572668597
GATGGAGAGACACACG-1_2_1_1_1_1,DC,Icam1+ Neu,-3.941280544,-2.423157975
GATTCTTTCATTCGGA-1_2_1_1_1_1,DC,Mmp8+ Neu,4.88216573,-0.212849602
GATTGGTCAAAGACTA-1_2_1_1_1_1,DC,Csf3r-hi Neu,0.797885,3.043422416
GCAGCTGAGCATCTTG-1_2_1_1_1_1,DC,Mmp8+ Neu,4.991155922,-2.4783303
GCAGTTACAGATTTCG-1_2_1_1_1_1,DC,Icam1+ Neu,-3.817440927,2.150734856
GCATCTCAGGCAATGC-1_2_1_1_1_1,DC,Icam1+ Neu,-4.121587217,-2.725574896
GCCAACGGTCGGCCTA-1_2_1_1_1_1,DC,Cstdc4+ Neu,2.675514996,-3.751028344
GCCAGTGGTCTTCATT-1_2_1_1_1_1,DC,Icam1+ Neu,-2.583136261,2.725852683
GCCTGTTTCTCTCAAT-1_2_1_1_1_1,DC,Icam1+ Neu,-4.705268085,4.402892306
GCGGATCCAGGGAGAG-1_2_1_1_1_1,DC,Cstdc4+ Neu,-2.377039612,-4.052780435
GCGTTTCCAATTGCCA-1_2_1_1_1_1,DC,Isg15+ Neu,-0.575489372,0.177812531
GCTACCTAGCTTTCTT-1_2_1_1_1_1,DC,Cstdc4+ Neu,-1.445156634,-3.95699291
GCTCAAAGTTGCAACT-1_2_1_1_1_1,DC,Cstdc4+ Neu,2.395811617,-2.808316037
GCTTGGGTCGGTTAGT-1_2_1_1_1_1,DC,Cstdc4+ Neu,-3.084183872,-3.657833383
GGAACCCAGACGTCGA-1_2_1_1_1_1,DC,Isg15+ Neu,-1.181452811,-0.279057011
GGAAGTGGTGCGTCGT-1_2_1_1_1_1,DC,Csf3r-hi Neu,-0.357306585,3.549956038
GGAAGTGTCGTAACCA-1_2_1_1_1_1,DC,Cstdc4+ Neu,-0.013873473,-3.435619638
GGACGTCCAGGACGAT-1_2_1_1_1_1,DC,Mmp8+ Neu,1.180473387,1.276312068
GGACGTCTCTGCATAG-1_2_1_1_1_1,DC,Icam1+ Neu,-5.116720379,3.336605265
GGATGTTAGAGCAGCT-1_2_1_1_1_1,DC,Mmp8+ Neu,5.527612984,-2.142550633
GGCAGTCGTGGTCAAG-1_2_1_1_1_1,DC,Icam1+ Neu,-2.482318104,-1.960097537
GGCTTGGAGCGAACTG-1_2_1_1_1_1,DC,Mmp8+ Neu,4.17396146,-0.227311418
GGCTTGGCAACGATTC-1_2_1_1_1_1,DC,Cd14-hi Neu,0.625839054,-1.420897618
GGCTTGGGTTCCAGGC-1_2_1_1_1_1,DC,Icam1+ Neu,-3.781339586,1.648343995
GGGAGTAAGCCTAACT-1_2_1_1_1_1,DC,Cd14-hi Neu,-1.663442672,-0.653764472
GGGAGTATCCTAGCCT-1_2_1_1_1_1,DC,Icam1+ Neu,-1.560887516,3.408954814
GGGCGTTTCGAGAGAC-1_2_1_1_1_1,DC,Csf3r-hi Neu,-0.933934391,3.861296847
GGGCTCATCATTGTTC-1_2_1_1_1_1,DC,Csf3r-hi Neu,1.536975681,2.31275697
GGGTATTCACGGCGTT-1_2_1_1_1_1,DC,Icam1+ Neu,-3.39030999,-2.733105347
GGGTATTCAGCAGATG-1_2_1_1_1_1,DC,Icam1+ Neu,-2.434319437,2.5724978
GGGTCACAGGTATCTC-1_2_1_1_1_1,DC,Icam1+ Neu,-3.553497494,-3.161202237
GGGTCACCACAAATCC-1_2_1_1_1_1,DC,Mmp8+ Neu,3.062484562,0.934793427
GGGTCTGTCGGTCAGC-1_2_1_1_1_1,DC,Icam1+ Neu,-5.103486717,-0.916642458
GGGTGTCTCATGACAC-1_2_1_1_1_1,DC,Mmp8+ Neu,3.120344221,0.346448138
GGGTTATAGGTTAGTA-1_2_1_1_1_1,DC,Cd14-hi Neu,0.99524945,-0.492276654
GGTCACGTCGACACTA-1_2_1_1_1_1,DC,Icam1+ Neu,-5.391571701,4.400116637
GGTCTGGCAGTTCTAG-1_2_1_1_1_1,DC,Csf3r-hi Neu,0.798725605,3.195639804
GTAAGTCAGTTGCATC-1_2_1_1_1_1,DC,Icam1+ Neu,-1.435803712,2.707954839
GTACAACGTATGGAGC-1_2_1_1_1_1,DC,Icam1+ Neu,-2.841860474,2.193608716
GTAGATCTCGTAGTGT-1_2_1_1_1_1,DC,Mmp8+ Neu,5.690252125,0.071291402
GTAGCTAGTCATAAAG-1_2_1_1_1_1,DC,Cstdc4+ Neu,2.181844294,-3.81714277
GTAGGAGGTAAGGCCA-1_2_1_1_1_1,DC,Icam1+ Neu,-3.654679716,-1.917694673
GTATTTCAGAGAGCAA-1_2_1_1_1_1,DC,Cstdc4+ Neu,1.652403771,-3.508146569
GTATTTCGTGGGTTGA-1_2_1_1_1_1,DC,Mmp8+ Neu,4.608222305,0.461957171
GTCAAGTAGGTGATAT-1_2_1_1_1_1,DC,Cd14-hi Neu,-1.940467298,-1.550822035
GTCATGATCCTGTAGA-1_2_1_1_1_1,DC,Icam1+ Neu,-4.572568596,2.686252072
GTCATGATCGATAACC-1_2_1_1_1_1,DC,Icam1+ Neu,-4.91590041,-1.707667873
GTCCACTGTCTCTCAC-1_2_1_1_1_1,DC,Icam1+ Neu,-5.101638973,0.752695396
GTCCCATAGTCTAACC-1_2_1_1_1_1,DC,Cstdc4+ Neu,1.02877134,-4.734477327
GTCCTCACACGCGCTA-1_2_1_1_1_1,DC,Csf3r-hi Neu,-0.405812353,1.133888676
GTCCTCATCACCGCTT-1_2_1_1_1_1,DC,Cd14-hi Neu,0.699287235,-0.922844708
GTCGCGATCAGGCGAA-1_2_1_1_1_1,DC,Isg15+ Neu,0.132268279,-0.021256134
GTCGTAACACGCACCA-1_2_1_1_1_1,DC,Csf3r-hi Neu,0.402855694,2.404931262
GTCTAGATCACGAGGA-1_2_1_1_1_1,DC,Mmp8+ Neu,3.372585833,-3.954100892
GTCTTTAAGGAAGAAC-1_2_1_1_1_1,DC,Cstdc4+ Neu,1.707497656,1.669813111
GTCTTTAAGTGTACCT-1_2_1_1_1_1,DC,Icam1+ Neu,-4.548377693,4.944353297
GTCTTTAGTAAGACCG-1_2_1_1_1_1,DC,Isg15+ Neu,-0.921824515,0.302297666
GTGACGCCACTCATAG-1_2_1_1_1_1,DC,Cd14-hi Neu,0.293916761,-1.477944747
GTGAGCCTCGATTTCT-1_2_1_1_1_1,DC,Csf3r-hi Neu,-1.056961239,2.70698376
GTGCACGCAGCAGTAG-1_2_1_1_1_1,DC,Mmp8+ Neu,4.820004284,-1.673872397
GTGGAGAGTGGATCGA-1_2_1_1_1_1,DC,Mmp8+ Neu,2.426851093,-1.257133618
GTTCATTCAATTGCAC-1_2_1_1_1_1,DC,Mmp8+ Neu,5.265965283,-2.479802177
GTTGTGACATAGCTGT-1_2_1_1_1_1,DC,Csf3r-hi Neu,0.601887703,1.540733292
TAACACGAGTTCAACC-1_2_1_1_1_1,DC,Mmp8+ Neu,4.404164135,-0.303055212
TAACACGGTCGCCACA-1_2_1_1_1_1,DC,Icam1+ Neu,-4.635343254,-2.052840576
TAACGACAGGTAATCA-1_2_1_1_1_1,DC,Mmp8+ Neu,4.031050503,-3.076363609
TAAGCACTCTGGTCAA-1_2_1_1_1_1,DC,Isg15+ Neu,-0.560511679,-0.140653774
TACAACGAGCAAGTCG-1_2_1_1_1_1,DC,Icam1+ Neu,-4.487124622,-2.477686093
TACACCCCACGATAGG-1_2_1_1_1_1,DC,Csf3r-hi Neu,-0.534093917,1.898302987
TACCCACGTGGCTCTG-1_2_1_1_1_1,DC,Csf3r-hi Neu,1.250908315,2.839421704
TACGGTAGTCTTCTAT-1_2_1_1_1_1,DC,Icam1+ Neu,-4.608699978,4.19855614
TACGGTATCAATCGGT-1_2_1_1_1_1,DC,Csf3r-hi Neu,0.382200837,3.29460974
TAGGTACCAAGAGATT-1_2_1_1_1_1,DC,Icam1+ Neu,-3.531425655,-2.025278375
TAGGTTGTCGCATAGT-1_2_1_1_1_1,DC,Icam1+ Neu,-3.189100206,0.211397007
TATATCCAGAATTGTG-1_2_1_1_1_1,DC,Icam1+ Neu,-5.541104973,3.482270911
TATATCCGTCTACAAC-1_2_1_1_1_1,DC,Csf3r-hi Neu,1.834646523,2.716141179
TATCCTACACAATGAA-1_2_1_1_1_1,DC,Icam1+ Neu,-4.391925514,-2.04054527
TATCCTACAGAGCTAG-1_2_1_1_1_1,DC,Icam1+ Neu,-4.545051277,-2.434014723
TATCTTGCAAAGGCGT-1_2_1_1_1_1,DC,Mmp8+ Neu,4.711969673,0.484520867
TCAAGCAGTGCGCTCA-1_2_1_1_1_1,DC,Cstdc4+ Neu,-2.582810343,-3.721040055
TCAATTCTCCACATAG-1_2_1_1_1_1,DC,Csf3r-hi Neu,-1.090413332,3.36983414
TCACAAGAGTCACTGT-1_2_1_1_1_1,DC,Mmp8+ Neu,2.814529001,0.735417798
TCACAAGTCGCTACGG-1_2_1_1_1_1,DC,Mmp8+ Neu,4.779387772,-1.767936752
TCACTCGAGCTTTCCC-1_2_1_1_1_1,DC,Mmp8+ Neu,3.001865685,-1.439901188
TCAGCCTCACTTACAG-1_2_1_1_1_1,DC,Isg15+ Neu,-0.049746111,0.767704323
TCAGTGATCCGCTGTT-1_2_1_1_1_1,DC,Icam1+ Neu,-2.978125275,-0.024287984
TCATCATCACTGCTTC-1_2_1_1_1_1,DC,Icam1+ Neu,-4.671616257,1.550916388
TCATCATTCGGCCCAA-1_2_1_1_1_1,DC,Csf3r-hi Neu,1.691094458,1.888058856
TCATGAGGTTAGGAGC-1_2_1_1_1_1,DC,Mmp8+ Neu,4.203749954,0.673150137
TCATGCCAGTACTGTC-1_2_1_1_1_1,DC,Icam1+ Neu,-4.139293135,-2.200560615
TCATGGATCACAAGAA-1_2_1_1_1_1,DC,Mmp8+ Neu,6.402161896,-3.238133476
TCATTACAGATTGACA-1_2_1_1_1_1,DC,Icam1+ Neu,-4.118349255,3.64387007
TCATTCACATTAAAGG-1_2_1_1_1_1,DC,Mmp8+ Neu,3.576248943,-0.063574717
TCCATCGTCGACGTCG-1_2_1_1_1_1,DC,Cstdc4+ Neu,-1.537576139,-3.669471547
TCCGGGATCCATACTT-1_2_1_1_1_1,DC,Cd14-hi Neu,1.342846572,-1.994658336
TCCGTGTGTCGGTGTC-1_2_1_1_1_1,DC,Csf3r-hi Neu,-1.274582446,3.771425441
TCCTAATCATGATAGA-1_2_1_1_1_1,DC,Isg15+ Neu,0.141887009,-0.384615705
TCCTCGATCGATTTCT-1_2_1_1_1_1,DC,Icam1+ Neu,-4.04194206,-3.023401186
TCCTGCATCATTACGG-1_2_1_1_1_1,DC,Icam1+ Neu,-2.678796232,4.657537177
TCCTTCTAGAGGCCAT-1_2_1_1_1_1,DC,Mmp8+ Neu,5.881463348,-0.810778186
TCCTTTCGTGGATTTC-1_2_1_1_1_1,DC,Csf3r-hi Neu,2.032288372,2.33218427
TCCTTTCTCCTTGGAA-1_2_1_1_1_1,DC,Mmp8+ Neu,2.306813061,-3.813401744
TCGAAGTAGGTATCTC-1_2_1_1_1_1,DC,Csf3r-hi Neu,-0.096699253,1.873097852
TCGCAGGGTGACTCTA-1_2_1_1_1_1,DC,Icam1+ Neu,-2.205788315,1.114458516
TCGCAGGTCTGCTCTG-1_2_1_1_1_1,DC,Icam1+ Neu,-3.117172182,1.06313987
TCGGGACCAGAAATCA-1_2_1_1_1_1,DC,Icam1+ Neu,-2.585732401,1.850838139
TCGGTCTGTGAGGCAT-1_2_1_1_1_1,DC,Mmp8+ Neu,4.229933559,-1.95913212
TCGTGCTGTTTCTATC-1_2_1_1_1_1,DC,Mmp8+ Neu,5.619392216,-1.987011299
TCTACATAGTGCTAGG-1_2_1_1_1_1,DC,Isg15+ Neu,-0.539661169,-0.076068327
TCTATACTCTACGGTA-1_2_1_1_1_1,DC,Icam1+ Neu,-6.145411194,1.923671439
TCTCACGGTACCCAGC-1_2_1_1_1_1,DC,Csf3r-hi Neu,-0.419841946,3.54860945
TCTCACGTCCCAAGCG-1_2_1_1_1_1,DC,Icam1+ Neu,-3.445831716,-2.798592612
TCTCAGCAGACTACGG-1_2_1_1_1_1,DC,Mmp8+ Neu,5.06932193,0.818428352
TCTCCGAGTGGTTTAC-1_2_1_1_1_1,DC,Icam1+ Neu,-2.586877287,0.436846688
TCTGCCAAGCGTATAA-1_2_1_1_1_1,DC,Cstdc4+ Neu,1.841868698,-2.818444178
TCTTTGACAATCTCTT-1_2_1_1_1_1,DC,Mmp8+ Neu,5.706054031,-1.15429651
TGAATGCCACCAACAT-1_2_1_1_1_1,DC,Mmp8+ Neu,4.548427403,-1.39485319
TGAGCATTCTCGGGAC-1_2_1_1_1_1,DC,Csf3r-hi Neu,0.057042151,3.580268576
TGAGCGCCAATTCGTG-1_2_1_1_1_1,DC,Mmp8+ Neu,2.412061512,-0.120135233
TGAGTCATCCCAAGTA-1_2_1_1_1_1,DC,Csf3r-hi Neu,3.01905328,1.972171977
TGATCAGGTTCCCACT-1_2_1_1_1_1,DC,Icam1+ Neu,-1.979783953,1.724380925
TGCCGAGAGATTGCGG-1_2_1_1_1_1,DC,Mmp8+ Neu,3.513623774,1.236581042
TGCGACGAGTTTGAGA-1_2_1_1_1_1,DC,Icam1+ Neu,-3.139826239,-3.623297498
TGCTCGTGTACCATAC-1_2_1_1_1_1,DC,Csf3r-hi Neu,0.739310383,2.832457736
TGCTTCGAGTGCAGGT-1_2_1_1_1_1,DC,Isg15+ Neu,2.78232485,1.075736954
TGGAGGAGTCCTACGG-1_2_1_1_1_1,DC,Cd14-hi Neu,0.900401413,-1.128775716
TGGGAGATCCATAAGC-1_2_1_1_1_1,DC,Icam1+ Neu,-3.35734123,-3.53689842
TGGTTAGAGGGTCAAC-1_2_1_1_1_1,DC,Cstdc4+ Neu,-0.495268435,-4.599028394
TGTAACGCATTGTGCA-1_2_1_1_1_1,DC,Mmp8+ Neu,4.894076168,-0.915977806
TGTAGACTCGCAGTGC-1_2_1_1_1_1,DC,Csf3r-hi Neu,3.1235798,2.050681308
TGTGAGTCATAGCACT-1_2_1_1_1_1,DC,Csf3r-hi Neu,0.382713079,3.512760356
TGTGGCGGTCTACGAT-1_2_1_1_1_1,DC,Mmp8+ Neu,7.499784767,-4.218533084
TTACAGGTCCTGGTCT-1_2_1_1_1_1,DC,Csf3r-hi Neu,1.797104656,2.814624026
TTACCGCGTACAGAAT-1_2_1_1_1_1,DC,Icam1+ Neu,-3.670108974,-2.559652612
TTAGGGTAGGGCAGAG-1_2_1_1_1_1,DC,Cd14-hi Neu,-0.261439801,-2.177872226
TTATTGCAGAGCACTG-1_2_1_1_1_1,DC,Csf3r-hi Neu,-0.10881114,2.991977408
TTCATTGTCCTTATGT-1_2_1_1_1_1,DC,Csf3r-hi Neu,3.874631226,0.161112502
TTCCAATTCGAGCTGC-1_2_1_1_1_1,DC,Mmp8+ Neu,7.676839172,-4.569950149
TTCCAATTCGTGGTAT-1_2_1_1_1_1,DC,Mmp8+ Neu,5.290928185,-1.176660821
TTCCACGTCGTAATGC-1_2_1_1_1_1,DC,Csf3r-hi Neu,3.058797895,1.676523879
TTCCTAAGTCGGCACT-1_2_1_1_1_1,DC,Csf3r-hi Neu,1.720578372,1.753342107
TTCCTCTAGGCACCAA-1_2_1_1_1_1,DC,Icam1+ Neu,-2.561282814,0.526365831
TTCGATTAGAAGCGGG-1_2_1_1_1_1,DC,Mmp8+ Neu,2.553277313,-0.415944979
TTCTAACAGACGAGCT-1_2_1_1_1_1,DC,Csf3r-hi Neu,-0.125308026,3.89653559
TTCTTGACATACACCA-1_2_1_1_1_1,DC,Mmp8+ Neu,6.456852257,-1.433383689
TTGACCCGTGGTACAG-1_2_1_1_1_1,DC,Cd14-hi Neu,0.977246582,-1.827132628
TTGAGTGTCCTTGAAG-1_2_1_1_1_1,DC,Icam1+ Neu,-4.688500107,-0.725102142
TTGCATTAGGATATGT-1_2_1_1_1_1,DC,Icam1+ Neu,-1.803549707,0.452522829
TTGCCTGCACAATCTG-1_2_1_1_1_1,DC,Icam1+ Neu,-3.009119928,2.690085604
TTGCGTCAGCAGCCCT-1_2_1_1_1_1,DC,Csf3r-hi Neu,1.038365662,1.510521844
TTGCTGCCAAGGTACG-1_2_1_1_1_1,DC,Isg15+ Neu,0.280357331,0.08567746
TTGGGATCACATTGTG-1_2_1_1_1_1,DC,Icam1+ Neu,-3.270081222,-2.145633623
TTGGGTACATCATTGG-1_2_1_1_1_1,DC,Icam1+ Neu,-3.804277599,-3.042250321
TTGTGTTTCTAAGGAA-1_2_1_1_1_1,DC,Mmp8+ Neu,3.108753264,-0.909157589
TTGTTCAGTCGAGCAA-1_2_1_1_1_1,DC,Icam1+ Neu,-1.30038327,2.27648659
TTTACGTCAGCTGTTA-1_2_1_1_1_1,DC,Csf3r-hi Neu,-0.176220729,1.467460826
TTTGATCCAACCAATC-1_2_1_1_1_1,DC,Csf3r-hi Neu,-0.742820204,0.723533347
ACCTGAACATTCACCC-1_1_1_1_1,DC,Mmp8+ Neu,4.585619747,-1.979302392
ACGGAAGGTGTCATCA-1_1_1_1_1,DC,Cstdc4+ Neu,0.496169686,-3.901009843
ACGGTCGGTTGTTGCA-1_1_1_1_1,DC,Mmp8+ Neu,4.599620163,-1.622183964
ACGGTTATCTACTGCC-1_1_1_1_1,DC,Mmp8+ Neu,4.717003643,-1.60296546
ACGTTCCAGATTGACA-1_1_1_1_1,DC,Mmp8+ Neu,5.70721656,-3.492767141
ACGTTCCGTCTAATCG-1_1_1_1_1,DC,Mmp8+ Neu,5.054334461,0.270812466
ACTACGAAGATTGGGC-1_1_1_1_1,DC,Mmp8+ Neu,5.943708717,-1.092930815
ACTCCCAAGCATATGA-1_1_1_1_1,DC,Mmp8+ Neu,2.810587465,0.010610655
ACTCCCAAGCGTTGTT-1_1_1_1_1,DC,Mmp8+ Neu,3.734073698,-2.073940561
ACTCCCAGTCGTGCCA-1_1_1_1_1,DC,Mmp8+ Neu,2.095657885,-1.919525966
ACTCCCATCGTGTCAA-1_1_1_1_1,DC,Mmp8+ Neu,6.519229233,-2.836140797
ACTCTCGCAACCGCTG-1_1_1_1_1,DC,Mmp8+ Neu,4.740240395,-3.333213374
ACTGATGTCTTCTTCC-1_1_1_1_1,DC,Cstdc4+ Neu,1.221370637,-2.902506039
ACTGCAACAGGAGGAG-1_1_1_1_1,DC,Mmp8+ Neu,5.626421272,-2.638378904
ACTGTGACAAATACAG-1_1_1_1_1,DC,Cd14-hi Neu,-0.262058258,-2.041072831
ACTGTGATCCGACGGT-1_1_1_1_1,DC,Cstdc4+ Neu,2.597305119,-3.532486961
ACTGTGATCCGATGTA-1_1_1_1_1,DC,Mmp8+ Neu,3.864573299,-3.374622152
ACTTATCAGTCATGAA-1_1_1_1_1,DC,Mmp8+ Neu,4.87431699,-1.684961185
ACTTATCGTACCTAGT-1_1_1_1_1,DC,Mmp8+ Neu,3.490453302,-3.398457334
ACTTCCGAGAGAGAAC-1_1_1_1_1,DC,Mmp8+ Neu,3.624056398,-2.31634526
ACTTCGCGTGATATAG-1_1_1_1_1,DC,Mmp8+ Neu,4.696307957,-0.794619158
AGAAGCGAGATCCCAT-1_1_1_1_1,DC,Cstdc4+ Neu,0.284021645,-4.545456454
AGAAGCGTCGCTCTCA-1_1_1_1_1,DC,Mmp8+ Neu,6.422625839,-1.459655866
AGAAGTACAATTGAAG-1_1_1_1_1,DC,Mmp8+ Neu,3.490086376,-1.208579213
AGACAGGGTGTCTAAC-1_1_1_1_1,DC,Mmp8+ Neu,4.708922207,-1.652700529
AGACCATAGCAGATAT-1_1_1_1_1,DC,Mmp8+ Neu,2.93440324,-0.802890167
AGACCATAGCTAATCC-1_1_1_1_1,DC,Mmp8+ Neu,7.04309684,-3.571018264
AGACCCGGTTCTCGCT-1_1_1_1_1,DC,Mmp8+ Neu,6.612125694,-2.906914518
AGAGAGCAGCCTTGAT-1_1_1_1_1,DC,Mmp8+ Neu,3.540239393,-4.276032016
AGAGAGCAGGCATTTC-1_1_1_1_1,DC,Mmp8+ Neu,5.092941582,-2.452449248
AGAGCAGTCATGCCGG-1_1_1_1_1,DC,Mmp8+ Neu,4.793736755,-3.041662976
AGAGCCCGTGTTCCAA-1_1_1_1_1,DC,Mmp8+ Neu,5.182637035,-2.201810286
AGATAGAAGAGTCCGA-1_1_1_1_1,DC,Cd14-hi Neu,1.076019585,-0.800248519
AGATCCATCACGAGGA-1_1_1_1_1,DC,Cstdc4+ Neu,0.135850101,-3.604643628
AGATGAAGTGTCGATT-1_1_1_1_1,DC,Mmp8+ Neu,4.651439011,-2.195125386
AGATGCTTCGAAGCCC-1_1_1_1_1,DC,Mmp8+ Neu,3.716363251,-1.051059254
AGCCACGTCCCTCTCC-1_1_1_1_1,DC,Mmp8+ Neu,7.433320343,-4.238968656
AGCGTATTCTGCGAGC-1_1_1_1_1,DC,Cd14-hi Neu,0.664281129,-1.618039653
AGCTACACAACCACGC-1_1_1_1_1,DC,Cstdc4+ Neu,1.014674723,-4.802272365
AGCTACACAGAAATTG-1_1_1_1_1,DC,Mmp8+ Neu,1.710160911,-1.462823674
AGCTTCCCACCTCTAC-1_1_1_1_1,DC,Csf3r-hi Neu,0.879901588,1.486206486
AGGAATATCCTGTAAG-1_1_1_1_1,DC,Mmp8+ Neu,4.170415222,-0.622339055
AGGACGATCTGAGAAA-1_1_1_1_1,DC,Mmp8+ Neu,5.708591282,-2.709985301
AGGACTTTCGCAATTG-1_1_1_1_1,DC,Mmp8+ Neu,4.357124149,-3.486096427
AGGATCTGTCGTGCCA-1_1_1_1_1,DC,Cstdc4+ Neu,2.769489109,-3.701087997
AGGCCACTCATTGCGA-1_1_1_1_1,DC,Mmp8+ Neu,7.644106209,-4.563476846
AGGGAGTTCTGTGCAA-1_1_1_1_1,DC,Mmp8+ Neu,6.94761163,-3.70885019
AGGGCCTCATTGCAAC-1_1_1_1_1,DC,Mmp8+ Neu,4.403726875,-0.204242334
AGGGCCTGTCCGGACT-1_1_1_1_1,DC,Mmp8+ Neu,4.756038487,1.367289498
AGGGTCCGTTGAGAGC-1_1_1_1_1,DC,Mmp8+ Neu,3.607181131,-3.640921161
AGGGTGATCGGTTCAA-1_1_1_1_1,DC,Isg15+ Neu,-2.95007366,0.179904535
AGGTCTACAAAGGGCT-1_1_1_1_1,DC,Mmp8+ Neu,5.246259033,-2.755259559
AGGTCTACATGGAATA-1_1_1_1_1,DC,Mmp8+ Neu,5.015092194,-1.372868553
AGGTTGTAGAGGTATT-1_1_1_1_1,DC,Icam1+ Neu,-5.410387695,2.392770245
AGTAACCTCAACGTGT-1_1_1_1_1,DC,Mmp8+ Neu,6.514623463,-1.585087285
AGTACCACACTATCGA-1_1_1_1_1,DC,Cd14-hi Neu,0.082210034,-1.4645928
AGTGACTGTGATCATC-1_1_1_1_1,DC,Mmp8+ Neu,4.70711261,1.40087004
AGTGTTGAGGTTTGAA-1_1_1_1_1,DC,Mmp8+ Neu,1.528856098,1.111355021
AGTGTTGAGTGATAGT-1_1_1_1_1,DC,Mmp8+ Neu,4.576311409,-2.721153185
AGTTCCCTCCATGATG-1_1_1_1_1,DC,Mmp8+ Neu,5.401804268,-1.97665225
ATACTTCAGTAAGACT-1_1_1_1_1,DC,Cd14-hi Neu,0.646721899,-0.95530852
ATACTTCGTCTTTATC-1_1_1_1_1,DC,Mmp8+ Neu,4.143719971,-3.476625488
ATAGAGATCTGGGAGA-1_1_1_1_1,DC,Mmp8+ Neu,4.074840366,-3.431080625
ATCACAGGTCCACTTC-1_1_1_1_1,DC,Mmp8+ Neu,7.007095158,-3.106702134
ATCACGAAGTCACAGG-1_1_1_1_1,DC,Mmp8+ Neu,4.988344013,1.101357653
ATCACTTAGACGATAT-1_1_1_1_1,DC,Mmp8+ Neu,5.186227619,-2.641658232
ATCACTTCAACAGATA-1_1_1_1_1,DC,Cstdc4+ Neu,1.461575806,-3.513260886
ATCAGGTAGAGGCGGA-1_1_1_1_1,DC,Cd14-hi Neu,-2.340681255,-1.44457312
ATCAGGTTCAAATAGG-1_1_1_1_1,DC,Mmp8+ Neu,3.959814369,-2.127370522
ATCATTCCAGGGAATC-1_1_1_1_1,DC,Mmp8+ Neu,7.644681274,-4.46142225
ATCCACCCACTGGCCA-1_1_1_1_1,DC,Mmp8+ Neu,5.297103226,0.18035908
ATCCATTTCTGGTGGC-1_1_1_1_1,DC,Mmp8+ Neu,4.120514214,-2.998678014
ATCCTATGTTGCAACT-1_1_1_1_1,DC,Mmp8+ Neu,4.293907463,-2.343721554
ATCGCCTAGCTCCATA-1_1_1_1_1,DC,Icam1+ Neu,-3.806765736,1.586520388
ATCGCCTTCCATCTAT-1_1_1_1_1,DC,Mmp8+ Neu,5.945107758,-3.463322446
ATCTTCAAGCGCCTAC-1_1_1_1_1,DC,Mmp8+ Neu,7.569417774,-4.345782325
ATGGAGGGTCCGATCG-1_1_1_1_1,DC,Mmp8+ Neu,4.137728512,-0.758451417
ATGGAGGGTGGTCTCG-1_1_1_1_1,DC,Mmp8+ Neu,3.113221466,-0.684469298
ATGGGTTGTTGCATGT-1_1_1_1_1,DC,Cd14-hi Neu,0.687084198,-1.352070168
ATGGTTGAGTCAACAA-1_1_1_1_1,DC,Mmp8+ Neu,6.341905415,-2.666209981
ATGTCCCCAATTGGTC-1_1_1_1_1,DC,Cd14-hi Neu,-0.509518058,-1.849794612
ATTACCTCAGTTCTAG-1_1_1_1_1,DC,Mmp8+ Neu,3.417530119,-1.787012801
ATTACTCTCGTCGACG-1_1_1_1_1,DC,Mmp8+ Neu,6.565195858,-1.606633827
ATTCACTGTGGGTATG-1_1_1_1_1,DC,Mmp8+ Neu,5.173722088,0.877783373
ATTCAGGGTAGTTACC-1_1_1_1_1,DC,Mmp8+ Neu,4.212525665,-0.316240535
ATTCGTTAGCGGTAGT-1_1_1_1_1,DC,Icam1+ Neu,-3.6386742,3.05471535
ATTCTACAGGTTTGAA-1_1_1_1_1,DC,Mmp8+ Neu,2.175150454,-1.067795532
ATTGTTCAGCGCGTTC-1_1_1_1_1,DC,Cstdc4+ Neu,-1.847942651,-3.017885492
ATTGTTCTCAGACATC-1_1_1_1_1,DC,Cd14-hi Neu,0.660272598,-1.964441941
ATTTACCCAAAGACGC-1_1_1_1_1,DC,Mmp8+ Neu,4.726976215,-2.353612468
ATTTACCCAGCTGAAG-1_1_1_1_1,DC,Mmp8+ Neu,4.101890862,-0.585110739
ATTTCACGTGAATAAC-1_1_1_1_1,DC,Mmp8+ Neu,1.878393232,-1.510393218
ATTTCACTCGTGCTCT-1_1_1_1_1,DC,Mmp8+ Neu,6.59818393,-2.654536769
CAAAGAATCCAACCAA-1_1_1_1_1,DC,Cd14-hi Neu,0.85453695,-0.944769949
CAACAACGTCGCTTAA-1_1_1_1_1,DC,Mmp8+ Neu,7.725132286,-4.577778384
CAACCTCAGGGTATAT-1_1_1_1_1,DC,Cd14-hi Neu,0.502863884,-1.482432887
CAAGACTTCGATCCCT-1_1_1_1_1,DC,Mmp8+ Neu,6.251347839,-1.526825741
CAAGAGGAGGGTGAAA-1_1_1_1_1,DC,Mmp8+ Neu,1.6840083,-0.706264779
CAAGCTACAAAGCGTG-1_1_1_1_1,DC,Mmp8+ Neu,6.732952416,-1.970384047
CAAGGGACAGTCGCTG-1_1_1_1_1,DC,Cd14-hi Neu,0.281388044,-1.079358318
CAATACGTCGCTGACG-1_1_1_1_1,DC,Mmp8+ Neu,3.83910352,-1.500942245
CACACAATCGCGAAGA-1_1_1_1_1,DC,Mmp8+ Neu,5.135880768,-1.6656795
CACACAATCTCAATCT-1_1_1_1_1,DC,Cstdc4+ Neu,-1.112378002,-3.750202701
CACAGATCAAAGTATG-1_1_1_1_1,DC,Mmp8+ Neu,5.352228462,-3.67322664
CACAGGCGTATGGTAA-1_1_1_1_1,DC,Cstdc4+ Neu,1.70611006,-4.405016706
CACATGAAGATAACGT-1_1_1_1_1,DC,Mmp8+ Neu,3.505069315,-3.714649007
CACCGTTTCTTGAGCA-1_1_1_1_1,DC,Mmp8+ Neu,6.235346138,-3.058747337
CACGTGGGTTGACTAC-1_1_1_1_1,DC,Mmp8+ Neu,6.867843449,-2.260000512
CACTAAGGTCTCTCCA-1_1_1_1_1,DC,Mmp8+ Neu,2.155149042,-1.023465451
CACTGAAGTGTTTGCA-1_1_1_1_1,DC,Mmp8+ Neu,5.265765011,-2.468352005
CACTGGGCATTGCCTC-1_1_1_1_1,DC,Mmp8+ Neu,4.995482742,-1.291409999
CACTGTCAGTACTCGT-1_1_1_1_1,DC,Csf3r-hi Neu,3.536855995,0.709780052
CAGAGCCAGGCCTTCG-1_1_1_1_1,DC,Mmp8+ Neu,5.076489746,-1.987569437
CAGAGCCGTACCCACG-1_1_1_1_1,DC,Mmp8+ Neu,7.11156398,-3.873311326
CAGCCAGGTCGTAATC-1_1_1_1_1,DC,Csf3r-hi Neu,1.292765915,2.564888671
CAGCGTGGTTAAGGGC-1_1_1_1_1,DC,Mmp8+ Neu,2.669840395,0.299772456
CAGGTATGTCGGATTT-1_1_1_1_1,DC,Mmp8+ Neu,4.587251961,0.596305921
CAGTTAGCAGGCGAAT-1_1_1_1_1,DC,Mmp8+ Neu,3.429212153,-1.780402586
CAGTTCCCACGCTATA-1_1_1_1_1,DC,Mmp8+ Neu,4.83063966,0.13080354
CAGTTCCGTCTCACGG-1_1_1_1_1,DC,Cstdc4+ Neu,1.842422306,-3.603339956
CATGAGTGTTGAGAGC-1_1_1_1_1,DC,Mmp8+ Neu,2.35925728,-0.059286401
CATGCCTTCCAAGGGA-1_1_1_1_1,DC,Mmp8+ Neu,3.660203993,-0.582608536
CATGCTCAGAAAGCGA-1_1_1_1_1,DC,Cstdc4+ Neu,1.187612712,-3.993032977
CATGCTCTCTCGGTAA-1_1_1_1_1,DC,Mmp8+ Neu,4.252647221,-0.986739152
CATGGATGTCCAGAAG-1_1_1_1_1,DC,Mmp8+ Neu,3.439680397,0.6415468
CATGGTATCAAAGACA-1_1_1_1_1,DC,Cstdc4+ Neu,1.095238983,-4.798201606
CATTCATTCCGCTTAC-1_1_1_1_1,DC,Icam1+ Neu,-1.758037866,1.449267342
CATTCTAGTGTATACC-1_1_1_1_1,DC,Mmp8+ Neu,5.008853733,-0.335973248
CATTGCCAGCTGGCTC-1_1_1_1_1,DC,Mmp8+ Neu,6.091326534,-1.725318954
CATTGCCCATGCGTGC-1_1_1_1_1,DC,Mmp8+ Neu,2.145200789,-1.28522493
CATTTCAAGTCCGCGT-1_1_1_1_1,DC,Mmp8+ Neu,4.989513695,-2.300630853
CCAAGCGTCCTTCACG-1_1_1_1_1,DC,Csf3r-hi Neu,2.64926058,1.125038102
CCAAGCGTCTCTGCTG-1_1_1_1_1,DC,Mmp8+ Neu,4.850525677,0.48045893
CCCAACTGTAACGTTC-1_1_1_1_1,DC,Icam1+ Neu,-2.445894897,0.899435356
CCCATTGAGGTAAACT-1_1_1_1_1,DC,Mmp8+ Neu,4.897711575,-2.085327074
CCCTCAAAGAAGTCAT-1_1_1_1_1,DC,Mmp8+ Neu,4.759976685,-0.629122511
CCCTCAAGTCAGCTTA-1_1_1_1_1,DC,Mmp8+ Neu,6.350233852,-3.466555402
CCCTCAATCGGCTATA-1_1_1_1_1,DC,Mmp8+ Neu,5.288007557,0.195308044
CCCTTAGTCTGGAAGG-1_1_1_1_1,DC,Mmp8+ Neu,4.563848793,-2.301991865
CCGTAGGTCGTACCTC-1_1_1_1_1,DC,Mmp8+ Neu,2.554928839,-1.376865283
CCTAAGACAGCTCTGG-1_1_1_1_1,DC,Mmp8+ Neu,6.440602123,-1.661374793
CCTAAGAGTAGGATAT-1_1_1_1_1,DC,Mmp8+ Neu,1.732953369,-1.145734281
CCTAAGAGTATCCCTC-1_1_1_1_1,DC,Csf3r-hi Neu,1.506047427,2.213338807
CCTATCGTCTGCGATA-1_1_1_1_1,DC,Mmp8+ Neu,5.610923111,-0.660117552
CCTCAGTAGATGCCGA-1_1_1_1_1,DC,Cstdc4+ Neu,0.647543668,-4.836631105
CCTCAGTGTATTGACC-1_1_1_1_1,DC,Mmp8+ Neu,5.349621117,-3.016553089
CCTTGTGGTTAAGGAT-1_1_1_1_1,DC,Mmp8+ Neu,7.730303108,-4.572225377
CGACAGCGTCGGATTT-1_1_1_1_1,DC,Mmp8+ Neu,5.636336147,-0.708455161
CGAGGAACACAATGTC-1_1_1_1_1,DC,Mmp8+ Neu,6.117739975,-3.310772941
CGATGCGTCGCTACGG-1_1_1_1_1,DC,Mmp8+ Neu,6.360513508,-2.931409404
CGCATGGAGAACTGAT-1_1_1_1_1,DC,Mmp8+ Neu,3.890326798,1.474852755
CGCCAGAAGTCAATCC-1_1_1_1_1,DC,Mmp8+ Neu,6.918946087,-3.746062324
CGGAACCAGCCGGATA-1_1_1_1_1,DC,Mmp8+ Neu,7.401911079,-4.193836496
CGGACACAGTAAACAC-1_1_1_1_1,DC,Mmp8+ Neu,5.221343338,-0.451926634
CGGAGAACATCTAGAC-1_1_1_1_1,DC,Mmp8+ Neu,6.326371967,-2.038680598
CGGCAGTAGAGAGAAC-1_1_1_1_1,DC,Mmp8+ Neu,4.733595192,-2.77967231
CGGGTCAAGTGGTCAG-1_1_1_1_1,DC,Cstdc4+ Neu,1.374894797,-3.750157401
CGGGTGTCACTTGGGC-1_1_1_1_1,DC,Mmp8+ Neu,4.602855026,-0.100925312
CGTAAGTAGGGCAGAG-1_1_1_1_1,DC,Mmp8+ Neu,3.329289972,-2.054914937
CGTAATGAGATAGGGA-1_1_1_1_1,DC,Cd14-hi Neu,0.253888607,-2.34344773
CGTGATAGTCTTGTCC-1_1_1_1_1,DC,Mmp8+ Neu,3.570049822,-0.732548312
CGTGTCTCACTTTATC-1_1_1_1_1,DC,Mmp8+ Neu,6.025443375,-3.30279164
CGTGTCTTCGCGTAGC-1_1_1_1_1,DC,Mmp8+ Neu,4.413089573,-0.35925524
CGTTCTGAGCGCCTTG-1_1_1_1_1,DC,Mmp8+ Neu,1.611033499,0.823059395
CGTTCTGGTATCGATC-1_1_1_1_1,DC,Mmp8+ Neu,6.140736878,-2.645979211
CGTTGGGTCCCTCATG-1_1_1_1_1,DC,Mmp8+ Neu,5.120616734,0.562541797
CTAACCCCACTCCGAG-1_1_1_1_1,DC,Mmp8+ Neu,2.916913569,0.955916837
CTAAGTGAGTGGGAAA-1_1_1_1_1,DC,Mmp8+ Neu,2.645165264,-0.367678151
CTAAGTGCACATAGCT-1_1_1_1_1,DC,Cstdc4+ Neu,2.615938723,-2.957489416
CTAAGTGTCCAAAGGG-1_1_1_1_1,DC,Cd14-hi Neu,1.347307264,-2.023716435
CTACATTGTTCAGCTA-1_1_1_1_1,DC,Mmp8+ Neu,4.835025131,-2.870192692
CTACCTGCACATTCGA-1_1_1_1_1,DC,Icam1+ Neu,-1.427629531,2.003608182
CTATCTAGTAAGTTGA-1_1_1_1_1,DC,Mmp8+ Neu,5.731460392,-0.439202175
CTCAACCGTAGCGCTC-1_1_1_1_1,DC,Cd14-hi Neu,-0.61106518,-1.632039175
CTCAAGACAACTCGAT-1_1_1_1_1,DC,Cstdc4+ Neu,2.252574503,-3.829119489
CTCACTGCAAAGTGTA-1_1_1_1_1,DC,Mmp8+ Neu,2.308075249,0.225177839
CTCATTACAAATCAAG-1_1_1_1_1,DC,Mmp8+ Neu,4.518021404,-0.157473311
CTCATTATCTCGGTCT-1_1_1_1_1,DC,Mmp8+ Neu,7.142065823,-3.860054061
CTCCAACAGAGGGCGA-1_1_1_1_1,DC,Mmp8+ Neu,2.344254553,-1.343769238
CTCCAACCAAACCATC-1_1_1_1_1,DC,Mmp8+ Neu,3.470015108,-0.148360953
CTCCGATAGATGACAT-1_1_1_1_1,DC,Cd14-hi Neu,-0.010271684,-2.05614166
CTCCTCCGTTCAGCTA-1_1_1_1_1,DC,Mmp8+ Neu,6.949259102,-3.159063623
CTCCTCCGTTCCATTT-1_1_1_1_1,DC,Mmp8+ Neu,4.70637685,-2.118169234
CTCTCGACAGCTACAT-1_1_1_1_1,DC,Csf3r-hi Neu,1.581962406,1.244588807
CTCTCGACAGTAACGG-1_1_1_1_1,DC,Mmp8+ Neu,5.381284058,-2.258272335
CTGAATGTCCGCTTAC-1_1_1_1_1,DC,Csf3r-hi Neu,3.228705227,0.550699189
CTGATCCAGTAGCATA-1_1_1_1_1,DC,Mmp8+ Neu,4.53491193,-2.190964863
CTGCATCTCTTGGATG-1_1_1_1_1,DC,Mmp8+ Neu,6.305972874,-2.749608681
CTGCTCATCCGGCTTT-1_1_1_1_1,DC,Mmp8+ Neu,3.751458942,-2.013483748
CTGGCAGGTAGGATAT-1_1_1_1_1,DC,Mmp8+ Neu,6.495276749,-1.422597096
CTGGCAGTCCGCACTT-1_1_1_1_1,DC,Mmp8+ Neu,3.135920822,-4.320487067
CTGTACCGTCTTGCGG-1_1_1_1_1,DC,Mmp8+ Neu,3.620907604,-0.890677423
CTGTAGATCCGAACGC-1_1_1_1_1,DC,Icam1+ Neu,-4.209984959,1.37429066
CTGTGGGTCGAGAACG-1_1_1_1_1,DC,Mmp8+ Neu,5.080879032,-1.366676405
CTTAGGAGTTCCTTGC-1_1_1_1_1,DC,Mmp8+ Neu,5.605463326,-3.617618367
CTTCAATGTCCTACAA-1_1_1_1_1,DC,Mmp8+ Neu,5.27000457,-0.043065712
CTTCAATGTTGGTAGG-1_1_1_1_1,DC,Mmp8+ Neu,3.010723173,0.947933629
CTTCCTTTCAACTACG-1_1_1_1_1,DC,Mmp8+ Neu,4.941082775,1.089257672
CTTCTAAAGTATGTAG-1_1_1_1_1,DC,Mmp8+ Neu,6.632214844,-2.059144482
CTTCTCTAGAGAGCCT-1_1_1_1_1,DC,Mmp8+ Neu,2.26071912,-0.867340371
CTTCTCTAGCCGATTT-1_1_1_1_1,DC,Mmp8+ Neu,1.678244173,1.14821954
CTTGAGAAGCAGGGAG-1_1_1_1_1,DC,Mmp8+ Neu,3.736251175,-2.236321614
CTTTCAATCCATATGG-1_1_1_1_1,DC,Mmp8+ Neu,2.505361139,-4.432572648
CTTTCAATCCTATTTG-1_1_1_1_1,DC,Cstdc4+ Neu,0.223630398,-3.574732825
GAAGAATCACTACACA-1_1_1_1_1,DC,Mmp8+ Neu,3.944321453,-2.116434381
GAAGGACAGCAATAGT-1_1_1_1_1,DC,Mmp8+ Neu,2.205781996,-0.3478636
GAAGGACCAAATCGTC-1_1_1_1_1,DC,Mmp8+ Neu,3.544084847,-1.55696632
GAAGGGTGTCAGGTGA-1_1_1_1_1,DC,Csf3r-hi Neu,-0.644193173,2.700134471
GAATAGACATAGGAGC-1_1_1_1_1,DC,Mmp8+ Neu,3.442421734,-2.611775682
GACATCAAGCCTCCAG-1_1_1_1_1,DC,Mmp8+ Neu,5.561227619,-3.731997058
GACGTTACACTGTCCT-1_1_1_1_1,DC,Mmp8+ Neu,5.98992902,-3.826671407
GACTCTCTCAAGTGTC-1_1_1_1_1,DC,Mmp8+ Neu,5.628876507,-0.391258046
GACTCTCTCTCATAGG-1_1_1_1_1,DC,Cd14-hi Neu,-0.112503067,-1.083072237
GAGAGGTAGGCTGAAC-1_1_1_1_1,DC,Cd14-hi Neu,0.650113403,-1.496969834
GAGCTGCCATTGACTG-1_1_1_1_1,DC,Mmp8+ Neu,7.221858799,-3.977142856
GAGCTGCTCCAACCGG-1_1_1_1_1,DC,Mmp8+ Neu,3.947730362,-1.62164025
GAGGCCTCAGGGAGAG-1_1_1_1_1,DC,Mmp8+ Neu,5.449661552,-2.583365247
GAGGGATAGAGTCAGC-1_1_1_1_1,DC,Mmp8+ Neu,5.192504227,-1.564743117
GAGGGTAGTCGCACAC-1_1_1_1_1,DC,Mmp8+ Neu,7.709749043,-4.547299669
GAGTCATGTTCCACAA-1_1_1_1_1,DC,Mmp8+ Neu,5.325124561,0.508695081
GAGTGAGGTCGCAGTC-1_1_1_1_1,DC,Mmp8+ Neu,4.390509903,-2.704074547
GATAGAATCGTGTCAA-1_1_1_1_1,DC,Mmp8+ Neu,3.778514206,0.489111498
GATAGCTTCGTGGAAG-1_1_1_1_1,DC,Mmp8+ Neu,2.687141478,-0.098163054
GATAGCTTCTGCAGCG-1_1_1_1_1,DC,Mmp8+ Neu,4.303254902,-2.063679085
GATCAGTCAGCAATTC-1_1_1_1_1,DC,Mmp8+ Neu,2.422004759,-1.313357726
GATCGTATCTTGAGCA-1_1_1_1_1,DC,Mmp8+ Neu,3.353802979,-3.794115112
GATGAGGTCTCCCTAG-1_1_1_1_1,DC,Cstdc4+ Neu,1.005898296,-3.827639863
GATGTTGTCTTAGTTC-1_1_1_1_1,DC,Mmp8+ Neu,3.77290827,-3.443928048
GATTCGACAAGATGGC-1_1_1_1_1,DC,Cstdc4+ Neu,0.488567411,-4.71436362
GATTCGATCACTTCTA-1_1_1_1_1,DC,Mmp8+ Neu,6.53128606,-3.434345052
GATTCGATCCTGCCAT-1_1_1_1_1,DC,Mmp8+ Neu,5.003757298,-1.493875906
GATTCTTAGATTCGCT-1_1_1_1_1,DC,Mmp8+ Neu,4.420476257,-0.893427521
GATTCTTTCTAGTGTG-1_1_1_1_1,DC,Mmp8+ Neu,4.965325653,1.126794532
GCAACATGTGGCGCTT-1_1_1_1_1,DC,Cstdc4+ Neu,2.959852755,1.129594281
GCAACCGGTTTAGAGA-1_1_1_1_1,DC,Cstdc4+ Neu,1.120731294,-4.845458076
GCACATAAGGGTCTTT-1_1_1_1_1,DC,Csf3r-hi Neu,3.230763256,3.003142073
GCACGGTTCTCACCCA-1_1_1_1_1,DC,Mmp8+ Neu,3.635143339,-1.425995842
GCACGTGCAAGCACCC-1_1_1_1_1,DC,Mmp8+ Neu,3.469481766,-0.066660568
GCACTAAAGATGCTAA-1_1_1_1_1,DC,Mmp8+ Neu,5.486077129,-1.009077221
GCAGTTAGTGATACAA-1_1_1_1_1,DC,Mmp8+ Neu,7.552807629,-4.360676334
GCATCTCCAACCAATC-1_1_1_1_1,DC,Mmp8+ Neu,5.649025738,-1.903409884
GCCAACGCAGCTACTA-1_1_1_1_1,DC,Mmp8+ Neu,4.650974094,-1.76151155
GCCAGGTAGCCGTTGC-1_1_1_1_1,DC,Mmp8+ Neu,7.425282299,-4.481042192
GCCAGGTGTCTCAGGC-1_1_1_1_1,DC,Mmp8+ Neu,4.966189682,-2.198539779
GCCAGGTTCAATCAGC-1_1_1_1_1,DC,Mmp8+ Neu,2.205749332,-0.42675446
GCCAGGTTCGAACGGA-1_1_1_1_1,DC,Mmp8+ Neu,1.74796623,-0.08451216
GCCAGTGGTGTGCTTA-1_1_1_1_1,DC,Mmp8+ Neu,5.25615865,-2.875876949
GCCATTCCAGGTAGTG-1_1_1_1_1,DC,Mmp8+ Neu,5.950202763,-2.869156525
GCCCGAATCGTCACCT-1_1_1_1_1,DC,Cd14-hi Neu,1.237852871,-2.179337785
GCCGATGTCGAAACAA-1_1_1_1_1,DC,Mmp8+ Neu,3.996681511,-1.697326586
GCCGTGACATACAGGG-1_1_1_1_1,DC,Csf3r-hi Neu,0.724039733,3.410188868
GCGGATCGTTCCTAAG-1_1_1_1_1,DC,Mmp8+ Neu,4.651584923,-2.52723901
GCGTTTCAGTAAGAGG-1_1_1_1_1,DC,Mmp8+ Neu,5.200049221,-1.11168442
GCTACCTCAAGGTCAG-1_1_1_1_1,DC,Cstdc4+ Neu,1.623934924,-3.143138215
GCTCAAAGTTACGATC-1_1_1_1_1,DC,Mmp8+ Neu,4.548813641,-0.544583366
GCTCAAATCAGTCATG-1_1_1_1_1,DC,Mmp8+ Neu,6.088049709,-1.927719817
GCTTCACTCGTGTGGC-1_1_1_1_1,DC,Cd14-hi Neu,1.033425271,-1.994594023
GCTTGGGGTCTCGCGA-1_1_1_1_1,DC,Mmp8+ Neu,3.08691293,-3.497881934
GCTTTCGGTGCGGCTT-1_1_1_1_1,DC,Mmp8+ Neu,4.061569988,-0.7218339
GGAAGTGTCGTCGACG-1_1_1_1_1,DC,Mmp8+ Neu,6.480657875,-2.782965228
GGAGAACAGAGAGCGG-1_1_1_1_1,DC,Cd14-hi Neu,2.381454289,-1.227238864
GGAGAACCAGTTAGAA-1_1_1_1_1,DC,Mmp8+ Neu,5.154589474,-2.469904945
GGAGATGTCGTTAGTG-1_1_1_1_1,DC,Mmp8+ Neu,4.651462853,-0.679912702
GGATCTAAGCCAAGGT-1_1_1_1_1,DC,Mmp8+ Neu,3.506028473,-2.467751429
GGATGTTGTGTCTTAG-1_1_1_1_1,DC,Mmp8+ Neu,4.38626939,-2.34392576
GGCACGTCATGGCGCT-1_1_1_1_1,DC,Mmp8+ Neu,5.379863083,-0.178982184
GGCACGTGTCCTCCAT-1_1_1_1_1,DC,Mmp8+ Neu,5.904119312,-1.907229409
GGCAGTCAGTCTCCTC-1_1_1_1_1,DC,Cd14-hi Neu,-0.102534853,-1.447924212
GGCTGTGAGCGCACAA-1_1_1_1_1,DC,Mmp8+ Neu,7.308361828,-4.098607824
GGCTTTCCACAAGTGG-1_1_1_1_1,DC,Cstdc4+ Neu,2.482653915,-3.422375962
GGGACTCCACAGCCTG-1_1_1_1_1,DC,Mmp8+ Neu,6.34159547,-3.016252563
GGGATGATCATATGGC-1_1_1_1_1,DC,Mmp8+ Neu,6.956313431,-3.318912551
GGGCCATAGCGACTGA-1_1_1_1_1,DC,Mmp8+ Neu,2.585053742,-0.083576903
GGGCCATCACTTTAGG-1_1_1_1_1,DC,Mmp8+ Neu,6.70928365,-2.906876847
GGGCGTTTCGGAAGGT-1_1_1_1_1,DC,Mmp8+ Neu,3.174622356,-4.201849029
GGGCTCACAACAGATA-1_1_1_1_1,DC,Mmp8+ Neu,4.027830898,-3.136963412
GGGTAGATCGGCTGTG-1_1_1_1_1,DC,Mmp8+ Neu,6.413587868,-3.138167188
GGGTAGATCTTTGCGC-1_1_1_1_1,DC,Mmp8+ Neu,4.272050678,0.913020447
GGGTCACTCCCTGGTT-1_1_1_1_1,DC,Mmp8+ Neu,6.60203582,-2.103707835
GGGTGTCAGGGAGGGT-1_1_1_1_1,DC,Mmp8+ Neu,1.963481485,-1.381836251
GGGTTATAGAAATTGC-1_1_1_1_1,DC,Mmp8+ Neu,6.55930835,-2.378799603
GGTAACTTCGTAGCTA-1_1_1_1_1,DC,Mmp8+ Neu,2.566764891,-1.416450695
GGTAATCAGCTCATAC-1_1_1_1_1,DC,Mmp8+ Neu,6.268841087,-1.671869919
GGTGAAGCATGACAGG-1_1_1_1_1,DC,Mmp8+ Neu,6.470867931,-2.801301048
GGTGATTCATTGTACG-1_1_1_1_1,DC,Cd14-hi Neu,-1.039923788,-1.372756288
GGTTCTCTCCGTTTCG-1_1_1_1_1,DC,Mmp8+ Neu,4.62043792,-3.422172115
GTAAGTCAGGTTAGTA-1_1_1_1_1,DC,Mmp8+ Neu,3.549595415,-0.34111546
GTAAGTCTCATTCGGA-1_1_1_1_1,DC,Mmp8+ Neu,4.692103207,-3.482688472
GTAATGCAGCATCCCG-1_1_1_1_1,DC,Mmp8+ Neu,3.842479527,-3.340264127
GTAGAAATCACTACGA-1_1_1_1_1,DC,Cstdc4+ Neu,2.463238775,-3.379765556
GTAGCTACAGCAGTAG-1_1_1_1_1,DC,Mmp8+ Neu,7.518176376,-4.334383533
GTAGGTTCAGCCTTCT-1_1_1_1_1,DC,Mmp8+ Neu,5.464730084,-3.647913978
GTCACTCGTAATCAGA-1_1_1_1_1,DC,Mmp8+ Neu,5.733818352,-2.425095842
GTCAGCGGTAGATCCT-1_1_1_1_1,DC,Mmp8+ Neu,3.983333885,-3.479793117
GTCAGCGTCTCAGAAC-1_1_1_1_1,DC,Cstdc4+ Neu,1.272525608,-4.329062268
GTCATGACACCCTTAC-1_1_1_1_1,DC,Cd14-hi Neu,-1.943618358,-0.782892719
GTCATGAGTCTTGAAC-1_1_1_1_1,DC,Mmp8+ Neu,5.3500126,0.08429034
GTCCACTAGACTTCAC-1_1_1_1_1,DC,Mmp8+ Neu,1.631081163,0.351818159
GTCCCATAGCTGTACT-1_1_1_1_1,DC,Mmp8+ Neu,5.273725807,-1.663080499
GTCCCATTCGCTTTAT-1_1_1_1_1,DC,Icam1+ Neu,-4.083537281,0.352607801
GTCCTCAGTGATCATC-1_1_1_1_1,DC,Mmp8+ Neu,4.813042461,-2.656848595
GTCGTTCCATCGCTCT-1_1_1_1_1,DC,Csf3r-hi Neu,2.404132425,1.447087958
GTCGTTCTCAAGCTGT-1_1_1_1_1,DC,Icam1+ Neu,-4.025303066,1.985864117
GTCTACCAGCCATATC-1_1_1_1_1,DC,Mmp8+ Neu,6.02238971,-1.633938834
GTCTACCAGCGCCTTG-1_1_1_1_1,DC,Mmp8+ Neu,3.272710621,-3.961173818
GTCTCACCAAAGGTTA-1_1_1_1_1,DC,Cd14-hi Neu,-1.26109916,0.485388115
GTCTGTCAGTGCGTCC-1_1_1_1_1,DC,Mmp8+ Neu,2.01286751,-1.162286476
GTGAGCCAGCACCAGA-1_1_1_1_1,DC,Csf3r-hi Neu,3.623084604,2.292727425
GTGCTGGAGCCTGAAG-1_1_1_1_1,DC,Mmp8+ Neu,4.99952203,-0.652056918
GTGGTTACATGAGAAT-1_1_1_1_1,DC,Mmp8+ Neu,5.967207253,-1.3759778
GTGTAACGTGACTCGC-1_1_1_1_1,DC,Cd14-hi Neu,-3.33359021,0.48466964
GTGTAACGTTGTCTAG-1_1_1_1_1,DC,Mmp8+ Neu,6.349114716,-1.846163199
GTGTCCTGTGGATCAG-1_1_1_1_1,DC,Mmp8+ Neu,4.96400243,-2.587359593
GTGTGATAGCATCCCG-1_1_1_1_1,DC,Mmp8+ Neu,4.625688374,-1.776935265
GTGTTCCGTCTAGGCC-1_1_1_1_1,DC,Csf3r-hi Neu,0.353550076,1.157712891
GTGTTCCTCACTACTT-1_1_1_1_1,DC,Mmp8+ Neu,5.808740437,-2.253675267
GTTACAGTCGCTGTTC-1_1_1_1_1,DC,Mmp8+ Neu,4.225704014,-2.508232043
GTTACGAGTGATAGAT-1_1_1_1_1,DC,Mmp8+ Neu,3.349969685,-0.288756952
GTTAGACCATGACTCA-1_1_1_1_1,DC,Mmp8+ Neu,3.774410069,2.833147242
GTTGCGGGTTGTATGC-1_1_1_1_1,DC,Mmp8+ Neu,3.810773193,-1.003232755
GTTGCTCTCGTGCAGC-1_1_1_1_1,DC,Mmp8+ Neu,7.770722687,-4.687284515
GTTGTAGGTAGGTTTC-1_1_1_1_1,DC,Mmp8+ Neu,4.626093208,-1.777721033
GTTGTGATCCGTATGA-1_1_1_1_1,DC,Csf3r-hi Neu,-0.786500335,2.375599816
TAACACGCAGACAATA-1_1_1_1_1,DC,Cstdc4+ Neu,2.963704884,-3.019493148
TAACCAGCAATCCTAG-1_1_1_1_1,DC,Mmp8+ Neu,2.025229513,-1.264155671
TAACCAGGTTGGAGGT-1_1_1_1_1,DC,Mmp8+ Neu,2.52880007,1.205091193
TAACCAGTCCATAAGC-1_1_1_1_1,DC,Cd14-hi Neu,1.306652844,-0.362465844
TAACTTCCAATTAGGA-1_1_1_1_1,DC,Csf3r-hi Neu,2.941488802,1.207252696
TAACTTCTCGTCCTTG-1_1_1_1_1,DC,Mmp8+ Neu,3.821802914,1.51037617
TAAGTCGTCGACCAAT-1_1_1_1_1,DC,Mmp8+ Neu,7.022734463,-3.578421876
TAATCTCTCTTGGTCC-1_1_1_1_1,DC,Mmp8+ Neu,4.230863869,-1.855640814
TACAGGTGTGCATACT-1_1_1_1_1,DC,Mmp8+ Neu,5.150276959,-2.051613316
TACAGGTGTTCAATCG-1_1_1_1_1,DC,Csf3r-hi Neu,1.611783087,0.87916167
TACCTCGTCACTGATG-1_1_1_1_1,DC,Csf3r-hi Neu,0.553598284,2.213868335
TACGGGCGTGATTAGA-1_1_1_1_1,DC,Mmp8+ Neu,5.770848095,-0.997680351
TACGGTAAGTGCTCGC-1_1_1_1_1,DC,Mmp8+ Neu,2.812809288,0.381397202
TACGGTACAGACCAAG-1_1_1_1_1,DC,Mmp8+ Neu,2.113637507,-0.310690686
TACGGTAGTGTATACC-1_1_1_1_1,DC,Mmp8+ Neu,5.941607296,-0.979801931
TACGTCCGTAGATTGA-1_1_1_1_1,DC,Cstdc4+ Neu,0.802697956,-4.452922151
TACTGCCCATGGCTAT-1_1_1_1_1,DC,Mmp8+ Neu,6.839652836,-3.701717422
TACTGCCTCACGATCA-1_1_1_1_1,DC,Mmp8+ Neu,2.292732298,0.065382436
TACTTACTCCAATGCA-1_1_1_1_1,DC,Cstdc4+ Neu,1.102109611,-3.618482873
TAGAGTCCATGACTGT-1_1_1_1_1,DC,Mmp8+ Neu,5.246290028,0.59748204
TAGATCGCATGAAAGT-1_1_1_1_1,DC,Csf3r-hi Neu,3.683778345,2.92306967
TAGGGTTCAGCTTCCT-1_1_1_1_1,DC,Mmp8+ Neu,2.001813948,-1.691780255
TAGGTACGTCAGATTC-1_1_1_1_1,DC,Mmp8+ Neu,3.554365456,-4.122442291
TAGGTTGGTGAGGATC-1_1_1_1_1,DC,Mmp8+ Neu,3.508690178,-3.381162927
TATACCTTCGAACGGA-1_1_1_1_1,DC,Mmp8+ Neu,4.902234852,-3.003336832
TATCAGGTCTTGTTAC-1_1_1_1_1,DC,Mmp8+ Neu,6.59519273,-2.107687995
TATCGCCTCCACGGGT-1_1_1_1_1,DC,Cd14-hi Neu,2.29987961,-1.944470868
TATCGCCTCTCGTTTA-1_1_1_1_1,DC,Cstdc4+ Neu,0.24943152,-4.838136003
TATCTGTGTGTTCGAT-1_1_1_1_1,DC,Mmp8+ Neu,4.475477516,-1.72088258
TATTGGGTCGGCTCTT-1_1_1_1_1,DC,Mmp8+ Neu,1.999052345,-0.013235733
TATTTCGTCAGCTTCC-1_1_1_1_1,DC,Mmp8+ Neu,6.88997823,-3.293028877
TCAAGTGCACGTCGTG-1_1_1_1_1,DC,Mmp8+ Neu,6.809807598,-2.586661384
TCACACCAGCTCACTA-1_1_1_1_1,DC,Csf3r-hi Neu,2.366685927,2.154949382
TCACTCGCAACTGAAA-1_1_1_1_1,DC,Mmp8+ Neu,4.745386898,-0.408767328
TCAGCAATCGGATAAA-1_1_1_1_1,DC,Mmp8+ Neu,3.396093189,-4.044172094
TCAGGTACACCCTGTT-1_1_1_1_1,DC,Mmp8+ Neu,4.365680992,0.901385143
TCAGGTAGTCCCGTGA-1_1_1_1_1,DC,Mmp8+ Neu,4.591791927,-1.916509137
TCAGTCCGTACGATCT-1_1_1_1_1,DC,Mmp8+ Neu,2.607441961,-0.050612972
TCAGTGACAAAGAGTT-1_1_1_1_1,DC,Mmp8+ Neu,3.81259638,-2.426973984
TCAGTTTGTAGATTAG-1_1_1_1_1,DC,Mmp8+ Neu,2.515835583,-1.696764097
TCAGTTTTCTATACGG-1_1_1_1_1,DC,Mmp8+ Neu,2.965982735,-0.969764516
TCATACTTCTGGGCAC-1_1_1_1_1,DC,Cd14-hi Neu,-1.976651729,-1.756319747
TCATGTTGTGAATGTA-1_1_1_1_1,DC,Mmp8+ Neu,6.0808447,-2.532581613
TCATTCATCAGAGTGG-1_1_1_1_1,DC,Mmp8+ Neu,6.016184151,-3.281922624
TCATTTGTCTAGCCAA-1_1_1_1_1,DC,Cstdc4+ Neu,1.330847919,-3.819868848
TCCACCACATCCTAAG-1_1_1_1_1,DC,Mmp8+ Neu,6.266362965,-3.340540216
TCCAGAAAGCATGCGA-1_1_1_1_1,DC,Mmp8+ Neu,4.063268959,0.648080185
TCCATCGCACCCTAAA-1_1_1_1_1,DC,Mmp8+ Neu,6.335593998,-2.520604179
TCCATCGGTCGTCGGT-1_1_1_1_1,DC,Mmp8+ Neu,3.510279953,-0.077139423
TCCATCGTCCTTATCA-1_1_1_1_1,DC,Mmp8+ Neu,5.28603059,-1.993202076
TCCCACAGTATGAGCG-1_1_1_1_1,DC,Mmp8+ Neu,4.751704037,0.305643156
TCCCACAGTTAAGGGC-1_1_1_1_1,DC,Csf3r-hi Neu,2.536044895,1.925611213
TCCGGGAAGGGTACAC-1_1_1_1_1,DC,Cd14-hi Neu,2.153872072,-1.490249142
TCCTCGAGTTAATCGC-1_1_1_1_1,DC,Mmp8+ Neu,5.287433922,-0.902591825
TCCTCGATCCAACTGA-1_1_1_1_1,DC,Mmp8+ Neu,6.138141453,-3.335028455
TCCTGCAGTATGACAA-1_1_1_1_1,DC,Mmp8+ Neu,2.135676443,-1.623176262
TCCTTCTCAGTCGAGA-1_1_1_1_1,DC,Mmp8+ Neu,4.914949238,-1.453086779
TCCTTTCGTGCTTATG-1_1_1_1_1,DC,Csf3r-hi Neu,2.801648914,2.022788956
TCGAACAGTACTTGTG-1_1_1_1_1,DC,Mmp8+ Neu,4.709192097,-0.148387537
TCGACCTAGTTACTCG-1_1_1_1_1,DC,Mmp8+ Neu,1.96876961,-1.124437832
TCGCACTAGCACAAAT-1_1_1_1_1,DC,Isg15+ Neu,2.187217295,0.525396302
TCGCACTTCGACCACG-1_1_1_1_1,DC,Cstdc4+ Neu,-0.587372572,-4.193777368
TCGCAGGAGCAACTTC-1_1_1_1_1,DC,Mmp8+ Neu,5.598023235,-2.845723912
TCGCTTGTCATACAGC-1_1_1_1_1,DC,Mmp8+ Neu,6.86432439,-3.375851438
TCGGGTGCAATAGTAG-1_1_1_1_1,DC,Mmp8+ Neu,4.526438534,0.202384308
TCGTAGAGTTGAGTCT-1_1_1_1_1,DC,Mmp8+ Neu,5.38242656,-3.729548261
TCGTGGGTCGTGGCTG-1_1_1_1_1,DC,Mmp8+ Neu,4.588024914,-2.177281544
TCTAACTTCGACCCAG-1_1_1_1_1,DC,Mmp8+ Neu,3.448178589,-1.007355012
TCTATACAGCGACATG-1_1_1_1_1,DC,Mmp8+ Neu,7.068163693,-3.783260629
TCTATACAGTCGAGGT-1_1_1_1_1,DC,Mmp8+ Neu,4.950125992,-2.500050828
TCTATCATCGTGCAGC-1_1_1_1_1,DC,Cd14-hi Neu,-2.628810347,-1.048200123
TCTCAGCTCCTCTAGC-1_1_1_1_1,DC,Mmp8+ Neu,5.446247875,-3.071990893
TCTCTGGCATAGGCGA-1_1_1_1_1,DC,Mmp8+ Neu,4.436838924,0.575608924
TCTGCCATCGACGACC-1_1_1_1_1,DC,Cstdc4+ Neu,1.029540002,-3.915794894
TCTTAGTAGACTGGGT-1_1_1_1_1,DC,Mmp8+ Neu,5.663055718,-1.296994776
TCTTAGTTCTGCGGAC-1_1_1_1_1,DC,Cstdc4+ Neu,2.087824881,-3.101783321
TCTTGCGAGTAGTGCG-1_1_1_1_1,DC,Mmp8+ Neu,5.769295036,-2.507402465
TCTTGCGCAAGTGGCA-1_1_1_1_1,DC,Mmp8+ Neu,3.861377537,-0.797688499
TGAATCGGTTGGATCT-1_1_1_1_1,DC,Mmp8+ Neu,4.005071461,-2.461818263
TGAATGCAGTATTCCG-1_1_1_1_1,DC,Csf3r-hi Neu,2.743917286,1.741011575
TGAATGCGTCAGGCAA-1_1_1_1_1,DC,Mmp8+ Neu,4.023700535,-3.503963277
TGAATGCTCACTTGTT-1_1_1_1_1,DC,Cd14-hi Neu,1.793347656,-2.152250931
TGACAGTGTGACAGGT-1_1_1_1_1,DC,Cd14-hi Neu,-1.78636235,0.903403952
TGACTCCGTAGATTGA-1_1_1_1_1,DC,Mmp8+ Neu,4.886127293,-3.825889394
TGACTCCTCTCCATAT-1_1_1_1_1,DC,Cd14-hi Neu,-1.792187632,-1.028564148
TGAGCGCTCGTCTCAC-1_1_1_1_1,DC,Cd14-hi Neu,2.021192848,-1.843746648
TGAGGAGTCAAAGAAC-1_1_1_1_1,DC,Mmp8+ Neu,7.526264965,-4.254365966
TGAGGGAGTACCACGC-1_1_1_1_1,DC,Mmp8+ Neu,5.825835049,-0.934003756
TGAGGTTGTACGCTTA-1_1_1_1_1,DC,Mmp8+ Neu,4.425375759,-2.194244191
TGAGTCAGTCAGACTT-1_1_1_1_1,DC,Mmp8+ Neu,1.978660881,-1.445952103
TGATCTTTCTAGGAAA-1_1_1_1_1,DC,Mmp8+ Neu,2.986453116,0.107349232
TGATGCATCGGCTGTG-1_1_1_1_1,DC,Mmp8+ Neu,3.489804565,-4.043156907
TGATGGTCAAGAGGCT-1_1_1_1_1,DC,Mmp8+ Neu,5.295423328,-1.074836128
TGCACGGTCCGAACGC-1_1_1_1_1,DC,Mmp8+ Neu,6.309411823,-3.295126245
TGCAGGCCACTCCTTG-1_1_1_1_1,DC,Mmp8+ Neu,6.550031483,-2.35764663
TGCAGTAAGGTTCACT-1_1_1_1_1,DC,Mmp8+ Neu,5.116297543,0.04429467
TGCGACGAGTAGAATC-1_1_1_1_1,DC,Mmp8+ Neu,3.775242626,-2.002977237
TGCGACGGTTGCTCCT-1_1_1_1_1,DC,Mmp8+ Neu,3.768632233,-1.889236257
TGCGACGTCACTCGAA-1_1_1_1_1,DC,Mmp8+ Neu,5.794771015,-1.425882086
TGCGACGTCTCCAATT-1_1_1_1_1,DC,Mmp8+ Neu,6.130421459,-1.943759129
TGCGATATCAGCGCGT-1_1_1_1_1,DC,Mmp8+ Neu,4.463887512,-1.91111587
TGCGGGTCACACCGCA-1_1_1_1_1,DC,Mmp8+ Neu,3.929134667,-0.073932752
TGCTTGCAGGCACCAA-1_1_1_1_1,DC,Mmp8+ Neu,5.352122128,-1.952718303
TGGAACTGTATTTCGG-1_1_1_1_1,DC,Mmp8+ Neu,3.087315142,-4.245436237
TGGCGTGCAACACAGG-1_1_1_1_1,DC,Cstdc4+ Neu,2.584726631,-3.053261206
TGGGAAGTCAGCTGAT-1_1_1_1_1,DC,Mmp8+ Neu,3.129737675,-4.344209954
TGGGAAGTCGACATTG-1_1_1_1_1,DC,Mmp8+ Neu,4.164356052,-0.555401787
TGGGAGATCGGCTATA-1_1_1_1_1,DC,Mmp8+ Neu,7.405456841,-4.212375209
TGGGATTTCCGTATAG-1_1_1_1_1,DC,Mmp8+ Neu,3.531042158,-1.816548989
TGGGCTGGTTTGATCG-1_1_1_1_1,DC,Mmp8+ Neu,4.795812428,-1.074819188
TGGTACATCTTACCAT-1_1_1_1_1,DC,Mmp8+ Neu,4.336131393,0.488134697
TGGTTAGGTGTGATGG-1_1_1_1_1,DC,Cstdc4+ Neu,1.747065365,-4.212048814
TGTACAGCAATAGGAT-1_1_1_1_1,DC,Mmp8+ Neu,3.883419334,-2.918430254
TGTAGACAGGGCCTCT-1_1_1_1_1,DC,Mmp8+ Neu,4.42795211,-3.913928315
TGTAGACGTAGGTAGC-1_1_1_1_1,DC,Csf3r-hi Neu,0.543932437,3.532148078
TGTCAGATCGGCAGTC-1_1_1_1_1,DC,Mmp8+ Neu,4.058318913,-2.07569556
TGTCCCAAGCCTGAGA-1_1_1_1_1,DC,Mmp8+ Neu,5.8337062,-2.571971461
TGTCCCAGTGGCTCTG-1_1_1_1_1,DC,Mmp8+ Neu,4.600704968,-2.324739859
TGTCCTGAGAGCCATG-1_1_1_1_1,DC,Mmp8+ Neu,3.975143253,-3.177534387
TGTGATGCAGCGGTCT-1_1_1_1_1,DC,Mmp8+ Neu,5.362035095,-2.442152068
TGTGCGGTCTGGGCGT-1_1_1_1_1,DC,Icam1+ Neu,-3.606659353,-1.776361451
TGTGGCGTCTTTGCGC-1_1_1_1_1,DC,Mmp8+ Neu,6.371734917,-3.194545791
TGTTCATAGGTATAGT-1_1_1_1_1,DC,Cstdc4+ Neu,1.583154857,-3.065798566
TGTTCCGCACCGTGCA-1_1_1_1_1,DC,Mmp8+ Neu,2.55517131,0.040575221
TGTTCTAGTTATGTGC-1_1_1_1_1,DC,Cd14-hi Neu,-0.251278997,-1.644012198
TGTTGAGAGGAGACCT-1_1_1_1_1,DC,Mmp8+ Neu,6.011460125,-3.177403495
TTACAGGCATACAGCT-1_1_1_1_1,DC,Mmp8+ Neu,3.055549919,0.174482777
TTACAGGCATTATGCG-1_1_1_1_1,DC,Cd14-hi Neu,0.142618239,-1.099383289
TTACAGGGTGCAATAA-1_1_1_1_1,DC,Mmp8+ Neu,2.284975349,-0.742445097
TTACCATCAACCACAT-1_1_1_1_1,DC,Mmp8+ Neu,4.910053074,-0.220023498
TTACCATCACACGGAA-1_1_1_1_1,DC,Mmp8+ Neu,1.347156584,0.666717007
TTACCGCAGAGCCGAT-1_1_1_1_1,DC,Cstdc4+ Neu,2.606663048,-3.24210386
TTACGTTGTGATCATC-1_1_1_1_1,DC,Mmp8+ Neu,4.467674076,1.035753444
TTAGGCACAACCGCCA-1_1_1_1_1,DC,Mmp8+ Neu,5.613556206,-3.501133487
TTAGGGTCATGCAGCC-1_1_1_1_1,DC,Mmp8+ Neu,2.406882107,-0.95969487
TTAGTCTTCGAGAACG-1_1_1_1_1,DC,Mmp8+ Neu,4.595751583,-0.714243189
TTATTGCAGACCTCAT-1_1_1_1_1,DC,Mmp8+ Neu,2.879284203,-1.416994676
TTATTGCCACACCTAA-1_1_1_1_1,DC,Mmp8+ Neu,2.98007971,-1.511193261
TTCACCGCACTCACTC-1_1_1_1_1,DC,Mmp8+ Neu,5.352121174,0.234311536
TTCAGGACATGAGATA-1_1_1_1_1,DC,Mmp8+ Neu,5.093536198,-2.498714492
TTCATGTGTTTGCCGG-1_1_1_1_1,DC,Mmp8+ Neu,2.039468348,-1.529022023
TTCATTGAGGTAGTAT-1_1_1_1_1,DC,Mmp8+ Neu,6.055428803,-1.264831662
TTCCAATCACCGTGGT-1_1_1_1_1,DC,Cstdc4+ Neu,1.926539242,-3.636846111
TTCCAATTCCGCTTAC-1_1_1_1_1,DC,Cd14-hi Neu,0.812721133,0.66163595
TTCGATTCAATAGTGA-1_1_1_1_1,DC,Mmp8+ Neu,6.501562416,-2.094059512
TTCGCTGCATATCGGT-1_1_1_1_1,DC,Csf3r-hi Neu,-3.096225918,-0.22408329
TTCTAGTTCTTGATTC-1_1_1_1_1,DC,Icam1+ Neu,-2.244173944,1.19866319
TTGAGTGGTTACGCCG-1_1_1_1_1,DC,Mmp8+ Neu,3.44343096,-0.481177673
TTGCGTCGTCACTCGG-1_1_1_1_1,DC,Cstdc4+ Neu,0.925628125,-4.52457814
TTGGATGGTGATAGTA-1_1_1_1_1,DC,Mmp8+ Neu,4.60041219,-1.613226876
TTGGATGTCGTTATCT-1_1_1_1_1,DC,Mmp8+ Neu,2.55683285,-1.133041233
TTGGATGTCTCCTGAC-1_1_1_1_1,DC,Isg15+ Neu,0.720840811,-0.082124696
TTGGGCGGTTCTCACC-1_1_1_1_1,DC,Cd14-hi Neu,-0.346608311,-1.898393199
TTGTGGAAGAGGTATT-1_1_1_1_1,DC,Cd14-hi Neu,0.176084905,-3.218928621
TTGTTCATCTTGCGCT-1_1_1_1_1,DC,Mmp8+ Neu,4.368477165,-1.493509427
TTGTTGTAGCCTTTCC-1_1_1_1_1,DC,Mmp8+ Neu,5.920379936,-1.465987102
TTGTTTGCAGGACTAG-1_1_1_1_1,DC,Mmp8+ Neu,6.572765171,-2.976121471
TTTCATGCAGACCTGC-1_1_1_1_1,DC,Mmp8+ Neu,3.047819197,-2.412984178
TTTCCTCAGCTGTCCG-1_1_1_1_1,DC,Mmp8+ Neu,5.303555309,-3.007978008
TTTGGAGTCTCTATGT-1_1_1_1_1,DC,Cstdc4+ Neu,-0.312627629,-2.717791006
ACCACAAAGCGTATGG-1_2_1_1_1,DC,Cstdc4+ Neu,0.84481877,-4.083434388
ACCTACCAGAGAGTTT-1_2_1_1_1,DC,Mmp8+ Neu,3.654948294,-3.495952651
ACGATCAAGCAGATAT-1_2_1_1_1,DC,Csf3r-hi Neu,2.242987215,2.129406407
ACGGGTCCACAAGCAG-1_2_1_1_1,DC,Mmp8+ Neu,6.094804108,-2.43636553
ACGTACACAACATACC-1_2_1_1_1,DC,Mmp8+ Neu,5.790314495,-1.921865389
ACGTCCTAGTCATGGG-1_2_1_1_1,DC,Mmp8+ Neu,1.445203483,-0.944704563
ACTGATGCAACTGTGT-1_2_1_1_1,DC,Icam1+ Neu,-2.548838795,2.985963538
ACTGATGTCAAAGCCT-1_2_1_1_1,DC,Mmp8+ Neu,5.743162453,-2.667800472
ACTGATGTCATCACAG-1_2_1_1_1,DC,Mmp8+ Neu,4.549681961,-1.497118697
ACTGCAAGTAATGCGG-1_2_1_1_1,DC,Mmp8+ Neu,3.971268951,-2.27958183
ACTGTCCAGTGATCGG-1_2_1_1_1,DC,Csf3r-hi Neu,3.145006716,2.006807998
ACTGTCCCACGACCTG-1_2_1_1_1,DC,Csf3r-hi Neu,3.342663347,1.821865275
ACTGTCCGTATCCCTC-1_2_1_1_1,DC,Cstdc4+ Neu,0.863401234,-4.080552146
ACTGTCCTCTCGCAGG-1_2_1_1_1,DC,Mmp8+ Neu,3.895026505,-0.980877564
ACTGTGAGTGGTACAG-1_2_1_1_1,DC,Mmp8+ Neu,5.566716969,-2.558077738
ACTTCCGGTTTGACAC-1_2_1_1_1,DC,Icam1+ Neu,-3.339144886,2.813427165
AGAACCTGTGGGACAT-1_2_1_1_1,DC,Mmp8+ Neu,2.241592705,-1.331729219
AGAAGTACAATAGTGA-1_2_1_1_1,DC,Csf3r-hi Neu,1.696051776,3.298813536
AGACTCAGTATGAGGC-1_2_1_1_1,DC,Mmp8+ Neu,7.522494137,-4.275739476
AGAGAGCAGAGCACTG-1_2_1_1_1,DC,Icam1+ Neu,-2.015424908,3.060893729
AGATAGAAGGTGCTAG-1_2_1_1_1,DC,Mmp8+ Neu,4.290245354,-1.823688493
AGCCAGCTCCTCTAGC-1_2_1_1_1,DC,Csf3r-hi Neu,-0.248627216,2.355017855
AGCGCTGAGGTTATAG-1_2_1_1_1,DC,Mmp8+ Neu,2.298472464,0.069171026
AGCGCTGTCATGTCTT-1_2_1_1_1,DC,Isg15+ Neu,0.484374046,0.578590706
AGCTCAATCATGGGAG-1_2_1_1_1,DC,Mmp8+ Neu,5.870448887,-0.449018464
AGCTTCCGTGTCGATT-1_2_1_1_1,DC,Cstdc4+ Neu,1.289300739,-3.265140817
AGGACGAGTACGGATG-1_2_1_1_1,DC,Mmp8+ Neu,3.585767328,-3.930353448
AGGCATTCAATGGGTG-1_2_1_1_1,DC,Csf3r-hi Neu,-3.509022415,4.988797858
AGGCTGCGTTTACTTC-1_2_1_1_1,DC,Cstdc4+ Neu,1.237957894,-4.017820165
AGGGAGTGTTTCTTAC-1_2_1_1_1,DC,Mmp8+ Neu,5.445031464,-2.327861354
AGGGCCTTCTACGCGG-1_2_1_1_1,DC,Mmp8+ Neu,2.017912447,-1.190348707
AGGGCTCAGCTAGTTC-1_2_1_1_1,DC,Cd14-hi Neu,0.826641261,-2.140447542
AGGTAGGGTCCTGGTG-1_2_1_1_1,DC,Csf3r-hi Neu,-0.260654755,3.388880446
AGGTCATGTGAGTTTC-1_2_1_1_1,DC,Mmp8+ Neu,4.223405659,-2.752722547
AGGTCTATCCGGTAGC-1_2_1_1_1,DC,Icam1+ Neu,-6.236364544,2.118838742
AGGTTACCAAATGGTA-1_2_1_1_1,DC,Isg15+ Neu,-1.086282969,0.326842501
AGTAGTCAGTTTCAGC-1_2_1_1_1,DC,Mmp8+ Neu,2.085861981,-0.901105374
AGTAGTCGTGCCTGCA-1_2_1_1_1,DC,Mmp8+ Neu,5.160906612,-1.635265336
AGTCACACAAGTGGCA-1_2_1_1_1,DC,Csf3r-hi Neu,-0.270948179,3.772505
AGTCATGCAGGTGACA-1_2_1_1_1,DC,Csf3r-hi Neu,1.935695707,3.134869292
AGTCTCCCAGCATTGT-1_2_1_1_1,DC,Cstdc4+ Neu,2.538905203,-3.030226514
AGTGCCGTCAAAGGTA-1_2_1_1_1,DC,Icam1+ Neu,-4.188941658,3.636921599
AGTGTTGGTGAAGCTG-1_2_1_1_1,DC,Isg15+ Neu,-0.707616866,0.474472597
AGTTAGCAGTTGCCTA-1_2_1_1_1,DC,Mmp8+ Neu,5.67778331,-2.349446819
AGTTCCCCAGGTCAGA-1_2_1_1_1,DC,Csf3r-hi Neu,-3.147309006,2.283422187
AGTTCCCCATTACTCT-1_2_1_1_1,DC,Csf3r-hi Neu,1.441824376,3.251133635
AGTTCGACAAGTACCT-1_2_1_1_1,DC,Mmp8+ Neu,3.776068031,-3.07620363
AGTTCGATCTCTGGTC-1_2_1_1_1,DC,Csf3r-hi Neu,1.077427685,1.09987469
ATACTTCCAAAGCTAA-1_2_1_1_1,DC,Mmp8+ Neu,1.768812835,0.655693128
ATACTTCGTGGTATGG-1_2_1_1_1,DC,Mmp8+ Neu,5.167083084,-2.454467342
ATACTTCTCCACGAAT-1_2_1_1_1,DC,Mmp8+ Neu,6.338362515,-3.175492093
ATAGACCCATGACGTT-1_2_1_1_1,DC,Mmp8+ Neu,5.565625488,0.025366619
ATAGACCGTTGGAGGT-1_2_1_1_1,DC,Mmp8+ Neu,3.389064371,-2.969809696
ATAGGCTCATACTTTC-1_2_1_1_1,DC,Icam1+ Neu,-5.47098893,2.593030408
ATCACGAGTGTGTACT-1_2_1_1_1,DC,Mmp8+ Neu,3.814295351,1.171838477
ATCAGGTTCACTGTTT-1_2_1_1_1,DC,Isg15+ Neu,-0.166734353,2.097280457
ATCGCCTAGTTGCATC-1_2_1_1_1,DC,Mmp8+ Neu,6.104351818,-3.289334104
ATCGGATGTCCAAAGG-1_2_1_1_1,DC,Csf3r-hi Neu,1.997399151,2.543818906
ATCGTCCGTACGATTC-1_2_1_1_1,DC,Cstdc4+ Neu,1.021275341,-3.529559896
ATCTTCAGTCAGGCAA-1_2_1_1_1,DC,Mmp8+ Neu,5.476654827,-3.85251765
ATGAAAGAGTTGTACC-1_2_1_1_1,DC,Icam1+ Neu,-4.995266617,-1.442731992
ATGACCACATCGTGGC-1_2_1_1_1,DC,Cd14-hi Neu,-0.354280666,-2.637213752
ATGGTTGAGAACTTCC-1_2_1_1_1,DC,Mmp8+ Neu,5.833257019,-1.55235456
ATGTCCCTCCGTGGTG-1_2_1_1_1,DC,Isg15+ Neu,0.728673875,0.415638163
ATGTCTTAGGTAGTAT-1_2_1_1_1,DC,Isg15+ Neu,-0.056804896,0.613001659
ATGTCTTTCCAGTGTA-1_2_1_1_1,DC,Csf3r-hi Neu,0.361552417,3.261149123
ATTACCTAGGGTATAT-1_2_1_1_1,DC,Mmp8+ Neu,6.464300453,-2.27027075
ATTACTCCACTTACAG-1_2_1_1_1,DC,Cstdc4+ Neu,1.844051897,-3.125463054
ATTACTCGTCGTACTA-1_2_1_1_1,DC,Icam1+ Neu,-4.031464756,-1.589573488
ATTCACTAGCGTGCTC-1_2_1_1_1,DC,Mmp8+ Neu,5.102929413,-1.165464923
ATTCACTTCAGACTGT-1_2_1_1_1,DC,Csf3r-hi Neu,1.143006503,3.046192363
ATTCCATGTACGACAG-1_2_1_1_1,DC,Mmp8+ Neu,4.507831871,-0.858666823
ATTCCATTCGACCCAG-1_2_1_1_1,DC,Mmp8+ Neu,6.360962689,-2.663069174
ATTTCACAGACTTAAG-1_2_1_1_1,DC,Csf3r-hi Neu,-2.947364033,4.113988593
CAAAGAAGTTGCCTAA-1_2_1_1_1,DC,Csf3r-hi Neu,0.755981087,3.469965651
CAACCAAAGATGCCGA-1_2_1_1_1,DC,Mmp8+ Neu,3.853419125,-3.427292869
CAACCAACAGGTCAAG-1_2_1_1_1,DC,Mmp8+ Neu,5.085613548,-2.437504694
CAACCTCGTTGTAAAG-1_2_1_1_1,DC,Cstdc4+ Neu,1.390659391,-4.564693496
CAAGCTACATAGCTGT-1_2_1_1_1,DC,Mmp8+ Neu,7.623041927,-4.370682523
CAAGGGAGTCGTGTTA-1_2_1_1_1,DC,Cd14-hi Neu,1.852525055,-2.044294104
CAATCGAAGATGTAGT-1_2_1_1_1,DC,Cstdc4+ Neu,1.521521031,-3.083900497
CAATGACCATCCGTGG-1_2_1_1_1,DC,Mmp8+ Neu,5.301370918,-1.402287856
CACCGTTAGCGTATGG-1_2_1_1_1,DC,Mmp8+ Neu,3.045637428,-0.292198345
CACGTTCTCATACAGC-1_2_1_1_1,DC,Icam1+ Neu,-2.894909561,1.98719497
CACGTTCTCTTACCAT-1_2_1_1_1,DC,Mmp8+ Neu,4.717583,-1.390901313
CACTGAAGTGCGACAA-1_2_1_1_1,DC,Cd14-hi Neu,1.719210326,-1.840541885
CACTGGGAGATGCGAC-1_2_1_1_1,DC,Csf3r-hi Neu,3.94302684,1.539144471
CAGATACTCCCGAGGT-1_2_1_1_1,DC,Mmp8+ Neu,5.37989074,-2.27213113
CAGCCAGAGGATGTTA-1_2_1_1_1,DC,Isg15+ Neu,-0.37497066,-0.069088623
CAGCCAGGTGGGTCAA-1_2_1_1_1,DC,Mmp8+ Neu,6.867138683,-3.294996545
CAGCGTGAGCCACAAG-1_2_1_1_1,DC,Icam1+ Neu,-3.785532177,1.300090506
CAGCGTGCAACAGCCC-1_2_1_1_1,DC,Csf3r-hi Neu,0.627914249,3.27295275
CAGCGTGCAATACCCA-1_2_1_1_1,DC,Icam1+ Neu,-3.02804035,2.656833365
CAGGCCAAGAGGTCAC-1_2_1_1_1,DC,Mmp8+ Neu,5.7074216,-2.432027027
CAGGCCAGTTCAGCTA-1_2_1_1_1,DC,Mmp8+ Neu,5.653909504,-3.689807937
CAGGTATCAGGAGACT-1_2_1_1_1,DC,Isg15+ Neu,0.931802928,-0.283104048
CATAGACAGCGCACAA-1_2_1_1_1,DC,Mmp8+ Neu,4.769845306,-2.942163155
CATCAAGCATTGCCTC-1_2_1_1_1,DC,Mmp8+ Neu,5.068106949,-0.38485007
CATGAGTTCGGAACTT-1_2_1_1_1,DC,Cstdc4+ Neu,2.201912939,1.560802415
CATGCAAAGCGATCGA-1_2_1_1_1,DC,Mmp8+ Neu,6.412945568,-2.959361121
CATGCGGGTATGGGAC-1_2_1_1_1,DC,Mmp8+ Neu,3.393555462,-4.129837796
CATGGATGTCGACTTA-1_2_1_1_1,DC,Csf3r-hi Neu,3.137501061,2.612869456
CATTCTAAGTCACAGG-1_2_1_1_1,DC,Mmp8+ Neu,4.691720783,-0.729283765
CCAAGCGGTTGGGCCT-1_2_1_1_1,DC,Mmp8+ Neu,7.128033936,-3.865791604
CCACCATGTTCCTAAG-1_2_1_1_1,DC,Cstdc4+ Neu,2.062011063,-3.743625209
CCACGAGGTGGGCTTC-1_2_1_1_1,DC,Csf3r-hi Neu,1.395012319,3.46655865
CCATCACCAGAGTCAG-1_2_1_1_1,DC,Icam1+ Neu,-4.56057328,-0.877376303
CCCGAAGTCTCATTGT-1_2_1_1_1,DC,Csf3r-hi Neu,2.25430423,2.878034785
CCCTGATCAACGGCTC-1_2_1_1_1,DC,Mmp8+ Neu,4.537646591,0.288056209
CCGGTAGCACGTATAC-1_2_1_1_1,DC,Csf3r-hi Neu,-0.198825863,3.134294703
CCGGTAGGTAGGGTAC-1_2_1_1_1,DC,Mmp8+ Neu,5.20889455,-2.44239311
CCGTTCACAACGACTT-1_2_1_1_1,DC,Mmp8+ Neu,4.352038204,-2.141980574
CCTAACCAGCCATTGT-1_2_1_1_1,DC,Icam1+ Neu,-2.515339554,3.274362281
CCTAACCTCGAACGCC-1_2_1_1_1,DC,Mmp8+ Neu,5.830624878,-1.221405045
CCTAAGAGTAGTCGTT-1_2_1_1_1,DC,Mmp8+ Neu,2.37798506,-2.028243348
CCTACGTCACCTGCAG-1_2_1_1_1,DC,Mmp8+ Neu,6.335537254,-2.433482692
CCTCAACTCGCTAATG-1_2_1_1_1,DC,Mmp8+ Neu,7.291738331,-4.267202422
CCTCACAGTGAATAAC-1_2_1_1_1,DC,Mmp8+ Neu,6.60917741,-2.277667329
CCTCAGTGTCCTACAA-1_2_1_1_1,DC,Mmp8+ Neu,4.438021481,-3.316273019
CCTCAGTTCATCACTT-1_2_1_1_1,DC,Mmp8+ Neu,4.610827267,0.097451046
CCTCCTCTCTTTGCAT-1_2_1_1_1,DC,Mmp8+ Neu,6.170090019,-1.054482721
CCTGTTGCAACTACGT-1_2_1_1_1,DC,Cstdc4+ Neu,0.368880212,-4.537141607
CCTTCAGGTTTCTATC-1_2_1_1_1,DC,Icam1+ Neu,-5.713770569,2.750521615
CGAAGGAAGGACAAGA-1_2_1_1_1,DC,Csf3r-hi Neu,-1.898577869,0.721291139
CGAAGTTTCAAGCTGT-1_2_1_1_1,DC,Mmp8+ Neu,4.901795685,-2.951547787
CGAATTGGTCTCGACG-1_2_1_1_1,DC,Csf3r-hi Neu,3.035417139,3.106644824
CGAATTGTCCCATACC-1_2_1_1_1,DC,Mmp8+ Neu,2.611848652,-3.505068586
CGAGTGCAGATGCTGG-1_2_1_1_1,DC,Isg15+ Neu,2.354366839,1.345688775
CGATCGGTCCGATTAG-1_2_1_1_1,DC,Csf3r-hi Neu,1.568676173,2.367465451
CGATGGCAGAATTGTG-1_2_1_1_1,DC,Mmp8+ Neu,3.978053391,-3.353574798
CGATGGCAGAGCCATG-1_2_1_1_1,DC,Cstdc4+ Neu,1.039956748,-4.539828107
CGCAGGTCAGAGCCCT-1_2_1_1_1,DC,Mmp8+ Neu,4.679429829,-1.552706793
CGGACACCACACACGC-1_2_1_1_1,DC,Mmp8+ Neu,2.043123066,-1.615290627
CGGACACCATGTTACG-1_2_1_1_1,DC,Mmp8+ Neu,3.332578003,-3.797595308
CGGACACTCCCATAGA-1_2_1_1_1,DC,Mmp8+ Neu,6.509021103,-2.955856487
CGGCAGTGTCGCATTA-1_2_1_1_1,DC,Csf3r-hi Neu,-0.545664072,3.939963534
CGGGTCATCACTGTTT-1_2_1_1_1,DC,Mmp8+ Neu,5.554744541,-1.746167466
CGGGTGTAGAGGTGCT-1_2_1_1_1,DC,Isg15+ Neu,-0.277176544,0.437846735
CGGGTGTCATCGATAC-1_2_1_1_1,DC,Csf3r-hi Neu,-0.476282269,3.248687938
CGTAATGGTCGCTCGA-1_2_1_1_1,DC,Mmp8+ Neu,5.503607094,-2.583933398
CGTAGTATCAGTCACA-1_2_1_1_1,DC,Cstdc4+ Neu,-1.137417615,-4.598287389
CGTCCATGTGAGTAAT-1_2_1_1_1,DC,Csf3r-hi Neu,0.198695778,3.909007266
CGTGCTTAGCGACTTT-1_2_1_1_1,DC,Mmp8+ Neu,4.721863567,1.34061332
CGTGTCTTCTATTTCG-1_2_1_1_1,DC,Icam1+ Neu,-3.634172142,4.459295943
CGTTAGAAGAAGCGGG-1_2_1_1_1,DC,Icam1+ Neu,-3.274083317,4.332506373
CTAACTTCACGTGTGC-1_2_1_1_1,DC,Mmp8+ Neu,3.185264885,0.078676775
CTAAGTGAGGTCTACT-1_2_1_1_1,DC,Cstdc4+ Neu,2.860629379,-2.759094045
CTACGGGCAAAGGATT-1_2_1_1_1,DC,Icam1+ Neu,-1.468628705,2.049828484
CTACTATTCAAGCTGT-1_2_1_1_1,DC,Mmp8+ Neu,5.961940109,-3.277975127
CTAGACATCCTTATGT-1_2_1_1_1,DC,Csf3r-hi Neu,-1.227007568,3.728445723
CTATAGGCACCCAACG-1_2_1_1_1,DC,Csf3r-hi Neu,2.849184095,2.617780164
CTCATGCAGCACTTTG-1_2_1_1_1,DC,Csf3r-hi Neu,1.205460369,3.1975791
CTCATGCCATTGTCGA-1_2_1_1_1,DC,Cd14-hi Neu,1.553481519,-2.00643085
CTCCATGGTTTCCATT-1_2_1_1_1,DC,Mmp8+ Neu,5.168068707,-0.919845313
CTCCTCCCACTTGACA-1_2_1_1_1,DC,Csf3r-hi Neu,1.037263572,3.719902709
CTCCTTTGTCACCCTT-1_2_1_1_1,DC,Mmp8+ Neu,2.925290167,0.858026459
CTCTCGATCAGACAAA-1_2_1_1_1,DC,Icam1+ Neu,-3.961786449,2.674944117
CTGCATCAGGGCCAAT-1_2_1_1_1,DC,Mmp8+ Neu,3.081405937,-4.243750856
CTGCCATAGAGTGGCT-1_2_1_1_1,DC,Mmp8+ Neu,5.800513565,-2.553636477
CTGCGAGAGAGGCGTT-1_2_1_1_1,DC,Cd14-hi Neu,0.393336355,-1.469076112
CTGGACGAGCTAAATG-1_2_1_1_1,DC,Mmp8+ Neu,4.744890034,-1.309470818
CTGGTCTAGGCTAGCA-1_2_1_1_1,DC,Mmp8+ Neu,5.107207119,-1.142925807
CTGGTCTGTTCCGCGA-1_2_1_1_1,DC,Mmp8+ Neu,2.522046387,-0.224283144
CTGTACCAGGTTTGAA-1_2_1_1_1,DC,Cd14-hi Neu,0.340944469,-2.308605001
CTGTGGGGTACGGTTT-1_2_1_1_1,DC,Mmp8+ Neu,5.023567974,1.098675444
CTTACCGGTGTACATC-1_2_1_1_1,DC,Mmp8+ Neu,3.672098696,-4.112816617
CTTCAATTCGAGAACG-1_2_1_1_1,DC,Cd14-hi Neu,-2.5337798,-1.283589661
CTTCCGAAGGATACCG-1_2_1_1_1,DC,Mmp8+ Neu,5.465737164,-2.580858752
CTTCCGAAGTTACTCG-1_2_1_1_1,DC,Cd14-hi Neu,-0.602285445,-0.249883697
CTTCGGTCAACCGTAT-1_2_1_1_1,DC,Csf3r-hi Neu,-0.055471287,3.040834143
CTTCTCTTCCACCTGT-1_2_1_1_1,DC,Mmp8+ Neu,6.163882076,-2.118927881
CTTGATTGTTTAGTCG-1_2_1_1_1,DC,Mmp8+ Neu,4.909219086,-0.674425319
CTTTCAAAGACCTGGA-1_2_1_1_1,DC,Icam1+ Neu,-3.272600115,1.093602135
CTTTCGGCAATACAGA-1_2_1_1_1,DC,Csf3r-hi Neu,4.395834744,1.708867743
CTTTCGGCAGGGACTA-1_2_1_1_1,DC,Csf3r-hi Neu,0.300926774,2.000309184
GAACACTCAAGGACAC-1_2_1_1_1,DC,Mmp8+ Neu,6.483979046,-2.844973132
GAACTGTCATCCTCAC-1_2_1_1_1,DC,Mmp8+ Neu,4.40846616,-3.848480508
GAAGAATTCACCTCGT-1_2_1_1_1,DC,Cstdc4+ Neu,1.688040793,-3.645028398
GAAGTAAAGTGGCAGT-1_2_1_1_1,DC,Mmp8+ Neu,5.17091161,-3.687643335
GAAGTAAGTAGTAAGT-1_2_1_1_1,DC,Csf3r-hi Neu,-0.165066717,1.691143945
GAATAGAGTCATCACA-1_2_1_1_1,DC,Isg15+ Neu,0.255242228,0.64977391
GACCAATAGAGAGGGC-1_2_1_1_1,DC,Mmp8+ Neu,1.711256206,-0.27430819
GACCAATCACAACATC-1_2_1_1_1,DC,Csf3r-hi Neu,0.193583965,1.943967536
GACCCAGCAAGTCCCG-1_2_1_1_1,DC,Icam1+ Neu,-1.697977364,2.468979552
GACCCTTCAGAGAATT-1_2_1_1_1,DC,Cstdc4+ Neu,0.877323806,-3.160125062
GACTCTCTCCCGAACG-1_2_1_1_1,DC,Mmp8+ Neu,5.608448326,-2.594510243
GACTTCCGTCCGCAGT-1_2_1_1_1,DC,Csf3r-hi Neu,0.402584254,1.820037558
GAGAAATCATCTTTCA-1_2_1_1_1,DC,Csf3r-hi Neu,-0.147170872,2.398721888
GAGACCCAGCGAGAAA-1_2_1_1_1,DC,Mmp8+ Neu,3.738922655,-3.494592473
GAGACTTCATGGCTAT-1_2_1_1_1,DC,Mmp8+ Neu,5.107351124,0.21909292
GAGAGGTCAGTTGTCA-1_2_1_1_1,DC,Mmp8+ Neu,5.183731377,-3.096258685
GAGATGGTCGCGTCGA-1_2_1_1_1,DC,Mmp8+ Neu,5.080289661,-1.202230171
GAGCTGCAGCAGAAAG-1_2_1_1_1,DC,Mmp8+ Neu,2.302149355,0.978010371
GAGTCATGTCTCTCTG-1_2_1_1_1,DC,Icam1+ Neu,-3.058549107,3.877034858
GAGTGTTAGTATAGGT-1_2_1_1_1,DC,Mmp8+ Neu,6.380503952,-3.419974611
GAGTTTGAGAGCAGAA-1_2_1_1_1,DC,Csf3r-hi Neu,1.341825902,2.697904542
GATAGAAGTCAAAGCG-1_2_1_1_1,DC,Mmp8+ Neu,2.787061989,-2.627313301
GATAGCTAGATGCAGC-1_2_1_1_1,DC,Mmp8+ Neu,3.267055332,-1.033753395
GATCGTAAGCACAAAT-1_2_1_1_1,DC,Mmp8+ Neu,5.20618087,-2.469080732
GATGTTGTCTCTGACC-1_2_1_1_1,DC,Csf3r-hi Neu,1.260150134,3.308201506
GATTCGAGTGTGTGGA-1_2_1_1_1,DC,Cd14-hi Neu,0.727059006,-1.704226718
GCAACATAGCATCAAA-1_2_1_1_1,DC,Mmp8+ Neu,5.294613659,-3.787813947
GCATCGGGTTGTTTGG-1_2_1_1_1,DC,Csf3r-hi Neu,-1.15508318,3.663924411
GCATTAGAGGATGGCT-1_2_1_1_1,DC,Cd14-hi Neu,-0.267114617,-2.473147199
GCATTAGCAGGCCCTA-1_2_1_1_1,DC,Icam1+ Neu,-3.782325447,2.53571482
GCCAGGTTCAGGCGAA-1_2_1_1_1,DC,Cd14-hi Neu,-1.40779382,-0.534905777
GCCAGGTTCGAGAGAC-1_2_1_1_1,DC,Csf3r-hi Neu,0.380869746,2.034768775
GCCAGTGCAGTTAGGG-1_2_1_1_1,DC,Mmp8+ Neu,5.668246567,-2.859908626
GCCCAGAAGAAACTCA-1_2_1_1_1,DC,Mmp8+ Neu,5.975468933,-0.783761606
GCCTGTTAGGTTTGAA-1_2_1_1_1,DC,Cd14-hi Neu,-2.142312706,-2.332180903
GCCTGTTCACATAACC-1_2_1_1_1,DC,Csf3r-hi Neu,-1.297164619,3.762074664
GCGATCGGTGTCGATT-1_2_1_1_1,DC,Mmp8+ Neu,2.81123048,-1.231647507
GCGGATCTCGAGAGCA-1_2_1_1_1,DC,Cstdc4+ Neu,0.919156491,-4.488754556
GCGTGCAGTCACTCAA-1_2_1_1_1,DC,Cstdc4+ Neu,-0.73738724,-4.525673673
GCGTGCATCTTTGCGC-1_2_1_1_1,DC,Mmp8+ Neu,2.423114597,-0.67360498
GCGTTTCTCTACTGCC-1_2_1_1_1,DC,Mmp8+ Neu,5.876045525,-1.264956609
GCTGGGTAGTCTGGAG-1_2_1_1_1,DC,Mmp8+ Neu,5.082144558,-1.836727545
GCTTCACGTACCCACG-1_2_1_1_1,DC,Cstdc4+ Neu,0.711949944,-3.59053497
GCTTTCGGTGAGGCAT-1_2_1_1_1,DC,Mmp8+ Neu,4.410664379,-0.929253191
GCTTTCGTCGTGGCGT-1_2_1_1_1,DC,Mmp8+ Neu,3.422616064,1.343992904
GGAATCTAGCATGATA-1_2_1_1_1,DC,Csf3r-hi Neu,-0.314829439,4.116514399
GGAGAACCACTGATTG-1_2_1_1_1,DC,Isg15+ Neu,-1.360757053,0.045366719
GGAGAACTCCTATTTG-1_2_1_1_1,DC,Csf3r-hi Neu,0.547916174,1.770312979
GGAGCAAGTGGTCCCA-1_2_1_1_1,DC,Csf3r-hi Neu,2.566737473,1.781009152
GGAGGATCAGAGGTAC-1_2_1_1_1,DC,Cstdc4+ Neu,2.670586168,-3.095691726
GGAGGATGTCAGACTT-1_2_1_1_1,DC,Mmp8+ Neu,4.721357166,-0.11345999
GGAGGTATCTGGGAGA-1_2_1_1_1,DC,Cd14-hi Neu,-0.632201404,-1.951500818
GGCGTCACACGTCGTG-1_2_1_1_1,DC,Csf3r-hi Neu,3.37258321,1.730590537
GGCTGTGCAAATTAGG-1_2_1_1_1,DC,Cstdc4+ Neu,1.30712074,-4.19961004
GGCTTGGAGACACACG-1_2_1_1_1,DC,Isg15+ Neu,1.303112566,0.554957583
GGCTTGGGTGGTCTTA-1_2_1_1_1,DC,Mmp8+ Neu,5.317711174,-2.109186337
GGGAGTATCCGACATA-1_2_1_1_1,DC,Cd14-hi Neu,-1.677796662,-1.754095301
GGGATCCGTAGAATAC-1_2_1_1_1,DC,Csf3r-hi Neu,-0.731848121,1.983883097
GGGATGACACGTAACT-1_2_1_1_1,DC,Isg15+ Neu,3.027068197,1.587414696
GGGCCATGTGTGCTTA-1_2_1_1_1,DC,Mmp8+ Neu,5.862331211,-2.172254131
GGGCTACTCGCATTAG-1_2_1_1_1,DC,Isg15+ Neu,3.944039166,0.018103793
GGGCTCAGTTGAGAGC-1_2_1_1_1,DC,Icam1+ Neu,-3.811320723,0.271014765
GGGTAGAGTGGATCGA-1_2_1_1_1,DC,Mmp8+ Neu,4.973052322,-3.039159462
GGGTGAACACGCGCTA-1_2_1_1_1,DC,Mmp8+ Neu,5.9746297,-0.755423323
GGTAGAGTCATGCAGT-1_2_1_1_1,DC,Csf3r-hi Neu,2.416540682,2.142857507
GGTCACGAGGCCACTC-1_2_1_1_1,DC,Cd14-hi Neu,-0.15525458,-1.23573941
GGTCTGGGTCCGGTCA-1_2_1_1_1,DC,Mmp8+ Neu,6.773393452,-3.59914212
GGTCTGGTCTTTGGAG-1_2_1_1_1,DC,Mmp8+ Neu,3.268313706,-0.396056936
GGTGATTCAGTCGCTG-1_2_1_1_1,DC,Isg15+ Neu,-0.056575507,0.055923417
GGTGGCTAGATCGGTG-1_2_1_1_1,DC,Cstdc4+ Neu,-0.780785501,-3.916480109
GGTGGCTTCCGGTTCT-1_2_1_1_1,DC,Mmp8+ Neu,3.77894026,2.705380156
GGTTCTCAGTAAACAC-1_2_1_1_1,DC,Icam1+ Neu,-4.258538902,2.669387534
GGTTCTCGTGTCTTCC-1_2_1_1_1,DC,Icam1+ Neu,-4.283542812,1.784459546
GGTTGTAAGCCGTTAT-1_2_1_1_1,DC,Mmp8+ Neu,4.188857376,-3.528262899
GTAACCACACGCGCTA-1_2_1_1_1,DC,Icam1+ Neu,-2.407745302,2.000543549
GTAACCACAGACCAGA-1_2_1_1_1,DC,Mmp8+ Neu,5.614593327,-2.136940524
GTAACCATCCTTCAGC-1_2_1_1_1,DC,Cstdc4+ Neu,-0.599341304,-4.58108525
GTAATCGGTACGACTT-1_2_1_1_1,DC,Mmp8+ Neu,7.142088711,-3.916975305
GTACAACGTTTGGAAA-1_2_1_1_1,DC,Mmp8+ Neu,6.482626259,-2.225645945
GTACAGTAGTGACACG-1_2_1_1_1,DC,Mmp8+ Neu,3.97578746,-0.603990957
GTAGAAAAGGTGAGAA-1_2_1_1_1,DC,Csf3r-hi Neu,0.563531398,2.363748505
GTAGAAATCGATGGAG-1_2_1_1_1,DC,Csf3r-hi Neu,-1.412750304,3.301325515
GTAGAGGCACGGAAGT-1_2_1_1_1,DC,Icam1+ Neu,-1.637244404,3.596342757
GTAGAGGTCGGCATAT-1_2_1_1_1,DC,Mmp8+ Neu,5.294630825,-2.666022823
GTAGCTACAATTGCGT-1_2_1_1_1,DC,Isg15+ Neu,-0.681683004,0.754570201
GTAGCTACACACACGC-1_2_1_1_1,DC,Mmp8+ Neu,2.728138029,-3.956848428
GTAGCTATCGGCATAT-1_2_1_1_1,DC,Csf3r-hi Neu,-0.5363805,3.385101035
GTAGCTATCTTACCGC-1_2_1_1_1,DC,Mmp8+ Neu,3.159294903,0.146406606
GTAGGTTCAGTCCGTG-1_2_1_1_1,DC,Mmp8+ Neu,3.510022461,-0.853999779
GTAGTACCATAATGCC-1_2_1_1_1,DC,Mmp8+ Neu,5.238558113,-2.289904997
GTATTTCGTTCGAACT-1_2_1_1_1,DC,Mmp8+ Neu,3.390945971,-4.195086763
GTCAAGTCAGCGGTCT-1_2_1_1_1,DC,Mmp8+ Neu,5.651120007,-2.315289185
GTCAAGTCATGGACAG-1_2_1_1_1,DC,Mmp8+ Neu,3.785117685,-3.528560207
GTCAAGTGTCCCTGAG-1_2_1_1_1,DC,Mmp8+ Neu,2.278481304,-1.324037895
GTCACGGAGTAGGAAG-1_2_1_1_1,DC,Csf3r-hi Neu,1.221219956,3.717634871
GTCACTCAGTAAGAGG-1_2_1_1_1,DC,Isg15+ Neu,-0.144986261,0.402838781
GTCAGCGTCCAAGCTA-1_2_1_1_1,DC,Mmp8+ Neu,4.686740696,-1.443484828
GTCAGCGTCCTGGGTG-1_2_1_1_1,DC,Csf3r-hi Neu,2.040915072,1.178549245
GTCATCCAGACGTCGA-1_2_1_1_1,DC,Mmp8+ Neu,3.119905769,-4.151000306
GTCATCCAGGTCACCC-1_2_1_1_1,DC,Cstdc4+ Neu,0.853293478,-3.49909167
GTCCACTGTATTGACC-1_2_1_1_1,DC,Cd14-hi Neu,0.051176175,-2.00567244
GTCCTCACATGACTGT-1_2_1_1_1,DC,Mmp8+ Neu,3.122899592,-2.114190147
GTCTACCCAAGAGTGC-1_2_1_1_1,DC,Mmp8+ Neu,4.483110249,-2.43773453
GTCTCACAGTACGAGC-1_2_1_1_1,DC,Mmp8+ Neu,3.121491968,-0.889336199
GTCTTTACAAGTTGGG-1_2_1_1_1,DC,Mmp8+ Neu,2.34842211,-1.818303332
GTGACGCCATTCCTCG-1_2_1_1_1,DC,Cd14-hi Neu,-2.599049032,-1.923458681
GTGAGCCTCTCTAAGG-1_2_1_1_1,DC,Csf3r-hi Neu,0.720633566,3.096124842
GTGGAAGTCACCCTGT-1_2_1_1_1,DC,Mmp8+ Neu,4.868421852,-1.536731229
GTGGAGAGTGCTCGTG-1_2_1_1_1,DC,Mmp8+ Neu,3.796128332,-3.955635593
GTGGCGTAGAAGCCAC-1_2_1_1_1,DC,Mmp8+ Neu,3.879838764,-4.122373626
GTGGGAAGTTGCTTGA-1_2_1_1_1,DC,Cstdc4+ Neu,2.45070678,-3.344422862
GTGGTTACACGTACTA-1_2_1_1_1,DC,Cstdc4+ Neu,-1.34160012,-4.142591045
GTTCATTAGGTGATCG-1_2_1_1_1,DC,Csf3r-hi Neu,-0.859813273,4.246564582
GTTCATTTCCATAAGC-1_2_1_1_1,DC,Csf3r-hi Neu,-0.879640758,4.259250357
GTTCATTTCCTGTAGA-1_2_1_1_1,DC,Csf3r-hi Neu,-0.407138333,3.691745475
GTTCCGTCAACGCATT-1_2_1_1_1,DC,Cstdc4+ Neu,2.928543865,-3.343126819
GTTCCGTCAGGACTAG-1_2_1_1_1,DC,Csf3r-hi Neu,0.967900574,2.517658665
GTTGTCCTCCGGGACT-1_2_1_1_1,DC,Mmp8+ Neu,2.633138239,-0.82312721
TAACACGCATGGGTTT-1_2_1_1_1,DC,Mmp8+ Neu,3.071575224,-1.501136646
TAAGCACTCGCGAAGA-1_2_1_1_1,DC,Mmp8+ Neu,4.579759419,-1.169989862
TAATCTCGTATAGGGC-1_2_1_1_1,DC,Icam1+ Neu,-3.562959373,0.102321222
TAATCTCGTGTTTCTT-1_2_1_1_1,DC,Cd14-hi Neu,-0.344446466,-2.228595063
TACAGGTCATCAGCGC-1_2_1_1_1,DC,Cd14-hi Neu,-2.678095043,-1.015311178
TACCTGCTCTACTCAT-1_2_1_1_1,DC,Csf3r-hi Neu,0.820558726,3.299748137
TACGGTACACCCTTAC-1_2_1_1_1,DC,Cstdc4+ Neu,-1.926424563,-3.370562122
TACTGCCGTATCGTGT-1_2_1_1_1,DC,Mmp8+ Neu,2.473564446,-0.740955279
TACTTACCATGCCATA-1_2_1_1_1,DC,Cd14-hi Neu,-0.542323173,-3.070440695
TAGAGTCCACCAAATC-1_2_1_1_1,DC,Cd14-hi Neu,0.273996144,-1.481739536
TAGGGTTAGACAACTA-1_2_1_1_1,DC,Csf3r-hi Neu,0.637365043,2.841286376
TATATCCGTCACTTAG-1_2_1_1_1,DC,Csf3r-hi Neu,-0.724902511,3.270466044
TATCGCCCAAACTCTG-1_2_1_1_1,DC,Csf3r-hi Neu,2.461483299,3.177843287
TATCGCCGTCTTCATT-1_2_1_1_1,DC,Cstdc4+ Neu,0.148762524,-3.872258231
TATCGCCTCTACAGGT-1_2_1_1_1,DC,Cstdc4+ Neu,1.474259197,-3.62873821
TATCTTGGTACGGATG-1_2_1_1_1,DC,Mmp8+ Neu,6.110176861,-3.616371438
TATTGCTTCGGCTTGG-1_2_1_1_1,DC,Mmp8+ Neu,3.165124952,-0.778837964
TATTGCTTCTGGGCGT-1_2_1_1_1,DC,Mmp8+ Neu,4.813754379,-3.805532977
TATTGGGCAGTACTAC-1_2_1_1_1,DC,Mmp8+ Neu,7.724199593,-4.581919954
TATTTCGCATGGGCAA-1_2_1_1_1,DC,Mmp8+ Neu,3.691550552,0.39272137
TATTTCGTCCCGATCT-1_2_1_1_1,DC,Cstdc4+ Neu,1.254158794,-4.097646997
TCAAGACAGGAGATAG-1_2_1_1_1,DC,Mmp8+ Neu,7.516765892,-4.305712268
TCAAGACGTACCTGTA-1_2_1_1_1,DC,Csf3r-hi Neu,2.69124037,2.792901948
TCACAAGTCCAGCAAT-1_2_1_1_1,DC,Isg15+ Neu,0.773390829,0.861466124
TCACATTAGATGAAGG-1_2_1_1_1,DC,Mmp8+ Neu,5.227265656,-2.885601089
TCACTATAGATGCCGA-1_2_1_1_1,DC,Cstdc4+ Neu,2.242920935,-4.133422897
TCAGTCCAGCGACAGT-1_2_1_1_1,DC,Cstdc4+ Neu,-0.267449573,-4.138742015
TCATACTCATGCGGTC-1_2_1_1_1,DC,Mmp8+ Neu,3.692699253,-4.13607125
TCATCCGCACGTCTCT-1_2_1_1_1,DC,Cstdc4+ Neu,-1.426416696,-3.587963865
TCATGCCAGTCGCTAT-1_2_1_1_1,DC,Mmp8+ Neu,5.409733116,-2.233011172
TCATGCCCACAACGAG-1_2_1_1_1,DC,Mmp8+ Neu,5.805016338,-0.976312653
TCATGCCTCCGCACGA-1_2_1_1_1,DC,Csf3r-hi Neu,1.240343868,3.398169711
TCATGTTTCTCCATAT-1_2_1_1_1,DC,Csf3r-hi Neu,0.391849398,3.635676101
TCATTACCAAGAGGTC-1_2_1_1_1,DC,Icam1+ Neu,-1.353141606,2.517527535
TCATTCAAGGGTCACA-1_2_1_1_1,DC,Csf3r-hi Neu,-0.697418154,4.157670691
TCATTTGTCGTCTAAG-1_2_1_1_1,DC,Cstdc4+ Neu,0.520997047,-3.30067043
TCCACGTAGCACTCGC-1_2_1_1_1,DC,Mmp8+ Neu,2.01089102,-1.461025015
TCCAGAAGTCTGATCA-1_2_1_1_1,DC,Csf3r-hi Neu,0.873262345,3.408513739
TCCCACAGTCATCCCT-1_2_1_1_1,DC,Mmp8+ Neu,1.91880089,0.369280651
TCCTAATAGCCAACCC-1_2_1_1_1,DC,Mmp8+ Neu,5.732444584,-2.440263912
TCCTCGAGTGCCTGCA-1_2_1_1_1,DC,Mmp8+ Neu,5.505546867,-3.855926559
TCCTTCTTCAAACGTC-1_2_1_1_1,DC,Csf3r-hi Neu,0.899795591,2.788157895
TCCTTTCCACAGCTGC-1_2_1_1_1,DC,Mmp8+ Neu,3.619249641,-3.656411454
TCGAACATCCGGACGT-1_2_1_1_1,DC,Csf3r-hi Neu,0.82579416,1.590170815
TCGGGACTCACTGGTA-1_2_1_1_1,DC,Mmp8+ Neu,7.321040451,-4.113496349
TCGGTCTAGCCTCACG-1_2_1_1_1,DC,Mmp8+ Neu,4.464397728,-1.739953146
TCGTAGATCGCCTATC-1_2_1_1_1,DC,Mmp8+ Neu,5.713364422,-2.200038717
TCGTGCTCAGTTTCAG-1_2_1_1_1,DC,Mmp8+ Neu,3.520710766,-1.325383649
TCTACCGCATTGCTTT-1_2_1_1_1,DC,Isg15+ Neu,0.072225302,1.476868108
TCTATCAAGGACGCTA-1_2_1_1_1,DC,Cd14-hi Neu,-1.50567776,-2.329504058
TCTCACGCAGGCACAA-1_2_1_1_1,DC,Mmp8+ Neu,4.318748295,1.126918748
TCTCACGGTCATCGCG-1_2_1_1_1,DC,Mmp8+ Neu,2.460994064,-1.42435883
TCTCAGCCACATTACG-1_2_1_1_1,DC,Csf3r-hi Neu,1.679829776,0.395168379
TCTCCGAAGGCCACTC-1_2_1_1_1,DC,Mmp8+ Neu,5.23549205,-3.135422752
TCTCTGGAGTTGTCGT-1_2_1_1_1,DC,Cstdc4+ Neu,-1.10161239,-4.126030252
TCTGGCTTCTTTCCGG-1_2_1_1_1,DC,Icam1+ Neu,-1.867438496,1.397959187
TCTGTCGGTGCCCTTT-1_2_1_1_1,DC,Mmp8+ Neu,5.233617603,-0.719509021
TCTTAGTGTCCACTTC-1_2_1_1_1,DC,Mmp8+ Neu,5.346818268,-0.519554898
TCTTCCTGTGCTTATG-1_2_1_1_1,DC,Icam1+ Neu,-1.582040728,2.127155021
TCTTGCGAGTTTCTTC-1_2_1_1_1,DC,Csf3r-hi Neu,2.239339888,1.395808413
TCTTGCGTCATTGAGC-1_2_1_1_1,DC,Csf3r-hi Neu,2.334868252,1.665738538
TCTTTGATCCCTGGTT-1_2_1_1_1,DC,Mmp8+ Neu,3.666442692,1.311934665
TGAATGCAGGGCAGGA-1_2_1_1_1,DC,Mmp8+ Neu,3.356515467,-3.427134559
TGAATGCGTACAATAG-1_2_1_1_1,DC,Mmp8+ Neu,3.81280595,-1.977438018
TGAATGCGTCCTCATC-1_2_1_1_1,DC,Mmp8+ Neu,5.331604302,-1.525458291
TGAATGCTCACTGCTC-1_2_1_1_1,DC,Cstdc4+ Neu,-0.450718135,3.016267493
TGAGACTCAGAACTAA-1_2_1_1_1,DC,Cstdc4+ Neu,0.420148849,-4.263296888
TGAGCGCTCAAATGCC-1_2_1_1_1,DC,Cstdc4+ Neu,1.677493751,-3.590285346
TGAGTCATCTCCGATC-1_2_1_1_1,DC,Csf3r-hi Neu,2.323967516,1.434275582
TGATCAGGTCCGTACG-1_2_1_1_1,DC,Icam1+ Neu,-3.767571867,0.636539891
TGATCTTAGGAACGTC-1_2_1_1_1,DC,Mmp8+ Neu,4.879298508,1.104123786
TGCCGAGTCACCTTAT-1_2_1_1_1,DC,Mmp8+ Neu,3.663747131,-0.866107032
TGCGACGTCGTGGGAA-1_2_1_1_1,DC,Mmp8+ Neu,2.090356171,-0.176100538
TGCTCCAGTCTATGAC-1_2_1_1_1,DC,Mmp8+ Neu,5.547815144,-3.566150949
TGCTGAATCGCTGCGA-1_2_1_1_1,DC,Icam1+ Neu,-4.226428688,-0.096690998
TGGAGAGGTTATGACC-1_2_1_1_1,DC,Cd14-hi Neu,0.713549077,-1.295251817
TGGAGGAGTTGCCGAC-1_2_1_1_1,DC,Mmp8+ Neu,7.582738697,-4.383041188
TGGATGTGTCCTCCTA-1_2_1_1_1,DC,Mmp8+ Neu,3.071885883,-0.615479753
TGGATGTGTTGGGACA-1_2_1_1_1,DC,Mmp8+ Neu,3.477550327,-4.10394077
TGGGAGACAAGTGGAC-1_2_1_1_1,DC,Csf3r-hi Neu,0.958732783,2.455495312
TGGGCGTCAAGAGTTA-1_2_1_1_1,DC,Mmp8+ Neu,2.743429958,-1.628169224
TGGGTTAAGCACTCCG-1_2_1_1_1,DC,Mmp8+ Neu,4.994297802,-2.981739804
TGGGTTATCGAAGAAT-1_2_1_1_1,DC,Mmp8+ Neu,2.179766953,-0.075889692
TGGGTTATCTTACGGA-1_2_1_1_1,DC,Cstdc4+ Neu,0.715724289,-3.797796533
TGGTACATCGAGTGAG-1_2_1_1_1,DC,Mmp8+ Neu,4.703382313,-1.513331578
TGGTGATTCTCGGTCT-1_2_1_1_1,DC,Mmp8+ Neu,4.587660133,1.153047278
TGTAACGAGATCCCGC-1_2_1_1_1,DC,Icam1+ Neu,-3.667207659,4.735813811
TGTCCACCAGTTAGGG-1_2_1_1_1,DC,Mmp8+ Neu,3.160264313,-1.737136767
TGTGATGGTACCCACG-1_2_1_1_1,DC,Mmp8+ Neu,3.92945081,-1.941378102
TGTTCATAGCAATTCC-1_2_1_1_1,DC,Csf3r-hi Neu,2.143070757,2.721965268
TGTTCATTCAGGAAAT-1_2_1_1_1,DC,Mmp8+ Neu,5.441157162,-3.859786317
TTACAGGTCAGACTGT-1_2_1_1_1,DC,Mmp8+ Neu,3.298662245,-2.481312082
TTACGTTTCTAATTCC-1_2_1_1_1,DC,Csf3r-hi Neu,-1.077518106,3.444183066
TTAGTCTAGCTTTCCC-1_2_1_1_1,DC,Mmp8+ Neu,2.440914928,-0.063656018
TTATTGCGTACCGTGC-1_2_1_1_1,DC,Mmp8+ Neu,6.54710561,-1.659122214
TTCAATCTCTCTGGTC-1_2_1_1_1,DC,Csf3r-hi Neu,1.235718786,2.518253281
TTCATGTTCCCAGCGA-1_2_1_1_1,DC,Mmp8+ Neu,2.109086811,-1.027204868
TTCATTGGTCCTCCAT-1_2_1_1_1,DC,Csf3r-hi Neu,1.283853709,1.386104062
TTCCAATGTTTGAAAG-1_2_1_1_1,DC,Icam1+ Neu,-2.655455769,2.872120812
TTCCACGCAAACTAAG-1_2_1_1_1,DC,Csf3r-hi Neu,1.666697204,2.708295539
TTCCACGCATCAGCAT-1_2_1_1_1,DC,Mmp8+ Neu,6.293369114,-1.826752886
TTCCGGTGTTCGGCTG-1_2_1_1_1,DC,Cstdc4+ Neu,1.646331369,-4.604360149
TTCCGTGCAAGGCTTT-1_2_1_1_1,DC,Mmp8+ Neu,6.018876373,-1.642978356
TTCGATTGTTATCTTC-1_2_1_1_1,DC,Csf3r-hi Neu,-1.239962638,3.725148871
TTCTTGATCTTCCGTG-1_2_1_1_1,DC,Cstdc4+ Neu,-2.18214649,-4.171766088
TTGAACGTCGTTCCTG-1_2_1_1_1,DC,Mmp8+ Neu,3.517393648,-1.894384012
TTGACCCCAAATCAGA-1_2_1_1_1,DC,Mmp8+ Neu,6.212996304,-2.475431249
TTGCATTAGCTGCGAA-1_2_1_1_1,DC,Icam1+ Neu,-4.193040073,3.812260821
TTGCATTCAACTTCTT-1_2_1_1_1,DC,Mmp8+ Neu,3.158451378,-4.190090224
TTGCCTGAGCGGTAGT-1_2_1_1_1,DC,Isg15+ Neu,-0.727895022,-0.398578033
TTGGATGTCCGGTTCT-1_2_1_1_1,DC,Cstdc4+ Neu,1.59892863,-4.575051591
TTGTGGAGTAAGGAGA-1_2_1_1_1,DC,Csf3r-hi Neu,0.111843943,1.795695021
TTGTTCAGTTGCAACT-1_2_1_1_1,DC,Cd14-hi Neu,0.27730748,-1.080239971
TTTACCAGTACTGCGC-1_2_1_1_1,DC,Mmp8+ Neu,4.42740041,0.110962465
TTTATGCGTAACACGG-1_2_1_1_1,DC,Mmp8+ Neu,2.777468979,-2.220749423
TTTCACATCCACAAGT-1_2_1_1_1,DC,Icam1+ Neu,-2.777880848,1.481454566
TTTCAGTTCAGAGCGA-1_2_1_1_1,DC,Cstdc4+ Neu,1.902300894,-4.370933101
TTTCGATAGAAGTGTT-1_2_1_1_1,DC,Mmp8+ Neu,6.198985397,-1.658247397
TTTGACTAGATGCTTC-1_2_1_1_1,DC,Cstdc4+ Neu,1.059545099,-4.05017142
TTTGACTGTAACCCGC-1_2_1_1_1,DC,Mmp8+ Neu,5.089182674,-2.331669733
TTTGATCAGGAAAGGT-1_2_1_1_1,DC,Csf3r-hi Neu,-2.779986084,4.242149546
ACGATGTTCCCACAGG-1_1_1_1,IR,Icam1+ Neu,-3.285170258,2.332504227
ACGGAAGTCGCTTGCT-1_1_1_1,IR,Csf3r-hi Neu,0.328451752,2.822735503
ACGGTCGGTGTTCGAT-1_1_1_1,IR,Cstdc4+ Neu,0.153905421,-4.759940192
ACGGTTAGTACTTGTG-1_1_1_1,IR,Icam1+ Neu,-3.45060438,0.438354924
ACGGTTAGTTGTTTGG-1_1_1_1,IR,Mmp8+ Neu,3.184446394,-0.185796842
ACGTACAGTAGCACGA-1_1_1_1,IR,Csf3r-hi Neu,0.939619124,1.745498851
ACGTAGTCAGCGTGAA-1_1_1_1,IR,Cstdc4+ Neu,0.182254433,-3.740871236
ACGTTCCAGTCAGCCC-1_1_1_1,IR,Icam1+ Neu,-2.485218943,3.203308776
ACTATGGAGTAGAATC-1_1_1_1,IR,Mmp8+ Neu,2.043952047,0.371034816
ACTATGGTCTCGACCT-1_1_1_1,IR,Csf3r-hi Neu,2.739632666,1.185876086
ACTCCCAAGTCATCCA-1_1_1_1,IR,Mmp8+ Neu,2.019088566,-1.18050313
ACTCTCGAGCAGGCAT-1_1_1_1,IR,Cstdc4+ Neu,1.084281385,-3.89929919
ACTGTGAAGTAGCAAT-1_1_1_1,IR,Csf3r-hi Neu,3.13475734,1.624994233
ACTTAGGAGGAAGTCC-1_1_1_1,IR,Cd14-hi Neu,0.784051239,-1.759830281
ACTTATCCACTACACA-1_1_1_1,IR,Cstdc4+ Neu,1.292446553,-4.344688937
ACTTCCGAGGTCACAG-1_1_1_1,IR,Csf3r-hi Neu,0.160710781,3.975002005
ACTTCGCTCGGACTTA-1_1_1_1,IR,Icam1+ Neu,-3.562925756,0.986444428
ACTTTCAGTAGGCAAC-1_1_1_1,IR,Cstdc4+ Neu,0.070278197,-3.67590575
AGAAATGGTAGCGCCT-1_1_1_1,IR,Mmp8+ Neu,4.830962956,0.776051476
AGAACAAAGATTGCGG-1_1_1_1,IR,Cstdc4+ Neu,-1.339927257,-3.826596782
AGAACAACACGCCACA-1_1_1_1,IR,Mmp8+ Neu,3.849975407,-4.07835202
AGAACCTTCACCCTGT-1_1_1_1,IR,Icam1+ Neu,-2.159058512,3.313429549
AGACAAAGTAGTGGCA-1_1_1_1,IR,Icam1+ Neu,-4.051220119,3.690918639
AGAGAATCAAGGACAC-1_1_1_1,IR,Cstdc4+ Neu,2.921293318,-3.160530612
AGAGAGCTCTACTGCC-1_1_1_1,IR,Mmp8+ Neu,2.315299809,-0.404911086
AGAGCAGCATCCGGTG-1_1_1_1,IR,Icam1+ Neu,-4.98830098,2.581991627
AGATCGTAGAGAGTTT-1_1_1_1,IR,Cd14-hi Neu,-2.772792519,0.301518276
AGCCAATCAAGCGCAA-1_1_1_1,IR,Cstdc4+ Neu,0.957600772,-4.514964864
AGCCACGAGGAACATT-1_1_1_1,IR,Cstdc4+ Neu,-0.457091839,-4.057144687
AGCCAGCAGGCTTCCG-1_1_1_1,IR,Icam1+ Neu,-2.009565533,1.076187566
AGCCAGCTCACTACTT-1_1_1_1,IR,Cstdc4+ Neu,1.217152536,-3.153337047
AGCGATTTCCTTCGAC-1_1_1_1,IR,Mmp8+ Neu,1.537749111,1.639782861
AGCGCCAAGCTTTGTG-1_1_1_1,IR,Icam1+ Neu,-4.192240417,-1.61771147
AGCGCCAAGGCGCTTC-1_1_1_1,IR,Mmp8+ Neu,3.599443495,-3.678433463
AGCGCTGGTTAATCGC-1_1_1_1,IR,Mmp8+ Neu,5.78286153,-0.993427173
AGCGTATAGAGCCATG-1_1_1_1,IR,Mmp8+ Neu,1.536736667,-0.719767645
AGCTACACAGCGCTTG-1_1_1_1,IR,Cstdc4+ Neu,-0.193740657,3.348226741
AGGAAATGTGTGTCGC-1_1_1_1,IR,Cd14-hi Neu,0.688216149,-0.726321414
AGGAGGTCAACGATCT-1_1_1_1,IR,Mmp8+ Neu,5.411835014,-1.753129587
AGGCCACTCCGTGTAA-1_1_1_1,IR,Csf3r-hi Neu,-0.604267866,1.183092311
AGGCTGCAGCCGGAAT-1_1_1_1,IR,Cd14-hi Neu,-1.342953146,-0.857349307
AGGCTGCAGGGATCGT-1_1_1_1,IR,Csf3r-hi Neu,-1.118548811,2.646354392
AGGGAGTTCACTCACC-1_1_1_1,IR,Csf3r-hi Neu,1.502480447,0.829881146
AGTCAACGTAACACCT-1_1_1_1,IR,Cstdc4+ Neu,2.295542776,-3.306080863
ATACCTTGTGACACAG-1_1_1_1,IR,Icam1+ Neu,-5.985875786,2.011160806
ATACTTCAGCAGGTCA-1_1_1_1,IR,Isg15+ Neu,1.225706398,0.465550378
ATACTTCCAAGATTGA-1_1_1_1,IR,Icam1+ Neu,-4.05280608,3.422977164
ATAGAGAGTCCGGATC-1_1_1_1,IR,Csf3r-hi Neu,1.313362777,2.40103431
ATCACGAGTGAGAGGG-1_1_1_1,IR,Cd14-hi Neu,-1.090559543,-1.04356735
ATCAGGTTCGGTGAAG-1_1_1_1,IR,Cd14-hi Neu,-2.933607281,-1.433046595
ATCAGGTTCGTGCTCT-1_1_1_1,IR,Cd14-hi Neu,0.339213192,-1.381058708
ATCCACCGTAGCTGTT-1_1_1_1,IR,Isg15+ Neu,-1.23004967,0.533408239
ATCCCTGCAGGTTCAT-1_1_1_1,IR,Isg15+ Neu,-0.772757829,-0.306716189
ATCCGTCGTTGTAAAG-1_1_1_1,IR,Cd14-hi Neu,-1.39895016,-0.51052551
ATCCTATGTGTATCCA-1_1_1_1,IR,Csf3r-hi Neu,0.80092591,2.90002723
ATCGATGGTCTGTCAA-1_1_1_1,IR,Isg15+ Neu,0.069536358,0.520007923
ATCGCCTGTTCAGTAC-1_1_1_1,IR,Icam1+ Neu,-2.908538998,2.323773339
ATCGTAGCACATTACG-1_1_1_1,IR,Csf3r-hi Neu,-0.096336052,3.603803828
ATCGTGATCTAATTCC-1_1_1_1,IR,Cd14-hi Neu,-2.583693445,-0.564902291
ATGGATCAGCATGAAT-1_1_1_1,IR,Icam1+ Neu,-5.447380722,4.404459193
ATGGATCGTGTACAGG-1_1_1_1,IR,Csf3r-hi Neu,-1.286405743,1.733981326
ATGGGAGTCATAGGCT-1_1_1_1,IR,Mmp8+ Neu,6.553013146,-3.248952672
ATGTCTTAGACTTCAC-1_1_1_1,IR,Mmp8+ Neu,3.149310648,0.290036037
ATGTCTTCAAGGTCGA-1_1_1_1,IR,Csf3r-hi Neu,0.751939416,3.26864548
ATTACTCCACCATTCC-1_1_1_1,IR,Mmp8+ Neu,3.903079331,-1.535109982
ATTACTCGTCGCTTAA-1_1_1_1,IR,Cd14-hi Neu,-3.262699068,0.347816661
ATTCACTTCCGGTAAT-1_1_1_1,IR,Cstdc4+ Neu,1.943914234,-3.549835489
ATTTCACAGGACGCAT-1_1_1_1,IR,Mmp8+ Neu,4.519851505,0.213245824
ATTTCACCACTGAATC-1_1_1_1,IR,Mmp8+ Neu,4.793248474,-0.091990397
ATTTCTGTCACGATCA-1_1_1_1,IR,Cd14-hi Neu,-0.513967634,-1.917112157
CAAAGAAGTAGCTGCC-1_1_1_1,IR,Mmp8+ Neu,3.447421372,-1.193251133
CAACGATAGTCCCGAC-1_1_1_1,IR,Icam1+ Neu,-3.074513138,0.784739569
CAAGAGGTCAACACCA-1_1_1_1,IR,Cd14-hi Neu,-0.442333639,-0.800064847
CAAGGGAAGACTCATC-1_1_1_1,IR,Icam1+ Neu,-4.813812435,3.190309718
CACACAACATGACTAC-1_1_1_1,IR,Isg15+ Neu,1.329574287,0.949353411
CACACAAGTGGCTTGC-1_1_1_1,IR,Cd14-hi Neu,-2.882317007,-0.067981288
CACAGGCCAATCAGCT-1_1_1_1,IR,Csf3r-hi Neu,-0.069189251,3.634783461
CACAGGCCATCATCTT-1_1_1_1,IR,Icam1+ Neu,-2.320988834,2.462824776
CACGAATAGCGCATCC-1_1_1_1,IR,Cd14-hi Neu,-2.459133804,-1.67163305
CACGTTCGTACCCGAC-1_1_1_1,IR,Icam1+ Neu,-4.111012161,-1.739757821
CACTAAGAGAATTGTG-1_1_1_1,IR,Mmp8+ Neu,3.320433437,-4.223902747
CACTGGGTCCCGTAAA-1_1_1_1,IR,Csf3r-hi Neu,-0.462881804,4.035689547
CAGATACAGGGAGGAC-1_1_1_1,IR,Icam1+ Neu,-1.35851115,1.54310055
CAGATCAAGACCATAA-1_1_1_1,IR,Icam1+ Neu,-1.70492822,1.478820756
CAGATCAAGCGTTAGG-1_1_1_1,IR,Mmp8+ Neu,5.00167638,0.47387655
CAGATCAGTCTTGAGT-1_1_1_1,IR,Cd14-hi Neu,-3.040536583,-0.630512074
CAGATTGGTGTTCCTC-1_1_1_1,IR,Icam1+ Neu,-4.314044178,3.950475886
CAGCAATAGACTAGAT-1_1_1_1,IR,Icam1+ Neu,-3.362195194,4.136666968
CAGCGTGCAGAAGCTG-1_1_1_1,IR,Mmp8+ Neu,3.234941542,-2.738864109
CAGGCCAAGTGTCATC-1_1_1_1,IR,Icam1+ Neu,-5.16238612,1.604971364
CAGGCCACACGGTAGA-1_1_1_1,IR,Cd14-hi Neu,-0.582844943,-1.36231713
CAGTTAGAGACCAAGC-1_1_1_1,IR,Icam1+ Neu,-3.437084616,0.21544142
CAGTTAGGTTTGCAGT-1_1_1_1,IR,Cd14-hi Neu,1.944447577,0.55485554
CATAGACGTAGTGATA-1_1_1_1,IR,Mmp8+ Neu,3.179944098,-1.541228548
CATCAAGTCGAGTCCG-1_1_1_1,IR,Cd14-hi Neu,0.955718815,-0.316958472
CATCGCTGTCTTTCTA-1_1_1_1,IR,Icam1+ Neu,-3.283481539,4.440085604
CATCGCTGTTAGGCCC-1_1_1_1,IR,Icam1+ Neu,-3.815123499,1.352703049
CATCGGGAGTCGCTAT-1_1_1_1,IR,Cd14-hi Neu,-4.113928497,0.481284216
CATCGGGCAAATAGCA-1_1_1_1,IR,Icam1+ Neu,-2.869228781,3.685588076
CATCGTCGTTACCTGA-1_1_1_1,IR,Icam1+ Neu,-3.933475435,2.912315562
CATGCAAAGTGTGTTC-1_1_1_1,IR,Mmp8+ Neu,6.047286808,-1.183767602
CATGCCTCACGGCGTT-1_1_1_1,IR,Icam1+ Neu,-3.656876028,-1.285210565
CATTCCGTCCATTGCC-1_1_1_1,IR,Isg15+ Neu,0.017395049,0.406554058
CCAATGAAGACGCCAA-1_1_1_1,IR,Mmp8+ Neu,2.295684397,-0.287417993
CCAATGATCGCTCATC-1_1_1_1,IR,Cstdc4+ Neu,-0.029067636,-4.30035238
CCACCATTCAAATGAG-1_1_1_1,IR,Icam1+ Neu,-3.035282791,-3.737902448
CCACCATTCTGAGCAT-1_1_1_1,IR,Csf3r-hi Neu,0.814633488,2.394895747
CCCTTAGCATGGTGGA-1_1_1_1,IR,Mmp8+ Neu,4.098146736,0.677542999
CCGAACGGTCTCAGGC-1_1_1_1,IR,Csf3r-hi Neu,0.237341225,3.341023162
CCGGGTAAGTCGAGGT-1_1_1_1,IR,Csf3r-hi Neu,-1.47125119,1.770594313
CCGGGTAGTGACTCTA-1_1_1_1,IR,Cd14-hi Neu,-3.464018763,-0.751610384
CCGGTAGGTAGGATAT-1_1_1_1,IR,Csf3r-hi Neu,-0.756153644,4.246238902
CCGGTAGGTGTTCGTA-1_1_1_1,IR,Mmp8+ Neu,2.775038302,-2.396007821
CCTATCGAGGTTCCAT-1_1_1_1,IR,Csf3r-hi Neu,3.087428391,2.281942799
CCTATCGCAGCAGTCC-1_1_1_1,IR,Isg15+ Neu,0.478735864,0.255010679
CCTATCGTCTTGAACG-1_1_1_1,IR,Cstdc4+ Neu,-1.444696248,-3.655430124
CCTCAGTTCAGTAGGG-1_1_1_1,IR,Csf3r-hi Neu,-2.752431095,4.310768321
CCTCATGAGAATTCAG-1_1_1_1,IR,Icam1+ Neu,-1.475527943,1.795772507
CCTCCTCAGACCCTTA-1_1_1_1,IR,Cd14-hi Neu,-2.352716864,-1.799117789
CCTCCTCGTTGCCAAT-1_1_1_1,IR,Cstdc4+ Neu,-0.531179041,-4.46857147
CCTCTCCCAGAGAGGG-1_1_1_1,IR,Mmp8+ Neu,6.643408119,-3.24045901
CCTCTCCCAGTCTTCC-1_1_1_1,IR,Mmp8+ Neu,2.935383379,0.993684962
CCTCTCCGTACTCAAC-1_1_1_1,IR,Cd14-hi Neu,-3.564647377,-0.075078294
CGAAGTTCATGCCGAC-1_1_1_1,IR,Icam1+ Neu,-4.23204726,1.291773513
CGAATTGAGAGATTCA-1_1_1_1,IR,Icam1+ Neu,-5.768823803,1.191011145
CGAATTGAGGTCGTAG-1_1_1_1,IR,Cd14-hi Neu,-3.542560757,-1.554283753
CGAATTGTCTACGGGC-1_1_1_1,IR,Mmp8+ Neu,3.539381086,0.424728825
CGAGTGCGTAAGATTG-1_1_1_1,IR,Mmp8+ Neu,4.114479839,1.286902383
CGATGGCAGCGTATAA-1_1_1_1,IR,Csf3r-hi Neu,2.567865431,1.489910081
CGATGGCCATAATCCG-1_1_1_1,IR,Icam1+ Neu,-4.591313541,1.449902013
CGCATAAAGAGAGTGA-1_1_1_1,IR,Icam1+ Neu,-5.13948983,4.764166072
CGGACACAGTGTACAA-1_1_1_1,IR,Isg15+ Neu,3.259720623,-3.308701322
CGGACACCAAGTGGAC-1_1_1_1,IR,Csf3r-hi Neu,2.609537184,2.615749791
CGGGTCATCGGCTGTG-1_1_1_1,IR,Icam1+ Neu,-3.85299033,3.221113398
CGGGTGTTCACTGTTT-1_1_1_1,IR,Icam1+ Neu,-1.87610358,1.99685283
CGTAAGTCATGGCCCA-1_1_1_1,IR,Icam1+ Neu,-1.5607211,1.364910319
CGTCAAAGTCGAAACG-1_1_1_1,IR,Cd14-hi Neu,0.14864242,-1.53365539
CGTGAATCAAATCGTC-1_1_1_1,IR,Cstdc4+ Neu,0.942665278,-4.026386544
CGTGATACACCCGTAG-1_1_1_1,IR,Cstdc4+ Neu,2.187842905,-3.547057912
CGTTGGGAGCGTCAAG-1_1_1_1,IR,Csf3r-hi Neu,1.239230811,3.228021815
CTAACCCTCGTGAGAG-1_1_1_1,IR,Mmp8+ Neu,2.131074249,-2.295404837
CTAACTTTCTATGCCC-1_1_1_1,IR,Cd14-hi Neu,-2.095532358,-0.268187091
CTACCCAAGTCACGAG-1_1_1_1,IR,Mmp8+ Neu,5.170173466,-0.184249088
CTACGGGAGCCATGCC-1_1_1_1,IR,Csf3r-hi Neu,-0.551905215,1.999320462
CTACGGGGTCTTGGTA-1_1_1_1,IR,Csf3r-hi Neu,-0.832926989,3.387285426
CTACGGGTCACTGGTA-1_1_1_1,IR,Cd14-hi Neu,-1.999704659,-1.66257225
CTACTATAGCAACTCT-1_1_1_1,IR,Mmp8+ Neu,4.857353985,0.874636367
CTAGGTACAACTGCCG-1_1_1_1,IR,Cd14-hi Neu,-1.87491411,-2.739444301
CTATCCGCAATGACCT-1_1_1_1,IR,Icam1+ Neu,-3.764271915,4.594449237
CTATCTAAGAACGTGC-1_1_1_1,IR,Mmp8+ Neu,3.134893715,-2.747422144
CTCAACCTCATATGGC-1_1_1_1,IR,Isg15+ Neu,1.274032294,0.426880672
CTCAAGAGTACGGATG-1_1_1_1,IR,Cstdc4+ Neu,-0.288122781,-4.114621446
CTCAATTGTTCTCCCA-1_1_1_1,IR,Icam1+ Neu,-2.43224758,1.873793319
CTCAGAAGTTCGGTAT-1_1_1_1,IR,Cstdc4+ Neu,-1.17248559,-3.966337964
CTCATGCAGAACTGAT-1_1_1_1,IR,Icam1+ Neu,-1.570753515,2.482872203
CTCCACAAGTCCGCGT-1_1_1_1,IR,Icam1+ Neu,-2.276748598,2.491345361
CTCCACAAGTTGTACC-1_1_1_1,IR,Cd14-hi Neu,-1.967804015,0.1841522
CTCCACACATGAGATA-1_1_1_1,IR,Csf3r-hi Neu,-0.278550104,1.608113959
CTCCACATCTAGGCAT-1_1_1_1,IR,Isg15+ Neu,-0.251844034,-0.098424182
CTCCATGCACACGGAA-1_1_1_1,IR,Csf3r-hi Neu,0.060595929,3.052975848
CTCCGATCAGGGTTGA-1_1_1_1,IR,Cd14-hi Neu,-1.794838489,-0.794374004
CTCCGATTCATGCATG-1_1_1_1,IR,Icam1+ Neu,-3.690806091,-1.889627859
CTCTCAGAGTAGAATC-1_1_1_1,IR,Icam1+ Neu,-4.23209256,-0.018173382
CTGAATGTCATAGACC-1_1_1_1,IR,Mmp8+ Neu,6.071300804,-1.865646646
CTGAGGCGTTATGGTC-1_1_1_1,IR,Icam1+ Neu,-3.895868481,3.308456614
CTGATCCAGACGAGCT-1_1_1_1,IR,Icam1+ Neu,-6.308421791,2.553087666
CTGATCCCATCCCACT-1_1_1_1,IR,Icam1+ Neu,-4.600413502,3.656403735
CTGCAGGAGGGTACAC-1_1_1_1,IR,Cstdc4+ Neu,-0.90246743,-3.329784438
CTGCCTATCCTAGCGG-1_1_1_1,IR,Cd14-hi Neu,-2.000181258,-0.430300877
CTGCGAGGTGAACGGT-1_1_1_1,IR,Mmp8+ Neu,4.424923718,0.663181737
CTGCGAGTCGAACGCC-1_1_1_1,IR,Isg15+ Neu,4.196130573,-0.027708575
CTGCGAGTCGCACGGT-1_1_1_1,IR,Icam1+ Neu,-3.593939722,1.49602504
CTGCTCAAGGCTTAGG-1_1_1_1,IR,Icam1+ Neu,-4.328306854,-0.764223621
CTGGTCTTCACCGCTT-1_1_1_1,IR,Csf3r-hi Neu,2.169111549,2.207546428
CTGTACCCACTGTCCT-1_1_1_1,IR,Csf3r-hi Neu,3.335554421,2.91405864
CTGTACCTCCTAACAG-1_1_1_1,IR,Mmp8+ Neu,5.334747612,0.246538832
CTGTCGTCATAGAGGC-1_1_1_1,IR,Icam1+ Neu,-2.440544546,1.662979796
CTTAGGAAGTGCAACG-1_1_1_1,IR,Isg15+ Neu,-1.392405808,-0.319414422
CTTCAATGTCATGACT-1_1_1_1,IR,Csf3r-hi Neu,-0.115226254,1.397705033
CTTCGGTCATCCCGTT-1_1_1_1,IR,Csf3r-hi Neu,1.077514827,2.199469044
CTTGAGAGTGAACCGA-1_1_1_1,IR,Cd14-hi Neu,-1.623595417,-2.636937782
CTTTCAAAGCGCAATG-1_1_1_1,IR,Isg15+ Neu,0.349528133,0.917296126
GAACGTTGTCTTGTCC-1_1_1_1,IR,Mmp8+ Neu,3.707454502,-2.363735363
GAACTGTAGCAGGTCA-1_1_1_1,IR,Cd14-hi Neu,-2.545501173,-0.847629667
GAAGCGAAGGGTAGCT-1_1_1_1,IR,Icam1+ Neu,-2.700552643,1.080965712
GAAGGGTGTGGGACAT-1_1_1_1,IR,Cstdc4+ Neu,0.32400161,-3.534399793
GACAGCCCATTCATCT-1_1_1_1,IR,Csf3r-hi Neu,0.825908839,2.359336331
GACCCAGTCGGTCTGG-1_1_1_1,IR,Cstdc4+ Neu,-1.458833516,-3.892722413
GACTCAATCATAGGCT-1_1_1_1,IR,Cd14-hi Neu,1.002559602,-0.479525671
GAGACCCGTGGGATTG-1_1_1_1,IR,Icam1+ Neu,-3.680121601,2.485184148
GAGAGGTAGTTGGCTT-1_1_1_1,IR,Cd14-hi Neu,0.733189284,-1.435781077
GAGAGGTTCTGAGAAA-1_1_1_1,IR,Csf3r-hi Neu,-1.228261054,3.497178271
GAGCTGCTCTCGGGAC-1_1_1_1,IR,Isg15+ Neu,-0.204964765,1.520306542
GAGGGATGTACCGGAA-1_1_1_1,IR,Mmp8+ Neu,7.489080727,-4.252706334
GAGGGTAAGCATACTC-1_1_1_1,IR,Cd14-hi Neu,2.329544127,-2.207187817
GAGTCTAGTACAAAGT-1_1_1_1,IR,Csf3r-hi Neu,-4.681145847,4.368090346
GAGTTTGGTGCTTCAA-1_1_1_1,IR,Icam1+ Neu,-3.009200037,0.384728744
GATCACACATTGGGAG-1_1_1_1,IR,Icam1+ Neu,-2.167401016,1.530970767
GATCATGGTTATTCCT-1_1_1_1,IR,Csf3r-hi Neu,0.184935659,3.665580466
GATCCCTTCAATGTCG-1_1_1_1,IR,Cd14-hi Neu,-1.637543261,-1.570929393
GATGAGGCAACACAGG-1_1_1_1,IR,Icam1+ Neu,-3.23885578,4.772524073
GATGAGGGTTCCACGG-1_1_1_1,IR,Mmp8+ Neu,4.143506348,-3.39322953
GATGCTAAGAACAAGG-1_1_1_1,IR,Cstdc4+ Neu,-0.445650638,-4.173201844
GATTGGTGTTATGACC-1_1_1_1,IR,Isg15+ Neu,1.439353525,0.509134367
GATTGGTTCGCCCAGA-1_1_1_1,IR,Cd14-hi Neu,-1.223151029,-1.749275074
GATTTCTAGTGCAGCA-1_1_1_1,IR,Csf3r-hi Neu,2.289254725,3.000150397
GATTTCTGTTGCTCAA-1_1_1_1,IR,Cd14-hi Neu,2.399052202,-1.487272874
GCAACATTCCGCAGTG-1_1_1_1,IR,Mmp8+ Neu,1.54956454,-0.561442718
GCACATAGTGAAGCGT-1_1_1_1,IR,Icam1+ Neu,-4.437142551,1.194936469
GCAGCCACAAGACGGT-1_1_1_1,IR,Isg15+ Neu,4.099534809,-0.254017338
GCAGCTGCATGGGCAA-1_1_1_1,IR,Icam1+ Neu,-3.124463737,4.419787123
GCATCGGAGTATGTAG-1_1_1_1,IR,Csf3r-hi Neu,-0.303571113,2.955561831
GCCAGTGGTCCTGGTG-1_1_1_1,IR,Icam1+ Neu,-2.220845402,1.291437581
GCCGTGACATTGCTTT-1_1_1_1,IR,Icam1+ Neu,-4.604376018,1.321885541
GCCTGTTCACTTTAGG-1_1_1_1,IR,Csf3r-hi Neu,0.505579769,3.218056395
GCCTGTTCATCCGAGC-1_1_1_1,IR,Mmp8+ Neu,5.86656934,-0.559540555
GCGATCGAGTCAGCGA-1_1_1_1,IR,Icam1+ Neu,-5.609971226,0.836290195
GCGTTTCGTCGGAACA-1_1_1_1,IR,Csf3r-hi Neu,-0.278527968,3.949782565
GCTTCACTCTTGGCTC-1_1_1_1,IR,Isg15+ Neu,1.505818426,-0.207893953
GGAAGTGCACTGTGTA-1_1_1_1,IR,Icam1+ Neu,-3.221512974,2.438200906
GGAGAACGTGCAGGAT-1_1_1_1,IR,Csf3r-hi Neu,-1.067804814,2.041717007
GGAGATGAGGCTCCCA-1_1_1_1,IR,Cstdc4+ Neu,0.789224267,-3.895702407
GGAGGATGTTAGGAGC-1_1_1_1,IR,Cstdc4+ Neu,0.051197037,-3.280000016
GGAGGTATCCGGTAAT-1_1_1_1,IR,Icam1+ Neu,-2.118893326,3.324600413
GGCTGTGCAGCACAAG-1_1_1_1,IR,Icam1+ Neu,-4.91922158,1.595566943
GGGACAAGTAGGTTTC-1_1_1_1,IR,Cd14-hi Neu,-1.007632077,-2.1476423
GGGAGTACACAGTCAT-1_1_1_1,IR,Cd14-hi Neu,-2.793264091,-2.210133836
GGGCCATCACATTGTG-1_1_1_1,IR,Csf3r-hi Neu,2.583177387,2.313509658
GGGCGTTCAGAGGAAA-1_1_1_1,IR,Csf3r-hi Neu,0.030144468,4.049034789
GGGCTCAAGATGGTCG-1_1_1_1,IR,Csf3r-hi Neu,1.039865672,3.099373057
GGGCTCAGTATCTCTT-1_1_1_1,IR,Csf3r-hi Neu,-0.407900632,3.920358374
GGGTAGAGTGGCTAGA-1_1_1_1,IR,Mmp8+ Neu,3.370422661,-0.67758672
GGGTGTCAGTCACTCA-1_1_1_1,IR,Isg15+ Neu,0.411681115,0.987993195
GGGTTATGTTGTACGT-1_1_1_1,IR,Cstdc4+ Neu,0.55054152,-4.465466306
GGTCACGAGGAAAGGT-1_1_1_1,IR,Isg15+ Neu,0.245029419,1.049530461
GGTGAAGAGCATTGAA-1_1_1_1,IR,Csf3r-hi Neu,1.542073309,0.850153997
GGTGGCTTCTACACTT-1_1_1_1,IR,Icam1+ Neu,-2.138646901,1.723622754
GGTTAACAGAGACAAG-1_1_1_1,IR,Icam1+ Neu,-3.695678175,2.230364516
GGTTCTCCACTGAGGA-1_1_1_1,IR,Csf3r-hi Neu,1.811787188,1.948218777
GGTTCTCTCTTGGTCC-1_1_1_1,IR,Icam1+ Neu,-2.366104782,1.048423484
GTAATCGAGTGCACCC-1_1_1_1,IR,Csf3r-hi Neu,0.088522106,1.855898812
GTACAGTTCACAAGAA-1_1_1_1,IR,Icam1+ Neu,-4.554808796,-0.905226618
GTAGAAATCCCTCGAT-1_1_1_1,IR,Icam1+ Neu,-4.9305107,2.835748627
GTAGATCAGGCAGGGA-1_1_1_1,IR,Csf3r-hi Neu,-0.583323181,3.372340396
GTAGCTACACGTAGAG-1_1_1_1,IR,Icam1+ Neu,-1.868725598,2.63007088
GTAGGTTGTGAGAGGG-1_1_1_1,IR,Icam1+ Neu,-5.68415469,4.181320384
GTAGTACTCAAGTCGT-1_1_1_1,IR,Isg15+ Neu,0.468258619,0.515012577
GTCACGGAGGTCACAG-1_1_1_1,IR,Mmp8+ Neu,5.082879841,-1.814027235
GTCAGCGAGAGAGCCT-1_1_1_1,IR,Csf3r-hi Neu,0.586544513,2.052990392
GTCATCCTCAACGAGG-1_1_1_1,IR,Mmp8+ Neu,6.696006119,-3.251077697
GTCGTTCGTGAGACGT-1_1_1_1,IR,Csf3r-hi Neu,2.035291731,3.109366133
GTCTACCCAGCGTGCT-1_1_1_1,IR,Cd14-hi Neu,-1.347719372,-1.964583025
GTCTAGAGTAACAGTA-1_1_1_1,IR,Cd14-hi Neu,-2.48641485,-1.486722574
GTCTAGATCCCGAACG-1_1_1_1,IR,Cd14-hi Neu,0.563958346,-1.707545743
GTCTGTCTCCCTCTAG-1_1_1_1,IR,Csf3r-hi Neu,3.390439808,2.833977654
GTGAGCCGTGTCTCCT-1_1_1_1,IR,Mmp8+ Neu,7.348222553,-4.170460269
GTGCACGTCTGAATCG-1_1_1_1,IR,Cstdc4+ Neu,-1.637115658,-3.98613815
GTGCAGCCAATTTCGG-1_1_1_1,IR,Icam1+ Neu,-3.495734394,4.040473178
GTGCAGCCAGCTGTTA-1_1_1_1,IR,Isg15+ Neu,3.693605721,-0.734457806
GTGGCGTCACGACCTG-1_1_1_1,IR,Mmp8+ Neu,2.228225529,-0.24561356
GTGTTAGTCAGTCAGT-1_1_1_1,IR,Mmp8+ Neu,4.438437759,-2.188299224
GTGTTCCAGTCCTGCG-1_1_1_1,IR,Csf3r-hi Neu,-0.702141643,2.672216609
GTTACGAAGGAGTCTG-1_1_1_1,IR,Cd14-hi Neu,-2.134990991,-2.740630195
GTTACGAGTGTATTCG-1_1_1_1,IR,Cstdc4+ Neu,0.625428676,-3.985382125
GTTAGTGTCCACTGAA-1_1_1_1,IR,Cstdc4+ Neu,1.469261586,-3.829313562
GTTCATTGTGTATTGC-1_1_1_1,IR,Isg15+ Neu,0.395484507,0.432683065
GTTTGGAAGGTATAGT-1_1_1_1,IR,Mmp8+ Neu,3.728463471,-1.737709627
TAACTTCAGAATCGAT-1_1_1_1,IR,Csf3r-hi Neu,3.139458239,0.891450718
TAACTTCTCCCAGTGG-1_1_1_1,IR,Mmp8+ Neu,2.46656543,-0.144178853
TAATCTCAGCGTTCAT-1_1_1_1,IR,Csf3r-hi Neu,-0.491127581,3.837195113
TACACCCTCGAACCTA-1_1_1_1,IR,Csf3r-hi Neu,2.579820454,1.383415177
TACCCACTCGAGCCTG-1_1_1_1,IR,Icam1+ Neu,-2.291436613,2.001295998
TACCGAAAGATGGCAC-1_1_1_1,IR,Mmp8+ Neu,4.582836926,1.312529042
TACCTCGAGTAGCAAT-1_1_1_1,IR,Csf3r-hi Neu,0.244072556,3.724017813
TACCTGCGTCCGCAGT-1_1_1_1,IR,Cd14-hi Neu,-1.821211994,-0.657598928
TACGCTCCACCAAATC-1_1_1_1,IR,Isg15+ Neu,0.387304306,0.971565917
TACGCTCGTGCAACAG-1_1_1_1,IR,Icam1+ Neu,-3.659905136,2.3627512
TACGGGCAGGTTCCAT-1_1_1_1,IR,Icam1+ Neu,-5.466905773,3.630717471
TACGGTAAGAACGCGT-1_1_1_1,IR,Csf3r-hi Neu,3.161402762,3.024160102
TACGGTACAGCCTACG-1_1_1_1,IR,Icam1+ Neu,-5.608265579,1.065914347
TACTTCAAGATCGCCC-1_1_1_1,IR,Cd14-hi Neu,-0.73156178,-0.674301282
TACTTGTCAAGCAATA-1_1_1_1,IR,Mmp8+ Neu,7.595740616,-4.326422736
TAGACTGAGGTTATAG-1_1_1_1,IR,Icam1+ Neu,-4.295255363,2.194908335
TAGCACATCTAAGCGT-1_1_1_1,IR,Mmp8+ Neu,4.025663673,-0.814318046
TAGGGTTAGGGAGTGG-1_1_1_1,IR,Csf3r-hi Neu,-1.472009838,1.51458688
TAGGTTGAGCGCACAA-1_1_1_1,IR,Cstdc4+ Neu,0.267822086,-4.672042176
TAGTGCACAGTGGCTC-1_1_1_1,IR,Icam1+ Neu,-3.358808935,3.590033725
TATCAGGGTAGTAAGT-1_1_1_1,IR,Csf3r-hi Neu,0.179435581,2.031574443
TATCTGTAGTTAACAG-1_1_1_1,IR,Icam1+ Neu,-5.113610447,4.633063987
TATTGGGGTACCGCGT-1_1_1_1,IR,Mmp8+ Neu,5.7975443,-1.388795272
TCAAGCACAGCAGTGA-1_1_1_1,IR,Mmp8+ Neu,1.518197238,-1.894143626
TCAATCTGTAGGTGCA-1_1_1_1,IR,Csf3r-hi Neu,0.347028017,2.655073359
TCACACCTCACCTTGC-1_1_1_1,IR,Icam1+ Neu,-2.636173189,1.060492709
TCACTATAGGGAGTTC-1_1_1_1,IR,Csf3r-hi Neu,0.961715519,2.670829251
TCAGGTACACGTAGTT-1_1_1_1,IR,Cd14-hi Neu,0.940524637,-2.05224596
TCAGTCCTCCGTGACG-1_1_1_1,IR,Mmp8+ Neu,1.524049103,-1.239683375
TCATCATCAGGTCAGA-1_1_1_1,IR,Csf3r-hi Neu,-0.121547644,2.642651274
TCATCATGTTCTCGTC-1_1_1_1,IR,Csf3r-hi Neu,-1.269769371,2.937049582
TCATGCCGTTGCACGC-1_1_1_1,IR,Isg15+ Neu,0.842356979,0.9041626
TCATTCAAGCTCCGAC-1_1_1_1,IR,Csf3r-hi Neu,2.208257496,2.90167351
TCCATGCAGGTCTTTG-1_1_1_1,IR,Icam1+ Neu,-1.102734387,1.943963959
TCCATGCCAACCGATT-1_1_1_1,IR,Isg15+ Neu,0.429896235,0.306213572
TCCCACAAGGCCCGTT-1_1_1_1,IR,Csf3r-hi Neu,-0.907613516,4.047027304
TCCCATGAGCATGCGA-1_1_1_1,IR,Cd14-hi Neu,-2.133931697,-1.115555127
TCCGATCGTAAGTCAA-1_1_1_1,IR,Icam1+ Neu,-4.148008526,3.241599753
TCCTAATTCGCTCATC-1_1_1_1,IR,Cd14-hi Neu,-0.929262281,-2.246431873
TCCTCGAAGTATAGAC-1_1_1_1,IR,Cstdc4+ Neu,-0.450491101,-4.476699397
TCCTTTCAGAGGCTGT-1_1_1_1,IR,Cstdc4+ Neu,1.590968787,-3.543228194
TCGATTTCACGGCCAT-1_1_1_1,IR,Icam1+ Neu,-5.018030346,-1.209017054
TCGCACTGTATGCGGA-1_1_1_1,IR,Csf3r-hi Neu,3.023743212,1.556377604
TCGGGACGTCTACACA-1_1_1_1,IR,Csf3r-hi Neu,-0.105498553,1.986973002
TCGGTCTAGAACCGCA-1_1_1_1,IR,Cd14-hi Neu,-3.929603279,-0.148539886
TCGGTCTAGTAACGAT-1_1_1_1,IR,Csf3r-hi Neu,-1.518531979,3.170818999
TCTATACAGGTACAAT-1_1_1_1,IR,Icam1+ Neu,-1.951951325,0.489852383
TCTCACGCACGCCAGT-1_1_1_1,IR,Csf3r-hi Neu,0.097555011,2.869753793
TCTTAGTCAGCGGATA-1_1_1_1,IR,Icam1+ Neu,-4.255468548,3.949258521
TGAATGCGTTCCAAAC-1_1_1_1,IR,Cstdc4+ Neu,1.216411411,-3.18278198
TGACGCGCACATGTTG-1_1_1_1,IR,Cstdc4+ Neu,-0.286545322,-3.943192289
TGACTCCTCTGTGCGG-1_1_1_1,IR,Icam1+ Neu,-4.286256016,0.218872502
TGAGCATGTCATCGCG-1_1_1_1,IR,Cd14-hi Neu,0.813485324,-1.907700941
TGATCAGGTCCCGTGA-1_1_1_1,IR,Icam1+ Neu,-5.128672779,4.085325434
TGATCTTGTCTCACGG-1_1_1_1,IR,Csf3r-hi Neu,-0.553780109,3.034077838
TGATGCACAAGGGTCA-1_1_1_1,IR,Icam1+ Neu,-4.706252277,-0.917572677
TGCAGGCGTACTCAAC-1_1_1_1,IR,Cstdc4+ Neu,-0.964475692,-4.336828038
TGCATCCCAAGTTGGG-1_1_1_1,IR,Cd14-hi Neu,0.669715344,-2.154135272
TGCCGAGGTCAGGAGT-1_1_1_1,IR,Csf3r-hi Neu,1.642565786,2.206650927
TGCCGAGTCTTTGATC-1_1_1_1,IR,Cd14-hi Neu,0.847772538,-0.839504198
TGCGACGTCTTGTTAC-1_1_1_1,IR,Cd14-hi Neu,-0.374090627,-1.998334274
TGCGGCACAACTGCTA-1_1_1_1,IR,Mmp8+ Neu,5.801436245,-3.645535991
TGCGGGTAGCGTCTGC-1_1_1_1,IR,Cstdc4+ Neu,-0.847751975,-4.352137849
TGCTGAACACAAAGTA-1_1_1_1,IR,Cstdc4+ Neu,0.717086017,-4.575197265
TGCTTCGTCCGATAAC-1_1_1_1,IR,Mmp8+ Neu,4.586064636,0.554524019
TGCTTGCAGCTGGCTC-1_1_1_1,IR,Cd14-hi Neu,-0.913945437,-1.952087805
TGGAGAGTCTTACGTT-1_1_1_1,IR,Mmp8+ Neu,2.985595047,-4.014917896
TGGATGTTCAGCTTGA-1_1_1_1,IR,Icam1+ Neu,-2.912111462,2.947928622
TGGGAGATCGAAGGAC-1_1_1_1,IR,Cstdc4+ Neu,0.680214345,-4.731103465
TGGTAGTAGACCGTTT-1_1_1_1,IR,Mmp8+ Neu,2.25163418,-0.179868445
TGTAACGCAACGACTT-1_1_1_1,IR,Isg15+ Neu,-0.337914199,-0.167400405
TGTAAGCAGGCCCACT-1_1_1_1,IR,Mmp8+ Neu,3.591442644,-1.208603919
TGTAAGCGTCTGATAC-1_1_1_1,IR,Cstdc4+ Neu,-0.930478514,-4.465029046
TGTAGACAGCGAGTCA-1_1_1_1,IR,Mmp8+ Neu,2.94426471,-1.456536249
TGTGAGTCACGTTGGC-1_1_1_1,IR,Csf3r-hi Neu,-3.110614479,4.52678509
TGTGCGGCAGAGTAAT-1_1_1_1,IR,Icam1+ Neu,-3.169675529,1.315731957
TGTGCGGCAGCTATAC-1_1_1_1,IR,Icam1+ Neu,-5.495234669,3.877888396
TGTGCGGGTAAGTTGA-1_1_1_1,IR,Csf3r-hi Neu,0.888560712,3.563955977
TGTGTGATCCGAGCTG-1_1_1_1,IR,Csf3r-hi Neu,0.834306299,3.779382899
TGTTGGAGTCAGACTT-1_1_1_1,IR,Csf3r-hi Neu,3.226536333,2.862135604
TTACTGTAGCGCAATG-1_1_1_1,IR,Cstdc4+ Neu,1.139544904,-4.37236242
TTAGGCAAGAATTGTG-1_1_1_1,IR,Mmp8+ Neu,1.618073642,-1.718008623
TTCAATCAGGACACTG-1_1_1_1,IR,Cstdc4+ Neu,2.134067356,-3.860836074
TTCCGGTTCGTTACCC-1_1_1_1,IR,Cstdc4+ Neu,-0.884820998,-4.313742683
TTCCTCTCATATGGCT-1_1_1_1,IR,Icam1+ Neu,-5.133115948,-1.191474796
TTCTAACAGGCACAAC-1_1_1_1,IR,Isg15+ Neu,-0.651170254,0.641048625
TTGAACGAGCTTAAGA-1_1_1_1,IR,Icam1+ Neu,-4.465158165,3.75221844
TTGATGGCAAGATTGA-1_1_1_1,IR,Cstdc4+ Neu,-2.562095106,-3.770725295
TTGATGGTCAACCGAT-1_1_1_1,IR,Icam1+ Neu,-2.406679333,0.281660631
TTGCCTGGTCCCGGTA-1_1_1_1,IR,Mmp8+ Neu,3.31520468,1.19152756
TTGCCTGTCATTCTTG-1_1_1_1,IR,Cstdc4+ Neu,3.15027219,-1.05725608
TTGCGTCTCATGGATC-1_1_1_1,IR,Icam1+ Neu,-1.793597877,2.289974406
TTGCTGCCAGAGGACT-1_1_1_1,IR,Cd14-hi Neu,0.767963528,-1.999400542
TTGGATGGTCGCAGTC-1_1_1_1,IR,Mmp8+ Neu,4.431534111,-1.271013066
TTGGGATCACGGGCTT-1_1_1_1,IR,Csf3r-hi Neu,-0.395215631,3.145775512
TTGGGCGTCCTTCTAA-1_1_1_1,IR,Mmp8+ Neu,2.640384018,-3.365671203
TTGGGTACATTCACCC-1_1_1_1,IR,Mmp8+ Neu,2.408441841,-0.944834382
TTGTTGTGTCCTACAA-1_1_1_1,IR,Csf3r-hi Neu,0.457033276,2.219781831
TTTAGTCCACCGGAAA-1_1_1_1,IR,Mmp8+ Neu,4.758026897,0.047805741
TTTCACACATGTTACG-1_1_1_1,IR,Isg15+ Neu,-0.52197671,0.562390998
TTTCACATCAGGTGTT-1_1_1_1,IR,Isg15+ Neu,-0.427142218,0.899608329
TTTCAGTTCTGGGATT-1_1_1_1,IR,Csf3r-hi Neu,2.64776045,2.487882092
TTTCGATCACCTAAAC-1_1_1_1,IR,Mmp8+ Neu,6.237980663,-2.837482855
TTTGACTGTACACGTT-1_1_1_1,IR,Csf3r-hi Neu,1.109445154,2.489841893
TTTGACTTCTCGTGAA-1_1_1_1,IR,Csf3r-hi Neu,1.641038596,2.285465672
TTTGATCGTCTAGATC-1_1_1_1,IR,Icam1+ Neu,-3.64312166,-3.239683196
TTTGATCTCCATATGG-1_1_1_1,IR,Cd14-hi Neu,-2.20260042,-1.867585942
TTTGGTTTCCCAACTC-1_1_1_1,IR,Cd14-hi Neu,-2.372726858,0.077866628
TTTGTTGTCGACCACG-1_1_1_1,IR,Isg15+ Neu,-0.596690596,0.683777645
ACGGTCGCAAAGACGC-1_2_1_1,IR,Icam1+ Neu,-4.15345043,-1.443045721
ACGGTCGTCATCGGGC-1_2_1_1,IR,Icam1+ Neu,-3.968246162,1.342730477
ACGGTCGTCTTTCGAT-1_2_1_1,IR,Icam1+ Neu,-1.201235354,2.334145024
ACGTAACGTCTCGGGT-1_2_1_1,IR,Isg15+ Neu,-3.177598179,-0.04346411
ACGTAACGTGGTTTGT-1_2_1_1,IR,Cd14-hi Neu,-1.27343756,-0.39062433
ACGTAGTAGCCTTGAT-1_2_1_1,IR,Icam1+ Neu,-1.302808345,1.537603095
ACGTAGTTCAATCGGT-1_2_1_1,IR,Csf3r-hi Neu,-1.062488854,2.133564904
ACGTCCTTCCCTCTCC-1_2_1_1,IR,Csf3r-hi Neu,1.519269406,1.489258721
ACTACGAGTCCAGCCA-1_2_1_1,IR,Cstdc4+ Neu,-1.460691154,-4.633623407
ACTACGATCTTTCCGG-1_2_1_1,IR,Icam1+ Neu,-5.51629752,0.812560394
ACTATGGGTGCAACGA-1_2_1_1,IR,Icam1+ Neu,-2.26092738,1.780142978
ACTATTCTCAAGGACG-1_2_1_1,IR,Cstdc4+ Neu,-0.328360841,-3.528991506
ACTCCCAAGCTTGTGT-1_2_1_1,IR,Csf3r-hi Neu,-1.305297077,3.329134181
ACTCTCGAGGCTCCCA-1_2_1_1,IR,Icam1+ Neu,-4.158319176,1.120007947
ACTGCAAGTAGCACGA-1_2_1_1,IR,Mmp8+ Neu,7.582444012,-4.368323371
ACTGCAAGTGTAGGAC-1_2_1_1,IR,Mmp8+ Neu,2.415927708,0.092740968
ACTGTCCCAATTTCGG-1_2_1_1,IR,Isg15+ Neu,0.912536084,-0.001509473
ACTGTCCCATGTCGTA-1_2_1_1,IR,Icam1+ Neu,-4.169636906,4.849882796
ACTGTCCGTCGTACTA-1_2_1_1,IR,Csf3r-hi Neu,1.029034912,3.212670996
ACTGTGACAGAGTAAT-1_2_1_1,IR,Icam1+ Neu,-4.800382793,3.681613639
ACTGTGATCATCGCAA-1_2_1_1,IR,Mmp8+ Neu,5.575634777,-0.381033823
ACTTAGGAGCTCCACG-1_2_1_1,IR,Icam1+ Neu,-3.548901976,1.853381827
ACTTAGGAGGTCACCC-1_2_1_1,IR,Mmp8+ Neu,2.041686117,-1.061083823
ACTTAGGCAAATAGCA-1_2_1_1,IR,Icam1+ Neu,-3.161534727,2.157983735
ACTTCCGAGACAACAT-1_2_1_1,IR,Mmp8+ Neu,2.890142738,-3.591776178
ACTTCCGTCCGAGAAG-1_2_1_1,IR,Icam1+ Neu,-3.617755354,1.487762168
ACTTCCGTCTACGCGG-1_2_1_1,IR,Icam1+ Neu,-3.05936116,1.252284243
ACTTCGCCACCTGTCT-1_2_1_1,IR,Csf3r-hi Neu,-1.70139736,3.080425456
ACTTTCAGTTCCGTTC-1_2_1_1,IR,Icam1+ Neu,-3.261120737,-2.719716236
AGAAATGCAATACAGA-1_2_1_1,IR,Icam1+ Neu,-2.203664244,0.483174637
AGAACAAAGTGGTGGT-1_2_1_1,IR,Icam1+ Neu,-2.306309641,2.694968417
AGACAGGCAGAGTTGG-1_2_1_1,IR,Cd14-hi Neu,-0.499639839,-2.322811291
AGACAGGGTGAGATAT-1_2_1_1,IR,Cstdc4+ Neu,0.395868003,-4.223497674
AGACCATGTTGTATGC-1_2_1_1,IR,Csf3r-hi Neu,3.285806477,1.78968282
AGACTCACAACGCATT-1_2_1_1,IR,Icam1+ Neu,-3.866463602,4.201935008
AGAGAATTCGCACGGT-1_2_1_1,IR,Csf3r-hi Neu,-0.711471141,3.32627888
AGAGAATTCTGAGAGG-1_2_1_1,IR,Cstdc4+ Neu,-0.342532739,-4.76655154
AGAGCAGTCGAGAAAT-1_2_1_1,IR,Icam1+ Neu,-2.194017828,0.885641768
AGATCGTTCAGTCATG-1_2_1_1,IR,Csf3r-hi Neu,2.419308245,2.688502028
AGATGAAAGGATTTAG-1_2_1_1,IR,Cstdc4+ Neu,1.202378928,-3.829758928
AGCCAATCAGCTTTGA-1_2_1_1,IR,Icam1+ Neu,-5.253182114,3.401597216
AGCCACGCAAATGCGG-1_2_1_1,IR,Icam1+ Neu,-3.017641962,2.856305554
AGCCACGCATCAGTCA-1_2_1_1,IR,Cd14-hi Neu,-0.066327185,-1.323782489
AGCCAGCGTGGCTACC-1_2_1_1,IR,Icam1+ Neu,-4.201091946,-0.941277534
AGCGATTTCTTCGATT-1_2_1_1,IR,Icam1+ Neu,-0.958462716,1.797066167
AGCGCCACACTGCTTC-1_2_1_1,IR,Icam1+ Neu,-1.823333562,1.13639684
AGCGTATTCCAACCAA-1_2_1_1,IR,Cd14-hi Neu,-2.022693813,-3.138836429
AGCTTCCAGTCGTCTA-1_2_1_1,IR,Icam1+ Neu,-4.60530299,-1.074825655
AGGAAATAGTCTTCCC-1_2_1_1,IR,Mmp8+ Neu,7.065840065,-3.648715541
AGGACGAAGATACAGT-1_2_1_1,IR,Icam1+ Neu,-3.401272715,1.170104697
AGGACGAAGCGACTTT-1_2_1_1,IR,Mmp8+ Neu,3.870043575,-3.048922941
AGGACGACAGTCAGAG-1_2_1_1,IR,Icam1+ Neu,-3.261131943,3.205297187
AGGAGGTTCAAGCCAT-1_2_1_1,IR,Mmp8+ Neu,4.28490287,-1.828971193
AGGAGGTTCACGGGCT-1_2_1_1,IR,Cstdc4+ Neu,0.336229384,-4.087295577
AGGATAAAGTTCACTG-1_2_1_1,IR,Icam1+ Neu,-2.960117042,2.689949706
AGGATCTAGGTACAGC-1_2_1_1,IR,Mmp8+ Neu,2.389095127,-0.112946853
AGGATCTTCCGCATAA-1_2_1_1,IR,Isg15+ Neu,0.165369182,-0.17994009
AGGCATTGTTGCCAAT-1_2_1_1,IR,Icam1+ Neu,-4.059981287,2.194297269
AGGCATTTCATCGCAA-1_2_1_1,IR,Cstdc4+ Neu,2.334692061,1.540292456
AGGCCACAGCTTGTGT-1_2_1_1,IR,Cd14-hi Neu,-1.048006714,-3.105759427
AGGCCACGTCTTTCTA-1_2_1_1,IR,Cd14-hi Neu,0.169245362,-1.606428251
AGGCTGCGTACAACGG-1_2_1_1,IR,Icam1+ Neu,-4.818908871,-0.941712171
AGGGCCTAGACATAAC-1_2_1_1,IR,Isg15+ Neu,-1.327574432,0.745983556
AGGGCCTTCAGGAAAT-1_2_1_1,IR,Icam1+ Neu,-3.244962871,2.606115058
AGGGCTCTCCGCGAGT-1_2_1_1,IR,Cd14-hi Neu,-1.438595593,-2.546773002
AGGGTCCCACCTGCAG-1_2_1_1,IR,Icam1+ Neu,-3.296788633,2.825467541
AGGGTGAAGTTTAGGA-1_2_1_1,IR,Mmp8+ Neu,3.410345614,-3.358619735
AGGGTGAGTAACACCT-1_2_1_1,IR,Cstdc4+ Neu,-2.265434206,-3.938405559
AGGGTTTAGCGTTCCG-1_2_1_1,IR,Isg15+ Neu,-1.238093079,0.253029778
AGGGTTTGTTGTCAGT-1_2_1_1,IR,Cstdc4+ Neu,-1.670832694,-3.737975404
AGGTAGGAGTCAACAA-1_2_1_1,IR,Icam1+ Neu,-3.635832727,1.440631583
AGGTCATTCTGAATGC-1_2_1_1,IR,Icam1+ Neu,-3.119658888,1.73947592
AGGTCTAAGCGCAATG-1_2_1_1,IR,Mmp8+ Neu,2.448186218,-3.945421264
AGGTCTAAGGTAGGCT-1_2_1_1,IR,Icam1+ Neu,-3.676614225,4.019839957
AGGTCTAGTGAGCCAA-1_2_1_1,IR,Csf3r-hi Neu,0.236242443,1.586721137
AGTACCACAACCAACT-1_2_1_1,IR,Cd14-hi Neu,0.037499874,-1.460363612
AGTACCAGTACAATAG-1_2_1_1,IR,Mmp8+ Neu,1.441708505,-0.180622027
AGTACTGAGTGGTGAC-1_2_1_1,IR,Icam1+ Neu,-3.129701317,-2.464592383
AGTACTGCAAGTGTCT-1_2_1_1,IR,Isg15+ Neu,-2.0574767,-0.311478004
AGTAGTCAGTGAGTGC-1_2_1_1,IR,Icam1+ Neu,-4.144133747,-1.282881216
AGTAGTCGTTAGAAAC-1_2_1_1,IR,Cstdc4+ Neu,-0.411067754,-3.543294236
AGTCAACAGGGTGAAA-1_2_1_1,IR,Cd14-hi Neu,1.502420604,-1.927069173
AGTGACTCAGAAACCG-1_2_1_1,IR,Cd14-hi Neu,-1.995899499,-1.455331788
AGTGATCAGCGAACTG-1_2_1_1,IR,Cstdc4+ Neu,1.840256273,-3.993965671
AGTGTTGTCCCATAAG-1_2_1_1,IR,Icam1+ Neu,-3.608424604,-1.531487748
AGTTAGCTCACGGACC-1_2_1_1,IR,Cd14-hi Neu,-1.305745423,-0.33396332
AGTTCGACACCTGCGA-1_2_1_1,IR,Icam1+ Neu,-2.600626886,4.401698783
AGTTCGACAGCTACTA-1_2_1_1,IR,Icam1+ Neu,-4.156719625,1.721396878
AGTTCGATCCACGGAC-1_2_1_1,IR,Icam1+ Neu,-1.820691407,1.798487141
ATACCGACAGAGGTTG-1_2_1_1,IR,Icam1+ Neu,-5.686024845,0.930979445
ATACCTTTCGACATCA-1_2_1_1,IR,Cd14-hi Neu,-3.035269201,-2.059633479
ATAGACCAGCCATTTG-1_2_1_1,IR,Cd14-hi Neu,0.780853092,-1.120792404
ATAGAGAGTTCCGGTG-1_2_1_1,IR,Csf3r-hi Neu,1.838315785,2.029985144
ATAGGCTAGTAGTCTC-1_2_1_1,IR,Cd14-hi Neu,-0.708702088,-1.409690962
ATATCCTAGGCCTAGA-1_2_1_1,IR,Mmp8+ Neu,1.001027047,0.551725939
ATCACGAAGGAAAGGT-1_2_1_1,IR,Icam1+ Neu,-4.934876144,1.802195027
ATCACGAGTGTAGTGG-1_2_1_1,IR,Cstdc4+ Neu,-1.963629544,-4.15230994
ATCATTCAGCTTAAGA-1_2_1_1,IR,Icam1+ Neu,-5.471741856,3.120597556
ATCATTCTCTTTACAC-1_2_1_1,IR,Icam1+ Neu,-2.598642528,1.839899733
ATCCACCAGAAATTGC-1_2_1_1,IR,Icam1+ Neu,-3.450004757,0.116152957
ATCCACCCATTGAAGA-1_2_1_1,IR,Cstdc4+ Neu,0.388479769,-3.672477767
ATCCATTCAACCCTCT-1_2_1_1,IR,Icam1+ Neu,-3.11938876,1.364171698
ATCCCTGGTCGTGCCA-1_2_1_1,IR,Csf3r-hi Neu,1.472944438,2.677288964
ATCCGTCGTGAACTAA-1_2_1_1,IR,Csf3r-hi Neu,-0.676818014,1.563408807
ATCCGTCTCGTGGAAG-1_2_1_1,IR,Cd14-hi Neu,3.508568346,-1.884653375
ATCCTATAGCATGCGA-1_2_1_1,IR,Csf3r-hi Neu,-0.794618667,2.446236327
ATCGATGGTGTCCTAA-1_2_1_1,IR,Icam1+ Neu,-5.009250343,1.735487416
ATCGCCTCAATCGCCG-1_2_1_1,IR,Mmp8+ Neu,5.463952362,-3.882086799
ATCGGCGAGACCCGCT-1_2_1_1,IR,Cd14-hi Neu,0.061153724,-1.278892383
ATCGGCGGTGGACCTC-1_2_1_1,IR,Mmp8+ Neu,5.215599358,0.7573684
ATCGTCCTCGATACGT-1_2_1_1,IR,Icam1+ Neu,-3.282815159,0.440626457
ATCGTGAAGAGTCAGC-1_2_1_1,IR,Icam1+ Neu,-3.85819453,-1.96428065
ATCGTGAGTAAGGAGA-1_2_1_1,IR,Icam1+ Neu,-0.991943479,2.938490107
ATCGTGAGTTGACTAC-1_2_1_1,IR,Icam1+ Neu,-3.738559425,-1.652133987
ATCTCTAGTTCACCGG-1_2_1_1,IR,Isg15+ Neu,-1.083269,-0.086734459
ATCTTCATCACTTTGT-1_2_1_1,IR,Cd14-hi Neu,-0.28827028,-1.291534335
ATGAAAGCACCCTAGG-1_2_1_1,IR,Mmp8+ Neu,1.448368489,-1.218892187
ATGAAAGGTCTTCTAT-1_2_1_1,IR,Icam1+ Neu,-3.171681583,1.300754264
ATGAAAGGTGTTACAC-1_2_1_1,IR,Icam1+ Neu,-5.814808548,1.392851308
ATGACCACATCCTATT-1_2_1_1,IR,Csf3r-hi Neu,2.285261213,1.884304955
ATGACCATCGGTAAGG-1_2_1_1,IR,Isg15+ Neu,-0.772079468,0.850119188
ATGAGGGCAAATTAGG-1_2_1_1,IR,Icam1+ Neu,-3.500904262,-1.213994682
ATGAGGGCATCAGCGC-1_2_1_1,IR,Cd14-hi Neu,0.298835039,-2.391593978
ATGAGGGTCCATCCGT-1_2_1_1,IR,Csf3r-hi Neu,-0.633671135,3.208499625
ATGAGTCAGCAAGTCG-1_2_1_1,IR,Icam1+ Neu,-3.59629196,0.09573169
ATGAGTCAGTCTCGTA-1_2_1_1,IR,Cd14-hi Neu,-1.76652807,-1.824216768
ATGAGTCTCCGTAGTA-1_2_1_1,IR,Cd14-hi Neu,-0.847706855,-2.280642554
ATGCATGCAGGAATCG-1_2_1_1,IR,Cd14-hi Neu,0.430809855,-2.949065015
ATGCCTCCAGATCATC-1_2_1_1,IR,Icam1+ Neu,-5.340045155,0.768569067
ATGCCTCCATCTTTCA-1_2_1_1,IR,Icam1+ Neu,-4.96271962,2.69530721
ATGCGATGTATCACCA-1_2_1_1,IR,Mmp8+ Neu,7.331445038,-4.126761243
ATGGAGGTCGGCACTG-1_2_1_1,IR,Icam1+ Neu,-4.473972023,-0.123477325
ATGGGAGCAGAATCGG-1_2_1_1,IR,Cd14-hi Neu,-0.429113761,-2.431022331
ATGGGAGTCCGCGGAT-1_2_1_1,IR,Cd14-hi Neu,-2.151726187,-1.821625814
ATGGTTGAGTTAGTAG-1_2_1_1,IR,Icam1+ Neu,-4.113704861,-1.358216748
ATGGTTGGTAGAAACT-1_2_1_1,IR,Icam1+ Neu,-5.173160255,4.540949061
ATGTCCCAGACTCAAA-1_2_1_1,IR,Icam1+ Neu,-3.924854696,1.458217099
ATGTCTTGTGGAGAAA-1_2_1_1,IR,Icam1+ Neu,-4.73969096,4.078088954
ATTACCTAGAGGATCC-1_2_1_1,IR,Icam1+ Neu,-3.590827644,-2.251338289
ATTACCTAGGTCCAGA-1_2_1_1,IR,Icam1+ Neu,-2.509157837,3.037933543
ATTACTCCAAGTCCAT-1_2_1_1,IR,Icam1+ Neu,-4.666312874,0.497740104
ATTACTCTCCGCACTT-1_2_1_1,IR,Mmp8+ Neu,2.938665211,-0.714017228
ATTATCCCACCCTAAA-1_2_1_1,IR,Mmp8+ Neu,7.537975132,-4.316301391
ATTCACTGTCGGATTT-1_2_1_1,IR,Cd14-hi Neu,-1.328069866,-2.941558644
ATTCACTTCTCAATCT-1_2_1_1,IR,Cd14-hi Neu,-2.349292458,-1.151808516
ATTCATCGTGAACCGA-1_2_1_1,IR,Icam1+ Neu,-5.347892464,4.172480777
ATTCATCTCATGCCAA-1_2_1_1,IR,Cstdc4+ Neu,0.24532178,-3.895089433
ATTCATCTCCGATCTC-1_2_1_1,IR,Icam1+ Neu,-2.531585396,1.511123374
ATTCCATAGCTAGAGC-1_2_1_1,IR,Cstdc4+ Neu,0.934467971,-3.901432082
ATTCCATCAGACTGCC-1_2_1_1,IR,Icam1+ Neu,-4.538577736,1.89056845
ATTCCATCATCCGATA-1_2_1_1,IR,Icam1+ Neu,-3.370761097,-1.564963118
ATTCCCGAGGTAGATT-1_2_1_1,IR,Icam1+ Neu,-6.218631447,1.490908101
ATTCCCGTCCGTGCGA-1_2_1_1,IR,Cd14-hi Neu,-0.284193881,-2.422007487
ATTCCTAGTGAGGATC-1_2_1_1,IR,Cd14-hi Neu,-1.168624044,-1.474371955
ATTCGTTGTCTACAAC-1_2_1_1,IR,Csf3r-hi Neu,-0.211260952,3.571458533
ATTCTACCAATCTCGA-1_2_1_1,IR,Csf3r-hi Neu,2.595408737,1.089363292
ATTTCACGTCATCCCT-1_2_1_1,IR,Csf3r-hi Neu,-0.129896857,2.750225022
CAACAACGTTGTAAAG-1_2_1_1,IR,Icam1+ Neu,-4.937590778,4.738659575
CAACAGTCAACATACC-1_2_1_1,IR,Mmp8+ Neu,2.952424585,-3.333547637
CAACCAAGTTAGTTCG-1_2_1_1,IR,Icam1+ Neu,-2.973797501,1.5258369
CAACCTCAGGATGGCT-1_2_1_1,IR,Icam1+ Neu,-4.854700745,-0.229502723
CAACCTCCAACTCCAA-1_2_1_1,IR,Cd14-hi Neu,-1.045662225,-0.716784284
CAAGACTTCACAAGGG-1_2_1_1,IR,Cstdc4+ Neu,-1.837523997,-3.541570947
CAAGAGGTCCGCTGTT-1_2_1_1,IR,Icam1+ Neu,-2.649402559,1.717158749
CAATACGAGTTGTAGA-1_2_1_1,IR,Icam1+ Neu,-3.400581539,-1.95512496
CAATACGCACTAGAGG-1_2_1_1,IR,Cstdc4+ Neu,1.045997083,-4.323284194
CAATACGTCTCATGCC-1_2_1_1,IR,Isg15+ Neu,-3.271618784,-0.781004593
CAATCGAAGGGTATAT-1_2_1_1,IR,Isg15+ Neu,-0.725882829,0.301063731
CAATCGACATTCTCCG-1_2_1_1,IR,Mmp8+ Neu,7.660685837,-4.531934545
CACACAACACTGGACC-1_2_1_1,IR,Icam1+ Neu,-4.093593777,-0.64579688
CACACAAGTAGCTTAC-1_2_1_1,IR,Icam1+ Neu,-4.062674225,0.196584657
CACACAATCTTCCTAA-1_2_1_1,IR,Cd14-hi Neu,-2.057630718,-2.394773051
CACAGATAGCACTCCG-1_2_1_1,IR,Cd14-hi Neu,-1.722803653,-1.799892411
CACAGGCAGCCTGTCG-1_2_1_1,IR,Icam1+ Neu,-5.537761391,4.387910083
CACGAATGTTGAAGTA-1_2_1_1,IR,Isg15+ Neu,-1.416894615,-1.35432826
CACGGGTCAGTAGTTC-1_2_1_1,IR,Isg15+ Neu,0.061562463,0.694793299
CACGGGTCATACAGGG-1_2_1_1,IR,Icam1+ Neu,-4.425770462,3.601036742
CACGTGGTCGACGACC-1_2_1_1,IR,Cstdc4+ Neu,-1.167617381,-4.629723832
CACTAAGGTGGAACCA-1_2_1_1,IR,Mmp8+ Neu,3.341735899,-1.751614556
CACTGAAGTGCCTGCA-1_2_1_1,IR,Icam1+ Neu,-4.369769752,-1.071161284
CACTGGGTCGTGACTA-1_2_1_1,IR,Cd14-hi Neu,-4.391964138,0.235018566
CACTGTCTCTATCCAT-1_2_1_1,IR,Cd14-hi Neu,-0.017329485,-2.584488914
CACTTCGAGCCTTCTC-1_2_1_1,IR,Icam1+ Neu,-1.249128998,1.738837197
CAGAGCCCAGAATTCC-1_2_1_1,IR,Icam1+ Neu,-2.118001163,2.203395083
CAGATACAGTGGCGAT-1_2_1_1,IR,Csf3r-hi Neu,1.695092976,2.499357894
CAGATACCAAAGGCGT-1_2_1_1,IR,Cd14-hi Neu,-1.342752755,0.10274215
CAGATCACATCAGCGC-1_2_1_1,IR,Icam1+ Neu,-5.249502361,3.389974311
CAGCAATCAATAGTAG-1_2_1_1,IR,Icam1+ Neu,-5.386268318,4.424655154
CAGCACGAGGCATTTC-1_2_1_1,IR,Icam1+ Neu,-4.460510433,0.909983471
CAGCACGGTAGTGGCA-1_2_1_1,IR,Icam1+ Neu,-4.56135577,4.032269671
CAGCAGCAGCTCCCTT-1_2_1_1,IR,Cstdc4+ Neu,2.015920698,-4.01598911
CAGCAGCCAACGCCCA-1_2_1_1,IR,Mmp8+ Neu,4.807468235,0.728567198
CAGCCAGAGACATCAA-1_2_1_1,IR,Cd14-hi Neu,-0.832619012,0.747886017
CAGCCAGTCACATTGG-1_2_1_1,IR,Cstdc4+ Neu,0.678429603,-4.424729154
CAGCGTGAGACTCATC-1_2_1_1,IR,Cstdc4+ Neu,-1.337206901,-3.856069848
CAGGCCACATGCCGCA-1_2_1_1,IR,Cd14-hi Neu,0.078069925,-2.290863082
CAGTTAGCACACCTAA-1_2_1_1,IR,Icam1+ Neu,-4.144678533,-1.900521741
CAGTTAGGTGGTAATA-1_2_1_1,IR,Icam1+ Neu,-3.689188421,-2.103408978
CAGTTCCAGAGTCTGG-1_2_1_1,IR,Icam1+ Neu,-4.269033611,-1.378978208
CAGTTCCCACATTGTG-1_2_1_1,IR,Cstdc4+ Neu,-0.479391188,-4.266775892
CATAAGCAGAAGATCT-1_2_1_1,IR,Icam1+ Neu,-4.479709804,-0.238116429
CATAAGCAGCATCCTA-1_2_1_1,IR,Mmp8+ Neu,7.745585262,-4.631936118
CATAAGCTCCCGTAAA-1_2_1_1,IR,Cd14-hi Neu,-1.579424203,-1.635364041
CATACAGGTTCATCGA-1_2_1_1,IR,Icam1+ Neu,-4.572787941,-0.798776344
CATACCCCAGGACTTT-1_2_1_1,IR,Cstdc4+ Neu,1.742081821,-2.881349609
CATAGACCAGGCACTC-1_2_1_1,IR,Cstdc4+ Neu,-1.138400793,-4.747683809
CATCGTCCAGTTCTAG-1_2_1_1,IR,Icam1+ Neu,-5.408038319,3.459185794
CATCGTCGTGGCCCAT-1_2_1_1,IR,Mmp8+ Neu,4.128238022,-3.548380897
CATCGTCTCTTCTAAC-1_2_1_1,IR,Cstdc4+ Neu,2.144680559,-4.303280399
CATGCAAGTCTCTCCA-1_2_1_1,IR,Icam1+ Neu,-2.481003941,1.816880181
CATGCCTAGATGTTAG-1_2_1_1,IR,Cd14-hi Neu,0.614556074,-1.564804688
CATGCCTCACTGGACC-1_2_1_1,IR,Cd14-hi Neu,-0.602149874,-0.192564354
CATGCTCAGGCACCAA-1_2_1_1,IR,Icam1+ Neu,-3.26694721,-2.613250658
CATGGTAAGTTGAATG-1_2_1_1,IR,Icam1+ Neu,-4.661497295,3.731362059
CATTCCGAGAGAAGGT-1_2_1_1,IR,Icam1+ Neu,-2.576070011,-2.536559865
CATTCCGCAACACTAC-1_2_1_1,IR,Icam1+ Neu,-1.797985733,2.573574498
CATTCCGTCCCTTGGT-1_2_1_1,IR,Icam1+ Neu,-5.063212574,0.100048616
CATTCTAAGCAGCGAT-1_2_1_1,IR,Cd14-hi Neu,-0.534337461,-1.639663562
CATTCTAGTTTGGGAG-1_2_1_1,IR,Isg15+ Neu,1.061742723,0.525665953
CATTGAGAGATCGCTT-1_2_1_1,IR,Cd14-hi Neu,-1.317691625,-0.450124249
CATTGCCTCATGAAAG-1_2_1_1,IR,Cd14-hi Neu,1.779242098,-1.024950955
CCAATGACATCAACCA-1_2_1_1,IR,Icam1+ Neu,-4.771074474,3.214165404
CCACAAAAGAGCATAT-1_2_1_1,IR,Icam1+ Neu,-4.64467305,1.199232295
CCACGAGTCCAATGCA-1_2_1_1,IR,Cstdc4+ Neu,1.489936053,-3.351686523
CCACGTTGTTGACTAC-1_2_1_1,IR,Icam1+ Neu,-1.472292602,1.469308808
CCACGTTTCTATACTC-1_2_1_1,IR,Icam1+ Neu,-4.651593388,2.696972325
CCATAAGCATCTCGTC-1_2_1_1,IR,Isg15+ Neu,-1.204536379,0.788391068
CCCGAAGCATGACGAG-1_2_1_1,IR,Csf3r-hi Neu,-0.324726507,1.835043862
CCCGGAACACTAGGTT-1_2_1_1,IR,Icam1+ Neu,-5.949682892,0.298482135
CCCGGAATCTTTCCGG-1_2_1_1,IR,Icam1+ Neu,-4.623953522,-1.902770862
CCCTAACCAACAAGAT-1_2_1_1,IR,Icam1+ Neu,-4.572578133,2.963735774
CCCTAACCAATTGCAC-1_2_1_1,IR,Cd14-hi Neu,-2.205374182,-1.89121221
CCCTAACGTGCTTCAA-1_2_1_1,IR,Mmp8+ Neu,5.035167992,1.126694157
CCCTCAAAGATGTTAG-1_2_1_1,IR,Cd14-hi Neu,0.411538004,-0.576367393
CCCTCAATCTGGCCGA-1_2_1_1,IR,Cd14-hi Neu,-2.593515099,-0.896211535
CCCTCAATCTTGCGCT-1_2_1_1,IR,Cd14-hi Neu,0.224945515,-2.302485511
CCCTCTCCAGCGTACC-1_2_1_1,IR,Icam1+ Neu,-5.462138355,2.15751262
CCCTGATAGAAGTATC-1_2_1_1,IR,Icam1+ Neu,-4.747361839,4.35219641
CCCTTAGCAAGCTACT-1_2_1_1,IR,Icam1+ Neu,-5.100089252,1.284041598
CCCTTAGCAGGGACTA-1_2_1_1,IR,Cstdc4+ Neu,-1.210508049,-4.276415155
CCGAACGGTTTCTATC-1_2_1_1,IR,Cd14-hi Neu,0.966601789,-0.250094876
CCGATGGGTTGGCCTG-1_2_1_1,IR,Cstdc4+ Neu,0.739186108,-4.375748441
CCGATGGTCGAGCCAC-1_2_1_1,IR,Icam1+ Neu,-1.831783712,2.061186984
CCGCAAGAGATGTTCC-1_2_1_1,IR,Icam1+ Neu,-5.689586342,3.850345805
CCGCAAGTCAAGCCGC-1_2_1_1,IR,Cstdc4+ Neu,-0.699935139,-3.69913964
CCGGTGAGTCGCACAC-1_2_1_1,IR,Mmp8+ Neu,2.677078306,-1.597400472
CCGTAGGAGACTGAGC-1_2_1_1,IR,Icam1+ Neu,-3.58221668,2.231852725
CCGTAGGAGCAGGGAG-1_2_1_1,IR,Icam1+ Neu,-5.643201054,3.422953322
CCGTAGGAGGAATCGC-1_2_1_1,IR,Isg15+ Neu,-0.393461317,0.292262152
CCGTAGGAGGACCCAA-1_2_1_1,IR,Mmp8+ Neu,4.504608452,-0.360969112
CCGTGAGCAGAAGCGT-1_2_1_1,IR,Icam1+ Neu,-5.071483314,4.36155577
CCGTTCACAGCCGTCA-1_2_1_1,IR,Icam1+ Neu,-4.705483616,-2.124518559
CCTAACCCAGTATTCG-1_2_1_1,IR,Cd14-hi Neu,-1.95911783,0.424107864
CCTAACCTCGATTTCT-1_2_1_1,IR,Icam1+ Neu,-2.697359026,0.711621955
CCTAAGAAGTTGCGCC-1_2_1_1,IR,Icam1+ Neu,-4.133945644,1.605428651
CCTAAGACATAAGCAA-1_2_1_1,IR,Mmp8+ Neu,4.240992367,-0.951891452
CCTAAGAGTGTTCCTC-1_2_1_1,IR,Cstdc4+ Neu,-1.558822334,-3.78385143
CCTATCGAGTGGCCTC-1_2_1_1,IR,Cstdc4+ Neu,-1.220245183,2.800984338
CCTCAACCACTAGAGG-1_2_1_1,IR,Mmp8+ Neu,2.879984676,0.091223672
CCTCACAAGTCAGCCC-1_2_1_1,IR,Cd14-hi Neu,1.438229858,-1.672706291
CCTCACACACACGGTC-1_2_1_1,IR,Icam1+ Neu,-1.692098558,1.333228066
CCTCACATCAAACTGC-1_2_1_1,IR,Cstdc4+ Neu,0.737911284,-4.132111356
CCTCACATCCGCAACG-1_2_1_1,IR,Cstdc4+ Neu,-1.932112873,-3.54392533
CCTCATGTCATTTCCA-1_2_1_1,IR,Icam1+ Neu,-2.490323008,0.872802928
CCTCATGTCTGACGCG-1_2_1_1,IR,Icam1+ Neu,-2.944716156,-0.609625385
CCTCCAAAGTTGTCGT-1_2_1_1,IR,Cd14-hi Neu,-0.408884228,-1.048444355
CCTCCAAGTACCTAGT-1_2_1_1,IR,Icam1+ Neu,-3.187514008,1.048175767
CCTCCTCAGCGATGGT-1_2_1_1,IR,Isg15+ Neu,0.420572817,-0.375419304
CCTCCTCAGTTACGTC-1_2_1_1,IR,Cstdc4+ Neu,-0.851543725,-3.593367145
CCTCCTCTCACAGTGT-1_2_1_1,IR,Cd14-hi Neu,-2.404717148,-1.299163699
CCTCCTCTCAGCGGAA-1_2_1_1,IR,Csf3r-hi Neu,1.373756229,3.591223433
CCTCTAGAGAGGTCGT-1_2_1_1,IR,Icam1+ Neu,-3.49499029,-2.710966394
CCTCTAGGTCCATAGT-1_2_1_1,IR,Icam1+ Neu,-4.926178158,4.023550227
CCTCTCCGTTTGGAGG-1_2_1_1,IR,Icam1+ Neu,-3.570128143,1.73430939
CCTGTTGGTGGAGAAA-1_2_1_1,IR,Cd14-hi Neu,-2.075998843,-0.302905903
CCTGTTGGTGTTCGTA-1_2_1_1,IR,Isg15+ Neu,-3.876669586,-0.740488574
CCTGTTGTCGCCACTT-1_2_1_1,IR,Icam1+ Neu,-5.324439228,4.517511084
CCTTCAGAGTATTGCC-1_2_1_1,IR,Csf3r-hi Neu,-0.499001265,3.455891803
CCTTCAGCAAATCGGG-1_2_1_1,IR,Icam1+ Neu,-2.134990991,0.401755526
CGAAGGACACGTGTGC-1_2_1_1,IR,Icam1+ Neu,-2.799434603,-0.317519769
CGAATTGCATGAAAGT-1_2_1_1,IR,Cstdc4+ Neu,-2.150049389,-3.127845809
CGAATTGCATGGTACT-1_2_1_1,IR,Icam1+ Neu,-4.015773476,-2.89441292
CGAATTGGTCACAGTT-1_2_1_1,IR,Csf3r-hi Neu,-0.159641343,3.657941058
CGAGGAATCTCCAATT-1_2_1_1,IR,Mmp8+ Neu,1.716054022,0.49959667
CGATCGGCAGAGCCCT-1_2_1_1,IR,Mmp8+ Neu,4.72727853,-0.750303522
CGATCGGGTGTATTGC-1_2_1_1,IR,Mmp8+ Neu,2.370716393,-0.716350243
CGATGCGCATGACACT-1_2_1_1,IR,Mmp8+ Neu,2.191232502,-0.195288465
CGATGCGGTCATCCGG-1_2_1_1,IR,Mmp8+ Neu,1.90747267,-1.723988995
CGATGGCCAATTGGTC-1_2_1_1,IR,Isg15+ Neu,-3.236751736,-0.228907451
CGCAGGTAGACGGAAA-1_2_1_1,IR,Icam1+ Neu,-4.912761391,-1.133768648
CGCAGGTCACAAGTTC-1_2_1_1,IR,Csf3r-hi Neu,-0.059384033,2.330763295
CGCATGGAGTTTAGGA-1_2_1_1,IR,Icam1+ Neu,-3.038647831,3.223535254
CGCATGGCAGGCGAAT-1_2_1_1,IR,Icam1+ Neu,-5.172477901,3.384272292
CGCCAGACACCGGTCA-1_2_1_1,IR,Mmp8+ Neu,3.932687103,-1.4316995
CGCCAGACACTCCTGT-1_2_1_1,IR,Csf3r-hi Neu,2.052705347,0.36827369
CGGAATTAGATAGTGT-1_2_1_1,IR,Csf3r-hi Neu,0.603618621,2.303738072
CGGACACCAAGGACAC-1_2_1_1,IR,Icam1+ Neu,-4.242086113,1.770921662
CGGACACGTCGGTGAA-1_2_1_1,IR,Cd14-hi Neu,-1.695603311,-2.159840271
CGGAGAAAGACAGTCG-1_2_1_1,IR,Cstdc4+ Neu,1.081209838,-4.083395526
CGGAGAAGTAAGATCA-1_2_1_1,IR,Icam1+ Neu,-4.353836239,-1.6298524
CGGAGAAGTCACCGCA-1_2_1_1,IR,Icam1+ Neu,-4.170760811,0.873699262
CGGGACTCATGCCGCA-1_2_1_1,IR,Cd14-hi Neu,-0.007932693,-2.144721434
CGGGACTCATGCCGGT-1_2_1_1,IR,Mmp8+ Neu,2.413458645,-1.484993473
CGGGTCACAGTCGGTC-1_2_1_1,IR,Cd14-hi Neu,-2.071859062,-1.320553065
CGGGTCAGTGAGAGGG-1_2_1_1,IR,Icam1+ Neu,-4.675793827,4.907271102
CGTAATGAGATTAGCA-1_2_1_1,IR,Icam1+ Neu,-6.073044956,1.564347222
CGTAGTAGTAGACGTG-1_2_1_1,IR,Cstdc4+ Neu,1.095674932,-3.437041089
CGTCAAATCGGTCTGG-1_2_1_1,IR,Icam1+ Neu,-3.842056692,2.206984713
CGTGAATCATCTAGAC-1_2_1_1,IR,Csf3r-hi Neu,2.086348354,1.395922616
CGTGAATGTTCCACGG-1_2_1_1,IR,Icam1+ Neu,-5.672965229,1.301196292
CGTGATAAGCTGAGCA-1_2_1_1,IR,Icam1+ Neu,-3.551229418,2.435879185
CGTGCTTTCAACCTTT-1_2_1_1,IR,Icam1+ Neu,-4.687148273,3.883701041
CGTGCTTTCTCCCAAC-1_2_1_1,IR,Cd14-hi Neu,-2.106074989,-1.032435149
CGTTAGACATTAGGAA-1_2_1_1,IR,Mmp8+ Neu,2.52527672,-3.155920074
CGTTGGGCAGAAATCA-1_2_1_1,IR,Icam1+ Neu,-6.150022686,2.37423487
CGTTGGGGTTGAGAGC-1_2_1_1,IR,Icam1+ Neu,-4.253538311,0.560732081
CTAACCCGTAAGATAC-1_2_1_1,IR,Icam1+ Neu,-5.366701782,1.899292186
CTAACTTCAGGAATAT-1_2_1_1,IR,Csf3r-hi Neu,2.238369286,2.611823037
CTAAGTGAGTGAGTTA-1_2_1_1,IR,Icam1+ Neu,-3.633019388,1.446740105
CTACAGAAGTGGACTG-1_2_1_1,IR,Cd14-hi Neu,-0.948243738,-2.015226707
CTACAGACACTAAACC-1_2_1_1,IR,Cstdc4+ Neu,-2.30802387,-3.676067874
CTACAGACACTCCCTA-1_2_1_1,IR,Icam1+ Neu,-3.592299164,-1.959503159
CTACAGACAGCAGTTT-1_2_1_1,IR,Cd14-hi Neu,1.299604475,-2.122677133
CTACAGACATTGAGCT-1_2_1_1,IR,Icam1+ Neu,-5.220594585,3.220547869
CTACATTAGAGCTGCA-1_2_1_1,IR,Icam1+ Neu,-3.244941652,3.700232222
CTACATTTCGAGAATA-1_2_1_1,IR,Cd14-hi Neu,-0.05342494,-0.644686148
CTACCCATCAATCTTC-1_2_1_1,IR,Csf3r-hi Neu,0.834469735,3.561524585
CTACCCATCTTGATTC-1_2_1_1,IR,Csf3r-hi Neu,2.825794279,1.87094827
CTACCTGCATCGATAC-1_2_1_1,IR,Cd14-hi Neu,-0.243398376,-1.717378602
CTACGGGAGACCGTTT-1_2_1_1,IR,Csf3r-hi Neu,1.278138697,1.838620141
CTACGGGAGTCATGAA-1_2_1_1,IR,Cd14-hi Neu,-1.922082246,-2.405654595
CTAGACACACAGTCCG-1_2_1_1,IR,Cstdc4+ Neu,1.257134378,-4.295123384
CTAGACACACGACGCT-1_2_1_1,IR,Icam1+ Neu,-3.242882669,2.418609336
CTAGACATCCATCTCG-1_2_1_1,IR,Icam1+ Neu,-4.397355736,4.488968566
CTAGGTACACCGTACG-1_2_1_1,IR,Csf3r-hi Neu,-0.40291223,1.793026879
CTATCTACAAATTGGA-1_2_1_1,IR,Mmp8+ Neu,3.867489159,-0.507261679
CTCAACCAGCGATGGT-1_2_1_1,IR,Cstdc4+ Neu,-0.903217197,-4.461510703
CTCAACCCAACTTGGT-1_2_1_1,IR,Csf3r-hi Neu,-0.333631441,3.654598429
CTCAACCCAGAGGTTG-1_2_1_1,IR,Icam1+ Neu,-4.291179359,4.911680892
CTCAATTTCATTCACT-1_2_1_1,IR,Csf3r-hi Neu,1.327132642,2.738801434
CTCACTGCATTGAAAG-1_2_1_1,IR,Csf3r-hi Neu,2.868877947,1.776057437
CTCACTGGTGAGCGAT-1_2_1_1,IR,Cstdc4+ Neu,0.644559502,-3.964994952
CTCAGAAGTGGGTCAA-1_2_1_1,IR,Icam1+ Neu,-3.578401983,1.51885505
CTCAGAATCATAGACC-1_2_1_1,IR,Icam1+ Neu,-3.693166912,1.910585597
CTCAGTCCACTGCATA-1_2_1_1,IR,Cstdc4+ Neu,-1.78780216,-4.115287826
CTCATCGTCAAAGCCT-1_2_1_1,IR,Icam1+ Neu,-5.238321484,1.848205521
CTCATCGTCAACTACG-1_2_1_1,IR,Mmp8+ Neu,3.947981655,0.301155999
CTCCAACGTACCAATC-1_2_1_1,IR,Csf3r-hi Neu,1.955770552,1.722596839
CTCCAACGTGGCAACA-1_2_1_1,IR,Icam1+ Neu,-5.362697304,-1.157105625
CTCCACATCCGATGTA-1_2_1_1,IR,Mmp8+ Neu,4.071757137,-3.640680835
CTCCCAATCTGCCTGT-1_2_1_1,IR,Cd14-hi Neu,-3.636894405,-1.235535965
CTCCCTCGTTTGGAAA-1_2_1_1,IR,Icam1+ Neu,-3.176032961,0.104041651
CTCCGATAGAGCCGTA-1_2_1_1,IR,Cstdc4+ Neu,1.102925241,-3.52441077
CTCCGATCACCGGAAA-1_2_1_1,IR,Icam1+ Neu,-3.383757294,1.596838191
CTCCTCCAGGAGTACC-1_2_1_1,IR,Icam1+ Neu,-5.968472183,1.178544953
CTCCTTTAGACAGTCG-1_2_1_1,IR,Icam1+ Neu,-2.948206366,-2.103784368
CTCCTTTCAGAGTCAG-1_2_1_1,IR,Cstdc4+ Neu,-1.253517449,-4.364913985
CTCGAGGAGGATTTGA-1_2_1_1,IR,Isg15+ Neu,-0.530558944,0.619431093
CTCGAGGCATAATCGC-1_2_1_1,IR,Isg15+ Neu,0.612080931,-0.144701824
CTCTCAGAGACGATAT-1_2_1_1,IR,Mmp8+ Neu,5.420300304,-1.121264626
CTCTCAGGTCAACATC-1_2_1_1,IR,Mmp8+ Neu,3.430989086,-0.269301102
CTCTCAGTCCGTATGA-1_2_1_1,IR,Icam1+ Neu,-5.53022641,2.593298867
CTCTCGAAGAGGTCAC-1_2_1_1,IR,Cd14-hi Neu,1.533708274,-2.24762635
CTCTCGACACTGTGTA-1_2_1_1,IR,Cd14-hi Neu,-2.955073774,-0.547125683
CTCTGGTGTAGCTCGC-1_2_1_1,IR,Cstdc4+ Neu,1.848250448,-4.008525178
CTCTGGTGTCGATTTG-1_2_1_1,IR,Icam1+ Neu,-5.614008606,3.745994284
CTGAGCGGTGTCTTGA-1_2_1_1,IR,Icam1+ Neu,-3.663788736,1.437772706
CTGCAGGCACGACAGA-1_2_1_1,IR,Icam1+ Neu,-3.092462719,0.537456706
CTGCAGGGTGTATACC-1_2_1_1,IR,Isg15+ Neu,-0.59775737,0.158290937
CTGCAGGTCCCAAGTA-1_2_1_1,IR,Icam1+ Neu,-4.184242428,2.02899976
CTGCATCGTAGACGTG-1_2_1_1,IR,Cstdc4+ Neu,-1.36251539,-4.308044955
CTGCCATCATGAAAGT-1_2_1_1,IR,Mmp8+ Neu,7.701184094,-4.590917632
CTGCCATGTTGGCCTG-1_2_1_1,IR,Isg15+ Neu,-1.789645851,0.09850426
CTGGACGAGGCGAAGG-1_2_1_1,IR,Icam1+ Neu,-3.729598225,1.814201548
CTGGACGCAAGAGTTA-1_2_1_1,IR,Csf3r-hi Neu,-1.01734531,1.803030207
CTGGACGGTGCCTGAC-1_2_1_1,IR,Csf3r-hi Neu,2.702855169,2.161993697
CTGGACGTCCTGGGAC-1_2_1_1,IR,Cd14-hi Neu,-1.212300122,-0.587429598
CTGTACCAGCCAACCC-1_2_1_1,IR,Cd14-hi Neu,-1.813319147,-0.774904564
CTGTAGAAGCACTTTG-1_2_1_1,IR,Isg15+ Neu,0.399047553,0.168136552
CTGTAGACACTTGAGT-1_2_1_1,IR,Cd14-hi Neu,-2.452560366,-1.258358717
CTGTAGAGTGCCCAGT-1_2_1_1,IR,Mmp8+ Neu,1.847341835,-1.771244392
CTGTATTGTACGTACT-1_2_1_1,IR,Csf3r-hi Neu,0.452325165,3.441374495
CTGTATTGTATACCCA-1_2_1_1,IR,Icam1+ Neu,-2.933090866,1.814806178
CTGTCGTCATTCCTAT-1_2_1_1,IR,Cd14-hi Neu,1.263570129,-1.853767678
CTGTGAACACTAACCA-1_2_1_1,IR,Icam1+ Neu,-3.318370283,0.773106649
CTGTGGGGTGCCGGTT-1_2_1_1,IR,Cd14-hi Neu,0.422006428,-1.312887967
CTGTGGGTCCATATGG-1_2_1_1,IR,Icam1+ Neu,-4.178386152,-1.817207083
CTTACCGCAGAGATGC-1_2_1_1,IR,Icam1+ Neu,-5.290235699,1.47177954
CTTACCGGTAACAAGT-1_2_1_1,IR,Cstdc4+ Neu,-1.743252099,-4.363905713
CTTAGGACAACAAGTA-1_2_1_1,IR,Cd14-hi Neu,-1.809305728,-0.451207921
CTTAGGATCGATACAC-1_2_1_1,IR,Icam1+ Neu,-2.97590679,0.511926129
CTTCAATTCGCATGAT-1_2_1_1,IR,Icam1+ Neu,-2.369539917,1.232271388
CTTCCGACAATCAAGA-1_2_1_1,IR,Cstdc4+ Neu,-0.00045766,-4.133160398
CTTCGGTAGCGTGCCT-1_2_1_1,IR,Csf3r-hi Neu,-0.646380514,1.885274365
CTTCTAATCGCTATTT-1_2_1_1,IR,Csf3r-hi Neu,-0.059644148,3.622658446
CTTGATTGTGGGTTGA-1_2_1_1,IR,Cd14-hi Neu,-2.257056177,-1.846811399
CTTTCAAGTTACGATC-1_2_1_1,IR,Isg15+ Neu,-2.899568975,-1.372879967
GAAACCTCAACACTAC-1_2_1_1,IR,Cstdc4+ Neu,0.557725966,-3.49319987
GAAACCTGTCGACTGC-1_2_1_1,IR,Icam1+ Neu,-2.24012059,1.877514794
GAAATGACAAGTCATC-1_2_1_1,IR,Icam1+ Neu,-3.326687515,3.583543017
GAACACTCATGAATCC-1_2_1_1,IR,Cstdc4+ Neu,-0.268065982,-4.602854297
GAACACTTCGTGCAGC-1_2_1_1,IR,Icam1+ Neu,-4.842708767,2.290303424
GAACGTTAGTCACACT-1_2_1_1,IR,Icam1+ Neu,-4.091258943,1.983867123
GAACGTTTCTGTGTGA-1_2_1_1,IR,Mmp8+ Neu,2.548761665,-2.234728381
GAAGAATGTGGCTGAA-1_2_1_1,IR,Cstdc4+ Neu,0.517052948,-4.551010177
GAAGAATTCCCAAGCG-1_2_1_1,IR,Cstdc4+ Neu,1.621455371,-3.369878099
GAAGCCCCAAGCCTGC-1_2_1_1,IR,Csf3r-hi Neu,-0.021624715,2.717692092
GAAGCCCCACATCATG-1_2_1_1,IR,Mmp8+ Neu,2.668436348,-0.268129632
GAAGCGATCCCATAAG-1_2_1_1,IR,Isg15+ Neu,1.212742149,-0.165353164
GAAGGGTCACTATCCC-1_2_1_1,IR,Icam1+ Neu,-5.409420193,0.974289134
GAAGTAACAAGATCCT-1_2_1_1,IR,Isg15+ Neu,4.00078994,-0.547269628
GAATCACAGGATTCCT-1_2_1_1,IR,Icam1+ Neu,-5.315681637,1.338772729
GAATCACCAACCTATG-1_2_1_1,IR,Cstdc4+ Neu,1.420205891,-3.220996186
GAATCACGTTTGGAAA-1_2_1_1,IR,Icam1+ Neu,-3.375719011,2.325424626
GACACGCAGACTAGAT-1_2_1_1,IR,Icam1+ Neu,-5.839413345,0.149592712
GACCCAGAGTAAGCAT-1_2_1_1,IR,Icam1+ Neu,-2.535909832,0.157397464
GACCCAGCACAAACGG-1_2_1_1,IR,Icam1+ Neu,-4.860534847,0.018369153
GACCCAGCATGACTCA-1_2_1_1,IR,Cd14-hi Neu,-1.894972623,-0.833446294
GACCCTTAGAGGGCGA-1_2_1_1,IR,Mmp8+ Neu,2.244427263,-1.722259447
GACCTTCAGCACTCGC-1_2_1_1,IR,Mmp8+ Neu,2.037913382,-1.257789702
GACCTTCCAACGAGGT-1_2_1_1,IR,Csf3r-hi Neu,-1.749379099,3.608051493
GACCTTCGTACTAGCT-1_2_1_1,IR,Cd14-hi Neu,-2.497304619,-2.137037203
GACGCTGAGTCAACAA-1_2_1_1,IR,Mmp8+ Neu,5.281418144,-2.499820873
GACGCTGGTGTTTCTT-1_2_1_1,IR,Cstdc4+ Neu,0.709742367,-3.981566474
GACGTTATCAGGAACG-1_2_1_1,IR,Mmp8+ Neu,1.96468693,-0.170992062
GACTCAAAGGGAGAAT-1_2_1_1,IR,Icam1+ Neu,-5.714431465,4.171816066
GACTCTCGTATGTGTC-1_2_1_1,IR,Icam1+ Neu,-6.108169258,2.787275031
GACTCTCTCCACGGAC-1_2_1_1,IR,Icam1+ Neu,-2.783849419,2.998766139
GACTTCCGTATGGGAC-1_2_1_1,IR,Cd14-hi Neu,1.160272061,-0.388014898
GAGAAATCATACAGCT-1_2_1_1,IR,Cd14-hi Neu,-0.906888485,-1.019812495
GAGAAATCATAGGTTC-1_2_1_1,IR,Cd14-hi Neu,0.126055628,-1.724867866
GAGAAATTCGGAATGG-1_2_1_1,IR,Cd14-hi Neu,0.414735913,-1.907732293
GAGACCCTCAAGCCAT-1_2_1_1,IR,Icam1+ Neu,-3.538451374,0.317433908
GAGACTTCAGACACAG-1_2_1_1,IR,Icam1+ Neu,-3.056069076,1.246333554
GAGACTTCAGACTGCC-1_2_1_1,IR,Cd14-hi Neu,-0.217595451,-1.924579308
GAGAGGTTCTGTCCCA-1_2_1_1,IR,Cstdc4+ Neu,0.837805569,-3.714318082
GAGATGGCAAGTAGTA-1_2_1_1,IR,Mmp8+ Neu,2.106180489,-0.599029109
GAGCCTGCAACTACGT-1_2_1_1,IR,Icam1+ Neu,-2.502119482,0.690437987
GAGCCTGTCGGAAACG-1_2_1_1,IR,Icam1+ Neu,-3.252572954,1.992235854
GAGGCAAGTGGCTACC-1_2_1_1,IR,Csf3r-hi Neu,0.904919445,2.902113631
GAGGCCTTCACTTCTA-1_2_1_1,IR,Icam1+ Neu,-3.145498217,-1.270563677
GAGGGATTCCATAGAC-1_2_1_1,IR,Cstdc4+ Neu,0.588220656,-4.592445895
GAGGGTACACACGGTC-1_2_1_1,IR,Icam1+ Neu,-4.445783794,4.316522315
GAGTCATCAAAGGCAC-1_2_1_1,IR,Mmp8+ Neu,6.966476738,-3.331080243
GAGTCTACATAGACTC-1_2_1_1,IR,Cd14-hi Neu,-1.728322328,-1.078884653
GAGTCTATCTAGAGCT-1_2_1_1,IR,Cstdc4+ Neu,1.042095959,-4.522028968
GAGTGTTAGGTATTGA-1_2_1_1,IR,Isg15+ Neu,-0.629126728,0.128410771
GAGTTACTCCAAACCA-1_2_1_1,IR,Icam1+ Neu,-3.95670265,2.464795783
GAGTTGTTCAAAGACA-1_2_1_1,IR,Isg15+ Neu,-0.995752216,0.766617253
GAGTTTGCACCGCTAG-1_2_1_1,IR,Cd14-hi Neu,0.071956187,-2.721932337
GATAGAACAGAAATCA-1_2_1_1,IR,Isg15+ Neu,2.247597515,-1.45999597
GATAGAACATGTAACC-1_2_1_1,IR,Csf3r-hi Neu,2.416487991,2.626755669
GATAGAAGTGACCTGC-1_2_1_1,IR,Icam1+ Neu,-4.542415321,3.333724692
GATAGAAGTTTGTGGT-1_2_1_1,IR,Icam1+ Neu,-3.247572601,0.138896182
GATAGCTAGCCAGAGT-1_2_1_1,IR,Isg15+ Neu,0.394168078,0.617336109
GATCACACATGCGTGC-1_2_1_1,IR,Icam1+ Neu,-5.647726715,4.06264849
GATCACAGTACCGGAA-1_2_1_1,IR,Csf3r-hi Neu,1.135188639,3.898554518
GATCACAGTGATACAA-1_2_1_1,IR,Cstdc4+ Neu,0.509744525,-3.926598594
GATCACAGTTGCGTAT-1_2_1_1,IR,Cd14-hi Neu,-0.602278382,-0.756891355
GATCATGAGGTCACCC-1_2_1_1,IR,Icam1+ Neu,-2.993869484,0.420605853
GATCCCTCACGCTATA-1_2_1_1,IR,Cd14-hi Neu,-0.850591124,-1.209480703
GATCCCTGTAATGCGG-1_2_1_1,IR,Cd14-hi Neu,-2.002405823,-1.925561652
GATGACTGTTCTCGCT-1_2_1_1,IR,Cd14-hi Neu,-1.717992247,-1.560839311
GATGATCAGGCTCAAG-1_2_1_1,IR,Cstdc4+ Neu,0.326661527,-4.065489814
GATGATCTCCACACAA-1_2_1_1,IR,Icam1+ Neu,-4.797101677,-1.485721425
GATGCTAGTCATGGCC-1_2_1_1,IR,Csf3r-hi Neu,3.469024241,1.846611693
GATGCTAGTTACCCAA-1_2_1_1,IR,Isg15+ Neu,0.791309893,0.5914305
GATGTTGAGAGAACCC-1_2_1_1,IR,Cstdc4+ Neu,-2.827851952,-3.77849035
GATTCGAGTTGGACCC-1_2_1_1,IR,Cd14-hi Neu,-2.287139595,-2.177492664
GATTCTTTCCGTTGGG-1_2_1_1,IR,Cd14-hi Neu,1.797635018,-1.677915618
GATTTCTAGTCGTTAC-1_2_1_1,IR,Icam1+ Neu,-2.616789282,-2.728601858
GCAACATAGCAGTAAT-1_2_1_1,IR,Cd14-hi Neu,-1.197076738,-1.484958843
GCAACATCACGCTGAC-1_2_1_1,IR,Icam1+ Neu,-5.694815815,0.69161959
GCAACATTCGATTCCC-1_2_1_1,IR,Isg15+ Neu,-1.236372889,0.968292907
GCAACCGAGCCGTTAT-1_2_1_1,IR,Icam1+ Neu,-4.574254215,0.869298175
GCACGGTAGCATGCAG-1_2_1_1,IR,Icam1+ Neu,-5.643776119,3.985840991
GCACGGTGTGGCTTAT-1_2_1_1,IR,Icam1+ Neu,-5.766400993,2.693846658
GCACGTGTCGTACCTC-1_2_1_1,IR,Mmp8+ Neu,4.165675938,-0.114086435
GCACTAACAATATCCG-1_2_1_1,IR,Icam1+ Neu,-3.200133026,-3.088241145
GCAGCTGGTGTCCGGT-1_2_1_1,IR,Mmp8+ Neu,2.634947359,0.235097482
GCAGGCTGTGACGTCC-1_2_1_1,IR,Cd14-hi Neu,-0.738036097,-1.838165865
GCAGTTAGTTATGACC-1_2_1_1,IR,Icam1+ Neu,-5.730760277,2.652539208
GCATCGGAGTCGAGGT-1_2_1_1,IR,Csf3r-hi Neu,-0.818595529,1.445128634
GCATCGGGTCAATCTG-1_2_1_1,IR,Csf3r-hi Neu,-1.028643728,3.944134429
GCATCTCTCTGTCCGT-1_2_1_1,IR,Csf3r-hi Neu,1.204815328,1.587739899
GCCAACGAGGGACAGG-1_2_1_1,IR,Mmp8+ Neu,2.977909624,0.083072379
GCCAGCAAGTGGTTCT-1_2_1_1,IR,Icam1+ Neu,-3.948179663,2.060326293
GCCATGGCACGTCTCT-1_2_1_1,IR,Cd14-hi Neu,0.053645148,-1.794373438
GCCATGGTCAACTCTT-1_2_1_1,IR,Mmp8+ Neu,4.899496853,-2.417180941
GCCATTCGTACGACAG-1_2_1_1,IR,Cd14-hi Neu,-1.497204602,-2.035202787
GCCCAGACAGTATACC-1_2_1_1,IR,Cstdc4+ Neu,0.72098726,-3.208173797
GCCCAGAGTGTTGATC-1_2_1_1,IR,Icam1+ Neu,-3.694236935,1.506765321
GCCCGAAAGCACCGTC-1_2_1_1,IR,Icam1+ Neu,-4.223745525,1.524530366
GCCGTGAGTATTGAGA-1_2_1_1,IR,Cd14-hi Neu,-1.787640155,0.451266721
GCCTGTTGTTAAGGAT-1_2_1_1,IR,Csf3r-hi Neu,-0.141947486,2.092338755
GCGAGAATCTTCGGAA-1_2_1_1,IR,Cstdc4+ Neu,2.737089216,-3.42739968
GCGGAAAAGTATGACA-1_2_1_1,IR,Icam1+ Neu,-3.623829782,-2.437053725
GCGGAAAGTTTCACTT-1_2_1_1,IR,Cstdc4+ Neu,-1.789893926,-3.728294179
GCGGAAATCGCAGATT-1_2_1_1,IR,Cstdc4+ Neu,0.195629477,-3.305027292
GCTACAAAGCCTTCTC-1_2_1_1,IR,Icam1+ Neu,-1.810967744,2.811099484
GCTACCTAGAACGTGC-1_2_1_1,IR,Cd14-hi Neu,-1.696950734,-2.232093618
GCTACCTCACTTCAAG-1_2_1_1,IR,Isg15+ Neu,-1.119011939,-0.449043736
GCTCAAAAGCTCCGAC-1_2_1_1,IR,Icam1+ Neu,-4.820890606,2.836377814
GCTCAAACACCAGTTA-1_2_1_1,IR,Cd14-hi Neu,-2.08672458,-2.139577195
GCTCAAATCATGGCCG-1_2_1_1,IR,Csf3r-hi Neu,-0.310091183,1.713176682
GCTGAATAGTGAGCCA-1_2_1_1,IR,Cstdc4+ Neu,-2.270743788,-4.055483625
GCTGGGTAGATGCTTC-1_2_1_1,IR,Cd14-hi Neu,-0.285439909,-2.063296721
GCTGGGTGTTATAGCC-1_2_1_1,IR,Icam1+ Neu,-4.278274239,0.917521432
GCTTGGGCAGTATACC-1_2_1_1,IR,Icam1+ Neu,-4.338095367,-1.499871984
GCTTTCGGTAGTTACC-1_2_1_1,IR,Mmp8+ Neu,3.365056097,-3.217509076
GGAACCCGTTCGCGTG-1_2_1_1,IR,Icam1+ Neu,-3.192442835,2.158454373
GGAAGTGGTCAAGTTC-1_2_1_1,IR,Icam1+ Neu,-5.888336361,0.611100867
GGAATCTCAACAGATA-1_2_1_1,IR,Cd14-hi Neu,-3.404316605,-1.936407313
GGAATCTTCAAGTAAG-1_2_1_1,IR,Cd14-hi Neu,-2.688406647,-2.134658501
GGAATCTTCCGATTAG-1_2_1_1,IR,Cd14-hi Neu,-1.648561657,-2.533595488
GGAATGGAGCGTGAAC-1_2_1_1,IR,Icam1+ Neu,-3.763977945,-1.45367305
GGAATGGTCTTTGATC-1_2_1_1,IR,Isg15+ Neu,0.156826287,-0.015430376
GGACGTCAGTCTAACC-1_2_1_1,IR,Mmp8+ Neu,5.966178715,-2.418017909
GGACGTCCACCAGGTC-1_2_1_1,IR,Mmp8+ Neu,2.223355829,-1.550724104
GGACGTCCAGAGCCCT-1_2_1_1,IR,Cd14-hi Neu,1.345479786,-2.056054339
GGACGTCGTCTGTCAA-1_2_1_1,IR,Icam1+ Neu,-2.772204101,2.809170916
GGAGCAAGTCTAATCG-1_2_1_1,IR,Cd14-hi Neu,-2.225656927,0.03425093
GGAGGTATCATTTGCT-1_2_1_1,IR,Cd14-hi Neu,-0.503400892,-2.327026412
GGATCTATCGAATCCA-1_2_1_1,IR,Icam1+ Neu,-4.289222897,-0.146853373
GGATGTTTCGGAATTC-1_2_1_1,IR,Icam1+ Neu,-3.546632469,2.703319505
GGATGTTTCGGCTTCT-1_2_1_1,IR,Icam1+ Neu,-3.992183626,3.03585501
GGCACGTCAAGTATCC-1_2_1_1,IR,Isg15+ Neu,0.477168262,0.390448168
GGCAGTCAGTGTGTTC-1_2_1_1,IR,Icam1+ Neu,-3.877591551,1.609269097
GGCAGTCGTGGTACAG-1_2_1_1,IR,Cstdc4+ Neu,-1.997959435,-4.085076854
GGCAGTCGTTCAAGTC-1_2_1_1,IR,Cstdc4+ Neu,-1.876945556,-3.922768399
GGCGTCAAGACCAGCA-1_2_1_1,IR,Mmp8+ Neu,3.372797548,-2.395003841
GGCGTCAGTCATTCCC-1_2_1_1,IR,Icam1+ Neu,-4.622872532,-0.759105459
GGCTGTGAGCTAATCC-1_2_1_1,IR,Isg15+ Neu,-1.140794695,0.406465724
GGCTGTGCAGAGGCAT-1_2_1_1,IR,Icam1+ Neu,-3.264505566,4.692422583
GGCTTGGGTGCCTACG-1_2_1_1,IR,Icam1+ Neu,-3.678563774,4.188287928
GGGAAGTGTCTACTGA-1_2_1_1,IR,Isg15+ Neu,0.394467055,-0.223503933
GGGAAGTTCAGTCCGG-1_2_1_1,IR,Icam1+ Neu,-3.475865066,-2.928374335
GGGACAAGTACGAGCA-1_2_1_1,IR,Icam1+ Neu,-4.327222526,0.45962508
GGGACTCGTCACCTTC-1_2_1_1,IR,Cd14-hi Neu,2.053530991,-1.511202142
GGGACTCTCACTCCGT-1_2_1_1,IR,Cd14-hi Neu,-2.668292702,-1.887484953
GGGATCCAGTCGCGAA-1_2_1_1,IR,Icam1+ Neu,-5.635780037,3.187977031
GGGATCCTCACCTTGC-1_2_1_1,IR,Cd14-hi Neu,-0.212705922,-1.476914749
GGGATGAAGGCCCGTT-1_2_1_1,IR,Icam1+ Neu,-3.998215855,-1.848806247
GGGATGAGTGCACGCT-1_2_1_1,IR,Csf3r-hi Neu,0.385694086,1.752195552
GGGATGAGTTGGACTT-1_2_1_1,IR,Icam1+ Neu,-3.63113612,-1.865601585
GGGATGATCAGTCAGT-1_2_1_1,IR,Icam1+ Neu,-5.478621185,3.855707362
GGGCCATAGAAGGCTC-1_2_1_1,IR,Cd14-hi Neu,-1.421923936,-0.983529829
GGGCCATAGGTCATAA-1_2_1_1,IR,Cd14-hi Neu,-1.712681354,0.330678299
GGGCCATAGTGGTCAG-1_2_1_1,IR,Isg15+ Neu,0.544606924,0.60112603
GGGCCATCAAATCAAG-1_2_1_1,IR,Csf3r-hi Neu,-0.544985831,1.579407885
GGGCGTTAGCAAGGAA-1_2_1_1,IR,Icam1+ Neu,-5.645501316,2.756046965
GGGTATTTCAACCTCC-1_2_1_1,IR,Cstdc4+ Neu,-1.597213209,-3.871336028
GGGTCACGTTCCGGTG-1_2_1_1,IR,Isg15+ Neu,-0.218000535,-0.196545109
GGGTCACTCTAGTGAC-1_2_1_1,IR,Isg15+ Neu,-1.753785193,-0.393705473
GGGTGAACACCAACAT-1_2_1_1,IR,Icam1+ Neu,-2.825125397,-0.11120914
GGGTGAATCCTTATCA-1_2_1_1,IR,Cd14-hi Neu,-1.112091422,-0.404852376
GGGTGTCCAAGCCATT-1_2_1_1,IR,Cstdc4+ Neu,-1.571908176,-4.584765002
GGGTTATGTGTCATCA-1_2_1_1,IR,Isg15+ Neu,-1.185547173,0.781248524
GGGTTATTCGCTTTAT-1_2_1_1,IR,Isg15+ Neu,-0.672082365,0.266342595
GGTAACTCAGCTTTCC-1_2_1_1,IR,Icam1+ Neu,-1.748206079,1.582854703
GGTGAAGTCGCCCAGA-1_2_1_1,IR,Icam1+ Neu,-3.665848911,-1.562971935
GGTGATTCAGGTGGAT-1_2_1_1,IR,Cstdc4+ Neu,0.897333443,-4.862610385
GGTGGCTAGGGTATAT-1_2_1_1,IR,Cstdc4+ Neu,1.869892895,-3.47470288
GGTGGCTTCCTATTTG-1_2_1_1,IR,Csf3r-hi Neu,3.009527266,2.677690699
GGTGTCGCAAAGTGTA-1_2_1_1,IR,Cstdc4+ Neu,-4.475543678,-0.457046733
GGTGTCGCAATTGGTC-1_2_1_1,IR,Csf3r-hi Neu,2.083975851,3.124564841
GGTGTCGTCATTGCGA-1_2_1_1,IR,Icam1+ Neu,-3.817258537,2.480499938
GGTTAACGTCGGAACA-1_2_1_1,IR,Cstdc4+ Neu,-2.449043453,-3.222083375
GGTTGTAAGCATGAAT-1_2_1_1,IR,Cd14-hi Neu,-2.019670189,-1.805964277
GTAAGTCAGGAAGTGA-1_2_1_1,IR,Mmp8+ Neu,6.637511074,-3.341312215
GTAAGTCGTGTCTAAC-1_2_1_1,IR,Icam1+ Neu,-3.447747171,-3.309557483
GTAATCGCAGAGTGTG-1_2_1_1,IR,Cstdc4+ Neu,0.163282871,-4.591172025
GTACAACAGGGTTTCT-1_2_1_1,IR,Cd14-hi Neu,-3.327951372,-0.539986417
GTACAACAGGTACTGG-1_2_1_1,IR,Isg15+ Neu,-0.822182656,0.352826193
GTACAACTCGATCCCT-1_2_1_1,IR,Csf3r-hi Neu,0.510991156,2.60542579
GTACAACTCGTCGCTT-1_2_1_1,IR,Icam1+ Neu,-0.361485392,2.316692546
GTAGAGGGTCCGAAGA-1_2_1_1,IR,Icam1+ Neu,-4.264206589,4.759076789
GTAGATCCAGACATCT-1_2_1_1,IR,Icam1+ Neu,-6.035314262,2.965652659
GTAGCTAAGACAACTA-1_2_1_1,IR,Icam1+ Neu,-2.852422417,2.859832003
GTAGCTACATCGCTCT-1_2_1_1,IR,Icam1+ Neu,-2.285256088,1.705359414
GTATTGGAGTAAACAC-1_2_1_1,IR,Mmp8+ Neu,4.125037491,-3.808431194
GTATTGGGTTTGGGAG-1_2_1_1,IR,Cd14-hi Neu,-2.173633993,-1.864042208
GTATTGGTCTCATGCC-1_2_1_1,IR,Cd14-hi Neu,-2.777982414,-0.711630479
GTCACTCGTGAGACCA-1_2_1_1,IR,Cstdc4+ Neu,-0.386207834,-4.80107908
GTCACTCTCTGGACCG-1_2_1_1,IR,Icam1+ Neu,-4.15638274,-0.710407898
GTCAGCGAGGATTACA-1_2_1_1,IR,Icam1+ Neu,-5.29824704,4.125589087
GTCAGCGGTCAACCTA-1_2_1_1,IR,Icam1+ Neu,-2.725738228,1.422761634
GTCAGCGTCTACACTT-1_2_1_1,IR,Cd14-hi Neu,1.08499819,-1.783945129
GTCATCCGTATGCTAC-1_2_1_1,IR,Icam1+ Neu,-4.363398254,0.133056119
GTCATCCGTTGAAGTA-1_2_1_1,IR,Icam1+ Neu,-3.546032608,2.332538321
GTCATCCTCAGTGTCA-1_2_1_1,IR,Cd14-hi Neu,-2.105477155,-2.080746219
GTCATGAAGCCACCGT-1_2_1_1,IR,Isg15+ Neu,-1.397910297,0.448120072
GTCATGACATTGAGGG-1_2_1_1,IR,Cstdc4+ Neu,-2.766886414,-3.157350585
GTCATTTCAAGAAATC-1_2_1_1,IR,Isg15+ Neu,-3.838059605,0.006982401
GTCATTTCAGCTTCCT-1_2_1_1,IR,Csf3r-hi Neu,-0.595985443,3.989642813
GTCATTTCATGAAGGC-1_2_1_1,IR,Csf3r-hi Neu,2.535832941,2.202255442
GTCATTTTCACCCATC-1_2_1_1,IR,Mmp8+ Neu,3.077914059,-1.152852536
GTCCCATCAAGGCTTT-1_2_1_1,IR,Isg15+ Neu,-0.305317343,-0.3318526
GTCCCATGTCAATCTG-1_2_1_1,IR,Icam1+ Neu,-5.676406563,1.676650002
GTCCCATTCCTGATAG-1_2_1_1,IR,Icam1+ Neu,-1.869247139,1.05662103
GTCCTCATCTTCGCTG-1_2_1_1,IR,Icam1+ Neu,-4.050378502,3.229393199
GTCGCGACAAGCCATT-1_2_1_1,IR,Csf3r-hi Neu,2.747333586,2.417480901
GTCGTAAAGACCTTTG-1_2_1_1,IR,Cd14-hi Neu,0.834929049,-0.735097722
GTCGTAAAGCTCGAAG-1_2_1_1,IR,Icam1+ Neu,-3.129139603,3.855405047
GTCGTAAGTCCGGATC-1_2_1_1,IR,Icam1+ Neu,-4.262984455,-2.704187915
GTCGTTCCAAAGAGTT-1_2_1_1,IR,Icam1+ Neu,-1.792454422,1.734454825
GTCTACCGTCTACGTA-1_2_1_1,IR,Icam1+ Neu,-2.36686486,4.353139594
GTCTAGACAGTCCGTG-1_2_1_1,IR,Cd14-hi Neu,-2.080581367,-0.881740421
GTCTAGAGTGCCTATA-1_2_1_1,IR,Cd14-hi Neu,-3.396450222,-0.114661858
GTCTAGATCCGATGTA-1_2_1_1,IR,Mmp8+ Neu,7.634303867,-4.452607915
GTCTCACTCCATCTGC-1_2_1_1,IR,Icam1+ Neu,-2.721997917,0.26706393
GTGAGGACACATGACT-1_2_1_1,IR,Icam1+ Neu,-2.238313377,1.027909949
GTGAGGATCTGCTGAA-1_2_1_1,IR,Cstdc4+ Neu,1.278562724,-2.854453609
GTGCACGTCAATGCAC-1_2_1_1,IR,Icam1+ Neu,-3.18087858,3.541603282
GTGCACGTCGCAGATT-1_2_1_1,IR,Cstdc4+ Neu,2.311608612,-2.408550427
GTGCAGCCACTTCAAG-1_2_1_1,IR,Mmp8+ Neu,3.422617971,-1.775233314
GTGCGTGAGCTAATGA-1_2_1_1,IR,Csf3r-hi Neu,0.729740142,3.48731251
GTGCTGGAGACGCCAA-1_2_1_1,IR,Csf3r-hi Neu,-0.034166933,3.264623359
GTGCTGGAGCAAATCA-1_2_1_1,IR,Icam1+ Neu,-2.882224739,-2.500338599
GTGCTGGAGTCGAAAT-1_2_1_1,IR,Cstdc4+ Neu,-1.406995595,-3.842033193
GTGCTTCGTGCATTAC-1_2_1_1,IR,Cd14-hi Neu,-1.768657744,-2.674538777
GTGGAGACATGAAGGC-1_2_1_1,IR,Icam1+ Neu,-4.871826351,4.628861621
GTGGAGAGTACCCACG-1_2_1_1,IR,Icam1+ Neu,-4.76153344,0.632054999
GTGGAGAGTCATTGCA-1_2_1_1,IR,Icam1+ Neu,-2.987692774,2.433717444
GTGGAGATCATTCACT-1_2_1_1,IR,Icam1+ Neu,-3.354160965,-2.770178959
GTGGAGATCGCTTTAT-1_2_1_1,IR,Mmp8+ Neu,3.984377205,1.043467238
GTGGCGTCAAATCAGA-1_2_1_1,IR,Cstdc4+ Neu,0.551336407,-4.438186214
GTGGCGTGTTGCAACT-1_2_1_1,IR,Icam1+ Neu,-6.237635792,2.39508982
GTGGCGTTCACGGGAA-1_2_1_1,IR,Csf3r-hi Neu,-0.5944933,2.287113145
GTGGGAAAGGGTTTCT-1_2_1_1,IR,Csf3r-hi Neu,3.168128073,1.921083167
GTGTAACAGACTTCAC-1_2_1_1,IR,Icam1+ Neu,-4.112446726,-1.518107161
GTGTAACCAAATCGTC-1_2_1_1,IR,Cd14-hi Neu,-1.97818631,0.216262176
GTGTAACGTGTTGCCG-1_2_1_1,IR,Cd14-hi Neu,-2.61490959,-1.143435501
GTGTCCTCACTATGTG-1_2_1_1,IR,Mmp8+ Neu,1.86140877,-1.422568605
GTGTGGCAGGTGCAGT-1_2_1_1,IR,Csf3r-hi Neu,0.815466106,3.464857295
GTGTGGCCACAGGATG-1_2_1_1,IR,Isg15+ Neu,-0.641859919,0.62926276
GTGTTAGCAAGCGCTC-1_2_1_1,IR,Cd14-hi Neu,-1.151386261,-3.219628141
GTGTTAGTCGCCTTTG-1_2_1_1,IR,Cd14-hi Neu,0.569572746,-2.150951788
GTGTTCCCAAGGTCAG-1_2_1_1,IR,Cstdc4+ Neu,-3.294857443,1.892269089
GTTACGATCCGGACTG-1_2_1_1,IR,Icam1+ Neu,-5.138488949,4.235134795
GTTAGTGTCATTGTTC-1_2_1_1,IR,Mmp8+ Neu,6.329298317,-2.133103773
GTTATGGTCCTAACAG-1_2_1_1,IR,Isg15+ Neu,-2.181655109,-0.804477439
GTTCATTCAACAGCTT-1_2_1_1,IR,Csf3r-hi Neu,2.568951189,2.589111522
GTTGAACAGTAGCCAG-1_2_1_1,IR,Mmp8+ Neu,7.36087352,-4.119543359
GTTGAACGTATCGTAC-1_2_1_1,IR,Icam1+ Neu,-4.105509699,3.873027518
GTTGAACTCACCTCGT-1_2_1_1,IR,Isg15+ Neu,-0.309267134,0.566399648
GTTGCGGGTTTACCAG-1_2_1_1,IR,Cstdc4+ Neu,2.885259211,-3.164344356
GTTGCTCGTAACCAGG-1_2_1_1,IR,Cd14-hi Neu,-2.370363176,-1.647865758
GTTGTAGCAACGGCTC-1_2_1_1,IR,Cstdc4+ Neu,-1.389483989,-3.549727962
GTTGTCCGTCCGTTTC-1_2_1_1,IR,Cd14-hi Neu,-1.824282468,-0.687859312
GTTGTCCTCATGCGGC-1_2_1_1,IR,Icam1+ Neu,-5.898297012,0.232991054
GTTTACTCATTGACTG-1_2_1_1,IR,Cstdc4+ Neu,-0.309164912,-4.192304656
GTTTGGAAGCCAAGCA-1_2_1_1,IR,Mmp8+ Neu,1.873417914,-1.497015342
GTTTGGAGTTACCTTT-1_2_1_1,IR,Cd14-hi Neu,0.013664528,-0.778685883
TAACCAGAGGATATAC-1_2_1_1,IR,Icam1+ Neu,-3.755479038,-1.104814135
TAACCAGAGGATCATA-1_2_1_1,IR,Icam1+ Neu,-3.696569145,2.409537986
TAACCAGAGGGTTAAT-1_2_1_1,IR,Cd14-hi Neu,0.180630147,-1.858243332
TAACGACCAGGTGAGT-1_2_1_1,IR,Icam1+ Neu,-2.945711077,0.032264426
TAACGACTCCAACCGG-1_2_1_1,IR,Cstdc4+ Neu,-1.706808389,-3.645693109
TAACTTCAGCGGTAGT-1_2_1_1,IR,Cd14-hi Neu,0.070994585,-2.081152365
TAACTTCTCACTTATC-1_2_1_1,IR,Icam1+ Neu,-2.523461998,1.656253054
TAAGCGTGTTAACAGA-1_2_1_1,IR,Cd14-hi Neu,-2.670839727,-2.199862644
TAATTCCGTACTGCCG-1_2_1_1,IR,Mmp8+ Neu,3.854137241,0.057919815
TAATTCCGTACTGGGA-1_2_1_1,IR,Cd14-hi Neu,0.072004437,-3.020147249
TACAACGAGGTTCTTG-1_2_1_1,IR,Cd14-hi Neu,-1.017393709,-2.424312875
TACAACGCATACCACA-1_2_1_1,IR,Csf3r-hi Neu,0.005162641,0.720733836
TACACCCAGAGTTGTA-1_2_1_1,IR,Cd14-hi Neu,0.133105933,-1.456479505
TACATTCCACATATCG-1_2_1_1,IR,Icam1+ Neu,-3.654266537,-1.882750735
TACATTCCATCGATCA-1_2_1_1,IR,Cstdc4+ Neu,-2.973468721,-1.157751985
TACATTCGTGTCCTAA-1_2_1_1,IR,Icam1+ Neu,-2.899140299,0.764998749
TACCCACCAGTATGAA-1_2_1_1,IR,Csf3r-hi Neu,2.13319689,2.404656365
TACCCACCATACCACA-1_2_1_1,IR,Icam1+ Neu,-2.892033041,1.784236386
TACCCACGTTCCATTT-1_2_1_1,IR,Mmp8+ Neu,5.506502449,-2.081503555
TACCCGTTCCATCCGT-1_2_1_1,IR,Mmp8+ Neu,3.696085751,0.305348113
TACCGAAGTTCAGTAC-1_2_1_1,IR,Icam1+ Neu,-5.017642677,-0.857397721
TACCGAATCACCTCAC-1_2_1_1,IR,Cd14-hi Neu,-1.769627631,-2.349153325
TACCGAATCCAAGCCG-1_2_1_1,IR,Cd14-hi Neu,-2.154719532,-1.305625797
TACCGAATCCGTTGAA-1_2_1_1,IR,Csf3r-hi Neu,0.198749184,2.092148974
TACCGGGCACCAGCCA-1_2_1_1,IR,Icam1+ Neu,-4.585525692,3.219243243
TACCGGGTCATCACCC-1_2_1_1,IR,Mmp8+ Neu,7.409243881,-4.226701543
TACCTCGTCACTCACC-1_2_1_1,IR,Csf3r-hi Neu,-2.565701425,3.851177409
TACGGGCTCGAGTACT-1_2_1_1,IR,Cd14-hi Neu,1.011378228,-2.605120585
TACGGTACAGCCCAGT-1_2_1_1,IR,Mmp8+ Neu,1.501163065,-0.050723359
TACGTCCAGGACACTG-1_2_1_1,IR,Icam1+ Neu,-4.432921112,4.169516757
TACTGCCCATGATGCT-1_2_1_1,IR,Cstdc4+ Neu,0.563668727,-4.338390872
TACTTACAGGGCAATC-1_2_1_1,IR,Icam1+ Neu,-5.135250748,-1.027517062
TACTTCAGTTATTCCT-1_2_1_1,IR,Mmp8+ Neu,4.90222007,-1.747435078
TACTTCATCCGTCAAA-1_2_1_1,IR,Icam1+ Neu,-2.359270037,0.308144405
TACTTGTAGAACTGAT-1_2_1_1,IR,Icam1+ Neu,-5.332547844,3.100930407
TAGACCACAATAGTGA-1_2_1_1,IR,Cd14-hi Neu,0.128815263,1.586708739
TAGACCAGTTTCTATC-1_2_1_1,IR,Cd14-hi Neu,-3.442721069,0.221867636
TAGACCATCGAACGGA-1_2_1_1,IR,Icam1+ Neu,-6.077424705,2.297445014
TAGACTGAGAGTCACG-1_2_1_1,IR,Cd14-hi Neu,-0.110890657,-1.852283284
TAGAGTCAGTCACTCA-1_2_1_1,IR,Cd14-hi Neu,-2.027543605,-0.877175346
TAGAGTCCATTCACCC-1_2_1_1,IR,Icam1+ Neu,-4.963824928,0.496390775
TAGAGTCTCAGCATTG-1_2_1_1,IR,Icam1+ Neu,-5.061762035,4.279607013
TAGAGTCTCCTTATCA-1_2_1_1,IR,Csf3r-hi Neu,2.492965519,1.64170213
TAGATCGAGGCATTTC-1_2_1_1,IR,Cstdc4+ Neu,-1.343163193,-4.142401025
TAGCACAAGCAAACAT-1_2_1_1,IR,Icam1+ Neu,-4.562175453,0.31491442
TAGCACAAGTAACGTA-1_2_1_1,IR,Icam1+ Neu,-5.837791145,1.499464467
TAGGAGGCACGCGTCA-1_2_1_1,IR,Cd14-hi Neu,-3.39368862,-2.995749757
TAGGAGGTCGTGAGAG-1_2_1_1,IR,Mmp8+ Neu,6.325469791,-3.302551791
TAGGGTTCAACGACAG-1_2_1_1,IR,Cd14-hi Neu,-1.736956776,-2.788656161
TAGGGTTGTGGCCTCA-1_2_1_1,IR,Icam1+ Neu,-4.778280437,3.581653312
TAGGTACAGATGAACT-1_2_1_1,IR,Cd14-hi Neu,-2.053481281,-1.025476009
TAGGTACGTTCCGCGA-1_2_1_1,IR,Isg15+ Neu,-0.030271128,-0.132045076
TATATCCGTGCTTCAA-1_2_1_1,IR,Icam1+ Neu,-3.392197073,0.389419272
TATATCCTCAACTGGT-1_2_1_1,IR,Isg15+ Neu,-0.384463281,-0.416515515
TATATCCTCATATGGC-1_2_1_1,IR,Cd14-hi Neu,-2.078141749,-1.876258061
TATCAGGGTCGTTGCG-1_2_1_1,IR,Cstdc4+ Neu,-2.120640934,-3.899330184
TATCCTATCCTTCACG-1_2_1_1,IR,Cd14-hi Neu,-0.181975462,-1.555913166
TATCTGTCACACGCCA-1_2_1_1,IR,Cd14-hi Neu,-1.867465318,-0.180194959
TATCTGTGTGAGATTA-1_2_1_1,IR,Cstdc4+ Neu,-0.147098899,-4.74382858
TATGTTCCAAGTGTCT-1_2_1_1,IR,Cd14-hi Neu,-0.258760214,-2.442235872
TATTCCAAGATTGACA-1_2_1_1,IR,Cstdc4+ Neu,0.649988412,-3.056615398
TATTCCAAGCGACTTT-1_2_1_1,IR,Icam1+ Neu,-3.39124626,-3.252124593
TATTGCTGTGCAACAG-1_2_1_1,IR,Isg15+ Neu,-1.015504659,0.19346936
TATTGCTTCCCTCGTA-1_2_1_1,IR,Icam1+ Neu,-3.705513657,-1.983822868
TATTGGGAGGCGCTTC-1_2_1_1,IR,Isg15+ Neu,-0.897886277,0.29447551
TATTGGGCATCCAATG-1_2_1_1,IR,Cd14-hi Neu,-1.708480657,-0.832224787
TATTTCGAGGTCCAGA-1_2_1_1,IR,Csf3r-hi Neu,-1.202806414,3.887220099
TCAAGACGTGTGTCCG-1_2_1_1,IR,Cstdc4+ Neu,-0.094127812,-1.890707299
TCAAGCAAGCGAAACC-1_2_1_1,IR,Icam1+ Neu,-4.529292763,4.930346682
TCAAGCAGTGTACATC-1_2_1_1,IR,Icam1+ Neu,-5.408544243,2.916500523
TCAAGTGAGGACGCTA-1_2_1_1,IR,Icam1+ Neu,-3.418811262,-2.032370732
TCAATCTGTCGTTGGC-1_2_1_1,IR,Isg15+ Neu,-2.17942971,0.128701403
TCAATCTTCGATACGT-1_2_1_1,IR,Csf3r-hi Neu,-2.878854931,3.511806681
TCAATCTTCGCCGAGT-1_2_1_1,IR,Mmp8+ Neu,3.26084882,-1.50475584
TCACAAGCAACTCCCT-1_2_1_1,IR,Csf3r-hi Neu,0.1900886,1.947711661
TCACAAGTCGAGCTGC-1_2_1_1,IR,Icam1+ Neu,-6.120241344,2.986001685
TCACATTCACAGCCTG-1_2_1_1,IR,Icam1+ Neu,-2.477518261,1.693384602
TCACATTGTATGAGGC-1_2_1_1,IR,Icam1+ Neu,-3.802598179,2.338129952
TCACGCTCACCAGCGT-1_2_1_1,IR,Cstdc4+ Neu,0.965112865,-4.538338945
TCACGCTCAGTGGCTC-1_2_1_1,IR,Icam1+ Neu,-3.533023775,0.549859002
TCACGGGTCCACAGCG-1_2_1_1,IR,Icam1+ Neu,-2.139582217,1.136932328
TCACGGGTCCGTAGTA-1_2_1_1,IR,Cstdc4+ Neu,-0.294625573,-4.482645795
TCACTATAGTATGTAG-1_2_1_1,IR,Mmp8+ Neu,7.695883095,-4.570323989
TCACTCGCAGACCGCT-1_2_1_1,IR,Icam1+ Neu,-2.784021318,-0.246597454
TCACTCGGTACAGAGC-1_2_1_1,IR,Csf3r-hi Neu,1.169159829,1.937142804
TCAGCAAAGAAACACT-1_2_1_1,IR,Icam1+ Neu,-5.232603729,3.977944091
TCAGCAAAGTTGCTCA-1_2_1_1,IR,Cd14-hi Neu,-2.178950608,-0.180741594
TCAGCAACAAGCGAAC-1_2_1_1,IR,Icam1+ Neu,-4.667276085,-0.116696284
TCAGGGCTCCGTGGCA-1_2_1_1,IR,Icam1+ Neu,-4.716045559,0.809514954
TCAGGTAGTCGTTATG-1_2_1_1,IR,Cd14-hi Neu,1.192775428,-1.313359231
TCAGTGAGTTTACCTT-1_2_1_1,IR,Icam1+ Neu,-2.688998402,1.384918168
TCATACTCAAATGCGG-1_2_1_1,IR,Icam1+ Neu,-2.966508568,2.615097478
TCATACTTCGGACAAG-1_2_1_1,IR,Cstdc4+ Neu,1.782023966,1.580465272
TCATCATTCATCGGGC-1_2_1_1,IR,Isg15+ Neu,-0.389768854,0.465451553
TCATGAGTCACGGAGA-1_2_1_1,IR,Csf3r-hi Neu,0.284303277,2.701277449
TCATGCCAGGCGACAT-1_2_1_1,IR,Mmp8+ Neu,6.401814282,-3.321153447
TCATGCCGTTTGACAC-1_2_1_1,IR,Csf3r-hi Neu,-0.520596773,2.156574681
TCATGTTAGACCGCCT-1_2_1_1,IR,Icam1+ Neu,-6.045337856,1.967917636
TCATGTTAGTAGGCCA-1_2_1_1,IR,Mmp8+ Neu,6.528157532,-3.137585923
TCATGTTCACCGTCTT-1_2_1_1,IR,Csf3r-hi Neu,-0.509750426,2.182783797
TCATGTTGTGGCAGAT-1_2_1_1,IR,Icam1+ Neu,-2.33728832,2.202459767
TCATTACAGCATCGAG-1_2_1_1,IR,Icam1+ Neu,-4.156802357,4.882191375
TCATTCAAGATTGGGC-1_2_1_1,IR,Cd14-hi Neu,1.550178706,-0.832641334
TCATTCAGTAGGTTTC-1_2_1_1,IR,Mmp8+ Neu,6.629789173,-2.994682238
TCATTCAGTGTCCAAT-1_2_1_1,IR,Cstdc4+ Neu,-1.035355509,-4.530702398
TCATTTGCACCAGACC-1_2_1_1,IR,Icam1+ Neu,-4.434737862,0.032466367
TCCACGTGTGGCTTAT-1_2_1_1,IR,Icam1+ Neu,-3.619726837,0.958859399
TCCACGTTCGTGAGAG-1_2_1_1,IR,Cd14-hi Neu,2.108382284,-1.478081718
TCCAGAAGTACCTAGT-1_2_1_1,IR,Icam1+ Neu,-1.995448053,1.761390164
TCCATCGCAGCAATTC-1_2_1_1,IR,Cd14-hi Neu,0.501097977,-2.280606911
TCCATCGCATCGCTAA-1_2_1_1,IR,Icam1+ Neu,-1.21778518,2.806463197
TCCATCGCATGAATAG-1_2_1_1,IR,Mmp8+ Neu,3.860637009,-0.961517856
TCCCATGTCGTCAGAT-1_2_1_1,IR,Icam1+ Neu,-5.353799999,3.45099087
TCCGAAACACCTGAAT-1_2_1_1,IR,Cstdc4+ Neu,-1.729338468,-3.771049306
TCCGATCTCAACCCGG-1_2_1_1,IR,Cd14-hi Neu,-0.6232813,-1.767285452
TCCGATCTCCCAATAG-1_2_1_1,IR,Mmp8+ Neu,2.054633438,-1.148294598
TCCGGGAAGATGTAGT-1_2_1_1,IR,Cd14-hi Neu,-1.550104797,-2.6399142
TCCGGGAAGGATAATC-1_2_1_1,IR,Csf3r-hi Neu,-0.161312139,2.528314784
TCCTAATGTAGATCCT-1_2_1_1,IR,Icam1+ Neu,-3.417291582,4.682665541
TCCTAATGTGTAGCAG-1_2_1_1,IR,Csf3r-hi Neu,-1.71897012,3.868320182
TCCTCCCAGTTACGTC-1_2_1_1,IR,Cd14-hi Neu,0.346867263,-1.706104622
TCCTCGACAAGCACAG-1_2_1_1,IR,Icam1+ Neu,-2.994499863,-2.714554116
TCCTGCACACTTCTCG-1_2_1_1,IR,Cd14-hi Neu,-1.977523029,-2.271017954
TCCTGCAGTGGCGTAA-1_2_1_1,IR,Cstdc4+ Neu,1.202872932,-4.200329826
TCCTGCAGTTAACCTG-1_2_1_1,IR,Icam1+ Neu,-4.145472229,0.036792591
TCCTTCTGTCATGACT-1_2_1_1,IR,Csf3r-hi Neu,-0.146069713,2.783222869
TCCTTCTGTGCAACGA-1_2_1_1,IR,Mmp8+ Neu,2.115896999,0.046742513
TCCTTTCGTTCAAGGG-1_2_1_1,IR,Cd14-hi Neu,-1.874373377,-0.066736266
TCGAAGTTCGAGTCCG-1_2_1_1,IR,Cstdc4+ Neu,1.853166401,-3.37846689
TCGCACTTCTGAGGTT-1_2_1_1,IR,Icam1+ Neu,-2.308841408,2.830185607
TCGCTCATCGTCGGGT-1_2_1_1,IR,Cstdc4+ Neu,-0.617588491,-3.55803828
TCGCTTGAGTCTTGGT-1_2_1_1,IR,Icam1+ Neu,-4.20758456,1.09908171
TCGGGACCAGCCATTA-1_2_1_1,IR,Icam1+ Neu,-4.304981888,-1.139686033
TCGGGTGAGTCTAGCT-1_2_1_1,IR,Mmp8+ Neu,3.758219301,-3.98252301
TCGGTCTAGTGACACG-1_2_1_1,IR,Icam1+ Neu,-4.81624955,2.21420975
TCGGTCTAGTTGCGCC-1_2_1_1,IR,Cd14-hi Neu,-1.607679189,-0.520931289
TCGTAGACAAGTGGAC-1_2_1_1,IR,Icam1+ Neu,-2.565256775,1.815355017
TCGTAGAGTCGTATGT-1_2_1_1,IR,Cstdc4+ Neu,-1.410208524,-4.076531455
TCGTAGATCATAGAGA-1_2_1_1,IR,Icam1+ Neu,-4.072857321,0.933323577
TCGTGCTGTGGATACG-1_2_1_1,IR,Mmp8+ Neu,3.549099981,0.349008992
TCGTGGGAGAGGCCAT-1_2_1_1,IR,Csf3r-hi Neu,2.491481602,2.536159232
TCTAACTAGCTGGTGA-1_2_1_1,IR,Isg15+ Neu,1.026643097,-0.033515975
TCTAACTCACTTCTCG-1_2_1_1,IR,Cstdc4+ Neu,-1.421518624,-4.539138601
TCTACATAGCTGTACT-1_2_1_1,IR,Csf3r-hi Neu,4.596140205,1.132307961
TCTACCGGTTGCATTG-1_2_1_1,IR,Icam1+ Neu,-3.803717792,1.252959683
TCTATACGTGTGGTCC-1_2_1_1,IR,Icam1+ Neu,-3.370238245,-2.775967285
TCTATCATCACTGTTT-1_2_1_1,IR,Cd14-hi Neu,0.719440937,-2.049482152
TCTCAGCGTTCCATTT-1_2_1_1,IR,Cstdc4+ Neu,0.62984538,-4.723520801
TCTCTGGCAACGTTAC-1_2_1_1,IR,Icam1+ Neu,-3.356508911,-2.293724105
TCTGTCGTCAGCAGAG-1_2_1_1,IR,Cstdc4+ Neu,1.909467756,-3.796207711
TCTTAGTGTAGACAAT-1_2_1_1,IR,Csf3r-hi Neu,-1.080028356,4.569268897
TCTTAGTTCGTCTAAG-1_2_1_1,IR,Icam1+ Neu,-3.053998411,1.56574364
TCTTGCGTCAGTGTGT-1_2_1_1,IR,Csf3r-hi Neu,-1.082730353,2.346484854
TCTTGCGTCTTGGAAC-1_2_1_1,IR,Icam1+ Neu,-3.428637445,-3.39416413
TCTTTGATCGTCAGAT-1_2_1_1,IR,Csf3r-hi Neu,1.134984552,3.126838401
TGAACGTCAAGGTACG-1_2_1_1,IR,Isg15+ Neu,-0.147437461,0.121225431
TGAACGTGTTTGGAAA-1_2_1_1,IR,Isg15+ Neu,-0.395673395,0.247057989
TGAATCGCACCTGCAG-1_2_1_1,IR,Icam1+ Neu,-4.464083374,-0.663928584
TGAATCGTCCTGCTAC-1_2_1_1,IR,Cd14-hi Neu,-1.544745982,-0.268525705
TGACGCGCAGGTGGAT-1_2_1_1,IR,Csf3r-hi Neu,-0.82200116,3.547652438
TGACTCCCAGACCATT-1_2_1_1,IR,Cstdc4+ Neu,-1.577346623,-4.27820997
TGAGCATCACCTGTCT-1_2_1_1,IR,Cstdc4+ Neu,-0.16940205,-4.217566774
TGAGCATTCCAAGAGG-1_2_1_1,IR,Cd14-hi Neu,-2.405938328,-1.12298441
TGAGCGCGTTCCGCGA-1_2_1_1,IR,Cd14-hi Neu,-0.831707716,-1.660786495
TGAGGAGTCGCAGTTA-1_2_1_1,IR,Icam1+ Neu,-1.29834193,1.646296456
TGAGGGAAGATCGCCC-1_2_1_1,IR,Cstdc4+ Neu,0.5794366,-4.093604133
TGAGGGAGTGACAACG-1_2_1_1,IR,Cd14-hi Neu,-1.873440326,-0.630511508
TGAGGTTCAAAGGATT-1_2_1_1,IR,Icam1+ Neu,-5.186867416,3.480564788
TGAGTCAGTAGGTTTC-1_2_1_1,IR,Cd14-hi Neu,-1.826150239,-1.544590876
TGATCAGCAATCTCGA-1_2_1_1,IR,Cd14-hi Neu,-2.450392902,-1.608010933
TGATCAGCAGGAGGTT-1_2_1_1,IR,Icam1+ Neu,-3.9834916,2.849590972
TGATCTTGTCGGCACT-1_2_1_1,IR,Icam1+ Neu,-2.572318972,-0.276380524
TGATCTTGTTGGAGGT-1_2_1_1,IR,Mmp8+ Neu,6.146883785,-2.754425809
TGATGCAGTGACCGAA-1_2_1_1,IR,Cstdc4+ Neu,0.991109311,-3.712599323
TGATGGTAGAGCATTA-1_2_1_1,IR,Icam1+ Neu,-2.509247244,3.756350234
TGATGGTAGCAAATCA-1_2_1_1,IR,Cstdc4+ Neu,1.690380513,-2.903510496
TGATGGTCAAATCGTC-1_2_1_1,IR,Icam1+ Neu,-3.337193191,2.819621756
TGATGGTCATGATCTG-1_2_1_1,IR,Cd14-hi Neu,-0.901338458,0.880995348
TGATTTCAGAAACTAC-1_2_1_1,IR,Mmp8+ Neu,4.279466927,-2.025667951
TGATTTCTCAGCAGAG-1_2_1_1,IR,Icam1+ Neu,-4.566081226,4.253529742
TGCACGGGTGTAAACA-1_2_1_1,IR,Icam1+ Neu,-1.515380085,3.09161587
TGCACGGTCTACTGAG-1_2_1_1,IR,Icam1+ Neu,-5.637067974,2.25861831
TGCAGATAGGATTACA-1_2_1_1,IR,Csf3r-hi Neu,0.105154931,1.705841735
TGCATCCTCTTAATCC-1_2_1_1,IR,Icam1+ Neu,-3.539377869,4.736160472
TGCATGATCGTAATGC-1_2_1_1,IR,Icam1+ Neu,-4.869244278,3.175838187
TGCATGATCTGGGCCA-1_2_1_1,IR,Mmp8+ Neu,2.212359964,-1.756998048
TGCGACGCAGACTGCC-1_2_1_1,IR,Icam1+ Neu,-5.409784019,1.265899613
TGCGACGGTCCGGCAT-1_2_1_1,IR,Mmp8+ Neu,1.980175316,-4.165376947
TGCGACGTCGACCACG-1_2_1_1,IR,Cd14-hi Neu,0.445020794,-1.836418793
TGCGATAAGAGCATTA-1_2_1_1,IR,Cd14-hi Neu,-2.745340288,-1.485572383
TGCGATATCCCTGGTT-1_2_1_1,IR,Icam1+ Neu,-5.25588578,1.618179276
TGCGGCACAAGTAGTA-1_2_1_1,IR,Csf3r-hi Neu,0.424244284,1.81290169
TGCTCGTAGTCGTTAC-1_2_1_1,IR,Cd14-hi Neu,-2.034430564,-1.905593202
TGGAACTCAGTAGTTC-1_2_1_1,IR,Icam1+ Neu,-5.847922028,2.831130936
TGGAGAGTCTGACGCG-1_2_1_1,IR,Csf3r-hi Neu,-1.661921323,4.045724108
TGGAGGATCATTACTC-1_2_1_1,IR,Isg15+ Neu,-0.732229174,0.593924001
TGGCGTGAGTCCTGCG-1_2_1_1,IR,Cstdc4+ Neu,-0.743267656,-4.363191173
TGGCGTGCAGCGTATT-1_2_1_1,IR,Icam1+ Neu,-2.434580505,1.373217776
TGGGAGACACCTGCTT-1_2_1_1,IR,Cd14-hi Neu,-1.081690967,-2.129896328
TGGGAGAGTCCTCAGG-1_2_1_1,IR,Icam1+ Neu,-4.688484848,-0.897292331
TGGGAGATCCTGTTAT-1_2_1_1,IR,Cd14-hi Neu,-1.503932298,-0.850325778
TGGGCGTTCGACGAGA-1_2_1_1,IR,Icam1+ Neu,-4.175180853,1.73060508
TGGGCTGAGTAATCCC-1_2_1_1,IR,Mmp8+ Neu,6.957198917,-3.330391452
TGGGCTGCACGGGCTT-1_2_1_1,IR,Icam1+ Neu,-6.189776123,2.342525199
TGGGTTACAAACGAGC-1_2_1_1,IR,Csf3r-hi Neu,1.536872327,3.274854853
TGGGTTACACCCTAAA-1_2_1_1,IR,Icam1+ Neu,-4.414342106,4.901000216
TGGTACAAGACAACAT-1_2_1_1,IR,Icam1+ Neu,-3.723298014,-2.667791292
TGGTACAAGATCCTAC-1_2_1_1,IR,Isg15+ Neu,3.741121828,0.001810267
TGGTACAAGTAAAGCT-1_2_1_1,IR,Cstdc4+ Neu,-0.978682101,-4.288841531
TGGTACAGTGTCTTAG-1_2_1_1,IR,Icam1+ Neu,-4.514278114,0.51366575
TGGTACAGTTCTCGCT-1_2_1_1,IR,Mmp8+ Neu,2.204681933,-0.842636258
TGGTAGTGTACAGCGA-1_2_1_1,IR,Isg15+ Neu,-0.455295861,1.240183308
TGGTGATCAATAGTCC-1_2_1_1,IR,Icam1+ Neu,-2.791655243,1.812248662
TGGTGATTCAAGTAAG-1_2_1_1,IR,Isg15+ Neu,-1.645997227,-0.013947055
TGGTGATTCTTCCACG-1_2_1_1,IR,Icam1+ Neu,-2.939762772,0.818172529
TGGTTAGAGGATACGC-1_2_1_1,IR,Csf3r-hi Neu,1.129597842,3.5663888
TGGTTAGCATGCCGAC-1_2_1_1,IR,Icam1+ Neu,-4.354083717,1.606133416
TGTAACGGTACGGGAT-1_2_1_1,IR,Cstdc4+ Neu,-0.908798159,-4.764190242
TGTACAGCATGTTCGA-1_2_1_1,IR,Isg15+ Neu,2.647681534,1.431980565
TGTCCACGTATCGCGC-1_2_1_1,IR,Icam1+ Neu,-3.348890245,-3.140163943
TGTGAGTGTGATATAG-1_2_1_1,IR,Icam1+ Neu,-3.232935131,-0.426683531
TGTGCGGGTCTTCTAT-1_2_1_1,IR,Icam1+ Neu,-5.76455611,2.745962813
TGTGGCGGTTGAATCC-1_2_1_1,IR,Cd14-hi Neu,-0.717541159,-2.199798748
TGTGGCGTCTGGCCAG-1_2_1_1,IR,Cd14-hi Neu,-0.652052612,-1.294562921
TGTGTGAAGACCTTTG-1_2_1_1,IR,Mmp8+ Neu,4.385146439,0.844994738
TGTTCCGAGAAGGTAG-1_2_1_1,IR,Icam1+ Neu,-3.360107601,-3.411218211
TGTTCCGCACCGCTGA-1_2_1_1,IR,Icam1+ Neu,-4.272777737,1.223132804
TGTTCCGCACTACCGG-1_2_1_1,IR,Cd14-hi Neu,-2.192287386,-0.380751059
TGTTCCGTCCGGCTTT-1_2_1_1,IR,Icam1+ Neu,-2.657289207,1.605662062
TGTTGAGAGTTGAATG-1_2_1_1,IR,Csf3r-hi Neu,1.404268801,3.512938693
TGTTGGAAGGAACGCT-1_2_1_1,IR,Icam1+ Neu,-4.465645969,3.395569518
TGTTTGTCACCCTAGG-1_2_1_1,IR,Icam1+ Neu,-4.714376152,4.317327693
TGTTTGTCACTTGGCG-1_2_1_1,IR,Csf3r-hi Neu,-0.51400745,1.64892812
TGTTTGTCATCAGCGC-1_2_1_1,IR,Icam1+ Neu,-2.73769182,2.264936641
TTAATCCCATAGGTAA-1_2_1_1,IR,Icam1+ Neu,-4.101066769,0.300214842
TTACAGGCAACTCCAA-1_2_1_1,IR,Icam1+ Neu,-4.95022887,0.077757194
TTACAGGGTGGTCAAG-1_2_1_1,IR,Icam1+ Neu,-4.329115093,3.677358344
TTACAGGTCCTACACC-1_2_1_1,IR,Csf3r-hi Neu,1.615565717,0.284026459
TTACCATCACAGCTGC-1_2_1_1,IR,Cd14-hi Neu,-1.748329342,-1.139587522
TTACCATGTTCGGACC-1_2_1_1,IR,Csf3r-hi Neu,-0.484018892,1.643096402
TTACCATGTTGCTGAT-1_2_1_1,IR,Csf3r-hi Neu,1.532354891,2.968890384
TTACGCCCAGCTCCTT-1_2_1_1,IR,Mmp8+ Neu,2.187820255,0.627857759
TTACGTTCAAGTGATA-1_2_1_1,IR,Mmp8+ Neu,6.490320503,-3.799678132
TTACGTTCAATTGAAG-1_2_1_1,IR,Cstdc4+ Neu,2.158249199,-2.995956108
TTACGTTTCAGTGTCA-1_2_1_1,IR,Cd14-hi Neu,0.765438199,0.706716135
TTACTGTAGTGGCGAT-1_2_1_1,IR,Icam1+ Neu,-2.154794038,1.925365403
TTAGGGTCACATTGTG-1_2_1_1,IR,Cstdc4+ Neu,-1.449528993,-4.280190036
TTAGGGTCATGAAAGT-1_2_1_1,IR,Icam1+ Neu,-4.567294777,3.468425467
TTAGGGTGTTGATGTC-1_2_1_1,IR,Cd14-hi Neu,-2.749831379,-0.69979842
TTAGTCTAGGTAGATT-1_2_1_1,IR,Csf3r-hi Neu,1.036569178,2.645952895
TTAGTCTTCCCGAGAC-1_2_1_1,IR,Icam1+ Neu,-5.39223069,1.42957659
TTATTGCCAAACCACT-1_2_1_1,IR,Icam1+ Neu,-3.932828844,0.677990034
TTCACCGTCGTAGCCG-1_2_1_1,IR,Mmp8+ Neu,3.538132727,-2.355753348
TTCACGCCACAACGTT-1_2_1_1,IR,Icam1+ Neu,-2.258428753,0.606185987
TTCACGCTCCAGGACC-1_2_1_1,IR,Csf3r-hi Neu,-1.339677751,1.63091059
TTCAGGAAGTTGGCTT-1_2_1_1,IR,Cd14-hi Neu,-0.023723647,-1.954885707
TTCAGGACATTGCTTT-1_2_1_1,IR,Cstdc4+ Neu,-2.534319103,-3.571821973
TTCATGTGTGAGCTCC-1_2_1_1,IR,Mmp8+ Neu,3.324642956,-3.031795785
TTCATGTTCATAGACC-1_2_1_1,IR,Cd14-hi Neu,1.182121694,-1.106927842
TTCATTGAGACTCCGC-1_2_1_1,IR,Isg15+ Neu,-1.210516632,1.004027083
TTCATTGTCGTTCATT-1_2_1_1,IR,Cd14-hi Neu,-3.128106058,-2.605854914
TTCCAATAGTTGTAGA-1_2_1_1,IR,Cd14-hi Neu,1.263642966,-1.872708902
TTCCAATGTTTAGAGA-1_2_1_1,IR,Csf3r-hi Neu,1.669435083,1.525956347
TTCCACGCAGGTCCGT-1_2_1_1,IR,Mmp8+ Neu,2.31889373,-0.659008816
TTCCGGTAGGTAACTA-1_2_1_1,IR,Isg15+ Neu,1.334253847,0.221066549
TTCCTAATCAGCCCAG-1_2_1_1,IR,Icam1+ Neu,-4.110015095,0.288677171
TTCCTCTCATGTGGCC-1_2_1_1,IR,Cstdc4+ Neu,-1.166196943,-4.223177001
TTCCTTCCATAGATCC-1_2_1_1,IR,Icam1+ Neu,-2.529435099,3.130416587
TTCGCTGCATGACAAA-1_2_1_1,IR,Cd14-hi Neu,-2.532329739,-1.378504679
TTCTAACGTGCGTTTA-1_2_1_1,IR,Isg15+ Neu,-0.538818509,0.811862901
TTCTAACTCACGTAGT-1_2_1_1,IR,Cd14-hi Neu,1.016018569,-1.637344048
TTCTGTAAGGTAAGTT-1_2_1_1,IR,Cd14-hi Neu,-1.637403191,0.448783829
TTCTGTATCATCTGTT-1_2_1_1,IR,Icam1+ Neu,-4.075962961,-0.613024488
TTCTTCCAGTATTCCG-1_2_1_1,IR,Icam1+ Neu,-1.426354945,2.071700766
TTCTTGAGTACCTGTA-1_2_1_1,IR,Icam1+ Neu,-4.349482239,4.339727595
TTGACCCCACTTGACA-1_2_1_1,IR,Icam1+ Neu,-1.77178675,0.655091837
TTGATGGTCGACGACC-1_2_1_1,IR,Icam1+ Neu,-4.377964676,2.966011241
TTGCATTAGAACAAGG-1_2_1_1,IR,Icam1+ Neu,-4.523430527,4.519081309
TTGCATTGTGACACAG-1_2_1_1,IR,Cd14-hi Neu,0.18846783,-2.761532113
TTGCATTGTTTGGCTA-1_2_1_1,IR,Icam1+ Neu,-5.038705528,0.791827634
TTGCCTGCACTATGTG-1_2_1_1,IR,Isg15+ Neu,0.117435604,0.224622443
TTGCCTGGTGGTCTGC-1_2_1_1,IR,Icam1+ Neu,-2.963063896,2.153852656
TTGCCTGGTGTATCCA-1_2_1_1,IR,Cstdc4+ Neu,1.271831452,-4.552870795
TTGCGTCTCATCGCTC-1_2_1_1,IR,Cd14-hi Neu,-0.651700169,-1.961895034
TTGCTGCCACCAATTG-1_2_1_1,IR,Icam1+ Neu,-5.307151974,3.062092021
TTGGATGCAGACCAGA-1_2_1_1,IR,Icam1+ Neu,-2.667054356,0.615042641
TTGGGATTCGAGTACT-1_2_1_1,IR,Isg15+ Neu,-0.298185893,-0.33029674
TTGGGCGGTTCTATCT-1_2_1_1,IR,Cd14-hi Neu,0.660073578,-1.909022257
TTGGGTACAAAGACTA-1_2_1_1,IR,Csf3r-hi Neu,0.455882966,0.954390719
TTGTTCATCCAACACA-1_2_1_1,IR,Cstdc4+ Neu,-0.958687902,-3.953610942
TTGTTGTAGCTGTGCC-1_2_1_1,IR,Cd14-hi Neu,-1.867692292,-2.403934405
TTGTTGTGTAGGTACG-1_2_1_1,IR,Icam1+ Neu,-3.133259237,4.332201674
TTTACCAGTACCCGAC-1_2_1_1,IR,Csf3r-hi Neu,-0.826373041,3.209546759
TTTCACAGTCTGATAC-1_2_1_1,IR,Icam1+ Neu,-3.422547043,0.710019305
TTTCCTCGTGATACAA-1_2_1_1,IR,Icam1+ Neu,-6.036559284,3.070065215
TTTCCTCTCTACTGCC-1_2_1_1,IR,Icam1+ Neu,-4.972456634,3.295957282
TTTCGATAGTATTCCG-1_2_1_1,IR,Icam1+ Neu,-2.907036007,-0.205957935
TTTCGATCACTCCTTG-1_2_1_1,IR,Icam1+ Neu,-2.798359812,2.287546113
TTTGACTCAAGTGCTT-1_2_1_1,IR,Icam1+ Neu,-1.722009838,1.993917182
TTTGACTGTTCTTCAT-1_2_1_1,IR,Icam1+ Neu,-1.843157113,1.936916783
TTTGATCAGACTGTTC-1_2_1_1,IR,Cd14-hi Neu,-2.253291071,-1.2435987
TTTGATCCAAGGTCAG-1_2_1_1,IR,Cstdc4+ Neu,-0.506829322,-4.252455518
TTTGATCTCCAAGAGG-1_2_1_1,IR,Icam1+ Neu,-4.969285191,0.813799098
TTTGGAGCAAGGATGC-1_2_1_1,IR,Icam1+ Neu,-3.759962738,4.597355082
TTTGGAGTCTCAGGCG-1_2_1_1,IR,Icam1+ Neu,-3.687666357,1.348992064
TTTGGTTCACCAGTTA-1_2_1_1,IR,Csf3r-hi Neu,1.956374704,3.084307864
TTTGGTTGTTGTCAGT-1_2_1_1,IR,Icam1+ Neu,-1.73326093,1.156133368
ACGTAACAGGAAAGGT-1_1_1,IR,Icam1+ Neu,-4.509832561,3.128302291
ACGTAACAGGGTCTTT-1_1_1,IR,Csf3r-hi Neu,3.377302467,1.698814347
ACGTAACAGTCTCCTC-1_1_1,IR,Mmp8+ Neu,2.996584951,1.016889289
ACGTAACGTATAGGGC-1_1_1,IR,Icam1+ Neu,-3.211976946,1.286558345
ACGTACACACCACATA-1_1_1,IR,Isg15+ Neu,-0.85240084,0.028527096
ACGTACAGTACTGCGC-1_1_1,IR,Csf3r-hi Neu,-1.020849348,3.409332946
ACGTACATCGATACTG-1_1_1,IR,Cstdc4+ Neu,-0.489606679,-4.622726247
ACGTAGTAGGCGTTAG-1_1_1,IR,Mmp8+ Neu,4.78677684,0.682671263
ACGTAGTCAGTCGTTA-1_1_1,IR,Csf3r-hi Neu,-0.414188594,3.798961356
ACGTAGTTCTTTCGAT-1_1_1,IR,Cd14-hi Neu,-1.833903373,-2.676232502
ACGTCCTCATCACAGT-1_1_1,IR,Cd14-hi Neu,-0.769737184,-1.964999125
ACGTCCTCATTAAAGG-1_1_1,IR,Icam1+ Neu,-2.909130037,0.269530013
ACGTCCTGTCAGTCTA-1_1_1,IR,Icam1+ Neu,-4.149242342,4.394736007
ACGTCCTGTCGTGGTC-1_1_1,IR,Isg15+ Neu,-0.936560035,0.170382216
ACGTCCTTCAGCGTCG-1_1_1,IR,Mmp8+ Neu,5.686684429,-1.73412703
ACGTCCTTCGCAGATT-1_1_1,IR,Icam1+ Neu,-4.688919247,-0.496565625
ACGTTCCCAAGTGGCA-1_1_1,IR,Icam1+ Neu,-4.353129566,4.884907916
ACGTTCCGTATCCTTT-1_1_1,IR,Icam1+ Neu,-4.540445507,2.740696862
ACGTTCCGTGGGTATG-1_1_1,IR,Icam1+ Neu,-5.26377076,4.24781771
ACTACGAGTTGGATCT-1_1_1,IR,Icam1+ Neu,-4.060830534,2.881511405
ACTACGAGTTGGCCTG-1_1_1,IR,Icam1+ Neu,-3.659876526,2.009566977
ACTACGATCGTGGCTG-1_1_1,IR,Mmp8+ Neu,1.77892059,-2.130020544
ACTATGGTCGCCGAAC-1_1_1,IR,Cd14-hi Neu,-1.460314691,-1.240373582
ACTATTCCAAAGGGTC-1_1_1,IR,Cstdc4+ Neu,-1.879869283,0.402241543
ACTATTCTCGTGGGTC-1_1_1,IR,Isg15+ Neu,-0.29287871,-0.14973639
ACTCCCACATGTGACT-1_1_1,IR,Cstdc4+ Neu,-0.818988741,-4.562839076
ACTCCCAGTGTATCCA-1_1_1,IR,Cstdc4+ Neu,0.644150734,-4.505517528
ACTCCCATCCATTGTT-1_1_1,IR,Icam1+ Neu,-2.889344395,2.083920672
ACTCTCGAGTATGGCG-1_1_1,IR,Icam1+ Neu,-5.47629422,2.173045352
ACTGATGAGCCAGTAG-1_1_1,IR,Csf3r-hi Neu,0.211445212,3.050047114
ACTGATGTCATCGTAG-1_1_1,IR,Icam1+ Neu,-3.663548172,1.847553447
ACTGATGTCCATAGGT-1_1_1,IR,Cd14-hi Neu,0.333673775,-2.263624356
ACTGCAAAGGTAGCCA-1_1_1,IR,Icam1+ Neu,-2.977380693,0.164057091
ACTGCAATCACCTCAC-1_1_1,IR,Cstdc4+ Neu,0.120753824,-4.468523309
ACTGTCCAGTTTGGCT-1_1_1,IR,Icam1+ Neu,-3.674997509,4.14805527
ACTGTCCGTCATCACA-1_1_1,IR,Icam1+ Neu,-5.587474049,3.825809672
ACTGTGAAGCGCCGTT-1_1_1,IR,Csf3r-hi Neu,2.772627174,1.508491948
ACTGTGACAATGGGTG-1_1_1,IR,Icam1+ Neu,-5.262379826,3.561682895
ACTGTGACAGGTTCAT-1_1_1,IR,Csf3r-hi Neu,1.800803363,0.825378135
ACTGTGAGTGCATGTT-1_1_1,IR,Mmp8+ Neu,2.532339394,0.664251759
ACTGTGAGTTACCCAA-1_1_1,IR,Icam1+ Neu,-6.066014469,1.98838444
ACTGTGATCAAGCCAT-1_1_1,IR,Cd14-hi Neu,-2.90794462,-2.467985317
ACTTAGGCATCGCTGG-1_1_1,IR,Mmp8+ Neu,3.113279879,-0.367953524
ACTTAGGTCACTACGA-1_1_1,IR,Csf3r-hi Neu,0.587414443,2.299193814
ACTTAGGTCATAGGCT-1_1_1,IR,Icam1+ Neu,-2.858236254,-3.478074119
ACTTAGGTCTAGTCAG-1_1_1,IR,Cstdc4+ Neu,-1.824802101,-4.363527105
ACTTATCAGACATCAA-1_1_1,IR,Icam1+ Neu,-3.429745615,0.766903594
ACTTATCAGCCAAGCA-1_1_1,IR,Csf3r-hi Neu,-1.872018397,3.176641181
ACTTATCCATCCTTCG-1_1_1,IR,Icam1+ Neu,-1.945094645,2.990974143
ACTTCCGCAAGTCATC-1_1_1,IR,Mmp8+ Neu,2.279616654,-0.543515012
ACTTCCGCATAGAGGC-1_1_1,IR,Icam1+ Neu,-4.862961471,2.299491122
ACTTCCGCATCCTATT-1_1_1,IR,Mmp8+ Neu,5.730573475,-1.938526318
ACTTCCGTCACCCATC-1_1_1,IR,Cstdc4+ Neu,0.187702387,-3.653050706
ACTTCCGTCACGTCCT-1_1_1,IR,Cstdc4+ Neu,1.673468649,-4.256548927
ACTTCGCAGCTGACCC-1_1_1,IR,Cstdc4+ Neu,-1.226294458,-4.275399253
ACTTCGCCAAAGCAAT-1_1_1,IR,Icam1+ Neu,-2.329100073,0.882149413
ACTTCGCCACCGCTAG-1_1_1,IR,Mmp8+ Neu,3.963043511,-0.913856
ACTTTCAGTTCTCGTC-1_1_1,IR,Csf3r-hi Neu,-0.086118706,3.285661414
ACTTTGTCAGTCCGTG-1_1_1,IR,Icam1+ Neu,-4.514549435,1.338926509
ACTTTGTGTTGCATAC-1_1_1,IR,Icam1+ Neu,-3.481001318,-0.636232123
ACTTTGTTCACCTCGT-1_1_1,IR,Csf3r-hi Neu,1.824842989,1.463401988
AGAACAAAGTGCACCC-1_1_1,IR,Icam1+ Neu,-4.554030598,2.830413296
AGAACAAGTAGTCGGA-1_1_1,IR,Mmp8+ Neu,3.558827459,0.885290816
AGAACAATCTAGTCAG-1_1_1,IR,Mmp8+ Neu,7.206509411,-3.939094827
AGAACCTAGGTGCCAA-1_1_1,IR,Icam1+ Neu,-3.054510296,0.961869195
AGAAGCGAGTACCCTA-1_1_1,IR,Icam1+ Neu,-3.297349632,0.977492287
AGAAGCGGTAGAAACT-1_1_1,IR,Cd14-hi Neu,-2.156505645,-2.170283363
AGAAGCGTCCATACAG-1_1_1,IR,Isg15+ Neu,0.000685885,-0.095238969
AGAAGTAAGGTCTGGA-1_1_1,IR,Mmp8+ Neu,6.114775002,-1.574364946
AGAAGTACATCGTCCT-1_1_1,IR,Cd14-hi Neu,-3.188998402,-0.802508995
AGACAAAAGAAGCGAA-1_1_1,IR,Cd14-hi Neu,-1.933416188,-0.432403908
AGACAAAGTCCACGCA-1_1_1,IR,Csf3r-hi Neu,0.361344397,2.330054238
AGACAAAGTTTGGCTA-1_1_1,IR,Icam1+ Neu,-3.401254833,-2.6482151
AGACACTAGGTGCGAT-1_1_1,IR,Icam1+ Neu,-3.521507919,3.631084636
AGACACTCAACGCATT-1_1_1,IR,Icam1+ Neu,-5.469865978,3.449944213
AGACACTGTTGTTGAC-1_1_1,IR,Csf3r-hi Neu,-0.385518238,2.575893595
AGACACTTCCCTCTCC-1_1_1,IR,Icam1+ Neu,-2.392816246,1.514588073
AGACACTTCCTCTAAT-1_1_1,IR,Cstdc4+ Neu,-0.830956579,-3.514305398
AGACAGGTCAGAATAG-1_1_1,IR,Mmp8+ Neu,2.167337,-1.456464663
AGACAGGTCATAGACC-1_1_1,IR,Cstdc4+ Neu,-1.616309226,-3.621557042
AGACCATCAAATGCTC-1_1_1,IR,Cstdc4+ Neu,-1.643560231,-3.691278264
AGACCATCAGGAGGAG-1_1_1,IR,Mmp8+ Neu,4.717391789,0.045000508
AGACCATGTCCGATCG-1_1_1,IR,Mmp8+ Neu,3.128406584,-1.801935658
AGACCATTCTTACCAT-1_1_1,IR,Icam1+ Neu,-3.318842352,3.613356784
AGACCCGAGACCTCCG-1_1_1,IR,Isg15+ Neu,-1.008669079,-0.565469608
AGACCCGAGAGTCAAT-1_1_1,IR,Isg15+ Neu,-1.523714483,-0.536129818
AGACCCGAGGCTTAAA-1_1_1,IR,Isg15+ Neu,-1.246763647,0.703044369
AGACTCACACATTACG-1_1_1,IR,Icam1+ Neu,-4.550532997,2.357579425
AGACTCATCTGAGCAT-1_1_1,IR,Mmp8+ Neu,6.513900578,-2.758963392
AGAGAATAGCCGGATA-1_1_1,IR,Mmp8+ Neu,2.955215513,-0.98458656
AGAGAGCCAGCATACT-1_1_1,IR,Csf3r-hi Neu,0.673496961,2.856467679
AGAGAGCGTGGTAATA-1_1_1,IR,Icam1+ Neu,-4.979401291,0.726454928
AGAGAGCTCCGCATAA-1_1_1,IR,Mmp8+ Neu,4.251226723,-1.62459831
AGAGCAGAGAGTACCG-1_1_1,IR,Cd14-hi Neu,0.103791147,-1.539066956
AGAGCAGGTGACACGA-1_1_1,IR,Cstdc4+ Neu,1.502193152,-4.01167731
AGAGCAGTCTGCTTTA-1_1_1,IR,Icam1+ Neu,-6.103432358,2.000652507
AGAGCCCCACAATTCG-1_1_1,IR,Icam1+ Neu,-4.159856022,1.356725409
AGAGCCCCATGGGTTT-1_1_1,IR,Icam1+ Neu,-2.38141054,1.166201546
AGATAGACACTCCCTA-1_1_1,IR,Icam1+ Neu,-3.995567263,-1.624449119
AGATAGAGTCGGCACT-1_1_1,IR,Icam1+ Neu,-5.46793288,3.90795584
AGATCCAGTCTGTGTA-1_1_1,IR,Csf3r-hi Neu,2.123090326,1.225155547
AGATCGTAGCTGGAGT-1_1_1,IR,Cstdc4+ Neu,-0.417342887,-4.549267337
AGATCGTCAACCGCTG-1_1_1,IR,Mmp8+ Neu,1.98888427,-0.081331358
AGATCGTGTTCCAGGC-1_1_1,IR,Cstdc4+ Neu,1.243315875,-4.366906211
AGATGCTAGGCAGTCA-1_1_1,IR,Mmp8+ Neu,2.531326115,-0.277936742
AGATGCTAGGGACACT-1_1_1,IR,Icam1+ Neu,-5.211609543,2.606753066
AGATGCTCAATTGCCA-1_1_1,IR,Csf3r-hi Neu,2.698535502,1.795105889
AGATGCTGTCTCCTGT-1_1_1,IR,Mmp8+ Neu,1.3050161,-0.485840008
AGATGCTTCTGAGAAA-1_1_1,IR,Mmp8+ Neu,5.563552677,-1.721369729
AGCATCAAGTCGGCCT-1_1_1,IR,Mmp8+ Neu,2.827041447,-3.555292413
AGCATCACAGAGGGTT-1_1_1,IR,Cd14-hi Neu,0.622855186,-2.555311725
AGCATCAGTGTGTACT-1_1_1,IR,Icam1+ Neu,-3.169195116,-2.784343884
AGCCAATAGACTGTTC-1_1_1,IR,Mmp8+ Neu,2.161696493,-1.321906671
AGCCAATAGTTGGACG-1_1_1,IR,Csf3r-hi Neu,2.555510103,2.392353013
AGCCACGCAGAAGTTA-1_1_1,IR,Icam1+ Neu,-5.902141273,1.883731559
AGCCAGCAGTCGAGGT-1_1_1,IR,Csf3r-hi Neu,0.071606457,2.409569218
AGCCAGCCACGCTGCA-1_1_1,IR,Icam1+ Neu,-4.606061638,1.05834575
AGCCAGCCACTGGATT-1_1_1,IR,Cd14-hi Neu,-1.936924041,-2.563267157
AGCGATTAGTTGCCTA-1_1_1,IR,Cstdc4+ Neu,-0.736357987,-4.528076694
AGCGATTCAGAGGTTG-1_1_1,IR,Mmp8+ Neu,3.850949585,-1.183385991
AGCGATTGTGGCAGAT-1_1_1,IR,Cd14-hi Neu,-1.133074761,-0.745225564
AGCGATTTCTGGGCAC-1_1_1,IR,Cstdc4+ Neu,0.863536059,-4.324066684
AGCGCCACACGACAAG-1_1_1,IR,Csf3r-hi Neu,-0.224884931,1.762973502
AGCGCCACATGGCTGC-1_1_1,IR,Icam1+ Neu,-3.327657164,0.441333726
AGCGCCAGTCGCACAC-1_1_1,IR,Icam1+ Neu,-5.056300342,2.543741181
AGCGCCATCCATCGTC-1_1_1,IR,Csf3r-hi Neu,1.244741499,1.953052476
AGCGCCATCTAGTACG-1_1_1,IR,Icam1+ Neu,-4.980408848,4.816911414
AGCGCCATCTGCTAGA-1_1_1,IR,Icam1+ Neu,-4.20862645,-0.875112161
AGCGCTGAGTACAGAT-1_1_1,IR,Icam1+ Neu,-5.998676479,1.167444184
AGCGCTGCAGAACTTC-1_1_1,IR,Icam1+ Neu,-1.4687441,2.107232764
AGCGCTGTCGGCCCAA-1_1_1,IR,Csf3r-hi Neu,-1.067851603,2.024569705
AGCGCTGTCTTTCCGG-1_1_1,IR,Isg15+ Neu,0.748032152,0.072135284
AGCGTATAGTGTACAA-1_1_1,IR,Icam1+ Neu,-5.582102478,4.045384124
AGCGTATTCGTAGTGT-1_1_1,IR,Icam1+ Neu,-5.062224091,4.099740699
AGCTACAAGCAACAGC-1_1_1,IR,Icam1+ Neu,-5.12242955,2.619667962
AGCTACACAAGAGAGA-1_1_1,IR,Cd14-hi Neu,0.114062815,-1.722176656
AGCTACACACTGGAAG-1_1_1,IR,Icam1+ Neu,-5.60989827,1.503792479
AGCTACACAGCATCTA-1_1_1,IR,Icam1+ Neu,-2.560632408,1.880944684
AGCTACAGTGAGTTGG-1_1_1,IR,Csf3r-hi Neu,0.858960449,1.92993398
AGCTCAACAGTCTGGC-1_1_1,IR,Icam1+ Neu,-4.027220667,4.023441031
AGCTCAACATTGCAAC-1_1_1,IR,Icam1+ Neu,-2.847023428,2.705914929
AGCTTCCGTCAGCTTA-1_1_1,IR,Isg15+ Neu,1.867462933,-2.781672046
AGCTTCCTCTATTTCG-1_1_1,IR,Icam1+ Neu,-4.149398506,3.210969165
AGGAAATAGAAAGTCT-1_1_1,IR,Icam1+ Neu,-4.356932342,4.10079737
AGGAAATCAACTGCTA-1_1_1,IR,Cstdc4+ Neu,-0.096082122,-4.165830896
AGGAAATCATACTGTG-1_1_1,IR,Mmp8+ Neu,6.872434437,-3.432663724
AGGAAATCATTGGCAT-1_1_1,IR,Icam1+ Neu,-3.901668251,1.508498147
AGGAAATGTCGTGCCA-1_1_1,IR,Cd14-hi Neu,1.200266182,-1.512657211
AGGAAATTCTGATTCT-1_1_1,IR,Cd14-hi Neu,-1.318446339,-1.771767065
AGGAATATCTGTTCAT-1_1_1,IR,Isg15+ Neu,1.257959902,-0.585674718
AGGACGAAGAACTGAT-1_1_1,IR,Isg15+ Neu,-0.449110449,0.100004747
AGGACGAAGACGCAGT-1_1_1,IR,Mmp8+ Neu,5.709568321,-0.341230437
AGGACGACACGTAGTT-1_1_1,IR,Csf3r-hi Neu,1.15242809,3.208604052
AGGACGAGTCCGACGT-1_1_1,IR,Cd14-hi Neu,0.079125553,-1.466073081
AGGACGATCTCACTCG-1_1_1,IR,Icam1+ Neu,-5.681763351,3.687586978
AGGAGGTAGACGCCCT-1_1_1,IR,Cd14-hi Neu,-0.314737752,-2.496764586
AGGAGGTAGGTTGTTC-1_1_1,IR,Icam1+ Neu,-1.959471286,1.472595647
AGGAGGTAGTATGCAA-1_1_1,IR,Isg15+ Neu,-1.946294606,-0.082917497
AGGAGGTCACAACGCC-1_1_1,IR,Icam1+ Neu,-4.048830927,1.574100688
AGGAGGTGTATCAAGA-1_1_1,IR,Mmp8+ Neu,1.764827907,0.85367687
AGGAGGTGTGATCATC-1_1_1,IR,Mmp8+ Neu,5.260886013,-1.268538446
AGGAGGTTCTGAGAGG-1_1_1,IR,Icam1+ Neu,-3.367008865,0.868288353
AGGAGGTTCTGCTCTG-1_1_1,IR,Icam1+ Neu,-4.271992386,2.663028195
AGGATAAAGTAACAGT-1_1_1,IR,Icam1+ Neu,-4.384664715,3.071735099
AGGATAAGTAGAAACT-1_1_1,IR,Isg15+ Neu,-0.086397089,0.036582783
AGGATAAGTATGATCC-1_1_1,IR,Cd14-hi Neu,0.809089958,-1.174780153
AGGATAATCAAGCGTT-1_1_1,IR,Csf3r-hi Neu,-4.756727398,-0.746076331
AGGATCTCAAGGAGTC-1_1_1,IR,Icam1+ Neu,-5.498496235,4.400097564
AGGATCTCAGTCTCTC-1_1_1,IR,Icam1+ Neu,-6.159673393,1.284155085
AGGCATTCATGGCTAT-1_1_1,IR,Icam1+ Neu,-2.764934004,2.492934659
AGGCCACCAACACACT-1_1_1,IR,Icam1+ Neu,-3.616882503,1.110596135
AGGCCACCAAGCGAGT-1_1_1,IR,Cd14-hi Neu,-2.216837109,-0.982310191
AGGCCACCACGCGCTA-1_1_1,IR,Cd14-hi Neu,0.915181577,-1.956340298
AGGCCACCAGTAACGG-1_1_1,IR,Icam1+ Neu,-5.88139838,1.726195767
AGGCTGCCAAGCGAGT-1_1_1,IR,Cd14-hi Neu,-0.180054798,-2.567084596
AGGGAGTCACTGTCGG-1_1_1,IR,Cd14-hi Neu,0.686053156,-1.601352081
AGGGAGTCATGCGGTC-1_1_1,IR,Mmp8+ Neu,3.85465604,-1.676708982
AGGGAGTGTTCAATCG-1_1_1,IR,Cd14-hi Neu,-0.964603961,-1.318246186
AGGGAGTTCACTTATC-1_1_1,IR,Icam1+ Neu,-3.446764172,-2.149613187
AGGGCCTAGACTGTTC-1_1_1,IR,Icam1+ Neu,-1.486567319,2.894531443
AGGGCCTAGGTGATCG-1_1_1,IR,Icam1+ Neu,-4.564158142,-1.980541632
AGGGCCTTCCCTCGAT-1_1_1,IR,Icam1+ Neu,-5.410093487,0.685055807
AGGGCTCAGGCATCTT-1_1_1,IR,Icam1+ Neu,-1.974722207,3.249942019
AGGGCTCCAAGAAACT-1_1_1,IR,Icam1+ Neu,-5.275930584,4.411197379
AGGGCTCCAATTGCAC-1_1_1,IR,Cd14-hi Neu,-0.348753632,-1.347996936
AGGGCTCCAGAGGAAA-1_1_1,IR,Icam1+ Neu,-2.220602692,1.271438077
AGGGCTCGTCCGGCAT-1_1_1,IR,Icam1+ Neu,-4.934422195,3.783221915
AGGGCTCTCCTGTAAG-1_1_1,IR,Isg15+ Neu,-1.343321383,0.045889809
AGGGTCCTCTCTTGCG-1_1_1,IR,Icam1+ Neu,-2.696051538,1.013367846
AGGGTCCTCTGCTCTG-1_1_1,IR,Csf3r-hi Neu,0.939576089,1.862048819
AGGGTGACACGTAGAG-1_1_1,IR,Cd14-hi Neu,-0.447128356,-2.255897925
AGGGTGACAGGTGGAT-1_1_1,IR,Icam1+ Neu,-3.01522249,0.740440204
AGGGTTTAGTTGTAAG-1_1_1,IR,Cd14-hi Neu,-2.57070607,-2.346280858
AGGTAGGAGGAAACGA-1_1_1,IR,Icam1+ Neu,-4.928524673,-0.015249536
AGGTAGGGTCCGGATC-1_1_1,IR,Icam1+ Neu,-4.827677429,-0.101840303
AGGTAGGGTGAGATTA-1_1_1,IR,Cd14-hi Neu,-2.416470945,-1.34796004
AGGTAGGTCCTGGGAC-1_1_1,IR,Icam1+ Neu,-4.692140758,0.573266104
AGGTCATAGCAGTACG-1_1_1,IR,Icam1+ Neu,-5.757373989,0.997005894
AGGTCATGTATGAAAC-1_1_1,IR,Csf3r-hi Neu,-1.003512383,3.105075553
AGGTCATTCTTCGTAT-1_1_1,IR,Csf3r-hi Neu,0.665138721,0.969998076
AGGTCATTCTTGAGCA-1_1_1,IR,Mmp8+ Neu,7.623787701,-4.412689731
AGGTGTTCAACAACAA-1_1_1,IR,Icam1+ Neu,-2.479512155,2.008715108
AGGTGTTGTCTCGGGT-1_1_1,IR,Cd14-hi Neu,1.234348476,-0.400784299
AGGTGTTTCGAAGAAT-1_1_1,IR,Mmp8+ Neu,4.252065479,-0.266035721
AGGTTACGTAGCGTCC-1_1_1,IR,Icam1+ Neu,-4.854782761,4.761230185
AGGTTACGTGGCCCAT-1_1_1,IR,Isg15+ Neu,1.922032654,0.632780984
AGGTTACGTTATGTCG-1_1_1,IR,Cd14-hi Neu,-2.768937767,-1.465436653
AGGTTACTCAAGTGTC-1_1_1,IR,Mmp8+ Neu,3.146256744,-3.927650497
AGGTTGTTCACTGGGC-1_1_1,IR,Isg15+ Neu,3.354797899,0.570398643
AGTAACCGTAATGTGA-1_1_1,IR,Icam1+ Neu,-5.803744972,1.540173962
AGTACCACACAGTATC-1_1_1,IR,Icam1+ Neu,-2.471765221,0.990792706
AGTACCACACTACGGC-1_1_1,IR,Isg15+ Neu,1.460330903,0.281762674
AGTACCAGTGACCGAA-1_1_1,IR,Icam1+ Neu,-3.506468714,-1.744198844
AGTACCATCGTGCTCT-1_1_1,IR,Cd14-hi Neu,-1.360809982,-2.495461986
AGTACTGGTAAGGTCG-1_1_1,IR,Csf3r-hi Neu,-1.532361329,3.741584971
AGTACTGTCGACCATA-1_1_1,IR,Mmp8+ Neu,5.480338871,0.113276794
AGTAGCTAGGGCAGAG-1_1_1,IR,Mmp8+ Neu,5.173003971,-2.615742371
AGTAGCTGTCAAGGCA-1_1_1,IR,Cstdc4+ Neu,0.759318292,-4.635401771
AGTAGCTGTCTCCCTA-1_1_1,IR,Cd14-hi Neu,0.636517107,-1.380120918
AGTAGCTGTTTCCCAC-1_1_1,IR,Icam1+ Neu,-1.762919724,-3.441139028
AGTAGCTTCCACGTCT-1_1_1,IR,Cd14-hi Neu,0.34601295,-0.570792541
AGTAGCTTCTCCACTG-1_1_1,IR,Icam1+ Neu,-3.199058235,3.655071452
AGTAGTCCACTTGGCG-1_1_1,IR,Cd14-hi Neu,-0.826193929,-2.061224982
AGTAGTCCATTGAGCT-1_1_1,IR,Mmp8+ Neu,5.051526367,0.010280087
AGTAGTCTCGATACGT-1_1_1,IR,Isg15+ Neu,-0.669354499,-0.226960823
AGTCAACCACGATTCA-1_1_1,IR,Cstdc4+ Neu,-0.551502377,-3.69399719
AGTCAACGTCATAAAG-1_1_1,IR,Icam1+ Neu,-3.818392694,-1.605030462
AGTCAACGTTCGATTG-1_1_1,IR,Icam1+ Neu,-3.557403267,2.191425755
AGTCACAAGAGCATCG-1_1_1,IR,Isg15+ Neu,-0.179833248,0.019065931
AGTCACAAGGTTTGAA-1_1_1,IR,Cd14-hi Neu,-2.373225868,0.213364318
AGTCACATCAACTCTT-1_1_1,IR,Icam1+ Neu,-5.135077179,4.565896228
AGTCATGAGCATCAAA-1_1_1,IR,Isg15+ Neu,-0.467777908,-0.497942135
AGTCATGAGTACTGGG-1_1_1,IR,Mmp8+ Neu,4.301955998,-0.177421972
AGTCATGGTCAAGGCA-1_1_1,IR,Mmp8+ Neu,4.423484623,0.27925618
AGTCTCCAGAGGTCAC-1_1_1,IR,Csf3r-hi Neu,-2.056060255,3.606015399
AGTCTCCAGTGAACAT-1_1_1,IR,Mmp8+ Neu,3.41768223,-0.586924985
AGTCTCCCAGCGGTCT-1_1_1,IR,Csf3r-hi Neu,-0.752100587,2.946141436
AGTCTCCCATCCTAAG-1_1_1,IR,Mmp8+ Neu,3.594896376,-1.727720365
AGTCTCCGTATCGCGC-1_1_1,IR,Mmp8+ Neu,2.634862005,1.247178033
AGTGACTAGAAGCTCG-1_1_1,IR,Csf3r-hi Neu,0.900579989,1.729010537
AGTGACTGTCATTGCA-1_1_1,IR,Icam1+ Neu,-3.7996189,-2.014059529
AGTGACTGTGTGCTTA-1_1_1,IR,Cstdc4+ Neu,-1.696922243,-3.511100099
AGTGACTTCACAAGAA-1_1_1,IR,Icam1+ Neu,-4.083817184,1.658945754
AGTGACTTCATCCTAT-1_1_1,IR,Icam1+ Neu,-3.420010508,-1.713051185
AGTGATCGTCAACGCC-1_1_1,IR,Icam1+ Neu,-3.616454542,0.896691039
AGTGCCGAGTGGCGAT-1_1_1,IR,Mmp8+ Neu,4.828094303,-1.630184397
AGTGCCGCAGTTGGTT-1_1_1,IR,Isg15+ Neu,-0.424579308,0.309037521
AGTGCCGGTTGTGCCG-1_1_1,IR,Mmp8+ Neu,5.891679108,-0.792494849
AGTGTTGAGATCCCAT-1_1_1,IR,Cd14-hi Neu,0.136515379,-1.050175384
AGTGTTGTCAGACATC-1_1_1,IR,Csf3r-hi Neu,6.289641678,-1.669455871
AGTTAGCAGAGAGCGG-1_1_1,IR,Cd14-hi Neu,-1.693291724,0.578483417
AGTTAGCCACGCGGTT-1_1_1,IR,Cstdc4+ Neu,-0.443900854,-3.576748416
AGTTCCCGTCCATAGT-1_1_1,IR,Cd14-hi Neu,0.345110833,-1.514203981
AGTTCCCTCGAATGCT-1_1_1,IR,Cd14-hi Neu,0.75527364,-0.766481921
AGTTCCCTCTTGGGCG-1_1_1,IR,Mmp8+ Neu,5.553135216,-2.447574422
AGTTCGAAGCCTCCAG-1_1_1,IR,Cd14-hi Neu,1.390801727,-1.327081904
AGTTCGAGTCACAGAG-1_1_1,IR,Cstdc4+ Neu,-1.296515048,-4.412448928
AGTTCGATCAGTGCGC-1_1_1,IR,Cd14-hi Neu,-2.839897335,-0.694299028
AGTTCGATCCGCAAAT-1_1_1,IR,Isg15+ Neu,-1.293042958,-0.206988022
ATACCTTAGGTTACAA-1_1_1,IR,Icam1+ Neu,-2.57901901,0.859605148
ATACCTTGTGCGAACA-1_1_1,IR,Icam1+ Neu,-4.315026462,3.769682124
ATACCTTTCAAGTCGT-1_1_1,IR,Cd14-hi Neu,-0.944228948,-2.647314355
ATACTTCAGTGGACTG-1_1_1,IR,Icam1+ Neu,-3.426296175,1.150775626
ATACTTCAGTGTACCT-1_1_1,IR,Cd14-hi Neu,-1.897392452,-2.387746141
ATACTTCGTTCCGCAG-1_1_1,IR,Icam1+ Neu,-4.392337501,0.794925049
ATAGACCAGACAGCGT-1_1_1,IR,Mmp8+ Neu,4.319335281,-2.643473909
ATAGACCAGCGCAATG-1_1_1,IR,Icam1+ Neu,-3.585089624,2.278410867
ATAGACCCACTCCCTA-1_1_1,IR,Mmp8+ Neu,5.030233681,-0.424426303
ATAGACCCAGCTGTTA-1_1_1,IR,Csf3r-hi Neu,-0.559090883,2.653112605
ATAGAGAAGACTGAGC-1_1_1,IR,Mmp8+ Neu,5.647764504,-2.181903646
ATAGAGAGTCCCACGA-1_1_1,IR,Cstdc4+ Neu,-0.123668198,-3.952422425
ATAGAGATCCGCACGA-1_1_1,IR,Mmp8+ Neu,6.807571232,-2.536828086
ATAGGCTCAAATGAGT-1_1_1,IR,Icam1+ Neu,-2.79425186,-2.433140204
ATAGGCTTCCTTCTGG-1_1_1,IR,Cd14-hi Neu,-0.742899657,-0.892401278
ATATCCTCACCAGACC-1_1_1,IR,Cd14-hi Neu,-1.87566191,-1.429806158
ATATCCTGTTTAGTCG-1_1_1,IR,Isg15+ Neu,2.142704069,-2.489543006
ATCACGAAGCGCCCAT-1_1_1,IR,Cstdc4+ Neu,0.758583366,-3.581694886
ATCACGACAGAGCTAG-1_1_1,IR,Mmp8+ Neu,4.343158066,-4.028977678
ATCACGAGTAGAGATT-1_1_1,IR,Cd14-hi Neu,-0.94084394,-2.482156918
ATCACGAGTCGATTAC-1_1_1,IR,Mmp8+ Neu,2.875829517,-4.243924663
ATCACTTCACTGGATT-1_1_1,IR,Cstdc4+ Neu,2.133024513,-3.550181911
ATCACTTCAGATTAAG-1_1_1,IR,Icam1+ Neu,-2.491871775,1.491027787
ATCACTTTCTCGTGAA-1_1_1,IR,Mmp8+ Neu,1.891792595,-1.35823308
ATCAGGTAGGGCGAAG-1_1_1,IR,Cstdc4+ Neu,1.353269755,-3.732541606
ATCAGGTCAACCTAAC-1_1_1,IR,Icam1+ Neu,-5.863157928,1.405668929
ATCAGGTCACACCGCA-1_1_1,IR,Csf3r-hi Neu,1.706103622,3.111500457
ATCATTCCACACCTAA-1_1_1,IR,Icam1+ Neu,-3.832935989,-2.846609995
ATCATTCGTGCCCTTT-1_1_1,IR,Icam1+ Neu,-5.340284527,3.424289897
ATCATTCGTTCAACGT-1_1_1,IR,Mmp8+ Neu,3.825273811,1.122115329
ATCCACCCACGATTCA-1_1_1,IR,Csf3r-hi Neu,0.232301265,1.027771189
ATCCACCTCTGAGGCC-1_1_1,IR,Cd14-hi Neu,0.239468932,-2.173950717
ATCCATTCACCGTGGT-1_1_1,IR,Cd14-hi Neu,-2.482330263,-1.995596752
ATCCATTGTTGTAGCT-1_1_1,IR,Cd14-hi Neu,0.406953871,-1.012612533
ATCCATTTCTTACGTT-1_1_1,IR,Icam1+ Neu,-5.591489971,4.017522528
ATCCCTGTCGGCTGGT-1_1_1,IR,Icam1+ Neu,-5.528417767,4.273773864
ATCCGTCCAGAGGTTG-1_1_1,IR,Csf3r-hi Neu,1.683592617,1.067275956
ATCGATGAGGTGCTGA-1_1_1,IR,Cd14-hi Neu,-2.565661848,-2.352119133
ATCGATGGTTACCGTA-1_1_1,IR,Csf3r-hi Neu,-0.505689711,1.562040761
ATCGATGTCATCTCTA-1_1_1,IR,Cd14-hi Neu,1.077642142,-1.50538005
ATCGATGTCTCGACCT-1_1_1,IR,Cstdc4+ Neu,-1.311345041,-4.121203944
ATCGGATCAGGAATCG-1_1_1,IR,Mmp8+ Neu,3.879042446,-3.336619184
ATCGGATTCCTGTAGA-1_1_1,IR,Mmp8+ Neu,3.558672487,0.463516548
ATCGGATTCCTTATAC-1_1_1,IR,Icam1+ Neu,-3.19997114,-2.262591645
ATCGGCGAGAAACCCG-1_1_1,IR,Icam1+ Neu,-3.812335194,2.243417218
ATCGGCGAGAGATTCA-1_1_1,IR,Icam1+ Neu,-4.619900406,3.484004691
ATCGGCGAGGGATCTG-1_1_1,IR,Mmp8+ Neu,3.760031044,-3.437500283
ATCGGCGAGTGAGTGC-1_1_1,IR,Icam1+ Neu,-5.397774399,3.146650985
ATCGTAGAGGTTTACC-1_1_1,IR,Cstdc4+ Neu,-4.038032234,-0.595150784
ATCGTAGCATCCTTCG-1_1_1,IR,Cstdc4+ Neu,2.436748802,-3.534499213
ATCGTAGGTAGACGGT-1_1_1,IR,Mmp8+ Neu,2.800083935,-1.128343437
ATCGTCCCAAGTACCT-1_1_1,IR,Isg15+ Neu,-3.109535873,-0.486885533
ATCGTCCCACTGCATA-1_1_1,IR,Icam1+ Neu,-5.353603542,1.996077016
ATCGTCCCAGGCCTGT-1_1_1,IR,Mmp8+ Neu,3.280246794,-2.558810398
ATCGTCCGTCCAGAAG-1_1_1,IR,Csf3r-hi Neu,0.136165887,2.847934439
ATCGTCCTCACCGACG-1_1_1,IR,Mmp8+ Neu,2.985609352,0.250303819
ATCGTCCTCATGAAAG-1_1_1,IR,Cstdc4+ Neu,-0.408681632,-4.005236432
ATCGTCCTCCCTGTTG-1_1_1,IR,Icam1+ Neu,-3.293346107,0.548503115
ATCGTGAAGCAAGTGC-1_1_1,IR,Csf3r-hi Neu,-0.888772786,1.719450667
ATCGTGAGTAAGATAC-1_1_1,IR,Cstdc4+ Neu,1.338231384,-4.509442851
ATCTCTAAGCTCTGTA-1_1_1,IR,Icam1+ Neu,-4.718969047,1.808609202
ATCTCTACATAAGCGG-1_1_1,IR,Cd14-hi Neu,0.415178239,-1.865551219
ATCTCTACATGCCATA-1_1_1,IR,Mmp8+ Neu,6.760624229,-3.412076041
ATCTCTACATGTGCTA-1_1_1,IR,Cd14-hi Neu,-0.631878883,-2.166391298
ATCTTCAAGAGGTCAC-1_1_1,IR,Icam1+ Neu,-3.314423979,0.675373748
ATCTTCACATCCGTGG-1_1_1,IR,Icam1+ Neu,-2.225700319,3.062332824
ATGAAAGCAGTATTCG-1_1_1,IR,Mmp8+ Neu,2.801280796,-3.472356603
ATGAAAGTCATAGCAC-1_1_1,IR,Mmp8+ Neu,5.907293617,-2.644109652
ATGACCAAGATCACTC-1_1_1,IR,Icam1+ Neu,-5.963535965,0.940164759
ATGACCAAGTGGTTAA-1_1_1,IR,Mmp8+ Neu,3.569999992,-4.242620036
ATGACCATCGCGCCAA-1_1_1,IR,Icam1+ Neu,-4.331840694,-0.031525657
ATGAGGGGTCAGTCTA-1_1_1,IR,Icam1+ Neu,-6.089638412,2.678080514
ATGAGGGGTCCGGTGT-1_1_1,IR,Cd14-hi Neu,-1.926346243,-2.239535138
ATGAGGGTCAAGAGGC-1_1_1,IR,Icam1+ Neu,-5.499680698,1.899843648
ATGAGTCAGTAGGCCA-1_1_1,IR,Csf3r-hi Neu,-0.79738307,2.391912415
ATGATCGAGGGACCAT-1_1_1,IR,Cd14-hi Neu,-0.841015101,-0.707506463
ATGATCGTCGGTTCAA-1_1_1,IR,Icam1+ Neu,-2.383953751,2.882182315
ATGCATGAGCTAAATG-1_1_1,IR,Cd14-hi Neu,-0.124847562,-1.883464501
ATGCATGCAGGTCCCA-1_1_1,IR,Icam1+ Neu,-2.152362884,0.608748272
ATGCATGGTCGTTCAA-1_1_1,IR,Icam1+ Neu,-4.584373653,-0.641953633
ATGCCTCTCCGGTAAT-1_1_1,IR,Isg15+ Neu,0.989368617,0.301981166
ATGCGATCATCGATAC-1_1_1,IR,Mmp8+ Neu,4.041010201,-1.003470198
ATGGAGGAGGTTCTTG-1_1_1,IR,Icam1+ Neu,-3.033260525,1.792013839
ATGGAGGAGTTGTCAC-1_1_1,IR,Cstdc4+ Neu,0.701474905,-4.624993608
ATGGAGGCAACGGTAG-1_1_1,IR,Icam1+ Neu,-4.064178646,2.105814889
ATGGATCAGGGCATGT-1_1_1,IR,Icam1+ Neu,-5.792396725,3.643910601
ATGGATCAGTAAGACT-1_1_1,IR,Mmp8+ Neu,5.240066349,-2.792109773
ATGGATCAGTGCAGCA-1_1_1,IR,Cstdc4+ Neu,-1.185499013,-3.858657882
ATGGATCCACCCTTGT-1_1_1,IR,Cd14-hi Neu,-2.276497066,-0.464277432
ATGGGAGAGTTCATGC-1_1_1,IR,Mmp8+ Neu,5.227421581,-2.24172096
ATGGGTTCAACCGTGC-1_1_1,IR,Icam1+ Neu,-4.862542332,3.52088423
ATGGGTTCAGTTGTTG-1_1_1,IR,Icam1+ Neu,-1.670464814,2.814521506
ATGGGTTCATTCGATG-1_1_1,IR,Cd14-hi Neu,0.107967257,-1.111552622
ATGGGTTGTAAGCGGT-1_1_1,IR,Csf3r-hi Neu,-0.117786095,2.851103261
ATGGGTTGTCTGGTTA-1_1_1,IR,Isg15+ Neu,0.675418436,0.66933687
ATGGTTGAGGGCAATC-1_1_1,IR,Icam1+ Neu,-4.850253284,-1.492981807
ATGGTTGCAACGGCTC-1_1_1,IR,Icam1+ Neu,-3.455138863,-3.418241784
ATGGTTGCAGTTTCGA-1_1_1,IR,Icam1+ Neu,-5.798986614,1.547150805
ATGTCCCGTTATCCAG-1_1_1,IR,Icam1+ Neu,-5.401017368,4.218915656
ATGTCCCTCGGTAACT-1_1_1,IR,Csf3r-hi Neu,-1.147965193,1.528665021
ATGTCCCTCTCGAGTA-1_1_1,IR,Icam1+ Neu,-3.796905697,1.938109114
ATGTCTTCAGCGACCT-1_1_1,IR,Cstdc4+ Neu,0.700609922,-3.960249707
ATGTCTTGTACCGCGT-1_1_1,IR,Cstdc4+ Neu,0.620772004,-4.397857949
ATGTCTTGTTACCCTC-1_1_1,IR,Icam1+ Neu,-4.843192757,3.855200484
ATTACCTCACAGTACT-1_1_1,IR,Icam1+ Neu,-4.213934124,-2.07390289
ATTACCTTCAATCTTC-1_1_1,IR,Cstdc4+ Neu,-1.665583909,-4.326093719
ATTACCTTCACCTCTG-1_1_1,IR,Icam1+ Neu,-4.265468777,0.211399987
ATTACCTTCTAGGCAT-1_1_1,IR,Cd14-hi Neu,-1.801617802,-0.691627875
ATTACTCCACAAGCTT-1_1_1,IR,Cstdc4+ Neu,0.026294276,-4.738317058
ATTACTCGTCGCATGC-1_1_1,IR,Csf3r-hi Neu,2.867873966,1.150556042
ATTACTCGTGTCGCTG-1_1_1,IR,Icam1+ Neu,-4.704539955,-0.199458108
ATTACTCGTTGTTTGG-1_1_1,IR,Icam1+ Neu,-5.909248054,1.925442889
ATTATCCCACAGCTGC-1_1_1,IR,Csf3r-hi Neu,-1.243448675,2.14568825
ATTCACTAGCTGTCCG-1_1_1,IR,Mmp8+ Neu,2.306382477,-0.906148702
ATTCACTCATTCTTCA-1_1_1,IR,Csf3r-hi Neu,0.725160956,2.208037093
ATTCACTGTAATTGGA-1_1_1,IR,Csf3r-hi Neu,2.162911236,1.161988452
ATTCACTGTCCCTCAT-1_1_1,IR,Cstdc4+ Neu,-1.825721085,-3.9634922
ATTCAGGAGGTTCCGC-1_1_1,IR,Cstdc4+ Neu,-1.161139787,-3.961292073
ATTCAGGCAGCACCCA-1_1_1,IR,Csf3r-hi Neu,-0.845707477,2.138886645
ATTCAGGGTCTGTGCG-1_1_1,IR,Csf3r-hi Neu,-0.022644669,2.297071889
ATTCAGGGTTTGTGGT-1_1_1,IR,Mmp8+ Neu,4.849529087,-0.515642152
ATTCAGGTCCATAGAC-1_1_1,IR,Cstdc4+ Neu,2.202530682,1.29386492
ATTCATCAGCCATTCA-1_1_1,IR,Csf3r-hi Neu,-0.54435578,1.966948226
ATTCATCAGCCGATTT-1_1_1,IR,Mmp8+ Neu,3.311945021,0.969831898
ATTCATCAGTAGGTTA-1_1_1,IR,Cd14-hi Neu,0.386767745,-1.298047081
ATTCATCCACAACGTT-1_1_1,IR,Cd14-hi Neu,-1.744829596,0.661055162
ATTCATCGTTTGCCGG-1_1_1,IR,Cstdc4+ Neu,0.244904369,-4.277297542
ATTCCCGAGTAACCTC-1_1_1,IR,Icam1+ Neu,-5.799051464,3.43313618
ATTCCCGCATGACGTT-1_1_1,IR,Csf3r-hi Neu,-1.070155204,3.304336741
ATTCCCGTCTGTCGCT-1_1_1,IR,Icam1+ Neu,-5.258651913,0.010739162
ATTCCTAAGTCTGCAT-1_1_1,IR,Icam1+ Neu,-5.908720673,2.795528367
ATTCCTATCGTCCTTG-1_1_1,IR,Icam1+ Neu,-3.572694958,1.544693663
ATTCCTATCTGGGAGA-1_1_1,IR,Cd14-hi Neu,-1.993172944,-2.358536527
ATTCGTTTCGATTGGT-1_1_1,IR,Cd14-hi Neu,-1.83758694,0.276274159
ATTCTACAGAGATCGC-1_1_1,IR,Csf3r-hi Neu,0.12440902,3.303312018
ATTCTACCACGCGCTA-1_1_1,IR,Cstdc4+ Neu,5.349851429,-3.571754501
ATTCTACGTGATTGGG-1_1_1,IR,Isg15+ Neu,-0.732456446,-0.136821732
ATTCTTGCATAATCGC-1_1_1,IR,Icam1+ Neu,-5.699646652,3.419622138
ATTCTTGGTATGAAGT-1_1_1,IR,Cstdc4+ Neu,-2.370217979,-4.132335231
ATTGGGTAGTGATCGG-1_1_1,IR,Mmp8+ Neu,3.216247856,-0.956455425
ATTGGGTGTTAGTCGT-1_1_1,IR,Cstdc4+ Neu,0.455977261,-4.729786203
ATTGGGTGTTGTACGT-1_1_1,IR,Icam1+ Neu,-4.523961723,2.192483857
ATTGTTCAGAGGCTGT-1_1_1,IR,Icam1+ Neu,-4.09720248,-1.410260365
ATTGTTCAGGTAGACC-1_1_1,IR,Cd14-hi Neu,0.20837152,-1.706481502
ATTGTTCAGTTGGAAT-1_1_1,IR,Cd14-hi Neu,-0.748467327,-2.473866865
ATTTACCAGTACCATC-1_1_1,IR,Icam1+ Neu,-3.252585113,0.988212779
ATTTACCAGTCGGGAT-1_1_1,IR,Icam1+ Neu,-2.924504936,0.612588361
ATTTACCCAGAGTGAC-1_1_1,IR,Icam1+ Neu,-4.8203246,0.284594014
ATTTACCGTGAGGCAT-1_1_1,IR,Csf3r-hi Neu,2.90746504,2.273621276
ATTTACCTCACGATCA-1_1_1,IR,Cd14-hi Neu,-2.267570675,-1.163051769
ATTTCACAGTGCAGCA-1_1_1,IR,Cd14-hi Neu,0.437698781,-2.343930886
ATTTCACCAATTGCAC-1_1_1,IR,Icam1+ Neu,-4.552355946,3.418574527
ATTTCACGTCAACGCC-1_1_1,IR,Cstdc4+ Neu,-0.076975123,-3.40988116
ATTTCACGTGTTTGCA-1_1_1,IR,Cstdc4+ Neu,-1.529488504,-3.122170493
ATTTCACTCTTCTGGC-1_1_1,IR,Cd14-hi Neu,-2.814951122,-1.674139843
ATTTCTGCAGTTTGGT-1_1_1,IR,Icam1+ Neu,-1.514448107,1.92507787
ATTTCTGGTTTGTTGG-1_1_1,IR,Icam1+ Neu,-4.238361061,-2.677794859
ATTTCTGTCCACAGCG-1_1_1,IR,Isg15+ Neu,-1.66214639,-1.143857017
CAACAACAGAGTTGTA-1_1_1,IR,Cd14-hi Neu,0.385966658,-1.875117526
CAACAACCAACCGTAT-1_1_1,IR,Isg15+ Neu,-0.739165187,-0.049672529
CAACAACCAGTAGTGG-1_1_1,IR,Icam1+ Neu,-4.045129002,-1.408736244
CAACAACGTGAAAGTT-1_1_1,IR,Cd14-hi Neu,-2.322225035,-0.693199888
CAACAGTAGATGCTGG-1_1_1,IR,Cstdc4+ Neu,-1.929642141,-1.243409038
CAACAGTAGTCTGGTT-1_1_1,IR,Cd14-hi Neu,-1.059793294,-3.17990689
CAACCAAGTCGCATCG-1_1_1,IR,Mmp8+ Neu,2.131961643,-1.586989269
CAACCTCAGGTTCTTG-1_1_1,IR,Csf3r-hi Neu,-1.549925507,3.838394358
CAACCTCTCGCCGTGA-1_1_1,IR,Icam1+ Neu,-2.149504483,0.195649698
CAACGATAGCCGTTGC-1_1_1,IR,Icam1+ Neu,-5.99540633,2.633067563
CAACGATGTGTTTGCA-1_1_1,IR,Icam1+ Neu,-2.488969505,1.597731784
CAACGGCAGTGGCAGT-1_1_1,IR,Cd14-hi Neu,-1.82977146,-1.823452399
CAACGGCCACTGTTCC-1_1_1,IR,Csf3r-hi Neu,1.915778696,1.638217881
CAACGGCCATGTTCGA-1_1_1,IR,Cstdc4+ Neu,-4.045659244,-0.334636137
CAAGACTCAAACGTGG-1_1_1,IR,Isg15+ Neu,-1.011596084,0.342224434
CAAGACTGTATCGCGC-1_1_1,IR,Csf3r-hi Neu,-0.890455366,1.818014815
CAAGACTGTGACTATC-1_1_1,IR,Cstdc4+ Neu,-1.943671406,-4.299470231
CAAGAGGCATAGACTC-1_1_1,IR,Icam1+ Neu,-6.210147083,1.620887473
CAAGAGGGTAACTAAG-1_1_1,IR,Icam1+ Neu,-4.532934368,-0.998268336
CAAGAGGGTGGAACCA-1_1_1,IR,Mmp8+ Neu,3.269988358,-0.076464519
CAAGAGGTCCCTTCCC-1_1_1,IR,Icam1+ Neu,-1.535244883,1.434061005
CAAGCTACAAGAGGCT-1_1_1,IR,Cd14-hi Neu,-1.630115927,-2.116886661
CAAGCTACACGGTGTC-1_1_1,IR,Cstdc4+ Neu,-0.963036836,-4.619183109
CAAGCTACATGACTGT-1_1_1,IR,Icam1+ Neu,-3.836140573,4.488930419
CAAGCTATCCTGTTGC-1_1_1,IR,Icam1+ Neu,-2.191579283,3.527088836
CAAGCTATCGGCATCG-1_1_1,IR,Icam1+ Neu,-2.547376812,-0.506775365
CAAGGGAAGGTGAGAA-1_1_1,IR,Cd14-hi Neu,1.747789561,-1.82397537
CAAGGGAGTTACCTGA-1_1_1,IR,Icam1+ Neu,-4.627504051,3.085485175
CAAGGGATCGTCGACG-1_1_1,IR,Icam1+ Neu,-4.024154365,3.618287757
CAATACGCATGGAATA-1_1_1,IR,Mmp8+ Neu,4.997681915,-2.148617551
CAATCGAAGGTTGCCC-1_1_1,IR,Csf3r-hi Neu,-0.749911189,2.284771636
CAATCGAAGTGACCTT-1_1_1,IR,Icam1+ Neu,-4.95363015,2.854551032
CAATCGACAAATAAGC-1_1_1,IR,Cd14-hi Neu,-0.954465867,-2.98623614
CAATCGACAGATACTC-1_1_1,IR,Icam1+ Neu,-2.753139437,2.752991631
CAATCGACAGCTTCGG-1_1_1,IR,Cd14-hi Neu,-1.485221088,0.539169266
CAATCGAGTACCCGAC-1_1_1,IR,Icam1+ Neu,-3.3844077,1.577285245
CAATCGATCACAATGC-1_1_1,IR,Isg15+ Neu,-1.21361202,0.908500984
CAATCGATCCACCTGT-1_1_1,IR,Mmp8+ Neu,1.76646775,-0.363732145
CAATCGATCGGCTTCT-1_1_1,IR,Icam1+ Neu,-3.635240496,2.862770274
CAATGACCACGCTATA-1_1_1,IR,Icam1+ Neu,-2.868863047,4.449261859
CAATGACTCGTAGGAG-1_1_1,IR,Cd14-hi Neu,-3.282198131,-0.715727642
CAATTTCAGCCTCAAT-1_1_1,IR,Icam1+ Neu,-5.075635612,1.969390586
CAATTTCTCGAAGCAG-1_1_1,IR,Cd14-hi Neu,0.532935917,-0.76347749
CACAACAGTCAGGAGT-1_1_1,IR,Icam1+ Neu,-5.444929302,1.972541049
CACAACAGTGTATACC-1_1_1,IR,Icam1+ Neu,-3.799695433,3.378616526
CACACAACAAGTTTGC-1_1_1,IR,Icam1+ Neu,-4.72577256,3.224098876
CACAGATAGCGTTCCG-1_1_1,IR,Mmp8+ Neu,5.054160416,-2.268247649
CACAGATCATGTCGTA-1_1_1,IR,Cstdc4+ Neu,-2.673770369,-3.594326064
CACAGATGTGAATGTA-1_1_1,IR,Csf3r-hi Neu,-0.627631337,1.693089202
CACAGATTCGGAACTT-1_1_1,IR,Mmp8+ Neu,1.56673783,-1.51070185
CACAGGCCATCTATCT-1_1_1,IR,Mmp8+ Neu,3.929517567,-1.207309991
CACAGGCGTTTCGATG-1_1_1,IR,Cstdc4+ Neu,1.046935618,-3.945555017
CACATGACATGGAAGC-1_1_1,IR,Icam1+ Neu,-2.378634632,-2.537900731
CACATGAGTACTCGTA-1_1_1,IR,Mmp8+ Neu,6.700624287,-3.287930534
CACATGATCACGGGCT-1_1_1,IR,Cd14-hi Neu,-1.223263443,-1.596533045
CACATGATCATTTACC-1_1_1,IR,Mmp8+ Neu,3.584857761,-4.015979812
CACCAAAAGCGCCGTT-1_1_1,IR,Icam1+ Neu,-5.260838211,4.22296448
CACCAAACACAAGCCC-1_1_1,IR,Icam1+ Neu,-3.009400785,2.022966101
CACCAAACATTCATCT-1_1_1,IR,Icam1+ Neu,-4.587182701,2.462060168
CACCGTTCATGTCGTA-1_1_1,IR,Icam1+ Neu,-3.073433817,-3.093988464
CACCGTTGTTTGCCGG-1_1_1,IR,Icam1+ Neu,-4.879407585,4.614712909
CACCGTTTCCCGTTGT-1_1_1,IR,Cstdc4+ Neu,0.39179933,-4.700611875
CACCGTTTCTACTCAT-1_1_1,IR,Cd14-hi Neu,-0.748790265,-1.659638748
CACGAATAGAGTCGAC-1_1_1,IR,Icam1+ Neu,-3.840199173,-1.506986693
CACGAATAGGAGAGGC-1_1_1,IR,Csf3r-hi Neu,-0.544320137,2.551296189
CACGAATTCACCGCTT-1_1_1,IR,Icam1+ Neu,-5.435015858,3.503164008
CACGAATTCACGAGGA-1_1_1,IR,Isg15+ Neu,-0.471068263,-0.386906013
CACGGGTAGAGGGCGA-1_1_1,IR,Icam1+ Neu,-4.430747211,3.44853802
CACGGGTAGGGTAGCT-1_1_1,IR,Cd14-hi Neu,-3.124920309,-0.202427909
CACGGGTAGTGCGACA-1_1_1,IR,Icam1+ Neu,-5.058255375,-1.251627788
CACGGGTCACACCTTC-1_1_1,IR,Cstdc4+ Neu,-1.76297611,-4.490785644
CACGGGTCACCGTGCA-1_1_1,IR,Cd14-hi Neu,-2.907663763,1.807914689
CACGTGGTCACCCATC-1_1_1,IR,Cd14-hi Neu,-1.993574083,-2.816292689
CACGTTCAGGATGTTA-1_1_1,IR,Isg15+ Neu,0.31303066,-0.259041414
CACGTTCAGTAGGAAG-1_1_1,IR,Icam1+ Neu,-2.817364872,0.673163011
CACGTTCCAGCCATTA-1_1_1,IR,Icam1+ Neu,-5.577912033,2.479312375
CACTAAGAGAAATGGG-1_1_1,IR,Icam1+ Neu,-4.364438713,3.08996363
CACTAAGCAACCGACC-1_1_1,IR,Cstdc4+ Neu,-1.720902265,-4.287939594
CACTGAAAGGTAAAGG-1_1_1,IR,Isg15+ Neu,-0.563088656,0.157732203
CACTGAAGTAATTGGA-1_1_1,IR,Icam1+ Neu,-4.011592329,-2.10307996
CACTGAATCGAAACAA-1_1_1,IR,Icam1+ Neu,-5.614562691,3.51847668
CACTGGGGTGTGAGCA-1_1_1,IR,Csf3r-hi Neu,-0.542873502,2.489378646
CACTGTCCAGATTCGT-1_1_1,IR,Cd14-hi Neu,-1.424179256,-2.63075845
CACTGTCTCGGTGTAT-1_1_1,IR,Icam1+ Neu,-5.724261463,2.757636025
CAGAGCCCAACCAATC-1_1_1,IR,Mmp8+ Neu,4.912795364,-1.49852328
CAGAGCCGTCCTCCAT-1_1_1,IR,Icam1+ Neu,-5.287341774,4.648018077
CAGAGCCTCATAGCAC-1_1_1,IR,Cd14-hi Neu,-1.003255248,-3.223507449
CAGATACAGCACTGGA-1_1_1,IR,Isg15+ Neu,-0.366840288,0.421320274
CAGATACGTGGCTGAA-1_1_1,IR,Csf3r-hi Neu,-0.624303013,2.340517476
CAGATACGTTTCGTAG-1_1_1,IR,Icam1+ Neu,-3.151082933,-0.357742772
CAGATACTCTGAGAAA-1_1_1,IR,Cd14-hi Neu,-2.731604994,-0.599316523
CAGATCACAAACTAGA-1_1_1,IR,Cd14-hi Neu,-2.564986885,0.359007552
CAGATCAGTACCTGTA-1_1_1,IR,Cd14-hi Neu,0.833614528,-1.984006986
CAGATTGCATTACGGT-1_1_1,IR,Icam1+ Neu,-2.010059894,2.19556041
CAGATTGGTCGCGGTT-1_1_1,IR,Icam1+ Neu,-4.441995323,2.330437377
CAGATTGGTTCGAGCC-1_1_1,IR,Icam1+ Neu,-3.581182898,-0.120063708
CAGATTGTCCCTCATG-1_1_1,IR,Icam1+ Neu,-3.455290974,0.833487346
CAGCAATCACTCCTTG-1_1_1,IR,Cstdc4+ Neu,-0.985753537,-4.656668231
CAGCAATCATACTTTC-1_1_1,IR,Icam1+ Neu,-3.065372646,1.164262488
CAGCAATCATCCAACA-1_1_1,IR,Mmp8+ Neu,1.906523764,-1.893185839
CAGCAATGTACCTTCC-1_1_1,IR,Cd14-hi Neu,0.456891715,-1.873109684
CAGCAATGTGCAATAA-1_1_1,IR,Isg15+ Neu,-0.045475007,1.24994798
CAGCAATTCCATGCAA-1_1_1,IR,Icam1+ Neu,-3.997765243,-2.909232185
CAGCAATTCTAGCCAA-1_1_1,IR,Icam1+ Neu,-2.237131775,0.537773326
CAGCACGAGATTTGCC-1_1_1,IR,Isg15+ Neu,-0.644941748,0.200141743
CAGCACGCACTGAATC-1_1_1,IR,Mmp8+ Neu,4.627266705,-2.57397537
CAGCAGCGTAAGACCG-1_1_1,IR,Mmp8+ Neu,4.041404545,-1.367926613
CAGCAGCTCGACGTCG-1_1_1,IR,Icam1+ Neu,-4.151041925,-2.761205361
CAGCGTGGTTGGGTAG-1_1_1,IR,Icam1+ Neu,-4.175244987,1.195842698
CAGCGTGTCACTGCTC-1_1_1,IR,Isg15+ Neu,1.203531801,-0.063362047
CAGGCCAAGAGTAACT-1_1_1,IR,Icam1+ Neu,-3.948573292,1.371429875
CAGGCCATCCGCGAGT-1_1_1,IR,Isg15+ Neu,-1.068108797,0.630795672
CAGGGCTAGCCATTGT-1_1_1,IR,Icam1+ Neu,-4.775099934,4.041490271
CAGGTATCAGTCAGTT-1_1_1,IR,Icam1+ Neu,-4.427491844,2.779271558
CAGGTATTCGCGCTGA-1_1_1,IR,Icam1+ Neu,-3.037873924,0.77762933
CAGTGCGGTTCAACGT-1_1_1,IR,Icam1+ Neu,-3.884928406,1.01613231
CAGTGCGTCCCAATAG-1_1_1,IR,Icam1+ Neu,-3.536925734,1.933579161
CAGTTAGAGAGAGGTA-1_1_1,IR,Mmp8+ Neu,5.001511871,-1.949532077
CAGTTAGAGCCGATAG-1_1_1,IR,Icam1+ Neu,-1.96684295,0.955984309
CAGTTAGCAAGGCGTA-1_1_1,IR,Icam1+ Neu,-3.365441025,-0.577408061
CAGTTAGGTCAGGAGT-1_1_1,IR,Icam1+ Neu,-3.55722636,-3.315023467
CAGTTCCAGGACACTG-1_1_1,IR,Cstdc4+ Neu,2.32022959,-3.42577605
CAGTTCCAGGGTGAAA-1_1_1,IR,Cstdc4+ Neu,0.423686802,-4.115042016
CAGTTCCCACATGGTT-1_1_1,IR,Cd14-hi Neu,0.328596413,-0.810696498
CAGTTCCTCACTGTCC-1_1_1,IR,Cstdc4+ Neu,-0.115815744,-2.115293667
CATAAGCCACATAGCT-1_1_1,IR,Csf3r-hi Neu,5.305070221,0.735656574
CATAAGCCATGACTAC-1_1_1,IR,Mmp8+ Neu,5.356722176,-1.774397716
CATAAGCTCACGAGGA-1_1_1,IR,Icam1+ Neu,-3.270890177,0.806932881
CATACAGAGGTTCCGC-1_1_1,IR,Icam1+ Neu,-4.532393158,-0.914839968
CATACAGAGTCCCAAT-1_1_1,IR,Mmp8+ Neu,5.018426716,-1.862793729
CATACAGAGTCCGCCA-1_1_1,IR,Cd14-hi Neu,-1.130375266,-0.748445139
CATACAGAGTCGTTAC-1_1_1,IR,Mmp8+ Neu,6.403851807,-2.372649357
CATACAGCAGATCACT-1_1_1,IR,Csf3r-hi Neu,1.4229272,3.163724616
CATACAGGTCGATTAC-1_1_1,IR,Isg15+ Neu,-1.062237442,0.933646634
CATACAGTCCTTATGT-1_1_1,IR,Icam1+ Neu,-3.494078577,0.808020308
CATACAGTCGTCACCT-1_1_1,IR,Cstdc4+ Neu,-1.450372518,-3.757069156
CATACCCTCTACCAGA-1_1_1,IR,Cstdc4+ Neu,0.803140878,-4.694814965
CATACTTAGCTGAGCA-1_1_1,IR,Icam1+ Neu,-2.296323717,2.869267895
CATACTTAGTTGCGCC-1_1_1,IR,Icam1+ Neu,-5.507426441,3.571575835
CATAGACAGCTGTCCG-1_1_1,IR,Csf3r-hi Neu,0.36808151,2.455937102
CATAGACAGGCGTCCT-1_1_1,IR,Isg15+ Neu,-2.71084112,-0.154451832
CATAGACCAGACACAG-1_1_1,IR,Mmp8+ Neu,5.335808575,-2.314846441
CATAGACCATCGTGGC-1_1_1,IR,Csf3r-hi Neu,-0.056587272,1.978754952
CATAGACGTGTGTCCG-1_1_1,IR,Icam1+ Neu,-4.432457149,0.942072585
CATAGACGTTGTCATG-1_1_1,IR,Mmp8+ Neu,4.228999435,-0.882922903
CATCAAGAGGTAGCAC-1_1_1,IR,Icam1+ Neu,-3.959853113,1.390475228
CATCAAGTCTTTCAGT-1_1_1,IR,Icam1+ Neu,-2.821336925,0.811930254
CATCCACAGCGTTACT-1_1_1,IR,Icam1+ Neu,-5.729049385,2.351865723
CATCCACAGGCCACTC-1_1_1,IR,Cd14-hi Neu,-1.985488117,-2.454409406
CATCCACAGGCTTCCG-1_1_1,IR,Icam1+ Neu,-4.687020958,0.268064335
CATCCACCAGTTGGTT-1_1_1,IR,Cstdc4+ Neu,1.153218925,-4.712127492
CATCCACTCAAATAGG-1_1_1,IR,Cstdc4+ Neu,2.020776808,-3.685862348
CATCCACTCCAGCAAT-1_1_1,IR,Cd14-hi Neu,-0.426802084,-1.940163419
CATCCCAAGCTGGAGT-1_1_1,IR,Mmp8+ Neu,4.791973888,-1.677572713
CATCCCAGTAGCTCGC-1_1_1,IR,Cd14-hi Neu,0.620207667,0.730916336
CATCCCAGTGTATCCA-1_1_1,IR,Icam1+ Neu,-3.435162247,1.165724232
CATCCCATCCACTGAA-1_1_1,IR,Cd14-hi Neu,1.277184188,-1.936189995
CATCCCATCGAGAAAT-1_1_1,IR,Icam1+ Neu,-5.87307328,1.0390286
CATCCGTAGTTGCCCG-1_1_1,IR,Cstdc4+ Neu,0.360224068,-4.286186979
CATCCGTCAATCAAGA-1_1_1,IR,Mmp8+ Neu,3.259088099,-0.900103897
CATCGCTAGGCCCAAA-1_1_1,IR,Cstdc4+ Neu,-0.975965858,-4.571497485
CATCGCTAGTACTGGG-1_1_1,IR,Isg15+ Neu,-1.019577027,0.105177477
CATCGCTCAATTCTCT-1_1_1,IR,Cd14-hi Neu,-2.344599188,-2.12798588
CATCGCTGTCGAATGG-1_1_1,IR,Icam1+ Neu,-3.468152941,-0.332361445
CATCGCTGTGCTGATT-1_1_1,IR,Isg15+ Neu,0.106881648,-0.047022507
CATCGCTGTTTCGACA-1_1_1,IR,Icam1+ Neu,-5.317661465,1.22333546
CATCGGGAGGCATCTT-1_1_1,IR,Cstdc4+ Neu,2.230304777,-3.780801103
CATCGGGGTTGAATCC-1_1_1,IR,Icam1+ Neu,-4.626865089,-0.511408851
CATCGGGGTTGGATCT-1_1_1,IR,Icam1+ Neu,-5.445507706,1.680888846
CATCGGGTCGGATACT-1_1_1,IR,Icam1+ Neu,-5.475035847,3.930092051
CATCGGGTCTCGGCTT-1_1_1,IR,Cstdc4+ Neu,-0.21909187,-3.815818116
CATCGTCGTCAGGTGA-1_1_1,IR,Cd14-hi Neu,-1.760953606,-0.215222285
CATGAGTCAGACCTGC-1_1_1,IR,Icam1+ Neu,-3.468502462,-2.893183634
CATGAGTGTCGTCGGT-1_1_1,IR,Icam1+ Neu,-6.229978264,2.567225411
CATGAGTGTGAGATAT-1_1_1,IR,Icam1+ Neu,-4.027763546,4.736503794
CATGCAAAGCTTAAGA-1_1_1,IR,Cd14-hi Neu,-1.834412516,-2.602014467
CATGCAAAGGCACCAA-1_1_1,IR,Icam1+ Neu,-2.051717341,-0.134374008
CATGCAAGTCCGATCG-1_1_1,IR,Icam1+ Neu,-3.562221945,4.309590533
CATGCCTGTTTGAACC-1_1_1,IR,Mmp8+ Neu,6.084338486,-1.895940468
CATGCGGAGGCCCGTT-1_1_1,IR,Icam1+ Neu,-5.348006428,4.635562136
CATGCGGAGTCCTACA-1_1_1,IR,Csf3r-hi Neu,0.73113662,1.638032391
CATGCGGCACAAGTTC-1_1_1,IR,Csf3r-hi Neu,-1.201185763,0.291212156
CATGCGGCAGTCACGC-1_1_1,IR,Cstdc4+ Neu,-1.445702613,-3.298640773
CATGCGGTCAAGAGGC-1_1_1,IR,Icam1+ Neu,-5.04147023,4.468150809
CATGCGGTCGTCGGGT-1_1_1,IR,Icam1+ Neu,-0.507251978,2.124555066
CATGCTCCAACACGAG-1_1_1,IR,Csf3r-hi Neu,-1.68028766,3.141633227
CATGCTCCAGCATGCC-1_1_1,IR,Icam1+ Neu,-5.650334061,2.59239836
CATGCTCGTGTCATTG-1_1_1,IR,Mmp8+ Neu,1.67804104,-0.094017491
CATGCTCTCCAAATGC-1_1_1,IR,Cd14-hi Neu,-1.632104099,-2.681229994
CATGGATAGTTCCGGC-1_1_1,IR,Mmp8+ Neu,3.800018131,-1.235295579
CATGGATCACGGGTAA-1_1_1,IR,Mmp8+ Neu,3.016773998,-1.295773074
CATGGATCACTGGCGT-1_1_1,IR,Cd14-hi Neu,0.766405224,-1.304825113
CATGGATCAGAACATA-1_1_1,IR,Icam1+ Neu,-1.786797822,2.238920882
CATGGATCAGTTCACA-1_1_1,IR,Cd14-hi Neu,0.12120822,-2.095977709
CATGGATGTTGCTCGG-1_1_1,IR,Icam1+ Neu,-1.76070863,1.292878821
CATGGATTCAAAGCCT-1_1_1,IR,Icam1+ Neu,-5.174181164,4.518637374
CATGGTAAGGCTGGAT-1_1_1,IR,Icam1+ Neu,-3.955073297,2.451710656
CATGGTACAATTGCAC-1_1_1,IR,Icam1+ Neu,-4.546800316,-0.697556898
CATGGTACATAGAATG-1_1_1,IR,Cd14-hi Neu,0.198183477,-1.768703923
CATGGTAGTGGTCCGT-1_1_1,IR,Icam1+ Neu,-3.810718716,-2.250715062
CATTCATGTTAGGCCC-1_1_1,IR,Icam1+ Neu,-5.751306236,0.04072316
CATTCCGTCACGATCA-1_1_1,IR,Csf3r-hi Neu,1.130666673,1.309104159
CATTCCGTCTGTAACG-1_1_1,IR,Icam1+ Neu,-1.503337205,1.62935014
CATTCTAAGAATTGTG-1_1_1,IR,Csf3r-hi Neu,-4.706139744,4.792614177
CATTCTAAGACGCATG-1_1_1,IR,Icam1+ Neu,-4.879231155,1.292401746
CATTCTACACTGGCGT-1_1_1,IR,Csf3r-hi Neu,1.430771172,0.542376712
CATTGCCAGGTTGAGC-1_1_1,IR,Icam1+ Neu,-4.232073963,0.66805692
CATTGCCCATCTCCCA-1_1_1,IR,Cstdc4+ Neu,-1.985362828,-1.123637274
CATTGCCTCAAATAGG-1_1_1,IR,Mmp8+ Neu,2.141370356,-2.042342112
CATTGTTAGTATGAGT-1_1_1,IR,Mmp8+ Neu,5.029467403,0.418696358
CATTGTTCATGCACTA-1_1_1,IR,Cstdc4+ Neu,0.694959104,-4.784568355
CATTGTTGTACAGGTG-1_1_1,IR,Cd14-hi Neu,0.156369865,-1.111590449
CATTGTTTCCATTGCC-1_1_1,IR,Mmp8+ Neu,2.574623167,-1.428169951
CATTTCACACTGGACC-1_1_1,IR,Cd14-hi Neu,-2.514320791,-0.916714654
CATTTCACATTCCTCG-1_1_1,IR,Icam1+ Neu,-2.284763277,2.521861508
CATTTCAGTGATGTAA-1_1_1,IR,Icam1+ Neu,-4.00873822,4.233327582
CCAAGCGTCTGGTCAA-1_1_1,IR,Cd14-hi Neu,-1.553867758,-1.204123527
CCAATGACAGTCGTTA-1_1_1,IR,Cd14-hi Neu,-0.198963941,-1.344801858
CCAATGACATGGAACG-1_1_1,IR,Cstdc4+ Neu,-1.480208457,-4.437987849
CCAATGAGTTATGTCG-1_1_1,IR,Isg15+ Neu,-0.73055172,0.635197237
CCAATTTTCATTCGGA-1_1_1,IR,Cd14-hi Neu,-2.124782026,-1.994944558
CCACAAAAGAAGCTCG-1_1_1,IR,Mmp8+ Neu,4.140977203,-0.541893527
CCACAAAAGACCACGA-1_1_1,IR,Csf3r-hi Neu,0.203267276,1.881273463
CCACAAAGTATCAGCT-1_1_1,IR,Icam1+ Neu,-4.826516807,1.840137675
CCACAAATCATTGGTG-1_1_1,IR,Icam1+ Neu,-5.888848007,1.982922986
CCACAAATCCTAACAG-1_1_1,IR,Cstdc4+ Neu,-1.748935879,-3.689249084
CCACAAATCGACGACC-1_1_1,IR,Cstdc4+ Neu,0.529049456,-4.501525686
CCACACTGTTGCCGCA-1_1_1,IR,Cd14-hi Neu,-3.169898689,-0.635892406
CCACACTTCATGACAC-1_1_1,IR,Icam1+ Neu,-5.027475059,3.294141963
CCACACTTCTGAACGT-1_1_1,IR,Cstdc4+ Neu,-2.015767038,-4.180587098
CCACCATCAAATCCCA-1_1_1,IR,Icam1+ Neu,-4.639926136,-0.045419261
CCACCATCAGCAGACA-1_1_1,IR,Cd14-hi Neu,0.157952159,-2.329085753
CCACCATGTATTAAGG-1_1_1,IR,Csf3r-hi Neu,-0.257804782,2.05178304
CCACCATGTTAGAGAT-1_1_1,IR,Csf3r-hi Neu,0.334767997,3.896020606
CCACGAGAGGGCCCTT-1_1_1,IR,Cd14-hi Neu,-1.808066667,-2.609686539
CCACGAGAGGTTCAGG-1_1_1,IR,Isg15+ Neu,0.103720307,-0.182766542
CCACGAGCAAAGGCAC-1_1_1,IR,Cstdc4+ Neu,0.937578737,-2.76088278
CCACGAGGTTTGGGTT-1_1_1,IR,Icam1+ Neu,-5.301825703,1.767362073
CCACGAGTCTCCTGCA-1_1_1,IR,Cd14-hi Neu,-2.491937578,-2.449850962
CCACGTTAGGCCTGAA-1_1_1,IR,Cd14-hi Neu,0.425830364,-1.152834192
CCACGTTCAGTATTCG-1_1_1,IR,Mmp8+ Neu,3.086301624,0.084934666
CCACGTTGTAACGATA-1_1_1,IR,Cstdc4+ Neu,-1.174261272,-4.358143851
CCACGTTTCGTGAGAG-1_1_1,IR,Cstdc4+ Neu,-0.620445818,-3.430467174
CCACTTGCAAGACCGA-1_1_1,IR,Cd14-hi Neu,-2.955847919,-1.947508559
CCACTTGCATCAGCGC-1_1_1,IR,Cd14-hi Neu,-0.144935906,-1.551409796
CCACTTGGTCAATCTG-1_1_1,IR,Isg15+ Neu,-0.160344819,-0.133714065
CCATAAGAGTCGTCTA-1_1_1,IR,Cstdc4+ Neu,-1.583918035,-3.901007936
CCATCACAGCGGACAT-1_1_1,IR,Mmp8+ Neu,2.870256483,-1.543155596
CCATCACCAAGCCTGC-1_1_1,IR,Icam1+ Neu,-3.807733715,-2.814948008
CCATCACCACTGGATT-1_1_1,IR,Csf3r-hi Neu,2.893781244,1.712154582
CCATCACCATCAGCAT-1_1_1,IR,Icam1+ Neu,-4.148232162,4.465955928
CCATCACGTGTCTTCC-1_1_1,IR,Cd14-hi Neu,-1.513773859,0.525734022
CCCAACTAGAATCGTA-1_1_1,IR,Isg15+ Neu,0.247386217,-0.222099886
CCCAACTAGGTGCTAG-1_1_1,IR,Icam1+ Neu,-3.551003635,0.53610225
CCCAACTCAGTTTGGT-1_1_1,IR,Icam1+ Neu,-3.269457758,-3.224594161
CCCAACTGTCTAACTG-1_1_1,IR,Icam1+ Neu,-5.736449898,0.900949672
CCCATTGCAAAGGCGT-1_1_1,IR,Mmp8+ Neu,5.099479496,-1.922765419
CCCATTGCACTTGAAC-1_1_1,IR,Icam1+ Neu,-3.969471634,-1.895586178
CCCATTGCAGGACGAT-1_1_1,IR,Csf3r-hi Neu,1.040658772,2.335082724
CCCATTGCAGGTCTCG-1_1_1,IR,Csf3r-hi Neu,-1.340799153,3.409331038
CCCATTGGTCATACCA-1_1_1,IR,Cd14-hi Neu,-2.412061871,-1.402187512
CCCATTGTCTGCACCT-1_1_1,IR,Icam1+ Neu,-3.224060476,-3.531727359
CCCGAAGCAACTAGAA-1_1_1,IR,Isg15+ Neu,0.425509393,1.067396834
CCCGAAGCACTGAGGA-1_1_1,IR,Cd14-hi Neu,1.968269646,-2.402174995
CCCGAAGCATTGTGCA-1_1_1,IR,Icam1+ Neu,-3.980570734,-2.251464054
CCCGGAAAGAAGCCTG-1_1_1,IR,Cd14-hi Neu,-1.416707337,-2.371942327
CCCGGAAAGTTGCGCC-1_1_1,IR,Cd14-hi Neu,-2.046960414,-2.102563307
CCCGGAACATCTCATT-1_1_1,IR,Mmp8+ Neu,4.176464378,-1.262904212
CCCGGAAGTTGCCAAT-1_1_1,IR,Cd14-hi Neu,0.432532429,-0.880091593
CCCTAACAGGGTGAGG-1_1_1,IR,Icam1+ Neu,-5.818535507,3.592858508
CCCTAACTCGCTTTAT-1_1_1,IR,Mmp8+ Neu,2.240362942,0.016181186
CCCTCAACACTCATAG-1_1_1,IR,Icam1+ Neu,-4.699530304,2.609922364
CCCTCAACAGTCGCTG-1_1_1,IR,Cd14-hi Neu,0.251169443,-1.686858639
CCCTCTCGTGACTATC-1_1_1,IR,Csf3r-hi Neu,-0.261581697,2.107342913
CCCTGATAGACAGCGT-1_1_1,IR,Mmp8+ Neu,4.901316464,-2.509666846
CCCTGATAGCAGTACG-1_1_1,IR,Icam1+ Neu,-3.808170975,2.163098052
CCCTGATCACACCTTC-1_1_1,IR,Mmp8+ Neu,4.564647972,0.563585117
CCCTGATGTCACTCAA-1_1_1,IR,Csf3r-hi Neu,-0.338533432,2.503079608
CCCTGATTCCCTCGTA-1_1_1,IR,Csf3r-hi Neu,-0.960642219,4.519321158
CCCTGATTCGTGGGAA-1_1_1,IR,Isg15+ Neu,-0.90634799,0.587107017
CCCTTAGCAGGAACCA-1_1_1,IR,Csf3r-hi Neu,2.651561796,2.29640384
CCGAACGAGACCGTTT-1_1_1,IR,Icam1+ Neu,-4.318640411,1.344881251
CCGAACGCACTGCTTC-1_1_1,IR,Icam1+ Neu,-2.875491083,0.852315142
CCGAACGGTTTGTTCT-1_1_1,IR,Mmp8+ Neu,3.486498653,1.23022671
CCGAACGTCATTACGG-1_1_1,IR,Icam1+ Neu,-2.69364065,1.778130248
CCGATCTAGTCTTCCC-1_1_1,IR,Icam1+ Neu,-2.480239571,1.998905137
CCGATCTGTTCTGAGT-1_1_1,IR,Mmp8+ Neu,2.281297266,-0.295596227
CCGATGGAGAGCCGAT-1_1_1,IR,Mmp8+ Neu,2.996447146,-0.16950278
CCGATGGTCCCTGTTG-1_1_1,IR,Icam1+ Neu,-4.390724361,1.364050582
CCGATGGTCCGTGACG-1_1_1,IR,Cstdc4+ Neu,-1.89864713,-3.694895074
CCGCAAGTCCGTGGGT-1_1_1,IR,Icam1+ Neu,-5.630169571,2.379765942
CCGCAAGTCGAGAACG-1_1_1,IR,Icam1+ Neu,-2.464575231,1.320478394
CCGGACAAGAAGCTGC-1_1_1,IR,Icam1+ Neu,-2.875460804,2.897501662
CCGGACAAGTGGCAGT-1_1_1,IR,Mmp8+ Neu,5.073173821,-2.596735403
CCGGACAGTACTGGGA-1_1_1,IR,Isg15+ Neu,0.121296882,0.293534472
CCGGACAGTTGCTCAA-1_1_1,IR,Mmp8+ Neu,2.205903589,-0.3157361
CCGGACATCTAACGCA-1_1_1,IR,Cd14-hi Neu,-0.63351664,-1.717895553
CCGGGTAAGAGCGACT-1_1_1,IR,Icam1+ Neu,-3.329751909,-3.366558597
CCGGGTAAGGTCACAG-1_1_1,IR,Icam1+ Neu,-4.496073425,4.6878459
CCGGTAGGTCAGGAGT-1_1_1,IR,Mmp8+ Neu,4.690269768,-1.123730358
CCGGTAGGTCGTGCCA-1_1_1,IR,Cd14-hi Neu,-2.299653471,-0.772562459
CCGGTGAAGTTCAACC-1_1_1,IR,Icam1+ Neu,-2.621380508,2.637197688
CCGGTGAAGTTCTCTT-1_1_1,IR,Icam1+ Neu,-4.568942249,-0.683553771
CCGGTGAGTTTGGAAA-1_1_1,IR,Icam1+ Neu,-2.831661642,1.358790114
CCGGTGATCGCCGAGT-1_1_1,IR,Mmp8+ Neu,7.70775491,-4.581067607
CCGTAGGCACTTTAGG-1_1_1,IR,Cstdc4+ Neu,-0.684068203,-4.07778959
CCGTAGGGTAACTGCT-1_1_1,IR,Csf3r-hi Neu,0.699546456,3.214468673
CCGTAGGGTCAAGGCA-1_1_1,IR,Icam1+ Neu,-4.219684303,0.151528313
CCGTAGGTCCCGTAAA-1_1_1,IR,Mmp8+ Neu,2.029178679,-1.716411159
CCGTGAGCACTTGTCC-1_1_1,IR,Csf3r-hi Neu,-0.113566399,2.503496363
CCGTGAGGTAGCTCGC-1_1_1,IR,Icam1+ Neu,-4.880097092,4.715817168
CCGTGAGGTGTTAACC-1_1_1,IR,Icam1+ Neu,-3.482250631,1.681837037
CCGTGAGGTTTCGATG-1_1_1,IR,Icam1+ Neu,-2.524881542,-0.426371023
CCGTGAGTCCCTCTAG-1_1_1,IR,Csf3r-hi Neu,-0.234048009,3.439647391
CCGTGAGTCCGCTGTT-1_1_1,IR,Icam1+ Neu,-3.466175735,4.832854464
CCGTTCACAAATGATG-1_1_1,IR,Isg15+ Neu,-0.74037242,-0.385137484
CCGTTCATCGCTGACG-1_1_1,IR,Mmp8+ Neu,4.879837811,-1.732671365
CCGTTCATCGTCGGGT-1_1_1,IR,Icam1+ Neu,-2.031304181,1.652248576
CCTAACCAGGTCATTC-1_1_1,IR,Icam1+ Neu,-4.544472874,0.85472174
CCTAACCCAGACGGAT-1_1_1,IR,Icam1+ Neu,-3.11380452,0.379953816
CCTAACCTCGCGGTAC-1_1_1,IR,Icam1+ Neu,-3.218388975,4.503048137
CCTAAGAGTATAGCTC-1_1_1,IR,Isg15+ Neu,0.167302697,-0.077290401
CCTAAGAGTCCGGCAT-1_1_1,IR,Mmp8+ Neu,2.424024641,-3.790447995
CCTAAGAGTTCTCGTC-1_1_1,IR,Cstdc4+ Neu,2.507147133,-2.580239579
CCTACGTCAGCGTATT-1_1_1,IR,Cd14-hi Neu,1.024257004,-1.086653165
CCTATCGCAGTCTCTC-1_1_1,IR,Icam1+ Neu,-4.759794414,3.982786849
CCTATCGGTACGAAAT-1_1_1,IR,Icam1+ Neu,-2.558876217,-3.422391698
CCTATCGGTAGCGAGT-1_1_1,IR,Icam1+ Neu,-2.955832899,3.992538169
CCTCAACAGGCCTGAA-1_1_1,IR,Cd14-hi Neu,-1.926871717,-3.182460353
CCTCAACTCAGACCTA-1_1_1,IR,Icam1+ Neu,-2.95894593,1.4175293
CCTCACAAGAACAGGA-1_1_1,IR,Mmp8+ Neu,3.005796015,-0.902816326
CCTCACACAGAACTTC-1_1_1,IR,Csf3r-hi Neu,0.327199757,2.552923157
CCTCACAGTGATAGAT-1_1_1,IR,Icam1+ Neu,-3.136739672,1.51524277
CCTCACATCGCGTGAC-1_1_1,IR,Isg15+ Neu,-1.669941485,0.173239186
CCTCAGTAGAATAGTC-1_1_1,IR,Icam1+ Neu,-2.564356506,1.457200959
CCTCAGTGTCTCAGAT-1_1_1,IR,Cd14-hi Neu,0.280297964,-1.162238434
CCTCAGTTCAAACCCA-1_1_1,IR,Icam1+ Neu,-5.496987045,1.872215703
CCTCAGTTCGTTCCTG-1_1_1,IR,Icam1+ Neu,-2.373395384,3.254949286
CCTCATGAGAGAGGGC-1_1_1,IR,Csf3r-hi Neu,2.077663242,2.664884761
CCTCATGTCAGCGCAC-1_1_1,IR,Icam1+ Neu,-2.913047731,3.439787104
CCTCATGTCGTAACCA-1_1_1,IR,Mmp8+ Neu,5.78317672,-0.831255064
CCTCCAAGTGACAGGT-1_1_1,IR,Cd14-hi Neu,-0.923512757,-1.040964038
CCTCCTCAGCGCATCC-1_1_1,IR,Icam1+ Neu,-3.350258768,-2.576359079
CCTCCTCAGCGTGCTC-1_1_1,IR,Cstdc4+ Neu,-1.655452669,-3.376534507
CCTCCTCAGGGAGGCA-1_1_1,IR,Mmp8+ Neu,4.994458973,-1.923230693
CCTCCTCAGGGCAAGG-1_1_1,IR,Icam1+ Neu,-5.322490871,3.548689559
CCTCCTCAGTTGGAGC-1_1_1,IR,Icam1+ Neu,-2.324926556,2.351466849
CCTCCTCTCGTCAAAC-1_1_1,IR,Icam1+ Neu,-4.356958569,2.807287648
CCTCTAGGTCATGGCC-1_1_1,IR,Isg15+ Neu,1.506640851,-0.932036534
CCTCTAGGTCTACAGT-1_1_1,IR,Mmp8+ Neu,3.335307657,1.371001437
CCTCTAGTCATTTCGT-1_1_1,IR,Mmp8+ Neu,2.939220488,0.396698191
CCTCTAGTCCATGCAA-1_1_1,IR,Icam1+ Neu,-1.666364015,1.311677888
CCTCTAGTCGAACGGA-1_1_1,IR,Icam1+ Neu,-1.721101225,1.646701529
CCTCTCCAGAAGATCT-1_1_1,IR,Cd14-hi Neu,-1.735553325,-2.428138778
CCTCTCCAGCTGAAGC-1_1_1,IR,Mmp8+ Neu,5.186664879,-2.633001373
CCTCTCCAGGGCTTCC-1_1_1,IR,Csf3r-hi Neu,0.054687231,1.294378236
CCTCTCCAGTAGGTTA-1_1_1,IR,Cstdc4+ Neu,-1.024414123,-4.157020375
CCTGTTGAGACTCTAC-1_1_1,IR,Mmp8+ Neu,1.731981813,-0.464998231
CCTGTTGAGCCACAAG-1_1_1,IR,Cstdc4+ Neu,0.29985401,-4.083128736
CCTGTTGAGTTCCGTA-1_1_1,IR,Icam1+ Neu,-3.899654568,4.41570349
CCTGTTGGTCCACATA-1_1_1,IR,Isg15+ Neu,1.158177793,-0.046803162
CCTGTTGGTGTCCATA-1_1_1,IR,Cstdc4+ Neu,0.972460448,-3.811008022
CCTGTTGGTTACAGCT-1_1_1,IR,Cstdc4+ Neu,1.532844126,-4.265764758
CCTTCAGCAAGTAGTA-1_1_1,IR,Mmp8+ Neu,3.143497765,-0.838551224
CCTTGTGAGTGGTGGT-1_1_1,IR,Cd14-hi Neu,-2.447006405,-1.186062701
CCTTGTGGTAGCTTAC-1_1_1,IR,Icam1+ Neu,-4.139848173,3.544829085
CCTTGTGGTTAGTCGT-1_1_1,IR,Icam1+ Neu,-2.622366608,4.318567469
CCTTGTGGTTTCCATT-1_1_1,IR,Icam1+ Neu,-3.599545181,-2.280960605
CCTTGTGTCGACGCGT-1_1_1,IR,Isg15+ Neu,-0.228208453,-0.077230737
CCTTTGGAGGGTCACA-1_1_1,IR,Csf3r-hi Neu,-0.04252626,2.146282866
CCTTTGGCACGAGGTA-1_1_1,IR,Csf3r-hi Neu,0.937331974,1.027375653
CCTTTGGCATTCCTAT-1_1_1,IR,Cstdc4+ Neu,-1.305807889,-3.800900027
CCTTTGGGTAACTTCG-1_1_1,IR,Cstdc4+ Neu,-0.047236413,-4.329871938
CGAAGGACAGTATTCG-1_1_1,IR,Cd14-hi Neu,0.356262922,-1.215213955
CGAAGGAGTTAAACAG-1_1_1,IR,Icam1+ Neu,-5.636265934,2.457293465
CGAAGGATCGGCTTGG-1_1_1,IR,Cd14-hi Neu,-2.150268019,-0.463671491
CGAAGTTAGTGTACAA-1_1_1,IR,Icam1+ Neu,-5.232789696,3.803249076
CGAAGTTGTGCGGCTT-1_1_1,IR,Mmp8+ Neu,3.162533342,0.105225876
CGAAGTTTCGAACGCC-1_1_1,IR,Icam1+ Neu,-4.328423202,-0.541121528
CGAATTGAGAGTACCG-1_1_1,IR,Cd14-hi Neu,0.06458877,-2.184529707
CGAATTGCATAGATCC-1_1_1,IR,Csf3r-hi Neu,0.721339523,2.944652274
CGAATTGTCCGTATGA-1_1_1,IR,Cstdc4+ Neu,0.451309263,-4.599171922
CGACAGCAGTATTAGG-1_1_1,IR,Icam1+ Neu,-2.918469608,1.610634282
CGAGAAGAGAGCCGAT-1_1_1,IR,Isg15+ Neu,-0.646863372,-0.250763283
CGAGAAGAGCTGGCTC-1_1_1,IR,Icam1+ Neu,-2.520157278,0.950162366
CGAGAAGCATGGGCAA-1_1_1,IR,Cd14-hi Neu,-2.191349447,-0.966909893
CGAGGAAAGAAACACT-1_1_1,IR,Cd14-hi Neu,-2.625002087,-1.255682543
CGAGGAAAGCAAATCA-1_1_1,IR,Cstdc4+ Neu,-1.507193983,-4.445002601
CGAGGAACACTAGGTT-1_1_1,IR,Cstdc4+ Neu,-0.95415032,-3.256365344
CGAGGAATCCTGGGTG-1_1_1,IR,Icam1+ Neu,-5.108598411,4.404948428
CGAGGCTGTAACAGGC-1_1_1,IR,Cstdc4+ Neu,0.220596015,-4.7048264
CGAGTGCAGCAGCCTC-1_1_1,IR,Isg15+ Neu,-0.528923363,0.290917709
CGAGTGCAGGTCCCGT-1_1_1,IR,Icam1+ Neu,-1.881926239,0.812020972
CGAGTTAAGACCGCCT-1_1_1,IR,Cd14-hi Neu,-1.363621295,-2.154584691
CGAGTTAAGCGTTCAT-1_1_1,IR,Icam1+ Neu,-5.57925576,4.18639107
CGAGTTAAGCTAAGTA-1_1_1,IR,Cd14-hi Neu,-3.173395336,-0.642546013
CGAGTTAAGTGGATTA-1_1_1,IR,Mmp8+ Neu,5.23124963,-2.344989941
CGAGTTAGTCAACCAT-1_1_1,IR,Isg15+ Neu,-0.707269133,0.835866287
CGAGTTAGTTCTTGCC-1_1_1,IR,Isg15+ Neu,0.170897305,-0.449147865
CGATCGGAGCTTTCCC-1_1_1,IR,Mmp8+ Neu,2.321123421,-1.387753949
CGATCGGCAGACCGCT-1_1_1,IR,Icam1+ Neu,-2.976907432,3.459858611
CGATCGGTCCCTCAAC-1_1_1,IR,Cstdc4+ Neu,-3.967499435,-0.601331458
CGATCGGTCTTTCAGT-1_1_1,IR,Icam1+ Neu,-5.117338837,-0.872636199
CGATGCGGTATGGTAA-1_1_1,IR,Cstdc4+ Neu,-2.147172034,-3.217788264
CGATGCGTCAGGGATG-1_1_1,IR,Isg15+ Neu,-2.530629814,-0.325900719
CGATGCGTCGGAGCAA-1_1_1,IR,Icam1+ Neu,-3.459548891,4.028363421
CGATGGCAGTGTTCCA-1_1_1,IR,Icam1+ Neu,-3.888524473,2.706932261
CGATGGCCAAGACCGA-1_1_1,IR,Cd14-hi Neu,-3.527406156,-1.549492553
CGATGGCCATAGAAAC-1_1_1,IR,Cstdc4+ Neu,1.778499305,-3.679740712
CGATGGCCATGGGCAA-1_1_1,IR,Icam1+ Neu,-4.576870621,3.9508688
CGCAGGTAGGCGTTGA-1_1_1,IR,Cstdc4+ Neu,-3.888563812,-0.245410011
CGCAGGTAGTGGAAGA-1_1_1,IR,Csf3r-hi Neu,0.781268775,3.546040252
CGCAGGTCAGCCGGTT-1_1_1,IR,Cd14-hi Neu,-1.743853629,-2.732131169
CGCAGGTCATTGACAC-1_1_1,IR,Cstdc4+ Neu,0.385520875,-3.673412606
CGCATAAAGCACCCAC-1_1_1,IR,Mmp8+ Neu,3.016378223,-0.588546232
CGCATAATCCGTGGTG-1_1_1,IR,Isg15+ Neu,-0.871805728,0.530275896
CGCATGGAGTCCTGCG-1_1_1,IR,Cd14-hi Neu,-2.286000669,-1.622021541
CGCATGGTCGTTCATT-1_1_1,IR,Cstdc4+ Neu,1.581280052,-3.720895097
CGCCAGAAGACTACCT-1_1_1,IR,Icam1+ Neu,-3.624179304,4.600378707
CGCCAGAAGAGCAACC-1_1_1,IR,Icam1+ Neu,-2.711333931,1.370311692
CGCCAGACACACTTAG-1_1_1,IR,Cstdc4+ Neu,1.04714185,-4.534248397
CGCCAGACATTAGGAA-1_1_1,IR,Cd14-hi Neu,-0.075702057,0.561497405
CGCCAGATCACGGTCG-1_1_1,IR,Csf3r-hi Neu,1.826114952,2.739455416
CGCCAGATCTTACTGT-1_1_1,IR,Icam1+ Neu,-3.904128492,1.302963212
CGCCATTAGTCATCGT-1_1_1,IR,Csf3r-hi Neu,1.157706678,2.430129245
CGCCATTCAGAGGTTG-1_1_1,IR,Icam1+ Neu,-4.480718792,1.602001145
CGCCATTCAGATACCT-1_1_1,IR,Cstdc4+ Neu,0.682891726,-3.475586459
CGCCATTGTTCGAGCC-1_1_1,IR,Icam1+ Neu,-2.98331827,1.275816634
CGCGTGAAGAAACCAT-1_1_1,IR,Mmp8+ Neu,4.49384433,-2.956420705
CGCGTGAAGCAAGGAA-1_1_1,IR,Mmp8+ Neu,4.425771534,-2.493638799
CGCGTGACACCAAAGG-1_1_1,IR,Icam1+ Neu,-2.792536915,1.688969806
CGCGTGACACGATAGG-1_1_1,IR,Csf3r-hi Neu,0.658070921,2.442421153
CGCGTGATCATGCTAG-1_1_1,IR,Mmp8+ Neu,5.096160709,-2.493111536
CGGAACCGTACGATGG-1_1_1,IR,Icam1+ Neu,-2.773542822,0.240828231
CGGAACCGTCAAACGG-1_1_1,IR,Icam1+ Neu,-4.414791286,-1.362091676
CGGAACCGTCACGTGC-1_1_1,IR,Csf3r-hi Neu,2.136985838,1.450340703
CGGAATTGTACGCGTC-1_1_1,IR,Isg15+ Neu,1.063683688,0.075195267
CGGACACAGCATAGGC-1_1_1,IR,Cstdc4+ Neu,0.873042762,-4.482525871
CGGACACAGTATGCAA-1_1_1,IR,Cd14-hi Neu,-0.769547403,-2.393346712
CGGACACGTACCGCGT-1_1_1,IR,Csf3r-hi Neu,0.101608485,2.151704028
CGGACACGTCTGTAAC-1_1_1,IR,Mmp8+ Neu,3.275794088,-1.551306978
CGGAGAAAGTTGTCGT-1_1_1,IR,Icam1+ Neu,-5.168821514,-1.284728006
CGGAGAATCTCATAGG-1_1_1,IR,Icam1+ Neu,-4.537748516,-1.083962177
CGGCAGTCATGTTCGA-1_1_1,IR,Cd14-hi Neu,0.07980597,-1.155230478
CGGCAGTTCTTGGATG-1_1_1,IR,Cd14-hi Neu,-0.970223308,-3.0175163
CGGGACTCATCGTGCG-1_1_1,IR,Icam1+ Neu,-4.082443178,3.78785868
CGGGCATTCGTAACAC-1_1_1,IR,Cstdc4+ Neu,-2.056045592,-4.170857713
CGGGTCATCGAAACAA-1_1_1,IR,Csf3r-hi Neu,0.730652272,2.229264453
CGGGTGTGTACCATAC-1_1_1,IR,Mmp8+ Neu,5.697351276,-1.408037767
CGGGTGTGTCAAACGG-1_1_1,IR,Mmp8+ Neu,2.736681044,-0.240438983
CGGGTGTGTCCCGTGA-1_1_1,IR,Icam1+ Neu,-5.482061565,3.180970385
CGGGTGTTCGCTAGCG-1_1_1,IR,Icam1+ Neu,-3.348208607,2.817761376
CGGTCAGCAATTCGTG-1_1_1,IR,Cstdc4+ Neu,0.699686348,-4.485197589
CGTAAGTGTCCGATCG-1_1_1,IR,Icam1+ Neu,-2.122556031,0.970787719
CGTAAGTTCTGACAGT-1_1_1,IR,Mmp8+ Neu,6.36604911,-1.397961602
CGTAATGAGGCACCAA-1_1_1,IR,Isg15+ Neu,-1.115936995,-0.189484701
CGTAATGGTGATTCTG-1_1_1,IR,Icam1+ Neu,-3.180222929,4.826050952
CGTCAAAAGTTCGCAT-1_1_1,IR,Mmp8+ Neu,2.3292647,-3.148547218
CGTCCATTCCAATGCA-1_1_1,IR,Cstdc4+ Neu,-1.154270113,-3.895405814
CGTGAATCACTAGGTT-1_1_1,IR,Icam1+ Neu,-5.722825706,2.799007609
CGTGAATCAGGTGTTT-1_1_1,IR,Isg15+ Neu,-0.273607031,0.136811569
CGTGTCTAGATTAGCA-1_1_1,IR,Cstdc4+ Neu,1.073485553,-4.036689803
CGTGTCTAGCCGTTAT-1_1_1,IR,Cd14-hi Neu,-1.039511323,-2.284930274
CGTGTCTAGTGAACAT-1_1_1,IR,Icam1+ Neu,-2.027049244,1.089617684
CGTGTCTCACTTCCTG-1_1_1,IR,Cd14-hi Neu,-4.137504042,-0.013573334
CGTGTCTGTCATCCGG-1_1_1,IR,Icam1+ Neu,-4.106246651,2.449284747
CGTGTCTTCGTGGACC-1_1_1,IR,Mmp8+ Neu,5.05556184,-2.522298739
CGTGTCTTCTACCAGA-1_1_1,IR,Icam1+ Neu,-3.009826124,0.598020866
CGTTAGAAGTAAACAC-1_1_1,IR,Icam1+ Neu,-1.269151748,1.442819073
CGTTAGATCAACTTTC-1_1_1,IR,Cstdc4+ Neu,0.712275862,-4.855295942
CGTTAGATCGTAACCA-1_1_1,IR,Csf3r-hi Neu,-0.401077494,1.63603945
CGTTAGATCTTTCAGT-1_1_1,IR,Cstdc4+ Neu,0.931888043,-3.909030244
CGTTCTGCAGCGGATA-1_1_1,IR,Icam1+ Neu,-5.066028774,4.213878825
CGTTGGGAGGTTATAG-1_1_1,IR,Icam1+ Neu,-3.005517662,3.58254309
CGTTGGGGTCATATGC-1_1_1,IR,Cd14-hi Neu,0.642831146,-1.857179925
CGTTGGGGTGACTGAG-1_1_1,IR,Icam1+ Neu,-2.005735219,0.573064163
CTAACCCAGACAAGCC-1_1_1,IR,Icam1+ Neu,-2.743590534,1.515689566
CTAACCCAGCCATATC-1_1_1,IR,Cd14-hi Neu,-1.729234517,-1.577164278
CTAACCCCAACCGCCA-1_1_1,IR,Mmp8+ Neu,3.17085582,1.277549222
CTAACTTAGAGGTCAC-1_1_1,IR,Icam1+ Neu,-4.011568487,0.089065149
CTAACTTAGTGGGAAA-1_1_1,IR,Icam1+ Neu,-2.98154825,2.106527522
CTAACTTGTGCACAAG-1_1_1,IR,Cstdc4+ Neu,-1.654942573,-4.066196487
CTAAGTGAGCTAGATA-1_1_1,IR,Icam1+ Neu,-4.96467942,1.417491391
CTAAGTGCACAGAGAC-1_1_1,IR,Icam1+ Neu,-1.451831162,1.555993274
CTAAGTGGTAGAGGAA-1_1_1,IR,Mmp8+ Neu,4.009881317,-3.453566358
CTAAGTGGTTGCGGCT-1_1_1,IR,Icam1+ Neu,-6.258296669,2.169318869
CTACAGACAGAGTCTT-1_1_1,IR,Cstdc4+ Neu,-0.859055996,-3.38692908
CTACAGAGTACAAAGT-1_1_1,IR,Cd14-hi Neu,-1.598419607,-0.464558527
CTACAGATCCTACGGG-1_1_1,IR,Cstdc4+ Neu,2.367119371,-3.892917917
CTACATTAGCACAAAT-1_1_1,IR,Icam1+ Neu,-3.74244684,2.058015778
CTACATTAGGTCACAG-1_1_1,IR,Icam1+ Neu,-3.184729517,2.497075274
CTACATTCAGAGGCAT-1_1_1,IR,Icam1+ Neu,-4.554362953,2.047157481
CTACATTCAGCTGTGC-1_1_1,IR,Icam1+ Neu,-4.552716911,-1.116942957
CTACCCAGTAGTCCTA-1_1_1,IR,Mmp8+ Neu,3.911042034,-2.948520705
CTACCTGAGGTTAGTA-1_1_1,IR,Icam1+ Neu,-1.902536571,2.82410784
CTACCTGGTCGTATTG-1_1_1,IR,Csf3r-hi Neu,2.115435183,1.803064778
CTACGGGAGGATATGT-1_1_1,IR,Isg15+ Neu,-0.181486925,0.761253312
CTACGGGGTGCACAAG-1_1_1,IR,Mmp8+ Neu,4.409044087,-2.940804646
CTACGGGTCAACACGT-1_1_1,IR,Icam1+ Neu,-3.786624611,2.476467088
CTACGGGTCTTAGCAG-1_1_1,IR,Isg15+ Neu,0.421852469,0.555877641
CTACTATCAGTCAGAG-1_1_1,IR,Mmp8+ Neu,3.52153784,-1.637196586
CTACTATGTGCCTGAC-1_1_1,IR,Cd14-hi Neu,-2.141710699,-2.000326261
CTACTATTCATTACTC-1_1_1,IR,Cd14-hi Neu,-1.99370569,-2.832700536
CTAGACACAACCACAT-1_1_1,IR,Icam1+ Neu,-2.73578018,-0.178691134
CTAGACACACCGTCTT-1_1_1,IR,Csf3r-hi Neu,-0.642154396,2.869079545
CTAGACAGTCACATTG-1_1_1,IR,Cd14-hi Neu,0.453481555,-2.119084761
CTAGGTACAGAGGAAA-1_1_1,IR,Csf3r-hi Neu,1.157396972,2.890132144
CTAGGTAGTCTGCCTT-1_1_1,IR,Icam1+ Neu,-3.677668989,3.887654975
CTAGGTATCGGAATGG-1_1_1,IR,Icam1+ Neu,-5.755864799,3.077513888
CTATAGGAGCGCTGAA-1_1_1,IR,Icam1+ Neu,-2.91508168,4.572515204
CTATAGGAGGTTCACT-1_1_1,IR,Icam1+ Neu,-2.04663688,0.341637805
CTATAGGCACACCTAA-1_1_1,IR,Csf3r-hi Neu,1.04627496,3.713412955
CTATAGGCATGGACAG-1_1_1,IR,Icam1+ Neu,-4.258187473,-1.391828791
CTATAGGTCCTCACCA-1_1_1,IR,Icam1+ Neu,-4.546381653,3.358456328
CTATCCGGTTACCGTA-1_1_1,IR,Icam1+ Neu,-4.7982952,-0.292076871
CTATCCGTCAAGCCTA-1_1_1,IR,Icam1+ Neu,-2.104746521,1.430854752
CTATCCGTCGTACCTC-1_1_1,IR,Icam1+ Neu,-5.413581551,2.964236453
CTATCTACAATCTCTT-1_1_1,IR,Icam1+ Neu,-5.229945362,1.500161364
CTATCTACACGACCTG-1_1_1,IR,Cd14-hi Neu,-3.935884655,2.003096535
CTATCTACAGATTAAG-1_1_1,IR,Mmp8+ Neu,3.192059576,-0.454123065
CTATCTAGTACAGCGA-1_1_1,IR,Icam1+ Neu,-5.43383044,3.42861624
CTCAACCCATCCTAAG-1_1_1,IR,Icam1+ Neu,-0.592062831,-3.814899251
CTCAAGAGTAGCGTAG-1_1_1,IR,Mmp8+ Neu,1.806954681,-1.998576567
CTCAAGATCGCAATGT-1_1_1,IR,Icam1+ Neu,-2.214802921,1.514704182
CTCAATTGTATTGCCA-1_1_1,IR,Icam1+ Neu,-3.119011343,0.899570778
CTCAATTGTGATCATC-1_1_1,IR,Icam1+ Neu,-3.914228142,1.991083577
CTCACTGAGCCTTTGA-1_1_1,IR,Icam1+ Neu,-5.061166466,3.265820697
CTCACTGCAGCTTTGA-1_1_1,IR,Cd14-hi Neu,-2.043436706,-2.031585858
CTCACTGGTACGCTAT-1_1_1,IR,Icam1+ Neu,-4.511111439,3.593454078
CTCACTGGTTGTAAAG-1_1_1,IR,Isg15+ Neu,-1.497946561,-0.607584492
CTCAGAAAGAGTCGAC-1_1_1,IR,Cd14-hi Neu,-0.848862529,-2.74686496
CTCAGAACACCAGTAT-1_1_1,IR,Cd14-hi Neu,0.745930314,-2.054672048
CTCAGGGCACTTGTGA-1_1_1,IR,Csf3r-hi Neu,1.308828651,1.403442576
CTCAGGGTCATGCCGG-1_1_1,IR,Cd14-hi Neu,-2.246373833,-0.875815347
CTCAGTCGTATGTCTG-1_1_1,IR,Icam1+ Neu,-1.500519574,3.059820845
CTCAGTCGTTTGACAC-1_1_1,IR,Cstdc4+ Neu,2.673674166,-3.215738818
CTCAGTCTCACTGATG-1_1_1,IR,Mmp8+ Neu,3.30224806,-1.672561691
CTCATCGAGACCACGA-1_1_1,IR,Icam1+ Neu,-5.147232235,3.787358954
CTCATCGAGTAAGAGG-1_1_1,IR,Mmp8+ Neu,4.508841812,1.493666127
CTCATCGGTCTGTCCT-1_1_1,IR,Icam1+ Neu,-3.860486925,0.654739454
CTCATGCAGCACACCC-1_1_1,IR,Icam1+ Neu,-4.628414333,2.646806195
CTCATGCAGGTCATAA-1_1_1,IR,Icam1+ Neu,-2.678522051,3.318223193
CTCATGCCACTGGCCA-1_1_1,IR,Isg15+ Neu,1.583337605,0.500335768
CTCATGCTCACAAGAA-1_1_1,IR,Icam1+ Neu,-2.989910067,0.158430054
CTCATGCTCCAAGCAT-1_1_1,IR,Cstdc4+ Neu,-0.143913795,-4.085679099
CTCATGCTCTGAGATC-1_1_1,IR,Mmp8+ Neu,4.489976227,-0.634860859
CTCATGCTCTGGCCGA-1_1_1,IR,Isg15+ Neu,2.294561922,1.141695454
CTCATTAAGTGGACGT-1_1_1,IR,Icam1+ Neu,-4.569624126,1.841748908
CTCATTACAGGCTATT-1_1_1,IR,Icam1+ Neu,-4.470662296,-1.140503966
CTCATTATCTGGACTA-1_1_1,IR,Cd14-hi Neu,0.174425184,-0.746749983
CTCCAACCACCAGCGT-1_1_1,IR,Isg15+ Neu,0.34601885,-0.325501189
CTCCAACTCCTCACCA-1_1_1,IR,Mmp8+ Neu,5.92677766,-3.568830774
CTCCAACTCCTTATAC-1_1_1,IR,Cstdc4+ Neu,2.110804855,1.538676932
CTCCAACTCGAATCCA-1_1_1,IR,Cstdc4+ Neu,0.852229297,-4.630974815
CTCCACACAGGACATG-1_1_1,IR,Isg15+ Neu,-0.151523814,0.370666936
CTCCACACATGACAAA-1_1_1,IR,Icam1+ Neu,-1.239061654,2.672714665
CTCCACAGTAGCGTAG-1_1_1,IR,Icam1+ Neu,-5.215737045,3.683044627
CTCCACAGTCCTGTTC-1_1_1,IR,Icam1+ Neu,-4.035978258,0.059003308
CTCCACAGTTAAAGTG-1_1_1,IR,Icam1+ Neu,-4.122951448,2.535525515
CTCCACATCAGGAAGC-1_1_1,IR,Csf3r-hi Neu,-1.010848165,4.386639312
CTCCATGCAGCGTACC-1_1_1,IR,Icam1+ Neu,-2.658013285,3.490908339
CTCCATGGTATAATGG-1_1_1,IR,Cstdc4+ Neu,0.190153449,-4.438057944
CTCCCAAAGGAATCGC-1_1_1,IR,Cd14-hi Neu,-2.700821817,-1.401820317
CTCCCAAAGGCGTTAG-1_1_1,IR,Cstdc4+ Neu,-2.906903923,-3.521338269
CTCCCAACAGACACCC-1_1_1,IR,Icam1+ Neu,-1.208973825,2.188114121
CTCCCAATCTCAACGA-1_1_1,IR,Cstdc4+ Neu,1.382461607,-4.260092065
CTCCCTCCACCTATCC-1_1_1,IR,Icam1+ Neu,-2.638418138,2.082690909
CTCCCTCCATATAGCC-1_1_1,IR,Cstdc4+ Neu,-2.593785704,-3.113504216
CTCCCTCTCCGCGGAT-1_1_1,IR,Icam1+ Neu,-5.242541492,-1.312884286
CTCCGATCATGTTACG-1_1_1,IR,Csf3r-hi Neu,-1.234785378,3.426243022
CTCCTCCGTTTCGGCG-1_1_1,IR,Icam1+ Neu,-3.63906926,-2.060855493
CTCCTCCTCCTGCCAT-1_1_1,IR,Icam1+ Neu,-3.531812847,-3.376479671
CTCGAGGTCCCTCGAT-1_1_1,IR,Icam1+ Neu,-1.017996848,1.864784673
CTCGAGGTCCCTTGTG-1_1_1,IR,Icam1+ Neu,-2.975140036,3.5455987
CTCTCAGAGACGCCAA-1_1_1,IR,Cstdc4+ Neu,-0.014165789,-3.906486079
CTCTCAGAGGCTCTCG-1_1_1,IR,Cd14-hi Neu,-1.503241957,-1.740294502
CTCTCGAGTCAACCTA-1_1_1,IR,Icam1+ Neu,-4.005414427,-0.000180051
CTCTCGATCCTACCAC-1_1_1,IR,Cd14-hi Neu,-0.24353543,-1.144943357
CTCTCGATCTATTGTC-1_1_1,IR,Cd14-hi Neu,-0.73184973,-0.710972712
CTCTGGTGTCCTACAA-1_1_1,IR,Mmp8+ Neu,5.423832237,0.156513169
CTCTGGTGTTGTGTAC-1_1_1,IR,Cstdc4+ Neu,-0.072013103,-4.06967406
CTCTGGTTCTTCCTAA-1_1_1,IR,Icam1+ Neu,-2.686303795,1.65904589
CTGAATGTCCAGTTCC-1_1_1,IR,Icam1+ Neu,-4.061061085,-2.052378044
CTGAGCGGTGGACTAG-1_1_1,IR,Cd14-hi Neu,-1.737951339,-0.578388825
CTGAGCGGTGGATTTC-1_1_1,IR,Mmp8+ Neu,4.3294366,-0.464077577
CTGAGCGGTGTGTTTG-1_1_1,IR,Icam1+ Neu,-4.029781998,-1.075427059
CTGAGGCAGACTCAAA-1_1_1,IR,Cd14-hi Neu,-1.732832969,-0.561926231
CTGAGGCTCGGCATCG-1_1_1,IR,Icam1+ Neu,-4.584200561,-0.584665254
CTGAGGCTCTATACTC-1_1_1,IR,Csf3r-hi Neu,-0.348826975,3.084243968
CTGATCCAGTCAATCC-1_1_1,IR,Icam1+ Neu,-4.631177128,-0.543917284
CTGATCCCAGAAGTGC-1_1_1,IR,Icam1+ Neu,-6.069061459,1.842571214
CTGATCCCAGCGTATT-1_1_1,IR,Cd14-hi Neu,0.919016063,-1.067863528
CTGATCCCATGAAGCG-1_1_1,IR,Icam1+ Neu,-5.081836403,1.229048922
CTGCAGGCATAGTCAC-1_1_1,IR,Cd14-hi Neu,0.067132547,-1.934696302
CTGCAGGCATTGGGAG-1_1_1,IR,Cd14-hi Neu,-0.980060041,-0.638256207
CTGCAGGTCCGGACTG-1_1_1,IR,Icam1+ Neu,-4.353640736,-0.86811024
CTGCAGGTCCTTCAGC-1_1_1,IR,Cstdc4+ Neu,-2.172920525,-3.785447881
CTGCAGGTCGATCCCT-1_1_1,IR,Isg15+ Neu,1.277217328,0.061474397
CTGCATCAGATAACAC-1_1_1,IR,Mmp8+ Neu,1.801485121,0.665617659
CTGCCATAGACCATGG-1_1_1,IR,Icam1+ Neu,-3.345272482,2.276508048
CTGCCATAGCTGTTCA-1_1_1,IR,Csf3r-hi Neu,1.798328459,2.047390178
CTGCCATCATGCGTGC-1_1_1,IR,Icam1+ Neu,-5.454522312,4.122967437
CTGCCATGTAGACACG-1_1_1,IR,Icam1+ Neu,-5.930294693,2.04483743
CTGCCATGTAGTACGG-1_1_1,IR,Mmp8+ Neu,1.906657755,-2.658336565
CTGCCATGTGGACCAA-1_1_1,IR,Icam1+ Neu,-4.728676498,3.44209595
CTGCCATGTTGGGAAC-1_1_1,IR,Icam1+ Neu,-4.603410423,2.665727809
CTGCCTACAACATCGT-1_1_1,IR,Csf3r-hi Neu,2.694677174,2.240893796
CTGCCTAGTCTTGAAC-1_1_1,IR,Icam1+ Neu,-3.242159307,2.348812774
CTGCCTATCGCCTAGG-1_1_1,IR,Icam1+ Neu,-5.415671051,2.357278779
CTGCGAGAGGACACTG-1_1_1,IR,Cstdc4+ Neu,-1.883155287,-4.279641673
CTGCGAGGTAAGTAGT-1_1_1,IR,Icam1+ Neu,-4.61626643,1.88024278
CTGGACGAGTAACCTC-1_1_1,IR,Icam1+ Neu,-4.229382217,-0.478534803
CTGGACGTCCAAATGC-1_1_1,IR,Icam1+ Neu,-1.367222965,1.025201037
CTGGCAGAGTGGTGGT-1_1_1,IR,Mmp8+ Neu,6.071590244,-1.872699008
CTGGCAGCACATTCGA-1_1_1,IR,Csf3r-hi Neu,-1.431453407,3.789862349
CTGGCAGCACGTGAGA-1_1_1,IR,Cd14-hi Neu,-1.774594009,0.07455118
CTGGCAGTCATGCCAA-1_1_1,IR,Isg15+ Neu,1.401477158,-0.08564429
CTGGCAGTCGTGGGTC-1_1_1,IR,Icam1+ Neu,-5.563515366,4.02226229
CTGGTCTCAACTGCCG-1_1_1,IR,Icam1+ Neu,-3.488030374,0.02202554
CTGTACCAGATGCTTC-1_1_1,IR,Mmp8+ Neu,5.565580666,-2.177170083
CTGTACCAGTAGCAAT-1_1_1,IR,Csf3r-hi Neu,-0.329458252,3.197343543
CTGTACCGTCTAGGTT-1_1_1,IR,Icam1+ Neu,-3.938366831,-2.754857347
CTGTACCGTTCTCCTG-1_1_1,IR,Icam1+ Neu,-4.187934101,-1.021870166
CTGTAGAAGATTAGCA-1_1_1,IR,Csf3r-hi Neu,-0.10089361,2.829568579
CTGTAGAAGGGCATGT-1_1_1,IR,Icam1+ Neu,-3.072084606,0.685673311
CTGTAGAAGTGACCTT-1_1_1,IR,Mmp8+ Neu,2.367747128,0.053985431
CTGTAGAGTCATGCAT-1_1_1,IR,Cd14-hi Neu,-0.461629063,-2.05409126
CTGTAGATCCCAAGCG-1_1_1,IR,Cd14-hi Neu,-1.598101795,-2.417733595
CTGTATTAGATGCTAA-1_1_1,IR,Icam1+ Neu,-1.566899121,1.842256978
CTGTCGTTCGAACCTA-1_1_1,IR,Mmp8+ Neu,3.219950258,-3.748524234
CTGTGAAAGAGAGCAA-1_1_1,IR,Mmp8+ Neu,5.837186634,-0.65435578
CTGTGAACAATGCAAA-1_1_1,IR,Cd14-hi Neu,-2.379010857,-2.673917935
CTGTGAAGTTAAAGTG-1_1_1,IR,Icam1+ Neu,-4.047634066,-0.573333517
CTGTGAAGTTCAAACC-1_1_1,IR,Icam1+ Neu,-3.771923006,1.856406405
CTTACCGAGAGGTATT-1_1_1,IR,Icam1+ Neu,-3.843240679,-2.190202877
CTTAGGAGTTTACGTG-1_1_1,IR,Icam1+ Neu,-1.72559172,2.088395312
CTTCAATGTTTCACTT-1_1_1,IR,Icam1+ Neu,-3.334394396,0.359309271
CTTCCGAAGTAGGGTC-1_1_1,IR,Cd14-hi Neu,-3.817605675,-2.920754597
CTTCCGAAGTCAGAGC-1_1_1,IR,Cd14-hi Neu,-1.396845162,-0.161272392
CTTCCGAAGTTGTACC-1_1_1,IR,Icam1+ Neu,-5.32918948,4.127055838
CTTCCGACAGAGGAAA-1_1_1,IR,Icam1+ Neu,-3.677518785,-0.721458569
CTTCCGAGTTAAACCC-1_1_1,IR,Icam1+ Neu,-3.563260258,0.723754242
CTTCCGATCGTTCATT-1_1_1,IR,Cd14-hi Neu,-1.056390346,-1.731156215
CTTCGGTAGAGTTCGG-1_1_1,IR,Icam1+ Neu,-4.287948311,2.37376137
CTTCGGTGTCTGCATA-1_1_1,IR,Cd14-hi Neu,-1.865940631,0.169952109
CTTCGGTTCGATGCTA-1_1_1,IR,Mmp8+ Neu,5.445952713,-0.025087402
CTTCGGTTCGTAGTCA-1_1_1,IR,Mmp8+ Neu,6.06848222,-2.427351043
CTTCTAACAATACCCA-1_1_1,IR,Icam1+ Neu,-3.491180122,-2.852893517
CTTCTAAGTGCCTAAT-1_1_1,IR,Cd14-hi Neu,0.711343288,-1.83312206
CTTCTCTCAGTCCGTG-1_1_1,IR,Mmp8+ Neu,5.742824375,-2.156155393
CTTCTCTGTCGTCAGC-1_1_1,IR,Mmp8+ Neu,2.058934033,-0.864854187
CTTCTCTGTGCCTATA-1_1_1,IR,Cd14-hi Neu,0.409371018,-1.444988624
CTTCTCTTCGCTGTTC-1_1_1,IR,Cd14-hi Neu,-2.173011244,-2.316717908
CTTGAGAAGGGCTGAT-1_1_1,IR,Cd14-hi Neu,-2.565257729,-2.621695802
CTTGAGACAGCGGATA-1_1_1,IR,Mmp8+ Neu,4.165538132,-1.165760614
CTTGAGAGTCTAGGCC-1_1_1,IR,Cstdc4+ Neu,0.359728694,-4.045594737
CTTGATTAGTTGCCTA-1_1_1,IR,Cd14-hi Neu,-1.859734238,-2.3594964
CTTGATTCACAGAGAC-1_1_1,IR,Icam1+ Neu,-1.895573438,2.220665171
CTTGATTCAGAACTAA-1_1_1,IR,Csf3r-hi Neu,0.848949372,2.094864085
CTTGATTGTGAATGTA-1_1_1,IR,Mmp8+ Neu,5.716741383,-1.603942797
CTTTCAAAGAAGTCTA-1_1_1,IR,Isg15+ Neu,1.768722593,1.230574086
CTTTCAAAGTTGGCTT-1_1_1,IR,Mmp8+ Neu,2.298072397,0.399195864
CTTTCAAGTGTCACAT-1_1_1,IR,Mmp8+ Neu,7.72728759,-4.609186933
CTTTCAATCCGTTGGG-1_1_1,IR,Icam1+ Neu,-5.944206894,1.73229976
CTTTCAATCGTTCAGA-1_1_1,IR,Icam1+ Neu,-3.394201458,1.862147048
CTTTCGGAGCACTAAA-1_1_1,IR,Cd14-hi Neu,-2.562210262,-0.636159823
GAAACCTCAGGGTTGA-1_1_1,IR,Icam1+ Neu,-3.007599295,-2.095081136
GAAATGAGTAGTCGGA-1_1_1,IR,Mmp8+ Neu,3.758308708,-2.608649418
GAAATGAGTTGGTGTT-1_1_1,IR,Icam1+ Neu,-4.004149378,4.279769614
GAACACTGTCAATCTG-1_1_1,IR,Icam1+ Neu,-3.222805202,-2.690863893
GAACACTTCTTTCCGG-1_1_1,IR,Icam1+ Neu,-2.965545118,0.623144582
GAACGTTTCCGATCGG-1_1_1,IR,Icam1+ Neu,-5.640425861,3.687207415
GAACTGTCAGATAAAC-1_1_1,IR,Icam1+ Neu,-5.67657727,4.251359656
GAACTGTGTCCTCCTA-1_1_1,IR,Mmp8+ Neu,5.749152004,-1.685641751
GAACTGTGTGAATATG-1_1_1,IR,Icam1+ Neu,-1.99046737,0.817024544
GAAGCCCAGTGGCAGT-1_1_1,IR,Mmp8+ Neu,6.94027692,-3.213595674
GAAGCCCGTCAAGTTC-1_1_1,IR,Mmp8+ Neu,2.57098037,0.330295041
GAAGCGACAACGGTAG-1_1_1,IR,Cstdc4+ Neu,-2.759392918,-3.231745288
GAAGCGATCAACGTGT-1_1_1,IR,Icam1+ Neu,-5.808367432,3.700376704
GAAGGACAGACGGAAA-1_1_1,IR,Cd14-hi Neu,-2.668541372,-0.707559839
GAAGGACAGTATGGAT-1_1_1,IR,Cd14-hi Neu,-1.784157217,-0.628437504
GAAGGACGTGTACATC-1_1_1,IR,Cd14-hi Neu,0.43443036,-1.026783947
GAAGGGTCAGATGCGA-1_1_1,IR,Cstdc4+ Neu,1.086870133,-4.333006189
GAAGGGTGTAGAAACT-1_1_1,IR,Cstdc4+ Neu,-0.719144643,-4.428658292
GAAGTAAAGGCACAAC-1_1_1,IR,Icam1+ Neu,-3.751253069,-0.152995572
GAAGTAAGTCCCGGTA-1_1_1,IR,Cd14-hi Neu,0.141210347,-2.00981091
GAAGTAAGTTAAGAAC-1_1_1,IR,Cd14-hi Neu,-2.887586058,-1.437588767
GAAGTAATCCAACTGA-1_1_1,IR,Icam1+ Neu,-4.828968704,0.251578048
GAAGTAATCCGGACTG-1_1_1,IR,Icam1+ Neu,-5.100044907,4.197502806
GAAGTAATCCGGTAGC-1_1_1,IR,Isg15+ Neu,-0.032029748,1.307948306
GAATAGACAGCACCCA-1_1_1,IR,Cd14-hi Neu,-2.230147779,-0.987990715
GAATAGACAGCGCTTG-1_1_1,IR,Csf3r-hi Neu,-1.072562099,3.872836783
GAATCACAGCTCCCTT-1_1_1,IR,Cstdc4+ Neu,-1.524158419,-4.279221818
GAATCACAGGGACCAT-1_1_1,IR,Cstdc4+ Neu,-2.460282982,-3.078598544
GAATCACGTCCCTGAG-1_1_1,IR,Cd14-hi Neu,-1.807947338,-2.113590286
GAATCACTCATCGGGC-1_1_1,IR,Cd14-hi Neu,-1.994561971,-1.374891714
GAATCGTAGTCATCGT-1_1_1,IR,Cd14-hi Neu,-1.048544944,1.762783006
GAATCGTGTACCTTCC-1_1_1,IR,Isg15+ Neu,-0.417505041,0.129564717
GAATCGTGTGCGTGCT-1_1_1,IR,Icam1+ Neu,-2.095543564,1.399542048
GAATCGTGTTTGGGAG-1_1_1,IR,Mmp8+ Neu,1.745093047,-0.898295373
GAATCGTTCAAGTAAG-1_1_1,IR,Mmp8+ Neu,4.556080162,-2.252056644
GACACGCAGTAGCTCT-1_1_1,IR,Icam1+ Neu,-1.934420765,0.74057813
GACACGCCAGCCCACA-1_1_1,IR,Cstdc4+ Neu,0.089246958,-4.198006675
GACACGCGTACTAACC-1_1_1,IR,Cstdc4+ Neu,1.477659881,-3.450165555
GACACGCGTAGCGCTC-1_1_1,IR,Csf3r-hi Neu,1.842852175,1.161603167
GACACGCGTGTGGACA-1_1_1,IR,Isg15+ Neu,-0.174470645,-0.021164701
GACACGCTCCGTGCGA-1_1_1,IR,Icam1+ Neu,-5.238011063,0.284020498
GACACGCTCGTAACCA-1_1_1,IR,Cd14-hi Neu,0.071955621,-1.17109789
GACACGCTCTCGTCAC-1_1_1,IR,Cstdc4+ Neu,-1.452335537,-3.24203758
GACCAATGTAAGACCG-1_1_1,IR,Icam1+ Neu,-3.878218592,1.392132952
GACCAATGTCCGGTCA-1_1_1,IR,Icam1+ Neu,-4.545815647,-0.197188005
GACCAATGTTCGGTAT-1_1_1,IR,Csf3r-hi Neu,0.721445679,1.356611207
GACCAATGTTCTCTAT-1_1_1,IR,Icam1+ Neu,-5.239591778,2.557558015
GACCAATTCCCATAAG-1_1_1,IR,Icam1+ Neu,-3.5597803,4.397807315
GACCCAGAGGATTTGA-1_1_1,IR,Cd14-hi Neu,-2.367627085,-2.30723171
GACCCAGCAACACACT-1_1_1,IR,Icam1+ Neu,-0.853524626,0.896100834
GACCCAGGTTGCATGT-1_1_1,IR,Cstdc4+ Neu,0.750488042,-4.201732204
GACCCAGTCACCCTGT-1_1_1,IR,Mmp8+ Neu,4.375315964,-2.4343348
GACCCTTAGCAAACAT-1_1_1,IR,Icam1+ Neu,-4.266514004,2.651068642
GACCCTTAGGGACACT-1_1_1,IR,Cstdc4+ Neu,-0.998488009,-4.101526305
GACCCTTTCCTTTAGT-1_1_1,IR,Mmp8+ Neu,0.326757311,-2.774947092
GACCCTTTCGCTATTT-1_1_1,IR,Cd14-hi Neu,-0.866881431,-1.436070338
GACCCTTTCGTCGACG-1_1_1,IR,Csf3r-hi Neu,-0.71975112,4.082270816
GACCGTGCAATATCCG-1_1_1,IR,Mmp8+ Neu,1.787479817,-1.431160912
GACCGTGCACTGCGTG-1_1_1,IR,Csf3r-hi Neu,-0.189857303,1.468595221
GACCTTCAGACGGATC-1_1_1,IR,Icam1+ Neu,-4.234039486,3.48513098
GACCTTCAGCCTGAGA-1_1_1,IR,Cd14-hi Neu,-0.57695961,-1.329349771
GACCTTCCAAACAGGC-1_1_1,IR,Icam1+ Neu,-3.182902039,2.909991935
GACGCTGGTCAGTTTG-1_1_1,IR,Icam1+ Neu,-4.090429485,-0.119377777
GACGCTGTCAAATGCC-1_1_1,IR,Icam1+ Neu,-5.394679249,3.179689124
GACGTTAAGGTCATCT-1_1_1,IR,Icam1+ Neu,-3.215070427,-0.05858092
GACGTTATCTTTGCTA-1_1_1,IR,Mmp8+ Neu,4.624816238,-1.895293698
GACTCAATCACACCGG-1_1_1,IR,Icam1+ Neu,-2.424493492,0.114632204
GACTCTCCATGATCTG-1_1_1,IR,Mmp8+ Neu,2.670671761,0.081392243
GACTCTCTCGTAGGGA-1_1_1,IR,Cstdc4+ Neu,0.70359826,-3.758045242
GACTGATAGAGGGTGG-1_1_1,IR,Cd14-hi Neu,-2.732668817,-0.98360689
GACTGATCACGCGTCA-1_1_1,IR,Mmp8+ Neu,1.81597644,0.385671809
GACTGATGTCGAAACG-1_1_1,IR,Cd14-hi Neu,-1.583698452,-2.062122986
GACTGATTCGCAGTGC-1_1_1,IR,Cd14-hi Neu,-2.518869579,-2.335702584
GACTTCCAGCCGATAG-1_1_1,IR,Icam1+ Neu,-5.173282326,4.162574008
GACTTCCGTCCGAAGA-1_1_1,IR,Isg15+ Neu,-0.733573854,0.518945649
GACTTCCGTGTGCTTA-1_1_1,IR,Icam1+ Neu,-3.938668192,-0.659872756
GAGAAATAGACATGCG-1_1_1,IR,Csf3r-hi Neu,1.287334263,2.016511157
GAGAAATAGGATTACA-1_1_1,IR,Icam1+ Neu,-3.232226074,-2.667382166
GAGAAATTCACCGGTG-1_1_1,IR,Icam1+ Neu,-5.565434158,1.881713345
GAGAAATTCATAGAGA-1_1_1,IR,Icam1+ Neu,-5.087460697,1.292760566
GAGAAATTCGAACTCA-1_1_1,IR,Icam1+ Neu,-3.717209042,2.088139727
GAGACCCTCGAGAACG-1_1_1,IR,Cd14-hi Neu,-3.936930359,0.022034362
GAGACTTAGCCAAGTG-1_1_1,IR,Icam1+ Neu,-2.158510864,-2.675710365
GAGACTTTCTCGAGTA-1_1_1,IR,Cd14-hi Neu,1.115918934,-0.294309602
GAGAGGTAGACTTAAG-1_1_1,IR,Cd14-hi Neu,-1.583209813,-2.107166097
GAGAGGTAGCAAATGT-1_1_1,IR,Mmp8+ Neu,5.393479645,-1.60431926
GAGAGGTAGCGTATGG-1_1_1,IR,Icam1+ Neu,-2.388206184,1.349199965
GAGAGGTAGTTCACTG-1_1_1,IR,Icam1+ Neu,-3.050288856,1.313320353
GAGATGGAGGGCAACT-1_1_1,IR,Icam1+ Neu,-2.474912107,1.26685138
GAGATGGGTCCACGCA-1_1_1,IR,Csf3r-hi Neu,1.02334541,1.778575852
GAGATGGGTTATGTCG-1_1_1,IR,Csf3r-hi Neu,0.003743797,1.737075522
GAGCCTGAGACAGCGT-1_1_1,IR,Icam1+ Neu,-3.394589365,1.865216925
GAGCCTGAGCAGTCTT-1_1_1,IR,Mmp8+ Neu,3.700169384,-2.901671216
GAGCCTGAGTATTGCC-1_1_1,IR,Mmp8+ Neu,1.528421223,-1.191434197
GAGCCTGGTAGAGCTG-1_1_1,IR,Cstdc4+ Neu,-1.414869845,-3.856750056
GAGCCTGTCACTTCTA-1_1_1,IR,Cd14-hi Neu,-2.41297859,-1.323971585
GAGCTGCGTACTGCGC-1_1_1,IR,Mmp8+ Neu,3.259106218,-0.341063485
GAGGCAAAGACGCAGT-1_1_1,IR,Cstdc4+ Neu,-0.453697145,-4.053255365
GAGGCAAAGGATAATC-1_1_1,IR,Cd14-hi Neu,-2.232875765,-3.209773824
GAGGCAACATAAGATG-1_1_1,IR,Cstdc4+ Neu,-0.838802755,-3.145576522
GAGGCAATCAGACCTA-1_1_1,IR,Icam1+ Neu,-5.620888412,3.366018012
GAGGCCTAGACGTCCC-1_1_1,IR,Cstdc4+ Neu,-1.537517131,-3.80844383
GAGGCCTGTAACGGTG-1_1_1,IR,Icam1+ Neu,-5.125606239,4.219242766
GAGGCCTGTCGAACAG-1_1_1,IR,Csf3r-hi Neu,-1.811211884,0.193963125
GAGGCCTTCGCGTCGA-1_1_1,IR,Csf3r-hi Neu,-0.891913653,2.057408049
GAGGGATCATCGCTAA-1_1_1,IR,Cd14-hi Neu,0.210885912,-1.355246798
GAGGGTAAGTATGGAT-1_1_1,IR,Cd14-hi Neu,-2.319782913,-1.476860032
GAGGGTACACAATGAA-1_1_1,IR,Icam1+ Neu,-4.124675215,3.786053851
GAGGGTAGTGACCGTC-1_1_1,IR,Icam1+ Neu,-2.725615204,2.4128737
GAGGGTATCACAACCA-1_1_1,IR,Cd14-hi Neu,-1.840673864,-2.510189101
GAGGGTATCGCCTATC-1_1_1,IR,Icam1+ Neu,-1.56011957,2.494472935
GAGGGTATCGTGAGAG-1_1_1,IR,Icam1+ Neu,-5.694609344,3.327251151
GAGTCATAGCCGCTTG-1_1_1,IR,Cstdc4+ Neu,-0.031529874,-4.652086065
GAGTCATAGTGTCATC-1_1_1,IR,Mmp8+ Neu,5.181580364,-1.982203648
GAGTCATCACGTGAGA-1_1_1,IR,Cd14-hi Neu,1.149399817,-2.0651602
GAGTCATCAGCTACTA-1_1_1,IR,Cstdc4+ Neu,1.482948005,3.309767916
GAGTCTAAGCAATTCC-1_1_1,IR,Icam1+ Neu,-3.23058194,0.540841177
GAGTCTAAGGATTTAG-1_1_1,IR,Cstdc4+ Neu,-1.667386949,-3.717544839
GAGTCTAAGTTCGCAT-1_1_1,IR,Csf3r-hi Neu,1.464924514,2.442854598
GAGTCTACAGTAACGG-1_1_1,IR,Icam1+ Neu,-5.718653381,0.052706554
GAGTGAGCAAACGGCA-1_1_1,IR,Cstdc4+ Neu,0.605767428,-4.822897241
GAGTGAGCACCCAAGC-1_1_1,IR,Mmp8+ Neu,5.556152641,-3.41544585
GAGTGAGGTCTAATCG-1_1_1,IR,Cstdc4+ Neu,2.840553104,-2.82420747
GAGTGAGGTCTCACAA-1_1_1,IR,Mmp8+ Neu,1.979052126,-0.527487383
GAGTGTTAGGATGTTA-1_1_1,IR,Csf3r-hi Neu,0.374858081,1.941133931
GAGTGTTAGTTTCGGT-1_1_1,IR,Csf3r-hi Neu,0.848147571,2.201044991
GAGTTACAGTACAGCG-1_1_1,IR,Cstdc4+ Neu,2.236131727,-3.30918102
GAGTTACAGTCGTTAC-1_1_1,IR,Mmp8+ Neu,2.481337368,-1.674566612
GAGTTGTAGAAACTCA-1_1_1,IR,Icam1+ Neu,-4.472239197,1.459716513
GAGTTGTAGATGCGAC-1_1_1,IR,Icam1+ Neu,-2.916382254,3.697309687
GAGTTGTCACAAGTTC-1_1_1,IR,Cd14-hi Neu,1.287112295,-1.742961273
GAGTTTGAGATGGCGT-1_1_1,IR,Mmp8+ Neu,4.93527013,1.204819873
GAGTTTGGTATAGGGC-1_1_1,IR,Csf3r-hi Neu,-1.330266178,1.541583255
GAGTTTGGTGACGTCC-1_1_1,IR,Icam1+ Neu,-5.078180016,4.135794356
GAGTTTGTCTAGCCTC-1_1_1,IR,Cd14-hi Neu,1.194859564,-0.818784818
GATAGAAGTTCCTTGC-1_1_1,IR,Isg15+ Neu,-0.291098446,-0.312048421
GATAGCTGTCGCACAC-1_1_1,IR,Cstdc4+ Neu,-0.749037803,-4.346119926
GATAGCTTCGAGCACC-1_1_1,IR,Cd14-hi Neu,0.011905059,-2.378497288
GATCACAAGCAACAGC-1_1_1,IR,Cstdc4+ Neu,-0.929429889,-4.188413903
GATCACAAGCAGATAT-1_1_1,IR,Csf3r-hi Neu,0.321973443,2.645680383
GATCATGGTACGCTAT-1_1_1,IR,Cd14-hi Neu,-2.65913409,-0.043640301
GATCATGGTCGGTGAA-1_1_1,IR,Mmp8+ Neu,2.876714527,-0.406560585
GATCCCTAGCGTATGG-1_1_1,IR,Cd14-hi Neu,-1.68278569,0.380244687
GATCCCTCACGACTAT-1_1_1,IR,Cstdc4+ Neu,1.762728631,-3.275457904
GATCCCTGTACCGTGC-1_1_1,IR,Isg15+ Neu,0.556000709,-0.160991535
GATCCCTTCCCTCGAT-1_1_1,IR,Icam1+ Neu,-4.037074268,1.593965724
GATCGTACATGAGTAA-1_1_1,IR,Icam1+ Neu,-0.911987901,2.242091372
GATCGTATCCTTACCG-1_1_1,IR,Csf3r-hi Neu,-1.215341032,3.863363936
GATGAGGGTGGGACAT-1_1_1,IR,Csf3r-hi Neu,0.731888532,2.274078324
GATGATCAGAGCAGTC-1_1_1,IR,Icam1+ Neu,-2.971326054,2.295241788
GATGATCAGAGTATAC-1_1_1,IR,Cstdc4+ Neu,0.466096043,-4.666821286
GATGATCAGTGATTCC-1_1_1,IR,Cstdc4+ Neu,-1.961169184,-4.331200168
GATGATCCACGTCATA-1_1_1,IR,Icam1+ Neu,-4.842140854,-0.363983795
GATGCTACACATACTG-1_1_1,IR,Isg15+ Neu,-0.120112952,0.385835364
GATGCTAGTGCAGATG-1_1_1,IR,Cd14-hi Neu,-1.236135424,-2.433825419
GATGCTATCTCGTCAC-1_1_1,IR,Cd14-hi Neu,-1.4403283,-0.363605544
GATGGAGGTCAGATTC-1_1_1,IR,Cstdc4+ Neu,-0.005159691,-4.003090427
GATGGAGTCATTTCCA-1_1_1,IR,Icam1+ Neu,-5.897314251,3.124165252
GATGTTGAGCTGTCCG-1_1_1,IR,Csf3r-hi Neu,-2.535160482,3.454966262
GATGTTGCAACCGTGC-1_1_1,IR,Icam1+ Neu,-2.334254206,1.524797633
GATGTTGCATTGCAAC-1_1_1,IR,Mmp8+ Neu,2.290897429,-0.318565414
GATTCGAAGTCGGCAA-1_1_1,IR,Icam1+ Neu,-3.356461943,-0.948508434
GATTCGAGTCTCTCAC-1_1_1,IR,Icam1+ Neu,-2.705072105,3.250271514
GATTCGATCCAATCCC-1_1_1,IR,Cd14-hi Neu,0.111058503,-2.459250734
GATTCTTTCTGATGGT-1_1_1,IR,Mmp8+ Neu,5.000139057,0.167148187
GATTGGTGTGCACATT-1_1_1,IR,Cd14-hi Neu,1.03997153,-0.708778337
GATTTCTAGAAATGGG-1_1_1,IR,Cd14-hi Neu,1.02978605,-2.352796719
GATTTCTAGTAGCCAG-1_1_1,IR,Cstdc4+ Neu,-1.344707311,-4.432848737
GATTTCTGTGTTGAGG-1_1_1,IR,Icam1+ Neu,-3.682577789,-1.663099036
GATTTCTTCGCACGGT-1_1_1,IR,Isg15+ Neu,-1.320877612,-1.025672961
GCAACATCAGTGCGCT-1_1_1,IR,Icam1+ Neu,-3.70242256,4.213885024
GCAACCGCAAATACAG-1_1_1,IR,Icam1+ Neu,-3.477659882,2.228951886
GCAACCGGTATCATGC-1_1_1,IR,Cd14-hi Neu,-0.863611043,-1.637338385
GCACATATCAGGAAAT-1_1_1,IR,Icam1+ Neu,-2.861394585,0.13365288
GCACATATCCTAGCTC-1_1_1,IR,Csf3r-hi Neu,-1.138734579,3.72018595
GCACGGTAGCCTGAGA-1_1_1,IR,Mmp8+ Neu,4.95579797,0.082551196
GCACGGTCACATGTTG-1_1_1,IR,Csf3r-hi Neu,0.471043348,1.44026418
GCACGGTTCGACGTCG-1_1_1,IR,Cstdc4+ Neu,1.361514628,-3.915778444
GCACGTGAGTATCCTG-1_1_1,IR,Mmp8+ Neu,4.484538376,0.34478791
GCACGTGCAGTGGCTC-1_1_1,IR,Isg15+ Neu,1.518708288,0.811668113
GCACTAACAAACTAGA-1_1_1,IR,Cd14-hi Neu,-2.037509263,-0.200022802
GCACTAACATCCGTTC-1_1_1,IR,Cd14-hi Neu,-2.777875364,-1.895246074
GCACTAATCCTTGACC-1_1_1,IR,Icam1+ Neu,-4.136080206,3.439813807
GCACTAATCGCGGTAC-1_1_1,IR,Cstdc4+ Neu,-1.371908844,-3.207765147
GCACTAATCTTGGGCG-1_1_1,IR,Cd14-hi Neu,-0.519365609,-1.488496468
GCAGCCACAACTTGCA-1_1_1,IR,Csf3r-hi Neu,0.209837704,3.246510699
GCAGCCACAGATTCGT-1_1_1,IR,Cd14-hi Neu,-1.803079307,-2.516245887
GCAGCCAGTTTGAACC-1_1_1,IR,Cd14-hi Neu,-1.93314451,-0.312910661
GCAGCCATCAGTCATG-1_1_1,IR,Cstdc4+ Neu,-0.658059776,-3.605927512
GCAGCCATCGATGCTA-1_1_1,IR,Icam1+ Neu,-5.636760891,2.775487139
GCAGCTGCAATGTCAC-1_1_1,IR,Cstdc4+ Neu,0.293163091,-4.246536777
GCAGCTGCATTAGGAA-1_1_1,IR,Icam1+ Neu,-4.19008559,2.633823827
GCAGGCTCAACGTATC-1_1_1,IR,Icam1+ Neu,-4.785584152,-0.026734516
GCAGGCTCAATAGGAT-1_1_1,IR,Cstdc4+ Neu,-2.651426733,-3.816496179
GCAGTTAGTGATTCTG-1_1_1,IR,Cd14-hi Neu,0.293258726,-2.308395431
GCAGTTATCTACGCAA-1_1_1,IR,Csf3r-hi Neu,0.386750221,3.844030097
GCAGTTATCTGGGCGT-1_1_1,IR,Cd14-hi Neu,1.15597409,-1.628227935
GCATCGGCAGACACAG-1_1_1,IR,Icam1+ Neu,-3.608024776,0.702749327
GCATCGGGTTCTATCT-1_1_1,IR,Icam1+ Neu,-4.654634655,3.689184859
GCATCTCAGAGCTTTC-1_1_1,IR,Icam1+ Neu,-2.669365824,1.362394049
GCATCTCCACGACAGA-1_1_1,IR,Icam1+ Neu,-2.935411156,1.431660369
GCATGATCAGCTGTAT-1_1_1,IR,Icam1+ Neu,-4.755641163,3.096609786
GCATTAGCACATAGCT-1_1_1,IR,Icam1+ Neu,-6.165104568,2.636340335
GCATTAGCAGTTTGGT-1_1_1,IR,Mmp8+ Neu,1.752569377,-0.986363001
GCATTAGGTCCTGTTC-1_1_1,IR,Icam1+ Neu,-5.605650127,2.048456147
GCATTAGGTGCAATAA-1_1_1,IR,Csf3r-hi Neu,2.08619982,1.461268857
GCCAACGAGCCTGAGA-1_1_1,IR,Icam1+ Neu,-5.761222542,2.853106454
GCCAACGGTCTAACGT-1_1_1,IR,Icam1+ Neu,-4.923370541,1.898571446
GCCAACGTCGCGATCG-1_1_1,IR,Csf3r-hi Neu,0.047102972,2.096599534
GCCAGCAAGACGTCCC-1_1_1,IR,Mmp8+ Neu,4.926750481,-2.509593889
GCCAGCAGTAGTGATA-1_1_1,IR,Csf3r-hi Neu,0.577267944,3.110600665
GCCAGGTTCCGTGGGT-1_1_1,IR,Icam1+ Neu,-2.878513277,-0.269855783
GCCAGGTTCTTTCCGG-1_1_1,IR,Cstdc4+ Neu,-2.296297729,-3.526656434
GCCAGTGGTGACTATC-1_1_1,IR,Mmp8+ Neu,3.935578167,0.392505958
GCCAGTGGTTTAGTCG-1_1_1,IR,Icam1+ Neu,-4.311458767,1.106243089
GCCAGTGTCCAGCACG-1_1_1,IR,Icam1+ Neu,-5.929506958,0.756616905
GCCATTCGTGTCTTGA-1_1_1,IR,Cstdc4+ Neu,-1.843230069,-4.238502547
GCCATTCTCTCAGTCC-1_1_1,IR,Cd14-hi Neu,-2.209235371,-1.912071571
GCCCAGACACAACGCC-1_1_1,IR,Csf3r-hi Neu,-0.274794981,3.332515433
GCCCAGAGTTAAGGGC-1_1_1,IR,Icam1+ Neu,-4.796708763,3.306666568
GCCCAGATCCCATTCG-1_1_1,IR,Isg15+ Neu,-0.780238271,0.440333441
GCCCAGATCGCCTAGG-1_1_1,IR,Cd14-hi Neu,-0.026934043,-1.768013999
GCCCGAACAACGACTT-1_1_1,IR,Icam1+ Neu,-2.542484463,0.743988946
GCCCGAACAAGGTCTT-1_1_1,IR,Cstdc4+ Neu,2.373447716,-2.719916985
GCCCGAACACGACTAT-1_1_1,IR,Mmp8+ Neu,3.223463356,-3.722740457
GCCGATGAGAACCGCA-1_1_1,IR,Icam1+ Neu,-3.097024858,-1.127785124
GCCGATGAGGGTCACA-1_1_1,IR,Mmp8+ Neu,4.551429569,-1.712330267
GCCGATGCAAGTGGGT-1_1_1,IR,Cstdc4+ Neu,1.341191828,-4.371053502
GCCGATGCAGAAATTG-1_1_1,IR,Mmp8+ Neu,3.637333691,-1.224898458
GCCGATGGTCAACACT-1_1_1,IR,Cstdc4+ Neu,-0.802313209,-4.485650108
GCCGATGTCTTGCAAG-1_1_1,IR,Cd14-hi Neu,0.174137085,-1.549745784
GCCGTGAAGACAGTCG-1_1_1,IR,Mmp8+ Neu,6.164292156,-2.344261334
GCCGTGATCGTCTACC-1_1_1,IR,Mmp8+ Neu,3.363147318,1.332943394
GCCTGTTAGGTTTGAA-1_1_1,IR,Icam1+ Neu,-4.385562599,-2.445753381
GCGAGAAAGCACTTTG-1_1_1,IR,Cd14-hi Neu,-2.444316566,-0.91685097
GCGAGAAAGGACGGAG-1_1_1,IR,Csf3r-hi Neu,1.425810635,0.020220354
GCGAGAAAGTCCCTAA-1_1_1,IR,Isg15+ Neu,-3.734311045,0.188232973
GCGAGAAAGTTGCGCC-1_1_1,IR,Icam1+ Neu,-4.484176815,-1.460049674
GCGAGAACATCCGGTG-1_1_1,IR,Cd14-hi Neu,-2.071056188,-1.042508465
GCGAGAATCCAATCTT-1_1_1,IR,Cd14-hi Neu,-2.267693937,-1.992390797
GCGATCGAGACGCAGT-1_1_1,IR,Icam1+ Neu,-3.890880287,2.187764838
GCGATCGGTCGTTGGC-1_1_1,IR,Icam1+ Neu,-1.633179844,2.930415347
GCGATCGTCGAGTACT-1_1_1,IR,Mmp8+ Neu,5.690204441,-1.979435012
GCGGAAAAGTTGGCTT-1_1_1,IR,Cstdc4+ Neu,-0.616859615,-4.701141879
GCGGAAACAGAAATTG-1_1_1,IR,Icam1+ Neu,-3.120882214,4.402985766
GCGGAAAGTAAGATAC-1_1_1,IR,Csf3r-hi Neu,2.928514301,1.549129441
GCGGAAAGTACGAGCA-1_1_1,IR,Icam1+ Neu,-4.588499248,1.88367553
GCGGATCCAAGCGCAA-1_1_1,IR,Icam1+ Neu,-3.106773794,2.250392869
GCGTTTCCAAATCGTC-1_1_1,IR,Cd14-hi Neu,-0.462295413,-3.35349302
GCGTTTCCACAGAGAC-1_1_1,IR,Cd14-hi Neu,-2.011309803,-0.817401812
GCGTTTCCAGACCCGT-1_1_1,IR,Mmp8+ Neu,3.535520851,-0.223016426
GCGTTTCGTTTACACG-1_1_1,IR,Mmp8+ Neu,6.239893257,-1.576986417
GCTACAAAGACCTGGA-1_1_1,IR,Icam1+ Neu,-3.319417179,0.56350179
GCTACAAAGGAAACGA-1_1_1,IR,Icam1+ Neu,-4.554007233,0.605330303
GCTACAAAGTAATCCC-1_1_1,IR,Icam1+ Neu,-4.923826874,4.049997046
GCTACAATCCTATTGT-1_1_1,IR,Isg15+ Neu,-0.609412969,0.381579116
GCTACAATCTCATGCC-1_1_1,IR,Cstdc4+ Neu,0.99361068,-4.801665113
GCTACCTGTGTTCGAT-1_1_1,IR,Icam1+ Neu,-2.959019125,0.346114948
GCTCAAAAGCTACTGT-1_1_1,IR,Cd14-hi Neu,0.302073538,-2.080793307
GCTCAAAAGTGGAAAG-1_1_1,IR,Icam1+ Neu,-4.994075478,2.545835688
GCTCAAACAAGATGGC-1_1_1,IR,Cstdc4+ Neu,2.032087385,-3.670041845
GCTCAAATCTACCACC-1_1_1,IR,Icam1+ Neu,-4.744422138,4.673546508
GCTGAATGTAGGTACG-1_1_1,IR,Icam1+ Neu,-5.505479992,4.15208359
GCTGAATGTCGCGTCA-1_1_1,IR,Mmp8+ Neu,0.868494927,1.098604157
GCTGAATGTTCTAACG-1_1_1,IR,Icam1+ Neu,-2.368476093,2.264835551
GCTGAATGTTTCGTAG-1_1_1,IR,Cd14-hi Neu,-4.686358631,-0.832520798
GCTGGGTCAAATGCTC-1_1_1,IR,Icam1+ Neu,-4.205089748,4.114015296
GCTGGGTCAGAGTGTG-1_1_1,IR,Cd14-hi Neu,-1.111129702,-1.238824666
GCTGGGTCATGCGTGC-1_1_1,IR,Isg15+ Neu,0.648238599,-0.148867235
GCTGGGTTCAAAGCCT-1_1_1,IR,Csf3r-hi Neu,1.779988586,2.010863974
GCTTCACAGAAATCCA-1_1_1,IR,Icam1+ Neu,-5.569760502,1.169918731
GCTTCACAGTGGTTGG-1_1_1,IR,Icam1+ Neu,-1.55885917,1.934159472
GCTTCACCACAAGGTG-1_1_1,IR,Cd14-hi Neu,-0.604488999,-1.337241903
GCTTCACCATGACACT-1_1_1,IR,Icam1+ Neu,-2.307489574,1.964903071
GCTTCACGTCAACCTA-1_1_1,IR,Cd14-hi Neu,-3.051002443,-1.903764055
GCTTGGGAGATGGTAT-1_1_1,IR,Cd14-hi Neu,-2.337555111,-2.447873399
GCTTGGGGTGAATGTA-1_1_1,IR,Mmp8+ Neu,2.416673719,-1.669397459
GCTTTCGAGCCAGAGT-1_1_1,IR,Icam1+ Neu,-2.652285755,0.676096871
GCTTTCGTCCGGACGT-1_1_1,IR,Cstdc4+ Neu,-1.080554486,-4.017922685
GGAACCCCACCCTTAC-1_1_1,IR,Cstdc4+ Neu,-2.385964334,-3.574494407
GGAAGTGGTCAGACTT-1_1_1,IR,Icam1+ Neu,-2.376868904,0.731751278
GGAAGTGTCTCATTTG-1_1_1,IR,Icam1+ Neu,-4.0863325,-2.137697623
GGAATCTAGACTTAAG-1_1_1,IR,Mmp8+ Neu,2.77682358,-0.243242964
GGAATCTAGATTTGCC-1_1_1,IR,Mmp8+ Neu,2.430665314,0.449474767
GGAATCTCACCGTCTT-1_1_1,IR,Csf3r-hi Neu,-0.862051964,3.244898989
GGAATGGGTATCGTGT-1_1_1,IR,Icam1+ Neu,-4.540726364,4.624129489
GGAATGGGTGAGAACC-1_1_1,IR,Icam1+ Neu,-4.706171215,2.920813039
GGACGTCCAACCAACT-1_1_1,IR,Cd14-hi Neu,-1.098053098,-1.392799661
GGAGAACAGCATCTTG-1_1_1,IR,Cd14-hi Neu,1.569694221,-1.918389783
GGAGATGAGTTCCGTA-1_1_1,IR,Csf3r-hi Neu,2.094858706,1.69360514
GGAGATGCATACCATG-1_1_1,IR,Mmp8+ Neu,2.874909699,-1.530491278
GGAGATGGTCATAAAG-1_1_1,IR,Icam1+ Neu,-3.679899395,-2.501658961
GGAGCAAAGCACTGGA-1_1_1,IR,Cd14-hi Neu,-0.249129765,-1.446386144
GGAGCAACAGAGGTAC-1_1_1,IR,Csf3r-hi Neu,1.883697569,0.465089991
GGAGCAAGTGTGAATA-1_1_1,IR,Cd14-hi Neu,-0.204874408,-1.199830622
GGAGCAAGTGTTCGAT-1_1_1,IR,Mmp8+ Neu,4.258364975,-1.047226997
GGAGCAAGTTGTGCAT-1_1_1,IR,Icam1+ Neu,-5.888266743,1.539023831
GGAGGATGTGCGTTTA-1_1_1,IR,Cd14-hi Neu,-2.620151937,-0.506636069
GGAGGATGTTTGAAAG-1_1_1,IR,Icam1+ Neu,-3.542962254,-2.528828904
GGAGGATTCTGGGAGA-1_1_1,IR,Cd14-hi Neu,-0.39397125,-1.841908679
GGAGGTAAGGGCTGAT-1_1_1,IR,Icam1+ Neu,-2.976884067,0.391901806
GGATCTAGTACCGTCG-1_1_1,IR,Icam1+ Neu,-6.202135742,2.576379016
GGATCTAGTATGGAAT-1_1_1,IR,Icam1+ Neu,-4.250088871,0.944507077
GGATGTTCAACCGACC-1_1_1,IR,Icam1+ Neu,-3.68279475,-2.005625531
GGATGTTCATCACAGT-1_1_1,IR,Csf3r-hi Neu,1.77750951,1.878801539
GGATGTTTCTCCCTAG-1_1_1,IR,Isg15+ Neu,-0.91678989,0.338869288
GGCACGTAGGGTCACA-1_1_1,IR,Mmp8+ Neu,5.912328541,-1.280524224
GGCACGTGTTGCATGT-1_1_1,IR,Icam1+ Neu,-5.633427322,3.221277907
GGCAGTCAGCCGATAG-1_1_1,IR,Mmp8+ Neu,2.059467852,-2.034634039
GGCAGTCAGGAATTAC-1_1_1,IR,Mmp8+ Neu,3.225430548,0.760308697
GGCAGTCAGGGAGGTG-1_1_1,IR,Icam1+ Neu,-3.994074047,1.446616605
GGCAGTCAGGGCAGTT-1_1_1,IR,Icam1+ Neu,-3.815865696,2.370271638
GGCAGTCTCTATTCGT-1_1_1,IR,Isg15+ Neu,-0.670125097,0.482552722
GGCAGTCTCTGTAACG-1_1_1,IR,Cstdc4+ Neu,1.247594893,-3.422866389
GGCGTCATCCGCGGAT-1_1_1,IR,Icam1+ Neu,-2.505387009,1.183332637
GGCGTCATCGGTCGGT-1_1_1,IR,Icam1+ Neu,-3.96565646,4.332729056
GGCTGTGCAGACCTGC-1_1_1,IR,Cd14-hi Neu,-0.899537862,-1.013014894
GGCTGTGGTAGTGTGG-1_1_1,IR,Mmp8+ Neu,4.109901249,-3.50218229
GGCTGTGGTCGTTCAA-1_1_1,IR,Csf3r-hi Neu,2.86814171,2.444319442
GGCTTGGCACGTGTGC-1_1_1,IR,Isg15+ Neu,-0.158800617,-0.157513783
GGCTTGGCAGTGTACT-1_1_1,IR,Csf3r-hi Neu,-1.900844634,2.927127078
GGCTTGGGTTGTATGC-1_1_1,IR,Mmp8+ Neu,4.076143086,-0.112869367
GGCTTGGTCGGTAGGA-1_1_1,IR,Icam1+ Neu,-5.589702309,4.272168353
GGCTTTCTCTGTCGCT-1_1_1,IR,Icam1+ Neu,-3.887373627,1.006038382
GGGAAGTAGTAGTCAA-1_1_1,IR,Cstdc4+ Neu,2.040988504,-2.703832671
GGGAAGTCACCAGTAT-1_1_1,IR,Cstdc4+ Neu,-0.052085847,-4.65030317
GGGAAGTCATCGTTCC-1_1_1,IR,Icam1+ Neu,-5.213362873,1.712490514
GGGAAGTTCCGGTAGC-1_1_1,IR,Icam1+ Neu,-4.276271522,3.356475547
GGGAAGTTCGACACTA-1_1_1,IR,Mmp8+ Neu,2.701990664,-1.93759279
GGGACCTAGGGTAATT-1_1_1,IR,Cstdc4+ Neu,-2.11826557,-4.089921519
GGGACCTAGTGCACAG-1_1_1,IR,Mmp8+ Neu,2.014238417,-1.369993314
GGGACCTGTTTCTATC-1_1_1,IR,Cd14-hi Neu,-1.160773039,-2.412410662
GGGACTCTCTCCACTG-1_1_1,IR,Icam1+ Neu,-5.991692245,1.123659089
GGGAGATTCAATCGGT-1_1_1,IR,Csf3r-hi Neu,-1.175984621,1.79942961
GGGAGTAAGGTACCTT-1_1_1,IR,Cd14-hi Neu,-2.102494777,-0.469165787
GGGAGTACACTACGGC-1_1_1,IR,Isg15+ Neu,-1.036163152,0.723878458
GGGAGTACAGTTTCAG-1_1_1,IR,Icam1+ Neu,-2.32717079,1.403181031
GGGAGTACATAGATGA-1_1_1,IR,Cstdc4+ Neu,-0.107115135,-4.349553153
GGGAGTATCTTTGCTA-1_1_1,IR,Icam1+ Neu,-4.29073304,2.644772961
GGGATCCCAACGGTAG-1_1_1,IR,Icam1+ Neu,-3.270672739,-1.662602768
GGGATCCTCGGATTAC-1_1_1,IR,Icam1+ Neu,-4.255388916,-1.693212971
GGGATCCTCGTGGCGT-1_1_1,IR,Csf3r-hi Neu,-0.414767445,3.825126841
GGGATGAAGACTACCT-1_1_1,IR,Cstdc4+ Neu,1.800605237,-3.95860605
GGGATGAAGCTGAAAT-1_1_1,IR,Icam1+ Neu,-4.023996771,-0.675843314
GGGATGAAGGCTATCT-1_1_1,IR,Icam1+ Neu,-4.01312989,-1.071983285
GGGATGAGTCTTTCAT-1_1_1,IR,Csf3r-hi Neu,0.180241942,1.528536513
GGGCCATCACGGGCTT-1_1_1,IR,Isg15+ Neu,-1.028278232,-0.067945525
GGGCCATGTATCACCA-1_1_1,IR,Cstdc4+ Neu,-1.168888569,-4.015139863
GGGCGTTGTTCGGTTA-1_1_1,IR,Mmp8+ Neu,4.146271526,-0.120119259
GGGCTACAGCGTTACT-1_1_1,IR,Mmp8+ Neu,3.276457369,-3.321940467
GGGCTCAAGCTGAAAT-1_1_1,IR,Icam1+ Neu,-5.298740566,1.96487613
GGGTAGACAAGCGGAT-1_1_1,IR,Icam1+ Neu,-5.318640888,1.166938975
GGGTAGACAGCATTGT-1_1_1,IR,Icam1+ Neu,-1.019938589,2.187074139
GGGTAGACAGGTGTGA-1_1_1,IR,Csf3r-hi Neu,1.356635749,0.358746484
GGGTAGATCTCTGACC-1_1_1,IR,Icam1+ Neu,-1.960343183,1.547709658
GGGTATTAGTACCGGA-1_1_1,IR,Icam1+ Neu,-4.505935371,3.295473769
GGGTATTGTACCCGAC-1_1_1,IR,Mmp8+ Neu,5.305528938,-0.577677772
GGGTCACAGCATTTGC-1_1_1,IR,Mmp8+ Neu,1.165980279,1.084981396
GGGTCACAGTTACGAA-1_1_1,IR,Csf3r-hi Neu,-0.864505232,3.669523433
GGGTCACCAACCGTGC-1_1_1,IR,Icam1+ Neu,-2.661070764,4.727297976
GGGTCACGTGCCGTAC-1_1_1,IR,Csf3r-hi Neu,1.437848389,1.206690505
GGGTCTGAGATGACCG-1_1_1,IR,Icam1+ Neu,-4.152746618,-1.082027042
GGGTCTGGTTCTCCCA-1_1_1,IR,Isg15+ Neu,1.109842717,0.353913381
GGGTCTGTCGCTATTT-1_1_1,IR,Cd14-hi Neu,-0.179552954,-2.246150419
GGGTGAACAATTTCGG-1_1_1,IR,Cstdc4+ Neu,2.076421082,-3.898758933
GGGTGAACAGGTCAAG-1_1_1,IR,Cd14-hi Neu,-1.318714917,-2.312100932
GGGTGAACATCAGTGT-1_1_1,IR,Icam1+ Neu,-5.75305003,3.614373877
GGGTGAATCGTAGTCA-1_1_1,IR,Icam1+ Neu,-3.900276363,-1.125679676
GGGTGTCGTCTCAGAT-1_1_1,IR,Cd14-hi Neu,0.486248374,-0.280017063
GGGTGTCTCACCGCTT-1_1_1,IR,Icam1+ Neu,-2.464839638,0.455205276
GGGTTATAGCGCTTCG-1_1_1,IR,Cstdc4+ Neu,-2.220261991,-3.982107446
GGGTTATCAGATACCT-1_1_1,IR,Cd14-hi Neu,-2.648829878,-1.348058656
GGGTTATGTCACTAGT-1_1_1,IR,Mmp8+ Neu,4.681823074,-0.703984037
GGGTTTAAGAACGTGC-1_1_1,IR,Mmp8+ Neu,2.361541569,-1.016007722
GGGTTTAGTTGCTCGG-1_1_1,IR,Csf3r-hi Neu,2.580459654,1.934269622
GGTAACTAGGCTAAAT-1_1_1,IR,Csf3r-hi Neu,1.261370122,2.622892096
GGTAACTAGGGATCAC-1_1_1,IR,Cd14-hi Neu,-0.098925636,-2.174317405
GGTAACTAGTTGGAAT-1_1_1,IR,Cd14-hi Neu,-3.019652546,-2.225952193
GGTAACTCAACGGCTC-1_1_1,IR,Cd14-hi Neu,0.078439503,-1.475996241
GGTAACTCAATGTCAC-1_1_1,IR,Isg15+ Neu,0.270974993,-0.291535542
GGTAACTTCGTCTACC-1_1_1,IR,Mmp8+ Neu,2.037382185,-1.127300639
GGTAACTTCTGGGCCA-1_1_1,IR,Icam1+ Neu,-5.029890716,3.49051018
GGTAATCAGTCCTGCG-1_1_1,IR,Mmp8+ Neu,4.042693436,-2.845913932
GGTAATCCACCAGTTA-1_1_1,IR,Csf3r-hi Neu,-0.388115704,2.982499316
GGTAATCTCGCTTTAT-1_1_1,IR,Isg15+ Neu,-1.652846396,0.010218098
GGTAGAGAGCTGCCTG-1_1_1,IR,Isg15+ Neu,0.257036537,1.302396491
GGTAGAGCAGCGTAGA-1_1_1,IR,Cstdc4+ Neu,0.843411028,-4.578717992
GGTAGAGTCCGTCCTA-1_1_1,IR,Isg15+ Neu,-0.321521938,-0.334244952
GGTCACGCAGAACCGA-1_1_1,IR,Icam1+ Neu,-0.995225966,2.050595954
GGTCACGGTGGCTTGC-1_1_1,IR,Cd14-hi Neu,-0.629903555,2.002310231
GGTCACGTCTGCCTGT-1_1_1,IR,Icam1+ Neu,-3.347313583,1.708191588
GGTCTGGAGGGTTAGC-1_1_1,IR,Cd14-hi Neu,-1.176393211,-0.395829782
GGTCTGGGTATCCTTT-1_1_1,IR,Cstdc4+ Neu,1.307954609,-4.327531383
GGTCTGGGTCGTTATG-1_1_1,IR,Mmp8+ Neu,5.662199795,-2.464971111
GGTGAAGCAGCGGTTC-1_1_1,IR,Cd14-hi Neu,-0.365661547,-2.069273576
GGTGAAGTCTAAGGAA-1_1_1,IR,Icam1+ Neu,-2.774402321,3.302488997
GGTGAAGTCTATGCCC-1_1_1,IR,Cstdc4+ Neu,-1.435118735,-3.361410663
GGTGATTGTTTACGAC-1_1_1,IR,Mmp8+ Neu,3.245226204,-2.018127188
GGTGATTTCCTCTAAT-1_1_1,IR,Csf3r-hi Neu,3.876324474,1.544356063
GGTGATTTCGCACGGT-1_1_1,IR,Csf3r-hi Neu,1.275495112,1.820117667
GGTGGCTCATAACTCG-1_1_1,IR,Isg15+ Neu,0.23981595,1.046571687
GGTGGCTCATAGACTC-1_1_1,IR,Icam1+ Neu,-3.352182091,-2.334412381
GGTGTCGCACGCTTAA-1_1_1,IR,Cd14-hi Neu,1.671889245,-1.867535457
GGTGTTAGTCGCCTAG-1_1_1,IR,Csf3r-hi Neu,-4.997535885,4.797132685
GGTGTTATCCACGAAT-1_1_1,IR,Isg15+ Neu,-0.435866654,-0.399235472
GGTGTTATCCGTGGCA-1_1_1,IR,Icam1+ Neu,-4.75646323,1.474413588
GGTTAACAGGCTCCCA-1_1_1,IR,Cstdc4+ Neu,1.981381714,-3.771516845
GGTTAACAGTAATACG-1_1_1,IR,Icam1+ Neu,-3.150636375,4.559934333
GGTTAACCACAAGCCC-1_1_1,IR,Mmp8+ Neu,6.534192383,-2.884607122
GGTTAACCACCTGCAG-1_1_1,IR,Icam1+ Neu,-0.321809903,2.598405078
GGTTAACTCAAACGTC-1_1_1,IR,Mmp8+ Neu,4.152202427,-1.373617545
GGTTCTCCACAGTATC-1_1_1,IR,Mmp8+ Neu,3.456597387,-4.201209352
GGTTGTAAGCTGAGTG-1_1_1,IR,Icam1+ Neu,-4.036203802,2.238425687
GGTTGTAAGGAGTATT-1_1_1,IR,Icam1+ Neu,-5.111339271,3.19252558
GGTTGTATCGTTCGCT-1_1_1,IR,Cd14-hi Neu,-1.881946147,-1.892663941
GTAACACAGGTGCAGT-1_1_1,IR,Icam1+ Neu,-4.385704697,4.019888118
GTAACACTCATTGGTG-1_1_1,IR,Csf3r-hi Neu,0.802366614,1.751356318
GTAACACTCGGAGTGA-1_1_1,IR,Icam1+ Neu,-2.78123039,2.697450116
GTAACCAGTACAACGG-1_1_1,IR,Icam1+ Neu,-6.063184441,2.919677213
GTAAGTCTCAGTGTGT-1_1_1,IR,Cd14-hi Neu,-3.444989384,-2.381694362
GTAATCGCAAGTGCAG-1_1_1,IR,Isg15+ Neu,1.077536404,1.109133199
GTAATGCAGAACCGCA-1_1_1,IR,Mmp8+ Neu,2.802929461,-1.90148519
GTACAACAGCTGAAGC-1_1_1,IR,Mmp8+ Neu,6.317544281,-3.314608619
GTACAACTCACCGCTT-1_1_1,IR,Icam1+ Neu,-1.504662455,3.080970958
GTACAACTCAGTGTCA-1_1_1,IR,Icam1+ Neu,-5.717376411,3.466500953
GTACAGTAGTCAGGGT-1_1_1,IR,Cd14-hi Neu,-1.272223771,-2.508177206
GTACAGTTCCGTTGGG-1_1_1,IR,Icam1+ Neu,-5.344841659,3.619224742
GTACAGTTCGTAGCCG-1_1_1,IR,Icam1+ Neu,-4.531054676,1.594474986
GTAGAAAGTACCCGCA-1_1_1,IR,Icam1+ Neu,-3.123605669,-3.094997689
GTAGAGGAGCCATTTG-1_1_1,IR,Icam1+ Neu,-4.307416141,-0.571494267
GTAGAGGCAGCTGCCA-1_1_1,IR,Cd14-hi Neu,0.008247479,-1.471015171
GTAGATCCACTATCCC-1_1_1,IR,Cd14-hi Neu,-2.271291912,-1.432978526
GTAGCTATCGACCATA-1_1_1,IR,Csf3r-hi Neu,0.172955155,1.596013739
GTAGGAGAGCTCATAC-1_1_1,IR,Cstdc4+ Neu,1.833928406,-3.027298615
GTAGGTTGTGAGTTGG-1_1_1,IR,Icam1+ Neu,-4.37703532,-0.66147925
GTAGGTTTCGCCAGTG-1_1_1,IR,Icam1+ Neu,-5.253812969,4.154325679
GTAGTACAGACATACA-1_1_1,IR,Cd14-hi Neu,-0.422239632,-1.847801194
GTAGTACCAGATACCT-1_1_1,IR,Cd14-hi Neu,0.069426298,-1.965716526
GTAGTACCAGCTGCCA-1_1_1,IR,Icam1+ Neu,-5.023311317,3.871955588
GTAGTACCATTCTTCA-1_1_1,IR,Csf3r-hi Neu,0.202481955,0.701236322
GTATTGGAGCACTTTG-1_1_1,IR,Cd14-hi Neu,0.59605211,-0.351682291
GTATTGGCAGTGCGCT-1_1_1,IR,Cstdc4+ Neu,-2.136826218,-4.133796737
GTATTGGGTTGATCGT-1_1_1,IR,Mmp8+ Neu,4.05822736,-2.927189753
GTATTGGTCAGTGGGA-1_1_1,IR,Icam1+ Neu,-4.353436649,1.760894015
GTATTTCCATAGATCC-1_1_1,IR,Icam1+ Neu,-3.49929756,1.089772179
GTATTTCGTAGAATAC-1_1_1,IR,Cd14-hi Neu,-2.35406226,-0.24078618
GTCAAACAGGTACAGC-1_1_1,IR,Cd14-hi Neu,-2.217566431,-2.101749227
GTCAAACCAATGTCAC-1_1_1,IR,Icam1+ Neu,-4.874618233,2.383066371
GTCAAACCACTTGGGC-1_1_1,IR,Mmp8+ Neu,3.96334058,0.651857331
GTCAAACGTAGAGATT-1_1_1,IR,Cd14-hi Neu,-1.829715312,-3.200787828
GTCAAACGTCAACCTA-1_1_1,IR,Cstdc4+ Neu,2.683164179,-1.893083617
GTCAAGTAGTAACAGT-1_1_1,IR,Cstdc4+ Neu,0.808514058,-4.70257096
GTCAAGTGTACCGGAA-1_1_1,IR,Mmp8+ Neu,7.125709354,-3.828426883
GTCACGGGTCTACACA-1_1_1,IR,Mmp8+ Neu,7.676126301,-4.477623031
GTCACGGTCGGTCAGC-1_1_1,IR,Icam1+ Neu,-1.357601464,1.929578259
GTCACGGTCTGCCCTA-1_1_1,IR,Icam1+ Neu,-3.727575005,3.363360598
GTCACTCAGGCACTCC-1_1_1,IR,Cd14-hi Neu,-2.005758584,-2.634374187
GTCACTCGTGCTAGCC-1_1_1,IR,Cd14-hi Neu,0.972226202,-0.396949575
GTCACTCTCTACCACC-1_1_1,IR,Cstdc4+ Neu,0.111167788,-3.811389491
GTCAGCGAGAGTTGAT-1_1_1,IR,Isg15+ Neu,-0.371665046,0.03787513
GTCAGCGAGTGAGGCT-1_1_1,IR,Csf3r-hi Neu,1.102910101,2.911951974
GTCAGCGGTAGCTAAA-1_1_1,IR,Icam1+ Neu,-4.449950874,-0.525959835
GTCAGCGGTCTTTATC-1_1_1,IR,Isg15+ Neu,-1.601487816,-1.063603376
GTCAGCGGTGATACTC-1_1_1,IR,Cd14-hi Neu,0.314118474,-1.928110585
GTCATCCGTACATTGC-1_1_1,IR,Icam1+ Neu,-1.162378967,2.587126448
GTCATCCGTGGCCTCA-1_1_1,IR,Isg15+ Neu,-0.931402803,0.135070875
GTCATGAAGGCTAACG-1_1_1,IR,Mmp8+ Neu,3.494195997,-0.807445363
GTCATGATCTATCGTT-1_1_1,IR,Icam1+ Neu,-1.864414037,3.295941069
GTCATTTGTCGTCATA-1_1_1,IR,Icam1+ Neu,-2.887373627,2.064031794
GTCCACTAGGTGCTGA-1_1_1,IR,Csf3r-hi Neu,-0.205698558,2.695114091
GTCCACTCAGAGGGTT-1_1_1,IR,Icam1+ Neu,-0.246216476,0.973965838
GTCCACTTCGGCTTGG-1_1_1,IR,Icam1+ Neu,-4.672882259,3.509679034
GTCCCATCAGACATCT-1_1_1,IR,Cd14-hi Neu,-2.029012025,0.528970912
GTCCCATGTTTGTTGG-1_1_1,IR,Icam1+ Neu,-3.375388325,-3.173099563
GTCCTCAAGAGAATCT-1_1_1,IR,Cstdc4+ Neu,-0.524941892,-3.481300876
GTCCTCAAGCGGGTAT-1_1_1,IR,Csf3r-hi Neu,1.532067239,2.498898223
GTCCTCACAGCAGTGA-1_1_1,IR,Csf3r-hi Neu,-1.080161453,1.854859069
GTCGAATAGCGTCTGC-1_1_1,IR,Cd14-hi Neu,-0.775412739,-2.981571004
GTCGAATGTTACACAC-1_1_1,IR,Cd14-hi Neu,-0.532933176,-0.23608546
GTCGCGAAGCACCGAA-1_1_1,IR,Cstdc4+ Neu,-0.844303906,-4.582160995
GTCGCGATCACCGGGT-1_1_1,IR,Icam1+ Neu,-3.219820679,2.978206351
GTCGCGATCAGAATAG-1_1_1,IR,Mmp8+ Neu,3.261798203,-1.082080383
GTCGTAAAGACCTGGA-1_1_1,IR,Cd14-hi Neu,-2.2245664,-0.515950486
GTCGTAAAGCAACAAT-1_1_1,IR,Isg15+ Neu,1.178992569,0.230419948
GTCGTAACACAGACGA-1_1_1,IR,Cstdc4+ Neu,-1.022763372,-3.710186765
GTCGTAACATGGCTGC-1_1_1,IR,Icam1+ Neu,-3.938099325,-0.200820193
GTCGTAATCGCCCAGA-1_1_1,IR,Mmp8+ Neu,1.185902655,-1.931040034
GTCGTAATCTGGCTGG-1_1_1,IR,Icam1+ Neu,-4.249921024,-1.248938427
GTCGTTCCACAACCGC-1_1_1,IR,Icam1+ Neu,-1.058261216,-2.434644506
GTCGTTCGTACACTCA-1_1_1,IR,Cd14-hi Neu,-2.300501287,0.42629297
GTCGTTCGTCTCTCAC-1_1_1,IR,Icam1+ Neu,-4.129280031,2.814351752
GTCTACCGTACCTTCC-1_1_1,IR,Icam1+ Neu,-2.684673489,2.708755448
GTCTAGAAGTGGTTCT-1_1_1,IR,Csf3r-hi Neu,0.994124353,0.980643943
GTCTAGATCTCATGGA-1_1_1,IR,Cd14-hi Neu,1.402552902,-1.678221986
GTCTCACAGAAACCCG-1_1_1,IR,Cd14-hi Neu,-1.562229574,-2.379009649
GTCTCACAGGCGTTGA-1_1_1,IR,Csf3r-hi Neu,0.363249421,3.589181617
GTCTCACAGTGCAGGT-1_1_1,IR,Icam1+ Neu,-2.88010782,1.357988551
GTCTCACCATTCCTCG-1_1_1,IR,Mmp8+ Neu,2.200031101,-1.780837164
GTCTCACTCCGCAAAT-1_1_1,IR,Cd14-hi Neu,-2.822751224,-1.341545329
GTCTGTCAGTGATAAC-1_1_1,IR,Cstdc4+ Neu,-0.045624048,-4.100850627
GTCTGTCCAGTCCCGA-1_1_1,IR,Icam1+ Neu,-3.771640718,0.124750092
GTCTGTCTCGGACTGC-1_1_1,IR,Cd14-hi Neu,-1.308036745,-2.302811072
GTCTTTAAGGATGCGT-1_1_1,IR,Cd14-hi Neu,-2.449060619,-2.545155689
GTCTTTAAGTCTACCA-1_1_1,IR,Icam1+ Neu,-4.695504368,4.785059169
GTCTTTACATGACACT-1_1_1,IR,Icam1+ Neu,-2.342929304,2.283060267
GTCTTTAGTGATGTAA-1_1_1,IR,Cd14-hi Neu,-1.402050078,-2.220808432
GTCTTTAGTTTGAACC-1_1_1,IR,Csf3r-hi Neu,0.708565414,3.219629004
GTGACGCCAAGGTCGA-1_1_1,IR,Mmp8+ Neu,3.651607811,-1.369801835
GTGAGCCCAACAGCCC-1_1_1,IR,Cstdc4+ Neu,-0.877521813,-4.436451719
GTGAGCCCATACCAGT-1_1_1,IR,Icam1+ Neu,-4.364825428,-1.60733448
GTGAGGAAGGAGGGTG-1_1_1,IR,Csf3r-hi Neu,2.627976477,0.9488637
GTGAGGACAATGAGCG-1_1_1,IR,Cstdc4+ Neu,-0.179335603,-4.7685204
GTGAGGATCATGTCAG-1_1_1,IR,Isg15+ Neu,0.350405097,1.07283397
GTGAGGATCGGTCTAA-1_1_1,IR,Icam1+ Neu,-3.039935768,0.367432788
GTGAGGATCTATACGG-1_1_1,IR,Icam1+ Neu,-4.531497658,2.911762669
GTGAGTTAGTCCTACA-1_1_1,IR,Icam1+ Neu,-5.46713847,3.971147254
GTGATGTAGCTCAGAG-1_1_1,IR,Icam1+ Neu,-5.757856071,-0.157275543
GTGATGTCAGCTCATA-1_1_1,IR,Icam1+ Neu,-3.721807659,0.340834573
GTGCAGCAGGTCGTGA-1_1_1,IR,Icam1+ Neu,-4.740766704,4.740834906
GTGCAGCGTCTACACA-1_1_1,IR,Cd14-hi Neu,-2.350161493,-1.993508742
GTGCGTGAGTAAAGCT-1_1_1,IR,Cd14-hi Neu,-1.279159606,-1.305203364
GTGCGTGCAAGAATAC-1_1_1,IR,Isg15+ Neu,-0.382893876,0.950275376
GTGCGTGGTCACCGCA-1_1_1,IR,Csf3r-hi Neu,0.419477641,3.421214774
GTGCGTGTCTAAGGAA-1_1_1,IR,Icam1+ Neu,-4.66094035,0.061432674
GTGCTGGAGTTAGAAC-1_1_1,IR,Icam1+ Neu,-3.026631058,0.262254789
GTGCTGGTCGTGCATA-1_1_1,IR,Cstdc4+ Neu,1.841900646,-3.218828723
GTGCTTCCACACAGCC-1_1_1,IR,Icam1+ Neu,-3.294615448,2.918244555
GTGCTTCCAGGCGTTC-1_1_1,IR,Cstdc4+ Neu,2.436769306,-3.384745881
GTGCTTCCATCAGCAT-1_1_1,IR,Isg15+ Neu,0.087697357,-0.340690717
GTGCTTCGTACAATAG-1_1_1,IR,Cstdc4+ Neu,-0.879710377,-4.586457298
GTGCTTCTCCTATTTG-1_1_1,IR,Icam1+ Neu,-5.628446758,3.15137501
GTGGAAGCATGACGGA-1_1_1,IR,Cstdc4+ Neu,1.223043024,-3.256901548
GTGGAAGGTGACCTGC-1_1_1,IR,Cstdc4+ Neu,-0.003602431,-4.506922767
GTGGAAGTCCTTCTTC-1_1_1,IR,Cd14-hi Neu,0.593526244,-1.593834564
GTGGAAGTCTGATTCT-1_1_1,IR,Isg15+ Neu,1.381952583,-0.3101369
GTGGAGAAGAAGCCAC-1_1_1,IR,Mmp8+ Neu,3.982506096,-2.71832113
GTGGAGACACAAATCC-1_1_1,IR,Icam1+ Neu,-4.6684286,3.849436477
GTGGAGATCTAACGGT-1_1_1,IR,Icam1+ Neu,-5.667653263,0.851067498
GTGGAGATCTATGTGG-1_1_1,IR,Csf3r-hi Neu,-0.767756701,1.313923791
GTGGCGTCATGGGCAA-1_1_1,IR,Icam1+ Neu,-3.767594517,3.254781916
GTGGCGTGTGGAAATT-1_1_1,IR,Cd14-hi Neu,-2.657051504,-1.168696761
GTGGGAAAGGTCCTGC-1_1_1,IR,Icam1+ Neu,-3.96549815,-2.896711275
GTGGGAAGTACAACGG-1_1_1,IR,Isg15+ Neu,2.049265682,0.846945718
GTGGGAATCGCATAGT-1_1_1,IR,Icam1+ Neu,-4.821680725,4.143239692
GTGGGAATCGCTCTCA-1_1_1,IR,Cd14-hi Neu,0.488421022,-2.076409981
GTGGTTACAGCGGATA-1_1_1,IR,Cstdc4+ Neu,0.363249659,-4.254079864
GTGGTTACAGGGAGAG-1_1_1,IR,Cd14-hi Neu,-1.687404454,-2.478132651
GTGTAACAGCCGTCGT-1_1_1,IR,Mmp8+ Neu,2.258141338,-1.673384175
GTGTAACAGCCGTTGC-1_1_1,IR,Isg15+ Neu,-0.439971656,-0.154511616
GTGTAACCACGACGTC-1_1_1,IR,Cd14-hi Neu,0.247464388,-1.332258299
GTGTAACGTAACTAAG-1_1_1,IR,Csf3r-hi Neu,2.475091755,1.617759421
GTGTCCTGTTGACTAC-1_1_1,IR,Icam1+ Neu,-1.881775439,1.66520591
GTGTCCTTCCACAAGT-1_1_1,IR,Icam1+ Neu,-3.561992109,3.007271006
GTGTGATGTATCCCTC-1_1_1,IR,Cstdc4+ Neu,1.330714762,-3.117720411
GTGTGATGTGGACAGT-1_1_1,IR,Cstdc4+ Neu,-0.000851006,-3.980712936
GTGTGATTCTGCTCTG-1_1_1,IR,Csf3r-hi Neu,0.83354932,1.926297143
GTGTGGCAGATTAGCA-1_1_1,IR,Icam1+ Neu,-4.417627991,1.928829625
GTGTGGCCAGCGACAA-1_1_1,IR,Icam1+ Neu,-2.199539364,1.064317658
GTGTGGCGTTAGTTCG-1_1_1,IR,Mmp8+ Neu,4.441983997,0.660617783
GTGTTAGCAAATCAGA-1_1_1,IR,Mmp8+ Neu,5.45590955,-0.966256053
GTGTTAGCATCGATAC-1_1_1,IR,Cstdc4+ Neu,-1.960048497,-4.368676707
GTGTTAGTCGGCTTGG-1_1_1,IR,Cd14-hi Neu,-0.669447929,-2.09595196
GTGTTCCAGGTAAACT-1_1_1,IR,Icam1+ Neu,-2.927390278,-2.669104621
GTGTTCCTCTGAGAGG-1_1_1,IR,Icam1+ Neu,-2.326263607,2.519517377
GTTACAGCAGGAATCG-1_1_1,IR,Icam1+ Neu,-3.213537395,4.967484668
GTTACAGCATTGACCA-1_1_1,IR,Icam1+ Neu,-1.951125801,1.303133204
GTTACCCCATCGTGGC-1_1_1,IR,Cd14-hi Neu,1.591843307,-2.525817678
GTTACGAAGAGGCGGA-1_1_1,IR,Cd14-hi Neu,-1.231909693,-3.264413163
GTTACGAGTCTGCATA-1_1_1,IR,Cstdc4+ Neu,1.003025829,-4.415239379
GTTACGATCAGCCTCT-1_1_1,IR,Icam1+ Neu,-4.142063797,1.73323746
GTTACGATCTCATTTG-1_1_1,IR,Mmp8+ Neu,5.25740081,-1.512708173
GTTAGACAGGGAGGTG-1_1_1,IR,Icam1+ Neu,-5.557820499,1.993126347
GTTAGTGCAGCTCCTT-1_1_1,IR,Cd14-hi Neu,0.971771776,-1.909194336
GTTAGTGCATGACAGG-1_1_1,IR,Cd14-hi Neu,-2.552600563,-2.437302634
GTTATGGCAAGTTCGT-1_1_1,IR,Icam1+ Neu,-3.798109711,4.167304232
GTTATGGGTGATTCAC-1_1_1,IR,Icam1+ Neu,-4.960418404,3.324790194
GTTATGGGTTCTATCT-1_1_1,IR,Icam1+ Neu,-4.322302044,0.136182144
GTTATGGTCGAGATAA-1_1_1,IR,Cstdc4+ Neu,-0.388452828,-4.628212735
GTTCATTCAGGGCTTC-1_1_1,IR,Icam1+ Neu,-4.064051569,-2.787256882
GTTCCGTGTTAATGAG-1_1_1,IR,Csf3r-hi Neu,0.902016937,1.309049323
GTTCCGTTCAGTGTCA-1_1_1,IR,Mmp8+ Neu,3.613879263,-4.147611425
GTTCCGTTCATACGAC-1_1_1,IR,Icam1+ Neu,-4.981055916,2.381820395
GTTCCGTTCCGATAGT-1_1_1,IR,Icam1+ Neu,-3.417717398,0.676106527
GTTCGCTAGTTGCCCG-1_1_1,IR,Csf3r-hi Neu,0.204790085,1.82805176
GTTCTATCATGAATCC-1_1_1,IR,Icam1+ Neu,-3.759242475,3.69474478
GTTCTATGTGCTCCGA-1_1_1,IR,Icam1+ Neu,-4.861731708,3.644934848
GTTCTATTCCGATAAC-1_1_1,IR,Cd14-hi Neu,-2.899863899,1.881019786
GTTGAACAGCAAACAT-1_1_1,IR,Cstdc4+ Neu,0.505437612,-4.562502906
GTTGAACGTGCCTATA-1_1_1,IR,Icam1+ Neu,-1.74407512,0.698902085
GTTGAACTCTTGAGCA-1_1_1,IR,Icam1+ Neu,-3.220768392,1.189111188
GTTGCGGAGAGTCCGA-1_1_1,IR,Mmp8+ Neu,3.20128113,-0.395455227
GTTGCGGCACGCCAGT-1_1_1,IR,Cd14-hi Neu,-0.527588576,-2.365153358
GTTGCGGCAGTAACAA-1_1_1,IR,Icam1+ Neu,-5.410614193,1.112750485
GTTGCGGCATCCTCAC-1_1_1,IR,Cd14-hi Neu,-2.590485514,-1.523882285
GTTGCGGGTTGTGTTG-1_1_1,IR,Icam1+ Neu,-4.07213229,1.950494483
GTTGCGGTCGCTACGG-1_1_1,IR,Mmp8+ Neu,5.195351898,-2.06486772
GTTGCTCCACAGCTTA-1_1_1,IR,Mmp8+ Neu,2.747214853,-0.678080932
GTTGCTCCAGTAACCT-1_1_1,IR,Icam1+ Neu,-3.141549766,1.929830506
GTTGCTCGTCTTAGTG-1_1_1,IR,Icam1+ Neu,-2.512117088,0.844941571
GTTGCTCGTGAGCTCC-1_1_1,IR,Mmp8+ Neu,2.552991449,-2.158653066
GTTGTAGTCTCATGGA-1_1_1,IR,Cstdc4+ Neu,-1.023070634,-4.494935558
GTTGTCCTCAAAGACA-1_1_1,IR,Mmp8+ Neu,2.580521404,1.353346303
GTTGTCCTCCAATCCC-1_1_1,IR,Csf3r-hi Neu,0.971762597,1.831109479
GTTGTGAAGTCTAGCT-1_1_1,IR,Isg15+ Neu,-1.04689461,0.793375447
GTTGTGACATGAGTAA-1_1_1,IR,Mmp8+ Neu,3.171217262,0.878852084
GTTGTGACATTGGATC-1_1_1,IR,Cd14-hi Neu,-1.997925222,-2.217899487
GTTTGGACAAGCGATG-1_1_1,IR,Mmp8+ Neu,1.843190252,-1.220371366
GTTTGGATCATACAGC-1_1_1,IR,Csf3r-hi Neu,0.376104652,2.967535212
TAACACGAGACCATTC-1_1_1,IR,Icam1+ Neu,-2.894031227,-3.445596978
TAACACGCACGGTGCT-1_1_1,IR,Isg15+ Neu,3.919068634,-0.876707599
TAACACGGTATCCTTT-1_1_1,IR,Cd14-hi Neu,0.997458517,-1.985855028
TAACACGTCAACTGGT-1_1_1,IR,Cstdc4+ Neu,-1.454895318,-3.722426936
TAACCAGAGCTATCTG-1_1_1,IR,Cd14-hi Neu,-0.739646376,-1.536622122
TAACCAGCAAACGAGC-1_1_1,IR,Cd14-hi Neu,1.026505172,-2.582366035
TAACCAGGTCCGATCG-1_1_1,IR,Cd14-hi Neu,-1.20051688,-0.310557232
TAACGACAGACTAGAT-1_1_1,IR,Icam1+ Neu,-2.920594871,1.312198594
TAAGCACCACCATATG-1_1_1,IR,Icam1+ Neu,-5.904434383,3.352894976
TAAGCACGTTATAGCC-1_1_1,IR,Icam1+ Neu,-2.625454367,1.581968978
TAAGCACTCTACTTCA-1_1_1,IR,Csf3r-hi Neu,-0.01475434,1.490660861
TAAGCCACACATCATG-1_1_1,IR,Cd14-hi Neu,-1.951713622,-2.432609961
TAAGCCATCAGACTGT-1_1_1,IR,Mmp8+ Neu,4.63830167,1.548647836
TAAGCCATCTACGGGC-1_1_1,IR,Icam1+ Neu,-3.576075972,-0.676029012
TAAGCCATCTCCTGTG-1_1_1,IR,Cd14-hi Neu,-2.871025026,-1.850389228
TAAGCGTAGTAGTCCT-1_1_1,IR,Mmp8+ Neu,3.163046658,-3.05165796
TAAGCGTCAATTGCGT-1_1_1,IR,Cd14-hi Neu,-2.409689844,-0.764367119
TAAGCGTTCGCTTGCT-1_1_1,IR,Icam1+ Neu,-5.335586727,0.716152623
TAAGCGTTCGTTCATT-1_1_1,IR,Icam1+ Neu,-4.924297989,4.197591975
TAAGTCGCAAGAGTAT-1_1_1,IR,Cd14-hi Neu,-1.107259572,-2.606885597
TAAGTCGGTGCCTGAC-1_1_1,IR,Cd14-hi Neu,-1.130558849,1.311872437
TAATCTCCATGCACTA-1_1_1,IR,Icam1+ Neu,-4.58126992,-1.946178064
TAATCTCGTTTGTTGG-1_1_1,IR,Cd14-hi Neu,-2.211837471,-2.401464865
TAATTCCAGATTGAGT-1_1_1,IR,Icam1+ Neu,-4.724114597,4.110744193
TAATTCCAGGCACTAG-1_1_1,IR,Icam1+ Neu,-4.581721008,4.570843413
TAATTCCAGTGCAGCA-1_1_1,IR,Cstdc4+ Neu,1.839784443,-3.801127717
TAATTCCGTGTCATCA-1_1_1,IR,Cd14-hi Neu,-1.633102835,-1.657276675
TACAACGAGATTGGGC-1_1_1,IR,Icam1+ Neu,-2.223485172,1.052728608
TACAACGGTACTCGAT-1_1_1,IR,Icam1+ Neu,-3.125453175,-1.928738937
TACAACGGTTCTCAGA-1_1_1,IR,Cstdc4+ Neu,-1.540306151,-3.495901868
TACACCCCATAGTCGT-1_1_1,IR,Icam1+ Neu,-4.073266447,1.370028928
TACACCCGTCTGTTAG-1_1_1,IR,Icam1+ Neu,-2.63626808,2.997205451
TACACCCTCCGTGGTG-1_1_1,IR,Cstdc4+ Neu,-1.195503176,-4.037641809
TACACCCTCGTTGTTT-1_1_1,IR,Mmp8+ Neu,5.258669197,0.277378633
TACAGGTCATAACAGA-1_1_1,IR,Csf3r-hi Neu,1.014540731,1.940206483
TACATTCCAGCGTGAA-1_1_1,IR,Csf3r-hi Neu,1.688832223,2.8884954
TACATTCTCGTAACCA-1_1_1,IR,Cstdc4+ Neu,0.188242316,-4.647101447
TACCCACCAATTTCTC-1_1_1,IR,Cd14-hi Neu,-2.572556198,-1.798733041
TACCCACGTATAGCTC-1_1_1,IR,Isg15+ Neu,-0.397627905,0.490288332
TACCCACGTCTACAGT-1_1_1,IR,Cd14-hi Neu,1.716024577,-1.491830424
TACCCGTCATGCAGCC-1_1_1,IR,Isg15+ Neu,-1.328101099,0.436529234
TACCGAAAGAGAGCGG-1_1_1,IR,Icam1+ Neu,-3.16692704,4.222194388
TACCGAACATTAAGCC-1_1_1,IR,Cd14-hi Neu,-2.07574755,-0.949407466
TACCGAATCGTAACCA-1_1_1,IR,Mmp8+ Neu,5.103047192,-1.741329417
TACCGGGAGTACAGCG-1_1_1,IR,Mmp8+ Neu,2.567404806,-0.046842143
TACCGGGTCCATTCAT-1_1_1,IR,Mmp8+ Neu,2.72265464,0.295637324
TACCTCGAGTGGATTA-1_1_1,IR,Mmp8+ Neu,4.855542957,-2.588374898
TACCTGCGTAGCGTTT-1_1_1,IR,Mmp8+ Neu,3.760218679,-0.879339621
TACCTGCGTCGCCTAG-1_1_1,IR,Icam1+ Neu,-4.309586227,4.974749759
TACCTGCGTTTCGACA-1_1_1,IR,Csf3r-hi Neu,-0.665404827,3.777582839
TACCTGCTCCACAAGT-1_1_1,IR,Cd14-hi Neu,-1.38173014,-2.318199799
TACGCTCAGCACTTTG-1_1_1,IR,Icam1+ Neu,-4.796023548,3.799352839
TACGCTCTCTTCTCAA-1_1_1,IR,Mmp8+ Neu,2.631831228,-0.526975021
TACGGGCTCCGAAGGA-1_1_1,IR,Icam1+ Neu,-5.405428112,-0.528800533
TACGGGCTCTGTCTCG-1_1_1,IR,Cd14-hi Neu,0.459117829,-2.331516072
TACGGTAGTCCTGGTG-1_1_1,IR,Icam1+ Neu,-2.653705299,1.877903416
TACGTCCAGACAGCTG-1_1_1,IR,Icam1+ Neu,-3.502286852,1.770417168
TACGTCCGTCCCTAAA-1_1_1,IR,Icam1+ Neu,-4.520744503,-1.447202847
TACGTCCGTCCTCCTA-1_1_1,IR,Icam1+ Neu,-3.870269001,-1.263689295
TACGTCCGTTAGGCTT-1_1_1,IR,Mmp8+ Neu,3.725594341,-3.439417646
TACGTCCTCAACCTTT-1_1_1,IR,Icam1+ Neu,-4.919185341,1.35374017
TACGTCCTCATTACTC-1_1_1,IR,Icam1+ Neu,-3.573272884,4.028598979
TACTGCCTCATTCCTA-1_1_1,IR,Icam1+ Neu,-3.705924929,2.221655085
TACTTACAGCCGTTGC-1_1_1,IR,Cstdc4+ Neu,0.060453027,-3.895557687
TACTTCAAGTTTCAGC-1_1_1,IR,Cd14-hi Neu,-2.943785608,0.050873235
TACTTCATCATAAGGA-1_1_1,IR,Csf3r-hi Neu,-2.580893696,3.461024955
TACTTGTAGCGCTGCT-1_1_1,IR,Cd14-hi Neu,0.763728976,-1.80329524
TACTTGTAGTATGATG-1_1_1,IR,Mmp8+ Neu,3.852747738,0.986261323
TACTTGTCAGACTGCC-1_1_1,IR,Cd14-hi Neu,-1.498123587,-1.700853989
TACTTGTCATTGCTGA-1_1_1,IR,Icam1+ Neu,-3.437098682,3.586250499
TACTTGTGTCCAATCA-1_1_1,IR,Isg15+ Neu,0.080939591,0.014744475
TAGACCAAGAGGATCC-1_1_1,IR,Icam1+ Neu,-6.02471608,2.352520659
TAGACCAAGTTGCGCC-1_1_1,IR,Icam1+ Neu,-4.368768871,-0.038311288
TAGACCACAAGAAATC-1_1_1,IR,Cd14-hi Neu,0.13350743,-2.604992077
TAGACTGCAAAGACGC-1_1_1,IR,Cd14-hi Neu,0.648106813,-1.592529461
TAGACTGTCCTGTTGC-1_1_1,IR,Cd14-hi Neu,-1.750584305,-0.400831029
TAGAGTCGTACTGCGC-1_1_1,IR,Cd14-hi Neu,-0.434544176,-2.032017455
TAGATCGGTATTTCCT-1_1_1,IR,Cd14-hi Neu,-1.156748414,-2.63301985
TAGCACACATAAGCAA-1_1_1,IR,Csf3r-hi Neu,1.926379025,2.634020999
TAGCACAGTACGGATG-1_1_1,IR,Cd14-hi Neu,-2.132106722,-1.681516216
TAGCACATCCGCCTAT-1_1_1,IR,Icam1+ Neu,-3.635265291,-2.197497651
TAGGAGGAGTTAACGA-1_1_1,IR,Icam1+ Neu,-4.932161987,2.117174342
TAGGGTTAGTATGGCG-1_1_1,IR,Isg15+ Neu,-0.426564873,0.349634602
TAGGGTTCATACGCAT-1_1_1,IR,Cd14-hi Neu,-1.072168231,-0.547790751
TAGGGTTTCCGACAGC-1_1_1,IR,Icam1+ Neu,-4.034783781,-1.775195703
TAGGTACCAGGATTCT-1_1_1,IR,Icam1+ Neu,-1.748616755,1.911585286
TAGGTACGTGCAATAA-1_1_1,IR,Cstdc4+ Neu,2.336709082,-3.647534654
TAGGTACGTGGCTGAA-1_1_1,IR,Cstdc4+ Neu,-0.511533589,-4.605011747
TAGGTTGCACACCAGC-1_1_1,IR,Icam1+ Neu,-4.387286365,-0.951263294
TAGGTTGGTAAGTTGA-1_1_1,IR,Csf3r-hi Neu,0.57505244,2.08275862
TAGGTTGGTTCCCAAA-1_1_1,IR,Icam1+ Neu,-1.968877852,4.524865821
TAGGTTGTCCCATACC-1_1_1,IR,Cd14-hi Neu,-0.699943722,-0.49643682
TAGGTTGTCGGCATCG-1_1_1,IR,Mmp8+ Neu,2.342939436,0.545742348
TAGTGCAAGTAGGATT-1_1_1,IR,Cstdc4+ Neu,-1.532365025,-3.653865144
TAGTGCAGTCGCTTGG-1_1_1,IR,Icam1+ Neu,-2.372800053,0.847473934
TATACCTCAGAAATCA-1_1_1,IR,Icam1+ Neu,-5.117359817,1.606365874
TATACCTCATCACAGT-1_1_1,IR,Cd14-hi Neu,-0.719728351,-2.513302371
TATACCTGTCAGCTTA-1_1_1,IR,Csf3r-hi Neu,-2.741684616,4.192883208
TATATCCCAGAAGTTA-1_1_1,IR,Icam1+ Neu,-4.511100471,0.552460149
TATATCCGTGCACGCT-1_1_1,IR,Mmp8+ Neu,5.599137604,-1.981928155
TATCAGGGTTCCACAA-1_1_1,IR,Cstdc4+ Neu,-0.991076947,-3.810103461
TATCCTAGTAGTCCTA-1_1_1,IR,Csf3r-hi Neu,-0.628885448,1.811360314
TATCCTAGTTAGCTAC-1_1_1,IR,Isg15+ Neu,0.700876951,-0.00431256
TATCCTATCTCTAGGA-1_1_1,IR,Cstdc4+ Neu,-1.353594721,-3.957896754
TATCGCCAGTACAGAT-1_1_1,IR,Icam1+ Neu,-5.16466111,1.580968812
TATCGCCAGTTAACGA-1_1_1,IR,Cstdc4+ Neu,-0.786587298,-4.776375339
TATCGCCCAGGCTATT-1_1_1,IR,Isg15+ Neu,-0.499142111,0.252065375
TATCGCCTCGCTCTCA-1_1_1,IR,Csf3r-hi Neu,0.786766052,2.597124293
TATCGCCTCTGCAGCG-1_1_1,IR,Mmp8+ Neu,1.813172042,-0.263291046
TATCTGTCACCAGTTA-1_1_1,IR,Cstdc4+ Neu,-1.819945991,-3.693635509
TATCTGTCAGTCTCTC-1_1_1,IR,Cd14-hi Neu,-1.944566787,-0.624068216
TATCTGTTCATTCGGA-1_1_1,IR,Icam1+ Neu,-2.909243286,0.494243696
TATCTGTTCCGTTGGG-1_1_1,IR,Cd14-hi Neu,-1.338686645,0.607836082
TATCTTGCATAACAGA-1_1_1,IR,Mmp8+ Neu,5.86175853,-0.816686347
TATCTTGCATCTCATT-1_1_1,IR,Mmp8+ Neu,3.414990246,-3.874636695
TATGTTCCATCAGTGT-1_1_1,IR,Csf3r-hi Neu,-0.651556254,2.547219231
TATGTTCTCTACTGCC-1_1_1,IR,Icam1+ Neu,-5.107620418,-0.80449684
TATTCCAAGTTACTCG-1_1_1,IR,Icam1+ Neu,-3.321475447,0.665914967
TATTCCACAAATACGA-1_1_1,IR,Icam1+ Neu,-3.612329185,4.249379828
TATTCCAGTATCGCGC-1_1_1,IR,Isg15+ Neu,2.456578791,1.176251366
TATTCCAGTCGTTTCC-1_1_1,IR,Cd14-hi Neu,-1.536748946,-1.592878864
TATTCCATCGACACTA-1_1_1,IR,Cd14-hi Neu,-0.8271963,-2.324207351
TATTGCTTCTATTGTC-1_1_1,IR,Isg15+ Neu,-1.524160564,0.279163316
TATTGGGCAAAGAACT-1_1_1,IR,Icam1+ Neu,-4.472925842,-0.985124544
TATTGGGCAGATTCGT-1_1_1,IR,Mmp8+ Neu,4.027244389,0.918767169
TATTGGGTCGAAGCCC-1_1_1,IR,Icam1+ Neu,-4.907651127,1.930752709
TATTTCGAGATGACAT-1_1_1,IR,Csf3r-hi Neu,-0.437984229,2.143716529
TATTTCGAGTCTCGTA-1_1_1,IR,Icam1+ Neu,-3.57562393,3.920742705
TATTTCGCACAGCATT-1_1_1,IR,Cd14-hi Neu,1.825561106,-1.95378457
TATTTCGGTAACGTTC-1_1_1,IR,Cd14-hi Neu,0.083058863,-1.572534487
TATTTCGTCAAAGACA-1_1_1,IR,Mmp8+ Neu,2.784508526,0.141282156
TCAAGACTCACCTGGG-1_1_1,IR,Icam1+ Neu,-2.484252155,1.819508269
TCAAGACTCATGAGGG-1_1_1,IR,Cd14-hi Neu,-0.863960207,-2.414260313
TCAAGCAAGCGACTTT-1_1_1,IR,Icam1+ Neu,-5.355543793,4.312022879
TCAAGCAGTCATCAGT-1_1_1,IR,Mmp8+ Neu,1.275784671,-0.265832052
TCAAGTGAGAGTGACC-1_1_1,IR,Isg15+ Neu,-0.703261435,0.847858622
TCAAGTGAGGCAGGGA-1_1_1,IR,Cd14-hi Neu,-1.642659367,-1.023847457
TCAATCTAGCACCGTC-1_1_1,IR,Cstdc4+ Neu,2.968232452,-1.403440312
TCAATCTAGGTACTGG-1_1_1,IR,Icam1+ Neu,-2.810052336,1.208641722
TCAATCTGTATCTTCT-1_1_1,IR,Icam1+ Neu,-4.471130073,4.286651805
TCAATCTTCAAGGCTT-1_1_1,IR,Icam1+ Neu,-4.719358147,1.818081572
TCAATCTTCCTACGAA-1_1_1,IR,Icam1+ Neu,-5.680686176,2.338999703
TCAATCTTCGAACTCA-1_1_1,IR,Icam1+ Neu,-1.390870154,2.152449801
TCAATTCCAGTAGAGC-1_1_1,IR,Icam1+ Neu,-1.19533366,3.24072285
TCAATTCTCAATCTCT-1_1_1,IR,Cd14-hi Neu,-2.763640583,-2.366628811
TCACAAGAGTGATCGG-1_1_1,IR,Icam1+ Neu,-3.64718932,3.902005866
TCACAAGCACGTTGGC-1_1_1,IR,Icam1+ Neu,-5.132167995,1.817140534
TCACAAGGTGCATGAG-1_1_1,IR,Mmp8+ Neu,1.834161818,-1.974205062
TCACACCAGCTCCATA-1_1_1,IR,Icam1+ Neu,-1.941664994,2.405994847
TCACACCTCTCGTCGT-1_1_1,IR,Isg15+ Neu,-1.125456274,0.514744714
TCACATTAGGATCACG-1_1_1,IR,Icam1+ Neu,-3.150717199,0.141872123
TCACATTGTGACTATC-1_1_1,IR,Mmp8+ Neu,6.509599506,-3.491610095
TCACATTGTTCTAACG-1_1_1,IR,Icam1+ Neu,-5.21234864,3.220563128
TCACATTTCACACGAT-1_1_1,IR,Cd14-hi Neu,0.442229807,-2.022255764
TCACGCTGTAGGCAAC-1_1_1,IR,Cd14-hi Neu,-1.14190209,-1.81934391
TCACGCTGTGAGTGAC-1_1_1,IR,Isg15+ Neu,-1.966932595,-0.109958336
TCACGGGCAGATTAAG-1_1_1,IR,Icam1+ Neu,-4.938224018,-0.313910172
TCACTATAGACCAAGC-1_1_1,IR,Cd14-hi Neu,-1.92320174,-0.624053553
TCACTATAGTGCTCAT-1_1_1,IR,Csf3r-hi Neu,-1.603714168,2.54497452
TCACTATCATGTACGT-1_1_1,IR,Cstdc4+ Neu,1.276545703,-4.765069768
TCACTATTCCTATGGA-1_1_1,IR,Icam1+ Neu,-3.917306126,-1.166766011
TCACTATTCCTGTAAG-1_1_1,IR,Cd14-hi Neu,-3.558624924,0.779472664
TCACTCGGTCGGCACT-1_1_1,IR,Mmp8+ Neu,2.995661556,-0.00917475
TCACTCGTCTAAGCCA-1_1_1,IR,Csf3r-hi Neu,-1.368313969,3.849760726
TCAGCAAAGTGAGGCT-1_1_1,IR,Icam1+ Neu,-4.574083984,0.419943407
TCAGCAATCCAAGCAT-1_1_1,IR,Icam1+ Neu,-4.018445671,-0.087177202
TCAGCAATCCGCGGAT-1_1_1,IR,Cstdc4+ Neu,-1.869196475,0.747598722
TCAGGGCAGTCAGAGC-1_1_1,IR,Icam1+ Neu,-3.768616856,-2.535111115
TCAGGGCTCTCCCATG-1_1_1,IR,Icam1+ Neu,-4.094622076,2.343196824
TCAGGTAGTGAGTAAT-1_1_1,IR,Cstdc4+ Neu,-0.8622818,-2.985585377
TCAGGTAGTGTTGACT-1_1_1,IR,Cd14-hi Neu,-1.501431883,-2.940799401
TCAGTCCAGTCAGCGA-1_1_1,IR,Cd14-hi Neu,0.774987936,-1.326884076
TCAGTCCGTGGGCTCT-1_1_1,IR,Cd14-hi Neu,0.546791493,-2.238869593
TCAGTCCTCACATTGG-1_1_1,IR,Mmp8+ Neu,4.509269058,-0.839530424
TCAGTGAGTATGTCAC-1_1_1,IR,Icam1+ Neu,-4.43447274,1.713322356
TCAGTGATCGAGATGG-1_1_1,IR,Icam1+ Neu,-4.372302235,0.248772219
TCAGTGATCGGACTTA-1_1_1,IR,Cd14-hi Neu,0.502318799,-1.544750467
TCAGTTTGTGAATTGA-1_1_1,IR,Isg15+ Neu,-1.542059958,0.128003314
TCATACTAGCAGCACA-1_1_1,IR,Cd14-hi Neu,-1.983867109,-0.319711134
TCATACTCACACAGCC-1_1_1,IR,Csf3r-hi Neu,-1.51695329,3.223780825
TCATACTCAGACCAGA-1_1_1,IR,Cstdc4+ Neu,1.347615778,-3.487943217
TCATATCCAAGACGGT-1_1_1,IR,Icam1+ Neu,-4.289143742,4.778975203
TCATATCCACTCCCTA-1_1_1,IR,Icam1+ Neu,-3.018635691,1.239345029
TCATATCTCGTCAGAT-1_1_1,IR,Icam1+ Neu,-3.585807264,-1.168162704
TCATCATGTGAGCTCC-1_1_1,IR,Icam1+ Neu,-3.217671097,-2.239611551
TCATCATTCGGATACT-1_1_1,IR,Cd14-hi Neu,0.365315616,-1.53775467
TCATCCGAGCTGAAAT-1_1_1,IR,Csf3r-hi Neu,1.709862172,1.459309533
TCATCCGAGTTCTACG-1_1_1,IR,Cd14-hi Neu,0.096566945,-2.000259683
TCATCCGGTCGAATGG-1_1_1,IR,Cd14-hi Neu,-2.503697813,-0.035336659
TCATCCGGTCGAGTGA-1_1_1,IR,Cd14-hi Neu,0.616290688,-2.283199355
TCATCCGTCAGACCTA-1_1_1,IR,Csf3r-hi Neu,0.962792575,3.636434272
TCATCCGTCATCTATC-1_1_1,IR,Cstdc4+ Neu,2.101866543,-3.763767764
TCATGAGAGCGGTATG-1_1_1,IR,Icam1+ Neu,-3.384026945,2.056867316
TCATGAGCAATGTCTG-1_1_1,IR,Cstdc4+ Neu,-1.424649895,-3.747628019
TCATGAGTCTGCGTCT-1_1_1,IR,Mmp8+ Neu,4.809088528,-0.540263579
TCATGCCAGTCTTGGT-1_1_1,IR,Isg15+ Neu,-0.816091538,-0.616878495
TCATGCCCATGTTTGG-1_1_1,IR,Mmp8+ Neu,2.049024403,-1.255330697
TCATGGAGTCCGGCAT-1_1_1,IR,Isg15+ Neu,-1.591517985,-0.643515542
TCATGGATCTGCTTAT-1_1_1,IR,Cstdc4+ Neu,-1.970959485,-3.282869861
TCATGTTAGCGTGTTT-1_1_1,IR,Cd14-hi Neu,-2.358036459,-0.3250321
TCATTACAGGATTACA-1_1_1,IR,Cd14-hi Neu,-1.030484558,-1.764836893
TCATTACCAAAGGCTG-1_1_1,IR,Isg15+ Neu,-2.560300768,0.361750915
TCATTACCAACTTGGT-1_1_1,IR,Csf3r-hi Neu,-1.013149739,2.080635264
TCATTACCACGCTATA-1_1_1,IR,Cstdc4+ Neu,-1.098943532,-4.017561481
TCATTACCACTAACCA-1_1_1,IR,Icam1+ Neu,-2.23519224,1.749092057
TCATTACCAGCTGCCA-1_1_1,IR,Icam1+ Neu,-4.290217102,3.385845855
TCATTACGTATTCTCT-1_1_1,IR,Csf3r-hi Neu,2.02376157,2.854388907
TCATTCACAGAAATCA-1_1_1,IR,Icam1+ Neu,-1.740979255,1.513451531
TCATTCAGTACGGGAT-1_1_1,IR,Icam1+ Neu,-3.690053404,2.302062228
TCATTCAGTAGACAGC-1_1_1,IR,Icam1+ Neu,-3.14714402,-0.4822772
TCATTCAGTCCACGCA-1_1_1,IR,Icam1+ Neu,-3.451070488,4.474739268
TCATTCAGTCGTAATC-1_1_1,IR,Mmp8+ Neu,4.274412453,-0.247747645
TCATTCAGTTTATGCG-1_1_1,IR,Icam1+ Neu,-3.459306419,-2.237754271
TCATTGTAGCATTTCG-1_1_1,IR,Icam1+ Neu,-5.337548912,2.715427592
TCATTGTAGGTGCGAT-1_1_1,IR,Mmp8+ Neu,3.079375565,0.659451082
TCATTGTCAAGCCATT-1_1_1,IR,Icam1+ Neu,-3.616206348,-1.866453752
TCATTTGTCCCATGGG-1_1_1,IR,Cd14-hi Neu,-3.658646286,-2.886564061
TCCACCAAGAAACACT-1_1_1,IR,Cd14-hi Neu,1.011070787,-0.570767448
TCCACCAAGGTGGCTA-1_1_1,IR,Cstdc4+ Neu,-1.434399546,2.797657445
TCCACGTAGATCCAAA-1_1_1,IR,Icam1+ Neu,-6.003338039,2.244314387
TCCACGTAGGTAATCA-1_1_1,IR,Isg15+ Neu,0.756136298,0.973534062
TCCACGTAGTCGAGGT-1_1_1,IR,Icam1+ Neu,-4.370247543,-1.078436949
TCCACGTTCACTACTT-1_1_1,IR,Icam1+ Neu,-5.942043484,2.696377232
TCCAGAAAGAGTTCGG-1_1_1,IR,Mmp8+ Neu,2.170594275,-1.304856047
TCCAGAAAGGTATCTC-1_1_1,IR,Icam1+ Neu,-3.602665127,0.947764352
TCCAGAAAGTGTACAA-1_1_1,IR,Icam1+ Neu,-4.773128689,3.538285926
TCCAGAAGTGAGTTTC-1_1_1,IR,Cd14-hi Neu,-1.216233671,-0.372485981
TCCAGAATCAGCTGAT-1_1_1,IR,Icam1+ Neu,-5.549313724,-0.126102612
TCCATCGAGGTCGTGA-1_1_1,IR,Mmp8+ Neu,2.811403572,-1.797489867
TCCATCGCAGCTTTGA-1_1_1,IR,Cstdc4+ Neu,-0.19801002,-3.539882705
TCCATCGGTGGCACTC-1_1_1,IR,Icam1+ Neu,-3.033118904,-2.592846796
TCCATGCAGGGAGGTG-1_1_1,IR,Mmp8+ Neu,1.741756022,-0.906745389
TCCATGCCAGAAGCTG-1_1_1,IR,Cstdc4+ Neu,-1.283719123,-4.617992208
TCCATGCGTTCTCCCA-1_1_1,IR,Mmp8+ Neu,2.249565184,-0.095513806
TCCATGCTCAGTCATG-1_1_1,IR,Icam1+ Neu,-4.803220451,0.431925252
TCCCACAAGCATGCAG-1_1_1,IR,Icam1+ Neu,-4.420367897,-1.093014356
TCCCACAAGCCGTTAT-1_1_1,IR,Cd14-hi Neu,0.268099278,-2.704067991
TCCCACAGTAGGTAGC-1_1_1,IR,Icam1+ Neu,-3.245226086,2.562399581
TCCCACATCATTGTGG-1_1_1,IR,Icam1+ Neu,-4.531909168,3.403200343
TCCCACATCGACATCA-1_1_1,IR,Icam1+ Neu,-4.313119591,1.309291318
TCCCAGTAGTAGACCG-1_1_1,IR,Icam1+ Neu,-4.618009746,3.618854716
TCCCAGTGTATCTCGA-1_1_1,IR,Icam1+ Neu,-1.842450917,1.3446085
TCCCAGTGTGCTCCGA-1_1_1,IR,Icam1+ Neu,-2.802396715,2.572661116
TCCCATGAGGATCACG-1_1_1,IR,Isg15+ Neu,0.290035367,0.593432858
TCCCATGAGGTTACAA-1_1_1,IR,Icam1+ Neu,-3.217733324,-0.04770355
TCCCATGCAAGAATGT-1_1_1,IR,Csf3r-hi Neu,2.026871502,2.296721652
TCCCATGCACAAATAG-1_1_1,IR,Icam1+ Neu,-4.348245323,4.745288565
TCCCATGTCTTCGTGC-1_1_1,IR,Icam1+ Neu,-4.876274288,1.14057751
TCCGAAAAGGTGATCG-1_1_1,IR,Cd14-hi Neu,-1.12119186,-1.638055429
TCCGAAAGTACAGTCT-1_1_1,IR,Icam1+ Neu,-2.795093,3.023389056
TCCGAAAGTCTAGTGT-1_1_1,IR,Icam1+ Neu,-2.692817867,2.274841502
TCCGAAAGTGGATCAG-1_1_1,IR,Cd14-hi Neu,-0.996938467,-1.825591848
TCCGAAATCTGGTGCG-1_1_1,IR,Cd14-hi Neu,-1.327150524,-1.456879422
TCCGATCCACGGTGAA-1_1_1,IR,Cd14-hi Neu,0.760484993,-1.712750003
TCCGATCGTCTCGACG-1_1_1,IR,Csf3r-hi Neu,1.167698323,1.645303681
TCCGGGAAGTAGACCG-1_1_1,IR,Icam1+ Neu,-4.842387855,-0.366466686
TCCGGGACACAACATC-1_1_1,IR,Icam1+ Neu,-1.391099632,4.599693492
TCCGGGACATGCGTGC-1_1_1,IR,Cd14-hi Neu,-0.146850564,-3.186379001
TCCGGGAGTGGGCTCT-1_1_1,IR,Mmp8+ Neu,1.559118449,-1.479786054
TCCGGGATCCACGTAA-1_1_1,IR,Cd14-hi Neu,-0.183186972,-1.623862967
TCCGTGTGTCATGCAT-1_1_1,IR,Mmp8+ Neu,4.97209388,-1.315679401
TCCTAATAGGTGCTTT-1_1_1,IR,Cstdc4+ Neu,-2.363532722,-3.299536512
TCCTAATTCGTGGAAG-1_1_1,IR,Icam1+ Neu,-4.836262405,4.597594455
TCCTCCCAGATGACAT-1_1_1,IR,Isg15+ Neu,-0.584793121,-0.300490007
TCCTCCCCACCGTGAC-1_1_1,IR,Icam1+ Neu,-4.202764213,4.545441344
TCCTCGATCTTACGTT-1_1_1,IR,Icam1+ Neu,-2.583410442,0.255048707
TCCTCTTGTCGGAAAC-1_1_1,IR,Icam1+ Neu,-4.131549538,-0.263393268
TCCTCTTGTTAATGAG-1_1_1,IR,Icam1+ Neu,-3.227868736,1.225128129
TCCTGCATCTTCGGTC-1_1_1,IR,Cd14-hi Neu,4.838156044,-1.947118566
TCCTTCTAGAGTGTGC-1_1_1,IR,Icam1+ Neu,-2.589033306,2.589859202
TCCTTCTCACTGCGTG-1_1_1,IR,Icam1+ Neu,-4.752597511,3.419612601
TCCTTTCCAAGGACAC-1_1_1,IR,Cd14-hi Neu,-0.90121156,-0.862417832
TCGAACAAGACGTCCC-1_1_1,IR,Icam1+ Neu,-4.458080948,4.020483687
TCGAACAAGTGTTCAC-1_1_1,IR,Csf3r-hi Neu,-0.418150381,3.297626689
TCGAACACATGTGCCG-1_1_1,IR,Cstdc4+ Neu,-1.157541931,-3.898245141
TCGAACAGTGAGTTGG-1_1_1,IR,Icam1+ Neu,-4.650656879,2.318248227
TCGAACAGTTGCCGAC-1_1_1,IR,Cd14-hi Neu,-0.800714553,-2.335136101
TCGACCTAGATACCAA-1_1_1,IR,Icam1+ Neu,-4.504186333,1.584603026
TCGACCTAGGTGCCAA-1_1_1,IR,Cd14-hi Neu,0.909916579,-0.731176898
TCGACCTGTATGTCTG-1_1_1,IR,Csf3r-hi Neu,1.242846429,2.162182048
TCGACCTTCCGAGGCT-1_1_1,IR,Cd14-hi Neu,-1.242173255,-2.018730566
TCGACGGAGAATGTTG-1_1_1,IR,Cstdc4+ Neu,-1.631880105,-3.570854947
TCGACGGCACCAACAT-1_1_1,IR,Cstdc4+ Neu,1.470763981,2.707986548
TCGACGGGTCGCATCG-1_1_1,IR,Icam1+ Neu,-3.809534967,4.643643096
TCGATTTAGCCTTTCC-1_1_1,IR,Cd14-hi Neu,-2.474345148,-0.254689679
TCGATTTAGCGAGGAG-1_1_1,IR,Mmp8+ Neu,5.35110265,-1.837397382
TCGATTTGTCTTCAAG-1_1_1,IR,Mmp8+ Neu,2.851600945,1.323968842
TCGATTTGTGTTACTG-1_1_1,IR,Mmp8+ Neu,4.8426674,-2.634341523
TCGATTTGTTCCGCTT-1_1_1,IR,Icam1+ Neu,-3.357440889,-1.899430558
TCGATTTTCACGACTA-1_1_1,IR,Csf3r-hi Neu,-1.297706783,3.154698088
TCGCACTTCCGAGTGC-1_1_1,IR,Icam1+ Neu,-1.627243936,2.838566258
TCGCAGGGTAACATAG-1_1_1,IR,Icam1+ Neu,-5.098071754,4.762568667
TCGCTCAAGCTACTGT-1_1_1,IR,Csf3r-hi Neu,1.055099904,0.810194447
TCGCTCAAGGGACTGT-1_1_1,IR,Cd14-hi Neu,-1.869456351,-1.652101323
TCGCTCATCAAGCCAT-1_1_1,IR,Cd14-hi Neu,1.226854741,-0.644374445
TCGCTCATCGATGGAG-1_1_1,IR,Cd14-hi Neu,0.37643814,-1.867090807
TCGCTCATCTGAATCG-1_1_1,IR,Cd14-hi Neu,-1.541077197,-0.657426641
TCGCTTGCACAGTGTT-1_1_1,IR,Cstdc4+ Neu,0.383976996,-3.924114272
TCGGATAAGAGAACCC-1_1_1,IR,Isg15+ Neu,2.152817308,1.919885829
TCGGATAAGGTAGTAT-1_1_1,IR,Icam1+ Neu,-1.134704531,1.801859572
TCGGATAAGGTGCTGA-1_1_1,IR,Icam1+ Neu,-2.234655559,1.725804284
TCGGATACACCAAAGG-1_1_1,IR,Csf3r-hi Neu,-1.285384953,0.896679952
TCGGATAGTCTTCGAA-1_1_1,IR,Csf3r-hi Neu,-0.016683937,1.747085049
TCGGATAGTTAAACCC-1_1_1,IR,Icam1+ Neu,-2.397167147,2.068000748
TCGGGACAGAAGTGTT-1_1_1,IR,Cd14-hi Neu,-0.407246069,-1.707016215
TCGGGACGTGCTGATT-1_1_1,IR,Mmp8+ Neu,2.416290342,-1.87732558
TCGGGCAAGTTCCGGC-1_1_1,IR,Icam1+ Neu,-5.360647858,2.137662366
TCGGGCATCTGGGAGA-1_1_1,IR,Icam1+ Neu,-4.084689081,0.667749956
TCGGGTGCAAGCCTGC-1_1_1,IR,Mmp8+ Neu,6.720300972,-3.410598085
TCGGGTGGTATCGGTT-1_1_1,IR,Icam1+ Neu,-2.406662882,2.145615056
TCGGGTGTCATACAGC-1_1_1,IR,Csf3r-hi Neu,-1.684576333,1.090992644
TCGGTCTCAAGAGTGC-1_1_1,IR,Icam1+ Neu,-5.046734512,4.020548537
TCGGTCTGTAGAAACT-1_1_1,IR,Cd14-hi Neu,0.202342122,-0.954492107
TCGGTCTTCAGCACCG-1_1_1,IR,Icam1+ Neu,-3.952750385,-1.985070095
TCGTAGAAGGTCCGAA-1_1_1,IR,Cd14-hi Neu,1.267503202,-1.145661474
TCGTAGAAGTCAGAGC-1_1_1,IR,Cstdc4+ Neu,2.174667179,1.351883366
TCGTAGACAGAGTGTG-1_1_1,IR,Icam1+ Neu,-4.43852824,-1.298487991
TCGTAGAGTCAAGGCA-1_1_1,IR,Icam1+ Neu,-5.039580524,1.393452361
TCGTAGAGTTTGATCG-1_1_1,IR,Cstdc4+ Neu,-1.695206821,-3.669788406
TCGTAGATCAGCAATC-1_1_1,IR,Icam1+ Neu,-2.636147678,1.13152118
TCGTAGATCTACTATC-1_1_1,IR,Csf3r-hi Neu,-0.72754711,3.812746241
TCGTCCATCCTTCTAA-1_1_1,IR,Icam1+ Neu,-4.856246651,3.031338885
TCGTGCTAGAATCTAG-1_1_1,IR,Csf3r-hi Neu,2.084117949,2.606357291
TCGTGCTAGACGGTCA-1_1_1,IR,Cd14-hi Neu,-1.499242723,-2.522147224
TCGTGCTAGTGAGCCA-1_1_1,IR,Icam1+ Neu,-4.08461994,-0.198483989
TCGTGCTCAACATCGT-1_1_1,IR,Csf3r-hi Neu,-0.899372101,1.64471431
TCGTGCTGTTTAAGGA-1_1_1,IR,Icam1+ Neu,-1.317617834,0.935806229
TCTAACTAGATACCAA-1_1_1,IR,Mmp8+ Neu,5.472949802,-1.788299725
TCTAACTCATCGTGGC-1_1_1,IR,Icam1+ Neu,-2.995078504,2.237159922
TCTACATGTTGCCTAA-1_1_1,IR,Icam1+ Neu,-5.085228146,-1.23657912
TCTACATTCCCAGCGA-1_1_1,IR,Icam1+ Neu,-2.581580341,2.6661181
TCTACCGTCCGGGACT-1_1_1,IR,Isg15+ Neu,1.1111961,0.029716089
TCTATACAGAAGAACG-1_1_1,IR,Cd14-hi Neu,-0.722490728,-0.880987451
TCTATACAGTAGGTTA-1_1_1,IR,Cd14-hi Neu,-2.924263657,-0.290018127
TCTATACGTTTAGACC-1_1_1,IR,Icam1+ Neu,-5.578019798,1.24178572
TCTATACTCGCTCTCA-1_1_1,IR,Icam1+ Neu,-0.96698916,2.638913348
TCTCAGCAGCCAAGGT-1_1_1,IR,Csf3r-hi Neu,-0.111770779,1.917988017
TCTCAGCCATCTGGGC-1_1_1,IR,Csf3r-hi Neu,-1.986618817,0.799837663
TCTCAGCGTACTGACT-1_1_1,IR,Icam1+ Neu,-2.699540317,-0.194114372
TCTCAGCTCGCCAACG-1_1_1,IR,Icam1+ Neu,-5.574372948,1.788145736
TCTCCGACAACAGATA-1_1_1,IR,Icam1+ Neu,-5.022660911,4.357625201
TCTCCGACATGACTTG-1_1_1,IR,Csf3r-hi Neu,0.795755088,3.086628154
TCTCCGAGTGAGACCA-1_1_1,IR,Icam1+ Neu,-4.127532423,1.900457576
TCTCTGGCATCGCCTT-1_1_1,IR,Cd14-hi Neu,-0.760648668,-2.251482174
TCTCTGGTCCGGTTCT-1_1_1,IR,Icam1+ Neu,-5.239912689,2.225243285
TCTCTGGTCCTGTTGC-1_1_1,IR,Cd14-hi Neu,-0.61037153,-2.106268451
TCTGCCAAGTGAGGTC-1_1_1,IR,Cstdc4+ Neu,-1.908234418,-3.874254987
TCTGCCACACTCCCTA-1_1_1,IR,Icam1+ Neu,-3.606052101,-1.68439816
TCTGCCACACTGTTCC-1_1_1,IR,Icam1+ Neu,-4.52265662,0.384690836
TCTGCCATCCCGAGGT-1_1_1,IR,Csf3r-hi Neu,1.070645153,0.937772467
TCTGGCTAGACCATTC-1_1_1,IR,Cd14-hi Neu,1.775409638,-1.578197167
TCTGGCTAGGTTCTAC-1_1_1,IR,Icam1+ Neu,-2.678186596,-0.400877044
TCTGGCTAGTCTCCTC-1_1_1,IR,Icam1+ Neu,-5.173743904,1.606587603
TCTGGCTGTTGTTGTG-1_1_1,IR,Icam1+ Neu,-5.528510273,0.154681518
TCTGTCGCACCAAATC-1_1_1,IR,Mmp8+ Neu,2.73673731,0.571701124
TCTTAGTAGCAACTTC-1_1_1,IR,Icam1+ Neu,-6.113665283,2.724784091
TCTTAGTAGCCAACCC-1_1_1,IR,Cd14-hi Neu,-1.97610122,-1.102096157
TCTTAGTAGGGCAGAG-1_1_1,IR,Icam1+ Neu,-3.467591942,3.209119036
TCTTAGTGTTGACTGT-1_1_1,IR,Icam1+ Neu,-2.907894075,-2.31403701
TCTTCCTTCAAGTGTC-1_1_1,IR,Icam1+ Neu,-1.544468701,1.383421376
TCTTGCGTCTCGACGG-1_1_1,IR,Mmp8+ Neu,2.545827686,-0.87507318
TCTTTGAAGCTATCCA-1_1_1,IR,Icam1+ Neu,-3.476775349,0.024131015
TCTTTGAGTCCCTCAT-1_1_1,IR,Isg15+ Neu,1.036411941,1.51621361
TCTTTGAGTTCGGCGT-1_1_1,IR,Csf3r-hi Neu,0.765374898,3.196627333
TGAACGTAGCCGAACA-1_1_1,IR,Cd14-hi Neu,-2.239252985,0.139275983
TGAACGTAGGGCATGT-1_1_1,IR,Isg15+ Neu,-0.128566884,0.441750005
TGAACGTAGTTCCAGT-1_1_1,IR,Cd14-hi Neu,-1.513491571,-2.023078904
TGAACGTCAAAGCTCT-1_1_1,IR,Icam1+ Neu,-5.154815853,1.629108384
TGAACGTCACGTCATA-1_1_1,IR,Icam1+ Neu,-2.623123587,1.688287213
TGAACGTGTGCCGGTT-1_1_1,IR,Cstdc4+ Neu,-0.041667298,-4.236937806
TGAACGTGTTGGTACT-1_1_1,IR,Cd14-hi Neu,-1.890057505,-2.683117077
TGAATCGCAACCCTAA-1_1_1,IR,Cstdc4+ Neu,-1.581057489,-4.137326524
TGAATGCCACCGCTGA-1_1_1,IR,Mmp8+ Neu,3.042587816,-4.076731012
TGAATGCCATTATGCG-1_1_1,IR,Icam1+ Neu,-4.70212859,1.419955209
TGAATGCTCCGAGGCT-1_1_1,IR,Mmp8+ Neu,4.708103478,-0.829431132
TGACAGTCAGGAATCG-1_1_1,IR,Cstdc4+ Neu,-0.161053712,-4.15696244
TGACAGTTCAGCTGAT-1_1_1,IR,Icam1+ Neu,-5.681384266,2.585354283
TGACCCTAGTTTCTTC-1_1_1,IR,Mmp8+ Neu,1.763380825,-1.352190331
TGACCCTCACTGATTG-1_1_1,IR,Icam1+ Neu,-3.958124817,2.582611754
TGACCCTCATGTGACT-1_1_1,IR,Cd14-hi Neu,-2.796803415,-0.781584874
TGACTCCAGGCCCACT-1_1_1,IR,Icam1+ Neu,-3.0620026,1.858104184
TGACTCCTCACCGGTG-1_1_1,IR,Isg15+ Neu,0.801769316,1.1960897
TGAGACTGTAGCCCTG-1_1_1,IR,Mmp8+ Neu,4.311029255,-2.88970618
TGAGCATCATGATCTG-1_1_1,IR,Cd14-hi Neu,-2.431818664,-2.539301321
TGAGCATGTAGTCGGA-1_1_1,IR,Cstdc4+ Neu,-0.375098005,-4.515881345
TGAGCATTCGACGCTG-1_1_1,IR,Icam1+ Neu,-3.670612038,-1.278774306
TGAGCGCAGGGCAATC-1_1_1,IR,Mmp8+ Neu,3.479387343,-1.749893055
TGAGGAGCAATTGTGC-1_1_1,IR,Mmp8+ Neu,4.762040436,-0.199531719
TGAGGAGGTGTCCTAA-1_1_1,IR,Cd14-hi Neu,-3.310100258,-0.434963271
TGAGGAGTCTTCGGAA-1_1_1,IR,Isg15+ Neu,0.495154559,0.499175146
TGAGGGATCGAGTCTA-1_1_1,IR,Icam1+ Neu,-3.492468775,1.641906455
TGAGGTTAGCGACTGA-1_1_1,IR,Cd14-hi Neu,-1.869737685,-0.37952064
TGAGGTTGTAGACGGT-1_1_1,IR,Mmp8+ Neu,6.36484605,-3.14792566
TGAGGTTTCAGGTAAA-1_1_1,IR,Cd14-hi Neu,1.519084513,-1.842291162
TGAGGTTTCCGTCAAA-1_1_1,IR,Icam1+ Neu,-6.107628525,1.425522521
TGAGTCACACTCTAGA-1_1_1,IR,Icam1+ Neu,-3.572688997,-2.165768907
TGAGTCAGTATGGAGC-1_1_1,IR,Mmp8+ Neu,1.96158272,-1.23236619
TGATCAGCACTTTATC-1_1_1,IR,Icam1+ Neu,-2.440205038,0.444678381
TGATCTTAGTTCATCG-1_1_1,IR,Csf3r-hi Neu,-1.025629402,4.460103228
TGATCTTGTTGCCAAT-1_1_1,IR,Isg15+ Neu,-3.751077116,-0.231816694
TGATGCAAGAGAGTTT-1_1_1,IR,Mmp8+ Neu,3.150306999,-4.039831922
TGATGCATCAAACCCA-1_1_1,IR,Cd14-hi Neu,-1.771145285,-0.048799202
TGATGGTAGAGGTGCT-1_1_1,IR,Csf3r-hi Neu,1.837364494,1.858308747
TGATGGTCATCTGTTT-1_1_1,IR,Icam1+ Neu,-2.716001928,0.455930426
TGATGGTGTACGAAAT-1_1_1,IR,Icam1+ Neu,-2.676352442,2.276834681
TGATTCTAGCTAGAAT-1_1_1,IR,Cd14-hi Neu,-3.710043371,-0.523288235
TGATTCTAGGGTTTCT-1_1_1,IR,Isg15+ Neu,-0.434261591,-0.173831508
TGATTCTCATACGCAT-1_1_1,IR,Icam1+ Neu,-3.988714397,0.057297781
TGATTCTGTCTTACAG-1_1_1,IR,Isg15+ Neu,1.075542867,1.056544974
TGATTCTGTCTTTATC-1_1_1,IR,Mmp8+ Neu,5.004071533,0.554130748
TGATTCTGTTTAAGGA-1_1_1,IR,Cstdc4+ Neu,-0.990742267,-3.760628984
TGATTCTTCCATAAGC-1_1_1,IR,Mmp8+ Neu,7.252919495,-4.076203868
TGATTTCAGCACTCCG-1_1_1,IR,Icam1+ Neu,-5.523321808,0.853618577
TGATTTCTCAGATTGC-1_1_1,IR,Icam1+ Neu,-4.118767441,3.595602229
TGCACGGAGAGTCACG-1_1_1,IR,Mmp8+ Neu,3.779169857,-1.638813362
TGCACGGGTAAGGTCG-1_1_1,IR,Cstdc4+ Neu,-0.234764275,-4.484336421
TGCACGGGTACGTACT-1_1_1,IR,Icam1+ Neu,-3.30513686,0.271827653
TGCACGGGTCGCACAC-1_1_1,IR,Icam1+ Neu,-5.817458809,2.030597642
TGCACGGTCAAGTCTG-1_1_1,IR,Isg15+ Neu,-0.55381465,-0.139572189
TGCAGATCAAGAATAC-1_1_1,IR,Icam1+ Neu,-3.111564339,1.091045096
TGCAGATCAGTTCACA-1_1_1,IR,Mmp8+ Neu,4.312363445,-1.214708686
TGCAGATGTCTGTGAT-1_1_1,IR,Isg15+ Neu,-1.0569973,0.481272891
TGCAGATTCAGTGGGA-1_1_1,IR,Csf3r-hi Neu,1.271069586,2.720712617
TGCAGGCGTGACACAG-1_1_1,IR,Icam1+ Neu,-4.89777726,4.526414588
TGCAGGCTCAGCTTCC-1_1_1,IR,Cstdc4+ Neu,0.722502648,-3.225724742
TGCAGGCTCATCCCGT-1_1_1,IR,Csf3r-hi Neu,-0.295525171,3.351372435
TGCAGGCTCCTTCACG-1_1_1,IR,Cd14-hi Neu,-1.981074036,-2.051993773
TGCAGTAAGGGCGAAG-1_1_1,IR,Cstdc4+ Neu,-0.779208839,-4.396055743
TGCAGTACAAGAGCTG-1_1_1,IR,Cd14-hi Neu,-0.220250816,-2.310273812
TGCAGTAGTGTCCGGT-1_1_1,IR,Icam1+ Neu,-3.713475168,2.188651517
TGCATCCGTCCTGGTG-1_1_1,IR,Icam1+ Neu,-1.874478281,0.207850411
TGCATGAGTTATTCTC-1_1_1,IR,Icam1+ Neu,-1.060705305,2.798301175
TGCATGATCCAAATGC-1_1_1,IR,Cstdc4+ Neu,-4.637834728,-0.204255745
TGCCGAGGTATGGAGC-1_1_1,IR,Icam1+ Neu,-5.379610718,4.381736472
TGCGACGAGAATACAC-1_1_1,IR,Cd14-hi Neu,-1.570355714,-3.177024648
TGCGACGAGAGATGCC-1_1_1,IR,Icam1+ Neu,-2.541103304,2.394850209
TGCGACGAGGGCAACT-1_1_1,IR,Csf3r-hi Neu,-0.606743098,3.726714804
TGCGACGAGTGCTCAT-1_1_1,IR,Icam1+ Neu,-4.96348399,2.515854314
TGCGACGCAAGCGCTC-1_1_1,IR,Icam1+ Neu,-4.86564225,2.676611855
TGCGATAAGGGCTGAT-1_1_1,IR,Cd14-hi Neu,-2.451671064,-1.324671701
TGCGATACATGAGTAA-1_1_1,IR,Icam1+ Neu,-5.216283024,4.29190512
TGCGGCAAGGATGCGT-1_1_1,IR,Cd14-hi Neu,-1.596349538,-2.447611854
TGCGGCACATACACCA-1_1_1,IR,Cstdc4+ Neu,0.452481269,-3.310973689
TGCGGCAGTAGCACGA-1_1_1,IR,Icam1+ Neu,-2.417739094,1.155413344
TGCGGCATCCTCATAT-1_1_1,IR,Cd14-hi Neu,-2.433309496,-2.028405711
TGCGGGTAGCCTAACT-1_1_1,IR,Csf3r-hi Neu,2.637825787,1.629749968
TGCGGGTGTAGATTAG-1_1_1,IR,Mmp8+ Neu,2.068738281,0.335424736
TGCGGGTGTTGAATCC-1_1_1,IR,Cstdc4+ Neu,-1.622410834,-4.010397718
TGCGGGTTCCTTCACG-1_1_1,IR,Cd14-hi Neu,-3.289552153,-0.434890554
TGCGGGTTCTAGATCG-1_1_1,IR,Icam1+ Neu,-4.604654015,-0.579990223
TGCTCCAAGTAGCCAG-1_1_1,IR,Mmp8+ Neu,5.039346993,-2.522063658
TGCTGAACACACTGGC-1_1_1,IR,Icam1+ Neu,-3.430958212,-0.300636039
TGCTGAACATCGGATT-1_1_1,IR,Cd14-hi Neu,-1.920862019,-2.266359017
TGCTTCGAGATGCTAA-1_1_1,IR,Cd14-hi Neu,1.232795536,-1.791129992
TGCTTCGAGGACAGCT-1_1_1,IR,Cstdc4+ Neu,-1.291021526,-3.333820388
TGCTTCGCAAGGCAAC-1_1_1,IR,Cstdc4+ Neu,0.928583562,-4.345922277
TGCTTCGCATCTGGGC-1_1_1,IR,Mmp8+ Neu,2.883439838,-2.902402208
TGCTTCGGTACGTGAG-1_1_1,IR,Icam1+ Neu,-1.804618776,3.500236705
TGCTTGCCAACTGCTA-1_1_1,IR,Cstdc4+ Neu,-1.771991432,-4.248618886
TGCTTGCCAAGCGAGT-1_1_1,IR,Cstdc4+ Neu,-0.834652186,-3.91228132
TGCTTGCCATTGGATC-1_1_1,IR,Icam1+ Neu,-2.904209555,1.097624734
TGCTTGCGTTGTGGAG-1_1_1,IR,Icam1+ Neu,-2.659472645,0.305297449
TGCTTGCTCACTGGGC-1_1_1,IR,Icam1+ Neu,-3.205530823,1.034731343
TGGAACTAGGCTGGAT-1_1_1,IR,Mmp8+ Neu,2.826362669,-0.058214829
TGGAACTTCTTAGTTC-1_1_1,IR,Icam1+ Neu,-4.680896461,3.351789668
TGGAGAGTCAGGTAAA-1_1_1,IR,Isg15+ Neu,-1.519314588,-1.077215242
TGGAGAGTCCAGTGCG-1_1_1,IR,Cd14-hi Neu,0.297364831,-0.983194299
TGGAGGAAGACATCCT-1_1_1,IR,Icam1+ Neu,-4.608211697,-1.315076471
TGGAGGAAGCCTCACG-1_1_1,IR,Cd14-hi Neu,-1.41940111,-1.738374219
TGGAGGAAGGGTTGCA-1_1_1,IR,Isg15+ Neu,-1.177040518,-0.372716531
TGGAGGATCTATGTGG-1_1_1,IR,Csf3r-hi Neu,1.879010975,0.179343059
TGGATCACAAGAATAC-1_1_1,IR,Icam1+ Neu,-3.880392969,1.632935717
TGGATCACAGAACTCT-1_1_1,IR,Cstdc4+ Neu,-0.841249824,-3.791941688
TGGATCAGTCACTTAG-1_1_1,IR,Cstdc4+ Neu,1.298733413,-3.941156194
TGGATCAGTCGCATTA-1_1_1,IR,Cd14-hi Neu,-2.799506844,-2.013647661
TGGATCAGTGCGGATA-1_1_1,IR,Cd14-hi Neu,-1.471872747,-1.26151757
TGGATCATCTCCGAAA-1_1_1,IR,Cd14-hi Neu,-2.297163666,-0.874129847
TGGATGTAGACCGTTT-1_1_1,IR,Cd14-hi Neu,-1.60475868,-2.487875268
TGGATGTCAAGACAAT-1_1_1,IR,Icam1+ Neu,-3.875855864,1.445047095
TGGATGTGTATTTCCT-1_1_1,IR,Csf3r-hi Neu,0.680509567,1.963739112
TGGATGTTCCATTGGA-1_1_1,IR,Cd14-hi Neu,-1.382893026,-0.677605823
TGGCGTGCACTGTCCT-1_1_1,IR,Cd14-hi Neu,-1.811867774,0.649651125
TGGCGTGGTCACTACA-1_1_1,IR,Icam1+ Neu,-2.900156677,-2.359588906
TGGGAAGAGACGACTG-1_1_1,IR,Cd14-hi Neu,0.767431497,-2.252179191
TGGGAAGCAACGGCTC-1_1_1,IR,Cd14-hi Neu,-2.189777077,-2.357983992
TGGGAAGGTGGCCCAT-1_1_1,IR,Cd14-hi Neu,-0.39800033,-1.027103018
TGGGAGACACTGGCCA-1_1_1,IR,Cstdc4+ Neu,-0.453712166,-4.134408519
TGGGAGACAGGTCAGA-1_1_1,IR,Icam1+ Neu,-4.250460804,-1.105982013
TGGGATTAGGTCACCC-1_1_1,IR,Cstdc4+ Neu,-0.181613959,-3.638362214
TGGGATTCACAGCCAC-1_1_1,IR,Isg15+ Neu,0.874286353,0.847428038
TGGGATTTCCGTGGGT-1_1_1,IR,Mmp8+ Neu,5.105039417,1.144781544
TGGGCGTAGCTCGCAC-1_1_1,IR,Csf3r-hi Neu,0.555555522,3.164773658
TGGGCGTCAGGCTTGC-1_1_1,IR,Icam1+ Neu,-3.551819742,-1.628943667
TGGGCGTCATACAGAA-1_1_1,IR,Mmp8+ Neu,5.055220425,-2.033274517
TGGGCTGGTCGTATGT-1_1_1,IR,Cd14-hi Neu,1.381056606,-1.538983658
TGGGCTGTCACCTGTC-1_1_1,IR,Csf3r-hi Neu,1.705604016,1.64913316
TGGGTTAAGAATCGTA-1_1_1,IR,Icam1+ Neu,-3.871565521,-2.450268671
TGGGTTACAACGATCT-1_1_1,IR,Csf3r-hi Neu,0.638043403,2.118686154
TGGTACACAAAGACTA-1_1_1,IR,Isg15+ Neu,-3.753453672,0.394667223
TGGTACATCTTAAGGC-1_1_1,IR,Cd14-hi Neu,-1.82343632,-2.435432479
TGGTAGTAGACTCATC-1_1_1,IR,Icam1+ Neu,-1.659400881,3.438465789
TGGTAGTAGAGAGCCT-1_1_1,IR,Cd14-hi Neu,-0.91358918,-3.130541846
TGGTAGTCACAGTCAT-1_1_1,IR,Cd14-hi Neu,0.925290405,-2.28639929
TGGTAGTTCCGTTGAA-1_1_1,IR,Icam1+ Neu,-3.624584854,1.03705354
TGGTTAGCATACATCG-1_1_1,IR,Cd14-hi Neu,1.249692857,-1.105328638
TGGTTAGTCATCTCTA-1_1_1,IR,Icam1+ Neu,-1.956340492,1.899655535
TGTAACGCAATGGGTG-1_1_1,IR,Isg15+ Neu,0.433096051,1.132358983
TGTAACGGTCTGTCAA-1_1_1,IR,Cstdc4+ Neu,-1.815961183,-3.250006959
TGTAACGTCCACTTTA-1_1_1,IR,Isg15+ Neu,-0.326912642,-0.020130322
TGTAACGTCGATTCCC-1_1_1,IR,Cd14-hi Neu,-0.658936948,-1.47380279
TGTACAGGTACTCAAC-1_1_1,IR,Mmp8+ Neu,2.039135754,-0.182670877
TGTACAGTCTTGTGCC-1_1_1,IR,Icam1+ Neu,-4.693812073,3.866288379
TGTAGACAGTACCGGA-1_1_1,IR,Csf3r-hi Neu,0.538637161,-0.881383807
TGTAGACTCCTCTTTC-1_1_1,IR,Cd14-hi Neu,-0.863682151,-2.534779474
TGTCAGAGTAACAGTA-1_1_1,IR,Mmp8+ Neu,6.712364494,-1.826713547
TGTCCACGTCAACCAT-1_1_1,IR,Cd14-hi Neu,-1.604694307,-1.017565325
TGTCCACGTTTCGCTC-1_1_1,IR,Cd14-hi Neu,-0.400542215,-1.748820827
TGTCCACTCTAAGCCA-1_1_1,IR,Cstdc4+ Neu,0.409476161,-4.639691636
TGTCCCACAGAGGCAT-1_1_1,IR,Cstdc4+ Neu,0.734542489,-4.094897792
TGTCCCAGTATGCAAA-1_1_1,IR,Icam1+ Neu,-5.31758374,3.462142661
TGTCCCAGTGACAGGT-1_1_1,IR,Icam1+ Neu,-2.404489696,1.566580489
TGTCCCATCGAGAATA-1_1_1,IR,Icam1+ Neu,-3.757513464,-2.116804883
TGTCCTGTCTGTAACG-1_1_1,IR,Cstdc4+ Neu,-0.966326118,-4.213000104
TGTGAGTGTAGAGCTG-1_1_1,IR,Mmp8+ Neu,7.444188416,-4.222821758
TGTGAGTGTTCGTGCG-1_1_1,IR,Cstdc4+ Neu,-0.88202709,-4.314877317
TGTGATGAGAGGTCAC-1_1_1,IR,Icam1+ Neu,-5.443631351,4.162010386
TGTGATGCACAAACGG-1_1_1,IR,Mmp8+ Neu,3.612971365,-1.167811513
TGTGATGCATATGGCT-1_1_1,IR,Icam1+ Neu,-2.462384165,2.529483273
TGTGATGTCCGAGAAG-1_1_1,IR,Icam1+ Neu,-3.17233795,1.03435345
TGTGGCGTCGGTAACT-1_1_1,IR,Cstdc4+ Neu,1.9122563,-4.327543304
TGTGTGAAGACTCTAC-1_1_1,IR,Icam1+ Neu,-3.045805157,1.174359753
TGTGTGACATCATCCC-1_1_1,IR,Cd14-hi Neu,0.705592513,-2.438001916
TGTGTGACATTGAAGA-1_1_1,IR,Icam1+ Neu,-5.427895248,2.898976043
TGTGTGATCACCCATC-1_1_1,IR,Icam1+ Neu,-4.112258614,2.045232013
TGTTACTTCCGATAGT-1_1_1,IR,Cd14-hi Neu,-0.737371862,-2.356878206
TGTTCATCAAGTATAG-1_1_1,IR,Csf3r-hi Neu,-0.994568348,2.95913811
TGTTCATCAATCTCTT-1_1_1,IR,Icam1+ Neu,-5.706725777,1.995935157
TGTTCATCAGAGTCAG-1_1_1,IR,Mmp8+ Neu,5.284004509,-0.945005313
TGTTCATGTGCTCCGA-1_1_1,IR,Icam1+ Neu,-1.499744952,2.531279042
TGTTCCGAGACGCCCT-1_1_1,IR,Icam1+ Neu,-2.868287504,1.9717011
TGTTCCGAGATACTGA-1_1_1,IR,Mmp8+ Neu,4.177435696,-3.178054616
TGTTCCGAGCATGCAG-1_1_1,IR,Mmp8+ Neu,4.870183765,-1.419569299
TGTTCCGCATGACGAG-1_1_1,IR,Isg15+ Neu,-0.493364215,-0.901998774
TGTTCTACACATGAAA-1_1_1,IR,Icam1+ Neu,-5.471256435,1.961783603
TGTTCTACACCTGCGA-1_1_1,IR,Mmp8+ Neu,3.580146372,-1.566670701
TGTTCTATCATGCCGG-1_1_1,IR,Csf3r-hi Neu,-1.205622733,1.7594399
TGTTGAGAGGCCATAG-1_1_1,IR,Icam1+ Neu,-2.521884621,3.617615416
TGTTGAGTCCTTCTTC-1_1_1,IR,Csf3r-hi Neu,0.190750867,2.67774935
TGTTGGAGTGAGGCAT-1_1_1,IR,Icam1+ Neu,-5.836332977,2.665706589
TTAATCCAGCGAACTG-1_1_1,IR,Cstdc4+ Neu,-1.190935672,-4.046702192
TTAATCCGTCCGTACG-1_1_1,IR,Cstdc4+ Neu,-2.602539003,-3.328452871
TTAATCCTCCCAGGCA-1_1_1,IR,Cd14-hi Neu,0.546539664,-2.088868067
TTAATCCTCGTGCATA-1_1_1,IR,Cd14-hi Neu,-2.17503196,-0.515443489
TTACAGGGTGTTACAC-1_1_1,IR,Csf3r-hi Neu,-1.383167208,2.578952267
TTACAGGTCAGTCATG-1_1_1,IR,Icam1+ Neu,-3.25093478,0.025908068
TTACCATAGCTAGATA-1_1_1,IR,Icam1+ Neu,-5.500679672,1.783922627
TTACCATAGGCACTAG-1_1_1,IR,Cd14-hi Neu,-1.057849527,-0.278897509
TTACCATCACAGTGAG-1_1_1,IR,Icam1+ Neu,-5.396907986,2.797162011
TTACCGCCAGACGGAT-1_1_1,IR,Cd14-hi Neu,-2.316410006,0.026077583
TTACCGCTCTGACAGT-1_1_1,IR,Icam1+ Neu,-4.104566038,1.538104966
TTACGCCAGTAACGAT-1_1_1,IR,Icam1+ Neu,-5.932912529,3.352837279
TTACGCCTCTCGAGTA-1_1_1,IR,Icam1+ Neu,-5.764569462,2.892772868
TTACGTTAGCACAAAT-1_1_1,IR,Csf3r-hi Neu,0.401320695,4.152447417
TTACGTTCATCAGTGT-1_1_1,IR,Mmp8+ Neu,4.924076378,-2.967166111
TTACGTTGTCAAAGTA-1_1_1,IR,Cd14-hi Neu,-2.628110111,-1.478724733
TTACGTTGTCCATAGT-1_1_1,IR,Icam1+ Neu,-5.781218231,1.610909417
TTACGTTGTTGCTCCT-1_1_1,IR,Cstdc4+ Neu,-0.286254429,-4.056062267
TTACGTTTCTGTAAGC-1_1_1,IR,Cstdc4+ Neu,2.361192524,0.993445113
TTACTGTGTGATTCTG-1_1_1,IR,Mmp8+ Neu,1.969686091,0.322906211
TTACTGTTCGTAGCCG-1_1_1,IR,Icam1+ Neu,-4.216024101,2.013068869
TTAGGCAAGTATGAAC-1_1_1,IR,Csf3r-hi Neu,-1.294676245,4.373569682
TTAGGCACATCCTTGC-1_1_1,IR,Mmp8+ Neu,2.697015345,-0.495229647
TTAGGCATCTCCGAGG-1_1_1,IR,Icam1+ Neu,-3.798811138,1.733259871
TTAGGGTAGTCCCGGT-1_1_1,IR,Icam1+ Neu,-4.089990795,4.254589751
TTAGGGTGTCTGTCCT-1_1_1,IR,Cstdc4+ Neu,1.531783402,-4.036966846
TTAGGGTTCCGCAAAT-1_1_1,IR,Csf3r-hi Neu,-1.18261844,4.020644858
TTAGGGTTCGACTCCT-1_1_1,IR,Cstdc4+ Neu,-0.155572948,-4.736743495
TTAGTCTAGTTGTAAG-1_1_1,IR,Csf3r-hi Neu,-1.011354804,2.683398679
TTAGTCTTCCGTAGGC-1_1_1,IR,Icam1+ Neu,-3.354947985,-1.913124726
TTATTGCTCTATCGGA-1_1_1,IR,Csf3r-hi Neu,-0.526627392,2.472322419
TTCAATCAGCATGGGT-1_1_1,IR,Cd14-hi Neu,0.842907488,-0.895096928
TTCAATCTCTCTCCGA-1_1_1,IR,Isg15+ Neu,1.025019466,1.529829457
TTCACCGTCAATCGGT-1_1_1,IR,Mmp8+ Neu,1.733231365,-0.472280607
TTCACCGTCAGCACCG-1_1_1,IR,Cstdc4+ Neu,-1.866882027,-3.680509374
TTCACGCGTATTAAGG-1_1_1,IR,Cd14-hi Neu,-0.695391179,-1.434448973
TTCAGGACAGTCACGC-1_1_1,IR,Cd14-hi Neu,-1.815261901,-2.654115722
TTCAGGAGTTGGCCGT-1_1_1,IR,Isg15+ Neu,1.212599217,0.608800009
TTCAGGATCGCGGTAC-1_1_1,IR,Csf3r-hi Neu,-0.822392881,3.608671859
TTCATTGGTAATCAGA-1_1_1,IR,Icam1+ Neu,-4.356452644,3.2947032
TTCATTGGTACCCGCA-1_1_1,IR,Cd14-hi Neu,-1.296174109,-3.352747962
TTCCAATCACGAAGAC-1_1_1,IR,Icam1+ Neu,-6.149016083,1.99449487
TTCCACGCAGCGATTT-1_1_1,IR,Cd14-hi Neu,-1.650936783,-1.031807509
TTCCACGTCAGCTGTA-1_1_1,IR,Csf3r-hi Neu,-0.521729917,4.137383178
TTCCGGTAGAGATTCA-1_1_1,IR,Icam1+ Neu,-2.131203235,2.087460711
TTCCGGTAGGATTACA-1_1_1,IR,Csf3r-hi Neu,0.432885468,2.684116557
TTCCGGTAGTGCACAG-1_1_1,IR,Isg15+ Neu,-1.292242945,0.332000091
TTCCGTGCAAATAAGC-1_1_1,IR,Isg15+ Neu,2.099824965,0.729739621
TTCCGTGGTGGTTTAC-1_1_1,IR,Cstdc4+ Neu,-1.347302378,-3.394411132
TTCCGTGGTGTAGGAC-1_1_1,IR,Icam1+ Neu,-3.595703543,3.395734504
TTCCGTGTCTCGCAGG-1_1_1,IR,Icam1+ Neu,-3.731332958,2.094294741
TTCCTAAGTGTATTGC-1_1_1,IR,Mmp8+ Neu,3.801539003,0.807525709
TTCCTAAGTTACTCAG-1_1_1,IR,Icam1+ Neu,-4.255609215,4.170164302
TTCCTAAGTTGGGACA-1_1_1,IR,Csf3r-hi Neu,-2.413087547,3.830523207
TTCCTAATCTGTCGCT-1_1_1,IR,Icam1+ Neu,-1.784053505,1.79682441
TTCCTCTAGTGAGGTC-1_1_1,IR,Icam1+ Neu,-5.252606094,2.623584225
TTCCTCTTCAAGAGGC-1_1_1,IR,Icam1+ Neu,-2.353703678,1.341496899
TTCCTTCAGCCTAGGA-1_1_1,IR,Isg15+ Neu,-1.776885212,-1.45007895
TTCCTTCAGGTTACCT-1_1_1,IR,Cd14-hi Neu,-0.539203465,-2.594176099
TTCCTTCCAAGACGAC-1_1_1,IR,Icam1+ Neu,-3.318373859,1.538606599
TTCCTTCCATCCGTGG-1_1_1,IR,Csf3r-hi Neu,2.223337233,1.893603518
TTCCTTCGTCGCATCG-1_1_1,IR,Cd14-hi Neu,-1.929501236,0.036276653
TTCGCTGCAATCGCCG-1_1_1,IR,Icam1+ Neu,-5.619628609,4.016577437
TTCGCTGGTGAGAGGG-1_1_1,IR,Cd14-hi Neu,0.464174509,0.065241888
TTCGCTGTCATGTCTT-1_1_1,IR,Icam1+ Neu,-4.971272648,-1.432452604
TTCGCTGTCGGTCTAA-1_1_1,IR,Icam1+ Neu,-4.908858002,3.867521956
TTCGCTGTCTCCCTAG-1_1_1,IR,Csf3r-hi Neu,0.334187626,-0.04244332
TTCGGTCCACGTGTGC-1_1_1,IR,Icam1+ Neu,-3.023441971,-3.556807325
TTCGGTCCATAACAGA-1_1_1,IR,Mmp8+ Neu,3.818959057,-1.525719628
TTCGGTCCATTCTTCA-1_1_1,IR,Icam1+ Neu,-3.045530498,2.272159293
TTCGGTCTCGCCAGTG-1_1_1,IR,Icam1+ Neu,-4.088189304,2.35096617
TTCTAACCAAGTATAG-1_1_1,IR,Mmp8+ Neu,5.622569859,-1.301556737
TTCTAACTCGTAGGAG-1_1_1,IR,Icam1+ Neu,-4.894267738,1.92257519
TTCTAGTGTTCCGGTG-1_1_1,IR,Icam1+ Neu,-4.463864029,-1.43634902
TTCTAGTGTTGACTGT-1_1_1,IR,Icam1+ Neu,-4.878001392,3.016939357
TTCTCTCAGGTAGCAC-1_1_1,IR,Csf3r-hi Neu,-2.131264866,3.953211024
TTCTCTCGTTGCATGT-1_1_1,IR,Icam1+ Neu,-0.976657033,1.848861411
TTCTGTAGTACTGTTG-1_1_1,IR,Icam1+ Neu,-2.928773582,0.315978124
TTCTGTATCGGTCTGG-1_1_1,IR,Cd14-hi Neu,0.444541275,-1.565239683
TTCTTCCTCCGAGGCT-1_1_1,IR,Icam1+ Neu,-2.704540909,1.419119075
TTCTTGAAGCGAAACC-1_1_1,IR,Icam1+ Neu,-5.409118355,3.602863505
TTCTTGACAGTATACC-1_1_1,IR,Cd14-hi Neu,-2.760207832,-0.679598704
TTCTTGAGTGTTTACG-1_1_1,IR,Icam1+ Neu,-3.615000427,4.761924937
TTGAACGAGCCAGACA-1_1_1,IR,Cstdc4+ Neu,-1.839717091,-3.477996871
TTGAACGAGCGTCAAG-1_1_1,IR,Cstdc4+ Neu,2.439946711,-3.512575671
TTGAACGAGGCCTTCG-1_1_1,IR,Mmp8+ Neu,3.957363903,-1.388349459
TTGAACGGTCGCACAC-1_1_1,IR,Icam1+ Neu,-2.816521347,0.303221896
TTGAACGGTGTCTTCC-1_1_1,IR,Icam1+ Neu,-2.90276593,3.333649352
TTGAACGTCCGTCACT-1_1_1,IR,Mmp8+ Neu,3.995589077,-1.192890726
TTGAACGTCCGTTGGG-1_1_1,IR,Cstdc4+ Neu,0.719212472,-3.721772477
TTGAGTGAGAAATCCA-1_1_1,IR,Cd14-hi Neu,-1.40177697,-1.744598672
TTGAGTGCATAGGTAA-1_1_1,IR,Icam1+ Neu,-2.584495724,0.584415748
TTGAGTGGTGAGACCA-1_1_1,IR,Icam1+ Neu,-6.002710045,1.911185458
TTGAGTGTCGTCGATA-1_1_1,IR,Cstdc4+ Neu,1.817079961,-3.507302568
TTGATGGCACTGCATA-1_1_1,IR,Cd14-hi Neu,-2.549154222,-2.38819699
TTGATGGTCAGAATAG-1_1_1,IR,Icam1+ Neu,-2.084586442,3.202247813
TTGCATTCAACAGTGG-1_1_1,IR,Cstdc4+ Neu,-3.206515015,0.868404939
TTGCATTGTACGCTAT-1_1_1,IR,Icam1+ Neu,-1.64176339,1.987971022
TTGCATTGTCTTACAG-1_1_1,IR,Isg15+ Neu,-1.157260657,0.773107364
TTGCCTGAGGATGGCT-1_1_1,IR,Icam1+ Neu,-1.298545301,1.385734751
TTGCCTGAGGTTAAAC-1_1_1,IR,Isg15+ Neu,0.07701987,0.583640411
TTGCCTGCAGCTGCCA-1_1_1,IR,Icam1+ Neu,-4.296803177,2.173093035
TTGCCTGCAGTGTACT-1_1_1,IR,Icam1+ Neu,-5.980090321,2.506075814
TTGCCTGCATGACTTG-1_1_1,IR,Icam1+ Neu,-5.336620033,1.984835818
TTGCCTGCATTCTTCA-1_1_1,IR,Icam1+ Neu,-2.917262733,0.962749913
TTGCCTGGTCTGTGGC-1_1_1,IR,Icam1+ Neu,-3.512849987,-1.888836548
TTGCCTGGTTCTAAGC-1_1_1,IR,Icam1+ Neu,-3.820580423,2.867228701
TTGCCTGTCTCGGCTT-1_1_1,IR,Isg15+ Neu,-0.170622974,-0.218600855
TTGCGTCAGAGAGTTT-1_1_1,IR,Cd14-hi Neu,-0.274470963,-2.177474544
TTGCTGCAGTAAATGC-1_1_1,IR,Cstdc4+ Neu,-1.800634444,-3.563046739
TTGCTGCCAATCACGT-1_1_1,IR,Icam1+ Neu,-1.755696595,1.069255069
TTGCTGCCACGCGTCA-1_1_1,IR,Icam1+ Neu,-3.568943441,-2.755435273
TTGCTGCGTGGCCCAT-1_1_1,IR,Icam1+ Neu,-3.174464643,-0.115244493
TTGCTGCTCGACCACG-1_1_1,IR,Icam1+ Neu,-1.969882787,2.504559949
TTGGATGAGGTGATAT-1_1_1,IR,Cd14-hi Neu,-1.350605667,-2.571482465
TTGGATGCAACCCGCA-1_1_1,IR,Icam1+ Neu,-1.923375309,1.815934851
TTGGATGGTACCCGCA-1_1_1,IR,Isg15+ Neu,-0.87566191,-0.127941296
TTGGATGGTTCTCCCA-1_1_1,IR,Csf3r-hi Neu,-0.428933606,1.775783494
TTGGATGTCGAGAGAC-1_1_1,IR,Csf3r-hi Neu,0.53635931,2.326417878
TTGGATGTCTTAGCTT-1_1_1,IR,Cstdc4+ Neu,-1.765899957,-4.21789603
TTGGGATAGGAACTAT-1_1_1,IR,Icam1+ Neu,-4.339204967,3.052835181
TTGGGATGTGCCTGCA-1_1_1,IR,Cstdc4+ Neu,-0.035683036,-3.391036317
TTGGGCGAGTTGTAGA-1_1_1,IR,Cd14-hi Neu,-0.581596464,-1.161382355
TTGGGCGCACGCAGTC-1_1_1,IR,Cd14-hi Neu,-1.919771135,-0.874306411
TTGGGTAAGATTACCC-1_1_1,IR,Isg15+ Neu,-0.047309205,0.039931014
TTGGGTATCACTTGGA-1_1_1,IR,Csf3r-hi Neu,0.233381569,3.105061724
TTGGGTATCCTGTTAT-1_1_1,IR,Cd14-hi Neu,0.618667483,-0.858650416
TTGGTTTCATCTCCCA-1_1_1,IR,Cstdc4+ Neu,0.120926708,-3.593983218
TTGGTTTTCACCGGTG-1_1_1,IR,Mmp8+ Neu,3.355953991,-3.905467078
TTGGTTTTCGAACACT-1_1_1,IR,Cstdc4+ Neu,3.186892807,1.195122197
TTGTGGAAGGTGGGTT-1_1_1,IR,Cstdc4+ Neu,1.720841467,-3.425167844
TTGTGGATCCATTGGA-1_1_1,IR,Icam1+ Neu,-3.542559326,-1.47182034
TTGTGTTGTGTTACTG-1_1_1,IR,Icam1+ Neu,-2.697121561,1.997008517
TTGTGTTTCAGTGTTG-1_1_1,IR,Icam1+ Neu,-4.144499481,-1.030003663
TTGTTCAAGAAGCCAC-1_1_1,IR,Cstdc4+ Neu,2.084948837,-3.548714444
TTGTTGTCAGAGCTAG-1_1_1,IR,Isg15+ Neu,-0.816184462,-0.034197256
TTGTTGTGTCTGCAAT-1_1_1,IR,Icam1+ Neu,-3.181717575,-2.567894742
TTGTTGTGTTCCGCAG-1_1_1,IR,Cstdc4+ Neu,-1.966090978,-3.510685012
TTGTTGTTCTTTCGAT-1_1_1,IR,Icam1+ Neu,-3.068822563,-3.161869333
TTGTTTGAGGGTCAAC-1_1_1,IR,Cstdc4+ Neu,-2.187133491,-3.962783859
TTGTTTGGTAGCTGTT-1_1_1,IR,Csf3r-hi Neu,0.497068941,3.155360415
TTTACCAAGAGTCAGC-1_1_1,IR,Csf3r-hi Neu,0.083278596,1.799025967
TTTACCAAGGCCCACT-1_1_1,IR,Icam1+ Neu,-3.412171543,2.106800988
TTTACCAAGGGAGGTG-1_1_1,IR,Mmp8+ Neu,3.096587956,-1.966946885
TTTACCACACAGCATT-1_1_1,IR,Cd14-hi Neu,-2.492610157,-0.782942757
TTTACCACAGCACAGA-1_1_1,IR,Cstdc4+ Neu,-1.806310237,-3.579287812
TTTACCATCGTGTTCC-1_1_1,IR,Icam1+ Neu,-4.341788471,-0.71622862
TTTACCATCTCAAAGC-1_1_1,IR,Icam1+ Neu,-5.518315018,4.363249972
TTTACGTCACGTCATA-1_1_1,IR,Icam1+ Neu,-3.209817827,0.053148344
TTTACTGCATACACCA-1_1_1,IR,Icam1+ Neu,-5.894704521,1.279923632
TTTACTGCATGTTCGA-1_1_1,IR,Icam1+ Neu,-3.824914635,3.959328368
TTTACTGTCAACTACG-1_1_1,IR,Csf3r-hi Neu,1.508717238,1.630048707
TTTACTGTCCATAGGT-1_1_1,IR,Icam1+ Neu,-4.555097759,2.907823279
TTTACTGTCCTGATAG-1_1_1,IR,Cd14-hi Neu,-1.070528448,-1.984964893
TTTAGTCCAAGAGATT-1_1_1,IR,Cstdc4+ Neu,-0.669043422,-4.258480117
TTTAGTCCAATGCAGG-1_1_1,IR,Csf3r-hi Neu,1.91207391,1.233169511
TTTAGTCCACTTCAAG-1_1_1,IR,Icam1+ Neu,-5.418275536,0.009816721
TTTAGTCGTGTTGACT-1_1_1,IR,Isg15+ Neu,2.186844647,-3.664415643
TTTAGTCTCGCCACTT-1_1_1,IR,Csf3r-hi Neu,1.004097282,0.470777943
TTTCACAAGCCTAGGA-1_1_1,IR,Csf3r-hi Neu,0.19634059,1.983036473
TTTCAGTCAAGTGGCA-1_1_1,IR,Cstdc4+ Neu,2.027662098,-3.584540174
TTTCAGTCACTCTCGT-1_1_1,IR,Cd14-hi Neu,-2.074842751,0.386348322
TTTCAGTGTGAGCGAT-1_1_1,IR,Icam1+ Neu,-4.455661953,-0.652126626
TTTCATGAGCCGGATA-1_1_1,IR,Csf3r-hi Neu,-1.163641513,2.344174102
TTTCATGGTCCGAAGA-1_1_1,IR,Mmp8+ Neu,2.923279821,-3.749424741
TTTCCTCAGCTTTCCC-1_1_1,IR,Cd14-hi Neu,-2.17536968,-1.492804721
TTTCCTCCACCCTAGG-1_1_1,IR,Cstdc4+ Neu,1.123927056,-3.4414659
TTTCCTCCAGTATACC-1_1_1,IR,Icam1+ Neu,-4.697239101,4.514528945
TTTCCTCTCCGGACGT-1_1_1,IR,Csf3r-hi Neu,0.648775279,2.611400321
TTTCGATAGTTGTACC-1_1_1,IR,Csf3r-hi Neu,1.138395845,2.452910378
TTTCGATCAATTGGTC-1_1_1,IR,Cstdc4+ Neu,1.368462979,-4.23920922
TTTCGATGTCCTCAGG-1_1_1,IR,Icam1+ Neu,-3.40558976,-2.582918689
TTTCGATTCTTTCGAT-1_1_1,IR,Cd14-hi Neu,-1.656708062,-1.90086852
TTTGACTCATCACAGT-1_1_1,IR,Cd14-hi Neu,2.004038632,-2.389573381
TTTGACTCATTAAGCC-1_1_1,IR,Icam1+ Neu,-6.185661495,1.67982383
TTTGATCCATCCTAAG-1_1_1,IR,Cd14-hi Neu,1.116059482,-1.734436915
TTTGATCGTCCTGAAT-1_1_1,IR,Icam1+ Neu,-1.344987095,2.493663504
TTTGGAGAGCTGAGCA-1_1_1,IR,Cd14-hi Neu,-0.021273047,-2.208351896
TTTGGAGTCGTGCACG-1_1_1,IR,Cstdc4+ Neu,0.638815939,-4.647618816
TTTGGAGTCTGCCCTA-1_1_1,IR,Cstdc4+ Neu,-0.226238981,-4.297647044
TTTGGTTAGCGGTATG-1_1_1,IR,Icam1+ Neu,-4.433792293,-0.197302446
TTTGGTTAGGTGATAT-1_1_1,IR,Cstdc4+ Neu,-1.266381085,-4.17113857
TTTGGTTCATGACTGT-1_1_1,IR,Isg15+ Neu,0.625058591,0.612284973
TTTGTTGGTACGTGAG-1_1_1,IR,Csf3r-hi Neu,-0.839238465,2.051400378
TTTGTTGGTGCTGTCG-1_1_1,IR,Csf3r-hi Neu,2.96502453,1.537269547
ACTTCCGTCAAAGCCT-1_2_1,IR,Csf3r-hi Neu,0.697493195,3.412108138
ACTTCCGTCTGGCCTT-1_2_1,IR,Cstdc4+ Neu,1.612896621,-3.684894845
ACTTTCAAGTTTGAGA-1_2_1,IR,Icam1+ Neu,-4.733291328,2.656815722
ACTTTCAGTACCTATG-1_2_1,IR,Icam1+ Neu,-4.172136009,4.274671271
ACTTTCAGTAGGAGGG-1_2_1,IR,Mmp8+ Neu,4.434110939,-1.179405786
ACTTTGTCAGAGGTTG-1_2_1,IR,Icam1+ Neu,-5.336529911,1.854164794
ACTTTGTCATAAGCGG-1_2_1,IR,Csf3r-hi Neu,-0.800188959,1.361728862
AGAAATGCAAAGACGC-1_2_1,IR,Cstdc4+ Neu,0.966142714,-3.724260614
AGAACCTGTGGAGGTT-1_2_1,IR,Icam1+ Neu,-5.933372677,2.279587701
AGAAGCGTCTAGACAC-1_2_1,IR,Csf3r-hi Neu,2.502137243,2.929736331
AGACAAACACTGGCCA-1_2_1,IR,Csf3r-hi Neu,-0.158815325,3.909688189
AGACAAAGTATGGTAA-1_2_1,IR,Icam1+ Neu,-4.704088867,-0.469428525
AGACAGGTCCAATGCA-1_2_1,IR,Isg15+ Neu,-1.467930139,0.459970787
AGACCCGTCTGAGGCC-1_2_1,IR,Cd14-hi Neu,-2.16486162,-2.046308026
AGAGAGCAGTTTCGAC-1_2_1,IR,Icam1+ Neu,-5.055211723,3.275534823
AGAGCAGTCCCAAGTA-1_2_1,IR,Mmp8+ Neu,4.324871838,-0.306237921
AGAGCAGTCCTGTTGC-1_2_1,IR,Icam1+ Neu,-4.848443687,1.781017735
AGAGCCCGTACATACC-1_2_1,IR,Icam1+ Neu,-5.777788341,0.695059016
AGAGCCCGTGCCCACA-1_2_1,IR,Csf3r-hi Neu,3.454728424,3.094991877
AGATAGACATGTCAGT-1_2_1,IR,Csf3r-hi Neu,1.199998915,1.566545441
AGATCCAAGGAACTCG-1_2_1,IR,Cd14-hi Neu,0.915438592,-1.679403767
AGATGAAGTACGCTAT-1_2_1,IR,Icam1+ Neu,-6.254186809,2.224057629
AGATGCTGTTTACACG-1_2_1,IR,Icam1+ Neu,-4.051153601,4.842765048
AGATGCTTCCTCCACA-1_2_1,IR,Icam1+ Neu,-4.247528732,3.789638713
AGCATCAGTTTAGAGA-1_2_1,IR,Icam1+ Neu,-4.526135624,4.724839881
AGCCACGCAACCACGC-1_2_1,IR,Mmp8+ Neu,5.575327217,-0.313810811
AGCCACGTCTACGGGC-1_2_1,IR,Csf3r-hi Neu,-2.537709415,4.524306014
AGCGCCAGTGCTGTCG-1_2_1,IR,Icam1+ Neu,-4.478412331,2.841447785
AGCGTATGTATCCCTC-1_2_1,IR,Mmp8+ Neu,5.133142769,0.920322492
AGCGTATGTGAACGGT-1_2_1,IR,Csf3r-hi Neu,2.170526325,2.13721843
AGCTACATCTGACCCT-1_2_1,IR,Icam1+ Neu,-5.461322487,3.944758609
AGCTTCCCAAGAGTAT-1_2_1,IR,Icam1+ Neu,-4.159946859,3.309505656
AGCTTCCCAGACAAGC-1_2_1,IR,Csf3r-hi Neu,-2.950666607,4.631906703
AGCTTCCGTCCAGCAC-1_2_1,IR,Icam1+ Neu,-5.456982315,4.06661196
AGGAAATCAAAGGAGA-1_2_1,IR,Mmp8+ Neu,3.475541412,-0.446326599
AGGAAATTCGCTGATA-1_2_1,IR,Icam1+ Neu,-6.116734207,2.66955705
AGGAATACATGACGGA-1_2_1,IR,Csf3r-hi Neu,0.884157359,2.642216637
AGGAATATCAGACCCG-1_2_1,IR,Cstdc4+ Neu,-0.688157618,-4.620608375
AGGACGAGTTACACTG-1_2_1,IR,Csf3r-hi Neu,3.318549215,1.988594487
AGGACGATCCGCACGA-1_2_1,IR,Isg15+ Neu,0.025466322,-0.072976277
AGGACTTAGCGTGTTT-1_2_1,IR,Cstdc4+ Neu,1.703175604,-4.08224468
AGGAGGTGTTCTCTCG-1_2_1,IR,Icam1+ Neu,-2.871615112,-0.41290085
AGGCATTAGATTAGAC-1_2_1,IR,Icam1+ Neu,-2.751398981,3.172747329
AGGCATTAGTGTCATC-1_2_1,IR,Cd14-hi Neu,-1.72599572,-1.523291484
AGGCTGCGTTGTACGT-1_2_1,IR,Isg15+ Neu,-3.54057163,-1.001053781
AGGCTGCTCACAATGC-1_2_1,IR,Mmp8+ Neu,4.693329632,1.119776204
AGGGCCTGTAACACGG-1_2_1,IR,Isg15+ Neu,0.422535836,0.857368305
AGGGCTCAGTTTCTTC-1_2_1,IR,Icam1+ Neu,-2.104217112,0.96426697
AGGGCTCTCGTTGCCT-1_2_1,IR,Icam1+ Neu,-3.901804388,4.284896567
AGGGTGATCGGTCTAA-1_2_1,IR,Icam1+ Neu,-4.53698653,4.213448241
AGGGTTTAGCCACCGT-1_2_1,IR,Icam1+ Neu,-4.146680296,-2.137891934
AGGTAGGCAAAGGTTA-1_2_1,IR,Isg15+ Neu,1.245861232,0.210740521
AGGTCATTCGGCCAAC-1_2_1,IR,Mmp8+ Neu,5.5552271,-1.076580985
AGGTCTACAGAGGAAA-1_2_1,IR,Mmp8+ Neu,3.996820271,-3.814224527
AGGTGTTTCTCTTGCG-1_2_1,IR,Mmp8+ Neu,2.342117607,0.231852963
AGGTTACCAGCGTTGC-1_2_1,IR,Icam1+ Neu,-4.919037521,4.353373244
AGGTTACCATGACTCA-1_2_1,IR,Icam1+ Neu,-3.26669854,0.81604059
AGGTTGTCATCCGTTC-1_2_1,IR,Cstdc4+ Neu,-1.55220753,-4.08722429
AGTAACCTCTCCCTAG-1_2_1,IR,Icam1+ Neu,-4.408172787,2.466366008
AGTACTGCATGCCGCA-1_2_1,IR,Icam1+ Neu,-5.183304966,0.225670054
AGTAGCTAGCGGACAT-1_2_1,IR,Cd14-hi Neu,-1.70550865,0.076329305
AGTAGCTCACAATTCG-1_2_1,IR,Csf3r-hi Neu,2.822887718,2.288579419
AGTAGCTCACGGTGAA-1_2_1,IR,Mmp8+ Neu,4.465218365,0.517890766
AGTAGTCCAGAACATA-1_2_1,IR,Icam1+ Neu,-4.627804459,-0.535082087
AGTAGTCGTCCGTACG-1_2_1,IR,Cd14-hi Neu,0.713009357,-1.703447149
AGTAGTCGTGGAAGTC-1_2_1,IR,Icam1+ Neu,-2.487143696,2.689303115
AGTGACTTCATTCATC-1_2_1,IR,Isg15+ Neu,-0.866537691,0.28203924
AGTGACTTCGATGGAG-1_2_1,IR,Mmp8+ Neu,3.835798561,-1.146361463
AGTGATCAGCTTGTGT-1_2_1,IR,Cd14-hi Neu,-1.139390588,-2.438421533
AGTGATCCAATCGCGC-1_2_1,IR,Cstdc4+ Neu,1.704471886,-3.827102706
AGTGATCCATGCAGGA-1_2_1,IR,Icam1+ Neu,-4.746198357,-0.387822613
AGTGATCTCATCGTAG-1_2_1,IR,Mmp8+ Neu,5.377548039,-0.63056849
AGTGCCGCATGACCCG-1_2_1,IR,Icam1+ Neu,-4.45265311,3.072768882
AGTGTTGTCCCGAGTG-1_2_1,IR,Isg15+ Neu,-0.399114177,-0.132217273
AGTGTTGTCCGACAGC-1_2_1,IR,Mmp8+ Neu,1.990553915,0.220036223
AGTTAGCGTTCTCCAC-1_2_1,IR,Icam1+ Neu,-3.8885867,3.724592402
AGTTCGAAGACTTAAG-1_2_1,IR,Icam1+ Neu,-4.364360989,4.668096259
AGTTCGAAGCAGCCTC-1_2_1,IR,Icam1+ Neu,-3.889179647,3.07837744
AGTTCGAAGCGTCAGA-1_2_1,IR,Mmp8+ Neu,3.714846909,0.817634657
ATACCGAGTCTAGTGT-1_2_1,IR,Cd14-hi Neu,-1.621638239,-0.863878757
ATACCTTCAGGCATGA-1_2_1,IR,Cd14-hi Neu,-4.895939529,0.05100508
ATACCTTTCCATACTT-1_2_1,IR,Csf3r-hi Neu,3.694844305,1.385948136
ATACTTCAGTCGCCAC-1_2_1,IR,Cd14-hi Neu,0.756115734,-1.777987525
ATAGAGACACTTGTCC-1_2_1,IR,Csf3r-hi Neu,-0.861396313,3.202711299
ATAGGCTAGAGTCTGG-1_2_1,IR,Mmp8+ Neu,5.669179737,-1.213064462
ATAGGCTGTCCGGCAT-1_2_1,IR,Icam1+ Neu,-6.073248566,2.266761973
ATATCCTCAAGCCATT-1_2_1,IR,Icam1+ Neu,-5.133231819,4.725643351
ATATCCTGTACGATGG-1_2_1,IR,Csf3r-hi Neu,0.451891899,3.798935607
ATCACAGCATCCGAAT-1_2_1,IR,Icam1+ Neu,-3.783432186,2.07762523
ATCAGGTTCGATTGAC-1_2_1,IR,Cd14-hi Neu,-2.665466965,-1.88429837
ATCCATTAGGCCTTCG-1_2_1,IR,Mmp8+ Neu,5.294245541,0.25761421
ATCCATTCATACAGGG-1_2_1,IR,Mmp8+ Neu,6.343426525,-2.135854051
ATCCATTGTGGACCTC-1_2_1,IR,Mmp8+ Neu,3.39692074,0.147738531
ATCCGTCAGCCGTAAG-1_2_1,IR,Cd14-hi Neu,-1.80985266,-1.207382977
ATCCTATTCCTCAGGG-1_2_1,IR,Icam1+ Neu,-3.162026823,-0.083091662
ATCGATGGTGAGATCG-1_2_1,IR,Mmp8+ Neu,2.435607254,-0.319986329
ATCGCCTAGTTACGAA-1_2_1,IR,Mmp8+ Neu,3.28988415,-3.741085336
ATCGCCTTCCGTCACT-1_2_1,IR,Mmp8+ Neu,2.767510473,1.077952578
ATCGGCGAGTTAGAAC-1_2_1,IR,Icam1+ Neu,-2.524572552,0.371644571
ATCGGCGCAGTAGAGC-1_2_1,IR,Icam1+ Neu,-4.701780975,3.4930069
ATCGTCCAGGATTTCC-1_2_1,IR,Mmp8+ Neu,5.41765052,-1.998976335
ATCGTCCGTGTCCAAT-1_2_1,IR,Isg15+ Neu,-0.165286542,0.743901923
ATCGTGAAGCCAACCC-1_2_1,IR,Csf3r-hi Neu,2.57568866,1.023678973
ATCGTGAGTAGACACG-1_2_1,IR,Cd14-hi Neu,-2.293501795,-2.139289305
ATCTCTAGTCTAATCG-1_2_1,IR,Icam1+ Neu,-3.273630798,1.408777907
ATGAAAGTCATGCATG-1_2_1,IR,Cstdc4+ Neu,-1.05055517,-4.11415343
ATGAAAGTCGTTAGAC-1_2_1,IR,Icam1+ Neu,-3.882154406,1.928156092
ATGACCAAGAGCAACC-1_2_1,IR,Icam1+ Neu,-4.3562271,3.217909529
ATGACCACAGGCAATG-1_2_1,IR,Csf3r-hi Neu,2.310046017,2.735760644
ATGAGGGGTTAGTCGT-1_2_1,IR,Icam1+ Neu,-5.113680542,4.386889651
ATGAGGGTCGCACGGT-1_2_1,IR,Mmp8+ Neu,5.175245583,-0.443463669
ATGATCGCAACTCCAA-1_2_1,IR,Cstdc4+ Neu,3.001129448,1.7167923
ATGCATGCATAATGAG-1_2_1,IR,Cd14-hi Neu,-0.618665815,-2.396493718
ATGCATGTCAGTCAGT-1_2_1,IR,Mmp8+ Neu,6.67387706,-2.686429903
ATGCCTCCAAGCGAGT-1_2_1,IR,Csf3r-hi Neu,3.078157484,1.975885346
ATGCCTCGTACAATAG-1_2_1,IR,Mmp8+ Neu,4.842891037,-0.464423165
ATGCCTCGTCCATAGT-1_2_1,IR,Icam1+ Neu,-5.974347771,1.803655579
ATGCCTCTCGACATTG-1_2_1,IR,Icam1+ Neu,-4.264499367,1.109564021
ATGGGTTGTTCGAAGG-1_2_1,IR,Icam1+ Neu,-4.99963063,4.312966063
ATGGTTGCAATTGCTG-1_2_1,IR,Icam1+ Neu,-2.245749891,1.661386683
ATGGTTGTCCAGTGTA-1_2_1,IR,Icam1+ Neu,-5.996038139,1.387397244
ATGTCCCAGCGTTGTT-1_2_1,IR,Isg15+ Neu,-1.543625415,0.539352134
ATGTCCCCAGAATCGG-1_2_1,IR,Csf3r-hi Neu,-1.505901516,3.937131121
ATTACTCGTTGGAGGT-1_2_1,IR,Isg15+ Neu,0.043713748,0.063457086
ATTATCCCATGCCATA-1_2_1,IR,Icam1+ Neu,-4.082165182,2.549943641
ATTATCCTCGATGCAT-1_2_1,IR,Icam1+ Neu,-3.838099182,-2.352585599
ATTCAGGCAACAGCCC-1_2_1,IR,Mmp8+ Neu,4.022090733,-3.828741119
ATTCAGGGTAGAAACT-1_2_1,IR,Csf3r-hi Neu,3.185976088,2.186261132
ATTCAGGGTGTATACC-1_2_1,IR,Icam1+ Neu,-4.012313784,3.821394637
ATTCAGGGTGTCCATA-1_2_1,IR,Icam1+ Neu,-5.380135715,1.506413892
ATTCAGGGTGTCTCCT-1_2_1,IR,Icam1+ Neu,-5.218970955,4.09026213
ATTCATCCACGGGTAA-1_2_1,IR,Icam1+ Neu,-5.090845764,2.66281195
ATTCCATCATTCCTCG-1_2_1,IR,Isg15+ Neu,-0.455863059,0.497251823
ATTCCATGTACGTAGG-1_2_1,IR,Cd14-hi Neu,-0.165398691,-1.888976679
ATTCCCGAGACCATTC-1_2_1,IR,Isg15+ Neu,-0.928980828,0.059149697
ATTCCCGAGCCAAGGT-1_2_1,IR,Icam1+ Neu,-3.821368397,2.996978476
ATTCCTACACCGTGGT-1_2_1,IR,Csf3r-hi Neu,2.221635162,2.512218192
ATTCCTAGTGAGTTGG-1_2_1,IR,Icam1+ Neu,-4.968076885,3.765881255
ATTCGTTGTAGGAGTC-1_2_1,IR,Cd14-hi Neu,1.507600009,-1.32095699
ATTCTACCATGTGGTT-1_2_1,IR,Icam1+ Neu,-2.577804745,4.015460685
ATTCTACGTTCCGCGA-1_2_1,IR,Icam1+ Neu,-4.3213498,-1.918179855
ATTCTTGAGTTCACTG-1_2_1,IR,Cd14-hi Neu,1.087847769,-2.000683174
ATTCTTGTCCACCTGT-1_2_1,IR,Csf3r-hi Neu,1.636529862,1.530404284
ATTCTTGTCCTAGCGG-1_2_1,IR,Icam1+ Neu,-5.093457401,3.301018431
ATTCTTGTCCTTGGAA-1_2_1,IR,Mmp8+ Neu,6.782554924,-3.09244065
ATTGGGTAGGATTCCT-1_2_1,IR,Icam1+ Neu,-4.613002956,4.87653704
ATTGTTCAGCTCATAC-1_2_1,IR,Icam1+ Neu,-4.479810417,4.763404563
ATTGTTCCAGGAGGTT-1_2_1,IR,Mmp8+ Neu,5.122008621,-0.117518291
ATTGTTCGTTACGCCG-1_2_1,IR,Cd14-hi Neu,-1.207942427,-2.179383204
ATTTCTGCATCCAATG-1_2_1,IR,Csf3r-hi Neu,3.483856976,3.075522139
CAAAGAAAGCCTCTCT-1_2_1,IR,Icam1+ Neu,-5.778218449,3.113954737
CAAAGAAGTCCCGCAA-1_2_1,IR,Icam1+ Neu,-5.210403145,4.377953246
CAAAGAAGTGACAACG-1_2_1,IR,Icam1+ Neu,-5.115513504,3.268463328
CAAAGAATCCACCTCA-1_2_1,IR,Cd14-hi Neu,-1.001308263,-1.456269667
CAACAACTCCATATGG-1_2_1,IR,Cstdc4+ Neu,1.185503423,-3.724614904
CAACCAACACAGGATG-1_2_1,IR,Icam1+ Neu,-4.310901344,3.735058501
CAACCAACATATGGCT-1_2_1,IR,Icam1+ Neu,-5.342107475,4.33902426
CAACCAACATCTGCGG-1_2_1,IR,Csf3r-hi Neu,-0.08375983,2.795518592
CAACCAAGTATCATGC-1_2_1,IR,Csf3r-hi Neu,1.617989122,3.259371951
CAACCAAGTCGTTGGC-1_2_1,IR,Csf3r-hi Neu,-0.104045637,3.09534283
CAACCTCGTGGATGAC-1_2_1,IR,Cd14-hi Neu,-1.493037045,-0.081354842
CAAGACTAGCTCACTA-1_2_1,IR,Csf3r-hi Neu,2.664652407,2.553468182
CAAGACTTCGCAACAT-1_2_1,IR,Mmp8+ Neu,1.974345028,-1.013463419
CAAGCTAAGACTTCGT-1_2_1,IR,Icam1+ Neu,-4.815811336,4.409158423
CAAGCTATCTGGACCG-1_2_1,IR,Icam1+ Neu,-5.775051296,2.638979152
CAAGGGAAGTATGAGT-1_2_1,IR,Icam1+ Neu,-2.274671257,1.178639605
CAAGGGATCGACCTAA-1_2_1,IR,Mmp8+ Neu,5.179132759,-2.440154359
CAATACGAGGTCGACA-1_2_1,IR,Icam1+ Neu,-5.557591618,3.75609751
CAATACGAGTCATGAA-1_2_1,IR,Isg15+ Neu,0.117735475,0.628693655
CAATCGAAGCGTCAGA-1_2_1,IR,Mmp8+ Neu,3.759481966,-1.451747015
CAATTTCAGAATACAC-1_2_1,IR,Csf3r-hi Neu,-0.47070548,0.785716369
CAATTTCGTCCTTTGC-1_2_1,IR,Mmp8+ Neu,3.941260635,-0.267650053
CAATTTCGTTCCGCAG-1_2_1,IR,Icam1+ Neu,-2.860345066,0.525460317
CACAACAGTAGGATAT-1_2_1,IR,Icam1+ Neu,-2.028008879,1.286198809
CACACAAAGCCATTCA-1_2_1,IR,Csf3r-hi Neu,-0.938781858,3.398372844
CACACAAGTTCGAGCC-1_2_1,IR,Mmp8+ Neu,3.535661757,-0.743850634
CACACAATCCATTGCC-1_2_1,IR,Icam1+ Neu,-4.028144062,2.948683455
CACACAATCTCCGCAT-1_2_1,IR,Icam1+ Neu,-4.302082241,1.620787814
CACATGATCCTCTCTT-1_2_1,IR,Mmp8+ Neu,4.199971497,-2.083656833
CACCGTTCACTTCCTG-1_2_1,IR,Cstdc4+ Neu,2.360768377,1.623643353
CACCGTTGTTTGAAAG-1_2_1,IR,Icam1+ Neu,-4.71389407,4.835002139
CACGAATAGTCCCAAT-1_2_1,IR,Cstdc4+ Neu,1.253713786,3.180179789
CACGAATTCAAGCCAT-1_2_1,IR,Icam1+ Neu,-3.626956404,-1.893734739
CACGGGTGTTGAATCC-1_2_1,IR,Mmp8+ Neu,5.724772751,-0.494360909
CACGTGGTCCAGCTCT-1_2_1,IR,Mmp8+ Neu,5.157720863,-2.201645062
CACGTTCGTGTTTACG-1_2_1,IR,Icam1+ Neu,-3.000338734,0.454973891
CACTAAGAGTATGAAC-1_2_1,IR,Icam1+ Neu,-4.636029423,3.280719474
CACTAAGCAACCCTCT-1_2_1,IR,Icam1+ Neu,-4.758930386,0.717785313
CACTAAGGTTGGAGGT-1_2_1,IR,Cd14-hi Neu,1.784366786,-1.791003511
CACTAAGTCCGAGTGC-1_2_1,IR,Mmp8+ Neu,6.861522018,-3.172601745
CACTGAATCAGTCAGT-1_2_1,IR,Csf3r-hi Neu,1.275372803,3.192532256
CACTGGGCACTAGGCC-1_2_1,IR,Cd14-hi Neu,1.3374812,-1.860339567
CACTGTCCAGTCGGAA-1_2_1,IR,Icam1+ Neu,-2.025919855,1.067657426
CACTGTCGTGTGACCC-1_2_1,IR,Icam1+ Neu,-4.615998447,1.618691399
CAGAGCCGTTCTCTAT-1_2_1,IR,Csf3r-hi Neu,-0.786848128,3.727694705
CAGCAGCAGAGAGGGC-1_2_1,IR,Mmp8+ Neu,4.728206932,-1.392321632
CAGCAGCAGTCCTGTA-1_2_1,IR,Isg15+ Neu,0.509498655,0.710007265
CAGCAGCGTGGACAGT-1_2_1,IR,Icam1+ Neu,-4.076392591,4.214714244
CAGCAGCGTGTTTCTT-1_2_1,IR,Icam1+ Neu,-5.149629295,4.73863621
CAGCCAGAGCTGACCC-1_2_1,IR,Mmp8+ Neu,3.012848436,-0.895556033
CAGCCAGCAAGGATGC-1_2_1,IR,Icam1+ Neu,-3.951529205,-1.072184687
CAGCGTGAGATAGTCA-1_2_1,IR,Csf3r-hi Neu,1.339018762,3.434546664
CAGCGTGCAGAGGGTT-1_2_1,IR,Icam1+ Neu,-5.405994595,2.969003871
CAGGCCAGTCATCGCG-1_2_1,IR,Csf3r-hi Neu,1.724047601,3.328474238
CAGGGCTAGTGCAGCA-1_2_1,IR,Mmp8+ Neu,5.338804543,-1.941445157
CAGGTATGTCTAGGCC-1_2_1,IR,Csf3r-hi Neu,2.943161308,1.923497155
CAGTTAGAGTCGCCCA-1_2_1,IR,Isg15+ Neu,1.078733265,0.794987872
CAGTTAGGTACCGGCT-1_2_1,IR,Icam1+ Neu,-4.776681602,1.839352086
CAGTTCCAGCAGTAAT-1_2_1,IR,Csf3r-hi Neu,-0.318821982,1.52994056
CATAAGCGTTCAGGTT-1_2_1,IR,Icam1+ Neu,-4.259206951,2.451191857
CATACAGCAACCACGC-1_2_1,IR,Csf3r-hi Neu,1.674593031,3.2722909
CATACAGCAACGCATT-1_2_1,IR,Csf3r-hi Neu,-0.343935937,3.859774783
CATACAGCAGACTCTA-1_2_1,IR,Csf3r-hi Neu,2.873411715,1.728774503
CATACTTCAAGGCCTC-1_2_1,IR,Csf3r-hi Neu,0.25737825,2.288556769
CATACTTTCGTAACAC-1_2_1,IR,Csf3r-hi Neu,2.783572256,1.636545136
CATCAAGAGGGTTGCA-1_2_1,IR,Isg15+ Neu,1.883692085,0.607264831
CATCCACGTCCACTTC-1_2_1,IR,Icam1+ Neu,-3.579358757,1.65771313
CATCCGTCATGGCCCA-1_2_1,IR,Cd14-hi Neu,1.745078027,0.338376239
CATCGGGAGTTCAACC-1_2_1,IR,Mmp8+ Neu,5.240931332,-1.848096833
CATCGGGCACTACACA-1_2_1,IR,Csf3r-hi Neu,2.671129047,2.903558686
CATCGTCCACCTCTGT-1_2_1,IR,Icam1+ Neu,-3.696714819,1.917763903
CATCGTCCATAGCACT-1_2_1,IR,Csf3r-hi Neu,0.809205591,2.655383065
CATGAGTGTTACGGAG-1_2_1,IR,Icam1+ Neu,-5.51565522,3.496267989
CATGCCTCACAAGGTG-1_2_1,IR,Mmp8+ Neu,3.930418312,-1.593672917
CATGCCTCAGACCCGT-1_2_1,IR,Icam1+ Neu,-5.841294945,2.608068183
CATGCGGAGCCTTCTC-1_2_1,IR,Icam1+ Neu,-3.658366383,0.984163716
CATGCTCAGCGATGGT-1_2_1,IR,Mmp8+ Neu,4.109493076,0.729923084
CATGGATAGCGTCAGA-1_2_1,IR,Mmp8+ Neu,4.213641464,-0.594862566
CATGGTATCTAGATCG-1_2_1,IR,Cd14-hi Neu,-2.157342136,-2.144333288
CATTCATAGTGCTCAT-1_2_1,IR,Icam1+ Neu,-4.784447849,2.887201026
CATTCATCAGCGACCT-1_2_1,IR,Isg15+ Neu,0.117822825,0.439820483
CATTCCGAGACGACGT-1_2_1,IR,Icam1+ Neu,-5.167410076,4.48661299
CATTCCGAGAGGATGA-1_2_1,IR,Mmp8+ Neu,5.649697601,-1.791447565
CATTCCGAGCTGCGAA-1_2_1,IR,Cd14-hi Neu,0.859913528,-2.262803361
CATTCTATCATTTCGT-1_2_1,IR,Icam1+ Neu,-2.761763752,1.56565614
CATTGAGGTCCCGCAA-1_2_1,IR,Mmp8+ Neu,6.831585705,-3.272719905
CATTGAGTCTTAATCC-1_2_1,IR,Csf3r-hi Neu,0.322473347,2.420855477
CATTGAGTCTTTCGAT-1_2_1,IR,Csf3r-hi Neu,2.55948621,2.385095551
CATTGCCCAAGGCTTT-1_2_1,IR,Mmp8+ Neu,3.648359358,-2.731968209
CATTGCCGTAAGATAC-1_2_1,IR,Isg15+ Neu,-2.957760275,-0.657698199
CATTGCCTCCCTGTTG-1_2_1,IR,Csf3r-hi Neu,0.091927975,2.954227164
CATTGTTCACAAACGG-1_2_1,IR,Cstdc4+ Neu,1.703344285,-4.017631337
CATTTCATCGAGTCCG-1_2_1,IR,Cstdc4+ Neu,1.500184834,-3.399656579
CCAAGCGTCATTGCCC-1_2_1,IR,Icam1+ Neu,-1.665218532,1.165027097
CCAATGAGTCTCACAA-1_2_1,IR,Isg15+ Neu,0.247114032,0.339258983
CCAATTTGTTGCTCGG-1_2_1,IR,Mmp8+ Neu,5.751972019,-1.916083142
CCAATTTTCAGGAGAC-1_2_1,IR,Icam1+ Neu,-4.040195644,1.854300216
CCACAAAAGTACCCTA-1_2_1,IR,Cstdc4+ Neu,0.895511806,-4.194110439
CCACAAACAAACTCGT-1_2_1,IR,Isg15+ Neu,-0.085978553,-0.185805783
CCACAAATCGCCAGAC-1_2_1,IR,Icam1+ Neu,-4.919207275,3.642670825
CCACGAGGTTTGTGGT-1_2_1,IR,Mmp8+ Neu,5.2069543,0.567805245
CCACGAGTCTCGCGTT-1_2_1,IR,Cd14-hi Neu,-2.83051771,0.262179091
CCACTTGCAACGATCT-1_2_1,IR,Csf3r-hi Neu,-0.138731178,1.60875149
CCACTTGTCGGAATGG-1_2_1,IR,Icam1+ Neu,-6.048412979,1.667627528
CCATAAGAGTCAATCC-1_2_1,IR,Csf3r-hi Neu,-0.988194049,3.280741408
CCCAACTTCGCCTTGT-1_2_1,IR,Icam1+ Neu,-4.497835339,0.287045672
CCCAACTTCTACTCAT-1_2_1,IR,Csf3r-hi Neu,-0.38765505,3.493569091
CCCGGAACAGGGCTTC-1_2_1,IR,Mmp8+ Neu,2.493324816,-0.416028425
CCCGGAATCGAGCTGC-1_2_1,IR,Mmp8+ Neu,5.630040943,-1.511199758
CCCGGAATCTAATTCC-1_2_1,IR,Cd14-hi Neu,0.975727617,-1.032623858
CCCTGATCATCCTTCG-1_2_1,IR,Icam1+ Neu,-2.986693323,0.463772252
CCCTGATGTTGTTGTG-1_2_1,IR,Csf3r-hi Neu,-0.680933357,3.130977347
CCCTTAGCACAAACGG-1_2_1,IR,Mmp8+ Neu,5.246228516,-1.600548491
CCCTTAGTCTTAGCTT-1_2_1,IR,Mmp8+ Neu,4.619810879,0.70154877
CCGATCTCATCGCTAA-1_2_1,IR,Icam1+ Neu,-4.056983173,3.739844039
CCGATGGGTGAATATG-1_2_1,IR,Cd14-hi Neu,-1.422379911,-2.485971019
CCGATGGTCTGGGAGA-1_2_1,IR,Csf3r-hi Neu,0.091463834,3.689442351
CCGCAAGAGTGCGACA-1_2_1,IR,Mmp8+ Neu,2.806434691,-4.136487529
CCGCAAGTCCATCTGC-1_2_1,IR,Icam1+ Neu,-5.330723942,3.583470061
CCGGACACATAATGCC-1_2_1,IR,Csf3r-hi Neu,3.288926661,2.283765509
CCGGACAGTGGCACTC-1_2_1,IR,Mmp8+ Neu,4.419695675,0.54945226
CCGGACATCATCGTAG-1_2_1,IR,Mmp8+ Neu,4.427649796,-0.36747329
CCGGGTATCTTGGATG-1_2_1,IR,Mmp8+ Neu,5.16510421,0.214531853
CCGTAGGCATTAAAGG-1_2_1,IR,Csf3r-hi Neu,-0.687319339,2.85488744
CCGTAGGGTCGATTCA-1_2_1,IR,Csf3r-hi Neu,0.674736738,2.486318782
CCGTGAGAGAGTTGAT-1_2_1,IR,Icam1+ Neu,-2.713952721,2.935142234
CCGTGAGTCAACCTTT-1_2_1,IR,Icam1+ Neu,-0.973828555,1.222774461
CCGTGAGTCCGTGGCA-1_2_1,IR,Mmp8+ Neu,3.777843296,0.698417738
CCGTTCAAGGCTGTAG-1_2_1,IR,Icam1+ Neu,-1.442248047,2.781817868
CCGTTCAGTGATACAA-1_2_1,IR,Icam1+ Neu,-5.181597412,2.5304894
CCTAACCCAAGAGTGC-1_2_1,IR,Icam1+ Neu,-5.157770336,-1.365932569
CCTAAGAGTACGATCT-1_2_1,IR,Mmp8+ Neu,5.199359238,-3.095064685
CCTACGTAGAACTTCC-1_2_1,IR,Isg15+ Neu,2.208949625,1.546071484
CCTACGTGTTCGAGCC-1_2_1,IR,Icam1+ Neu,-3.078270376,4.057855323
CCTATCGCAATACCTG-1_2_1,IR,Icam1+ Neu,-4.879102409,3.132083133
CCTATCGCATCTGGGC-1_2_1,IR,Icam1+ Neu,-4.001404465,4.490534499
CCTCAACTCCAAGCTA-1_2_1,IR,Csf3r-hi Neu,2.126078903,2.661237672
CCTCAGTAGACGCATG-1_2_1,IR,Icam1+ Neu,-1.743878663,2.015798524
CCTCAGTAGTCGGCAA-1_2_1,IR,Csf3r-hi Neu,0.258329004,3.396401599
CCTCAGTCAGTCCCGA-1_2_1,IR,Icam1+ Neu,-4.174776018,1.969897464
CCTCATGAGAGGCGGA-1_2_1,IR,Mmp8+ Neu,3.213340818,-0.239201352
CCTCATGAGCACTAAA-1_2_1,IR,Mmp8+ Neu,3.618577063,2.625553324
CCTCATGAGCAGGCAT-1_2_1,IR,Isg15+ Neu,-1.700873793,0.734956577
CCTCCAACAACCTATG-1_2_1,IR,Mmp8+ Neu,5.145844757,-0.772536025
CCTCCTCTCTCTGCTG-1_2_1,IR,Icam1+ Neu,-4.774089039,3.925336554
CCTCTAGAGGGTCAAC-1_2_1,IR,Mmp8+ Neu,4.582510292,-0.107202575
CCTCTAGCAAATCAGA-1_2_1,IR,Isg15+ Neu,0.459605574,0.202207043
CCTCTAGTCTGATGGT-1_2_1,IR,Isg15+ Neu,0.232234627,0.011625126
CCTGTTGCACTGTCGG-1_2_1,IR,Mmp8+ Neu,1.541072309,0.349131658
CCTTCAGCAGCGCGTT-1_2_1,IR,Icam1+ Neu,-5.638706863,2.38844724
CCTTCAGGTAGAGATT-1_2_1,IR,Csf3r-hi Neu,2.073254883,1.426212981
CCTTTGGCATGACCCG-1_2_1,IR,Icam1+ Neu,-4.376671493,3.805077746
CCTTTGGCATGCGGTC-1_2_1,IR,Icam1+ Neu,-3.302073896,3.341205313
CCTTTGGGTCAGTCCG-1_2_1,IR,Cd14-hi Neu,-0.264855557,-2.436554596
CCTTTGGTCCAGTTCC-1_2_1,IR,Icam1+ Neu,-4.069625318,-1.679027841
CGAAGTTCAATTGGTC-1_2_1,IR,Cstdc4+ Neu,0.379692554,-4.22540097
CGAAGTTTCTCCCTAG-1_2_1,IR,Csf3r-hi Neu,0.474659741,3.118100837
CGAATTGAGCACTGGA-1_2_1,IR,Icam1+ Neu,-4.690945328,4.506663993
CGAATTGCATAATGAG-1_2_1,IR,Cstdc4+ Neu,1.125696957,-4.207924173
CGACAGCCAAATACAG-1_2_1,IR,Cd14-hi Neu,-0.335391,-1.252554089
CGAGAAGTCGCAGTTA-1_2_1,IR,Icam1+ Neu,-5.490238369,0.987291529
CGAGGAACAGCTACCG-1_2_1,IR,Icam1+ Neu,-2.731125296,-2.388760254
CGAGGAATCCGATCTC-1_2_1,IR,Cd14-hi Neu,-1.49848491,-2.237110898
CGAGGCTAGTGCGACA-1_2_1,IR,Isg15+ Neu,0.683811783,0.037274912
CGAGGCTTCATCCCGT-1_2_1,IR,Csf3r-hi Neu,2.374352037,2.480386451
CGAGGCTTCCCGAAAT-1_2_1,IR,Icam1+ Neu,-5.730223358,2.908898309
CGAGTGCAGTCGAATA-1_2_1,IR,Mmp8+ Neu,4.747981846,-3.484135911
CGATCGGCATAATGCC-1_2_1,IR,Mmp8+ Neu,3.875014603,-1.215390265
CGATCGGTCGAGAGCA-1_2_1,IR,Cstdc4+ Neu,0.529267013,-4.657867477
CGATGCGAGAGCAAGA-1_2_1,IR,Icam1+ Neu,-4.15405792,4.215843871
CGATGCGCATCATCCC-1_2_1,IR,Icam1+ Neu,-3.615608395,0.771922424
CGATGGCCAACGATCT-1_2_1,IR,Isg15+ Neu,-1.763254464,0.416099742
CGATGGCTCTGCGGCA-1_2_1,IR,Csf3r-hi Neu,0.836182415,2.047220662
CGCAGGTAGGAACTAT-1_2_1,IR,Icam1+ Neu,-2.334340752,1.934300378
CGCAGGTCAGCCTATA-1_2_1,IR,Cd14-hi Neu,-1.242546142,-2.01999192
CGCCAGATCCAATCTT-1_2_1,IR,Mmp8+ Neu,5.596224606,-0.871970535
CGCCAGATCTCTATAC-1_2_1,IR,Icam1+ Neu,-4.938059032,2.839099124
CGCCATTTCAGCAATC-1_2_1,IR,Mmp8+ Neu,4.504594624,1.015201285
CGCGTGAGTTTCCATT-1_2_1,IR,Icam1+ Neu,-5.590268791,2.859138444
CGGAACCAGCGAACTG-1_2_1,IR,Icam1+ Neu,-4.559536636,3.454975322
CGGAACCCACCACTGG-1_2_1,IR,Csf3r-hi Neu,2.555152952,2.32173796
CGGAACCGTTCCTAAG-1_2_1,IR,Icam1+ Neu,-3.553986729,2.343523219
CGGAATTCAGGAGACT-1_2_1,IR,Icam1+ Neu,-4.935322464,3.514632895
CGGAATTTCAACCTCC-1_2_1,IR,Mmp8+ Neu,4.586362183,0.952204182
CGGAATTTCGTGGCGT-1_2_1,IR,Mmp8+ Neu,5.064391911,-2.044780121
CGGAGAACACTGGCCA-1_2_1,IR,Icam1+ Neu,-3.062421263,3.567249491
CGGGACTCACGCAAAG-1_2_1,IR,Icam1+ Neu,-3.36900729,4.644242957
CGGGCATCAGACCTGC-1_2_1,IR,Icam1+ Neu,-4.451340855,4.737430289
CGGGCATGTAGCTCGC-1_2_1,IR,Csf3r-hi Neu,2.079222738,2.805655196
CGGGCATTCCGCAACG-1_2_1,IR,Isg15+ Neu,0.242625624,0.152263954
CGGTCAGAGTATTAGG-1_2_1,IR,Csf3r-hi Neu,1.349413812,2.635731175
CGGTCAGCAGAAATCA-1_2_1,IR,Csf3r-hi Neu,0.763874948,2.341626838
CGTAAGTCAGCATACT-1_2_1,IR,Mmp8+ Neu,3.244400322,-2.764032051
CGTAAGTTCATTGTTC-1_2_1,IR,Csf3r-hi Neu,1.843716204,0.925951913
CGTCAAAAGTGAGGCT-1_2_1,IR,Icam1+ Neu,-4.561944187,-0.305360541
CGTCAAAGTAAGGTCG-1_2_1,IR,Isg15+ Neu,-2.86875552,-0.467685804
CGTCCATTCATTACCT-1_2_1,IR,Icam1+ Neu,-3.60848707,3.556802943
CGTGAATCATTCTGTT-1_2_1,IR,Isg15+ Neu,-0.519086808,0.198511555
CGTGAATTCATGCCCT-1_2_1,IR,Icam1+ Neu,-1.716890634,3.454333976
CGTGCTTCAGCTTTGA-1_2_1,IR,Icam1+ Neu,-5.166353882,4.255614474
CGTGCTTTCTTCCCGA-1_2_1,IR,Csf3r-hi Neu,-0.438083768,2.304663136
CGTGTCTAGTCATGCT-1_2_1,IR,Mmp8+ Neu,5.274674713,-1.527876661
CGTTAGAAGATCGCCC-1_2_1,IR,Icam1+ Neu,-1.681393207,2.373220399
CGTTAGAGTGACATCT-1_2_1,IR,Cd14-hi Neu,-0.177943438,-1.671028957
CGTTCTGAGGAAACGA-1_2_1,IR,Csf3r-hi Neu,1.939254582,3.233173087
CTAACCCGTAGCTGCC-1_2_1,IR,Icam1+ Neu,-5.059662998,4.329836562
CTAACCCTCCCATTTA-1_2_1,IR,Cstdc4+ Neu,2.201600849,1.522685721
CTAACTTAGACTACCT-1_2_1,IR,Cd14-hi Neu,0.246985316,-1.090164712
CTAACTTAGCTAGCCC-1_2_1,IR,Mmp8+ Neu,2.606810391,1.046683266
CTAACTTCAGGACTAG-1_2_1,IR,Icam1+ Neu,-4.072140396,1.111102059
CTAAGTGGTAGCACAG-1_2_1,IR,Csf3r-hi Neu,-0.278976813,2.181626513
CTAAGTGGTTACCTGA-1_2_1,IR,Icam1+ Neu,-2.061294139,1.946583941
CTAAGTGTCTATTCGT-1_2_1,IR,Csf3r-hi Neu,0.681192457,2.043706372
CTACAGATCCACCTCA-1_2_1,IR,Csf3r-hi Neu,1.046852052,1.765686705
CTACATTAGCTTCATG-1_2_1,IR,Icam1+ Neu,-2.507002771,1.525952294
CTACCCACACTTGTGA-1_2_1,IR,Icam1+ Neu,-2.976818502,2.382346823
CTACCCAGTTTACACG-1_2_1,IR,Mmp8+ Neu,7.672723114,-4.526637122
CTACCCATCGGTCTGG-1_2_1,IR,Csf3r-hi Neu,0.123277753,3.898184016
CTACCTGCAATTCTTC-1_2_1,IR,Icam1+ Neu,-5.325850189,2.707971766
CTACCTGCAGAACTCT-1_2_1,IR,Mmp8+ Neu,2.324743568,-1.056234576
CTACCTGTCACGGAGA-1_2_1,IR,Cd14-hi Neu,1.63242954,-2.129994795
CTACGGGGTACCTTCC-1_2_1,IR,Icam1+ Neu,-5.161451996,0.955315306
CTACTATCAACTGGTT-1_2_1,IR,Icam1+ Neu,-2.407758415,1.764994815
CTAGACAAGTCGAGGT-1_2_1,IR,Csf3r-hi Neu,4.484780609,1.522676661
CTAGACATCACAGTGT-1_2_1,IR,Cd14-hi Neu,0.881249964,-0.700217948
CTATCCGGTTAGAGTA-1_2_1,IR,Csf3r-hi Neu,0.408819198,2.787989571
CTATCTAAGTGGTTGG-1_2_1,IR,Mmp8+ Neu,4.657119095,-1.885920987
CTCAAGAAGGTACAAT-1_2_1,IR,Mmp8+ Neu,5.458872616,-0.784514502
CTCAAGATCAGTCATG-1_2_1,IR,Icam1+ Neu,-3.561693848,4.421099379
CTCAATTAGACTACCT-1_2_1,IR,Csf3r-hi Neu,-3.337176025,3.658127978
CTCACTGCAGGTGTTT-1_2_1,IR,Icam1+ Neu,-2.347684801,1.40049906
CTCACTGCATCGGTTA-1_2_1,IR,Csf3r-hi Neu,0.217141419,2.631237223
CTCAGAACAGCGGTTC-1_2_1,IR,Icam1+ Neu,-3.922155559,2.588967517
CTCAGAAGTTATCTTC-1_2_1,IR,Cd14-hi Neu,-0.173912984,-2.58360748
CTCAGAATCGCGTGCA-1_2_1,IR,Icam1+ Neu,-5.31468314,0.285978868
CTCAGGGCAGAATGTA-1_2_1,IR,Mmp8+ Neu,5.527692139,-1.471436188
CTCAGGGCAGTAGAAT-1_2_1,IR,Icam1+ Neu,-5.684365929,2.804352
CTCAGTCAGAAGAGCA-1_2_1,IR,Mmp8+ Neu,2.681002676,-0.94360666
CTCAGTCAGAAGGCTC-1_2_1,IR,Csf3r-hi Neu,-0.301798895,2.746249631
CTCAGTCAGTATTAGG-1_2_1,IR,Icam1+ Neu,-5.015881241,4.069844439
CTCAGTCGTAGCTAAA-1_2_1,IR,Icam1+ Neu,-3.535496891,1.790537789
CTCAGTCGTCTAGATC-1_2_1,IR,Icam1+ Neu,-2.725684584,0.303908422
CTCATCGAGGATTTAG-1_2_1,IR,Mmp8+ Neu,4.518035233,-2.215092466
CTCATCGCAGAATGTA-1_2_1,IR,Icam1+ Neu,-5.64367503,2.758640244
CTCATGCAGATGAACT-1_2_1,IR,Mmp8+ Neu,3.410689413,0.849624708
CTCATGCCAAATCAGA-1_2_1,IR,Mmp8+ Neu,7.72915107,-4.625006959
CTCATGCCAGCTCTGG-1_2_1,IR,Csf3r-hi Neu,0.72864747,3.021429255
CTCATTACACTCATAG-1_2_1,IR,Cstdc4+ Neu,-1.431660235,-4.067894027
CTCCACAAGTGCGACA-1_2_1,IR,Icam1+ Neu,-4.472499073,3.066661074
CTCCACAGTCAGTCCG-1_2_1,IR,Icam1+ Neu,-4.622910679,-1.981957421
CTCCACATCCCTTGGT-1_2_1,IR,Isg15+ Neu,-0.261316635,0.144216492
CTCCATGGTCAAAGCG-1_2_1,IR,Csf3r-hi Neu,0.847079217,2.546407416
CTCCCTCGTAGATCCT-1_2_1,IR,Cstdc4+ Neu,-2.342929066,-4.092515752
CTCCCTCGTCATACCA-1_2_1,IR,Icam1+ Neu,-2.590196312,0.779863789
CTCCCTCTCAGCTTCC-1_2_1,IR,Icam1+ Neu,-4.215322197,1.388922646
CTCCGATCATCGTTCC-1_2_1,IR,Csf3r-hi Neu,1.33287996,2.757376626
CTCCTCCGTTTGTTCT-1_2_1,IR,Cstdc4+ Neu,2.035169422,0.628543213
CTCCTCCTCTCGTGAA-1_2_1,IR,Csf3r-hi Neu,0.122905641,3.846041396
CTCCTTTAGGGCCTCT-1_2_1,IR,Icam1+ Neu,-4.223373592,3.67938824
CTCCTTTCAACTTGCA-1_2_1,IR,Cstdc4+ Neu,1.297770321,-2.945593879
CTCCTTTGTCTACGTA-1_2_1,IR,Icam1+ Neu,-5.423914135,3.199984267
CTCGAGGCAATACCTG-1_2_1,IR,Icam1+ Neu,-5.650158585,2.680498793
CTCTCAGAGGGATCGT-1_2_1,IR,Icam1+ Neu,-5.204309643,2.993947223
CTCTCGAAGCGCCTTG-1_2_1,IR,Cd14-hi Neu,-3.414411247,-0.075788066
CTCTCGACAAGTTGGG-1_2_1,IR,Cstdc4+ Neu,1.792054236,1.486811593
CTCTCGACACAAGCCC-1_2_1,IR,Icam1+ Neu,-1.957571567,1.484445765
CTCTCGAGTGCAGTGA-1_2_1,IR,Csf3r-hi Neu,-3.59927696,3.185364917
CTGAATGAGCAACTCT-1_2_1,IR,Mmp8+ Neu,4.766262829,-1.880460427
CTGAGCGCACGTGAGA-1_2_1,IR,Icam1+ Neu,-3.157470167,0.360407665
CTGAGCGTCAAGCCCG-1_2_1,IR,Csf3r-hi Neu,-1.010511935,3.126167014
CTGAGGCAGCCACTCG-1_2_1,IR,Mmp8+ Neu,2.930758774,-2.903988049
CTGATCCAGTGGTGAC-1_2_1,IR,Mmp8+ Neu,3.672787487,2.847433284
CTGATCCGTTCCTAAG-1_2_1,IR,Icam1+ Neu,-6.166094006,2.806661322
CTGCAGGTCCGTAGGC-1_2_1,IR,Mmp8+ Neu,2.671088993,1.265104964
CTGCATCCAGAGTCTT-1_2_1,IR,Icam1+ Neu,-5.372263134,0.790296629
CTGCCTACATTAAGCC-1_2_1,IR,Mmp8+ Neu,5.205084145,-1.247481793
CTGCCTAGTTCCAAAC-1_2_1,IR,Mmp8+ Neu,5.972815811,-2.001374767
CTGCCTATCGTCGACG-1_2_1,IR,Isg15+ Neu,0.903871357,1.188233807
CTGCGAGAGACGCAGT-1_2_1,IR,Csf3r-hi Neu,-0.967827559,3.81183739
CTGCTCAAGCGAGTAC-1_2_1,IR,Icam1+ Neu,-5.297031105,2.237846568
CTGCTCAAGGCCTGAA-1_2_1,IR,Csf3r-hi Neu,-0.540497244,3.514307215
CTGCTCAAGGTCTACT-1_2_1,IR,Csf3r-hi Neu,1.277594626,2.87103267
CTGGACGTCTTACGTT-1_2_1,IR,Icam1+ Neu,-5.067178905,4.044413283
CTGGCAGCAGACCAAG-1_2_1,IR,Isg15+ Neu,-1.961004913,0.230718806
CTGGCAGTCGATTCCC-1_2_1,IR,Icam1+ Neu,-5.285052479,1.505219415
CTGTAGACAGTGTATC-1_2_1,IR,Cd14-hi Neu,-0.098072686,-2.565354511
CTGTAGAGTTCGGTCG-1_2_1,IR,Isg15+ Neu,-0.561725706,-0.032308385
CTGTATTCACACACGC-1_2_1,IR,Isg15+ Neu,-0.439107746,0.092544153
CTGTATTCACTCCGAG-1_2_1,IR,Mmp8+ Neu,4.248131096,-0.831079498
CTGTATTTCCTTGGAA-1_2_1,IR,Icam1+ Neu,-3.794626177,4.033845618
CTGTATTTCGAATCCA-1_2_1,IR,Isg15+ Neu,-0.883479059,0.728592112
CTGTCGTTCTTTCCGG-1_2_1,IR,Icam1+ Neu,-1.649703324,1.850632146
CTGTGAAGTTACCGTA-1_2_1,IR,Icam1+ Neu,-5.112095058,-1.427919433
CTGTGGGGTGCCTTCT-1_2_1,IR,Csf3r-hi Neu,1.344762981,3.182565882
CTGTGGGTCCGTCCTA-1_2_1,IR,Csf3r-hi Neu,1.579115569,1.770721867
CTTACCGCACGAGGTA-1_2_1,IR,Cstdc4+ Neu,1.809599101,-4.074840829
CTTCCTTCATCGCTCT-1_2_1,IR,Mmp8+ Neu,3.11713463,-0.848543659
CTTCCTTCATGACGGA-1_2_1,IR,Cd14-hi Neu,-2.749881685,-2.19452183
CTTCGGTAGAGGATGA-1_2_1,IR,Icam1+ Neu,-3.478928745,4.400381758
CTTCTCTAGCCGAATG-1_2_1,IR,Isg15+ Neu,2.089625895,1.321252539
CTTCTCTGTAGGTAGC-1_2_1,IR,Csf3r-hi Neu,2.439243614,2.837394908
CTTCTCTTCCCATTCG-1_2_1,IR,Cd14-hi Neu,-1.53787452,-1.154665649
CTTCTCTTCTCTTAAC-1_2_1,IR,Icam1+ Neu,-5.542257488,2.199053004
CTTGAGAAGGGCCTCT-1_2_1,IR,Cstdc4+ Neu,3.091023743,1.060063556
CTTGAGAAGTCACTGT-1_2_1,IR,Csf3r-hi Neu,1.438992321,2.251014903
CTTGAGACATGACAAA-1_2_1,IR,Mmp8+ Neu,4.827139675,-2.659151957
CTTGAGATCATTACTC-1_2_1,IR,Cstdc4+ Neu,1.165741622,-3.528468892
CTTTCGGAGAGGGTCT-1_2_1,IR,Csf3r-hi Neu,-4.15629834,-1.583959684
CTTTCGGAGTCTCCTC-1_2_1,IR,Mmp8+ Neu,3.205339491,-3.698484227
CTTTCGGCAACTCCCT-1_2_1,IR,Csf3r-hi Neu,-0.498629958,2.356986716
CTTTCGGTCGCCACTT-1_2_1,IR,Icam1+ Neu,-5.589268387,1.862547353
GAACACTTCGATAACC-1_2_1,IR,Csf3r-hi Neu,1.755517184,1.1969852
GAACGTTAGATAGTGT-1_2_1,IR,Cstdc4+ Neu,1.548211991,-3.60533385
GAACGTTAGTTGAAGT-1_2_1,IR,Icam1+ Neu,-2.103676498,2.670718625
GAACGTTTCTGGTGCG-1_2_1,IR,Mmp8+ Neu,3.353530705,-3.150352523
GAACTGTAGTGAGTGC-1_2_1,IR,Cd14-hi Neu,-2.812695682,-1.896743223
GAACTGTCATGACAAA-1_2_1,IR,Isg15+ Neu,0.455695748,-0.093164906
GAACTGTGTCACTTAG-1_2_1,IR,Mmp8+ Neu,4.593752682,0.179811194
GAACTGTTCCATCTAT-1_2_1,IR,Cd14-hi Neu,-0.908970178,-0.857670382
GAAGCGAAGTTGTCGT-1_2_1,IR,Icam1+ Neu,-2.646521032,3.163203433
GAAGGACAGTAGTGCG-1_2_1,IR,Csf3r-hi Neu,1.496412098,2.223032906
GAATCACCATCTATCT-1_2_1,IR,Icam1+ Neu,-4.134029568,4.363164141
GAATCGTCATAATGCC-1_2_1,IR,Csf3r-hi Neu,0.095537096,2.950622752
GAATCGTTCAAACGAA-1_2_1,IR,Icam1+ Neu,-3.799409092,1.814386561
GACACGCAGCTTACGT-1_2_1,IR,Mmp8+ Neu,6.204567253,-2.17246835
GACAGCCCATAGGAGC-1_2_1,IR,Isg15+ Neu,-2.178714931,0.524347022
GACAGCCGTACTGCCG-1_2_1,IR,Csf3r-hi Neu,2.230881035,2.81359978
GACAGCCGTTAGAAGT-1_2_1,IR,Csf3r-hi Neu,-0.110168018,3.512796595
GACATCATCCACTAGA-1_2_1,IR,Mmp8+ Neu,4.260724842,-3.642431066
GACCAATAGTGGTGGT-1_2_1,IR,Cstdc4+ Neu,0.72681725,-4.108735845
GACCCAGCATCTGGGC-1_2_1,IR,Icam1+ Neu,-2.224244059,4.333889201
GACCCAGTCCTCACCA-1_2_1,IR,Icam1+ Neu,-5.494065941,1.391663983
GACCCTTAGCGCTGAA-1_2_1,IR,Icam1+ Neu,-1.166359842,3.14360018
GACCGTGTCATTGAGC-1_2_1,IR,Mmp8+ Neu,4.728674233,-2.559454725
GACCTTCTCTAGCATG-1_2_1,IR,Icam1+ Neu,-3.402758778,-0.398835466
GACCTTCTCTTCGTAT-1_2_1,IR,Mmp8+ Neu,6.120692074,-0.906484872
GACGTTATCATCTCTA-1_2_1,IR,Csf3r-hi Neu,1.358166277,2.138292983
GACGTTATCTTTGGAG-1_2_1,IR,Cd14-hi Neu,-2.114964664,-2.098426625
GACTCAATCGTGGAAG-1_2_1,IR,Mmp8+ Neu,5.018198788,-2.650245831
GACTCTCAGCTGGAGT-1_2_1,IR,Icam1+ Neu,-2.970026434,4.238212779
GAGAAATAGGTCACCC-1_2_1,IR,Icam1+ Neu,-3.694817722,3.372634127
GAGAAATGTCTGCCTT-1_2_1,IR,Mmp8+ Neu,2.32300812,0.191129639
GAGAAATGTGGATCAG-1_2_1,IR,Icam1+ Neu,-2.251167953,2.581070617
GAGAAATTCATGACAC-1_2_1,IR,Mmp8+ Neu,4.890949547,-1.304928199
GAGAAATTCCATCCGT-1_2_1,IR,Icam1+ Neu,-3.104732216,2.48414202
GAGAGGTAGGGAACAA-1_2_1,IR,Cstdc4+ Neu,1.535503327,-4.671641633
GAGATGGCAGCAATTC-1_2_1,IR,Csf3r-hi Neu,1.280118763,1.183461621
GAGATGGCATTCAGGT-1_2_1,IR,Csf3r-hi Neu,1.625219285,2.135243371
GAGATGGGTCTGTAGT-1_2_1,IR,Icam1+ Neu,-4.882456959,2.131710484
GAGCTGCCAGCTATAC-1_2_1,IR,Mmp8+ Neu,3.730337202,-4.133289621
GAGGCAACACGACGAA-1_2_1,IR,Icam1+ Neu,-4.691667259,-0.983538948
GAGGCCTTCTGGGATT-1_2_1,IR,Cd14-hi Neu,-2.3082425,-1.979315207
GAGGGATTCTAGCATG-1_2_1,IR,Icam1+ Neu,-5.904820621,2.46509023
GAGGGTATCCCATACC-1_2_1,IR,Csf3r-hi Neu,2.284057438,2.49503155
GAGTCTAGTGGAAGTC-1_2_1,IR,Cd14-hi Neu,-2.211043775,-1.362848237
GAGTGAGGTAAGAACT-1_2_1,IR,Icam1+ Neu,-2.327803553,3.257882312
GAGTGAGGTAATGATG-1_2_1,IR,Mmp8+ Neu,6.200818836,-1.664633379
GAGTGTTGTCTTCAAG-1_2_1,IR,Icam1+ Neu,-4.43065852,4.550180629
GAGTTGTGTGGCCCAT-1_2_1,IR,Cd14-hi Neu,5.095616161,-1.998001024
GAGTTTGAGCTGGTGA-1_2_1,IR,Icam1+ Neu,-5.959446133,1.468678906
GAGTTTGCAACAGCCC-1_2_1,IR,Csf3r-hi Neu,0.126794636,2.547444775
GATAGAAGTGTAGTGG-1_2_1,IR,Mmp8+ Neu,3.897140801,-3.260402009
GATAGCTCAAACAGGC-1_2_1,IR,Cstdc4+ Neu,1.525906741,-3.026154563
GATCACACAAGAGATT-1_2_1,IR,Icam1+ Neu,-5.636551083,2.564212039
GATCACACAATAGGGC-1_2_1,IR,Cstdc4+ Neu,2.277642786,1.460873797
GATCACAGTCGCACAC-1_2_1,IR,Icam1+ Neu,-4.681571663,2.048891022
GATCACATCGCAGAGA-1_2_1,IR,Icam1+ Neu,-0.43771723,0.289151743
GATCAGTGTGTGCTTA-1_2_1,IR,Mmp8+ Neu,4.581394493,0.579700187
GATCAGTGTTGCGGCT-1_2_1,IR,Mmp8+ Neu,5.113212883,-0.014738366
GATCATGGTAGTATAG-1_2_1,IR,Csf3r-hi Neu,-0.460891605,2.273359254
GATCCCTAGACCCGCT-1_2_1,IR,Icam1+ Neu,-4.10879606,2.731616929
GATCCCTTCGATAACC-1_2_1,IR,Mmp8+ Neu,3.070850193,-4.24584584
GATGACTAGAGAGCAA-1_2_1,IR,Mmp8+ Neu,4.152342617,-1.583890185
GATGACTCAGAGACTG-1_2_1,IR,Csf3r-hi Neu,-2.221027792,4.006987288
GATGACTTCACTCACC-1_2_1,IR,Icam1+ Neu,-5.180247486,0.371144369
GATGACTTCGGCTATA-1_2_1,IR,Icam1+ Neu,-3.829123438,4.176107123
GATGGAGCAATTTCTC-1_2_1,IR,Mmp8+ Neu,3.664603769,-2.355991289
GATGGAGTCATACGGT-1_2_1,IR,Csf3r-hi Neu,1.330884754,1.999924376
GATGTTGCATAGAATG-1_2_1,IR,Csf3r-hi Neu,0.006147444,1.392523959
GATTCGAGTATGTGTC-1_2_1,IR,Cstdc4+ Neu,1.169026076,-3.248321101
GATTCGAGTCCTGGTG-1_2_1,IR,Mmp8+ Neu,5.92795068,-0.887941122
GATTCTTAGCAGTACG-1_2_1,IR,Mmp8+ Neu,4.765317738,0.631668165
GATTCTTAGCTACTAC-1_2_1,IR,Cd14-hi Neu,-2.095251263,-0.724102512
GATTGGTCACCTGATA-1_2_1,IR,Icam1+ Neu,-5.943163097,1.436495021
GCAACATAGTCAGGGT-1_2_1,IR,Icam1+ Neu,-2.206267775,3.333152488
GCAACATCACGCTGAC-1_2_1,IR,Csf3r-hi Neu,1.653505981,1.966155484
GCACATAAGGTAGATT-1_2_1,IR,Icam1+ Neu,-5.563523472,3.582229331
GCACATATCGTGTGAT-1_2_1,IR,Cd14-hi Neu,-1.509360493,-2.484731362
GCACGGTTCACCCTCA-1_2_1,IR,Icam1+ Neu,-6.233936012,1.596782878
GCACGTGCATCGATGT-1_2_1,IR,Cd14-hi Neu,-1.911046088,-0.279733226
GCAGTTATCCCAAGCG-1_2_1,IR,Icam1+ Neu,-5.123253525,3.204543784
GCATCGGAGCATACTC-1_2_1,IR,Csf3r-hi Neu,1.936233103,3.147405341
GCATCGGGTACAGTTC-1_2_1,IR,Mmp8+ Neu,3.255202353,0.793539717
GCATCGGGTCACTTAG-1_2_1,IR,Icam1+ Neu,-2.797355354,3.671220496
GCATCTCAGCACACCC-1_2_1,IR,Icam1+ Neu,-3.713208378,-3.118090198
GCATGATAGGCTTAGG-1_2_1,IR,Mmp8+ Neu,3.927826702,-1.229459972
GCATGATTCTTAATCC-1_2_1,IR,Mmp8+ Neu,4.391427338,-3.524828002
GCATTAGAGAAGCTGC-1_2_1,IR,Icam1+ Neu,-2.050559223,2.454350188
GCATTAGGTCCATAGT-1_2_1,IR,Icam1+ Neu,-3.828602732,3.300363257
GCCAACGGTCCAATCA-1_2_1,IR,Icam1+ Neu,-4.80202216,4.772660449
GCCAACGTCGGTCGAC-1_2_1,IR,Cd14-hi Neu,-1.601473272,-0.507672057
GCCAGCACAGTTGTTG-1_2_1,IR,Isg15+ Neu,0.573281109,0.260501817
GCCAGCACATTGGGAG-1_2_1,IR,Icam1+ Neu,-1.869799674,1.482368663
GCCAGGTTCAGACTGT-1_2_1,IR,Csf3r-hi Neu,3.238540947,2.364807084
GCCAGTGGTCAAGCCC-1_2_1,IR,Csf3r-hi Neu,1.935242951,2.71463032
GCCATGGCATTGCTGA-1_2_1,IR,Icam1+ Neu,-4.611572922,-0.164118216
GCCATGGGTCCTGTTC-1_2_1,IR,Mmp8+ Neu,5.769697964,-2.349218771
GCCATTCCATAGATGA-1_2_1,IR,Mmp8+ Neu,5.469110787,-0.749431864
GCCCAGACAACGATTC-1_2_1,IR,Cstdc4+ Neu,-4.443811119,3.596270278
GCCCAGAGTTCTTGCC-1_2_1,IR,Isg15+ Neu,0.101275026,0.559202984
GCCCGAACAAAGTATG-1_2_1,IR,Csf3r-hi Neu,-0.276176274,2.612379267
GCCCGAACATGCGTGC-1_2_1,IR,Cstdc4+ Neu,-0.631021619,-3.561377332
GCCGATGCAGAAACCG-1_2_1,IR,Mmp8+ Neu,4.094313919,1.336754039
GCCGTGACAACGCCCA-1_2_1,IR,Icam1+ Neu,-4.679477394,1.66570206
GCCTGTTGTATCCTTT-1_2_1,IR,Csf3r-hi Neu,-0.842208922,3.600971892
GCCTGTTGTTATCTGG-1_2_1,IR,Csf3r-hi Neu,-0.672786057,3.446327403
GCGAGAAGTAGATTGA-1_2_1,IR,Mmp8+ Neu,4.04344064,0.916804507
GCGATCGAGGATGGCT-1_2_1,IR,Csf3r-hi Neu,0.553984344,1.974511578
GCGGAAAAGGCGTTAG-1_2_1,IR,Icam1+ Neu,-5.447312057,0.935630038
GCGGAAACATATTCGG-1_2_1,IR,Mmp8+ Neu,5.612464249,-0.279618785
GCGGATCAGCCTCAAT-1_2_1,IR,Icam1+ Neu,-3.849527538,4.029218867
GCGGATCTCAGACTGT-1_2_1,IR,Mmp8+ Neu,4.260407745,-1.568619177
GCGTGCATCACGACTA-1_2_1,IR,Icam1+ Neu,-2.642670095,-2.117551133
GCGTTTCAGCTGTCCG-1_2_1,IR,Mmp8+ Neu,1.613495767,-0.057359383
GCGTTTCGTTTACTTC-1_2_1,IR,Icam1+ Neu,-3.942816437,3.795542434
GCTACAAGTCCTGTTC-1_2_1,IR,Icam1+ Neu,-3.884123981,3.500422194
GCTACCTAGGCCCGTT-1_2_1,IR,Cd14-hi Neu,-1.937482536,-3.1296051
GCTACCTAGTTTGCTG-1_2_1,IR,Csf3r-hi Neu,2.636571705,2.050778582
GCTACCTCATTGTAGC-1_2_1,IR,Icam1+ Neu,-3.592018784,-2.070036635
GCTACCTGTTCAAGGG-1_2_1,IR,Mmp8+ Neu,5.107451737,0.219016626
GCTCAAAAGTGGCCTC-1_2_1,IR,Mmp8+ Neu,3.287565767,-2.310129449
GCTCAAATCATTCGTT-1_2_1,IR,Isg15+ Neu,-0.347602949,-0.130065307
GCTGAATCACCATAAC-1_2_1,IR,Icam1+ Neu,-3.999110163,4.345624163
GCTGGGTCACCTGCGA-1_2_1,IR,Icam1+ Neu,-4.182741344,3.733555033
GCTTCACCATGAGAAT-1_2_1,IR,Icam1+ Neu,-4.416869343,3.834347441
GCTTGGGCAGCTGTGC-1_2_1,IR,Icam1+ Neu,-5.114127338,4.337388709
GCTTTCGTCTCCGAAA-1_2_1,IR,Csf3r-hi Neu,-0.158796948,1.565967992
GGAAGTGCACTAGTAC-1_2_1,IR,Mmp8+ Neu,4.457287609,-2.044007048
GGAATCTCAAGTACCT-1_2_1,IR,Mmp8+ Neu,4.290978729,0.835934832
GGAATCTCACCTCTGT-1_2_1,IR,Cd14-hi Neu,-1.52676338,-0.584540084
GGAATGGCACGGATCC-1_2_1,IR,Csf3r-hi Neu,1.720591127,2.933624461
GGAATGGGTATGGTTC-1_2_1,IR,Csf3r-hi Neu,-0.393213973,0.747301653
GGAGAACCACCATAAC-1_2_1,IR,Mmp8+ Neu,3.932078659,-2.160638139
GGAGAACGTTCAACGT-1_2_1,IR,Mmp8+ Neu,4.010993778,0.213424876
GGAGAACTCATAGACC-1_2_1,IR,Icam1+ Neu,-2.558918178,3.168810084
GGAGAACTCTCTGCCA-1_2_1,IR,Cd14-hi Neu,-2.386136473,-1.240592555
GGAGATGAGGCTCTCG-1_2_1,IR,Csf3r-hi Neu,0.288185745,1.664750054
GGAGATGAGTAGAATC-1_2_1,IR,Icam1+ Neu,-3.457752407,-2.267985866
GGAGATGCACTTGAGT-1_2_1,IR,Csf3r-hi Neu,-1.00766325,3.965217784
GGAGGATTCCCGTGAG-1_2_1,IR,Icam1+ Neu,-5.298613728,4.031938269
GGAGGTAGTCGGCTAC-1_2_1,IR,Mmp8+ Neu,4.615715324,-2.532105729
GGATGTTGTCTTCCGT-1_2_1,IR,Icam1+ Neu,-5.707385719,1.075413897
GGCACGTGTGTCTCCT-1_2_1,IR,Icam1+ Neu,-5.311362446,4.511982634
GGCTGTGTCTGAGATC-1_2_1,IR,Csf3r-hi Neu,-1.486353457,3.291870311
GGCTTGGCAGCGCTTG-1_2_1,IR,Icam1+ Neu,-3.654862583,2.50285168
GGGAAGTTCAAGGCTT-1_2_1,IR,Icam1+ Neu,-3.757852734,4.696067527
GGGACAACAAGCGGAT-1_2_1,IR,Mmp8+ Neu,3.424356043,-0.259638474
GGGACAACATGTGCTA-1_2_1,IR,Isg15+ Neu,-0.847821474,0.447778061
GGGACCTGTGGTCTTA-1_2_1,IR,Icam1+ Neu,-5.266895473,4.415055945
GGGACCTGTTCGAAGG-1_2_1,IR,Icam1+ Neu,-3.666805923,2.210211947
GGGACTCAGGGTTGCA-1_2_1,IR,Csf3r-hi Neu,3.709597408,0.623640969
GGGACTCTCGCTGATA-1_2_1,IR,Mmp8+ Neu,3.412780344,-2.539244101
GGGACTCTCGTTAGAC-1_2_1,IR,Mmp8+ Neu,2.896725475,-0.178087876
GGGATCCAGAAGGGAT-1_2_1,IR,Mmp8+ Neu,5.726012051,-1.198830664
GGGATCCTCGAGTGGA-1_2_1,IR,Mmp8+ Neu,3.494083464,-1.930053339
GGGATCCTCTCGTCGT-1_2_1,IR,Icam1+ Neu,-5.315789402,3.184593394
GGGCCATAGTTGAAGT-1_2_1,IR,Icam1+ Neu,-5.630804718,3.976603701
GGGCTACTCGTGGACC-1_2_1,IR,Csf3r-hi Neu,0.028437644,3.725040629
GGGCTCACAAATGATG-1_2_1,IR,Mmp8+ Neu,3.996998608,-0.416502402
GGGCTCACAGTGTACT-1_2_1,IR,Mmp8+ Neu,4.910435021,-2.554688141
GGGTAGATCCATTCGC-1_2_1,IR,Mmp8+ Neu,3.915053188,-0.788393721
GGGTAGATCCGCGGAT-1_2_1,IR,Csf3r-hi Neu,0.777601182,3.941062167
GGGTAGATCCTCACGT-1_2_1,IR,Icam1+ Neu,-2.461258591,2.756848767
GGGTCTGGTATCGCAT-1_2_1,IR,Icam1+ Neu,-1.50653416,1.581103757
GGGTCTGTCGTTGCCT-1_2_1,IR,Mmp8+ Neu,3.769303619,-3.401339814
GGGTGAAAGGGCCAAT-1_2_1,IR,Mmp8+ Neu,3.475402414,-4.184951589
GGGTGAACACGGTGCT-1_2_1,IR,Mmp8+ Neu,5.514534294,-0.21341835
GGGTTTAAGCAGCACA-1_2_1,IR,Icam1+ Neu,-5.036853493,1.65180321
GGGTTTACACAGCCAC-1_2_1,IR,Mmp8+ Neu,6.059545338,-3.175837562
GGGTTTAGTCCCTAAA-1_2_1,IR,Icam1+ Neu,-4.453217209,2.890543177
GGTAACTCACGCCAGT-1_2_1,IR,Mmp8+ Neu,6.34698373,-3.143837735
GGTAATCCAAAGGGTC-1_2_1,IR,Icam1+ Neu,-6.201181114,2.271208003
GGTAGAGAGGGTTGCA-1_2_1,IR,Csf3r-hi Neu,0.399537861,1.240417197
GGTAGAGCAGAGCTAG-1_2_1,IR,Cstdc4+ Neu,2.072947084,-3.884028241
GGTAGAGTCGGATTAC-1_2_1,IR,Mmp8+ Neu,3.750177443,-3.572297141
GGTCACGGTAGTGTGG-1_2_1,IR,Mmp8+ Neu,4.49350053,1.084204152
GGTCACGGTGGGAGAG-1_2_1,IR,Cd14-hi Neu,0.605112552,-1.310418144
GGTCTGGAGACCCGCT-1_2_1,IR,Mmp8+ Neu,3.395305693,-1.250272766
GGTGATTCAGAGATGC-1_2_1,IR,Icam1+ Neu,-5.541533649,2.544132664
GGTGATTGTACGGCAA-1_2_1,IR,Cstdc4+ Neu,-0.68671459,-3.929793403
GGTGATTGTATAGGGC-1_2_1,IR,Isg15+ Neu,2.325286686,0.962436154
GGTGATTGTTCTTCAT-1_2_1,IR,Mmp8+ Neu,5.030805409,0.550995305
GGTGGCTAGATGACCG-1_2_1,IR,Icam1+ Neu,-2.476899565,1.953532651
GGTGTCGGTCATACCA-1_2_1,IR,Isg15+ Neu,-0.367151991,-0.140546188
GGTGTTACAGACGGAT-1_2_1,IR,Cstdc4+ Neu,2.009957134,-3.766575143
GGTGTTATCGGACTGC-1_2_1,IR,Icam1+ Neu,-1.480791033,2.747819617
GGTTAACAGACGACTG-1_2_1,IR,Isg15+ Neu,0.307355165,-0.118887112
GGTTGTATCCGTAGGC-1_2_1,IR,Icam1+ Neu,-5.137837112,1.573623135
GTAACACTCTTAATCC-1_2_1,IR,Icam1+ Neu,-5.75972575,1.622249558
GTAACCAAGGACGGAG-1_2_1,IR,Icam1+ Neu,-3.894598186,-2.124075458
GTAAGTCTCCGCACTT-1_2_1,IR,Mmp8+ Neu,2.941360771,1.327745869
GTAAGTCTCTAAGCGT-1_2_1,IR,Mmp8+ Neu,4.345190346,0.190999224
GTAATCGGTAGCTTAC-1_2_1,IR,Icam1+ Neu,-3.155795992,4.156467631
GTAATCGTCAAACCTG-1_2_1,IR,Cd14-hi Neu,-1.942766726,-1.058757012
GTACAACAGGATTTAG-1_2_1,IR,Csf3r-hi Neu,-0.364056096,2.762558415
GTACAACGTCTGTGTA-1_2_1,IR,Mmp8+ Neu,5.802535832,-0.489119575
GTACAGTAGTAGAGTT-1_2_1,IR,Mmp8+ Neu,3.21748501,0.554566696
GTACAGTCAATTGAAG-1_2_1,IR,Isg15+ Neu,1.552784025,-0.833849594
GTACAGTTCCGATCGG-1_2_1,IR,Mmp8+ Neu,4.761703312,-0.218495831
GTAGAGGCACACACTA-1_2_1,IR,Cstdc4+ Neu,-0.685392201,-4.433522985
GTAGAGGGTAATTGGA-1_2_1,IR,Icam1+ Neu,-6.1552369,1.708204463
GTAGAGGGTTACCGTA-1_2_1,IR,Icam1+ Neu,-5.59165591,2.782651618
GTAGATCGTCTCGCGA-1_2_1,IR,Isg15+ Neu,-1.574887217,-0.223104045
GTAGATCTCGTCCTTG-1_2_1,IR,Icam1+ Neu,-6.182499111,1.560307458
GTAGCTACATTCGGGC-1_2_1,IR,Icam1+ Neu,-2.089334667,1.842058852
GTAGGAGAGCTGACCC-1_2_1,IR,Csf3r-hi Neu,1.029833018,2.928649142
GTAGGAGTCTATCGCC-1_2_1,IR,Icam1+ Neu,-4.692068279,4.289561465
GTATTGGAGCGTTAGG-1_2_1,IR,Icam1+ Neu,-3.89330858,4.758591845
GTATTGGCAGGTGTGA-1_2_1,IR,Mmp8+ Neu,6.236760437,-2.114990637
GTATTGGCATCATTTC-1_2_1,IR,Mmp8+ Neu,2.863066256,-1.665881738
GTATTTCAGTTGGCTT-1_2_1,IR,Mmp8+ Neu,5.166023552,-2.697887704
GTCAAACAGACTGAGC-1_2_1,IR,Csf3r-hi Neu,2.52845937,1.169990256
GTCAAACCACTATCCC-1_2_1,IR,Mmp8+ Neu,4.618177712,0.852009847
GTCAAACGTGCATTTG-1_2_1,IR,Icam1+ Neu,-5.56600684,3.688072398
GTCACTCTCATGAGTC-1_2_1,IR,Cstdc4+ Neu,-1.535099447,-3.452234313
GTCAGCGGTTCCCAAA-1_2_1,IR,Cstdc4+ Neu,2.421767056,-3.505567357
GTCATCCTCAAGAGGC-1_2_1,IR,Icam1+ Neu,-1.574976743,1.165748313
GTCATGAGTACCAATC-1_2_1,IR,Csf3r-hi Neu,-2.868396461,4.092091754
GTCATGATCCACGGAC-1_2_1,IR,Icam1+ Neu,-5.290409267,3.005441382
GTCCACTCAGCTGGTC-1_2_1,IR,Icam1+ Neu,-5.79813689,1.224130585
GTCCCATTCGGAGTGA-1_2_1,IR,Icam1+ Neu,-5.585190475,1.488213733
GTCGAATGTATGTGTC-1_2_1,IR,Csf3r-hi Neu,0.744129359,2.514312938
GTCGCGAAGCGCTGCT-1_2_1,IR,Csf3r-hi Neu,3.240451157,3.115317061
GTCGCGAGTTGCAACT-1_2_1,IR,Csf3r-hi Neu,0.17435348,1.995988562
GTCGCGATCGTTCTCG-1_2_1,IR,Cstdc4+ Neu,1.241725742,-4.288381145
GTCGTAACAGCAGAAC-1_2_1,IR,Icam1+ Neu,-1.716140807,1.4601347
GTCGTAAGTCTCACGG-1_2_1,IR,Icam1+ Neu,-2.681348503,1.330866292
GTCTCACGTACGAGCA-1_2_1,IR,Mmp8+ Neu,4.657231152,0.888920858
GTCTTTACAGAGTGTG-1_2_1,IR,Mmp8+ Neu,3.874639809,-2.217300102
GTCTTTATCGATGGAG-1_2_1,IR,Isg15+ Neu,0.820904195,-0.143600449
GTGAGCCCAAGAAACT-1_2_1,IR,Mmp8+ Neu,3.732106268,-1.339491889
GTGAGCCGTGCTTCAA-1_2_1,IR,Icam1+ Neu,-2.796684921,4.066012099
GTGAGCCGTTTCGCTC-1_2_1,IR,Icam1+ Neu,-4.369216621,3.004308417
GTGAGTTCAAGTAGTA-1_2_1,IR,Mmp8+ Neu,5.176124394,-2.10316138
GTGAGTTGTCACTCGG-1_2_1,IR,Cstdc4+ Neu,-0.613527298,-4.577147767
GTGCACGGTACCCACG-1_2_1,IR,Csf3r-hi Neu,0.8854025,2.12474294
GTGCACGGTTTCTTAC-1_2_1,IR,Icam1+ Neu,-3.741011084,4.542594149
GTGCTTCAGTTCAACC-1_2_1,IR,Csf3r-hi Neu,-3.679485739,1.307507708
GTGCTTCCAAACTCTG-1_2_1,IR,Cd14-hi Neu,-0.576313764,-2.055046127
GTGCTTCGTGTTCCAA-1_2_1,IR,Mmp8+ Neu,4.594380676,-0.970892497
GTGGAAGAGGCTTAGG-1_2_1,IR,Csf3r-hi Neu,0.160796076,3.152238562
GTGGAGACAAGCCTGC-1_2_1,IR,Csf3r-hi Neu,0.729517817,3.51349087
GTGGAGAGTATACGGG-1_2_1,IR,Mmp8+ Neu,3.587129175,-3.789504096
GTGGAGATCGTGAGAG-1_2_1,IR,Icam1+ Neu,-4.22578305,2.19018121
GTGGCGTTCAAGCCCG-1_2_1,IR,Icam1+ Neu,-4.133681715,3.735593989
GTGGGAACAATAACGA-1_2_1,IR,Mmp8+ Neu,3.124554932,-2.184070036
GTGGTTACAGGCTATT-1_2_1,IR,Cd14-hi Neu,-2.266218841,-1.573240862
GTGTAACAGAAGGCTC-1_2_1,IR,Icam1+ Neu,-4.666923702,1.527674153
GTGTAACGTTATCTGG-1_2_1,IR,Icam1+ Neu,-5.173820675,1.416202023
GTGTAACTCTGTTGGA-1_2_1,IR,Icam1+ Neu,-5.529639423,4.138452246
GTGTCCTGTGGAACCA-1_2_1,IR,Icam1+ Neu,-6.024478138,1.430252984
GTGTGGCCAGATGCGA-1_2_1,IR,Icam1+ Neu,-1.580707848,2.427996829
GTGTGGCGTGTTCGAT-1_2_1,IR,Icam1+ Neu,-5.197545708,1.346730902
GTGTGGCGTTTGAAAG-1_2_1,IR,Icam1+ Neu,-3.736119926,4.614772036
GTGTGGCTCACTACGA-1_2_1,IR,Cstdc4+ Neu,2.813492596,1.565609172
GTGTGGCTCGCTCTAC-1_2_1,IR,Icam1+ Neu,-3.161902845,-0.304594919
GTGTTCCCAGTCGTTA-1_2_1,IR,Isg15+ Neu,1.440841257,-0.830397949
GTTAGTGCAAGAGTTA-1_2_1,IR,Csf3r-hi Neu,-0.410834015,2.380334571
GTTATGGAGGGACAGG-1_2_1,IR,Mmp8+ Neu,4.345603287,-1.836757526
GTTCGCTCACCAAATC-1_2_1,IR,Mmp8+ Neu,3.647574007,0.798972323
GTTCGCTGTGAACCGA-1_2_1,IR,Mmp8+ Neu,3.754576027,-3.41821675
GTTCGCTGTTCGTTCC-1_2_1,IR,Icam1+ Neu,-5.273741424,0.988992884
GTTCGCTTCAGCTTCC-1_2_1,IR,Csf3r-hi Neu,2.46405965,1.520941212
GTTGAACAGAACAGGA-1_2_1,IR,Mmp8+ Neu,3.714873373,-1.085185794
GTTGCGGCATAGTCAC-1_2_1,IR,Cd14-hi Neu,1.706533968,-1.412291184
GTTGCGGGTGTCCACG-1_2_1,IR,Csf3r-hi Neu,2.639906466,1.764937594
GTTGTCCTCAAATAGG-1_2_1,IR,Cd14-hi Neu,-1.446629465,0.129760936
GTTGTCCTCCCTCATG-1_2_1,IR,Csf3r-hi Neu,-1.648956359,3.906622603
GTTGTGATCGTCCTCA-1_2_1,IR,Icam1+ Neu,-2.852918327,3.92961283
GTTTGGACATGGATCT-1_2_1,IR,Cstdc4+ Neu,0.218377322,-4.755551622
TAACACGAGCCGATTT-1_2_1,IR,Csf3r-hi Neu,-0.078045562,3.075528815
TAACACGCAAATTGCC-1_2_1,IR,Csf3r-hi Neu,1.265677869,2.928479388
TAACACGGTGTAGGAC-1_2_1,IR,Cd14-hi Neu,-0.557014615,-1.164939061
TAACACGTCAGGTGTT-1_2_1,IR,Mmp8+ Neu,3.254198134,-1.466369346
TAACCAGTCAAACGAA-1_2_1,IR,Mmp8+ Neu,1.686467945,-0.19438164
TAACGACCATTCAGCA-1_2_1,IR,Cd14-hi Neu,0.406099975,-2.176739022
TAAGCACAGAATTGTG-1_2_1,IR,Icam1+ Neu,-4.312686146,2.848473742
TAAGCACCACTGCACG-1_2_1,IR,Cstdc4+ Neu,0.51679331,-3.818122432
TAAGCACGTTTATGCG-1_2_1,IR,Icam1+ Neu,-4.685263336,1.316861823
TAAGCCATCCCATACC-1_2_1,IR,Csf3r-hi Neu,0.185503959,2.932084754
TAAGCGTCACTCATAG-1_2_1,IR,Icam1+ Neu,-3.051384628,-0.083217785
TAAGCGTGTCTTCTAT-1_2_1,IR,Mmp8+ Neu,3.644512474,-1.881505356
TAAGCGTGTGAACGGT-1_2_1,IR,Icam1+ Neu,-4.704875648,2.309080317
TAAGTCGCATGGCCAC-1_2_1,IR,Icam1+ Neu,-4.940300644,2.899478629
TAAGTCGTCCTCTCGA-1_2_1,IR,Icam1+ Neu,-2.985501469,0.290209368
TAATTCCAGATTCGAA-1_2_1,IR,Icam1+ Neu,-5.334229649,2.588797286
TAATTCCAGGTAAGGA-1_2_1,IR,Isg15+ Neu,-0.799220384,0.752305463
TAATTCCTCTACTCAT-1_2_1,IR,Icam1+ Neu,-1.783582509,1.640421107
TACACCCCAAGCTGCC-1_2_1,IR,Icam1+ Neu,-4.733412922,3.202501967
TACATTCGTTCCGTTC-1_2_1,IR,Mmp8+ Neu,6.065096199,-2.136007473
TACCCACAGTGTACAA-1_2_1,IR,Csf3r-hi Neu,0.663151323,1.831617549
TACCCGTCAGAGTAAT-1_2_1,IR,Icam1+ Neu,-2.098825992,2.320247605
TACCCGTTCATTCATC-1_2_1,IR,Mmp8+ Neu,2.99435693,0.310527518
TACCTCGCAAGTCGTT-1_2_1,IR,Mmp8+ Neu,5.925656616,-0.749860004
TACCTCGTCATTGCTT-1_2_1,IR,Isg15+ Neu,-0.769228459,0.212505653
TACCTGCGTGTCCGTG-1_2_1,IR,Icam1+ Neu,-5.756036461,2.746515944
TACGGGCGTGCACATT-1_2_1,IR,Cstdc4+ Neu,0.648084461,-4.4807847
TACGGTAAGACAAGCC-1_2_1,IR,Mmp8+ Neu,5.71040374,-2.264974282
TACGGTAAGCAGCAGT-1_2_1,IR,Mmp8+ Neu,3.074913084,0.042520359
TACGGTATCTTGGTGA-1_2_1,IR,Icam1+ Neu,-3.791578472,1.326991036
TACGTCCCACAAAGTA-1_2_1,IR,Csf3r-hi Neu,-0.691906512,3.774655059
TACTTACCAATGTCAC-1_2_1,IR,Mmp8+ Neu,6.262166321,-2.223346398
TACTTGTAGGTCCAGA-1_2_1,IR,Icam1+ Neu,-4.796771229,4.648124411
TACTTGTGTCGGTAAG-1_2_1,IR,Icam1+ Neu,-3.511741102,0.105081513
TAGAGTCTCGTCGGGT-1_2_1,IR,Isg15+ Neu,0.500504672,0.012145236
TAGATCGCAAGGTACG-1_2_1,IR,Icam1+ Neu,-1.977547825,2.790985778
TAGATCGCACGACGCT-1_2_1,IR,Mmp8+ Neu,2.544956743,-1.225454778
TAGCACACACCAGCGT-1_2_1,IR,Csf3r-hi Neu,0.087726146,3.868954852
TAGCACAGTATTCCGA-1_2_1,IR,Icam1+ Neu,-5.640624226,2.358983949
TAGCACATCACTGTCC-1_2_1,IR,Icam1+ Neu,-2.470058144,1.924095586
TAGGAGGTCATAGCAC-1_2_1,IR,Icam1+ Neu,-3.773088396,3.348950579
TAGGTACAGAGTCAGC-1_2_1,IR,Icam1+ Neu,-1.753262341,1.401817754
TAGGTTGGTGCGGCTT-1_2_1,IR,Mmp8+ Neu,3.125521957,-2.778821513
TAGTGCACAAGCAGGT-1_2_1,IR,Cstdc4+ Neu,-0.949736298,-4.303856418
TATACCTCAATTGGTC-1_2_1,IR,Mmp8+ Neu,4.287607491,1.008323624
TATACCTGTCTACGAT-1_2_1,IR,Icam1+ Neu,-3.777831018,3.68751736
TATACCTGTTGCGAAG-1_2_1,IR,Icam1+ Neu,-2.738708914,0.760281995
TATACCTTCCAGCTCT-1_2_1,IR,Icam1+ Neu,-4.962811172,3.221989825
TATATCCGTGCATTTG-1_2_1,IR,Icam1+ Neu,-4.265605152,3.581465438
TATATCCGTTTAGAGA-1_2_1,IR,Mmp8+ Neu,3.289269507,1.122830346
TATCCTACACAATCTG-1_2_1,IR,Mmp8+ Neu,3.076100647,-0.146017894
TATCGCCTCAGACCTA-1_2_1,IR,Icam1+ Neu,-3.960231245,4.074320033
TATCTGTAGGCTCAAG-1_2_1,IR,Icam1+ Neu,-2.913162172,-0.179569766
TATCTGTTCCGCACGA-1_2_1,IR,Icam1+ Neu,-4.445060909,4.0713851
TATCTTGCAAGGCAAC-1_2_1,IR,Isg15+ Neu,-0.109331996,-0.09297584
TATGTTCGTTGCCGCA-1_2_1,IR,Icam1+ Neu,-5.473344028,1.821025803
TATGTTCTCTCTGAGA-1_2_1,IR,Cstdc4+ Neu,0.779359221,-3.546209619
TATTCCAAGAGTGTGC-1_2_1,IR,Isg15+ Neu,-1.131918192,0.595881655
TATTGGGCACTCCTGT-1_2_1,IR,Icam1+ Neu,-4.144308269,2.381200745
TATTGGGCAGGAATCG-1_2_1,IR,Cd14-hi Neu,-1.778635204,0.38972862
TATTGGGCATTCTGTT-1_2_1,IR,Icam1+ Neu,-3.816334427,3.543353274
TATTTCGCATCGTGGC-1_2_1,IR,Cd14-hi Neu,-2.256539524,-0.588945315
TATTTCGCATGAGGGT-1_2_1,IR,Cd14-hi Neu,-1.501136005,-1.909397528
TATTTCGGTCCACACG-1_2_1,IR,Mmp8+ Neu,3.925824463,0.051818445
TCAAGACTCTGAGTCA-1_2_1,IR,Mmp8+ Neu,3.099223196,-0.251786694
TCAATCTCACCCAAGC-1_2_1,IR,Icam1+ Neu,-1.721953094,2.926505044
TCAATTCGTTCCAAAC-1_2_1,IR,Cd14-hi Neu,1.748110473,-0.881098911
TCACAAGCACGGGCTT-1_2_1,IR,Icam1+ Neu,-3.820870579,4.123461917
TCACACCAGTAGCAAT-1_2_1,IR,Cstdc4+ Neu,-1.509838164,-3.77403383
TCACACCCAGTGGGTA-1_2_1,IR,Csf3r-hi Neu,1.774974048,2.900466397
TCACATTAGGACTGGT-1_2_1,IR,Icam1+ Neu,-3.308757008,-0.575324908
TCACATTCACATTGTG-1_2_1,IR,Mmp8+ Neu,2.440107882,0.287492469
TCACGCTGTATCGTGT-1_2_1,IR,Mmp8+ Neu,3.270108521,-2.380669162
TCACGGGAGCCGGATA-1_2_1,IR,Icam1+ Neu,-2.834419668,-2.264326141
TCACGGGTCGTGCTCT-1_2_1,IR,Isg15+ Neu,-1.593271912,0.033183887
TCACTATAGTATGATG-1_2_1,IR,Icam1+ Neu,-4.426891506,3.886408522
TCACTATGTAGTCACT-1_2_1,IR,Icam1+ Neu,-4.610887707,1.808592513
TCACTCGTCCAGTGCG-1_2_1,IR,Mmp8+ Neu,4.865027248,-0.223902211
TCAGCAATCACAAGAA-1_2_1,IR,Cd14-hi Neu,-2.949766338,-1.71174483
TCAGGGCCATAGATCC-1_2_1,IR,Icam1+ Neu,-5.005234898,-0.028453157
TCAGGTACAAAGACGC-1_2_1,IR,Mmp8+ Neu,3.340333283,-4.029338882
TCAGGTACAGTCCCGA-1_2_1,IR,Icam1+ Neu,-2.927183092,-2.173854277
TCAGTCCCAACCAATC-1_2_1,IR,Icam1+ Neu,-6.123052776,1.833648398
TCAGTCCTCCGTTGAA-1_2_1,IR,Icam1+ Neu,-2.174515665,3.541114524
TCAGTGAGTCTCCTGT-1_2_1,IR,Icam1+ Neu,-4.60411805,2.518945172
TCAGTTTCAAGCTGCC-1_2_1,IR,Icam1+ Neu,-6.103833855,1.61901398
TCATACTGTCGGTACC-1_2_1,IR,Mmp8+ Neu,5.153119385,-1.973718629
TCATACTTCTATCGTT-1_2_1,IR,Icam1+ Neu,-3.857160271,4.469153121
TCATATCCACACCTGG-1_2_1,IR,Csf3r-hi Neu,-0.612687558,2.742279961
TCATATCGTACGCGTC-1_2_1,IR,Icam1+ Neu,-4.44577998,2.919127658
TCATCATAGACCATTC-1_2_1,IR,Mmp8+ Neu,5.39851886,-2.573007986
TCATCATCAAAGACGC-1_2_1,IR,Cd14-hi Neu,-1.307540954,0.133232429
TCATCCGCAGAGAATT-1_2_1,IR,Icam1+ Neu,-5.118422211,4.713784411
TCATGGATCGACCACG-1_2_1,IR,Icam1+ Neu,-4.775149525,1.761293366
TCATGTTCAAGACAAT-1_2_1,IR,Cstdc4+ Neu,0.572060883,-3.404992387
TCATTACGTACAGGTG-1_2_1,IR,Mmp8+ Neu,2.352804005,-0.861674354
TCATTCAAGCACTCTA-1_2_1,IR,Isg15+ Neu,-0.934191645,0.624698952
TCATTCAAGGTTGAGC-1_2_1,IR,Icam1+ Neu,-3.38842839,4.196900561
TCATTCAAGTTAGTGA-1_2_1,IR,Isg15+ Neu,-0.855249525,0.112529948
TCATTCAGTCGCAGTC-1_2_1,IR,Icam1+ Neu,-1.215133846,1.720541432
TCATTCAGTTTCCAAG-1_2_1,IR,Csf3r-hi Neu,0.920544207,0.966541484
TCATTGTAGTCGCCAC-1_2_1,IR,Csf3r-hi Neu,2.56031543,1.720483496
TCATTGTCACTTCATT-1_2_1,IR,Csf3r-hi Neu,-0.752897501,1.686300233
TCATTGTCATCTATCT-1_2_1,IR,Mmp8+ Neu,2.170662224,-0.770663157
TCCACCATCGTTGTTT-1_2_1,IR,Csf3r-hi Neu,1.346467316,2.113153174
TCCATCGTCATCCTGC-1_2_1,IR,Csf3r-hi Neu,3.887714684,1.915404275
TCCATGCCATCAGCGC-1_2_1,IR,Csf3r-hi Neu,2.336890518,2.579885438
TCCCACACACCGGTCA-1_2_1,IR,Mmp8+ Neu,3.89777261,-2.318787977
TCCCACATCCGCTAGG-1_2_1,IR,Mmp8+ Neu,6.801681339,-2.709084913
TCCCAGTTCTTAGTTC-1_2_1,IR,Cd14-hi Neu,-2.231840313,-2.183285877
TCCCATGCAGGAGGTT-1_2_1,IR,Mmp8+ Neu,4.024129688,1.26307626
TCCCATGTCGCTACAA-1_2_1,IR,Mmp8+ Neu,5.004669964,-2.708753273
TCCGAAACATGAGAAT-1_2_1,IR,Isg15+ Neu,-1.542331636,0.360367372
TCCGATCTCGAGAGAC-1_2_1,IR,Csf3r-hi Neu,-1.782360852,3.950369075
TCCGATCTCGAGTCTA-1_2_1,IR,Cd14-hi Neu,-3.118290127,-0.597440437
TCCGGGATCAAACGAA-1_2_1,IR,Csf3r-hi Neu,3.529562771,0.8379689
TCCTCCCGTAGCTTTG-1_2_1,IR,Cd14-hi Neu,1.402549922,-2.246376321
TCCTCCCGTTTCGCTC-1_2_1,IR,Icam1+ Neu,-5.238374412,0.372396543
TCCTCGAAGCCAGACA-1_2_1,IR,Icam1+ Neu,-3.526870907,3.608405307
TCCTCGACATGGTACT-1_2_1,IR,Csf3r-hi Neu,1.595483005,1.657138541
TCCTCGATCGCAAGAG-1_2_1,IR,Cd14-hi Neu,-0.95602566,-2.369355247
TCCTCTTTCGCATTAG-1_2_1,IR,Csf3r-hi Neu,-0.648960323,3.435059264
TCCTGCATCTCCTGCA-1_2_1,IR,Isg15+ Neu,-1.358470381,0.699779108
TCCTTCTAGATGAATC-1_2_1,IR,Csf3r-hi Neu,1.039660155,2.842393353
TCCTTCTTCAGCCCAG-1_2_1,IR,Isg15+ Neu,-0.190909144,0.538601234
TCCTTCTTCGCCTCTA-1_2_1,IR,Icam1+ Neu,-3.521981895,4.349199965
TCCTTCTTCGTAATGC-1_2_1,IR,Csf3r-hi Neu,2.244529306,2.436657145
TCGAACACAGGGACTA-1_2_1,IR,Icam1+ Neu,-5.076576412,3.590995982
TCGAACATCCACCTCA-1_2_1,IR,Icam1+ Neu,-4.773100079,4.654286578
TCGAAGTCAGACCGCT-1_2_1,IR,Mmp8+ Neu,5.091288864,-2.824658797
TCGACCTGTTATGGTC-1_2_1,IR,Cd14-hi Neu,-5.141785801,0.41905494
TCGACCTTCATGCGGC-1_2_1,IR,Csf3r-hi Neu,3.24214369,3.086333945
TCGACGGCACCTCTGT-1_2_1,IR,Mmp8+ Neu,4.756054699,-1.061294523
TCGACGGGTCAGACGA-1_2_1,IR,Cd14-hi Neu,1.403722584,-2.191670105
TCGACGGGTGCTTATG-1_2_1,IR,Csf3r-hi Neu,0.353695631,3.471652224
TCGATTTAGAAGCCTG-1_2_1,IR,Cd14-hi Neu,-0.219205067,-1.578901276
TCGATTTCATATGAAG-1_2_1,IR,Cstdc4+ Neu,0.164181202,-4.008625552
TCGATTTTCATGCATG-1_2_1,IR,Csf3r-hi Neu,-0.192153256,2.325070336
TCGCACTCATGACCCG-1_2_1,IR,Csf3r-hi Neu,0.097103804,3.781012728
TCGCACTGTCCAGCAC-1_2_1,IR,Cd14-hi Neu,-0.510374725,-0.161381111
TCGCAGGGTACGAGCA-1_2_1,IR,Isg15+ Neu,-0.673807025,0.185320094
TCGCAGGTCTCTCGAC-1_2_1,IR,Icam1+ Neu,-6.131439388,1.85821338
TCGCTCAGTCTTACTT-1_2_1,IR,Csf3r-hi Neu,2.566026032,2.321737721
TCGCTTGAGGCACTCC-1_2_1,IR,Icam1+ Neu,-4.07634753,4.384427264
TCGCTTGCACTGATTG-1_2_1,IR,Icam1+ Neu,-2.76529187,3.135629847
TCGGATAGTCGGTAAG-1_2_1,IR,Csf3r-hi Neu,-0.431398392,3.598469928
TCGGATATCTTAGCTT-1_2_1,IR,Icam1+ Neu,-3.895803392,1.823093369
TCGGGACCACTTGAGT-1_2_1,IR,Mmp8+ Neu,4.530510723,0.575778797
TCGGGCACAGCGAGTA-1_2_1,IR,Mmp8+ Neu,6.243671238,-3.069044754
TCGGGCATCCATAAGC-1_2_1,IR,Icam1+ Neu,-5.571416557,2.429892733
TCGGTCTGTCCAGCCA-1_2_1,IR,Icam1+ Neu,-4.420547188,3.528257563
TCGGTCTGTGGTCCGT-1_2_1,IR,Cd14-hi Neu,-2.003133357,-2.436979935
TCGTCCAAGCTTCTAG-1_2_1,IR,Mmp8+ Neu,3.367720186,-1.556493745
TCGTGGGAGCCTCCAG-1_2_1,IR,Icam1+ Neu,-1.502544702,-1.40000178
TCGTGGGCATCTCAAG-1_2_1,IR,Csf3r-hi Neu,2.815038025,2.799648717
TCTAACTAGTCTAACC-1_2_1,IR,Icam1+ Neu,-2.351392687,2.53496094
TCTAACTCAAGCTGCC-1_2_1,IR,Mmp8+ Neu,4.797324478,-3.836891696
TCTACATGTTCAAGGG-1_2_1,IR,Icam1+ Neu,-5.720522583,3.855553344
TCTACCGCAAACTGCT-1_2_1,IR,Csf3r-hi Neu,2.790174782,1.689212992
TCTACCGGTAGACACG-1_2_1,IR,Icam1+ Neu,-5.761604965,2.099368289
TCTACCGGTTCACCGG-1_2_1,IR,Mmp8+ Neu,4.344914734,0.778852418
TCTACCGTCAGACTGT-1_2_1,IR,Mmp8+ Neu,6.228601276,-1.117733945
TCTACCGTCATAAGGA-1_2_1,IR,Csf3r-hi Neu,3.292898714,3.118160918
TCTCACGAGTTAACAG-1_2_1,IR,Csf3r-hi Neu,1.753507554,2.584885791
TCTCACGCAATCACGT-1_2_1,IR,Icam1+ Neu,-4.87478894,2.729021504
TCTCACGGTTGTAGCT-1_2_1,IR,Mmp8+ Neu,3.062117874,0.816552475
TCTCAGCGTGATAGTA-1_2_1,IR,Icam1+ Neu,-4.259389103,3.980912402
TCTCCGACACTGTCGG-1_2_1,IR,Csf3r-hi Neu,1.245554149,2.566042617
TCTGCCAAGGCCCACT-1_2_1,IR,Icam1+ Neu,-4.342794598,3.654712394
TCTGTCGAGCTGAGTG-1_2_1,IR,Isg15+ Neu,2.630435526,-1.154177435
TCTTCCTCACAAACGG-1_2_1,IR,Icam1+ Neu,-5.026005924,0.546238735
TCTTCCTCACACGTGC-1_2_1,IR,Icam1+ Neu,-4.17315501,0.833904817
TCTTCCTGTAACATGA-1_2_1,IR,Icam1+ Neu,-1.647733987,1.690655902
TCTTCCTGTTGCCAAT-1_2_1,IR,Mmp8+ Neu,3.617212116,-1.601724252
TCTTTGACAGCGTTGC-1_2_1,IR,Cstdc4+ Neu,0.228151857,-3.639159248
TCTTTGATCCATTGGA-1_2_1,IR,Icam1+ Neu,-3.73108691,-0.413630233
TGAACGTGTGGACCTC-1_2_1,IR,Mmp8+ Neu,2.371932804,0.741951301
TGAACGTTCCATAAGC-1_2_1,IR,Mmp8+ Neu,4.864194691,1.206332877
TGAATGCTCAACCGAT-1_2_1,IR,Icam1+ Neu,-1.152658225,2.056689694
TGAGCATAGACATCAA-1_2_1,IR,Cd14-hi Neu,-2.547514141,-1.807048366
TGAGCATGTCGGTGTC-1_2_1,IR,Icam1+ Neu,-2.661212862,2.73161669
TGAGCGCCACCAGCTG-1_2_1,IR,Icam1+ Neu,-2.527694166,2.834476188
TGAGCGCTCTGGTCAA-1_2_1,IR,Mmp8+ Neu,3.885243713,-3.942108676
TGAGGGAGTAACACGG-1_2_1,IR,Icam1+ Neu,-5.298333824,2.789688781
TGAGGGATCGTGGACC-1_2_1,IR,Csf3r-hi Neu,-2.003913582,1.929649308
TGAGGTTCACGGCCAT-1_2_1,IR,Csf3r-hi Neu,-0.170998876,3.913895324
TGATGCAGTAGAGGAA-1_2_1,IR,Isg15+ Neu,0.785391867,0.958114579
TGATGCAGTAGATCCT-1_2_1,IR,Icam1+ Neu,-4.658603371,4.283240989
TGATGCAGTCCGCAGT-1_2_1,IR,Mmp8+ Neu,2.215154945,-1.176418059
TGATGCATCTCGCTCA-1_2_1,IR,Isg15+ Neu,0.97157067,-0.189641401
TGATTCTAGGTAAGTT-1_2_1,IR,Csf3r-hi Neu,1.638685882,2.622802451
TGATTCTGTAACACGG-1_2_1,IR,Icam1+ Neu,-5.189651668,4.382455542
TGATTCTGTATCTCTT-1_2_1,IR,Icam1+ Neu,-4.910358131,4.716010764
TGCACGGTCCAATCCC-1_2_1,IR,Csf3r-hi Neu,2.318228304,3.201089576
TGCACGGTCCCTCTAG-1_2_1,IR,Icam1+ Neu,-5.972469986,2.486218169
TGCAGGCAGACATAGT-1_2_1,IR,Icam1+ Neu,-6.078108967,1.97976394
TGCAGGCAGTCACACT-1_2_1,IR,Icam1+ Neu,-4.029171408,4.027124598
TGCAGGCCAAGGCAAC-1_2_1,IR,Mmp8+ Neu,3.862829506,-2.214837954
TGCATGAGTGTGGACA-1_2_1,IR,Mmp8+ Neu,4.15358001,-1.77465795
TGCCGAGAGTGAGTGC-1_2_1,IR,Isg15+ Neu,0.286779582,-0.208734379
TGCGACGCATACAGCT-1_2_1,IR,Cstdc4+ Neu,0.32894206,-4.738145396
TGCGACGTCCACGAAT-1_2_1,IR,Icam1+ Neu,-4.242149532,2.325946524
TGCGATAAGCCGCACT-1_2_1,IR,Icam1+ Neu,-5.604177177,3.038552001
TGCGATAAGTGATAGT-1_2_1,IR,Isg15+ Neu,-3.260264576,3.840692714
TGCGATAAGTTGCTGT-1_2_1,IR,Csf3r-hi Neu,3.227596581,2.349748566
TGCGGCAAGAGTGGCT-1_2_1,IR,Mmp8+ Neu,3.233515083,-3.357025668
TGCGGCAAGGTGATCG-1_2_1,IR,Icam1+ Neu,-4.54131049,3.439182475
TGCTCCACAAGCCTGC-1_2_1,IR,Mmp8+ Neu,2.267813503,-1.187075481
TGCTCCATCACCCATC-1_2_1,IR,Mmp8+ Neu,4.808083832,0.827446177
TGCTCGTAGCATAGGC-1_2_1,IR,Cd14-hi Neu,-0.616620303,-1.894632504
TGCTCGTTCCCGAACG-1_2_1,IR,Icam1+ Neu,-3.820855081,3.246695235
TGCTGAAAGCACACCC-1_2_1,IR,Icam1+ Neu,-4.129188478,2.182878211
TGCTTGCAGTACAGCG-1_2_1,IR,Icam1+ Neu,-1.781825364,2.845481589
TGCTTGCAGTGATGGC-1_2_1,IR,Mmp8+ Neu,4.867070019,0.276215866
TGCTTGCGTAACTAAG-1_2_1,IR,Isg15+ Neu,1.597365439,0.474019244
TGCTTGCTCAACGTGT-1_2_1,IR,Cd14-hi Neu,0.356571018,-1.329037711
TGGAACTAGCAACAAT-1_2_1,IR,Mmp8+ Neu,5.850829422,-1.029272203
TGGAACTAGTCACAGG-1_2_1,IR,Mmp8+ Neu,5.652543366,-0.106223271
TGGAACTTCACAGTGT-1_2_1,IR,Icam1+ Neu,-1.935026467,2.747140124
TGGAGAGCACCAGTAT-1_2_1,IR,Icam1+ Neu,-5.035537899,0.657008007
TGGAGAGTCCCATACC-1_2_1,IR,Icam1+ Neu,-3.765585125,4.244100764
TGGAGAGTCGAGAATA-1_2_1,IR,Icam1+ Neu,-3.014517963,-0.107882127
TGGAGAGTCTGTCTCG-1_2_1,IR,Icam1+ Neu,-4.617314995,4.131856158
TGGAGGAAGTATCCTG-1_2_1,IR,Isg15+ Neu,-0.16698464,0.000600651
TGGATCAAGTCCGTCG-1_2_1,IR,Csf3r-hi Neu,-1.051856935,3.207622245
TGGATGTAGCCTCCAG-1_2_1,IR,Icam1+ Neu,-3.721410215,4.604637816
TGGATGTCACGGCGTT-1_2_1,IR,Cd14-hi Neu,-2.529036463,-2.81611614
TGGATGTTCAAATGAG-1_2_1,IR,Icam1+ Neu,-5.255116642,4.568668082
TGGGATTGTCTCTCCA-1_2_1,IR,Icam1+ Neu,-5.185588062,4.368778899
TGGGCTGAGACCTGGA-1_2_1,IR,Icam1+ Neu,-5.382689655,2.262553885
TGGGTTAAGCTGCGAA-1_2_1,IR,Isg15+ Neu,-1.43523568,0.691800192
TGGTACACAATTGCTG-1_2_1,IR,Cd14-hi Neu,1.389869988,-0.721681431
TGGTGATCATGACGGA-1_2_1,IR,Icam1+ Neu,-3.757962883,3.783281997
TGTAACGAGCAATTAG-1_2_1,IR,Icam1+ Neu,-4.944218815,4.058036998
TGTAACGAGGAAAGAC-1_2_1,IR,Csf3r-hi Neu,3.430354654,2.186745837
TGTAAGCTCACTCACC-1_2_1,IR,Cd14-hi Neu,-2.954176844,-1.009509452
TGTAGACTCACGAGGA-1_2_1,IR,Csf3r-hi Neu,2.530709803,1.619242623
TGTAGACTCTCGGTCT-1_2_1,IR,Csf3r-hi Neu,2.728642761,1.983957961
TGTCAGATCACTGTTT-1_2_1,IR,Icam1+ Neu,-5.605255306,3.657792762
TGTGATGCAAGCCATT-1_2_1,IR,Icam1+ Neu,-1.900684774,2.24258013
TGTGATGGTAGTATAG-1_2_1,IR,Icam1+ Neu,-5.491301239,2.46773763
TGTGGCGCAGCAATTC-1_2_1,IR,Csf3r-hi Neu,2.926984369,3.159551814
TGTGTGACACAACGAG-1_2_1,IR,Icam1+ Neu,-5.692763985,3.990009501
TGTGTGAGTACGAGTG-1_2_1,IR,Cstdc4+ Neu,1.497548639,-4.054051921
TGTGTGATCACCCTGT-1_2_1,IR,Mmp8+ Neu,4.42147237,-0.709271595
TGTTACTGTCGCCACA-1_2_1,IR,Cd14-hi Neu,-2.099188626,-2.069349692
TGTTCCGAGTTCATGC-1_2_1,IR,Cd14-hi Neu,-1.987345279,-2.55805175
TGTTCCGTCTCCCTAG-1_2_1,IR,Csf3r-hi Neu,1.21121639,3.064912036
TGTTGAGGTCAGGCAA-1_2_1,IR,Mmp8+ Neu,4.149603664,0.799151614
TGTTGGAGTAGCTCGC-1_2_1,IR,Csf3r-hi Neu,0.622038304,2.542203143
TGTTTGTCAGGGCTTC-1_2_1,IR,Csf3r-hi Neu,2.719898045,0.88683863
TTACCGCCAAACACGG-1_2_1,IR,Isg15+ Neu,-1.391497434,0.738279536
TTACGCCGTCTGCATA-1_2_1,IR,Icam1+ Neu,-5.733371914,2.443523839
TTACGTTCACAGTATC-1_2_1,IR,Isg15+ Neu,1.353405892,2.150650456
TTACGTTGTTACCCAA-1_2_1,IR,Icam1+ Neu,-5.198453129,3.383879378
TTACTGTGTCCCTGTT-1_2_1,IR,Icam1+ Neu,-4.431196869,1.82350941
TTAGGCAAGTAGCCAG-1_2_1,IR,Csf3r-hi Neu,-0.019625262,2.111909106
TTAGGCATCTCCTACG-1_2_1,IR,Mmp8+ Neu,5.626501858,-2.212848947
TTATTGCTCAGGAGAC-1_2_1,IR,Icam1+ Neu,-3.68502611,4.332733825
TTCAATCAGTTGAATG-1_2_1,IR,Icam1+ Neu,-5.415741623,3.946640208
TTCACCGCAAAGACGC-1_2_1,IR,Isg15+ Neu,-0.784888506,0.160120323
TTCACGCAGCATCCCG-1_2_1,IR,Csf3r-hi Neu,-0.998754979,2.851887896
TTCACGCAGGTTATAG-1_2_1,IR,Csf3r-hi Neu,1.125157177,3.17544432
TTCACGCCACACCTGG-1_2_1,IR,Icam1+ Neu,-0.852319122,1.093861773
TTCACGCGTCAGTCCG-1_2_1,IR,Icam1+ Neu,-4.854935825,1.879188731
TTCACGCTCGAGTTGT-1_2_1,IR,Icam1+ Neu,-3.936102331,4.794899657
TTCACGCTCTGCCTCA-1_2_1,IR,Icam1+ Neu,-4.233711422,3.562460616
TTCATGTGTGACTCTA-1_2_1,IR,Csf3r-hi Neu,1.729857027,3.166571811
TTCCAATAGCCTAACT-1_2_1,IR,Icam1+ Neu,-4.284721077,2.583610013
TTCCGGTAGGGTCTTT-1_2_1,IR,Mmp8+ Neu,3.818243086,0.39669998
TTCCGGTAGTACCCTA-1_2_1,IR,Csf3r-hi Neu,3.560696899,1.916807368
TTCCGTGAGCTCGTGC-1_2_1,IR,Mmp8+ Neu,2.47338587,-0.551891134
TTCCGTGCAAGACAAT-1_2_1,IR,Mmp8+ Neu,2.822537005,0.256654933
TTCCGTGTCATCCTGC-1_2_1,IR,Icam1+ Neu,-3.339697779,-2.328821346
TTCCTAAGTGACTCGC-1_2_1,IR,Isg15+ Neu,-0.426262886,0.206244901
TTCGCTGAGACGCAGT-1_2_1,IR,Icam1+ Neu,-2.106211961,2.972790911
TTCGCTGCATGGCACC-1_2_1,IR,Csf3r-hi Neu,0.193681836,2.823230222
TTCGCTGGTATACCTG-1_2_1,IR,Isg15+ Neu,1.528203547,1.359614804
TTCTAACGTGGGCTTC-1_2_1,IR,Csf3r-hi Neu,1.611417949,2.966378882
TTCTAGTCAGCCTTCT-1_2_1,IR,Csf3r-hi Neu,0.302179992,2.385453656
TTCTCTCCAACGATTC-1_2_1,IR,Icam1+ Neu,-3.840087831,1.157507375
TTCTCTCTCCTGATAG-1_2_1,IR,Csf3r-hi Neu,-1.737527192,2.731362059
TTCTCTCTCGCTTGCT-1_2_1,IR,Csf3r-hi Neu,0.483915746,3.77689667
TTCTGTAAGGGACACT-1_2_1,IR,Cd14-hi Neu,-1.806238473,-1.869057641
TTCTGTACACAGACGA-1_2_1,IR,Icam1+ Neu,-6.11611861,2.579209998
TTCTTGAGTACCTGTA-1_2_1,IR,Icam1+ Neu,-4.005382955,4.218402579
TTGAACGAGGATACGC-1_2_1,IR,Icam1+ Neu,-4.307139099,1.592360928
TTGAACGGTATGAGGC-1_2_1,IR,Csf3r-hi Neu,-0.019284398,2.167168334
TTGAACGGTTTGCCGG-1_2_1,IR,Icam1+ Neu,-2.387097538,2.054165795
TTGAGTGCACACGCCA-1_2_1,IR,Mmp8+ Neu,7.644757568,-4.436414525
TTGAGTGGTAGAATAC-1_2_1,IR,Icam1+ Neu,-4.913375557,4.105833724
TTGAGTGTCCAAGCAT-1_2_1,IR,Csf3r-hi Neu,-1.261742413,3.448074534
TTGCATTCAGATTCGT-1_2_1,IR,Isg15+ Neu,-0.08672563,0.713851168
TTGCATTTCGGCACTG-1_2_1,IR,Mmp8+ Neu,4.0650509,-1.249064356
TTGCGTCAGTGATCGG-1_2_1,IR,Icam1+ Neu,-5.571106136,2.427264169
TTGGGTAAGAACGCGT-1_2_1,IR,Csf3r-hi Neu,1.703159153,3.309793189
TTGGTTTCAGCTTTGA-1_2_1,IR,Mmp8+ Neu,1.87957865,-1.592824623
TTGGTTTGTTGCTCCT-1_2_1,IR,Icam1+ Neu,-4.918321312,1.776193097
TTGTGGAAGGTCCCTG-1_2_1,IR,Icam1+ Neu,-5.518007935,3.940710738
TTGTGGACATCCCGTT-1_2_1,IR,Mmp8+ Neu,2.0831905,-0.996116706
TTGTGGATCTAGCCAA-1_2_1,IR,Icam1+ Neu,-3.357180059,1.508954242
TTGTGTTGTGGCTTAT-1_2_1,IR,Mmp8+ Neu,6.500032723,-3.565856263
TTGTGTTTCCAAACCA-1_2_1,IR,Cstdc4+ Neu,1.496917903,-4.310113713
TTGTTCAAGCGAACTG-1_2_1,IR,Icam1+ Neu,-4.568646133,3.231846049
TTGTTCAGTTATGGTC-1_2_1,IR,Icam1+ Neu,-4.7548787,2.920484021
TTTACCAAGTAGAATC-1_2_1,IR,Icam1+ Neu,-1.593111575,1.894303038
TTTACGTAGACCCGCT-1_2_1,IR,Csf3r-hi Neu,1.562897384,2.495571091
TTTACTGTCATTTCGT-1_2_1,IR,Cd14-hi Neu,-1.630554855,-0.460624621
TTTAGTCCAGACGATG-1_2_1,IR,Mmp8+ Neu,6.349300205,-2.199544236
TTTAGTCCAGGAAGTC-1_2_1,IR,Mmp8+ Neu,3.563951313,-0.565453753
TTTATGCTCAGACCCG-1_2_1,IR,Isg15+ Neu,-1.140888751,0.660960033
TTTATGCTCTGCGTCT-1_2_1,IR,Icam1+ Neu,-2.290661514,2.740600779
TTTCACAAGCTCCACG-1_2_1,IR,Mmp8+ Neu,4.587294876,-0.402161464
TTTCACACACAGAGCA-1_2_1,IR,Icam1+ Neu,-4.088471592,3.827076152
TTTCACATCACCCTGT-1_2_1,IR,Icam1+ Neu,-1.496660173,1.515446856
TTTCAGTGTCCCTCAT-1_2_1,IR,Cd14-hi Neu,-1.528356493,0.093614652
TTTCATGCACGCGTGT-1_2_1,IR,Csf3r-hi Neu,1.013652861,3.397971347
TTTCCTCAGTAGGCCA-1_2_1,IR,Csf3r-hi Neu,2.898864805,1.708491042
TTTCGATGTTTACGAC-1_2_1,IR,Icam1+ Neu,-5.001331985,2.798438027
TTTCGATTCCAGGACC-1_2_1,IR,Csf3r-hi Neu,0.149449735,2.042674496
TTTGATCCACTCTAGA-1_2_1,IR,Cd14-hi Neu,-2.141545475,-1.786104247
TTTGGTTCAGCCGGTT-1_2_1,IR,Icam1+ Neu,-5.1784603,-0.790315464
TTTGTTGCATGTTTGG-1_2_1,IR,Mmp8+ Neu,5.412111103,-1.16910813
ACGGTTAGTTCCATTT-1_1,Sham,Mmp8+ Neu,2.299187719,0.177932217
ACGTACAAGCCTCTTC-1_1,Sham,Mmp8+ Neu,3.328014433,0.110889151
ACGTACACAAGTGCAG-1_1,Sham,Csf3r-hi Neu,-1.151501179,2.786866143
ACGTAGTGTTAAACCC-1_1,Sham,Csf3r-hi Neu,-1.296249211,3.944198802
ACGTCCTCACATGAAA-1_1,Sham,Csf3r-hi Neu,0.62611252,2.7104332
ACTACGAGTTCAAAGA-1_1,Sham,Icam1+ Neu,-3.466994942,1.460857823
ACTATGGAGTCGTCTA-1_1,Sham,Csf3r-hi Neu,0.905703246,2.958528235
ACTATGGAGTTACTCG-1_1,Sham,Mmp8+ Neu,3.473023235,0.43339844
ACTATTCGTAATTGGA-1_1,Sham,Mmp8+ Neu,5.489753544,-3.261186883
ACTCCCAAGAAACTGT-1_1,Sham,Mmp8+ Neu,5.793203175,-0.378690884
ACTGTCCAGACGCCAA-1_1,Sham,Csf3r-hi Neu,0.695713043,2.748510316
ACTGTCCAGTCTAACC-1_1,Sham,Csf3r-hi Neu,-0.990822077,4.332285598
ACTGTCCTCGCTTACC-1_1,Sham,Isg15+ Neu,-0.922454894,0.357923105
ACTGTGAGTAACAGGC-1_1,Sham,Isg15+ Neu,2.152899086,-0.907998443
ACTTAGGAGGATGGCT-1_1,Sham,Mmp8+ Neu,2.872539579,-1.838926658
ACTTAGGCAGTCGTTA-1_1,Sham,Mmp8+ Neu,4.787439167,0.565242007
ACTTAGGTCAAGTTGC-1_1,Sham,Mmp8+ Neu,3.11594659,0.291933492
ACTTATCAGTATGGCG-1_1,Sham,Mmp8+ Neu,5.41543895,-1.985262499
ACTTCCGAGAGTGTTA-1_1,Sham,Mmp8+ Neu,6.109621822,-1.812874601
AGAAATGCAGTCAACT-1_1,Sham,Csf3r-hi Neu,0.818697631,3.45878382
AGAACAAAGATGGCGT-1_1,Sham,Mmp8+ Neu,5.857789337,-0.967166946
AGAACAAGTATAGGGC-1_1,Sham,Mmp8+ Neu,4.504797279,-1.99284415
AGAACCTAGGCATTTC-1_1,Sham,Csf3r-hi Neu,2.507258474,2.48582454
AGAACCTTCACAACCA-1_1,Sham,Mmp8+ Neu,6.279674828,-1.712961898
AGAAGTACACTTTATC-1_1,Sham,Cstdc4+ Neu,1.364381849,-3.206109807
AGAAGTACATTGAAGA-1_1,Sham,Mmp8+ Neu,2.788752377,-0.738710091
AGACCCGAGTCCGCGT-1_1,Sham,Csf3r-hi Neu,1.37920171,3.546467498
AGACTCACACAGTATC-1_1,Sham,Mmp8+ Neu,5.0087803,0.132443383
AGAGAGCTCTCTCGCA-1_1,Sham,Icam1+ Neu,-3.877267063,3.507019236
AGATGAAAGGGTTTCT-1_1,Sham,Icam1+ Neu,-2.186871946,2.720088914
AGATGCTAGAATTGTG-1_1,Sham,Mmp8+ Neu,4.041977703,-3.783597038
AGCCAATCAACAAAGT-1_1,Sham,Csf3r-hi Neu,2.512687504,1.971202328
AGCGCCAAGTTGGCGA-1_1,Sham,Csf3r-hi Neu,2.452534258,2.303015664
AGCGCTGTCTGGCCTT-1_1,Sham,Icam1+ Neu,-1.836825192,3.641327575
AGCGTATCAATGTGGG-1_1,Sham,Csf3r-hi Neu,-2.58657974,4.447655394
AGCGTCGCATGGATCT-1_1,Sham,Csf3r-hi Neu,0.108534634,3.835419371
AGCTACAGTGTCTAAC-1_1,Sham,Mmp8+ Neu,2.74035412,0.447810128
AGCTTCCAGGTAATCA-1_1,Sham,Mmp8+ Neu,3.17831403,-0.911513627
AGGAAATGTGCCTATA-1_1,Sham,Mmp8+ Neu,4.577118694,0.965867951
AGGAAATTCTTACGTT-1_1,Sham,Mmp8+ Neu,5.439107716,-2.382435248
AGGAGGTGTTACGGAG-1_1,Sham,Icam1+ Neu,-3.040691793,2.56842418
AGGATAAAGTGGACTG-1_1,Sham,Cstdc4+ Neu,0.928727448,-3.874894187
AGGGAGTAGCACCCAC-1_1,Sham,Mmp8+ Neu,5.03503257,-2.346371696
AGGGAGTCAGCGAACA-1_1,Sham,Csf3r-hi Neu,-2.668805302,4.430949881
AGGGAGTGTGCACAAG-1_1,Sham,Csf3r-hi Neu,0.251431107,2.261161521
AGGGCTCCACAACGTT-1_1,Sham,Mmp8+ Neu,3.359911739,0.65888603
AGGGCTCTCCTCACCA-1_1,Sham,Csf3r-hi Neu,3.678791344,1.872363045
AGGTCTACATGTACGT-1_1,Sham,Icam1+ Neu,-2.492114723,1.041778043
AGGTTACAGCTCGAAG-1_1,Sham,Csf3r-hi Neu,-0.661029399,2.864564374
AGTAACCCACTAGAGG-1_1,Sham,Csf3r-hi Neu,1.217431366,3.306307509
AGTACTGTCAAGCCGC-1_1,Sham,Csf3r-hi Neu,0.962298333,3.565736964
AGTAGCTCAAGTGTCT-1_1,Sham,Icam1+ Neu,-3.143723667,3.015766814
AGTAGCTGTGGGCTTC-1_1,Sham,Mmp8+ Neu,3.040636837,-0.546069786
AGTAGTCCAATTTCCT-1_1,Sham,Mmp8+ Neu,4.463697254,-1.288717255
AGTAGTCTCGTCAACA-1_1,Sham,Isg15+ Neu,0.385149359,1.118630603
AGTCAACTCGTGGGAA-1_1,Sham,Csf3r-hi Neu,-0.852328301,4.162838176
AGTCATGCATCACCAA-1_1,Sham,Icam1+ Neu,-2.926849306,2.21202965
AGTGATCCACGCGCTA-1_1,Sham,Csf3r-hi Neu,1.069567978,3.037857249
AGTGCCGTCAGGTAAA-1_1,Sham,Mmp8+ Neu,5.47406131,-3.389944837
AGTTAGCTCCTGATAG-1_1,Sham,Csf3r-hi Neu,-2.145775259,4.503007605
AGTTCGAGTGATTGGG-1_1,Sham,Icam1+ Neu,-4.262149036,4.780692771
ATACCGACAGAGATGC-1_1,Sham,Icam1+ Neu,-2.028442085,1.843761399
ATACCTTAGCCTTTCC-1_1,Sham,Csf3r-hi Neu,-0.703174591,3.714338496
ATAGAGAGTGACAACG-1_1,Sham,Mmp8+ Neu,3.70961219,-1.642056093
ATCACTTGTGATACCT-1_1,Sham,Mmp8+ Neu,3.068255007,-0.139518306
ATCATTCTCATTTCCA-1_1,Sham,Csf3r-hi Neu,0.790069282,2.986570552
ATCCCTGGTGGACTGA-1_1,Sham,Mmp8+ Neu,1.879975617,-1.439855025
ATCCTATTCACGGGCT-1_1,Sham,Mmp8+ Neu,4.167676746,0.962441399
ATCGATGAGATCGCCC-1_1,Sham,Icam1+ Neu,-2.732847393,1.752700045
ATCGATGTCGCAACAT-1_1,Sham,Mmp8+ Neu,3.140824377,-4.227496192
ATCGGATAGGCTAACG-1_1,Sham,Cstdc4+ Neu,2.507750332,-4.249368951
ATCGGCGAGATTAGTG-1_1,Sham,Mmp8+ Neu,6.667192757,-2.487662599
ATGAAAGAGGTAACTA-1_1,Sham,Mmp8+ Neu,4.619615376,-0.506815359
ATGATCGAGGGACAGG-1_1,Sham,Csf3r-hi Neu,-1.335196436,3.849765494
ATGCCTCTCCAGGACC-1_1,Sham,Mmp8+ Neu,1.933024704,0.3678319
ATGGATCAGGTCACTT-1_1,Sham,Mmp8+ Neu,5.695266068,-0.279841468
ATGGGAGGTGGTCTTA-1_1,Sham,Mmp8+ Neu,4.023267567,0.161517575
ATGGTTGGTCACTAGT-1_1,Sham,Mmp8+ Neu,5.514874279,-0.520061419
ATGTCCCGTGGCCCAT-1_1,Sham,Icam1+ Neu,-3.578765572,4.470445349
ATGTCTTTCTCCTACG-1_1,Sham,Csf3r-hi Neu,1.609728276,2.449150517
ATTACCTGTCTTCGAA-1_1,Sham,Mmp8+ Neu,4.404609978,-0.251343653
ATTACCTGTGTCATGT-1_1,Sham,Cstdc4+ Neu,1.397090375,-4.036491677
ATTCACTAGACGCCCT-1_1,Sham,Mmp8+ Neu,4.954199135,0.468947842
ATTGGGTCAACCTATG-1_1,Sham,Cstdc4+ Neu,1.18462342,-3.770658538
ATTTCACCATTGTCGA-1_1,Sham,Mmp8+ Neu,2.198129952,-0.936954186
ATTTCTGCAGATTCGT-1_1,Sham,Mmp8+ Neu,1.655950486,-1.145595141
ATTTCTGGTCGTATGT-1_1,Sham,Icam1+ Neu,-3.391551674,1.014124825
CAACAACCAAGGCAAC-1_1,Sham,Csf3r-hi Neu,1.133726179,1.396426871
CAAGAGGAGTGAACAT-1_1,Sham,Cd14-hi Neu,1.191349804,-1.358708784
CAAGGGAGTGGAAGTC-1_1,Sham,Icam1+ Neu,-3.580476702,4.636312678
CAATCGATCATCGACA-1_1,Sham,Mmp8+ Neu,4.478401005,1.41760607
CAATCGATCGCTGATA-1_1,Sham,Mmp8+ Neu,3.793500244,-0.630790994
CAATCGATCTGAGAGG-1_1,Sham,Mmp8+ Neu,3.94137603,-1.54407923
CACAACACATCTTCGC-1_1,Sham,Mmp8+ Neu,3.241967737,-1.152144112
CACAGATCAGTCGCTG-1_1,Sham,Csf3r-hi Neu,2.415735066,2.307063535
CACATGATCGCGTGCA-1_1,Sham,Mmp8+ Neu,3.311267197,-1.614452049
CACCAAATCAAACGAA-1_1,Sham,Icam1+ Neu,-1.633399666,3.916849807
CACGAATCAAAGGGTC-1_1,Sham,Cstdc4+ Neu,0.890963614,-3.318383262
CACGTGGCACGTCTCT-1_1,Sham,Icam1+ Neu,-3.630026997,4.334171012
CACGTTCCAGCATCTA-1_1,Sham,Isg15+ Neu,1.85808593,1.436349347
CACGTTCTCCCATAGA-1_1,Sham,Cd14-hi Neu,-0.432550878,-1.57101734
CACTAAGCATGCGGTC-1_1,Sham,Mmp8+ Neu,3.856737434,-0.375901148
CACTGGGCAGTCTTCC-1_1,Sham,Csf3r-hi Neu,-0.530589283,4.114585116
CACTGGGCATAATGAG-1_1,Sham,Csf3r-hi Neu,3.416007578,1.770585492
CACTGGGGTAGGACTG-1_1,Sham,Mmp8+ Neu,1.681432426,-0.166765258
CACTGTCAGAGAGTTT-1_1,Sham,Mmp8+ Neu,5.076003372,-0.260497198
CACTGTCAGGATTACA-1_1,Sham,Cstdc4+ Neu,2.140646755,1.451301053
CAGATCACATTGCCTC-1_1,Sham,Icam1+ Neu,-2.648358047,1.88099356
CAGATTGCACCTTCGT-1_1,Sham,Csf3r-hi Neu,3.778839647,1.697175935
CAGATTGTCGAACGCC-1_1,Sham,Csf3r-hi Neu,0.469114363,3.625800803
CAGCAATAGACGGTTG-1_1,Sham,Mmp8+ Neu,3.309088528,1.322938159
CAGCGTGTCACTGTCC-1_1,Sham,Cstdc4+ Neu,2.04689008,-3.988589093
CAGGCCAGTCGCGGTT-1_1,Sham,Csf3r-hi Neu,-0.473843277,2.31237407
CAGGTATCAGCTACAT-1_1,Sham,Mmp8+ Neu,3.992702305,0.864672735
CAGGTATGTCCTGGGT-1_1,Sham,Csf3r-hi Neu,1.744057118,2.742282584
CAGTGCGTCCCAGCGA-1_1,Sham,Csf3r-hi Neu,3.127377092,2.257236913
CAGTGCGTCCTGTAAG-1_1,Sham,Csf3r-hi Neu,-1.473039806,4.26487036
CATAAGCTCGAACGCC-1_1,Sham,Cstdc4+ Neu,0.251099646,-4.555510804
CATAGACAGCCACTCG-1_1,Sham,Mmp8+ Neu,4.166123211,-0.37673001
CATCAAGGTTCCGCAG-1_1,Sham,Mmp8+ Neu,4.647447407,-1.544797018
CATCCACAGAATGTTG-1_1,Sham,Cstdc4+ Neu,0.686043441,-3.549329803
CATCGGGTCGCTTAAG-1_1,Sham,Mmp8+ Neu,1.324130356,-1.185128883
CATGGATAGGGAGGTG-1_1,Sham,Csf3r-hi Neu,0.794930934,3.01476784
CATTGAGAGCGTCTCG-1_1,Sham,Cstdc4+ Neu,-0.111225628,-4.570232913
CATTGTTCATATCGGT-1_1,Sham,Csf3r-hi Neu,-1.033656121,0.744989589
CCACAAAAGGTGAGAA-1_1,Sham,Icam1+ Neu,-2.899929703,1.744741395
CCACACTTCGAACCTA-1_1,Sham,Csf3r-hi Neu,2.908058703,1.576063588
CCACGAGGTAGATGTA-1_1,Sham,Mmp8+ Neu,3.250117123,-0.135654971
CCACGTTAGCCAAGGT-1_1,Sham,Csf3r-hi Neu,-0.227265712,4.162180617
CCACGTTGTTGTGCCG-1_1,Sham,Mmp8+ Neu,2.256469547,-0.838658408
CCACTTGGTCATCACA-1_1,Sham,Csf3r-hi Neu,-0.064068593,3.895220473
CCCAACTAGAGTTGAT-1_1,Sham,Cstdc4+ Neu,2.586916983,-2.797554419
CCCATTGGTATCCCAA-1_1,Sham,Cd14-hi Neu,-0.410278082,-1.171071299
CCCGGAAAGAGTTGAT-1_1,Sham,Mmp8+ Neu,5.70901376,-2.886329815
CCCGGAAGTTTCGGCG-1_1,Sham,Mmp8+ Neu,2.42734009,-1.088204958
CCCTAACTCAACCTCC-1_1,Sham,Csf3r-hi Neu,0.470573186,3.492694571
CCCTAACTCCCGAAAT-1_1,Sham,Csf3r-hi Neu,-1.043061257,3.30498667
CCCTCAACACTTCAGA-1_1,Sham,Cstdc4+ Neu,1.544473469,2.577354625
CCCTGATAGCACAAAT-1_1,Sham,Csf3r-hi Neu,2.854883015,2.201161101
CCCTTAGCAACACGTT-1_1,Sham,Mmp8+ Neu,3.374652683,1.049696162
CCCTTAGCAAGGGCAT-1_1,Sham,Mmp8+ Neu,5.431633293,-1.738743529
CCGAACGCAAGACTGG-1_1,Sham,Mmp8+ Neu,4.134248077,-2.093307779
CCGATCTTCGCAATTG-1_1,Sham,Isg15+ Neu,0.886552393,-0.504433737
CCGATGGTCGACGATT-1_1,Sham,Icam1+ Neu,-1.136632443,2.796577885
CCGCAAGGTCCGAAGA-1_1,Sham,Csf3r-hi Neu,0.369502365,2.268913224
CCGCAAGTCTGAGCAT-1_1,Sham,Csf3r-hi Neu,2.367735445,0.935324624
CCGTGAGTCCAAGGGA-1_1,Sham,Csf3r-hi Neu,1.691096603,2.486912682
CCGTTCAAGGTGATAT-1_1,Sham,Icam1+ Neu,-4.302920044,1.859200909
CCTCATGCAGGTGGAT-1_1,Sham,Csf3r-hi Neu,0.633627772,3.094018176
CCTCATGGTTGCGAAG-1_1,Sham,Csf3r-hi Neu,-0.548516363,4.242466166
CCTCATGTCAAAGACA-1_1,Sham,Csf3r-hi Neu,0.296211361,3.885407164
CCTTCAGAGAGAGTGA-1_1,Sham,Mmp8+ Neu,5.198326408,-1.457055614
CGAAGGATCCGTAGTA-1_1,Sham,Isg15+ Neu,-0.119408474,0.699937299
CGAAGTTAGCACACCC-1_1,Sham,Csf3r-hi Neu,2.181375086,2.671229317
CGAAGTTGTCGAGTTT-1_1,Sham,Icam1+ Neu,-3.387359083,0.910528019
CGACAGCCACAGTGTT-1_1,Sham,Mmp8+ Neu,4.130903065,0.874621585
CGAGAAGTCTTTGGAG-1_1,Sham,Icam1+ Neu,-3.830849111,-0.998118483
CGAGTTATCCACAGCG-1_1,Sham,Csf3r-hi Neu,-0.590650231,3.4357111
CGCAGGTCAGCCTTCT-1_1,Sham,Cd14-hi Neu,-1.129506648,-0.501890406
CGCATGGCAACTTGCA-1_1,Sham,Cstdc4+ Neu,2.350684464,-2.517997071
CGCCAGAAGCCACCGT-1_1,Sham,Mmp8+ Neu,4.889042198,0.618070319
CGCCAGATCTTGCAGA-1_1,Sham,Csf3r-hi Neu,0.131970852,1.767002061
CGCCATTTCACCCTCA-1_1,Sham,Csf3r-hi Neu,-0.150554935,4.021900847
CGGAGAAAGGATCACG-1_1,Sham,Cstdc4+ Neu,1.945150196,-4.006122157
CGGAGAACACCCTAGG-1_1,Sham,Mmp8+ Neu,4.215073883,-2.961907313
CGGCAGTGTCAGTCGC-1_1,Sham,Mmp8+ Neu,5.321619808,-3.597095773
CGGGTGTAGAGGTTAT-1_1,Sham,Icam1+ Neu,-2.251804531,2.779170945
CGGTCAGGTTTGTTGG-1_1,Sham,Mmp8+ Neu,6.27750951,-2.362828181
CGTAATGGTCTACAAC-1_1,Sham,Mmp8+ Neu,1.783638656,-0.887087584
CGTCCATGTACGTGTT-1_1,Sham,Csf3r-hi Neu,-0.50147301,3.51559706
CGTGAATGTTGAGTCT-1_1,Sham,Mmp8+ Neu,5.508316814,0.043288305
CGTGAATTCAAGATAG-1_1,Sham,Icam1+ Neu,-4.768931091,3.982928946
CGTGCTTGTAGCGCCT-1_1,Sham,Csf3r-hi Neu,-1.778982461,3.396020129
CGTTCTGAGGTAGACC-1_1,Sham,Mmp8+ Neu,3.85553199,-1.255634159
CTAACCCAGGGCAGAG-1_1,Sham,Csf3r-hi Neu,3.023053467,3.017587855
CTAACCCGTACAGTTC-1_1,Sham,Csf3r-hi Neu,-1.089146972,3.727265075
CTAAGTGTCCGATGCG-1_1,Sham,Mmp8+ Neu,4.453036606,-1.699341461
CTACATTAGCATACTC-1_1,Sham,Csf3r-hi Neu,-0.214815483,2.946860984
CTACATTTCTCGGCTT-1_1,Sham,Csf3r-hi Neu,-2.782978237,4.405133918
CTAGACATCCGTTGGG-1_1,Sham,Csf3r-hi Neu,0.22756353,1.947178319
CTATAGGTCGCCGTGA-1_1,Sham,Csf3r-hi Neu,1.041589796,2.957408622
CTATCCGTCCTAGCGG-1_1,Sham,Csf3r-hi Neu,3.530798256,1.194439128
CTATCTACACGACGCT-1_1,Sham,Cstdc4+ Neu,1.783865392,-4.207851455
CTATCTAGTCCAGCCA-1_1,Sham,Icam1+ Neu,-4.265865028,4.10410662
CTCAACCAGACGGAAA-1_1,Sham,Csf3r-hi Neu,0.363400995,3.703249171
CTCAACCTCCACCCTA-1_1,Sham,Csf3r-hi Neu,0.61973083,3.444874957
CTCAACCTCTTACACT-1_1,Sham,Csf3r-hi Neu,0.18552947,2.978364184
CTCAGAACAAGAAATC-1_1,Sham,Csf3r-hi Neu,1.983792603,2.508403018
CTCAGAAGTCAAACGG-1_1,Sham,Mmp8+ Neu,2.473353207,0.53258951
CTCAGTCTCGGAGTGA-1_1,Sham,Mmp8+ Neu,3.528354466,-3.62056236
CTCATGCTCGGCTCTT-1_1,Sham,Mmp8+ Neu,5.953669369,-1.0384943
CTCCAACGTCTCCTGT-1_1,Sham,Csf3r-hi Neu,0.955115854,2.397266104
CTCCATGAGCTACAAA-1_1,Sham,Mmp8+ Neu,4.912403881,-0.590131894
CTCCCAATCAGAATAG-1_1,Sham,Mmp8+ Neu,4.821528732,-0.687462643
CTCCCTCCATGTCAGT-1_1,Sham,Csf3r-hi Neu,2.789009869,1.381544068
CTCCCTCTCCGATCTC-1_1,Sham,Mmp8+ Neu,3.514817774,0.200303986
CTCCGATAGTCGCTAT-1_1,Sham,Csf3r-hi Neu,0.28566727,4.036002829
CTCCTCCCATGTGACT-1_1,Sham,Cstdc4+ Neu,2.295695364,0.679035261
CTCTCGAAGGGCAGGA-1_1,Sham,Csf3r-hi Neu,-0.08395584,3.712305262
CTGAATGAGCAATAGT-1_1,Sham,Cstdc4+ Neu,0.694988846,-3.748089835
CTGCATCAGATGAACT-1_1,Sham,Csf3r-hi Neu,-1.281480849,4.315490916
CTGCCATAGTCAGAGC-1_1,Sham,Isg15+ Neu,2.431293308,0.737972095
CTGCGAGCAATGTGGG-1_1,Sham,Csf3r-hi Neu,2.017189085,2.895609572
CTGGCAGGTGCTTCAA-1_1,Sham,Mmp8+ Neu,1.855423748,-2.443847105
CTGTACCGTTATGGTC-1_1,Sham,Csf3r-hi Neu,1.207387626,0.162434175
CTGTATTAGGTTCAGG-1_1,Sham,Cstdc4+ Neu,3.23240596,1.114210084
CTGTCGTAGAGCCGAT-1_1,Sham,Csf3r-hi Neu,0.10075438,2.464727595
CTGTCGTGTGTGACCC-1_1,Sham,Csf3r-hi Neu,1.184223234,3.389935687
CTGTGAACAACACAAA-1_1,Sham,Csf3r-hi Neu,1.903433144,3.213512137
CTTACCGTCCAACTAG-1_1,Sham,Csf3r-hi Neu,0.37038058,3.013869479
CTTCAATTCTGGGAGA-1_1,Sham,Csf3r-hi Neu,0.220381677,3.574796393
CTTGAGACACCCAATA-1_1,Sham,Csf3r-hi Neu,-0.122038212,3.888586715
CTTTCAACAAGGTCGA-1_1,Sham,Csf3r-hi Neu,1.983917057,2.896694138
CTTTCAAGTGTCTCCT-1_1,Sham,Csf3r-hi Neu,2.823228418,2.321066573
GAAACCTCACTACCCT-1_1,Sham,Csf3r-hi Neu,0.114588916,3.886738017
GAACACTTCCTTATAC-1_1,Sham,Csf3r-hi Neu,-1.114197433,3.17098923
GAACTGTGTCCTCCTA-1_1,Sham,Isg15+ Neu,-1.928331078,-0.051760003
GAAGAATCACAAGCAG-1_1,Sham,Csf3r-hi Neu,-0.81171,3.138624385
GAAGCCCCAAACGAGC-1_1,Sham,Cstdc4+ Neu,0.848548352,-3.361480758
GAAGCCCGTAGAATAC-1_1,Sham,Icam1+ Neu,-1.364045799,2.857530787
GAAGCGACAGAGCTAG-1_1,Sham,Cstdc4+ Neu,1.642475664,-2.717883632
GAAGGGTCAGTCGTTA-1_1,Sham,Csf3r-hi Neu,1.297866165,2.58573623
GACATCAGTTGGGAAC-1_1,Sham,Csf3r-hi Neu,2.723961412,3.179029658
GACCCTTTCTACGCGG-1_1,Sham,Csf3r-hi Neu,-0.888473094,3.420424655
GACCGTGCAAGTGATA-1_1,Sham,Csf3r-hi Neu,-0.365582496,3.074702456
GACCTTCTCGAGCCTG-1_1,Sham,Icam1+ Neu,-0.664843202,1.989394381
GACGCTGAGTTGCATC-1_1,Sham,Mmp8+ Neu,5.003810703,-1.382426247
GACGCTGTCGTAGGAG-1_1,Sham,Csf3r-hi Neu,-1.109651685,2.310399487
GACGTTAAGATACAGT-1_1,Sham,Csf3r-hi Neu,-0.804500759,2.909434512
GACTCAAGTGCCGAAA-1_1,Sham,Cd14-hi Neu,-2.227344692,-2.132105753
GACTTCCCACGTCATA-1_1,Sham,Csf3r-hi Neu,-0.752696991,4.282384589
GAGAAATGTAGCGATG-1_1,Sham,Csf3r-hi Neu,2.815904438,2.428807452
GAGATGGCACACACTA-1_1,Sham,Cstdc4+ Neu,1.450345456,-2.827365443
GAGATGGCACCAAAGG-1_1,Sham,Cstdc4+ Neu,0.907585442,-3.570824668
GAGATGGGTATGCGTT-1_1,Sham,Csf3r-hi Neu,2.435001671,1.879013255
GAGGCCTAGTGGTCAG-1_1,Sham,Mmp8+ Neu,5.022105991,-2.933899567
GAGGGTAAGAGGGTGG-1_1,Sham,Isg15+ Neu,0.753438472,0.217231705
GAGGGTAGTACAAACA-1_1,Sham,Csf3r-hi Neu,0.722103417,4.037768081
GAGTCTAGTAGCTGCC-1_1,Sham,Mmp8+ Neu,2.171831667,-0.296179995
GAGTGAGGTTCTCTAT-1_1,Sham,Csf3r-hi Neu,1.331197321,1.575280383
GAGTTTGAGGTAGCAC-1_1,Sham,Csf3r-hi Neu,2.465100824,2.015025809
GATCAGTCAAATACGA-1_1,Sham,Mmp8+ Neu,3.207613766,0.310974076
GATCAGTCAGCCTATA-1_1,Sham,Icam1+ Neu,-2.340351761,1.138997271
GATCATGGTGATCGTT-1_1,Sham,Mmp8+ Neu,3.630208075,-0.607191667
GATCCCTAGTCACACT-1_1,Sham,Csf3r-hi Neu,1.299874723,2.772176698
GATCCCTCATGGAGAC-1_1,Sham,Csf3r-hi Neu,-0.522287101,3.375355914
GATCGTATCGCTAATG-1_1,Sham,Mmp8+ Neu,3.68469721,-3.220094487
GATGACTCAAGCGATG-1_1,Sham,Icam1+ Neu,-4.353888214,3.394696906
GATGAGGCAGTCACGC-1_1,Sham,Csf3r-hi Neu,0.718245625,1.715447619
GATGAGGGTGCATGAG-1_1,Sham,Icam1+ Neu,-2.098569811,2.254114344
GATGATCGTATGGGAC-1_1,Sham,Csf3r-hi Neu,2.042690575,3.110911086
GATGCTAGTGCTAGCC-1_1,Sham,Isg15+ Neu,1.679242074,0.654618576
GATGTTGTCTACGCGG-1_1,Sham,Csf3r-hi Neu,0.43149358,3.674896434
GCAACATAGTACGTCT-1_1,Sham,Csf3r-hi Neu,1.129217922,2.890136674
GCAACCGCATCGTGGC-1_1,Sham,Cstdc4+ Neu,1.587739169,-3.92866616
GCAACCGTCACGACTA-1_1,Sham,Csf3r-hi Neu,1.629728734,1.655290559
GCACATAGTGAGCAGT-1_1,Sham,Icam1+ Neu,-1.66335398,3.017669394
GCACGGTCATATCTCT-1_1,Sham,Mmp8+ Neu,3.542931616,0.511222198
GCACGTGAGGTCCAGA-1_1,Sham,Cstdc4+ Neu,2.767782509,-4.319641397
GCAGTTAGTGGTATGG-1_1,Sham,Mmp8+ Neu,4.055359184,-3.52983217
GCATCGGCAGCTACAT-1_1,Sham,Csf3r-hi Neu,0.386198282,2.78588815
GCATGATCAGTAGGAC-1_1,Sham,Mmp8+ Neu,3.495744049,-1.76353316
GCCAACGCATAACGGG-1_1,Sham,Mmp8+ Neu,2.47733885,-0.686968729
GCCAGCAGTCAAAGTA-1_1,Sham,Mmp8+ Neu,7.584802925,-4.326278493
GCCAGGTGTCTAGATC-1_1,Sham,Icam1+ Neu,-2.853877962,3.550626948
GCCATTCAGGTGCCTC-1_1,Sham,Csf3r-hi Neu,2.065097153,2.970755294
GCCATTCTCTAAGAAG-1_1,Sham,Csf3r-hi Neu,-0.580697239,1.270728305
GCCATTCTCTGGCCGA-1_1,Sham,Mmp8+ Neu,4.895056068,1.029867366
GCCCGAATCACTCGAA-1_1,Sham,Mmp8+ Neu,2.486763537,-0.801405683
GCCGTGAAGCGTGAGT-1_1,Sham,Mmp8+ Neu,4.943715393,-0.397116229
GCCTGTTGTTCTCACC-1_1,Sham,Csf3r-hi Neu,1.027921259,2.476490929
GCGGATCAGAGTGGCT-1_1,Sham,Mmp8+ Neu,2.899977028,-1.391512975
GCGTGCAGTAGAGATT-1_1,Sham,Mmp8+ Neu,3.680668413,-2.685787723
GCGTGCATCAGACATC-1_1,Sham,Mmp8+ Neu,4.39403373,0.444858506
GCTACAAGTCTCACGG-1_1,Sham,Mmp8+ Neu,4.211740791,-3.19128947
GCTACCTAGTGAGGTC-1_1,Sham,Mmp8+ Neu,5.715293705,-1.346019373
GCTCAAAGTGGCTGCT-1_1,Sham,Csf3r-hi Neu,1.815142214,0.871575549
GCTGGGTCATCCTAAG-1_1,Sham,Cstdc4+ Neu,1.803977787,-3.534230039
GCTTTCGAGCCGTAAG-1_1,Sham,Csf3r-hi Neu,-0.38702181,3.160210326
GCTTTCGAGCTCGAAG-1_1,Sham,Mmp8+ Neu,4.572188675,0.389440372
GCTTTCGCATAAGATG-1_1,Sham,Cstdc4+ Neu,0.859238922,-4.582876966
GGAAGTGTCACTAGCA-1_1,Sham,Csf3r-hi Neu,0.989567697,3.198283866
GGAATCTGTACGAGTG-1_1,Sham,Mmp8+ Neu,2.000107109,-1.554143682
GGAATGGCATGACTGT-1_1,Sham,Icam1+ Neu,-2.90891999,2.801359608
GGAGAACGTAGGTACG-1_1,Sham,Mmp8+ Neu,3.266570627,-1.649218783
GGAGGTACAACGAGGT-1_1,Sham,Icam1+ Neu,-2.173268974,2.25328727
GGATGTTAGCTCTGTA-1_1,Sham,Isg15+ Neu,1.030424654,1.383662417
GGCACGTAGTCTGCAT-1_1,Sham,Icam1+ Neu,-1.821757734,1.001481726
GGCACGTCAAGACCGA-1_1,Sham,Mmp8+ Neu,5.364252388,-2.833305285
GGCAGTCGTCGCATCG-1_1,Sham,Cstdc4+ Neu,0.536798954,-4.40124707
GGCTGTGCACAACCGC-1_1,Sham,Cstdc4+ Neu,2.507110178,-2.749797866
GGCTTGGAGACCATAA-1_1,Sham,Cd14-hi Neu,1.394752442,-1.660737083
GGGACAACAGTCGCAC-1_1,Sham,Csf3r-hi Neu,2.392853319,2.942375853
GGGACAAGTGAGAACC-1_1,Sham,Mmp8+ Neu,4.491636574,1.384793713
GGGAGATAGCTACTGT-1_1,Sham,Isg15+ Neu,2.150376141,-0.182627127
GGGAGTATCTGGGCGT-1_1,Sham,Csf3r-hi Neu,0.673273265,3.829007342
GGGATCCGTGAGTCAG-1_1,Sham,Csf3r-hi Neu,-0.714577973,1.949075892
GGGCCATTCTCTGCCA-1_1,Sham,Csf3r-hi Neu,-0.173423911,4.027229026
GGGTAGAGTCGGTGTC-1_1,Sham,Mmp8+ Neu,2.989084541,0.429020598
GGGTCTGCACGCGGTT-1_1,Sham,Mmp8+ Neu,4.712282002,1.325488284
GGTAACTCAAACCGGA-1_1,Sham,Mmp8+ Neu,5.357664406,-2.76926069
GGTAACTGTTCCGCAG-1_1,Sham,Mmp8+ Neu,5.921948254,-1.226199702
GGTCACGCAACGCCCA-1_1,Sham,Isg15+ Neu,1.136077344,0.804173425
GGTGAAGAGAGCAACC-1_1,Sham,Cstdc4+ Neu,-0.951537788,2.838277533
GGTGAAGAGCGGACAT-1_1,Sham,Csf3r-hi Neu,1.520627796,3.219928458
GGTGATTGTGATAGAT-1_1,Sham,Csf3r-hi Neu,3.100380003,1.723218634
GGTGGCTGTGCAACGA-1_1,Sham,Icam1+ Neu,-4.149201334,4.504733279
GGTGGCTGTTCCAAAC-1_1,Sham,Mmp8+ Neu,4.224067509,-0.588472858
GGTGTCGAGCATTTCG-1_1,Sham,Cstdc4+ Neu,2.352623999,-3.668600604
GGTGTTACATGGGATG-1_1,Sham,Csf3r-hi Neu,2.446819365,2.682740405
GGTGTTATCTACCTTA-1_1,Sham,Icam1+ Neu,-2.047210992,2.488760426
GGTTGTATCATAGGCT-1_1,Sham,Csf3r-hi Neu,3.115279972,1.327829316
GTAATCGTCCTGTAAG-1_1,Sham,Mmp8+ Neu,3.022801697,-1.856948242
GTAGATCCATATCGGT-1_1,Sham,Csf3r-hi Neu,3.583642065,1.807921365
GTAGCTAAGATACAGT-1_1,Sham,Cstdc4+ Neu,0.144347339,-3.862504766
GTAGTACCAGGCTATT-1_1,Sham,Mmp8+ Neu,2.401478588,-2.133699224
GTATTGGGTGTGTACT-1_1,Sham,Cstdc4+ Neu,1.988641083,-4.008778617
GTATTTCGTACGACAG-1_1,Sham,Mmp8+ Neu,5.591917812,-0.719410435
GTATTTCGTCTCAGGC-1_1,Sham,Csf3r-hi Neu,-0.020515204,3.838235572
GTCACGGAGGAATTAC-1_1,Sham,Isg15+ Neu,1.134776294,0.053618267
GTCATCCTCCTTGGAA-1_1,Sham,Csf3r-hi Neu,0.935837924,2.801649049
GTCATGAAGTAACGAT-1_1,Sham,Csf3r-hi Neu,1.188744366,3.704938128
GTCATTTAGACCAAGC-1_1,Sham,Icam1+ Neu,-1.73933059,2.258552983
GTCCCATCAGTTGCGC-1_1,Sham,Icam1+ Neu,-3.321735561,2.631212189
GTCGTAATCCTTATCA-1_1,Sham,Csf3r-hi Neu,2.648761093,2.405161813
GTCGTTCAGGAGGGTG-1_1,Sham,Csf3r-hi Neu,1.59527558,1.580637887
GTCTACCGTGACGCCT-1_1,Sham,Icam1+ Neu,-1.608115495,1.264009908
GTCTACCTCGAGAAAT-1_1,Sham,Mmp8+ Neu,1.565329372,1.038289025
GTCTAGAAGTCCTGCG-1_1,Sham,Mmp8+ Neu,4.016871273,-2.377396629
GTCTCACAGTGCCGAA-1_1,Sham,Mmp8+ Neu,5.22755748,0.314148858
GTCTGTCGTGTACAGG-1_1,Sham,Mmp8+ Neu,3.499846279,-0.313191638
GTCTTTAAGACGAGCT-1_1,Sham,Csf3r-hi Neu,1.272485554,2.587455943
GTGAGTTAGGGTAATT-1_1,Sham,Mmp8+ Neu,3.327854693,-2.635664985
GTGAGTTCACAGACGA-1_1,Sham,Icam1+ Neu,-4.022752703,1.79678221
GTGATGTTCACGAGGA-1_1,Sham,Csf3r-hi Neu,-0.356493757,4.250775054
GTGCGTGAGCGCCTAC-1_1,Sham,Csf3r-hi Neu,-0.760697961,3.653168395
GTGCGTGAGTTAGTAG-1_1,Sham,Csf3r-hi Neu,-1.607795895,3.537877276
GTGCGTGTCGCCTTGT-1_1,Sham,Mmp8+ Neu,3.902161419,-3.842541978
GTGGAAGCAATTCTCT-1_1,Sham,Isg15+ Neu,-0.040483401,-0.041726873
GTGGTTAAGATAGTGT-1_1,Sham,Csf3r-hi Neu,1.090640962,1.6762342
GTGTCCTAGTACCATC-1_1,Sham,Mmp8+ Neu,3.385189592,-1.9063745
GTGTGGCCAATGCAAA-1_1,Sham,Cd14-hi Neu,-1.772020162,-1.475774214
GTGTTAGAGTTTCTTC-1_1,Sham,Icam1+ Neu,-3.063530147,1.858925774
GTGTTCCAGAAGGGAT-1_1,Sham,Mmp8+ Neu,4.996863663,-2.582153485
GTTACAGTCATCCTGC-1_1,Sham,Csf3r-hi Neu,-0.968778551,2.133320763
GTTACGATCTCCGCAT-1_1,Sham,Mmp8+ Neu,2.831681549,-1.194905125
GTTAGACCACCGCTAG-1_1,Sham,Mmp8+ Neu,5.539310276,-2.002179429
GTTAGTGGTGGAAATT-1_1,Sham,Csf3r-hi Neu,3.143917858,2.45610781
GTTAGTGGTGGAATGC-1_1,Sham,Mmp8+ Neu,2.278532803,0.466651871
GTTCATTCAATACAGA-1_1,Sham,Icam1+ Neu,-3.521147907,4.395635321
GTTCTATCACTCAAGT-1_1,Sham,Icam1+ Neu,-3.881267488,2.299029782
GTTGAACTCGGAATGG-1_1,Sham,Cstdc4+ Neu,0.10183838,-3.952471778
GTTGTAGGTCTACATG-1_1,Sham,Csf3r-hi Neu,0.664767086,3.123529151
GTTGTGATCATTACTC-1_1,Sham,Isg15+ Neu,-0.50805825,0.002660587
GTTTACTAGCACTCAT-1_1,Sham,Cd14-hi Neu,1.686003506,-2.09639673
GTTTGGAAGACCTCCG-1_1,Sham,Csf3r-hi Neu,-2.067275227,3.465345099
TAACACGCAACACAAA-1_1,Sham,Mmp8+ Neu,5.681941807,-2.19913213
TAACACGGTGCTCCGA-1_1,Sham,Mmp8+ Neu,5.343089401,-0.656430289
TAACCAGTCGCGTGCA-1_1,Sham,Mmp8+ Neu,3.686475813,-1.571327851
TAACTTCCAATCGAAA-1_1,Sham,Csf3r-hi Neu,-0.478829086,1.594577744
TAAGCGTCACCTCTGT-1_1,Sham,Cstdc4+ Neu,1.280697405,-3.81442909
TAATCTCCAGCGTTGC-1_1,Sham,Mmp8+ Neu,5.25066787,-1.107924037
TAATTCCGTTCAAAGA-1_1,Sham,Mmp8+ Neu,3.575928747,0.979051307
TACCGAAAGGGACTGT-1_1,Sham,Csf3r-hi Neu,1.992164671,2.230166867
TACCGAACATGCCATA-1_1,Sham,Csf3r-hi Neu,-1.272674382,4.103505805
TACCTGCCAACACGTT-1_1,Sham,Csf3r-hi Neu,2.0914343,2.281956389
TACGCTCAGTGGAAAG-1_1,Sham,Mmp8+ Neu,3.235103905,-4.107237622
TACGCTCGTATGAGGC-1_1,Sham,Csf3r-hi Neu,2.017041742,1.558693602
TACGGGCTCATACGGT-1_1,Sham,Icam1+ Neu,-3.391993225,1.442893222
TACGGGCTCGATGGAG-1_1,Sham,Csf3r-hi Neu,2.073401272,2.181132987
TACGGTAGTCCACATA-1_1,Sham,Cstdc4+ Neu,2.39243108,-3.245966718
TACGTCCGTGCATGTT-1_1,Sham,Icam1+ Neu,-2.917129934,2.852587893
TACTTCACAGTATTCG-1_1,Sham,Mmp8+ Neu,2.795672476,0.19245167
TAGACCAAGAGCCGTA-1_1,Sham,Icam1+ Neu,-3.678510607,3.753086283
TAGACCAAGCAAGTCG-1_1,Sham,Cstdc4+ Neu,1.585539877,-3.476542041
TAGACCACAAGTTCCA-1_1,Sham,Csf3r-hi Neu,0.712908566,2.762845471
TAGAGTCAGCAGGCTA-1_1,Sham,Mmp8+ Neu,4.166628182,0.376717284
TAGAGTCCAGCACACC-1_1,Sham,Mmp8+ Neu,4.723994553,0.570888355
TAGAGTCGTATAATGG-1_1,Sham,Csf3r-hi Neu,1.600312888,3.129684165
TAGAGTCGTCTTCTAT-1_1,Sham,Icam1+ Neu,-4.558767975,3.631527617
TAGAGTCGTGACTAAA-1_1,Sham,Csf3r-hi Neu,-0.831430138,3.60365887
TAGAGTCGTTGGGATG-1_1,Sham,Mmp8+ Neu,3.779610693,0.091031745
TAGATCGCATATTCGG-1_1,Sham,Csf3r-hi Neu,-0.127655983,2.494644835
TAGCACACAGCGGATA-1_1,Sham,Mmp8+ Neu,5.876780808,-2.342744157
TAGCACACAGTAGATA-1_1,Sham,Mmp8+ Neu,6.318414032,-3.114650533
TAGCACATCGAGCCAC-1_1,Sham,Mmp8+ Neu,5.465832531,-0.569397435
TAGGGTTAGCCTCACG-1_1,Sham,Mmp8+ Neu,3.746176302,1.099593833
TAGGGTTAGTTCCAGT-1_1,Sham,Csf3r-hi Neu,-1.164915324,3.052893832
TAGGTACCAGTCGCTG-1_1,Sham,Icam1+ Neu,-3.018859089,3.414096072
TAGGTACGTTCGGACC-1_1,Sham,Icam1+ Neu,-3.914357365,3.452826216
TAGGTTGAGAGGTGCT-1_1,Sham,Mmp8+ Neu,3.41318947,-0.537163601
TAGGTTGCATTCTGTT-1_1,Sham,Mmp8+ Neu,3.239513933,-4.187248275
TAGTGCACACAGCGCT-1_1,Sham,Isg15+ Neu,4.357647717,-0.139897332
TATACCTCATGCTGCG-1_1,Sham,Icam1+ Neu,-1.931317151,2.769012883
TATCTGTGTACCCGAC-1_1,Sham,Csf3r-hi Neu,0.219790488,4.111090377
TATCTTGAGCGGACAT-1_1,Sham,Mmp8+ Neu,5.636172115,-1.448472724
TATTCCATCGATACTG-1_1,Sham,Mmp8+ Neu,3.44769746,-2.260518954
TCAAGACAGCTGGCCT-1_1,Sham,Mmp8+ Neu,2.709132015,-2.479812667
TCAAGACGTATGGTAA-1_1,Sham,Isg15+ Neu,-0.121183228,-0.070390866
TCAATCTTCTGTCGTC-1_1,Sham,Csf3r-hi Neu,3.203132212,2.050036624
TCAATTCAGTTCCGTA-1_1,Sham,Mmp8+ Neu,5.657269775,-1.008006662
TCACAAGCAGGACTAG-1_1,Sham,Mmp8+ Neu,2.99296242,0.95500417
TCACAAGGTCCTCATC-1_1,Sham,Mmp8+ Neu,2.406193554,-0.108697698
TCACAAGTCGAAGTGG-1_1,Sham,Mmp8+ Neu,4.861728489,0.485820129
TCACACCCAAAGGATT-1_1,Sham,Csf3r-hi Neu,-0.391952187,3.851524546
TCACACCCACGGAAGT-1_1,Sham,Csf3r-hi Neu,-0.064833031,3.772972777
TCACACCGTCACTCGG-1_1,Sham,Mmp8+ Neu,1.950854361,-5.02E-05
TCACACCTCGGTTGTA-1_1,Sham,Icam1+ Neu,-4.380880058,1.448419764
TCACATTTCCGCTAGG-1_1,Sham,Cstdc4+ Neu,1.291558921,-4.317750976
TCACGCTCATCTATCT-1_1,Sham,Csf3r-hi Neu,2.862541735,2.349798873
TCACGCTGTACAATAG-1_1,Sham,Cstdc4+ Neu,0.081606924,-4.440082833
TCACTATGTCTCCTGT-1_1,Sham,Csf3r-hi Neu,0.035388872,3.578650668
TCAGCAAAGCTCTGTA-1_1,Sham,Csf3r-hi Neu,0.497726917,2.156919196
TCAGCCTGTGAATTAG-1_1,Sham,Icam1+ Neu,-4.50523156,0.250735596
TCAGGGCGTATCAGCT-1_1,Sham,Csf3r-hi Neu,2.996881783,2.315828278
TCAGGTAAGGTTACAA-1_1,Sham,Icam1+ Neu,-3.943144262,4.085849002
TCAGGTACAGTAACCT-1_1,Sham,Icam1+ Neu,-4.696338356,0.701851085
TCAGTTTCAGTTTCAG-1_1,Sham,Mmp8+ Neu,2.486431896,-0.997212611
TCATCCGCAATAGTGA-1_1,Sham,Csf3r-hi Neu,3.450841963,2.995246127
TCATGAGAGTCATGAA-1_1,Sham,Csf3r-hi Neu,1.719218552,2.297507479
TCATGAGCAAACTGCT-1_1,Sham,Cstdc4+ Neu,2.668648779,-3.573943422
TCATGAGGTATCACCA-1_1,Sham,Cstdc4+ Neu,1.399799406,-3.969573066
TCATGAGTCGGACAAG-1_1,Sham,Mmp8+ Neu,6.109209835,-2.902611897
TCATTCACATACAGGG-1_1,Sham,Csf3r-hi Neu,1.299866259,2.448763564
TCATTTGGTAAGTTAG-1_1,Sham,Cstdc4+ Neu,2.63033849,-3.550156877
TCATTTGGTACACGTT-1_1,Sham,Csf3r-hi Neu,-1.032174707,3.55702658
TCCACCATCCGTTGAA-1_1,Sham,Icam1+ Neu,-1.408465088,3.27547045
TCCAGAACAAGCCCAC-1_1,Sham,Csf3r-hi Neu,2.339018881,3.040873721
TCCATCGGTGTCGATT-1_1,Sham,Mmp8+ Neu,4.8515504,-1.530396149
TCCCATGCACTTCAAG-1_1,Sham,Mmp8+ Neu,5.442091763,-0.823031754
TCCGATCTCAATGCAC-1_1,Sham,Cstdc4+ Neu,2.483665287,1.308546737
TCCGATCTCCACGGGT-1_1,Sham,Csf3r-hi Neu,1.928563654,3.456898406
TCCGGGAGTGTGGTCC-1_1,Sham,Mmp8+ Neu,3.718895733,0.532774999
TCCTAATAGCTCGACC-1_1,Sham,Mmp8+ Neu,2.206917345,0.207588151
TCCTGCATCTCCTGTG-1_1,Sham,Cd14-hi Neu,0.916384875,-0.773875997
TCGAACAAGAAGTGTT-1_1,Sham,Cstdc4+ Neu,1.014291703,-4.373318956
TCGAAGTTCTTCGTGC-1_1,Sham,Csf3r-hi Neu,1.556627214,2.661228373
TCGCACTCATCTGCGG-1_1,Sham,Mmp8+ Neu,1.870658934,0.680610731
TCGCACTGTCGCATTA-1_1,Sham,Csf3r-hi Neu,2.833040773,2.039445355
TCGCAGGCAACCTATG-1_1,Sham,Icam1+ Neu,-1.99341482,3.333511546
TCGCAGGCAGCTGTCG-1_1,Sham,Csf3r-hi Neu,-0.531329632,2.790140345
TCGGATATCGGCACTG-1_1,Sham,Icam1+ Neu,-1.090313137,1.435875371
TCGGGACTCACAACCA-1_1,Sham,Csf3r-hi Neu,3.543716967,2.088402226
TCGGGCAAGTTGCATC-1_1,Sham,Csf3r-hi Neu,1.697589337,1.901966527
TCGGGTGGTTTGTGGT-1_1,Sham,Csf3r-hi Neu,-0.482262761,3.568554118
TCGGGTGTCGCCTTGT-1_1,Sham,Cd14-hi Neu,-0.082625069,-1.918144927
TCGGTCTCACACGGAA-1_1,Sham,Csf3r-hi Neu,2.413582623,2.938344195
TCGTAGATCATGAGTC-1_1,Sham,Csf3r-hi Neu,1.529595553,3.218941405
TCTCACGAGAAGTCCG-1_1,Sham,Csf3r-hi Neu,2.477594196,1.379723504
TCTCACGGTCCCTAAA-1_1,Sham,Csf3r-hi Neu,1.00106126,3.041655257
TCTCACGGTCTTGCTC-1_1,Sham,Csf3r-hi Neu,1.727502048,2.626937583
TCTCACGTCCCAATAG-1_1,Sham,Csf3r-hi Neu,1.246776163,2.540734484
TCTCAGCGTCGTCAGC-1_1,Sham,Mmp8+ Neu,5.562053501,-3.043119595
TCTCCGACAATCTAGC-1_1,Sham,Csf3r-hi Neu,-0.476163924,1.979472115
TCTGCCACAAGGCAAC-1_1,Sham,Mmp8+ Neu,2.881559431,0.782637313
TCTGTCGTCCAACCGG-1_1,Sham,Mmp8+ Neu,3.50889641,-4.144244954
TCTTAGTTCCGGCAAC-1_1,Sham,Mmp8+ Neu,3.440304815,-0.756616697
TCTTCCTCAAGAGTGC-1_1,Sham,Mmp8+ Neu,4.064055264,0.566970542
TCTTGCGAGTATCTGC-1_1,Sham,Mmp8+ Neu,3.577124893,1.423535779
TCTTGCGAGTTTGTCG-1_1,Sham,Mmp8+ Neu,4.397737801,-1.08570729
TCTTGCGCACGCTGTG-1_1,Sham,Mmp8+ Neu,5.89013654,-0.620841518
TCTTTGATCGGTAACT-1_1,Sham,Icam1+ Neu,-4.734674156,4.747227862
TGACAGTCACAGCCTG-1_1,Sham,Csf3r-hi Neu,1.344268262,1.990207866
TGACCCTGTTCCTAAG-1_1,Sham,Csf3r-hi Neu,0.641047477,2.967867091
TGACCCTTCGTTATCT-1_1,Sham,Cstdc4+ Neu,1.830194532,-4.26714997
TGACGCGGTATACCCA-1_1,Sham,Mmp8+ Neu,4.10495454,-2.134199187
TGACTCCCACCGTGCA-1_1,Sham,Mmp8+ Neu,3.66019231,0.567250922
TGAGCATGTGCAACGA-1_1,Sham,Mmp8+ Neu,4.058359444,-3.18709068
TGAGGTTTCTAAGAAG-1_1,Sham,Cstdc4+ Neu,-0.268188052,3.106232837
TGATGCAAGACACACG-1_1,Sham,Csf3r-hi Neu,1.754790842,1.834444955
TGATGCAGTGATACAA-1_1,Sham,Mmp8+ Neu,1.950904905,0.047027781
TGATTTCAGACATAAC-1_1,Sham,Icam1+ Neu,-4.170432985,3.457351878
TGCACGGGTTGGCTAT-1_1,Sham,Icam1+ Neu,-3.089206875,2.696197465
TGCATCCAGTCACTAC-1_1,Sham,Cstdc4+ Neu,1.253795564,-4.634980008
TGCATGAGTCGAAGCA-1_1,Sham,Mmp8+ Neu,5.73813802,-1.381632105
TGCGATACATCCGGCA-1_1,Sham,Cstdc4+ Neu,0.332152068,-3.157233283
TGCGGCAAGGGTACGT-1_1,Sham,Mmp8+ Neu,3.648251593,-0.431336031
TGCGGGTAGATGGTAT-1_1,Sham,Csf3r-hi Neu,1.560489475,3.264921382
TGCTCCAGTGTCCCTT-1_1,Sham,Mmp8+ Neu,2.809726774,0.584369018
TGCTCGTAGGTGATAT-1_1,Sham,Icam1+ Neu,-4.90591687,2.883905843
TGGAACTTCGAGCCAC-1_1,Sham,Cstdc4+ Neu,0.822445333,-3.126180932
TGGATGTGTTCTAAGC-1_1,Sham,Csf3r-hi Neu,1.136728942,2.21380563
TGGCGTGTCGAAGTGG-1_1,Sham,Csf3r-hi Neu,0.658583402,1.848516896
TGGGAAGCAGATCCAT-1_1,Sham,Csf3r-hi Neu,2.066485226,2.60230799
TGGGCGTCATCGTCCT-1_1,Sham,Cd14-hi Neu,-1.0653736,-2.264464066
TGGGCGTGTACGCGTC-1_1,Sham,Csf3r-hi Neu,-1.214585841,0.943546965
TGGGCGTTCTTGAACG-1_1,Sham,Icam1+ Neu,-4.161581695,0.446018532
TGGTACATCCGCAAAT-1_1,Sham,Cstdc4+ Neu,2.785211622,-3.117007777
TGGTAGTAGATCCCGC-1_1,Sham,Icam1+ Neu,-1.505582393,2.149345353
TGGTGATAGGGCAATC-1_1,Sham,Csf3r-hi Neu,0.720445752,2.066733315
TGGTGATGTTGTCCCT-1_1,Sham,Icam1+ Neu,-2.988218487,1.537759021
TGTAACGTCGACACTA-1_1,Sham,Csf3r-hi Neu,-0.6552203,2.005151942
TGTAGACCACATATGC-1_1,Sham,Mmp8+ Neu,3.423082411,0.652617171
TGTAGACGTGTCTCCT-1_1,Sham,Cstdc4+ Neu,1.724076092,-4.055394695
TGTCCCATCCGTACGG-1_1,Sham,Icam1+ Neu,-2.235842169,1.624551251
TGTCCTGCACTTGGGC-1_1,Sham,Mmp8+ Neu,5.65205127,0.089024141
TGTGAGTCATTGCCTC-1_1,Sham,Cstdc4+ Neu,-0.252947897,-3.743203685
TGTGAGTGTTCTTGCC-1_1,Sham,Csf3r-hi Neu,0.02234888,3.681662276
TGTGATGCATCCCGTT-1_1,Sham,Csf3r-hi Neu,1.224265039,3.117185786
TGTTACTCAGGTGACA-1_1,Sham,Mmp8+ Neu,5.239685833,-3.278739021
TGTTACTTCGGCTTGG-1_1,Sham,Mmp8+ Neu,5.673217594,-0.762883231
TGTTCTAAGGTTTGAA-1_1,Sham,Icam1+ Neu,-2.406422079,2.692342713
TGTTGAGGTATTGACC-1_1,Sham,Mmp8+ Neu,3.612505495,-3.014056608
TGTTGGAAGCGAGTAC-1_1,Sham,Cstdc4+ Neu,1.596748173,-4.233740613
TGTTGGAGTTCCACAA-1_1,Sham,Mmp8+ Neu,4.328559696,0.530814007
TGTTGGATCTGTTCAT-1_1,Sham,Csf3r-hi Neu,2.477973282,2.568149522
TGTTTGTAGGCTTAGG-1_1,Sham,Csf3r-hi Neu,2.04723531,2.648589328
TTAATCCGTAGTCGGA-1_1,Sham,Mmp8+ Neu,3.423943102,-0.662283048
TTAATCCGTGTCCATA-1_1,Sham,Mmp8+ Neu,3.420878946,-0.449874923
TTACCATGTCGTTTCC-1_1,Sham,Mmp8+ Neu,3.603032887,-3.268113181
TTACCATTCGAGCCAC-1_1,Sham,Mmp8+ Neu,5.78980714,-1.512081519
TTACCATTCGCCACTT-1_1,Sham,Csf3r-hi Neu,0.493149936,2.968143657
TTACGCCCACCTTCGT-1_1,Sham,Mmp8+ Neu,4.426513969,-1.348637864
TTACTGTTCAGAGCAG-1_1,Sham,Cstdc4+ Neu,-0.307207525,-4.190716312
TTACTGTTCGTTATCT-1_1,Sham,Csf3r-hi Neu,1.858124315,2.93586941
TTAGGGTAGTTGGCTT-1_1,Sham,Csf3r-hi Neu,-0.547623516,4.203457072
TTCAATCGTTAGAGTA-1_1,Sham,Mmp8+ Neu,5.435024082,-2.725471422
TTCACCGGTAGAGATT-1_1,Sham,Csf3r-hi Neu,0.45514661,3.627863601
TTCACGCTCAAGTAAG-1_1,Sham,Csf3r-hi Neu,3.287842571,3.11883755
TTCCAATTCGGCTTCT-1_1,Sham,Csf3r-hi Neu,2.907276928,2.404548123
TTCCTAAAGCGAATGC-1_1,Sham,Mmp8+ Neu,4.201226532,-1.374171123
TTCGATTCAATGACCT-1_1,Sham,Mmp8+ Neu,2.584659874,-0.02482836
TTCGATTCAGAACTAA-1_1,Sham,Csf3r-hi Neu,2.869935333,2.054083302
TTCGGTCCAGTGACCC-1_1,Sham,Mmp8+ Neu,6.492909252,-1.600947246
TTCTAGTCAGGACTTT-1_1,Sham,Mmp8+ Neu,1.57249552,0.341720417
TTGACCCAGGCAGTCA-1_1,Sham,Icam1+ Neu,-1.299466908,2.11383076
TTGACCCGTATCCTCC-1_1,Sham,Cstdc4+ Neu,2.029318392,-4.112530038
TTGACCCTCTCTCGAC-1_1,Sham,Csf3r-hi Neu,0.730630874,3.213907912
TTGCCTGCAAGCAGGT-1_1,Sham,Csf3r-hi Neu,0.219745725,3.122478679
TTGCCTGCACACAGAG-1_1,Sham,Csf3r-hi Neu,2.714598476,3.214266494
TTGCCTGTCAACTTTC-1_1,Sham,Mmp8+ Neu,5.0985592,0.197446897
TTGCGTCAGAGCCTGA-1_1,Sham,Mmp8+ Neu,4.909014046,0.056812122
TTGGATGAGGCGTCCT-1_1,Sham,Icam1+ Neu,-4.274629772,3.716802314
TTGGATGTCATGAGAA-1_1,Sham,Mmp8+ Neu,3.323283493,-4.11902456
TTGGGATGTCAATGGG-1_1,Sham,Cstdc4+ Neu,-1.192911208,-4.342233464
TTGTGGAGTGACAGCA-1_1,Sham,Csf3r-hi Neu,0.110598683,3.2091486
TTGTGTTGTGTTAGCT-1_1,Sham,Csf3r-hi Neu,0.092564225,2.007694676
TTGTGTTGTTAAAGTG-1_1,Sham,Icam1+ Neu,-2.893702686,2.764317229
TTGTTTGAGAGACAAG-1_1,Sham,Cstdc4+ Neu,2.11380583,-3.920014903
TTGTTTGCACCGTGGT-1_1,Sham,Csf3r-hi Neu,1.239685118,2.341441586
TTTACGTCATCCCACT-1_1,Sham,Isg15+ Neu,0.320582509,0.965743974
TTTCACAAGATACCAA-1_1,Sham,Icam1+ Neu,-3.455355823,3.760954097
TTTCACATCAGGACAG-1_1,Sham,Csf3r-hi Neu,0.517909765,2.998143866
TTTCAGTAGCTCCGAC-1_1,Sham,Csf3r-hi Neu,0.271258831,2.212860301
TTTCGATCACCAGCGT-1_1,Sham,Csf3r-hi Neu,1.286435306,1.230565264
TTTCGATTCCCGAATA-1_1,Sham,Csf3r-hi Neu,2.795492231,2.589828685
TTTGACTTCCCGAGGT-1_1,Sham,Csf3r-hi Neu,1.435092151,2.252176478
TTTGATCTCGAAATCC-1_1,Sham,Icam1+ Neu,-4.080170572,4.732332423
TTTGGAGGTAATCAAG-1_1,Sham,Icam1+ Neu,-1.150329292,1.050856068
TTTGGTTCAGCCATTA-1_1,Sham,Icam1+ Neu,-4.342123211,1.496592238
TTTGTTGAGACGCAGT-1_1,Sham,Mmp8+ Neu,4.035171806,-0.438568041
ACTGCAACAGTCGGAA-1_2,Sham,Icam1+ Neu,-4.029900492,1.770255044
ACTTCCGGTCGGCTAC-1_2,Sham,Mmp8+ Neu,5.677377522,-0.377434895
ACTTTCACACTACCCT-1_2,Sham,Mmp8+ Neu,5.32335788,-1.952652201
ACTTTGTCATGATCTG-1_2,Sham,Csf3r-hi Neu,-0.774599374,3.898094847
AGAAATGGTATGATCC-1_2,Sham,Icam1+ Neu,-3.850631893,0.93089886
AGAAGTAGTATTTCTC-1_2,Sham,Mmp8+ Neu,2.015800535,-0.670433447
AGACAAAAGATGGCGT-1_2,Sham,Cstdc4+ Neu,0.884262144,-3.43490462
AGACAGGTCTGAGCAT-1_2,Sham,Mmp8+ Neu,3.107613146,-1.306159571
AGACCATGTCCAGCCA-1_2,Sham,Csf3r-hi Neu,-0.592706234,3.23774071
AGACCATGTGACTCTA-1_2,Sham,Csf3r-hi Neu,1.318083107,3.439140513
AGACTCACATGGAATA-1_2,Sham,Cstdc4+ Neu,1.402372539,-3.424655721
AGAGCAGCAGTGACCC-1_2,Sham,Mmp8+ Neu,1.913856327,-0.920489431
AGAGCCCCAGTCCGTG-1_2,Sham,Icam1+ Neu,-2.024455727,3.628390029
AGATGCTAGGCGAAGG-1_2,Sham,Mmp8+ Neu,5.707648575,-1.839637086
AGCGATTCAACAAGAT-1_2,Sham,Icam1+ Neu,-2.865159929,2.993560508
AGCGTCGAGGGAACAA-1_2,Sham,Mmp8+ Neu,2.627199232,-1.573521182
AGCTCAAAGCTCGAAG-1_2,Sham,Csf3r-hi Neu,3.400892078,3.055768683
AGCTTCCTCGGTCGGT-1_2,Sham,Csf3r-hi Neu,-0.834709227,1.756293252
AGGGCCTCAGAGTGTG-1_2,Sham,Csf3r-hi Neu,-1.344427169,4.13241978
AGGTGTTTCATTACCT-1_2,Sham,Csf3r-hi Neu,0.439965427,3.830049231
AGGTTACGTAGCACGA-1_2,Sham,Mmp8+ Neu,6.7684291,-3.991876409
AGGTTGTAGCAATTAG-1_2,Sham,Csf3r-hi Neu,1.222799003,2.768786147
AGTACCATCAGTCACA-1_2,Sham,Csf3r-hi Neu,1.265078485,1.779320672
AGTACTGGTGGACAGT-1_2,Sham,Cd14-hi Neu,0.239668607,-1.385270164
AGTCACATCGGCATAT-1_2,Sham,Icam1+ Neu,-3.186637819,1.648986771
AGTGATCAGGCTGAAC-1_2,Sham,Isg15+ Neu,1.081929028,0.035308197
AGTGATCCATGACGGA-1_2,Sham,Mmp8+ Neu,2.358334839,-0.786640421
AGTTCCCAGTGTAGTA-1_2,Sham,Mmp8+ Neu,7.025356113,-3.692894504
ATACTTCTCTTGCAGA-1_2,Sham,Icam1+ Neu,-1.90324837,2.389332726
ATAGGCTAGTCCCGGT-1_2,Sham,Mmp8+ Neu,4.815691292,1.277486518
ATAGGCTGTGTCTTAG-1_2,Sham,Mmp8+ Neu,3.671624958,-2.15531461
ATCACTTCATCTCAAG-1_2,Sham,Cstdc4+ Neu,2.054750502,-3.705506847
ATCATTCGTATGACAA-1_2,Sham,Cstdc4+ Neu,2.261402189,-2.428042814
ATCATTCTCTGACGCG-1_2,Sham,Mmp8+ Neu,1.656343758,0.119389131
ATCGTGACATTATGCG-1_2,Sham,Csf3r-hi Neu,0.96353811,3.816618636
ATCTTCACAGGTACGA-1_2,Sham,Mmp8+ Neu,3.317907393,-4.086321637
ATGAAAGCAATAACCC-1_2,Sham,Mmp8+ Neu,4.119607746,-3.812810228
ATGAGTCAGCTACAAA-1_2,Sham,Icam1+ Neu,-3.96511668,4.580013945
ATGATCGGTGGTACAG-1_2,Sham,Icam1+ Neu,-5.630019844,0.685825422
ATGCGATAGGCCTGAA-1_2,Sham,Csf3r-hi Neu,-0.366576925,4.270635321
ATGGGAGCAAAGGCTG-1_2,Sham,Mmp8+ Neu,4.819812119,-1.879285142
ATGTCTTCAAATACGA-1_2,Sham,Mmp8+ Neu,5.90730077,-2.933849499
ATGTCTTTCGTAATGC-1_2,Sham,Mmp8+ Neu,4.589315235,0.976731017
ATTCACTCAGCTGTTA-1_2,Sham,Csf3r-hi Neu,0.233594149,2.332025006
ATTCAGGGTATGAAAC-1_2,Sham,Cd14-hi Neu,1.567135632,-1.861931786
ATTCATCAGGGTTAAT-1_2,Sham,Icam1+ Neu,-1.345816434,2.219233468
ATTTACCGTGATTCTG-1_2,Sham,Mmp8+ Neu,4.937885582,0.26264365
CAAAGAATCCCGAATA-1_2,Sham,Mmp8+ Neu,5.544599831,-0.797184006
CAACCTCCAAAGAACT-1_2,Sham,Csf3r-hi Neu,2.230097115,2.077113107
CAACGGCCATGTGACT-1_2,Sham,Mmp8+ Neu,3.273519814,-0.456765816
CAAGGGATCGAAACAA-1_2,Sham,Cstdc4+ Neu,0.980444967,-4.364970252
CAATGACGTAGTATAG-1_2,Sham,Mmp8+ Neu,3.340431749,-2.256356523
CACAACAGTTCTTCAT-1_2,Sham,Icam1+ Neu,-2.359131992,1.82312794
CACACAATCGCATAGT-1_2,Sham,Mmp8+ Neu,5.019767582,-2.139871404
CACAGGCGTGGATCGA-1_2,Sham,Csf3r-hi Neu,-1.811928809,4.017138198
CACGTTCCAACTTGCA-1_2,Sham,Csf3r-hi Neu,2.452408135,1.921314433
CACGTTCTCCACGGGT-1_2,Sham,Csf3r-hi Neu,0.367345392,2.490287259
CACTGAAAGGCATCTT-1_2,Sham,Csf3r-hi Neu,1.904902756,2.590043023
CACTGTCCATTACGGT-1_2,Sham,Mmp8+ Neu,4.303772747,-0.612395242
CACTTCGGTGAGATCG-1_2,Sham,Icam1+ Neu,-3.920093239,4.414746001
CAGATACCAATTGCGT-1_2,Sham,Mmp8+ Neu,3.569299042,-2.673619792
CAGATACTCTAGGCCG-1_2,Sham,Cd14-hi Neu,-2.620284021,-0.812587604
CAGATCAAGGCCACTC-1_2,Sham,Icam1+ Neu,-2.035332621,3.065692141
CAGCAATGTCGATGCC-1_2,Sham,Mmp8+ Neu,5.043144047,-1.64060627
CAGCCAGCACACCAGC-1_2,Sham,Cstdc4+ Neu,2.819612801,-3.282707736
CAGCCAGGTGTCACAT-1_2,Sham,Mmp8+ Neu,1.95477873,0.672636225
CATAAGCAGTTGTAAG-1_2,Sham,Mmp8+ Neu,3.331981003,0.875942424
CATAAGCGTTCGAACT-1_2,Sham,Mmp8+ Neu,3.498620569,-2.476622627
CATCGCTGTGCCTGCA-1_2,Sham,Csf3r-hi Neu,0.033401846,1.708218768
CATCGCTGTTGTAAAG-1_2,Sham,Cstdc4+ Neu,0.678314685,-4.725103662
CATCGCTTCCAAAGGG-1_2,Sham,Mmp8+ Neu,5.385984718,-0.101209984
CATCGGGTCGTCCATC-1_2,Sham,Cstdc4+ Neu,1.578696668,-3.828189418
CATGAGTAGACATACA-1_2,Sham,Mmp8+ Neu,6.468257725,-2.95063667
CATGAGTTCCTGGTCT-1_2,Sham,Csf3r-hi Neu,-0.175024217,3.851290419
CATGCTCCATCTTCGC-1_2,Sham,Mmp8+ Neu,5.010892212,-0.999257781
CATGCTCGTAGGCTCC-1_2,Sham,Csf3r-hi Neu,1.190930426,2.094935849
CATGCTCTCCATCACC-1_2,Sham,Cstdc4+ Neu,1.814825117,2.430612042
CATTCATTCACTGCTC-1_2,Sham,Cstdc4+ Neu,2.400895655,-3.583683774
CATTGTTAGAACCCGA-1_2,Sham,Mmp8+ Neu,5.313739597,-2.218182847
CATTGTTCAAATCGGG-1_2,Sham,Mmp8+ Neu,5.440407097,-0.701605305
CATTGTTCACTATCCC-1_2,Sham,Csf3r-hi Neu,1.440626323,1.102065757
CATTGTTGTACGAGTG-1_2,Sham,Icam1+ Neu,-4.341232002,4.004926875
CATTTCATCCTAAACG-1_2,Sham,Mmp8+ Neu,4.298031151,1.093861296
CATTTCATCGCCAACG-1_2,Sham,Csf3r-hi Neu,0.30949673,1.601075604
CCACAAAAGGGCGAAG-1_2,Sham,Csf3r-hi Neu,-0.965916157,2.872424796
CCACAAACACATTCGA-1_2,Sham,Csf3r-hi Neu,0.321952283,3.283154681
CCCTCAATCACCATGA-1_2,Sham,Mmp8+ Neu,2.700291216,0.865488007
CCGGGTAAGTCCTACA-1_2,Sham,Cd14-hi Neu,-2.001749814,0.409985259
CCTAAGAGTCGCATGC-1_2,Sham,Icam1+ Neu,-2.517913998,3.023045256
CCTACGTGTACAAGTA-1_2,Sham,Cd14-hi Neu,4.169064343,-0.824219793
CCTCCAAGTAGAGCTG-1_2,Sham,Csf3r-hi Neu,2.96812874,2.513825133
CCTCCTCCAGTTGTTG-1_2,Sham,Icam1+ Neu,-4.243806065,3.366630748
CCTCCTCGTTACGCCG-1_2,Sham,Cd14-hi Neu,-0.386671395,-1.113388796
CCTTCAGAGGGTGAGG-1_2,Sham,Mmp8+ Neu,3.206022799,-1.599786207
CCTTCAGCATGCCATA-1_2,Sham,Mmp8+ Neu,4.787947475,-2.200479076
CCTTCAGGTATCGGTT-1_2,Sham,Csf3r-hi Neu,2.025786936,1.93205209
CCTTCAGGTCCCGCAA-1_2,Sham,Csf3r-hi Neu,0.101254522,3.999195292
CCTTGTGTCCGGCAAC-1_2,Sham,Mmp8+ Neu,3.626724302,-4.243440196
CGAATTGCAACCGGAA-1_2,Sham,Isg15+ Neu,2.643305599,-1.227345556
CGAATTGCACGAGGAT-1_2,Sham,Mmp8+ Neu,5.173287212,-1.217496351
CGAGTGCCAGGTCAGA-1_2,Sham,Mmp8+ Neu,3.23491007,-3.552583978
CGATGGCCAGACATCT-1_2,Sham,Mmp8+ Neu,4.34545499,1.140068963
CGCATAAAGTATGGCG-1_2,Sham,Mmp8+ Neu,2.414677918,0.467900708
CGCATAACATGACACT-1_2,Sham,Mmp8+ Neu,5.988840401,-1.344706282
CGCATAATCCAAACCA-1_2,Sham,Csf3r-hi Neu,0.204477727,3.721077159
CGGAATTAGCTTCTAG-1_2,Sham,Icam1+ Neu,-4.629413307,0.398105099
CGGACACGTTGGGTTT-1_2,Sham,Mmp8+ Neu,4.340577423,-0.861800388
CGGAGAACAATACGCT-1_2,Sham,Mmp8+ Neu,3.536558926,-0.909076497
CGGAGAAGTGTGTCGC-1_2,Sham,Mmp8+ Neu,1.892639219,-1.587044582
CGGGTGTAGGCCTTGC-1_2,Sham,Icam1+ Neu,-4.64155072,-0.144178197
CGGTCAGCATTGAAGA-1_2,Sham,Csf3r-hi Neu,1.593796908,3.300031855
CGGTCAGGTGCAACGA-1_2,Sham,Mmp8+ Neu,5.463489353,-0.266163394
CGTAAGTGTGCGCTCA-1_2,Sham,Csf3r-hi Neu,-0.524635256,1.480903819
CGTAATGCAGTTCCAA-1_2,Sham,Isg15+ Neu,0.050657063,1.665898993
CGTAATGGTGCCTATA-1_2,Sham,Mmp8+ Neu,5.663676083,-2.352380678
CGTCCATTCGGTATGT-1_2,Sham,Mmp8+ Neu,6.014630138,-1.111938246
CGTGAATTCTCAACCC-1_2,Sham,Mmp8+ Neu,5.282941162,-0.180535302
CGTGTCTCATGATCTG-1_2,Sham,Csf3r-hi Neu,3.342923939,1.845021918
CGTTCTGCAAGCGAGT-1_2,Sham,Mmp8+ Neu,5.872256577,-0.704111174
CTAACTTCACGGCGTT-1_2,Sham,Cstdc4+ Neu,2.280739367,-3.014355705
CTAAGTGGTACTGCCG-1_2,Sham,Icam1+ Neu,-1.126824558,2.023160889
CTACCCACATAATCGC-1_2,Sham,Mmp8+ Neu,5.451435864,-1.425034538
CTACCCAGTTCGGCGT-1_2,Sham,Cd14-hi Neu,0.416153133,-1.367874548
CTCAAGATCTCTATAC-1_2,Sham,Csf3r-hi Neu,4.251909554,-3.712550208
CTCAGGGGTGTGCTTA-1_2,Sham,Mmp8+ Neu,2.855351269,0.118835166
CTCAGTCAGTCTACCA-1_2,Sham,Csf3r-hi Neu,-0.144550551,3.534835532
CTCAGTCTCTAACACG-1_2,Sham,Csf3r-hi Neu,3.35949403,2.051967576
CTCATGCCATGAATCC-1_2,Sham,Mmp8+ Neu,5.120013535,0.166914537
CTCATGCGTGTTACTG-1_2,Sham,Mmp8+ Neu,4.220998585,-0.944888756
CTCCAACTCGTTCTAT-1_2,Sham,Csf3r-hi Neu,1.691101253,0.874344304
CTCCACACAAATACGA-1_2,Sham,Csf3r-hi Neu,1.013932049,2.131192162
CTCCGATGTACTCGAT-1_2,Sham,Cd14-hi Neu,3.889812767,-2.411715791
CTCCTTTTCTGGAAGG-1_2,Sham,Csf3r-hi Neu,0.693028926,1.646561816
CTCGAGGCACGGTGTC-1_2,Sham,Mmp8+ Neu,2.995782911,-4.026253507
CTCTCGACATGCCATA-1_2,Sham,Mmp8+ Neu,3.215151846,-0.796097175
CTCTCGATCCCATAAG-1_2,Sham,Csf3r-hi Neu,1.721409499,1.391749337
CTGATCCAGTGTAGAT-1_2,Sham,Icam1+ Neu,-1.990125597,3.429012492
CTGCCATCACCCTCTA-1_2,Sham,Cstdc4+ Neu,-0.143689283,-3.881786868
CTGTCGTTCGAAACAA-1_2,Sham,Cstdc4+ Neu,0.466820657,-3.504680917
CTGTGAATCGTGGCGT-1_2,Sham,Csf3r-hi Neu,2.102551281,2.265009597
CTTACCGAGTGATGGC-1_2,Sham,Mmp8+ Neu,7.72888118,-4.620571658
CTTCAATGTGAACGGT-1_2,Sham,Cd14-hi Neu,-0.943589569,-2.3423367
CTTCGGTTCCACTGAA-1_2,Sham,Cd14-hi Neu,-1.902701199,-0.429741249
CTTCTCTGTCACTTCC-1_2,Sham,Csf3r-hi Neu,-0.108846598,2.029185965
CTTGAGAGTATCGAGG-1_2,Sham,Mmp8+ Neu,5.950328648,-1.166348838
GAAATGAAGTGCACAG-1_2,Sham,Cstdc4+ Neu,1.62732476,-2.93926017
GAAATGATCCTCAGAA-1_2,Sham,Icam1+ Neu,-3.529423178,2.106184914
GAACACTGTTCGTAAC-1_2,Sham,Csf3r-hi Neu,2.103222906,3.467289641
GAACACTTCCACAAGT-1_2,Sham,Mmp8+ Neu,3.478874266,-0.536002025
GAACGTTGTCGCAACC-1_2,Sham,Mmp8+ Neu,1.866382181,-0.881187439
GAAGAATTCGAATGCT-1_2,Sham,Mmp8+ Neu,2.690784037,1.25913997
GAAGCCCCAACGAGGT-1_2,Sham,Cstdc4+ Neu,1.027442753,-3.199899957
GAAGTAAAGGTCCAGA-1_2,Sham,Csf3r-hi Neu,1.109997689,3.745289996
GAATCGTCAGCAGACA-1_2,Sham,Csf3r-hi Neu,2.683224022,2.30305691
GACACGCAGTGCCAGA-1_2,Sham,Csf3r-hi Neu,1.488626062,3.544955924
GACAGCCAGAGGTATT-1_2,Sham,Cd14-hi Neu,-1.540389479,-1.866597697
GACAGCCTCCCAAGCG-1_2,Sham,Mmp8+ Neu,2.983202517,0.758726909
GACCAATCACAAGCCC-1_2,Sham,Mmp8+ Neu,5.034588158,-3.074565932
GACTCTCAGACTACGG-1_2,Sham,Cstdc4+ Neu,1.385431945,-3.312736318
GACTCTCGTCTCAGGC-1_2,Sham,Icam1+ Neu,-4.097426594,4.662641719
GAGGCCTGTTGTATGC-1_2,Sham,Csf3r-hi Neu,2.463174879,2.519333556
GAGGGTACAGAGATGC-1_2,Sham,Csf3r-hi Neu,1.978902638,2.624091819
GAGTGAGCATAGAAAC-1_2,Sham,Csf3r-hi Neu,0.619615614,3.975252345
GATAGAACACACCAGC-1_2,Sham,Mmp8+ Neu,5.424709618,-0.880475149
GATCAGTCAGTTGCGC-1_2,Sham,Mmp8+ Neu,2.235514462,0.011357501
GATCGTATCGCCAGAC-1_2,Sham,Csf3r-hi Neu,-2.432279766,4.334996417
GATGACTGTACTGCGC-1_2,Sham,Csf3r-hi Neu,1.032027423,3.538251593
GATGACTGTTGAAGTA-1_2,Sham,Csf3r-hi Neu,-1.139988482,3.513773635
GATGACTTCGCATTGA-1_2,Sham,Mmp8+ Neu,4.882985413,1.19752784
GATGATCTCTACCCAC-1_2,Sham,Csf3r-hi Neu,-1.739222706,3.760083869
GATTCTTTCTCATGCC-1_2,Sham,Csf3r-hi Neu,-0.739898861,3.07639189
GCACATAAGTATGTAG-1_2,Sham,Mmp8+ Neu,2.122065603,-1.565920011
GCACGGTAGTTCGCAT-1_2,Sham,Csf3r-hi Neu,2.176252663,1.630047753
GCACGGTGTCTCAAGT-1_2,Sham,Mmp8+ Neu,2.496462881,-0.891758323
GCACGGTGTTATAGAG-1_2,Sham,Cstdc4+ Neu,0.675159394,-4.276475951
GCACTAATCACTCCGT-1_2,Sham,Cstdc4+ Neu,3.029187977,1.31352444
GCACTAATCTGGCCTT-1_2,Sham,Isg15+ Neu,-0.774052084,0.788646653
GCAGCCAAGCTTGTGT-1_2,Sham,Mmp8+ Neu,4.280926525,0.635909035
GCAGCCAAGTTGTCAC-1_2,Sham,Csf3r-hi Neu,0.836028993,3.627730086
GCAGCCACATGAAGCG-1_2,Sham,Csf3r-hi Neu,-1.598867953,4.111730769
GCAGGCTGTATGAAAC-1_2,Sham,Csf3r-hi Neu,1.705380141,3.154610827
GCATCGGGTACTCGTA-1_2,Sham,Mmp8+ Neu,4.162821114,-1.903326854
GCCAGGTTCTCATTGT-1_2,Sham,Mmp8+ Neu,4.163551151,-3.721960828
GCTACAACAAGATGTA-1_2,Sham,Csf3r-hi Neu,1.083527982,2.240102961
GCTACAATCTCAGTCC-1_2,Sham,Csf3r-hi Neu,1.321363866,2.945403292
GCTCAAATCTTTCCGG-1_2,Sham,Mmp8+ Neu,1.845167696,-1.388267055
GCTTCACCAAGTGATA-1_2,Sham,Csf3r-hi Neu,1.06170851,2.774638369
GCTTCACCACAGTGAG-1_2,Sham,Mmp8+ Neu,3.842696487,-0.297546909
GCTTCACTCGAGAAGC-1_2,Sham,Cstdc4+ Neu,2.169674694,1.393811658
GGAACCCTCTACCCAC-1_2,Sham,Mmp8+ Neu,3.400055945,-3.070247814
GGAGATGCATACAGCT-1_2,Sham,Csf3r-hi Neu,0.578467667,2.530886128
GGAGCAAAGCGCCTAC-1_2,Sham,Csf3r-hi Neu,-0.334254563,3.37992163
GGAGGATAGGACGCAT-1_2,Sham,Csf3r-hi Neu,-0.845306576,3.298533633
GGCACGTAGCTAGTTC-1_2,Sham,Csf3r-hi Neu,1.994252026,1.440112784
GGCACGTCAGCTGGTC-1_2,Sham,Icam1+ Neu,-0.876756311,1.450343802
GGGAAGTAGGATGAGA-1_2,Sham,Csf3r-hi Neu,3.029801189,2.368898347
GGGACAACACAAGCCC-1_2,Sham,Csf3r-hi Neu,0.821689665,2.643568948
GGGACCTAGATTACCC-1_2,Sham,Mmp8+ Neu,5.649475872,-0.383900568
GGGACTCGTACGCTTA-1_2,Sham,Mmp8+ Neu,5.102191269,-0.870699749
GGGCTACCAAGGCCTC-1_2,Sham,Cstdc4+ Neu,2.546150982,-3.432118222
GGGTATTTCGCGATCG-1_2,Sham,Csf3r-hi Neu,-0.788001955,3.934380248
GGGTGTCGTGGAGGTT-1_2,Sham,Mmp8+ Neu,4.743853867,-1.775078699
GGTCTGGGTTATCTGG-1_2,Sham,Csf3r-hi Neu,1.025293529,3.558490947
GGTGAAGAGGCACAAC-1_2,Sham,Isg15+ Neu,0.298626422,0.412195876
GGTGTCGCATGGCACC-1_2,Sham,Csf3r-hi Neu,2.475536644,2.883589223
GGTTCTCGTAAGTAGT-1_2,Sham,Mmp8+ Neu,3.803744137,-1.357273445
GGTTCTCTCCCTTCCC-1_2,Sham,Cstdc4+ Neu,1.155413448,-3.83579211
GTAAGTCAGCGTTAGG-1_2,Sham,Icam1+ Neu,-2.781290234,1.890870288
GTAATGCAGATCCCAT-1_2,Sham,Csf3r-hi Neu,1.743210256,3.368560508
GTACAACCAAAGAACT-1_2,Sham,Isg15+ Neu,3.056521475,1.509148076
GTACAACCATGCGGTC-1_2,Sham,Icam1+ Neu,-3.106168449,4.44914551
GTAGCTAAGGACAGTC-1_2,Sham,Csf3r-hi Neu,0.566042423,3.343059733
GTAGCTACATTCAGGT-1_2,Sham,Isg15+ Neu,0.810271024,0.611413315
GTATTTCTCACTCTTA-1_2,Sham,Cstdc4+ Neu,0.716454923,-4.828907535
GTCAAACCAGTAACGG-1_2,Sham,Cstdc4+ Neu,0.219171494,-4.454519317
GTCAAGTGTTTCGTGA-1_2,Sham,Icam1+ Neu,-1.694726766,3.021788314
GTCAGCGAGAACCCGA-1_2,Sham,Isg15+ Neu,1.004362762,0.071164921
GTCCACTCACTCATAG-1_2,Sham,Cstdc4+ Neu,2.777991592,1.542133763
GTCGAATGTTGCACGC-1_2,Sham,Mmp8+ Neu,4.872399151,-1.529315636
GTCTCACAGGTACTGG-1_2,Sham,Csf3r-hi Neu,1.096018731,3.271655753
GTGAGGATCGAGATAA-1_2,Sham,Icam1+ Neu,-3.604346216,2.266629174
GTGAGTTAGTTGAAGT-1_2,Sham,Mmp8+ Neu,3.451730311,-3.973759696
GTGAGTTCACACAGCC-1_2,Sham,Mmp8+ Neu,4.886783421,1.154864743
GTGCAGCTCAAATAGG-1_2,Sham,Mmp8+ Neu,2.936253845,0.015454009
GTGGAAGTCCTTCTTC-1_2,Sham,Mmp8+ Neu,2.839333355,0.072757199
GTGGAGAAGATAGCAT-1_2,Sham,Cstdc4+ Neu,0.30702126,-4.491156146
GTGGCGTAGTGCTAGG-1_2,Sham,Csf3r-hi Neu,2.331136524,2.153340771
GTGGCGTTCGTTAGAC-1_2,Sham,Mmp8+ Neu,5.305911362,-2.260701582
GTGTCCTTCCGGTAGC-1_2,Sham,Cstdc4+ Neu,1.895186483,-3.152837321
GTGTTAGGTCATCGCG-1_2,Sham,Mmp8+ Neu,4.36083585,-0.993870616
GTTACAGCAGACGCTC-1_2,Sham,Mmp8+ Neu,2.967777073,-2.982066676
GTTACAGGTATGGAAT-1_2,Sham,Mmp8+ Neu,6.44363147,-2.567603395
GTTATGGGTCTTGCGG-1_2,Sham,Csf3r-hi Neu,1.594755232,3.053115561
GTTCCGTGTGAGACCA-1_2,Sham,Mmp8+ Neu,1.161249578,1.230633452
GTTGAACGTCTCAAGT-1_2,Sham,Csf3r-hi Neu,0.551626682,3.690601065
GTTGTCCCAAATAAGC-1_2,Sham,Csf3r-hi Neu,-3.649006784,4.72448273
TAAGCACAGTAAATGC-1_2,Sham,Csf3r-hi Neu,-1.11545384,2.988973811
TAATCTCCAACGACAG-1_2,Sham,Cstdc4+ Neu,1.469430863,-3.398072765
TAATCTCTCCCGAGAC-1_2,Sham,Csf3r-hi Neu,-1.480788649,3.282854274
TAATTCCCAGTCGTTA-1_2,Sham,Csf3r-hi Neu,-1.227971495,-2.3694226
TACAGGTAGTGTACAA-1_2,Sham,Mmp8+ Neu,6.075807869,-1.481816396
TACAGGTCATGTCAGT-1_2,Sham,Mmp8+ Neu,6.3387869,-1.919520662
TACCCACAGATTAGTG-1_2,Sham,Mmp8+ Neu,3.58275038,0.8105845
TACCCGTGTTCAGGTT-1_2,Sham,Csf3r-hi Neu,-0.763317645,2.171968892
TACCGAAAGTGAATAC-1_2,Sham,Icam1+ Neu,-4.602875412,3.843982413
TACCTCGAGCGACTTT-1_2,Sham,Csf3r-hi Neu,1.007698237,3.859131053
TACCTCGTCGTAGTGT-1_2,Sham,Csf3r-hi Neu,1.648840844,3.159376338
TACCTGCGTTGGACCC-1_2,Sham,Icam1+ Neu,-3.279590547,0.410362914
TACGGTAGTAGGTCAG-1_2,Sham,Icam1+ Neu,-2.809045494,2.848040774
TAGATCGCAGAACTAA-1_2,Sham,Csf3r-hi Neu,1.088285029,3.647666171
TAGGTTGAGATACATG-1_2,Sham,Csf3r-hi Neu,0.575326562,1.836362555
TATTCCACAGTTCTAG-1_2,Sham,Csf3r-hi Neu,-1.260602296,3.873301699
TATTGCTCAACTAGAA-1_2,Sham,Mmp8+ Neu,6.920394241,-2.603873179
TATTGCTTCAAGCCGC-1_2,Sham,Csf3r-hi Neu,-0.401644916,2.094296172
TCAAGCAGTGGGATTG-1_2,Sham,Icam1+ Neu,-3.716373623,2.843830064
TCAATCTGTCAACCTA-1_2,Sham,Mmp8+ Neu,4.792680561,-1.546370074
TCAATTCCAACCGTGC-1_2,Sham,Csf3r-hi Neu,0.952172219,3.957677081
TCACAAGGTTTACCAG-1_2,Sham,Csf3r-hi Neu,0.482510209,2.84790726
TCACTATAGCAACTCT-1_2,Sham,Csf3r-hi Neu,3.389351427,1.574558928
TCACTCGAGTCTGGAG-1_2,Sham,Cstdc4+ Neu,1.249215781,-3.952373073
TCAGCAATCAAGAGTA-1_2,Sham,Mmp8+ Neu,4.393112957,-0.881685526
TCAGCCTTCTCGCAGG-1_2,Sham,Mmp8+ Neu,2.176732122,0.298493459
TCATATCAGGATCATA-1_2,Sham,Mmp8+ Neu,6.078563988,-1.5295818
TCATGCCAGTTGTCAC-1_2,Sham,Mmp8+ Neu,5.529746353,-1.955990598
TCATTTGCACTCTGCT-1_2,Sham,Csf3r-hi Neu,-0.52891326,3.290651038
TCCACCAAGTCAGAGC-1_2,Sham,Mmp8+ Neu,5.065171539,0.245769694
TCCACGTAGCAACTTC-1_2,Sham,Icam1+ Neu,-3.238002241,2.663936093
TCCAGAAAGATGGGCT-1_2,Sham,Csf3r-hi Neu,1.353371203,3.576003745
TCCAGAATCACGGGCT-1_2,Sham,Csf3r-hi Neu,0.497924029,3.843650534
TCCCACATCAGGTAAA-1_2,Sham,Csf3r-hi Neu,1.318236887,3.380005553
TCCGGGACATAGGTAA-1_2,Sham,Mmp8+ Neu,3.733037769,-3.126954124
TCCTCCCTCTAGTGTG-1_2,Sham,Icam1+ Neu,-5.173587025,2.555964186
TCCTCGAAGCCATTTG-1_2,Sham,Icam1+ Neu,-4.190128506,1.794495299
TCGACGGCATACATCG-1_2,Sham,Icam1+ Neu,-1.776199043,1.396581843
TCGATTTTCCACACCT-1_2,Sham,Csf3r-hi Neu,-2.134677589,1.340005114
TCGCACTAGCAAGCCA-1_2,Sham,Mmp8+ Neu,5.123880207,0.368995025
TCGCACTGTAGGGTAC-1_2,Sham,Cd14-hi Neu,-1.759197534,-0.933617086
TCGCACTTCTCAAAGC-1_2,Sham,Icam1+ Neu,-2.110658229,1.671217873
TCGCTTGAGCCAGAGT-1_2,Sham,Cd14-hi Neu,1.098270475,0.023811653
TCGCTTGCACATATGC-1_2,Sham,Mmp8+ Neu,5.480544388,-2.427496597
TCGGTCTGTGTTGAGG-1_2,Sham,Icam1+ Neu,-2.432473123,1.959024623
TCGTGCTGTCAGATTC-1_2,Sham,Mmp8+ Neu,5.066312134,-1.894766078
TCTAACTCAAGTGGAC-1_2,Sham,Csf3r-hi Neu,2.259151518,2.229110911
TCTATACGTCACTTAG-1_2,Sham,Csf3r-hi Neu,2.193617642,1.623944953
TCTCACGAGGGACAGG-1_2,Sham,Icam1+ Neu,-1.616133869,-3.236275718
TCTCCGACAGGGATAC-1_2,Sham,Mmp8+ Neu,5.289528668,-2.784632132
TCTGGCTCAGTTCTAG-1_2,Sham,Cd14-hi Neu,1.272979199,-1.360044882
TCTGGCTGTCGTGCCA-1_2,Sham,Icam1+ Neu,-4.267495811,3.583503917
TCTTTGACAGTTCTAG-1_2,Sham,Csf3r-hi Neu,-0.121149995,1.569665625
TGAATCGAGAGCATAT-1_2,Sham,Mmp8+ Neu,4.083713352,-2.676542923
TGAATCGGTGCCTAAT-1_2,Sham,Csf3r-hi Neu,-0.362109319,3.734503463
TGAATGCCAAGTACCT-1_2,Sham,Icam1+ Neu,-5.243086994,-1.172016695
TGACTCCGTACAGAAT-1_2,Sham,Mmp8+ Neu,2.10367161,-1.123582721
TGAGACTTCCTACCAC-1_2,Sham,Csf3r-hi Neu,2.827878534,1.979423001
TGAGGAGAGCCTGAAG-1_2,Sham,Csf3r-hi Neu,-0.221674912,4.173529818
TGAGTCATCATCTACT-1_2,Sham,Icam1+ Neu,-3.32956642,4.463034823
TGATGCATCGTCCTTG-1_2,Sham,Mmp8+ Neu,4.989423573,-3.030676768
TGATTCTTCCCGTAAA-1_2,Sham,Icam1+ Neu,-4.87642926,-1.225312427
TGCACGGCAAAGGCGT-1_2,Sham,Isg15+ Neu,2.210969269,0.865693763
TGCACGGTCTCACCCA-1_2,Sham,Csf3r-hi Neu,0.104564994,1.631945088
TGCAGATGTGACTGTT-1_2,Sham,Csf3r-hi Neu,1.613256514,3.276844218
TGCAGGCAGAATTTGG-1_2,Sham,Csf3r-hi Neu,-0.580452264,4.14254494
TGCATCCCATGCCGCA-1_2,Sham,Mmp8+ Neu,2.427541077,-0.015134141
TGCGGGTAGCATCAGG-1_2,Sham,Cstdc4+ Neu,2.868430197,-2.972264216
TGCTCCACACGAAAGC-1_2,Sham,Mmp8+ Neu,3.843129456,-0.431136176
TGCTCGTAGTATGAGT-1_2,Sham,Mmp8+ Neu,3.374708473,-0.515826866
TGCTGAACATCTCCCA-1_2,Sham,Mmp8+ Neu,3.328552067,0.548271969
TGCTGAACATGATCTG-1_2,Sham,Mmp8+ Neu,4.96530801,0.361435488
TGGAACTCACGCCACA-1_2,Sham,Mmp8+ Neu,3.359881699,0.596931412
TGGAGAGGTTACGGAG-1_2,Sham,Mmp8+ Neu,3.724490463,-3.035417244
TGGAGGACACTATCGA-1_2,Sham,Mmp8+ Neu,5.708728611,-2.316673443
TGGTAGTAGCGACTAG-1_2,Sham,Mmp8+ Neu,2.615652859,-1.056508354
TGGTAGTAGCGTCTCG-1_2,Sham,Csf3r-hi Neu,-0.438934565,3.334262564
TGGTAGTGTTAGAAAC-1_2,Sham,Icam1+ Neu,-2.332859695,1.415302708
TGGTGATGTATGAAAC-1_2,Sham,Icam1+ Neu,-4.297070682,0.815171197
TGGTGATTCCTCTAAT-1_2,Sham,Icam1+ Neu,-4.143776119,-0.218523667
TGTAACGGTTCAGTAC-1_2,Sham,Csf3r-hi Neu,1.112879216,2.639946654
TGTAACGTCTCTTAAC-1_2,Sham,Csf3r-hi Neu,2.391728937,2.089928582
TGTAAGCGTGTGTACT-1_2,Sham,Icam1+ Neu,-2.349400461,1.237472966
TGTAGACCATATGCGT-1_2,Sham,Icam1+ Neu,-3.475947559,1.098380759
TGTGATGGTAGAGCTG-1_2,Sham,Csf3r-hi Neu,1.766938746,3.01088877
TGTGCGGGTTTACCAG-1_2,Sham,Csf3r-hi Neu,0.06778568,4.027512744
TGTGCGGTCTACCCAC-1_2,Sham,Csf3r-hi Neu,2.520416557,2.641512826
TGTGTGACAGCGTAGA-1_2,Sham,Csf3r-hi Neu,2.113956034,1.739269927
TGTTCATAGTCACACT-1_2,Sham,Mmp8+ Neu,2.975910723,-0.282321975
TGTTCATTCTCGGTAA-1_2,Sham,Cd14-hi Neu,1.117502987,-1.466069118
TGTTGGAGTGCTCGTG-1_2,Sham,Mmp8+ Neu,3.701269686,-0.425383315
TTAATCCTCTCATTTG-1_2,Sham,Csf3r-hi Neu,3.193337023,2.14571996
TTACAGGGTGACTATC-1_2,Sham,Mmp8+ Neu,5.737822353,-0.563396499
TTACCGCTCTTCTCAA-1_2,Sham,Csf3r-hi Neu,2.640171349,2.200353101
TTACTGTGTAGTTAGA-1_2,Sham,Icam1+ Neu,-4.400404633,-1.901892647
TTAGTCTTCACGAACT-1_2,Sham,Cd14-hi Neu,0.664929688,-1.637243912
TTCACCGTCTATGCCC-1_2,Sham,Csf3r-hi Neu,2.565194428,1.846436217
TTCACGCTCACCCTCA-1_2,Sham,Csf3r-hi Neu,-0.5673185,3.908093169
TTCAGGATCTCGCTCA-1_2,Sham,Csf3r-hi Neu,-0.033026919,3.746815875
TTCATGTAGCATTTGC-1_2,Sham,Csf3r-hi Neu,1.989207327,2.339079812
TTCATGTAGCTATCTG-1_2,Sham,Csf3r-hi Neu,0.166098594,1.049635127
TTCATGTCAATACAGA-1_2,Sham,Icam1+ Neu,-4.151502073,4.433440879
TTCATGTCATCCAACA-1_2,Sham,Icam1+ Neu,-3.15420121,3.954873755
TTCCAATAGCCTAGGA-1_2,Sham,Icam1+ Neu,-2.034864009,1.378415063
TTCCACGGTAAGTAGT-1_2,Sham,Csf3r-hi Neu,-0.334273354,4.244768336
TTCCGTGAGCAAACAT-1_2,Sham,Csf3r-hi Neu,2.777382195,1.587316945
TTCGCTGGTGACACAG-1_2,Sham,Mmp8+ Neu,4.373355686,-3.095812127
TTGAACGTCTGTTCAT-1_2,Sham,Mmp8+ Neu,4.406818211,-0.221689269
TTGCATTGTCAACACT-1_2,Sham,Csf3r-hi Neu,1.479018509,2.880897
TTGCGTCCAGCACACC-1_2,Sham,Mmp8+ Neu,4.530087292,-3.135722205
TTGGGTAAGCTTTCCC-1_2,Sham,Mmp8+ Neu,4.999759018,-2.098343894
TTGGTTTAGCAGATAT-1_2,Sham,Mmp8+ Neu,4.608554661,-0.892101199
TTGTGGAAGTTCCGTA-1_2,Sham,Cstdc4+ Neu,1.494647443,-4.001459882
TTGTGTTCAGCTGCCA-1_2,Sham,Csf3r-hi Neu,2.109007895,2.003480389
TTGTTTGCAAATGATG-1_2,Sham,Mmp8+ Neu,2.61677891,-1.393726603
TTTACCAAGTTGCTGT-1_2,Sham,Csf3r-hi Neu,1.61635226,2.864051059
TTTCATGGTATCGCAT-1_2,Sham,Icam1+ Neu,-1.396995724,3.047684863
TTTCCTCAGTCATCGT-1_2,Sham,Csf3r-hi Neu,0.149682462,2.34936352
TTTGACTTCATCACTT-1_2,Sham,Csf3r-hi Neu,0.252711057,3.700662806
TTTGATCTCTTTCCGG-1_2,Sham,Mmp8+ Neu,2.506789505,0.400268748
TTTGGTTCAACAAAGT-1_2,Sham,Csf3r-hi Neu,3.207310974,1.72419782
TTTGTTGCACTCCACT-1_2,Sham,Csf3r-hi Neu,0.509735167,3.812875941
TTTGTTGGTGTTGCCG-1_2,Sham,Isg15+ Neu,0.572886467,0.114141777
ACGGTCGCACACACTA-1,Sham,Mmp8+ Neu,5.575116932,-1.751846716
ACGTACAGTCAACATC-1,Sham,Csf3r-hi Neu,2.56259948,2.265094712
ACGTAGTTCGAGTCCG-1,Sham,Mmp8+ Neu,3.379345953,-0.534218654
ACTTAGGTCGTGCTCT-1,Sham,Mmp8+ Neu,2.315893948,-0.210300908
ACTTCCGAGGGTTAAT-1,Sham,Mmp8+ Neu,5.247847855,-3.560104892
AGACTCACATAGAATG-1,Sham,Icam1+ Neu,-2.28818363,1.357408955
AGCATCATCAAATGAG-1,Sham,Csf3r-hi Neu,-1.79845959,4.451704695
AGCCACGAGTGGACTG-1,Sham,Csf3r-hi Neu,1.081235826,3.338072493
AGCCAGCAGTCACAGG-1,Sham,Mmp8+ Neu,4.324046909,0.499280408
AGCGATTTCCCATTCG-1,Sham,Csf3r-hi Neu,-0.224349365,4.182247355
AGCGCCAAGCTCACTA-1,Sham,Mmp8+ Neu,4.329038918,0.764960959
AGGATAAGTTGCCATA-1,Sham,Csf3r-hi Neu,2.385433256,2.593707755
AGGCATTTCTTGGTGA-1,Sham,Cstdc4+ Neu,2.554458201,-2.90482311
AGTTAGCTCCATGCAA-1,Sham,Csf3r-hi Neu,1.441024482,2.86711426
ATCACAGTCTCTCTAA-1,Sham,Icam1+ Neu,-2.060228765,1.788899615
ATCACTTGTCACCCTT-1,Sham,Mmp8+ Neu,5.226926148,-0.377126023
ATCATTCCAACATACC-1,Sham,Icam1+ Neu,-1.593888581,3.000475123
ATGGAGGCATTGAAGA-1,Sham,Icam1+ Neu,-4.123660744,1.95088692
ATGGATCCATCCTTCG-1,Sham,Icam1+ Neu,-3.017475069,3.072661116
ATGGATCGTCGCAACC-1,Sham,Icam1+ Neu,-4.35620898,1.452610448
ATGGGTTTCTCTCTAA-1,Sham,Mmp8+ Neu,2.578951656,0.705620005
ATGGTTGGTCTACTGA-1,Sham,Mmp8+ Neu,4.254096329,0.381275013
ATGTCCCTCAAATGCC-1,Sham,Mmp8+ Neu,3.212388098,0.16266413
ATTCAGGCAAAGCTAA-1,Sham,Mmp8+ Neu,4.826852619,-0.225200698
ATTCTACCAGCTATAC-1,Sham,Isg15+ Neu,0.814610421,1.86725612
CAACCAAAGCGAGAAA-1,Sham,Cstdc4+ Neu,0.787744939,-4.234337136
CAACCTCAGCCTGTGC-1,Sham,Mmp8+ Neu,4.857386887,1.102124408
CAAGCTATCACAGTGT-1,Sham,Mmp8+ Neu,4.768803894,-0.261947736
CACACAATCGCCTTTG-1,Sham,Csf3r-hi Neu,1.83169204,2.765321925
CACGTGGGTGTATACC-1,Sham,Cstdc4+ Neu,0.713780462,-3.721754119
CACTGTCGTACCTATG-1,Sham,Icam1+ Neu,-1.561272204,3.499119475
CACTTCGTCATTGAGC-1,Sham,Cd14-hi Neu,-1.473702968,-2.817676351
CAGATTGAGTTGTACC-1,Sham,Mmp8+ Neu,3.107260048,1.269954875
CAGCCAGGTGGCTACC-1,Sham,Csf3r-hi Neu,-1.230954349,3.25171633
CAGCGTGAGCTGAAAT-1,Sham,Icam1+ Neu,-3.744786203,4.55515261
CAGGGCTGTCACCGAC-1,Sham,Csf3r-hi Neu,-0.424904362,2.8323998
CAGGTATCAGCGGTCT-1,Sham,Csf3r-hi Neu,1.700157106,0.827762797
CATCGGGAGGTTGCCC-1,Sham,Csf3r-hi Neu,2.444011747,3.116844847
CATGGATCAGAGTAAT-1,Sham,Csf3r-hi Neu,2.513993561,2.338337853
CATTCTACAGAGTAAT-1,Sham,Cstdc4+ Neu,1.071368634,-4.60137634
CCAAGCGCACACGGAA-1,Sham,Mmp8+ Neu,5.921750366,-1.376139596
CCACAAAAGCCTCATA-1,Sham,Icam1+ Neu,-1.999450386,3.159224227
CCACACTTCCAACTGA-1,Sham,Csf3r-hi Neu,3.451675236,1.421465352
CCACGAGGTAGGCAAC-1,Sham,Csf3r-hi Neu,-0.291452282,3.780768111
CCATAAGAGAGGGTAA-1,Sham,Csf3r-hi Neu,-2.309615314,2.35226269
CCGATCTTCGATTCCC-1,Sham,Mmp8+ Neu,2.916018307,-4.021851585
CCGGACATCATGGATC-1,Sham,Mmp8+ Neu,5.035235703,-0.28943412
CCTACGTCATGATCTG-1,Sham,Csf3r-hi Neu,1.630433738,1.50543113
CCTCCAAAGCGATGGT-1,Sham,Csf3r-hi Neu,-0.246912659,4.072509959
CCTCCAACACTTGTGA-1,Sham,Csf3r-hi Neu,-1.104184807,3.0140955
CCTCCAACATAGGTAA-1,Sham,Mmp8+ Neu,5.489503204,-1.080705146
CCTCCTCAGTGTTCCA-1,Sham,Icam1+ Neu,-3.058958948,2.462449267
CCTCCTCGTCCGGACT-1,Sham,Cstdc4+ Neu,1.748163879,-2.818508312
CCTGCATCAGACCAGA-1,Sham,Csf3r-hi Neu,0.627774536,2.425108149
CCTGTTGCAAGAGGCT-1,Sham,Csf3r-hi Neu,0.175291657,2.97338219
CCTTGTGAGTAGGCCA-1,Sham,Cd14-hi Neu,1.230810225,-1.820473716
CGAGGAACACTCTGCT-1,Sham,Icam1+ Neu,-4.089634598,4.652563288
CGAGGCTCAAGCGATG-1,Sham,Icam1+ Neu,-1.87766856,3.161972716
CGATCGGCAACCGTGC-1,Sham,Cstdc4+ Neu,2.15642935,-4.372565314
CGATGCGCACGACCTG-1,Sham,Mmp8+ Neu,3.246656239,-4.218587682
CGCATAAGTGTCCACG-1,Sham,Csf3r-hi Neu,1.219708383,3.013138964
CGGAACCGTTCACCGG-1,Sham,Csf3r-hi Neu,0.828724443,2.536358073
CGGGACTTCCATTTCA-1,Sham,Mmp8+ Neu,2.510619461,0.05564709
CGGGCATAGTCACAGG-1,Sham,Icam1+ Neu,-1.612742603,3.153334811
CGGGCATTCGTTATCT-1,Sham,Mmp8+ Neu,4.508049309,-0.915436179
CGGGTGTCAGGGTCTC-1,Sham,Icam1+ Neu,-4.970780552,-1.194243498
CGGGTGTGTTCGGACC-1,Sham,Csf3r-hi Neu,0.992141664,3.651754096
CTACTATGTCGTTTCC-1,Sham,Cstdc4+ Neu,1.53940612,-4.302965209
CTATCCGCAAGTACCT-1,Sham,Cstdc4+ Neu,1.84338814,-3.60402827
CTCAATTCACGCTGAC-1,Sham,Csf3r-hi Neu,-1.009423137,2.999604895
CTCAGAAAGAAGCGCT-1,Sham,Icam1+ Neu,-2.451566875,4.094615653
CTCAGAAAGTATCTGC-1,Sham,Csf3r-hi Neu,0.825013578,3.280486777
CTCAGGGAGTATGATG-1,Sham,Isg15+ Neu,0.234212488,0.124281242
CTCCTTTCAGGAACCA-1,Sham,Mmp8+ Neu,3.33919698,-0.561780975
CTCGAGGCAATCTGCA-1,Sham,Icam1+ Neu,-3.864361227,4.245638087
CTGAGGCCATGCCGAC-1,Sham,Mmp8+ Neu,4.567400276,0.661281421
CTGATCCGTTATGGTC-1,Sham,Csf3r-hi Neu,0.364932477,3.087388232
CTGCATCAGTTTAGGA-1,Sham,Mmp8+ Neu,4.157999336,1.331893161
CTGCTCACAGCAGTTT-1,Sham,Csf3r-hi Neu,-0.427891225,1.557968095
CTGGCAGAGTCTCGTA-1,Sham,Csf3r-hi Neu,-0.815165818,3.566334441
CTGTCGTAGCATGGGT-1,Sham,Csf3r-hi Neu,-0.966204286,3.446097091
CTTAGGATCGCAACAT-1,Sham,Icam1+ Neu,-1.795925558,2.99275656
CTTCAATTCCCTATTA-1,Sham,Icam1+ Neu,-4.134613455,4.521842196
CTTCTCTCACAGTCAT-1,Sham,Icam1+ Neu,-3.186188639,3.972258761
GAACGTTGTGCCGTAC-1,Sham,Csf3r-hi Neu,1.622296869,2.524782851
GAACTGTCACCGTGAC-1,Sham,Csf3r-hi Neu,2.738146603,2.587112143
GAACTGTGTTTGCAGT-1,Sham,Mmp8+ Neu,5.051101029,0.517362311
GAAGGACTCGCTACAA-1,Sham,Isg15+ Neu,0.405941248,1.232965663
GAATCGTGTCCAGAAG-1,Sham,Csf3r-hi Neu,0.474134564,2.964198783
GACCCAGGTACGTTCA-1,Sham,Csf3r-hi Neu,0.494910836,3.041218474
GACTATGTCACCTCGT-1,Sham,Csf3r-hi Neu,0.736278116,3.461324408
GAGAAATGTTCAAACC-1,Sham,Mmp8+ Neu,4.748571217,-1.582546577
GAGACTTAGCCTTTGA-1,Sham,Mmp8+ Neu,4.53927499,-2.678277657
GAGAGGTAGCAGCGAT-1,Sham,Mmp8+ Neu,4.726916134,0.497882321
GAGAGGTAGCATTGAA-1,Sham,Csf3r-hi Neu,0.236680537,3.219984248
GAGCCTGCAGTTCCAA-1,Sham,Csf3r-hi Neu,3.141585171,2.28265281
GAGGCCTAGCGAACTG-1,Sham,Csf3r-hi Neu,-0.600182057,4.414758399
GAGGCCTTCGTACCTC-1,Sham,Mmp8+ Neu,3.328666985,-3.24308686
GAGTCTACACAGGATG-1,Sham,Cstdc4+ Neu,1.867393791,3.134209826
GAGTGAGAGGTAGTCG-1,Sham,Mmp8+ Neu,3.854231178,-1.787226901
GAGTTACTCGTCGGGT-1,Sham,Csf3r-hi Neu,-0.609397203,3.288928702
GATCACAAGGTGAGAA-1,Sham,Cstdc4+ Neu,0.19916594,-4.462986991
GATCGTATCTCTGAGA-1,Sham,Csf3r-hi Neu,2.09111005,2.351758435
GATGCTAAGAAGTCTA-1,Sham,Csf3r-hi Neu,2.415431559,2.702565387
GATGCTATCAGACAAA-1,Sham,Icam1+ Neu,-1.726433576,3.7501771
GATTCGATCTTTCGAT-1,Sham,Csf3r-hi Neu,1.22244209,1.224312022
GATTCTTAGCAACCAG-1,Sham,Csf3r-hi Neu,1.639164626,2.406444505
GCACTAAAGGTACTGG-1,Sham,Csf3r-hi Neu,2.725858986,1.389845803
GCATGATCACGGTAGA-1,Sham,Cstdc4+ Neu,1.238229215,-4.578249738
GCATTAGAGTGCTCGC-1,Sham,Mmp8+ Neu,4.55474931,-1.020358205
GCCAACGGTATGAAGT-1,Sham,Mmp8+ Neu,5.739820301,-0.626705066
GCCAGTGTCAGAGCGA-1,Sham,Csf3r-hi Neu,-2.883427084,4.243678286
GCCATTCCATCGTTCC-1,Sham,Csf3r-hi Neu,-0.515124023,3.697884276
GCCGATGGTTGCCGCA-1,Sham,Icam1+ Neu,-4.723166645,2.821209147
GCCTGTTTCGTGCTCT-1,Sham,Csf3r-hi Neu,1.187779486,3.771492675
GCGATCGCAAAGTGTA-1,Sham,Mmp8+ Neu,4.879627525,-1.231943131
GCGTTTCTCCTTGACC-1,Sham,Csf3r-hi Neu,-1.363407672,3.918269351
GCTGGGTTCGAGATAA-1,Sham,Csf3r-hi Neu,-0.233647537,3.335517123
GGAAGTGTCCGCTAGG-1,Sham,Csf3r-hi Neu,-0.186190206,3.098433211
GGAATCTAGAATCCCT-1,Sham,Icam1+ Neu,-4.343690575,2.582748606
GGAATCTAGATAGCAT-1,Sham,Cstdc4+ Neu,2.610466778,1.805982545
GGAGCAATCGCTGCGA-1,Sham,Csf3r-hi Neu,2.058238327,1.788357928
GGCACGTCAATGAACA-1,Sham,Csf3r-hi Neu,2.111442625,2.586501076
GGCGTCATCCCGAATA-1,Sham,Mmp8+ Neu,6.407014191,-2.450472758
GGCTGTGTCGGTTCAA-1,Sham,Csf3r-hi Neu,2.064163506,1.897080376
GGCTTGGAGGCTCTCG-1,Sham,Icam1+ Neu,-4.139934004,3.894817069
GGGACAACATCAGCGC-1,Sham,Icam1+ Neu,-1.702201784,3.172342494
GGGACCTTCATCCTGC-1,Sham,Mmp8+ Neu,4.565069973,-0.312630996
GGGAGTACAACCGATT-1,Sham,Cstdc4+ Neu,1.759920299,-4.388212011
GGGCCATTCGCAAGAG-1,Sham,Csf3r-hi Neu,1.489471376,2.250961974
GGGCTACTCCGTATGA-1,Sham,Isg15+ Neu,0.980652511,-0.104749546
GGGTAGATCATGAAAG-1,Sham,Cstdc4+ Neu,0.061846137,4.142614081
GGTCACGTCCCGATCT-1,Sham,Csf3r-hi Neu,1.973688185,2.694503501
GGTGAAGTCCCGTTCA-1,Sham,Csf3r-hi Neu,1.690972983,1.835049107
GGTGTCGCATACCACA-1,Sham,Mmp8+ Neu,4.169381439,-1.023617756
GTAAGTCAGTATGAGT-1,Sham,Csf3r-hi Neu,-0.403705121,4.158891394
GTAATCGTCAGAGCAG-1,Sham,Csf3r-hi Neu,-0.61631766,2.13891764
GTAGATCTCGCGAAGA-1,Sham,Csf3r-hi Neu,2.998725712,2.337365105
GTAGCTAAGATTGCGG-1,Sham,Mmp8+ Neu,5.667041599,-2.112031386
GTAGCTAGTTGCTTGA-1,Sham,Mmp8+ Neu,2.511585295,0.077262595
GTAGGTTAGTGCGTCC-1,Sham,Mmp8+ Neu,3.761045277,0.631761744
GTCGCGAGTCGTATTG-1,Sham,Icam1+ Neu,-4.842295349,2.948485568
GTCGCGATCTGTAAGC-1,Sham,Csf3r-hi Neu,0.031183376,3.799232676
GTCTGTCCAGTGGCTC-1,Sham,Csf3r-hi Neu,0.405968964,3.081107333
GTGAGCCAGAAGCTCG-1,Sham,Csf3r-hi Neu,2.985997021,2.428523019
GTGAGCCGTAGGCTGA-1,Sham,Csf3r-hi Neu,1.933508694,3.194143012
GTGCAGCGTTCTCCAC-1,Sham,Cstdc4+ Neu,0.844733774,-3.925843761
GTGGAAGAGACCTGGA-1,Sham,Csf3r-hi Neu,-0.343600765,3.69798918
GTGGTTAGTATCCTTT-1,Sham,Csf3r-hi Neu,1.549238145,3.269352629
GTTATGGCACTGGCCA-1,Sham,Mmp8+ Neu,4.837740242,0.993082478
GTTGTAGAGGAACTCG-1,Sham,Icam1+ Neu,-3.88648814,4.609721377
GTTGTCCAGCGTGAGT-1,Sham,Mmp8+ Neu,6.686596214,-2.906499669
GTTTGGATCGCAGTTA-1,Sham,Mmp8+ Neu,3.162231505,0.078322842
TAACCAGGTTGGACTT-1,Sham,Icam1+ Neu,-1.599267185,1.881568387
TAAGTCGCATAATGAG-1,Sham,Csf3r-hi Neu,0.061899349,1.5925159
TACACCCTCGATTTCT-1,Sham,Csf3r-hi Neu,1.261939108,2.766184523
TACCGAAAGAATCTAG-1,Sham,Csf3r-hi Neu,2.618789494,1.569739774
TACCGAATCGTGTGGC-1,Sham,Cstdc4+ Neu,0.95808357,-4.559559867
TACGGGCCAGTCTGGC-1,Sham,Mmp8+ Neu,5.054622948,-0.100694821
TACGGGCTCTTTGCAT-1,Sham,Csf3r-hi Neu,-1.217168272,3.47445555
TACGGTAGTGTGAATA-1,Sham,Csf3r-hi Neu,2.31424123,2.75071688
TAGGAGGTCCCGTGTT-1,Sham,Mmp8+ Neu,3.910749733,0.848064974
TAGGGTTTCCGTTGAA-1,Sham,Mmp8+ Neu,5.415983975,-3.270266578
TAGGTTGCATTACGGT-1,Sham,Cstdc4+ Neu,2.030106842,1.52514787
TATATCCTCTCGTTTA-1,Sham,Csf3r-hi Neu,3.249379456,3.010337069
TATCCTAGTGCCGAAA-1,Sham,Icam1+ Neu,-3.787298382,3.029895976
TATTCCAGTAGGTACG-1,Sham,Mmp8+ Neu,4.062854111,1.062809899
TATTCCAGTGACATCT-1,Sham,Icam1+ Neu,-3.974364698,4.54817982
TATTGCTAGGTTGGTG-1,Sham,Icam1+ Neu,-3.039887131,3.37959595
TCAAGCAAGCAGCCCT-1,Sham,Cstdc4+ Neu,1.183025181,3.077466681
TCACTCGGTATTTCTC-1,Sham,Mmp8+ Neu,3.648155748,0.946083739
TCATGCCGTAGTACGG-1,Sham,Icam1+ Neu,-3.191121519,4.556247905
TCATTCAGTAAGATTG-1,Sham,Icam1+ Neu,-4.003509224,4.066641524
TCATTGTGTTAATCGC-1,Sham,Csf3r-hi Neu,1.788264811,3.592266753
TCCCAGTTCCCATACC-1,Sham,Csf3r-hi Neu,0.574939489,3.801454737
TCCCATGAGCAGCGAT-1,Sham,Mmp8+ Neu,5.252825081,0.013356283
TCCCATGCACAGAGAC-1,Sham,Isg15+ Neu,0.784769177,1.009979918
TCCGAAATCCATGCAA-1,Sham,Icam1+ Neu,-4.414435566,2.636147692
TCCGAAATCGATAACC-1,Sham,Csf3r-hi Neu,1.371315777,3.392266467
TCCGAAATCTGCGGGT-1,Sham,Mmp8+ Neu,3.575336754,0.779169514
TCCTGCAGTAGCGCTC-1,Sham,Csf3r-hi Neu,2.339859068,2.394238189
TCGACCTAGAACCGCA-1,Sham,Csf3r-hi Neu,-0.19794298,3.595574096
TCGACCTTCGATGCAT-1,Sham,Csf3r-hi Neu,-0.00089264,4.050329402
TCGCAGGTCGCAGTTA-1,Sham,Mmp8+ Neu,4.901159584,0.30825074
TCGGATAGTCAGGTAG-1,Sham,Csf3r-hi Neu,1.761841833,3.179228499
TCGGGCAGTTTAGAGA-1,Sham,Csf3r-hi Neu,-0.642113418,2.291773989
TCGTGCTTCGTGACTA-1,Sham,Cstdc4+ Neu,0.794461309,-4.035177991
TCTCAGCGTACGACTT-1,Sham,Mmp8+ Neu,5.212826073,-0.024596498
TCTGCCAGTCAATCTG-1,Sham,Csf3r-hi Neu,1.473536193,2.551748708
TGAACGTCATAAGCGG-1,Sham,Csf3r-hi Neu,0.034266755,3.925383284
TGACCCTGTCCATACA-1,Sham,Csf3r-hi Neu,0.692332267,2.992319777
TGACGCGAGGCCTTCG-1,Sham,Csf3r-hi Neu,-2.053976477,4.2935092
TGAGGAGGTCCTACGG-1,Sham,Mmp8+ Neu,4.084389031,0.924939111
TGAGGAGTCGATAACC-1,Sham,Csf3r-hi Neu,2.247030794,2.773805335
TGAGTCAAGTGTAGAT-1,Sham,Mmp8+ Neu,3.560816109,1.315639212
TGATCAGCATTGAGCT-1,Sham,Mmp8+ Neu,4.564523041,-0.933903456
TGATTCTCAGCTATTG-1,Sham,Csf3r-hi Neu,1.513457954,2.572109177
TGCACGGTCAATCCGA-1,Sham,Csf3r-hi Neu,2.745935976,2.604143098
TGCATCCTCTAGACAC-1,Sham,Csf3r-hi Neu,1.781488478,2.786874488
TGCATGAGTAATCAGA-1,Sham,Mmp8+ Neu,3.871358692,0.844517305
TGCGATACATACATCG-1,Sham,Mmp8+ Neu,4.387757599,-0.594227299
TGCTCGTCATGAGATA-1,Sham,Mmp8+ Neu,3.37758857,-0.179294989
TGCTGAATCTGCCCTA-1,Sham,Mmp8+ Neu,3.349325955,-0.913599208
TGGAACTAGGTCGACA-1,Sham,Mmp8+ Neu,3.576940357,0.998977616
TGGATGTAGCAAGTCG-1,Sham,Csf3r-hi Neu,0.722134649,3.760596469
TGGGCTGCAGATAAAC-1,Sham,Csf3r-hi Neu,-1.139900208,3.712548926
TGGGCTGTCATGGTAC-1,Sham,Mmp8+ Neu,5.609620392,-0.976588525
TGGTTAGGTGGCATCC-1,Sham,Csf3r-hi Neu,2.440418064,1.60824342
TGTAACGTCCATTCGC-1,Sham,Isg15+ Neu,0.522375285,0.937483266
TGTCCCAGTGTGCCTG-1,Sham,Csf3r-hi Neu,1.842885315,1.947629168
TGTTGAGTCATTACGG-1,Sham,Csf3r-hi Neu,0.183335542,1.60456033
TGTTGGATCGCCTTGT-1,Sham,Csf3r-hi Neu,0.6235978,3.124041751
TGTTGGATCGTTCTAT-1,Sham,Csf3r-hi Neu,2.123929798,2.285456136
TTACCATTCGGCTGTG-1,Sham,Isg15+ Neu,0.488731384,0.453263595
TTATTGCGTTGAATCC-1,Sham,Csf3r-hi Neu,-0.191273917,3.830559447
TTCCGGTCATCGAGCC-1,Sham,Isg15+ Neu,2.662301838,1.417565301
TTCCTTCCAGCACACC-1,Sham,Csf3r-hi Neu,1.885887682,2.230773642
TTCCTTCCATAATCGC-1,Sham,Icam1+ Neu,-3.742383421,2.475331977
TTCTAACCAAAGCACG-1,Sham,Icam1+ Neu,-4.467024982,2.925099566
TTCTCTCTCTTCTAAC-1,Sham,Isg15+ Neu,1.600362122,1.13996692
TTCTGTAAGCTCTGTA-1,Sham,Mmp8+ Neu,3.96321851,0.550527528
TTCTTCCTCTTCGTAT-1,Sham,Csf3r-hi Neu,1.476885974,2.931830123
TTGGGTACAGCGCGTT-1,Sham,Csf3r-hi Neu,0.179945767,2.273500397
TTTACTGGTCGTTGGC-1,Sham,Csf3r-hi Neu,0.214738547,3.93899031
TTTGGTTAGAGCATTA-1,Sham,Mmp8+ Neu,5.87292844,-2.445282623
TTTGTTGCATTAGGAA-1,Sham,Mmp8+ Neu,4.697308838,-2.805589125
