cell_id,Treatment,cluster_label,cluster_label0,umap_1,umap_2
ACCGTTCGTACATTGC-1_1_1_1_1_1,DC,gdT,T,9.215987755,-6.491552751
ACCTACCCAAGGGCAT-1_1_1_1_1_1,DC,T-Helper,T,0.898162199,-3.922406595
ACCTGAATCATGTCAG-1_1_1_1_1_1,DC,NaiveT,T,2.703713966,6.629143317
ACGATCAAGAGCAGCT-1_1_1_1_1_1,DC,NaiveT,T,1.530702067,7.804269392
ACGATCAAGTGCTCAT-1_1_1_1_1_1,DC,gdT,T,10.1571842,-5.604530256
ACGATGTTCCGGACGT-1_1_1_1_1_1,DC,Cytotoxic,T,-5.260532307,0.250358869
ACGCACGGTCTTCATT-1_1_1_1_1_1,DC,gdT,T,9.616488052,-4.527856271
ACGCACGGTTTACACG-1_1_1_1_1_1,DC,NK,NK,-8.267170357,-7.728531759
ACGCACGTCGCTCTAC-1_1_1_1_1_1,DC,Cytotoxic,T,-3.204025673,1.821273882
ACGGAAGGTCAGTCCG-1_1_1_1_1_1,DC,gdT,T,1.920101477,-2.677984874
ACGGGTCGTAGCTGTT-1_1_1_1_1_1,DC,NK,NK,-7.618733334,-6.65233175
ACGGTCGAGAACAAGG-1_1_1_1_1_1,DC,T-Helper,T,0.726653529,1.165367324
ACGGTCGAGTAGCCAG-1_1_1_1_1_1,DC,NaiveT,T,0.411845131,6.789666731
ACGGTTAGTCTTGTCC-1_1_1_1_1_1,DC,NK,NK,-7.742767738,-8.080527227
ACGGTTAGTGTCGCTG-1_1_1_1_1_1,DC,TCM,T,-2.029776739,5.573643763
ACGGTTAGTTTAGACC-1_1_1_1_1_1,DC,NK,NK,-6.873590397,-4.939876955
ACGTAACAGGTCGCCT-1_1_1_1_1_1,DC,T-DN,T,0.475714786,3.055006821
ACGTACAAGTAGCATA-1_1_1_1_1_1,DC,NaiveT,T,1.99012847,7.585199435
ACGTAGTCATCATTTC-1_1_1_1_1_1,DC,NK,NK,-4.887942242,-5.782164495
ACGTAGTGTAACACCT-1_1_1_1_1_1,DC,Cytotoxic,T,-4.329752373,0.895363171
ACGTCCTAGACGCAGT-1_1_1_1_1_1,DC,T-DN,T,-0.047594221,-1.326740425
ACGTCCTCAATGGGTG-1_1_1_1_1_1,DC,NaiveT,T,1.783281637,6.320014079
ACGTCCTCATACAGGG-1_1_1_1_1_1,DC,Cytotoxic,T,-5.358490395,0.197034438
ACGTCCTGTGACAACG-1_1_1_1_1_1,DC,Cytotoxic,T,-3.066908525,-0.861100297
ACGTCCTGTTGTGGCC-1_1_1_1_1_1,DC,gdT,T,8.161972118,-3.97569124
ACGTTCCAGTGGTTCT-1_1_1_1_1_1,DC,NKT,T,-4.20466988,-1.770870369
ACTACGAGTAGACAAT-1_1_1_1_1_1,DC,gdT,T,7.315441204,-5.010692995
ACTATCTAGAGTGTTA-1_1_1_1_1_1,DC,NK,NK,-6.563360142,-7.415014665
ACTATCTAGCGTACAG-1_1_1_1_1_1,DC,gdT,T,10.12855299,-5.391210477
ACTATCTAGTTTGTCG-1_1_1_1_1_1,DC,Cytotoxic,T,-3.294884609,0.135726754
ACTATCTCAGACCCGT-1_1_1_1_1_1,DC,Cytotoxic,T,-4.575345444,0.793806095
ACTATGGTCTTGTTAC-1_1_1_1_1_1,DC,NaiveT,T,1.687066747,7.348496039
ACTCTCGAGTTAGTGA-1_1_1_1_1_1,DC,NK,NK,-8.422570633,-6.598573129
ACTCTCGGTGATTCAC-1_1_1_1_1_1,DC,NaiveT,T,1.601786209,7.016140063
ACTGATGCAGATTCGT-1_1_1_1_1_1,DC,Cytotoxic,T,-2.714900183,1.293370564
ACTGCAAGTGCTCCGA-1_1_1_1_1_1,DC,T-Helper,T,0.9009964,-3.896871965
ACTGCAATCGCATAGT-1_1_1_1_1_1,DC,T-Helper,T,0.165715326,0.125864257
ACTGTGAGTAGGCTCC-1_1_1_1_1_1,DC,NKT,T,-5.478164124,-1.952089827
ACTTAGGCATGACCCG-1_1_1_1_1_1,DC,NKT,T,-3.189974951,-2.81849591
ACTTATCTCGGTGCAC-1_1_1_1_1_1,DC,ILC,ILC,8.603927208,0.923513491
ACTTATCTCTGGGAGA-1_1_1_1_1_1,DC,NK,NK,-7.395881103,-7.141453664
ACTTCCGAGACCTCAT-1_1_1_1_1_1,DC,NKT,T,-5.383413719,-2.65854923
ACTTCCGGTGATCATC-1_1_1_1_1_1,DC,NK,NK,-6.163716721,-5.708466451
ACTTCGCTCACTTATC-1_1_1_1_1_1,DC,gdT,T,9.618218018,-5.537266176
ACTTTCAGTAGCGATG-1_1_1_1_1_1,DC,NKT,T,-5.058679508,-2.730706613
ACTTTGTAGTGTTGTC-1_1_1_1_1_1,DC,NaiveT,T,0.182103179,7.660879214
AGAAATGAGGATATAC-1_1_1_1_1_1,DC,NaiveT,T,0.22910518,8.375103075
AGAACAACAGCTACAT-1_1_1_1_1_1,DC,T-Helper,T,0.936794652,1.383439381
AGAACAATCCCATTTA-1_1_1_1_1_1,DC,gdT,T,8.377909256,-4.29226486
AGAACAATCCCTTCCC-1_1_1_1_1_1,DC,ILC,ILC,7.229151798,2.00918277
AGAACAATCCTCTTTC-1_1_1_1_1_1,DC,Cytotoxic,T,-0.618990349,-0.1582084
AGAACCTCACTAGAGG-1_1_1_1_1_1,DC,ILC,ILC,7.83899696,0.958060105
AGAAGCGGTACACTCA-1_1_1_1_1_1,DC,NK,NK,-6.984085487,-6.264163416
AGAAGTATCGTCGATA-1_1_1_1_1_1,DC,NaiveT,T,-1.278228926,6.635283549
AGACAAAAGGCCTGCT-1_1_1_1_1_1,DC,NK,NK,-5.726378368,-6.402374189
AGACACTGTCTTAGTG-1_1_1_1_1_1,DC,NaiveT,T,-1.47032206,7.541466792
AGACTCAAGAACTTCC-1_1_1_1_1_1,DC,NaiveT,T,2.029615952,6.33875807
AGAGAATAGACCCTTA-1_1_1_1_1_1,DC,NaiveT,T,2.668016506,7.154637892
AGAGAGCTCTCTTCAA-1_1_1_1_1_1,DC,NK,NK,-8.271623062,-7.434661787
AGAGCAGCAAGGTCTT-1_1_1_1_1_1,DC,NK,NK,-1.352589892,-4.103138845
AGAGCAGTCTTCCAGC-1_1_1_1_1_1,DC,NaiveT,T,-0.852679299,8.093028147
AGATCCAAGCTCCCTT-1_1_1_1_1_1,DC,T-Helper,T,0.952894939,2.546316225
AGATCGTCAGATTAAG-1_1_1_1_1_1,DC,Treg,T,3.462664915,0.259439636
AGATGAACAGACCTAT-1_1_1_1_1_1,DC,T-DN,T,0.852165116,2.821368058
AGATGAAGTTTACTTC-1_1_1_1_1_1,DC,NaiveT,T,0.187245166,6.851782877
AGCCAATCAATATCCG-1_1_1_1_1_1,DC,ILC,ILC,7.34132774,1.013781388
AGCCAATGTCCAAGAG-1_1_1_1_1_1,DC,NaiveT,T,2.368873907,6.820634444
AGCCAATTCCCGAACG-1_1_1_1_1_1,DC,NK,NK,-7.373934196,-6.934404771
AGCCACGAGGCCTTGC-1_1_1_1_1_1,DC,Cytotoxic,T,-1.524264263,0.261218626
AGCCACGGTGTTCCAA-1_1_1_1_1_1,DC,NaiveT,T,1.356918884,7.325524409
AGCCAGCCAACTGAAA-1_1_1_1_1_1,DC,T-Helper,T,2.699202372,0.031283263
AGCGATTCATCTTTCA-1_1_1_1_1_1,DC,NK,NK,-0.916224884,-4.716370027
AGCGCTGTCACCTCGT-1_1_1_1_1_1,DC,NKT,T,-4.728907513,-2.72133414
AGCGTCGCACCGTGAC-1_1_1_1_1_1,DC,T-DN,T,0.58299358,2.925780613
AGCTACACAAGTCATC-1_1_1_1_1_1,DC,NaiveT,T,1.929348303,6.836470206
AGCTACAGTTATAGCC-1_1_1_1_1_1,DC,gdT,T,8.756012512,-4.457437437
AGCTACAGTTCCATTT-1_1_1_1_1_1,DC,gdT,T,8.670098854,-5.186656396
AGCTACATCTGTCTCG-1_1_1_1_1_1,DC,NaiveT,T,1.970649434,6.343603213
AGCTCAAGTATTTCGG-1_1_1_1_1_1,DC,NK,NK,-5.625294136,-4.608534734
AGCTTCCAGCCTGGAA-1_1_1_1_1_1,DC,NaiveT,T,-1.226595091,7.743065436
AGGAAATCAGAAGTGC-1_1_1_1_1_1,DC,T-Helper,T,1.583006216,1.896636565
AGGAATATCATTTCGT-1_1_1_1_1_1,DC,NK,NK,-6.164472031,-6.746748369
AGGAATATCGGAATTC-1_1_1_1_1_1,DC,Cytotoxic,T,-4.364567207,0.786367555
AGGAATATCTAGAACC-1_1_1_1_1_1,DC,ILC,ILC,8.768408371,2.43343981
AGGACGAAGTTCATCG-1_1_1_1_1_1,DC,NK,NK,-7.840713905,-7.202891271
AGGAGGTGTCCAAAGG-1_1_1_1_1_1,DC,NKT,T,-4.685249733,-1.643167298
AGGAGGTTCATTCGTT-1_1_1_1_1_1,DC,gdT,T,8.59572847,-6.591011922
AGGATCTTCAGCTTCC-1_1_1_1_1_1,DC,NaiveT,T,-0.438126432,7.112151225
AGGCATTAGCAATAAC-1_1_1_1_1_1,DC,T-DN,T,0.9278381,3.267016728
AGGCCACGTTCGGCCA-1_1_1_1_1_1,DC,ILC,ILC,8.342851234,0.85908689
AGGCTGCAGGTTACAA-1_1_1_1_1_1,DC,T-Helper,T,1.274202658,0.373288442
AGGCTGCGTTTGTTGG-1_1_1_1_1_1,DC,T-Helper,T,0.60388018,0.701374311
AGGGAGTAGCTACAAA-1_1_1_1_1_1,DC,NK,NK,-8.463751244,-7.999145429
AGGGCTCAGTAACCGG-1_1_1_1_1_1,DC,Cytotoxic,T,-4.238387989,2.262286026
AGGGTCCAGTGCACTT-1_1_1_1_1_1,DC,NaiveT,T,1.213199569,6.518601496
AGGGTGAAGTGGTGAC-1_1_1_1_1_1,DC,Cytotoxic,T,-1.583378362,-0.428161304
AGGGTGATCGGCCCAA-1_1_1_1_1_1,DC,T-Helper,T,1.27856691,0.865927417
AGGGTTTTCAACACCA-1_1_1_1_1_1,DC,T-DN,T,0.841857685,2.956519921
AGGGTTTTCCTTACCG-1_1_1_1_1_1,DC,T-Helper,T,1.961868239,1.012754996
AGGGTTTTCGCCGAAC-1_1_1_1_1_1,DC,gdT,T,7.483230663,-6.182489793
AGGTAGGAGTCACTGT-1_1_1_1_1_1,DC,T-Helper,T,0.909075094,0.653935392
AGGTCATAGATCACTC-1_1_1_1_1_1,DC,T-Helper,T,0.082822224,1.455574233
AGGTCATCAACACACT-1_1_1_1_1_1,DC,NKT,T,-5.308612751,-1.054280083
AGGTCATTCCTAGCTC-1_1_1_1_1_1,DC,TCM,T,-2.384474682,3.599304516
AGGTCTACAGCGAGTA-1_1_1_1_1_1,DC,Cytotoxic,T,-1.132721352,1.485426981
AGGTCTAGTCGTTCAA-1_1_1_1_1_1,DC,T-DN,T,-0.051569196,2.7434357
AGGTGTTAGTGCTCGC-1_1_1_1_1_1,DC,NaiveT,T,-0.061133044,7.870845396
AGGTTACAGTCAGCGA-1_1_1_1_1_1,DC,Cytotoxic,T,-4.577075886,0.539746959
AGGTTGTTCTTTACAC-1_1_1_1_1_1,DC,NaiveT,T,2.556730104,7.211860258
AGTAACCAGCGTTCCG-1_1_1_1_1_1,DC,NaiveT,T,-1.403443741,7.929048617
AGTACTGAGGCAGGTT-1_1_1_1_1_1,DC,Cytotoxic,T,-0.735344159,1.497978527
AGTACTGTCGATTTCT-1_1_1_1_1_1,DC,T-Helper,T,2.841076208,1.411690552
AGTAGCTAGGTAAGAG-1_1_1_1_1_1,DC,NK,NK,-4.913626598,-3.905004661
AGTAGCTCAGCCTACG-1_1_1_1_1_1,DC,NKT,T,-4.562788414,-1.365326088
AGTAGCTGTGTACATC-1_1_1_1_1_1,DC,NaiveT,T,-0.68702768,6.939777453
AGTAGCTTCTGGGCCA-1_1_1_1_1_1,DC,NaiveT,T,-0.072352203,7.401098807
AGTAGTCCAGGCTATT-1_1_1_1_1_1,DC,Cytotoxic,T,-0.140278267,1.303962071
AGTAGTCCAGTGACCC-1_1_1_1_1_1,DC,gdT,T,8.270364357,-3.903740566
AGTAGTCGTATAATGG-1_1_1_1_1_1,DC,gdT,T,7.311655594,-6.478219907
AGTCATGCAAAGAGTT-1_1_1_1_1_1,DC,NaiveT,T,1.645986272,8.748817522
AGTCATGTCTCTATGT-1_1_1_1_1_1,DC,NaiveT,T,1.720223022,6.439400751
AGTCTCCAGCTTCGTA-1_1_1_1_1_1,DC,Cytotoxic,T,-5.131527351,-0.006799165
AGTGCCGAGGGCAACT-1_1_1_1_1_1,DC,TCM,T,0.704410089,5.290116389
AGTGCCGGTTAGTCGT-1_1_1_1_1_1,DC,NaiveT,T,2.263935162,6.390986998
AGTGTTGAGCGAACTG-1_1_1_1_1_1,DC,T-Helper,T,1.431931449,1.411876995
AGTTCCCCAGAGGCTA-1_1_1_1_1_1,DC,NaiveT,T,0.296291841,8.546884615
AGTTCCCGTCAACCAT-1_1_1_1_1_1,DC,NaiveT,T,1.870817138,7.358403284
AGTTCGACACGGAAGT-1_1_1_1_1_1,DC,NaiveT,T,0.635081185,9.158026774
AGTTCGACAGACCATT-1_1_1_1_1_1,DC,NKT,T,-3.516394304,-3.418297451
AGTTCGATCTGAATCG-1_1_1_1_1_1,DC,T-Helper,T,1.728201462,0.217923809
ATACCGAAGCCAGACA-1_1_1_1_1_1,DC,NaiveT,T,0.39426109,7.340083678
ATACCGACACTGAATC-1_1_1_1_1_1,DC,NKT,T,-5.756624626,-2.353839557
ATACCGACAGACCTGC-1_1_1_1_1_1,DC,NKT,T,-4.650808262,-1.02116565
ATACTTCTCTTCGGAA-1_1_1_1_1_1,DC,gdT,T,9.404186798,-5.317879598
ATAGAGAGTCGTAATC-1_1_1_1_1_1,DC,NaiveT,T,0.285008414,9.148061831
ATATCCTAGATCGCCC-1_1_1_1_1_1,DC,NaiveT,T,2.30290897,8.495802958
ATATCCTCAATGGCCC-1_1_1_1_1_1,DC,NKT,T,-5.358465122,-1.306027095
ATCACGATCATTCCTA-1_1_1_1_1_1,DC,T-Helper,T,0.688672913,0.669295688
ATCAGGTGTTGCCGCA-1_1_1_1_1_1,DC,TCM,T,-1.716119694,5.481979449
ATCATTCAGAGCCTGA-1_1_1_1_1_1,DC,gdT,T,7.655577255,-4.308045309
ATCATTCAGCAGCACA-1_1_1_1_1_1,DC,T-DN,T,9.906143738,-4.522309702
ATCCACCCAAAGGAGA-1_1_1_1_1_1,DC,gdT,T,2.381080462,0.442033369
ATCCACCTCGCCGATG-1_1_1_1_1_1,DC,NaiveT,T,1.184943987,7.804475386
ATCCATTCAATGACCT-1_1_1_1_1_1,DC,ILC,ILC,8.130765511,2.247866709
ATCCATTGTACAAAGT-1_1_1_1_1_1,DC,Cytotoxic,T,-0.853888082,-1.079246979
ATCCCTGAGGCCCAAA-1_1_1_1_1_1,DC,Cytotoxic,T,-4.366908001,0.353338529
ATCCCTGTCGCAGTGC-1_1_1_1_1_1,DC,NaiveT,T,-1.836546349,6.960347254
ATCCGTCAGCTTGTGT-1_1_1_1_1_1,DC,T-Helper,T,1.323576761,0.829224009
ATCCGTCAGTAGTCTC-1_1_1_1_1_1,DC,NK,NK,-7.334538387,-6.600530069
ATCCGTCGTTGCCAAT-1_1_1_1_1_1,DC,Treg,T,3.346095873,0.619044502
ATCCTATGTACGTGTT-1_1_1_1_1_1,DC,T-Helper,T,2.483575178,1.965578873
ATCGGCGAGAGATTCA-1_1_1_1_1_1,DC,gdT,T,9.989678932,-5.877915781
ATCGGCGAGGCCCGTT-1_1_1_1_1_1,DC,gdT,T,3.13729508,0.865092952
ATCGGCGGTCATCCGG-1_1_1_1_1_1,DC,Cytotoxic,T,-2.610134052,1.317702491
ATCGGCGTCCAAGCTA-1_1_1_1_1_1,DC,NK,NK,-8.38763945,-6.754900377
ATCGTCCGTAACATCC-1_1_1_1_1_1,DC,NaiveT,T,-0.41543095,7.521157343
ATCGTGACACCACATA-1_1_1_1_1_1,DC,NaiveT,T,1.834913565,8.598254282
ATCGTGAGTTAACCTG-1_1_1_1_1_1,DC,gdT,T,2.004264785,-2.670962017
ATCTTCAAGGAGACCT-1_1_1_1_1_1,DC,ILC,ILC,9.485018326,2.768501599
ATGAAAGTCTGGCCAG-1_1_1_1_1_1,DC,NK,NK,-7.902335571,-5.684591692
ATGACCAAGATGTTGA-1_1_1_1_1_1,DC,gdT,T,7.460519386,-4.501705091
ATGACCAAGTGACCTT-1_1_1_1_1_1,DC,NK,NK,-5.895184921,-4.701245706
ATGACCATCACTGTTT-1_1_1_1_1_1,DC,T-Helper,T,-1.29524033,1.124393065
ATGAGGGCAGTGTATC-1_1_1_1_1_1,DC,Cytotoxic,T,-3.558643507,2.723683436
ATGAGGGGTCCATAGT-1_1_1_1_1_1,DC,T-DN,T,0.249472311,2.796976645
ATGAGTCAGAGCTGAC-1_1_1_1_1_1,DC,gdT,T,7.068753315,-5.890581529
ATGATCGAGCTAGCCC-1_1_1_1_1_1,DC,NK,NK,-7.702576565,-5.115613382
ATGCATGGTAACTGCT-1_1_1_1_1_1,DC,NK,NK,-2.409125494,-3.089384716
ATGCCTCCACATCATG-1_1_1_1_1_1,DC,NaiveT,T,2.272639347,7.091127474
ATGCGATAGACGTCGA-1_1_1_1_1_1,DC,gdT,T,9.040780617,-5.82148401
ATGCGATCACTGGCCA-1_1_1_1_1_1,DC,Cytotoxic,T,-3.28882687,3.404107411
ATGCGATTCCGTGGCA-1_1_1_1_1_1,DC,T-Helper,T,1.421790672,2.299215395
ATGGAGGTCGATCCAA-1_1_1_1_1_1,DC,NK,NK,-2.28668611,-2.813005607
ATGGAGGTCTTTCCAA-1_1_1_1_1_1,DC,NaiveT,T,0.153502282,7.289663393
ATGGATCAGCTGAAAT-1_1_1_1_1_1,DC,Cytotoxic,T,-2.966275381,2.270008404
ATGGGAGAGTCAGAGC-1_1_1_1_1_1,DC,gdT,T,7.799422813,-6.469437044
ATGGGAGGTCACATTG-1_1_1_1_1_1,DC,T-Helper,T,-0.376115428,-1.196528952
ATGGGAGTCCAACTGA-1_1_1_1_1_1,DC,NaiveT,T,-0.189273136,6.976334174
ATGGGTTCATGCCATA-1_1_1_1_1_1,DC,NK,NK,-7.848653244,-6.325759332
ATGGGTTGTTTACGAC-1_1_1_1_1_1,DC,Cytotoxic,T,-3.402486729,2.156578143
ATGGGTTTCCATTTAC-1_1_1_1_1_1,DC,T-Helper,T,2.136054588,1.173373897
ATGGTTGTCGGCTTGG-1_1_1_1_1_1,DC,NK,NK,-6.01102631,-6.910566251
ATGTCCCCAGAGTTCT-1_1_1_1_1_1,DC,NaiveT,T,1.219949676,7.801960547
ATGTCTTTCACTACTT-1_1_1_1_1_1,DC,NaiveT,T,1.154125405,6.748300631
ATGTCTTTCTCAGGCG-1_1_1_1_1_1,DC,NaiveT,T,-0.272184597,7.351493437
ATTACCTCAGATAAAC-1_1_1_1_1_1,DC,NaiveT,T,-0.430570292,6.606978972
ATTACTCAGATTGACA-1_1_1_1_1_1,DC,Cytotoxic,T,-2.482239651,0.506028612
ATTACTCCAACGTAAA-1_1_1_1_1_1,DC,gdT,T,9.943053795,-5.221431654
ATTATCCAGAAGCGGG-1_1_1_1_1_1,DC,Cytotoxic,T,-1.669847177,-0.184489924
ATTATCCGTCGTGGAA-1_1_1_1_1_1,DC,gdT,T,7.122655464,-6.253438394
ATTATCCGTCGTTGCG-1_1_1_1_1_1,DC,NK,NK,-8.26099913,-6.719322603
ATTCACTTCGCATGAT-1_1_1_1_1_1,DC,NK,NK,-5.509148048,-5.741140764
ATTCACTTCGCTTACC-1_1_1_1_1_1,DC,NK,NK,-8.800576614,-5.93295614
ATTCAGGCATGTCGTA-1_1_1_1_1_1,DC,NaiveT,T,-1.393595623,5.572957594
ATTCCATCATGGCTAT-1_1_1_1_1_1,DC,TCM,T,1.224425508,5.68811806
ATTCCATTCTCATTGT-1_1_1_1_1_1,DC,NaiveT,T,2.221089436,6.551462729
ATTCCCGCACTGCACG-1_1_1_1_1_1,DC,gdT,T,7.830080582,-4.564524572
ATTCCTACACATTGTG-1_1_1_1_1_1,DC,Cytotoxic,T,-4.430175232,1.915759642
ATTCCTACAGGCAATG-1_1_1_1_1_1,DC,NKT,T,-4.796924519,-2.827474277
ATTCGTTCACCTGCTT-1_1_1_1_1_1,DC,T-DN,T,0.298129571,2.62680753
ATTCGTTCATACCGTA-1_1_1_1_1_1,DC,Cytotoxic,T,-3.750762629,1.077945311
ATTCTACCAATATCCG-1_1_1_1_1_1,DC,Cytotoxic,T,-0.793639766,-1.209672372
ATTCTACGTAGCGAGT-1_1_1_1_1_1,DC,Cytotoxic,T,-2.444102453,0.780789096
ATTCTACGTCGAGTGA-1_1_1_1_1_1,DC,NaiveT,T,0.482166065,8.105805476
ATTCTTGAGAAAGCGA-1_1_1_1_1_1,DC,gdT,T,8.384651733,-6.626634042
ATTCTTGAGCCTGAGA-1_1_1_1_1_1,DC,T-Helper,T,0.712016536,-0.817493181
ATTCTTGTCAAGTGTC-1_1_1_1_1_1,DC,gdT,T,8.337571693,-6.767784994
ATTGGGTTCACTAGCA-1_1_1_1_1_1,DC,NK,NK,-5.52248423,-6.641736906
ATTGGGTTCAGCGTCG-1_1_1_1_1_1,DC,NaiveT,T,-0.331972288,7.331896861
ATTGTTCCAGTCTTCC-1_1_1_1_1_1,DC,Treg,T,4.147869898,0.235963036
ATTGTTCGTTAGGAGC-1_1_1_1_1_1,DC,Cytotoxic,T,-3.551181244,1.082912404
ATTGTTCTCTTCTAAC-1_1_1_1_1_1,DC,TCM,T,-0.554679858,1.1532286
ATTTACCGTGCACAAG-1_1_1_1_1_1,DC,NaiveT,T,1.475943042,7.557459433
ATTTCACTCCTAAGTG-1_1_1_1_1_1,DC,Cytotoxic,T,-2.063799547,0.786610205
CAAAGAAAGCTTAAGA-1_1_1_1_1_1,DC,T-Helper,T,0.476552052,0.526565034
CAAAGAACACCGTACG-1_1_1_1_1_1,DC,NK,NK,-7.935035156,-7.938748758
CAACAGTTCGAGTTGT-1_1_1_1_1_1,DC,Cytotoxic,T,0.680481149,-3.925655525
CAACCAACAAAGACTA-1_1_1_1_1_1,DC,NK,NK,-7.369975971,-6.181670587
CAACCTCAGCGGTAGT-1_1_1_1_1_1,DC,NKT,T,-3.949726032,-4.075861137
CAACCTCCACGCTTAA-1_1_1_1_1_1,DC,gdT,T,8.49257238,-5.167925756
CAACCTCTCACACCCT-1_1_1_1_1_1,DC,NaiveT,T,2.672673298,6.108901579
CAACGATCAGAGGTTG-1_1_1_1_1_1,DC,NKT,T,-4.112447666,-4.173127573
CAACGATCAGGGAGAG-1_1_1_1_1_1,DC,NaiveT,T,-1.829085993,5.537619669
CAACGATCATCTCATT-1_1_1_1_1_1,DC,Cytotoxic,T,-2.829441236,2.022231657
CAACGGCGTACAGTAA-1_1_1_1_1_1,DC,NaiveT,T,-0.577429759,8.01336487
CAAGACTAGCGAAACC-1_1_1_1_1_1,DC,Cytotoxic,T,-0.765474307,0.398118426
CAAGAGGAGGATGCGT-1_1_1_1_1_1,DC,gdT,T,8.16815622,-6.775917451
CAAGCTACAACAGAGC-1_1_1_1_1_1,DC,gdT,T,8.62742765,-6.949412267
CAATCGAGTATCTCTT-1_1_1_1_1_1,DC,NaiveT,T,1.3819582,8.726521571
CAATTTCCAGCGACCT-1_1_1_1_1_1,DC,NK,NK,-8.795340942,-6.117690961
CACACAATCTGTCGTC-1_1_1_1_1_1,DC,gdT,T,9.13303907,-7.001324575
CACAGATGTTTGACAC-1_1_1_1_1_1,DC,NK,NK,-5.708579468,-6.230022829
CACAGGCAGTAGCCAG-1_1_1_1_1_1,DC,NKT,T,-4.536624836,-1.188756387
CACATGAAGTAAGCAT-1_1_1_1_1_1,DC,gdT,T,2.074554635,-3.344527404
CACATGACAGGCTACC-1_1_1_1_1_1,DC,Cytotoxic,T,0.998928619,-3.805609624
CACATGATCATCGACA-1_1_1_1_1_1,DC,NK,NK,-5.035480427,-6.540040414
CACCAAAAGTCTAGCT-1_1_1_1_1_1,DC,NaiveT,T,0.422792328,7.980900843
CACGAATTCTGTGTGA-1_1_1_1_1_1,DC,ILC,ILC,8.755384041,1.693006356
CACGGGTGTCACTACA-1_1_1_1_1_1,DC,NaiveT,T,-0.66434096,8.191207011
CACGGGTGTGAGTAGC-1_1_1_1_1_1,DC,gdT,T,2.231000734,0.016548436
CACGTTCAGATCCAAA-1_1_1_1_1_1,DC,NaiveT,T,2.292466713,7.14028271
CACGTTCAGGCTCTCG-1_1_1_1_1_1,DC,gdT,T,9.329063965,-4.36748163
CACTGGGGTACTTGTG-1_1_1_1_1_1,DC,NaiveT,T,0.062914079,6.155234415
CACTGTCTCTTACGTT-1_1_1_1_1_1,DC,gdT,T,8.287528587,-5.187354009
CACTTCGCATTAAGCC-1_1_1_1_1_1,DC,gdT,T,10.37394674,-5.092667024
CACTTCGGTGAGATCG-1_1_1_1_1_1,DC,NaiveT,T,-0.849404143,8.318525393
CAGATACGTCTAACTG-1_1_1_1_1_1,DC,NaiveT,T,0.521935178,8.668127139
CAGCAATGTCGCCACA-1_1_1_1_1_1,DC,ILC,ILC,8.898627831,2.224950392
CAGCAATGTGACACAG-1_1_1_1_1_1,DC,Cytotoxic,T,-1.996995615,1.523744423
CAGCAGCAGACTAAGT-1_1_1_1_1_1,DC,T-Helper,T,1.850935651,0.535461326
CAGCAGCGTGGACTGA-1_1_1_1_1_1,DC,NaiveT,T,2.118556334,8.331680376
CAGGCCAGTAGCCCTG-1_1_1_1_1_1,DC,gdT,T,9.929324699,-5.003036897
CAGGTATAGTGTACAA-1_1_1_1_1_1,DC,NaiveT,T,0.881412102,8.228193362
CAGTGCGCAGGCACTC-1_1_1_1_1_1,DC,Treg,T,2.361444546,4.433142264
CAGTTAGAGACGAAGA-1_1_1_1_1_1,DC,gdT,T,9.705771042,-5.529713075
CAGTTAGCACCCTAGG-1_1_1_1_1_1,DC,NaiveT,T,-0.309792774,6.422435362
CAGTTCCCAGGCTACC-1_1_1_1_1_1,DC,NK,NK,-8.211947845,-5.745111864
CAGTTCCTCTTCTCAA-1_1_1_1_1_1,DC,Cytotoxic,T,-2.457161116,0.774979491
CATACAGGTAGGAGTC-1_1_1_1_1_1,DC,NaiveT,T,1.952622486,8.417134364
CATACAGGTGCATCTA-1_1_1_1_1_1,DC,NaiveT,T,2.357136084,6.891182978
CATACAGGTTAAGGAT-1_1_1_1_1_1,DC,NK,NK,-7.984313416,-5.932632845
CATACCCCACCAACAT-1_1_1_1_1_1,DC,NKT,T,-4.356301235,-0.93276469
CATACCCGTAGCGTCC-1_1_1_1_1_1,DC,NaiveT,T,1.412735296,7.658277113
CATACTTGTTGCCGAC-1_1_1_1_1_1,DC,Treg,T,3.233371092,1.82967313
CATACTTTCACCCATC-1_1_1_1_1_1,DC,NaiveT,T,1.115674389,7.432881434
CATAGACAGCAGTACG-1_1_1_1_1_1,DC,gdT,T,9.280623032,-4.150044839
CATAGACAGGTGCATG-1_1_1_1_1_1,DC,gdT,T,9.738660408,-6.189343374
CATCAAGTCAGCTAGT-1_1_1_1_1_1,DC,NaiveT,T,-1.065464543,7.592112143
CATCAAGTCCTCTCTT-1_1_1_1_1_1,DC,T-Helper,T,-0.86310141,1.083758075
CATCAAGTCTGAGCAT-1_1_1_1_1_1,DC,gdT,T,2.191028191,-3.267175834
CATCCCATCGACCCAG-1_1_1_1_1_1,DC,T-Helper,T,1.907097055,2.82493933
CATCGTCAGGTTCTTG-1_1_1_1_1_1,DC,Treg,T,3.776659084,0.728515227
CATGCAAAGGCACAAC-1_1_1_1_1_1,DC,NK,NK,-9.177182602,-7.449382703
CATGCCTGTGCTATTG-1_1_1_1_1_1,DC,Cytotoxic,T,-1.108979272,-0.231261443
CATGCGGTCGACACTA-1_1_1_1_1_1,DC,NaiveT,T,-1.898176598,6.718492587
CATGCTCGTGGCGTAA-1_1_1_1_1_1,DC,NaiveT,T,-0.088890718,7.625611861
CATGCTCGTTATGGTC-1_1_1_1_1_1,DC,NaiveT,T,0.379030986,8.501791079
CATGGATGTCTTTCTA-1_1_1_1_1_1,DC,Treg,T,3.614868713,-0.485424917
CATGGATGTGAGGATC-1_1_1_1_1_1,DC,NaiveT,T,2.1270252,6.937320788
CATGGATTCCTCTCTT-1_1_1_1_1_1,DC,NK,NK,-9.055782722,-8.196868818
CATGGTAAGATGGCGT-1_1_1_1_1_1,DC,NK,NK,-8.992667603,-8.143909376
CATTCATAGGTCGTCC-1_1_1_1_1_1,DC,NaiveT,T,0.504021061,8.31051739
CATTGCCTCGCTTGCT-1_1_1_1_1_1,DC,NaiveT,T,2.517685009,6.069644053
CATTTCAAGGCTCTAT-1_1_1_1_1_1,DC,Cytotoxic,T,-2.563492941,1.841053564
CATTTCATCCACGTAA-1_1_1_1_1_1,DC,Cytotoxic,T,-4.776547836,1.890349944
CCAAGCGTCATCGCCT-1_1_1_1_1_1,DC,NK,NK,-1.717717575,-4.551644247
CCAATGAGTTTAAGGA-1_1_1_1_1_1,DC,gdT,T,2.455088926,0.255996812
CCAATTTAGCAGGCAT-1_1_1_1_1_1,DC,T-Helper,T,2.712731672,1.97047003
CCAATTTTCAGTGCGC-1_1_1_1_1_1,DC,NaiveT,T,-1.477839517,7.412501891
CCACAAAAGTTTCGGT-1_1_1_1_1_1,DC,NaiveT,T,-1.349525737,7.709262926
CCACACTCACGACCTG-1_1_1_1_1_1,DC,NaiveT,T,0.980869306,6.20811661
CCACCATTCCGTGTAA-1_1_1_1_1_1,DC,T-Helper,T,2.187362505,1.870749195
CCACGTTAGTAAACTG-1_1_1_1_1_1,DC,NaiveT,T,1.474358631,7.84519871
CCACGTTCAAATTAGG-1_1_1_1_1_1,DC,NK,NK,-8.891558098,-7.427621286
CCACTTGGTGTCCGTG-1_1_1_1_1_1,DC,NK,NK,-5.862615513,-6.849215906
CCACTTGTCGAGTGAG-1_1_1_1_1_1,DC,gdT,T,9.31635244,-6.046101492
CCATAAGAGGCCTAGA-1_1_1_1_1_1,DC,NaiveT,T,-1.18390684,6.057316382
CCCATTGAGACGCAGT-1_1_1_1_1_1,DC,NK,NK,-6.122948097,-3.622111003
CCCATTGCAGCAATTC-1_1_1_1_1_1,DC,T-DN,T,0.000642387,2.528360684
CCCATTGGTCACTCAA-1_1_1_1_1_1,DC,NKT,T,-3.240829395,-3.529192131
CCCGAAGAGGGTAGCT-1_1_1_1_1_1,DC,Cytotoxic,T,-2.879201578,0.789349277
CCCGAAGTCGGCCTTT-1_1_1_1_1_1,DC,T-DN,T,-0.479744183,1.927158911
CCCGGAATCCCAGGAC-1_1_1_1_1_1,DC,gdT,T,9.574719978,-5.602969568
CCCGGAATCTACGGGC-1_1_1_1_1_1,DC,T-Helper,T,0.881033612,-3.94574992
CCCTAACGTGTCTTCC-1_1_1_1_1_1,DC,Cytotoxic,T,-0.509131001,-0.873617034
CCCTAACTCTGCCCTA-1_1_1_1_1_1,DC,Cytotoxic,T,-1.900268959,0.853664715
CCCTCAACAAAGGAGA-1_1_1_1_1_1,DC,NaiveT,T,0.799177183,9.180495341
CCCTCAACACATTCGA-1_1_1_1_1_1,DC,NK,NK,-5.466945099,-4.035397689
CCCTCTCAGCCTCATA-1_1_1_1_1_1,DC,NaiveT,T,1.417421413,7.879266341
CCCTCTCGTATTCTCT-1_1_1_1_1_1,DC,T-Helper,T,1.658100081,2.199023564
CCCTTAGAGACTGAGC-1_1_1_1_1_1,DC,T-Helper,T,1.267139627,-3.160420578
CCGAACGGTAGATCGG-1_1_1_1_1_1,DC,NK,NK,-7.583396362,-6.677096765
CCGATCTGTGGAGGTT-1_1_1_1_1_1,DC,NK,NK,-7.596312927,-5.65020601
CCGATCTGTTAGCGGA-1_1_1_1_1_1,DC,NK,NK,-8.001763748,-5.785653513
CCGATCTTCTCCCTAG-1_1_1_1_1_1,DC,NKT,T,-3.533948349,-2.502830188
CCGATGGCAATCGCCG-1_1_1_1_1_1,DC,Cytotoxic,T,-3.056032585,2.369583447
CCGCAAGCAGGTGAGT-1_1_1_1_1_1,DC,NK,NK,-9.016314911,-8.64657871
CCGGACACAGTGTGCC-1_1_1_1_1_1,DC,NaiveT,T,2.330279423,7.707780917
CCGGGTACAATAGGGC-1_1_1_1_1_1,DC,NK,NK,-5.897630619,-6.810833852
CCGGTGAGTTGCACGC-1_1_1_1_1_1,DC,NK,NK,-5.741274284,-6.513358514
CCGTAGGCAGCAGATG-1_1_1_1_1_1,DC,NK,NK,-7.606514858,-6.635700147
CCGTAGGGTCCTACGG-1_1_1_1_1_1,DC,NaiveT,T,-0.78620516,7.627191622
CCGTGAGCATCGAACT-1_1_1_1_1_1,DC,NK,NK,-8.407936501,-6.958748262
CCTAACCTCGGTGCAC-1_1_1_1_1_1,DC,Treg,T,2.200913263,-2.468629997
CCTACGTCAGCTATAC-1_1_1_1_1_1,DC,T-Helper,T,0.388803122,1.669648964
CCTATCGTCTCATGGA-1_1_1_1_1_1,DC,Treg,T,3.552592827,-0.338833328
CCTCAACCACCATTCC-1_1_1_1_1_1,DC,gdT,T,9.739718033,-4.422442358
CCTCACACACATAACC-1_1_1_1_1_1,DC,Cytotoxic,T,-2.679460691,2.189809639
CCTCACAGTCTTCCGT-1_1_1_1_1_1,DC,gdT,T,9.597033096,-4.835210722
CCTCACAGTGGGTCAA-1_1_1_1_1_1,DC,NaiveT,T,0.428732945,8.815717776
CCTCAGTGTGATGTAA-1_1_1_1_1_1,DC,T-DN,T,-0.838972854,2.137662489
CCTCATGGTTGCGGCT-1_1_1_1_1_1,DC,NK,NK,-8.279999184,-6.692002695
CCTCCAAAGCGTGTCC-1_1_1_1_1_1,DC,NaiveT,T,1.755720807,8.752756197
CCTCCAAGTGAGCAGT-1_1_1_1_1_1,DC,gdT,T,2.078016711,0.044967059
CCTCTCCGTCTGTAAC-1_1_1_1_1_1,DC,Cytotoxic,T,-3.446369814,0.30245154
CCTGCATGTGGATCAG-1_1_1_1_1_1,DC,gdT,T,9.472041679,-5.515496175
CCTTTGGTCACTACTT-1_1_1_1_1_1,DC,NaiveT,T,2.360482527,6.578018267
CCTTTGGTCCGCTAGG-1_1_1_1_1_1,DC,NaiveT,T,2.462253405,6.511661608
CGAATTGAGCGTGAAC-1_1_1_1_1_1,DC,ILC,ILC,7.75656469,0.896312494
CGAATTGCACCCAAGC-1_1_1_1_1_1,DC,gdT,T,8.338440491,-4.593964498
CGACAGCGTTGTCAGT-1_1_1_1_1_1,DC,Cytotoxic,T,-3.086496042,0.30069663
CGACAGCTCTGTCTCG-1_1_1_1_1_1,DC,T-DN,T,0.453379584,3.0422283
CGAGAAGGTCATAAAG-1_1_1_1_1_1,DC,Cytotoxic,T,-3.54126613,0.174566348
CGAGGCTAGTAAGCAT-1_1_1_1_1_1,DC,NK,NK,-0.900302814,-5.04176132
CGAGGCTCAATCAAGA-1_1_1_1_1_1,DC,Treg,T,3.644015385,1.742154438
CGAGGCTTCGATTCCC-1_1_1_1_1_1,DC,NK,NK,-2.360272573,-3.294369142
CGAGTTACATCCTTCG-1_1_1_1_1_1,DC,Cytotoxic,T,-5.286949562,0.328562875
CGATGCGTCCTAGAGT-1_1_1_1_1_1,DC,NKT,T,-4.535099911,-2.829803627
CGCAGGTAGCGTATGG-1_1_1_1_1_1,DC,NaiveT,T,0.410265608,6.888037283
CGCAGGTAGTTCACTG-1_1_1_1_1_1,DC,NaiveT,T,-1.709258603,6.980425436
CGCAGGTCAACGCATT-1_1_1_1_1_1,DC,Cytotoxic,T,-4.03520863,0.367003966
CGCAGGTGTCGGCACT-1_1_1_1_1_1,DC,T-Helper,T,2.699960304,2.508696873
CGCATAAAGAATAACC-1_1_1_1_1_1,DC,NaiveT,T,1.424442006,8.152247507
CGCATAAAGTCTCCTC-1_1_1_1_1_1,DC,gdT,T,2.225903584,-3.151556413
CGCATGGCACCTCTAC-1_1_1_1_1_1,DC,Cytotoxic,T,-2.753008293,2.094828446
CGCATGGCAGGGCTTC-1_1_1_1_1_1,DC,T-Helper,T,2.101145698,1.673478563
CGCATGGGTCCTCATC-1_1_1_1_1_1,DC,T-DN,T,0.66698928,3.242965062
CGCCAGACAATCGAAA-1_1_1_1_1_1,DC,T-DN,T,0.408879815,3.032331545
CGCCAGAGTCGTGGTC-1_1_1_1_1_1,DC,gdT,T,2.191680504,-0.124533413
CGCGTGAGTATGAAAC-1_1_1_1_1_1,DC,NaiveT,T,1.077572657,8.003588755
CGGACACAGCGTTCCG-1_1_1_1_1_1,DC,NK,NK,-7.55862944,-6.312746446
CGGAGAAAGTCGCCAC-1_1_1_1_1_1,DC,ILC,ILC,9.510581566,2.871002514
CGGCAGTGTAGTGCGA-1_1_1_1_1_1,DC,TCM,T,-1.695435094,3.718808491
CGGGCATAGCCTAACT-1_1_1_1_1_1,DC,Cytotoxic,T,-2.353707956,1.812594016
CGGGCATCAGGCCTGT-1_1_1_1_1_1,DC,Treg,T,3.503889633,-0.509210419
CGGTCAGAGACGGTTG-1_1_1_1_1_1,DC,NaiveT,T,-1.908134626,6.01881798
CGTAGTAAGAAGCCAC-1_1_1_1_1_1,DC,NK,NK,-6.069097446,-5.028399866
CGTCAAACATGAAGGC-1_1_1_1_1_1,DC,ILC,ILC,8.298494888,2.273372729
CGTCAAAGTCCTTAAG-1_1_1_1_1_1,DC,Cytotoxic,T,-5.330321239,0.355884154
CGTCAAAGTTAGCTAC-1_1_1_1_1_1,DC,NK,NK,-5.931881355,-3.775420826
CGTCAAAGTTCTGACA-1_1_1_1_1_1,DC,ILC,ILC,8.582445694,1.062143166
CGTCAAATCCTGTAGA-1_1_1_1_1_1,DC,gdT,T,8.269883705,-5.624542635
CGTCAAATCGGCCCAA-1_1_1_1_1_1,DC,NaiveT,T,1.699704839,7.722461302
CGTGAATTCTCCAATT-1_1_1_1_1_1,DC,NK,NK,-6.08438723,-4.248868387
CGTGCTTGTAGAGATT-1_1_1_1_1_1,DC,T-DN,T,1.720032288,4.193390448
CGTGTCTAGGAGATAG-1_1_1_1_1_1,DC,NK,NK,-8.537248062,-6.821330946
CGTGTCTTCATTGTGG-1_1_1_1_1_1,DC,T-Helper,T,2.595255209,2.006203968
CGTTCTGAGAGGTCGT-1_1_1_1_1_1,DC,Cytotoxic,T,-3.135547565,0.777308364
CGTTGGGTCCAAAGGG-1_1_1_1_1_1,DC,NKT,T,-5.863141941,-1.736237924
CGTTGGGTCGAAACAA-1_1_1_1_1_1,DC,NaiveT,T,1.882448627,4.460920412
CTACAGACAAGTTCCA-1_1_1_1_1_1,DC,ILC,ILC,8.878400398,1.341928084
CTACATTCATGACGAG-1_1_1_1_1_1,DC,NaiveT,T,0.015565155,8.804344256
CTACATTTCGCTGTCT-1_1_1_1_1_1,DC,NK,NK,-9.100305962,-8.234522741
CTACCCAGTTGTAAAG-1_1_1_1_1_1,DC,NaiveT,T,2.358805491,6.78957041
CTACCCATCTCACTCG-1_1_1_1_1_1,DC,gdT,T,7.888730122,-6.757654111
CTACCCATCTCCTACG-1_1_1_1_1_1,DC,NK,NK,-9.06831591,-8.499025266
CTACGGGGTGACTAAA-1_1_1_1_1_1,DC,NK,NK,-7.625461983,-7.918476026
CTAGACACATGCGTGC-1_1_1_1_1_1,DC,NaiveT,T,1.243656231,7.945246775
CTATAGGTCCATTGGA-1_1_1_1_1_1,DC,Cytotoxic,T,-4.08406155,2.633462269
CTATAGGTCCTCATAT-1_1_1_1_1_1,DC,T-Helper,T,2.467736555,2.510118801
CTATCCGCAGGAATAT-1_1_1_1_1_1,DC,NaiveT,T,1.064919127,6.120480139
CTATCTAAGAACCGCA-1_1_1_1_1_1,DC,Cytotoxic,T,-3.544994997,2.671633561
CTATCTAGTTCAGCGC-1_1_1_1_1_1,DC,T-Helper,T,-0.62723087,0.512530882
CTCAACCCAATCTCGA-1_1_1_1_1_1,DC,NaiveT,T,0.519462032,6.454317648
CTCAACCCAGGTGAGT-1_1_1_1_1_1,DC,NK,NK,-7.708068775,-7.733787935
CTCAACCTCGTTCAGA-1_1_1_1_1_1,DC,NK,NK,-1.281997251,-5.121674459
CTCAAGACACCCTATC-1_1_1_1_1_1,DC,NKT,T,-3.633843111,-1.849671404
CTCAATTCAAAGCTCT-1_1_1_1_1_1,DC,gdT,T,2.001764847,-3.074875276
CTCAATTCATACAGCT-1_1_1_1_1_1,DC,gdT,T,10.05223329,-5.77460758
CTCAATTCATCGAACT-1_1_1_1_1_1,DC,gdT,T,10.22319372,-5.822894495
CTCACTGAGTTACTCG-1_1_1_1_1_1,DC,NaiveT,T,0.933546496,6.373265822
CTCACTGCAAGCGATG-1_1_1_1_1_1,DC,NaiveT,T,2.474754644,5.847693045
CTCACTGGTTCTGACA-1_1_1_1_1_1,DC,ILC,ILC,6.784986092,1.55162986
CTCAGAAAGGTCATAA-1_1_1_1_1_1,DC,NaiveT,T,-1.13462417,6.530082304
CTCAGAACAGCTTCGG-1_1_1_1_1_1,DC,NKT,T,-4.297048973,-3.894896429
CTCAGGGAGGGTTTCT-1_1_1_1_1_1,DC,NaiveT,T,0.671226574,8.417692263
CTCAGGGGTAAGATTG-1_1_1_1_1_1,DC,Cytotoxic,T,-3.016029762,1.753577549
CTCAGTCGTCTCCCTA-1_1_1_1_1_1,DC,ILC,ILC,8.556705071,2.472751696
CTCATTAAGCCGGATA-1_1_1_1_1_1,DC,NaiveT,T,0.261756455,6.516275961
CTCATTAAGCGAGGAG-1_1_1_1_1_1,DC,NKT,T,-5.766743111,-1.948246877
CTCATTAAGTCTAACC-1_1_1_1_1_1,DC,NK,NK,-0.986703919,-5.049304407
CTCATTATCTTCACGC-1_1_1_1_1_1,DC,NK,NK,-8.970258163,-8.37896816
CTCCAACAGCCAAGGT-1_1_1_1_1_1,DC,T-Helper,T,1.822027398,1.68968137
CTCCACAGTGGGCTCT-1_1_1_1_1_1,DC,gdT,T,8.022132469,-6.586884897
CTCCATGTCCCATAAG-1_1_1_1_1_1,DC,NK,NK,-7.206646847,-6.456338804
CTCCCTCGTGAATTAG-1_1_1_1_1_1,DC,gdT,T,7.949422432,-5.337669771
CTCCGATCAGCACACC-1_1_1_1_1_1,DC,gdT,T,9.717604233,-4.505510728
CTCCTTTCATCAGTCA-1_1_1_1_1_1,DC,NaiveT,T,-0.656782435,6.29548939
CTCCTTTTCGCGTGAC-1_1_1_1_1_1,DC,NaiveT,T,0.669615758,6.977774699
CTCGAGGAGGGCTTCC-1_1_1_1_1_1,DC,Cytotoxic,T,-3.413897919,1.909118493
CTCGAGGGTCAAACGG-1_1_1_1_1_1,DC,T-Helper,T,2.334576918,2.148034413
CTCGAGGTCGTACCTC-1_1_1_1_1_1,DC,NaiveT,T,-1.245203303,7.478535731
CTCTCAGCACGCGCAT-1_1_1_1_1_1,DC,Cytotoxic,T,0.74767573,-1.562986891
CTCTCAGCATAATGCC-1_1_1_1_1_1,DC,T-Helper,T,1.094624413,2.422876675
CTCTCAGGTGCATGAG-1_1_1_1_1_1,DC,NK,NK,-5.365960049,-5.887872617
CTCTGGTCACAGCTTA-1_1_1_1_1_1,DC,T-Helper,T,2.017130686,1.764582355
CTGAATGTCAAACGTC-1_1_1_1_1_1,DC,NaiveT,T,0.234651884,6.500811179
CTGAGGCTCATGAGTC-1_1_1_1_1_1,DC,gdT,T,8.081327988,-6.118678491
CTGAGGCTCATGCATG-1_1_1_1_1_1,DC,gdT,T,8.368663384,-5.087408464
CTGATCCAGCCTTTCC-1_1_1_1_1_1,DC,gdT,T,8.681088997,-6.184023779
CTGATCCTCTGACGCG-1_1_1_1_1_1,DC,NK,NK,-5.293220924,-6.288932722
CTGCAGGGTTGTCAGT-1_1_1_1_1_1,DC,gdT,T,6.814096523,-5.452466886
CTGCCTAAGACAAGCC-1_1_1_1_1_1,DC,NK,NK,-6.118559288,-5.362003248
CTGCCTAGTCGAACAG-1_1_1_1_1_1,DC,gdT,T,9.064677788,-4.13898937
CTGCCTAGTTTCGTGA-1_1_1_1_1_1,DC,gdT,T,7.944660259,-6.345990579
CTGGACGAGTAAGCAT-1_1_1_1_1_1,DC,NK,NK,-8.184503006,-5.429041784
CTGGTCTCACCGTGGT-1_1_1_1_1_1,DC,gdT,T,7.878399921,-6.131009977
CTGTACCAGTCTGTAC-1_1_1_1_1_1,DC,NKT,T,-4.297418999,-2.455549638
CTGTAGACAGCCATTA-1_1_1_1_1_1,DC,NaiveT,T,2.630489422,7.089659769
CTGTAGAGTAGAATGT-1_1_1_1_1_1,DC,NaiveT,T,-0.848622965,6.752483923
CTGTAGAGTTTCACTT-1_1_1_1_1_1,DC,NK,NK,-8.913422989,-7.930607717
CTGTAGATCCCGAGAC-1_1_1_1_1_1,DC,gdT,T,2.338637663,-3.102601926
CTGTATTGTTCATCGA-1_1_1_1_1_1,DC,NaiveT,T,0.846176399,7.152588923
CTGTATTTCGGTTAGT-1_1_1_1_1_1,DC,NK,NK,-5.281793522,-4.650052946
CTGTCGTGTGATATAG-1_1_1_1_1_1,DC,gdT,T,6.789009167,-5.507029932
CTGTGAAAGAAGAACG-1_1_1_1_1_1,DC,Cytotoxic,T,-3.546522545,1.525441606
CTGTGAAAGAGAGCGG-1_1_1_1_1_1,DC,NK,NK,-6.577922272,-6.959378641
CTTACCGCAATGTCAC-1_1_1_1_1_1,DC,NaiveT,T,1.878629399,6.529796679
CTTACCGGTAAGATCA-1_1_1_1_1_1,DC,gdT,T,2.399955107,-3.334906499
CTTACCGGTGATCGTT-1_1_1_1_1_1,DC,NK,NK,-4.911841797,-4.883220594
CTTACCGTCGAGTACT-1_1_1_1_1_1,DC,gdT,T,7.540791584,-6.594730299
CTTAGGATCGGATAAA-1_1_1_1_1_1,DC,gdT,T,7.008658005,-5.916715543
CTTAGGATCGTAACTG-1_1_1_1_1_1,DC,gdT,T,7.878321243,-4.227872293
CTTCAATCATTGCCTC-1_1_1_1_1_1,DC,gdT,T,9.537705017,-5.740287225
CTTCAATGTGTATTGC-1_1_1_1_1_1,DC,NK,NK,-5.735660957,-5.088303011
CTTCCGAAGAATCGAT-1_1_1_1_1_1,DC,NK,NK,-8.835750984,-8.06148092
CTTCCGACAATTGAGA-1_1_1_1_1_1,DC,NK,NK,-9.027603554,-8.41833679
CTTCCGAGTTGGCCTG-1_1_1_1_1_1,DC,ILC,ILC,6.976949764,1.803643186
CTTCCTTCACAGACGA-1_1_1_1_1_1,DC,NaiveT,T,-0.427581774,6.914350111
CTTCCTTTCCGCAGTG-1_1_1_1_1_1,DC,gdT,T,2.486365391,-3.379536073
CTTCGGTGTATCGTAC-1_1_1_1_1_1,DC,NK,NK,-1.589936065,-3.879442852
CTTCTAATCGCACGAC-1_1_1_1_1_1,DC,Treg,T,2.934936596,0.101888139
CTTCTCTGTCATCTAG-1_1_1_1_1_1,DC,NKT,T,-6.18404715,-2.283409755
CTTGAGATCAATCTTC-1_1_1_1_1_1,DC,NaiveT,T,1.605724765,6.672221739
CTTGATTAGCTCGTGC-1_1_1_1_1_1,DC,NaiveT,T,-2.02114694,5.722177584
GAAATGACAACGGCCT-1_1_1_1_1_1,DC,NaiveT,T,-1.504742788,6.505499442
GAACGTTAGGGAGGTG-1_1_1_1_1_1,DC,NK,NK,-5.719306873,-6.482687872
GAACGTTTCGCGCTGA-1_1_1_1_1_1,DC,NKT,T,-5.316093849,-1.96628968
GAAGAATAGCATCAGG-1_1_1_1_1_1,DC,Cytotoxic,T,-3.324500965,0.863730807
GAAGAATAGGTATTGA-1_1_1_1_1_1,DC,gdT,T,8.397608353,-5.759684961
GAAGAATCACTATGTG-1_1_1_1_1_1,DC,Cytotoxic,T,0.460713548,-3.607512157
GAAGCCCAGAATAGTC-1_1_1_1_1_1,DC,NaiveT,T,1.26103933,7.897931654
GAAGCCCAGCCGTCGT-1_1_1_1_1_1,DC,NK,NK,-5.524756359,-6.745925348
GAAGCCCAGGCGAAGG-1_1_1_1_1_1,DC,gdT,T,2.15352161,-3.010319631
GAAGCCCCAAGAGTAT-1_1_1_1_1_1,DC,NK,NK,-8.945964264,-8.420410078
GAAGCCCCATGAGTAA-1_1_1_1_1_1,DC,NK,NK,-8.238496231,-7.547078531
GAAGCCCGTCCTTAAG-1_1_1_1_1_1,DC,NK,NK,-8.915220665,-7.384453218
GAAGGACCATGCCGGT-1_1_1_1_1_1,DC,NK,NK,-6.589409279,-6.296856802
GAATCACAGAGTCTTC-1_1_1_1_1_1,DC,NaiveT,T,2.141620232,4.17089947
GAATCGTGTGACTGAG-1_1_1_1_1_1,DC,Cytotoxic,T,-3.27116959,3.023849566
GAATCGTTCACGACTA-1_1_1_1_1_1,DC,Cytotoxic,T,-3.878599094,1.528091867
GAATCGTTCTCATGCC-1_1_1_1_1_1,DC,NK,NK,-7.647862362,-6.444141309
GACACGCAGAGAACCC-1_1_1_1_1_1,DC,gdT,T,10.31521375,-5.868170183
GACACGCGTAACCCGC-1_1_1_1_1_1,DC,gdT,T,10.203384,-5.578736227
GACACGCGTGCATACT-1_1_1_1_1_1,DC,NaiveT,T,0.226273736,7.977931101
GACACGCTCCCTCAAC-1_1_1_1_1_1,DC,NKT,T,-3.547993111,-2.804884832
GACATCAAGCACCGTC-1_1_1_1_1_1,DC,NaiveT,T,0.796882821,8.33360966
GACATCATCTGGGCAC-1_1_1_1_1_1,DC,ILC,ILC,7.043544842,1.734396059
GACATCATCTTCGGAA-1_1_1_1_1_1,DC,NaiveT,T,2.888723923,7.40796097
GACCCAGAGCCAGTAG-1_1_1_1_1_1,DC,Treg,T,2.463017298,-1.997778576
GACCCAGAGGATTACA-1_1_1_1_1_1,DC,Cytotoxic,T,-2.493628906,0.414555032
GACCTTCTCCCAAGTA-1_1_1_1_1_1,DC,gdT,T,9.428729607,-5.529292028
GACGCTGAGCCGATCC-1_1_1_1_1_1,DC,NK,NK,-4.174129414,-4.45464174
GACGCTGGTGGCTTAT-1_1_1_1_1_1,DC,NaiveT,T,1.158784641,6.274975855
GACGTTAGTAGAGATT-1_1_1_1_1_1,DC,NK,NK,-5.705950188,-6.766728323
GACTATGCAAGAGATT-1_1_1_1_1_1,DC,NK,NK,-3.009190725,-2.653189819
GACTCAAAGGGAGTGG-1_1_1_1_1_1,DC,NaiveT,T,-0.612086879,8.407816965
GACTCAATCGGTAACT-1_1_1_1_1_1,DC,gdT,T,9.170449806,-5.494786184
GACTTCCCAGGGATAC-1_1_1_1_1_1,DC,gdT,T,8.076691223,-5.99531595
GAGACCCCAGCCCACA-1_1_1_1_1_1,DC,gdT,T,7.964347435,-4.214512746
GAGACCCTCAGGGATG-1_1_1_1_1_1,DC,gdT,T,8.814984871,-4.445276659
GAGACTTGTCCTTTGC-1_1_1_1_1_1,DC,gdT,T,8.555195404,-5.719189088
GAGAGGTTCATCCCGT-1_1_1_1_1_1,DC,NK,NK,-7.270288872,-6.734924238
GAGATGGAGCAGTACG-1_1_1_1_1_1,DC,NaiveT,T,1.60016544,8.742384989
GAGCCTGCATGGCGCT-1_1_1_1_1_1,DC,Cytotoxic,T,-5.474837231,0.323009421
GAGCCTGGTATTTCTC-1_1_1_1_1_1,DC,T-DN,T,-0.720033394,1.505239208
GAGCTGCAGGTAGATT-1_1_1_1_1_1,DC,NK,NK,-8.197717117,-7.463516157
GAGCTGCTCCTCACTG-1_1_1_1_1_1,DC,gdT,T,8.355007721,-3.973112743
GAGGCAACAACTTCTT-1_1_1_1_1_1,DC,T-DN,T,-5.000644611,-3.095608394
GAGGCAACATTCGGGC-1_1_1_1_1_1,DC,T-Helper,T,1.979127003,-2.112027328
GAGGGATTCACCACAA-1_1_1_1_1_1,DC,Treg,T,3.469915463,-0.81290863
GAGTCTACAGCGTTTA-1_1_1_1_1_1,DC,NaiveT,T,1.38118322,8.214824755
GAGTCTAGTAAGACCG-1_1_1_1_1_1,DC,NK,NK,-5.793201851,-4.430966299
GAGTGAGTCCGGACTG-1_1_1_1_1_1,DC,gdT,T,2.236077381,-3.205625932
GAGTGTTAGCCTGCCA-1_1_1_1_1_1,DC,NaiveT,T,1.995307399,8.005809863
GAGTTACCAACAGCTT-1_1_1_1_1_1,DC,NaiveT,T,-0.728053199,6.16685303
GAGTTACCACGGCCAT-1_1_1_1_1_1,DC,NaiveT,T,1.142947746,8.691530306
GAGTTACTCGCCGATG-1_1_1_1_1_1,DC,ILC,ILC,7.601354671,1.237384279
GAGTTTGTCATAGCAC-1_1_1_1_1_1,DC,NaiveT,T,-0.005892621,7.941441615
GATAGAATCCGTGACG-1_1_1_1_1_1,DC,NK,NK,-6.227699207,-5.411041181
GATAGCTTCTGTCAGA-1_1_1_1_1_1,DC,gdT,T,7.931625916,-5.279474657
GATCACAAGTCACGCC-1_1_1_1_1_1,DC,NaiveT,T,1.200572325,7.354595263
GATCACAGTTATCCAG-1_1_1_1_1_1,DC,Treg,T,3.281601501,1.919531424
GATCAGTAGGGTTTCT-1_1_1_1_1_1,DC,ILC,ILC,7.89864452,1.489747245
GATCAGTCATGACGAG-1_1_1_1_1_1,DC,NK,NK,-2.662909435,-2.946994226
GATCGTAAGAGCCGTA-1_1_1_1_1_1,DC,NKT,T,-4.421502518,-1.604939263
GATGATCCAGTTGAAA-1_1_1_1_1_1,DC,T-Helper,T,0.919464601,-3.069787424
GATGCTACAAGCTACT-1_1_1_1_1_1,DC,NaiveT,T,0.916798605,6.381941397
GATGCTACACTTGTGA-1_1_1_1_1_1,DC,T-Helper,T,1.956456138,-2.659421842
GATGGAGAGCATTTCG-1_1_1_1_1_1,DC,NaiveT,T,2.64443214,7.75249346
GATGTTGAGCAGCAGT-1_1_1_1_1_1,DC,NaiveT,T,0.714100255,6.719879706
GATGTTGAGCATCCTA-1_1_1_1_1_1,DC,NK,NK,-7.913470673,-6.593318384
GATTCGACACCAGCGT-1_1_1_1_1_1,DC,ILC,ILC,8.598432137,1.05794533
GATTCGAGTACGTGTT-1_1_1_1_1_1,DC,Cytotoxic,T,-3.706140923,1.019876201
GATTCTTCAACAAGTA-1_1_1_1_1_1,DC,Cytotoxic,T,-3.615098165,3.308851082
GATTGGTCATATCTCT-1_1_1_1_1_1,DC,NK,NK,-4.507329868,-4.443440359
GATTTCTTCTTGATTC-1_1_1_1_1_1,DC,Cytotoxic,T,-0.649451958,0.65923955
GCAACATAGTAACGAT-1_1_1_1_1_1,DC,NaiveT,T,-1.324338125,6.072426398
GCAACCGCACCCAATA-1_1_1_1_1_1,DC,Treg,T,2.984042717,4.274916727
GCACATAAGAAGTGTT-1_1_1_1_1_1,DC,gdT,T,8.298535896,-6.046919744
GCACGGTTCGAAACAA-1_1_1_1_1_1,DC,NK,NK,-8.507976936,-6.523880403
GCACTAATCGCGTGCA-1_1_1_1_1_1,DC,NKT,T,-4.323890137,0.072854717
GCAGCCAAGTACTGGG-1_1_1_1_1_1,DC,NK,NK,-6.863255428,-6.576589983
GCAGCCACAATACGCT-1_1_1_1_1_1,DC,NaiveT,T,2.244638039,4.630570013
GCAGCTGAGCGGACAT-1_1_1_1_1_1,DC,Cytotoxic,T,-2.988837646,0.340870101
GCAGCTGGTGCCAAGA-1_1_1_1_1_1,DC,Treg,T,4.11790259,-0.031664598
GCAGCTGGTTTCGTAG-1_1_1_1_1_1,DC,NK,NK,-7.89494841,-7.418122213
GCAGGCTCAGTTTGGT-1_1_1_1_1_1,DC,gdT,T,8.884416176,-5.922352712
GCAGGCTCATCGTTCC-1_1_1_1_1_1,DC,NaiveT,T,-0.298100846,6.481449206
GCAGGCTGTGAATTGA-1_1_1_1_1_1,DC,NKT,T,-4.695561813,-1.762933652
GCAGGCTTCTAGAGCT-1_1_1_1_1_1,DC,NaiveT,T,1.481597615,7.40861233
GCAGTTAAGACATACA-1_1_1_1_1_1,DC,Treg,T,3.753712488,-0.555216025
GCAGTTATCACAGTGT-1_1_1_1_1_1,DC,gdT,T,9.977014137,-6.649841707
GCATCGGAGCAGTAAT-1_1_1_1_1_1,DC,Cytotoxic,T,-0.499422776,0.323397894
GCATCGGTCACTTATC-1_1_1_1_1_1,DC,NaiveT,T,0.248009538,6.596907694
GCATCTCAGCGGCTCT-1_1_1_1_1_1,DC,Treg,T,3.565552307,0.002308283
GCATGATTCGACTCCT-1_1_1_1_1_1,DC,NaiveT,T,2.694631172,7.823808749
GCATTAGAGTAAATGC-1_1_1_1_1_1,DC,NKT,T,-6.174363064,-2.281095903
GCATTAGGTCGTCATA-1_1_1_1_1_1,DC,NK,NK,-5.617501663,-6.650905054
GCCAACGTCGATCCAA-1_1_1_1_1_1,DC,Cytotoxic,T,-1.954085516,1.943487723
GCCAGCAAGACTCCGC-1_1_1_1_1_1,DC,gdT,T,3.061018301,0.48061486
GCCAGCAAGTCGCTAT-1_1_1_1_1_1,DC,T-DN,T,-3.182578968,-3.333702962
GCCAGGTTCGCCAATA-1_1_1_1_1_1,DC,NaiveT,T,2.259910656,7.30138119
GCCAGTGAGGCTTAGG-1_1_1_1_1_1,DC,NK,NK,-8.865348267,-7.847675722
GCCATTCCAATACGAA-1_1_1_1_1_1,DC,NaiveT,T,0.059924601,7.275664408
GCCCGAAGTATTTCCT-1_1_1_1_1_1,DC,NK,NK,-8.090814995,-8.092959325
GCGAGAAAGCGAGAAA-1_1_1_1_1_1,DC,NaiveT,T,-2.105660366,5.896776755
GCGATCGAGCATGCAG-1_1_1_1_1_1,DC,Cytotoxic,T,-3.526724743,-1.303826969
GCGGATCAGCGCTGAA-1_1_1_1_1_1,DC,Cytotoxic,T,-3.326129364,-0.107397295
GCGGATCCACCTGCGA-1_1_1_1_1_1,DC,NK,NK,-6.474414276,-4.976893346
GCGGATCGTACGGCAA-1_1_1_1_1_1,DC,NaiveT,T,-0.086312937,7.556375582
GCGTTTCAGCATGCAG-1_1_1_1_1_1,DC,NK,NK,-8.02110331,-7.607829969
GCTACAACACCTGCAG-1_1_1_1_1_1,DC,NaiveT,T,0.75263269,7.364130099
GCTGAATCAAGACGGT-1_1_1_1_1_1,DC,NK,NK,-8.781075882,-6.687622945
GCTGCAGAGAGTACCG-1_1_1_1_1_1,DC,NK,NK,-8.565514969,-6.352858465
GCTGCAGCACCACATA-1_1_1_1_1_1,DC,NKT,T,-5.517354416,-1.49544112
GCTGCAGTCTCGGTCT-1_1_1_1_1_1,DC,gdT,T,9.338881088,-6.572998922
GCTGGGTAGGCGTTAG-1_1_1_1_1_1,DC,Cytotoxic,T,-1.692632007,0.508057732
GCTGGGTCAAGCGCTC-1_1_1_1_1_1,DC,NK,NK,-7.86105864,-5.093023698
GCTGGGTCAGTGTATC-1_1_1_1_1_1,DC,Cytotoxic,T,-0.598887848,1.063948591
GCTTTCGTCGCTCATC-1_1_1_1_1_1,DC,Cytotoxic,T,-1.550865101,-0.171804543
GCTTTCGTCGTGGCTG-1_1_1_1_1_1,DC,NaiveT,T,0.576190544,9.295943339
GGAACCCTCACCCATC-1_1_1_1_1_1,DC,NK,NK,-9.188347267,-8.043359201
GGAAGTGAGGTTCAGG-1_1_1_1_1_1,DC,NaiveT,T,1.27803619,6.467618544
GGAAGTGTCATCGCAA-1_1_1_1_1_1,DC,NaiveT,T,-1.401779102,6.655601103
GGAATCTAGCCACCGT-1_1_1_1_1_1,DC,NKT,T,-5.351328777,-2.232117336
GGAATCTCACACGTGC-1_1_1_1_1_1,DC,NK,NK,-8.760406898,-5.879822176
GGAATGGGTTCGAAGG-1_1_1_1_1_1,DC,gdT,T,8.921144081,-6.743071954
GGACGTCGTGGAACAC-1_1_1_1_1_1,DC,NaiveT,T,1.053269876,8.487659533
GGACGTCTCCCGTTGT-1_1_1_1_1_1,DC,T-Helper,T,2.107189728,0.928649385
GGAGCAAGTGGCTTAT-1_1_1_1_1_1,DC,NaiveT,T,-0.555273103,8.461024363
GGAGGTAAGCGTGCTC-1_1_1_1_1_1,DC,NaiveT,T,0.536394818,8.383021433
GGATCTACAAGTTTGC-1_1_1_1_1_1,DC,NK,NK,-8.60641806,-5.846068304
GGATCTAGTAGCCAGA-1_1_1_1_1_1,DC,gdT,T,9.557274414,-5.404993932
GGATCTAGTAGTCGGA-1_1_1_1_1_1,DC,T-DN,T,0.638283891,3.228174527
GGCACGTCAATGGCCC-1_1_1_1_1_1,DC,gdT,T,7.496153904,-5.491407316
GGCACGTGTACCGGAA-1_1_1_1_1_1,DC,NaiveT,T,2.375559164,7.693674643
GGCACGTTCTCAACGA-1_1_1_1_1_1,DC,Cytotoxic,T,-2.867327856,1.670720894
GGCACGTTCTCAGTCC-1_1_1_1_1_1,DC,NaiveT,T,1.018714858,8.95810612
GGCAGTCTCCTACCAC-1_1_1_1_1_1,DC,NaiveT,T,0.804362548,7.652073462
GGCTGTGAGATGCCGA-1_1_1_1_1_1,DC,ILC,ILC,8.945007874,2.550079663
GGCTGTGTCGGACTTA-1_1_1_1_1_1,DC,NaiveT,T,-0.463398205,8.008714754
GGCTTTCGTTGTGTAC-1_1_1_1_1_1,DC,NaiveT,T,2.419810368,8.618305285
GGCTTTCTCGGTCTAA-1_1_1_1_1_1,DC,NK,NK,-8.916085648,-8.117603223
GGCTTTCTCTCTGCTG-1_1_1_1_1_1,DC,gdT,T,9.019023491,-5.097909849
GGGAAGTTCGTTGTTT-1_1_1_1_1_1,DC,NK,NK,-7.692416119,-8.071089666
GGGACAAGTAAGGCTG-1_1_1_1_1_1,DC,NK,NK,-6.504654335,-6.201641004
GGGACAATCGCAAGAG-1_1_1_1_1_1,DC,gdT,T,10.15446622,-4.859629552
GGGACAATCGGTGCAC-1_1_1_1_1_1,DC,Cytotoxic,T,-0.076989444,-2.735113304
GGGACTCAGCTTCGTA-1_1_1_1_1_1,DC,NK,NK,-6.644079136,-4.29770128
GGGACTCTCAGTCATG-1_1_1_1_1_1,DC,NaiveT,T,1.12154652,6.696690161
GGGAGATTCTCCTGAC-1_1_1_1_1_1,DC,NaiveT,T,0.459310545,6.949034293
GGGATCCGTGGGTATG-1_1_1_1_1_1,DC,Cytotoxic,T,-3.411401915,1.11211272
GGGCCATAGTGCTACT-1_1_1_1_1_1,DC,gdT,T,7.620356632,-5.316258352
GGGCCATCACTGCTTC-1_1_1_1_1_1,DC,NK,NK,-8.545467781,-5.647016447
GGGCGTTCACCAATTG-1_1_1_1_1_1,DC,NaiveT,T,0.019100828,6.71505316
GGGCGTTGTCTTAGTG-1_1_1_1_1_1,DC,Cytotoxic,T,-2.986648964,0.055177037
GGGCTACGTAACCCGC-1_1_1_1_1_1,DC,Cytotoxic,T,-2.678602385,-0.127934262
GGGCTCAAGCGTGTCC-1_1_1_1_1_1,DC,NaiveT,T,-1.057236599,6.344533045
GGGCTCACACTCACTC-1_1_1_1_1_1,DC,gdT,T,8.762380196,-5.512477796
GGGTAGAGTTCCGTTC-1_1_1_1_1_1,DC,ILC,ILC,7.861409737,1.904237826
GGGTCTGAGGTAAGAG-1_1_1_1_1_1,DC,ILC,ILC,7.086205555,1.839438755
GGGTCTGCACCTCTAC-1_1_1_1_1_1,DC,NaiveT,T,1.677248908,6.846677382
GGGTGAAAGCGTTGTT-1_1_1_1_1_1,DC,NaiveT,T,-0.686477708,7.536352236
GGGTGAAGTTACCTGA-1_1_1_1_1_1,DC,NKT,T,-4.871751713,-3.461368482
GGGTGAATCTACGCGG-1_1_1_1_1_1,DC,NK,NK,-6.652825283,-5.216868322
GGGTGTCCACGCTGTG-1_1_1_1_1_1,DC,TCM,T,1.096161378,5.242987711
GGGTTATAGAACGTGC-1_1_1_1_1_1,DC,NaiveT,T,1.887271954,8.997669299
GGGTTATTCGTTGCCT-1_1_1_1_1_1,DC,Cytotoxic,T,-0.915457176,-1.01932327
GGGTTTAAGCGCCTCA-1_1_1_1_1_1,DC,NK,NK,-0.963102626,-5.089243333
GGTAACTCACTGAGGA-1_1_1_1_1_1,DC,Treg,T,2.984765602,-1.070142667
GGTAACTGTACAATAG-1_1_1_1_1_1,DC,Treg,T,3.501833988,-0.671960037
GGTAACTGTGATACAA-1_1_1_1_1_1,DC,T-Helper,T,0.058089083,2.132522662
GGTAATCAGTGTACAA-1_1_1_1_1_1,DC,gdT,T,8.060732914,-6.425546568
GGTAATCGTTTGTGGT-1_1_1_1_1_1,DC,NK,NK,-7.735036777,-7.921254079
GGTAATCTCTAAGCGT-1_1_1_1_1_1,DC,NaiveT,T,-0.162455933,6.564131338
GGTCACGAGGCTAACG-1_1_1_1_1_1,DC,ILC,ILC,7.354046894,1.388654191
GGTCACGTCGCCTATC-1_1_1_1_1_1,DC,gdT,T,8.732788635,-6.142939012
GGTCTGGCAAGGAGTC-1_1_1_1_1_1,DC,NaiveT,T,0.016846014,6.786264498
GGTCTGGCACCATATG-1_1_1_1_1_1,DC,gdT,T,8.85947187,-6.615228098
GGTGATTAGACAACTA-1_1_1_1_1_1,DC,T-Helper,T,1.399419738,-3.11583082
GGTGATTTCGCCTTTG-1_1_1_1_1_1,DC,TCM,T,0.454134149,5.475370963
GGTGGCTTCCAGTGTA-1_1_1_1_1_1,DC,NK,NK,-8.562985825,-6.234606187
GGTGTCGGTCCAAAGG-1_1_1_1_1_1,DC,NaiveT,T,-1.946704792,6.668537695
GGTTGTAAGGCGATAC-1_1_1_1_1_1,DC,NK,NK,-7.617937016,-5.868724268
GTAACCAAGGATACAT-1_1_1_1_1_1,DC,gdT,T,9.273450447,-5.779073637
GTAACCAGTAGGACTG-1_1_1_1_1_1,DC,gdT,T,8.286695076,-6.60427944
GTAAGTCCAGCTCGGT-1_1_1_1_1_1,DC,T-DN,T,0.71046914,3.156658251
GTACAGTCACAAAGCG-1_1_1_1_1_1,DC,ILC,ILC,8.597069336,2.558523972
GTACAGTGTTGATCGT-1_1_1_1_1_1,DC,gdT,T,7.517964436,-6.474728506
GTAGCTAAGAGCCCAA-1_1_1_1_1_1,DC,NaiveT,T,1.623523904,8.181045611
GTAGCTACAACAGAGC-1_1_1_1_1_1,DC,TCM,T,-1.814288663,-3.050511997
GTAGGAGAGAATCGAT-1_1_1_1_1_1,DC,Cytotoxic,T,-2.291072535,2.098755915
GTAGGAGAGCCATTCA-1_1_1_1_1_1,DC,NK,NK,-6.463802742,-6.372355859
GTAGGAGAGGAGGGTG-1_1_1_1_1_1,DC,ILC,ILC,7.78798349,0.854733367
GTAGTACCATCTAACG-1_1_1_1_1_1,DC,Treg,T,3.29874332,0.055162657
GTCAAACTCGAAATCC-1_1_1_1_1_1,DC,NK,NK,-8.672319817,-7.817262571
GTCAAGTAGCATCTTG-1_1_1_1_1_1,DC,Cytotoxic,T,-4.538718628,1.373237927
GTCACGGGTGCTTATG-1_1_1_1_1_1,DC,NKT,T,-6.014849113,-2.380367916
GTCACTCCACAATCTG-1_1_1_1_1_1,DC,T-Helper,T,0.396187229,-0.951316695
GTCACTCGTTCCATTT-1_1_1_1_1_1,DC,Cytotoxic,T,-2.173907446,0.362084497
GTCAGCGTCGAACACT-1_1_1_1_1_1,DC,NaiveT,T,1.564338637,9.043898661
GTCATCCGTAGTTAGA-1_1_1_1_1_1,DC,NK,NK,-7.485571312,-4.599605482
GTCATCCTCTTGTTAC-1_1_1_1_1_1,DC,NK,NK,-0.949832844,-5.017275732
GTCATTTAGCGGCTCT-1_1_1_1_1_1,DC,NK,NK,-8.702515053,-7.8395981
GTCATTTTCACGGGCT-1_1_1_1_1_1,DC,NaiveT,T,0.013165874,6.531208594
GTCCACTCAAGAGGTC-1_1_1_1_1_1,DC,NK,NK,-7.640695023,-6.075683038
GTCCCATCAGGCGTTC-1_1_1_1_1_1,DC,T-Helper,T,1.401501251,-0.012357335
GTCCCATTCGTCGATA-1_1_1_1_1_1,DC,T-Helper,T,0.889781607,1.591632922
GTCCTCAAGTAATTGG-1_1_1_1_1_1,DC,NaiveT,T,1.971396638,4.670412619
GTCCTCATCGTGAGAG-1_1_1_1_1_1,DC,NaiveT,T,2.484506918,7.786517699
GTCCTCATCTGTGCGG-1_1_1_1_1_1,DC,Cytotoxic,T,-1.338641571,0.461283405
GTCGAATAGAAGCCAC-1_1_1_1_1_1,DC,NK,NK,-6.190456795,-5.948111932
GTCGCGATCTAAGCGT-1_1_1_1_1_1,DC,NK,NK,-7.857327866,-6.645244997
GTCGCGATCTCCGCAT-1_1_1_1_1_1,DC,Cytotoxic,T,-2.993952679,0.734472771
GTCGTAAGTGATTAGA-1_1_1_1_1_1,DC,gdT,T,9.830111099,-5.603184145
GTCGTTCAGGTAGACC-1_1_1_1_1_1,DC,NK,NK,-9.196115898,-7.16468374
GTCTACCTCCGCAGTG-1_1_1_1_1_1,DC,NK,NK,-8.222706245,-7.128817957
GTCTAGAAGTCCTGCG-1_1_1_1_1_1,DC,NK,NK,-7.699279713,-4.883680265
GTCTGTCAGAAACCAT-1_1_1_1_1_1,DC,NaiveT,T,-1.49110155,6.704245169
GTCTGTCGTAGGCAGT-1_1_1_1_1_1,DC,NKT,T,-3.951348232,-1.304558556
GTCTGTCGTCGGTACC-1_1_1_1_1_1,DC,NKT,T,-4.409182953,-2.712604921
GTGAGCCCACACCAGC-1_1_1_1_1_1,DC,NK,NK,-6.469471382,-5.557242792
GTGAGGAGTTTACCAG-1_1_1_1_1_1,DC,gdT,T,7.336450172,-5.178700845
GTGAGGATCGAGGCAA-1_1_1_1_1_1,DC,NaiveT,T,2.049436403,8.763647158
GTGAGTTGTGTAGTGG-1_1_1_1_1_1,DC,gdT,T,9.42433889,-6.435301702
GTGCGTGAGTGCTCAT-1_1_1_1_1_1,DC,NaiveT,T,1.563576532,6.583480914
GTGCGTGCAGAGCCCT-1_1_1_1_1_1,DC,T-Helper,T,1.083731247,0.931978304
GTGCTGGCAAGTTGGG-1_1_1_1_1_1,DC,ILC,ILC,7.960056854,1.555153568
GTGCTTCAGCCGATCC-1_1_1_1_1_1,DC,NaiveT,T,2.264366699,8.408658106
GTGGAAGGTATACGGG-1_1_1_1_1_1,DC,NK,NK,-7.950495171,-5.223902147
GTGGAAGTCGAGAGCA-1_1_1_1_1_1,DC,T-DN,T,-2.869773554,-2.082961123
GTGGAGAAGGCAGGGA-1_1_1_1_1_1,DC,NaiveT,T,-0.562489854,7.724963744
GTGGCGTCATAGAGGC-1_1_1_1_1_1,DC,NK,NK,-5.28595488,-5.317976396
GTGGCGTGTAGCTTAC-1_1_1_1_1_1,DC,NKT,T,-5.163562702,-2.762415331
GTGGTTAAGCAGGGAG-1_1_1_1_1_1,DC,ILC,ILC,8.6889282,1.977450211
GTGGTTACAGCCCACA-1_1_1_1_1_1,DC,NaiveT,T,2.025644852,6.282486994
GTGGTTAGTGTCTTGA-1_1_1_1_1_1,DC,NaiveT,T,0.783359421,8.813428004
GTGTAACCATAAGCAA-1_1_1_1_1_1,DC,ILC,ILC,8.093135906,2.585659821
GTGTAACCATCAGCAT-1_1_1_1_1_1,DC,NaiveT,T,1.945140911,6.382941325
GTGTAACGTCATAACC-1_1_1_1_1_1,DC,NK,NK,-7.409312653,-4.516004007
GTGTGATGTAGCTCGC-1_1_1_1_1_1,DC,gdT,T,8.991815163,-5.041730802
GTGTGGCTCACAAGGG-1_1_1_1_1_1,DC,NK,NK,-5.583700584,-6.786288183
GTGTTCCCAGGACATG-1_1_1_1_1_1,DC,NaiveT,T,2.476444794,8.386765559
GTTACAGCAATTCTTC-1_1_1_1_1_1,DC,gdT,T,2.185990406,-3.248805921
GTTAGACAGTATAACG-1_1_1_1_1_1,DC,T-DN,T,0.888249529,2.849791605
GTTAGACGTCCTTAAG-1_1_1_1_1_1,DC,ILC,ILC,8.93843515,1.17198034
GTTAGACTCCCGAAAT-1_1_1_1_1_1,DC,ILC,ILC,9.41643293,2.820688326
GTTAGTGAGGCTTAAA-1_1_1_1_1_1,DC,NK,NK,-7.653526234,-6.973552625
GTTATGGTCTATCGCC-1_1_1_1_1_1,DC,gdT,T,8.60935743,-5.54585592
GTTCCGTAGAACTGAT-1_1_1_1_1_1,DC,gdT,T,8.411478592,-6.875896852
GTTCCGTAGGATTACA-1_1_1_1_1_1,DC,gdT,T,7.443419529,-6.442155283
GTTCCGTCATCATTTC-1_1_1_1_1_1,DC,ILC,ILC,9.146289421,2.770596583
GTTCCGTCATGCGTGC-1_1_1_1_1_1,DC,Treg,T,3.717345549,0.640497823
GTTCGCTGTGGATCAG-1_1_1_1_1_1,DC,gdT,T,9.158903671,-5.534022729
GTTCGCTTCAGCACCG-1_1_1_1_1_1,DC,ILC,ILC,9.144164635,2.521027644
GTTCGCTTCTCATGGA-1_1_1_1_1_1,DC,gdT,T,8.965735031,-4.420551221
GTTCTATAGATGGTCG-1_1_1_1_1_1,DC,Treg,T,2.923267437,1.586076457
GTTCTATAGCTGACCC-1_1_1_1_1_1,DC,NaiveT,T,0.086391372,7.758793433
GTTCTATGTATCGCGC-1_1_1_1_1_1,DC,NK,NK,-7.489393639,-6.128897112
GTTGAACAGTCATGCT-1_1_1_1_1_1,DC,Cytotoxic,T,-5.21405928,0.078124736
GTTGCTCCAACCACAT-1_1_1_1_1_1,DC,NaiveT,T,2.209273411,6.373143752
GTTGCTCTCCAACCGG-1_1_1_1_1_1,DC,Cytotoxic,T,-4.276189732,1.474968393
GTTGTAGAGGGTATAT-1_1_1_1_1_1,DC,T-Helper,T,0.964706076,0.062901099
GTTTACTCATACTGAC-1_1_1_1_1_1,DC,ILC,ILC,6.139830185,1.924733002
GTTTGGATCATTGCGA-1_1_1_1_1_1,DC,ILC,ILC,8.018876625,2.183704693
TAACACGCACCCTCTA-1_1_1_1_1_1,DC,ILC,ILC,8.774540497,2.386166413
TAACGACCAAAGCAAT-1_1_1_1_1_1,DC,NKT,T,-5.574855732,-2.05248646
TAAGCACCAGATGCGA-1_1_1_1_1_1,DC,NaiveT,T,0.947581423,7.613977988
TAAGCCAGTGTCGCTG-1_1_1_1_1_1,DC,T-Helper,T,2.09047432,2.53248604
TAAGCGTAGTAGCATA-1_1_1_1_1_1,DC,ILC,ILC,8.074682308,1.933287222
TAAGCGTGTAGGCTGA-1_1_1_1_1_1,DC,NaiveT,T,-1.874660419,6.446842272
TAAGCGTTCCGTAGTA-1_1_1_1_1_1,DC,Cytotoxic,T,-3.403238939,0.913328965
TAAGCGTTCGAAGCCC-1_1_1_1_1_1,DC,Cytotoxic,T,-1.029383229,-0.180814396
TAAGTCGCATCTTCGC-1_1_1_1_1_1,DC,NKT,T,-5.731311726,-2.322318237
TAATCTCCATTGAAAG-1_1_1_1_1_1,DC,T-DN,T,0.52303089,3.127496083
TAATCTCGTTGCATGT-1_1_1_1_1_1,DC,NaiveT,T,-1.933884071,6.370297511
TAATTCCCATAATGAG-1_1_1_1_1_1,DC,NK,NK,-8.50111525,-6.745892923
TAATTCCGTCGAGCAA-1_1_1_1_1_1,DC,NaiveT,T,2.470718218,7.188296397
TACAACGAGTCCTACA-1_1_1_1_1_1,DC,TCM,T,-0.709439265,1.458442528
TACAACGGTAGGTTTC-1_1_1_1_1_1,DC,NK,NK,-6.964066433,-5.203118723
TACACCCAGAGTCTGG-1_1_1_1_1_1,DC,ILC,ILC,7.27027042,1.210459788
TACAGGTAGCAAATCA-1_1_1_1_1_1,DC,Treg,T,4.059658361,-0.047182791
TACCCACCACCGTCGA-1_1_1_1_1_1,DC,T-Helper,T,1.321432901,-0.315175529
TACCCACGTCCCGTGA-1_1_1_1_1_1,DC,NK,NK,-6.10925095,-7.009984415
TACCCGTAGAGAGCCT-1_1_1_1_1_1,DC,gdT,T,9.721710754,-6.199333589
TACCCGTTCCGGACGT-1_1_1_1_1_1,DC,NK,NK,-7.925801682,-5.83349983
TACCGAACATCGTCCT-1_1_1_1_1_1,DC,T-Helper,T,0.537477149,0.271438379
TACCGGGAGTATTAGG-1_1_1_1_1_1,DC,Cytotoxic,T,-3.018225836,1.121940334
TACCGGGGTGTGAATA-1_1_1_1_1_1,DC,NaiveT,T,-1.134950327,8.329730112
TACCTGCTCTCTGAGA-1_1_1_1_1_1,DC,NaiveT,T,-0.146375047,6.430005629
TACGCTCAGACTCAAA-1_1_1_1_1_1,DC,NK,NK,-6.976323532,-6.566496294
TACGGGCAGCTCAGAG-1_1_1_1_1_1,DC,NK,NK,-8.586539673,-8.430801313
TACTGCCGTCAGTTTG-1_1_1_1_1_1,DC,gdT,T,8.064914299,-4.082573812
TAGACCAAGGATCACG-1_1_1_1_1_1,DC,NK,NK,-7.653392242,-6.598823946
TAGACTGCACCAGCTG-1_1_1_1_1_1,DC,NKT,T,-5.086743759,-2.648627441
TAGACTGTCAAACTGC-1_1_1_1_1_1,DC,NaiveT,T,0.492123617,6.855839331
TAGACTGTCTACACTT-1_1_1_1_1_1,DC,NK,NK,-6.885068821,-6.330769937
TAGATCGTCCCTATTA-1_1_1_1_1_1,DC,NaiveT,T,-0.734837638,7.59096535
TAGATCGTCCGTAGTA-1_1_1_1_1_1,DC,NK,NK,-8.490157532,-6.833485048
TAGATCGTCTCGACGG-1_1_1_1_1_1,DC,NK,NK,-1.692613887,-3.728249948
TAGCACACATCCGTTC-1_1_1_1_1_1,DC,TCM,T,0.547922445,5.296971877
TAGGAGGCAGACATCT-1_1_1_1_1_1,DC,NK,NK,-8.699592995,-6.093095701
TAGGTACAGCTGGAGT-1_1_1_1_1_1,DC,TCM,T,-2.550290512,-2.456568639
TAGGTACAGGAAAGAC-1_1_1_1_1_1,DC,gdT,T,8.518720222,-6.610139291
TAGGTTGGTTCGAGCC-1_1_1_1_1_1,DC,Cytotoxic,T,-3.217182802,0.875516791
TATACCTTCTTAGGAC-1_1_1_1_1_1,DC,NK,NK,-7.386291908,-7.49283735
TATCCTATCAGAGTGG-1_1_1_1_1_1,DC,NaiveT,T,-0.631133722,7.731790144
TATCGCCAGTGGAATT-1_1_1_1_1_1,DC,gdT,T,7.262218548,-5.695491712
TATCGCCGTTTCGACA-1_1_1_1_1_1,DC,Cytotoxic,T,-0.519681739,0.505520661
TATCTGTCAGTAGTTC-1_1_1_1_1_1,DC,NaiveT,T,0.099339096,7.347412188
TATTCCATCAACTACG-1_1_1_1_1_1,DC,NaiveT,T,1.400410009,6.6108795
TATTGCTAGAGACAAG-1_1_1_1_1_1,DC,Cytotoxic,T,-3.011990475,0.620616395
TATTGCTGTGTTTACG-1_1_1_1_1_1,DC,TCM,T,0.439862532,5.397465308
TATTGGGCAATTCACG-1_1_1_1_1_1,DC,NK,NK,-0.011407765,-4.081540744
TATTGGGCACAATGTC-1_1_1_1_1_1,DC,NK,NK,-8.542095589,-6.003756445
TATTGGGTCCATTGCC-1_1_1_1_1_1,DC,NaiveT,T,-0.92620747,6.293280203
TATTGGGTCTCGCAGG-1_1_1_1_1_1,DC,NKT,T,-6.612779545,-3.843640249
TATTTCGAGTAACCTC-1_1_1_1_1_1,DC,NK,NK,-7.541781353,-4.480311792
TATTTCGGTTACGTAC-1_1_1_1_1_1,DC,NK,NK,-4.934570717,-6.29082958
TCAAGACAGGTACAGC-1_1_1_1_1_1,DC,Cytotoxic,T,-5.241181778,0.163910259
TCAAGACCACTGAGTT-1_1_1_1_1_1,DC,ILC,ILC,6.819445206,2.104211647
TCAAGACGTGGCACTC-1_1_1_1_1_1,DC,ILC,ILC,7.939038826,2.074689467
TCAAGCAAGCGACATG-1_1_1_1_1_1,DC,NaiveT,T,-1.675574707,7.300159056
TCAAGTGCACTGGAAG-1_1_1_1_1_1,DC,T-Helper,T,2.06240399,2.542399008
TCAATCTAGCATGGGT-1_1_1_1_1_1,DC,NK,NK,-8.166462349,-8.435871046
TCAATCTCATAATGAG-1_1_1_1_1_1,DC,NK,NK,-7.606625008,-7.111881178
TCAATTCGTGAAGCGT-1_1_1_1_1_1,DC,NK,NK,-7.174876141,-7.04573385
TCACAAGCAAACACGG-1_1_1_1_1_1,DC,NaiveT,T,-0.0578364,6.45519789
TCACAAGGTCAAACGG-1_1_1_1_1_1,DC,NK,NK,-5.967028069,-4.92828552
TCACACCCAGAGAAAG-1_1_1_1_1_1,DC,NK,NK,-8.317282127,-7.314260404
TCACATTAGAGCCGTA-1_1_1_1_1_1,DC,NaiveT,T,-1.083772825,7.24374779
TCACGCTCAACGCCCA-1_1_1_1_1_1,DC,NKT,T,-4.715121674,-2.065193932
TCACGCTCAGAGTGTG-1_1_1_1_1_1,DC,gdT,T,8.691752029,-6.794694345
TCACGCTGTCTTACAG-1_1_1_1_1_1,DC,T-DN,T,0.988642467,3.374343712
TCACGGGAGACTGTTC-1_1_1_1_1_1,DC,T-DN,T,-0.100415843,1.09572931
TCACTATGTGTCCACG-1_1_1_1_1_1,DC,T-Helper,T,2.073226763,3.138105709
TCACTATTCTATCGCC-1_1_1_1_1_1,DC,Cytotoxic,T,-3.751564192,2.219136078
TCACTCGAGGATACGC-1_1_1_1_1_1,DC,Cytotoxic,T,-2.805951523,2.215098936
TCACTCGGTATGTCCA-1_1_1_1_1_1,DC,NaiveT,T,0.237212812,7.781741221
TCACTCGTCATTGAGC-1_1_1_1_1_1,DC,NKT,T,-5.870153355,-1.65091471
TCAGCAACAGACAAAT-1_1_1_1_1_1,DC,NaiveT,T,2.740046812,7.537886698
TCAGCCTCAACGTTAC-1_1_1_1_1_1,DC,NKT,T,-4.585029053,-2.97585551
TCAGCCTCATCCCACT-1_1_1_1_1_1,DC,NKT,T,-4.445879864,-2.931157987
TCAGGTAGTCGTCATA-1_1_1_1_1_1,DC,NaiveT,T,-1.709536599,7.037498076
TCAGGTATCGTAGCCG-1_1_1_1_1_1,DC,Cytotoxic,T,-3.549875902,2.163232644
TCAGTCCAGCACACCC-1_1_1_1_1_1,DC,NKT,T,-4.485673355,-2.319548767
TCAGTCCCATCCTCAC-1_1_1_1_1_1,DC,gdT,T,7.765920235,-4.65808193
TCAGTCCTCGGCGATC-1_1_1_1_1_1,DC,NaiveT,T,-1.449982928,7.56320389
TCAGTGAGTTGCCGAC-1_1_1_1_1_1,DC,gdT,T,9.847570969,-6.318064611
TCATACTGTGAGCAGT-1_1_1_1_1_1,DC,NaiveT,T,0.770450724,7.6010619
TCATCATCACGCTGTG-1_1_1_1_1_1,DC,T-Helper,T,1.872515274,5.640065749
TCATCATGTTCGTACA-1_1_1_1_1_1,DC,NaiveT,T,-0.849512862,6.772392352
TCATGAGGTGTACAGG-1_1_1_1_1_1,DC,Cytotoxic,T,-1.888523268,1.579620678
TCATGAGTCTTAGGAC-1_1_1_1_1_1,DC,Cytotoxic,T,-2.503617691,0.612980564
TCATGGAGTTCGTTCC-1_1_1_1_1_1,DC,Cytotoxic,T,-3.375959324,1.186206658
TCATGTTCACAACGAG-1_1_1_1_1_1,DC,NaiveT,T,-0.264908182,7.222523768
TCATTACAGTTCTACG-1_1_1_1_1_1,DC,Treg,T,1.699997021,-0.874740522
TCATTACGTAATGCGG-1_1_1_1_1_1,DC,Treg,T,3.254039837,0.900422294
TCATTACGTGGCGCTT-1_1_1_1_1_1,DC,gdT,T,9.485163284,-4.422332208
TCATTTGCAGGCTTGC-1_1_1_1_1_1,DC,NaiveT,T,1.1963367,8.126415331
TCATTTGGTGGTAACG-1_1_1_1_1_1,DC,NK,NK,-7.516091751,-5.302761476
TCCACGTCAGCTGAGA-1_1_1_1_1_1,DC,NK,NK,-6.117737698,-6.356956403
TCCACGTTCGAGAAGC-1_1_1_1_1_1,DC,gdT,T,8.791838242,-4.090928238
TCCAGAAAGCAATTCC-1_1_1_1_1_1,DC,NK,NK,-8.672792839,-5.987313192
TCCAGAACAGGCTATT-1_1_1_1_1_1,DC,gdT,T,9.344447685,-4.193569105
TCCATCGTCACGAACT-1_1_1_1_1_1,DC,gdT,T,8.955123497,-5.898571889
TCCCACAAGGTTCAGG-1_1_1_1_1_1,DC,NaiveT,T,-1.267371582,6.599929888
TCCCACACAACTCCCT-1_1_1_1_1_1,DC,NaiveT,T,1.567920877,6.750047285
TCCCACAGTTGTGCAT-1_1_1_1_1_1,DC,NaiveT,T,-0.085525142,6.212358076
TCCCAGTCATAATCGC-1_1_1_1_1_1,DC,T-Helper,T,0.723764492,-3.475924413
TCCGAAATCCGCAAAT-1_1_1_1_1_1,DC,NaiveT,T,-0.049487787,6.448952753
TCCGAAATCGGAAACG-1_1_1_1_1_1,DC,NKT,T,-4.952361034,-2.233186166
TCCGATCGTTGCTGAT-1_1_1_1_1_1,DC,Cytotoxic,T,-4.354819702,2.089955647
TCCGATCTCATGCCCT-1_1_1_1_1_1,DC,NKT,T,-4.561328339,-3.217754047
TCCGATCTCATGTCAG-1_1_1_1_1_1,DC,gdT,T,7.395398689,-6.171639841
TCCGGGACAGAGTTGG-1_1_1_1_1_1,DC,ILC,ILC,8.096908642,0.879275818
TCCGGGATCGCTCTCA-1_1_1_1_1_1,DC,Cytotoxic,T,-2.31654756,2.123832543
TCCGTGTGTTACCGTA-1_1_1_1_1_1,DC,ILC,ILC,8.737356735,2.623003085
TCCTAATCAAGTGCTT-1_1_1_1_1_1,DC,NKT,T,-5.373536514,-2.489757698
TCCTAATCACCTGCTT-1_1_1_1_1_1,DC,ILC,ILC,8.474744392,2.440736849
TCCTAATGTCCACATA-1_1_1_1_1_1,DC,gdT,T,7.991035534,-4.469767969
TCCTAATTCGGCCTTT-1_1_1_1_1_1,DC,NKT,T,-5.238551544,-2.01586632
TCCTCCCGTGCTGTCG-1_1_1_1_1_1,DC,NK,NK,-5.563666748,-6.995674055
TCCTCCCTCACTAGCA-1_1_1_1_1_1,DC,gdT,T,10.12024458,-5.19907419
TCCTCGAGTCGTATGT-1_1_1_1_1_1,DC,Cytotoxic,T,-4.548875259,0.117662926
TCCTTTCTCCGAGGCT-1_1_1_1_1_1,DC,gdT,T,9.609476639,-4.356961649
TCGAACACAGTTCACA-1_1_1_1_1_1,DC,NaiveT,T,2.468590332,6.53476866
TCGAAGTGTAGAAACT-1_1_1_1_1_1,DC,NaiveT,T,-1.415736722,6.763787825
TCGAAGTTCTGCGGCA-1_1_1_1_1_1,DC,T-DN,T,0.330715937,1.451405127
TCGACCTCAGCCGTTG-1_1_1_1_1_1,DC,NK,NK,-9.09961264,-8.027288358
TCGACGGAGGATTCCT-1_1_1_1_1_1,DC,NaiveT,T,-0.741213011,8.085990031
TCGACGGAGTCACACT-1_1_1_1_1_1,DC,gdT,T,7.957947804,-6.797343176
TCGACGGGTACAACGG-1_1_1_1_1_1,DC,NaiveT,T,-1.563040661,6.886197646
TCGCACTCAGAGTGAC-1_1_1_1_1_1,DC,NaiveT,T,2.003599835,4.647717554
TCGCACTGTGTGATGG-1_1_1_1_1_1,DC,NK,NK,-7.847507881,-7.407801073
TCGCACTGTTGAGTCT-1_1_1_1_1_1,DC,Treg,T,4.217182232,0.230112989
TCGCAGGGTATAGCTC-1_1_1_1_1_1,DC,T-Helper,T,0.867492689,1.117045839
TCGCTCAAGCGACATG-1_1_1_1_1_1,DC,NK,NK,-5.589806484,-6.160616319
TCGCTCACAGGAATAT-1_1_1_1_1_1,DC,NaiveT,T,-0.068179162,6.773513396
TCGCTTGCAATGAGCG-1_1_1_1_1_1,DC,T-Helper,T,1.101147963,1.183000286
TCGCTTGTCTAGGCAT-1_1_1_1_1_1,DC,Cytotoxic,T,-0.348216878,0.805970747
TCGGATAAGATCCTAC-1_1_1_1_1_1,DC,Treg,T,3.15277536,-0.138611011
TCGGATAAGTCGTTAC-1_1_1_1_1_1,DC,NK,NK,-7.357557224,-5.545630853
TCGGATAGTGAGACGT-1_1_1_1_1_1,DC,Treg,T,3.612309052,-0.50458185
TCGGGACAGAATAGTC-1_1_1_1_1_1,DC,Treg,T,3.538184,-0.323405947
TCGGGACAGCCTGCCA-1_1_1_1_1_1,DC,NaiveT,T,-1.613432573,6.588837225
TCGGGACCAAGACGGT-1_1_1_1_1_1,DC,NKT,T,-4.869314598,-2.153146904
TCGGGCACATCCTTCG-1_1_1_1_1_1,DC,NaiveT,T,2.342333866,6.819413264
TCGGGTGAGGTACAGC-1_1_1_1_1_1,DC,gdT,T,10.47571142,-5.523483198
TCGGGTGAGTCTGTAC-1_1_1_1_1_1,DC,NK,NK,-5.448289799,-6.563684862
TCGGGTGGTGGTCCGT-1_1_1_1_1_1,DC,NaiveT,T,0.477662219,7.967980463
TCGGTCTAGTCCTGTA-1_1_1_1_1_1,DC,gdT,T,8.429137779,-5.191375654
TCGGTCTCAGCTATTG-1_1_1_1_1_1,DC,gdT,T,9.948945595,-5.474443357
TCGTAGATCATTCGGA-1_1_1_1_1_1,DC,NK,NK,-8.918651985,-8.038316648
TCGTCCAGTTAGAAAC-1_1_1_1_1_1,DC,NaiveT,T,0.575105889,6.90273102
TCGTGCTCACGCTGCA-1_1_1_1_1_1,DC,NK,NK,-7.15635817,-6.53864805
TCGTGCTGTCGCTGCA-1_1_1_1_1_1,DC,gdT,T,7.128619743,-5.540844362
TCGTGGGCAGCATACT-1_1_1_1_1_1,DC,Cytotoxic,T,-1.932805704,-0.160456016
TCTAACTTCCCTCTAG-1_1_1_1_1_1,DC,NKT,T,-5.254214214,-1.625426452
TCTACATCAAATCAGA-1_1_1_1_1_1,DC,NaiveT,T,1.842968656,7.24015959
TCTCACGAGGTAGGCT-1_1_1_1_1_1,DC,NKT,T,-6.148552822,-2.31584255
TCTCACGCATTGAGGG-1_1_1_1_1_1,DC,NK,NK,-7.027296471,-6.171492498
TCTCAGCCAGTGGTGA-1_1_1_1_1_1,DC,T-DN,T,-1.057653831,2.192228157
TCTCAGCGTATTGACC-1_1_1_1_1_1,DC,T-Helper,T,0.230386516,-1.067272406
TCTCCGACAGTCTTCC-1_1_1_1_1_1,DC,Cytotoxic,T,-0.794906901,1.619623859
TCTCCGAGTCGCATCG-1_1_1_1_1_1,DC,NaiveT,T,0.191152327,7.597421248
TCTCTGGGTCATAGTC-1_1_1_1_1_1,DC,gdT,T,9.8640476,-5.725119989
TCTGCCAGTTCAACGT-1_1_1_1_1_1,DC,NK,NK,-7.456337856,-4.724812906
TCTGCCATCTTCCACG-1_1_1_1_1_1,DC,NaiveT,T,2.747304989,6.9494644
TCTGGCTCAATTGCCA-1_1_1_1_1_1,DC,NaiveT,T,0.048341049,7.708802302
TCTGGCTTCGTAGGGA-1_1_1_1_1_1,DC,NaiveT,T,-1.202510284,5.614150603
TCTTCCTGTAGTTCCA-1_1_1_1_1_1,DC,NaiveT,T,2.154150558,6.314837534
TCTTGCGGTCCGAAAG-1_1_1_1_1_1,DC,T-Helper,T,-0.083078252,-1.115255396
TCTTGCGGTGGACCTC-1_1_1_1_1_1,DC,NaiveT,T,-1.084241079,5.687136252
TCTTGCGTCATTCACT-1_1_1_1_1_1,DC,NK,NK,-6.306893753,-6.920896452
TCTTTGAGTTGCGGCT-1_1_1_1_1_1,DC,Cytotoxic,T,-1.685501861,5.744922717
TGAACGTCAGTCTTCC-1_1_1_1_1_1,DC,NK,NK,-7.643334316,-7.215281408
TGACAGTGTTGTCATG-1_1_1_1_1_1,DC,Cytotoxic,T,-8.877534317,-7.057331007
TGACTCCCACAAATCC-1_1_1_1_1_1,DC,T-Helper,T,2.423595978,3.064203818
TGACTCCCACGTTGGC-1_1_1_1_1_1,DC,NaiveT,T,0.028647167,6.946122725
TGACTCCTCCCGAGGT-1_1_1_1_1_1,DC,NK,NK,-8.989351677,-7.495966356
TGAGACTGTATCCCTC-1_1_1_1_1_1,DC,NKT,T,-5.717189239,-1.720851581
TGAGCATCACATATCG-1_1_1_1_1_1,DC,Treg,T,4.062368465,0.199675996
TGAGCGCAGTGCCGAA-1_1_1_1_1_1,DC,NaiveT,T,-0.167867826,7.442961295
TGAGCGCTCACCTGGG-1_1_1_1_1_1,DC,NKT,T,-5.193459438,-2.456689994
TGAGGGACACGTTCGG-1_1_1_1_1_1,DC,NK,NK,-8.034482407,-6.095345419
TGAGGTTGTCGCACGT-1_1_1_1_1_1,DC,ILC,ILC,7.628805233,2.347662766
TGAGGTTGTTTAGAGA-1_1_1_1_1_1,DC,gdT,T,8.84480722,-7.272951048
TGAGTCAGTGTCCATA-1_1_1_1_1_1,DC,gdT,T,8.183084084,-6.740055006
TGATCAGTCAGCCCAG-1_1_1_1_1_1,DC,ILC,ILC,7.808898998,2.344842274
TGATTTCAGAGCCTGA-1_1_1_1_1_1,DC,NaiveT,T,0.647827877,6.569036562
TGCAGATGTGGCCCAT-1_1_1_1_1_1,DC,T-Helper,T,1.887015654,0.762637932
TGCAGGCGTGGACAGT-1_1_1_1_1_1,DC,NaiveT,T,0.934989942,9.06317528
TGCAGGCGTTCTTGCC-1_1_1_1_1_1,DC,NaiveT,T,-1.804053592,5.95840605
TGCAGGCTCTTACACT-1_1_1_1_1_1,DC,TCM,T,-1.535042929,5.131355841
TGCAGTAAGAAACCAT-1_1_1_1_1_1,DC,NK,NK,-7.710239338,-4.830766122
TGCAGTAGTTCGCGTG-1_1_1_1_1_1,DC,gdT,T,7.719232155,-6.028124254
TGCATGAAGGCAATGC-1_1_1_1_1_1,DC,NKT,T,-5.140213417,-1.537654917
TGCATGATCCACTGGG-1_1_1_1_1_1,DC,gdT,T,7.047657085,-5.65272991
TGCATGATCGCATTGA-1_1_1_1_1_1,DC,gdT,T,9.309548927,-4.807329576
TGCCGAGCACGACGAA-1_1_1_1_1_1,DC,NK,NK,-9.111522125,-8.375211637
TGCCGAGGTAGAGTTA-1_1_1_1_1_1,DC,NK,NK,-5.582814621,-4.381359022
TGCCGAGGTAGGAAAG-1_1_1_1_1_1,DC,NK,NK,-5.999286102,-6.561978262
TGCGACGGTCTCTCTG-1_1_1_1_1_1,DC,NK,NK,-8.267826485,-8.18150131
TGCGACGGTTTGAAAG-1_1_1_1_1_1,DC,NK,NK,-8.299114632,-8.09610502
TGCGACGTCGAGAAAT-1_1_1_1_1_1,DC,Cytotoxic,T,-2.851207184,1.4112943
TGCGATAAGTGTTGAA-1_1_1_1_1_1,DC,NK,NK,-5.04777615,-6.055403154
TGCGATAGTTACAGCT-1_1_1_1_1_1,DC,T-Helper,T,1.108977033,2.363764365
TGCGATAGTTGTAGCT-1_1_1_1_1_1,DC,ILC,ILC,7.18549688,2.012601454
TGCGATATCGCCTATC-1_1_1_1_1_1,DC,NK,NK,-1.241285967,-3.739034097
TGCGGCAGTATGGAAT-1_1_1_1_1_1,DC,gdT,T,9.123790337,-5.858898561
TGCGGCAGTCCTGAAT-1_1_1_1_1_1,DC,NaiveT,T,-0.469071554,7.088456709
TGCGGGTGTCGCCTAG-1_1_1_1_1_1,DC,Cytotoxic,T,0.162127755,-1.804807465
TGCTCCAGTACATTGC-1_1_1_1_1_1,DC,NKT,T,-3.48271768,-2.842823904
TGCTCCAGTAGACGGT-1_1_1_1_1_1,DC,gdT,T,9.498123718,-7.215989511
TGCTGAACACGTCATA-1_1_1_1_1_1,DC,NaiveT,T,2.422295643,8.461628992
TGCTGAACATCCGAGC-1_1_1_1_1_1,DC,gdT,T,7.558578087,-4.516164701
TGCTGAATCCAGCTCT-1_1_1_1_1_1,DC,gdT,T,8.254929138,-6.595100801
TGCTTCGCATACCAGT-1_1_1_1_1_1,DC,NK,NK,-6.186844276,-6.178281229
TGCTTCGTCCGTCACT-1_1_1_1_1_1,DC,NK,NK,-6.66083424,-5.535140913
TGCTTGCGTGAGTAAT-1_1_1_1_1_1,DC,gdT,T,10.22127397,-5.452907961
TGGAACTAGATTGGGC-1_1_1_1_1_1,DC,NK,NK,-8.392629074,-7.575927656
TGGAACTCACTTCATT-1_1_1_1_1_1,DC,NaiveT,T,2.732225252,7.291888792
TGGAGAGGTTCTCCAC-1_1_1_1_1_1,DC,gdT,T,9.992947174,-5.301436823
TGGAGAGTCTACGGTA-1_1_1_1_1_1,DC,NK,NK,-4.935194897,-4.890615862
TGGAGAGTCTGTCTCG-1_1_1_1_1_1,DC,NK,NK,-8.249205994,-7.614634912
TGGAGGATCGCTCTCA-1_1_1_1_1_1,DC,NaiveT,T,-0.824899422,6.059383948
TGGATGTAGGCATCTT-1_1_1_1_1_1,DC,NKT,T,-0.797135996,-1.475818675
TGGATGTCACAACGTT-1_1_1_1_1_1,DC,gdT,T,7.986526085,-5.80831949
TGGGAAGTCTTGGAAC-1_1_1_1_1_1,DC,NK,NK,-7.858240532,-6.957161825
TGGGAGAAGGAATTAC-1_1_1_1_1_1,DC,NaiveT,T,2.689262939,7.048406203
TGGGAGATCAAGTGTC-1_1_1_1_1_1,DC,NaiveT,T,-0.972653674,6.160601694
TGGGCGTCAGAGCGTA-1_1_1_1_1_1,DC,NKT,T,-6.154560017,-2.24007098
TGGGCGTGTTAAGTCC-1_1_1_1_1_1,DC,gdT,T,8.202813698,-6.622317712
TGGGTTAAGACAACTA-1_1_1_1_1_1,DC,Treg,T,2.64033301,-0.120200587
TGGGTTAGTATTGGCT-1_1_1_1_1_1,DC,NK,NK,-8.697092461,-5.890816133
TGGTAGTCATGATCTG-1_1_1_1_1_1,DC,Cytotoxic,T,0.130083522,-3.824720781
TGGTAGTGTCCACAGC-1_1_1_1_1_1,DC,NKT,T,-4.365400719,-2.647057693
TGGTTAGAGCCATTCA-1_1_1_1_1_1,DC,Treg,T,3.000844313,2.592825014
TGGTTAGAGGACAAGA-1_1_1_1_1_1,DC,NK,NK,-6.5430135,-7.559395235
TGGTTAGAGTAAGAGG-1_1_1_1_1_1,DC,NK,NK,-6.943690704,-6.007218282
TGGTTAGCAACTGGTT-1_1_1_1_1_1,DC,NK,NK,-8.210813927,-6.905660551
TGTAACGTCTTACGTT-1_1_1_1_1_1,DC,NK,NK,-7.669035362,-4.662797372
TGTAAGCAGGCCGCTT-1_1_1_1_1_1,DC,gdT,T,8.097385479,-5.708989065
TGTAGACAGGATAATC-1_1_1_1_1_1,DC,Cytotoxic,T,-5.412012028,0.355613698
TGTAGACGTACGCTAT-1_1_1_1_1_1,DC,NaiveT,T,-1.086301016,7.020459731
TGTCAGACAGCTTCCT-1_1_1_1_1_1,DC,Cytotoxic,T,-0.327974664,1.029089887
TGTCAGATCCAACCAA-1_1_1_1_1_1,DC,gdT,T,8.784847809,-3.717654626
TGTCCACTCAGACTGT-1_1_1_1_1_1,DC,Cytotoxic,T,-3.914369987,3.037132342
TGTCCTGCAAGCTACT-1_1_1_1_1_1,DC,gdT,T,10.34015424,-5.135208051
TGTGCGGGTCTACACA-1_1_1_1_1_1,DC,NaiveT,T,1.544012381,6.090301592
TGTGCGGGTGGTCTTA-1_1_1_1_1_1,DC,Cytotoxic,T,-3.297775911,1.874884922
TGTGCGGGTTACAGCT-1_1_1_1_1_1,DC,NaiveT,T,0.902577175,8.783992846
TGTGGCGTCATTCATC-1_1_1_1_1_1,DC,NaiveT,T,1.358119918,6.647746165
TGTGTGAAGGCGTTGA-1_1_1_1_1_1,DC,gdT,T,9.315631462,-7.203682344
TGTGTGAGTGGTACAG-1_1_1_1_1_1,DC,Cytotoxic,T,-3.65351622,2.15921529
TGTGTGAGTTAGGCCC-1_1_1_1_1_1,DC,Treg,T,3.755572153,0.635415931
TGTTACTCAGTCAGTT-1_1_1_1_1_1,DC,Treg,T,4.647727562,1.891738136
TGTTACTGTTAAGTCC-1_1_1_1_1_1,DC,NK,NK,-4.255634235,-4.133645933
TGTTACTTCAGTCTTT-1_1_1_1_1_1,DC,gdT,T,9.595050407,-7.568849008
TGTTCATCACGGTAGA-1_1_1_1_1_1,DC,NK,NK,-7.418888973,-5.992863577
TGTTCATCATCACGGC-1_1_1_1_1_1,DC,NaiveT,T,-0.527565288,7.871201117
TGTTCCGAGACCTCCG-1_1_1_1_1_1,DC,NK,NK,-7.900889801,-5.596189897
TGTTCTAAGCTTAGTC-1_1_1_1_1_1,DC,NaiveT,T,-0.082868206,7.123115141
TGTTCTACATGGAGAC-1_1_1_1_1_1,DC,NK,NK,-8.945192741,-7.475548189
TGTTCTAGTGGACCTC-1_1_1_1_1_1,DC,T-Helper,T,1.512356592,2.540134509
TGTTGAGCAGCGGTTC-1_1_1_1_1_1,DC,NK,NK,-5.333489822,-6.686225813
TGTTGAGTCTCAATCT-1_1_1_1_1_1,DC,NaiveT,T,-0.459656643,8.429106791
TGTTTGTGTCCACGCA-1_1_1_1_1_1,DC,NaiveT,T,1.552520467,9.085506518
TTAATCCCAGACCAAG-1_1_1_1_1_1,DC,NKT,T,-4.769157337,-2.929477136
TTAATCCGTAGAGCTG-1_1_1_1_1_1,DC,NK,NK,-1.041571306,-4.186055582
TTAATCCGTTGGATCT-1_1_1_1_1_1,DC,T-Helper,T,2.204837872,0.595208425
TTACAGGGTCGCTTAA-1_1_1_1_1_1,DC,T-Helper,T,1.279083682,-2.153646152
TTACCATCAACCACAT-1_1_1_1_1_1,DC,ILC,ILC,9.354577614,2.366869767
TTACCATTCCTCGCAT-1_1_1_1_1_1,DC,NKT,T,-0.405638563,-1.500611346
TTACCGCCAATTGCGT-1_1_1_1_1_1,DC,gdT,T,9.896770073,-7.266915243
TTACGCCAGATAGCAT-1_1_1_1_1_1,DC,gdT,T,9.537482811,-6.484101694
TTACGTTAGAATCGCG-1_1_1_1_1_1,DC,Treg,T,2.547561956,-1.887944381
TTACGTTGTACTCGTA-1_1_1_1_1_1,DC,NK,NK,-5.264695095,-4.451050203
TTACTGTAGTACAGCG-1_1_1_1_1_1,DC,T-Helper,T,2.516648603,3.353232701
TTACTGTTCATGTCTT-1_1_1_1_1_1,DC,T-DN,T,0.240924334,1.764241536
TTACTGTTCCGCAACG-1_1_1_1_1_1,DC,gdT,T,8.953800751,-4.123666208
TTAGGCAAGGACGCAT-1_1_1_1_1_1,DC,NaiveT,T,-0.114364283,7.96161278
TTAGGCAAGTTGCGCC-1_1_1_1_1_1,DC,NK,NK,-8.10406916,-5.697781961
TTAGGCAGTATCACCA-1_1_1_1_1_1,DC,Cytotoxic,T,-0.272457229,-3.369535368
TTAGGCAGTCAAATCC-1_1_1_1_1_1,DC,gdT,T,8.981438232,-5.110443513
TTAGGCATCTCGCTTG-1_1_1_1_1_1,DC,Treg,T,2.826174332,1.35410269
TTAGGGTGTAGCTTAC-1_1_1_1_1_1,DC,NKT,T,-5.345310616,-2.482315462
TTAGTCTGTGTCATTG-1_1_1_1_1_1,DC,ILC,ILC,8.525459839,1.137251336
TTATTGCAGCGACTGA-1_1_1_1_1_1,DC,ILC,ILC,8.544613434,0.808272619
TTATTGCAGTCTGCGC-1_1_1_1_1_1,DC,Treg,T,2.569035841,-1.816250603
TTATTGCTCCTCAGGG-1_1_1_1_1_1,DC,NK,NK,-4.573690819,-5.789436262
TTCACCGCAACAGCTT-1_1_1_1_1_1,DC,NK,NK,-5.601101803,-6.5474209
TTCACGCTCCCTATTA-1_1_1_1_1_1,DC,NK,NK,-7.016399311,-5.700639646
TTCATGTAGAGCATAT-1_1_1_1_1_1,DC,T-Helper,T,2.447265221,2.551607211
TTCATGTCAGGGACTA-1_1_1_1_1_1,DC,NK,NK,-1.208746718,-4.501130025
TTCATGTTCCTATTTG-1_1_1_1_1_1,DC,NKT,T,-5.111572193,-3.296168487
TTCATTGCACATTCTT-1_1_1_1_1_1,DC,Cytotoxic,T,-4.458424496,0.611439128
TTCATTGCATGTGGTT-1_1_1_1_1_1,DC,T-Helper,T,0.726133002,0.315825809
TTCATTGGTTGGATCT-1_1_1_1_1_1,DC,ILC,ILC,8.645639015,1.001449902
TTCCAATCACGTAGAG-1_1_1_1_1_1,DC,NK,NK,-5.559409069,-6.118035238
TTCCAATCATACATCG-1_1_1_1_1_1,DC,ILC,ILC,7.927146984,0.861871679
TTCCAATGTATCGTTG-1_1_1_1_1_1,DC,Cytotoxic,T,0.155002965,-2.57343952
TTCCACGCAGTTAAAG-1_1_1_1_1_1,DC,NaiveT,T,1.123835338,8.802578051
TTCCACGGTCTGTGCG-1_1_1_1_1_1,DC,gdT,T,8.20823629,-3.790507953
TTCCGGTAGGTAATCA-1_1_1_1_1_1,DC,gdT,T,6.634647919,-5.398576181
TTCCGGTCAAGGTCTT-1_1_1_1_1_1,DC,Treg,T,3.015075279,-0.278261404
TTCCGGTCAGGCCCTA-1_1_1_1_1_1,DC,NKT,T,-3.717635797,-3.299111526
TTCCGGTTCCATCTAT-1_1_1_1_1_1,DC,NaiveT,T,2.054182244,7.351341803
TTCCTCTCACCAGGTC-1_1_1_1_1_1,DC,Cytotoxic,T,-1.654903935,1.054696758
TTCGATTCACACCTAA-1_1_1_1_1_1,DC,ILC,ILC,7.221936775,1.408621032
TTCGATTCAGCCGGTT-1_1_1_1_1_1,DC,NaiveT,T,0.096022239,7.157230456
TTCGCTGCAGAACTAA-1_1_1_1_1_1,DC,gdT,T,10.14909704,-6.96180145
TTCGGTCAGCTCCATA-1_1_1_1_1_1,DC,NKT,T,-4.826936649,-2.403422515
TTCGGTCCAGTAACGG-1_1_1_1_1_1,DC,gdT,T,7.786339355,-4.975788992
TTCTAGTCACTAAACC-1_1_1_1_1_1,DC,ILC,ILC,7.089547707,1.315417249
TTCTGTACAACTGCCG-1_1_1_1_1_1,DC,NaiveT,T,2.76989801,7.208316882
TTCTGTACAGAGAGGG-1_1_1_1_1_1,DC,NK,NK,-8.278657364,-6.154070776
TTCTGTAGTAGTCGTT-1_1_1_1_1_1,DC,NK,NK,-5.192311214,-6.287032049
TTCTTCCCAGTGTGGA-1_1_1_1_1_1,DC,NK,NK,-8.03549807,-7.543461721
TTCTTGAAGGCGAAGG-1_1_1_1_1_1,DC,NaiveT,T,-0.018088641,7.759678919
TTCTTGAAGTGATAAC-1_1_1_1_1_1,DC,Cytotoxic,T,-0.579132365,2.716425497
TTGACCCGTCAGTCGC-1_1_1_1_1_1,DC,Cytotoxic,T,-1.26198511,2.017700512
TTGACCCTCAGACTGT-1_1_1_1_1_1,DC,T-Helper,T,2.021058155,2.704552252
TTGATGGAGAATGTTG-1_1_1_1_1_1,DC,T-Helper,T,1.318332268,0.518428464
TTGCATTCAGTTCCAA-1_1_1_1_1_1,DC,Treg,T,3.016379906,4.271307547
TTGCTGCGTGACAGGT-1_1_1_1_1_1,DC,Treg,T,3.628835274,0.096869815
TTGCTGCTCCTAGCCT-1_1_1_1_1_1,DC,NK,NK,-9.065669464,-8.185392301
TTGGATGTCCACGGGT-1_1_1_1_1_1,DC,gdT,T,9.560908867,-6.283564966
TTGGGCGTCATCAGTG-1_1_1_1_1_1,DC,Treg,T,3.585714651,1.977804024
TTGGGTAAGTTCTACG-1_1_1_1_1_1,DC,Treg,T,2.931945873,-1.131956737
TTGGGTACAGTTAAAG-1_1_1_1_1_1,DC,Cytotoxic,T,-3.60064237,1.648223121
TTGGGTATCGGTCACG-1_1_1_1_1_1,DC,NaiveT,T,1.151264382,7.907462199
TTGGTTTAGCGCATCC-1_1_1_1_1_1,DC,ILC,ILC,8.892550064,1.349617202
TTGGTTTCAATCCTAG-1_1_1_1_1_1,DC,Treg,T,3.656411482,0.135647823
TTGGTTTGTACGTGTT-1_1_1_1_1_1,DC,gdT,T,8.20234449,-5.218143385
TTGGTTTTCCCTGTTG-1_1_1_1_1_1,DC,NK,NK,-9.036374496,-6.586208265
TTGTGGATCATTCTTG-1_1_1_1_1_1,DC,NKT,T,-4.192112373,-3.569001834
TTGTTCACATAGGTTC-1_1_1_1_1_1,DC,ILC,ILC,7.619103027,2.111140568
TTGTTCAGTGTTCCAA-1_1_1_1_1_1,DC,NK,NK,-7.315863537,-5.701478403
TTGTTGTGTCGCATCG-1_1_1_1_1_1,DC,T-Helper,T,0.751636995,0.680110891
TTGTTTGGTCTCAAGT-1_1_1_1_1_1,DC,NaiveT,T,-0.440440344,5.951082785
TTTACCAAGACATAGT-1_1_1_1_1_1,DC,Cytotoxic,T,-4.86394875,1.620016773
TTTACCAAGGTCGTCC-1_1_1_1_1_1,DC,Cytotoxic,T,-2.556973862,0.148471538
TTTACTGAGACCAGCA-1_1_1_1_1_1,DC,NaiveT,T,0.784914924,8.927573283
TTTACTGCAAGCGAAC-1_1_1_1_1_1,DC,Cytotoxic,T,-2.04325478,1.064697702
TTTAGTCGTAGAATGT-1_1_1_1_1_1,DC,NaiveT,T,-0.587612616,7.937071879
TTTATGCAGACTGAGC-1_1_1_1_1_1,DC,TCM,T,-1.967964338,5.228593905
TTTATGCAGCGCCTAC-1_1_1_1_1_1,DC,gdT,T,9.025349213,-7.029462736
TTTATGCAGGAGTCTG-1_1_1_1_1_1,DC,NaiveT,T,0.751616431,8.595616419
TTTATGCCAACGAGGT-1_1_1_1_1_1,DC,NK,NK,-7.75653212,-4.872791689
TTTATGCCATAGTCAC-1_1_1_1_1_1,DC,Treg,T,3.352117373,-0.07753242
TTTATGCTCATGCCAA-1_1_1_1_1_1,DC,T-Helper,T,2.463023258,3.779595454
TTTCACATCCGCAAAT-1_1_1_1_1_1,DC,T-DN,T,-0.316767084,2.20265444
TTTCAGTAGTAATCCC-1_1_1_1_1_1,DC,NKT,T,-5.602878975,-2.758063238
TTTCAGTAGTACAACA-1_1_1_1_1_1,DC,ILC,ILC,5.427717281,1.950551827
TTTCAGTCATACTGTG-1_1_1_1_1_1,DC,NK,NK,-8.658194946,-8.626666944
TTTCAGTTCAAACGTC-1_1_1_1_1_1,DC,Treg,T,3.552127195,-0.217504751
TTTCATGAGCGCCGTT-1_1_1_1_1_1,DC,gdT,T,2.205554796,-3.196479957
TTTCCTCTCACGATAC-1_1_1_1_1_1,DC,NaiveT,T,3.16482432,6.309270461
TTTCGATAGTTGGCGA-1_1_1_1_1_1,DC,Treg,T,3.704809977,-0.154136214
TTTCGATCATTCATCT-1_1_1_1_1_1,DC,NaiveT,T,1.762169672,6.541189749
TTTGGAGGTACGGATG-1_1_1_1_1_1,DC,NK,NK,-7.935393738,-7.590449731
TTTGGAGGTGAATTGA-1_1_1_1_1_1,DC,NaiveT,T,1.183412267,6.801332075
TTTGGTTAGCTTCTAG-1_1_1_1_1_1,DC,NaiveT,T,-0.276890235,6.835032542
TTTGGTTTCCCGTGAG-1_1_1_1_1_1,DC,T-DN,T,0.252827106,2.550356705
TTTGGTTTCTCGAACA-1_1_1_1_1_1,DC,gdT,T,8.383884026,-3.991759937
TTTGTTGTCGCGATCG-1_1_1_1_1_1,DC,T-DN,T,1.067082537,3.722338993
TTTGTTGTCGTGGGAA-1_1_1_1_1_1,DC,gdT,T,7.636292053,-5.155773084
ACATGCAAGAATCGAT-1_2_1_1_1_1,DC,Cytotoxic,T,-2.382771896,0.333809156
ACATGCATCCACACAA-1_2_1_1_1_1,DC,NKT,T,-3.505661892,-3.339761417
ACCAAACTCAAGCCGC-1_2_1_1_1_1,DC,NKT,T,-4.248196053,-3.768601339
ACCAAACTCAAGTGGG-1_2_1_1_1_1,DC,T-DN,T,1.035449577,3.010084469
ACCAACACACCATAAC-1_2_1_1_1_1,DC,T-Helper,T,1.131005062,0.775696833
ACCCTCAAGACGCCCT-1_2_1_1_1_1,DC,Cytotoxic,T,-1.129359769,0.56584372
ACCTACCAGTGCCTCG-1_2_1_1_1_1,DC,NaiveT,T,1.451601816,6.717547018
ACCTACCGTTGAATCC-1_2_1_1_1_1,DC,T-DN,T,1.073271824,3.23506387
ACCTACCGTTGATCGT-1_2_1_1_1_1,DC,Cytotoxic,T,-0.699633645,-0.926573913
ACGATGTCAGTGAGCA-1_2_1_1_1_1,DC,T-Helper,T,2.730081631,2.473035653
ACGATGTCATGTTACG-1_2_1_1_1_1,DC,NK,NK,-7.101418423,-6.204451959
ACGCACGCATCTGCGG-1_2_1_1_1_1,DC,NaiveT,T,1.216727448,8.158515055
ACGCACGTCACCTTAT-1_2_1_1_1_1,DC,gdT,T,7.69685371,-5.462439935
ACGGAAGTCTCTAAGG-1_2_1_1_1_1,DC,Cytotoxic,T,-3.794531034,3.12771805
ACGGGTCGTGGTAACG-1_2_1_1_1_1,DC,Cytotoxic,T,-1.505263971,1.437764723
ACGGTCGAGTCCTGTA-1_2_1_1_1_1,DC,Cytotoxic,T,-2.587752747,0.268480499
ACGGTCGCAATCGCGC-1_2_1_1_1_1,DC,ILC,ILC,6.008471561,1.909308512
ACGGTTACACACCTTC-1_2_1_1_1_1,DC,Cytotoxic,T,-2.302533792,1.403757174
ACGGTTACATTCGATG-1_2_1_1_1_1,DC,NaiveT,T,2.128016306,6.002777178
ACGTAACTCTTAATCC-1_2_1_1_1_1,DC,NK,NK,-5.462926315,-6.39972965
ACGTACACAAGAGAGA-1_2_1_1_1_1,DC,Cytotoxic,T,-2.571305679,0.680345733
ACGTACATCGGTCAGC-1_2_1_1_1_1,DC,T-Helper,T,1.346633984,2.462781269
ACGTAGTCAACAGATA-1_2_1_1_1_1,DC,Cytotoxic,T,-1.060874151,2.164473135
ACGTTCCGTAAGGCTG-1_2_1_1_1_1,DC,T-DN,T,-0.132557618,2.856216748
ACGTTCCGTTTCGACA-1_2_1_1_1_1,DC,gdT,T,8.79465921,-4.545436781
ACTACGAGTGAGGATC-1_2_1_1_1_1,DC,ILC,ILC,8.758472992,2.122568209
ACTATCTCAGCGAGTA-1_2_1_1_1_1,DC,NKT,T,-4.675108837,-1.559067767
ACTATCTGTTATCCAG-1_2_1_1_1_1,DC,T-Helper,T,1.406245304,1.024375756
ACTATCTTCCGTGACG-1_2_1_1_1_1,DC,NK,NK,-5.496781277,-4.26352207
ACTGCAAAGAGTGAAG-1_2_1_1_1_1,DC,Cytotoxic,T,-2.907396959,0.874538202
ACTGCAATCAGTCAGT-1_2_1_1_1_1,DC,Cytotoxic,T,-4.3408293,-0.510670792
ACTGTGAGTCCCTAAA-1_2_1_1_1_1,DC,TCM,T,-1.294200706,2.903610785
ACTTAGGTCGGAGCAA-1_2_1_1_1_1,DC,Cytotoxic,T,-0.829208123,-1.100302141
ACTTATCCAAGGATGC-1_2_1_1_1_1,DC,gdT,T,8.435859276,-4.105626028
ACTTATCTCACTCACC-1_2_1_1_1_1,DC,T-Helper,T,1.244164659,1.505842645
ACTTATCTCACTCGAA-1_2_1_1_1_1,DC,T-Helper,T,1.730951024,1.824178297
ACTTCGCCAAGCACAG-1_2_1_1_1_1,DC,T-Helper,T,0.519705815,0.415376742
ACTTTCACACGTGTGC-1_2_1_1_1_1,DC,Cytotoxic,T,-0.068809347,-2.306664627
ACTTTGTCAGTAGAGC-1_2_1_1_1_1,DC,NK,NK,-5.674272465,-6.678249281
AGAAATGCAGAGGAAA-1_2_1_1_1_1,DC,NaiveT,T,-1.363115357,7.852895338
AGAACAAAGGCGTCCT-1_2_1_1_1_1,DC,NKT,T,-0.227512555,-1.251732986
AGAACAACAGGGATAC-1_2_1_1_1_1,DC,ILC,ILC,8.123160435,2.052603085
AGAACCTCAGGCATGA-1_2_1_1_1_1,DC,T-Helper,T,0.558257652,2.031793673
AGAAGCGGTGTATCCA-1_2_1_1_1_1,DC,T-Helper,T,0.766187025,0.972616274
AGACAAAAGACTAAGT-1_2_1_1_1_1,DC,ILC,ILC,7.948432995,1.393875081
AGACAGGCACACAGCC-1_2_1_1_1_1,DC,NKT,T,-5.305271076,-1.637893717
AGACAGGGTCTTTCAT-1_2_1_1_1_1,DC,ILC,ILC,8.217721535,1.59698065
AGACAGGTCATCGTAG-1_2_1_1_1_1,DC,NaiveT,T,2.228197647,7.735107977
AGACCATCAACTGCCG-1_2_1_1_1_1,DC,Treg,T,3.905082775,0.111308147
AGACCCGAGAGCAGCT-1_2_1_1_1_1,DC,Cytotoxic,T,-2.808593678,0.51121058
AGACCCGGTGGGCTCT-1_2_1_1_1_1,DC,NKT,T,-3.871629642,-1.846311252
AGACTCAAGTCTCCTC-1_2_1_1_1_1,DC,Cytotoxic,T,-4.325849937,2.464790661
AGAGAGCTCAAAGACA-1_2_1_1_1_1,DC,NK,NK,-8.66568129,-7.716186922
AGATGCTCACAGCCAC-1_2_1_1_1_1,DC,NK,NK,-8.601325439,-6.381846349
AGATGCTTCGTAGCTA-1_2_1_1_1_1,DC,T-Helper,T,1.83412583,0.961017449
AGCCAATCAGGATCTT-1_2_1_1_1_1,DC,Cytotoxic,T,-3.615865635,0.801741202
AGCCAGCTCCTTACCG-1_2_1_1_1_1,DC,gdT,T,9.452131821,-4.388632219
AGCGCCAAGGGATCGT-1_2_1_1_1_1,DC,NKT,T,-1.185016679,-1.853304546
AGCGCTGCAAGGTCGA-1_2_1_1_1_1,DC,Treg,T,3.515543057,1.458734829
AGCGCTGGTTGGGACA-1_2_1_1_1_1,DC,NK,NK,-8.859928535,-6.098297041
AGCGTATAGGGATCAC-1_2_1_1_1_1,DC,Cytotoxic,T,-3.027385878,1.338416417
AGCGTATTCCTGTTGC-1_2_1_1_1_1,DC,Cytotoxic,T,-2.477014708,0.795607884
AGCTCAAGTTGTCATG-1_2_1_1_1_1,DC,NK,NK,-9.002222465,-8.088240068
AGGAAATAGCTTCTAG-1_2_1_1_1_1,DC,Cytotoxic,T,0.122832956,-3.631879728
AGGAAATAGTATGAAC-1_2_1_1_1_1,DC,Cytotoxic,T,-1.71651523,-0.194146517
AGGAATATCAGGGATG-1_2_1_1_1_1,DC,gdT,T,8.858229233,-6.664337556
AGGACGAAGAAACTAC-1_2_1_1_1_1,DC,NaiveT,T,-0.451381551,6.129304488
AGGACGAAGGTAGGCT-1_2_1_1_1_1,DC,NK,NK,-7.939421104,-5.846041601
AGGACTTGTCAAACGG-1_2_1_1_1_1,DC,T-DN,T,0.069964466,1.406078656
AGGATAAAGAGTTGTA-1_2_1_1_1_1,DC,NK,NK,-2.529344725,-2.799721639
AGGATAACAGAATTCC-1_2_1_1_1_1,DC,NK,NK,-7.411134647,-7.176772516
AGGATCTGTCGAGCTC-1_2_1_1_1_1,DC,Cytotoxic,T,-1.844915556,0.637805362
AGGCATTTCGTGTCAA-1_2_1_1_1_1,DC,NKT,T,-3.039651083,-2.805008571
AGGCTGCTCAGTCTTT-1_2_1_1_1_1,DC,NK,NK,-7.22861998,-6.659714143
AGGGAGTGTAGTCACT-1_2_1_1_1_1,DC,Cytotoxic,T,-4.007272171,0.032640595
AGGGCTCCAAAGGAGA-1_2_1_1_1_1,DC,NaiveT,T,1.054012073,7.540413458
AGGGTGAGTGAGAACC-1_2_1_1_1_1,DC,NK,NK,-7.838700699,-5.645012777
AGGGTGATCTTAAGGC-1_2_1_1_1_1,DC,NaiveT,T,-0.805537807,7.693167288
AGGGTTTCAGTCGTTA-1_2_1_1_1_1,DC,NK,NK,-4.742231773,-4.30446903
AGGTAGGCAGATTAAG-1_2_1_1_1_1,DC,T-DN,T,-0.122749822,2.026581366
AGGTCATCAGCTTTGA-1_2_1_1_1_1,DC,Treg,T,3.067385269,0.275880892
AGGTCTAGTCCCTCAT-1_2_1_1_1_1,DC,gdT,T,6.809375835,-5.411137025
AGGTTACAGGCTCTCG-1_2_1_1_1_1,DC,Treg,T,3.416125608,-0.394270222
AGGTTGTCACGTCGTG-1_2_1_1_1_1,DC,ILC,ILC,8.780812813,2.039565165
AGTAACCAGGTCTGGA-1_2_1_1_1_1,DC,T-Helper,T,1.966052843,0.799993355
AGTACCAAGCGTTACT-1_2_1_1_1_1,DC,T-Helper,T,0.93221171,-3.671983163
AGTACCAAGGATGCGT-1_2_1_1_1_1,DC,T-Helper,T,1.114863945,-3.426025789
AGTACCATCTGAGGCC-1_2_1_1_1_1,DC,NK,NK,-5.844724106,-6.714010637
AGTACTGGTAGGCAGT-1_2_1_1_1_1,DC,gdT,T,2.421251846,0.463308651
AGTAGCTTCGCTCTAC-1_2_1_1_1_1,DC,ILC,ILC,7.390872074,1.714843233
AGTCACACACTGATTG-1_2_1_1_1_1,DC,NaiveT,T,1.350074364,7.642961104
AGTCACATCATACGGT-1_2_1_1_1_1,DC,NKT,T,-5.359991001,-1.679564755
AGTCTCCCAGCTGAAG-1_2_1_1_1_1,DC,NaiveT,T,-1.110054897,6.211155493
AGTGACTCAAACCGGA-1_2_1_1_1_1,DC,NK,NK,-6.067172932,-6.271494787
AGTTCGAAGAAGGATG-1_2_1_1_1_1,DC,T-DN,T,-0.083026769,-2.770288627
AGTTCGAGTTTACTTC-1_2_1_1_1_1,DC,T-DN,T,0.711233569,2.256081898
ATACTTCCACAAATAG-1_2_1_1_1_1,DC,T-Helper,T,0.92782904,0.759819288
ATAGAGATCCACGTCT-1_2_1_1_1_1,DC,Treg,T,4.069246841,-0.196721378
ATAGGCTCACTTGTCC-1_2_1_1_1_1,DC,NK,NK,-9.096842216,-7.370318811
ATATCCTGTCTAACTG-1_2_1_1_1_1,DC,NK,NK,-7.863515305,-5.436830919
ATATCCTGTGGCACTC-1_2_1_1_1_1,DC,T-DN,T,-0.462776588,1.579960544
ATATCCTGTTAGGGAC-1_2_1_1_1_1,DC,NaiveT,T,1.110774947,6.483211119
ATCAGGTAGACTGGGT-1_2_1_1_1_1,DC,NaiveT,T,0.925120009,8.318420489
ATCAGGTTCATACGAC-1_2_1_1_1_1,DC,T-Helper,T,1.946400119,3.292312701
ATCCACCGTAAGTTAG-1_2_1_1_1_1,DC,NK,NK,-5.150659489,-5.050221365
ATCCACCGTAGTACGG-1_2_1_1_1_1,DC,ILC,ILC,8.67758329,0.883724053
ATCCATTAGCGCACAA-1_2_1_1_1_1,DC,Cytotoxic,T,-0.896315741,-0.71445493
ATCCATTGTCCCAAAT-1_2_1_1_1_1,DC,NaiveT,T,0.065443827,6.393622954
ATCCATTTCTCCGATC-1_2_1_1_1_1,DC,T-Helper,T,1.178223444,-3.158163231
ATCCTATAGTCGAGGT-1_2_1_1_1_1,DC,ILC,ILC,9.307796074,2.718649704
ATCCTATTCGTTAGAC-1_2_1_1_1_1,DC,NK,NK,-5.315710472,-4.93040983
ATCGTCCCACTAACGT-1_2_1_1_1_1,DC,Cytotoxic,T,-5.307031559,0.362254639
ATCGTGACAGCGATTT-1_2_1_1_1_1,DC,ILC,ILC,7.57121904,1.363301713
ATCGTGAGTGAGTAGC-1_2_1_1_1_1,DC,NK,NK,-2.64097731,-2.529713314
ATCTCTAGTATATGGA-1_2_1_1_1_1,DC,Cytotoxic,T,-1.605154561,0.674262185
ATCTTCAAGAGTGTTA-1_2_1_1_1_1,DC,Cytotoxic,T,-2.714326786,0.456764121
ATGAGTCAGAGGCCAT-1_2_1_1_1_1,DC,NK,NK,-5.041591095,-4.539691846
ATGAGTCTCCTCACCA-1_2_1_1_1_1,DC,T-Helper,T,1.911164475,1.414242108
ATGATCGAGACGACTG-1_2_1_1_1_1,DC,T-Helper,T,0.751529647,0.337705363
ATGATCGTCTCCGAGG-1_2_1_1_1_1,DC,Cytotoxic,T,-3.630736279,2.065412838
ATGCATGAGTGTCATC-1_2_1_1_1_1,DC,Cytotoxic,T,-2.867663549,1.914174158
ATGCATGCACAGAGCA-1_2_1_1_1_1,DC,ILC,ILC,9.346578194,2.729319174
ATGCCTCCATGATAGA-1_2_1_1_1_1,DC,NK,NK,-7.488101887,-5.582586687
ATGCGATAGAAGAACG-1_2_1_1_1_1,DC,T-DN,T,1.089665962,1.399908502
ATGCGATTCCGAGTGC-1_2_1_1_1_1,DC,NaiveT,T,2.876219584,7.199895937
ATGGGTTCACGACGCT-1_2_1_1_1_1,DC,ILC,ILC,6.889479233,1.823259551
ATGGGTTGTCGCCTAG-1_2_1_1_1_1,DC,NaiveT,T,1.204680992,7.287706931
ATGGGTTGTCGCTTGG-1_2_1_1_1_1,DC,Cytotoxic,T,-3.733666109,2.008362849
ATGGGTTTCAAGATAG-1_2_1_1_1_1,DC,NKT,T,-6.437818932,-3.565158527
ATGGTTGAGCAACTTC-1_2_1_1_1_1,DC,Cytotoxic,T,-1.825468825,0.092972044
ATGGTTGAGTAGCATA-1_2_1_1_1_1,DC,T-Helper,T,1.472516013,2.120848496
ATTATCCGTCGACTTA-1_2_1_1_1_1,DC,NK,NK,-0.875144886,-5.121494691
ATTCACTCAACTGAAA-1_2_1_1_1_1,DC,NaiveT,T,1.546196414,7.406031687
ATTCAGGAGCAGCGAT-1_2_1_1_1_1,DC,NK,NK,-8.613487648,-6.164285581
ATTCAGGGTATATGGA-1_2_1_1_1_1,DC,NK,NK,-8.196804451,-6.204538744
ATTCATCCACAGCGCT-1_2_1_1_1_1,DC,NKT,T,-5.953491138,-2.296598117
ATTCCCGGTAAGGCCA-1_2_1_1_1_1,DC,NK,NK,-5.748717712,-6.194800775
ATTCGTTTCAACCCGG-1_2_1_1_1_1,DC,Cytotoxic,T,-2.082857298,0.486638207
ATTCTACAGCGGGTAT-1_2_1_1_1_1,DC,Treg,T,3.205937458,-0.434855889
ATTCTACAGGTATCTC-1_2_1_1_1_1,DC,T-Helper,T,0.354127927,0.172202427
ATTCTACCAACTACGT-1_2_1_1_1_1,DC,T-Helper,T,1.283264233,1.500095327
ATTGTTCGTTACGTAC-1_2_1_1_1_1,DC,NaiveT,T,1.411434246,7.595193941
ATTTACCAGCACTCGC-1_2_1_1_1_1,DC,T-DN,T,0.711523307,2.85089906
ATTTACCGTAGGTGCA-1_2_1_1_1_1,DC,NaiveT,T,0.482428385,6.975756724
ATTTCACAGAATTCAG-1_2_1_1_1_1,DC,Cytotoxic,T,0.003225101,-0.961873214
ATTTCTGCACCTTCGT-1_2_1_1_1_1,DC,NKT,T,-4.154865192,-3.278439682
CAACCAAAGATGTTAG-1_2_1_1_1_1,DC,NKT,T,-5.920757698,-2.194697301
CAACGATTCTAGTGTG-1_2_1_1_1_1,DC,Cytotoxic,T,-5.038717197,-0.926913004
CAAGACTTCCGATGCG-1_2_1_1_1_1,DC,NKT,T,-4.05453627,-3.589694183
CAAGAGGGTCTAGTGT-1_2_1_1_1_1,DC,NK,NK,-5.127908157,-7.298946779
CAAGGGAGTATAATGG-1_2_1_1_1_1,DC,Cytotoxic,T,-3.385389971,1.642550547
CAATTTCAGTTCGCAT-1_2_1_1_1_1,DC,T-DN,T,-0.205563324,2.67485245
CACAGATAGGCTAACG-1_2_1_1_1_1,DC,Cytotoxic,T,-4.319383072,2.551410515
CACCAAAAGGTCGAGT-1_2_1_1_1_1,DC,gdT,T,7.842160297,-5.748010557
CACCGTTTCCTAGCTC-1_2_1_1_1_1,DC,NaiveT,T,1.807471467,6.716205199
CACGGGTCACATCATG-1_2_1_1_1_1,DC,gdT,T,9.646380974,-6.387055318
CACGGGTGTCATCGGC-1_2_1_1_1_1,DC,NK,NK,-8.370082306,-8.300337713
CACTGAAAGCACTCAT-1_2_1_1_1_1,DC,T-DN,T,0.831304742,3.467007716
CACTGAAGTCTACGTA-1_2_1_1_1_1,DC,NK,NK,-8.626549171,-6.510050695
CACTGGGAGCAATAAC-1_2_1_1_1_1,DC,T-Helper,T,0.508354647,1.127119739
CACTGTCAGAGGGTCT-1_2_1_1_1_1,DC,Cytotoxic,T,-3.890913891,0.909398754
CACTGTCAGCCTGACC-1_2_1_1_1_1,DC,NKT,T,-5.142812656,-1.596216958
CACTTCGCACAGTATC-1_2_1_1_1_1,DC,NaiveT,T,1.052175475,7.358333666
CACTTCGCACCCTAGG-1_2_1_1_1_1,DC,T-Helper,T,1.156766428,1.957830269
CAGATCACATTGCAAC-1_2_1_1_1_1,DC,NaiveT,T,-1.939222979,6.669919569
CAGATTGGTACAACGG-1_2_1_1_1_1,DC,gdT,T,9.831096245,-5.796100538
CAGCAGCTCTGCCCTA-1_2_1_1_1_1,DC,T-Helper,T,2.006802155,0.671222885
CAGCGTGAGTACGAGC-1_2_1_1_1_1,DC,T-Helper,T,-2.713084148,-2.052316229
CAGCGTGCATAATCCG-1_2_1_1_1_1,DC,T-Helper,T,1.68526466,1.69118746
CAGCGTGTCTCGAGTA-1_2_1_1_1_1,DC,Treg,T,3.98063953,-0.334560211
CAGGCCATCGAACCAT-1_2_1_1_1_1,DC,Cytotoxic,T,-0.883475827,-4.062987726
CAGGTATAGAAGCGAA-1_2_1_1_1_1,DC,Cytotoxic,T,-2.348796534,0.099292223
CAGGTATAGGCCTGCT-1_2_1_1_1_1,DC,Cytotoxic,T,0.224485369,-1.899364274
CAGTGCGCACTTCAGA-1_2_1_1_1_1,DC,NaiveT,T,0.857971502,7.84007128
CAGTTAGAGATTGTGA-1_2_1_1_1_1,DC,NaiveT,T,-1.399753856,5.818935473
CAGTTAGCAATTCTCT-1_2_1_1_1_1,DC,NK,NK,-5.929109978,-6.664507787
CAGTTAGTCATTGGTG-1_2_1_1_1_1,DC,NaiveT,T,0.282102315,6.809885104
CAGTTCCAGCAACCAG-1_2_1_1_1_1,DC,Treg,T,3.088581635,3.474142153
CATAAGCCAAGAGCTG-1_2_1_1_1_1,DC,Cytotoxic,T,-0.196527349,0.145038043
CATACCCCAGTCAGTT-1_2_1_1_1_1,DC,NK,NK,-0.713128852,-4.43192188
CATACTTGTGTACGCC-1_2_1_1_1_1,DC,Cytotoxic,T,-0.60952078,-1.28097276
CATAGACGTTTCGTTT-1_2_1_1_1_1,DC,Other,Other,4.597740723,6.572789271
CATCCACCAATCAGCT-1_2_1_1_1_1,DC,T-Helper,T,1.358104063,1.868030269
CATCCCATCAAACGTC-1_2_1_1_1_1,DC,NK,NK,-8.744271683,-6.749805372
CATCCGTAGGCCCACT-1_2_1_1_1_1,DC,Cytotoxic,T,-2.031829285,1.357320745
CATCCGTTCTTCCGTG-1_2_1_1_1_1,DC,T-DN,T,-0.789008783,2.522821028
CATCGGGCAAACCGGA-1_2_1_1_1_1,DC,NK,NK,-7.77249472,-7.291709821
CATCGGGTCGTCGGGT-1_2_1_1_1_1,DC,T-Helper,T,0.077510414,0.743240852
CATGCCTGTCAAAGAT-1_2_1_1_1_1,DC,NK,NK,-4.891329216,-4.836590211
CATGCTCCATGTGCCG-1_2_1_1_1_1,DC,NKT,T,-5.050202774,-2.042086761
CATGCTCGTGAATAAC-1_2_1_1_1_1,DC,gdT,T,8.845602585,-4.890668314
CATGGATCACTGTCCT-1_2_1_1_1_1,DC,NaiveT,T,-1.107432889,7.309479792
CATGGATCATGGAATA-1_2_1_1_1_1,DC,Cytotoxic,T,0.472764296,-2.414726179
CATGGATGTCATGACT-1_2_1_1_1_1,DC,T-Helper,T,-0.272440778,0.676584978
CATGGTATCTAAGAAG-1_2_1_1_1_1,DC,NaiveT,T,-1.844033407,6.403379996
CATTCATAGTTAGAAC-1_2_1_1_1_1,DC,NKT,T,-5.06020348,-3.233966749
CATTCCGAGCTTGTTG-1_2_1_1_1_1,DC,Cytotoxic,T,-2.784526037,1.431119163
CATTCTATCCGATCTC-1_2_1_1_1_1,DC,NaiveT,T,2.798088146,6.789965708
CATTGAGTCACGGACC-1_2_1_1_1_1,DC,T-DN,T,0.808127237,2.856502135
CATTGCCAGATGGTCG-1_2_1_1_1_1,DC,Cytotoxic,T,-0.201445447,1.610101182
CATTGTTAGCAACTTC-1_2_1_1_1_1,DC,NKT,T,-5.625629353,-1.973464649
CATTGTTCAATTCTTC-1_2_1_1_1_1,DC,TCM,T,-0.309152382,5.567208846
CCAATGACAGACTCTA-1_2_1_1_1_1,DC,ILC,ILC,7.120834423,1.64798959
CCAATGAGTTCAAGGG-1_2_1_1_1_1,DC,Cytotoxic,T,-2.500793385,2.041223605
CCAATTTTCATTTGGG-1_2_1_1_1_1,DC,Cytotoxic,T,-3.445680069,2.362519343
CCACAAAAGGAATTAC-1_2_1_1_1_1,DC,TCM,T,0.820055676,5.883406718
CCACAAAGTAAGGCCA-1_2_1_1_1_1,DC,NK,NK,-8.015850471,-6.857222955
CCACACTTCGTGCACG-1_2_1_1_1_1,DC,NaiveT,T,0.217989957,6.189050276
CCACCATAGAGCGACT-1_2_1_1_1_1,DC,NKT,T,-3.153234409,-3.530451696
CCACGTTAGTGTCATC-1_2_1_1_1_1,DC,NaiveT,T,1.399308635,8.57081898
CCACGTTCATGAGGGT-1_2_1_1_1_1,DC,Cytotoxic,T,-3.597961115,0.88467278
CCACGTTGTCGTCTCT-1_2_1_1_1_1,DC,NKT,T,-4.968023705,-2.664442222
CCACGTTGTTATCTGG-1_2_1_1_1_1,DC,Cytotoxic,T,-5.319942879,0.137994219
CCACTTGAGACAACTA-1_2_1_1_1_1,DC,ILC,ILC,8.57332666,1.918563206
CCATAAGGTTTGAACC-1_2_1_1_1_1,DC,NaiveT,T,2.601644827,6.318867285
CCATCACAGGGAGGAC-1_2_1_1_1_1,DC,NKT,T,-4.362667488,-2.801925819
CCCAACTGTCGAGTGA-1_2_1_1_1_1,DC,NaiveT,T,2.903842045,7.876344759
CCCAACTTCTTCCGTG-1_2_1_1_1_1,DC,NK,NK,-6.059752392,-4.819971483
CCCATTGAGATGTTCC-1_2_1_1_1_1,DC,NaiveT,T,-0.853864836,6.256076891
CCCATTGTCCGCACGA-1_2_1_1_1_1,DC,NK,NK,-8.575273918,-7.723606508
CCCATTGTCGCCCAGA-1_2_1_1_1_1,DC,T-Helper,T,1.517071796,0.022740659
CCCGAAGAGGGAGAAT-1_2_1_1_1_1,DC,NaiveT,T,0.499419583,8.65281399
CCCTGATAGCCTAACT-1_2_1_1_1_1,DC,Cytotoxic,T,-3.540957855,2.010456879
CCCTGATAGTATCTGC-1_2_1_1_1_1,DC,NK,NK,-8.829108643,-7.625788133
CCCTTAGTCTACGGGC-1_2_1_1_1_1,DC,NK,NK,-7.677569317,-6.114036958
CCGATCTGTAGCCAGA-1_2_1_1_1_1,DC,T-Helper,T,1.049024833,-3.776961963
CCGATCTTCGTTCATT-1_2_1_1_1_1,DC,T-Helper,T,0.572475893,0.857508202
CCGATGGGTACGTACT-1_2_1_1_1_1,DC,NaiveT,T,-0.117208289,7.889347632
CCGGACATCCACTAGA-1_2_1_1_1_1,DC,NK,NK,-5.327377247,-5.069436948
CCGGGTAAGACCGTTT-1_2_1_1_1_1,DC,NaiveT,T,1.059542311,8.301058848
CCGTAGGTCAAATGAG-1_2_1_1_1_1,DC,ILC,ILC,6.021328999,1.947212536
CCTACGTTCCAGCACG-1_2_1_1_1_1,DC,Cytotoxic,T,-1.150545882,1.352650006
CCTATCGAGGCATGGT-1_2_1_1_1_1,DC,NaiveT,T,1.342901422,8.624312479
CCTATCGCATTAGGCT-1_2_1_1_1_1,DC,T-Helper,T,1.160590542,-3.438491504
CCTCAGTCATATCGGT-1_2_1_1_1_1,DC,Cytotoxic,T,-2.193447279,-0.075812367
CCTCAGTGTACTAAGA-1_2_1_1_1_1,DC,NKT,T,0.151698776,-1.080011468
CCTCATGGTATTGCCA-1_2_1_1_1_1,DC,NaiveT,T,0.903354538,7.694918234
CCTCCAAGTAAGATCA-1_2_1_1_1_1,DC,gdT,T,7.811601711,-6.192317407
CCTCCAAGTACTGCCG-1_2_1_1_1_1,DC,T-DN,T,0.834439589,2.988189776
CCTCCTCAGCCTTTCC-1_2_1_1_1_1,DC,NaiveT,T,2.709044767,6.177377779
CCTCCTCTCGTTTACT-1_2_1_1_1_1,DC,T-DN,T,1.213487221,2.822840769
CCTCTCCCAGCGAACA-1_2_1_1_1_1,DC,NK,NK,-7.186530518,-5.121628683
CCTCTCCGTCGTTATG-1_2_1_1_1_1,DC,ILC,ILC,8.576592041,0.98028763
CCTGCATAGATTAGAC-1_2_1_1_1_1,DC,gdT,T,10.16047723,-6.660440366
CCTGCATAGGTAGTAT-1_2_1_1_1_1,DC,NK,NK,-5.309920238,-4.923616331
CCTGCATCATCCGTGG-1_2_1_1_1_1,DC,gdT,T,7.310236527,-6.179182928
CCTGCATTCCGGTAGC-1_2_1_1_1_1,DC,NK,NK,-8.568266319,-7.129534166
CCTGTTGTCTTACGTT-1_2_1_1_1_1,DC,NK,NK,-6.128506111,-4.236990373
CGAAGGACAGTAACAA-1_2_1_1_1_1,DC,NK,NK,-5.532637047,-5.515034597
CGAAGGATCTCATTTG-1_2_1_1_1_1,DC,Cytotoxic,T,-2.361314939,0.466258545
CGAAGGATCTGCACCT-1_2_1_1_1_1,DC,TCM,T,-1.455194639,2.386433203
CGAAGTTGTAGCGATG-1_2_1_1_1_1,DC,T-Helper,T,1.912527038,0.721056301
CGAATTGAGAGTGACC-1_2_1_1_1_1,DC,NK,NK,-8.446443008,-7.492084425
CGACAGCGTTCCTAAG-1_2_1_1_1_1,DC,Cytotoxic,T,-3.630796122,2.387028534
CGACAGCTCTCAGGCG-1_2_1_1_1_1,DC,Cytotoxic,T,-1.986833738,0.148692657
CGAGAAGGTACATTGC-1_2_1_1_1_1,DC,T-Helper,T,2.382267309,2.248383601
CGAGGAATCCGCGATG-1_2_1_1_1_1,DC,Cytotoxic,T,-2.176545547,-0.288543936
CGAGGAATCTCTCTAA-1_2_1_1_1_1,DC,Cytotoxic,T,0.917663826,6.826052267
CGAGTGCTCTCTCTAA-1_2_1_1_1_1,DC,NaiveT,T,-0.69349985,7.272111971
CGAGTTAGTGGACCTC-1_2_1_1_1_1,DC,NK,NK,-5.271516727,-4.57751457
CGATCGGCAAGACCGA-1_2_1_1_1_1,DC,T-Helper,T,0.434825195,0.127666671
CGATGCGAGCCTTCTC-1_2_1_1_1_1,DC,NK,NK,-6.851424622,-5.89681093
CGATGCGTCAGAGTGG-1_2_1_1_1_1,DC,ILC,ILC,8.623012138,1.11029001
CGATGGCGTTCCGGTG-1_2_1_1_1_1,DC,TCM,T,0.429646415,5.55362757
CGATGGCTCCCAGGCA-1_2_1_1_1_1,DC,ILC,ILC,7.050074173,2.002103407
CGCAGGTAGGTGTGAC-1_2_1_1_1_1,DC,Cytotoxic,T,-3.963457035,0.013017621
CGCAGGTGTAAGGCCA-1_2_1_1_1_1,DC,Cytotoxic,T,-4.780020164,1.551563103
CGCATAATCCGGCTTT-1_2_1_1_1_1,DC,T-Helper,T,1.696496321,1.266457517
CGCATAATCCGTGGCA-1_2_1_1_1_1,DC,Treg,T,5.100135876,1.88883527
CGCATGGGTCAGCGTC-1_2_1_1_1_1,DC,ILC,ILC,9.004063202,1.829675753
CGCCATTCAGCGCGTT-1_2_1_1_1_1,DC,T-Helper,T,0.734465374,1.250670035
CGCGTGACACCTCTGT-1_2_1_1_1_1,DC,Cytotoxic,T,-5.309886383,0.454110641
CGGAACCAGCCTGTGC-1_2_1_1_1_1,DC,NK,NK,-7.44133036,-6.675001543
CGGAATTAGGGTTAAT-1_2_1_1_1_1,DC,Cytotoxic,T,0.456926389,-3.744008224
CGGACACTCGAGAATA-1_2_1_1_1_1,DC,Treg,T,4.130266262,0.118954931
CGGAGAACAGCCCACA-1_2_1_1_1_1,DC,Cytotoxic,T,-4.559483456,0.673398037
CGGTCAGAGGTAACTA-1_2_1_1_1_1,DC,NK,NK,-7.74416964,-5.845615785
CGGTCAGTCCAGTGTA-1_2_1_1_1_1,DC,T-Helper,T,0.34349787,1.219003518
CGTAATGGTGTCATGT-1_2_1_1_1_1,DC,NaiveT,T,0.304333148,7.168219645
CGTAATGTCGCAATTG-1_2_1_1_1_1,DC,Cytotoxic,T,-4.853828835,1.491616447
CGTAGTAAGTGCAACG-1_2_1_1_1_1,DC,NaiveT,T,0.318295432,7.303238947
CGTCAAACAGACTGCC-1_2_1_1_1_1,DC,NaiveT,T,0.702902151,7.16991194
CGTCAAACATGCCGCA-1_2_1_1_1_1,DC,T-Helper,T,0.835453881,-3.528339069
CGTCCATAGTCGGCAA-1_2_1_1_1_1,DC,gdT,T,7.078652931,-5.972521703
CGTGAATAGACTCATC-1_2_1_1_1_1,DC,NKT,T,-5.199829506,-2.049972694
CGTGAATCAGACACCC-1_2_1_1_1_1,DC,Cytotoxic,T,-3.922653603,1.239545782
CGTGAATGTAAGATCA-1_2_1_1_1_1,DC,NK,NK,-5.42589991,-6.389885347
CGTGCTTCAATCTAGC-1_2_1_1_1_1,DC,T-DN,T,-0.482473659,2.782584746
CGTGTCTCATAGGAGC-1_2_1_1_1_1,DC,Cytotoxic,T,-1.546728777,1.364807923
CGTTAGAAGTGGTTCT-1_2_1_1_1_1,DC,T-Helper,T,0.245339019,-0.020967062
CGTTAGACAACATCGT-1_2_1_1_1_1,DC,T-DN,T,0.31695172,1.584943731
CGTTCTGAGTAAGAGG-1_2_1_1_1_1,DC,NK,NK,-8.583003448,-5.742798727
CGTTCTGTCTGCTTTA-1_2_1_1_1_1,DC,T-Helper,T,1.322904898,1.172989685
CGTTGGGGTGTTTACG-1_2_1_1_1_1,DC,Treg,T,7.086197449,0.980207403
CTAACTTAGTGCCGAA-1_2_1_1_1_1,DC,NaiveT,T,-0.479629027,6.054430087
CTAAGTGCATCATTTC-1_2_1_1_1_1,DC,NK,NK,-8.395999359,-8.341998975
CTAAGTGGTTGCATCA-1_2_1_1_1_1,DC,T-Helper,T,1.003976239,2.877789099
CTACAGACACCGAATT-1_2_1_1_1_1,DC,Cytotoxic,T,-1.426899837,1.276460011
CTACAGACATGACAAA-1_2_1_1_1_1,DC,ILC,ILC,8.448332382,0.920037706
CTACAGAGTCCTTAAG-1_2_1_1_1_1,DC,NaiveT,T,1.165110184,7.401854117
CTACCTGTCGCGTAGC-1_2_1_1_1_1,DC,TCM,T,-1.747607397,4.927540858
CTACGGGCACTCTCGT-1_2_1_1_1_1,DC,Treg,T,4.025598837,0.032566864
CTACGGGTCCAAACCA-1_2_1_1_1_1,DC,Cytotoxic,T,-2.370580839,-0.21244933
CTACTATAGGTTAAAC-1_2_1_1_1_1,DC,Cytotoxic,T,-3.402783798,1.984425146
CTAGACAGTGAGATAT-1_2_1_1_1_1,DC,ILC,ILC,7.391711784,1.356098373
CTAGACAGTGCGTTTA-1_2_1_1_1_1,DC,T-Helper,T,0.663346631,0.320529539
CTAGGTATCATCCTGC-1_2_1_1_1_1,DC,Cytotoxic,T,-4.073832439,0.081088607
CTATAGGAGACCTGGA-1_2_1_1_1_1,DC,NK,NK,-7.479473042,-5.573651235
CTATAGGGTTCGTACA-1_2_1_1_1_1,DC,ILC,ILC,7.707835747,1.362663228
CTCAATTTCGATGCAT-1_2_1_1_1_1,DC,NK,NK,-9.125434326,-7.839309614
CTCACTGCACTGGAAG-1_2_1_1_1_1,DC,NK,NK,-8.440177368,-6.14370672
CTCACTGTCCACAGCG-1_2_1_1_1_1,DC,Cytotoxic,T,0.508988989,-3.617383163
CTCAGAAAGGACTTCT-1_2_1_1_1_1,DC,ILC,ILC,8.806193901,1.437405546
CTCAGAATCTCACTCG-1_2_1_1_1_1,DC,Treg,T,3.21487434,0.516141314
CTCAGGGCAATCAAGA-1_2_1_1_1_1,DC,T-DN,T,-6.733035015,-6.813765447
CTCAGGGGTTGCCATA-1_2_1_1_1_1,DC,Cytotoxic,T,-3.610213922,2.172758896
CTCAGTCCATTCGGGC-1_2_1_1_1_1,DC,Cytotoxic,T,-2.996209549,1.570471604
CTCATCGGTCGATTAC-1_2_1_1_1_1,DC,NKT,T,-3.702686714,-3.504850547
CTCATGCAGTCATGGG-1_2_1_1_1_1,DC,NaiveT,T,0.554419113,6.258601267
CTCCAACTCTATCGTT-1_2_1_1_1_1,DC,NaiveT,T,1.998031689,6.40259989
CTCCAACTCTTCGCTG-1_2_1_1_1_1,DC,Cytotoxic,T,-2.632170128,0.864661891
CTCCATGTCACTCACC-1_2_1_1_1_1,DC,NaiveT,T,1.484280063,8.610938151
CTCCCAAGTTCGGTAT-1_2_1_1_1_1,DC,gdT,T,7.389435841,-6.171220224
CTCCCTCGTCAGGTAG-1_2_1_1_1_1,DC,gdT,T,8.967228485,-6.417241018
CTCCGATAGACTCTAC-1_2_1_1_1_1,DC,NaiveT,T,1.619065,6.726345618
CTCCGATGTAGAGTTA-1_2_1_1_1_1,DC,Cytotoxic,T,-0.923770951,1.498184283
CTCCTCCAGGTGCCAA-1_2_1_1_1_1,DC,Cytotoxic,T,-2.506835865,0.994607408
CTCCTTTTCTTTCGAT-1_2_1_1_1_1,DC,Treg,T,4.012795044,0.707122822
CTCTGGTCACCCTCTA-1_2_1_1_1_1,DC,NKT,T,-4.842558788,-1.737358253
CTGAGGCCAACGCCCA-1_2_1_1_1_1,DC,NKT,T,-5.605605053,-2.048320811
CTGATCCAGCGCCGTT-1_2_1_1_1_1,DC,NK,NK,-7.223892139,-6.441876333
CTGCATCGTGTCCACG-1_2_1_1_1_1,DC,T-Helper,T,1.509795738,2.432833273
CTGCGAGAGGTGCTTT-1_2_1_1_1_1,DC,NK,NK,-5.891218113,-6.777808588
CTGCGAGGTAGACAGC-1_2_1_1_1_1,DC,NaiveT,T,0.224935045,7.384515364
CTGCGAGTCTGGAAGG-1_2_1_1_1_1,DC,ILC,ILC,8.349025322,1.114037235
CTGGACGGTGGCACTC-1_2_1_1_1_1,DC,Cytotoxic,T,-3.456526207,1.81341191
CTGGTCTGTATGTCCA-1_2_1_1_1_1,DC,Cytotoxic,T,-4.199643063,2.639989455
CTGTAGAAGAACAGGA-1_2_1_1_1_1,DC,T-DN,T,0.785917116,3.644241173
CTGTATTTCACAAGAA-1_2_1_1_1_1,DC,T-Helper,T,2.438031508,2.960577805
CTGTGGGGTAAGAACT-1_2_1_1_1_1,DC,Cytotoxic,T,-3.484345364,0.435193915
CTTACCGCACTTGAGT-1_2_1_1_1_1,DC,gdT,T,2.326316429,-0.121008098
CTTACCGTCCGAAGGA-1_2_1_1_1_1,DC,NK,NK,-5.683502125,-6.85976259
CTTAGGAGTAGAATGT-1_2_1_1_1_1,DC,Cytotoxic,T,-4.700793194,1.277350624
CTTCCTTAGGACGCTA-1_2_1_1_1_1,DC,NaiveT,T,0.612991614,6.652904112
CTTCCTTGTAAGGCTG-1_2_1_1_1_1,DC,NaiveT,T,1.327883078,5.966882784
CTTCGGTGTCTCAGGC-1_2_1_1_1_1,DC,NK,NK,-8.503423141,-6.256816785
CTTCTCTGTAAGTCAA-1_2_1_1_1_1,DC,NaiveT,T,-0.365239727,7.27166899
CTTGAGACAGCACACC-1_2_1_1_1_1,DC,Cytotoxic,T,-4.198441433,2.302828629
CTTGATTGTACTCCCT-1_2_1_1_1_1,DC,ILC,ILC,8.987994743,2.584985335
CTTTCAACATACTGAC-1_2_1_1_1_1,DC,NaiveT,T,1.752101732,8.313998301
GAAATGACAAACGAGC-1_2_1_1_1_1,DC,Cytotoxic,T,-5.400592255,0.30445074
GAACACTTCTATCACT-1_2_1_1_1_1,DC,NaiveT,T,2.807459427,6.940698702
GAACGTTGTCTCGACG-1_2_1_1_1_1,DC,Treg,T,4.170840336,0.357809771
GAACTGTCACTTGGCG-1_2_1_1_1_1,DC,ILC,ILC,7.126089169,2.177460034
GAAGAATAGCAAGTCG-1_2_1_1_1_1,DC,NaiveT,T,1.670672132,4.195164759
GAAGCCCAGGACTAAT-1_2_1_1_1_1,DC,Cytotoxic,T,-3.28120892,0.71993782
GAAGCCCGTCTGCAAT-1_2_1_1_1_1,DC,TCM,T,-1.501948523,4.714892943
GAAGGACCAGCCGGTT-1_2_1_1_1_1,DC,T-Helper,T,1.521255089,1.709154804
GAAGGGTTCTTGGATG-1_2_1_1_1_1,DC,Cytotoxic,T,-3.451109098,1.979268153
GAAGTAAGTTGTTGAC-1_2_1_1_1_1,DC,gdT,T,8.65266378,-4.417292993
GAATAGACACAAATAG-1_2_1_1_1_1,DC,NaiveT,T,2.54734285,7.459638197
GAATAGAGTGTGTGGA-1_2_1_1_1_1,DC,gdT,T,7.054074837,-5.754305761
GAATCACCATTGGATC-1_2_1_1_1_1,DC,T-DN,T,0.151441018,-1.232953827
GACACGCTCGCTGCGA-1_2_1_1_1_1,DC,Cytotoxic,T,-3.593177961,1.672302205
GACAGCCGTGTACGCC-1_2_1_1_1_1,DC,T-Helper,T,2.084590627,0.273363162
GACATCAAGACGGATC-1_2_1_1_1_1,DC,NK,NK,-4.648742603,-4.185824316
GACATCAAGCTGACCC-1_2_1_1_1_1,DC,Cytotoxic,T,-3.304690289,3.118932087
GACCCAGAGTTTAGGA-1_2_1_1_1_1,DC,Cytotoxic,T,-1.620725202,1.698067148
GACCCAGTCACTACGA-1_2_1_1_1_1,DC,NK,NK,-2.369817423,-3.117142837
GACCCTTGTATCGTAC-1_2_1_1_1_1,DC,NK,NK,-5.422840523,-6.732902925
GACCCTTGTGTATTCG-1_2_1_1_1_1,DC,Treg,T,4.080148054,0.206759174
GACCTTCGTGTCGCTG-1_2_1_1_1_1,DC,NaiveT,T,2.162491275,6.329610903
GACCTTCGTTGTTTGG-1_2_1_1_1_1,DC,gdT,T,7.147811485,-5.171814363
GACCTTCTCATCACTT-1_2_1_1_1_1,DC,Cytotoxic,T,-2.163599895,1.97749551
GACGCTGTCAGCGCGT-1_2_1_1_1_1,DC,Treg,T,3.601740671,-0.172793682
GACGTTATCATTACTC-1_2_1_1_1_1,DC,Cytotoxic,T,-2.341159033,-0.126503633
GACTATGGTAGTGCGA-1_2_1_1_1_1,DC,Cytotoxic,T,-4.515690731,0.034963671
GACTCAAAGAAGTATC-1_2_1_1_1_1,DC,NK,NK,-8.279965805,-6.580034654
GACTTCCAGAGCTGCA-1_2_1_1_1_1,DC,T-Helper,T,0.316475494,-3.547955911
GACTTCCAGAGTGAAG-1_2_1_1_1_1,DC,Cytotoxic,T,-0.646079408,0.79789247
GAGAAATAGTAGGAAG-1_2_1_1_1_1,DC,Cytotoxic,T,-4.642689632,1.040072043
GAGAAATCAAATCGGG-1_2_1_1_1_1,DC,NaiveT,T,-1.157576012,6.304589827
GAGAAATTCGACATCA-1_2_1_1_1_1,DC,NKT,T,-5.017961906,-3.041092556
GAGAGGTAGACCTCAT-1_2_1_1_1_1,DC,Treg,T,3.355863882,1.451300461
GAGAGGTCATTGCAAC-1_2_1_1_1_1,DC,NaiveT,T,-0.602927493,5.759673674
GAGAGGTGTTGCCGAC-1_2_1_1_1_1,DC,NKT,T,-3.630164312,-1.950689833
GAGATGGAGGGCAGTT-1_2_1_1_1_1,DC,Cytotoxic,T,-2.240559029,1.131066759
GAGATGGAGGGTTAAT-1_2_1_1_1_1,DC,NaiveT,T,-0.40055077,8.120629389
GAGATGGCATAACCCA-1_2_1_1_1_1,DC,ILC,ILC,8.885995461,2.584704478
GAGCCTGAGATCCCGC-1_2_1_1_1_1,DC,gdT,T,7.274381233,-5.658881586
GAGCTGCAGTCAGCGA-1_2_1_1_1_1,DC,Cytotoxic,T,-1.818750786,0.526867707
GAGCTGCTCCATTTAC-1_2_1_1_1_1,DC,NK,NK,-5.867842125,-5.747133653
GAGGCAAGTCTTGCTC-1_2_1_1_1_1,DC,Cytotoxic,T,-1.675527262,1.375699003
GAGGCCTAGCCGTTGC-1_2_1_1_1_1,DC,Cytotoxic,T,0.533809854,-2.854511898
GAGGGATTCACAGTGT-1_2_1_1_1_1,DC,NK,NK,-0.231283831,-3.976497572
GAGTGAGCACGGTAGA-1_2_1_1_1_1,DC,TCM,T,-2.147075581,4.846972067
GAGTGTTTCACGATAC-1_2_1_1_1_1,DC,ILC,ILC,8.877302719,1.622798164
GAGTTACCAGACGCTC-1_2_1_1_1_1,DC,T-Helper,T,0.976285172,0.660622854
GATAGAAGTGCTATTG-1_2_1_1_1_1,DC,T-Helper,T,2.290811611,1.694060404
GATCAGTAGAATTGTG-1_2_1_1_1_1,DC,T-Helper,T,0.951818539,1.404863675
GATCAGTGTTTACCTT-1_2_1_1_1_1,DC,NaiveT,T,1.467485024,6.496857245
GATCATGAGCTGTGCC-1_2_1_1_1_1,DC,ILC,ILC,9.165510727,2.46318229
GATGAGGCACATACGT-1_2_1_1_1_1,DC,T-DN,T,0.281748196,2.006981213
GATGATCTCAGGAGAC-1_2_1_1_1_1,DC,Cytotoxic,T,-2.830743717,1.404067118
GATGCTAAGCAACTCT-1_2_1_1_1_1,DC,ILC,ILC,8.371103836,2.387106497
GATGCTACATTGAGCT-1_2_1_1_1_1,DC,Treg,T,3.444126202,0.800104756
GATGCTAGTACCTAAC-1_2_1_1_1_1,DC,T-Helper,T,2.219292475,0.856237192
GATGCTAGTGGGCTCT-1_2_1_1_1_1,DC,T-Helper,T,1.890634132,2.001403172
GATGCTATCGACCATA-1_2_1_1_1_1,DC,NKT,T,-4.858255791,-3.182420652
GATGTTGAGGGATGTC-1_2_1_1_1_1,DC,NK,NK,-7.737246918,-8.10688297
GATGTTGAGTTCATGC-1_2_1_1_1_1,DC,T-Helper,T,0.935554636,1.350928981
GATTCTTAGTTCGGTT-1_2_1_1_1_1,DC,T-Helper,T,1.714695765,2.891669352
GATTGGTGTGGGTATG-1_2_1_1_1_1,DC,Cytotoxic,T,-3.151620316,2.570961792
GCAACATAGAATAGTC-1_2_1_1_1_1,DC,ILC,ILC,8.483513428,2.399518092
GCACGGTTCCTACTGC-1_2_1_1_1_1,DC,NK,NK,-4.856852936,-4.430005949
GCACTAACAGGAATCG-1_2_1_1_1_1,DC,Cytotoxic,T,-9.212378906,-6.988121908
GCACTAAGTATGCTAC-1_2_1_1_1_1,DC,T-Helper,T,1.122054232,2.268572171
GCACTAATCAGAGCAG-1_2_1_1_1_1,DC,Cytotoxic,T,-2.49941461,0.569753487
GCAGCCAAGTTACGGG-1_2_1_1_1_1,DC,Cytotoxic,T,-1.202589797,-0.028415765
GCAGCCATCTTGCAGA-1_2_1_1_1_1,DC,Cytotoxic,T,-2.353769945,1.602163632
GCAGCTGAGACATATG-1_2_1_1_1_1,DC,NK,NK,-7.817464756,-7.653218191
GCAGCTGCATAATGCC-1_2_1_1_1_1,DC,Treg,T,1.242070032,3.063476641
GCAGGCTTCAAACCTG-1_2_1_1_1_1,DC,T-DN,T,0.040772101,2.579222758
GCATGATGTCCCTAAA-1_2_1_1_1_1,DC,T-DN,T,-1.463819193,2.02676471
GCCAGCAAGCCGGAAT-1_2_1_1_1_1,DC,T-DN,T,-3.865801739,-3.176374595
GCCAGTGCATATCTGG-1_2_1_1_1_1,DC,T-Helper,T,1.024348451,0.137167205
GCCATGGCAAGGAGTC-1_2_1_1_1_1,DC,NKT,T,-5.035386013,-2.375538271
GCCCAGACACCACTGG-1_2_1_1_1_1,DC,NaiveT,T,0.335339559,8.519242365
GCCCGAAGTTCATCGA-1_2_1_1_1_1,DC,NK,NK,-1.881837296,-5.212984007
GCCGATGAGTCCTGCG-1_2_1_1_1_1,DC,NaiveT,T,-0.680188762,6.975255568
GCCGATGCAAGAATAC-1_2_1_1_1_1,DC,T-Helper,T,1.622061087,2.317113478
GCCGATGTCAGACCGC-1_2_1_1_1_1,DC,Cytotoxic,T,-1.407425212,1.022910077
GCCTGTTAGAGCACTG-1_2_1_1_1_1,DC,Cytotoxic,T,-1.846372055,1.915946085
GCCTGTTTCACGGTCG-1_2_1_1_1_1,DC,NK,NK,-4.664288448,-5.103986662
GCGATCGTCCGCTTAC-1_2_1_1_1_1,DC,NKT,T,-4.440002846,-3.575116317
GCGGATCGTTTAGTCG-1_2_1_1_1_1,DC,T-Helper,T,0.459491117,0.6636252
GCGGATCTCTTTGCGC-1_2_1_1_1_1,DC,gdT,T,9.690511299,-4.336603086
GCGTGCACAGTCTCTC-1_2_1_1_1_1,DC,Cytotoxic,T,-1.971750187,0.678377886
GCTCAAACACCAGCCA-1_2_1_1_1_1,DC,NK,NK,-5.310592579,-5.15415899
GCTCAAAGTGCCAAGA-1_2_1_1_1_1,DC,Cytotoxic,T,-3.782587694,-1.067096691
GCTCAAATCGATCCCT-1_2_1_1_1_1,DC,NK,NK,-8.736007141,-7.425633352
GCTGAATAGACAAGCC-1_2_1_1_1_1,DC,Treg,T,3.347050739,0.326372583
GCTGAATGTATGGTAA-1_2_1_1_1_1,DC,NK,NK,-8.420548843,-8.603769224
GCTGCAGAGACTGTTC-1_2_1_1_1_1,DC,Cytotoxic,T,-1.650715636,0.217591603
GCTGCAGAGATAGGGA-1_2_1_1_1_1,DC,Cytotoxic,T,-2.561747955,1.1237274
GCTGCAGGTGGTTTAC-1_2_1_1_1_1,DC,ILC,ILC,8.187720848,1.859480102
GCTGCAGTCCCTCAAC-1_2_1_1_1_1,DC,NK,NK,-5.716340946,-4.23201124
GCTGGGTAGACGAAGA-1_2_1_1_1_1,DC,NK,NK,-5.789739059,-5.507414262
GCTGGGTGTAGAGATT-1_2_1_1_1_1,DC,NK,NK,-8.059324669,-8.253436964
GCTTCACAGCGTGAAC-1_2_1_1_1_1,DC,NaiveT,T,1.766838265,7.367732127
GCTTCACGTCCATCTC-1_2_1_1_1_1,DC,TCM,T,-1.737085628,4.129103739
GCTTCACGTGAGCCAA-1_2_1_1_1_1,DC,Treg,T,1.727543665,0.649865885
GCTTGGGTCACACCCT-1_2_1_1_1_1,DC,Cytotoxic,T,-1.111169623,1.634510715
GGAACCCAGACACACG-1_2_1_1_1_1,DC,NK,NK,-5.781791138,-4.352189462
GGAAGTGAGAGATTCA-1_2_1_1_1_1,DC,NaiveT,T,1.719689084,6.532101233
GGAAGTGAGGTGCTTT-1_2_1_1_1_1,DC,NaiveT,T,-1.25864272,6.773417551
GGAAGTGCAAGTACCT-1_2_1_1_1_1,DC,NaiveT,T,-0.583496379,8.412503321
GGAATGGTCATGGATC-1_2_1_1_1_1,DC,NK,NK,-5.44498484,-4.254127424
GGAGGATAGTGTGTTC-1_2_1_1_1_1,DC,T-Helper,T,2.155238462,2.000972826
GGAGGTACAATCCTTT-1_2_1_1_1_1,DC,NK,NK,-5.529508995,-6.059874456
GGATCTACATTAAGCC-1_2_1_1_1_1,DC,T-DN,T,-0.030224594,2.673780997
GGCACGTAGACGGAAA-1_2_1_1_1_1,DC,NaiveT,T,-0.331733184,7.95307358
GGCTGTGTCTCGACCT-1_2_1_1_1_1,DC,ILC,ILC,8.347129417,1.20398124
GGCTTGGAGAGACAAG-1_2_1_1_1_1,DC,Cytotoxic,T,-0.032667088,3.525447209
GGCTTGGCAAACCATC-1_2_1_1_1_1,DC,NaiveT,T,0.07463034,9.002065737
GGGAAGTAGTACCATC-1_2_1_1_1_1,DC,NaiveT,T,-0.505976843,8.545997698
GGGAGATCATAATCGC-1_2_1_1_1_1,DC,TCM,T,-1.473652767,3.330209811
GGGAGATCATACTGTG-1_2_1_1_1_1,DC,Cytotoxic,T,-1.937046455,0.247240473
GGGAGATGTTCTCGCT-1_2_1_1_1_1,DC,NK,NK,-8.670227455,-7.585437219
GGGCCATAGACACACG-1_2_1_1_1_1,DC,T-Helper,T,1.488175465,1.417248208
GGGCGTTAGCCGTTGC-1_2_1_1_1_1,DC,T-Helper,T,0.566914154,0.778701742
GGGCGTTAGTGCGTCC-1_2_1_1_1_1,DC,NK,NK,-7.209440636,-6.266410749
GGGCTCAGTGACGCCT-1_2_1_1_1_1,DC,NK,NK,-7.500843929,-5.036288183
GGGTAGAGTACATTGC-1_2_1_1_1_1,DC,Cytotoxic,T,-3.813143658,2.918657858
GGGTAGATCGCGTTTC-1_2_1_1_1_1,DC,Cytotoxic,T,-3.308486866,0.812174578
GGGTATTGTTCTTGCC-1_2_1_1_1_1,DC,Cytotoxic,T,-3.629662441,2.957706053
GGGTATTTCTGTAAGC-1_2_1_1_1_1,DC,Cytotoxic,T,-1.171146916,-0.022750537
GGGTCTGGTTCCGCGA-1_2_1_1_1_1,DC,NKT,T,-5.238037037,-2.516539018
GGGTGAACATGGGATG-1_2_1_1_1_1,DC,NK,NK,-7.854815887,-6.585591714
GGGTGTCCACTCCGAG-1_2_1_1_1_1,DC,NKT,T,-5.516431736,-3.186559599
GGGTGTCTCAAGTCGT-1_2_1_1_1_1,DC,gdT,T,9.616904808,-4.627173822
GGGTTATAGAGCAGCT-1_2_1_1_1_1,DC,T-Helper,T,0.753528012,0.403870125
GGGTTATCAGTATTCG-1_2_1_1_1_1,DC,NKT,T,-4.022284435,-4.049516599
GGGTTATTCGGTGAAG-1_2_1_1_1_1,DC,ILC,ILC,8.702627731,2.008866389
GGGTTTAAGTATCCTG-1_2_1_1_1_1,DC,NK,NK,-7.016318726,-5.105864923
GGTAACTCAGAGACTG-1_2_1_1_1_1,DC,NK,NK,-7.20086615,-5.145252149
GGTAACTGTAGATCGG-1_2_1_1_1_1,DC,NK,NK,-7.041013168,-6.308307569
GGTAATCAGCCTATTG-1_2_1_1_1_1,DC,Cytotoxic,T,-3.036284851,1.648485262
GGTAATCGTCTATGAC-1_2_1_1_1_1,DC,Treg,T,3.767671896,1.805641968
GGTGGCTGTTATGACC-1_2_1_1_1_1,DC,NaiveT,T,0.617723597,6.943474848
GGTGGCTGTTGCGTAT-1_2_1_1_1_1,DC,Cytotoxic,T,-1.006017493,-0.29666942
GGTGTCGAGTAACGAT-1_2_1_1_1_1,DC,T-Helper,T,0.192662021,0.006167632
GGTTAACAGATCGCTT-1_2_1_1_1_1,DC,T-Helper,T,0.08021724,0.761593242
GGTTGTAGTCTTCCGT-1_2_1_1_1_1,DC,NaiveT,T,-1.0753551,7.360303481
GTAACACTCGGTTGTA-1_2_1_1_1_1,DC,T-Helper,T,0.387641026,0.756182511
GTAACCACAATTGCGT-1_2_1_1_1_1,DC,ILC,ILC,8.772960259,2.611405213
GTAACCATCGTTAGTG-1_2_1_1_1_1,DC,Cytotoxic,T,-3.555024551,2.745395501
GTAATCGGTCTTCAAG-1_2_1_1_1_1,DC,T-Helper,T,2.509559704,3.426068623
GTAATGCTCTCGTGAA-1_2_1_1_1_1,DC,gdT,T,9.209063126,-5.398043077
GTACAACAGGTTGGTG-1_2_1_1_1_1,DC,Cytotoxic,T,0.421353532,-3.968444746
GTACAGTGTCTGTGGC-1_2_1_1_1_1,DC,Cytotoxic,T,0.896834863,-3.755296152
GTACAGTTCGCCTTTG-1_2_1_1_1_1,DC,NKT,T,-5.690654682,-2.438707988
GTAGAAACATGGCGCT-1_2_1_1_1_1,DC,NK,NK,-7.913645195,-6.678046148
GTAGATCTCCACCTGT-1_2_1_1_1_1,DC,T-Helper,T,1.459269477,0.544752974
GTAGCTACATTGCTGA-1_2_1_1_1_1,DC,gdT,T,10.033691,-5.003804128
GTAGGAGAGTGAGTTA-1_2_1_1_1_1,DC,TCM,T,-1.786738681,5.390318472
GTAGGAGCAAATGAAC-1_2_1_1_1_1,DC,Cytotoxic,T,-1.23499422,-0.178928095
GTAGGTTGTTATCTTC-1_2_1_1_1_1,DC,Cytotoxic,T,-2.692828106,1.320951302
GTAGTACAGGATAATC-1_2_1_1_1_1,DC,Cytotoxic,T,-0.913330602,1.18133362
GTATTGGTCAGACTGT-1_2_1_1_1_1,DC,NaiveT,T,-0.010502832,8.445450861
GTATTTCTCTCAACGA-1_2_1_1_1_1,DC,T-Helper,T,0.065221859,1.638691623
GTCACGGCAGGTCTCG-1_2_1_1_1_1,DC,T-DN,T,0.036542429,2.720368464
GTCACGGGTGCTCCGA-1_2_1_1_1_1,DC,NK,NK,-8.724029945,-7.949047964
GTCACTCTCCGTGGCA-1_2_1_1_1_1,DC,NKT,T,-3.257471966,-2.792731683
GTCAGCGGTAGACAGC-1_2_1_1_1_1,DC,gdT,T,8.319301201,-4.706421297
GTCCCATAGTAGTCTC-1_2_1_1_1_1,DC,NKT,T,-4.074226307,-1.534184616
GTCCTCAAGTGGAAAG-1_2_1_1_1_1,DC,NaiveT,T,-0.457980679,7.49232157
GTCGAATGTCTAGTGT-1_2_1_1_1_1,DC,NaiveT,T,0.286837255,7.986095507
GTCGTAAAGAATCTAG-1_2_1_1_1_1,DC,ILC,ILC,8.255328728,1.388764222
GTCGTAAAGGTAGATT-1_2_1_1_1_1,DC,NKT,T,-6.037751125,-2.306856077
GTCGTAACAAGGTTGG-1_2_1_1_1_1,DC,T-Helper,T,1.049857212,-3.561179559
GTCGTAACAGAGTTCT-1_2_1_1_1_1,DC,NaiveT,T,2.507444216,8.238545496
GTCGTTCGTCCCTCAT-1_2_1_1_1_1,DC,TCM,T,-2.029908823,4.932649691
GTCGTTCGTTGTGGAG-1_2_1_1_1_1,DC,NKT,T,-3.610934423,-3.312193792
GTCTACCTCCACAGGC-1_2_1_1_1_1,DC,gdT,T,9.807580544,-5.538309019
GTCTAGACACATATCG-1_2_1_1_1_1,DC,Cytotoxic,T,-1.844607996,0.189569194
GTCTCACAGGAGTACC-1_2_1_1_1_1,DC,NaiveT,T,1.25376053,8.597665865
GTCTGTCAGTAGTGCG-1_2_1_1_1_1,DC,Cytotoxic,T,-2.640959429,0.725412686
GTCTTTAAGCTCTGTA-1_2_1_1_1_1,DC,NK,NK,-8.884016441,-6.029631536
GTCTTTAAGGCGATAC-1_2_1_1_1_1,DC,gdT,T,7.860874725,-4.414621751
GTCTTTACACCAGCTG-1_2_1_1_1_1,DC,ILC,ILC,6.514945103,1.937132676
GTCTTTAGTCGTACAT-1_2_1_1_1_1,DC,NK,NK,-4.816620754,-4.579306047
GTGACGCGTCGACTTA-1_2_1_1_1_1,DC,NaiveT,T,-0.155734169,7.654994566
GTGAGCCCACTGCATA-1_2_1_1_1_1,DC,NK,NK,-8.770551132,-7.959113042
GTGAGGATCCGTGTAA-1_2_1_1_1_1,DC,Cytotoxic,T,-2.608324932,0.537628729
GTGATGTTCTGATGGT-1_2_1_1_1_1,DC,T-Helper,T,0.20510366,1.057147343
GTGCACGCAGACCATT-1_2_1_1_1_1,DC,NKT,T,-3.525437998,-2.659172933
GTGCACGTCTGGGATT-1_2_1_1_1_1,DC,NKT,T,-4.597288059,-1.616078537
GTGCAGCGTACCTATG-1_2_1_1_1_1,DC,NK,NK,-5.319673943,-6.494116228
GTGCAGCTCTCCTGAC-1_2_1_1_1_1,DC,Cytotoxic,T,-4.85674374,1.400364239
GTGCTGGAGGTCACTT-1_2_1_1_1_1,DC,ILC,ILC,7.379994942,1.913978655
GTGCTGGTCCGTGGCA-1_2_1_1_1_1,DC,NaiveT,T,-1.976499008,5.617024023
GTGCTGGTCGTGACTA-1_2_1_1_1_1,DC,Treg,T,4.099813534,-0.162731636
GTGCTTCAGAAATTCG-1_2_1_1_1_1,DC,Treg,T,3.367974354,-0.280621793
GTGCTTCAGCGTTGTT-1_2_1_1_1_1,DC,Cytotoxic,T,-0.815887319,-0.018542807
GTGGGAAGTACGATCT-1_2_1_1_1_1,DC,T-Helper,T,1.467334343,0.577841122
GTGGTTACAAATGCTC-1_2_1_1_1_1,DC,Cytotoxic,T,-2.87611668,0.823093016
GTGGTTAGTTCCAAAC-1_2_1_1_1_1,DC,Treg,T,2.433580233,-1.976502817
GTGTAACCATATCTGG-1_2_1_1_1_1,DC,NK,NK,-6.88843243,-7.340369623
GTGTGGCGTGCAAGAC-1_2_1_1_1_1,DC,T-DN,T,0.079586772,1.924155552
GTTACAGGTCGCATGC-1_2_1_1_1_1,DC,T-DN,T,-3.480660843,-3.067618768
GTTACCCGTGTCTTCC-1_2_1_1_1_1,DC,NaiveT,T,1.107578529,6.414843638
GTTAGACGTGCAGGAT-1_2_1_1_1_1,DC,NK,NK,-7.242280411,-7.051300447
GTTATGGCAACCGCTG-1_2_1_1_1_1,DC,gdT,T,9.039196564,-5.298272531
GTTCCGTGTTTCGCTC-1_2_1_1_1_1,DC,ILC,ILC,8.274194313,1.168847759
GTTCGCTAGTTGCTCA-1_2_1_1_1_1,DC,T-DN,T,1.897664381,3.672713835
GTTCGCTTCATAGACC-1_2_1_1_1_1,DC,NK,NK,-8.958925652,-6.848324697
GTTGAACGTGCTCCGA-1_2_1_1_1_1,DC,NK,NK,-9.074200081,-7.842483919
GTTGCGGGTTCTGACA-1_2_1_1_1_1,DC,Cytotoxic,T,-0.796433019,0.12690777
GTTGCTCGTTGGGAAC-1_2_1_1_1_1,DC,gdT,T,7.819496704,-6.668242853
GTTGCTCTCGAGTGGA-1_2_1_1_1_1,DC,NKT,T,-4.515036034,-3.407703798
TAACACGCACGTACTA-1_2_1_1_1_1,DC,NK,NK,-9.050243782,-8.070995729
TAACACGGTTTAGTCG-1_2_1_1_1_1,DC,NaiveT,T,-0.458327936,6.284262736
TAACGACTCGTAACCA-1_2_1_1_1_1,DC,NKT,T,-5.140508102,-2.732015531
TAACTTCTCAGGTGTT-1_2_1_1_1_1,DC,NaiveT,T,2.177092625,6.074050982
TAAGCACTCATTCACT-1_2_1_1_1_1,DC,NK,NK,-6.775066303,-7.609589498
TAAGCCAAGAAACCCG-1_2_1_1_1_1,DC,NKT,T,-5.87410395,-1.913500946
TAAGCCAAGCGATCGA-1_2_1_1_1_1,DC,Treg,T,3.343305422,1.555061538
TAATCTCAGGAAAGTG-1_2_1_1_1_1,DC,ILC,ILC,8.750646187,-3.512926262
TAATCTCAGGTAGTAT-1_2_1_1_1_1,DC,T-DN,T,-0.036483439,3.052710373
TACACCCAGCGAGGAG-1_2_1_1_1_1,DC,NK,NK,-5.360862659,-4.824236791
TACACCCTCTCGGTCT-1_2_1_1_1_1,DC,Cytotoxic,T,-4.936867641,0.492920298
TACAGGTCAGAAACCG-1_2_1_1_1_1,DC,Cytotoxic,T,-3.389766144,0.885260065
TACCCACCACCGTACG-1_2_1_1_1_1,DC,Cytotoxic,T,-1.59851055,0.26537611
TACCCGTCAACACAAA-1_2_1_1_1_1,DC,T-Helper,T,1.068793727,0.13341472
TACCGGGGTACGTGTT-1_2_1_1_1_1,DC,T-Helper,T,0.678326441,1.835675914
TACCGGGGTCTACGTA-1_2_1_1_1_1,DC,NKT,T,-5.936205315,-2.241457861
TACCGGGGTTCCGCTT-1_2_1_1_1_1,DC,NKT,T,-5.2499799,-2.313076656
TACCGGGGTTTGGGAG-1_2_1_1_1_1,DC,ILC,ILC,7.814121796,2.242803652
TACCGGGTCGCTAGCG-1_2_1_1_1_1,DC,NK,NK,-7.800228523,-5.244214933
TACCTCGGTGGCAACA-1_2_1_1_1_1,DC,Treg,T,3.09499724,1.456458051
TACCTGCTCGACACCG-1_2_1_1_1_1,DC,NK,NK,-7.78662722,-8.164525907
TACGCTCGTCACTTAG-1_2_1_1_1_1,DC,T-Helper,T,0.888711167,-3.685964029
TACGTCCGTTGGATCT-1_2_1_1_1_1,DC,NaiveT,T,0.484626425,9.233779032
TACTTCATCTGAGAGG-1_2_1_1_1_1,DC,T-Helper,T,-0.537638651,-1.210185211
TACTTGTAGTTACGTC-1_2_1_1_1_1,DC,Cytotoxic,T,-2.723881887,1.296930988
TAGACTGTCAAGGCTT-1_2_1_1_1_1,DC,T-Helper,T,1.695444656,0.809197445
TAGATCGCATCAGTCA-1_2_1_1_1_1,DC,ILC,ILC,7.932093216,0.848518033
TAGGAGGGTCTCTCCA-1_2_1_1_1_1,DC,NaiveT,T,-0.751056062,6.436673243
TAGGAGGTCTTGAACG-1_2_1_1_1_1,DC,NaiveT,T,-0.475371288,8.279494364
TAGGGTTAGAGGGCGA-1_2_1_1_1_1,DC,NaiveT,T,-0.225746142,6.396061976
TAGTGCAAGTCACAGG-1_2_1_1_1_1,DC,Cytotoxic,T,-1.646550821,0.090557326
TATACCTTCGGCTGTG-1_2_1_1_1_1,DC,NaiveT,T,2.775363756,7.478333075
TATCAGGAGAACGCGT-1_2_1_1_1_1,DC,NK,NK,-7.954233574,-6.152225893
TATCAGGTCGACGCGT-1_2_1_1_1_1,DC,NaiveT,T,-1.233950781,6.862388689
TATCTGTAGCTAGATA-1_2_1_1_1_1,DC,gdT,T,8.89392717,-4.361327093
TATGTTCAGGTATAGT-1_2_1_1_1_1,DC,TCM,T,0.564019425,5.763115961
TATTGCTGTTAGAAGT-1_2_1_1_1_1,DC,TCM,T,-0.94159274,4.677887041
TATTGCTTCCGACGGT-1_2_1_1_1_1,DC,T-DN,T,0.114850776,2.31727608
TATTGGGCAGAGTTGG-1_2_1_1_1_1,DC,gdT,T,8.982175423,-5.584087293
TATTGGGTCTGCACCT-1_2_1_1_1_1,DC,NK,NK,-8.682407783,-7.900283735
TATTTCGCACATACGT-1_2_1_1_1_1,DC,T-DN,T,0.681370927,2.705127556
TCAAGACAGTATAGAC-1_2_1_1_1_1,DC,Treg,T,2.641982389,-1.594299357
TCACAAGTCGGAGCAA-1_2_1_1_1_1,DC,T-DN,T,-0.711836266,2.49344166
TCACACCAGAAGCGGG-1_2_1_1_1_1,DC,T-DN,T,0.779022528,3.607933838
TCACATTCAGTAGAAT-1_2_1_1_1_1,DC,T-Helper,T,1.888096524,2.323952515
TCACATTTCCACATAG-1_2_1_1_1_1,DC,ILC,ILC,8.417324615,0.952212651
TCACGCTCACACCTAA-1_2_1_1_1_1,DC,Cytotoxic,T,-3.354988502,2.268235524
TCACGGGTCAGCTTGA-1_2_1_1_1_1,DC,NaiveT,T,2.370685411,6.477538187
TCACTATTCAGGAAGC-1_2_1_1_1_1,DC,NKT,T,-4.519990372,-2.482031982
TCAGCCTGTAACTTCG-1_2_1_1_1_1,DC,gdT,T,9.17190416,-4.222433488
TCAGGGCGTATATGGA-1_2_1_1_1_1,DC,ILC,ILC,7.578477932,1.166817386
TCAGTCCAGAGAACCC-1_2_1_1_1_1,DC,Cytotoxic,T,-2.058678555,1.592222769
TCAGTTTAGTAGGTTA-1_2_1_1_1_1,DC,gdT,T,2.666038586,0.413626273
TCATATCGTCGTCGGT-1_2_1_1_1_1,DC,T-Helper,T,0.860539628,-3.57368676
TCATCCGGTACTGAGG-1_2_1_1_1_1,DC,gdT,T,8.306373192,-6.825077932
TCATGAGTCGTGCACG-1_2_1_1_1_1,DC,T-Helper,T,1.346482588,2.465149481
TCATGGAAGCGGACAT-1_2_1_1_1_1,DC,NK,NK,-8.000298904,-8.29706661
TCATGGAGTTGCCATA-1_2_1_1_1_1,DC,gdT,T,7.526660992,-6.266218107
TCATGTTAGCGACTGA-1_2_1_1_1_1,DC,NK,NK,-8.764158653,-6.587685983
TCATTCATCAAGGAGC-1_2_1_1_1_1,DC,ILC,ILC,9.485246254,2.634376604
TCATTGTGTCAGGAGT-1_2_1_1_1_1,DC,NKT,T,-5.217443394,-2.122623842
TCCACCAAGATTGCGG-1_2_1_1_1_1,DC,NaiveT,T,-1.98282473,6.276004393
TCCACCAAGTAGCTCT-1_2_1_1_1_1,DC,T-Helper,T,0.140593398,0.727689404
TCCACCAAGTATAGAC-1_2_1_1_1_1,DC,T-Helper,T,1.104357792,2.228958447
TCCACCACATAGATCC-1_2_1_1_1_1,DC,T-DN,T,0.690060628,2.811640103
TCCAGAACACAAATAG-1_2_1_1_1_1,DC,gdT,T,2.131555868,-0.0453021
TCCAGAAGTACAGTCT-1_2_1_1_1_1,DC,Cytotoxic,T,-2.983179258,0.799732525
TCCAGAAGTGAGGCAT-1_2_1_1_1_1,DC,NaiveT,T,-0.057412254,7.374278624
TCCAGAATCGCACTCT-1_2_1_1_1_1,DC,NK,NK,-5.416763233,-4.795725744
TCCCACACAACACAGG-1_2_1_1_1_1,DC,Cytotoxic,T,-4.68815081,1.936136086
TCCCATGTCCATTGTT-1_2_1_1_1_1,DC,Cytotoxic,T,-3.737828659,1.656271536
TCCGATCTCCGAGCTG-1_2_1_1_1_1,DC,T-Helper,T,1.586402131,1.72970422
TCCGGGACAGGCGATA-1_2_1_1_1_1,DC,ILC,ILC,6.860764099,1.490856845
TCCGGGACATTGCTGA-1_2_1_1_1_1,DC,NK,NK,-6.243842529,-4.760842245
TCCGGGATCGACGACC-1_2_1_1_1_1,DC,NK,NK,-1.189174818,-4.185710828
TCCTAATCAAGTGGCA-1_2_1_1_1_1,DC,T-Helper,T,-0.553165363,0.859417994
TCCTCCCAGAGTGAAG-1_2_1_1_1_1,DC,NaiveT,T,1.325251533,9.13035496
TCCTCCCAGTAACCTC-1_2_1_1_1_1,DC,T-DN,T,-4.277761387,-1.776442449
TCCTCCCTCTTCGTGC-1_2_1_1_1_1,DC,NaiveT,T,1.480479074,6.855125983
TCCTCGAAGCGCCTTG-1_2_1_1_1_1,DC,Cytotoxic,T,-1.398304867,0.665230114
TCCTCGACACGTACAT-1_2_1_1_1_1,DC,NK,NK,-7.000404285,-5.516572874
TCCTGCACACGCACCA-1_2_1_1_1_1,DC,NaiveT,T,0.700669719,6.298702319
TCCTGCAGTCAAGTTC-1_2_1_1_1_1,DC,NK,NK,-0.429855215,-4.585153501
TCCTTCTCAAAGAGTT-1_2_1_1_1_1,DC,Cytotoxic,T,-2.51968615,1.815442283
TCCTTTCGTCCTCATC-1_2_1_1_1_1,DC,NaiveT,T,0.171804811,6.548029501
TCCTTTCGTGAGTCAG-1_2_1_1_1_1,DC,NaiveT,T,2.044743372,6.217529375
TCCTTTCTCCGGACGT-1_2_1_1_1_1,DC,NaiveT,T,0.261917999,6.98653229
TCGAAGTAGCTAGCCC-1_2_1_1_1_1,DC,NK,NK,-7.456778931,-6.278638284
TCGACCTGTTGTGGCC-1_2_1_1_1_1,DC,NK,NK,-6.000573086,-6.101944845
TCGATTTTCGTAGCTA-1_2_1_1_1_1,DC,NaiveT,T,-0.189693736,8.293113787
TCGCACTGTCGAATTC-1_2_1_1_1_1,DC,NaiveT,T,2.618296934,7.149861891
TCGCAGGGTGCCTGCA-1_2_1_1_1_1,DC,NKT,T,-5.757912086,-1.528089206
TCGCTCAAGGAGGTTC-1_2_1_1_1_1,DC,NKT,T,-6.331734585,-2.435812156
TCGCTTGCATTCGATG-1_2_1_1_1_1,DC,NK,NK,-5.238840507,-6.712446134
TCGCTTGGTTGGCTAT-1_2_1_1_1_1,DC,NKT,T,-4.756249355,-3.450393598
TCGGATACAGGCCCTA-1_2_1_1_1_1,DC,TCM,T,-1.588392781,3.500227768
TCGGGCAAGTACCCTA-1_2_1_1_1_1,DC,T-Helper,T,1.304248763,1.022529442
TCGGGCAGTTCGATTG-1_2_1_1_1_1,DC,T-Helper,T,1.399300886,0.61635371
TCGGTCTTCACATACG-1_2_1_1_1_1,DC,NK,NK,-5.329161571,-4.580953996
TCGTCCACACGACCTG-1_2_1_1_1_1,DC,NK,NK,-5.694247173,-5.571695726
TCGTCCACAGATAAAC-1_2_1_1_1_1,DC,Cytotoxic,T,-2.734141993,0.530932088
TCGTCCATCAGGAGAC-1_2_1_1_1_1,DC,NaiveT,T,-1.796727466,6.6577545
TCGTCCATCGATTTCT-1_2_1_1_1_1,DC,Cytotoxic,T,-5.491713451,0.097613547
TCGTGCTGTATTCCGA-1_2_1_1_1_1,DC,NK,NK,-7.663316654,-4.677619856
TCTACATGTATGGAAT-1_2_1_1_1_1,DC,NaiveT,T,0.222769229,8.901554186
TCTACCGAGTAAGCAT-1_2_1_1_1_1,DC,NaiveT,T,2.06241758,5.930087645
TCTATACGTACAAACA-1_2_1_1_1_1,DC,NK,NK,-6.733769821,-6.476914804
TCTATACGTTCCTTGC-1_2_1_1_1_1,DC,NK,NK,-9.018830704,-6.537204187
TCTATACTCTAGAGCT-1_2_1_1_1_1,DC,ILC,ILC,7.231928898,1.365818818
TCTATCAGTACATACC-1_2_1_1_1_1,DC,T-DN,T,0.601307971,2.924330552
TCTATCAGTATGAGAT-1_2_1_1_1_1,DC,T-Helper,T,1.287680937,2.764177163
TCTCAGCGTTCTCACC-1_2_1_1_1_1,DC,NK,NK,-1.215359377,-4.989204805
TCTCCGATCGAGTTGT-1_2_1_1_1_1,DC,NaiveT,T,-0.230410891,7.362749655
TCTCTGGCATGCGGTC-1_2_1_1_1_1,DC,Cytotoxic,T,-2.387556242,0.009463925
TCTCTGGTCTACGCAA-1_2_1_1_1_1,DC,NaiveT,T,1.971063329,8.491566737
TCTGCCAAGAGTAACT-1_2_1_1_1_1,DC,NKT,T,-4.41992371,-1.782168191
TCTGCCAGTATTAAGG-1_2_1_1_1_1,DC,T-DN,T,-0.259409206,2.625539143
TCTGGCTTCGACCACG-1_2_1_1_1_1,DC,Cytotoxic,T,-4.420312809,2.387190659
TCTGGCTTCGTTGTGA-1_2_1_1_1_1,DC,Treg,T,3.651770426,1.078580458
TCTGTCGGTGCAATGG-1_2_1_1_1_1,DC,ILC,ILC,8.860173775,1.288835366
TCTTAGTAGTCGAGGT-1_2_1_1_1_1,DC,NaiveT,T,-1.892915892,6.272950251
TCTTGCGAGTGCTCGC-1_2_1_1_1_1,DC,NKT,T,-5.303088593,-1.26338784
TGACCCTAGAAATCCA-1_2_1_1_1_1,DC,T-Helper,T,2.061362339,1.992831547
TGACCCTCAGTAGTGG-1_2_1_1_1_1,DC,NaiveT,T,2.076622201,8.185701449
TGAGCGCAGAGTGTTA-1_2_1_1_1_1,DC,T-Helper,T,0.312004937,0.983610351
TGAGGAGCAACGTAAA-1_2_1_1_1_1,DC,Cytotoxic,T,-2.570948051,0.770949085
TGAGGGAAGCAACCAG-1_2_1_1_1_1,DC,NK,NK,-6.031444477,-4.715217512
TGAGGGAAGCTCCGAC-1_2_1_1_1_1,DC,Cytotoxic,T,-3.978703426,1.984148581
TGAGGGAGTTAGCGGA-1_2_1_1_1_1,DC,Cytotoxic,T,-0.536128091,0.544839163
TGAGTCAAGACAGCGT-1_2_1_1_1_1,DC,NK,NK,-7.240020203,-6.23705713
TGAGTCACAAGTTCGT-1_2_1_1_1_1,DC,NaiveT,T,2.383556677,8.051077921
TGATCTTCACATGTTG-1_2_1_1_1_1,DC,T-DN,T,0.009735538,1.634012778
TGATGGTAGCCGAATG-1_2_1_1_1_1,DC,NKT,T,-4.619167732,-0.79016922
TGATTTCTCCATACTT-1_2_1_1_1_1,DC,Cytotoxic,T,-3.500230717,2.386789162
TGCACGGCAGCATACT-1_2_1_1_1_1,DC,NK,NK,-8.061703133,-7.947944563
TGCAGTACAGCAGATG-1_2_1_1_1_1,DC,NK,NK,-8.867612289,-6.47443239
TGCCGAGAGGAGGGTG-1_2_1_1_1_1,DC,gdT,T,9.811832977,-6.364127081
TGCCGAGAGTCATTGC-1_2_1_1_1_1,DC,Cytotoxic,T,-3.531260418,1.366588313
TGCCGAGGTCTGTAGT-1_2_1_1_1_1,DC,Treg,T,3.391318155,1.923157055
TGCGACGAGAGCCGAT-1_2_1_1_1_1,DC,ILC,ILC,8.407552315,2.169433195
TGCGACGAGCCGAACA-1_2_1_1_1_1,DC,ILC,ILC,7.042858673,1.9492925
TGCGATAGTCTCAGGC-1_2_1_1_1_1,DC,gdT,T,8.214841438,-3.906224411
TGCGATATCGCTAATG-1_2_1_1_1_1,DC,ILC,ILC,8.480584694,1.433239896
TGCGGCACAAGCACAG-1_2_1_1_1_1,DC,NK,NK,-8.712317871,-8.231991689
TGCGGGTCACGTCGGT-1_2_1_1_1_1,DC,NaiveT,T,2.608488394,6.95530184
TGCGGGTTCGGTCAGC-1_2_1_1_1_1,DC,NaiveT,T,-1.123310136,7.527695258
TGCGGGTTCTTCCCGA-1_2_1_1_1_1,DC,gdT,T,7.582047535,-4.545950334
TGCTCCAAGTACCATC-1_2_1_1_1_1,DC,Cytotoxic,T,-0.168971436,-0.456354122
TGCTCCACACAATGCT-1_2_1_1_1_1,DC,T-DN,T,-4.410286354,-3.37075321
TGCTGAACAGTATTCG-1_2_1_1_1_1,DC,Cytotoxic,T,-4.179161953,-0.236908819
TGCTGAAGTCTTCATT-1_2_1_1_1_1,DC,NaiveT,T,1.41238041,6.523890097
TGCTTGCCAGTGGTGA-1_2_1_1_1_1,DC,NaiveT,T,0.727880312,7.355037768
TGGAGGAAGATACCAA-1_2_1_1_1_1,DC,NaiveT,T,1.469466878,8.928368647
TGGAGGAAGCAATTCC-1_2_1_1_1_1,DC,ILC,ILC,8.100740505,1.168997128
TGGGAAGCATATCGGT-1_2_1_1_1_1,DC,NaiveT,T,0.870149923,9.196391184
TGGGAAGTCTAGATCG-1_2_1_1_1_1,DC,T-Helper,T,-0.262415307,0.957655628
TGGGAGAAGCACTCGC-1_2_1_1_1_1,DC,NaiveT,T,-0.402096676,8.250884135
TGGGAGACAAACACGG-1_2_1_1_1_1,DC,ILC,ILC,8.520870758,2.238853056
TGGGATTAGTGACCTT-1_2_1_1_1_1,DC,Cytotoxic,T,-3.003253149,3.960931857
TGGGATTCAGCAATTC-1_2_1_1_1_1,DC,NK,NK,-7.464597153,-6.350694578
TGGGCGTAGTCGAGGT-1_2_1_1_1_1,DC,NKT,T,-3.931899475,-1.946286242
TGGGCTGAGGTTTACC-1_2_1_1_1_1,DC,Cytotoxic,T,-3.547403978,0.174923916
TGGGTTAAGGTTGTTC-1_2_1_1_1_1,DC,Cytotoxic,T,-1.417087244,0.416307349
TGGTAGTAGTGTCATC-1_2_1_1_1_1,DC,Cytotoxic,T,-3.411341833,2.541826088
TGGTAGTGTCGCATTA-1_2_1_1_1_1,DC,NK,NK,-8.782744812,-7.70895664
TGTAACGCAATCCTAG-1_2_1_1_1_1,DC,NaiveT,T,-0.310202288,7.433532317
TGTAACGCATGAGATA-1_2_1_1_1_1,DC,NKT,T,-4.603321003,-1.107634466
TGTACAGCAGGCCTGT-1_2_1_1_1_1,DC,Cytotoxic,T,0.005507154,-4.237119119
TGTACAGGTTCCGGTG-1_2_1_1_1_1,DC,gdT,T,10.12265642,-5.107116144
TGTAGACGTACACGTT-1_2_1_1_1_1,DC,NK,NK,-7.355297493,-5.037060659
TGTCAGAAGTGGGAAA-1_2_1_1_1_1,DC,NaiveT,T,-0.23676114,8.77666672
TGTCCCAAGCAGGCAT-1_2_1_1_1_1,DC,TCM,T,-1.446070003,5.176493723
TGTCCCAGTTCGTACA-1_2_1_1_1_1,DC,NaiveT,T,2.822835756,8.083722193
TGTCCTGCAATGTCTG-1_2_1_1_1_1,DC,NaiveT,T,2.247945858,6.223196108
TGTGGCGCAGGTGAGT-1_2_1_1_1_1,DC,ILC,ILC,9.520305229,2.646597702
TGTGTGAAGACGATAT-1_2_1_1_1_1,DC,Cytotoxic,T,-2.824314283,1.593465526
TGTTACTCAGAATGTA-1_2_1_1_1_1,DC,Cytotoxic,T,-3.870639729,2.267321665
TGTTCCGGTGTGTGTT-1_2_1_1_1_1,DC,NK,NK,-6.658030914,-7.442361276
TGTTGGAAGCCAACCC-1_2_1_1_1_1,DC,gdT,T,7.366647793,-6.408176344
TTAATCCTCCTCATAT-1_2_1_1_1_1,DC,NK,NK,-7.289159702,-4.919288557
TTACAGGTCTCCTGTG-1_2_1_1_1_1,DC,NKT,T,-5.230011391,-2.691112201
TTACCATAGGGCATGT-1_2_1_1_1_1,DC,NaiveT,T,2.386530233,5.264703352
TTACCATTCAAAGAAC-1_2_1_1_1_1,DC,T-Helper,T,2.559935404,1.634641011
TTACGTTAGCTCGTGC-1_2_1_1_1_1,DC,NK,NK,-8.939953255,-8.352243345
TTACTGTAGAGATTCA-1_2_1_1_1_1,DC,Cytotoxic,T,-2.352736401,0.492123861
TTACTGTGTTTCGTAG-1_2_1_1_1_1,DC,T-DN,T,0.607093317,3.570882637
TTAGGGTGTTCTCCCA-1_2_1_1_1_1,DC,Cytotoxic,T,-2.860970663,1.768263895
TTAGTCTCAACACTAC-1_2_1_1_1_1,DC,Cytotoxic,T,-1.290908979,0.917457898
TTATTGCAGGGAGAAT-1_2_1_1_1_1,DC,gdT,T,8.492192818,-5.533144872
TTATTGCCAACAAAGT-1_2_1_1_1_1,DC,T-Helper,T,1.224279357,0.327814538
TTCAGGAAGTGTTGTC-1_2_1_1_1_1,DC,NK,NK,-4.479163097,-4.561505716
TTCAGGATCACGGTCG-1_2_1_1_1_1,DC,ILC,ILC,8.228640152,0.92138632
TTCATGTTCCCGAGTG-1_2_1_1_1_1,DC,NK,NK,-7.867540764,-6.05043308
TTCCGGTCAAAGGTTA-1_2_1_1_1_1,DC,NK,NK,-9.030330109,-6.818484705
TTCCGTGGTACAGGTG-1_2_1_1_1_1,DC,T-Helper,T,2.234773232,1.702619989
TTCCTAAAGCAATAGT-1_2_1_1_1_1,DC,NK,NK,-5.431320595,-5.326381605
TTCCTTCCATAACAGA-1_2_1_1_1_1,DC,NK,NK,-6.408351826,-6.182764928
TTCGATTCAAGTACCT-1_2_1_1_1_1,DC,gdT,T,9.362349106,-7.234966676
TTCGATTCATAGGCGA-1_2_1_1_1_1,DC,NKT,T,-4.294866013,-3.401129644
TTCGATTTCCAGCACG-1_2_1_1_1_1,DC,gdT,T,9.577800346,-4.426125448
TTCTCTCTCATCTACT-1_2_1_1_1_1,DC,NK,NK,-8.696669029,-5.971818845
TTCTTGATCAGACATC-1_2_1_1_1_1,DC,NaiveT,T,1.15157832,8.090531428
TTGAACGTCGACGTCG-1_2_1_1_1_1,DC,NKT,T,-3.58108251,-3.519515913
TTGACCCTCAAAGACA-1_2_1_1_1_1,DC,NK,NK,-7.64989035,-5.420318048
TTGATGGCACAACGCC-1_2_1_1_1_1,DC,T-DN,T,-1.429949688,2.014850933
TTGCATTCACTCAAGT-1_2_1_1_1_1,DC,NaiveT,T,1.247819615,7.142245371
TTGCCTGAGGACGCTA-1_2_1_1_1_1,DC,NaiveT,T,1.724454833,7.92272671
TTGCCTGTCCCGATCT-1_2_1_1_1_1,DC,gdT,T,9.013722969,-5.320359628
TTGCCTGTCCGTGTAA-1_2_1_1_1_1,DC,NK,NK,-8.847798752,-8.628840368
TTGCGTCTCGCGTTTC-1_2_1_1_1_1,DC,NK,NK,-5.527379917,-5.640310686
TTGCTGCTCACCGCTT-1_2_1_1_1_1,DC,NaiveT,T,2.709348274,7.37308224
TTGCTGCTCGCTTTAT-1_2_1_1_1_1,DC,TCM,T,0.054657986,5.039294321
TTGGGATAGCTGTGCC-1_2_1_1_1_1,DC,TCM,T,-2.105230259,5.185139258
TTGGGATGTGGACTAG-1_2_1_1_1_1,DC,ILC,ILC,8.502432419,1.434375722
TTGGGCGAGCGTCTCG-1_2_1_1_1_1,DC,T-Helper,T,1.367143227,0.106548701
TTGGGCGCAGCGAACA-1_2_1_1_1_1,DC,ILC,ILC,8.542565895,2.175883372
TTGGGTATCCAAATGC-1_2_1_1_1_1,DC,Cytotoxic,T,-3.799842047,3.118084032
TTGGGTATCGTCCTTG-1_2_1_1_1_1,DC,T-Helper,T,2.285628868,3.267520268
TTGGGTATCGTCGGGT-1_2_1_1_1_1,DC,T-Helper,T,1.732666088,0.866628845
TTGGGTATCTAGAGCT-1_2_1_1_1_1,DC,ILC,ILC,7.359701706,1.335941155
TTGGTTTAGATGTAGT-1_2_1_1_1_1,DC,gdT,T,8.272355629,-6.447531145
TTGGTTTGTGAATGAT-1_2_1_1_1_1,DC,T-Helper,T,2.609617067,2.752962191
TTGGTTTTCACGGGCT-1_2_1_1_1_1,DC,T-Helper,T,-0.284250068,1.753935892
TTGTTCAAGAAGGGAT-1_2_1_1_1_1,DC,NK,NK,-8.29545443,-8.570897977
TTTACCAGTCTCACGG-1_2_1_1_1_1,DC,gdT,T,7.454072548,-4.578873079
TTTACGTAGGTCGTGA-1_2_1_1_1_1,DC,NaiveT,T,0.791667176,8.891237337
TTTACGTGTGATACCT-1_2_1_1_1_1,DC,Cytotoxic,T,0.650046242,-3.271634023
TTTACGTGTTTGTGGT-1_2_1_1_1_1,DC,Cytotoxic,T,-3.69531815,0.927705724
TTTATGCCATGCAGGA-1_2_1_1_1_1,DC,Cytotoxic,T,0.643681599,-4.026411932
TTTATGCTCATACGGT-1_2_1_1_1_1,DC,Cytotoxic,T,-1.667880463,1.422786672
TTTCCTCGTACAGCGA-1_2_1_1_1_1,DC,T-Helper,T,0.967779053,1.085485656
TTTGACTCAACTCCAA-1_2_1_1_1_1,DC,Cytotoxic,T,0.334029285,-3.49003927
TTTGGAGGTCGTCAGC-1_2_1_1_1_1,DC,Cytotoxic,T,-4.375626968,1.007348497
TTTGTTGGTCCCACGA-1_2_1_1_1_1,DC,NaiveT,T,0.058212591,7.994638522
ACCCTTGAGCTGGCCT-1_1_1_1_1,DC,gdT,T,9.001073433,-5.321666639
ACCCTTGGTGGTCTGC-1_1_1_1_1,DC,NaiveT,T,0.22017076,8.205284197
ACCGTTCTCTCTCGAC-1_1_1_1_1,DC,NKT,T,-5.18469994,-3.043899219
ACCTACCAGTCTAACC-1_1_1_1_1,DC,ILC,ILC,8.552548004,1.714007218
ACCTGTCAGTTGGCGA-1_1_1_1_1,DC,Cytotoxic,T,0.883410467,-2.054702442
ACGATCAGTGACTAAA-1_1_1_1_1,DC,T-Helper,T,1.988226844,0.886546094
ACGCACGAGGTCGTCC-1_1_1_1_1,DC,NaiveT,T,-1.824619221,6.611461241
ACGGTTAAGGCATCTT-1_1_1_1_1,DC,Treg,T,3.893303228,0.457133431
ACGGTTAGTACCCAGC-1_1_1_1_1,DC,NaiveT,T,-1.119931387,6.453702052
ACGTAACTCGCCATAA-1_1_1_1_1,DC,NaiveT,T,0.787367059,7.393268187
ACGTAGTCATTGAGCT-1_1_1_1_1,DC,NaiveT,T,-1.394896435,7.582273085
ACGTAGTTCCCATTCG-1_1_1_1_1,DC,NKT,T,-4.723179268,-1.287007969
ACGTTCCCAGCATCTA-1_1_1_1_1,DC,NK,NK,-8.166772293,-5.821444433
ACTACGACAGGGTCTC-1_1_1_1_1,DC,gdT,T,8.294854713,-3.839450281
ACTATGGGTCAACATC-1_1_1_1_1,DC,T-Helper,T,1.026937319,-3.407930772
ACTATTCAGAGAGTTT-1_1_1_1_1,DC,Cytotoxic,T,-3.414565252,0.083224926
ACTGCAACACGGCGTT-1_1_1_1_1,DC,NaiveT,T,-0.430758881,7.670753081
ACTGCAACACTTCAAG-1_1_1_1_1,DC,NaiveT,T,0.584027542,8.112876017
ACTGTCCTCGCTTGCT-1_1_1_1_1,DC,NaiveT,T,2.672277523,6.55162533
ACTGTGACAGAAGCGT-1_1_1_1_1,DC,T-DN,T,-0.131171392,2.716909964
ACTTAGGTCCAGCCTT-1_1_1_1_1,DC,NK,NK,-6.232024597,-6.639879148
ACTTATCAGCGCATCC-1_1_1_1_1,DC,Cytotoxic,T,-2.642271923,-0.138878837
ACTTCCGCAGCAAGAC-1_1_1_1_1,DC,NaiveT,T,2.133223725,6.010739405
ACTTCCGGTCACTACA-1_1_1_1_1,DC,NaiveT,T,0.163355861,6.530359824
AGAAGCGAGGCACAAC-1_1_1_1_1,DC,T-Helper,T,2.389275862,2.608124335
AGACAAACAAATCAAG-1_1_1_1_1,DC,gdT,T,7.380714012,-4.978559415
AGACACTAGTTCATGC-1_1_1_1_1,DC,ILC,ILC,7.982492996,1.344907482
AGACACTCAAGTCCCG-1_1_1_1_1,DC,NaiveT,T,-1.63411157,6.354915697
AGACAGGGTCCTCATC-1_1_1_1_1,DC,Cytotoxic,T,-2.022793697,1.517534215
AGAGCAGAGTAATTGG-1_1_1_1_1,DC,gdT,T,7.881756855,-6.684743326
AGAGCCCAGACGACGT-1_1_1_1_1,DC,NK,NK,-8.456181931,-7.678598325
AGAGCCCAGCTGAGCA-1_1_1_1_1,DC,Cytotoxic,T,-3.237234758,1.689407785
AGATCCAAGTCGGCCT-1_1_1_1_1,DC,gdT,T,7.228916241,-5.288329046
AGATCGTGTCCCTAAA-1_1_1_1_1,DC,ILC,ILC,9.160134865,2.09750994
AGCATCACAGACAAGC-1_1_1_1_1,DC,gdT,T,7.843265606,-4.295860212
AGCATCACAGGTCCGT-1_1_1_1_1,DC,NaiveT,T,1.80772133,6.544984896
AGCCACGGTCAACGCC-1_1_1_1_1,DC,NaiveT,T,2.620079113,6.518838007
AGCCAGCCAAGATGGC-1_1_1_1_1,DC,gdT,T,8.484343124,-6.071851175
AGCGATTTCCTCTAAT-1_1_1_1_1,DC,gdT,T,9.130343033,-4.437328737
AGCGCCAGTAGGGTAC-1_1_1_1_1,DC,NK,NK,-9.008930611,-8.537338178
AGCGCTGAGAGATGCC-1_1_1_1_1,DC,NK,NK,-8.50486319,-8.015605848
AGCGCTGCAGCGTAGA-1_1_1_1_1,DC,NK,NK,-7.742653297,-5.882496278
AGCGCTGTCCTAGCGG-1_1_1_1_1,DC,NaiveT,T,-1.119132565,6.357165415
AGCGTCGGTAACAAGT-1_1_1_1_1,DC,NaiveT,T,1.546635462,7.43889435
AGGAAATAGTAGTCAA-1_1_1_1_1,DC,NaiveT,T,-1.123458313,7.446729262
AGGAAATCATGGAACG-1_1_1_1_1,DC,NK,NK,-6.250008034,-5.109284799
AGGAATAGTCATCCGG-1_1_1_1_1,DC,NaiveT,T,2.650052382,7.945483286
AGGAATATCTAACGCA-1_1_1_1_1,DC,NaiveT,T,1.880103899,4.664821226
AGGACGACAGGCATGA-1_1_1_1_1,DC,NaiveT,T,0.253949655,8.441889841
AGGATAATCCCTCTCC-1_1_1_1_1,DC,Cytotoxic,T,-5.55851643,-1.236240308
AGGCATTCAAGTGTCT-1_1_1_1_1,DC,ILC,ILC,9.344373299,2.852174361
AGGCTGCCATGAGGGT-1_1_1_1_1,DC,NK,NK,-7.477919506,-7.739743154
AGGGAGTCAGAGGCTA-1_1_1_1_1,DC,NKT,T,-5.344955372,-2.749461334
AGGGAGTTCTTTGCGC-1_1_1_1_1,DC,ILC,ILC,6.727669788,1.358433206
AGGGCCTCACAAATGA-1_1_1_1_1,DC,NKT,T,-5.803750442,-1.681182664
AGGGCTCGTTTGGAGG-1_1_1_1_1,DC,NKT,T,-5.959146904,-2.237858455
AGGGTCCAGGTCACTT-1_1_1_1_1,DC,NKT,T,-3.796386169,-2.130841415
AGGTCATAGTGATGGC-1_1_1_1_1,DC,Treg,T,3.139641596,2.430329163
AGTACCAGTTAACAGA-1_1_1_1_1,DC,NaiveT,T,0.683093024,8.711221774
AGTACCATCTCTCGCA-1_1_1_1_1,DC,NK,NK,-6.443801331,-7.162294309
AGTACTGAGTGAGGTC-1_1_1_1_1,DC,NK,NK,-8.212346481,-7.016320627
AGTAGCTTCCAGGACC-1_1_1_1_1,DC,NaiveT,T,0.926332189,7.274231036
AGTAGTCGTCTGCGCA-1_1_1_1_1,DC,NKT,T,-3.698944735,-3.560838621
AGTAGTCGTTACACAC-1_1_1_1_1,DC,NaiveT,T,-1.623889851,7.191416342
AGTCAACGTTGACTGT-1_1_1_1_1,DC,NaiveT,T,1.819840742,6.19191416
AGTCTCCAGGGTCAAC-1_1_1_1_1,DC,ILC,ILC,7.003817154,1.806598623
AGTGACTCAATGTTGC-1_1_1_1_1,DC,NK,NK,-7.829557346,-6.245412271
AGTGACTCAGGCGAAT-1_1_1_1_1,DC,ILC,ILC,6.102881504,1.774585206
AGTGCCGCAACGCATT-1_1_1_1_1,DC,NK,NK,-7.332640099,-6.910663526
AGTGCCGCACAACCGC-1_1_1_1_1,DC,Cytotoxic,T,-2.595600533,4.34205683
AGTGTTGCAACACGAG-1_1_1_1_1,DC,NaiveT,T,0.740958584,9.074617464
AGTTCGAGTGGAAATT-1_1_1_1_1,DC,NKT,T,-4.434756206,-2.795047205
ATACTTCCATCGATCA-1_1_1_1_1,DC,T-Helper,T,1.773997022,-2.689439695
ATACTTCGTAGCGCCT-1_1_1_1_1,DC,NK,NK,-6.160123276,-7.127723138
ATAGACCGTATTGCCA-1_1_1_1_1,DC,NaiveT,T,2.372616602,6.432904799
ATATCCTAGCCTCCAG-1_1_1_1_1,DC,NaiveT,T,-0.035119089,6.270155985
ATATCCTGTACTTCCC-1_1_1_1_1,DC,NaiveT,T,1.239324523,8.576740343
ATCACAGAGAGCATAT-1_1_1_1_1,DC,NKT,T,-5.143188404,-2.173929136
ATCACAGAGGTACCTT-1_1_1_1_1,DC,NK,NK,-6.307187008,-6.77686302
ATCAGGTGTCCGCAGT-1_1_1_1_1,DC,NK,NK,-8.123979019,-8.155542295
ATCAGGTGTGTTAACC-1_1_1_1_1,DC,gdT,T,7.87095554,-4.103254716
ATCCCTGGTTTCCAAG-1_1_1_1_1,DC,NaiveT,T,2.014858795,7.439541418
ATCCCTGTCGGCATAT-1_1_1_1_1,DC,NaiveT,T,2.2027591,8.526208956
ATCGATGCAACCACGC-1_1_1_1_1,DC,ILC,ILC,7.788198544,1.681419809
ATCGCCTAGGCTCAAG-1_1_1_1_1,DC,ILC,ILC,8.448590828,2.011875231
ATCGCCTTCCGACATA-1_1_1_1_1,DC,NK,NK,-8.091953682,-7.133781831
ATCGGATAGACGACGT-1_1_1_1_1,DC,T-DN,T,0.835728718,3.254202683
ATCGTAGGTCCATCTC-1_1_1_1_1,DC,NK,NK,-7.700283932,-5.528590124
ATCGTAGTCTGGGAGA-1_1_1_1_1,DC,NaiveT,T,-1.918309854,5.747830946
ATCGTCCCAGTCAACT-1_1_1_1_1,DC,ILC,ILC,7.599359108,1.495031435
ATCGTGACAAATTAGG-1_1_1_1_1,DC,ILC,ILC,6.83307655,1.318159659
ATCGTGAGTCTACACA-1_1_1_1_1,DC,Cytotoxic,T,-4.922606396,1.312624771
ATCTCTACATGTTCAG-1_1_1_1_1,DC,NaiveT,T,-0.209048616,6.205483992
ATCTTCAGTAAGATTG-1_1_1_1_1,DC,NaiveT,T,-0.37135117,8.858859141
ATGAAAGAGCACGTCC-1_1_1_1_1,DC,gdT,T,2.088099552,-0.0586651
ATGAAAGCATGACAGG-1_1_1_1_1,DC,NK,NK,-8.308350014,-7.140809457
ATGAGGGAGCTAGAGC-1_1_1_1_1,DC,NK,NK,-9.174487518,-7.387897413
ATGAGTCAGCCTATTG-1_1_1_1_1,DC,NKT,T,-4.554745602,-1.751383226
ATGAGTCAGTTGTCGT-1_1_1_1_1,DC,NaiveT,T,0.526364965,7.781629164
ATGCATGGTGCGCTCA-1_1_1_1_1,DC,Cytotoxic,T,-3.817944216,2.819298108
ATGCCTCAGCTGTACT-1_1_1_1_1,DC,NK,NK,-6.166015553,-5.022475164
ATGCCTCGTTGCCATA-1_1_1_1_1,DC,NaiveT,T,1.352384878,7.495842535
ATGCGATAGGAGGCAG-1_1_1_1_1,DC,NaiveT,T,-0.30654143,7.937087138
ATGCGATTCAGTGCGC-1_1_1_1_1,DC,NaiveT,T,-0.629945027,6.137401659
ATGCGATTCCGGTTCT-1_1_1_1_1,DC,NaiveT,T,2.761255337,7.356834013
ATGGGTTCACTCATAG-1_1_1_1_1,DC,NaiveT,T,-0.024609598,7.306604941
ATGGTTGCAATCAAGA-1_1_1_1_1,DC,NK,NK,-7.565583157,-5.650058668
ATGTCCCAGGCGACAT-1_1_1_1_1,DC,NKT,T,-4.26831715,-2.647898834
ATGTCTTCAGTTGCGC-1_1_1_1_1,DC,NKT,T,-4.260553764,-2.2815849
ATTACCTAGATACGAT-1_1_1_1_1,DC,Cytotoxic,T,-2.754378485,0.203202624
ATTATCCAGGTCACAG-1_1_1_1_1,DC,NaiveT,T,1.877009822,6.055221636
ATTCCCGTCTGGAGAG-1_1_1_1_1,DC,TCM,T,1.00139953,5.220853407
ATTCCTAAGGCGAAGG-1_1_1_1_1,DC,NKT,T,-5.694478916,-2.536412876
ATTCCTAAGGGACACT-1_1_1_1_1,DC,NK,NK,-2.518897461,-3.110179823
ATTCCTAGTTGGCCGT-1_1_1_1_1,DC,Cytotoxic,T,-2.823840307,1.161465604
ATTCTACCACATTCTT-1_1_1_1_1,DC,NaiveT,T,2.230106426,7.107397158
ATTCTTGAGCTCGTGC-1_1_1_1_1,DC,NaiveT,T,-0.968189048,6.395237524
ATTCTTGTCCATGATG-1_1_1_1_1,DC,NKT,T,-3.545417475,-3.454556625
ATTGGGTAGTACGTCT-1_1_1_1_1,DC,ILC,ILC,7.02502401,2.114506562
ATTTACCGTAGCACAG-1_1_1_1_1,DC,NaiveT,T,0.55133499,7.831140597
ATTTACCTCCGTAGTA-1_1_1_1_1,DC,NK,NK,-7.105171131,-6.788520258
ATTTCTGGTTTGGAAA-1_1_1_1_1,DC,NaiveT,T,-1.785474347,6.953013022
CAAAGAAAGGAAGTCC-1_1_1_1_1,DC,NK,NK,-8.388133453,-7.916151445
CAACAACGTGTCTTAG-1_1_1_1_1,DC,NaiveT,T,1.174169613,6.931327422
CAACAGTAGCCAAGCA-1_1_1_1_1,DC,TCM,T,1.315808846,5.725513537
CAACAGTAGTTGCGAG-1_1_1_1_1,DC,Treg,T,2.90232308,3.742503483
CAACAGTCAACTGGTT-1_1_1_1_1,DC,NK,NK,-8.765979218,-6.338014047
CAATCGACAGTCAGCC-1_1_1_1_1,DC,NaiveT,T,1.538472606,9.114331324
CAATGACAGTGTACAA-1_1_1_1_1,DC,NaiveT,T,-0.564510035,7.418160994
CACACAAAGTTCTCTT-1_1_1_1_1,DC,Cytotoxic,T,-1.500289368,-0.319388028
CACAGATCAGCATACT-1_1_1_1_1,DC,NK,NK,-5.330515312,-5.569238107
CACAGGCTCTCTGAGA-1_1_1_1_1,DC,NaiveT,T,2.618457151,8.136484225
CACCGTTTCATCACAG-1_1_1_1_1,DC,NK,NK,-7.133515285,-6.872575204
CACCGTTTCGTGCTCT-1_1_1_1_1,DC,NK,NK,-8.8197407,-6.275328558
CACGAATTCCAGGACC-1_1_1_1_1,DC,ILC,ILC,7.921656204,1.079172094
CACGTTCAGGGTAATT-1_1_1_1_1,DC,ILC,ILC,7.66067083,1.490740735
CACTAAGAGCGAGTAC-1_1_1_1_1,DC,Cytotoxic,T,-3.902093338,-0.595617067
CACTAAGAGTCTAGCT-1_1_1_1_1,DC,NaiveT,T,0.648768974,7.896547873
CACTAAGTCTAGTCAG-1_1_1_1_1,DC,NK,NK,-6.259237217,-5.945858877
CACTGAATCCCGTTGT-1_1_1_1_1,DC,NaiveT,T,-0.743383574,7.272345621
CACTGTCTCACTAGCA-1_1_1_1_1,DC,ILC,ILC,7.873882366,1.185807307
CACTTCGCACGCTGCA-1_1_1_1_1,DC,NaiveT,T,2.042071415,8.531409342
CAGAGCCAGCAATAAC-1_1_1_1_1,DC,NaiveT,T,-1.745111155,6.982470114
CAGATACAGAACCGCA-1_1_1_1_1,DC,NaiveT,T,1.397304488,8.712305148
CAGATCACATTCATCT-1_1_1_1_1,DC,ILC,ILC,7.358491016,2.222500403
CAGATCATCTTAGGAC-1_1_1_1_1,DC,ILC,ILC,7.959991528,1.511104543
CAGCAGCAGAAATCCA-1_1_1_1_1,DC,NK,NK,-7.951461243,-5.969843786
CAGCAGCAGGTTATAG-1_1_1_1_1,DC,NaiveT,T,-0.87700622,7.378365118
CAGCCAGCATGAATAG-1_1_1_1_1,DC,NaiveT,T,-0.792076158,6.363076289
CAGCCAGTCGCACGGT-1_1_1_1_1,DC,NaiveT,T,-0.881489562,7.320723135
CAGCGTGAGTTACGGG-1_1_1_1_1,DC,NaiveT,T,0.386385513,7.857053835
CAGGGCTAGTGAGCCA-1_1_1_1_1,DC,NK,NK,-8.12248938,-8.434661787
CAGGGCTGTTCATCTT-1_1_1_1_1,DC,NaiveT,T,-0.280259447,7.669819434
CAGGTATTCCTACGGG-1_1_1_1_1,DC,NaiveT,T,-0.456178831,7.204819281
CAGTTAGTCTCCGTGT-1_1_1_1_1,DC,NaiveT,T,1.74177034,6.092917998
CAGTTCCCAGCTGTAT-1_1_1_1_1,DC,NKT,T,-5.337161945,-3.186706464
CAGTTCCCATCCTGTC-1_1_1_1_1,DC,NKT,T,-4.878558086,-2.752677362
CATACTTAGTGCTAGG-1_1_1_1_1,DC,NaiveT,T,-0.175885992,8.640418131
CATAGACAGAGGTGCT-1_1_1_1_1,DC,NaiveT,T,-1.334759997,8.031099398
CATCAAGTCTTGCGCT-1_1_1_1_1,DC,NaiveT,T,-0.293253409,6.645893652
CATCCCACAGGGATAC-1_1_1_1_1,DC,Cytotoxic,T,-4.609361099,1.415710766
CATCCCAGTTTCGGCG-1_1_1_1_1,DC,NK,NK,-6.895113873,-6.430278223
CATCCGTAGGTATCTC-1_1_1_1_1,DC,NaiveT,T,-0.506062495,7.502522547
CATCGCTTCTATCACT-1_1_1_1_1,DC,ILC,ILC,9.126523567,2.107239563
CATCGGGCAGTTGTCA-1_1_1_1_1,DC,NaiveT,T,0.717529608,7.351979811
CATGCCTCAAATACAG-1_1_1_1_1,DC,NK,NK,-4.989760326,-4.584413927
CATGCCTGTTAAGAAC-1_1_1_1_1,DC,NaiveT,T,2.431958033,8.241769869
CATGCCTTCGGTTCAA-1_1_1_1_1,DC,NK,NK,-7.511249947,-5.718789022
CATGCCTTCTATCGTT-1_1_1_1_1,DC,Cytotoxic,T,-4.524183678,0.702644367
CATGGATAGGCTCACC-1_1_1_1_1,DC,Cytotoxic,T,-1.137356328,0.267201145
CATTCCGTCCAAACCA-1_1_1_1_1,DC,ILC,ILC,9.345802856,2.490888197
CATTGCCCACTAGAGG-1_1_1_1_1,DC,ILC,ILC,6.751521183,1.501915414
CATTGCCCATGCACTA-1_1_1_1_1,DC,NaiveT,T,0.480108423,6.87314995
CATTTCAAGAACAAGG-1_1_1_1_1,DC,NaiveT,T,1.095967067,9.056474764
CATTTCATCAGGGATG-1_1_1_1_1,DC,NaiveT,T,0.723276568,8.013060648
CCAATTTCAGCATTGT-1_1_1_1_1,DC,NK,NK,-6.14225428,-6.88065378
CCACAAAAGAGGTGCT-1_1_1_1_1,DC,ILC,ILC,7.166127277,1.430829842
CCACCATTCACACCGG-1_1_1_1_1,DC,NK,NK,-8.431666779,-5.551414411
CCACTTGCAGCCTTCT-1_1_1_1_1,DC,T-Helper,T,2.147884799,2.154228289
CCATCACAGGCTTAAA-1_1_1_1_1,DC,NKT,T,-5.392353939,-2.505387228
CCCATTGAGCGTGTTT-1_1_1_1_1,DC,ILC,ILC,6.420802666,1.852655132
CCCATTGCATTGAAAG-1_1_1_1_1,DC,NaiveT,T,0.482424898,8.072870333
CCCGAAGCAGCTACAT-1_1_1_1_1,DC,Cytotoxic,T,-3.061309742,2.182541926
CCCTAACCACGGTCTG-1_1_1_1_1,DC,NaiveT,T,1.172003699,7.079038699
CCCTCTCCATGTCGTA-1_1_1_1_1,DC,NaiveT,T,0.625221951,7.204856951
CCGATCTAGAACTCCT-1_1_1_1_1,DC,NaiveT,T,-0.961726831,6.583821852
CCGATCTCACTATCCC-1_1_1_1_1,DC,NKT,T,-4.384240078,-2.581628244
CCGGGTACACTCATAG-1_1_1_1_1,DC,NaiveT,T,0.069611965,7.248789389
CCGTAGGCAATCAAGA-1_1_1_1_1,DC,NKT,T,-3.633364843,-3.347640913
CCGTGAGTCTGCACCT-1_1_1_1_1,DC,T-DN,T,0.397541864,3.041740973
CCGTTCAGTTAAAGTG-1_1_1_1_1,DC,T-DN,T,-0.183512854,1.674169381
CCGTTCAGTTAGGGAC-1_1_1_1_1,DC,ILC,ILC,9.055988861,2.326021511
CCTAAGAAGACCAGCA-1_1_1_1_1,DC,NKT,T,-6.207319664,-2.233237188
CCTAAGATCCGTTGAA-1_1_1_1_1,DC,NK,NK,-6.997983383,-6.341366212
CCTACGTCACTACGGC-1_1_1_1_1,DC,NaiveT,T,1.119847668,7.286038
CCTCACAAGGACTTCT-1_1_1_1_1,DC,gdT,T,9.151716782,-5.010697286
CCTCAGTTCGAAGAAT-1_1_1_1_1,DC,gdT,T,9.411808563,-4.282424371
CCTCATGGTATTGCCA-1_1_1_1_1,DC,ILC,ILC,9.060642792,2.678840954
CCTCCTCAGTTCGCAT-1_1_1_1_1,DC,NaiveT,T,-0.02575125,7.349807341
CCTCCTCTCGTACCTC-1_1_1_1_1,DC,ILC,ILC,8.432715012,2.137284596
CCTCTAGCAATCGTCA-1_1_1_1_1,DC,NK,NK,-7.142284321,-6.819718759
CCTCTAGTCTAGCATG-1_1_1_1_1,DC,NaiveT,T,0.044903083,7.458226282
CCTCTCCTCATCGCCT-1_1_1_1_1,DC,NaiveT,T,2.492868019,6.287058909
CCTCTCCTCCCAGGAC-1_1_1_1_1,DC,NaiveT,T,-1.741631435,6.887248118
CCTGCATTCGTGTCAA-1_1_1_1_1,DC,NK,NK,-7.962697433,-8.019415777
CCTGTTGCATGATAGA-1_1_1_1_1,DC,NaiveT,T,0.131157545,9.201672633
CCTTCAGAGCCACCGT-1_1_1_1_1,DC,NaiveT,T,0.214248733,7.119266112
CCTTCAGAGTATAGGT-1_1_1_1_1,DC,NKT,T,-3.510187315,-3.394944351
CCTTCAGTCTTTCCGG-1_1_1_1_1,DC,NaiveT,T,2.055181814,8.021122057
CGAAGGATCCTCTGCA-1_1_1_1_1,DC,ILC,ILC,7.627090527,0.893010456
CGAAGTTCAGGTAGTG-1_1_1_1_1,DC,TCM,T,-1.997403072,5.025775511
CGACAGCGTGAGTAGC-1_1_1_1_1,DC,T-Helper,T,2.238990141,1.99658211
CGAGGAACACAGCCAC-1_1_1_1_1,DC,T-DN,T,0.48768772,3.293355067
CGATCGGCACGAGGAT-1_1_1_1_1,DC,NaiveT,T,0.603653861,8.743277628
CGATCGGGTGCCTAAT-1_1_1_1_1,DC,T-Helper,T,1.446050597,2.29101618
CGATGCGAGGTAGTAT-1_1_1_1_1,DC,NaiveT,T,1.280099345,7.767275889
CGATGGCTCCCACAGG-1_1_1_1_1,DC,NaiveT,T,0.831098867,8.080185015
CGCATAACAGGTGTGA-1_1_1_1_1,DC,NK,NK,-8.509339737,-6.502521913
CGCATAAGTCGATTCA-1_1_1_1_1,DC,ILC,ILC,7.669110847,1.345465977
CGCCATTAGCTTAGTC-1_1_1_1_1,DC,NKT,T,-5.34541695,-1.554681342
CGCCATTCAATCCTAG-1_1_1_1_1,DC,NaiveT,T,0.419494433,8.004275401
CGCCATTGTTCGTACA-1_1_1_1_1,DC,ILC,ILC,9.549828125,2.645998557
CGGAGAAGTCCAGCCA-1_1_1_1_1,DC,NK,NK,-8.271828102,-7.760794561
CGGGCATAGGATATAC-1_1_1_1_1,DC,NK,NK,-7.137783455,-6.034694593
CGGTCAGAGCGGATCA-1_1_1_1_1,DC,NaiveT,T,1.525644136,7.608510096
CGTAGTATCGACACCG-1_1_1_1_1,DC,NaiveT,T,1.479370547,8.834265788
CGTCAAAGTGACAACG-1_1_1_1_1,DC,NaiveT,T,1.163549019,8.239351351
CGTCAAAGTTTGCCGG-1_1_1_1_1,DC,NaiveT,T,2.219242645,6.904162009
CGTCCATGTAGGATAT-1_1_1_1_1,DC,NaiveT,T,0.999633266,8.531182368
CGTGAATCATTGGGAG-1_1_1_1_1,DC,NaiveT,T,-0.1077915,7.56484278
CGTGATATCCGAGATT-1_1_1_1_1,DC,Cytotoxic,T,-4.657298969,0.801276941
CGTTAGAAGGAAGTCC-1_1_1_1_1,DC,NaiveT,T,-0.674388038,7.67891701
CGTTAGACAGAGTGTG-1_1_1_1_1,DC,T-Helper,T,1.62989123,-0.080766054
CGTTCTGGTCTCGCGA-1_1_1_1_1,DC,NaiveT,T,3.000092579,6.610347826
CGTTGGGTCCATAAGC-1_1_1_1_1,DC,ILC,ILC,6.083327843,1.980810244
CTACCCAAGAAGATCT-1_1_1_1_1,DC,NaiveT,T,-0.117520975,6.205080111
CTACGGGGTGCATGTT-1_1_1_1_1,DC,NKT,T,-4.1270756,-2.596850317
CTACTATTCACAAGGG-1_1_1_1_1,DC,ILC,ILC,8.046299053,1.479347308
CTATAGGCATCCTATT-1_1_1_1_1,DC,NK,NK,-8.052555489,-7.099210661
CTATCCGAGAGGGTAA-1_1_1_1_1,DC,NaiveT,T,1.832218123,8.864753802
CTATCTATCTCAACGA-1_1_1_1_1,DC,Cytotoxic,T,-2.184073376,0.020801764
CTCAACCCACGGCTAC-1_1_1_1_1,DC,NaiveT,T,0.477283789,7.181350787
CTCATCGCATCTTAGG-1_1_1_1_1,DC,NaiveT,T,-0.759671139,7.716351111
CTCATCGGTAGACTGG-1_1_1_1_1,DC,gdT,T,7.848999096,-4.553497713
CTCCAACTCTCACTCG-1_1_1_1_1,DC,T-Helper,T,2.44531591,3.086184103
CTCCACATCTGGACCG-1_1_1_1_1,DC,NKT,T,-5.095987247,-3.245841663
CTCCATGCACAGTATC-1_1_1_1_1,DC,NaiveT,T,2.330438686,7.467006285
CTCCCTCAGTTGAAAC-1_1_1_1_1,DC,NK,NK,-8.597433495,-7.56690542
CTCCTCCAGTTCGGTT-1_1_1_1_1,DC,NaiveT,T,-0.817834305,8.125364382
CTCCTCCTCACTCCGT-1_1_1_1_1,DC,NaiveT,T,0.262212811,7.038875182
CTCGAGGTCGAATCCA-1_1_1_1_1,DC,NaiveT,T,0.309985189,9.179184992
CTCTCGAGTAGGAGTC-1_1_1_1_1,DC,NaiveT,T,-0.040386306,8.486163218
CTCTGGTTCTAATTCC-1_1_1_1_1,DC,NaiveT,T,2.475671364,6.197108824
CTGAGCGAGACTTGTC-1_1_1_1_1,DC,NK,NK,-7.97634642,-6.75717489
CTGATCCAGTTGTACC-1_1_1_1_1,DC,NK,NK,-7.247437881,-4.946983259
CTGATCCCACAAATAG-1_1_1_1_1,DC,NK,NK,-6.79304068,-7.136012476
CTGCAGGAGTACAGCG-1_1_1_1_1,DC,NaiveT,T,1.427916957,8.060299952
CTGGACGAGCCTCTGG-1_1_1_1_1,DC,NaiveT,T,-1.816004681,6.65911587
CTGGACGCAGAGGTAC-1_1_1_1_1,DC,NKT,T,-5.107523369,-1.663742821
CTGGCAGGTGAATGTA-1_1_1_1_1,DC,NaiveT,T,1.834349109,8.929025729
CTGGCAGTCATCGCAA-1_1_1_1_1,DC,NK,NK,-6.844634937,-6.6798505
CTGGCAGTCGGAAACG-1_1_1_1_1,DC,T-DN,T,0.82397492,3.022443612
CTGGTCTAGAAGCCTG-1_1_1_1_1,DC,Treg,T,3.398399902,-0.230626668
CTGGTCTCACTCGATA-1_1_1_1_1,DC,NaiveT,T,1.817073298,8.413152773
CTGGTCTGTCGGAAAC-1_1_1_1_1,DC,NaiveT,T,0.875044418,6.740987856
CTGTATTCACATGTTG-1_1_1_1_1,DC,NKT,T,-3.883558678,-2.192261856
CTGTGAACAGTAGAAT-1_1_1_1_1,DC,Cytotoxic,T,-3.198566603,0.737899203
CTGTGGGTCGCTCCTA-1_1_1_1_1,DC,NaiveT,T,2.150654388,7.343281824
CTTACCGGTCGAGATG-1_1_1_1_1,DC,NKT,T,-4.748589443,-2.666523616
CTTAGGACAAATGAAC-1_1_1_1_1,DC,NK,NK,-7.506845402,-5.772157114
CTTCTAATCGATTGGT-1_1_1_1_1,DC,NaiveT,T,-1.051888632,6.341197569
CTTCTCTGTTTCACAG-1_1_1_1_1,DC,Cytotoxic,T,-2.914425301,1.023176272
CTTTCAATCCACCTGT-1_1_1_1_1,DC,NaiveT,T,2.377284838,6.038446028
CTTTCGGAGATCCCAT-1_1_1_1_1,DC,NKT,T,-4.408103394,-2.309046667
GAAACCTTCGACCATA-1_1_1_1_1,DC,NaiveT,T,1.992901159,7.28660496
GAACACTCACCCTTGT-1_1_1_1_1,DC,Cytotoxic,T,-1.632909821,1.017406304
GAACACTTCGGCATTA-1_1_1_1_1,DC,NK,NK,-9.003615784,-7.029666822
GAACGTTAGTTGTCAC-1_1_1_1_1,DC,NKT,T,-4.555198597,-1.310073774
GAACTGTGTCAAACGG-1_1_1_1_1,DC,Cytotoxic,T,-4.57590239,1.246789415
GAACTGTTCGAAGTGG-1_1_1_1_1,DC,NKT,T,-3.859035419,-3.414547126
GAAGAATAGGGTCTTT-1_1_1_1_1,DC,T-Helper,T,2.018138481,0.928285677
GAAGGACGTGCACAAG-1_1_1_1_1,DC,NK,NK,-8.333637642,-6.385400694
GAAGTAACATTCCTCG-1_1_1_1_1,DC,ILC,ILC,8.54056604,2.045220692
GAAGTAAGTTACAGCT-1_1_1_1_1,DC,NaiveT,T,-1.838936972,6.624167998
GAATAGAGTTCGTTCC-1_1_1_1_1,DC,NKT,T,-4.578252243,-2.176686208
GAATCACAGGCTAACG-1_1_1_1_1,DC,ILC,ILC,8.726035667,1.272424776
GAATCACTCCCTCAAC-1_1_1_1_1,DC,T-Helper,T,0.127573838,1.365654786
GAATCACTCGACGTCG-1_1_1_1_1,DC,NaiveT,T,1.587749673,7.742716391
GAATCACTCTCTGCCA-1_1_1_1_1,DC,ILC,ILC,7.100420071,1.386124689
GAATCGTGTTGCCAAT-1_1_1_1_1,DC,T-DN,T,0.364967061,2.626504738
GACACGCAGGGAGGAC-1_1_1_1_1,DC,NKT,T,-4.345916199,-3.255794685
GACACGCGTACAGGTG-1_1_1_1_1,DC,NK,NK,-7.110447811,-4.82497112
GACACGCGTAGAGTTA-1_1_1_1_1,DC,NaiveT,T,-0.972468184,7.483800967
GACAGCCAGGATATAC-1_1_1_1_1,DC,gdT,T,9.857049538,-5.85382406
GACATCACATCGGTTA-1_1_1_1_1,DC,NaiveT,T,0.869858218,8.623359759
GACCAATCAGTTAAAG-1_1_1_1_1,DC,NKT,T,-5.145566391,-2.419652383
GACCAATGTGATTCAC-1_1_1_1_1,DC,NK,NK,-8.201853203,-6.261385362
GACCAATTCATCTACT-1_1_1_1_1,DC,NaiveT,T,1.990721656,6.171588499
GACCCAGGTGAGCAGT-1_1_1_1_1,DC,NaiveT,T,-1.354737805,7.387381632
GACGCTGAGCAATTAG-1_1_1_1_1,DC,NaiveT,T,0.051625652,7.52924021
GACGCTGTCAGTCACA-1_1_1_1_1,DC,ILC,ILC,8.077786518,1.433226783
GACTATGAGAGTTGCG-1_1_1_1_1,DC,NaiveT,T,0.049137292,6.955811579
GACTATGGTTAGAAAC-1_1_1_1_1,DC,NK,NK,-5.72196524,-5.768838804
GACTCTCAGTCATGGG-1_1_1_1_1,DC,NaiveT,T,-1.916575598,6.551892359
GACTTCCAGAGCATTA-1_1_1_1_1,DC,NKT,T,-4.496606277,-3.290954988
GAGAAATTCCACGTAA-1_1_1_1_1,DC,NaiveT,T,1.155368937,5.983132441
GAGAAATTCTACGCGG-1_1_1_1_1,DC,ILC,ILC,7.780897213,0.898042161
GAGACCCCAGGAATCG-1_1_1_1_1,DC,NK,NK,-8.562706398,-8.523920934
GAGACCCTCGTCCTCA-1_1_1_1_1,DC,NaiveT,T,1.280557943,6.557378371
GAGACTTTCAGGAAGC-1_1_1_1_1,DC,NaiveT,T,2.638895107,8.399707873
GAGATGGGTAGAGATT-1_1_1_1_1,DC,T-Helper,T,1.600655867,2.34728821
GAGCCTGTCCGATAAC-1_1_1_1_1,DC,NKT,T,-5.91691153,-2.034650247
GAGCCTGTCCGCGGAT-1_1_1_1_1,DC,NaiveT,T,2.696719481,6.990286906
GAGCTGCAGGACAAGA-1_1_1_1_1,DC,NK,NK,-7.528398441,-7.955571573
GAGCTGCCAGGTGTGA-1_1_1_1_1,DC,ILC,ILC,9.60071714,2.790268738
GAGTCTATCGGAACTT-1_1_1_1_1,DC,NaiveT,T,-1.007738399,7.119147856
GAGTGAGAGTATAGGT-1_1_1_1_1,DC,T-Helper,T,1.579146338,2.057008583
GAGTGTTTCCCTCATG-1_1_1_1_1,DC,NaiveT,T,2.199198795,8.421928484
GAGTTACAGTACGAGC-1_1_1_1_1,DC,NaiveT,T,-0.404121326,7.234809
GAGTTACCAATCAAGA-1_1_1_1_1,DC,NK,NK,-4.956155228,-4.270351808
GAGTTTGTCTTAGCTT-1_1_1_1_1,DC,NaiveT,T,1.342693997,6.86119755
GATAGAACAGAGCGTA-1_1_1_1_1,DC,NaiveT,T,1.485081507,8.673626025
GATAGCTGTCTATGAC-1_1_1_1_1,DC,ILC,ILC,7.604067398,0.906416733
GATCACACAAGACGGT-1_1_1_1_1,DC,TCM,T,-1.999455141,5.24634989
GATCAGTAGCTGAAAT-1_1_1_1_1,DC,NaiveT,T,0.795171453,8.29496773
GATCCCTGTCCGCAGT-1_1_1_1_1,DC,NaiveT,T,-0.893229293,5.946310122
GATCGTAAGGAGTATT-1_1_1_1_1,DC,NaiveT,T,0.143857065,8.914952357
GATCGTATCGGTCACG-1_1_1_1_1,DC,T-Helper,T,2.15085323,2.594643671
GATGACTCAGACAAAT-1_1_1_1_1,DC,TCM,T,0.518188072,5.84258755
GATGATCAGTCCCTAA-1_1_1_1_1,DC,NaiveT,T,2.971903158,7.319341738
GATGCTACACCGCTAG-1_1_1_1_1,DC,NaiveT,T,0.821360482,6.28563555
GATGTTGCACAGCCAC-1_1_1_1_1,DC,ILC,ILC,8.156427933,1.453093846
GATGTTGGTAGTGATA-1_1_1_1_1,DC,NKT,T,-3.921206879,-3.294858854
GCACATAAGTCGGCAA-1_1_1_1_1,DC,NaiveT,T,-1.336081432,7.65112551
GCAGCCAGTTTGATCG-1_1_1_1_1,DC,NK,NK,-7.602993893,-4.77873842
GCAGCTGCAATGTCAC-1_1_1_1_1,DC,NKT,T,-4.95585339,-2.650810878
GCAGCTGCACCGTGCA-1_1_1_1_1,DC,NK,NK,-8.8415951,-8.000332754
GCATCGGGTCAGTCGC-1_1_1_1_1,DC,NaiveT,T,-0.483079838,7.495056708
GCCAGGTCACACCGAC-1_1_1_1_1,DC,NaiveT,T,0.695199324,7.855858881
GCCAGTGCAAGCGAGT-1_1_1_1_1,DC,Treg,T,3.429948402,1.118816216
GCCATGGGTAGCTTTG-1_1_1_1_1,DC,Cytotoxic,T,-4.137572693,2.671511729
GCCCAGAAGTCGTCTA-1_1_1_1_1,DC,NK,NK,-8.712765144,-8.503674429
GCCCAGACACACGGTC-1_1_1_1_1,DC,Cytotoxic,T,-0.874412941,0.293604005
GCCGATGCATGGTACT-1_1_1_1_1,DC,T-DN,T,0.366605757,1.802429039
GCCGTGAGTCATGACT-1_1_1_1_1,DC,NKT,T,-1.090101766,-1.75213651
GCCTGTTCAACACAAA-1_1_1_1_1,DC,NK,NK,-7.865847992,-5.920586984
GCGATCGGTTCCATTT-1_1_1_1_1,DC,gdT,T,9.210963799,-5.596525591
GCGGATCTCGTGACTA-1_1_1_1_1,DC,NK,NK,-7.997710632,-8.480145376
GCGTGCAAGACAAGCC-1_1_1_1_1,DC,NaiveT,T,1.182265712,7.714232523
GCTACAATCTGTCCCA-1_1_1_1_1,DC,ILC,ILC,8.557135178,1.608623464
GCTGAATAGATGGCGT-1_1_1_1_1,DC,NaiveT,T,0.893638505,6.945758898
GCTTCACCAGCGCTTG-1_1_1_1_1,DC,NaiveT,T,-0.774888681,6.300844748
GGAACCCGTTGGGATG-1_1_1_1_1,DC,ILC,ILC,8.142922474,1.682305415
GGAAGTGGTGAGTAAT-1_1_1_1_1,DC,T-DN,T,-3.3087682,-1.333900373
GGAAGTGGTGCGGTAA-1_1_1_1_1,DC,NK,NK,-7.584116863,-7.61881582
GGAATCTCAGTAGTTC-1_1_1_1_1,DC,NaiveT,T,2.230134321,8.018540461
GGAATGGCAGGTCTCG-1_1_1_1_1,DC,NK,NK,-8.582873749,-8.022272508
GGAATGGTCTCTCGAC-1_1_1_1_1,DC,NaiveT,T,2.796556784,7.318696577
GGAGAACAGTAACGAT-1_1_1_1_1,DC,NaiveT,T,0.379326282,7.573027689
GGAGATGAGGTAGCAC-1_1_1_1_1,DC,T-Helper,T,3.009385181,1.992748339
GGAGATGAGTCTGGTT-1_1_1_1_1,DC,gdT,T,7.01625259,2.101203759
GGAGCAAGTGCCTTTC-1_1_1_1_1,DC,NK,NK,-7.693602966,-6.01707546
GGAGGATTCCCTGGTT-1_1_1_1_1,DC,NaiveT,T,2.09668274,4.789340575
GGCACGTAGGTTGAGC-1_1_1_1_1,DC,Cytotoxic,T,-5.197790073,0.070358027
GGCTTGGTCTGTCAGA-1_1_1_1_1,DC,NKT,T,-6.162445473,-2.132112424
GGCTTTCCACGAAGAC-1_1_1_1_1,DC,NK,NK,-8.879936623,-7.974326055
GGGAAGTAGGGATCAC-1_1_1_1_1,DC,NaiveT,T,-0.826549398,7.147718985
GGGACAAGTCGTACAT-1_1_1_1_1,DC,NK,NK,-5.503772186,-4.814386766
GGGAGATTCGTAGGGA-1_1_1_1_1,DC,NK,NK,-7.448377537,-7.402800958
GGGAGTAAGAAGATCT-1_1_1_1_1,DC,NK,NK,-7.424670624,-4.888896387
GGGAGTATCTTGTTAC-1_1_1_1_1,DC,NK,NK,-8.782802032,-5.937821787
GGGATCCAGGCATCAG-1_1_1_1_1,DC,NKT,T,-3.799419092,-3.160803239
GGGATGACAACAAGAT-1_1_1_1_1,DC,T-Helper,T,2.262806488,2.198050101
GGGATGAGTGCTTCAA-1_1_1_1_1,DC,NK,NK,-7.620238232,-5.735449712
GGGCTCATCGGCTATA-1_1_1_1_1,DC,NaiveT,T,1.884303285,6.196568091
GGGTATTAGCGGGTTA-1_1_1_1_1,DC,Other,Other,5.008158756,6.735384066
GGGTATTCAGGCATTT-1_1_1_1_1,DC,NK,NK,-8.603923248,-6.65818588
GGGTATTGTAAGATAC-1_1_1_1_1,DC,NaiveT,T,0.716526998,6.986589034
GGGTGTCCAAGCGAAC-1_1_1_1_1,DC,NaiveT,T,2.436077667,8.584034045
GGGTTATGTTAGTCGT-1_1_1_1_1,DC,NaiveT,T,0.718751205,7.010728915
GGGTTTACATTGTCGA-1_1_1_1_1,DC,NaiveT,T,0.759047044,8.752607424
GGTAACTAGACATAGT-1_1_1_1_1,DC,NaiveT,T,-0.17103933,8.185317118
GGTAATCAGTTAGTAG-1_1_1_1_1,DC,NaiveT,T,2.230335308,6.638230402
GGTAATCGTCACCGAC-1_1_1_1_1,DC,NK,NK,-8.528227257,-8.321578901
GGTAATCTCTCAGTCC-1_1_1_1_1,DC,NKT,T,-4.482831406,-2.481650751
GGTGAAGAGATGCTTC-1_1_1_1_1,DC,NaiveT,T,1.518065525,8.628343661
GGTGAAGCAAAGACTA-1_1_1_1_1,DC,NaiveT,T,-0.213446068,8.263507922
GGTGATTAGGTGATCG-1_1_1_1_1,DC,NaiveT,T,0.374557508,7.257203181
GGTGATTCAAGTTCGT-1_1_1_1_1,DC,NaiveT,T,1.870469166,7.476078112
GGTGGCTGTCTAACGT-1_1_1_1_1,DC,NaiveT,T,-0.60041021,7.364468176
GGTGTCGAGTAAGAGG-1_1_1_1_1,DC,NK,NK,-8.635676788,-8.106042783
GGTGTTAAGAGCCGTA-1_1_1_1_1,DC,NK,NK,-5.715713905,-6.155362051
GGTGTTATCTTTCCGG-1_1_1_1_1,DC,NKT,T,-4.19550507,-1.935977023
GGTTAACAGGAGTATT-1_1_1_1_1,DC,NaiveT,T,-0.165074932,6.407777388
GTAACACTCCCTAGGG-1_1_1_1_1,DC,gdT,T,8.086188866,-5.538180273
GTAATGCAGCAGGCAT-1_1_1_1_1,DC,NK,NK,-7.739200996,-7.505611818
GTAATGCGTACTCAAC-1_1_1_1_1,DC,NK,NK,-4.835913586,-4.144447725
GTACAGTTCAGATGCT-1_1_1_1_1,DC,T-DN,T,0.013423813,3.112427552
GTAGAGGCACCAGCTG-1_1_1_1_1,DC,T-DN,T,0.849770499,3.043487866
GTAGCTATCGACGCTG-1_1_1_1_1,DC,NaiveT,T,-1.433933662,7.133142073
GTAGGAGCACGGTGCT-1_1_1_1_1,DC,NaiveT,T,1.042508496,8.121975024
GTATTGGGTGCTGTCG-1_1_1_1_1,DC,NKT,T,-4.594695019,-1.315838616
GTATTTCGTGGGACAT-1_1_1_1_1,DC,ILC,ILC,8.601404739,2.167673905
GTATTTCTCTGTACAG-1_1_1_1_1,DC,NaiveT,T,0.385467885,7.311180193
GTCACTCGTGCACATT-1_1_1_1_1,DC,NaiveT,T,0.159782377,6.600991805
GTCAGCGGTCAAGCCC-1_1_1_1_1,DC,gdT,T,9.035391403,-5.359364431
GTCAGCGTCAGTGGGA-1_1_1_1_1,DC,NaiveT,T,1.111441327,8.156735499
GTCGAATGTCCAATCA-1_1_1_1_1,DC,Cytotoxic,T,-4.138379978,1.068790991
GTCGCGAAGCAAGTCG-1_1_1_1_1,DC,NK,NK,-5.585707115,-5.626634519
GTCGCGATCGAGCCAC-1_1_1_1_1,DC,NaiveT,T,2.110345317,4.928939421
GTCGTAACAACTCGAT-1_1_1_1_1,DC,Cytotoxic,T,-0.506876217,-3.227950971
GTCGTAAGTTCTCTCG-1_1_1_1_1,DC,NaiveT,T,-0.538332092,7.567793925
GTCGTTCCACTCCGAG-1_1_1_1_1,DC,NaiveT,T,-0.318170803,6.907314379
GTCGTTCTCATTCGGA-1_1_1_1_1,DC,ILC,ILC,8.491312576,1.722045381
GTCGTTCTCCACACAA-1_1_1_1_1,DC,Cytotoxic,T,-2.532618689,1.723427732
GTCTACCTCTTCGCTG-1_1_1_1_1,DC,T-DN,T,0.982513202,3.884925206
GTCTCACGTAGCTCGC-1_1_1_1_1,DC,T-Helper,T,0.487307085,0.104750131
GTCTGTCGTCAGGAGT-1_1_1_1_1,DC,T-Helper,T,0.722562803,1.900604327
GTGAGCCCAATCCTAG-1_1_1_1_1,DC,NaiveT,T,1.983424617,7.048921187
GTGAGCCCACAGTCGC-1_1_1_1_1,DC,NaiveT,T,-1.842433857,6.389477332
GTGAGCCTCATTTACC-1_1_1_1_1,DC,ILC,ILC,8.368176056,2.506938536
GTGCTTCCATTGACTG-1_1_1_1_1,DC,Cytotoxic,T,-2.331436085,0.336667735
GTGGCGTTCGAGTCTA-1_1_1_1_1,DC,NaiveT,T,0.913114084,8.392923434
GTGGGAACACGTACTA-1_1_1_1_1,DC,NaiveT,T,0.097069269,7.681166251
GTGGTTACAACTCGAT-1_1_1_1_1,DC,NaiveT,T,1.541283442,8.223300059
GTGGTTAGTTGCCTAA-1_1_1_1_1,DC,NK,NK,-8.273205208,-6.825789373
GTGTCCTGTCTTGAAC-1_1_1_1_1,DC,Cytotoxic,T,-3.792661594,1.978017409
GTGTGATCAGAGTTCT-1_1_1_1_1,DC,ILC,ILC,8.386352135,1.138080914
GTGTGGCGTAGCGCTC-1_1_1_1_1,DC,NK,NK,-6.909464764,-4.877793233
GTTAGTGCATCAGTCA-1_1_1_1_1,DC,NK,NK,-8.358997749,-7.612912576
GTTATGGCATCGATCA-1_1_1_1_1,DC,NK,NK,-6.525658535,-6.357737463
GTTCGCTCACAGAGCA-1_1_1_1_1,DC,NK,NK,-6.856605457,-7.537595193
GTTCGCTCACATAGCT-1_1_1_1_1,DC,NaiveT,T,1.985195709,8.499085505
GTTCTATGTCGCACGT-1_1_1_1_1,DC,NKT,T,-4.174149441,-2.918661754
GTTGAACCATATCTCT-1_1_1_1_1,DC,NK,NK,-7.300856995,-5.76234762
GTTGCTCAGTATAGGT-1_1_1_1_1,DC,NK,NK,-6.487602161,-6.893405359
GTTGTAGTCCACTGGG-1_1_1_1_1,DC,NKT,T,-4.787455009,-3.085077207
GTTGTAGTCGTTAGTG-1_1_1_1_1,DC,Cytotoxic,T,-3.952613281,1.764287908
GTTGTCCAGCCATTTG-1_1_1_1_1,DC,ILC,ILC,7.136807514,2.107986052
TAACACGCACTTACAG-1_1_1_1_1,DC,NK,NK,-8.767860817,-7.550957124
TAACGACCAAGTTTGC-1_1_1_1_1,DC,NaiveT,T,2.197896553,8.258226473
TAACTTCTCGCGTGCA-1_1_1_1_1,DC,NaiveT,T,0.148577075,6.765518267
TAAGCCAAGCAGCGAT-1_1_1_1_1,DC,T-Helper,T,-0.227615135,0.37571894
TAAGCGTCAATGAAAC-1_1_1_1_1,DC,ILC,ILC,8.168414665,1.443173606
TAATTCCCATGGTGGA-1_1_1_1_1,DC,Cytotoxic,T,-0.848502563,1.528829176
TACAACGGTGCTGATT-1_1_1_1_1,DC,NKT,T,-5.390633987,-2.888720672
TACAGGTGTGGGAGAG-1_1_1_1_1,DC,NKT,T,-6.102843689,-2.084573906
TACAGGTGTTGCCTAA-1_1_1_1_1,DC,NaiveT,T,0.876865459,7.904597361
TACATTCGTTCAGCGC-1_1_1_1_1,DC,NKT,T,-5.386360096,-3.834172886
TACCCACCATCGCCTT-1_1_1_1_1,DC,NK,NK,-6.2006325,-6.036309164
TACCCACCATCGGATT-1_1_1_1_1,DC,NaiveT,T,-1.27498238,6.737702448
TACCCGTCAATCGTCA-1_1_1_1_1,DC,NKT,T,-3.608052896,-3.286707323
TACCTGCTCTCGCTCA-1_1_1_1_1,DC,NKT,T,-4.69548695,-3.305800121
TACGGGCCATTGAGGG-1_1_1_1_1,DC,NaiveT,T,1.14553131,8.651119311
TACGGTAAGCTGCGAA-1_1_1_1_1,DC,NK,NK,-6.714034485,-6.59968416
TACGGTAGTCCTTAAG-1_1_1_1_1,DC,NaiveT,T,1.736442758,6.641543944
TACGTCCCACCAACAT-1_1_1_1_1,DC,NKT,T,-5.076615738,-2.842489402
TACTTCATCGCAGTTA-1_1_1_1_1,DC,NaiveT,T,-0.714592384,5.893797476
TACTTGTGTAGAATAC-1_1_1_1_1,DC,NKT,T,-6.085755753,-2.166692178
TAGACCAGTCTAACGT-1_1_1_1_1,DC,NK,NK,-7.107725548,-5.565606992
TAGACTGAGCCGATTT-1_1_1_1_1,DC,NK,NK,-8.319396423,-8.284238737
TAGAGTCCATGGAAGC-1_1_1_1_1,DC,NaiveT,T,0.959105683,9.040611346
TAGATCGGTACGGCAA-1_1_1_1_1,DC,Cytotoxic,T,-3.299065517,2.069126208
TAGGGTTAGCTGCCTG-1_1_1_1_1,DC,NaiveT,T,-0.219374346,6.449745734
TAGGTACGTTCCAGGC-1_1_1_1_1,DC,NK,NK,-7.595125126,-7.488410871
TAGGTACTCCACACAA-1_1_1_1_1,DC,NK,NK,-8.008013176,-7.565123003
TAGTGCAAGCCTCACG-1_1_1_1_1,DC,NaiveT,T,0.028064621,6.253755171
TATATCCTCGTGTTCC-1_1_1_1_1,DC,T-Helper,T,2.19354899,1.741386254
TATCAGGTCGTCAACA-1_1_1_1_1,DC,ILC,ILC,7.502202106,1.072848995
TATCGCCAGGGAGGCA-1_1_1_1_1,DC,NKT,T,-3.512492823,-1.975856583
TATCGCCTCTTGTGCC-1_1_1_1_1,DC,NKT,T,-5.464266228,-2.528889101
TATCTGTAGCAGGCTA-1_1_1_1_1,DC,NaiveT,T,-0.124830531,8.085454066
TATCTTGTCCGCGAGT-1_1_1_1_1,DC,Cytotoxic,T,-5.243344234,0.163163472
TATTCCATCCTCAGAA-1_1_1_1_1,DC,NaiveT,T,0.418624086,7.062659342
TATTTCGAGTTACGAA-1_1_1_1_1,DC,Cytotoxic,T,-3.295292067,2.07544287
TCAAGACCACAAAGTA-1_1_1_1_1,DC,NaiveT,T,-0.743399369,6.768613894
TCAAGACCATAGGCGA-1_1_1_1_1,DC,NK,NK,-7.846839355,-6.15610544
TCAATCTAGGCTTTCA-1_1_1_1_1,DC,NaiveT,T,-0.302788722,8.155781824
TCAATTCTCCCTGGTT-1_1_1_1_1,DC,NKT,T,-6.065780567,-2.170555513
TCACACCAGCACCCAC-1_1_1_1_1,DC,Cytotoxic,T,-3.704066681,2.298499424
TCACTCGAGCCGATAG-1_1_1_1_1,DC,NK,NK,-7.733445095,-5.686077039
TCACTCGGTGTCTCCT-1_1_1_1_1,DC,NaiveT,T,1.282587243,6.839124281
TCAGCAAGTATCTTCT-1_1_1_1_1,DC,T-DN,T,1.370697809,3.351562817
TCAGCAAGTCGTGGTC-1_1_1_1_1,DC,Cytotoxic,T,-5.339174675,0.303485353
TCAGCCTAGCGCTGAA-1_1_1_1_1,DC,NaiveT,T,0.164126041,7.756728251
TCAGGTACATCCTTGC-1_1_1_1_1,DC,NKT,T,-3.44851272,-3.463626783
TCAGTCCAGTAAAGCT-1_1_1_1_1,DC,Cytotoxic,T,-4.456069397,2.324062903
TCAGTCCCATTAAAGG-1_1_1_1_1,DC,NK,NK,-8.719690727,-7.106523912
TCAGTGAGTCCACTCT-1_1_1_1_1,DC,NK,NK,-9.072494911,-8.290845792
TCAGTGAGTGGAGGTT-1_1_1_1_1,DC,NaiveT,T,-0.753759252,6.920134623
TCATATCAGTCACAGG-1_1_1_1_1,DC,NaiveT,T,1.304109884,6.831517775
TCATGGAAGGACTAAT-1_1_1_1_1,DC,Treg,T,3.881512476,1.165449817
TCATGGACATCCGGTG-1_1_1_1_1,DC,ILC,ILC,8.845532967,2.258673508
TCATTACCACAGTCCG-1_1_1_1_1,DC,NaiveT,T,0.167638353,7.055924971
TCATTACGTCCATCTC-1_1_1_1_1,DC,NK,NK,-8.066928314,-5.261066835
TCATTCAGTCTCAAGT-1_1_1_1_1,DC,ILC,ILC,7.252225472,1.94232281
TCATTGTTCGTCTACC-1_1_1_1_1,DC,NK,NK,-7.236058163,-5.47020952
TCATTTGAGACCACGA-1_1_1_1_1,DC,TCM,T,1.072619988,5.882086356
TCATTTGGTTCAAGGG-1_1_1_1_1,DC,ILC,ILC,9.051984383,2.166454632
TCCACCAAGACGCCCT-1_1_1_1_1,DC,NKT,T,-6.145006107,-2.228355091
TCCCACAGTCGCACGT-1_1_1_1_1,DC,NaiveT,T,-0.188069778,7.48613127
TCCCATGAGAAATGGG-1_1_1_1_1,DC,NKT,T,-3.568945335,-3.50755636
TCCGGGAGTACGCTAT-1_1_1_1_1,DC,T-DN,T,0.598261518,3.222755272
TCCTCGACACCGCTAG-1_1_1_1_1,DC,NaiveT,T,0.183374738,7.033661444
TCCTCGAGTCTTGAGT-1_1_1_1_1,DC,NK,NK,-7.549615311,-7.105944078
TCCTTCTGTGGCCTCA-1_1_1_1_1,DC,NaiveT,T,1.373056842,6.891558726
TCCTTTCCACGAGAAC-1_1_1_1_1,DC,gdT,T,8.115695549,-6.335843484
TCGAAGTCATCCGTGG-1_1_1_1_1,DC,NaiveT,T,-1.225204395,6.658011992
TCGACGGAGTGGTCAG-1_1_1_1_1,DC,NK,NK,-5.888761925,-5.762475412
TCGACGGCATGGCCAC-1_1_1_1_1,DC,NaiveT,T,-1.505957054,7.494873125
TCGCACTGTGTTGAGG-1_1_1_1_1,DC,NK,NK,-8.936567711,-8.056135099
TCGCTCAAGCGACCCT-1_1_1_1_1,DC,NKT,T,-5.143121647,-3.187145631
TCGCTTGGTATGGGAC-1_1_1_1_1,DC,NaiveT,T,1.523101045,6.433189471
TCGGATAGTCGGTGTC-1_1_1_1_1,DC,NaiveT,T,2.144119454,5.304418166
TCGGATATCATAGCAC-1_1_1_1_1,DC,NaiveT,T,-1.131888436,6.595315058
TCGGGCAGTGACTGTT-1_1_1_1_1,DC,NK,NK,-8.935911583,-8.544973295
TCGGGTGAGCATCAAA-1_1_1_1_1,DC,NKT,T,-5.897880005,-1.896178763
TCGGGTGCAGAGCTAG-1_1_1_1_1,DC,NK,NK,-7.739213394,-6.600376051
TCGTAGAGTTACCGTA-1_1_1_1_1,DC,NaiveT,T,-0.407963323,8.379775126
TCGTAGATCGAGGCAA-1_1_1_1_1,DC,NK,NK,-5.055519032,-6.386480253
TCGTCCACAGAGACTG-1_1_1_1_1,DC,NK,NK,-9.033270287,-6.239828985
TCGTCCATCGCCAGTG-1_1_1_1_1,DC,NaiveT,T,0.774700655,9.203947146
TCGTGCTGTCCTGTTC-1_1_1_1_1,DC,T-Helper,T,2.038733316,3.438505251
TCTAACTCAGGCATGA-1_1_1_1_1,DC,TCM,T,-1.465031194,4.699997504
TCTATACCAGATCATC-1_1_1_1_1,DC,NaiveT,T,0.194858443,7.45541199
TCTCACGGTACGCGTC-1_1_1_1_1,DC,NKT,T,-4.347049164,-2.593699615
TCTCAGCCATGATCTG-1_1_1_1_1,DC,ILC,ILC,8.140554024,1.304112155
TCTCCGAGTCCAGAAG-1_1_1_1_1,DC,NaiveT,T,4.800219131,6.610424597
TCTCCGAGTTATTCCT-1_1_1_1_1,DC,gdT,T,8.54038961,-5.982716005
TCTGCCAAGGCAATGC-1_1_1_1_1,DC,NKT,T,-5.065250324,-2.870535295
TCTGCCATCTAACGCA-1_1_1_1_1,DC,NaiveT,T,2.022117568,8.579055865
TCTTAGTCAATACGCT-1_1_1_1_1,DC,ILC,ILC,9.337579323,2.63412245
TCTTCCTTCTTCACGC-1_1_1_1_1,DC,NaiveT,T,2.951172663,6.56427582
TGAACGTAGACATCCT-1_1_1_1_1,DC,gdT,T,8.218777252,-4.15432493
TGAATCGCAGACAATA-1_1_1_1_1,DC,NK,NK,-8.304312157,-7.943975847
TGAATGCAGGACGCAT-1_1_1_1_1,DC,T-Helper,T,1.339602066,1.047323067
TGAATGCGTTATTCTC-1_1_1_1_1,DC,ILC,ILC,7.695205284,1.079430063
TGACAGTCAACACGAG-1_1_1_1_1,DC,T-DN,T,0.357090501,2.437642176
TGACCCTTCGACACCG-1_1_1_1_1,DC,ILC,ILC,8.893946243,1.723012288
TGACCCTTCGGAGCAA-1_1_1_1_1,DC,NK,NK,-7.401139664,-5.768139284
TGACGCGTCGAGCCAC-1_1_1_1_1,DC,NaiveT,T,-0.998791145,6.978040774
TGACTCCAGGTCGAGT-1_1_1_1_1,DC,NaiveT,T,-0.899858641,6.409707148
TGACTCCGTCACCCTT-1_1_1_1_1,DC,NaiveT,T,1.698466612,8.19063576
TGAGCATAGCAATTCC-1_1_1_1_1,DC,Cytotoxic,T,-5.003137993,0.610194642
TGAGCATGTAGGACTG-1_1_1_1_1,DC,T-DN,T,-0.058611291,2.59662946
TGAGCATGTTGTCTAG-1_1_1_1_1,DC,ILC,ILC,8.363102509,1.04678138
TGAGCGCAGTAGGTTA-1_1_1_1_1,DC,NKT,T,-3.482386993,-2.467615526
TGAGCGCCAGCCATTA-1_1_1_1_1,DC,NKT,T,-3.374317097,-3.389022749
TGAGGTTAGTATGTAG-1_1_1_1_1,DC,NK,NK,-6.87743132,-5.08212177
TGAGTCACAGATAAAC-1_1_1_1_1,DC,NaiveT,T,-0.850913095,7.328248579
TGAGTCAGTATACCCA-1_1_1_1_1,DC,ILC,ILC,7.955389095,1.15203758
TGATCAGCAGGTCAAG-1_1_1_1_1,DC,NaiveT,T,-0.304832148,6.245964129
TGATCAGCATGCCATA-1_1_1_1_1,DC,NaiveT,T,-1.071872639,7.984268267
TGATCAGGTAACCCTA-1_1_1_1_1,DC,NK,NK,-8.12287085,-7.465957563
TGATCTTCAAGTATAG-1_1_1_1_1,DC,NaiveT,T,-1.422400879,6.331564028
TGATGCATCTCATTTG-1_1_1_1_1,DC,NaiveT,T,2.745024515,7.495313723
TGATGGTAGCCTTCTC-1_1_1_1_1,DC,NaiveT,T,2.235461308,6.681397993
TGATTTCTCCTTCTGG-1_1_1_1_1,DC,NaiveT,T,1.736118032,7.284426291
TGCACGGGTTGGGATG-1_1_1_1_1,DC,NaiveT,T,-1.387553619,7.834155638
TGCAGTAAGTAAGACT-1_1_1_1_1,DC,ILC,ILC,8.639021469,1.27984472
TGCGACGCAACCACGC-1_1_1_1_1,DC,NaiveT,T,1.216861559,6.804129202
TGCGATAGTAAGAACT-1_1_1_1_1,DC,NaiveT,T,0.83236636,6.913550932
TGCGGCATCGTGACTA-1_1_1_1_1,DC,NaiveT,T,2.550422503,6.522200186
TGCTCCACATCGTCCT-1_1_1_1_1,DC,ILC,ILC,8.564376427,2.088100274
TGCTCGTCATAACGGG-1_1_1_1_1,DC,NaiveT,T,1.950879289,7.951578219
TGCTGAAGTACTCAAC-1_1_1_1_1,DC,NaiveT,T,-1.137026834,6.044190962
TGCTTCGTCGTTCATT-1_1_1_1_1,DC,ILC,ILC,9.498982979,2.670613129
TGCTTGCCACGTACAT-1_1_1_1_1,DC,NK,NK,-8.946890282,-8.53035919
TGGAACTTCACTGATG-1_1_1_1_1,DC,ILC,ILC,9.409706665,2.770617564
TGGAACTTCCGACAGC-1_1_1_1_1,DC,ILC,ILC,8.318412376,1.288708527
TGGAGAGAGCCTTGAT-1_1_1_1_1,DC,Cytotoxic,T,-4.003246712,2.337536175
TGGATCATCCTATGGA-1_1_1_1_1,DC,NaiveT,T,-0.611314045,6.676925738
TGGATGTCAGCCTATA-1_1_1_1_1,DC,ILC,ILC,8.190092636,1.97464474
TGGATGTGTGCCGAAA-1_1_1_1_1,DC,NaiveT,T,-1.831134604,6.813920576
TGGGAGAGTAGTTCCA-1_1_1_1_1,DC,gdT,T,8.862604691,-3.890455883
TGGGCGTCAGGAATAT-1_1_1_1_1,DC,ILC,ILC,8.062435699,1.598535974
TGGGTTATCATGGATC-1_1_1_1_1,DC,ILC,ILC,7.210780693,1.932513554
TGGTAGTAGAGCAGAA-1_1_1_1_1,DC,NKT,T,-5.140899586,-2.824054639
TGGTGATTCAGCCCAG-1_1_1_1_1,DC,ILC,ILC,7.556193424,0.927718003
TGGTTAGAGTTTCAGC-1_1_1_1_1,DC,NaiveT,T,0.11493816,7.990600665
TGTAAGCCATGACTCA-1_1_1_1_1,DC,NK,NK,-8.818563866,-6.586985986
TGTACAGTCAAGAGTA-1_1_1_1_1,DC,TCM,T,-2.125312017,4.565556605
TGTCCCAAGGGTTAAT-1_1_1_1_1,DC,T-Helper,T,2.197144342,1.246774633
TGTCCCACAACTCGTA-1_1_1_1_1,DC,NaiveT,T,2.113161398,7.018403132
TGTGAGTCATCTTTCA-1_1_1_1_1,DC,NaiveT,T,0.947198702,8.981389124
TGTGATGCACGCGTGT-1_1_1_1_1,DC,Cytotoxic,T,-3.06476848,3.720917303
TGTGATGCATCCGTGG-1_1_1_1_1,DC,NK,NK,-7.461969303,-7.608216684
TGTGGCGCACGCTGTG-1_1_1_1_1,DC,Cytotoxic,T,-4.460000442,0.269328971
TGTGGCGGTTGTTGTG-1_1_1_1_1,DC,NKT,T,-4.977312492,-2.369949977
TGTTACTAGACATAAC-1_1_1_1_1,DC,NK,NK,-8.072643684,-7.222477357
TGTTCCGAGCCAGAGT-1_1_1_1_1,DC,T-Helper,T,0.670297218,0.684303481
TGTTCTACAGTTGTTG-1_1_1_1_1,DC,NaiveT,T,1.822155906,8.23838814
TGTTCTATCGCTACAA-1_1_1_1_1,DC,gdT,T,9.385414673,-6.338280122
TGTTGAGCATACTTTC-1_1_1_1_1,DC,NK,NK,-6.57391684,-3.689996641
TGTTGGAGTGTTCATG-1_1_1_1_1,DC,NKT,T,-4.849056648,-2.536428135
TTACAGGAGTCACTGT-1_1_1_1_1,DC,NaiveT,T,1.809813334,8.001131136
TTACCGCTCAGCTCTC-1_1_1_1_1,DC,NK,NK,-8.163654732,-6.396231096
TTACTGTGTTGTGCCG-1_1_1_1_1,DC,NK,NK,-7.446053432,-7.231004636
TTAGGCAGTATCACCA-1_1_1_1_1,DC,NaiveT,T,0.346030516,6.388397772
TTAGGGTAGCCATCCG-1_1_1_1_1,DC,ILC,ILC,6.676715446,1.611629445
TTAGTCTTCACACCGG-1_1_1_1_1,DC,NaiveT,T,2.586022211,7.589308817
TTCACCGCACTCCTGT-1_1_1_1_1,DC,NaiveT,T,2.158503486,6.5341173
TTCACCGGTGCGGTAA-1_1_1_1_1,DC,NaiveT,T,1.184855653,8.339957316
TTCACGCAGGTTTACC-1_1_1_1_1,DC,Cytotoxic,T,-3.755608486,3.182628472
TTCACGCTCGCCTATC-1_1_1_1_1,DC,Cytotoxic,T,-2.647419142,0.356038858
TTCATGTGTGTCTAAC-1_1_1_1_1,DC,ILC,ILC,8.499461723,1.380850036
TTCATTGTCCTCACGT-1_1_1_1_1,DC,ILC,ILC,7.172225548,1.930550177
TTCCAATAGAGCAGAA-1_1_1_1_1,DC,NaiveT,T,2.747117115,7.378846247
TTCCACGCAGAGATGC-1_1_1_1_1,DC,NaiveT,T,2.140909744,7.478948195
TTCCTCTAGTCCCGGT-1_1_1_1_1,DC,ILC,ILC,8.441121651,2.432490666
TTCCTTCCACTTCAGA-1_1_1_1_1,DC,NKT,T,-4.534700321,-3.289804857
TTCGCTGGTGATGTAA-1_1_1_1_1,DC,NKT,T,-5.920336651,-2.063568633
TTCGGTCTCAGGAACG-1_1_1_1_1,DC,NK,NK,-6.922636913,-7.2039241
TTCTAACGTGCAATGG-1_1_1_1_1,DC,NaiveT,T,0.779357685,7.94919594
TTCTAGTCAGCTCTGG-1_1_1_1_1,DC,ILC,ILC,8.597158981,1.384745557
TTCTCTCCAGTATTCG-1_1_1_1_1,DC,NaiveT,T,2.432382418,7.089128096
TTGAACGCAACTCATG-1_1_1_1_1,DC,NKT,T,-4.02003281,-2.942857187
TTGAACGGTGAGACGT-1_1_1_1_1,DC,NaiveT,T,-1.084300684,7.168208678
TTGACCCCAATTGCTG-1_1_1_1_1,DC,Cytotoxic,T,-3.659666466,3.21138509
TTGCGTCAGACTTCAC-1_1_1_1_1,DC,Treg,T,2.922468496,3.729638178
TTGGATGAGACAAGCC-1_1_1_1_1,DC,T-Helper,T,0.144776976,0.362897594
TTGGATGGTGACAACG-1_1_1_1_1,DC,ILC,ILC,8.268017365,1.297579605
TTGGGCGAGATGACAT-1_1_1_1_1,DC,ILC,ILC,6.839390827,1.894517858
TTGGGCGAGGGTATAT-1_1_1_1_1,DC,NaiveT,T,-0.493938552,7.161236365
TTGGGCGTCTTCCAGC-1_1_1_1_1,DC,NK,NK,-7.498070644,-7.942377489
TTGTGGAGTAGAGACC-1_1_1_1_1,DC,Treg,T,3.445501638,1.753511746
TTGTGGATCCCTGGTT-1_1_1_1_1,DC,NaiveT,T,-1.296403574,6.680310328
TTGTGTTAGGGTACAC-1_1_1_1_1,DC,NaiveT,T,-1.338070678,7.492490847
TTGTGTTAGTTACGAA-1_1_1_1_1,DC,TCM,T,-2.115224766,5.178484995
TTGTTCACACGCTTAA-1_1_1_1_1,DC,NKT,T,-3.733800339,-2.508639019
TTGTTCAGTAATCAGA-1_1_1_1_1,DC,NKT,T,-5.165592598,-3.557388704
TTGTTGTCAGGGAATC-1_1_1_1_1,DC,NaiveT,T,-0.484647917,6.455236037
TTTACCAAGCATTGAA-1_1_1_1_1,DC,NaiveT,T,1.957816793,6.28836735
TTTAGTCAGACGTCGA-1_1_1_1_1,DC,NaiveT,T,1.884671761,8.946721156
TTTCACAAGACATGCG-1_1_1_1_1,DC,NK,NK,-6.333692955,-4.534930627
TTTCACAAGTTGCCCG-1_1_1_1_1,DC,NaiveT,T,1.666784359,6.927125533
TTTCATGTCTCTATGT-1_1_1_1_1,DC,NK,NK,-8.498873161,-8.133906286
TTTCCTCAGGTCACTT-1_1_1_1_1,DC,ILC,ILC,8.634613586,2.029768546
TTTCCTCCAAGACCTT-1_1_1_1_1,DC,NKT,T,-6.114361214,-2.11173002
TTTCCTCGTAGCCAGA-1_1_1_1_1,DC,NaiveT,T,2.263472391,6.273261626
TTTCGATTCCATTGTT-1_1_1_1_1,DC,NaiveT,T,2.111927701,8.474633295
TTTGACTGTGACGCCT-1_1_1_1_1,DC,NK,NK,-8.265292572,-8.370575826
TTTGATCCATGGAGAC-1_1_1_1_1,DC,Cytotoxic,T,-0.951331543,1.66975971
TTTGGAGTCACTGCTC-1_1_1_1_1,DC,NaiveT,T,-0.239541756,8.644214709
TTTGGAGTCTATACTC-1_1_1_1_1,DC,NaiveT,T,0.141779506,7.28842314
TTTGGTTCAGCACGAA-1_1_1_1_1,DC,gdT,T,8.173127724,-6.758948248
TTTGGTTGTCGGTAAG-1_1_1_1_1,DC,ILC,ILC,9.190437866,2.257393677
TTTGGTTTCACCTTGC-1_1_1_1_1,DC,T-Helper,T,1.078333093,-0.915657203
TTTGTTGAGCCTCGTG-1_1_1_1_1,DC,NaiveT,T,1.039251042,6.755490382
ACCACAAAGTTTCGAC-1_2_1_1_1,DC,NaiveT,T,2.841453625,6.818904002
ACCATTTAGGAATCGC-1_2_1_1_1,DC,ILC,ILC,8.58016832,1.780899484
ACCCAAAGTGAGACGT-1_2_1_1_1,DC,Cytotoxic,T,-2.464550899,1.126127083
ACCCTCACATCGGAGA-1_2_1_1_1,DC,NKT,T,-5.134756493,-2.306153457
ACCCTTGCAATGGCCC-1_2_1_1_1,DC,NaiveT,T,1.304512931,6.707346041
ACCCTTGTCTACTATC-1_2_1_1_1,DC,NaiveT,T,-0.312371032,6.505558569
ACCGTTCTCTGTGCTC-1_2_1_1_1,DC,T-DN,T,0.614874823,3.38836344
ACCTGAACAGACGGAT-1_2_1_1_1,DC,Cytotoxic,T,-3.209380077,0.391156245
ACCTGAAGTCGGCTAC-1_2_1_1_1,DC,NaiveT,T,1.488678528,7.408782561
ACCTGTCAGTCGAGGT-1_2_1_1_1,DC,Cytotoxic,T,-2.508163141,1.018326719
ACGATCAAGTGCAGGT-1_2_1_1_1,DC,T-DN,T,0.078832356,2.134571392
ACGATCACATGTCAGT-1_2_1_1_1,DC,NaiveT,T,1.641476108,7.782411177
ACGATCAGTGGGATTG-1_2_1_1_1,DC,NaiveT,T,-0.768603491,7.645297606
ACGATCATCACCCATC-1_2_1_1_1,DC,NaiveT,T,-0.872157978,6.892023165
ACGATGTGTCTGATCA-1_2_1_1_1,DC,gdT,T,9.032809807,-5.946558874
ACGCACGGTGTCTTCC-1_2_1_1_1,DC,NaiveT,T,2.389000488,7.699181158
ACGGGTCCAAAGGTTA-1_2_1_1_1,DC,Cytotoxic,T,-1.267500566,1.049908001
ACGTAACAGGGAACAA-1_2_1_1_1,DC,NaiveT,T,2.113798333,6.547463496
ACGTAACGTTATTCCT-1_2_1_1_1,DC,NKT,T,-4.896553921,-3.035935323
ACGTAACTCTATGCCC-1_2_1_1_1,DC,Cytotoxic,T,-4.446588444,0.62744822
ACGTACACACCTCGTT-1_2_1_1_1,DC,NaiveT,T,2.876668764,7.611268599
ACGTCCTAGTCGAAAT-1_2_1_1_1,DC,NK,NK,-4.829653191,-4.67551605
ACGTTCCAGGATTTAG-1_2_1_1_1,DC,ILC,ILC,8.493243767,2.563196738
ACGTTCCCATTCCTAT-1_2_1_1_1,DC,T-Helper,T,-0.444506632,-1.182234447
ACGTTCCGTCGTCTCT-1_2_1_1_1,DC,Cytotoxic,T,-4.234785484,2.068546374
ACTACGACAAGATTGA-1_2_1_1_1,DC,NKT,T,-4.626573967,-2.956211488
ACTATGGGTTCCTAGA-1_2_1_1_1,DC,Treg,T,3.195823742,0.130067785
ACTCCCAGTCCCGTGA-1_2_1_1_1,DC,NKT,T,-5.156337189,-1.56772701
ACTCTCGGTACGCGTC-1_2_1_1_1,DC,NaiveT,T,-1.090629505,7.970480044
ACTGATGTCGCAGTCG-1_2_1_1_1,DC,NK,NK,-8.756648468,-6.808153551
ACTGTCCAGTCGCGAA-1_2_1_1_1,DC,T-DN,T,0.797775937,3.070177395
ACTGTCCCAACCAGAG-1_2_1_1_1,DC,Treg,T,2.361457182,-0.044736068
ACTGTGACAATAGTAG-1_2_1_1_1,DC,Cytotoxic,T,-1.231960582,1.16545387
ACTGTGACACGCTATA-1_2_1_1_1,DC,NaiveT,T,2.138052298,6.674796183
ACTGTGATCGGTGTTA-1_2_1_1_1,DC,NK,NK,-4.698975491,-4.672222536
ACTTCCGAGTACCGGA-1_2_1_1_1,DC,NK,NK,-6.810007977,-5.471496027
ACTTCCGGTGCTCTCT-1_2_1_1_1,DC,NK,NK,-6.775553631,-7.357757967
ACTTCCGTCGTGTCAA-1_2_1_1_1,DC,NaiveT,T,-1.135485338,6.526134093
ACTTTCAAGAGCAGTC-1_2_1_1_1,DC,gdT,T,8.253352715,-5.946961324
ACTTTCAGTCGCATCG-1_2_1_1_1,DC,NaiveT,T,0.716385377,6.955339987
ACTTTCATCATTTCGT-1_2_1_1_1,DC,T-Helper,T,2.404100491,3.283091385
ACTTTGTAGCGTATAA-1_2_1_1_1,DC,T-DN,T,1.190974904,3.312124331
ACTTTGTCATGAATCC-1_2_1_1_1,DC,NaiveT,T,0.937632097,8.183939059
AGAAATGCAACCGATT-1_2_1_1_1,DC,Cytotoxic,T,-1.481560992,0.184349884
AGAACAAGTATCGTAC-1_2_1_1_1,DC,T-Helper,T,0.246532759,1.519896109
AGAAGCGAGTGATAGT-1_2_1_1_1,DC,Cytotoxic,T,-4.854121613,-0.232426207
AGAAGTATCTTACCAT-1_2_1_1_1,DC,NaiveT,T,2.081426693,7.975642283
AGACACTTCAACTCTT-1_2_1_1_1,DC,NaiveT,T,2.520102573,7.753991682
AGAGAATCAACGGCTC-1_2_1_1_1,DC,Cytotoxic,T,-4.896635937,0.496935744
AGAGAATGTACCAATC-1_2_1_1_1,DC,NaiveT,T,1.942406131,6.960764487
AGAGAATTCAAGTAAG-1_2_1_1_1,DC,T-Helper,T,0.955842269,1.9532636
AGAGAATTCATGTCTT-1_2_1_1_1,DC,T-Helper,T,1.854367567,1.19648083
AGAGAGCTCCTGTTGC-1_2_1_1_1,DC,T-Helper,T,0.166812657,0.460396964
AGAGCAGAGAGCCATG-1_2_1_1_1,DC,ILC,ILC,9.135932518,2.284844954
AGAGCAGCACGTTCGG-1_2_1_1_1,DC,NKT,T,-0.745255696,-1.401074331
AGATAGACAACTGCTA-1_2_1_1_1,DC,Treg,T,4.120693041,0.098903541
AGATCCAAGGTTCTTG-1_2_1_1_1,DC,NaiveT,T,2.358444525,7.610173781
AGATCCATCTTAGGAC-1_2_1_1_1,DC,NaiveT,T,2.369591547,7.489750941
AGATGAAAGTGATCGG-1_2_1_1_1,DC,NK,NK,-6.862679886,-5.451811235
AGATGAAGTCAAGCCC-1_2_1_1_1,DC,Cytotoxic,T,-2.221497463,0.880959411
AGATGCTGTAGGACCA-1_2_1_1_1,DC,T-DN,T,0.079562617,1.496148784
AGCATCAGTCGTCAGC-1_2_1_1_1,DC,Cytotoxic,T,-0.749705659,0.053015653
AGCCAATGTTAATCGC-1_2_1_1_1,DC,Cytotoxic,T,-2.153204845,0.935868938
AGCCACGGTCCACTTC-1_2_1_1_1,DC,Cytotoxic,T,-1.181123899,2.471206982
AGCCAGCAGTTAGTAG-1_2_1_1_1,DC,ILC,ILC,8.890862061,1.211500485
AGCGATTAGCGGACAT-1_2_1_1_1,DC,NK,NK,-8.068149971,-6.842852991
AGCGATTTCAGCCTCT-1_2_1_1_1,DC,T-Helper,T,1.183587504,1.419353206
AGCGCCATCCAAGAGG-1_2_1_1_1,DC,NaiveT,T,1.881431175,8.912681658
AGCGCTGAGAACCCGA-1_2_1_1_1,DC,T-Helper,T,1.41656406,1.801227648
AGCGCTGTCACCTCGT-1_2_1_1_1,DC,Cytotoxic,T,0.086717723,-2.042771738
AGCGCTGTCCTCTAAT-1_2_1_1_1,DC,NaiveT,T,1.4181139,8.676593859
AGCGTCGCAAAGCAAT-1_2_1_1_1,DC,NKT,T,-3.918005871,-2.901071708
AGCTTCCAGGATCACG-1_2_1_1_1,DC,T-Helper,T,2.732151581,1.736752946
AGCTTCCTCTGGACCG-1_2_1_1_1,DC,Treg,T,2.821653677,0.849936802
AGGAAATAGGTGAGCT-1_2_1_1_1,DC,T-Helper,T,2.05961032,1.219000776
AGGAAATTCCGAGCTG-1_2_1_1_1,DC,NaiveT,T,-1.223309802,7.807496149
AGGAATATCCGGTAAT-1_2_1_1_1,DC,NK,NK,-6.879691528,-3.995339315
AGGACGAAGAGGCCAT-1_2_1_1_1,DC,NaiveT,T,-0.3929991,7.875441153
AGGACGACATCCTGTC-1_2_1_1_1,DC,Cytotoxic,T,-2.770763325,2.440732558
AGGACGATCACGGGAA-1_2_1_1_1,DC,NKT,T,-5.154430317,-1.896088998
AGGATCTAGATGATTG-1_2_1_1_1,DC,Cytotoxic,T,-3.352022337,0.949953039
AGGATCTCACGGATCC-1_2_1_1_1,DC,NK,NK,-8.815285133,-6.908055704
AGGCCACCAGCGTGCT-1_2_1_1_1,DC,NaiveT,T,-0.917919206,7.519593794
AGGGCCTCAGAAGTGC-1_2_1_1_1,DC,NaiveT,T,0.142973121,7.907231409
AGGGCCTGTCACTTCC-1_2_1_1_1,DC,NaiveT,T,2.105715109,8.399524767
AGGGCCTGTCTGTGAT-1_2_1_1_1,DC,NKT,T,-6.607044147,-3.796823423
AGGGCCTTCTCGGGAC-1_2_1_1_1,DC,NaiveT,T,2.116827799,8.278830607
AGGGCTCAGGCACTCC-1_2_1_1_1,DC,NaiveT,T,-1.736190008,7.069285948
AGGGCTCGTGATCGTT-1_2_1_1_1,DC,NK,NK,-7.659931587,-4.966295164
AGGGCTCTCCACTGAA-1_2_1_1_1,DC,ILC,ILC,6.837874962,1.495493133
AGGGTCCCAACACGTT-1_2_1_1_1,DC,NaiveT,T,-1.270193862,6.514378626
AGGTCATCACGACTAT-1_2_1_1_1,DC,NK,NK,-5.300782131,-6.919580381
AGGTCTATCGGCAGTC-1_2_1_1_1,DC,Cytotoxic,T,-2.710617708,1.06641825
AGGTGTTCAAGACAAT-1_2_1_1_1,DC,Cytotoxic,T,-2.917646336,2.97993644
AGGTTACGTTCACGAT-1_2_1_1_1,DC,ILC,ILC,8.978544785,2.333240349
AGGTTGTCAGTTGAAA-1_2_1_1_1,DC,ILC,ILC,8.675476624,1.007160146
AGTAACCTCCGAGGCT-1_2_1_1_1,DC,gdT,T,8.509172035,-6.715516012
AGTACCAGTCGGCCTA-1_2_1_1_1,DC,NK,NK,-6.639616417,-6.707219999
AGTACTGAGGGAGGGT-1_2_1_1_1,DC,gdT,T,8.027972771,-6.429044645
AGTACTGGTTTCCATT-1_2_1_1_1,DC,ILC,ILC,8.224461151,1.64878555
AGTAGTCCACCTCGTT-1_2_1_1_1,DC,gdT,T,7.772720409,-4.613291185
AGTAGTCTCCTAGCTC-1_2_1_1_1,DC,TCM,T,-1.992588686,4.970538695
AGTCAACGTACCAGAG-1_2_1_1_1,DC,TCM,T,1.124886228,6.364281733
AGTCACAGTCCAAGAG-1_2_1_1_1,DC,NK,NK,-7.427692818,-6.711097639
AGTCACAGTTGTTGCA-1_2_1_1_1,DC,T-Helper,T,1.662805153,3.143096526
AGTCACATCTTACCAT-1_2_1_1_1,DC,T-DN,T,0.709802044,2.80740102
AGTCATGGTCATACCA-1_2_1_1_1,DC,NK,NK,-8.53700869,-5.736160677
AGTCTCCCAATCCTTT-1_2_1_1_1,DC,NKT,T,-4.248928951,-3.225855272
AGTGACTGTTAGAAAC-1_2_1_1_1,DC,Cytotoxic,T,-3.237584995,1.973512251
AGTGATCCATCCGTGG-1_2_1_1_1,DC,ILC,ILC,7.657497002,1.745450456
AGTTAGCGTCGGTGAA-1_2_1_1_1,DC,NK,NK,-5.154153275,-3.788843553
AGTTCCCTCCTGTACC-1_2_1_1_1,DC,Cytotoxic,T,-1.722670125,5.718712885
AGTTCGATCGCTGTCT-1_2_1_1_1,DC,NaiveT,T,0.37586665,8.049819071
ATACCGAAGAGAGCCT-1_2_1_1_1,DC,NK,NK,-7.605251717,-6.432468813
ATACCTTCAGACGATG-1_2_1_1_1,DC,Treg,T,3.343679262,-0.727065961
ATAGACCGTACAATAG-1_2_1_1_1,DC,NaiveT,T,1.221945358,6.763345797
ATAGACCGTAGCTGTT-1_2_1_1_1,DC,NK,NK,-7.799109863,-6.913353841
ATAGACCGTGACGCCT-1_2_1_1_1,DC,Cytotoxic,T,-1.686662721,0.291732271
ATAGACCTCAAGGAGC-1_2_1_1_1,DC,NaiveT,T,-1.170323419,6.239407618
ATAGAGAAGGCAATGC-1_2_1_1_1,DC,Cytotoxic,T,-3.044832157,4.203536112
ATAGAGATCACCCTTG-1_2_1_1_1,DC,T-Helper,T,1.067027582,0.277873803
ATATCCTCATGCACTA-1_2_1_1_1,DC,ILC,ILC,7.102160049,1.409360726
ATCACGATCAACCTTT-1_2_1_1_1,DC,ILC,ILC,9.346005035,2.488157113
ATCACGATCTGGGCAC-1_2_1_1_1,DC,T-Helper,T,0.15643355,1.581654389
ATCACTTGTGCGGCTT-1_2_1_1_1,DC,Cytotoxic,T,-3.723287271,1.698934514
ATCACTTTCGAGTCCG-1_2_1_1_1,DC,NKT,T,-4.521047997,-3.418214004
ATCAGGTTCACGAACT-1_2_1_1_1,DC,NKT,T,-4.529489445,-3.265474479
ATCAGGTTCTCGACCT-1_2_1_1_1,DC,T-Helper,T,1.024697436,1.382985313
ATCATTCCATCCTAAG-1_2_1_1_1,DC,NK,NK,-1.16659336,-5.104657095
ATCCACCGTAGACACG-1_2_1_1_1,DC,NK,NK,-4.953556942,-4.902253549
ATCCACCTCATTCATC-1_2_1_1_1,DC,Cytotoxic,T,-4.420883106,-0.048334974
ATCCCTGAGACGACTG-1_2_1_1_1,DC,NaiveT,T,0.280132247,7.937786181
ATCCGTCCACCTATCC-1_2_1_1_1,DC,NK,NK,-9.273565697,-7.841683309
ATCCGTCCACTGCGTG-1_2_1_1_1,DC,NK,NK,-2.871653723,-2.973425071
ATCCGTCTCGTTCCTG-1_2_1_1_1,DC,Treg,T,3.638360811,-0.77233712
ATCCTATAGTCCCGAC-1_2_1_1_1,DC,ILC,ILC,9.125395371,2.463708479
ATCCTATCAACGGTAG-1_2_1_1_1,DC,Cytotoxic,T,-3.174471306,1.837949951
ATCGATGGTCTGTAGT-1_2_1_1_1,DC,T-Helper,T,1.723910404,2.13565572
ATCGCCTCATTGAAGA-1_2_1_1_1,DC,NKT,T,-4.374424862,-2.498845975
ATCGTAGCAGTAACAA-1_2_1_1_1,DC,T-Helper,T,0.560651911,-0.874054592
ATCGTAGTCGAGAAGC-1_2_1_1_1,DC,ILC,ILC,7.74227388,0.949252326
ATCGTAGTCGTAGTGT-1_2_1_1_1,DC,T-Helper,T,2.535562826,1.886707504
ATCGTCCGTGCTGTCG-1_2_1_1_1,DC,NK,NK,-8.924486565,-6.376501482
ATCGTGAGTTCTGACA-1_2_1_1_1,DC,NKT,T,-5.339211868,-3.092163723
ATCTCTACACTACAGT-1_2_1_1_1,DC,NKT,T,-4.220832752,-2.051871579
ATCTTCACAATCCTTT-1_2_1_1_1,DC,NaiveT,T,1.992594315,8.136921961
ATGAAAGGTGATAGAT-1_2_1_1_1,DC,Cytotoxic,T,-1.266763734,1.203330715
ATGACCAAGCTGGCTC-1_2_1_1_1,DC,T-DN,T,0.74808724,2.686648686
ATGACCATCACGTAGT-1_2_1_1_1,DC,NaiveT,T,1.00664605,7.156541903
ATGACCATCCCAAGTA-1_2_1_1_1,DC,NKT,T,-5.555684971,-1.988615077
ATGAGGGGTCCTGGTG-1_2_1_1_1,DC,NaiveT,T,2.410245253,5.935887892
ATGAGGGTCACGAACT-1_2_1_1_1,DC,NK,NK,-8.236015724,-7.764248769
ATGAGTCGTTAAGTCC-1_2_1_1_1,DC,Cytotoxic,T,-2.345829891,-0.297387059
ATGAGTCTCGGTAACT-1_2_1_1_1,DC,NaiveT,T,0.214447087,7.3569084
ATGAGTCTCTCTGACC-1_2_1_1_1,DC,NKT,T,-4.189555096,-2.803450029
ATGCCTCCACCATATG-1_2_1_1_1,DC,Cytotoxic,T,-4.589137959,0.953558524
ATGCCTCCATCAGCTA-1_2_1_1_1,DC,NaiveT,T,1.06816156,7.464989741
ATGCGATAGCTAAGTA-1_2_1_1_1,DC,NaiveT,T,2.951783014,7.517816622
ATGCGATGTCACAGAG-1_2_1_1_1,DC,T-Helper,T,2.527734352,1.210869272
ATGGGAGCAGAACTTC-1_2_1_1_1,DC,ILC,ILC,7.126294209,1.836232979
ATGGGAGGTGGCTGCT-1_2_1_1_1,DC,NKT,T,-3.505593466,-3.276103418
ATGTCTTGTCCAGTTA-1_2_1_1_1,DC,Cytotoxic,T,-3.342631029,0.357216705
ATGTCTTTCTACCACC-1_2_1_1_1,DC,NaiveT,T,0.048676936,6.890635569
ATTACCTGTCTTGCTC-1_2_1_1_1,DC,NK,NK,-7.554000305,-6.367574136
ATTACCTTCACTGTTT-1_2_1_1_1,DC,T-DN,T,0.395236535,2.891839106
ATTACTCTCTGAGGTT-1_2_1_1_1,DC,T-Helper,T,1.592542959,0.763243992
ATTATCCAGATAACAC-1_2_1_1_1,DC,NK,NK,-8.976791786,-7.892180841
ATTATCCCACCGTCTT-1_2_1_1_1,DC,NK,NK,-8.060062813,-8.306586187
ATTCACTTCCACTAGA-1_2_1_1_1,DC,ILC,ILC,9.429804398,2.814578373
ATTCAGGAGACGGAAA-1_2_1_1_1,DC,Cytotoxic,T,-1.810205626,0.105127264
ATTCATCGTTGTATGC-1_2_1_1_1,DC,NK,NK,-8.306202339,-5.404936712
ATTCATCTCAACTGAC-1_2_1_1_1,DC,ILC,ILC,9.477613045,2.899444659
ATTCATCTCTTACGTT-1_2_1_1_1,DC,NaiveT,T,-1.514409827,5.44853409
ATTCCATGTCATCGGC-1_2_1_1_1,DC,Cytotoxic,T,-2.887041973,1.087703545
ATTCCATTCTCATTGT-1_2_1_1_1,DC,NKT,T,-5.562949108,-1.725428979
ATTCCCGGTAGTGATA-1_2_1_1_1,DC,Cytotoxic,T,-1.471824454,-0.119576137
ATTCCTAGTCAGTCGC-1_2_1_1_1,DC,NaiveT,T,1.671015931,8.801325877
ATTCCTAGTGTTCCAA-1_2_1_1_1,DC,ILC,ILC,9.428573204,2.670933087
ATTCCTAGTTCCGCGA-1_2_1_1_1,DC,NK,NK,-5.624205517,-5.804055612
ATTCGTTTCGCAATGT-1_2_1_1_1,DC,ILC,ILC,8.557646347,1.837003429
ATTCTACAGGGCGAGA-1_2_1_1_1,DC,gdT,T,7.475676132,-4.756728571
ATTGGGTCAGTCTACA-1_2_1_1_1,DC,T-Helper,T,2.954937054,2.767594416
ATTGGGTTCTTGATTC-1_2_1_1_1,DC,Cytotoxic,T,-3.278297352,1.668860752
ATTGTTCTCTGATTCT-1_2_1_1_1,DC,NK,NK,-7.694956707,-8.20075218
ATTTACCAGTGGACTG-1_2_1_1_1,DC,ILC,ILC,9.581668449,2.591648419
CAAAGAATCAGCAGAG-1_2_1_1_1,DC,NK,NK,-7.540575432,-6.743060033
CAACAACCATCAGCTA-1_2_1_1_1,DC,NaiveT,T,2.829331947,8.061651308
CAACCTCAGTCATACC-1_2_1_1_1,DC,NK,NK,-7.058056759,-6.192162435
CAACCTCAGTCTGCGC-1_2_1_1_1,DC,NK,NK,-6.266433166,-5.946441572
CAACGATCACATATGC-1_2_1_1_1,DC,Cytotoxic,T,0.176639663,-3.353009622
CAACGGCAGATCGGTG-1_2_1_1_1,DC,NK,NK,-7.494527744,-5.748752039
CAACGGCCAACTCCCT-1_2_1_1_1,DC,Cytotoxic,T,-2.955736326,0.029156823
CAAGACTGTCTCAGAT-1_2_1_1_1,DC,Cytotoxic,T,-1.217412995,-0.240567874
CAAGACTTCTGGTGGC-1_2_1_1_1,DC,T-Helper,T,0.590566827,-0.997552137
CAAGCTACAGCAGTAG-1_2_1_1_1,DC,Treg,T,2.642185522,-1.668881934
CAAGCTACATATCTGG-1_2_1_1_1,DC,Cytotoxic,T,-2.754652428,1.251144965
CAAGGGAAGGTGATCG-1_2_1_1_1,DC,Cytotoxic,T,-2.58440082,-0.099926167
CAAGGGACAAATGAAC-1_2_1_1_1,DC,NaiveT,T,1.876846863,4.137956698
CAATACGCAACCGACC-1_2_1_1_1,DC,TCM,T,-1.542490648,5.472402651
CAATCGAGTACGCTTA-1_2_1_1_1,DC,NK,NK,-5.74206345,-4.896038931
CAATCGATCCCGAGAC-1_2_1_1_1,DC,NaiveT,T,0.963777495,8.127598841
CAATGACCATGACTAC-1_2_1_1_1,DC,T-Helper,T,0.727245165,-3.995069187
CAATGACGTCACAGTT-1_2_1_1_1,DC,ILC,ILC,8.319925858,0.84173419
CACAACAAGTGTACAA-1_2_1_1_1,DC,NK,NK,-8.370733665,-6.266251962
CACACAAGTACCCAGC-1_2_1_1_1,DC,Cytotoxic,T,-0.662739383,-0.009179484
CACAGATTCCCTCTTT-1_2_1_1_1,DC,Cytotoxic,T,-2.752845692,0.319072623
CACAGGCAGTTGAATG-1_2_1_1_1,DC,Cytotoxic,T,-4.504301952,0.653924365
CACATGAGTACCGGAA-1_2_1_1_1,DC,T-Helper,T,1.902014328,1.157126624
CACATGAGTGCATACT-1_2_1_1_1,DC,ILC,ILC,7.290803505,1.347244937
CACCAAAAGTCTTCCC-1_2_1_1_1,DC,NaiveT,T,0.437669707,7.487792094
CACCGTTAGGTAATCA-1_2_1_1_1,DC,NaiveT,T,-0.997893619,6.420706351
CACCGTTTCCATTTGT-1_2_1_1_1,DC,NK,NK,-8.128939079,-5.986849706
CACGAATAGCACTCGC-1_2_1_1_1,DC,T-Helper,T,1.607379151,0.602201302
CACGTTCCAATAGTCC-1_2_1_1_1,DC,ILC,ILC,7.93404491,1.894224007
CACTAAGTCGCGGACT-1_2_1_1_1,DC,NKT,T,-4.142295288,-2.937734525
CACTGAATCCTGTTAT-1_2_1_1_1,DC,NKT,T,-5.401748585,-2.991370361
CACTGGGGTCTCGGAC-1_2_1_1_1,DC,NK,NK,-8.009917664,-8.121960561
CACTGTCAGAGGTGCT-1_2_1_1_1,DC,NK,NK,-1.983152555,-4.019468706
CACTGTCGTTGCCATA-1_2_1_1_1,DC,T-Helper,T,1.035321189,0.296534617
CACTTCGCACCAGGTC-1_2_1_1_1,DC,NK,NK,-6.873872208,-5.721944254
CACTTCGGTAAGACCG-1_2_1_1_1,DC,NK,NK,-7.611350464,-4.863306444
CAGATACGTTCCAAAC-1_2_1_1_1,DC,Cytotoxic,T,-0.165238844,1.305578906
CAGATCAAGTCACGCC-1_2_1_1_1,DC,NK,NK,-6.323784756,-6.56144182
CAGATTGGTGCATGAG-1_2_1_1_1,DC,NaiveT,T,-1.008301901,7.975665171
CAGCACGAGCATGTTC-1_2_1_1_1,DC,Cytotoxic,T,-3.946773933,2.632817824
CAGCACGGTAGCGCCT-1_2_1_1_1,DC,NKT,T,-5.002835201,-2.269772928
CAGCCAGTCAAGAAAC-1_2_1_1_1,DC,TCM,T,1.35514207,5.518115122
CAGGCCAGTCAGTCGC-1_2_1_1_1,DC,NaiveT,T,-1.009945439,5.815008242
CAGGGCTGTCAACACT-1_2_1_1_1,DC,gdT,T,8.35468824,-3.973603647
CAGGGCTGTTTGATCG-1_2_1_1_1,DC,NK,NK,-6.135615753,-5.229526918
CAGGGCTTCAAAGGTA-1_2_1_1_1,DC,Cytotoxic,T,-0.758909332,-1.615260761
CAGTGCGAGCGGTAGT-1_2_1_1_1,DC,ILC,ILC,7.234521938,2.120961983
CAGTGCGGTAAGCTCT-1_2_1_1_1,DC,NK,NK,-8.841225075,-6.917037408
CAGTTCCGTCGTGGTC-1_2_1_1_1,DC,NK,NK,-5.523162769,-4.857408445
CATACAGCACATTCTT-1_2_1_1_1,DC,NaiveT,T,1.774839712,7.958108027
CATACCCTCTCATTAC-1_2_1_1_1,DC,NK,NK,-8.147966789,-6.899229448
CATAGACAGATGTAGT-1_2_1_1_1,DC,NK,NK,-5.964673447,-6.549217146
CATAGACCACGTCGTG-1_2_1_1_1,DC,T-Helper,T,1.060178948,0.434976954
CATCCACAGCATGCGA-1_2_1_1_1,DC,NaiveT,T,0.607460243,7.135692675
CATCCACCACCGTGGT-1_2_1_1_1,DC,Cytotoxic,T,-4.009935307,2.579858858
CATCGTCCAGTCAGCC-1_2_1_1_1,DC,NaiveT,T,0.034414438,6.465007384
CATGCGGGTTCGTAAC-1_2_1_1_1,DC,TCM,T,-2.357705759,4.390806754
CATGCGGTCTGGGATT-1_2_1_1_1,DC,Treg,T,4.139892174,0.115294669
CATGGATAGAGTCACG-1_2_1_1_1,DC,NKT,T,-3.439717697,-2.7509741
CATTGCCCAGATTCGT-1_2_1_1_1,DC,T-DN,T,1.904316021,3.423917134
CATTGTTCAGTAACAA-1_2_1_1_1,DC,NKT,T,-4.947062897,-1.325920622
CATTTCAGTGTATACC-1_2_1_1_1,DC,NaiveT,T,1.325467301,8.598106463
CCACAAAAGTACAGAT-1_2_1_1_1,DC,Cytotoxic,T,-2.484102177,-0.020335082
CCACGAGCACTGATTG-1_2_1_1_1,DC,NKT,T,-4.694348263,-1.784377139
CCACGAGTCGGTGTAT-1_2_1_1_1,DC,T-DN,T,-3.255079197,-2.181858699
CCACGTTAGCGACTAG-1_2_1_1_1,DC,NK,NK,-7.218674587,-6.464128893
CCACTTGTCTAGACCA-1_2_1_1_1,DC,NaiveT,T,1.994409634,6.306373198
CCATAAGGTTAAGGGC-1_2_1_1_1,DC,NK,NK,-6.796368526,-5.66188566
CCATCACCATTGCAAC-1_2_1_1_1,DC,T-DN,T,0.997720076,2.628511507
CCCGAAGTCCCGAGTG-1_2_1_1_1,DC,NK,NK,-7.885870384,-5.440690916
CCCTAACCATGAGGGT-1_2_1_1_1,DC,Treg,T,3.355073048,-0.28661501
CCCTCAAAGGTGATCG-1_2_1_1_1,DC,NK,NK,-8.88126223,-8.117763441
CCCTCAACACCTGCAG-1_2_1_1_1,DC,NaiveT,T,1.21884246,7.979958613
CCCTCTCTCATAGAGA-1_2_1_1_1,DC,TCM,T,-1.459172892,3.509149868
CCCTGATTCCGTGGCA-1_2_1_1_1,DC,Cytotoxic,T,0.916572226,-3.288007896
CCGATCTTCATTACTC-1_2_1_1_1,DC,ILC,ILC,7.427028252,1.280860741
CCGATGGAGCTGTACT-1_2_1_1_1,DC,Treg,T,3.005003048,3.970183928
CCGATGGAGGAAGTAG-1_2_1_1_1,DC,NaiveT,T,1.761616422,8.208052714
CCGATGGGTTTCGGCG-1_2_1_1_1,DC,Cytotoxic,T,-5.34633057,0.213081319
CCGCAAGAGCGTGTCC-1_2_1_1_1,DC,NK,NK,-6.253216194,-7.006116312
CCGCAAGTCCTTCTGG-1_2_1_1_1,DC,NK,NK,-5.446029591,-5.260153215
CCGGACACACACCTTC-1_2_1_1_1,DC,T-Helper,T,1.758606149,2.002715428
CCGTAGGGTGGAACCA-1_2_1_1_1,DC,T-Helper,T,1.279119683,0.707121093
CCGTGAGCAATCAGCT-1_2_1_1_1,DC,NK,NK,-1.694847511,-4.807247083
CCGTGAGTCGAAACAA-1_2_1_1_1,DC,Treg,T,3.392732693,0.172850777
CCGTTCACAGAATGTA-1_2_1_1_1,DC,ILC,ILC,7.509505344,2.223520358
CCGTTCATCGGTAACT-1_2_1_1_1,DC,NaiveT,T,-0.906761335,5.984536726
CCTACGTTCGCTATTT-1_2_1_1_1,DC,Treg,T,3.511859489,0.287802566
CCTATCGGTAGACAGC-1_2_1_1_1,DC,NaiveT,T,-1.785681652,5.881670077
CCTATCGGTCGATTAC-1_2_1_1_1,DC,gdT,T,7.367558552,-5.878181379
CCTCACAAGCCGCTTG-1_2_1_1_1,DC,ILC,ILC,8.654958321,1.300694306
CCTCAGTAGCAGCGAT-1_2_1_1_1,DC,ILC,ILC,6.949769569,1.25479706
CCTCTAGAGTACCCTA-1_2_1_1_1,DC,NK,NK,-6.266744064,-6.433648031
CCTCTCCGTCTACGTA-1_2_1_1_1,DC,NK,NK,-8.542776512,-5.984413068
CCTTGTGAGCATGCGA-1_2_1_1_1,DC,NK,NK,-7.455140995,-4.771217268
CCTTTGGAGTCGCCAC-1_2_1_1_1,DC,NKT,T,-3.888308929,-1.528140466
CGAAGGAAGAGTGACC-1_2_1_1_1,DC,NKT,T,-5.382588791,-1.61467294
CGAGGCTAGAAACCCG-1_2_1_1_1,DC,NKT,T,-5.38112347,-2.426935594
CGAGTGCCAATGTCTG-1_2_1_1_1,DC,T-DN,T,-0.43154894,-1.324806373
CGAGTGCCACAAGCTT-1_2_1_1_1,DC,NKT,T,-4.146053242,-2.823896091
CGAGTTATCATGTCTT-1_2_1_1_1,DC,NaiveT,T,1.18848939,7.299232561
CGAGTTATCCACAGCG-1_2_1_1_1,DC,NaiveT,T,-0.618710922,8.476203043
CGATCGGAGTCGAAGC-1_2_1_1_1,DC,NaiveT,T,0.576465649,7.311024268
CGATCGGCAATACCCA-1_2_1_1_1,DC,Cytotoxic,T,-3.038800882,0.897252638
CGATCGGGTCATCCGG-1_2_1_1_1,DC,gdT,T,2.378883434,-3.327329795
CGCAGGTTCTGTCCCA-1_2_1_1_1,DC,Cytotoxic,T,-3.508036541,2.799770195
CGCATAATCGTGGTAT-1_2_1_1_1,DC,Cytotoxic,T,-2.754623817,0.263783653
CGCATGGAGACTACGG-1_2_1_1_1,DC,T-DN,T,0.74467696,3.49751528
CGCCAGAAGCAATAAC-1_2_1_1_1,DC,NaiveT,T,1.2168885,7.725585539
CGCCAGACAGAATCGG-1_2_1_1_1,DC,Cytotoxic,T,-1.858801292,0.09156238
CGCCAGATCAGGTGTT-1_2_1_1_1,DC,gdT,T,8.544889999,-4.974551599
CGCCATTCAACCGGAA-1_2_1_1_1,DC,gdT,T,10.12203748,-4.916424673
CGCGTGACAGAACGCA-1_2_1_1_1,DC,T-DN,T,1.780931664,3.784943421
CGGAACCCATAGGTTC-1_2_1_1_1,DC,Cytotoxic,T,-3.152514385,0.128924031
CGGAACCTCAGTCAGT-1_2_1_1_1,DC,NaiveT,T,-0.35967158,6.68161257
CGGACACTCCTGCCAT-1_2_1_1_1,DC,Treg,T,2.686633183,1.968873579
CGGAGAAGTTACGCCG-1_2_1_1_1,DC,Cytotoxic,T,-1.726179885,0.028545101
CGGCAGTAGCAGCAGT-1_2_1_1_1,DC,NaiveT,T,-1.190157222,7.223832209
CGGGACTAGAAGGATG-1_2_1_1_1,DC,NaiveT,T,-0.120182382,8.49144562
CGGGCATAGAGTCAGC-1_2_1_1_1,DC,NKT,T,-5.569744991,-1.515063326
CGGGCATCAACACGTT-1_2_1_1_1,DC,NK,NK,-7.458641457,-5.601163309
CGGGCATCAGGGAGAG-1_2_1_1_1,DC,NaiveT,T,1.486345006,7.843864043
CGGGTGTCAAAGCTAA-1_2_1_1_1,DC,T-Helper,T,2.022898389,2.496827681
CGGTCAGCAATGCAGG-1_2_1_1_1,DC,NK,NK,-8.622167992,-8.576894682
CGTAAGTCACTGAGGA-1_2_1_1_1,DC,NKT,T,-3.662116455,-2.041968029
CGTAAGTGTCTACGTA-1_2_1_1_1,DC,ILC,ILC,8.993228508,2.563900072
CGTAATGGTCGCGGTT-1_2_1_1_1,DC,NKT,T,-4.859599041,-1.069833081
CGTAGTAGTCCGCAGT-1_2_1_1_1,DC,Cytotoxic,T,-4.06160252,2.609278042
CGTCAAACATACCACA-1_2_1_1_1,DC,NK,NK,-1.412750648,-4.96030752
CGTCAAAGTATCACCA-1_2_1_1_1,DC,NaiveT,T,1.167322947,7.85463341
CGTCAAAGTTCGGTAT-1_2_1_1_1,DC,Cytotoxic,T,-2.509772705,0.249201764
CGTGAATTCTGTCTCG-1_2_1_1_1,DC,gdT,T,7.768797947,-6.258512895
CGTGATAGTAGGCAAC-1_2_1_1_1,DC,NKT,T,-5.338761734,-1.502558749
CGTGATAGTTTGGAAA-1_2_1_1_1,DC,Cytotoxic,T,-2.986500191,0.37160625
CGTGTCTAGCAAATGT-1_2_1_1_1,DC,Cytotoxic,T,-2.921582149,1.386410553
CGTGTCTGTCATCTAG-1_2_1_1_1,DC,NK,NK,-5.287366795,-5.664000909
CGTTCTGCAATCGCCG-1_2_1_1_1,DC,Cytotoxic,T,0.794314338,-3.777737539
CGTTGGGCAGTTGTCA-1_2_1_1_1,DC,NK,NK,-5.029041218,-7.255168359
CGTTGGGGTTCAACGT-1_2_1_1_1,DC,gdT,T,8.677205635,-3.941571157
CGTTGGGTCTCCCAAC-1_2_1_1_1,DC,ILC,ILC,8.890443398,1.856493909
CTAACCCAGCATCAGG-1_2_1_1_1,DC,Cytotoxic,T,-3.391693996,1.256522734
CTAACCCGTGCCTTCT-1_2_1_1_1,DC,NKT,T,-5.948560642,-2.283717554
CTAAGTGCAAACGTGG-1_2_1_1_1,DC,NK,NK,-8.888220238,-8.065699022
CTAAGTGGTAACTTCG-1_2_1_1_1,DC,ILC,ILC,7.100895,1.253607113
CTACAGAGTCCACTCT-1_2_1_1_1,DC,NK,NK,-5.114993023,-5.229644697
CTACATTGTCGTTATG-1_2_1_1_1,DC,ILC,ILC,5.469633652,1.891941388
CTACATTGTTCAACGT-1_2_1_1_1,DC,NK,NK,-6.038552212,-5.541768949
CTACCCAGTCTAGGCC-1_2_1_1_1,DC,ILC,ILC,7.9300452,1.084829051
CTACCTGCAGGGCTTC-1_2_1_1_1,DC,NaiveT,T,1.385022236,9.02530678
CTACCTGGTAGGAAAG-1_2_1_1_1,DC,gdT,T,8.663414551,-5.513184946
CTACCTGGTAGGGAGG-1_2_1_1_1,DC,NaiveT,T,0.448079897,8.787325938
CTACCTGTCTCTTCAA-1_2_1_1_1,DC,NK,NK,-9.152132439,-8.076018732
CTACCTGTCTGTTCAT-1_2_1_1_1,DC,T-Helper,T,0.657541288,0.292716433
CTACGGGAGTATTGCC-1_2_1_1_1,DC,NKT,T,-3.830464529,-2.601372163
CTAGACAAGGCGTTGA-1_2_1_1_1,DC,NaiveT,T,-1.259991096,6.185060103
CTATCCGAGCACCGAA-1_2_1_1_1,DC,NK,NK,-2.261075663,-3.484499614
CTATCCGCAGATCATC-1_2_1_1_1,DC,NaiveT,T,2.555963112,6.167718012
CTATCTACAGGTGTTT-1_2_1_1_1,DC,ILC,ILC,8.627166344,2.465914805
CTATCTATCTTTGCTA-1_2_1_1_1,DC,NK,NK,-9.135440277,-7.484148901
CTCAACCTCTTGGGCG-1_2_1_1_1,DC,NK,NK,-7.772221493,-7.051912229
CTCAAGATCACATACG-1_2_1_1_1,DC,ILC,ILC,7.367849422,1.697334845
CTCAATTGTAGACAGC-1_2_1_1_1,DC,Treg,T,8.607690407,1.046957929
CTCAATTGTTAAGGGC-1_2_1_1_1,DC,gdT,T,7.517613007,-6.680425089
CTCAGTCCACACCGCA-1_2_1_1_1,DC,T-DN,T,0.553024245,2.491289933
CTCATCGGTGCGGCTT-1_2_1_1_1,DC,Cytotoxic,T,-3.411073851,1.445988376
CTCATGCAGGGCCCTT-1_2_1_1_1,DC,NK,NK,-5.17926638,-5.358625333
CTCATGCGTATGCTTG-1_2_1_1_1,DC,Cytotoxic,T,-1.544925856,0.727312882
CTCCATGAGGGCAACT-1_2_1_1_1,DC,NaiveT,T,-0.87551062,7.775432188
CTCCCAACAAGACCTT-1_2_1_1_1,DC,ILC,ILC,9.476719452,2.87733372
CTCCGATAGACCGTTT-1_2_1_1_1,DC,ILC,ILC,8.600563599,1.065089066
CTCCGATCAAACAGGC-1_2_1_1_1,DC,Cytotoxic,T,-1.464451241,0.172319223
CTCCTCCGTTTACCTT-1_2_1_1_1,DC,NaiveT,T,2.433705164,6.131792624
CTCGAGGAGTAGACCG-1_2_1_1_1,DC,NaiveT,T,-1.665202545,6.92517813
CTCTGGTGTAGGAGTC-1_2_1_1_1,DC,NK,NK,-8.162968086,-6.475922029
CTGAGCGTCTGTGCGG-1_2_1_1_1,DC,TCM,T,-1.973903107,5.32768019
CTGAGGCAGACTCTAC-1_2_1_1_1,DC,NK,NK,-4.646490978,-4.811500471
CTGCATCAGGTCCCTG-1_2_1_1_1,DC,NaiveT,T,0.808462513,7.956221659
CTGCATCTCGGCTGTG-1_2_1_1_1,DC,T-Helper,T,2.574998451,0.893146891
CTGCGAGCATCCGGTG-1_2_1_1_1,DC,Cytotoxic,T,-3.473620342,1.970093567
CTGCGAGTCATGCGGC-1_2_1_1_1,DC,NK,NK,-4.801256584,-4.879722993
CTGCTCAAGGGCATGT-1_2_1_1_1,DC,NK,NK,-6.995790409,-5.613264959
CTGCTCATCTCTCCGA-1_2_1_1_1,DC,T-DN,T,1.515347076,3.290801365
CTGGTCTAGGCACTAG-1_2_1_1_1,DC,Cytotoxic,T,0.543670757,-3.624132555
CTGGTCTCAAGCTGCC-1_2_1_1_1,DC,NaiveT,T,1.192125631,7.114804823
CTGTACCAGGCTATCT-1_2_1_1_1,DC,T-Helper,T,1.302397681,2.419786532
CTGTACCGTTGTCATG-1_2_1_1_1,DC,NaiveT,T,0.887246324,7.486528952
CTGTAGATCGTCACCT-1_2_1_1_1,DC,T-Helper,T,0.722251547,-0.687035303
CTGTATTCAGCGTTTA-1_2_1_1_1,DC,Cytotoxic,T,-2.016229795,-0.047688465
CTGTCGTAGAAGCGGG-1_2_1_1_1,DC,Cytotoxic,T,-2.556370186,1.367416222
CTGTCGTAGGGACAGG-1_2_1_1_1,DC,NaiveT,T,1.408660842,8.338524897
CTGTCGTCATTCGGGC-1_2_1_1_1,DC,NK,NK,-8.338789391,-6.805509489
CTGTCGTGTCTTGGTA-1_2_1_1_1,DC,ILC,ILC,8.260147644,0.986928661
CTGTGAAAGGATTACA-1_2_1_1_1,DC,NK,NK,-2.35291283,-4.165923517
CTGTGAAAGTAAATGC-1_2_1_1_1,DC,Cytotoxic,T,-1.054665016,-0.831715028
CTGTGGGGTTCCAGGC-1_2_1_1_1,DC,Cytotoxic,T,-2.86379044,1.808609207
CTGTGGGTCTACTTCA-1_2_1_1_1,DC,Cytotoxic,T,-2.387900995,0.031707023
CTTAGGAAGTAGGAAG-1_2_1_1_1,DC,NKT,T,-3.954504417,-3.949030082
CTTCAATCACACGTGC-1_2_1_1_1,DC,NaiveT,T,2.365951134,4.232464392
CTTCCGATCACGGGCT-1_2_1_1_1,DC,NKT,T,-4.731656479,-1.192432206
CTTCCTTCAGACACAG-1_2_1_1_1,DC,NaiveT,T,-0.506469058,6.380400736
CTTCCTTCAGTATGAA-1_2_1_1_1,DC,NKT,T,-3.13864653,-3.614752691
CTTCGGTGTTTGGGAG-1_2_1_1_1,DC,Cytotoxic,T,-1.826015758,0.368036915
CTTCTAAAGGAGTATT-1_2_1_1_1,DC,Cytotoxic,T,-4.763237404,1.038047631
CTTCTCTAGCGAGGAG-1_2_1_1_1,DC,T-DN,T,-0.185524153,1.694735963
CTTCTCTGTGCCTTTC-1_2_1_1_1,DC,Cytotoxic,T,-3.57623999,2.007743199
CTTGAGACACACGGTC-1_2_1_1_1,DC,ILC,ILC,7.002801014,1.454995592
CTTTCAAAGATACATG-1_2_1_1_1,DC,Cytotoxic,T,-4.25058596,-0.359547387
CTTTCAACAAACTGCT-1_2_1_1_1,DC,NaiveT,T,2.035604192,6.951909144
CTTTCAACATGACAGG-1_2_1_1_1,DC,T-DN,T,0.604932917,2.297935326
CTTTCGGGTTATAGCC-1_2_1_1_1,DC,T-DN,T,-3.896344112,-3.278379362
GAAACCTGTTAGAGAT-1_2_1_1_1,DC,NK,NK,-4.558903145,-4.283416669
GAAATGACAATCAAGA-1_2_1_1_1,DC,Cytotoxic,T,-0.109938996,-2.324165027
GAAATGACACTAGGCC-1_2_1_1_1,DC,NaiveT,T,2.500265671,4.56854542
GAAATGATCCGATAGT-1_2_1_1_1,DC,Treg,T,3.313091589,1.500064213
GAACGTTGTAAGAACT-1_2_1_1_1,DC,Treg,T,3.770381285,-0.327615451
GAACGTTTCGCCAATA-1_2_1_1_1,DC,T-DN,T,0.779130949,2.795915682
GAACTGTAGTCCTACA-1_2_1_1_1,DC,ILC,ILC,8.941259933,1.714669068
GAACTGTGTGAAGCTG-1_2_1_1_1,DC,T-Helper,T,1.111374868,0.602606494
GAACTGTGTGGTGATG-1_2_1_1_1,DC,NK,NK,-8.996199059,-7.821308534
GAAGAATAGCCGTTAT-1_2_1_1_1,DC,Cytotoxic,T,-3.025255131,1.87957104
GAAGAATCAATAACCC-1_2_1_1_1,DC,NaiveT,T,-0.194897013,7.891168673
GAAGGACAGAAGAACG-1_2_1_1_1,DC,ILC,ILC,6.395107342,1.785843093
GAAGGACTCGAGAATA-1_2_1_1_1,DC,T-Helper,T,0.433078481,1.570960243
GAAGGGTGTTTACGAC-1_2_1_1_1,DC,NaiveT,T,1.545489384,8.991003115
GAATAGACACAGACGA-1_2_1_1_1,DC,NaiveT,T,0.200487362,6.664631445
GAATCACAGGCACGAT-1_2_1_1_1,DC,NaiveT,T,-0.08025703,7.366512377
GACACGCGTCGAGCAA-1_2_1_1_1,DC,ILC,ILC,8.414082123,1.349051316
GACACGCTCATCTATC-1_2_1_1_1,DC,ILC,ILC,9.206534935,2.508793671
GACAGCCAGATTGCGG-1_2_1_1_1,DC,gdT,T,2.431650949,-3.232261102
GACAGCCCATAACAGA-1_2_1_1_1,DC,Cytotoxic,T,-3.054454969,0.618817408
GACATCACAACTGCTA-1_2_1_1_1,DC,NaiveT,T,0.597594363,6.718809683
GACCAATGTACCATAC-1_2_1_1_1,DC,NaiveT,T,1.677277399,6.005212386
GACCCAGGTGCCTATA-1_2_1_1_1,DC,NKT,T,-3.517910646,-1.945921223
GACCCTTGTGTTGACT-1_2_1_1_1,DC,gdT,T,8.055222584,-4.156406801
GACGCTGGTATCCTTT-1_2_1_1_1,DC,gdT,T,10.0871969,-7.049671571
GACGTTACAGGAGACT-1_2_1_1_1,DC,TCM,T,-0.887075352,1.021234472
GACGTTATCAATCTTC-1_2_1_1_1,DC,Cytotoxic,T,-5.216869759,0.369267214
GACGTTATCCTACAAG-1_2_1_1_1,DC,NaiveT,T,-0.363479065,6.713798602
GACTCAATCATAGCAC-1_2_1_1_1,DC,NaiveT,T,2.214274479,8.885272105
GACTCTCGTACAAGCG-1_2_1_1_1,DC,NK,NK,-6.275910782,-6.941325109
GACTGATGTAGACAGC-1_2_1_1_1,DC,Cytotoxic,T,-3.70433371,2.725497563
GACTTCCGTCTCTCAC-1_2_1_1_1,DC,NKT,T,-4.926851677,-1.558952849
GAGACCCCACCGTGAC-1_2_1_1_1,DC,NK,NK,-8.927805351,-5.887028616
GAGACTTCACTGGACC-1_2_1_1_1,DC,ILC,ILC,7.901230885,1.751464326
GAGACTTTCTATCCAT-1_2_1_1_1,DC,T-DN,T,1.207692576,2.801705439
GAGAGGTAGCAACAAT-1_2_1_1_1,DC,NaiveT,T,0.429031325,7.989586909
GAGAGGTTCTGGCTGG-1_2_1_1_1,DC,Cytotoxic,T,-2.954742359,0.893562157
GAGCCTGGTCCGATCG-1_2_1_1_1,DC,Cytotoxic,T,-2.235042976,0.191362817
GAGCTGCTCGAGAATA-1_2_1_1_1,DC,Treg,T,4.064401461,0.152884771
GAGGCAATCGAGATGG-1_2_1_1_1,DC,NaiveT,T,-0.475608098,7.2007881
GAGGCCTTCGTCCATC-1_2_1_1_1,DC,NaiveT,T,1.954854084,7.394177039
GAGGCCTTCTAAGCGT-1_2_1_1_1,DC,NKT,T,-4.133992123,-4.145699422
GAGGGATCAAGAATAC-1_2_1_1_1,DC,ILC,ILC,6.253045631,1.980833371
GAGGGATTCCGCGATG-1_2_1_1_1,DC,Cytotoxic,T,-1.690732287,1.446453292
GAGGGTAAGAAAGTCT-1_2_1_1_1,DC,Treg,T,3.577295614,1.702062089
GAGGGTAGTTGTTGAC-1_2_1_1_1,DC,NK,NK,-7.933740067,-5.732981603
GAGTCATGTCCCTCAT-1_2_1_1_1,DC,NK,NK,-8.982418465,-7.963450353
GAGTCTAGTAGGAGGG-1_2_1_1_1,DC,Cytotoxic,T,-2.762990402,0.685424466
GAGTCTATCTCTGCTG-1_2_1_1_1,DC,Cytotoxic,T,-5.3944916,0.221025993
GAGTGAGAGTCTCGTA-1_2_1_1_1,DC,NaiveT,T,2.347082687,7.900832255
GAGTTACTCATGAGTC-1_2_1_1_1,DC,Treg,T,3.954242064,1.303313215
GAGTTACTCGTCAAAC-1_2_1_1_1,DC,ILC,ILC,8.154104305,1.571179469
GAGTTGTGTTGTGCCG-1_2_1_1_1,DC,Cytotoxic,T,-3.409700321,0.353044648
GAGTTTGGTATACCCA-1_2_1_1_1,DC,Cytotoxic,T,-3.429206299,-0.10760058
GATAGAACATCGGAAG-1_2_1_1_1,DC,NaiveT,T,-1.072442698,7.750215132
GATAGAATCGGAGATG-1_2_1_1_1,DC,NK,NK,-6.644821094,-4.165134828
GATAGCTGTGACAGGT-1_2_1_1_1,DC,NaiveT,T,-1.120078849,6.424071391
GATCAGTAGCAAATCA-1_2_1_1_1,DC,TCM,T,-1.386152195,4.260148127
GATCATGCAAGAGAGA-1_2_1_1_1,DC,NaiveT,T,0.574930323,6.597760756
GATCATGCATGGGTCC-1_2_1_1_1,DC,NaiveT,T,1.973102761,8.242800791
GATGACTGTCACGTGC-1_2_1_1_1,DC,gdT,T,9.312618805,-5.276207845
GATGAGGTCACTCCGT-1_2_1_1_1,DC,NaiveT,T,-0.819331216,8.299352724
GATGATCCAAATGCTC-1_2_1_1_1,DC,T-Helper,T,1.834289504,0.907427628
GATGATCCACACGCCA-1_2_1_1_1,DC,gdT,T,9.430450035,-6.039938848
GATGATCCACGCCAGT-1_2_1_1_1,DC,Treg,T,2.566595627,-1.753641527
GATGATCCATTGACTG-1_2_1_1_1,DC,ILC,ILC,7.119866444,1.399833758
GATGCTAGTAGTCTTG-1_2_1_1_1,DC,ILC,ILC,7.048949791,1.502795298
GATGGAGAGTTGGCGA-1_2_1_1_1,DC,NaiveT,T,1.929933263,6.274231512
GATGGAGCAATGGCAG-1_2_1_1_1,DC,ILC,ILC,6.628336502,1.461990197
GATGGAGGTGCACATT-1_2_1_1_1,DC,NK,NK,-8.184890198,-7.375341337
GATTCGACAGTAACCT-1_2_1_1_1,DC,Cytotoxic,T,-2.822286533,1.338864405
GATTCGAGTTCCTTGC-1_2_1_1_1,DC,gdT,T,9.725305153,-5.015373628
GATTGGTAGAGCAGTC-1_2_1_1_1,DC,Cytotoxic,T,-3.806222605,1.227599699
GCAACCGAGAATACAC-1_2_1_1_1,DC,T-DN,T,-0.160049932,2.7691768
GCAACCGAGATTGCGG-1_2_1_1_1,DC,NK,NK,-7.881864952,-6.364721696
GCAACCGCAACGTTAC-1_2_1_1_1,DC,NK,NK,-5.243031906,-6.429793756
GCACGTGCACCCGTAG-1_2_1_1_1,DC,NK,NK,-7.875004219,-8.317172926
GCAGCTGCAGAGTAAT-1_2_1_1_1,DC,Cytotoxic,T,-4.094304489,1.888122995
GCAGCTGTCTAAGGAA-1_2_1_1_1,DC,T-Helper,T,0.926716281,0.00413872
GCAGGCTTCAGCTTCC-1_2_1_1_1,DC,NK,NK,-8.781784462,-7.671336572
GCAGTTACAAAGCTCT-1_2_1_1_1,DC,NKT,T,-3.386969971,-3.359540384
GCAGTTAGTGGACCAA-1_2_1_1_1,DC,NKT,T,-3.886457848,-3.290793817
GCATCGGAGTACGTCT-1_2_1_1_1,DC,NaiveT,T,-1.852410721,6.550747473
GCATCGGCATGCTGCG-1_2_1_1_1,DC,NK,NK,-8.643213676,-6.18237869
GCATCGGCATTCTCCG-1_2_1_1_1,DC,T-Helper,T,-0.827507066,-1.017008882
GCATCTCAGTACCCTA-1_2_1_1_1,DC,Cytotoxic,T,-2.43544309,2.093027193
GCATGATGTTTAGACC-1_2_1_1_1,DC,NK,NK,-6.118432449,-3.413410585
GCCAACGGTCTTCTAT-1_2_1_1_1,DC,NaiveT,T,-0.860206174,7.352810461
GCCAACGTCGAGTCCG-1_2_1_1_1,DC,T-DN,T,-0.070719304,2.292601664
GCCAGCAGTGTTCCAA-1_2_1_1_1,DC,NK,NK,-5.322400974,-4.650384348
GCCAGGTAGCTCTATG-1_2_1_1_1,DC,gdT,T,10.00629194,-6.456328313
GCCAGGTCACGCTATA-1_2_1_1_1,DC,NK,NK,-8.889028954,-7.247457903
GCCAGGTTCCCGGTAG-1_2_1_1_1,DC,NaiveT,T,0.185261346,5.987291891
GCCATTCAGGGAGAAT-1_2_1_1_1,DC,TCM,T,-1.886301683,4.063633997
GCCATTCAGGTCGTCC-1_2_1_1_1,DC,NK,NK,-5.132943081,-4.408840578
GCCATTCGTAAGTTAG-1_2_1_1_1,DC,ILC,ILC,9.447931839,2.911155064
GCCATTCTCTACCCAC-1_2_1_1_1,DC,T-Helper,T,0.042709073,0.645308037
GCCCAGACAACTCCAA-1_2_1_1_1,DC,gdT,T,7.837393833,-4.88095228
GCCGATGCAGTGCCTG-1_2_1_1_1,DC,T-DN,T,0.450494481,2.709171851
GCCGTGAAGGGCATGT-1_2_1_1_1,DC,NaiveT,T,0.870918048,6.60630377
GCCTGTTGTCTCTCCA-1_2_1_1_1,DC,ILC,ILC,5.074475361,1.921721299
GCGAGAAAGCTGCCTG-1_2_1_1_1,DC,NaiveT,T,-1.98090999,6.320238192
GCGATCGTCTGGTGCG-1_2_1_1_1,DC,Treg,T,2.88552363,3.415691693
GCGTGCAAGCCTAGGA-1_2_1_1_1,DC,gdT,T,9.337336136,-5.498797338
GCGTGCAAGGTAGTCG-1_2_1_1_1,DC,NK,NK,-6.620208668,-7.476795118
GCGTGCAGTATTGAGA-1_2_1_1_1,DC,NK,NK,-8.904862808,-8.016133707
GCGTTTCCATGGGTCC-1_2_1_1_1,DC,NaiveT,T,-0.675549196,7.227459509
GCTACAAGTTTAGTCG-1_2_1_1_1,DC,NaiveT,T,0.916925384,8.533330996
GCTCAAAGTTCTCCCA-1_2_1_1_1,DC,NK,NK,-1.288243102,-4.015088003
GCTCAAATCCGAGTGC-1_2_1_1_1,DC,Cytotoxic,T,0.090605041,-3.119470279
GCTGCAGCATTGGATC-1_2_1_1_1,DC,T-DN,T,0.586072666,2.112033446
GCTGCAGTCGCCTATC-1_2_1_1_1,DC,Cytotoxic,T,-1.954332041,0.12539791
GCTTCACCACCTCGTT-1_2_1_1_1,DC,TCM,T,-1.674257087,3.634260495
GCTTCACTCATTTGTC-1_2_1_1_1,DC,Cytotoxic,T,-0.497261571,-0.058570359
GCTTTCGCAATGTCAC-1_2_1_1_1,DC,Cytotoxic,T,-5.059460091,0.127076645
GGAACCCAGTTGCCCG-1_2_1_1_1,DC,NaiveT,T,2.759661509,6.985245783
GGAAGTGAGTTCCATG-1_2_1_1_1,DC,T-DN,T,0.154437284,2.810256798
GGAATCTAGAAGGGAT-1_2_1_1_1,DC,NK,NK,-7.049032139,-6.041804712
GGAATCTCACGAGAAC-1_2_1_1_1,DC,NaiveT,T,-0.103806364,8.420777399
GGAATCTTCGTGGCGT-1_2_1_1_1,DC,T-DN,T,-3.748248028,-3.367413681
GGAATGGAGTAAGGGA-1_2_1_1_1,DC,Cytotoxic,T,-2.716312336,0.661737938
GGAATGGCAAAGTATG-1_2_1_1_1,DC,Cytotoxic,T,-3.697225975,3.171553452
GGAGATGGTAGGTGCA-1_2_1_1_1,DC,NaiveT,T,0.096659949,8.520713885
GGAGGATAGCTCGGCT-1_2_1_1_1,DC,NK,NK,-6.660381721,-6.141432684
GGATCTACAGGTAGTG-1_2_1_1_1,DC,NK,NK,-6.92099707,-5.689973753
GGCACGTGTCGGATTT-1_2_1_1_1,DC,T-Helper,T,1.443471385,0.818149049
GGCACGTTCCCTCATG-1_2_1_1_1,DC,NK,NK,-7.261886524,-5.837361734
GGCAGTCCAAATGATG-1_2_1_1_1,DC,NK,NK,-9.146789955,-7.508634489
GGCTTGGGTATGAAAC-1_2_1_1_1,DC,NaiveT,T,0.674906982,6.858972151
GGCTTGGGTGCCGAAA-1_2_1_1_1,DC,Cytotoxic,T,-2.38097875,-0.011711437
GGCTTTCTCAGTAGGG-1_2_1_1_1,DC,Treg,T,3.768178297,-0.05271358
GGGAAGTTCGAAGCAG-1_2_1_1_1,DC,NaiveT,T,-1.828089999,6.725803454
GGGACAATCTTTGATC-1_2_1_1_1,DC,T-DN,T,1.322487546,3.754355271
GGGACCTCATCGATAC-1_2_1_1_1,DC,Cytotoxic,T,-1.463855671,-0.230646576
GGGAGATGTACGGGAT-1_2_1_1_1,DC,NaiveT,T,1.675294829,7.870728094
GGGAGATTCCTAACAG-1_2_1_1_1,DC,NaiveT,T,-0.062199267,6.926884253
GGGAGTACACGGCACT-1_2_1_1_1,DC,NaiveT,T,-0.584590839,8.372564394
GGGAGTACAGCATGCC-1_2_1_1_1,DC,ILC,ILC,7.803407742,2.146766503
GGGATCCAGGTAATCA-1_2_1_1_1,DC,gdT,T,8.253128601,-5.100204389
GGGATCCAGGTAGATT-1_2_1_1_1,DC,T-Helper,T,0.409174127,-1.111552518
GGGATGATCGCTCTCA-1_2_1_1_1,DC,T-DN,T,0.675568892,2.563701947
GGGCGTTCAGCTAACT-1_2_1_1_1,DC,NaiveT,T,0.425802303,7.966369707
GGGCGTTTCAAGCCTA-1_2_1_1_1,DC,T-Helper,T,-0.356693434,0.58947422
GGGCTCAAGCAAGTGC-1_2_1_1_1,DC,Cytotoxic,T,-2.376287865,0.70998605
GGGCTCACACTGAATC-1_2_1_1_1,DC,NKT,T,-6.123446392,-2.183615129
GGGCTCAGTTGTGGCC-1_2_1_1_1,DC,NK,NK,-8.663381981,-8.116290968
GGGTAGACACGTAGTT-1_2_1_1_1,DC,NKT,T,-6.150298523,-2.183176677
GGGTATTCACAGTGTT-1_2_1_1_1,DC,NK,NK,-7.912042068,-7.481289308
GGGTATTTCACTACTT-1_2_1_1_1,DC,T-Helper,T,1.415443493,2.568866808
GGGTATTTCGTTGTGA-1_2_1_1_1,DC,NKT,T,-4.625215458,-3.355033558
GGGTCACCACATGACT-1_2_1_1_1,DC,Treg,T,3.974672152,0.509362836
GGGTCACGTAGACGGT-1_2_1_1_1,DC,Cytotoxic,T,0.662350846,-3.9970874
GGGTCTGGTTTGAACC-1_2_1_1_1,DC,NK,NK,-0.998421358,-4.166945379
GGGTGTCCATGCGGTC-1_2_1_1_1,DC,T-Helper,T,-0.024775433,0.24272411
GGGTGTCGTTTCGCTC-1_2_1_1_1,DC,NaiveT,T,0.199938444,9.11012562
GGGTTTAAGCCATCCG-1_2_1_1_1,DC,NK,NK,-2.591682838,-3.002797048
GGGTTTACATGTCGTA-1_2_1_1_1,DC,gdT,T,8.952622963,-6.876964014
GGTAACTGTTCCTTGC-1_2_1_1_1,DC,NK,NK,-8.199499535,-8.019934576
GGTAACTTCGGTTGTA-1_2_1_1_1,DC,Cytotoxic,T,-5.054060387,-0.00165097
GGTAATCGTACAAACA-1_2_1_1_1,DC,ILC,ILC,7.654989315,1.916181643
GGTAATCGTTTGTTGG-1_2_1_1_1,DC,Treg,T,3.351989103,1.155759771
GGTCACGAGGGAGGCA-1_2_1_1_1,DC,Cytotoxic,T,-2.987149643,0.783682365
GGTCTGGTCGAAGCCC-1_2_1_1_1,DC,Cytotoxic,T,-0.938363599,1.581225831
GGTGTCGTCTTGGCTC-1_2_1_1_1,DC,Cytotoxic,T,-2.062567877,0.440534551
GGTGTTAGTACGATTC-1_2_1_1_1,DC,NKT,T,-5.70702784,-2.233137767
GGTGTTAGTCTCCCTA-1_2_1_1_1,DC,ILC,ILC,7.881548,1.426618178
GGTTAACAGAACCGCA-1_2_1_1_1,DC,NKT,T,-4.539166855,-2.775852602
GGTTAACAGACGACTG-1_2_1_1_1,DC,NaiveT,T,2.868439985,7.666787703
GGTTGTACACCGGAAA-1_2_1_1_1,DC,NKT,T,-4.407974171,-3.160793941
GTAACCAAGTAACAGT-1_2_1_1_1,DC,T-DN,T,-0.551811027,2.690713246
GTAAGTCGTTACGGAG-1_2_1_1_1,DC,Treg,T,3.180706574,1.261887391
GTAATGCTCTCGTCGT-1_2_1_1_1,DC,gdT,T,7.166189743,-5.341097276
GTACAGTTCACTTTGT-1_2_1_1_1,DC,Cytotoxic,T,-4.007494854,2.756102402
GTAGAAAGTCGTCAGC-1_2_1_1_1,DC,T-DN,T,-2.225275921,-3.015041273
GTAGCTAAGCATGCAG-1_2_1_1_1,DC,NK,NK,-4.870892452,-4.228046339
GTAGCTACATCAGCGC-1_2_1_1_1,DC,NaiveT,T,-0.60270785,7.870805342
GTAGCTAGTTGTGCAT-1_2_1_1_1,DC,T-Helper,T,2.109517647,1.431559164
GTAGGAGAGGTCGTAG-1_2_1_1_1,DC,ILC,ILC,8.976463867,2.349072058
GTAGGTTAGAGCAGAA-1_2_1_1_1,DC,NK,NK,-5.410606312,-6.548977296
GTAGGTTAGCCTAACT-1_2_1_1_1,DC,NaiveT,T,-1.321759747,6.984634478
GTAGGTTGTGACTCTA-1_2_1_1_1,DC,TCM,T,-1.896650719,4.109727461
GTATTTCGTCCCGTGA-1_2_1_1_1,DC,gdT,T,7.937995029,-5.49931423
GTCAAACCAAGAGATT-1_2_1_1_1,DC,ILC,ILC,7.723990513,1.521438677
GTCAAGTCATGAAGGC-1_2_1_1_1,DC,NKT,T,-3.348483013,-1.490770261
GTCAAGTCATTAAAGG-1_2_1_1_1,DC,NaiveT,T,0.297353966,7.367979128
GTCACGGTCTAGACCA-1_2_1_1_1,DC,Cytotoxic,T,-1.612105655,1.280233462
GTCACTCAGACTCTAC-1_2_1_1_1,DC,NaiveT,T,1.079459799,8.395505984
GTCACTCGTAGCGCCT-1_2_1_1_1,DC,ILC,ILC,9.174559189,2.352720578
GTCAGCGGTCAGTCCG-1_2_1_1_1,DC,Cytotoxic,T,-4.706130432,1.221820791
GTCAGCGGTGCCTTTC-1_2_1_1_1,DC,T-DN,T,0.405751495,3.281314213
GTCAGCGGTTAGGGTG-1_2_1_1_1,DC,Cytotoxic,T,0.147279059,-2.576128166
GTCAGCGTCGAAGCCC-1_2_1_1_1,DC,ILC,ILC,7.532021118,1.308646281
GTCATCCCAGTCTTCC-1_2_1_1_1,DC,NK,NK,-0.873066949,-4.907991331
GTCCCATGTTGCTAGT-1_2_1_1_1,DC,NaiveT,T,1.311004354,9.022154887
GTCCCATTCCGTTTCG-1_2_1_1_1,DC,NKT,T,-5.817542957,-2.564870279
GTCCTCATCAGCTTCC-1_2_1_1_1,DC,NaiveT,T,2.033356977,6.763059218
GTCGAATTCATGTCTT-1_2_1_1_1,DC,Treg,T,2.336140705,-2.228378694
GTCGCGAGTTTGGAGG-1_2_1_1_1,DC,Treg,T,3.592400623,1.857002814
GTCGTAACAGAGTAAT-1_2_1_1_1,DC,NaiveT,T,0.787858797,6.844524939
GTCGTTCCACATTCGA-1_2_1_1_1,DC,Cytotoxic,T,-1.176399635,1.291451771
GTCGTTCCACTCGATA-1_2_1_1_1,DC,NaiveT,T,-0.984621214,8.26180752
GTCTACCTCGCCTAGG-1_2_1_1_1,DC,T-Helper,T,1.859177185,2.140785773
GTCTACCTCTCAGAAC-1_2_1_1_1,DC,gdT,T,7.725182606,-4.787922304
GTCTAGAAGCTAGAGC-1_2_1_1_1,DC,Cytotoxic,T,-4.412422108,2.26045068
GTCTAGAAGGTTCCAT-1_2_1_1_1,DC,Cytotoxic,T,0.632298721,-3.87718312
GTCTCACGTCAGTCGC-1_2_1_1_1,DC,NaiveT,T,2.368620707,4.026344855
GTCTTTACAAGGAGTC-1_2_1_1_1,DC,NaiveT,T,-0.801303851,7.465214331
GTGACGCTCAGGGATG-1_2_1_1_1,DC,Treg,T,3.361409021,1.379352767
GTGAGCCCAAGACGGT-1_2_1_1_1,DC,NaiveT,T,0.887046469,9.240173418
GTGAGTTAGGCGAACT-1_2_1_1_1,DC,NaiveT,T,0.723022474,8.256486971
GTGAGTTGTGAGAGGG-1_2_1_1_1,DC,NK,NK,-8.277597832,-7.979962747
GTGCACGAGGTGGTTG-1_2_1_1_1,DC,NK,NK,-8.597610878,-7.482482355
GTGCAGCCATGCACTA-1_2_1_1_1,DC,NK,NK,-9.043279098,-6.360120218
GTGCTGGGTAGCCAGA-1_2_1_1_1,DC,NaiveT,T,-1.768315004,6.375918944
GTGCTTCGTAACAGTA-1_2_1_1_1,DC,TCM,T,-2.354673552,5.029589732
GTGGAAGCAACGGCCT-1_2_1_1_1,DC,NKT,T,-5.490230488,-2.395101469
GTGGAAGCAAGCGAAC-1_2_1_1_1,DC,gdT,T,7.45582111,-6.17231838
GTGGAAGGTGGCTCTG-1_2_1_1_1,DC,Cytotoxic,T,-2.821718859,0.514424939
GTGGCGTCAAGGTCAG-1_2_1_1_1,DC,Cytotoxic,T,0.357305361,3.04246958
GTGGGAAGTATCTTCT-1_2_1_1_1,DC,TCM,T,0.638748241,5.592653353
GTGTCCTCACGCGTGT-1_2_1_1_1,DC,T-Helper,T,1.146082176,-3.628450077
GTGTCCTTCTCGCGTT-1_2_1_1_1,DC,NaiveT,T,1.753291083,8.250533183
GTGTGATAGCATCGAG-1_2_1_1_1,DC,Cytotoxic,T,-3.69393103,1.312529523
GTGTGATCACAGACGA-1_2_1_1_1,DC,NK,NK,-5.53150885,-4.780287664
GTGTGGCGTCTTCAAG-1_2_1_1_1,DC,ILC,ILC,7.679379536,1.226869185
GTGTTCCCACGGGCTT-1_2_1_1_1,DC,T-Helper,T,0.833967103,1.874764521
GTGTTCCTCAGCCTTC-1_2_1_1_1,DC,NK,NK,-8.792964386,-8.465424459
GTTACGACAGAACTCT-1_2_1_1_1,DC,NK,NK,-0.952528523,-4.180263441
GTTAGACGTCAGGCAA-1_2_1_1_1,DC,NaiveT,T,0.001685066,6.856300433
GTTAGACTCATTTGCT-1_2_1_1_1,DC,T-Helper,T,0.73013295,1.7137024
GTTAGTGAGTCGCGAA-1_2_1_1_1,DC,NK,NK,-7.062912392,-7.260822694
GTTCCGTGTCACCGAC-1_2_1_1_1,DC,gdT,T,7.587749077,-4.559955042
GTTCGCTAGACCAGCA-1_2_1_1_1,DC,Cytotoxic,T,0.795297397,-2.897105377
GTTCGCTCAGCAGATG-1_2_1_1_1,DC,NaiveT,T,0.704035533,8.693622668
GTTCGCTTCGTCAACA-1_2_1_1_1,DC,gdT,T,8.338913513,-6.914069097
GTTGAACGTCGGTAAG-1_2_1_1_1,DC,Cytotoxic,T,-0.881266402,-1.402995269
GTTGCGGCAAGGTCTT-1_2_1_1_1,DC,NKT,T,-5.02014296,-3.081679027
GTTGCTCCATAACGGG-1_2_1_1_1,DC,NaiveT,T,0.972783578,6.613792021
GTTGCTCTCGAAGTGG-1_2_1_1_1,DC,Cytotoxic,T,-4.631923126,0.499956865
GTTGTAGAGAGTCAAT-1_2_1_1_1,DC,Cytotoxic,T,-3.730662273,1.696948011
GTTGTGAAGCGGTAGT-1_2_1_1_1,DC,Cytotoxic,T,-1.689193415,2.022701819
GTTGTGAAGTCACGAG-1_2_1_1_1,DC,NaiveT,T,-0.352189647,7.156073172
GTTGTGACATTGAAGA-1_2_1_1_1,DC,T-Helper,T,0.196416555,2.10168894
GTTTACTGTACAGTAA-1_2_1_1_1,DC,gdT,T,9.42437513,-6.231383722
GTTTGGACATGATCTG-1_2_1_1_1,DC,NaiveT,T,-0.147074985,8.180746157
TAACCAGTCCGGCAAC-1_2_1_1_1,DC,Cytotoxic,T,-3.017749475,1.129854638
TAACGACCATCGTGGC-1_2_1_1_1,DC,NaiveT,T,0.538384599,7.415759165
TAACTTCTCCAAGGGA-1_2_1_1_1,DC,ILC,ILC,7.078497005,1.480981548
TAAGCGTGTCACATTG-1_2_1_1_1,DC,Cytotoxic,T,-2.997826265,1.181004007
TAAGTCGAGCATGATA-1_2_1_1_1,DC,NK,NK,-8.825029778,-5.878040235
TAAGTCGCAGCTTTGA-1_2_1_1_1,DC,NaiveT,T,-0.970165538,6.338661749
TAAGTCGTCATGGATC-1_2_1_1_1,DC,NKT,T,-3.486161159,-3.390854757
TAAGTCGTCCCTCATG-1_2_1_1_1,DC,NaiveT,T,-0.337316917,8.267415125
TAATCTCAGCAGCACA-1_2_1_1_1,DC,T-Helper,T,1.184892965,1.227454026
TAATCTCAGTTCCGGC-1_2_1_1_1,DC,NK,NK,-6.348651813,-5.642466943
TACAACGAGCTGCCTG-1_2_1_1_1,DC,NK,NK,-7.79285519,-5.478425901
TACAGGTCATGCCATA-1_2_1_1_1,DC,NaiveT,T,1.390933705,6.935002882
TACCCACCAGTCTCTC-1_2_1_1_1,DC,Cytotoxic,T,-2.676073002,1.981676657
TACCCACCATGGGCAA-1_2_1_1_1,DC,gdT,T,8.545795036,-3.658358018
TACCCACTCGATACAC-1_2_1_1_1,DC,Cytotoxic,T,-2.525323795,1.850727518
TACCTGCCATGTACGT-1_2_1_1_1,DC,Cytotoxic,T,-2.564831184,1.340780694
TACGCTCAGCATGGGT-1_2_1_1_1,DC,NKT,T,-5.259566235,-2.312407177
TACGCTCGTGCAGTGA-1_2_1_1_1,DC,NK,NK,-1.131104516,-4.946218412
TACGCTCTCGATTTCT-1_2_1_1_1,DC,NaiveT,T,2.185266329,7.142599661
TACGGGCAGGTAGTCG-1_2_1_1_1,DC,NaiveT,T,-1.43889706,6.834827979
TACGGGCCATGGCACC-1_2_1_1_1,DC,NK,NK,-1.205424952,-5.021815221
TACGGTACAGTAGAGC-1_2_1_1_1,DC,NaiveT,T,1.954095794,4.436096747
TACGGTATCCTTCGAC-1_2_1_1_1,DC,NaiveT,T,1.488141967,7.517506201
TACGGTATCGCAGAGA-1_2_1_1_1,DC,Cytotoxic,T,-3.385596918,1.157310922
TACGTCCAGCTGAGCA-1_2_1_1_1,DC,NK,NK,-0.663883196,-4.751674097
TACGTCCAGGTGCAGT-1_2_1_1_1,DC,ILC,ILC,7.412775112,1.469430883
TACTGCCAGACCATTC-1_2_1_1_1,DC,NK,NK,-8.845923828,-8.280674856
TACTGCCGTAACGGTG-1_2_1_1_1,DC,NaiveT,T,2.461526705,7.472534735
TACTGCCTCGCTTGAA-1_2_1_1_1,DC,Cytotoxic,T,-2.64388554,0.165093709
TACTTACGTATCCCTC-1_2_1_1_1,DC,gdT,T,10.4015394,-5.103640955
TACTTACGTTCCAAAC-1_2_1_1_1,DC,NKT,T,-5.324360775,-2.22480027
TACTTACGTTGATGTC-1_2_1_1_1,DC,NKT,T,-5.805404591,-1.64933924
TACTTACTCTCTGCCA-1_2_1_1_1,DC,Cytotoxic,T,-0.223703491,0.788939674
TACTTGTAGAAATTGC-1_2_1_1_1,DC,Cytotoxic,T,-0.501361894,6.216552336
TACTTGTAGACATCCT-1_2_1_1_1,DC,Cytotoxic,T,-1.454477357,0.254026551
TAGACCAGTCGGCCTA-1_2_1_1_1,DC,T-DN,T,0.198796527,2.930689175
TAGAGTCCAACTGCTA-1_2_1_1_1,DC,gdT,T,9.04773481,-5.749426763
TAGAGTCTCCCTGGTT-1_2_1_1_1,DC,Cytotoxic,T,-3.974714207,2.853837807
TAGCACACAGGAGGAG-1_2_1_1_1,DC,T-Helper,T,0.776881052,0.481420357
TAGCACACAGTTGTCA-1_2_1_1_1,DC,NaiveT,T,0.293032823,7.808920939
TAGGAGGGTCATTCCC-1_2_1_1_1,DC,Cytotoxic,T,0.417884214,-2.987003486
TAGGGTTAGCTATCTG-1_2_1_1_1,DC,Treg,T,3.096114946,-0.588207047
TAGGTACCAGCAGATG-1_2_1_1_1,DC,Other,Other,6.319042278,6.887672503
TAGGTTGAGGTGCGAT-1_2_1_1_1,DC,Cytotoxic,T,0.64941488,-3.771278303
TATACCTAGACAGCGT-1_2_1_1_1,DC,NaiveT,T,0.623398675,7.977532465
TATACCTCAGCTTTCC-1_2_1_1_1,DC,NaiveT,T,1.553773356,6.655660231
TATACCTTCAATCTCT-1_2_1_1_1,DC,T-Helper,T,1.787324382,1.797218759
TATATCCAGATCCCGC-1_2_1_1_1,DC,Cytotoxic,T,-2.642776894,1.180346568
TATATCCGTCTAGGTT-1_2_1_1_1,DC,TCM,T,-1.354022669,4.93947943
TATATCCTCTGAGGTT-1_2_1_1_1,DC,NaiveT,T,0.268429985,6.709147055
TATCAGGAGGTTCTTG-1_2_1_1_1,DC,NK,NK,-5.336454319,-6.273712556
TATCGCCTCCGATGTA-1_2_1_1_1,DC,NKT,T,-5.840461182,-1.882484954
TATCTGTTCACTTTGT-1_2_1_1_1,DC,NaiveT,T,-0.332717525,6.647062857
TATCTTGGTGTATCCA-1_2_1_1_1,DC,Treg,T,2.845440937,3.404775698
TATGTTCGTAACCAGG-1_2_1_1_1,DC,Cytotoxic,T,-2.035693335,0.355658431
TATGTTCTCCTTTGAT-1_2_1_1_1,DC,gdT,T,9.551086021,-4.611560743
TATTCCAAGTTAGTAG-1_2_1_1_1,DC,NaiveT,T,2.740487648,6.84699877
TATTGCTCAATCGAAA-1_2_1_1_1,DC,ILC,ILC,7.99615152,1.731577117
TATTGCTCAATGTCTG-1_2_1_1_1,DC,NaiveT,T,1.79684837,6.297050078
TATTGGGGTCCCTAAA-1_2_1_1_1,DC,Cytotoxic,T,-0.639501618,1.410378058
TCAAGACAGAATTGTG-1_2_1_1_1,DC,NaiveT,T,1.862306429,6.468406756
TCAAGACGTAGTTACC-1_2_1_1_1,DC,Cytotoxic,T,0.265329851,-2.81122772
TCAAGACGTTATTCTC-1_2_1_1_1,DC,gdT,T,10.18540056,-5.955796163
TCAAGTGGTCGTATGT-1_2_1_1_1,DC,Treg,T,2.945560289,3.277606089
TCAAGTGTCAAGGACG-1_2_1_1_1,DC,NaiveT,T,0.563545717,6.926227648
TCAAGTGTCCGATGTA-1_2_1_1_1,DC,gdT,T,9.451034142,-5.587641637
TCAATCTTCAGAACCT-1_2_1_1_1,DC,NaiveT,T,0.799141837,8.266640742
TCAATTCCACTACCCT-1_2_1_1_1,DC,T-Helper,T,0.113678453,-0.954952221
TCAATTCTCCCGAGAC-1_2_1_1_1,DC,Cytotoxic,T,-2.804299282,1.758258064
TCACAAGAGCATCGAG-1_2_1_1_1,DC,gdT,T,9.249865128,-5.325876157
TCACATTCAAGTGGTG-1_2_1_1_1,DC,NK,NK,-5.19204657,-6.247071188
TCACGGGTCTGAGAAA-1_2_1_1_1,DC,Cytotoxic,T,-1.088046121,0.060921226
TCACTCGGTCGCATGC-1_2_1_1_1,DC,T-Helper,T,1.934772564,0.534246166
TCAGCAACACTGTTCC-1_2_1_1_1,DC,NaiveT,T,1.108917905,7.254424651
TCAGCAAGTAGACAAT-1_2_1_1_1,DC,ILC,ILC,7.654763771,2.205189783
TCAGCCTAGCTAGATA-1_2_1_1_1,DC,NaiveT,T,2.692202879,7.25789984
TCAGCCTCAACTCGTA-1_2_1_1_1,DC,NKT,T,-3.640633034,-3.428576152
TCAGCCTCAGCGAACA-1_2_1_1_1,DC,NKT,T,-4.967581676,-2.861720722
TCAGCCTGTCTCGACG-1_2_1_1_1,DC,NKT,T,-0.027483853,-1.110937636
TCAGGGCAGGATCACG-1_2_1_1_1,DC,NK,NK,-7.322705673,-4.825234335
TCAGGGCAGGCCACCT-1_2_1_1_1,DC,Cytotoxic,T,-1.662292408,0.67145427
TCAGGTATCCGAGGCT-1_2_1_1_1,DC,NaiveT,T,1.244765116,8.235152323
TCAGGTATCCGTGACG-1_2_1_1_1,DC,gdT,T,9.12207563,-5.47996084
TCAGTCCCAGGAGGTT-1_2_1_1_1,DC,Cytotoxic,T,-0.658801304,-0.915147822
TCAGTTTGTGCCGAAA-1_2_1_1_1,DC,NaiveT,T,0.564347518,6.454253752
TCATACTAGCTAAACA-1_2_1_1_1,DC,NaiveT,T,2.995833469,7.035781462
TCATCATCAATAACCC-1_2_1_1_1,DC,T-DN,T,0.346681995,2.804089148
TCATCATTCTTGCAGA-1_2_1_1_1,DC,Cytotoxic,T,-3.208315538,0.988166053
TCATCCGAGAGCCCAA-1_2_1_1_1,DC,T-Helper,T,0.922932638,2.359823782
TCATCCGGTGTGCCTG-1_2_1_1_1,DC,NaiveT,T,-1.052119063,6.363645155
TCATGCCAGTTTAGGA-1_2_1_1_1,DC,TCM,T,0.104483032,5.501708586
TCATGGATCGGTTGTA-1_2_1_1_1,DC,NK,NK,-7.927348541,-7.977424066
TCATGTTCAAATCGTC-1_2_1_1_1,DC,NaiveT,T,1.698073698,6.589054186
TCATTACTCCATAAGC-1_2_1_1_1,DC,NaiveT,T,2.74311669,7.745881636
TCATTCAGTTATCTTC-1_2_1_1_1,DC,NaiveT,T,2.199689938,6.188391287
TCATTCAGTTGGTGTT-1_2_1_1_1,DC,T-Helper,T,0.159355776,0.959142406
TCATTTGAGATGGTAT-1_2_1_1_1,DC,NK,NK,-8.925898003,-5.983199041
TCATTTGCAATAGTCC-1_2_1_1_1,DC,NaiveT,T,1.027641965,7.705792982
TCATTTGGTCTACGAT-1_2_1_1_1,DC,NKT,T,-6.16396706,-2.269961755
TCATTTGTCGTCCTTG-1_2_1_1_1,DC,NaiveT,T,0.9250098,8.545885165
TCCAGAAAGGCGTTAG-1_2_1_1_1,DC,NaiveT,T,0.230663372,8.895776827
TCCAGAATCGTTCCTG-1_2_1_1_1,DC,NK,NK,-7.316909718,-6.848048132
TCCATCGCACCGTACG-1_2_1_1_1,DC,NKT,T,-4.267874645,-2.789082449
TCCATCGCACTTCTCG-1_2_1_1_1,DC,Treg,T,2.653318001,-1.78821532
TCCATCGCATCGTTCC-1_2_1_1_1,DC,NaiveT,T,0.453708602,7.25962456
TCCATGCGTGCAAGAC-1_2_1_1_1,DC,gdT,T,7.076805187,-6.28165571
TCCCACACACATAACC-1_2_1_1_1,DC,Cytotoxic,T,-3.951361107,0.231221039
TCCCACACATGTACGT-1_2_1_1_1,DC,ILC,ILC,7.257329536,1.432783682
TCCCACAGTCCAACGC-1_2_1_1_1,DC,ILC,ILC,6.828313423,1.546988804
TCCCACAGTGTTCAGT-1_2_1_1_1,DC,Cytotoxic,T,-3.075135635,2.066393454
TCCCAGTAGTATTCCG-1_2_1_1_1,DC,Treg,T,3.757530046,-0.569925945
TCCGAAATCTGGTTGA-1_2_1_1_1,DC,Treg,T,3.830387426,-0.48162679
TCCGGGATCCACAGGC-1_2_1_1_1,DC,NK,NK,-8.69051783,-7.595683019
TCCGGGATCCCTCTCC-1_2_1_1_1,DC,NaiveT,T,1.135950936,8.42129143
TCCGTGTTCCCGTGTT-1_2_1_1_1,DC,NaiveT,T,0.191564141,7.456638415
TCCTAATAGCGAGGAG-1_2_1_1_1,DC,NK,NK,-1.07663207,-4.94547693
TCCTAATTCGCACGAC-1_2_1_1_1,DC,T-Helper,T,2.119084788,1.801544626
TCCTCCCAGTTAGTGA-1_2_1_1_1,DC,NaiveT,T,0.960902406,7.646011431
TCCTCCCCAGCCCAGT-1_2_1_1_1,DC,Cytotoxic,T,-2.740342783,2.132700283
TCCTCCCTCCTCATAT-1_2_1_1_1,DC,Treg,T,2.501436306,1.83995362
TCCTGCATCATTCCTA-1_2_1_1_1,DC,Cytotoxic,T,-0.725279438,0.574674029
TCCTTCTTCCTCTCGA-1_2_1_1_1,DC,NaiveT,T,2.124437285,6.302960951
TCGAAGTGTGACTCGC-1_2_1_1_1,DC,T-Helper,T,1.615532471,2.391622622
TCGAAGTTCGCTGTCT-1_2_1_1_1,DC,T-Helper,T,-0.636934923,0.907631118
TCGACCTTCAGCAGAG-1_2_1_1_1,DC,gdT,T,9.495465828,-5.258067052
TCGACGGCAATGGCAG-1_2_1_1_1,DC,TCM,T,-1.4716547,5.532184679
TCGCACTAGATCACCT-1_2_1_1_1,DC,Treg,T,3.700082375,0.330641706
TCGCACTAGCCGAACA-1_2_1_1_1,DC,Cytotoxic,T,-3.355476784,0.94159158
TCGCAGGTCGAATCCA-1_2_1_1_1,DC,NaiveT,T,1.708517386,7.665452082
TCGCTTGAGTTGAATG-1_2_1_1_1,DC,NaiveT,T,2.507002903,7.968055804
TCGCTTGCAAAGGGTC-1_2_1_1_1,DC,Cytotoxic,T,-3.455469774,-0.069347199
TCGGATAAGGGTGAGG-1_2_1_1_1,DC,T-Helper,T,0.971893741,-1.546783011
TCGGGCACAGAACTCT-1_2_1_1_1,DC,NK,NK,-7.906933235,-7.288776796
TCGGGCATCGCTACAA-1_2_1_1_1,DC,T-Helper,T,0.569172425,0.421095509
TCGTAGATCCAGTGTA-1_2_1_1_1,DC,NK,NK,-6.723880218,-4.158093374
TCGTCCACATCCGTTC-1_2_1_1_1,DC,NK,NK,-6.996270107,-6.319255273
TCGTGGGTCGAACGCC-1_2_1_1_1,DC,ILC,ILC,7.924901081,2.000403721
TCTACATTCAACCGAT-1_2_1_1_1,DC,NKT,T,-6.090031075,-2.181212585
TCTACATTCTGTCTCG-1_2_1_1_1,DC,NaiveT,T,2.696150614,7.362578947
TCTACCGAGCTCGTGC-1_2_1_1_1,DC,NKT,T,-3.575296568,-3.404158275
TCTCACGAGAGGGTCT-1_2_1_1_1,DC,NaiveT,T,-0.913160609,7.382064421
TCTCACGTCATGCATG-1_2_1_1_1,DC,Cytotoxic,T,0.362909986,-2.019351165
TCTCAGCAGTCATGGG-1_2_1_1_1,DC,NK,NK,-6.232452797,-5.84656183
TCTCAGCCAGTGGTGA-1_2_1_1_1,DC,NaiveT,T,0.762231303,7.548034747
TCTCCGAGTCTCAGAT-1_2_1_1_1,DC,Cytotoxic,T,-2.681546377,0.049702872
TCTCCGATCCAGCACG-1_2_1_1_1,DC,Cytotoxic,T,-2.60810964,0.56221499
TCTCTGGTCGTGGGAA-1_2_1_1_1,DC,NK,NK,-5.859188484,-6.340038221
TCTGCCACAACCAGAG-1_2_1_1_1,DC,NK,NK,-7.834652351,-7.242832105
TCTGCCACAGAGGAAA-1_2_1_1_1,DC,Cytotoxic,T,-4.38049929,-0.353584241
TCTGCCAGTAACATAG-1_2_1_1_1,DC,NaiveT,T,1.540489508,6.281835635
TCTGCCAGTGCATTTG-1_2_1_1_1,DC,NaiveT,T,1.394836737,6.268701632
TCTGGCTTCAGGCGAA-1_2_1_1_1,DC,Cytotoxic,T,-2.935740875,1.913270552
TCTGGCTTCATAAGGA-1_2_1_1_1,DC,Treg,T,3.968003346,-0.374389898
TCTGGCTTCTATACTC-1_2_1_1_1,DC,NaiveT,T,1.78546424,5.886934359
TCTGGCTTCTGTCGTC-1_2_1_1_1,DC,NaiveT,T,-0.536188172,6.18470772
TCTTAGTTCGACGCTG-1_2_1_1_1,DC,ILC,ILC,7.270154072,2.282113154
TCTTAGTTCTTAGTTC-1_2_1_1_1,DC,NaiveT,T,-0.307434904,8.449222643
TGAATCGGTCGCGTTG-1_2_1_1_1,DC,ILC,ILC,8.514082504,1.526326139
TGACAGTAGGCTCACC-1_2_1_1_1,DC,Cytotoxic,T,-0.705490219,1.801130254
TGACAGTCAACGATCT-1_2_1_1_1,DC,NK,NK,-7.747581409,-6.245733659
TGACAGTGTTCTGACA-1_2_1_1_1,DC,Cytotoxic,T,-3.53187673,0.046422456
TGACCCTGTTGAGGAC-1_2_1_1_1,DC,Cytotoxic,T,-2.850614952,0.291715104
TGACGCGTCGCTTTAT-1_2_1_1_1,DC,T-Helper,T,2.62381251,1.146321733
TGACTCCCATGGCTAT-1_2_1_1_1,DC,NaiveT,T,-0.86696689,7.216239054
TGACTCCTCGCATTGA-1_2_1_1_1,DC,NaiveT,T,2.007595492,7.874566634
TGAGCGCTCGTCAACA-1_2_1_1_1,DC,T-Helper,T,2.31975205,2.81316932
TGAGGAGGTGCCCAGT-1_2_1_1_1,DC,NK,NK,-6.872112202,-7.525879305
TGAGGAGTCAAATGCC-1_2_1_1_1,DC,NK,NK,-6.695954727,-5.917084138
TGAGTCAGTCCTTGTC-1_2_1_1_1,DC,NaiveT,T,1.142437173,7.525446494
TGATCAGAGGACGCAT-1_2_1_1_1,DC,Cytotoxic,T,0.905168427,-1.910054605
TGATCAGTCAACCTTT-1_2_1_1_1,DC,Cytotoxic,T,-3.46561067,0.562100906
TGATCTTCACTTCATT-1_2_1_1_1,DC,NK,NK,-8.177923607,-8.154303472
TGATCTTGTACACGCC-1_2_1_1_1,DC,Cytotoxic,T,-3.418015169,1.922160704
TGATGCAAGTCAGCCC-1_2_1_1_1,DC,ILC,ILC,9.017667366,2.183969576
TGATGCACAGTATGAA-1_2_1_1_1,DC,NKT,T,-6.096933292,-2.144367616
TGATGGTGTACCCGCA-1_2_1_1_1,DC,ILC,ILC,8.31326635,1.545713384
TGATGGTGTGTGGTCC-1_2_1_1_1,DC,Treg,T,3.149055315,-0.518191915
TGATGGTTCAGTCAGT-1_2_1_1_1,DC,NKT,T,-4.727713036,-1.371013205
TGATGGTTCCGGACTG-1_2_1_1_1,DC,Cytotoxic,T,-2.722653555,1.431328256
TGATTCTCAACTCGAT-1_2_1_1_1,DC,NK,NK,-5.5144562,-4.890281599
TGATTTCCAGTTGGTT-1_2_1_1_1,DC,Treg,T,3.013266874,4.563852389
TGCAGATCAATTTCTC-1_2_1_1_1,DC,NK,NK,-0.74991368,-4.635593813
TGCAGATGTATCACGT-1_2_1_1_1,DC,T-Helper,T,-0.701750087,0.417900283
TGCAGATGTTCACCGG-1_2_1_1_1,DC,NaiveT,T,1.231460763,7.181554873
TGCAGGCCATATGCGT-1_2_1_1_1,DC,T-DN,T,0.511665089,2.533983071
TGCCGAGGTACAAGCG-1_2_1_1_1,DC,NK,NK,-6.279370712,-7.302547376
TGCCGAGGTATACCCA-1_2_1_1_1,DC,NaiveT,T,-1.369715141,7.785925944
TGCGACGCAAACGGCA-1_2_1_1_1,DC,gdT,T,2.433751179,0.172737677
TGCGACGTCCGTAATG-1_2_1_1_1,DC,NaiveT,T,-0.20521264,8.093152125
TGCGACGTCGCCGAGT-1_2_1_1_1,DC,NaiveT,T,-0.220428841,8.314323504
TGCGATAAGTGATAAC-1_2_1_1_1,DC,ILC,ILC,6.315551353,1.907080729
TGCGATATCCTGTACC-1_2_1_1_1,DC,Cytotoxic,T,-3.711357998,2.16141041
TGCGATATCTTCGATT-1_2_1_1_1,DC,T-DN,T,-3.580463814,-2.434419315
TGCGGCATCCGAAATC-1_2_1_1_1,DC,NaiveT,T,0.300721718,7.535238345
TGCTCCAGTTAGCTAC-1_2_1_1_1,DC,NaiveT,T,0.187348988,7.509152014
TGCTGAACACTTACAG-1_2_1_1_1,DC,NK,NK,-8.659302162,-6.303533952
TGCTGAATCATTGCGA-1_2_1_1_1,DC,NK,NK,-0.736897813,-4.840679567
TGCTTCGAGTAGATCA-1_2_1_1_1,DC,NK,NK,-7.719160961,-6.446105878
TGCTTCGTCCTTCTTC-1_2_1_1_1,DC,gdT,T,7.793877197,-4.373154562
TGGAACTAGCGCCTAC-1_2_1_1_1,DC,T-Helper,T,0.995554818,-2.69331805
TGGAGGATCGAGAGAC-1_2_1_1_1,DC,T-DN,T,-0.181811946,2.343269188
TGGATCACAATCGCAT-1_2_1_1_1,DC,Cytotoxic,T,-3.568516897,0.895993788
TGGATCACACCCAATA-1_2_1_1_1,DC,NaiveT,T,1.307487918,8.391750414
TGGATCAGTACGGGAT-1_2_1_1_1,DC,NaiveT,T,-1.532824563,7.275121291
TGGATCAGTTTCGTTT-1_2_1_1_1,DC,NaiveT,T,2.490420891,4.600121577
TGGATGTTCGACGATT-1_2_1_1_1,DC,NaiveT,T,-0.053214224,8.830659945
TGGGAAGAGCTAGATA-1_2_1_1_1,DC,NK,NK,-5.621824192,-6.547406118
TGGGAGAAGGCCTGCT-1_2_1_1_1,DC,Cytotoxic,T,-4.194581436,-1.006748359
TGGGAGAGTGGACTGA-1_2_1_1_1,DC,Treg,T,2.896750761,4.228148539
TGGGATTTCGCACGAC-1_2_1_1_1,DC,T-Helper,T,0.018394051,-1.30521826
TGGGCTGCAAGATGGC-1_2_1_1_1,DC,NK,NK,-7.43164389,-7.176568906
TGGGTTAAGGCGAACT-1_2_1_1_1,DC,gdT,T,7.150254799,-6.21524183
TGGGTTAAGGTATCTC-1_2_1_1_1,DC,Cytotoxic,T,-4.048636841,2.789301951
TGGGTTAGTACTGCCG-1_2_1_1_1,DC,NaiveT,T,0.654822333,8.916012843
TGGGTTATCCGTAGTA-1_2_1_1_1,DC,T-Helper,T,2.280774904,4.301102717
TGGTACAAGCTAGCCC-1_2_1_1_1,DC,Cytotoxic,T,-2.277224707,1.303328116
TGGTAGTAGGAGATAG-1_2_1_1_1,DC,Cytotoxic,T,-2.36895554,0.671032925
TGGTTAGAGACCTTTG-1_2_1_1_1,DC,NKT,T,-4.98399918,-2.944383304
TGTAACGGTGCAGATG-1_2_1_1_1,DC,NaiveT,T,-1.685517239,6.358159621
TGTAACGTCCCGATCT-1_2_1_1_1,DC,Cytotoxic,T,-4.072585033,1.970085699
TGTAACGTCTCTAAGG-1_2_1_1_1,DC,gdT,T,9.338519646,-5.652145784
TGTAAGCAGCAACTTC-1_2_1_1_1,DC,NKT,T,-5.839456486,-3.604529302
TGTAAGCTCGTGTGGC-1_2_1_1_1,DC,Cytotoxic,T,-3.134756731,1.03976639
TGTACAGAGCTGGCCT-1_2_1_1_1,DC,ILC,ILC,8.435156418,0.955183227
TGTAGACCAGAGTAAT-1_2_1_1_1,DC,NK,NK,-2.51177709,-3.076585929
TGTCAGAAGACCAAAT-1_2_1_1_1,DC,NaiveT,T,1.5496691,6.26427706
TGTCCCAAGCCTCTGG-1_2_1_1_1,DC,Cytotoxic,T,0.973064555,-3.880068939
TGTGAGTCATACAGCT-1_2_1_1_1,DC,NaiveT,T,2.518266989,6.473553736
TGTGAGTTCTCTAAGG-1_2_1_1_1,DC,Treg,T,2.65269096,2.851998646
TGTGATGCAATAAGGT-1_2_1_1_1,DC,Cytotoxic,T,-3.445663618,1.640562374
TGTGCGGCAAGTGATA-1_2_1_1_1,DC,NaiveT,T,-0.679892944,6.731985171
TGTGCGGCAGTAGTGG-1_2_1_1_1,DC,T-Helper,T,0.83497007,0.598867555
TGTGCGGGTGGTAACG-1_2_1_1_1,DC,ILC,ILC,7.512461735,0.927451808
TGTGCGGTCACTACGA-1_2_1_1_1,DC,NaiveT,T,0.749712838,8.433563311
TGTGTGAGTGCTATTG-1_2_1_1_1,DC,NaiveT,T,-0.8143041,7.369602759
TGTTCATGTATCCCAA-1_2_1_1_1,DC,NK,NK,-5.690860676,-4.374249857
TGTTCCGGTTAGCGGA-1_2_1_1_1,DC,NKT,T,-4.634385513,-2.019013088
TGTTCCGGTTCAAACC-1_2_1_1_1,DC,NaiveT,T,0.52084489,7.942519267
TGTTGAGGTATAGCTC-1_2_1_1_1,DC,NKT,T,-5.049704479,-2.416537206
TGTTGAGTCTCGGCTT-1_2_1_1_1,DC,NaiveT,T,0.686626566,7.975671847
TGTTGGATCGCAAGAG-1_2_1_1_1,DC,gdT,T,9.319132401,-7.150062959
TTAATCCAGAAATCCA-1_2_1_1_1,DC,T-Helper,T,1.26053722,0.864939113
TTAATCCTCGCGAAGA-1_2_1_1_1,DC,T-DN,T,-0.161919104,2.160894234
TTACCGCCAATCTCTT-1_2_1_1_1,DC,NaiveT,T,-0.088433402,6.387447913
TTACGCCCAAATACAG-1_2_1_1_1,DC,NaiveT,T,0.018527536,6.180018027
TTACGTTAGGCGTTAG-1_2_1_1_1,DC,NaiveT,T,2.069619847,4.822020132
TTACTGTCACCCTTAC-1_2_1_1_1,DC,NK,NK,-7.194809841,-6.067543428
TTACTGTGTTCGAAGG-1_2_1_1_1,DC,NKT,T,-3.892054962,-2.474954527
TTAGGCAAGTGTACAA-1_2_1_1_1,DC,NKT,T,-5.253785061,-2.160597723
TTAGGCATCGTAACCA-1_2_1_1_1,DC,gdT,T,9.4780298,-5.293737333
TTATTGCAGCGTATAA-1_2_1_1_1,DC,Cytotoxic,T,-1.786608862,0.136400391
TTCACGCGTGTCGCTG-1_2_1_1_1,DC,Cytotoxic,T,-1.602985667,1.35633393
TTCACGCTCAGACCTA-1_2_1_1_1,DC,T-DN,T,0.012469036,-1.288726251
TTCAGGACATGGGTCC-1_2_1_1_1,DC,T-DN,T,0.375033317,2.671882946
TTCATTGCACTGGACC-1_2_1_1_1,DC,ILC,ILC,8.725455833,0.864317198
TTCATTGCAGACGATG-1_2_1_1_1,DC,Cytotoxic,T,-2.497773575,1.165795286
TTCCAATGTCCACAGC-1_2_1_1_1,DC,Cytotoxic,T,-1.648132848,1.325481493
TTCCACGCAACAAGTA-1_2_1_1_1,DC,NaiveT,T,2.64836414,7.701171477
TTCCGGTAGATGACAT-1_2_1_1_1,DC,NaiveT,T,0.480680449,8.324918826
TTCCGGTAGCAATTCC-1_2_1_1_1,DC,Cytotoxic,T,-1.131665873,2.044001419
TTCCGGTAGCACCCAC-1_2_1_1_1,DC,ILC,ILC,8.35942514,1.873348911
TTCCGGTAGTCACACT-1_2_1_1_1,DC,Cytotoxic,T,-3.568082737,2.051765997
TTCCTAATCGATCCAA-1_2_1_1_1,DC,ILC,ILC,7.353079868,2.168059189
TTCCTCTCAATGCAGG-1_2_1_1_1,DC,NK,NK,-6.18929808,-5.655491274
TTCCTCTGTTAAACCC-1_2_1_1_1,DC,NaiveT,T,2.358231617,6.52633055
TTCCTCTTCGTTGTGA-1_2_1_1_1,DC,NaiveT,T,2.225612713,7.603286822
TTCCTTCAGCTCCACG-1_2_1_1_1,DC,ILC,ILC,7.666851116,1.413863261
TTCCTTCCATGTGGCC-1_2_1_1_1,DC,ILC,ILC,8.508183075,1.73171087
TTCCTTCGTTTATGCG-1_2_1_1_1,DC,NaiveT,T,-2.036848711,5.60286339
TTCCTTCTCCTCTTTC-1_2_1_1_1,DC,NK,NK,-5.293808388,-4.640178602
TTCGATTCAAGAATAC-1_2_1_1_1,DC,Cytotoxic,T,-1.711863564,0.861611206
TTCGCTGGTACGAAAT-1_2_1_1_1,DC,Cytotoxic,T,-3.060873674,0.887495417
TTCGGTCAGACAACTA-1_2_1_1_1,DC,gdT,T,9.736298157,-5.251242082
TTCTAGTGTCGCTTGG-1_2_1_1_1,DC,Cytotoxic,T,-3.199054407,1.295716841
TTCTCTCAGGGCTAAC-1_2_1_1_1,DC,NaiveT,T,0.701453639,7.060615618
TTCTCTCGTATCGCTA-1_2_1_1_1,DC,NKT,T,-5.299511837,-1.659617107
TTCTTCCCATCCTTCG-1_2_1_1_1,DC,NKT,T,-4.587100433,-1.484136622
TTGACCCAGAGAGTTT-1_2_1_1_1,DC,Cytotoxic,T,-3.713797258,1.989850838
TTGAGTGCAGGAATAT-1_2_1_1_1,DC,NaiveT,T,1.712914182,7.017995913
TTGATGGCATACTGTG-1_2_1_1_1,DC,ILC,ILC,6.991341187,1.644081433
TTGCATTTCACCGACG-1_2_1_1_1,DC,Cytotoxic,T,-2.666490721,1.516466339
TTGCATTTCCTTCACG-1_2_1_1_1,DC,Cytotoxic,T,-0.817808913,0.385003347
TTGCCTGCAGCGCGTT-1_2_1_1_1,DC,NK,NK,-6.722737717,-7.558989923
TTGCTGCGTCCTTTGC-1_2_1_1_1,DC,ILC,ILC,6.755620075,1.673471172
TTGCTGCGTGGACTGA-1_2_1_1_1,DC,ILC,ILC,8.365423752,1.723131974
TTGGATGAGTTACGGG-1_2_1_1_1,DC,NaiveT,T,0.662442935,8.925691683
TTGGATGGTTTCCATT-1_2_1_1_1,DC,NKT,T,-5.744306492,-1.773945849
TTGGATGTCCGTGCGA-1_2_1_1_1,DC,Treg,T,2.551985336,2.015237172
TTGGGATAGCCTGACC-1_2_1_1_1,DC,NK,NK,-4.715601849,-3.955975692
TTGGGCGAGCCTAACT-1_2_1_1_1,DC,gdT,T,7.726776196,-4.671408098
TTGGGTAGTCCTGGGT-1_2_1_1_1,DC,Treg,T,3.783613039,0.42783453
TTGGGTATCATCGCTC-1_2_1_1_1,DC,NKT,T,-4.620448994,-1.637992423
TTGTGGACAAGGTACG-1_2_1_1_1,DC,T-Helper,T,2.034002734,2.496211369
TTGTGTTGTCCACTTC-1_2_1_1_1,DC,ILC,ILC,6.067572666,1.962036688
TTGTTCAGTTTAGAGA-1_2_1_1_1,DC,NaiveT,T,-0.294388907,8.015954096
TTGTTCATCGGTCGGT-1_2_1_1_1,DC,ILC,ILC,8.102690292,1.104567487
TTGTTGTGTGAGATTA-1_2_1_1_1,DC,Cytotoxic,T,-2.946572947,0.446319003
TTGTTGTTCTCTTCAA-1_2_1_1_1,DC,NaiveT,T,-0.20512663,6.088763316
TTGTTTGCACGCTGTG-1_2_1_1_1,DC,NKT,T,-6.339445042,-2.506103914
TTTACGTCATAATCCG-1_2_1_1_1,DC,NaiveT,T,1.257726742,7.458757002
TTTACTGGTCCTGGTG-1_2_1_1_1,DC,NKT,T,-5.556810783,-1.641564291
TTTACTGTCACATCAG-1_2_1_1_1,DC,T-Helper,T,1.252351357,-3.281478565
TTTATGCAGTGCCCGT-1_2_1_1_1,DC,NK,NK,-9.027226852,-8.300589483
TTTATGCAGTTCTACG-1_2_1_1_1,DC,Treg,T,3.080369783,1.890677531
TTTATGCGTGCGTTTA-1_2_1_1_1,DC,T-Helper,T,1.323082877,-2.205324094
TTTATGCGTGTACAGG-1_2_1_1_1,DC,NaiveT,T,-1.579332041,7.104306776
TTTATGCTCGCCGAAC-1_2_1_1_1,DC,NK,NK,-5.557031082,-6.499042909
TTTCACACAAACACGG-1_2_1_1_1,DC,NK,NK,-8.355537819,-6.976162832
TTTCACACACATACTG-1_2_1_1_1,DC,Cytotoxic,T,-2.788351225,1.806541998
TTTCACAGTGACTCGC-1_2_1_1_1,DC,Cytotoxic,T,-1.282401132,0.111279998
TTTCGATCATTCCTCG-1_2_1_1_1,DC,NaiveT,T,1.485342456,8.878816683
TTTGACTTCCGATCTC-1_2_1_1_1,DC,NK,NK,-1.291278528,-4.993401926
TTTGGTTCAACACGTT-1_2_1_1_1,DC,T-DN,T,0.163105231,2.486101229
TTTGGTTGTGCAACAG-1_2_1_1_1,DC,NKT,T,-3.782554077,-2.020480912
ACGATCATCCGTCACT-1_1_1_1,IR,Cytotoxic,T,-2.658617424,0.470662911
ACGATGTAGGTAGATT-1_1_1_1,IR,gdT,T,2.719580246,0.349485655
ACGATGTTCGGTTGTA-1_1_1_1,IR,gdT,T,9.978956772,-5.403073709
ACGCACGCAGGCATTT-1_1_1_1,IR,gdT,T,9.622463776,-5.741849821
ACGGAAGCAAGACCGA-1_1_1_1,IR,Cytotoxic,T,-4.274902271,1.689548571
ACGGAAGGTCTGTAGT-1_1_1_1,IR,NK,NK,-5.371763634,-4.468504827
ACGGGTCGTGATATAG-1_1_1_1,IR,Cytotoxic,T,-1.530195521,-0.221367512
ACGGGTCGTTTCGTAG-1_1_1_1,IR,Cytotoxic,T,-3.645211386,1.04429229
ACGGTCGAGAGAAGGT-1_1_1_1,IR,Other,Other,5.334229065,6.832083304
ACGGTCGGTCGGCACT-1_1_1_1,IR,TCM,T,-1.552390861,4.235356886
ACGGTCGTCATTTCCA-1_1_1_1,IR,NK,NK,-8.068185257,-6.643535535
ACGGTTAAGACTACCT-1_1_1_1,IR,ILC,ILC,8.827836586,2.451567013
ACGTAACTCCGCTTAC-1_1_1_1,IR,ILC,ILC,8.391781403,1.483649928
ACGTAGTCATGAGATA-1_1_1_1,IR,Other,Other,5.213427616,6.728671152
ACGTAGTGTAATGTGA-1_1_1_1,IR,NK,NK,-6.607960628,-6.614456575
ACGTAGTGTGTTGACT-1_1_1_1,IR,TCM,T,-1.532285856,4.366337855
ACGTCCTCATCGATAC-1_1_1_1,IR,TCM,T,-1.487517761,5.547423441
ACGTCCTGTGAATGTA-1_1_1_1,IR,gdT,T,2.643965794,0.5066485
ACGTCCTGTTAAGGGC-1_1_1_1,IR,NaiveT,T,1.7968529,7.04396208
ACGTTCCCAATGTGGG-1_1_1_1,IR,gdT,T,10.05193098,-6.539545934
ACGTTCCCACAGACGA-1_1_1_1,IR,NK,NK,-5.630112576,-5.446298521
ACGTTCCGTAATCAGA-1_1_1_1,IR,NaiveT,T,1.049810363,7.080280383
ACTACGAGTTAGGCTT-1_1_1_1,IR,NaiveT,T,2.408267571,7.254279215
ACTATCTAGGTCATTC-1_1_1_1,IR,T-Helper,T,3.097856594,1.519396264
ACTATCTCAGATCCAT-1_1_1_1,IR,Cytotoxic,T,0.72971381,-1.835145514
ACTATGGAGCCATGCC-1_1_1_1,IR,Other,Other,3.747152401,6.390091498
ACTCCCAAGCATGAAT-1_1_1_1,IR,T-DN,T,0.152382719,-1.266334455
ACTCCCAAGTAGATCA-1_1_1_1,IR,Cytotoxic,T,-1.2943372,-0.08988857
ACTCCCATCACTTTGT-1_1_1_1,IR,NK,NK,-5.952867912,-4.96752588
ACTCCCATCCGAGCTG-1_1_1_1,IR,gdT,T,7.82687862,-6.925473611
ACTCTCGAGATCCGAG-1_1_1_1,IR,NaiveT,T,2.109531952,6.379801352
ACTCTCGCACTACTTT-1_1_1_1,IR,NaiveT,T,1.423198772,7.609870989
ACTCTCGGTAGCGCTC-1_1_1_1,IR,TCM,T,-1.751061129,4.014202197
ACTCTCGGTCGTGGAA-1_1_1_1,IR,gdT,T,9.357949806,-4.454113882
ACTCTCGGTGCGAACA-1_1_1_1,IR,NaiveT,T,1.323179437,7.670993407
ACTGCAACAGAGTGTG-1_1_1_1,IR,Other,Other,6.750267578,6.943205912
ACTGCAAGTCAGGAGT-1_1_1_1,IR,NK,NK,-6.246900963,-6.863161485
ACTGCAAGTCATCCCT-1_1_1_1,IR,TCM,T,-2.01975696,3.325171072
ACTGCAATCCTTGACC-1_1_1_1,IR,Cytotoxic,T,-1.376938151,0.301229228
ACTGTCCAGGGTATAT-1_1_1_1,IR,Other,Other,3.908384872,6.428283293
ACTGTCCCATCTTAGG-1_1_1_1,IR,gdT,T,9.26936586,-5.450570028
ACTGTCCTCGTCAACA-1_1_1_1,IR,NK,NK,-6.246653961,-5.440947454
ACTGTGAAGATGGCGT-1_1_1_1,IR,NK,NK,-6.534098076,-7.240923803
ACTGTGACAATGAAAC-1_1_1_1,IR,Treg,T,4.974694801,1.856322009
ACTGTGACACGTTCGG-1_1_1_1,IR,NaiveT,T,0.430951459,8.170135577
ACTGTGATCCTGGTCT-1_1_1_1,IR,Cytotoxic,T,-2.290463613,1.026837428
ACTTAGGTCCGAGATT-1_1_1_1,IR,Cytotoxic,T,-2.504804777,1.096445043
ACTTATCTCTGTCCCA-1_1_1_1,IR,gdT,T,2.500178171,0.198093016
ACTTCGCCACAGTATC-1_1_1_1,IR,Cytotoxic,T,-4.683524536,0.74305727
ACTTCGCGTATCCTCC-1_1_1_1,IR,Cytotoxic,T,-3.496145176,1.975090344
ACTTCGCTCATCGCAA-1_1_1_1,IR,Cytotoxic,T,-4.698888706,2.01181658
ACTTTCAAGGATATGT-1_1_1_1,IR,NaiveT,T,-0.279771404,8.211426814
ACTTTCACACCAGACC-1_1_1_1,IR,Other,Other,5.482207371,6.752515395
ACTTTCAGTTGGGACA-1_1_1_1,IR,NK,NK,-6.640773701,-6.463744085
ACTTTCATCACTTCTA-1_1_1_1,IR,Cytotoxic,T,-1.035097527,4.465845663
ACTTTCATCGCCAGAC-1_1_1_1,IR,Cytotoxic,T,-0.941038774,-0.024502974
ACTTTGTAGCTGAGTG-1_1_1_1,IR,NK,NK,-5.927014278,-6.3331093
ACTTTGTGTGTTAACC-1_1_1_1,IR,Cytotoxic,T,-4.41783707,0.614446599
ACTTTGTTCCTCAGAA-1_1_1_1,IR,Cytotoxic,T,0.588273657,-3.032359045
AGAACAAAGCGGATCA-1_1_1_1,IR,Cytotoxic,T,-3.686703133,1.545647104
AGAACCTCAGGGCTTC-1_1_1_1,IR,NKT,T,-4.464582371,-1.469190877
AGAACCTGTAGGAGGG-1_1_1_1,IR,Cytotoxic,T,0.144375672,-2.986998479
AGAACCTGTGGTCCGT-1_1_1_1,IR,NaiveT,T,2.196928335,7.461126406
AGAAGCGTCAGCGTCG-1_1_1_1,IR,Cytotoxic,T,-2.862335133,1.042500217
AGAAGCGTCTAACACG-1_1_1_1,IR,NaiveT,T,-1.279623555,6.624559481
AGAAGTAAGCGACCCT-1_1_1_1,IR,T-Helper,T,0.574436111,-0.890013199
AGACAAACAGGCGTTC-1_1_1_1,IR,NaiveT,T,-1.126400756,7.935924609
AGACAAACAGTCAACT-1_1_1_1,IR,NK,NK,-5.890505241,-4.753127973
AGACACTAGCATTTGC-1_1_1_1,IR,Cytotoxic,T,-2.357447313,1.183947046
AGACACTAGTAAACAC-1_1_1_1,IR,TCM,T,-2.156964706,5.042524893
AGACACTGTAGCACGA-1_1_1_1,IR,gdT,T,3.152617765,0.772605259
AGACACTGTGAGCAGT-1_1_1_1,IR,NaiveT,T,2.478990627,8.202469904
AGACAGGAGGTAAAGG-1_1_1_1,IR,Cytotoxic,T,-2.937207626,1.732934792
AGACAGGGTTAAGGGC-1_1_1_1,IR,gdT,T,8.726493431,-6.413299959
AGACCATAGAATCGTA-1_1_1_1,IR,NK,NK,-6.137075829,-4.04074661
AGACCATCAGGCAATG-1_1_1_1,IR,Cytotoxic,T,-2.564337896,1.592936594
AGACCATTCTCCACTG-1_1_1_1,IR,Cytotoxic,T,-1.87100737,0.052036394
AGACCCGTCCGCAGTG-1_1_1_1,IR,Other,Other,6.191649986,6.872791846
AGACCCGTCTTCCAGC-1_1_1_1,IR,NaiveT,T,2.679785086,7.518383582
AGACCCGTCTTGAGCA-1_1_1_1,IR,Cytotoxic,T,-3.405852245,2.075466711
AGACTCAAGGTCTGGA-1_1_1_1,IR,Other,Other,3.50494392,6.366719324
AGACTCACATAGCACT-1_1_1_1,IR,Treg,T,3.467119766,-0.347382243
AGACTCAGTGTCCTAA-1_1_1_1,IR,T-Helper,T,1.161471141,2.08586653
AGACTCATCAAGCCTA-1_1_1_1,IR,Other,Other,5.946447445,6.855610926
AGAGAATAGGTTGGAC-1_1_1_1,IR,T-DN,T,-1.774746822,5.161210139
AGAGAATCAAACCGGA-1_1_1_1,IR,T-DN,T,1.25519116,2.387198288
AGAGAGCAGCTCGGCT-1_1_1_1,IR,NK,NK,-4.707592415,-4.579571645
AGAGAGCCACGCGTGT-1_1_1_1,IR,NK,NK,-8.909204887,-7.169061582
AGAGAGCCATTCACAG-1_1_1_1,IR,Cytotoxic,T,-3.267155098,3.842740137
AGAGCAGCATAGGTTC-1_1_1_1,IR,Cytotoxic,T,-3.980341362,-0.484907757
AGAGCCCAGTCAATCC-1_1_1_1,IR,T-DN,T,-3.656376289,-1.612420123
AGAGCCCGTATTGCCA-1_1_1_1,IR,T-Helper,T,1.718613697,3.1309429
AGAGCCCGTTTCAGAC-1_1_1_1,IR,Cytotoxic,T,-0.564828741,-0.715549212
AGATAGAGTTGACTGT-1_1_1_1,IR,Cytotoxic,T,-2.554812359,-0.158205256
AGATCCAGTAAGCAAT-1_1_1_1,IR,Cytotoxic,T,-2.760228085,2.142416079
AGATCCAGTCCTGTTC-1_1_1_1,IR,T-Helper,T,1.938995315,2.35413583
AGATCCAGTCTACGAT-1_1_1_1,IR,Treg,T,3.717730356,-0.139670577
AGATCGTCAGTAACCT-1_1_1_1,IR,T-Helper,T,2.695941759,2.805904944
AGATGAAGTGCATACT-1_1_1_1,IR,Other,Other,4.906053616,6.659848769
AGATGAAGTTACCCAA-1_1_1_1,IR,T-Helper,T,-0.374528932,0.299552579
AGATGCTCACGCTATA-1_1_1_1,IR,Other,Other,3.76475699,6.369001944
AGCATCACAGCACGAA-1_1_1_1,IR,NK,NK,-7.864175247,-5.071404379
AGCCAATAGACTTAAG-1_1_1_1,IR,Cytotoxic,T,-4.206904816,-0.223188083
AGCCAATAGGGCAAGG-1_1_1_1,IR,Other,Other,7.080762936,6.917182524
AGCCAATAGTTGCCTA-1_1_1_1,IR,Other,Other,4.804311348,6.59018286
AGCCAATGTCCTTGTC-1_1_1_1,IR,Other,Other,4.861565662,6.60382374
AGCCACGAGAGAGGGC-1_1_1_1,IR,NK,NK,-4.985276627,-5.01525871
AGCCACGCACGTAGTT-1_1_1_1,IR,Cytotoxic,T,-3.551762747,0.410719771
AGCCACGTCCGATGCG-1_1_1_1,IR,T-Helper,T,1.27376504,-2.844493311
AGCCAGCTCAGCTGTA-1_1_1_1,IR,NKT,T,-1.539300131,-2.134037178
AGCGATTCAAAGGCAC-1_1_1_1,IR,NK,NK,-6.360022949,-4.322876852
AGCGATTCAATGTGGG-1_1_1_1,IR,T-Helper,T,2.927774025,1.728885014
AGCGATTTCAGGTAAA-1_1_1_1,IR,NK,NK,-5.61832373,-5.057994287
AGCGCCAGTCGGTAAG-1_1_1_1,IR,Cytotoxic,T,-3.263437199,0.895786424
AGCGCCATCAGCCTTC-1_1_1_1,IR,Cytotoxic,T,-0.951455878,-0.79969893
AGCGTATCACGGGTAA-1_1_1_1,IR,Cytotoxic,T,-2.277385401,0.540777762
AGCGTATGTTAAAGTG-1_1_1_1,IR,gdT,T,7.777660442,-6.518296163
AGCTACACAGTGAGCA-1_1_1_1,IR,T-DN,T,0.175643226,3.315909703
AGCTACACATGGCCAC-1_1_1_1,IR,TCM,T,-1.698083686,4.667903025
AGCTACATCAGCAATC-1_1_1_1,IR,Other,Other,5.452550484,6.747322161
AGCTCAATCTCAGTCC-1_1_1_1,IR,Other,Other,5.650205208,6.834675391
AGCTTCCGTCACCGCA-1_1_1_1,IR,Treg,T,3.101780964,2.089881976
AGGAATAGTTCATCGA-1_1_1_1,IR,NaiveT,T,-1.665644573,6.124142725
AGGAATATCCAACCAA-1_1_1_1,IR,T-Helper,T,-1.914062189,-0.21417379
AGGACGAAGACGGTCA-1_1_1_1,IR,Cytotoxic,T,-4.408831047,-0.009441729
AGGACTTTCACACCGG-1_1_1_1,IR,Other,Other,3.937475992,6.427515108
AGGAGGTTCACATTGG-1_1_1_1,IR,T-Helper,T,-0.806953775,-0.984907787
AGGATAAGTAGGGAGG-1_1_1_1,IR,T-DN,T,-0.742401945,-0.993241768
AGGATAAGTCGCGGTT-1_1_1_1,IR,Cytotoxic,T,-3.717083382,1.657986958
AGGATCTAGCTGCCTG-1_1_1_1,IR,Other,Other,5.555417133,6.856547434
AGGATCTGTGTTAAAG-1_1_1_1,IR,T-Helper,T,1.258025599,1.507020552
AGGCATTAGCCTTGAT-1_1_1_1,IR,gdT,T,7.128985477,-6.273675363
AGGCATTTCGCAATTG-1_1_1_1,IR,Other,Other,6.538212372,6.957881529
AGGCATTTCTAAGCCA-1_1_1_1,IR,T-DN,T,0.202130148,2.627635558
AGGCCACTCTACGGGC-1_1_1_1,IR,T-DN,T,0.038620962,2.684767086
AGGCTGCAGATGTTGA-1_1_1_1,IR,Cytotoxic,T,-4.262326645,2.224619229
AGGCTGCTCCGACGGT-1_1_1_1,IR,Cytotoxic,T,-1.751944708,0.814257581
AGGCTGCTCGAGTGAG-1_1_1_1,IR,Cytotoxic,T,-4.333374428,2.080555756
AGGCTGCTCGTTCTAT-1_1_1_1,IR,NK,NK,-5.196516441,-4.694034498
AGGGAGTAGCTAGCCC-1_1_1_1,IR,gdT,T,8.063523842,-6.540677469
AGGGAGTGTCTGTGAT-1_1_1_1,IR,NK,NK,-5.930098938,-5.948833387
AGGGCCTAGAGATGCC-1_1_1_1,IR,Cytotoxic,T,-4.110786365,1.614094694
AGGGTCCCACACCTGG-1_1_1_1,IR,NaiveT,T,1.050094677,6.450992186
AGGGTGACAGACCAGA-1_1_1_1,IR,ILC,ILC,8.684340073,2.399423678
AGGGTGAGTACTAACC-1_1_1_1,IR,gdT,T,8.807485176,-5.97773258
AGGGTTTCATTAAGCC-1_1_1_1,IR,Other,Other,4.436783863,6.598368246
AGGGTTTTCATGACAC-1_1_1_1,IR,Cytotoxic,T,-1.764039206,1.824350912
AGGTAGGTCGTGCACG-1_1_1_1,IR,NKT,T,-4.138802456,-2.274916809
AGGTCATGTAAGGCTG-1_1_1_1,IR,Treg,T,3.636901213,0.130682368
AGGTCATGTCATAACC-1_1_1_1,IR,Other,Other,6.634548737,6.925239165
AGGTCATTCGTGTTCC-1_1_1_1,IR,NK,NK,-8.708460258,-8.108272474
AGGTCTAGTAGTCGTT-1_1_1_1,IR,Treg,T,3.458706928,-0.057433571
AGGTCTAGTCGAATGG-1_1_1_1,IR,NKT,T,-4.709683823,-3.435493391
AGGTCTAGTTTCGACA-1_1_1_1,IR,NK,NK,-9.108963417,-8.267577093
AGGTTACCAATTGGTC-1_1_1_1,IR,T-Helper,T,0.105655694,0.178466339
AGGTTACCACCGAATT-1_1_1_1,IR,Cytotoxic,T,-1.695385026,-2.818434637
AGGTTACGTTCAACGT-1_1_1_1,IR,NK,NK,-6.227664398,-6.649434965
AGGTTACTCGAGTGAG-1_1_1_1,IR,gdT,T,8.277130676,-6.023109834
AGGTTACTCTCCGCAT-1_1_1_1,IR,gdT,T,10.07626779,-4.981393259
AGTAACCAGCCGTAAG-1_1_1_1,IR,Cytotoxic,T,-3.385432886,1.394580204
AGTACCACAATCACGT-1_1_1_1,IR,Cytotoxic,T,-3.298315453,1.87046798
AGTACCACAGCAGGAT-1_1_1_1,IR,NKT,T,-4.551616119,-2.713350933
AGTACCAGTCCAGGTC-1_1_1_1,IR,NK,NK,-7.842118668,-6.737189691
AGTACTGCACTACACA-1_1_1_1,IR,Other,Other,6.957457615,6.935271819
AGTACTGGTGTCTTAG-1_1_1_1,IR,Treg,T,3.887176586,-0.289451729
AGTAGCTAGGGTACAC-1_1_1_1,IR,Cytotoxic,T,-2.635026382,0.715007563
AGTAGCTGTCAAAGTA-1_1_1_1,IR,T-DN,T,0.059682404,1.924959261
AGTAGCTTCGCCACTT-1_1_1_1,IR,T-Helper,T,1.410616351,1.428698738
AGTAGCTTCGTCCTCA-1_1_1_1,IR,Treg,T,4.084534241,-0.039489079
AGTAGTCGTGACACGA-1_1_1_1,IR,Treg,T,2.666794373,-1.724349659
AGTCAACAGCTTAAGA-1_1_1_1,IR,Cytotoxic,T,-2.833018946,0.279976476
AGTCAACTCTTGAGCA-1_1_1_1,IR,NKT,T,-5.312604355,-1.048173468
AGTCACAAGCTGAAGC-1_1_1_1,IR,Cytotoxic,T,-3.737788843,3.139510949
AGTCACATCTTGTGCC-1_1_1_1,IR,Cytotoxic,T,-3.101650881,1.346714337
AGTCATGAGAAATTGC-1_1_1_1,IR,NK,NK,-9.054165291,-6.941521566
AGTCATGAGCAGAAAG-1_1_1_1,IR,NKT,T,-7.674448418,-6.763619344
AGTCATGGTTGAATCC-1_1_1_1,IR,NKT,T,-5.113552021,-1.259859245
AGTCATGTCCGCTTAC-1_1_1_1,IR,ILC,ILC,9.267106606,2.543177922
AGTCTCCGTTAGAGAT-1_1_1_1,IR,NaiveT,T,2.239223076,7.039584238
AGTCTCCGTTTCGTTT-1_1_1_1,IR,Other,Other,7.145384384,6.889539797
AGTGACTCACTTGTGA-1_1_1_1,IR,Treg,T,3.403069569,-0.615346592
AGTGACTGTGGCTTGC-1_1_1_1,IR,NaiveT,T,-1.635490345,5.794340689
AGTGACTGTTGGACCC-1_1_1_1,IR,NKT,T,-5.424709724,-1.787616532
AGTGACTTCAGGGTAG-1_1_1_1,IR,Cytotoxic,T,-2.934372829,0.449083824
AGTGACTTCGTGCATA-1_1_1_1,IR,TCM,T,-0.695310341,5.577648241
AGTGCCGAGTCAGGGT-1_1_1_1,IR,Cytotoxic,T,-3.015252041,1.626856525
AGTGCCGCAATTGCTG-1_1_1_1,IR,gdT,T,8.834444595,-5.529824178
AGTGTTGAGCTGACAG-1_1_1_1,IR,T-Helper,T,1.185170723,0.564713855
AGTGTTGAGGACGCTA-1_1_1_1,IR,NKT,T,-4.44250481,-2.523570459
AGTTAGCCATGTTACG-1_1_1_1,IR,Cytotoxic,T,-2.017862486,0.699803133
AGTTAGCGTATCGAGG-1_1_1_1,IR,Cytotoxic,T,-1.853013681,1.157624204
AGTTAGCGTTTGAACC-1_1_1_1,IR,NK,NK,-6.509481834,-6.762660425
AGTTAGCTCATAGACC-1_1_1_1,IR,NK,NK,-6.123950886,-5.227498453
AGTTCCCCATCTCGTC-1_1_1_1,IR,T-Helper,T,1.049648357,0.978537638
AGTTCCCGTACTAAGA-1_1_1_1,IR,T-Helper,T,1.173970653,-2.625205677
AGTTCCCGTTATTCCT-1_1_1_1,IR,Cytotoxic,T,-1.413592504,1.013600309
AGTTCCCGTTCAATCG-1_1_1_1,IR,NKT,T,-5.323279785,-3.470061939
AGTTCGAAGGTTCTAC-1_1_1_1,IR,NaiveT,T,2.254681898,8.479283411
ATACCGAAGTCCCAGC-1_1_1_1,IR,Other,Other,4.916585995,6.59065922
ATACCGAGTCAGGCAA-1_1_1_1,IR,T-DN,T,0.621141357,3.058519919
ATACCTTAGAGGACTC-1_1_1_1,IR,Cytotoxic,T,-2.004710363,0.096111779
ATACCTTCATTCAGGT-1_1_1_1,IR,gdT,T,9.900044037,-5.029284875
ATACCTTGTTGTAGCT-1_1_1_1,IR,NK,NK,-5.732426094,-5.516501348
ATACCTTTCCCAAGCG-1_1_1_1,IR,Other,Other,6.66043861,6.917776186
ATACTTCCAATTCACG-1_1_1_1,IR,NK,NK,-8.801445412,-6.414626997
ATACTTCTCAAACCTG-1_1_1_1,IR,gdT,T,9.23351152,-4.125151079
ATACTTCTCCGTTGAA-1_1_1_1,IR,T-DN,T,0.195789767,2.964260895
ATAGACCAGAGGTCGT-1_1_1_1,IR,gdT,T,8.722339226,-5.483684938
ATAGACCAGTTCATGC-1_1_1_1,IR,T-Helper,T,1.474478317,2.259325106
ATAGACCCAACATCGT-1_1_1_1,IR,Other,Other,5.599402023,6.850688536
ATAGAGAGTGGGCTCT-1_1_1_1,IR,Other,Other,7.106745792,6.907129843
ATAGGCTCAGCCGTTG-1_1_1_1,IR,gdT,T,9.719996048,-4.480516355
ATAGGCTGTTCAGGTT-1_1_1_1,IR,ILC,ILC,7.073286129,1.481196124
ATAGGCTTCAACGAGG-1_1_1_1,IR,T-Helper,T,2.607458187,4.31092747
ATAGGCTTCGAGTACT-1_1_1_1,IR,NK,NK,-7.16692345,-6.54211561
ATATCCTTCACGATAC-1_1_1_1,IR,Other,Other,5.423189236,6.763812621
ATCACAGAGAGAATCT-1_1_1_1,IR,NKT,T,-4.547498154,-2.608628671
ATCACAGTCATACAGC-1_1_1_1,IR,Cytotoxic,T,-2.90430777,0.787681062
ATCACGACACTGGACC-1_1_1_1,IR,NK,NK,-6.991773533,-6.309289854
ATCACGATCTGCTTTA-1_1_1_1,IR,NK,NK,-7.813929962,-7.127458494
ATCACTTAGGATTTCC-1_1_1_1,IR,T-Helper,T,0.478788389,1.995382388
ATCACTTCAGCGGTCT-1_1_1_1,IR,NK,NK,-7.549660133,-5.403497617
ATCAGGTAGGTGGGTT-1_1_1_1,IR,Cytotoxic,T,-2.085825132,0.913007934
ATCCACCGTCCGACGT-1_1_1_1,IR,NK,NK,-5.612675117,-6.794405382
ATCCACCGTGGCGCTT-1_1_1_1,IR,T-Helper,T,2.313100172,3.506629307
ATCCATTAGGTAGTAT-1_1_1_1,IR,NK,NK,-6.716492104,-6.473470132
ATCGCCTAGTGGATTA-1_1_1_1,IR,Cytotoxic,T,-4.837354588,1.972821791
ATCGCCTGTAACTAAG-1_1_1_1,IR,T-Helper,T,0.57975821,-3.094902437
ATCGGATAGACGCCAA-1_1_1_1,IR,Treg,T,2.961618496,-0.959391515
ATCGGATGTAGATTGA-1_1_1_1,IR,T-Helper,T,1.002450717,-0.042527526
ATCGGATTCTTCGGAA-1_1_1_1,IR,Cytotoxic,T,-1.471947001,7.634786208
ATCGGCGCATCGGAAG-1_1_1_1,IR,gdT,T,9.327300621,-5.476078909
ATCGGCGTCTGCGTCT-1_1_1_1,IR,T-Helper,T,1.45919211,0.597301621
ATCGTCCCAAGAATAC-1_1_1_1,IR,Cytotoxic,T,-0.901723074,-0.225161533
ATCGTCCGTAGATCCT-1_1_1_1,IR,Cytotoxic,T,-1.444653796,1.047859509
ATCGTCCTCCGCCTAT-1_1_1_1,IR,T-Helper,T,2.164628221,1.823619563
ATCGTCCTCGCTCCTA-1_1_1_1,IR,NaiveT,T,0.804173006,8.223357279
ATCGTGATCTCAATCT-1_1_1_1,IR,NaiveT,T,1.726926161,6.778735716
ATCTCTAGTATGCTAC-1_1_1_1,IR,T-Helper,T,2.201310469,2.689976294
ATCTCTATCTGTCGCT-1_1_1_1,IR,Cytotoxic,T,0.706308974,-3.133666437
ATCTTCAAGGACCCAA-1_1_1_1,IR,gdT,T,9.738612724,-4.778792303
ATCTTCAAGGCCTAAG-1_1_1_1,IR,T-DN,T,1.372088147,3.061958392
ATCTTCACAATGGCCC-1_1_1_1,IR,T-DN,T,0.320788516,2.740282853
ATCTTCAGTGGATCAG-1_1_1_1,IR,T-DN,T,0.38222879,3.193929036
ATCTTCATCCCAAGTA-1_1_1_1,IR,NaiveT,T,1.425687386,6.268702586
ATCTTCATCGACGAGA-1_1_1_1,IR,gdT,T,10.41805608,-5.759145181
ATCTTCATCGCCTATC-1_1_1_1,IR,Cytotoxic,T,-3.583534168,0.766394992
ATCTTCATCGTAACCA-1_1_1_1,IR,Other,Other,3.725025965,6.40424021
ATGAAAGAGTATAGGT-1_1_1_1,IR,NaiveT,T,1.501136733,8.921541293
ATGAAAGCAAATCGTC-1_1_1_1,IR,gdT,T,8.070715023,-6.500032823
ATGAAAGTCAAGTCGT-1_1_1_1,IR,Cytotoxic,T,-1.611413645,-0.236260827
ATGACCACACTCTCGT-1_1_1_1,IR,Other,Other,5.54629953,6.709462244
ATGACCAGTTAGAGTA-1_1_1_1,IR,Cytotoxic,T,-4.773279118,-0.068247668
ATGAGGGTCAATCTTC-1_1_1_1,IR,Other,Other,7.133724285,6.909490187
ATGAGTCAGCTCGGCT-1_1_1_1,IR,T-Helper,T,1.525995208,1.565304358
ATGAGTCCAATGTGGG-1_1_1_1,IR,Cytotoxic,T,-1.268667864,-0.085635915
ATGAGTCTCGTGGGAA-1_1_1_1,IR,Cytotoxic,T,-4.273103641,0.491056759
ATGATCGTCTCAGAAC-1_1_1_1,IR,gdT,T,9.171773506,-6.15088455
ATGCATGAGTGCGTCC-1_1_1_1,IR,Cytotoxic,T,-2.613721298,1.708932478
ATGCATGCATAATCGC-1_1_1_1,IR,Treg,T,4.086237265,-0.165594045
ATGCATGGTCTACGAT-1_1_1_1,IR,Cytotoxic,T,-2.797727751,1.341527183
ATGCATGGTGTGATGG-1_1_1_1,IR,gdT,T,7.846074177,-5.637339037
ATGCCTCTCACATCAG-1_1_1_1,IR,TCM,T,1.189760877,4.888034899
ATGCGATAGGGCGAAG-1_1_1_1,IR,Treg,T,2.893251015,4.275000174
ATGCGATGTACGGATG-1_1_1_1,IR,Other,Other,4.944773747,6.642831404
ATGCGATTCCTAAGTG-1_1_1_1,IR,T-Helper,T,0.65888269,-3.028708618
ATGGAGGGTTAGCGGA-1_1_1_1,IR,Treg,T,3.490151955,1.580606301
ATGGAGGTCTAGTCAG-1_1_1_1,IR,NK,NK,-8.722067284,-7.439321439
ATGGATCAGTAATTGG-1_1_1_1,IR,Treg,T,3.426273895,-0.327532913
ATGGATCGTGATTGGG-1_1_1_1,IR,NK,NK,-5.50124781,-5.80299465
ATGGATCTCCAAATGC-1_1_1_1,IR,T-Helper,T,2.106252624,3.502340634
ATGGGAGAGGAGTACC-1_1_1_1,IR,T-Helper,T,0.890842391,1.755572755
ATGGGAGCAACACAGG-1_1_1_1,IR,NK,NK,-7.456669735,-6.179371278
ATGGGAGGTTGTTGCA-1_1_1_1,IR,T-Helper,T,0.270137561,-1.076633375
ATGGGAGTCAAATAGG-1_1_1_1,IR,Cytotoxic,T,-3.022314953,1.595059473
ATGGGAGTCGCCGAGT-1_1_1_1,IR,gdT,T,7.384269787,-5.818913858
ATGGGTTAGTGGTTGG-1_1_1_1,IR,NKT,T,-4.522589611,-3.835401456
ATGGGTTCATCCTCAC-1_1_1_1,IR,Cytotoxic,T,-0.863537239,1.907981236
ATGGGTTTCTTTGCTA-1_1_1_1,IR,T-Helper,T,1.198181225,2.183080752
ATGTCCCAGAAGCCAC-1_1_1_1,IR,T-Helper,T,1.460097862,1.54894789
ATGTCCCAGCGTCGAA-1_1_1_1,IR,T-Helper,T,2.158853603,1.006887753
ATGTCTTAGTATAGGT-1_1_1_1,IR,Treg,T,3.141825272,-0.728909712
ATTACCTGTTAAACCC-1_1_1_1,IR,Other,Other,5.0031801,6.612248022
ATTACTCCATCAACCA-1_1_1_1,IR,Cytotoxic,T,-3.410886692,2.615595896
ATTATCCGTACTGGGA-1_1_1_1,IR,NK,NK,-1.381434845,-4.86695997
ATTCACTCATAGATCC-1_1_1_1,IR,T-Helper,T,0.305952502,-0.863428216
ATTCACTTCATGAGGG-1_1_1_1,IR,Treg,T,3.729471279,1.004516323
ATTCACTTCCTAAACG-1_1_1_1,IR,NK,NK,-7.955775665,-7.532789152
ATTCACTTCGCCGAGT-1_1_1_1,IR,T-DN,T,0.335559217,2.554029543
ATTCAGGAGAGTTCGG-1_1_1_1,IR,Cytotoxic,T,-3.112211632,0.775044162
ATTCAGGTCCATACTT-1_1_1_1,IR,NK,NK,-8.255660461,-6.330892007
ATTCATCCACCTGCGA-1_1_1_1,IR,NaiveT,T,1.774052812,6.893182833
ATTCATCGTTCGTTCC-1_1_1_1,IR,NK,NK,-6.138034271,-5.124681394
ATTCATCTCATGAGGG-1_1_1_1,IR,Treg,T,2.871952129,2.477273066
ATTCATCTCATGCATG-1_1_1_1,IR,Cytotoxic,T,-1.405842589,0.494905252
ATTCCCGGTCCCTGTT-1_1_1_1,IR,NaiveT,T,2.778732372,6.936232169
ATTCCCGTCAGCCTTC-1_1_1_1,IR,NK,NK,-8.445834564,-8.0303878
ATTCCTACAGAAATCA-1_1_1_1,IR,NaiveT,T,-1.936204838,6.864167292
ATTCCTATCATGGTAC-1_1_1_1,IR,Cytotoxic,T,-2.624232458,1.260678251
ATTCGTTAGATTCGAA-1_1_1_1,IR,Other,Other,5.495668961,6.739823897
ATTCGTTCATTGCTTT-1_1_1_1,IR,T-Helper,T,1.63179071,0.848798652
ATTCGTTTCGACACCG-1_1_1_1,IR,T-Helper,T,0.279359868,0.636795003
ATTCTACCACCACATA-1_1_1_1,IR,NaiveT,T,1.633799387,6.417909701
ATTCTACTCAGGAGAC-1_1_1_1,IR,T-Helper,T,0.78976102,-3.105649154
ATTCTTGCAGGTACGA-1_1_1_1,IR,Cytotoxic,T,-3.007878946,0.591350694
ATTCTTGTCCTCATAT-1_1_1_1,IR,NK,NK,-5.248373913,-4.734098833
ATTCTTGTCGATACGT-1_1_1_1,IR,T-DN,T,0.47985108,3.012944062
ATTCTTGTCGGCATCG-1_1_1_1,IR,Other,Other,6.338786198,6.899928172
ATTGGGTAGCGGTAAC-1_1_1_1,IR,Cytotoxic,T,-4.316825794,-0.564061891
ATTGGGTAGTCAGCGA-1_1_1_1,IR,T-Helper,T,1.316654278,-0.965366523
ATTGGGTCAGTCAGTT-1_1_1_1,IR,T-Helper,T,0.035073725,1.150021393
ATTGGGTTCGCTACAA-1_1_1_1,IR,Cytotoxic,T,-1.813705372,0.543586094
ATTGTTCAGTTAGAAC-1_1_1_1,IR,NaiveT,T,-0.141183155,8.600477297
ATTGTTCCAACTTCTT-1_1_1_1,IR,Cytotoxic,T,-2.516034769,1.191207726
ATTGTTCCAAGTTGGG-1_1_1_1,IR,T-Helper,T,1.111615373,2.215231259
ATTGTTCTCGCCACTT-1_1_1_1,IR,NK,NK,-6.421829628,-5.401373785
ATTGTTCTCTTAGTTC-1_1_1_1,IR,ILC,ILC,9.401464058,2.872693856
ATTTACCTCTGTGCGG-1_1_1_1,IR,Other,Other,6.972411228,6.966196139
ATTTCACTCAAAGACA-1_1_1_1,IR,Treg,T,3.145396782,2.100519259
ATTTCACTCGGCTGAC-1_1_1_1,IR,gdT,T,7.047762466,-5.533097665
ATTTCTGCACGACGAA-1_1_1_1,IR,NK,NK,-7.624716686,-7.384355466
ATTTCTGCACGGCACT-1_1_1_1,IR,Cytotoxic,T,-1.795256542,1.527183731
ATTTCTGGTAGTATAG-1_1_1_1,IR,NKT,T,-4.740312027,-1.749118488
ATTTCTGTCATCGCCT-1_1_1_1,IR,NK,NK,-6.10763781,-4.656868856
CAAAGAACAGGAGACT-1_1_1_1,IR,Cytotoxic,T,-1.542590903,0.295519609
CAAAGAAGTCTGCAAT-1_1_1_1,IR,NK,NK,-7.061194347,-6.692416589
CAAAGAAGTGTAAACA-1_1_1_1,IR,gdT,T,8.056624008,-6.275974195
CAACAACCATGAGATA-1_1_1_1,IR,Other,Other,7.117416454,6.895135481
CAACAACTCGGCCTTT-1_1_1_1,IR,T-Helper,T,1.855815364,1.875815112
CAACAGTAGAGAATCT-1_1_1_1,IR,Cytotoxic,T,0.555779708,-3.054198186
CAACCAACAAGAGATT-1_1_1_1,IR,NK,NK,-2.178622173,-3.279054086
CAACCAATCACTACGA-1_1_1_1,IR,TCM,T,-1.229064392,4.300355036
CAACCAATCGCAGTCG-1_1_1_1,IR,Cytotoxic,T,-2.847614216,0.873571713
CAACCTCCATAACAGA-1_1_1_1,IR,gdT,T,8.694882942,-4.239046972
CAACCTCGTGGAAATT-1_1_1_1,IR,Cytotoxic,T,-1.239899086,0.926380713
CAACCTCTCAGAGCAG-1_1_1_1,IR,Cytotoxic,T,-3.782560753,0.429095645
CAACCTCTCTCTGCCA-1_1_1_1,IR,T-Helper,T,1.449355079,1.894533236
CAACGATAGCTCTATG-1_1_1_1,IR,gdT,T,9.890483452,-5.41182224
CAACGATGTGACACGA-1_1_1_1,IR,Other,Other,5.260663105,6.73180588
CAACGGCTCAAGAAAC-1_1_1_1,IR,gdT,T,9.09185083,-5.305912416
CAAGAGGCACCCTAAA-1_1_1_1,IR,Treg,T,3.497789932,1.078843791
CAAGCTAAGAGTGTTA-1_1_1_1,IR,NK,NK,-8.430350708,-8.564395826
CAAGCTACAATCAGCT-1_1_1_1,IR,gdT,T,9.638310982,-5.001964967
CAAGCTACAGCTGAAG-1_1_1_1,IR,NK,NK,-1.077073502,-4.65692703
CAAGCTATCGGCTTCT-1_1_1_1,IR,Cytotoxic,T,-3.488946842,3.083942492
CAAGGGACAGGTATGG-1_1_1_1,IR,Other,Other,5.785109592,6.820694525
CAAGGGATCATCACAG-1_1_1_1,IR,NKT,T,-5.038309502,-2.941762607
CAATACGAGGGAGATA-1_1_1_1,IR,Cytotoxic,T,-2.333494829,4.503740866
CAATCGAAGTGAGGTC-1_1_1_1,IR,TCM,T,0.464966161,5.381623824
CAATCGACAAAGTATG-1_1_1_1,IR,NK,NK,-8.62675898,-6.094501417
CAATCGACAATAGTAG-1_1_1_1,IR,NK,NK,-2.257888006,-3.199491184
CAATGACCAGCTGCCA-1_1_1_1,IR,T-Helper,T,1.222441269,2.361054261
CAATGACTCACTTATC-1_1_1_1,IR,Cytotoxic,T,-1.090723323,1.167683203
CAATTTCGTGTGTCGC-1_1_1_1,IR,T-Helper,T,0.868271066,-0.343735527
CAATTTCTCAAGGCTT-1_1_1_1,IR,T-DN,T,0.48527698,3.139762242
CACAACAGTGCCCAGT-1_1_1_1,IR,T-Helper,T,2.029043389,-2.063298743
CACAACATCATGCCAA-1_1_1_1,IR,Other,Other,5.560902668,6.746940215
CACAACATCGTGCTCT-1_1_1_1,IR,Cytotoxic,T,-2.185467886,-0.320593696
CACACAAGTCGAATTC-1_1_1_1,IR,Cytotoxic,T,0.201173147,-2.909011047
CACACAAGTGACGCCT-1_1_1_1,IR,TCM,T,-0.336581396,2.386142571
CACAGATGTTATGTCG-1_1_1_1,IR,NaiveT,T,1.430516673,7.78935631
CACAGATTCGGCTTCT-1_1_1_1,IR,T-DN,T,0.63864745,2.988999207
CACAGGCAGTTAACAG-1_1_1_1,IR,Treg,T,3.633907867,0.332139511
CACAGGCCAATCAAGA-1_1_1_1,IR,Cytotoxic,T,-4.640822338,1.13735028
CACAGGCTCACTTGTT-1_1_1_1,IR,NKT,T,-4.630373405,-3.29514734
CACATGAGTCAGTCCG-1_1_1_1,IR,T-Helper,T,0.849997712,0.426527162
CACATGAGTGTTTACG-1_1_1_1,IR,T-Helper,T,-0.48725705,0.17138796
CACCAAATCGGAGCAA-1_1_1_1,IR,Cytotoxic,T,-1.757004189,0.697840173
CACCGTTAGCTGACTT-1_1_1_1,IR,Other,Other,4.686921192,6.613710959
CACCGTTCAGTTGCGC-1_1_1_1,IR,Cytotoxic,T,-2.815639423,1.795916994
CACCGTTGTAGATCGG-1_1_1_1,IR,gdT,T,1.991141749,0.065030191
CACCGTTGTCTAACGT-1_1_1_1,IR,gdT,T,7.774082733,-6.218851011
CACCGTTGTCTACACA-1_1_1_1,IR,T-Helper,T,2.365507675,2.520415385
CACCGTTGTGAATGAT-1_1_1_1,IR,Other,Other,5.664922787,6.891060908
CACGAATAGAAGTCCG-1_1_1_1,IR,NaiveT,T,-1.89563434,6.734375555
CACGAATCAATTGAAG-1_1_1_1,IR,Other,Other,6.826698853,6.937221606
CACGAATCACAATGTC-1_1_1_1,IR,NK,NK,-5.70920937,-6.579957883
CACGAATGTCATCACA-1_1_1_1,IR,T-DN,T,-0.083498718,-1.373114388
CACGAATGTGCCCTTT-1_1_1_1,IR,NaiveT,T,1.345917178,7.664021094
CACGAATGTTGCCATA-1_1_1_1,IR,gdT,T,8.415998055,-4.095981042
CACGGGTGTTGCTCAA-1_1_1_1,IR,Cytotoxic,T,-1.553344892,1.23635133
CACGGGTTCTCAGGCG-1_1_1_1,IR,Cytotoxic,T,-4.115662502,2.71858557
CACGTGGTCGCGCTGA-1_1_1_1,IR,NaiveT,T,-1.872598814,6.815737326
CACGTTCGTATGGTTC-1_1_1_1,IR,gdT,T,8.20411451,-6.074485223
CACGTTCGTGGACTAG-1_1_1_1,IR,Cytotoxic,T,-3.148922848,0.116027911
CACTAAGTCCGAACGC-1_1_1_1,IR,Other,Other,7.132781578,6.89286669
CACTGAAAGGTACATA-1_1_1_1,IR,NKT,T,-5.36741917,-4.080608528
CACTGAACAATGTGGG-1_1_1_1,IR,Other,Other,5.105468822,6.725200732
CACTGAATCTATTCGT-1_1_1_1,IR,Cytotoxic,T,0.581661058,-3.084009092
CACTGGGAGCGATGGT-1_1_1_1,IR,Cytotoxic,T,0.294748319,-1.891327422
CACTGGGGTGTTTCTT-1_1_1_1,IR,Cytotoxic,T,-4.821408199,1.144067485
CACTGTCGTCGCGTTG-1_1_1_1,IR,NKT,T,-4.15027182,-2.671083372
CACTGTCGTCTCCCTA-1_1_1_1,IR,T-DN,T,-0.115066545,1.949009974
CACTGTCTCGATTTCT-1_1_1_1,IR,Treg,T,3.305120302,1.702039916
CACTTCGCAGTAGAGC-1_1_1_1,IR,NKT,T,-3.550288128,-0.656271498
CACTTCGTCCACTGGG-1_1_1_1,IR,Cytotoxic,T,-3.471461462,2.428765376
CACTTCGTCCGATAGT-1_1_1_1,IR,Cytotoxic,T,-3.069527077,3.191639264
CACTTCGTCGAACTCA-1_1_1_1,IR,NK,NK,-2.853283571,-3.77096359
CACTTCGTCGGCATAT-1_1_1_1,IR,NK,NK,-6.678945946,-6.259789865
CAGATACGTTGCCAAT-1_1_1_1,IR,Cytotoxic,T,0.641352517,-3.095632475
CAGATACTCACCGGGT-1_1_1_1,IR,NKT,T,-5.144543575,-3.396423261
CAGATACTCCTCATAT-1_1_1_1,IR,Treg,T,3.243828608,-0.34651291
CAGATACTCTGCGAGC-1_1_1_1,IR,NK,NK,-6.048005985,-6.693587225
CAGATCAAGACATCCT-1_1_1_1,IR,Other,Other,5.699129177,6.834665854
CAGATCAAGTGCAGCA-1_1_1_1,IR,T-Helper,T,0.516773922,0.542497773
CAGATCAGTCTGCATA-1_1_1_1,IR,NaiveT,T,2.077143265,8.517923434
CAGATTGGTGCTCGTG-1_1_1_1,IR,gdT,T,8.940783096,-6.163747232
CAGCAATAGTTCTACG-1_1_1_1,IR,Cytotoxic,T,-2.890352892,1.779909809
CAGCAATGTGGCTAGA-1_1_1_1,IR,NK,NK,-8.182221817,-8.27535526
CAGCAATTCATGGCCG-1_1_1_1,IR,NaiveT,T,-0.180849211,7.434477885
CAGCAATTCTTCTCAA-1_1_1_1,IR,gdT,T,8.253932549,-4.654373567
CAGCACGGTGATCGTT-1_1_1_1,IR,Cytotoxic,T,-0.560971724,0.392028291
CAGCACGTCCGTAATG-1_1_1_1,IR,NK,NK,-6.402837681,-4.6090254
CAGCACGTCGCACGGT-1_1_1_1,IR,T-Helper,T,1.307263328,0.15070783
CAGCAGCAGCGTTCAT-1_1_1_1,IR,gdT,T,2.722654177,0.63107552
CAGCAGCTCAACCTTT-1_1_1_1,IR,T-DN,T,-2.797979044,-2.757753055
CAGCAGCTCAGCTTGA-1_1_1_1,IR,Treg,T,2.95508082,2.070575077
CAGCAGCTCTTGGCTC-1_1_1_1,IR,ILC,ILC,8.410014702,2.311579068
CAGCCAGAGCCTCAAT-1_1_1_1,IR,Cytotoxic,T,-0.773146199,0.586810429
CAGCCAGAGCTGACAG-1_1_1_1,IR,Treg,T,2.978565289,0.272439707
CAGCCAGCAACAGATA-1_1_1_1,IR,NaiveT,T,1.795613361,7.555624564
CAGCCAGGTAGCTTGT-1_1_1_1,IR,Cytotoxic,T,-2.781591581,0.98826154
CAGCCAGGTAGGTAGC-1_1_1_1,IR,Cytotoxic,T,-3.064282345,2.312499602
CAGCCAGGTTGTCTAG-1_1_1_1,IR,Cytotoxic,T,-0.561232614,0.747031648
CAGGCCAAGTTGTAAG-1_1_1_1,IR,T-Helper,T,1.392211271,1.019151766
CAGGCCAGTCTGTGGC-1_1_1_1,IR,NaiveT,T,-2.084740328,6.005659182
CAGGCCATCACTGGGC-1_1_1_1,IR,NKT,T,-4.54275124,-3.149459283
CAGGCCATCTTCTCAA-1_1_1_1,IR,T-Helper,T,-1.105970787,1.129286487
CAGGTATAGGACGGAG-1_1_1_1,IR,Cytotoxic,T,-1.92296307,1.432942946
CAGGTATCACTAACGT-1_1_1_1,IR,Treg,T,2.533586575,0.539577384
CAGGTATGTGCATTTG-1_1_1_1,IR,NKT,T,-3.545294928,-1.790879886
CAGGTATGTTTGGAGG-1_1_1_1,IR,Treg,T,3.087574793,1.413154204
CAGGTATTCATGCCCT-1_1_1_1,IR,Cytotoxic,T,-5.44989674,-2.544550102
CAGTGCGCACAACCGC-1_1_1_1,IR,Cytotoxic,T,-3.546675371,2.452720721
CAGTGCGTCGCCGAAC-1_1_1_1,IR,gdT,T,8.310236527,-4.949001711
CAGTTAGAGGTGATCG-1_1_1_1,IR,gdT,T,7.128958298,-6.279449861
CAGTTAGGTAACTTCG-1_1_1_1,IR,Other,Other,5.118984295,6.727644999
CAGTTAGGTAAGATAC-1_1_1_1,IR,NK,NK,-8.312514709,-6.704312246
CAGTTAGGTCCGAAAG-1_1_1_1,IR,NaiveT,T,2.730984522,7.342286665
CAGTTCCAGGAGGCAG-1_1_1_1,IR,Cytotoxic,T,-2.122153925,0.041593988
CAGTTCCGTTCCGCTT-1_1_1_1,IR,gdT,T,9.924506737,-4.725575369
CATACAGTCGCATAGT-1_1_1_1,IR,T-Helper,T,0.848835481,0.423867125
CATACAGTCTTCTTCC-1_1_1_1,IR,gdT,T,10.25618417,-5.186264436
CATACCCAGGATTACA-1_1_1_1,IR,ILC,ILC,8.809894157,1.04764684
CATACCCCACAGCTGC-1_1_1_1,IR,T-Helper,T,0.769253088,2.090543349
CATACCCTCACCCTTG-1_1_1_1,IR,ILC,ILC,8.363429619,1.00361212
CATACTTAGAGGGTAA-1_1_1_1,IR,gdT,T,7.710005833,-6.1304578
CATAGACCAGGTACGA-1_1_1_1,IR,NKT,T,-4.646930145,-0.844402235
CATAGACGTACGAGTG-1_1_1_1,IR,NaiveT,T,-1.173555421,6.705058653
CATAGACGTCACTTCC-1_1_1_1,IR,Cytotoxic,T,-4.759575771,1.698642213
CATCAAGCAAGGCGTA-1_1_1_1,IR,T-Helper,T,-0.111002701,0.981543143
CATCCACCATCTTTCA-1_1_1_1,IR,NK,NK,-9.08805983,-8.131013792
CATCCACTCTAACGCA-1_1_1_1,IR,NKT,T,-5.269230293,-1.824942153
CATCCCAGTCTCAGAT-1_1_1_1,IR,Cytotoxic,T,-2.635418343,1.752555687
CATCCCAGTGATACAA-1_1_1_1,IR,TCM,T,-1.00668888,4.931529124
CATCCCATCACGATCA-1_1_1_1,IR,Other,Other,5.215794159,6.662845213
CATCGCTAGCCAGTAG-1_1_1_1,IR,Other,Other,3.6382962,6.455868323
CATGAGTAGCTCCCTT-1_1_1_1,IR,TCM,T,-0.826015281,4.592265208
CATGCAAAGGCGCTTC-1_1_1_1,IR,Cytotoxic,T,-3.161000656,1.581687171
CATGCAATCCCACAGG-1_1_1_1,IR,Treg,T,5.651956154,1.940621216
CATGCCTCAAGATGGC-1_1_1_1,IR,T-Helper,T,1.880045963,2.689784844
CATGCCTCACGTAGTT-1_1_1_1,IR,NK,NK,-5.934142517,-5.759201925
CATGCCTCATATGAAG-1_1_1_1,IR,NaiveT,T,-0.128622936,7.783660014
CATGCGGAGAAGCGAA-1_1_1_1,IR,Cytotoxic,T,-0.785856592,0.084291745
CATGCGGAGATCACCT-1_1_1_1,IR,Other,Other,7.030128552,6.929531176
CATGCGGCAAGATCCT-1_1_1_1,IR,NKT,T,-4.763217377,-3.417339485
CATGCGGGTAGCACGA-1_1_1_1,IR,Cytotoxic,T,-0.451987909,-2.01368634
CATGGATAGACATACA-1_1_1_1,IR,NKT,T,-4.482520508,-1.482770007
CATGGATAGCATCAGG-1_1_1_1,IR,Cytotoxic,T,-2.536289381,1.565231521
CATGGTAAGGTAATCA-1_1_1_1,IR,Cytotoxic,T,-2.140418457,0.738598127
CATGGTAGTACCTAAC-1_1_1_1,IR,Cytotoxic,T,-1.314017939,0.696836491
CATTCATAGAGAGAAC-1_1_1_1,IR,Other,Other,7.17646463,6.888007243
CATTCATAGGCCGCTT-1_1_1_1,IR,TCM,T,-1.474271344,4.732726176
CATTCATCAACTGCCG-1_1_1_1,IR,gdT,T,9.466662956,-4.678346078
CATTCCGCAGAGACTG-1_1_1_1,IR,Other,Other,4.875241829,6.650523741
CATTCCGCATAAGCAA-1_1_1_1,IR,T-DN,T,0.160557842,2.660941679
CATTCCGCATGACAGG-1_1_1_1,IR,T-DN,T,-0.052653762,2.551258881
CATTCCGGTTCTGAGT-1_1_1_1,IR,Cytotoxic,T,-2.85616033,0.689867575
CATTCTACAGGTTCCG-1_1_1_1,IR,Other,Other,5.418662621,6.735725005
CATTGAGAGGTACTGG-1_1_1_1,IR,gdT,T,8.898021294,-4.662929933
CATTGCCAGATTCGCT-1_1_1_1,IR,T-Helper,T,0.770773006,-3.098095577
CATTGCCCAACTACGT-1_1_1_1,IR,Cytotoxic,T,-2.780373501,0.750314791
CATTGCCGTGGAGGTT-1_1_1_1,IR,T-DN,T,1.425687862,3.824263174
CATTTCAAGTCTCCTC-1_1_1_1,IR,NaiveT,T,1.059146715,7.825954516
CATTTCAGTAGATTAG-1_1_1_1,IR,Cytotoxic,T,-0.959713863,1.283729036
CATTTCATCGCCTCTA-1_1_1_1,IR,NK,NK,-7.660001682,-7.441622179
CCAAGCGCAGACGCTC-1_1_1_1,IR,T-Helper,T,1.418084456,0.942332108
CCAAGCGGTTCCATTT-1_1_1_1,IR,T-Helper,T,1.05387087,0.329544206
CCAATGATCGTTGTAG-1_1_1_1,IR,Cytotoxic,T,-0.67207359,0.869860012
CCAATTTAGCATTTCG-1_1_1_1,IR,NK,NK,-7.679181503,-5.177946489
CCAATTTGTAAGTTAG-1_1_1_1,IR,Other,Other,5.727344109,6.846779425
CCAATTTTCGGTCTGG-1_1_1_1,IR,NK,NK,-1.026999282,-4.08279721
CCAATTTTCGTCCATC-1_1_1_1,IR,Cytotoxic,T,1.208202196,5.524006922
CCAATTTTCTCATTAC-1_1_1_1,IR,gdT,T,7.251731468,-5.928946893
CCACAAAAGTCATGGG-1_1_1_1,IR,TCM,T,-1.620346354,4.248180468
CCACAAACACAACGTT-1_1_1_1,IR,gdT,T,8.366158081,-4.860530775
CCACACTTCAAGTGGG-1_1_1_1,IR,Cytotoxic,T,-4.262587952,1.1684707
CCACCATGTAGAGATT-1_1_1_1,IR,NaiveT,T,0.264463326,7.411611636
CCACGTTAGAACGCGT-1_1_1_1,IR,T-Helper,T,0.199521074,-1.003534536
CCACGTTAGGGACCAT-1_1_1_1,IR,NK,NK,-9.145950722,-6.93760721
CCACGTTGTTTCCCAC-1_1_1_1,IR,NaiveT,T,1.809172703,8.239150126
CCACTTGTCGAGTGAG-1_1_1_1,IR,T-Helper,T,1.005859269,1.056455095
CCATAAGTCATGTCTT-1_1_1_1,IR,T-Helper,T,2.215814663,3.713962872
CCATCACAGCGACTGA-1_1_1_1,IR,Other,Other,5.624202801,6.813242037
CCATCACCAAGCCATT-1_1_1_1,IR,T-Helper,T,1.177653147,1.214221318
CCATCACCACGCGCTA-1_1_1_1,IR,T-Helper,T,0.608961863,-2.9909393
CCATCACTCATTGGTG-1_1_1_1,IR,Cytotoxic,T,-2.679165529,0.611132104
CCCAACTGTAGTACGG-1_1_1_1,IR,Cytotoxic,T,-2.07149403,0.362107892
CCCAACTTCTATTCGT-1_1_1_1,IR,NK,NK,-6.292562412,-6.686286848
CCCATTGAGGTTCTAC-1_1_1_1,IR,T-Helper,T,1.369611455,0.665797253
CCCATTGAGTTCATGC-1_1_1_1,IR,Cytotoxic,T,-2.622559713,0.359436799
CCCATTGCAAGCGGAT-1_1_1_1,IR,Cytotoxic,T,-1.724824952,0.389061112
CCCATTGGTAGTCTTG-1_1_1_1,IR,Cytotoxic,T,-2.251591372,1.34988137
CCCATTGGTGATCATC-1_1_1_1,IR,T-Helper,T,1.188832713,0.32063343
CCCGAAGCAAGGATGC-1_1_1_1,IR,Other,Other,5.034182621,6.699208338
CCCGAAGCATTCACAG-1_1_1_1,IR,NK,NK,-6.15226643,-5.851341169
CCCGAAGTCAACACCA-1_1_1_1,IR,TCM,T,-2.167861628,4.369936068
CCCGAAGTCTACGCAA-1_1_1_1,IR,NK,NK,-5.630939888,-4.964816969
CCCGGAAAGAATAGTC-1_1_1_1,IR,ILC,ILC,9.403750969,2.850662548
CCCGGAAAGCACCCAC-1_1_1_1,IR,gdT,T,9.194644524,-5.142745416
CCCGGAACACGACCTG-1_1_1_1,IR,Cytotoxic,T,-2.992962526,1.886446912
CCCGGAACAGCACAAG-1_1_1_1,IR,NK,NK,-5.751957821,-5.600622575
CCCGGAATCCCGTTGT-1_1_1_1,IR,NK,NK,-7.665814327,-4.789819639
CCCTCAATCCTTCGAC-1_1_1_1,IR,T-Helper,T,1.767265631,2.70225652
CCCTCTCAGAAGAGCA-1_1_1_1,IR,ILC,ILC,6.838574005,1.545575459
CCCTCTCAGTCATCCA-1_1_1_1,IR,Cytotoxic,T,-1.368509459,0.52203079
CCCTCTCGTAACGATA-1_1_1_1,IR,Cytotoxic,T,-3.179477142,0.926203687
CCCTCTCGTTACGTAC-1_1_1_1,IR,Cytotoxic,T,-1.295174526,2.195668061
CCCTCTCTCTAACACG-1_1_1_1,IR,Cytotoxic,T,-2.938479351,0.904744227
CCCTGATTCCTCACTG-1_1_1_1,IR,T-Helper,T,1.550496532,1.526126463
CCCTGATTCTATGCCC-1_1_1_1,IR,NK,NK,-8.320073532,-6.063602369
CCCTTAGGTGGCTGAA-1_1_1_1,IR,T-Helper,T,1.533541752,2.387872775
CCCTTAGTCTATTTCG-1_1_1_1,IR,Cytotoxic,T,-4.703292774,1.836300332
CCGAACGCACTATCCC-1_1_1_1,IR,T-Helper,T,2.559573484,2.649177868
CCGAACGTCAATCCAG-1_1_1_1,IR,T-DN,T,0.669977857,3.340447981
CCGATCTAGAGGCCAT-1_1_1_1,IR,TCM,T,-1.421872066,5.463529665
CCGATCTGTTAGAAGT-1_1_1_1,IR,T-Helper,T,2.652739836,3.64191683
CCGCAAGCAACCCTAA-1_1_1_1,IR,Cytotoxic,T,-2.817253517,3.980148394
CCGGACAAGGTCTTTG-1_1_1_1,IR,Cytotoxic,T,-1.717904018,6.125957091
CCGGACACACACACGC-1_1_1_1,IR,NK,NK,-4.87901442,-4.235509794
CCGGACACAGACCCGT-1_1_1_1,IR,Cytotoxic,T,-1.980939554,1.565453012
CCGGACACAGGCGATA-1_1_1_1,IR,NK,NK,-8.998815941,-7.983012598
CCGGACACAGGTCAAG-1_1_1_1,IR,Cytotoxic,T,0.427773787,-3.028766077
CCGGACACAGTATTCG-1_1_1_1,IR,ILC,ILC,8.604160858,0.942652781
CCGGACATCAAGTAAG-1_1_1_1,IR,Treg,T,2.843428923,3.532737572
CCGGACATCGCTAAAC-1_1_1_1,IR,NKT,T,-4.346864628,-3.022564809
CCGGGTAAGTATTGCC-1_1_1_1,IR,Cytotoxic,T,-1.433676051,2.137517054
CCGGGTAGTCACGACC-1_1_1_1,IR,NK,NK,-8.91874926,-6.609208505
CCGGTAGAGAAGTGTT-1_1_1_1,IR,Treg,T,3.253543449,1.571172793
CCGGTAGTCCCAACTC-1_1_1_1,IR,gdT,T,2.301921679,-0.088249825
CCGGTGAAGGTAAGAG-1_1_1_1,IR,NK,NK,-7.96081488,-7.499633234
CCGGTGACAAGAGTTA-1_1_1_1,IR,NK,NK,-4.842600273,-5.376601617
CCGGTGAGTAGCGAGT-1_1_1_1,IR,NK,NK,-5.901344704,-6.773727338
CCGTAGGCACGACGTC-1_1_1_1,IR,Cytotoxic,T,-1.904142546,0.894838173
CCGTGAGGTAATTGGA-1_1_1_1,IR,gdT,T,7.724701,-6.658090513
CCGTGAGGTAGATTGA-1_1_1_1,IR,T-Helper,T,1.730760766,1.515929778
CCGTGAGGTGCAGTGA-1_1_1_1,IR,Cytotoxic,T,-1.280315088,1.099391777
CCGTGAGGTGGCAACA-1_1_1_1,IR,gdT,T,8.754094673,-6.507509153
CCGTTCAAGGACAGTC-1_1_1_1,IR,T-DN,T,-0.249395119,2.648365099
CCGTTCAGTTGCCGAC-1_1_1_1,IR,T-Helper,T,-0.127172338,1.509946425
CCGTTCATCAGCCCAG-1_1_1_1,IR,T-Helper,T,0.599011225,1.572526891
CCTAAGAGTCATAGTC-1_1_1_1,IR,T-Helper,T,0.574109716,2.724646647
CCTACGTAGAGAAGGT-1_1_1_1,IR,T-Helper,T,0.422158761,0.721568544
CCTATCGAGAAAGTCT-1_1_1_1,IR,Cytotoxic,T,0.566179288,-3.044074457
CCTATCGCAGTTCACA-1_1_1_1,IR,NK,NK,-7.581231522,-4.590051096
CCTATCGGTCCTGGTG-1_1_1_1,IR,Cytotoxic,T,-1.39116125,0.082443361
CCTCAACCACGAAAGC-1_1_1_1,IR,Cytotoxic,T,-0.867954301,2.015614827
CCTCAACCACTTCCTG-1_1_1_1,IR,NK,NK,-6.484733986,-4.813981931
CCTCAACTCTCGCAGG-1_1_1_1,IR,T-Helper,T,0.96339984,-3.037229936
CCTCACACACCAAATC-1_1_1_1,IR,gdT,T,9.103143288,-5.881330888
CCTCACACATGGTGGA-1_1_1_1,IR,T-Helper,T,1.514024807,1.220723588
CCTCAGTAGGATGAGA-1_1_1_1,IR,Cytotoxic,T,-1.003848361,-0.751136701
CCTCAGTTCCAAGCAT-1_1_1_1,IR,gdT,T,2.246942593,-0.18620396
CCTCAGTTCTATTTCG-1_1_1_1,IR,T-Helper,T,2.318792177,3.273047049
CCTCCAAAGCGGATCA-1_1_1_1,IR,gdT,T,5.799950195,6.630231459
CCTCCAACACACCGCA-1_1_1_1,IR,NaiveT,T,2.314630581,6.23572262
CCTCCTCAGGCTATCT-1_1_1_1,IR,NKT,T,-5.175003933,-1.245870273
CCTCCTCAGTAAGCAT-1_1_1_1,IR,NK,NK,-1.099190759,-5.193192403
CCTCCTCAGTTAGTAG-1_1_1_1,IR,gdT,T,9.612628532,-4.276704233
CCTCCTCTCACTTTGT-1_1_1_1,IR,ILC,ILC,9.045307709,2.580414851
CCTCTAGCAAAGGCAC-1_1_1_1,IR,T-Helper,T,1.434081746,1.538303454
CCTCTAGCATAGGTTC-1_1_1_1,IR,NaiveT,T,0.45824988,7.688040812
CCTCTAGTCTCGGCTT-1_1_1_1,IR,ILC,ILC,8.146393848,1.171211679
CCTCTCCAGACACACG-1_1_1_1,IR,NK,NK,-5.563987183,-4.670612257
CCTCTCCTCCGAGAAG-1_1_1_1,IR,NaiveT,T,2.088203503,7.948877413
CCTGCATCAGGCTCTG-1_1_1_1,IR,NKT,T,-3.721318411,-3.695912521
CCTGCATCATACCACA-1_1_1_1,IR,NK,NK,-8.189871239,-6.850712698
CCTGCATGTCCGGACT-1_1_1_1,IR,NK,NK,-7.53376429,-7.139536779
CCTTCAGCACAGCTGC-1_1_1_1,IR,T-Helper,T,0.89322002,1.445361931
CCTTCAGGTTGTCAGT-1_1_1_1,IR,NK,NK,-5.472319054,-4.818677347
CCTTGTGCACTAACGT-1_1_1_1,IR,Other,Other,5.35413797,6.741821368
CCTTTGGAGCCTCAAT-1_1_1_1,IR,NK,NK,-9.14417498,-7.614334505
CCTTTGGTCAGGGATG-1_1_1_1,IR,gdT,T,6.619346691,-5.337729852
CGAAGGAAGTGATCGG-1_1_1_1,IR,NK,NK,-8.938350128,-6.683741968
CGAAGGACACAGACGA-1_1_1_1,IR,Cytotoxic,T,-2.219909119,0.062061388
CGAAGGATCACGTCCT-1_1_1_1,IR,Cytotoxic,T,-3.350253748,0.48345377
CGAAGGATCGCCGAGT-1_1_1_1,IR,NK,NK,-8.546318459,-6.564546507
CGAAGTTTCTAGCCAA-1_1_1_1,IR,T-Helper,T,0.417748405,1.400930483
CGAATTGTCACATACG-1_1_1_1,IR,T-DN,T,-0.014243456,-2.635462921
CGAATTGTCTAGCATG-1_1_1_1,IR,Cytotoxic,T,-2.938396858,0.214351256
CGAATTGTCTGTGCGG-1_1_1_1,IR,T-DN,T,0.727329863,3.108354409
CGACAGCAGGAAGTCC-1_1_1_1,IR,NK,NK,-5.336755203,-5.278039854
CGACAGCGTGAGAACC-1_1_1_1,IR,TCM,T,-1.443412351,4.558558543
CGAGGAACAGCTGTCG-1_1_1_1,IR,gdT,T,10.27494772,-6.068112772
CGAGGAAGTCCGGACT-1_1_1_1,IR,Treg,T,3.105500055,0.865012545
CGAGGAAGTCGTGGTC-1_1_1_1,IR,gdT,T,10.02922304,-5.778685491
CGAGGAAGTTGCCGCA-1_1_1_1,IR,gdT,T,8.647429062,-6.421227853
CGAGGCTAGAGTACCG-1_1_1_1,IR,NK,NK,-6.417176174,-7.216570299
CGAGGCTGTACCAATC-1_1_1_1,IR,Cytotoxic,T,-3.195863651,0.890876729
CGAGGCTGTATGTGTC-1_1_1_1,IR,Treg,T,3.618976427,1.689044435
CGAGGCTGTCTAATCG-1_1_1_1,IR,NK,NK,-8.811395096,-6.305720728
CGAGGCTGTGGCTCTG-1_1_1_1,IR,Other,Other,6.194373203,6.874813635
CGAGGCTGTTTCGACA-1_1_1_1,IR,gdT,T,7.625053001,-5.762822549
CGAGTGCAGGTTTGAA-1_1_1_1,IR,NK,NK,-6.256525444,-6.573622148
CGAGTGCGTCATAAAG-1_1_1_1,IR,NaiveT,T,-0.007905306,8.73244961
CGAGTTAAGCGGTAAC-1_1_1_1,IR,Cytotoxic,T,-3.177775787,0.599738915
CGAGTTAGTCGTATTG-1_1_1_1,IR,Cytotoxic,T,-2.891715931,0.240333338
CGATCGGCAATTGCCA-1_1_1_1,IR,Cytotoxic,T,-2.88061087,1.082477291
CGATCGGCATTCTTCA-1_1_1_1,IR,TCM,T,-1.615564035,3.695406039
CGATCGGTCCGATGCG-1_1_1_1,IR,Cytotoxic,T,-3.435477423,-0.149237889
CGATGGCAGTTTGAGA-1_1_1_1,IR,T-Helper,T,1.931631757,1.727341134
CGATGGCGTATCCTTT-1_1_1_1,IR,ILC,ILC,7.503140999,2.204843838
CGATGGCGTTCAAAGA-1_1_1_1,IR,gdT,T,8.162017895,-3.889573019
CGCAGGTCAACTCCAA-1_1_1_1,IR,NKT,T,-5.283016609,-3.163128774
CGCAGGTCAAGATCCT-1_1_1_1,IR,NaiveT,T,2.4007159,6.776627619
CGCAGGTTCATGGCCG-1_1_1_1,IR,NKT,T,-5.065823959,-3.188869398
CGCATAAAGGTTAAAC-1_1_1_1,IR,Treg,T,4.022368504,0.269536723
CGCATAATCAGACCGC-1_1_1_1,IR,TCM,T,-1.484103607,4.838470061
CGCATGGAGATTCGCT-1_1_1_1,IR,gdT,T,9.311284615,-5.622106474
CGCATGGCATCTCGTC-1_1_1_1,IR,gdT,T,3.093391729,0.731436987
CGCATGGTCCAGGACC-1_1_1_1,IR,Cytotoxic,T,-2.666915821,1.754895766
CGCATGGTCGCCTAGG-1_1_1_1,IR,Cytotoxic,T,0.386587901,3.608472426
CGCCATTAGCAGGCTA-1_1_1_1,IR,NKT,T,-3.911005424,-3.313427608
CGCCATTAGTCAGCCC-1_1_1_1,IR,Cytotoxic,T,-1.808233069,1.84389909
CGCCATTCAGCTGTGC-1_1_1_1,IR,Other,Other,7.081355167,6.899182875
CGCCATTCAGGCTACC-1_1_1_1,IR,Cytotoxic,T,-5.138570236,0.0819746
CGCGTGACAATTCGTG-1_1_1_1,IR,NaiveT,T,1.006095482,8.563300211
CGGAACCAGTGTACAA-1_1_1_1,IR,Cytotoxic,T,-0.927062797,-0.365234058
CGGAACCGTGGATGAC-1_1_1_1,IR,gdT,T,7.247274471,-5.615751188
CGGAATTCATTGACTG-1_1_1_1,IR,TCM,T,-0.192735093,0.637130577
CGGAATTGTCTGCGCA-1_1_1_1,IR,NK,NK,-5.094271111,-5.886508386
CGGACACCAGTCTCTC-1_1_1_1,IR,TCM,T,0.568637742,5.600399573
CGGACACGTCTCGGGT-1_1_1_1,IR,NK,NK,-5.35758345,-4.795847337
CGGACACTCACTTCTA-1_1_1_1,IR,Other,Other,5.746556355,6.85635956
CGGAGAACATCGGATT-1_1_1_1,IR,NaiveT,T,1.387745691,8.216082652
CGGAGAAGTCGTACAT-1_1_1_1,IR,Cytotoxic,T,-2.706495928,0.824350197
CGGCAGTCAAGTCCCG-1_1_1_1,IR,NaiveT,T,-1.865707802,6.805441458
CGGCAGTCACTTGGGC-1_1_1_1,IR,Cytotoxic,T,-1.915926861,1.728232224
CGGCAGTTCAAATGCC-1_1_1_1,IR,Cytotoxic,T,-2.056668686,0.094755013
CGGCAGTTCAAGTGTC-1_1_1_1,IR,gdT,T,7.439356876,-6.296998899
CGGCAGTTCTGACGCG-1_1_1_1,IR,gdT,T,8.356836868,-6.454950254
CGGGACTCACATTCGA-1_1_1_1,IR,Cytotoxic,T,-2.514216827,0.221444507
CGGGACTGTCAGGCAA-1_1_1_1,IR,NK,NK,-5.326380657,-4.398157995
CGGGACTTCAGCAGAG-1_1_1_1,IR,ILC,ILC,8.303437782,1.467555125
CGGGCATAGTGTTGAA-1_1_1_1,IR,NaiveT,T,1.810499502,8.88944443
CGGGCATGTGAACTAA-1_1_1_1,IR,T-Helper,T,0.837191177,-0.342321571
CGGGCATGTTCGAAGG-1_1_1_1,IR,Cytotoxic,T,-1.893626379,0.405134935
CGGGCATTCTGCAGCG-1_1_1_1,IR,Treg,T,3.346928669,-0.364199917
CGGGTCAAGGGTATAT-1_1_1_1,IR,Other,Other,6.902556015,6.902628024
CGGGTCAGTCAACATC-1_1_1_1,IR,ILC,ILC,7.829073025,1.574145396
CGGGTCAGTCAACCTA-1_1_1_1,IR,NK,NK,-5.491241383,-6.2500333
CGGGTGTAGATGCTTC-1_1_1_1,IR,NaiveT,T,-0.045130285,7.434037764
CGGGTGTCAAAGGCAC-1_1_1_1,IR,NK,NK,-8.758315491,-6.057519834
CGGGTGTTCCGTCACT-1_1_1_1,IR,NaiveT,T,2.645934654,6.805280287
CGGTCAGAGACAGTCG-1_1_1_1,IR,NK,NK,-5.528639721,-5.249820631
CGGTCAGCACCTGCGA-1_1_1_1,IR,Treg,T,2.447269274,-2.043207209
CGGTCAGCATCTCGTC-1_1_1_1,IR,NKT,T,-4.417557644,-3.747925203
CGTCAAAAGGAAAGGT-1_1_1_1,IR,NKT,T,-4.591036724,-1.670932572
CGTCAAAGTCATCGCG-1_1_1_1,IR,T-Helper,T,1.459112717,1.102456171
CGTCCATAGGAAGAAC-1_1_1_1,IR,NKT,T,-5.011360096,-2.502771776
CGTCCATCACGCGCAT-1_1_1_1,IR,Cytotoxic,T,-4.37665789,2.210477669
CGTCCATTCACTGGTA-1_1_1_1,IR,Cytotoxic,T,-3.292884754,1.311752875
CGTCCATTCTATTCGT-1_1_1_1,IR,NKT,T,-4.664745735,-1.236644547
CGTGAATAGCGATCGA-1_1_1_1,IR,T-Helper,T,0.115180498,-1.230320137
CGTGAATCAGCTGTAT-1_1_1_1,IR,NaiveT,T,1.047641946,7.729192336
CGTGAATGTTCTTAGG-1_1_1_1,IR,NK,NK,-7.722811626,-5.737844865
CGTGAATGTTGTCATG-1_1_1_1,IR,NKT,T,-4.341229843,-2.500119131
CGTGATAAGTGGTCAG-1_1_1_1,IR,Cytotoxic,T,-4.269435333,1.747714598
CGTGATACACTTTAGG-1_1_1_1,IR,gdT,T,7.677837921,-4.507262151
CGTGATACATCTCCCA-1_1_1_1,IR,Treg,T,2.526223732,1.554800351
CGTGATAGTACTGGGA-1_1_1_1,IR,T-DN,T,0.053273311,2.026652415
CGTGATATCGCGGTAC-1_1_1_1,IR,ILC,ILC,9.26177652,2.520212967
CGTGATATCGTAATGC-1_1_1_1,IR,NK,NK,-4.761331009,-4.714133661
CGTGCTTCATGAGATA-1_1_1_1,IR,Treg,T,3.867439343,1.664652545
CGTGCTTGTCGAAGCA-1_1_1_1,IR,Cytotoxic,T,-1.445599722,0.540853579
CGTGTCTCACCATTCC-1_1_1_1,IR,Cytotoxic,T,-2.46732037,0.730687458
CGTGTCTGTCTTTCAT-1_1_1_1,IR,NK,NK,-5.352755951,-5.139758985
CGTTAGAAGAGCAAGA-1_1_1_1,IR,NaiveT,T,-1.568264531,6.579503615
CGTTAGACACGGGTAA-1_1_1_1,IR,Cytotoxic,T,-3.116549896,0.485260506
CGTTAGAGTAACCCGC-1_1_1_1,IR,NK,NK,-6.664530682,-7.427516859
CGTTAGATCCAAATGC-1_1_1_1,IR,NaiveT,T,0.881142391,8.617529948
CGTTAGATCCAAGCAT-1_1_1_1,IR,Cytotoxic,T,-1.784472989,-0.104596871
CGTTCTGAGTTGGCGA-1_1_1_1,IR,NK,NK,-7.691575932,-5.239486139
CGTTCTGTCTCATAGG-1_1_1_1,IR,NK,NK,-7.003992962,-6.479067247
CGTTGGGAGATCCCAT-1_1_1_1,IR,NKT,T,-3.63308494,-1.874229233
CGTTGGGCAGGAAGTC-1_1_1_1,IR,Other,Other,7.180374695,6.848145087
CGTTGGGCATCGCTCT-1_1_1_1,IR,NaiveT,T,1.050947739,7.629177649
CGTTGGGTCACCACAA-1_1_1_1,IR,NKT,T,-4.458047317,-1.744342606
CTAACCCCATGTCAGT-1_1_1_1,IR,Cytotoxic,T,-4.361203598,0.445430477
CTAACTTCATAGAATG-1_1_1_1,IR,NK,NK,-8.1287369,-7.457914274
CTAACTTTCTGTGTGA-1_1_1_1,IR,Cytotoxic,T,0.509860618,-3.107020061
CTAAGTGAGAGTTGTA-1_1_1_1,IR,gdT,T,8.784722878,-6.859712045
CTAAGTGAGGCAGTCA-1_1_1_1,IR,Cytotoxic,T,-2.807007717,1.960809786
CTAAGTGGTCCTTTGC-1_1_1_1,IR,Cytotoxic,T,-0.574195312,-0.376190584
CTAAGTGGTCTCCCTA-1_1_1_1,IR,T-DN,T,0.70291735,3.026700098
CTAAGTGGTCTGCCTT-1_1_1_1,IR,Cytotoxic,T,-3.399536776,1.470828016
CTACAGAAGGGAGGGT-1_1_1_1,IR,gdT,T,7.964819981,-5.408890646
CTACAGAGTTATTCCT-1_1_1_1,IR,Cytotoxic,T,-2.956177401,1.747220356
CTACAGATCGGATACT-1_1_1_1,IR,Treg,T,4.263776375,0.197683413
CTACAGATCGTAACCA-1_1_1_1,IR,Other,Other,5.285759522,6.867789824
CTACAGATCGTCGACG-1_1_1_1,IR,gdT,T,7.786624504,-6.539649885
CTACATTTCACTTTGT-1_1_1_1,IR,T-Helper,T,0.122153254,-1.002634387
CTACATTTCTGTAACG-1_1_1_1,IR,Cytotoxic,T,-1.187522696,1.088706691
CTACCCATCTCGCTCA-1_1_1_1,IR,gdT,T,8.201647354,-5.815317075
CTACCTGAGCGGTAGT-1_1_1_1,IR,Cytotoxic,T,-1.003783034,0.365860124
CTACCTGAGTACAGCG-1_1_1_1,IR,NaiveT,T,-0.826010989,7.708187659
CTACGGGAGCCTCACG-1_1_1_1,IR,Cytotoxic,T,-2.889291214,0.735683579
CTACTATCACAGAAGC-1_1_1_1,IR,T-Helper,T,1.254910899,1.523826558
CTACTATGTTCGAACT-1_1_1_1,IR,Cytotoxic,T,-4.562477039,0.725338597
CTACTATTCACTTGTT-1_1_1_1,IR,Cytotoxic,T,-0.777403938,2.083152373
CTACTATTCAGACCCG-1_1_1_1,IR,T-Helper,T,1.34198196,2.016688902
CTACTATTCAGGACGA-1_1_1_1,IR,NK,NK,-6.940115379,-7.319373529
CTAGACAAGCGCCATC-1_1_1_1,IR,Cytotoxic,T,0.490153475,-3.077578943
CTAGACAAGTCATCGT-1_1_1_1,IR,NaiveT,T,-0.348421024,8.674440462
CTAGACATCGGTGTAT-1_1_1_1,IR,NK,NK,-0.828427838,-4.523450773
CTAGGTACAGACGCTC-1_1_1_1,IR,ILC,ILC,8.105141235,1.086202819
CTAGGTATCTTGCAGA-1_1_1_1,IR,Cytotoxic,T,-3.202202248,1.5362763
CTATAGGAGCAACTTC-1_1_1_1,IR,NK,NK,-7.06467049,-6.10965101
CTATAGGAGCGTCAAG-1_1_1_1,IR,NaiveT,T,-0.452257263,8.552556116
CTATCCGCACGACAGA-1_1_1_1,IR,Treg,T,3.592244459,1.601156909
CTATCCGCATCTGCGG-1_1_1_1,IR,gdT,T,10.06141527,-5.791896265
CTATCCGTCGAACCTA-1_1_1_1,IR,Cytotoxic,T,-2.363788055,1.291029651
CTATCTACAGTCGCTG-1_1_1_1,IR,Other,Other,5.683266712,6.784006197
CTCAACCCAGCGCTTG-1_1_1_1,IR,gdT,T,1.792885376,-0.198170695
CTCAACCGTCTTGAAC-1_1_1_1,IR,NK,NK,-5.19045298,-6.467498224
CTCAACCGTTCAACGT-1_1_1_1,IR,gdT,T,2.908874823,0.608830233
CTCAACCTCTGTGTGA-1_1_1_1,IR,NaiveT,T,1.536070419,7.175083716
CTCAAGACACTGGACC-1_1_1_1,IR,NaiveT,T,0.428160263,7.14620455
CTCAAGATCTAGCCAA-1_1_1_1,IR,Cytotoxic,T,-2.749244379,1.34058996
CTCAATTAGTAAGACT-1_1_1_1,IR,T-Helper,T,1.037762178,1.969054062
CTCAATTGTGTAAACA-1_1_1_1,IR,TCM,T,-1.733270215,3.970412333
CTCAATTTCAGTGTGT-1_1_1_1,IR,Other,Other,7.135301186,6.897547324
CTCACTGCACCTGATA-1_1_1_1,IR,Cytotoxic,T,-2.522991585,2.127055008
CTCACTGTCGACGCGT-1_1_1_1,IR,Cytotoxic,T,-0.581565665,1.660072048
CTCAGAAAGTCACTGT-1_1_1_1,IR,Cytotoxic,T,-2.675571608,0.588508983
CTCAGAACAGAGTCTT-1_1_1_1,IR,NK,NK,-6.177191662,-6.940466325
CTCAGGGAGATCACCT-1_1_1_1,IR,NaiveT,T,-0.872202443,7.201850016
CTCAGGGGTTCTCACC-1_1_1_1,IR,NK,NK,-5.573404716,-6.068419378
CTCAGTCAGGTGCTGA-1_1_1_1,IR,NaiveT,T,-0.388702976,7.616478045
CTCAGTCCACTTCAGA-1_1_1_1,IR,Cytotoxic,T,-0.304526733,-0.383924763
CTCAGTCGTTGATGTC-1_1_1_1,IR,T-Helper,T,-0.001731532,1.360685785
CTCATCGTCATTATCC-1_1_1_1,IR,T-Helper,T,0.925614251,1.63823827
CTCATGCAGATACAGT-1_1_1_1,IR,T-Helper,T,0.873308552,0.579629857
CTCATGCCAATGTCTG-1_1_1_1,IR,T-Helper,T,1.592930151,1.970349629
CTCATGCCAATTGAAG-1_1_1_1,IR,NK,NK,-7.072589325,-5.789613168
CTCATGCGTAGTGGCA-1_1_1_1,IR,Cytotoxic,T,-0.830519842,0.953007181
CTCATGCTCAAAGGTA-1_1_1_1,IR,Cytotoxic,T,-4.070004391,2.150218565
CTCATGCTCAGGAAGC-1_1_1_1,IR,NaiveT,T,-2.131832289,5.855638106
CTCATGCTCGAGAAGC-1_1_1_1,IR,Cytotoxic,T,-2.452425646,4.75286587
CTCATTAAGCATTGAA-1_1_1_1,IR,Cytotoxic,T,-1.085451173,2.438557465
CTCATTAGTCTTTATC-1_1_1_1,IR,Other,Other,6.804598881,6.930274088
CTCCATGAGCTCACTA-1_1_1_1,IR,NK,NK,-9.033836769,-8.47089855
CTCCATGAGGCGAACT-1_1_1_1,IR,Other,Other,5.747376038,6.846347887
CTCCATGCAGGCGATA-1_1_1_1,IR,NaiveT,T,-0.744263934,7.56495579
CTCCATGGTAAGATTG-1_1_1_1,IR,Cytotoxic,T,0.386106429,-2.96490113
CTCCCAACAGTGTGCC-1_1_1_1,IR,gdT,T,9.746456696,-4.435819547
CTCCCTCAGAAGAACG-1_1_1_1,IR,NKT,T,-5.157351421,-2.475819509
CTCCCTCAGGAACGCT-1_1_1_1,IR,Other,Other,4.954630447,6.603577216
CTCCCTCCACGATAGG-1_1_1_1,IR,Other,Other,5.483729435,6.752325137
CTCCCTCCAGAGATGC-1_1_1_1,IR,T-Helper,T,2.294076515,2.995905478
CTCCCTCCATCGGCCA-1_1_1_1,IR,Cytotoxic,T,-2.206557917,0.968732674
CTCCCTCTCAGTGTTG-1_1_1_1,IR,gdT,T,9.015933586,-5.440622728
CTCCGATAGAGTAACT-1_1_1_1,IR,gdT,T,8.367849899,-5.719991129
CTCCGATAGGAGAATG-1_1_1_1,IR,Cytotoxic,T,-3.101666855,0.922512729
CTCCGATAGTGGCAGT-1_1_1_1,IR,T-Helper,T,2.269015146,3.190230925
CTCCGATCACACAGCC-1_1_1_1,IR,Cytotoxic,T,-0.420690106,0.423202951
CTCCTCCAGCGTGAGT-1_1_1_1,IR,T-Helper,T,1.303092195,1.802849014
CTCCTCCTCACCGCTT-1_1_1_1,IR,Other,Other,5.450912071,6.784924586
CTCCTTTAGGCACTAG-1_1_1_1,IR,Cytotoxic,T,-2.995575832,2.225344498
CTCCTTTCAGTCGGAA-1_1_1_1,IR,Treg,T,2.972510172,1.390367706
CTCCTTTCAGTTCACA-1_1_1_1,IR,NaiveT,T,0.387478603,6.831217844
CTCCTTTGTTAAACAG-1_1_1_1,IR,NKT,T,-5.955364632,-2.152250927
CTCCTTTGTTCTTGCC-1_1_1_1,IR,NK,NK,-9.161659645,-7.983604353
CTCGAGGCAATGTCTG-1_1_1_1,IR,T-Helper,T,1.27752967,0.369508613
CTCTCAGAGGAATGTT-1_1_1_1,IR,NK,NK,-9.143381523,-8.080316942
CTCTCGAAGGTAGTAT-1_1_1_1,IR,NKT,T,-1.167585181,-1.873515885
CTCTCGACATCTTAGG-1_1_1_1,IR,NKT,T,-5.317778515,-2.325862568
CTCTGGTCATGAGTAA-1_1_1_1,IR,gdT,T,7.369897915,-6.308841627
CTCTGGTGTCGCCTAG-1_1_1_1,IR,Other,Other,6.646781994,6.921758253
CTGAATGAGAGATGCC-1_1_1_1,IR,NK,NK,-6.961781906,-6.249685209
CTGAGCGCAACAACAA-1_1_1_1,IR,T-Helper,T,0.523827923,1.15325566
CTGAGCGGTAGGGTAC-1_1_1_1,IR,Cytotoxic,T,-1.995007681,0.147495766
CTGAGGCCACTTGAGT-1_1_1_1,IR,Cytotoxic,T,-1.739435839,0.824217636
CTGAGGCGTATTCCTT-1_1_1_1,IR,NKT,T,-5.836175369,-2.702501457
CTGAGGCTCACGATAC-1_1_1_1,IR,NaiveT,T,-1.36015098,7.218572218
CTGCCATTCGCGTGCA-1_1_1_1,IR,gdT,T,9.578113152,-4.467021387
CTGCCATTCTAGGCAT-1_1_1_1,IR,T-Helper,T,2.014133049,2.115431626
CTGCGAGGTCGGCCTA-1_1_1_1,IR,T-Helper,T,0.443117661,1.813918192
CTGCGAGGTTCACGAT-1_1_1_1,IR,Other,Other,5.16457851,6.657074053
CTGCTCAAGCCGCTTG-1_1_1_1,IR,Cytotoxic,T,-2.680931734,0.074341406
CTGCTCATCACACGAT-1_1_1_1,IR,NK,NK,-7.252632069,-6.650254648
CTGGACGCACCCTATC-1_1_1_1,IR,T-Helper,T,1.275422169,1.808726628
CTGGACGCATGCACTA-1_1_1_1,IR,Cytotoxic,T,-4.700071262,1.333110173
CTGGACGTCAGAGCAG-1_1_1_1,IR,Cytotoxic,T,0.542784525,-2.972009819
CTGGACGTCAGTGCGC-1_1_1_1,IR,T-DN,T,1.705629779,3.540918429
CTGGCAGCAACGAGGT-1_1_1_1,IR,NK,NK,-1.008041309,-4.868806284
CTGGCAGCACGTACTA-1_1_1_1,IR,Cytotoxic,T,-2.360534357,0.715956588
CTGGCAGCAGTAGAAT-1_1_1_1,IR,Other,Other,5.257186485,6.747153361
CTGGCAGTCAGCACCG-1_1_1_1,IR,NK,NK,-8.573802399,-8.118374746
CTGGTCTCATACAGCT-1_1_1_1,IR,Cytotoxic,T,-3.648734497,0.114330087
CTGTACCGTCAAGCGA-1_1_1_1,IR,Other,Other,6.930264069,6.942967493
CTGTACCGTCGTAATC-1_1_1_1,IR,Cytotoxic,T,-3.34802811,1.453481276
CTGTACCGTTGGGCCT-1_1_1_1,IR,Cytotoxic,T,-1.606090116,0.093141605
CTGTACCTCCTACCAC-1_1_1_1,IR,T-DN,T,0.441667361,2.646348793
CTGTAGAGTCTACAGT-1_1_1_1,IR,T-DN,T,0.661626322,2.083722908
CTGTATTAGTGTTCAC-1_1_1_1,IR,Cytotoxic,T,-2.41242926,0.349288632
CTGTATTCACGAGGAT-1_1_1_1,IR,Cytotoxic,T,-4.676087784,0.826955755
CTGTCGTCACAAGCTT-1_1_1_1,IR,Cytotoxic,T,-1.149068164,1.951459486
CTGTCGTCATTGCCGG-1_1_1_1,IR,Treg,T,3.991110159,-0.138781719
CTGTCGTGTATGCGGA-1_1_1_1,IR,T-DN,T,-3.479994701,-2.811411541
CTGTCGTGTTAATGAG-1_1_1_1,IR,Cytotoxic,T,-3.197027611,0.864043851
CTGTGAAGTGATTCTG-1_1_1_1,IR,NK,NK,-5.118262218,-5.574999254
CTGTGGGGTGATACAA-1_1_1_1,IR,Cytotoxic,T,-2.571279215,1.078256686
CTGTGGGTCATCCTGC-1_1_1_1,IR,NKT,T,-4.102250027,-2.685290258
CTGTGGGTCCACAGGC-1_1_1_1,IR,NK,NK,-5.503813194,-4.853657167
CTTACCGTCAAGGTGG-1_1_1_1,IR,NKT,T,-3.819105553,-1.434096973
CTTAGGAGTACAGGTG-1_1_1_1,IR,T-DN,T,0.209942398,2.56246813
CTTAGGATCGAGAACG-1_1_1_1,IR,gdT,T,7.648111893,-6.436130445
CTTCAATAGAAATTGC-1_1_1_1,IR,NKT,T,-5.623627113,-3.490789096
CTTCCGAAGGACGGAG-1_1_1_1,IR,Other,Other,4.060665442,6.49303015
CTTCCGACAGGATCTT-1_1_1_1,IR,Other,Other,5.989594055,6.823996146
CTTCCGATCAAACGTC-1_1_1_1,IR,Cytotoxic,T,-2.383602547,1.099771459
CTTCCTTGTAGCCAGA-1_1_1_1,IR,NK,NK,-7.61762421,-6.636379163
CTTCCTTGTCTCAGGC-1_1_1_1,IR,NaiveT,T,0.777631117,6.701880534
CTTCCTTTCACTTGGA-1_1_1_1,IR,Cytotoxic,T,0.327138169,-3.084892194
CTTCCTTTCGTGCTCT-1_1_1_1,IR,T-Helper,T,0.527622891,1.771311719
CTTCCTTTCTAACGCA-1_1_1_1,IR,NK,NK,-8.817386078,-7.725076597
CTTCGGTTCCGTTGAA-1_1_1_1,IR,T-Helper,T,0.32676026,1.707506616
CTTCGGTTCGCACTCT-1_1_1_1,IR,T-DN,T,0.827239407,2.761775095
CTTCTAAGTAATTAGG-1_1_1_1,IR,Cytotoxic,T,-3.258307146,1.908628781
CTTCTCTAGGAGTACC-1_1_1_1,IR,Other,Other,6.147390915,6.875829298
CTTCTCTCACCATATG-1_1_1_1,IR,Cytotoxic,T,-2.693771528,1.395104248
CTTCTCTCACTGGACC-1_1_1_1,IR,NKT,T,-4.57321875,-2.698334138
CTTCTCTTCCGCTTAC-1_1_1_1,IR,gdT,T,8.573752953,-4.366961401
CTTCTCTTCTGCCTCA-1_1_1_1,IR,gdT,T,2.532702995,-3.388282936
CTTGAGACACAACGTT-1_1_1_1,IR,T-DN,T,0.846830619,3.466910679
CTTGAGACAGAGCTAG-1_1_1_1,IR,T-Helper,T,-0.357397543,0.574177523
CTTGAGACATGGCTGC-1_1_1_1,IR,gdT,T,10.15611894,-5.46816675
CTTGAGATCATCGACA-1_1_1_1,IR,Cytotoxic,T,-0.24651538,0.70707478
CTTGAGATCCGGACTG-1_1_1_1,IR,NK,NK,-8.994330811,-7.591854494
CTTGATTAGCTCCGAC-1_1_1_1,IR,NKT,T,-3.345711636,-2.033382099
CTTGATTGTCTTACAG-1_1_1_1,IR,Cytotoxic,T,-2.84475367,2.031202633
CTTGATTGTGTGAATA-1_1_1_1,IR,TCM,T,-1.84890716,5.510768015
CTTGATTTCGATTCCC-1_1_1_1,IR,NK,NK,-7.887708115,-5.089075964
CTTGATTTCTCCACTG-1_1_1_1,IR,NK,NK,-9.086714195,-8.108749311
CTTTCAAAGCGCCTAC-1_1_1_1,IR,Cytotoxic,T,-3.028596567,1.997186024
CTTTCAAGTATCCTTT-1_1_1_1,IR,NKT,T,-4.999650883,-3.38043658
CTTTCAATCACCTCGT-1_1_1_1,IR,Cytotoxic,T,-2.304381536,1.938354571
CTTTCGGCAGTGGTGA-1_1_1_1,IR,TCM,T,-1.651037859,4.290079672
CTTTCGGCATGGCGCT-1_1_1_1,IR,Other,Other,5.389581753,6.774000246
CTTTCGGTCCATCCGT-1_1_1_1,IR,NaiveT,T,1.669861985,7.823432524
GAAACCTCAAGTTTGC-1_1_1_1,IR,Cytotoxic,T,-2.523902105,1.83860584
GAAACCTCAATTGAAG-1_1_1_1,IR,Cytotoxic,T,-4.181404995,2.727506478
GAAACCTCAGGAGACT-1_1_1_1,IR,Cytotoxic,T,-4.67520039,1.637778361
GAAACCTCATGTGCTA-1_1_1_1,IR,T-Helper,T,2.529342247,2.304286082
GAACACTGTCTGTCCT-1_1_1_1,IR,Cytotoxic,T,-2.298629688,0.144780968
GAACACTTCGAACTCA-1_1_1_1,IR,ILC,ILC,7.685996605,2.017384846
GAACGTTCAGCTTTGA-1_1_1_1,IR,Other,Other,5.827826096,6.80322655
GAACTGTCAGCTCGGT-1_1_1_1,IR,T-Helper,T,2.083334161,1.679253776
GAACTGTGTTCGGCTG-1_1_1_1,IR,NK,NK,-7.084740089,-6.379589956
GAAGAATGTGCGTTTA-1_1_1_1,IR,Cytotoxic,T,-3.23333423,2.472094614
GAAGAATGTTCAAACC-1_1_1_1,IR,NK,NK,-6.358819889,-5.968613069
GAAGCCCAGAACTGAT-1_1_1_1,IR,Cytotoxic,T,-1.189113664,1.894891341
GAAGCCCAGGGTCACA-1_1_1_1,IR,NK,NK,-7.581961559,-5.569117944
GAAGCCCCAAACACGG-1_1_1_1,IR,NaiveT,T,1.337301804,8.949304659
GAAGCCCCAGCGTTGC-1_1_1_1,IR,Cytotoxic,T,-2.404381918,0.516561289
GAAGCCCTCGAGAGCA-1_1_1_1,IR,Cytotoxic,T,-2.533880638,0.328070272
GAAGCCCTCGATTTCT-1_1_1_1,IR,Other,Other,6.9452029,6.935440619
GAAGCGACAGGACTTT-1_1_1_1,IR,T-Helper,T,1.193965627,0.702375789
GAAGGACGTAATGCTC-1_1_1_1,IR,ILC,ILC,7.423906399,1.032098968
GAAGGACGTCTGTTAG-1_1_1_1,IR,T-Helper,T,1.474689318,0.886911769
GAAGGGTCAATTTCCT-1_1_1_1,IR,NK,NK,-7.566316055,-5.101537626
GAAGGGTCACGCGTGT-1_1_1_1,IR,Cytotoxic,T,-2.344015764,0.202298958
GAAGGGTGTATGATCC-1_1_1_1,IR,NK,NK,-8.108172821,-5.818338316
GAAGTAATCCATAAGC-1_1_1_1,IR,NK,NK,-6.866137432,-6.800887029
GAATAGAAGATTCGCT-1_1_1_1,IR,Other,Other,5.293028904,6.707959254
GAATCACAGCGGATCA-1_1_1_1,IR,T-Helper,T,2.004243089,1.370723088
GAATCACCAACTCCCT-1_1_1_1,IR,gdT,T,8.109491898,-4.164188306
GAATCACCAGCATACT-1_1_1_1,IR,NaiveT,T,-0.052899854,6.880450804
GAATCACTCTTGATTC-1_1_1_1,IR,NK,NK,-8.649988579,-6.792611044
GAATCGTAGTGGCAGT-1_1_1_1,IR,Cytotoxic,T,-2.444286512,0.981800396
GAATCGTCACGGCACT-1_1_1_1,IR,T-Helper,T,2.027629925,2.192158062
GACACGCAGACAGTCG-1_1_1_1,IR,Cytotoxic,T,-2.108621286,1.170497615
GACACGCCAAAGTGTA-1_1_1_1,IR,Cytotoxic,T,-0.611662852,-2.730618637
GACACGCGTGGCCCAT-1_1_1_1,IR,ILC,ILC,7.034818722,1.704359252
GACAGCCCAAAGCGTG-1_1_1_1,IR,T-Helper,T,2.134198142,2.469604094
GACAGCCGTCTTCCGT-1_1_1_1,IR,NKT,T,-4.824137138,-3.138436239
GACAGCCTCCGTATAG-1_1_1_1,IR,Cytotoxic,T,-3.157061743,1.171880324
GACATCAAGAAGCCTG-1_1_1_1,IR,gdT,T,9.460593773,-6.411007803
GACATCAGTGCTCTCT-1_1_1_1,IR,gdT,T,7.890144421,-5.7443556
GACCAATCATCGATAC-1_1_1_1,IR,NaiveT,T,2.337193323,6.963056643
GACCCAGTCGCAGTCG-1_1_1_1,IR,T-Helper,T,2.644390656,2.60018142
GACCCTTCAGTGTATC-1_1_1_1,IR,T-DN,T,1.38790877,3.181553919
GACCCTTCATTAAGCC-1_1_1_1,IR,NK,NK,-6.418730663,-5.481235426
GACCCTTGTCGGTGTC-1_1_1_1,IR,T-Helper,T,1.141366673,1.629724462
GACCGTGAGCCGTCGT-1_1_1_1,IR,NK,NK,-6.999732899,-5.613754671
GACCGTGAGCTAAACA-1_1_1_1,IR,T-Helper,T,2.661797119,2.742925484
GACCGTGGTACGGTTT-1_1_1_1,IR,T-Helper,T,1.073805464,0.167682726
GACCGTGTCATGAGGG-1_1_1_1,IR,NKT,T,-5.299774574,-2.432632129
GACCTTCAGTACCCTA-1_1_1_1,IR,Cytotoxic,T,-1.934723066,1.13417371
GACGCTGAGTATGACA-1_1_1_1,IR,Cytotoxic,T,-4.16886084,2.313418467
GACTATGAGGTAAGAG-1_1_1_1,IR,Cytotoxic,T,-0.44723575,0.436723311
GACTATGCAACATACC-1_1_1_1,IR,NK,NK,-8.023466515,-7.2543873
GACTATGCAGCGTTGC-1_1_1_1,IR,NK,NK,-7.865110802,-8.039007108
GACTATGGTATACAGA-1_1_1_1,IR,T-Helper,T,0.326981081,0.600936193
GACTATGGTCTTCAAG-1_1_1_1,IR,Cytotoxic,T,-4.839653896,1.074827511
GACTATGGTTGGTGTT-1_1_1_1,IR,NaiveT,T,1.600022269,8.180453379
GACTCAAAGTTTCTTC-1_1_1_1,IR,T-Helper,T,2.202056004,2.76503833
GACTCAAGTGAATGAT-1_1_1_1,IR,NKT,T,-4.478531288,-2.338893335
GACTCAAGTGGTCTAT-1_1_1_1,IR,Cytotoxic,T,-1.993432926,0.335636784
GACTCTCAGGAATCGC-1_1_1_1,IR,NaiveT,T,-0.221066194,5.942258437
GACTCTCGTCTCCTGT-1_1_1_1,IR,Cytotoxic,T,-3.109654592,0.956616123
GACTCTCTCCTTCTAA-1_1_1_1,IR,Cytotoxic,T,-3.934661316,0.372703124
GACTGATTCAAATGCC-1_1_1_1,IR,NK,NK,-6.811923431,-6.316702287
GACTGATTCGGCCCAA-1_1_1_1,IR,T-Helper,T,0.984942568,1.445993621
GACTTCCAGGAGCAAA-1_1_1_1,IR,TCM,T,-1.181671905,3.637802918
GACTTCCGTTATTCTC-1_1_1_1,IR,Cytotoxic,T,-0.318519997,0.05280586
GAGAAATCATGTTACG-1_1_1_1,IR,Cytotoxic,T,-4.439337658,-0.618371229
GAGACCCAGCGCCTCA-1_1_1_1,IR,NK,NK,-5.801246094,-6.453917902
GAGACCCGTCTCTCCA-1_1_1_1,IR,Cytotoxic,T,-2.804869341,1.158835013
GAGACCCGTGCATTTG-1_1_1_1,IR,T-Helper,T,1.245293451,0.703510721
GAGACCCTCGAGCCAC-1_1_1_1,IR,gdT,T,2.463877274,-3.344510477
GAGACTTCAGCACACC-1_1_1_1,IR,Cytotoxic,T,-5.171007084,0.28881513
GAGAGGTAGTAGTGCG-1_1_1_1,IR,T-Helper,T,1.117994619,1.338759382
GAGAGGTAGTGCTCAT-1_1_1_1,IR,NKT,T,-4.906407284,-2.707434814
GAGAGGTGTGAATAAC-1_1_1_1,IR,Cytotoxic,T,-4.542714046,1.823337514
GAGAGGTTCCACCTGT-1_1_1_1,IR,T-Helper,T,1.206915332,0.108319316
GAGATGGGTTACCTTT-1_1_1_1,IR,NK,NK,-5.987761425,-5.315244119
GAGATGGGTTCTCACC-1_1_1_1,IR,gdT,T,7.948767735,-5.549258154
GAGCCTGCAGGGATAC-1_1_1_1,IR,Treg,T,3.890934301,0.673096497
GAGCCTGTCCGGCTTT-1_1_1_1,IR,Cytotoxic,T,-1.260918783,1.229956705
GAGCCTGTCGAAGGAC-1_1_1_1,IR,gdT,T,5.672037197,6.619064886
GAGCTGCAGACCCTTA-1_1_1_1,IR,gdT,T,9.985214783,-5.839281957
GAGCTGCTCGTTATCT-1_1_1_1,IR,NK,NK,-6.768918442,-5.208216589
GAGGCAAAGACACACG-1_1_1_1,IR,Cytotoxic,T,-5.031522202,0.344074447
GAGGCAAAGCGCTTCG-1_1_1_1,IR,NK,NK,-8.472369598,-6.56694309
GAGGCAAGTACCGCGT-1_1_1_1,IR,T-Helper,T,0.866797281,-2.812017362
GAGGCCTAGCTCGTGC-1_1_1_1,IR,NaiveT,T,-1.523970531,7.421272833
GAGGCCTAGTGCACCC-1_1_1_1,IR,T-Helper,T,1.11684568,-0.584361504
GAGGCCTCAGTAGATA-1_1_1_1,IR,NK,NK,-6.275222229,-5.361173074
GAGGCCTTCACGGACC-1_1_1_1,IR,Other,Other,5.277535511,6.716235239
GAGGGTAGTTGTTGTG-1_1_1_1,IR,Other,Other,5.734789444,6.864541609
GAGGGTATCGGAGATG-1_1_1_1,IR,NKT,T,-3.807638573,-2.155213277
GAGTCATCAACCCTAA-1_1_1_1,IR,T-DN,T,1.042706145,3.703586657
GAGTCATCATCGTCCT-1_1_1_1,IR,gdT,T,10.21811349,-5.302851598
GAGTCATGTTAAACAG-1_1_1_1,IR,Cytotoxic,T,-2.017885851,0.453945417
GAGTGAGGTGGTCTAT-1_1_1_1,IR,NK,NK,-8.652719902,-6.546055715
GAGTGTTCACATAACC-1_1_1_1,IR,T-Helper,T,1.231799437,1.403005083
GAGTGTTCAGCGTAGA-1_1_1_1,IR,NK,NK,-5.430978226,-5.825392168
GAGTTACGTTGGCTAT-1_1_1_1,IR,ILC,ILC,6.830291821,1.909103711
GAGTTACTCAGCTTCC-1_1_1_1,IR,Treg,T,3.018351151,1.790553529
GAGTTGTAGACCTCCG-1_1_1_1,IR,ILC,ILC,8.300872398,1.412565787
GAGTTGTAGGTCCCGT-1_1_1_1,IR,Cytotoxic,T,-0.972653436,-0.156635902
GAGTTGTAGTAAATGC-1_1_1_1,IR,Cytotoxic,T,-2.993142771,0.786774893
GAGTTGTCATACACCA-1_1_1_1,IR,Cytotoxic,T,-3.368010448,1.270941574
GAGTTTGAGGTTAAAC-1_1_1_1,IR,gdT,T,8.219317032,-6.029197614
GAGTTTGCACCAGACC-1_1_1_1,IR,Cytotoxic,T,0.814924015,-3.349339883
GAGTTTGTCCATTGTT-1_1_1_1,IR,T-Helper,T,1.684922052,1.609788854
GAGTTTGTCGTGGAAG-1_1_1_1,IR,Cytotoxic,T,-3.560529875,0.059592951
GAGTTTGTCTCAGAAC-1_1_1_1,IR,NK,NK,-5.26982777,-5.154121797
GATAGAAAGGTACAAT-1_1_1_1,IR,NKT,T,-1.329154896,-0.48098601
GATAGAACATGTTACG-1_1_1_1,IR,Cytotoxic,T,-0.232687967,1.879988153
GATAGAAGTAATGTGA-1_1_1_1,IR,Cytotoxic,T,-2.214090752,0.592248757
GATAGAAGTACGGGAT-1_1_1_1,IR,Cytotoxic,T,0.636409266,-2.971518676
GATAGAAGTGGACCAA-1_1_1_1,IR,Cytotoxic,T,-3.617023396,1.606543739
GATAGAAGTTACGGAG-1_1_1_1,IR,NaiveT,T,0.946371091,8.523452837
GATAGAAGTTTCGACA-1_1_1_1,IR,gdT,T,8.433675362,-6.130138795
GATAGCTCACCAGTTA-1_1_1_1,IR,NaiveT,T,1.868533326,7.068523009
GATAGCTGTACGACAG-1_1_1_1,IR,Cytotoxic,T,0.805403484,-3.367660444
GATCACATCGAACCAT-1_1_1_1,IR,Cytotoxic,T,-3.75626819,3.014320929
GATCACATCGCTCATC-1_1_1_1,IR,NaiveT,T,0.419382555,6.547867377
GATCAGTAGACACACG-1_1_1_1,IR,gdT,T,7.713247849,-5.256947916
GATCAGTCAACTACGT-1_1_1_1,IR,Cytotoxic,T,-3.028985428,1.214448292
GATCAGTCAAGTGGCA-1_1_1_1,IR,Treg,T,3.149194313,1.866952498
GATCAGTCAATACCCA-1_1_1_1,IR,NaiveT,T,2.084579183,6.400535662
GATCAGTTCCAGCAAT-1_1_1_1,IR,Cytotoxic,T,-3.874336647,2.913161118
GATCAGTTCTGGCCAG-1_1_1_1,IR,Cytotoxic,T,-3.107290911,0.170999248
GATCATGAGATAGGGA-1_1_1_1,IR,T-DN,T,0.298439128,1.881029088
GATCATGCAAATCGTC-1_1_1_1,IR,TCM,T,-1.872837233,4.379887659
GATCATGCAACCCGCA-1_1_1_1,IR,Other,Other,5.829437328,6.835170824
GATCATGCAGGGTCTC-1_1_1_1,IR,NKT,T,-4.869913506,-1.465482156
GATCATGTCATCTACT-1_1_1_1,IR,NK,NK,-5.208788322,-4.442006986
GATCATGTCGCGGACT-1_1_1_1,IR,gdT,T,9.87030275,-6.226172845
GATCATGTCGTTCAGA-1_1_1_1,IR,Cytotoxic,T,-4.27364819,2.048971493
GATCCCTAGACTTCCA-1_1_1_1,IR,T-Helper,T,1.344677044,2.203857977
GATCCCTAGCGTTCAT-1_1_1_1,IR,Cytotoxic,T,-0.746373641,1.011955936
GATCCCTAGTCGAGGT-1_1_1_1,IR,T-Helper,T,1.589706136,1.543067295
GATCCCTGTCGAGCTC-1_1_1_1,IR,Cytotoxic,T,-1.953870224,0.190687139
GATCCCTGTGCCGAAA-1_1_1_1,IR,gdT,T,9.856059624,-5.015044611
GATCGTAGTCCTCCAT-1_1_1_1,IR,Other,Other,5.332022739,6.820965369
GATGACTAGCACAAAT-1_1_1_1,IR,Cytotoxic,T,-0.302050816,-0.154998216
GATGACTCAGCCGTTG-1_1_1_1,IR,NKT,T,-4.490762638,-3.259763401
GATGACTGTGGCTTGC-1_1_1_1,IR,T-Helper,T,2.427396847,2.791868765
GATGAGGTCAGCACCG-1_1_1_1,IR,gdT,T,7.023895813,-6.203728597
GATGATCCACCGCTAG-1_1_1_1,IR,NK,NK,-8.969190048,-6.283550184
GATGCTAAGAGTGGCT-1_1_1_1,IR,NK,NK,-5.701797413,-5.881684225
GATGCTAGTTGCGGAA-1_1_1_1,IR,T-Helper,T,2.464427782,1.061830838
GATGCTATCACCCTCA-1_1_1_1,IR,Other,Other,6.052456928,6.851869185
GATGGAGGTCATTGCA-1_1_1_1,IR,Cytotoxic,T,-3.693036484,1.961768229
GATGTTGAGCCGGATA-1_1_1_1,IR,Other,Other,4.038105799,6.37462147
GATGTTGGTCACTACA-1_1_1_1,IR,ILC,ILC,8.364900185,1.593705137
GATTCGAAGGTCCGAA-1_1_1_1,IR,T-Helper,T,2.455736233,2.637955506
GATTCGACAAAGGGTC-1_1_1_1,IR,NKT,T,-4.525573658,-3.17809264
GATTCGATCACTGTTT-1_1_1_1,IR,Cytotoxic,T,-0.440850007,-0.213565576
GATTCGATCGTCAGAT-1_1_1_1,IR,NaiveT,T,2.324288918,6.067421992
GATTCTTGTTCGGCTG-1_1_1_1,IR,Cytotoxic,T,-1.318800377,0.728335578
GATTCTTTCTTGGATG-1_1_1_1,IR,Cytotoxic,T,-3.132295774,1.186105449
GATTGGTAGGCTGGAT-1_1_1_1,IR,T-Helper,T,-0.065731885,0.702996094
GATTGGTAGGTTATAG-1_1_1_1,IR,gdT,T,7.770732952,-6.181021135
GATTGGTTCCGACATA-1_1_1_1,IR,gdT,T,9.217837883,-5.154459875
GCAACATAGCGATGCA-1_1_1_1,IR,gdT,T,9.601122452,-5.768672388
GCAACATAGGCACCAA-1_1_1_1,IR,Other,Other,5.440012527,6.759725172
GCAACATGTATGATCC-1_1_1_1,IR,Cytotoxic,T,-2.699129747,1.37465759
GCAACATGTGCCGAAA-1_1_1_1,IR,gdT,T,7.93529327,-5.494788568
GCAACATTCGTGCGAC-1_1_1_1,IR,T-Helper,T,1.456504417,1.071478445
GCAACCGAGTCTCCTC-1_1_1_1,IR,Cytotoxic,T,-4.303358482,2.488277514
GCAACCGGTTGCGGCT-1_1_1_1,IR,Cytotoxic,T,-4.459600853,1.38118406
GCACATACACGTTGGC-1_1_1_1,IR,T-Helper,T,2.26599629,0.749639232
GCACGGTGTTACGATC-1_1_1_1,IR,Other,Other,5.829803062,6.869426329
GCACGTGAGTACTGGG-1_1_1_1,IR,NKT,T,-5.191061901,-1.708764832
GCACGTGGTTCCTACC-1_1_1_1,IR,Other,Other,4.22122295,6.502429564
GCACTAAAGAAATGGG-1_1_1_1,IR,Cytotoxic,T,-1.351037787,0.742980499
GCACTAAAGGATCACG-1_1_1_1,IR,gdT,T,10.0146404,-5.737388055
GCAGCCAAGAATTGCA-1_1_1_1,IR,T-Helper,T,0.494246406,2.257218439
GCAGCCAGTCCAACGC-1_1_1_1,IR,gdT,T,9.449331833,-5.321292322
GCAGCCAGTTCTCCTG-1_1_1_1,IR,NK,NK,-6.553589272,-4.641654413
GCAGGCTAGGTTTGAA-1_1_1_1,IR,ILC,ILC,8.974117828,1.384723146
GCAGGCTCAAGCACAG-1_1_1_1,IR,NK,NK,-8.758897232,-8.528173368
GCAGGCTGTTGCGGCT-1_1_1_1,IR,Other,Other,7.083497597,6.861151297
GCAGTTACAACCGTAT-1_1_1_1,IR,NaiveT,T,-0.030919926,5.967903216
GCAGTTAGTCTCGACG-1_1_1_1,IR,NK,NK,-7.342174458,-6.446804445
GCATCGGAGGTTCTAC-1_1_1_1,IR,Other,Other,5.044790817,6.715308268
GCATCGGAGTTTAGGA-1_1_1_1,IR,T-Helper,T,-0.072738173,-1.006423097
GCATCTCTCTAGCCTC-1_1_1_1,IR,T-DN,T,1.071177317,2.891037304
GCATGATGTAGTATAG-1_1_1_1,IR,Cytotoxic,T,-1.102097796,0.712441165
GCATTAGAGTCATGAA-1_1_1_1,IR,Other,Other,4.706766201,6.600556452
GCCAACGTCCGTTGGG-1_1_1_1,IR,Other,Other,4.801239086,6.583809931
GCCAGCAAGAAAGTCT-1_1_1_1,IR,T-Helper,T,2.671959473,2.549719412
GCCAGGTGTGTGTTTG-1_1_1_1,IR,NK,NK,-6.41790955,-4.716681879
GCCAGTGAGGCGACAT-1_1_1_1,IR,Cytotoxic,T,-0.685931074,1.840708573
GCCATGGAGGGCAGGA-1_1_1_1,IR,Treg,T,3.805971457,-0.242710214
GCCATGGGTCAGTCCG-1_1_1_1,IR,Treg,T,1.800955964,-0.353144567
GCCATGGGTTCCTTGC-1_1_1_1,IR,gdT,T,9.049000336,-6.092490118
GCCATGGTCATTTCCA-1_1_1_1,IR,Cytotoxic,T,-3.069638657,0.630583424
GCCATGGTCTTGAGCA-1_1_1_1,IR,Cytotoxic,T,-4.266141819,-0.347484108
GCCATTCGTCATAGTC-1_1_1_1,IR,NaiveT,T,2.199180199,5.984708388
GCCATTCGTGTTGACT-1_1_1_1,IR,gdT,T,8.126283718,-6.320875089
GCCCAGACATGGTACT-1_1_1_1,IR,T-Helper,T,1.070278121,1.668807347
GCCCAGAGTGGTACAG-1_1_1_1,IR,Cytotoxic,T,-4.211310791,-0.400348197
GCCCAGATCCTGCTAC-1_1_1_1,IR,gdT,T,8.214598251,-5.860819738
GCCCGAACAATCCAGT-1_1_1_1,IR,Cytotoxic,T,-0.145561831,-2.009866159
GCCGATGAGATGACCG-1_1_1_1,IR,gdT,T,10.18550928,-5.517604272
GCCGATGGTTCATCTT-1_1_1_1,IR,T-Helper,T,2.596296145,2.615279515
GCCGATGTCAATGTCG-1_1_1_1,IR,NKT,T,-4.129113125,-2.659225624
GCCGATGTCTACGCGG-1_1_1_1,IR,Other,Other,6.482079578,6.91455086
GCCGTGAAGTTCATGC-1_1_1_1,IR,Treg,T,2.967926575,0.441981692
GCCGTGACACATACGT-1_1_1_1,IR,NK,NK,-7.84531443,-5.998481672
GCGATCGAGGTAACTA-1_1_1_1,IR,NKT,T,-4.909623074,-3.320640485
GCGATCGGTATTCCTT-1_1_1_1,IR,NaiveT,T,-0.172868895,8.232655604
GCGATCGTCGCAAGAG-1_1_1_1,IR,T-Helper,T,1.416649176,2.039557297
GCGGAAAAGCGACATG-1_1_1_1,IR,T-DN,T,0.331701202,2.789904435
GCGGAAAAGGCTCTAT-1_1_1_1,IR,gdT,T,8.746726585,-5.193585794
GCGGAAAAGTCATGGG-1_1_1_1,IR,T-Helper,T,1.818429185,1.600519378
GCGGAAACAACACAGG-1_1_1_1,IR,NK,NK,-5.507586407,-4.947142999
GCGGAAAGTGGGTTGA-1_1_1_1,IR,Treg,T,3.912237717,0.069112201
GCGGATCAGGTTGACG-1_1_1_1,IR,Cytotoxic,T,-4.037381577,1.261117775
GCGGATCCAAAGGCTG-1_1_1_1,IR,Cytotoxic,T,-3.267480062,1.024814327
GCGGATCGTACATACC-1_1_1_1,IR,Other,Other,6.289291454,6.895723898
GCGTGCATCGGAACTT-1_1_1_1,IR,Other,Other,5.922276569,6.815087874
GCGTTTCAGCGGACAT-1_1_1_1,IR,NaiveT,T,-0.718857693,8.304691393
GCGTTTCGTACGTTCA-1_1_1_1,IR,T-Helper,T,0.093252314,0.171196897
GCTACAAGTCATAACC-1_1_1_1,IR,TCM,T,-0.344532894,1.852261145
GCTACAAGTTATGTCG-1_1_1_1,IR,gdT,T,9.317281319,-5.504772585
GCTACCTTCTTTGGAG-1_1_1_1,IR,NaiveT,T,0.705016566,8.523233492
GCTCAAAAGCTCAGAG-1_1_1_1,IR,NK,NK,-5.031582283,-4.963662546
GCTCAAATCCCAAGTA-1_1_1_1,IR,Other,Other,7.056675507,6.929107268
GCTGAATCAGAGTCAG-1_1_1_1,IR,Cytotoxic,T,-3.253778385,3.83536752
GCTGAATCAGTTAGGG-1_1_1_1,IR,gdT,T,10.09150083,-5.751226347
GCTGAATGTCACCCTT-1_1_1_1,IR,NaiveT,T,0.675377799,7.267430384
GCTGCAGAGAGGCGTT-1_1_1_1,IR,NK,NK,-8.823742317,-6.637233179
GCTGCAGAGCTTCATG-1_1_1_1,IR,NaiveT,T,-0.150416153,7.84998997
GCTGGGTTCCCAGGCA-1_1_1_1,IR,NK,NK,-7.629227566,-5.616798799
GCTGGGTTCTGAGGTT-1_1_1_1,IR,gdT,T,9.708482338,-4.536049764
GCTTCACCAATGAGCG-1_1_1_1,IR,Treg,T,3.893329216,0.25378095
GCTTCACCATCTATCT-1_1_1_1,IR,T-DN,T,1.170676662,2.573788006
GCTTCACCATTGTGCA-1_1_1_1,IR,gdT,T,9.052744461,-5.783621233
GCTTCACGTCAAGCCC-1_1_1_1,IR,Cytotoxic,T,0.04485221,-2.432532709
GCTTCACTCACTGATG-1_1_1_1,IR,NK,NK,-8.21101992,-5.729344289
GCTTGGGAGCTTTGTG-1_1_1_1,IR,T-Helper,T,1.255804015,0.374892641
GCTTGGGAGGTCCGAA-1_1_1_1,IR,Other,Other,6.946441723,6.961813052
GCTTGGGTCACGATAC-1_1_1_1,IR,Cytotoxic,T,0.594249053,-2.870504778
GCTTGGGTCAGAGTGG-1_1_1_1,IR,gdT,T,8.492422653,-4.894172113
GCTTGGGTCGCGTTTC-1_1_1_1,IR,Cytotoxic,T,-2.853336977,0.406996031
GCTTTCGAGGTGGCTA-1_1_1_1,IR,Cytotoxic,T,-3.084335016,0.29686581
GCTTTCGCACCAGACC-1_1_1_1,IR,NK,NK,-7.361266064,-6.898188512
GCTTTCGGTGAGACCA-1_1_1_1,IR,Other,Other,6.902625633,6.937867243
GCTTTCGTCAACACCA-1_1_1_1,IR,Cytotoxic,T,-5.219174789,0.372028459
GGAACCCAGATGGTAT-1_1_1_1,IR,NK,NK,-8.41279261,-6.407254617
GGAACCCCAGACGGAT-1_1_1_1,IR,Cytotoxic,T,-0.906461643,0.799266834
GGAACCCGTGTCGATT-1_1_1_1,IR,TCM,T,-1.776556658,4.022491057
GGAACCCTCATTACTC-1_1_1_1,IR,T-Helper,T,1.927835656,1.021858294
GGAACCCTCATTCTTG-1_1_1_1,IR,Treg,T,4.119616343,-0.145604249
GGAAGTGCAATTTCGG-1_1_1_1,IR,T-DN,T,1.337344838,3.085246403
GGAAGTGCACCTCTGT-1_1_1_1,IR,TCM,T,6.711932255,6.888716299
GGAAGTGCAGCTTCGG-1_1_1_1,IR,gdT,T,8.029280735,-6.036266248
GGAAGTGCATTCTCTA-1_1_1_1,IR,Other,Other,7.139988972,6.900025923
GGAAGTGGTGGCTAGA-1_1_1_1,IR,NKT,T,-4.557655262,-2.660217683
GGAATCTGTTGATCGT-1_1_1_1,IR,NaiveT,T,1.251876904,9.132100184
GGAATCTTCGACCACG-1_1_1_1,IR,Cytotoxic,T,-1.152799772,0.386256416
GGAATCTTCGTTCGCT-1_1_1_1,IR,gdT,T,9.491249634,-5.189086359
GGAATGGGTCTGTGCG-1_1_1_1,IR,Other,Other,5.286228252,6.75031193
GGACGTCAGGCGTTGA-1_1_1_1,IR,Cytotoxic,T,-4.554405617,1.268742282
GGACGTCAGGTTGAGC-1_1_1_1,IR,gdT,T,8.277107788,-6.508346002
GGACGTCCAGAGCTAG-1_1_1_1,IR,Cytotoxic,T,-3.06789081,0.515173871
GGAGAACTCCAGTGCG-1_1_1_1,IR,T-Helper,T,1.679023696,2.982183773
GGAGATGAGAATCTAG-1_1_1_1,IR,gdT,T,8.247097565,-5.571732919
GGAGATGAGCCTCTGG-1_1_1_1,IR,Cytotoxic,T,-3.269150423,1.1403987
GGAGATGCAGGACTAG-1_1_1_1,IR,T-Helper,T,2.306522919,1.967713196
GGAGATGGTGCAACAG-1_1_1_1,IR,Cytotoxic,T,-4.298164772,0.039892201
GGAGATGTCAAGCCGC-1_1_1_1,IR,NaiveT,T,2.45805843,7.854123194
GGAGCAAAGAGAGAAC-1_1_1_1,IR,gdT,T,9.350349976,-5.265389841
GGAGCAAGTTAAACAG-1_1_1_1,IR,Cytotoxic,T,-3.877344059,3.056354601
GGAGCAAGTTTACCAG-1_1_1_1,IR,NK,NK,-6.644224571,-6.858897607
GGAGCAATCCTAGCTC-1_1_1_1,IR,gdT,T,8.104084087,-5.364727419
GGAGGATGTTGCATTG-1_1_1_1,IR,NKT,T,-4.633816647,-3.494022052
GGAGGATTCGACCTAA-1_1_1_1,IR,Cytotoxic,T,-5.239728378,0.331471999
GGAGGTAGTTTCGTTT-1_1_1_1,IR,NaiveT,T,-0.247277694,8.242180903
GGATCTAGTTTCGGCG-1_1_1_1,IR,gdT,T,2.127095295,0.504984517
GGATCTATCAGCCTTC-1_1_1_1,IR,NKT,T,-1.268109011,-1.75098006
GGATGTTGTATGACAA-1_1_1_1,IR,T-Helper,T,0.29023171,-0.866913836
GGATGTTGTTACACTG-1_1_1_1,IR,Other,Other,6.809722973,6.938530524
GGCACGTAGGCCTAGA-1_1_1_1,IR,T-Helper,T,0.422819776,1.00188597
GGCACGTCAAGTTGGG-1_1_1_1,IR,T-Helper,T,-0.87059121,1.492144306
GGCACGTTCTCTAAGG-1_1_1_1,IR,NKT,T,-5.006928371,-2.347911041
GGCAGTCTCATGGCCG-1_1_1_1,IR,NKT,T,-5.566419529,-2.629983108
GGCTTGGGTATCTCTT-1_1_1_1,IR,NK,NK,-7.076976227,-7.028331678
GGCTTGGTCTCCAATT-1_1_1_1,IR,Cytotoxic,T,-2.914071249,1.287405569
GGCTTTCCAGGTCTCG-1_1_1_1,IR,T-Helper,T,1.489438368,2.336033423
GGGAAGTCAGTGCGCT-1_1_1_1,IR,T-Helper,T,1.698731257,2.695989449
GGGACAAAGACTGGGT-1_1_1_1,IR,Cytotoxic,T,-3.021034645,1.57584234
GGGACAAAGAGCACTG-1_1_1_1,IR,NaiveT,T,1.122403337,8.955622752
GGGACCTCAGACTCTA-1_1_1_1,IR,Cytotoxic,T,-3.694144176,1.630313475
GGGACCTGTATGGTAA-1_1_1_1,IR,gdT,T,9.632421089,-7.111765783
GGGACCTTCACCGGGT-1_1_1_1,IR,gdT,T,2.218483759,-0.15774611
GGGACCTTCCGGCAGT-1_1_1_1,IR,T-Helper,T,-0.05232084,1.575553615
GGGACCTTCGGCTGAC-1_1_1_1,IR,T-Helper,T,0.706691099,1.845442493
GGGAGATAGTAATCCC-1_1_1_1,IR,NK,NK,-7.873880791,-5.398312013
GGGAGTATCGAGAGAC-1_1_1_1,IR,Cytotoxic,T,-0.972004937,0.546061058
GGGATCCAGGGATCTG-1_1_1_1,IR,NaiveT,T,-0.471537398,7.597010691
GGGATCCCAAGAGGTC-1_1_1_1,IR,T-Helper,T,0.980155719,0.558887024
GGGATGAAGCGAGTCA-1_1_1_1,IR,NaiveT,T,1.20347066,8.849717219
GGGATGACATAGTCAC-1_1_1_1,IR,T-Helper,T,1.123546494,-0.014964398
GGGATGACATCAGCGC-1_1_1_1,IR,gdT,T,10.43141706,-5.722253721
GGGCGTTAGTGCACTT-1_1_1_1,IR,T-Helper,T,0.929127408,1.103759487
GGGCGTTAGTGCAGGT-1_1_1_1,IR,Cytotoxic,T,-2.682667898,0.680935461
GGGCTACCACTTCATT-1_1_1_1,IR,NK,NK,-6.342615055,-5.643649976
GGGTAGAAGCGTGTCC-1_1_1_1,IR,NKT,T,-5.78852074,-2.333071392
GGGTATTTCTCGGCTT-1_1_1_1,IR,T-DN,T,0.434100015,2.900513966
GGGTCACAGAATCCCT-1_1_1_1,IR,Cytotoxic,T,-2.929615664,0.354226251
GGGTCTGAGATGGTCG-1_1_1_1,IR,Cytotoxic,T,-2.780209469,0.47601052
GGGTGAAAGGTAGATT-1_1_1_1,IR,Cytotoxic,T,-2.176368164,0.866882462
GGGTGAATCCAGCTCT-1_1_1_1,IR,NaiveT,T,0.550578786,8.162632067
GGGTTATTCACCTACC-1_1_1_1,IR,Other,Other,5.752528263,6.827645857
GGGTTATTCACTTTGT-1_1_1_1,IR,NKT,T,-4.595793652,-2.038609307
GGGTTATTCGTGAGAG-1_1_1_1,IR,Cytotoxic,T,-2.9832484,1.820176442
GGGTTTAGTGGCTAGA-1_1_1_1,IR,NKT,T,-4.636701035,-1.177045148
GGGTTTATCCAATCCC-1_1_1_1,IR,T-DN,T,0.265893807,2.891276438
GGTAATCAGGAGACCT-1_1_1_1,IR,NKT,T,-4.550408291,-3.188405197
GGTCACGCAATGAACA-1_1_1_1,IR,NK,NK,-7.721182274,-5.783084791
GGTCTGGAGCAACAGC-1_1_1_1,IR,T-Helper,T,1.080098046,0.36053725
GGTCTGGGTCGCCTAG-1_1_1_1,IR,ILC,ILC,7.548819138,1.546611745
GGTGAAGAGCCTTTGA-1_1_1_1,IR,Cytotoxic,T,-5.488636898,0.271071989
GGTGAAGCAGTTACCA-1_1_1_1,IR,Cytotoxic,T,-3.263401913,3.251515229
GGTGAAGGTATGTGTC-1_1_1_1,IR,Other,Other,7.042895866,6.927433569
GGTGAAGTCAGCGCAC-1_1_1_1,IR,Other,Other,5.444169594,6.800495226
GGTGATTAGGAACGTC-1_1_1_1,IR,Cytotoxic,T,0.510939402,-2.999611538
GGTGATTAGTGATAAC-1_1_1_1,IR,gdT,T,9.413664413,-6.51823179
GGTGATTGTCTGGTTA-1_1_1_1,IR,Cytotoxic,T,-1.39889686,-0.201446179
GGTGTCGCAAATGAGT-1_1_1_1,IR,Other,Other,5.640595985,6.809955199
GGTGTCGGTATCGCAT-1_1_1_1,IR,NK,NK,-5.400900768,-4.163977068
GGTGTCGGTTACTCAG-1_1_1_1,IR,T-DN,T,-0.86267929,-1.247254055
GGTGTCGGTTGCGTAT-1_1_1_1,IR,T-Helper,T,0.770059658,1.695043046
GGTGTTAAGAACAGGA-1_1_1_1,IR,Cytotoxic,T,-2.70006554,0.419469614
GGTGTTAAGATTGATG-1_1_1_1,IR,Cytotoxic,T,-4.729330467,1.561862547
GGTGTTAAGGCTGTAG-1_1_1_1,IR,TCM,T,-2.129846977,5.297707636
GGTGTTAGTCGCTCGA-1_1_1_1,IR,NK,NK,-7.487432407,-5.616727274
GGTGTTAGTGTCTTGA-1_1_1_1,IR,NKT,T,-4.495916771,-1.47683553
GGTTAACAGCTTAAGA-1_1_1_1,IR,gdT,T,7.965004993,-4.299399297
GGTTAACAGGCGAACT-1_1_1_1,IR,ILC,ILC,7.419133259,2.114570935
GGTTAACCAACCAGAG-1_1_1_1,IR,Cytotoxic,T,-1.911717581,1.062948186
GGTTAACGTAAGTTGA-1_1_1_1,IR,Cytotoxic,T,-1.601220893,0.509067256
GGTTCTCCACCTGATA-1_1_1_1,IR,NaiveT,T,0.340645982,7.021274645
GGTTCTCGTCATCTAG-1_1_1_1,IR,T-Helper,T,0.798345698,1.653808076
GGTTCTCGTCGCATCG-1_1_1_1,IR,gdT,T,8.974628998,-6.109881799
GGTTCTCTCTTTGCTA-1_1_1_1,IR,Treg,T,3.833187891,0.538567383
GGTTGTAGTTCTCAGA-1_1_1_1,IR,TCM,T,-1.737443851,3.822346051
GGTTGTAGTTTCACTT-1_1_1_1,IR,T-Helper,T,0.293465717,0.875986893
GTAACACAGATGAACT-1_1_1_1,IR,NK,NK,-9.089299606,-7.678876798
GTAAGTCTCGCATGAT-1_1_1_1,IR,NaiveT,T,-1.938376831,5.667818148
GTAATCGGTAACATCC-1_1_1_1,IR,T-Helper,T,1.136922849,0.614558716
GTAATCGTCGGATAAA-1_1_1_1,IR,T-Helper,T,2.024512244,1.087922175
GTAATGCAGATAGCAT-1_1_1_1,IR,NKT,T,-4.459833073,-3.568181913
GTACAACAGTTCCAGT-1_1_1_1,IR,Cytotoxic,T,-4.058924126,2.81325372
GTACAACCAAGTTCCA-1_1_1_1,IR,Cytotoxic,T,-2.253366875,1.931455691
GTAGAAAGTAAGCGGT-1_1_1_1,IR,NK,NK,-8.789718079,-6.648097437
GTAGAAATCTAGACCA-1_1_1_1,IR,gdT,T,8.160923077,-3.772820156
GTAGAGGCACAAATGA-1_1_1_1,IR,Cytotoxic,T,-0.583631503,-0.57096694
GTAGAGGCATAGAATG-1_1_1_1,IR,Cytotoxic,T,0.357691584,-2.00702266
GTAGAGGTCATTACGG-1_1_1_1,IR,gdT,T,7.610377861,-4.585305612
GTAGATCCATCCGCGA-1_1_1_1,IR,Cytotoxic,T,-3.346589254,1.139674861
GTAGCTAAGCGACTTT-1_1_1_1,IR,T-Helper,T,0.138945673,1.265446265
GTAGCTAGTACGCGTC-1_1_1_1,IR,T-Helper,T,2.708576275,1.751992066
GTAGCTAGTGAGTAAT-1_1_1_1,IR,gdT,T,10.07936819,-5.535231989
GTAGGAGGTCCAGTTA-1_1_1_1,IR,T-Helper,T,1.213327123,0.908866961
GTAGGTTAGCTGGAGT-1_1_1_1,IR,NK,NK,-6.706042694,-5.962665956
GTAGGTTGTAACTAAG-1_1_1_1,IR,Cytotoxic,T,-3.41434996,1.182587225
GTAGGTTGTGTGCTTA-1_1_1_1,IR,Cytotoxic,T,-1.971879648,0.465501149
GTAGGTTTCAAGAAAC-1_1_1_1,IR,T-Helper,T,1.630315853,2.176527102
GTAGTACAGAGCAGTC-1_1_1_1,IR,Other,Other,5.646302296,6.8214732
GTAGTACCAGAGCCCT-1_1_1_1,IR,T-Helper,T,1.775236798,1.95914634
GTCAAACTCTATGCCC-1_1_1_1,IR,Treg,T,3.668718887,0.081806768
GTCAAGTAGACTACGG-1_1_1_1,IR,Cytotoxic,T,-1.941775249,2.211704571
GTCAAGTCATCGGTTA-1_1_1_1,IR,T-Helper,T,0.837831629,0.476723988
GTCACGGAGCCGATAG-1_1_1_1,IR,NaiveT,T,2.341025187,5.228192408
GTCACGGCACTAACCA-1_1_1_1,IR,gdT,T,9.34364183,-6.314886015
GTCACTCCACTCCTGT-1_1_1_1,IR,gdT,T,7.357387615,-5.85642473
GTCACTCGTCATGGCC-1_1_1_1,IR,T-Helper,T,1.56141801,0.878396232
GTCACTCTCGTAGTCA-1_1_1_1,IR,gdT,T,7.716761185,-6.088951032
GTCAGCGAGGTCACAG-1_1_1_1,IR,NK,NK,-5.94801371,-5.841697614
GTCATCCAGAACAAGG-1_1_1_1,IR,Cytotoxic,T,-2.751883196,0.783095021
GTCATCCCAAACTCTG-1_1_1_1,IR,NK,NK,-6.685516762,-5.156895559
GTCATCCGTCCCGCAA-1_1_1_1,IR,Other,Other,5.638255192,6.844183524
GTCATGACAGCTTCGG-1_1_1_1,IR,NK,NK,-7.046605991,-6.55766813
GTCATGATCATTACGG-1_1_1_1,IR,Cytotoxic,T,-2.59166448,1.546674211
GTCATTTAGGTAGCAC-1_1_1_1,IR,T-Helper,T,0.835576845,-3.161712091
GTCATTTAGTCATTGC-1_1_1_1,IR,gdT,T,10.29580743,-6.298192422
GTCCACTAGGCTTAAA-1_1_1_1,IR,NaiveT,T,-0.586336004,7.044341643
GTCCACTGTCACGTGC-1_1_1_1,IR,Other,Other,5.103211952,6.673405249
GTCCCATAGAACGTGC-1_1_1_1,IR,gdT,T,7.376268459,-5.01942436
GTCCCATGTTGACTAC-1_1_1_1,IR,Other,Other,7.044714046,6.924692233
GTCCTCACAATGGGTG-1_1_1_1,IR,Other,Other,6.366384579,6.918162901
GTCGTAACAGATAAAC-1_1_1_1,IR,Cytotoxic,T,-1.994828152,-0.029481623
GTCGTAACAGATCATC-1_1_1_1,IR,NK,NK,-5.04046719,-4.959343832
GTCGTAATCACTTGGA-1_1_1_1,IR,T-Helper,T,1.060967458,-0.28594556
GTCGTTCAGCGTACAG-1_1_1_1,IR,Cytotoxic,T,-3.198506283,1.984355528
GTCGTTCCATTGTGCA-1_1_1_1,IR,T-DN,T,0.493499471,1.699763377
GTCGTTCGTCAAGGCA-1_1_1_1,IR,gdT,T,8.428705765,-3.793958824
GTCGTTCTCAGAGTTC-1_1_1_1,IR,T-Helper,T,2.590332581,0.959337551
GTCTACCAGGAACTAT-1_1_1_1,IR,NK,NK,-0.765396523,-4.516728799
GTCTACCTCAAGCTGT-1_1_1_1,IR,ILC,ILC,8.136313511,1.35543998
GTCTAGAGTCATCGCG-1_1_1_1,IR,T-Helper,T,1.052424801,0.870888133
GTCTAGAGTCGTGATT-1_1_1_1,IR,Cytotoxic,T,-3.283243107,0.245524694
GTCTAGATCACCTACC-1_1_1_1,IR,T-Helper,T,0.725536717,0.293993254
GTCTCACCACTATCGA-1_1_1_1,IR,NK,NK,-5.971421169,-4.275617044
GTCTCACTCGCACGAC-1_1_1_1,IR,gdT,T,10.11943681,-5.222378175
GTCTGTCCACGGTCTG-1_1_1_1,IR,NK,NK,-8.657689499,-8.245378416
GTCTGTCGTGTGGACA-1_1_1_1,IR,Cytotoxic,T,-1.266125845,0.191942323
GTCTTTACACGTACAT-1_1_1_1,IR,Other,Other,7.12571199,6.889133055
GTGACGCAGACGATAT-1_1_1_1,IR,NK,NK,-6.604924606,-6.402623098
GTGACGCTCGCGCTGA-1_1_1_1,IR,Treg,T,3.322517706,-0.057140447
GTGACGCTCGTAGCTA-1_1_1_1,IR,NKT,T,-5.515567707,-1.181399028
GTGAGCCTCCGCTAGG-1_1_1_1,IR,Treg,T,3.535894705,-0.323782634
GTGAGGATCACATACG-1_1_1_1,IR,Cytotoxic,T,-4.569059299,0.06383415
GTGAGGATCTCTTGCG-1_1_1_1,IR,NK,NK,-5.878545212,-6.32297365
GTGAGTTCAATAGAGT-1_1_1_1,IR,T-Helper,T,1.178135468,0.735792596
GTGAGTTCATCCTGTC-1_1_1_1,IR,Other,Other,5.249390198,6.665939886
GTGAGTTTCAACACCA-1_1_1_1,IR,Cytotoxic,T,-2.70552914,0.979896862
GTGAGTTTCGTAGGGA-1_1_1_1,IR,Cytotoxic,T,-3.116097139,0.517688651
GTGATGTGTAGGGAGG-1_1_1_1,IR,gdT,T,7.090622021,-6.246379774
GTGATGTTCATCTACT-1_1_1_1,IR,Cytotoxic,T,-4.720928596,1.865945895
GTGATGTTCTGGGCGT-1_1_1_1,IR,Treg,T,2.064280821,0.607292492
GTGCACGAGGTAAGAG-1_1_1_1,IR,Cytotoxic,T,-2.450166391,0.466702957
GTGCACGAGTCCGTCG-1_1_1_1,IR,Cytotoxic,T,-4.359990524,1.57662328
GTGCACGGTCAGTCGC-1_1_1_1,IR,NK,NK,-7.900899338,-5.955021303
GTGCACGGTTGGGCCT-1_1_1_1,IR,gdT,T,9.611466003,-6.401348989
GTGCAGCAGAGAGTTT-1_1_1_1,IR,NK,NK,-7.183984684,-6.723167818
GTGCAGCCAACAAGAT-1_1_1_1,IR,NK,NK,-7.022295879,-4.865283411
GTGCAGCCACTTGACA-1_1_1_1,IR,Cytotoxic,T,-1.275899457,0.712502379
GTGCAGCGTAACCCGC-1_1_1_1,IR,NK,NK,-5.065115379,-7.225194376
GTGCGTGCACGCGGTT-1_1_1_1,IR,NaiveT,T,2.226800276,7.099943716
GTGCGTGGTACAATAG-1_1_1_1,IR,NK,NK,-8.361945557,-6.691987913
GTGCTGGCATACCATG-1_1_1_1,IR,Cytotoxic,T,-5.424335407,0.219029505
GTGCTTCAGCCTTTGA-1_1_1_1,IR,Cytotoxic,T,-4.578959393,1.808684904
GTGCTTCAGTCCTGTA-1_1_1_1,IR,T-DN,T,0.669158174,2.819270689
GTGCTTCCAAACCACT-1_1_1_1,IR,T-Helper,T,2.542244268,3.510443051
GTGCTTCGTATCGTTG-1_1_1_1,IR,T-Helper,T,0.759340597,2.328590948
GTGGAAGAGTCTCTGA-1_1_1_1,IR,NK,NK,-8.093564438,-6.945061128
GTGGAAGCAGCGGTCT-1_1_1_1,IR,gdT,T,7.34692104,-4.882244508
GTGGAGAGTTCACGAT-1_1_1_1,IR,Cytotoxic,T,-1.409276413,-0.037385165
GTGGGAAGTTACAGCT-1_1_1_1,IR,gdT,T,9.368693901,-5.970916193
GTGTAACAGGCCTTGC-1_1_1_1,IR,NK,NK,-8.905183243,-8.536784093
GTGTAACTCTCCCAAC-1_1_1_1,IR,NaiveT,T,1.067469252,7.870622713
GTGTCCTCACTTGACA-1_1_1_1,IR,T-Helper,T,0.625126673,1.332522352
GTGTCCTCATGGACAG-1_1_1_1,IR,NK,NK,-5.084271358,-5.391763132
GTGTCCTGTATCACCA-1_1_1_1,IR,T-Helper,T,1.937400175,2.185678322
GTGTCCTTCTGCGATA-1_1_1_1,IR,NK,NK,-9.089050697,-8.554114263
GTGTGATTCCTTGACC-1_1_1_1,IR,NKT,T,-2.91198151,-2.815482299
GTGTTAGAGCGCCTCA-1_1_1_1,IR,Cytotoxic,T,-0.28022741,-0.068011984
GTGTTAGGTTCGGTAT-1_1_1_1,IR,NKT,T,-0.953512596,-1.681445162
GTGTTAGTCGACGACC-1_1_1_1,IR,Cytotoxic,T,-3.448687481,1.537966926
GTGTTCCAGACTAGAT-1_1_1_1,IR,NK,NK,-6.309667515,-6.798059862
GTGTTCCAGAGGTTAT-1_1_1_1,IR,gdT,T,8.273574425,-6.865636747
GTGTTCCAGGTGCGAT-1_1_1_1,IR,T-Helper,T,1.487910939,2.784200032
GTGTTCCCAAAGGAGA-1_1_1_1,IR,Cytotoxic,T,-0.676929401,0.214058478
GTGTTCCCATATCTGG-1_1_1_1,IR,T-Helper,T,0.75242771,0.080380861
GTGTTCCTCAGACCGC-1_1_1_1,IR,Other,Other,6.176810337,6.877926428
GTTACAGCAGGTCAAG-1_1_1_1,IR,gdT,T,6.976728512,-6.175616186
GTTACAGTCTTTGCGC-1_1_1_1,IR,T-DN,T,0.250560766,2.739594777
GTTACCCAGGGTTAGC-1_1_1_1,IR,Treg,T,3.671715094,0.277819563
GTTACCCTCCACTAGA-1_1_1_1,IR,T-Helper,T,1.166522337,0.04558735
GTTACGATCTGTCTCG-1_1_1_1,IR,Other,Other,5.711949421,6.707886774
GTTAGACAGCCAGACA-1_1_1_1,IR,NaiveT,T,0.071198677,6.722858508
GTTAGACAGGGATCTG-1_1_1_1,IR,Treg,T,2.939780785,1.746934016
GTTAGACGTACACTCA-1_1_1_1,IR,T-Helper,T,1.087508691,0.595443506
GTTAGACTCCACATAG-1_1_1_1,IR,NK,NK,-8.585090088,-7.942737978
GTTAGTGAGATTGGGC-1_1_1_1,IR,NaiveT,T,-0.939979958,7.646009524
GTTAGTGAGGTCCGAA-1_1_1_1,IR,NaiveT,T,-0.206317978,8.591866572
GTTATGGAGGTACATA-1_1_1_1,IR,Cytotoxic,T,-2.214953588,0.324632246
GTTATGGGTTGAGTCT-1_1_1_1,IR,ILC,ILC,8.065871788,2.135016043
GTTCATTAGAGTACCG-1_1_1_1,IR,T-Helper,T,1.291679216,2.496079762
GTTCATTAGCTCGACC-1_1_1_1,IR,TCM,T,-0.580416309,1.210661251
GTTCATTCAGATGCGA-1_1_1_1,IR,T-Helper,T,0.343882574,-0.593205582
GTTCCGTCACTATCCC-1_1_1_1,IR,Other,Other,6.367028309,6.900626738
GTTCCGTCATGTCGTA-1_1_1_1,IR,Treg,T,3.779039694,1.875256379
GTTCGCTGTGAGAACC-1_1_1_1,IR,NaiveT,T,2.229219271,7.316010554
GTTCTATAGACTAGAT-1_1_1_1,IR,Cytotoxic,T,-3.426556992,-0.041032318
GTTCTATGTGACTATC-1_1_1_1,IR,NK,NK,-6.956977772,-6.666333597
GTTCTATTCAGCTGTA-1_1_1_1,IR,Cytotoxic,T,-0.931604074,1.547395904
GTTCTATTCGAGTACT-1_1_1_1,IR,NK,NK,-5.939363407,-6.451343458
GTTGAACCAACATACC-1_1_1_1,IR,T-DN,T,0.389523057,2.648825009
GTTGAACCATTCATCT-1_1_1_1,IR,Cytotoxic,T,-0.688568877,1.049064476
GTTGCGGGTATATGGA-1_1_1_1,IR,Cytotoxic,T,-0.696861969,-0.769593339
GTTGCGGTCAAGTCGT-1_1_1_1,IR,NK,NK,-8.086630272,-6.964938562
GTTGCTCAGCCTAACT-1_1_1_1,IR,gdT,T,10.02725465,-5.223917883
GTTGCTCAGTTGGGAC-1_1_1_1,IR,NK,NK,-8.01682608,-6.669462602
GTTGCTCCAAATGGTA-1_1_1_1,IR,Cytotoxic,T,-2.828769135,1.370690901
GTTGCTCGTCTGTGTA-1_1_1_1,IR,gdT,T,2.137811852,0.139426861
GTTGCTCTCTTTGCGC-1_1_1_1,IR,gdT,T,9.945673538,-4.649369638
GTTGTAGGTGCGTCGT-1_1_1_1,IR,NKT,T,-5.147494244,-1.381296795
GTTGTCCCAAGGTCTT-1_1_1_1,IR,Cytotoxic,T,0.618549002,-1.803796928
GTTGTCCCATATCTCT-1_1_1_1,IR,Cytotoxic,T,-2.038334059,0.003546913
GTTGTGAAGGACTAAT-1_1_1_1,IR,gdT,T,2.833664013,0.436112184
GTTGTGAAGTCTGCAT-1_1_1_1,IR,NK,NK,-6.607723164,-6.191435258
GTTGTGACACGGCTAC-1_1_1_1,IR,Cytotoxic,T,-3.408006119,1.039622624
GTTGTGAGTCGGTGAA-1_1_1_1,IR,Other,Other,4.944875313,6.624161799
GTTTACTTCGAGTTGT-1_1_1_1,IR,gdT,T,7.903748108,-5.50746433
GTTTGGAAGCAGCGAT-1_1_1_1,IR,NKT,T,-5.716647552,-2.05100445
GTTTGGACAAGGAGTC-1_1_1_1,IR,Cytotoxic,T,-4.844592022,1.249037583
GTTTGGAGTTAGCTAC-1_1_1_1,IR,NKT,T,-5.749204563,-2.505620639
GTTTGGAGTTGCGTAT-1_1_1_1,IR,T-Helper,T,1.866721464,0.557723422
GTTTGGATCAAAGCCT-1_1_1_1,IR,NaiveT,T,0.986339999,6.608193953
TAACCAGAGAAGGCTC-1_1_1_1,IR,Other,Other,5.060896469,6.703191359
TAACCAGGTACCGTGC-1_1_1_1,IR,gdT,T,8.907786919,-6.717663686
TAACGACCACTATCGA-1_1_1_1,IR,Cytotoxic,T,-1.173075603,1.411001999
TAACGACTCCGAGTGC-1_1_1_1,IR,NK,NK,-6.429508137,-5.846788805
TAACTTCTCATTGGTG-1_1_1_1,IR,gdT,T,8.924118591,-6.040688436
TAAGCACGTAGCTAAA-1_1_1_1,IR,NK,NK,-7.856620239,-6.02524225
TAAGCACGTTTCACTT-1_1_1_1,IR,T-Helper,T,1.022595836,0.939543683
TAAGCGTCAGCAGACA-1_1_1_1,IR,T-Helper,T,1.369607283,0.662677843
TAAGCGTGTGTTGATC-1_1_1_1,IR,Cytotoxic,T,-3.922857689,1.668552239
TAAGTCGGTATCATGC-1_1_1_1,IR,NaiveT,T,-1.081526565,6.418594439
TAATCTCGTACGACAG-1_1_1_1,IR,NaiveT,T,0.263974925,6.786583502
TAATTCCAGGCATGGT-1_1_1_1,IR,Cytotoxic,T,-3.520847248,1.396050293
TAATTCCAGTGCGCTC-1_1_1_1,IR,gdT,T,9.240849091,-4.613547723
TACAACGCAATGCAGG-1_1_1_1,IR,T-Helper,T,0.965128196,2.391403515
TACAACGCAGCGACAA-1_1_1_1,IR,TCM,T,-0.496025132,1.072337706
TACACCCAGGTTACCT-1_1_1_1,IR,NaiveT,T,1.285561515,6.779206355
TACACCCTCCTTACCG-1_1_1_1,IR,NK,NK,-2.858004498,-2.959699552
TACAGGTAGTTTGAGA-1_1_1_1,IR,Cytotoxic,T,-2.396795916,1.875526149
TACAGGTCAGAATCGG-1_1_1_1,IR,NKT,T,-4.264851974,-4.034663837
TACAGGTGTACGAAAT-1_1_1_1,IR,NaiveT,T,1.696740581,6.571099837
TACAGGTTCAACCGAT-1_1_1_1,IR,NK,NK,-5.890714096,-5.83256666
TACATTCTCTAAACGC-1_1_1_1,IR,Cytotoxic,T,-3.426322149,2.061137755
TACCCACCAACGTAAA-1_1_1_1,IR,ILC,ILC,8.181951118,1.007656176
TACCCGTAGGCTAACG-1_1_1_1,IR,gdT,T,7.896061016,-4.066205185
TACCCGTGTGCCCTTT-1_1_1_1,IR,Cytotoxic,T,-5.412330078,0.224169065
TACCCGTTCATCTCTA-1_1_1_1,IR,Treg,T,3.176349951,0.551507015
TACCGAACAGTCGCTG-1_1_1_1,IR,NaiveT,T,0.058177939,7.845979292
TACCGAAGTGGCACTC-1_1_1_1,IR,NK,NK,-6.549021648,-5.679577749
TACCGGGTCTTGGCTC-1_1_1_1,IR,TCM,T,-1.218439983,4.362041552
TACCTCGCAGTGAGCA-1_1_1_1,IR,NaiveT,T,-0.126244621,7.735464651
TACCTCGTCGTCCTTG-1_1_1_1,IR,NaiveT,T,1.87333007,7.627369006
TACCTGCCAGTTCTAG-1_1_1_1,IR,Cytotoxic,T,-1.454544233,6.166922648
TACCTGCTCATGCAGT-1_1_1_1,IR,T-Helper,T,2.475719048,2.136337359
TACGCTCAGCTCACTA-1_1_1_1,IR,NaiveT,T,1.746321035,6.744769175
TACGCTCAGCTCGCAC-1_1_1_1,IR,gdT,T,9.592118813,-6.137476843
TACGGTAAGCATGGGT-1_1_1_1,IR,Cytotoxic,T,-1.609906959,0.259219963
TACGGTACAATCCAGT-1_1_1_1,IR,NK,NK,-8.61611216,-6.108147543
TACGGTACAGACTGCC-1_1_1_1,IR,gdT,T,8.344461037,-6.016512792
TACGGTAGTGCTCTTC-1_1_1_1,IR,Cytotoxic,T,-3.541525053,0.288894583
TACGGTAGTGGTTCTA-1_1_1_1,IR,NKT,T,-4.429490494,-1.767572324
TACGGTATCGTTGCCT-1_1_1_1,IR,T-Helper,T,-0.898571657,-0.416765105
TACGTCCTCACTCCGT-1_1_1_1,IR,NKT,T,-5.16358416,-3.740765016
TACGTCCTCCATCGTC-1_1_1_1,IR,T-Helper,T,2.382885052,2.802598555
TACTGCCAGATGGTCG-1_1_1_1,IR,NK,NK,-8.219186234,-7.255714815
TACTGCCAGCAGTCTT-1_1_1_1,IR,T-Helper,T,0.20052672,-1.03613339
TACTGCCCACCACATA-1_1_1_1,IR,NK,NK,-6.994010853,-5.532606046
TACTGCCGTTGGCCTG-1_1_1_1,IR,Cytotoxic,T,-3.233009504,3.650946696
TACTTACCAATGTTGC-1_1_1_1,IR,Cytotoxic,T,-0.093355285,1.211415012
TACTTACGTCAACACT-1_1_1_1,IR,Treg,T,2.922005011,1.908740361
TACTTCAAGAGCAGAA-1_1_1_1,IR,NK,NK,-5.764285969,-6.772882383
TACTTCATCGCTTGAA-1_1_1_1,IR,T-DN,T,1.245873166,2.984925587
TACTTCATCGTAGTCA-1_1_1_1,IR,T-Helper,T,0.834954632,-0.417250644
TACTTGTCAGCCGGTT-1_1_1_1,IR,T-Helper,T,0.859148158,0.436078567
TACTTGTCATGTGCCG-1_1_1_1,IR,Cytotoxic,T,-3.506154465,0.476460893
TACTTGTGTCCAGTTA-1_1_1_1,IR,ILC,ILC,8.205009056,0.868366141
TACTTGTTCGCACGAC-1_1_1_1,IR,T-DN,T,0.635520262,2.976956684
TAGACCAAGAGTGACC-1_1_1_1,IR,T-Helper,T,2.856928183,-0.094070065
TAGACCACAATGAGCG-1_1_1_1,IR,gdT,T,9.102372719,-5.196954649
TAGACCATCTCCTACG-1_1_1_1,IR,Cytotoxic,T,-2.139818834,1.275863726
TAGACTGAGTCCCGAC-1_1_1_1,IR,Other,Other,5.842152191,6.835245688
TAGAGTCGTGCGAACA-1_1_1_1,IR,T-Helper,T,1.379729343,0.075975631
TAGATCGGTTTCGGCG-1_1_1_1,IR,gdT,T,8.501392914,-6.544650476
TAGGTACAGCGATGGT-1_1_1_1,IR,NKT,T,-4.494495796,-1.947507899
TAGGTACGTCACATTG-1_1_1_1,IR,NKT,T,-4.875761436,-1.487522881
TAGGTACGTGTCGCTG-1_1_1_1,IR,NK,NK,-5.421132492,-6.424065511
TAGGTACTCCCAACTC-1_1_1_1,IR,Cytotoxic,T,-3.263215469,2.1074179
TAGGTACTCGAGGCAA-1_1_1_1,IR,NK,NK,-1.158654856,-4.973554533
TAGTGCAAGCTCCACG-1_1_1_1,IR,NaiveT,T,0.068367151,6.583253462
TAGTGCACACCAGCTG-1_1_1_1,IR,NKT,T,-5.515805172,-1.215009849
TATACCTAGACCGTTT-1_1_1_1,IR,T-Helper,T,1.650090052,2.954150278
TATACCTAGATGAACT-1_1_1_1,IR,NaiveT,T,-0.286754953,6.287853796
TATACCTCACCGTGAC-1_1_1_1,IR,TCM,T,-1.076966809,5.146393855
TATACCTCAGGTCCGT-1_1_1_1,IR,NKT,T,-4.634189056,-3.402508419
TATATCCCAGATCATC-1_1_1_1,IR,NK,NK,-6.701551842,-6.827830713
TATATCCCATGCACTA-1_1_1_1,IR,Treg,T,4.06297834,-0.03432874
TATATCCTCTTTCCAA-1_1_1_1,IR,T-Helper,T,1.877217484,2.164177496
TATCAGGAGTGTAGAT-1_1_1_1,IR,Treg,T,3.487554384,1.447255571
TATCAGGCAGCGTATT-1_1_1_1,IR,NKT,T,-3.550237822,-2.381357114
TATCAGGTCAAGTGGG-1_1_1_1,IR,T-Helper,T,1.570835305,2.097868044
TATCAGGTCCGATAAC-1_1_1_1,IR,NaiveT,T,2.569614721,7.713517744
TATCCTATCCCTTGGT-1_1_1_1,IR,NKT,T,-3.732280659,-2.240666311
TATCGCCAGGCTTCCG-1_1_1_1,IR,NaiveT,T,-1.936287092,6.306288321
TATCGCCCAGGACAGT-1_1_1_1,IR,NKT,T,-4.991596626,-3.102660339
TATCGCCGTGTCTTAG-1_1_1_1,IR,T-Helper,T,0.824439777,1.87561341
TATCGCCTCACCGGTG-1_1_1_1,IR,NK,NK,-8.626393723,-6.785470407
TATCTGTAGCCGATTT-1_1_1_1,IR,TCM,T,-1.68932383,4.654661257
TATCTGTAGTAGGGTC-1_1_1_1,IR,NaiveT,T,1.366598083,7.198483069
TATCTGTCATTGCTTT-1_1_1_1,IR,NaiveT,T,-0.636498677,5.775662978
TATCTTGAGATAGCTA-1_1_1_1,IR,gdT,T,9.414275719,-4.45849077
TATCTTGAGGAGAGGC-1_1_1_1,IR,Cytotoxic,T,-3.605098175,2.35986336
TATCTTGAGTGGATAT-1_1_1_1,IR,Cytotoxic,T,-1.627265381,-0.162285801
TATGTTCCATTCCTAT-1_1_1_1,IR,NK,NK,-8.289671349,-5.851264875
TATGTTCTCTCGCGTT-1_1_1_1,IR,NaiveT,T,1.023142649,8.17116936
TATTGCTCACGGATCC-1_1_1_1,IR,gdT,T,9.745605064,-5.61585943
TATTGCTTCGACGCGT-1_1_1_1,IR,Cytotoxic,T,0.507124198,-2.12457506
TATTGGGAGCCAGAGT-1_1_1_1,IR,NK,NK,-6.72395079,-5.111006181
TATTGGGTCGCGTTTC-1_1_1_1,IR,NK,NK,-4.799542355,-4.137942712
TATTGGGTCGTGCACG-1_1_1_1,IR,Cytotoxic,T,-2.397995638,0.472638924
TATTTCGAGTACAGCG-1_1_1_1,IR,gdT,T,9.423577858,-4.654642503
TATTTCGAGTGTAGAT-1_1_1_1,IR,Other,Other,6.139902187,6.876303275
TCAAGACCAGACACAG-1_1_1_1,IR,NaiveT,T,-0.572575139,6.024135191
TCAAGACCATGACTGT-1_1_1_1,IR,gdT,T,9.053018166,-4.95503084
TCAAGCAAGCATAGGC-1_1_1_1,IR,gdT,T,8.606193138,-5.412169855
TCAAGCACAGTATTCG-1_1_1_1,IR,T-Helper,T,0.964141918,1.795476754
TCAAGCAGTAGGTAGC-1_1_1_1,IR,Cytotoxic,T,-3.476950335,1.588650067
TCAAGCATCGCAACAT-1_1_1_1,IR,T-Helper,T,0.633902741,1.954087336
TCAAGTGCAATTAGGA-1_1_1_1,IR,NK,NK,-9.25366156,-7.340262334
TCAAGTGGTGTGTGGA-1_1_1_1,IR,gdT,T,9.812632156,-4.542649667
TCAAGTGTCAAGAGTA-1_1_1_1,IR,NK,NK,-5.901516842,-6.705878179
TCAATCTAGCAGCCTC-1_1_1_1,IR,Other,Other,6.253492905,6.8907605
TCAATCTTCAGAACCT-1_1_1_1,IR,T-Helper,T,1.676343514,1.258584459
TCAATCTTCCGAAGGA-1_1_1_1,IR,Treg,T,2.930952145,-1.459329527
TCAATTCAGCCTGTCG-1_1_1_1,IR,NK,NK,-6.431820797,-7.417492311
TCAATTCCATTCACAG-1_1_1_1,IR,Other,Other,5.097215725,6.676278193
TCAATTCTCAAGAAAC-1_1_1_1,IR,NaiveT,T,-0.023956733,7.03379782
TCACAAGTCCATCTCG-1_1_1_1,IR,T-Helper,T,1.444869472,2.415964444
TCACAAGTCGAACGCC-1_1_1_1,IR,T-Helper,T,2.115920139,3.163349945
TCACAAGTCGGCCAAC-1_1_1_1,IR,NaiveT,T,0.487194104,6.981828291
TCACACCAGAACTCCT-1_1_1_1,IR,NaiveT,T,0.833948566,6.908907969
TCACACCCATTAGGCT-1_1_1_1,IR,Cytotoxic,T,-2.748767542,1.867836912
TCACATTTCATGTCAG-1_1_1_1,IR,T-Helper,T,-0.133628713,2.706789095
TCACGCTCAATCCTAG-1_1_1_1,IR,NaiveT,T,2.337606741,7.743536074
TCACGCTGTGGCTGCT-1_1_1_1,IR,T-Helper,T,1.235726787,0.671584506
TCACGGGGTCTCTCCA-1_1_1_1,IR,gdT,T,8.581775261,-6.178063791
TCACGGGGTGTAGGAC-1_1_1_1,IR,Cytotoxic,T,-3.688442158,0.418622513
TCACGGGTCGACCATA-1_1_1_1,IR,NaiveT,T,1.256108118,6.97535332
TCACGGGTCTCATAGG-1_1_1_1,IR,Cytotoxic,T,-1.473907875,-0.302343126
TCACGGGTCTGGGCCA-1_1_1_1,IR,NK,NK,-6.280897068,-5.216967981
TCACTATCAATAGGAT-1_1_1_1,IR,Cytotoxic,T,-3.514586376,2.124010165
TCACTATCAGTCTCTC-1_1_1_1,IR,NKT,T,-5.277524876,-2.359485786
TCACTCGAGCCTGAAG-1_1_1_1,IR,T-Helper,T,-0.351576554,-1.247367542
TCACTCGCAGCCTACG-1_1_1_1,IR,NKT,T,-5.137061047,-3.322386425
TCAGCAAAGACATAGT-1_1_1_1,IR,Cytotoxic,T,-1.865311789,0.006514613
TCAGCAAAGGGTTAGC-1_1_1_1,IR,Cytotoxic,T,-3.640643763,0.088773553
TCAGCAAAGTAAGAGG-1_1_1_1,IR,gdT,T,8.016715599,-6.452797334
TCAGCAACACCGGAAA-1_1_1_1,IR,Cytotoxic,T,-2.79039781,1.050218065
TCAGCCTAGCGCCTCA-1_1_1_1,IR,gdT,T,9.506832672,-4.798424642
TCAGCCTCATACCATG-1_1_1_1,IR,T-Helper,T,2.39093907,2.88359173
TCAGCCTGTACCTATG-1_1_1_1,IR,Other,Other,5.087509228,6.580780585
TCAGGGCAGTCTTCGA-1_1_1_1,IR,Other,Other,5.111017777,6.770413
TCAGGGCGTCAACGCC-1_1_1_1,IR,T-Helper,T,1.51401384,0.305889983
TCAGGGCGTGCTGCAC-1_1_1_1,IR,T-DN,T,0.351278467,1.939351637
TCAGGGCTCCAACCAA-1_1_1_1,IR,Cytotoxic,T,-2.874187159,1.355976303
TCAGGGCTCTGCTTTA-1_1_1_1,IR,T-Helper,T,1.652787639,1.536003668
TCAGGTATCTTAGCTT-1_1_1_1,IR,NKT,T,-4.334936546,-2.261866729
TCAGTCCCAGTTAGGG-1_1_1_1,IR,T-DN,T,0.098720295,2.630008061
TCAGTGAAGTTATGGA-1_1_1_1,IR,T-Helper,T,1.633623315,0.507430394
TCAGTTTAGCCTCAGC-1_1_1_1,IR,NaiveT,T,0.761376513,7.023197253
TCAGTTTCAACACAAA-1_1_1_1,IR,Cytotoxic,T,-1.586789893,1.980940659
TCAGTTTGTTTGGAGG-1_1_1_1,IR,Cytotoxic,T,-0.144846277,-0.187284831
TCATACTAGGATTTCC-1_1_1_1,IR,NaiveT,T,-0.138091313,6.442686636
TCATACTGTCCCGGTA-1_1_1_1,IR,Other,Other,5.787503792,6.817353327
TCATACTTCTATCACT-1_1_1_1,IR,NKT,T,-5.34059708,-2.620028179
TCATCATAGTAGTCAA-1_1_1_1,IR,Cytotoxic,T,-3.34592812,1.195594985
TCATCATCAATGAGCG-1_1_1_1,IR,NaiveT,T,1.743954373,8.247265894
TCATCCGAGTCTTGGT-1_1_1_1,IR,gdT,T,9.826498581,-5.406806867
TCATCCGTCACATACG-1_1_1_1,IR,NaiveT,T,2.829739405,7.376521666
TCATCCGTCTTGTGCC-1_1_1_1,IR,Cytotoxic,T,-2.636078762,0.281973828
TCATGAGAGAATTTGG-1_1_1_1,IR,Treg,T,3.402423931,-0.458739202
TCATGAGGTGCGGTAA-1_1_1_1,IR,gdT,T,9.759170128,-5.788261335
TCATGAGTCAACTGGT-1_1_1_1,IR,Cytotoxic,T,-2.923311638,1.059263904
TCATGCCCATGTTTGG-1_1_1_1,IR,T-Helper,T,3.144750668,2.107719023
TCATGCCGTGGCATCC-1_1_1_1,IR,Cytotoxic,T,-3.134476112,1.928424199
TCATGGACACACTGGC-1_1_1_1,IR,gdT,T,10.37026365,-5.226653497
TCATGGACAGAAGCGT-1_1_1_1,IR,Treg,T,3.065869165,-1.05268399
TCATGGAGTAGAGTTA-1_1_1_1,IR,Cytotoxic,T,-0.875422405,-0.750951629
TCATGGATCTCTGCTG-1_1_1_1,IR,Cytotoxic,T,-2.902788567,1.153509576
TCATGTTAGACCCTTA-1_1_1_1,IR,NK,NK,-8.03381102,-6.67759649
TCATTACAGTAGAGTT-1_1_1_1,IR,NK,NK,-5.90026276,-6.466644209
TCATTACCAAGTCCAT-1_1_1_1,IR,T-Helper,T,2.011363817,1.214763839
TCATTACTCTTTGATC-1_1_1_1,IR,T-Helper,T,1.78918047,1.862770874
TCATTCAAGAAGCGGG-1_1_1_1,IR,NKT,T,-5.083187984,-3.041303794
TCATTCAAGCAAGCCA-1_1_1_1,IR,NK,NK,-8.745376991,-7.989672582
TCATTCACAGACCAGA-1_1_1_1,IR,T-Helper,T,1.281608535,-0.049246315
TCATTGTAGGAGGCAG-1_1_1_1,IR,NK,NK,-5.839650558,-5.697739046
TCATTGTCAAGATTGA-1_1_1_1,IR,Cytotoxic,T,-3.608494686,0.438586671
TCATTGTGTAGATCCT-1_1_1_1,IR,gdT,T,2.149822784,-0.016558688
TCATTGTGTCGGTGTC-1_1_1_1,IR,NK,NK,-5.248064445,-4.988182943
TCATTTGGTGTGTGGA-1_1_1_1,IR,Cytotoxic,T,-2.460317539,1.299771984
TCCACCAAGGTTGGAC-1_1_1_1,IR,T-Helper,T,2.752657963,3.671198208
TCCACCAAGTGCGCTC-1_1_1_1,IR,T-DN,T,0.327345637,3.004386027
TCCACCAGTGGTTTAC-1_1_1_1,IR,Cytotoxic,T,-2.871400284,1.341727574
TCCACCATCATTTACC-1_1_1_1,IR,Other,Other,4.990217281,6.643246729
TCCACGTCAATAGTCC-1_1_1_1,IR,NaiveT,T,2.573747469,7.804358561
TCCACGTCACCTCGTT-1_1_1_1,IR,NKT,T,-3.938907074,-2.986721437
TCCACGTTCGGAGTAG-1_1_1_1,IR,NaiveT,T,-0.514512407,7.904791911
TCCACGTTCGTAATGC-1_1_1_1,IR,Other,Other,5.258902622,6.686560709
TCCAGAACAATAGTGA-1_1_1_1,IR,gdT,T,7.08884914,-6.233957212
TCCAGAAGTCTGTTAG-1_1_1_1,IR,Cytotoxic,T,-4.728607105,0.465789993
TCCAGAAGTGCATTTG-1_1_1_1,IR,NK,NK,-7.705999302,-5.793751161
TCCATCGGTCATATGC-1_1_1_1,IR,Cytotoxic,T,-5.405418323,0.320599724
TCCATCGTCCACGAAT-1_1_1_1,IR,Cytotoxic,T,-3.218252825,1.417947013
TCCATCGTCGAGAATA-1_1_1_1,IR,NaiveT,T,1.347158147,6.841322977
TCCATGCAGCAAATCA-1_1_1_1,IR,Other,Other,2.333965851,5.747258265
TCCATGCCACTTCTCG-1_1_1_1,IR,NK,NK,-7.531993793,-5.867413442
TCCATGCTCATCACCC-1_1_1_1,IR,NK,NK,-7.744452404,-5.627357404
TCCCACAAGGTAGACC-1_1_1_1,IR,Other,Other,7.129417969,6.896785815
TCCCACACAAGCTACT-1_1_1_1,IR,T-DN,T,1.081430865,2.518452246
TCCCAGTAGAACCGCA-1_1_1_1,IR,Cytotoxic,T,-3.123140263,3.636433203
TCCCAGTAGTGAACAT-1_1_1_1,IR,Cytotoxic,T,-0.761869418,0.227678407
TCCCAGTCAATCTCGA-1_1_1_1,IR,T-DN,T,-1.085111426,2.184951146
TCCCAGTGTAGCTTAC-1_1_1_1,IR,NaiveT,T,0.142192846,7.519136507
TCCCATGAGCCGAACA-1_1_1_1,IR,NK,NK,-6.31637709,-5.414840143
TCCCATGCACGGGTAA-1_1_1_1,IR,gdT,T,2.412776066,-3.221426647
TCCCATGTCATCGGGC-1_1_1_1,IR,NKT,T,-3.590938496,-3.52635948
TCCGAAATCTCTCCGA-1_1_1_1,IR,gdT,T,9.3699394,-5.686672132
TCCGATCCACTGGCCA-1_1_1_1,IR,NaiveT,T,-0.358254599,6.931806166
TCCGGGAAGCTGTTAC-1_1_1_1,IR,NK,NK,-4.551052498,-4.491511266
TCCGGGACACCTCGTT-1_1_1_1,IR,NKT,T,-4.734420227,-2.657082718
TCCGGGATCATTACGG-1_1_1_1,IR,gdT,T,9.083372665,-5.135113638
TCCGGGATCGTGGGAA-1_1_1_1,IR,NaiveT,T,-1.759763049,6.12275799
TCCGGGATCTCTCGCA-1_1_1_1,IR,NK,NK,-5.982937263,-5.681592863
TCCTAATCACATGGTT-1_1_1_1,IR,Other,Other,7.147660805,6.897459586
TCCTAATCACCCTTAC-1_1_1_1,IR,Other,Other,5.118461205,6.634820063
TCCTCCCAGCAATAAC-1_1_1_1,IR,NaiveT,T,-0.054091098,6.07460459
TCCTCCCAGGAATCGC-1_1_1_1,IR,T-Helper,T,1.405330134,2.417209942
TCCTCCCAGGCAGCTA-1_1_1_1,IR,T-DN,T,0.680855943,2.864397128
TCCTCCCCAGAACTCT-1_1_1_1,IR,Treg,T,4.080541206,0.402243931
TCCTCCCGTACCATAC-1_1_1_1,IR,Treg,T,3.884065462,0.315599461
TCCTCCCTCAGAGTTC-1_1_1_1,IR,NKT,T,-5.739696907,-4.462160986
TCCTCGAAGCGAAACC-1_1_1_1,IR,NaiveT,T,0.71345122,9.18529423
TCCTCGAGTTACACAC-1_1_1_1,IR,NK,NK,-6.673209118,-6.350443285
TCCTCGAGTTATTCCT-1_1_1_1,IR,T-Helper,T,0.103726854,-1.031828802
TCCTCTTAGGCTAAAT-1_1_1_1,IR,Cytotoxic,T,-3.041644024,2.393476803
TCCTGCAAGTCTAACC-1_1_1_1,IR,T-Helper,T,0.048361396,0.322601367
TCCTTCTAGCCTGAAG-1_1_1_1,IR,T-Helper,T,0.738166107,-0.569848846
TCCTTCTAGCGGGTTA-1_1_1_1,IR,Other,Other,5.05710323,6.692160685
TCCTTCTAGTGTACCT-1_1_1_1,IR,NK,NK,-5.175064014,-4.965238493
TCCTTTCCAAGGGTCA-1_1_1_1,IR,NaiveT,T,2.142843319,8.007451136
TCCTTTCTCTCAATCT-1_1_1_1,IR,Other,Other,5.126305176,6.631969054
TCGAACAAGTTGTAGA-1_1_1_1,IR,NK,NK,-7.127913403,-6.994640272
TCGAACACAAGAGTAT-1_1_1_1,IR,NKT,T,-3.537725138,-2.466640871
TCGAACAGTCTTTATC-1_1_1_1,IR,NaiveT,T,2.792512966,7.77896126
TCGAACAGTTGTGTTG-1_1_1_1,IR,Cytotoxic,T,-0.17434399,0.918681939
TCGAACATCCAAAGGG-1_1_1_1,IR,Cytotoxic,T,-2.852076935,0.579014976
TCGAAGTAGTCAACAA-1_1_1_1,IR,NaiveT,T,0.276404841,7.524517138
TCGAAGTTCTCACTCG-1_1_1_1,IR,Other,Other,6.260724617,6.894933302
TCGACCTGTATCACGT-1_1_1_1,IR,NaiveT,T,1.966417743,7.701625426
TCGACCTGTGGTATGG-1_1_1_1,IR,Cytotoxic,T,-3.638492989,0.01391216
TCGACGGCACCATTCC-1_1_1_1,IR,Cytotoxic,T,-2.261412786,1.351352055
TCGATTTCAGCGGTTC-1_1_1_1,IR,Cytotoxic,T,-2.862591433,1.646323283
TCGATTTGTTATTCCT-1_1_1_1,IR,Cytotoxic,T,-3.652296232,1.86833771
TCGATTTTCCGTACGG-1_1_1_1,IR,ILC,ILC,8.57835157,1.910197098
TCGCACTAGTACAACA-1_1_1_1,IR,Cytotoxic,T,-3.763611721,2.72448786
TCGCACTCAAAGAGTT-1_1_1_1,IR,T-DN,T,-0.282028096,2.58888324
TCGCACTTCCCTCTCC-1_1_1_1,IR,Other,Other,6.355571342,6.910418589
TCGCACTTCGGAGTGA-1_1_1_1,IR,NaiveT,T,1.670406891,7.11963423
TCGCAGGAGGTACCTT-1_1_1_1,IR,Other,Other,7.08717115,6.901277621
TCGCAGGGTCAGATTC-1_1_1_1,IR,T-Helper,T,0.995339705,-2.355505388
TCGCAGGGTCTATGAC-1_1_1_1,IR,T-Helper,T,0.585887326,1.603284914
TCGCAGGTCCATGCAA-1_1_1_1,IR,NKT,T,-4.297454761,-1.046810966
TCGCTCATCTGTCCCA-1_1_1_1,IR,gdT,T,7.960424973,-6.080709379
TCGCTTGCAAGTGGCA-1_1_1_1,IR,NaiveT,T,0.326302899,8.495877345
TCGCTTGCAGTCAGTT-1_1_1_1,IR,Cytotoxic,T,-1.466670083,0.30390938
TCGCTTGTCAAGTCGT-1_1_1_1,IR,Cytotoxic,T,-0.897187876,0.141286616
TCGGATAAGATAGCTA-1_1_1_1,IR,TCM,T,-2.028860497,4.495577891
TCGGATAAGGTCCGAA-1_1_1_1,IR,T-Helper,T,0.965510262,-0.369064819
TCGGGACAGATGCTAA-1_1_1_1,IR,Treg,T,3.426135136,6.407566149
TCGGGACAGCCATCCG-1_1_1_1,IR,TCM,T,-0.979982065,1.641390879
TCGGGACTCCTTACCG-1_1_1_1,IR,NK,NK,-5.148841309,-4.972769182
TCGGGTGAGTCGCGAA-1_1_1_1,IR,Cytotoxic,T,0.712301446,-1.945398133
TCGGGTGGTGGACCAA-1_1_1_1,IR,gdT,T,10.17790849,-5.81624357
TCGGTCTAGATCCCAT-1_1_1_1,IR,NKT,T,-5.42261784,-3.595065754
TCGGTCTTCCCGTTCA-1_1_1_1,IR,NK,NK,-7.313063549,-4.76247875
TCGTAGAAGGAAGTCC-1_1_1_1,IR,NK,NK,-5.744907783,-6.810913484
TCGTAGACACATTGTG-1_1_1_1,IR,NaiveT,T,0.201156767,8.587168772
TCGTAGAGTGCGAGTA-1_1_1_1,IR,NK,NK,-8.68015139,-8.363675993
TCGTCCACATTGCTGA-1_1_1_1,IR,NK,NK,-5.452096867,-6.818269174
TCGTGCTCAAGACTGG-1_1_1_1,IR,NKT,T,-0.90525298,-1.668083828
TCGTGGGGTCGCTTAA-1_1_1_1,IR,NK,NK,-7.369368958,-6.692961137
TCGTGGGTCTGCCCTA-1_1_1_1,IR,NaiveT,T,0.928098036,7.770386298
TCTAACTAGCTTCGTA-1_1_1_1,IR,Cytotoxic,T,-4.626718925,1.351871092
TCTAACTCATCAGTCA-1_1_1_1,IR,NaiveT,T,0.234961329,7.942274172
TCTACATAGGTCATTC-1_1_1_1,IR,NaiveT,T,2.847814871,7.448875506
TCTACATAGTCCGCGT-1_1_1_1,IR,TCM,T,-2.056556868,4.982780535
TCTACATCAAATACAG-1_1_1_1,IR,T-Helper,T,2.282318903,1.134795148
TCTACCGTCCTTCGAC-1_1_1_1,IR,T-Helper,T,1.598017765,-0.32675993
TCTACCGTCGATCCAA-1_1_1_1,IR,T-Helper,T,2.785036875,2.585275967
TCTACCGTCTATTTCG-1_1_1_1,IR,ILC,ILC,4.113478018,1.717210133
TCTATACAGAGTAACT-1_1_1_1,IR,Cytotoxic,T,-3.281609224,1.84855469
TCTATACAGTATTCCG-1_1_1_1,IR,NK,NK,-6.202663826,-5.555920999
TCTATACGTACCAATC-1_1_1_1,IR,Cytotoxic,T,-3.137343811,2.18145879
TCTATCACAACAGCTT-1_1_1_1,IR,T-Helper,T,0.216811994,-0.85616843
TCTATCAGTTGACTGT-1_1_1_1,IR,Treg,T,2.444916559,1.823883254
TCTATCATCTAGCATG-1_1_1_1,IR,NK,NK,-5.539810108,-6.8942465
TCTCACGTCACGGACC-1_1_1_1,IR,NKT,T,-4.933753418,-1.932942193
TCTCAGCAGGTAGACC-1_1_1_1,IR,Cytotoxic,T,-1.45234661,1.184333165
TCTCAGCGTATCGCAT-1_1_1_1,IR,gdT,T,7.008206917,-6.096892755
TCTCAGCTCAGACCGC-1_1_1_1,IR,NKT,T,-6.153066086,-2.210025232
TCTCAGCTCAGCTTCC-1_1_1_1,IR,Cytotoxic,T,-2.833251404,1.909029086
TCTCCGAGTCGTAATC-1_1_1_1,IR,gdT,T,8.206091476,-6.483135145
TCTCCGAGTTGGACCC-1_1_1_1,IR,T-Helper,T,1.765337659,2.299639065
TCTCCGAGTTGTATGC-1_1_1_1,IR,NK,NK,-8.588963913,-8.510318678
TCTCCGATCCACTGGG-1_1_1_1,IR,Cytotoxic,T,-1.401486563,-0.149634719
TCTCTGGCAGCTGTAT-1_1_1_1,IR,NK,NK,-5.211687969,-5.747333448
TCTCTGGCAGGTGTTT-1_1_1_1,IR,NK,NK,-7.133905338,-6.806539457
TCTCTGGGTAGGCAAC-1_1_1_1,IR,Cytotoxic,T,-3.072740005,3.842234929
TCTCTGGGTCGACTTA-1_1_1_1,IR,NKT,T,-3.806527542,-2.567060154
TCTCTGGGTTGTCATG-1_1_1_1,IR,Cytotoxic,T,-2.60251491,0.625953693
TCTGCCAAGCACCCAC-1_1_1_1,IR,NK,NK,-7.396892475,-7.929353635
TCTGCCACACGAAGAC-1_1_1_1,IR,NK,NK,-5.712620186,-4.907349508
TCTGCCAGTAGGAGTC-1_1_1_1,IR,gdT,T,8.492594315,-6.665151994
TCTGGCTAGGTAGCAC-1_1_1_1,IR,gdT,T,10.12903364,-4.983782213
TCTGGCTGTTTCGCTC-1_1_1_1,IR,Cytotoxic,T,-0.907656478,2.255810578
TCTGGCTTCATCGACA-1_1_1_1,IR,T-Helper,T,0.254040276,-0.509633701
TCTGTCGCAGATGCGA-1_1_1_1,IR,T-DN,T,1.120118512,3.482005436
TCTTAGTGTTCTTCAT-1_1_1_1,IR,NaiveT,T,-1.318699407,7.443280775
TCTTCCTAGGATACGC-1_1_1_1,IR,NaiveT,T,2.790148092,7.558852274
TCTTCCTTCATACAGC-1_1_1_1,IR,Other,Other,5.039089752,6.572242815
TCTTCCTTCCGAGTGC-1_1_1_1,IR,NK,NK,-5.230768131,-4.400813978
TCTTTGAAGATGCGAC-1_1_1_1,IR,Cytotoxic,T,-2.996824192,1.215094526
TCTTTGAAGGTCGTAG-1_1_1_1,IR,T-Helper,T,1.282009316,0.355336506
TCTTTGAAGTACGTCT-1_1_1_1,IR,T-Helper,T,1.663840247,0.657522817
TCTTTGACAAGTTGGG-1_1_1_1,IR,NKT,T,-3.576012062,-2.033985417
TCTTTGACACAGCCTG-1_1_1_1,IR,Other,Other,7.123150898,6.896718581
TCTTTGACACTTGTCC-1_1_1_1,IR,T-Helper,T,0.39585395,-0.899180036
TCTTTGAGTCCGGATC-1_1_1_1,IR,Cytotoxic,T,-2.919523167,0.116265197
TGAACGTGTCGCACAC-1_1_1_1,IR,gdT,T,9.059534622,-5.868229311
TGAATCGAGGCCCGTT-1_1_1_1,IR,Treg,T,2.829532457,1.774085719
TGAATCGGTGTTCGTA-1_1_1_1,IR,NK,NK,-5.705737995,-5.338099401
TGAATGCCAAATTAGG-1_1_1_1,IR,NKT,T,-4.003133701,-3.793812912
TGAATGCCAACCGTAT-1_1_1_1,IR,T-Helper,T,2.503901316,2.796990712
TGAATGCCATCTGGGC-1_1_1_1,IR,T-Helper,T,1.161846412,1.816735942
TGAATGCGTAGCTGAG-1_1_1_1,IR,NaiveT,T,1.268096281,8.229723055
TGAATGCGTCGTACAT-1_1_1_1,IR,Cytotoxic,T,-3.492432999,1.391359408
TGACAGTAGTGATAAC-1_1_1_1,IR,NaiveT,T,2.396160198,7.993256647
TGACAGTCACACAGCC-1_1_1_1,IR,T-Helper,T,1.265959812,0.530474563
TGACAGTGTAGCTGCC-1_1_1_1,IR,Cytotoxic,T,-0.851602363,1.345500071
TGACAGTGTGGAGAAA-1_1_1_1,IR,TCM,T,-1.832498836,3.730002959
TGACAGTGTGTGTGGA-1_1_1_1,IR,T-Helper,T,1.337906672,1.705090721
TGACAGTTCAAGCCAT-1_1_1_1,IR,NKT,T,-5.57848637,-1.312629263
TGACAGTTCCATCTAT-1_1_1_1,IR,Treg,T,4.781757427,1.849320013
TGACAGTTCGTTAGAC-1_1_1_1,IR,Other,Other,5.197085453,6.722930033
TGACAGTTCTACCAGA-1_1_1_1,IR,T-Helper,T,1.038041247,1.81394263
TGACCCTCACAAGCTT-1_1_1_1,IR,NaiveT,T,-0.806846963,6.139680464
TGACCCTGTCGCATGC-1_1_1_1,IR,T-Helper,T,0.794370307,0.066966836
TGACGCGCACAAGCCC-1_1_1_1,IR,NaiveT,T,0.617274655,7.157888491
TGACGCGTCGCTGACG-1_1_1_1,IR,T-Helper,T,0.965798212,-0.525309812
TGACTCCGTATGCTAC-1_1_1_1,IR,NKT,T,-3.440272974,-3.563118141
TGAGACTGTATTTCGG-1_1_1_1,IR,T-Helper,T,1.674528671,2.162523587
TGAGACTGTGCAGTGA-1_1_1_1,IR,NaiveT,T,1.270221067,7.866297324
TGAGACTGTTAGTCGT-1_1_1_1,IR,Cytotoxic,T,0.297529695,-2.558029573
TGAGCGCCACACCGAC-1_1_1_1,IR,Treg,T,3.434939219,0.774708409
TGAGCGCCAGCATCTA-1_1_1_1,IR,NK,NK,-7.021741795,-4.707343023
TGAGCGCTCTGACCCT-1_1_1_1,IR,Cytotoxic,T,-1.895730661,0.555357773
TGAGGGAAGCCTGAAG-1_1_1_1,IR,NK,NK,-7.472636627,-5.263580244
TGAGGGAAGCGTGAAC-1_1_1_1,IR,Cytotoxic,T,-2.65087788,0.583570022
TGAGGGATCTACAGGT-1_1_1_1,IR,gdT,T,8.003772331,-5.963178079
TGAGGTTAGAAGCGCT-1_1_1_1,IR,T-Helper,T,0.791617764,0.838369031
TGAGGTTAGCGCCTTG-1_1_1_1,IR,gdT,T,8.151493622,-6.170327585
TGAGGTTCAACTTGGT-1_1_1_1,IR,T-Helper,T,0.660152389,0.336343605
TGAGTCAAGTGCGCTC-1_1_1_1,IR,gdT,T,8.725848747,-3.990833204
TGAGTCATCACTTGTT-1_1_1_1,IR,Cytotoxic,T,-4.27900164,2.420238335
TGATCAGCATTCACCC-1_1_1_1,IR,NK,NK,-6.781849312,-6.333160799
TGATCAGTCACCGCTT-1_1_1_1,IR,NaiveT,T,0.602853907,8.042026598
TGATCAGTCCATTGCC-1_1_1_1,IR,Cytotoxic,T,-0.747035908,1.422062595
TGATCTTGTAGGAAAG-1_1_1_1,IR,NKT,T,-4.281426834,-2.031288784
TGATGCATCCTAGCCT-1_1_1_1,IR,NaiveT,T,0.582612825,8.116678316
TGATGGTGTAGCGATG-1_1_1_1,IR,T-Helper,T,2.215251995,3.505809624
TGATTCTAGACGTCGA-1_1_1_1,IR,gdT,T,10.26523073,-6.224426191
TGATTCTGTTATGACC-1_1_1_1,IR,NKT,T,-3.551364111,-1.917438905
TGATTTCAGGTCCAGA-1_1_1_1,IR,NK,NK,-8.856975006,-6.989764135
TGATTTCGTGACTGTT-1_1_1_1,IR,NKT,T,-3.53867762,-2.470665615
TGATTTCGTTCGTTCC-1_1_1_1,IR,gdT,T,7.82569511,-5.796823423
TGATTTCTCCAGTTCC-1_1_1_1,IR,T-Helper,T,0.407542316,-0.900375466
TGCACGGCAGCTGCCA-1_1_1_1,IR,Cytotoxic,T,-4.291866707,0.274173756
TGCAGATAGAATACAC-1_1_1_1,IR,NK,NK,-7.165240692,-6.212929647
TGCAGATAGTTGGCGA-1_1_1_1,IR,NK,NK,-4.746179031,-4.863212984
TGCAGATGTGACAGCA-1_1_1_1,IR,Other,Other,7.109440876,6.89640816
TGCAGATGTGGAAGTC-1_1_1_1,IR,NaiveT,T,-0.48743354,8.418534357
TGCAGATTCCTACCAC-1_1_1_1,IR,T-DN,T,-0.239888774,2.64151128
TGCAGGCAGTTAGAAC-1_1_1_1,IR,TCM,T,-1.214965986,4.006953318
TGCAGGCCACTTCAAG-1_1_1_1,IR,NaiveT,T,1.020367397,7.887110312
TGCAGTAGTATCCCAA-1_1_1_1,IR,gdT,T,7.782481266,-5.857414644
TGCAGTAGTATCGAAA-1_1_1_1,IR,Cytotoxic,T,-2.99286096,0.538351436
TGCAGTAGTTGACTGT-1_1_1_1,IR,ILC,ILC,8.000468327,1.319549639
TGCAGTATCGACCCAG-1_1_1_1,IR,T-Helper,T,1.600242568,1.731820662
TGCAGTATCGCTGACG-1_1_1_1,IR,Cytotoxic,T,-3.646302389,0.102985386
TGCAGTATCGGACTTA-1_1_1_1,IR,T-Helper,T,0.627900196,1.813684542
TGCAGTATCGGTCACG-1_1_1_1,IR,NKT,T,-4.513624596,-3.725325267
TGCAGTATCTGCATGA-1_1_1_1,IR,ILC,ILC,8.496157242,0.998715122
TGCATCCAGTCGAAAT-1_1_1_1,IR,Cytotoxic,T,-2.855223106,0.468614001
TGCATCCGTGGGAGAG-1_1_1_1,IR,Treg,T,3.850473476,-0.478881698
TGCATGAAGTGTAGTA-1_1_1_1,IR,T-Helper,T,-0.041267248,-1.187078397
TGCATGACAAGGACAC-1_1_1_1,IR,NaiveT,T,-0.724567698,6.752285559
TGCATGAGTCAAAGCG-1_1_1_1,IR,Cytotoxic,T,-3.257455992,1.637877901
TGCCGAGAGAGACAAG-1_1_1_1,IR,NK,NK,-5.119076179,-4.345436494
TGCCGAGAGCAACAGC-1_1_1_1,IR,Treg,T,1.420695377,2.791382868
TGCCGAGAGCACCCAC-1_1_1_1,IR,Cytotoxic,T,-3.175153183,1.851111729
TGCCGAGTCAAGGAGC-1_1_1_1,IR,NK,NK,-6.896609711,-4.530803602
TGCGACGAGCAGATAT-1_1_1_1,IR,Cytotoxic,T,-1.983309912,0.400064994
TGCGACGCAGTTCCAA-1_1_1_1,IR,Cytotoxic,T,-4.360708641,2.493074496
TGCGACGTCATTGTGG-1_1_1_1,IR,NaiveT,T,2.300304485,8.106754382
TGCGACGTCTGTAAGC-1_1_1_1,IR,Cytotoxic,T,-2.916908192,0.831881304
TGCGACGTCTTCGCTG-1_1_1_1,IR,ILC,ILC,9.18112619,1.919891913
TGCGATATCCTGCCAT-1_1_1_1,IR,Cytotoxic,T,-3.433728146,1.177103836
TGCGGCACATCGCTAA-1_1_1_1,IR,NaiveT,T,-1.339201616,6.817081053
TGCGGCATCCATTGGA-1_1_1_1,IR,NK,NK,-4.503550457,-4.269301336
TGCGGGTCACTGGACC-1_1_1_1,IR,gdT,T,9.345316483,-4.94898073
TGCGGGTCATCTATCT-1_1_1_1,IR,NK,NK,-8.788411545,-5.826968114
TGCGGGTTCGATACAC-1_1_1_1,IR,NK,NK,-8.283087181,-6.973709982
TGCTCCACAGAAGCTG-1_1_1_1,IR,NK,NK,-7.719822334,-4.833443086
TGCTCCATCTCTCCGA-1_1_1_1,IR,T-DN,T,-0.177672552,-1.404205005
TGCTCGTCAGTAGAAT-1_1_1_1,IR,Cytotoxic,T,-3.247893976,1.914363463
TGCTCGTTCACTCACC-1_1_1_1,IR,Cytotoxic,T,-3.265547441,2.109608967
TGCTGAAAGTACAACA-1_1_1_1,IR,Cytotoxic,T,-2.852554487,1.465314586
TGCTGAACAACGAGGT-1_1_1_1,IR,NK,NK,-7.121971058,-5.425362985
TGCTGAACAGTTTCAG-1_1_1_1,IR,gdT,T,9.620472504,-5.301033418
TGCTGAAGTTAAGCAA-1_1_1_1,IR,Cytotoxic,T,-3.584549831,1.38048311
TGCTTCGCAAGTGTCT-1_1_1_1,IR,T-Helper,T,2.139998985,2.109871704
TGCTTCGCACTGCTTC-1_1_1_1,IR,Treg,T,4.814094616,1.909218151
TGCTTGCAGGCACAAC-1_1_1_1,IR,T-Helper,T,0.557971282,1.233423788
TGCTTGCCACCGTCGA-1_1_1_1,IR,NK,NK,-8.909125732,-8.141451757
TGCTTGCGTGCTCTCT-1_1_1_1,IR,NK,NK,-6.831411766,-6.043681066
TGCTTGCGTGGCACTC-1_1_1_1,IR,NK,NK,-6.873457359,-6.597931306
TGCTTGCGTTGTACGT-1_1_1_1,IR,Cytotoxic,T,0.5572343,-2.97274081
TGGAACTAGCCTTCTC-1_1_1_1,IR,Cytotoxic,T,-1.983066248,1.94479974
TGGAACTCAGAGTTCT-1_1_1_1,IR,ILC,ILC,8.932653023,2.305328686
TGGAACTCATTCTGTT-1_1_1_1,IR,Cytotoxic,T,-3.239529537,1.634298522
TGGAACTGTACTCGAT-1_1_1_1,IR,T-Helper,T,2.095987512,2.61451133
TGGAACTGTTATGGTC-1_1_1_1,IR,NaiveT,T,-0.262575464,8.784389574
TGGAGAGAGAGCTGCA-1_1_1_1,IR,gdT,T,8.45294149,-6.779621999
TGGAGAGCACAGCCTG-1_1_1_1,IR,T-DN,T,0.36140239,1.407071192
TGGAGAGCAGTGCGCT-1_1_1_1,IR,Cytotoxic,T,-4.495896744,1.464973886
TGGAGAGGTAGCGAGT-1_1_1_1,IR,T-Helper,T,0.972005082,-1.133683603
TGGAGGACACGTTCGG-1_1_1_1,IR,NK,NK,-5.331988739,-5.12547056
TGGATCAAGGCTATCT-1_1_1_1,IR,Other,Other,4.933446003,6.656679232
TGGATCATCCGTGTCT-1_1_1_1,IR,NK,NK,-6.212902473,-3.862727563
TGGATGTAGGCACTCC-1_1_1_1,IR,Other,Other,3.637289597,6.402051051
TGGATGTAGGCTCTAT-1_1_1_1,IR,Other,Other,3.840661121,6.406655867
TGGATGTCATTGAGCT-1_1_1_1,IR,NKT,T,-3.778114962,-3.533827226
TGGATGTGTTTCGTTT-1_1_1_1,IR,gdT,T,2.77901919,0.689931054
TGGCGTGCAAGGTCGA-1_1_1_1,IR,Other,Other,5.749235226,6.841688235
TGGCGTGCATCCGTTC-1_1_1_1,IR,Cytotoxic,T,-2.240430283,0.678146083
TGGGAAGCAATACCCA-1_1_1_1,IR,T-Helper,T,0.394836603,-1.035039942
TGGGAGAAGCCTATTG-1_1_1_1,IR,NK,NK,-5.403846191,-6.047337453
TGGGAGAAGCTGTACT-1_1_1_1,IR,NaiveT,T,-0.453609871,8.603332598
TGGGAGAGTCACTCGG-1_1_1_1,IR,Treg,T,3.259419514,-0.434966664
TGGGATTAGCACTCGC-1_1_1_1,IR,Cytotoxic,T,-2.75657575,0.832801123
TGGGATTTCAGACAAA-1_1_1_1,IR,NaiveT,T,7.918012692,2.67231806
TGGGCGTAGCTAGTTC-1_1_1_1,IR,T-DN,T,1.090407802,3.259090025
TGGGCGTCAAAGAGTT-1_1_1_1,IR,Cytotoxic,T,-1.849690126,0.238375832
TGGGCGTCAGGTGGAT-1_1_1_1,IR,NaiveT,T,0.086627355,7.742484648
TGGGCGTGTTTGGCTA-1_1_1_1,IR,ILC,ILC,6.675190521,1.415246327
TGGGCTGCATCTGTTT-1_1_1_1,IR,Other,Other,4.480190826,6.552892764
TGGGCTGGTACACGTT-1_1_1_1,IR,NK,NK,-7.134252476,-4.303384225
TGGTACAAGGCCCACT-1_1_1_1,IR,NK,NK,-2.425282644,-4.146599691
TGGTACATCCTCAGGG-1_1_1_1,IR,Cytotoxic,T,-0.932078527,1.324471791
TGGTACATCGGCTGGT-1_1_1_1,IR,Cytotoxic,T,-1.117981361,1.052942474
TGGTGATAGGTCGCCT-1_1_1_1,IR,T-Helper,T,2.226101471,1.917075951
TGGTGATTCTACTCAT-1_1_1_1,IR,Treg,T,2.890522791,1.743887503
TGGTTAGAGCTTCGTA-1_1_1_1,IR,Cytotoxic,T,-4.80330603,0.244236935
TGTAACGCAAGTCCAT-1_1_1_1,IR,NK,NK,-7.635624336,-7.150273721
TGTAACGGTCTAGGCC-1_1_1_1,IR,Cytotoxic,T,-1.913622307,0.099001427
TGTAAGCAGGTGATCG-1_1_1_1,IR,Cytotoxic,T,-3.265752958,0.38142692
TGTAAGCCACCCTTAC-1_1_1_1,IR,gdT,T,7.71480806,-6.591831606
TGTAAGCCACGTCGGT-1_1_1_1,IR,NK,NK,-6.253246712,-6.614467542
TGTAAGCTCGATTTCT-1_1_1_1,IR,Cytotoxic,T,-0.012492197,-2.240178506
TGTACAGGTTCATCTT-1_1_1_1,IR,Cytotoxic,T,-1.311436342,0.308454056
TGTAGACAGAGTTCGG-1_1_1_1,IR,T-Helper,T,1.182886196,0.151238878
TGTAGACAGCCATGCC-1_1_1_1,IR,NaiveT,T,-1.930200504,5.824197848
TGTAGACAGGAATCGC-1_1_1_1,IR,T-Helper,T,0.332389934,-0.968880932
TGTAGACCATAGGTAA-1_1_1_1,IR,NaiveT,T,0.56409545,8.836902697
TGTCAGAAGATAACGT-1_1_1_1,IR,Other,Other,4.356044842,6.500953276
TGTCAGACAACGTATC-1_1_1_1,IR,Cytotoxic,T,0.636600209,-2.965750854
TGTCAGACATCCAATG-1_1_1_1,IR,Other,Other,4.940669132,6.696973402
TGTCAGATCATCACCC-1_1_1_1,IR,T-Helper,T,-0.59732114,-0.097842983
TGTCAGATCTCTAGGA-1_1_1_1,IR,T-Helper,T,0.00073996,0.998384673
TGTCCACAGCAGTAAT-1_1_1_1,IR,NaiveT,T,0.497278286,7.794985373
TGTCCACCAACCCTAA-1_1_1_1,IR,gdT,T,7.819167686,-6.622143667
TGTCCACTCCTCTTTC-1_1_1_1,IR,Cytotoxic,T,-0.639778363,0.116983299
TGTCCACTCTACGGGC-1_1_1_1,IR,NK,NK,-6.292823719,-6.722033422
TGTCCCACAATAGAGT-1_1_1_1,IR,TCM,T,-1.528827356,4.566564639
TGTCCCACAGCGCTTG-1_1_1_1,IR,NK,NK,-5.619269299,-5.640888136
TGTCCCATCTTGAGCA-1_1_1_1,IR,T-Helper,T,0.162030757,-0.254702206
TGTCCTGCACCAATTG-1_1_1_1,IR,NaiveT,T,0.12388779,6.821401198
TGTCCTGGTCGTATTG-1_1_1_1,IR,T-Helper,T,1.088052465,2.318037827
TGTCCTGTCGAGGCAA-1_1_1_1,IR,NK,NK,-8.680300163,-6.772587221
TGTGAGTCAGTTGTCA-1_1_1_1,IR,NKT,T,-6.018077778,-2.163862388
TGTGAGTTCTGAACGT-1_1_1_1,IR,Cytotoxic,T,-0.94376068,0.437271197
TGTGATGAGCCACCGT-1_1_1_1,IR,NK,NK,-7.682365822,-6.685935419
TGTGCGGGTATAGGGC-1_1_1_1,IR,gdT,T,7.310661865,-6.139476221
TGTGCGGTCATTATCC-1_1_1_1,IR,Other,Other,4.984865738,6.689512331
TGTGGCGGTGAATGAT-1_1_1_1,IR,NK,NK,-5.061399864,-5.445596616
TGTGGCGTCGACATTG-1_1_1_1,IR,Cytotoxic,T,-0.47887777,-1.504855554
TGTTACTAGGCAGCTA-1_1_1_1,IR,Cytotoxic,T,-3.145769762,0.707089801
TGTTACTAGTATTAGG-1_1_1_1,IR,Other,Other,4.868648602,6.682122786
TGTTACTGTACAGTAA-1_1_1_1,IR,Cytotoxic,T,-3.621464895,1.917417366
TGTTACTTCGTGTGAT-1_1_1_1,IR,NK,NK,-8.328860687,-7.153380792
TGTTCATAGATCGCCC-1_1_1_1,IR,NKT,T,-5.439338135,-1.333539646
TGTTCCGAGCCTGTGC-1_1_1_1,IR,NKT,T,-1.71243267,-2.219600599
TGTTCCGAGTCTACCA-1_1_1_1,IR,T-Helper,T,0.822886838,-3.073660772
TGTTCCGTCCACTGGG-1_1_1_1,IR,NaiveT,T,1.096927417,8.906972964
TGTTCTACATTAGGAA-1_1_1_1,IR,Cytotoxic,T,-3.775044607,2.108039935
TGTTCTAGTCCGTACG-1_1_1_1,IR,TCM,T,-1.759549784,3.858130534
TGTTGAGAGAGCATAT-1_1_1_1,IR,T-DN,T,-3.48163979,-3.001416605
TGTTGAGGTTATCCAG-1_1_1_1,IR,Cytotoxic,T,-2.231219219,0.168082614
TGTTGGACAAGGTTGG-1_1_1_1,IR,gdT,T,8.565536095,-6.389830034
TGTTTGTAGCACTCAT-1_1_1_1,IR,NK,NK,-8.298858093,-6.114727419
TGTTTGTCAAAGACGC-1_1_1_1,IR,gdT,T,9.268115593,-5.093689363
TGTTTGTCACTAGGCC-1_1_1_1,IR,Cytotoxic,T,-1.5339859,1.122235138
TTAATCCAGACCATAA-1_1_1_1,IR,Cytotoxic,T,-1.705473708,0.013740968
TTAATCCAGCGTGTCC-1_1_1_1,IR,Cytotoxic,T,-2.941983627,0.326819498
TTAATCCAGTGCCGAA-1_1_1_1,IR,T-DN,T,0.272636643,2.01632746
TTAATCCCACAAGCCC-1_1_1_1,IR,Cytotoxic,T,-1.043509649,5.537831385
TTACAGGCAAATGCGG-1_1_1_1,IR,Cytotoxic,T,-2.605317759,0.397612114
TTACCATCACCCTGAG-1_1_1_1,IR,Cytotoxic,T,-0.753924119,0.883413334
TTACCATGTAAGGCCA-1_1_1_1,IR,T-Helper,T,1.461022569,2.074645121
TTACCGCAGATTAGTG-1_1_1_1,IR,ILC,ILC,8.461056305,1.910533507
TTACCGCGTATCGTTG-1_1_1_1,IR,gdT,T,7.901624752,-4.403075616
TTACCGCGTATGCGGA-1_1_1_1,IR,gdT,T,8.884130074,-5.738859575
TTACCGCGTGATAGAT-1_1_1_1,IR,Cytotoxic,T,-3.747674154,3.172226269
TTACCGCTCCTTATCA-1_1_1_1,IR,NaiveT,T,0.624383611,8.410353739
TTACCGCTCGCAGATT-1_1_1_1,IR,Other,Other,7.157906128,6.892425139
TTACGCCAGGTTGCCC-1_1_1_1,IR,NKT,T,-5.532957005,-2.246719759
TTACGTTGTGAGTTTC-1_1_1_1,IR,Cytotoxic,T,-4.86586182,1.298118074
TTACGTTGTTCTCCCA-1_1_1_1,IR,NK,NK,-9.055473732,-7.496487539
TTACTGTGTTCTCTCG-1_1_1_1,IR,T-Helper,T,1.056503547,-0.666395824
TTAGGCAGTTGTCCCT-1_1_1_1,IR,T-DN,T,-0.717686521,-1.31634752
TTAGGGTTCAGCCTTC-1_1_1_1,IR,Cytotoxic,T,-1.452677177,-0.128445211
TTAGGGTTCAGTGATC-1_1_1_1,IR,ILC,ILC,8.512958122,2.302002985
TTAGTCTAGGGTGAGG-1_1_1_1,IR,Cytotoxic,T,-3.477013277,3.448821146
TTAGTCTGTCTCAGGC-1_1_1_1,IR,NaiveT,T,0.048204874,7.122469504
TTATTGCCACGGTCTG-1_1_1_1,IR,gdT,T,8.282517029,-5.677761953
TTATTGCTCATCGTAG-1_1_1_1,IR,Cytotoxic,T,-4.594495224,1.419865329
TTCACCGCAGGTGTTT-1_1_1_1,IR,T-DN,T,0.49261306,2.356006224
TTCACCGCATTCCTCG-1_1_1_1,IR,NaiveT,T,0.888092114,7.897714693
TTCACCGGTCGCCTAG-1_1_1_1,IR,T-DN,T,0.6709422,2.234790404
TTCACCGGTTATAGAG-1_1_1_1,IR,NK,NK,-7.703077721,-5.789173524
TTCACCGTCAGCCCAG-1_1_1_1,IR,Cytotoxic,T,-3.247269796,2.144872267
TTCACCGTCTCGGGAC-1_1_1_1,IR,Cytotoxic,T,-2.917169737,0.98343714
TTCACGCCATATCGGT-1_1_1_1,IR,NK,NK,-7.94807093,-7.42197315
TTCAGGACAAGGAGTC-1_1_1_1,IR,Cytotoxic,T,-2.037387299,0.529899974
TTCAGGACATCTGGGC-1_1_1_1,IR,NK,NK,-7.122001099,-5.869936864
TTCAGGATCCACACAA-1_1_1_1,IR,gdT,T,9.505885674,-5.58195297
TTCAGGATCGAGTCTA-1_1_1_1,IR,NK,NK,-4.921057629,-4.428194921
TTCATGTGTTCACCGG-1_1_1_1,IR,NK,NK,-7.481448578,-6.477437894
TTCATTGCAAACCGGA-1_1_1_1,IR,T-Helper,T,1.111525727,-1.472611587
TTCATTGGTAAGATTG-1_1_1_1,IR,NK,NK,-5.104724335,-5.985513609
TTCATTGGTAGCTCGC-1_1_1_1,IR,Cytotoxic,T,-3.422073053,0.470550914
TTCATTGTCCTAAGTG-1_1_1_1,IR,gdT,T,8.114652706,-5.735170763
TTCATTGTCGTCTAAG-1_1_1_1,IR,NK,NK,-6.259866165,-6.123217504
TTCATTGTCGTTGCCT-1_1_1_1,IR,T-DN,T,-4.040597843,-1.163882058
TTCCAATAGTCGGCAA-1_1_1_1,IR,Cytotoxic,T,-0.686956095,0.766658087
TTCCAATTCGAACGGA-1_1_1_1,IR,T-DN,T,0.018850325,3.03436907
TTCCACGCATTGCCGG-1_1_1_1,IR,T-Helper,T,1.4623024,2.671592553
TTCCGGTCACGCAAAG-1_1_1_1,IR,NK,NK,-8.562077927,-6.256948392
TTCCGGTGTTTGAAAG-1_1_1_1,IR,T-Helper,T,0.384877322,2.354034264
TTCCGTGAGCAGGTCA-1_1_1_1,IR,Other,Other,5.425974442,6.803222735
TTCCGTGTCCACTGGG-1_1_1_1,IR,Other,Other,5.396348072,6.74407347
TTCCTAAAGTTGGGAC-1_1_1_1,IR,NaiveT,T,0.881887508,8.991218645
TTCCTAACATTACTCT-1_1_1_1,IR,Cytotoxic,T,-2.966838526,2.013910134
TTCCTCTAGAACTCCT-1_1_1_1,IR,Cytotoxic,T,-3.298469948,2.3149875
TTCGATTAGAATCGCG-1_1_1_1,IR,NK,NK,-6.084894585,-4.901217382
TTCGATTCAGACCTGC-1_1_1_1,IR,Cytotoxic,T,-4.078660416,1.608023722
TTCGATTCATTGCCTC-1_1_1_1,IR,T-DN,T,0.083834728,2.813606102
TTCGATTTCCGAGGCT-1_1_1_1,IR,T-Helper,T,0.439940138,-3.003639858
TTCGCTGCATATCTGG-1_1_1_1,IR,NK,NK,-7.793611454,-7.166731756
TTCGCTGGTAGTAAGT-1_1_1_1,IR,NK,NK,-7.368171143,-7.132893007
TTCGCTGTCGACCACG-1_1_1_1,IR,NK,NK,-5.632302689,-6.223528783
TTCGGTCGTTGTGCCG-1_1_1_1,IR,NaiveT,T,1.851220919,7.717865546
TTCTAACAGGTGATAT-1_1_1_1,IR,Cytotoxic,T,-0.591371821,0.252054531
TTCTAACCATCGCTCT-1_1_1_1,IR,Other,Other,3.951654507,6.428445418
TTCTAACGTCACCCTT-1_1_1_1,IR,NK,NK,-6.766035007,-5.06878988
TTCTAACTCCGGGACT-1_1_1_1,IR,gdT,T,6.507049156,-5.255538385
TTCTAGTAGTGATAAC-1_1_1_1,IR,Other,Other,6.974585606,6.958056052
TTCTAGTCATTCCTAT-1_1_1_1,IR,Cytotoxic,T,-3.437432693,0.781103809
TTCTAGTTCTTGGATG-1_1_1_1,IR,T-Helper,T,0.977891577,0.228876908
TTCTCTCGTGTCGCTG-1_1_1_1,IR,gdT,T,8.970303131,-7.256817262
TTCTGTACACGAGAAC-1_1_1_1,IR,NK,NK,-8.005285667,-6.748892706
TTCTGTACAGAGAATT-1_1_1_1,IR,T-DN,T,0.059081523,2.074446518
TTCTGTATCGCGTTTC-1_1_1_1,IR,Cytotoxic,T,-0.312970625,-0.073982944
TTCTTCCCAATAAGGT-1_1_1_1,IR,Other,Other,5.125611378,6.607459147
TTCTTCCTCTCTCTTC-1_1_1_1,IR,T-DN,T,0.342726825,-1.171865623
TTCTTGAGTCCCTGTT-1_1_1_1,IR,T-Helper,T,1.58617313,1.149918396
TTGAACGGTACGTACT-1_1_1_1,IR,ILC,ILC,6.629703117,1.973997433
TTGAACGTCGTCCTTG-1_1_1_1,IR,Cytotoxic,T,-3.368103193,0.647387226
TTGACCCCACTGAGTT-1_1_1_1,IR,ILC,ILC,6.113839222,1.961687405
TTGACCCGTAACCCGC-1_1_1_1,IR,Treg,T,4.126894547,0.163493414
TTGACCCGTAACGGTG-1_1_1_1,IR,T-DN,T,0.232565289,2.154285986
TTGATGGCAACCGTGC-1_1_1_1,IR,Cytotoxic,T,-3.396679329,1.321129401
TTGATGGGTTCTGAGT-1_1_1_1,IR,NaiveT,T,-0.557364749,7.98013695
TTGCATTCAGAATTCC-1_1_1_1,IR,T-DN,T,0.940163983,2.634039242
TTGCCTGAGTCCTGTA-1_1_1_1,IR,NK,NK,-5.240047859,-5.280520837
TTGCGTCGTCCTGTTC-1_1_1_1,IR,Cytotoxic,T,-3.126430916,0.630655248
TTGCGTCTCAACCGAT-1_1_1_1,IR,Cytotoxic,T,-3.735254215,1.854290922
TTGCGTCTCTCCAATT-1_1_1_1,IR,gdT,T,7.595667912,-6.369824331
TTGCTGCGTTGTTGAC-1_1_1_1,IR,T-Helper,T,2.186429573,2.600832541
TTGCTGCTCAATCTTC-1_1_1_1,IR,T-Helper,T,2.195252253,2.857644398
TTGGATGAGGTAAGGA-1_1_1_1,IR,NK,NK,-5.271041321,-4.891539018
TTGGATGCAGTTGCGC-1_1_1_1,IR,NK,NK,-6.363370823,-5.211280744
TTGGATGTCCATTCAT-1_1_1_1,IR,NK,NK,-8.798856186,-6.939460676
TTGGATGTCCCTTCCC-1_1_1_1,IR,ILC,ILC,8.730859352,2.24610718
TTGGATGTCTCGAGTA-1_1_1_1,IR,Cytotoxic,T,-1.670329379,0.72765239
TTGGGATCACATGTTG-1_1_1_1,IR,gdT,T,9.645239426,-4.55229799
TTGGGATTCTAAACGC-1_1_1_1,IR,T-Helper,T,1.101658417,1.229468782
TTGGGCGGTAGGGTAC-1_1_1_1,IR,NaiveT,T,2.39032991,7.708808024
TTGGGCGGTTTCCAAG-1_1_1_1,IR,NK,NK,-1.74018638,-5.2522134
TTGGGTAAGGAAAGGT-1_1_1_1,IR,T-DN,T,1.476800991,3.382003148
TTGGGTAAGTGCACAG-1_1_1_1,IR,Cytotoxic,T,-4.753343986,1.538489182
TTGGGTAGTTGCACGC-1_1_1_1,IR,Cytotoxic,T,0.407565353,-3.059167068
TTGTGGAAGGGAGGTG-1_1_1_1,IR,Treg,T,4.151946856,-0.024904284
TTGTGTTGTAACATCC-1_1_1_1,IR,gdT,T,8.218898369,-6.556692522
TTGTGTTGTCACTCGG-1_1_1_1,IR,Cytotoxic,T,-2.049983906,0.778557439
TTGTGTTTCGCGGACT-1_1_1_1,IR,T-Helper,T,0.094884878,0.562383432
TTGTTCACAGAAGCTG-1_1_1_1,IR,NK,NK,-7.127004551,-6.410482805
TTGTTCACAGGAACCA-1_1_1_1,IR,gdT,T,6.982440067,-5.831162374
TTGTTCATCAGACCGC-1_1_1_1,IR,NK,NK,-5.205451893,-3.921822708
TTGTTGTAGCCTCTTC-1_1_1_1,IR,NaiveT,T,-1.42974882,6.055452425
TTGTTGTGTCGAGCTC-1_1_1_1,IR,Treg,T,2.22493775,-2.190586488
TTGTTTGAGTTGGCTT-1_1_1_1,IR,NKT,T,-4.490423607,-2.569799345
TTTACCAAGTGCAGGT-1_1_1_1,IR,NK,NK,-7.901398109,-8.270123403
TTTACTGCACCGGTCA-1_1_1_1,IR,Treg,T,3.366908861,-0.347412582
TTTACTGTCGTCCTTG-1_1_1_1,IR,Cytotoxic,T,-1.183613585,0.386316497
TTTACTGTCTGTACAG-1_1_1_1,IR,Cytotoxic,T,-3.399373459,1.691730816
TTTAGTCAGGACACTG-1_1_1_1,IR,gdT,T,9.182635857,-5.966582697
TTTAGTCTCAGAATAG-1_1_1_1,IR,Cytotoxic,T,-1.277270841,0.400750358
TTTATGCGTCCGGTCA-1_1_1_1,IR,NK,NK,-4.436716484,-5.299960535
TTTATGCTCGAGAAAT-1_1_1_1,IR,Cytotoxic,T,-1.562771129,0.166666378
TTTCACAAGCTACAAA-1_1_1_1,IR,NK,NK,-8.003898071,-6.079918306
TTTCACAGTGTTGCCG-1_1_1_1,IR,Cytotoxic,T,-4.22163813,1.367368896
TTTCAGTGTTTCCCAC-1_1_1_1,IR,Cytotoxic,T,-1.918961929,1.353039701
TTTCAGTTCTTTGATC-1_1_1_1,IR,Cytotoxic,T,-3.432268309,1.180231531
TTTCCTCAGATGGCAC-1_1_1_1,IR,T-Helper,T,0.67717321,2.305946429
TTTCCTCCATGACTCA-1_1_1_1,IR,NK,NK,-7.520865368,-7.207135599
TTTCCTCTCGTTGCCT-1_1_1_1,IR,Treg,T,3.037079168,3.729331334
TTTCGATAGGTACTGG-1_1_1_1,IR,Cytotoxic,T,-1.496242212,1.389274914
TTTCGATAGTTAGTAG-1_1_1_1,IR,gdT,T,7.434157444,-5.955233018
TTTGACTCAGCCTATA-1_1_1_1,IR,NK,NK,-8.636161255,-6.753050726
TTTGACTTCCCAACTC-1_1_1_1,IR,gdT,T,2.584004475,0.684284348
TTTGATCAGGTAAACT-1_1_1_1,IR,Other,Other,5.794564796,6.775084097
TTTGATCCATCGGCCA-1_1_1_1,IR,T-DN,T,-0.283165382,1.693862636
TTTGATCTCGAACGGA-1_1_1_1,IR,NaiveT,T,1.625125838,9.024715502
TTTGGAGAGCGTTCAT-1_1_1_1,IR,Cytotoxic,T,-4.326783108,-0.262870501
TTTGGAGCAGACATCT-1_1_1_1,IR,T-Helper,T,2.198312117,0.725019712
TTTGGAGTCTTGTGCC-1_1_1_1,IR,NKT,T,-0.891190695,-1.066904287
TTTGGTTAGGATGTTA-1_1_1_1,IR,NaiveT,T,1.142631246,8.831658442
TTTGGTTCAGTGTACT-1_1_1_1,IR,gdT,T,8.900211884,-5.312713544
ACGGGTCGTGTACATC-1_2_1_1,IR,Cytotoxic,T,-3.556740927,0.801889081
ACGGGTCGTTCAAGGG-1_2_1_1,IR,TCM,T,0.62513612,5.56235512
ACGGTCGCAATGCTCA-1_2_1_1,IR,T-Helper,T,1.420118166,1.522621114
ACGGTTAAGAGGATGA-1_2_1_1,IR,NaiveT,T,-0.22483887,7.698503096
ACGGTTAAGATGACCG-1_2_1_1,IR,gdT,T,2.676466061,0.178796161
ACGTAACAGTACTGGG-1_2_1_1,IR,T-Helper,T,1.99858637,2.080048163
ACGTAACCACAGCCTG-1_2_1_1,IR,NKT,T,-2.944277214,-2.59371249
ACGTAACTCCTGTAGA-1_2_1_1,IR,NKT,T,-4.489751743,-3.458046358
ACGTAACTCGCTGACG-1_2_1_1,IR,Cytotoxic,T,-4.654560017,1.618384321
ACGTAGTTCGGTAAGG-1_2_1_1,IR,NK,NK,-9.168203758,-6.68596689
ACGTCCTAGGCTATCT-1_2_1_1,IR,T-Helper,T,0.386440141,1.767049987
ACGTCCTCAAGACCTT-1_2_1_1,IR,NaiveT,T,1.982205702,6.498743136
ACGTCCTGTTCAAGGG-1_2_1_1,IR,Treg,T,3.17055781,-0.742081504
ACGTTCCAGCAACTTC-1_2_1_1,IR,T-Helper,T,1.010950161,0.787958164
ACGTTCCGTTAAAGTG-1_2_1_1,IR,Cytotoxic,T,-1.617106008,1.286899884
ACGTTCCTCTTGGATG-1_2_1_1,IR,gdT,T,10.18659551,-5.899328153
ACTACGACATTCTCTA-1_2_1_1,IR,NK,NK,-5.798927711,-7.118138712
ACTACGATCGGTCGAC-1_2_1_1,IR,NaiveT,T,-1.657782959,6.486814101
ACTATGGCAGAGATTA-1_2_1_1,IR,Cytotoxic,T,-2.353766846,4.982071001
ACTATGGTCAACCTTT-1_2_1_1,IR,T-Helper,T,0.930666042,1.709475834
ACTATTCCAAGGCAAC-1_2_1_1,IR,NKT,T,-3.302016424,-2.151230733
ACTATTCGTGAATTGA-1_2_1_1,IR,T-Helper,T,2.832357002,2.973780711
ACTATTCTCGTTGTGA-1_2_1_1,IR,Cytotoxic,T,-3.482545303,0.279003788
ACTCCCACAGGTGACA-1_2_1_1,IR,T-DN,T,0.611039562,2.801178534
ACTCCCATCGTGACTA-1_2_1_1,IR,Cytotoxic,T,-2.0270931,1.860275109
ACTCCCATCTGGACTA-1_2_1_1,IR,NKT,T,-4.967927383,-1.240694683
ACTCTCGGTCACAATC-1_2_1_1,IR,Cytotoxic,T,-0.480190979,1.903018315
ACTCTCGGTCACTTAG-1_2_1_1,IR,Cytotoxic,T,-2.498641657,0.531194646
ACTCTCGTCAAACTGC-1_2_1_1,IR,gdT,T,2.486735655,0.32675587
ACTCTCGTCCTCATAT-1_2_1_1,IR,NKT,T,-4.40207045,-4.389990728
ACTGATGAGGCGATAC-1_2_1_1,IR,NKT,T,-4.280702042,-1.518666904
ACTGATGAGGCTCACC-1_2_1_1,IR,TCM,T,-2.582140135,-2.664111059
ACTGATGCAAGCCTGC-1_2_1_1,IR,gdT,T,8.461403442,-6.548835676
ACTGATGTCCGTACGG-1_2_1_1,IR,gdT,T,0.164513601,-1.513366501
ACTGCAAAGCACCCAC-1_2_1_1,IR,NK,NK,-9.270753311,-7.113544386
ACTGCAACACCACATA-1_2_1_1,IR,T-Helper,T,1.943530274,2.102308829
ACTGTCCAGCAACAGC-1_2_1_1,IR,NK,NK,-7.266859936,-6.399549883
ACTGTCCAGGCGTTGA-1_2_1_1,IR,T-Helper,T,1.428643895,0.795374055
ACTGTCCAGGGAGTGG-1_2_1_1,IR,NK,NK,-5.962294029,-6.092737596
ACTGTCCGTAGCTGAG-1_2_1_1,IR,gdT,T,7.81643541,-4.578700464
ACTGTGATCACATCAG-1_2_1_1,IR,Treg,T,3.454560352,-1.002076011
ACTGTGATCATTCGTT-1_2_1_1,IR,gdT,T,9.115764214,-6.535496633
ACTTAGGAGCGACTAG-1_2_1_1,IR,gdT,T,7.996497704,-5.726008813
ACTTAGGAGGCCATAG-1_2_1_1,IR,NaiveT,T,0.630138917,7.671585162
ACTTAGGTCCCGAATA-1_2_1_1,IR,gdT,T,8.074899746,-4.819056432
ACTTATCAGACGCCAA-1_2_1_1,IR,gdT,T,9.196509911,-5.446427267
ACTTATCCATAGCTGT-1_2_1_1,IR,NK,NK,-2.725510048,-2.788147132
ACTTATCTCAAGCTGT-1_2_1_1,IR,NK,NK,-1.050862597,-4.636217516
ACTTCCGAGAACTCCT-1_2_1_1,IR,T-DN,T,-3.998909878,-1.774123232
ACTTCCGGTATGTGTC-1_2_1_1,IR,Cytotoxic,T,-1.80062394,0.71310224
ACTTCCGTCTCGTCGT-1_2_1_1,IR,gdT,T,8.808065964,-4.972532194
ACTTCGCAGCCTCATA-1_2_1_1,IR,gdT,T,9.19213636,-4.412697713
ACTTCGCCACAGTCCG-1_2_1_1,IR,NK,NK,-6.328786777,-5.372375887
ACTTTCAAGATAGGGA-1_2_1_1,IR,NKT,T,-5.308645653,-1.619782012
ACTTTCAAGCGAACTG-1_2_1_1,IR,NK,NK,-7.599495338,-5.583655279
ACTTTCAAGCGTGCTC-1_2_1_1,IR,T-Helper,T,1.430009676,0.90920933
ACTTTCAGTAACGGTG-1_2_1_1,IR,NK,NK,-5.144487785,-4.058710497
ACTTTCATCATTTACC-1_2_1_1,IR,Cytotoxic,T,-4.812017368,1.754157622
ACTTTGTCAACCGCCA-1_2_1_1,IR,T-Helper,T,1.481925798,2.146799166
AGAAATGGTAGCTTGT-1_2_1_1,IR,gdT,T,9.485387398,-7.109727304
AGAACAACATGGCGCT-1_2_1_1,IR,NaiveT,T,0.967314733,9.05148514
AGAACAAGTGAATAAC-1_2_1_1,IR,T-Helper,T,2.025766803,0.719120104
AGAACCTCATACTTTC-1_2_1_1,IR,Cytotoxic,T,-4.786419796,1.355760653
AGAAGCGTCCCATGGG-1_2_1_1,IR,Cytotoxic,T,-0.572204637,0.309310872
AGAAGTACAGTAACAA-1_2_1_1,IR,Cytotoxic,T,0.390584199,-2.151818674
AGAAGTAGTTAGGCCC-1_2_1_1,IR,gdT,T,9.651629044,-5.240557592
AGAAGTAGTTGAATCC-1_2_1_1,IR,T-Helper,T,0.896990908,2.294717867
AGAAGTATCTCCTACG-1_2_1_1,IR,Cytotoxic,T,0.05371332,-3.004985731
AGACAAAGTTCCGTTC-1_2_1_1,IR,Treg,T,4.131712509,-0.271965768
AGACACTAGGATGAGA-1_2_1_1,IR,gdT,T,8.689251495,-6.204543512
AGACACTTCATACAGC-1_2_1_1,IR,T-Helper,T,2.719102217,2.494229872
AGACAGGCAAGGACAC-1_2_1_1,IR,gdT,T,8.143643929,-6.586490076
AGACAGGCACAACGCC-1_2_1_1,IR,Cytotoxic,T,0.627588553,-4.013707798
AGACAGGCAGGTTCAT-1_2_1_1,IR,gdT,T,9.541638924,-5.366525095
AGACAGGTCATATGGC-1_2_1_1,IR,T-Helper,T,0.534160925,1.111448843
AGACCATAGCTCCATA-1_2_1_1,IR,NaiveT,T,-1.575956749,5.718102057
AGACCATGTGGCCACT-1_2_1_1,IR,NaiveT,T,1.697820259,7.543441374
AGACCATTCCCTTGTG-1_2_1_1,IR,NaiveT,T,0.157976253,8.277482111
AGACCCGAGTCGTTAC-1_2_1_1,IR,NKT,T,-4.37164061,-0.977602165
AGACCCGGTACCCGAC-1_2_1_1,IR,NaiveT,T,-0.837899612,6.329072554
AGACCCGGTGATACTC-1_2_1_1,IR,NK,NK,-6.181937145,-5.730610292
AGACCCGTCCACACAA-1_2_1_1,IR,gdT,T,2.407516075,0.558031459
AGACTCAAGATGCTGG-1_2_1_1,IR,NK,NK,-4.786396431,-4.426525037
AGACTCAGTTGAAGTA-1_2_1_1,IR,NK,NK,-4.685475277,-4.43913595
AGAGAATCAGTCAGAG-1_2_1_1,IR,NK,NK,-8.802039551,-6.403294008
AGAGAATGTAGGGTAC-1_2_1_1,IR,NKT,T,-4.940425323,-3.34994499
AGAGAATTCGCGCTGA-1_2_1_1,IR,Cytotoxic,T,-0.644502388,0.092309866
AGAGAGCAGCCGAACA-1_2_1_1,IR,NK,NK,-4.898624348,-5.278382223
AGAGAGCCAGCATACT-1_2_1_1,IR,Cytotoxic,T,-4.252701687,1.978702624
AGAGAGCGTGATGTAA-1_2_1_1,IR,NK,NK,-0.446887063,-4.111634653
AGAGCAGTCACCGGTG-1_2_1_1,IR,gdT,T,8.120189739,-5.888211649
AGAGCCCAGTTTCAGC-1_2_1_1,IR,Cytotoxic,T,-3.785396265,2.067087967
AGATAGACAGCGTATT-1_2_1_1,IR,NaiveT,T,-0.014306309,7.568257887
AGATCCAAGTAGGCCA-1_2_1_1,IR,TCM,T,0.984118117,6.303282816
AGATCGTGTCTTCAAG-1_2_1_1,IR,T-Helper,T,1.045064701,-3.092276018
AGATCGTGTGGACTGA-1_2_1_1,IR,NKT,T,-4.911231922,-2.726545732
AGATGAAAGAAGTCTA-1_2_1_1,IR,Cytotoxic,T,-3.441194223,2.580278237
AGATGAACAACGTTAC-1_2_1_1,IR,Cytotoxic,T,-1.728083657,1.034377534
AGATGAAGTACAGTCT-1_2_1_1,IR,gdT,T,8.407756401,-5.032490652
AGATGAAGTGCCTGAC-1_2_1_1,IR,NaiveT,T,-0.422540056,8.288192828
AGATGCTCAACGTATC-1_2_1_1,IR,NKT,T,-2.939105438,-2.190513771
AGCATCAAGGGATCTG-1_2_1_1,IR,ILC,ILC,7.374252392,1.829226692
AGCATCACATGAAAGT-1_2_1_1,IR,NK,NK,-5.406826424,-6.780130785
AGCATCAGTACAAACA-1_2_1_1,IR,gdT,T,10.41879232,-5.572900694
AGCATCAGTCCTCATC-1_2_1_1,IR,Cytotoxic,T,-3.700972485,-0.776702325
AGCATCAGTCGAACAG-1_2_1_1,IR,Treg,T,4.737652851,1.920520384
AGCATCATCGGATAAA-1_2_1_1,IR,T-Helper,T,0.913282586,1.383670289
AGCCAATTCCAGCCTT-1_2_1_1,IR,NK,NK,-5.200417923,-5.711302679
AGCCAATTCGATTGAC-1_2_1_1,IR,gdT,T,8.937689377,-5.742424409
AGCCAATTCGTTACCC-1_2_1_1,IR,T-Helper,T,1.537010385,0.706737418
AGCCACGAGCGGGTAT-1_2_1_1,IR,gdT,T,9.615775658,-7.092933576
AGCCACGAGTCAACAA-1_2_1_1,IR,ILC,ILC,6.295007301,1.889642794
AGCCACGCACAAGCCC-1_2_1_1,IR,gdT,T,8.812314583,-5.508371275
AGCCACGCAGTATGAA-1_2_1_1,IR,ILC,ILC,7.034401012,1.779099185
AGCCAGCGTATGAGGC-1_2_1_1,IR,Cytotoxic,T,-4.368364262,2.312369187
AGCGCCAAGGTTACCT-1_2_1_1,IR,NK,NK,-4.93384211,-5.000450056
AGCGCCACAGTTACCA-1_2_1_1,IR,T-Helper,T,0.322480811,0.999054749
AGCGCCATCATCACCC-1_2_1_1,IR,NaiveT,T,2.305430246,6.095386107
AGCGCTGCAATAAGGT-1_2_1_1,IR,Cytotoxic,T,0.129770344,-2.19969527
AGCGCTGCACCTGAAT-1_2_1_1,IR,T-DN,T,-0.339672076,-2.549884241
AGCGCTGTCGGTCTGG-1_2_1_1,IR,NaiveT,T,-1.116216706,8.033379633
AGCGTATGTACGATGG-1_2_1_1,IR,Cytotoxic,T,-5.276416706,0.149658624
AGCGTATTCTTAATCC-1_2_1_1,IR,NK,NK,-7.903894829,-5.342979829
AGCTACAAGTTGGCGA-1_2_1_1,IR,NK,NK,-7.654997276,-7.198750417
AGCTACACATTGCTTT-1_2_1_1,IR,T-Helper,T,1.310658647,-3.547702472
AGCTCAAAGCGTGTCC-1_2_1_1,IR,Treg,T,3.655196262,-0.117923863
AGCTTCCAGTATGACA-1_2_1_1,IR,NaiveT,T,9.193750931,-4.858709734
AGGAAATAGTATGTAG-1_2_1_1,IR,Cytotoxic,T,-1.797995852,1.119759281
AGGAAATGTCCTGTTC-1_2_1_1,IR,T-Helper,T,1.984835578,2.623211939
AGGAAATGTCTTTCTA-1_2_1_1,IR,Cytotoxic,T,-1.489110159,1.41474839
AGGAAATTCGCAGTCG-1_2_1_1,IR,T-Helper,T,1.862238837,0.734415371
AGGAATAAGACCAACG-1_2_1_1,IR,NK,NK,-5.907837318,-5.181063097
AGGAATAGTGGCACTC-1_2_1_1,IR,NaiveT,T,0.881004287,8.809992869
AGGACGAAGGACAAGA-1_2_1_1,IR,T-Helper,T,0.877032352,0.440670688
AGGACGAAGTCAGGGT-1_2_1_1,IR,Cytotoxic,T,0.511975093,-3.107785862
AGGACGAGTCCTCAGG-1_2_1_1,IR,NKT,T,-0.494558262,-1.925558965
AGGACGAGTCGTTGGC-1_2_1_1,IR,NaiveT,T,0.072341984,7.363315184
AGGACGATCACACCGG-1_2_1_1,IR,T-Helper,T,1.845360828,0.067350958
AGGAGGTGTGGAACCA-1_2_1_1,IR,gdT,T,9.63185556,-6.907265108
AGGATAAAGCTGTCCG-1_2_1_1,IR,T-Helper,T,1.405110312,0.408167143
AGGATAACAGTGCGCT-1_2_1_1,IR,NaiveT,T,-0.986685561,7.160458643
AGGATAAGTAGTCCTA-1_2_1_1,IR,T-Helper,T,0.895820631,0.754881818
AGGATAATCCCATAGA-1_2_1_1,IR,NK,NK,-5.336684631,-5.403776567
AGGATCTCACATCCCT-1_2_1_1,IR,NKT,T,-3.791469501,-2.708894413
AGGATCTGTCGTTGCG-1_2_1_1,IR,NaiveT,T,0.38029523,8.966532786
AGGATCTGTCTCACGG-1_2_1_1,IR,NKT,T,-4.520533489,-2.237280767
AGGATCTGTCTTCCGT-1_2_1_1,IR,NKT,T,-3.804759668,-2.313260238
AGGATCTTCGAGTGAG-1_2_1_1,IR,NK,NK,-5.015439915,-6.277127664
AGGATCTTCTATTCGT-1_2_1_1,IR,NaiveT,T,-0.29222353,7.154537756
AGGCATTAGCGTCGAA-1_2_1_1,IR,gdT,T,9.776443077,-5.276553075
AGGCATTCAGGATTCT-1_2_1_1,IR,NK,NK,-7.117793488,-5.253971021
AGGCATTGTGAAAGTT-1_2_1_1,IR,NKT,T,-4.691287445,-3.338385265
AGGCCACCACACGGTC-1_2_1_1,IR,NK,NK,-6.940944599,-6.492610853
AGGCCACGTCGTTTCC-1_2_1_1,IR,gdT,T,9.586655212,-6.056288164
AGGCCACTCGCCTAGG-1_2_1_1,IR,NK,NK,-5.177467751,-4.885532301
AGGCTGCAGGAGGGTG-1_2_1_1,IR,T-Helper,T,0.247585302,0.677104969
AGGCTGCAGGCCTAGA-1_2_1_1,IR,NK,NK,-1.390898632,-5.083541315
AGGCTGCGTGGCCACT-1_2_1_1,IR,gdT,T,2.100451065,-0.08870837
AGGCTGCTCGGAATGG-1_2_1_1,IR,T-Helper,T,0.841274811,1.300179083
AGGGCCTAGACCTCCG-1_2_1_1,IR,Treg,T,4.126347137,-0.008892346
AGGGCCTAGTGTTCAC-1_2_1_1,IR,T-DN,T,0.707650198,3.768671353
AGGGCCTCAAACACCT-1_2_1_1,IR,Cytotoxic,T,0.058656944,-4.280166547
AGGGCCTCAGAATGTA-1_2_1_1,IR,T-Helper,T,0.180822288,1.146051366
AGGGCTCAGTCTGTAC-1_2_1_1,IR,NK,NK,-6.411960052,-4.035208147
AGGGCTCGTGGGCTCT-1_2_1_1,IR,gdT,T,2.333796812,-0.265898969
AGGGCTCTCCACTAGA-1_2_1_1,IR,T-Helper,T,0.307958988,0.792203863
AGGGTCCAGCTGAAGC-1_2_1_1,IR,Treg,T,1.661056233,-2.355889957
AGGGTCCCAACTGGTT-1_2_1_1,IR,T-DN,T,1.297856761,3.289900143
AGGGTCCCAGTATGAA-1_2_1_1,IR,NK,NK,-8.119929718,-5.325899999
AGGGTCCCATCCCGTT-1_2_1_1,IR,NK,NK,-2.937771009,-2.362976949
AGGGTCCGTCACGACC-1_2_1_1,IR,NK,NK,-7.773864674,-7.809276025
AGGGTCCTCAGACCGC-1_2_1_1,IR,Cytotoxic,T,-4.53295462,1.400632937
AGGGTGAGTAGGATAT-1_2_1_1,IR,T-DN,T,0.341747118,3.13364299
AGGGTGATCCTTATCA-1_2_1_1,IR,Cytotoxic,T,-2.20142548,1.249824126
AGGGTTTCACCATATG-1_2_1_1,IR,NK,NK,-9.159266876,-6.700145166
AGGTAGGAGCAACAAT-1_2_1_1,IR,TCM,T,-1.315550732,3.549383719
AGGTAGGCATACTGAC-1_2_1_1,IR,Cytotoxic,T,-2.051253008,1.899409134
AGGTAGGTCCATGATG-1_2_1_1,IR,Cytotoxic,T,-4.190345215,2.77640279
AGGTCATAGCTAGAAT-1_2_1_1,IR,T-Helper,T,1.575649453,1.656380851
AGGTCATTCAGGACGA-1_2_1_1,IR,NK,NK,-8.250018524,-5.864710729
AGGTCTACACACCAGC-1_2_1_1,IR,NaiveT,T,0.455649419,7.292813857
AGGTGTTCATACCATG-1_2_1_1,IR,NK,NK,-7.328595566,-6.378237646
AGGTGTTTCCTCACTG-1_2_1_1,IR,NK,NK,-8.213526176,-6.772689741
AGGTTGTAGCGTTAGG-1_2_1_1,IR,NK,NK,-7.680788921,-7.157927911
AGGTTGTGTCCGAAAG-1_2_1_1,IR,gdT,T,7.898123814,-5.114936273
AGTAACCCAATGAAAC-1_2_1_1,IR,Cytotoxic,T,-0.158743965,-4.076349895
AGTAACCGTTGGAGAC-1_2_1_1,IR,Cytotoxic,T,-0.258016573,-4.08550803
AGTAACCTCGTCTACC-1_2_1_1,IR,T-Helper,T,1.088309778,-2.898888986
AGTAACCTCTGTTGGA-1_2_1_1,IR,Cytotoxic,T,-2.822112249,1.692271907
AGTACCAAGGTGCATG-1_2_1_1,IR,NaiveT,T,0.942045165,8.139448244
AGTACTGAGGTCATTC-1_2_1_1,IR,NKT,T,-4.797030376,-3.059467952
AGTACTGAGTAACGAT-1_2_1_1,IR,NK,NK,-7.435591625,-7.006844442
AGTACTGGTAGACTGG-1_2_1_1,IR,Cytotoxic,T,-2.30023949,0.0276918
AGTACTGGTTGACTAC-1_2_1_1,IR,gdT,T,8.527604652,-5.45723192
AGTACTGTCGTCGCTT-1_2_1_1,IR,T-Helper,T,0.138294183,-1.064832251
AGTAGCTAGGTAAAGG-1_2_1_1,IR,NK,NK,-5.418721603,-4.136664312
AGTAGCTCAAAGGGTC-1_2_1_1,IR,gdT,T,7.940088345,-5.9905142
AGTAGTCAGGTCCGAA-1_2_1_1,IR,NK,NK,-5.276996063,-4.907035272
AGTAGTCAGTCATTGC-1_2_1_1,IR,NK,NK,-2.376637863,-3.290552776
AGTAGTCTCTTTCGAT-1_2_1_1,IR,gdT,T,8.154194904,-4.966659944
AGTCAACGTGCCGAAA-1_2_1_1,IR,Cytotoxic,T,-2.569800304,2.022186358
AGTCAACTCACGGTCG-1_2_1_1,IR,TCM,T,-1.714510845,3.977569182
AGTCACAGTGCACGCT-1_2_1_1,IR,Cytotoxic,T,0.322307048,-3.142712276
AGTCATGAGAGCTGAC-1_2_1_1,IR,NK,NK,-5.760443615,-5.230113428
AGTCATGCAAGTATCC-1_2_1_1,IR,T-Helper,T,0.513373626,-0.511713903
AGTCATGGTAACCAGG-1_2_1_1,IR,NK,NK,-7.033143448,-6.371384065
AGTCATGGTCATAGTC-1_2_1_1,IR,Cytotoxic,T,0.86056955,-1.599501531
AGTCTCCAGGAAAGGT-1_2_1_1,IR,gdT,T,8.464264465,-5.10263149
AGTCTCCAGGCAGTCA-1_2_1_1,IR,NaiveT,T,0.628939254,7.650045473
AGTCTCCGTGAGAGGG-1_2_1_1,IR,NaiveT,T,-1.392672466,6.978846629
AGTCTCCTCAAACGTC-1_2_1_1,IR,Cytotoxic,T,-3.665700602,1.747519691
AGTCTCCTCTTGGCTC-1_2_1_1,IR,TCM,T,-1.599970626,3.658721049
AGTGACTAGGTTCATC-1_2_1_1,IR,Cytotoxic,T,-1.108400988,0.660521884
AGTGACTCATGAAGGC-1_2_1_1,IR,Cytotoxic,T,-4.242389606,-0.153622578
AGTGACTGTTGGGAAC-1_2_1_1,IR,NK,NK,-6.613433289,-7.062848966
AGTGACTTCTACCACC-1_2_1_1,IR,NK,NK,-6.347569393,-5.473759573
AGTGATCAGCCTCACG-1_2_1_1,IR,T-Helper,T,0.965898765,-0.758639495
AGTGATCAGGAACGCT-1_2_1_1,IR,T-Helper,T,2.186817719,2.232804377
AGTGATCAGGCCTGCT-1_2_1_1,IR,Cytotoxic,T,-0.805574404,0.004852224
AGTGATCCATTCATCT-1_2_1_1,IR,Cytotoxic,T,-0.563542174,-1.740174096
AGTGATCGTCGAATGG-1_2_1_1,IR,NK,NK,-8.353058266,-6.922673624
AGTGTTGAGCCTCGTG-1_2_1_1,IR,T-Helper,T,0.576061739,0.445648332
AGTTAGCCATCATTGG-1_2_1_1,IR,NKT,T,-3.781474279,-3.432561796
AGTTCCCAGCGATGCA-1_2_1_1,IR,T-DN,T,-4.658600258,-2.717507522
AGTTCCCCAGCTTTCC-1_2_1_1,IR,T-Helper,T,0.337681515,0.489110429
AGTTCCCGTCGATTAC-1_2_1_1,IR,T-DN,T,0.483035071,6.138558943
AGTTCCCTCTTCACGC-1_2_1_1,IR,NK,NK,-4.996830868,-4.994120042
AGTTCGACATAGCTGT-1_2_1_1,IR,gdT,T,9.038043571,-5.118113916
ATACCGATCCGTTTCG-1_2_1_1,IR,NaiveT,T,0.283767341,6.290753443
ATACCTTGTTCTCCAC-1_2_1_1,IR,NK,NK,-6.190781044,-6.27969877
ATACTTCAGGTTCACT-1_2_1_1,IR,T-DN,T,0.141714729,1.961993058
ATAGACCAGAATAACC-1_2_1_1,IR,Cytotoxic,T,-4.321820187,1.621955473
ATAGACCAGCATACTC-1_2_1_1,IR,NaiveT,T,-1.3350008,5.717263777
ATAGACCAGTTACGGG-1_2_1_1,IR,NKT,T,-4.467178272,-1.84654073
ATAGACCCACTACAGT-1_2_1_1,IR,gdT,T,9.893115593,-5.803801935
ATAGACCTCAGCGCGT-1_2_1_1,IR,gdT,T,2.401396585,-3.276437919
ATAGAGAGTGTTCGTA-1_2_1_1,IR,Cytotoxic,T,-1.642350601,-0.316300284
ATAGAGATCGATACGT-1_2_1_1,IR,Cytotoxic,T,-3.386192488,1.083162625
ATAGGCTCAATGCAGG-1_2_1_1,IR,gdT,T,8.239650322,-6.644559305
ATAGGCTGTCTCCTGT-1_2_1_1,IR,NaiveT,T,1.764355732,6.096200545
ATAGGCTTCAACGTGT-1_2_1_1,IR,gdT,T,8.494613243,-6.368501585
ATATCCTAGTCTAACC-1_2_1_1,IR,NK,NK,-6.650899815,-4.934739511
ATCACAGCACGGGTAA-1_2_1_1,IR,T-Helper,T,2.580145908,3.43429621
ATCACAGCATGGGATG-1_2_1_1,IR,TCM,T,-1.414185928,5.483805735
ATCACAGGTGCAGGAT-1_2_1_1,IR,Treg,T,3.241840435,1.686683376
ATCACAGGTGTAACGG-1_2_1_1,IR,NKT,T,-3.606449055,-2.514552038
ATCACGACAATTCACG-1_2_1_1,IR,T-Helper,T,0.443208856,-1.055286031
ATCACGACACAATGTC-1_2_1_1,IR,NK,NK,-6.287422585,-6.420710485
ATCACGACAGAAGCGT-1_2_1_1,IR,Cytotoxic,T,-3.382767128,1.50700875
ATCACGACATGTCAGT-1_2_1_1,IR,TCM,T,-1.504013585,5.038393576
ATCACGATCCCGAACG-1_2_1_1,IR,NK,NK,-5.24351828,-5.719035547
ATCACTTAGGATACGC-1_2_1_1,IR,Treg,T,3.445794655,1.759867031
ATCACTTCAACAAAGT-1_2_1_1,IR,NK,NK,-5.70368235,-5.692902486
ATCAGGTAGCCGCACT-1_2_1_1,IR,T-DN,T,-3.364259409,-1.263251345
ATCAGGTCATCGAACT-1_2_1_1,IR,NKT,T,-5.39313023,-2.065062802
ATCAGGTGTCACTCAA-1_2_1_1,IR,gdT,T,8.855286194,-6.395835321
ATCAGGTGTGGACCTC-1_2_1_1,IR,NKT,T,-5.085635113,-3.77077214
ATCAGGTTCACCTTGC-1_2_1_1,IR,Cytotoxic,T,-1.989752459,0.590549071
ATCAGGTTCAGTCATG-1_2_1_1,IR,NK,NK,-5.670772003,-4.610241335
ATCAGGTTCCTAGCCT-1_2_1_1,IR,T-Helper,T,-0.894131826,1.46814986
ATCATTCAGCGCCTCA-1_2_1_1,IR,gdT,T,9.023720337,-5.254099767
ATCATTCAGGCCTGAA-1_2_1_1,IR,NK,NK,-0.414399432,-4.561802785
ATCATTCGTAGACAGC-1_2_1_1,IR,NK,NK,-8.840277122,-6.234568994
ATCATTCGTGTTGAGG-1_2_1_1,IR,gdT,T,8.946669174,-5.257652681
ATCATTCTCGTCAGAT-1_2_1_1,IR,NK,NK,-1.163857984,-5.14296953
ATCATTCTCTCTGGTC-1_2_1_1,IR,gdT,T,8.839201523,-4.437571924
ATCCACCCAATCTCTT-1_2_1_1,IR,NK,NK,-2.481302427,-4.835096758
ATCCACCCACAGAGAC-1_2_1_1,IR,T-Helper,T,1.366140677,-3.261005085
ATCCACCCACTTGAAC-1_2_1_1,IR,TCM,T,-1.587966608,4.71224745
ATCCATTAGATGGGCT-1_2_1_1,IR,Treg,T,3.184902502,1.146882851
ATCCATTAGCCGGAAT-1_2_1_1,IR,gdT,T,8.271389557,-4.380647581
ATCCATTAGCGTCAGA-1_2_1_1,IR,NK,NK,-5.588163303,-6.000923078
ATCCATTCAGCGTGAA-1_2_1_1,IR,gdT,T,8.321223808,-5.885088365
ATCCATTGTTGGAGAC-1_2_1_1,IR,NKT,T,-3.670075344,-3.059957187
ATCCATTTCCCATGGG-1_2_1_1,IR,gdT,T,10.25876863,-5.413262289
ATCCCTGAGAACGTGC-1_2_1_1,IR,Treg,T,3.216213299,0.580473442
ATCCCTGGTAGAAACT-1_2_1_1,IR,NaiveT,T,0.910528494,5.86155947
ATCCGTCCAGGTGGAT-1_2_1_1,IR,Cytotoxic,T,-0.676092075,-0.157278072
ATCCGTCCATCCGCGA-1_2_1_1,IR,Cytotoxic,T,-2.98559277,0.86500289
ATCCGTCTCAGAGTTC-1_2_1_1,IR,NKT,T,-2.961306499,-2.611046474
ATCCGTCTCGGTCTGG-1_2_1_1,IR,Cytotoxic,T,-2.253249334,0.339626391
ATCCTATAGAAATGGG-1_2_1_1,IR,NaiveT,T,-1.314261364,6.112847884
ATCCTATCAAGTTTGC-1_2_1_1,IR,T-Helper,T,-0.096369611,-1.063110213
ATCCTATCAGTCGCTG-1_2_1_1,IR,ILC,ILC,6.584581448,1.508525808
ATCCTATGTCTCCTGT-1_2_1_1,IR,NK,NK,-2.782034801,-2.682221811
ATCCTATGTGGCCACT-1_2_1_1,IR,NK,NK,-7.030280041,-6.596012037
ATCCTATTCTCTGAGA-1_2_1_1,IR,gdT,T,2.865958286,0.677013595
ATCGATGAGTCATGGG-1_2_1_1,IR,NaiveT,T,-2.197860645,5.650179942
ATCGATGTCACGATAC-1_2_1_1,IR,Cytotoxic,T,-0.980053114,0.688331563
ATCGATGTCGCAACAT-1_2_1_1,IR,NaiveT,T,2.238201452,8.069974978
ATCGCCTGTACAAAGT-1_2_1_1,IR,Cytotoxic,T,-2.368857073,1.259947975
ATCGGATCAATGAGCG-1_2_1_1,IR,NKT,T,-3.621324228,-2.724491518
ATCGGATCACCACTGG-1_2_1_1,IR,Cytotoxic,T,-3.629793333,2.145650942
ATCGGATGTTTACGTG-1_2_1_1,IR,Treg,T,3.715700937,-0.193148974
ATCGGATTCGGTGTTA-1_2_1_1,IR,Cytotoxic,T,0.398753075,-3.848935049
ATCGGCGCAAAGACGC-1_2_1_1,IR,gdT,T,7.645292355,-4.827933233
ATCGGCGCAAGCTCTA-1_2_1_1,IR,T-Helper,T,2.618707253,2.302693922
ATCGGCGCAATCGCGC-1_2_1_1,IR,NaiveT,T,-0.29460262,6.743866522
ATCGGCGGTATCTTCT-1_2_1_1,IR,gdT,T,8.48812635,-5.473805349
ATCGGCGGTGGTCTCG-1_2_1_1,IR,Cytotoxic,T,-2.220717596,0.349165131
ATCGGCGGTTGTGGAG-1_2_1_1,IR,gdT,T,7.862032009,-6.511702936
ATCGTAGCAATGTGGG-1_2_1_1,IR,NKT,T,-5.100490021,-3.890030782
ATCGTAGCACTGCATA-1_2_1_1,IR,NK,NK,-8.87617247,-8.211169164
ATCGTAGCAGCCGTCA-1_2_1_1,IR,Cytotoxic,T,-1.36365776,-0.346816238
ATCGTCCAGGTGGCTA-1_2_1_1,IR,gdT,T,5.858346535,6.494012911
ATCGTCCAGTGTAGAT-1_2_1_1,IR,NK,NK,-5.434902119,-5.322898309
ATCGTCCCAGAACCGA-1_2_1_1,IR,T-Helper,T,2.094860149,0.833615382
ATCGTCCGTACGCTAT-1_2_1_1,IR,Cytotoxic,T,-1.602383064,0.008407574
ATCTCTAAGGTTCTTG-1_2_1_1,IR,T-Helper,T,0.265552161,-0.625948351
ATCTTCATCGATGCTA-1_2_1_1,IR,NK,NK,-4.519821571,-4.757674615
ATGAAAGCATCATTTC-1_2_1_1,IR,NK,NK,-8.265202927,-6.276981752
ATGAAAGGTATGCTTG-1_2_1_1,IR,NK,NK,-8.220801758,-5.833536069
ATGAAAGTCCAGTGTA-1_2_1_1,IR,NKT,T,-5.104725765,-6.835750024
ATGAAAGTCCCGATCT-1_2_1_1,IR,gdT,T,8.808715416,-5.741118353
ATGACCACATGTGACT-1_2_1_1,IR,T-Helper,T,0.920564605,2.514645417
ATGACCAGTACGTGAG-1_2_1_1,IR,NK,NK,-0.406193482,-3.977343242
ATGACCATCACATCAG-1_2_1_1,IR,NK,NK,-4.785889553,-4.111474435
ATGACCATCTCTCTTC-1_2_1_1,IR,NK,NK,-5.724281239,-4.539845388
ATGAGGGCAGTCGGTC-1_2_1_1,IR,NaiveT,T,-1.671207594,6.017340262
ATGAGGGTCGATAACC-1_2_1_1,IR,NaiveT,T,0.311726658,8.528939326
ATGAGTCCATCTGGGC-1_2_1_1,IR,NKT,T,-2.776431488,-0.465941261
ATGATCGTCGACCCAG-1_2_1_1,IR,Cytotoxic,T,-4.093527245,1.299008806
ATGCATGTCTATTGTC-1_2_1_1,IR,gdT,T,7.660410477,-5.400485437
ATGCCTCAGTGGTGAC-1_2_1_1,IR,NKT,T,-3.849136757,-2.382639806
ATGCCTCGTCTTTCAT-1_2_1_1,IR,gdT,T,8.827602936,-5.789539259
ATGCCTCGTTACGGAG-1_2_1_1,IR,NaiveT,T,1.118325068,7.071710188
ATGCGATAGAACAAGG-1_2_1_1,IR,T-Helper,T,-0.388119208,0.12497044
ATGGAGGCAAAGGTTA-1_2_1_1,IR,Cytotoxic,T,-5.237071918,0.345119585
ATGGAGGTCTCGCCTA-1_2_1_1,IR,T-Helper,T,1.050839139,-2.61876909
ATGGATCCACTGAATC-1_2_1_1,IR,Cytotoxic,T,0.823429299,-1.529995959
ATGGATCTCTGCCTGT-1_2_1_1,IR,Cytotoxic,T,-3.855705189,2.657478411
ATGGGTTAGCAGGGAG-1_2_1_1,IR,gdT,T,9.263853622,-5.187832277
ATGGGTTCAGAGTTCT-1_2_1_1,IR,T-Helper,T,1.545445157,2.808359702
ATGGTTGAGTCCCGGT-1_2_1_1,IR,gdT,T,9.417276932,-6.218634527
ATGTCCCTCGACCATA-1_2_1_1,IR,Cytotoxic,T,0.594152732,-3.124694507
ATGTCTTCATCGCTAA-1_2_1_1,IR,Treg,T,2.917694641,1.991225798
ATTACCTAGATAGCTA-1_2_1_1,IR,gdT,T,8.740857674,-4.552563112
ATTACCTAGTGAATAC-1_2_1_1,IR,NaiveT,T,0.540980501,7.380256731
ATTACCTCAACCAACT-1_2_1_1,IR,Cytotoxic,T,-0.057266073,-4.045235317
ATTACCTCACGTTGGC-1_2_1_1,IR,Treg,T,6.421229435,1.450866778
ATTACTCGTGTTGACT-1_2_1_1,IR,NK,NK,-7.000691818,-6.190325658
ATTATCCCAATGCAGG-1_2_1_1,IR,NKT,T,-5.26051371,-4.090639989
ATTATCCTCATCACCC-1_2_1_1,IR,gdT,T,8.248696877,-5.934444826
ATTCACTAGTCAGAGC-1_2_1_1,IR,NaiveT,T,-1.962319063,5.779866774
ATTCACTCATCCGTGG-1_2_1_1,IR,NK,NK,-5.72117989,-6.269568365
ATTCACTTCGGTTAGT-1_2_1_1,IR,Cytotoxic,T,-4.898392605,1.434944827
ATTCAGGTCATGGAGG-1_2_1_1,IR,gdT,T,8.44790609,-6.123826425
ATTCAGGTCGTACCTC-1_2_1_1,IR,gdT,T,7.797293259,-6.193635862
ATTCAGGTCTCTATAC-1_2_1_1,IR,NaiveT,T,2.079381896,6.260276396
ATTCATCAGACCAGAC-1_2_1_1,IR,Cytotoxic,T,-4.635787891,1.303515513
ATTCATCAGTTCCATG-1_2_1_1,IR,NaiveT,T,-0.534491467,7.992900927
ATTCCATTCACTTATC-1_2_1_1,IR,NKT,T,-3.705692219,-2.977928798
ATTCCCGAGCTGTCCG-1_2_1_1,IR,NK,NK,-6.877209114,-6.976635378
ATTCCCGCATGAGAAT-1_2_1_1,IR,Cytotoxic,T,-0.800850677,-0.986019592
ATTCCCGGTACAGCGA-1_2_1_1,IR,T-DN,T,0.771069301,3.355950911
ATTCCCGTCCCGAGTG-1_2_1_1,IR,gdT,T,9.306674553,-5.412180345
ATTCCTACAGCACACC-1_2_1_1,IR,T-Helper,T,0.396499632,-0.949013333
ATTCCTAGTCACGTGC-1_2_1_1,IR,NaiveT,T,-0.295000302,7.0089732
ATTCGTTCACCCAAGC-1_2_1_1,IR,T-Helper,T,2.364716364,2.634539444
ATTCGTTCATGTCTAG-1_2_1_1,IR,NaiveT,T,0.653566701,7.019223769
ATTCGTTGTCCGGTCA-1_2_1_1,IR,NK,NK,-6.493285107,-6.544989507
ATTCTTGGTACCTAAC-1_2_1_1,IR,NK,NK,-6.776644634,-6.012680929
ATTCTTGGTGAATTGA-1_2_1_1,IR,NK,NK,-7.908615517,-5.253814142
ATTGGGTGTAGGAGGG-1_2_1_1,IR,Cytotoxic,T,0.2430974,-1.983752172
ATTGTTCAGAGTTCGG-1_2_1_1,IR,NK,NK,-5.704109119,-5.927211206
ATTGTTCTCACGATCA-1_2_1_1,IR,gdT,T,9.018609596,-3.949717205
ATTGTTCTCGGTAGGA-1_2_1_1,IR,NK,NK,-1.498149561,-3.902136724
ATTTACCCACGACGAA-1_2_1_1,IR,T-DN,T,-0.029985475,2.529995758
ATTTACCGTTGCGAAG-1_2_1_1,IR,T-Helper,T,1.197249604,-3.375332754
ATTTACCTCCGTGGTG-1_2_1_1,IR,T-Helper,T,0.258963263,0.572577495
ATTTCACCACATGTTG-1_2_1_1,IR,NK,NK,-8.144567894,-8.514344137
ATTTCACGTACTGAGG-1_2_1_1,IR,T-DN,T,-3.401782917,-2.998195331
ATTTCACTCCTCATAT-1_2_1_1,IR,NaiveT,T,1.73063202,6.055816252
ATTTCTGAGCTGTTAC-1_2_1_1,IR,Cytotoxic,T,-3.64695661,2.119234879
ATTTCTGAGGCACCAA-1_2_1_1,IR,T-Helper,T,1.380313588,2.470399935
ATTTCTGCACAGTACT-1_2_1_1,IR,NK,NK,-5.879926132,-6.535039823
CAAAGAACAAAGACGC-1_2_1_1,IR,NK,NK,-6.126713203,-6.748847406
CAAAGAAGTATGTGTC-1_2_1_1,IR,gdT,T,8.98491819,-6.225043218
CAACAACAGGTACATA-1_2_1_1,IR,NaiveT,T,1.033966375,8.992736895
CAACAACAGTTGTACC-1_2_1_1,IR,gdT,T,9.458444191,-7.045279901
CAACAACCAGCTTTGA-1_2_1_1,IR,NaiveT,T,2.405714584,7.522536833
CAACAACGTCGTACAT-1_2_1_1,IR,T-Helper,T,2.980015589,1.963095505
CAACAACTCACTAGCA-1_2_1_1,IR,NaiveT,T,0.294237031,8.820917208
CAACAACTCACTCCGT-1_2_1_1,IR,NaiveT,T,2.250911785,7.168392737
CAACAACTCTCTTGCG-1_2_1_1,IR,NKT,T,-5.397262978,-1.197186272
CAACAGTAGGCAGTCA-1_2_1_1,IR,NaiveT,T,1.414922548,8.741314013
CAACAGTGTAATGCGG-1_2_1_1,IR,NK,NK,-5.384929584,-5.83639137
CAACAGTTCAGCGCAC-1_2_1_1,IR,NK,NK,-4.788061069,-4.663176458
CAACCAAGTTACCGTA-1_2_1_1,IR,T-Helper,T,1.161316765,1.169899423
CAACCTCAGCCTTTCC-1_2_1_1,IR,gdT,T,3.04183252,0.800311882
CAACCTCCATGACGGA-1_2_1_1,IR,T-Helper,T,2.283501936,2.972548563
CAACCTCTCGAAATCC-1_2_1_1,IR,Cytotoxic,T,-2.777421164,1.804593522
CAACCTCTCTTAGCCC-1_2_1_1,IR,NK,NK,-7.735547947,-6.001482408
CAACGATAGTGGGAAA-1_2_1_1,IR,gdT,T,8.856419159,-5.006501596
CAACGATGTGTATTGC-1_2_1_1,IR,NK,NK,-5.447424816,-7.327837865
CAAGACTAGCTGGCTC-1_2_1_1,IR,NK,NK,-8.406292366,-6.045819204
CAAGACTAGTAGACCG-1_2_1_1,IR,NK,NK,-7.924034523,-5.198551576
CAAGACTCAGCTCCTT-1_2_1_1,IR,T-Helper,T,8.594076706,-3.60607044
CAAGACTGTATGAGGC-1_2_1_1,IR,T-Helper,T,1.493992282,-0.347298097
CAAGACTGTCCTGTCT-1_2_1_1,IR,Cytotoxic,T,-2.815237688,1.30008002
CAAGACTTCAACGAGG-1_2_1_1,IR,ILC,ILC,8.359903885,1.259505231
CAAGAGGGTACTCCCT-1_2_1_1,IR,NKT,T,-3.808678555,-2.527505558
CAAGGGACAGGCGTTC-1_2_1_1,IR,NK,NK,-5.642271923,-5.979283731
CAAGGGATCTTCACAT-1_2_1_1,IR,gdT,T,8.643717361,-5.758270662
CAATACGAGATAGCTA-1_2_1_1,IR,gdT,T,2.547028614,0.335102368
CAATACGAGTCCGCGT-1_2_1_1,IR,NK,NK,-1.087987589,-4.979973238
CAATACGAGTGCACCC-1_2_1_1,IR,gdT,T,9.88992746,-5.226381223
CAATACGTCCATAAGC-1_2_1_1,IR,gdT,T,9.032960487,-5.586069028
CAATCGATCCCGAATA-1_2_1_1,IR,NaiveT,T,-0.791982459,8.002861102
CAATCGATCTACCACC-1_2_1_1,IR,NaiveT,T,1.275342299,8.057271082
CAATGACAGTGGTTGG-1_2_1_1,IR,Cytotoxic,T,-1.311927127,1.208998997
CAATGACTCACACCGG-1_2_1_1,IR,NKT,T,-5.332918571,-2.175209444
CAATGACTCGAGAATA-1_2_1_1,IR,gdT,T,10.03163297,-6.146285455
CAATGACTCTCAGAAC-1_2_1_1,IR,NK,NK,-5.718482899,-6.116581838
CAATTTCAGATAGCAT-1_2_1_1,IR,T-Helper,T,0.148102475,2.152689536
CAATTTCAGGACTTCT-1_2_1_1,IR,NK,NK,-8.318176674,-6.999256055
CAATTTCAGGCTTTCA-1_2_1_1,IR,Cytotoxic,T,-4.151812958,1.887258966
CAATTTCCAAATGCTC-1_2_1_1,IR,NaiveT,T,2.188379122,6.461014826
CAATTTCCATGCCGAC-1_2_1_1,IR,gdT,T,9.774061752,-7.251034181
CAATTTCCATGTCTAG-1_2_1_1,IR,NaiveT,T,-0.669344412,5.986366827
CACAACACACAGCCAC-1_2_1_1,IR,NKT,T,-4.986436771,-2.7929403
CACAGATTCTAAACGC-1_2_1_1,IR,Cytotoxic,T,0.489782316,-3.731380146
CACAGGCCACTTCAAG-1_2_1_1,IR,NK,NK,-5.756321835,-4.111804407
CACAGGCTCCATAGAC-1_2_1_1,IR,NK,NK,-7.34608643,-4.804301183
CACATGAAGATGTAGT-1_2_1_1,IR,T-Helper,T,0.503695262,1.174159725
CACATGAAGTATGATG-1_2_1_1,IR,NaiveT,T,-0.916007804,7.088884432
CACATGATCAGGGATG-1_2_1_1,IR,T-Helper,T,-0.316962229,-0.34787723
CACATGATCTGCCCTA-1_2_1_1,IR,gdT,T,10.08167417,-5.369594495
CACCAAAGTAATCAAG-1_2_1_1,IR,gdT,T,8.948714806,-5.079545419
CACCAAATCCATCTGC-1_2_1_1,IR,Cytotoxic,T,-0.928937124,0.71497621
CACCGTTAGGATTACA-1_2_1_1,IR,gdT,T,7.043294502,-5.791278284
CACCGTTAGTTCAACC-1_2_1_1,IR,gdT,T,8.726082397,-5.93118326
CACCGTTCAAGTATAG-1_2_1_1,IR,NKT,T,-3.791989969,-1.448645036
CACCGTTGTACACGCC-1_2_1_1,IR,gdT,T,8.147259308,-5.381392877
CACCGTTGTCAAAGAT-1_2_1_1,IR,NaiveT,T,-1.18604021,7.132618983
CACCGTTGTTGCATCA-1_2_1_1,IR,NaiveT,T,2.067004038,7.197905619
CACCGTTTCATGAGTC-1_2_1_1,IR,Cytotoxic,T,0.670121802,-4.118047636
CACGAATCACCAGTTA-1_2_1_1,IR,NK,NK,-6.017313408,-5.410551946
CACGGGTAGATGGCAC-1_2_1_1,IR,gdT,T,7.797209812,-6.278659265
CACGGGTCAACCGTGC-1_2_1_1,IR,T-Helper,T,2.04402299,2.539556343
CACGGGTGTTACCTGA-1_2_1_1,IR,NKT,T,-3.194795774,-2.400882881
CACGTGGGTGGGAGAG-1_2_1_1,IR,NK,NK,-6.290338444,-6.124832552
CACGTTCAGCAAGTCG-1_2_1_1,IR,T-DN,T,0.715089632,3.122663577
CACGTTCAGCAGCCCT-1_2_1_1,IR,NK,NK,-4.06439011,-3.711445968
CACGTTCAGGCATGGT-1_2_1_1,IR,NK,NK,-6.369348454,-6.838707368
CACGTTCCAGAACATA-1_2_1_1,IR,NK,NK,-7.020412373,-5.452423494
CACTAAGCACTCTCGT-1_2_1_1,IR,Cytotoxic,T,-3.95527594,3.091081698
CACTAAGCATGGCTGC-1_2_1_1,IR,gdT,T,9.487916542,-5.38392822
CACTAAGGTTCTCTCG-1_2_1_1,IR,T-Helper,T,1.278073145,1.791479309
CACTGAACACTTTAGG-1_2_1_1,IR,NaiveT,T,-0.904935526,7.408886034
CACTGAACATGGGATG-1_2_1_1,IR,gdT,T,8.328338219,-4.896623056
CACTGTCAGTGCAGGT-1_2_1_1,IR,NaiveT,T,0.216657499,7.622356017
CACTGTCCAGGCCCTA-1_2_1_1,IR,NKT,T,-3.832733797,-2.616981905
CACTGTCGTACTCGAT-1_2_1_1,IR,gdT,T,7.502831055,-5.758272092
CACTGTCGTGACATCT-1_2_1_1,IR,T-Helper,T,2.334184481,0.707889099
CACTTCGCAAAGGGTC-1_2_1_1,IR,NaiveT,T,0.737662924,8.175193865
CACTTCGGTCACAGAG-1_2_1_1,IR,gdT,T,10.25139959,-5.56079809
CAGAGCCAGATAGCAT-1_2_1_1,IR,NaiveT,T,1.96088059,7.261942465
CAGAGCCGTGGCAACA-1_2_1_1,IR,T-Helper,T,2.291491819,2.708316405
CAGATACAGCAGGGAG-1_2_1_1,IR,Treg,T,2.970129086,3.669828017
CAGATACAGTATTCCG-1_2_1_1,IR,gdT,T,9.857057167,-4.695537965
CAGATACCAACAGAGC-1_2_1_1,IR,Cytotoxic,T,-4.689360546,-0.182376038
CAGATACCAACTTCTT-1_2_1_1,IR,NK,NK,-6.605730938,-6.839164178
CAGATACCATTGTAGC-1_2_1_1,IR,NK,NK,-5.899776863,-6.069731157
CAGATACTCGGCCAAC-1_2_1_1,IR,Cytotoxic,T,-2.377356695,1.548858602
CAGATCACATCTAGAC-1_2_1_1,IR,gdT,T,9.198806358,-5.174373548
CAGATCATCACCTCGT-1_2_1_1,IR,T-DN,T,0.674407078,2.571472723
CAGATTGCAAAGACTA-1_2_1_1,IR,gdT,T,8.580109192,-5.267353933
CAGATTGCAAGTCGTT-1_2_1_1,IR,gdT,T,8.373984886,-5.815108698
CAGCACGAGAAGATCT-1_2_1_1,IR,NKT,T,-0.781301068,-2.42828099
CAGCACGGTTGTCCCT-1_2_1_1,IR,Cytotoxic,T,-0.951780485,-1.121362369
CAGCCAGAGAGGGTAA-1_2_1_1,IR,T-Helper,T,0.203176724,-0.647801321
CAGCCAGAGGAGAATG-1_2_1_1,IR,Cytotoxic,T,-3.145808147,0.130237881
CAGCCAGAGGCGACAT-1_2_1_1,IR,NKT,T,-4.5943722,-2.943272989
CAGCCAGAGTCGGGAT-1_2_1_1,IR,gdT,T,9.988500191,-4.728411596
CAGCCAGAGTGGAATT-1_2_1_1,IR,NKT,T,-4.830026077,-1.927455824
CAGCCAGTCGATGCTA-1_2_1_1,IR,gdT,T,8.893018318,-7.047293584
CAGGCCAGTTCCGTTC-1_2_1_1,IR,NKT,T,-5.358359741,-1.938999097
CAGGCCATCTTCCACG-1_2_1_1,IR,NK,NK,-9.207561897,-8.070552747
CAGGGCTAGAGTTGCG-1_2_1_1,IR,NaiveT,T,2.081292821,6.890914996
CAGGGCTAGCAACCAG-1_2_1_1,IR,NK,NK,-1.032651352,-5.011040132
CAGGGCTCACCAAATC-1_2_1_1,IR,NaiveT,T,-1.714284109,6.496026595
CAGGTATGTCATATGC-1_2_1_1,IR,NK,NK,-5.464919018,-4.373089712
CAGGTATGTGTTAAAG-1_2_1_1,IR,Cytotoxic,T,-2.827492403,1.685678799
CAGGTATTCTGGTGCG-1_2_1_1,IR,NKT,T,-4.769562649,-2.050014775
CAGTGCGCACGTCTCT-1_2_1_1,IR,NKT,T,-4.492209839,-2.629531543
CAGTGCGGTAGCACAG-1_2_1_1,IR,TCM,T,-2.040406393,4.67835911
CAGTTAGGTATAATGG-1_2_1_1,IR,Other,Other,5.652926041,6.842549879
CAGTTCCAGCGATTCT-1_2_1_1,IR,NK,NK,-6.640335487,-6.653810899
CAGTTCCCATAAGCAA-1_2_1_1,IR,NKT,T,-5.706018375,-1.960347574
CATAAGCAGGTATTGA-1_2_1_1,IR,NKT,T,-1.511475848,-1.945491116
CATAAGCAGTCCCGAC-1_2_1_1,IR,gdT,T,9.30307634,-4.752839964
CATAAGCCAAGAGGTC-1_2_1_1,IR,Cytotoxic,T,-1.610457348,1.668832738
CATAAGCCAGTTGTCA-1_2_1_1,IR,T-DN,T,0.082052266,1.758801181
CATAAGCGTTACCGTA-1_2_1_1,IR,NK,NK,-0.328093337,-4.195659559
CATAAGCGTTCGGTCG-1_2_1_1,IR,Cytotoxic,T,-2.115295814,1.02482744
CATACAGAGCCTAGGA-1_2_1_1,IR,NK,NK,-7.816625999,-5.856012266
CATACAGCATGTCTAG-1_2_1_1,IR,NaiveT,T,2.150194598,6.2912937
CATACAGGTCTACGTA-1_2_1_1,IR,Treg,T,3.840313269,0.673449118
CATACAGTCAAGTCTG-1_2_1_1,IR,T-Helper,T,1.293971373,1.784703691
CATACAGTCTTCTCAA-1_2_1_1,IR,Cytotoxic,T,-0.333451228,-4.449880998
CATACCCGTACGTAGG-1_2_1_1,IR,NK,NK,-8.212524818,-7.181823175
CATACCCGTTGCAAGG-1_2_1_1,IR,NK,NK,-0.588328825,-4.645285051
CATACTTAGACGACTG-1_2_1_1,IR,gdT,T,9.884148193,-7.195569437
CATACTTCAACCTAAC-1_2_1_1,IR,NK,NK,-4.856942104,-3.763372343
CATACTTCACAAGTTC-1_2_1_1,IR,Cytotoxic,T,-2.741269516,1.805329163
CATACTTCACCCTTGT-1_2_1_1,IR,NaiveT,T,2.30590613,7.518847544
CATACTTGTCTACACA-1_2_1_1,IR,gdT,T,8.488423897,-4.049893539
CATACTTTCATTCCTA-1_2_1_1,IR,Cytotoxic,T,-1.3609771,1.731668074
CATCAAGCAACACGTT-1_2_1_1,IR,T-DN,T,-0.046794521,2.060351689
CATCAAGCACCCAAGC-1_2_1_1,IR,NKT,T,-5.06314938,-1.556876462
CATCCACCACACGGAA-1_2_1_1,IR,Treg,T,3.40429051,-0.204737085
CATCCACCAGTATGAA-1_2_1_1,IR,NK,NK,-7.059736179,-5.854710024
CATCCACTCAACTCTT-1_2_1_1,IR,NaiveT,T,2.847412659,7.14888056
CATCCCAGTTAAACAG-1_2_1_1,IR,gdT,T,9.742116524,-5.216632764
CATCCCATCAGTGTGT-1_2_1_1,IR,TCM,T,-1.605157541,3.884463389
CATCCGTAGAGATCGC-1_2_1_1,IR,Treg,T,3.546083523,-0.223735373
CATCCGTCATCAGTGT-1_2_1_1,IR,Cytotoxic,T,-3.426983522,1.017422755
CATCCGTGTCCTGGTG-1_2_1_1,IR,T-Helper,T,1.265216661,0.80953284
CATCGCTCACTTGACA-1_2_1_1,IR,T-Helper,T,2.3993078,3.692418177
CATCGCTGTGCCGTAC-1_2_1_1,IR,NaiveT,T,1.169960214,6.255429346
CATCGCTGTGGTATGG-1_2_1_1,IR,gdT,T,9.998252464,-6.712525289
CATCGGGAGCTGTGCC-1_2_1_1,IR,NaiveT,T,2.247480942,7.661959727
CATCGGGCAGCACACC-1_2_1_1,IR,T-DN,T,-0.002819168,2.040984948
CATCGGGTCCGATAAC-1_2_1_1,IR,gdT,T,7.877363754,-6.361746233
CATCGGGTCGGCTGTG-1_2_1_1,IR,gdT,T,9.991498543,-5.406443517
CATCGTCGTCCTTAAG-1_2_1_1,IR,gdT,T,10.02678163,-7.137559812
CATCGTCGTGGTACAG-1_2_1_1,IR,NKT,T,-3.466687845,-3.494653862
CATCGTCTCGCTCTCA-1_2_1_1,IR,NK,NK,-0.216024088,-4.178213041
CATCGTCTCGTGTCAA-1_2_1_1,IR,T-Helper,T,2.205886436,2.9617997
CATGAGTGTATATGGA-1_2_1_1,IR,NaiveT,T,0.705351723,6.59661587
CATGAGTGTGAGCTCC-1_2_1_1,IR,gdT,T,7.712623192,-5.566315572
CATGAGTGTTCTTCAT-1_2_1_1,IR,NaiveT,T,-1.358936833,6.926739294
CATGCAACAGCCCACA-1_2_1_1,IR,Cytotoxic,T,-1.274101304,0.013351512
CATGCAAGTTGCAACT-1_2_1_1,IR,NK,NK,-4.695282387,-4.30670778
CATGCCTAGGTAGTCG-1_2_1_1,IR,T-Helper,T,2.367920948,3.14613374
CATGCCTAGGTATCTC-1_2_1_1,IR,NK,NK,-7.711005138,-5.46885721
CATGCCTCAGGTGAGT-1_2_1_1,IR,NK,NK,-1.323918747,-4.868850153
CATGCCTTCTATCGGA-1_2_1_1,IR,NaiveT,T,2.019175125,8.614547808
CATGCGGAGCAAGTGC-1_2_1_1,IR,gdT,T,2.474578215,-2.987003725
CATGCGGTCCCGTGAG-1_2_1_1,IR,Treg,T,3.572101189,-0.046765569
CATGCTCCAAGATGGC-1_2_1_1,IR,T-Helper,T,0.483893854,-1.028954189
CATGCTCCAGCGTACC-1_2_1_1,IR,NKT,T,-3.783557343,-3.540135543
CATGGATCAACCACGC-1_2_1_1,IR,T-DN,T,-0.422220694,-1.388948481
CATGGATTCTCTGCTG-1_2_1_1,IR,Cytotoxic,T,-4.256513046,0.765930016
CATGGTATCAATCTTC-1_2_1_1,IR,Cytotoxic,T,-3.35437982,1.705089648
CATGGTATCGCCGTGA-1_2_1_1,IR,NK,NK,-4.941851543,-5.095177095
CATTCATAGATCGCTT-1_2_1_1,IR,Cytotoxic,T,-3.345376896,0.915192206
CATTCATTCCTAACAG-1_2_1_1,IR,Other,Other,5.743426872,6.82221039
CATTCATTCGCCTTGT-1_2_1_1,IR,gdT,T,9.745637489,-4.515335004
CATTCCGAGCCTGACC-1_2_1_1,IR,Cytotoxic,T,-4.470262932,1.148396332
CATTCTAGTCTGCATA-1_2_1_1,IR,Cytotoxic,T,-3.501357006,1.914904673
CATTCTATCGGAGCAA-1_2_1_1,IR,gdT,T,7.965690208,-5.930102747
CATTGAGCAGAGAATT-1_2_1_1,IR,NaiveT,T,-1.816299247,6.471293528
CATTGAGTCTCCGAAA-1_2_1_1,IR,Cytotoxic,T,0.178496688,-2.089555066
CATTGCCCAGATCATC-1_2_1_1,IR,NK,NK,-6.017671036,-6.526798647
CATTGCCGTACTCAAC-1_2_1_1,IR,NaiveT,T,1.068922235,6.72209986
CATTGCCGTGATTCAC-1_2_1_1,IR,gdT,T,8.835830284,-5.598330419
CATTGTTCAGATGCGA-1_2_1_1,IR,gdT,T,7.863895966,-6.052020471
CATTGTTGTATGGTAA-1_2_1_1,IR,NK,NK,-4.888809608,-5.435839574
CATTGTTTCTCAGTCC-1_2_1_1,IR,T-Helper,T,1.673117233,2.422330458
CATTTCACAATAGGAT-1_2_1_1,IR,NaiveT,T,0.353992162,7.295059283
CATTTCAGTAAGTTAG-1_2_1_1,IR,NK,NK,-8.15264933,-7.37259094
CATTTCAGTCGACTTA-1_2_1_1,IR,NK,NK,-4.923190998,-4.767342489
CATTTCAGTGTCGATT-1_2_1_1,IR,NaiveT,T,2.342063976,6.70554312
CATTTCATCTACGGTA-1_2_1_1,IR,Cytotoxic,T,-2.80967872,0.306947399
CCAAGCGCAAGGCTTT-1_2_1_1,IR,Cytotoxic,T,-4.876724648,1.384354908
CCAAGCGGTGAATTAG-1_2_1_1,IR,Cytotoxic,T,-3.335288691,1.134566386
CCAATGAAGACGTCGA-1_2_1_1,IR,Cytotoxic,T,0.622521443,-3.322048347
CCAATTTAGAGCCTGA-1_2_1_1,IR,NK,NK,-6.738434719,-6.464009206
CCAATTTAGTGGTGAC-1_2_1_1,IR,T-Helper,T,2.692293716,1.965737421
CCAATTTGTGGGAGAG-1_2_1_1,IR,gdT,T,8.373822762,-6.891682546
CCACAAACACAGACGA-1_2_1_1,IR,T-DN,T,0.196998026,2.417746861
CCACAAACACGTAGAG-1_2_1_1,IR,Cytotoxic,T,-2.103543447,1.418899019
CCACACTAGAAGCTCG-1_2_1_1,IR,NK,NK,-6.894423412,-6.604156892
CCACACTGTGGATCGA-1_2_1_1,IR,NaiveT,T,-0.164395319,6.421541769
CCACCATGTAATACCC-1_2_1_1,IR,gdT,T,9.663530899,-4.54769079
CCACCATGTTATCTTC-1_2_1_1,IR,NK,NK,-5.721939491,-5.442575376
CCACCATTCAGTGGGA-1_2_1_1,IR,Treg,T,3.022062613,-0.500660311
CCACGAGAGACGGTTG-1_2_1_1,IR,Cytotoxic,T,-2.348457502,0.083854337
CCACGAGTCGATACAC-1_2_1_1,IR,Cytotoxic,T,-4.318090366,2.400006373
CCACGTTCAACTGCCG-1_2_1_1,IR,NK,NK,-8.124720978,-6.364538114
CCACGTTTCTCTAGGA-1_2_1_1,IR,gdT,T,2.149917556,-2.905313413
CCACTTGAGACATAAC-1_2_1_1,IR,NK,NK,-3.769400524,-3.624574821
CCACTTGAGCATGCAG-1_2_1_1,IR,Other,Other,6.359230114,6.891668398
CCACTTGTCAGGCGAA-1_2_1_1,IR,NaiveT,T,-0.385159539,6.553519804
CCATAAGCACCCAATA-1_2_1_1,IR,NK,NK,-4.929914402,-4.215556543
CCATAAGCAGCAAGAC-1_2_1_1,IR,gdT,T,10.20742662,-5.502192896
CCATAAGTCAACGAGG-1_2_1_1,IR,T-DN,T,0.014971806,2.898350556
CCATAAGTCAGCTGAT-1_2_1_1,IR,NaiveT,T,0.216823703,7.211913664
CCATCACAGACCCTTA-1_2_1_1,IR,Cytotoxic,T,-0.721983301,0.221149434
CCATCACTCACCTACC-1_2_1_1,IR,T-DN,T,0.107017672,2.464005072
CCATCACTCGTTCAGA-1_2_1_1,IR,Cytotoxic,T,-2.405385183,1.060334403
CCATCACTCTCTCAAT-1_2_1_1,IR,NaiveT,T,-1.625626134,5.624274332
CCCGGAAAGTTGAAAC-1_2_1_1,IR,NK,NK,-6.247254299,-6.487017076
CCCGGAAGTTCTCTAT-1_2_1_1,IR,Cytotoxic,T,-0.05007002,0.625450988
CCCTAACAGATACCAA-1_2_1_1,IR,T-Helper,T,0.41205549,0.02712052
CCCTAACAGGTCGTCC-1_2_1_1,IR,NaiveT,T,-0.849316405,5.776999552
CCCTAACGTACGATGG-1_2_1_1,IR,Cytotoxic,T,-2.628022837,4.394923766
CCCTAACGTCAAATCC-1_2_1_1,IR,gdT,T,7.643085075,-6.634002607
CCCTCAAGTATTCCTT-1_2_1_1,IR,NK,NK,-4.985437321,-4.275281828
CCCTCTCAGGGTCTTT-1_2_1_1,IR,gdT,T,9.952930046,-5.681890886
CCCTCTCCAAAGCAAT-1_2_1_1,IR,gdT,T,9.888242317,-6.796615522
CCCTGATCAGAAATTG-1_2_1_1,IR,NaiveT,T,0.419485254,7.502684195
CCCTGATCATATGCGT-1_2_1_1,IR,NaiveT,T,0.3662201,7.323627074
CCCTGATGTCGTGTTA-1_2_1_1,IR,ILC,ILC,8.280693604,0.914575655
CCCTTAGAGCTCGTGC-1_2_1_1,IR,NKT,T,-0.653508114,-1.545887869
CCCTTAGAGGTATCTC-1_2_1_1,IR,T-Helper,T,1.694611264,2.861129601
CCCTTAGCAAGAGTTA-1_2_1_1,IR,gdT,T,7.666458202,-6.363572519
CCCTTAGGTTCCGGTG-1_2_1_1,IR,NK,NK,-7.417756008,-7.89346544
CCGAACGGTATCATGC-1_2_1_1,IR,Cytotoxic,T,-2.894982504,1.69294091
CCGAACGGTGTTATCG-1_2_1_1,IR,NKT,T,-3.896208691,-2.349372785
CCGATCTAGAAGCCTG-1_2_1_1,IR,NaiveT,T,-0.861379312,8.267953951
CCGATCTCAGGAAGTC-1_2_1_1,IR,Cytotoxic,T,-0.096389162,0.046070416
CCGATCTGTAGGACCA-1_2_1_1,IR,NKT,T,-4.993691849,-3.234947603
CCGATCTGTGATGTAA-1_2_1_1,IR,Cytotoxic,T,-1.428858565,1.260404308
CCGATCTTCGAACCAT-1_2_1_1,IR,NaiveT,T,0.769860102,8.610649187
CCGATGGAGGGATCGT-1_2_1_1,IR,gdT,T,9.889205528,-6.566576402
CCGATGGGTAGCTTTG-1_2_1_1,IR,NaiveT,T,-0.364278482,6.877823431
CCGATGGGTCTTCGAA-1_2_1_1,IR,NaiveT,T,1.349690033,7.512963374
CCGCAAGGTCGCGGTT-1_2_1_1,IR,T-Helper,T,1.82751782,1.163763959
CCGCAAGTCGAGTGAG-1_2_1_1,IR,gdT,T,8.364306999,-4.856281679
CCGGACAAGGGCAACT-1_2_1_1,IR,NK,NK,-0.508857059,-4.591370504
CCGGACACAACCGCCA-1_2_1_1,IR,NaiveT,T,-0.74489169,5.923600275
CCGGACAGTATTAAGG-1_2_1_1,IR,Cytotoxic,T,-5.17975037,0.463570137
CCGGACATCCAGTGCG-1_2_1_1,IR,Treg,T,3.272996737,0.938933451
CCGGGTACACCTGTCT-1_2_1_1,IR,gdT,T,8.635925842,-5.682903211
CCGGGTACATGATGCT-1_2_1_1,IR,Cytotoxic,T,-2.67396109,1.221902807
CCGGTAGGTAGCTGCC-1_2_1_1,IR,TCM,T,-1.816525148,5.251707156
CCGGTGACAGCCTACG-1_2_1_1,IR,gdT,T,8.36533506,-7.104840677
CCGGTGACATGATAGA-1_2_1_1,IR,Cytotoxic,T,0.103603514,-3.269576709
CCGGTGAGTCCAGCGT-1_2_1_1,IR,T-Helper,T,1.206145717,0.520952363
CCGTAGGAGCTCCACG-1_2_1_1,IR,gdT,T,2.280855728,-0.257228206
CCGTAGGAGTCGCCAC-1_2_1_1,IR,NKT,T,-5.248951839,-1.518636625
CCGTAGGCACCGTGGT-1_2_1_1,IR,Cytotoxic,T,-3.013762163,1.014772017
CCGTAGGGTAGTATAG-1_2_1_1,IR,NK,NK,-8.387285637,-5.971622865
CCGTTCACAGAACTAA-1_2_1_1,IR,gdT,T,9.858935905,-5.224395673
CCGTTCAGTGGAAATT-1_2_1_1,IR,gdT,T,7.787219597,-4.602195661
CCGTTCATCTAGCCTC-1_2_1_1,IR,T-Helper,T,-0.326550352,1.433136899
CCGTTCATCTCATGGA-1_2_1_1,IR,gdT,T,7.727473331,-5.443046491
CCTAACCAGCGAGTAC-1_2_1_1,IR,Cytotoxic,T,-3.88076918,1.704570372
CCTAACCCAGGACTAG-1_2_1_1,IR,T-Helper,T,0.256790569,-4.334002893
CCTAACCTCTGGGATT-1_2_1_1,IR,T-Helper,T,-0.134837883,1.695320446
CCTACGTAGTTTCAGC-1_2_1_1,IR,TCM,T,-0.61752783,1.246314008
CCTACGTCAAATAGCA-1_2_1_1,IR,T-Helper,T,2.619825674,1.589284141
CCTACGTCAGAGTTGG-1_2_1_1,IR,gdT,T,7.915756298,-6.233592432
CCTACGTGTGCAATAA-1_2_1_1,IR,T-Helper,T,2.280551029,3.329379876
CCTATCGAGGACTATA-1_2_1_1,IR,Cytotoxic,T,-3.289102482,1.632933099
CCTATCGAGTACAGCG-1_2_1_1,IR,NK,NK,-7.255454945,-5.583271902
CCTATCGCACTCCTTG-1_2_1_1,IR,Cytotoxic,T,-2.556179928,2.086762507
CCTATCGGTGGCTTGC-1_2_1_1,IR,gdT,T,9.47977121,-6.634288709
CCTCAACAGCTTTCTT-1_2_1_1,IR,T-Helper,T,-0.062976109,-0.182580534
CCTCAACAGGAGTATT-1_2_1_1,IR,NK,NK,-1.125920581,-4.841334741
CCTCAACGTCAGACTT-1_2_1_1,IR,NK,NK,-8.724560188,-7.16945545
CCTCACAAGCACCTGC-1_2_1_1,IR,Treg,T,3.50131662,1.408510168
CCTCACACACCACATA-1_2_1_1,IR,gdT,T,9.738386704,-4.576809805
CCTCAGTAGAGTTGCG-1_2_1_1,IR,NK,NK,-7.674189495,-6.62866823
CCTCAGTAGATGGTAT-1_2_1_1,IR,Cytotoxic,T,-2.103040146,0.008811895
CCTCAGTGTATGTCCA-1_2_1_1,IR,gdT,T,9.552404953,-4.786645811
CCTCAGTTCCAAGCCG-1_2_1_1,IR,T-Helper,T,2.771474911,2.495941241
CCTCATGAGTGAGTTA-1_2_1_1,IR,NKT,T,-4.396526264,-1.557106774
CCTCATGGTTCGGCGT-1_2_1_1,IR,NK,NK,-6.515916275,-5.964086454
CCTCCAAAGGCGATAC-1_2_1_1,IR,gdT,T,8.365892006,-5.61114208
CCTCCAACAGGCTCTG-1_2_1_1,IR,T-DN,T,0.111579327,2.610574562
CCTCCAACATGGACAG-1_2_1_1,IR,Cytotoxic,T,-4.878611492,0.630463798
CCTCCAAGTAGGTCAG-1_2_1_1,IR,NaiveT,T,2.197484327,8.704077799
CCTCCAAGTGTCGCTG-1_2_1_1,IR,NK,NK,-6.34328978,-7.038243215
CCTCCTCAGACCTCAT-1_2_1_1,IR,NK,NK,-8.197092461,-7.774670999
CCTCCTCAGTTCGGTT-1_2_1_1,IR,Cytotoxic,T,-4.765229629,1.475802619
CCTCCTCCACATCCCT-1_2_1_1,IR,gdT,T,9.376261307,-5.126025598
CCTCCTCGTGCGGATA-1_2_1_1,IR,gdT,T,8.041841103,-5.463002126
CCTCTAGAGAAGCTCG-1_2_1_1,IR,gdT,T,9.919326378,-7.115000169
CCTCTAGAGAGAACCC-1_2_1_1,IR,Cytotoxic,T,-3.200107264,3.793260653
CCTCTAGCAGTTGTCA-1_2_1_1,IR,Cytotoxic,T,-2.865012573,0.933381278
CCTCTAGTCAGCCCAG-1_2_1_1,IR,gdT,T,8.857204987,-5.845570009
CCTCTAGTCGCTTAAG-1_2_1_1,IR,NKT,T,-4.462348865,-3.508245866
CCTGCATCACTACAGT-1_2_1_1,IR,Treg,T,2.781720711,1.692459304
CCTGCATGTTCGATTG-1_2_1_1,IR,Cytotoxic,T,-2.616586851,2.114277441
CCTGCATTCCTAACAG-1_2_1_1,IR,T-DN,T,-0.097863929,2.326074202
CCTGTTGAGATCCTAC-1_2_1_1,IR,gdT,T,2.203200651,-2.463331382
CCTGTTGCATACTTTC-1_2_1_1,IR,NaiveT,T,2.691930843,8.200388033
CCTGTTGTCCTCTCTT-1_2_1_1,IR,T-Helper,T,0.877377344,-3.791578691
CCTGTTGTCGACCATA-1_2_1_1,IR,NaiveT,T,2.152492596,6.242296774
CCTTCAGCACTAGTAC-1_2_1_1,IR,NK,NK,-0.805101501,-4.498370092
CCTTGTGAGTCTCCTC-1_2_1_1,IR,gdT,T,9.129505707,-4.647908609
CCTTGTGCAGGCGAAT-1_2_1_1,IR,Cytotoxic,T,-3.609770464,-1.822450798
CCTTTGGAGAAGTCAT-1_2_1_1,IR,NaiveT,T,1.401748611,7.508317072
CCTTTGGAGAGCCGAT-1_2_1_1,IR,NKT,T,-3.663829493,-3.780797165
CCTTTGGCAGCAGAAC-1_2_1_1,IR,gdT,T,7.490122391,-5.128613393
CCTTTGGTCGGAATTC-1_2_1_1,IR,Cytotoxic,T,-2.932290005,0.238527287
CCTTTGGTCTCTGACC-1_2_1_1,IR,Cytotoxic,T,-2.634235786,1.580488522
CGAAGGAAGCGTGTCC-1_2_1_1,IR,NK,NK,-6.106462406,-5.029094141
CGAAGGAAGTTATGGA-1_2_1_1,IR,NaiveT,T,0.633357597,7.646213133
CGAAGGACATCAGTGT-1_2_1_1,IR,Cytotoxic,T,-3.622625994,0.430187483
CGAAGGATCGGTAAGG-1_2_1_1,IR,NaiveT,T,-0.160350697,7.461206992
CGAAGTTAGAAAGTCT-1_2_1_1,IR,NaiveT,T,-1.413551258,7.101862986
CGAAGTTGTAGATGTA-1_2_1_1,IR,NaiveT,T,1.948105408,7.139506419
CGAAGTTGTATGTCAC-1_2_1_1,IR,gdT,T,7.783832146,-5.593563001
CGAAGTTTCTAAGAAG-1_2_1_1,IR,NKT,T,-4.933621811,-2.504085224
CGAATTGAGCCAACCC-1_2_1_1,IR,TCM,T,-1.283049273,5.147317965
CGAATTGTCGACCAAT-1_2_1_1,IR,NK,NK,-5.767583775,-5.755056779
CGACAGCCAAGGATGC-1_2_1_1,IR,gdT,T,8.213851524,-6.816510599
CGACAGCCAGTAGTGG-1_2_1_1,IR,gdT,T,9.509096695,-5.122976225
CGACAGCCATATCGGT-1_2_1_1,IR,Cytotoxic,T,-4.651712345,1.447442014
CGACAGCGTGAATTAG-1_2_1_1,IR,NKT,T,-3.325565981,-2.413263719
CGACAGCGTGGCATCC-1_2_1_1,IR,NKT,T,-5.321372437,-2.75163595
CGAGAAGAGGGAGGGT-1_2_1_1,IR,NaiveT,T,-0.764904248,8.098217089
CGAGAAGAGGTAAACT-1_2_1_1,IR,TCM,T,-1.656064795,3.620282013
CGAGAAGCACCCTATC-1_2_1_1,IR,NaiveT,T,0.367049305,7.750192244
CGAGAAGCATTGCTGA-1_2_1_1,IR,NaiveT,T,1.59598167,7.174146731
CGAGAAGGTCATTGCA-1_2_1_1,IR,Treg,T,3.534555508,-0.295510005
CGAGAAGTCCGAGAAG-1_2_1_1,IR,ILC,ILC,7.742987705,1.578846176
CGAGGAACACGATAGG-1_2_1_1,IR,gdT,T,8.100523067,-5.822220247
CGAGGAAGTACAAACA-1_2_1_1,IR,Cytotoxic,T,-2.784670996,1.135565836
CGAGGAAGTCGCGTTG-1_2_1_1,IR,NK,NK,-8.082936691,-5.590835493
CGAGGAATCCTGTAAG-1_2_1_1,IR,T-Helper,T,1.660762621,2.509410937
CGAGGCTGTGCATGTT-1_2_1_1,IR,NK,NK,-7.708392548,-6.442576807
CGAGGCTGTTCCTACC-1_2_1_1,IR,gdT,T,8.644633842,-4.70743839
CGAGGCTGTTGAATCC-1_2_1_1,IR,NKT,T,-0.883047627,-1.368264835
CGAGTGCAGCCTTTGA-1_2_1_1,IR,gdT,T,8.64252813,-6.484764497
CGAGTGCCAAGCACAG-1_2_1_1,IR,NK,NK,-6.413994717,-5.031055372
CGAGTGCGTTTGTGGT-1_2_1_1,IR,NK,NK,-5.215031551,-4.213844698
CGAGTTAAGAGGACTC-1_2_1_1,IR,gdT,T,3.021462513,0.639409323
CGAGTTACAGACAAAT-1_2_1_1,IR,T-Helper,T,0.431753142,1.418007572
CGAGTTAGTTACGATC-1_2_1_1,IR,NK,NK,-1.144481586,-4.980272215
CGATCGGAGATCGCTT-1_2_1_1,IR,gdT,T,8.106190754,-5.163995187
CGATCGGAGTCATTGC-1_2_1_1,IR,gdT,T,10.03842599,-4.962343137
CGATCGGGTAGCTTTG-1_2_1_1,IR,T-Helper,T,-0.020506324,-1.237490575
CGATCGGGTGAACCGA-1_2_1_1,IR,NKT,T,-4.812017845,-2.697104614
CGATCGGTCACAATGC-1_2_1_1,IR,NaiveT,T,1.251146747,8.71192177
CGATGCGGTTTGGCTA-1_2_1_1,IR,NK,NK,-4.516560482,-3.44669811
CGATGGCGTATTGCCA-1_2_1_1,IR,NaiveT,T,1.926622702,7.787279208
CGATGGCGTTCCGGTG-1_2_1_1,IR,gdT,T,8.689374519,-4.818861406
CGCAGGTCAGCAGTGA-1_2_1_1,IR,T-Helper,T,2.741490675,1.948435624
CGCAGGTCAGGGAGAG-1_2_1_1,IR,NKT,T,-4.926009106,-1.966508072
CGCAGGTCAGTCAGCC-1_2_1_1,IR,T-Helper,T,2.214240147,1.252877433
CGCAGGTGTGACAACG-1_2_1_1,IR,T-Helper,T,0.999255551,2.380740244
CGCATAACAAAGGCGT-1_2_1_1,IR,NK,NK,-7.152460979,-7.495645921
CGCATAAGTCGCTCGA-1_2_1_1,IR,T-Helper,T,2.325088573,2.410436709
CGCATAAGTTGCATAC-1_2_1_1,IR,NKT,T,-5.350142406,-1.702536147
CGCATGGTCGAGCACC-1_2_1_1,IR,NK,NK,-7.231881546,-6.807082574
CGCCAGACATGCGGTC-1_2_1_1,IR,Cytotoxic,T,-3.98782103,-0.000397298
CGCCAGAGTACAGAAT-1_2_1_1,IR,Treg,T,3.648105217,-0.399677466
CGCCATTGTACAGTCT-1_2_1_1,IR,T-Helper,T,0.596012009,1.454784233
CGCCATTGTGTCGATT-1_2_1_1,IR,Cytotoxic,T,-1.194420861,-0.076744375
CGCCATTTCACAATGC-1_2_1_1,IR,NaiveT,T,1.725456668,7.431554396
CGCGTGAAGACCAGCA-1_2_1_1,IR,NaiveT,T,-0.189757006,8.575765688
CGCGTGAGTTCTTGTT-1_2_1_1,IR,T-Helper,T,0.575012131,1.199653108
CGGAACCAGAGCGACT-1_2_1_1,IR,Treg,T,3.905326916,-0.438266169
CGGAACCAGTGGTGAC-1_2_1_1,IR,gdT,T,7.381665779,-4.930761736
CGGAACCGTCTGTAGT-1_2_1_1,IR,NK,NK,-5.692942547,-6.632746141
CGGAATTAGCGAGGAG-1_2_1_1,IR,NK,NK,-5.108872818,-5.110361497
CGGAATTCATAGGCGA-1_2_1_1,IR,NKT,T,-4.436325001,-1.901563685
CGGAATTGTTGCATTG-1_2_1_1,IR,T-DN,T,0.511643005,3.054856379
CGGAATTTCCCTCTCC-1_2_1_1,IR,NaiveT,T,-0.173316049,7.767887671
CGGACACTCAACTACG-1_2_1_1,IR,NK,NK,-6.019013332,-6.762832563
CGGAGAAAGGGTACAC-1_2_1_1,IR,gdT,T,9.394153191,-5.429962556
CGGAGAACAAGTTCGT-1_2_1_1,IR,NaiveT,T,1.288125945,8.438749392
CGGAGAAGTAGGATAT-1_2_1_1,IR,gdT,T,7.325799061,-6.341821115
CGGAGAATCCATCACC-1_2_1_1,IR,Cytotoxic,T,-4.2303447,0.925510008
CGGCAGTCAGGCTTGC-1_2_1_1,IR,NaiveT,T,2.300356222,6.64568146
CGGCAGTTCAGCGCAC-1_2_1_1,IR,NKT,T,-3.727116512,-2.381934326
CGGCAGTTCTGCCTGT-1_2_1_1,IR,gdT,T,9.361895157,-4.514157217
CGGGACTCACTGAGGA-1_2_1_1,IR,Cytotoxic,T,0.291999889,-2.921932142
CGGGACTGTTTGTTGG-1_2_1_1,IR,NK,NK,-7.167359756,-5.853948991
CGGGCATAGAAGTCAT-1_2_1_1,IR,TCM,T,-1.093431162,4.723949034
CGGGCATAGCTTTGTG-1_2_1_1,IR,NK,NK,-2.43660848,-2.961035173
CGGGCATGTCTGTGCG-1_2_1_1,IR,T-Helper,T,1.919892026,0.455237646
CGGGTCACACGGTGAA-1_2_1_1,IR,gdT,T,8.562182976,-5.062287729
CGGGTCAGTACCGGCT-1_2_1_1,IR,NaiveT,T,-1.355822252,6.563746054
CGGGTGTGTACAAGCG-1_2_1_1,IR,Cytotoxic,T,-2.136791634,-0.063353289
CGGGTGTTCGTCCTCA-1_2_1_1,IR,Cytotoxic,T,-1.485226439,-0.146939065
CGGTCAGGTATGGTAA-1_2_1_1,IR,NKT,T,-5.543353008,-1.95483772
CGTAAGTCACACCTAA-1_2_1_1,IR,Cytotoxic,T,0.170888258,-4.249461572
CGTAAGTGTAGTTCCA-1_2_1_1,IR,T-Helper,T,1.398701383,1.660600622
CGTAAGTTCATCCTGC-1_2_1_1,IR,gdT,T,8.119082047,-6.696898382
CGTAATGGTGAATAAC-1_2_1_1,IR,NaiveT,T,-0.847047495,6.530016501
CGTAGTAGTAGATTGA-1_2_1_1,IR,NK,NK,-8.685555862,-8.518009107
CGTCAAACATGGGTTT-1_2_1_1,IR,Cytotoxic,T,-2.234728025,0.136785064
CGTCAAAGTGTGTGGA-1_2_1_1,IR,NaiveT,T,0.392676679,8.685987551
CGTCAAATCGTGCACG-1_2_1_1,IR,T-Helper,T,2.360920025,2.969996531
CGTCCATCAATTGGTC-1_2_1_1,IR,T-Helper,T,1.343077255,2.321560461
CGTCCATCATGCCGCA-1_2_1_1,IR,Cytotoxic,T,-2.61160438,1.325882156
CGTGAATAGCTATCTG-1_2_1_1,IR,T-Helper,T,1.804059816,0.060032476
CGTGAATAGGTGATCG-1_2_1_1,IR,gdT,T,7.820143295,-5.32033674
CGTGAATTCGTCGGGT-1_2_1_1,IR,gdT,T,7.122997833,-5.610485475
CGTGAATTCTAACGGT-1_2_1_1,IR,NKT,T,-3.665754246,-2.539165657
CGTGATAAGTCAATCC-1_2_1_1,IR,Cytotoxic,T,-1.901680635,0.399503757
CGTGATACACCAGGTC-1_2_1_1,IR,NKT,T,-6.264117645,-2.330890577
CGTGATAGTAAGGAGA-1_2_1_1,IR,NK,NK,-6.260839867,-5.748277109
CGTGATATCCACTGGG-1_2_1_1,IR,NaiveT,T,2.552417112,7.380137522
CGTGCTTCACAAAGTA-1_2_1_1,IR,NKT,T,-4.484931396,-2.731443565
CGTGCTTTCTACGCGG-1_2_1_1,IR,gdT,T,8.06503923,-5.192429464
CGTGTCTAGCTAAGTA-1_2_1_1,IR,NKT,T,-4.469375061,-3.43998019
CGTGTCTCACCGGTCA-1_2_1_1,IR,T-Helper,T,1.618688894,-0.153117701
CGTTAGATCTCGTTTA-1_2_1_1,IR,Treg,T,2.667864395,-1.733088772
CGTTCTGGTCTCAAGT-1_2_1_1,IR,NaiveT,T,1.668290926,6.743101675
CGTTCTGGTTCTTCAT-1_2_1_1,IR,NK,NK,-8.405177521,-6.084768217
CGTTCTGTCGGCTATA-1_2_1_1,IR,ILC,ILC,9.372576309,2.528979857
CGTTGGGGTCTCCTGT-1_2_1_1,IR,T-Helper,T,0.663943214,-4.144148748
CGTTGGGTCGTTATCT-1_2_1_1,IR,NK,NK,-6.457643913,-7.561794679
CTAACCCAGCGATCGA-1_2_1_1,IR,NaiveT,T,-1.406967091,7.102357466
CTAACCCGTCATGGCC-1_2_1_1,IR,NK,NK,-2.427031445,-3.204526107
CTAACCCGTTAAGGAT-1_2_1_1,IR,gdT,T,7.760590149,-6.762373369
CTAACTTGTGCAACAG-1_2_1_1,IR,Cytotoxic,T,-4.158770489,0.005177025
CTAACTTTCATTACGG-1_2_1_1,IR,T-Helper,T,-0.427047895,-1.054697435
CTAAGTGCATAGTCAC-1_2_1_1,IR,gdT,T,8.593213631,-4.595456522
CTAAGTGGTCACGACC-1_2_1_1,IR,NKT,T,-3.566133665,-1.970918696
CTAAGTGTCATCACTT-1_2_1_1,IR,NK,NK,-7.087449955,-5.932656686
CTACAGACAATCGCCG-1_2_1_1,IR,NKT,T,-4.700478481,-0.589348893
CTACAGATCGTGGGAA-1_2_1_1,IR,NK,NK,-5.530955719,-5.87856714
CTACATTAGGCATTTC-1_2_1_1,IR,Cytotoxic,T,0.348316071,-3.584350031
CTACATTGTACCGTGC-1_2_1_1,IR,T-Helper,T,0.173767766,-1.252708237
CTACATTGTATGCTTG-1_2_1_1,IR,Cytotoxic,T,-3.830540823,3.037396033
CTACATTGTGGCCACT-1_2_1_1,IR,T-DN,T,-3.421546864,-1.457380216
CTACATTTCACCTGTC-1_2_1_1,IR,NaiveT,T,2.167292191,7.11803921
CTACATTTCACGGGCT-1_2_1_1,IR,gdT,T,9.386861397,-4.667961519
CTACCCAAGGAAGTAG-1_2_1_1,IR,NaiveT,T,-0.125316965,7.567319949
CTACCCAGTTGTTGTG-1_2_1_1,IR,Treg,T,4.357574535,1.924733717
CTACCCATCCGCACGA-1_2_1_1,IR,gdT,T,9.111030174,-5.205643098
CTACCTGAGAGAAGGT-1_2_1_1,IR,T-Helper,T,1.192826105,-2.967029255
CTACCTGAGTATGATG-1_2_1_1,IR,NKT,T,-3.636170315,-2.313425939
CTACGGGAGTCGGCAA-1_2_1_1,IR,Cytotoxic,T,-1.968530821,1.17364486
CTACGGGCAGAGCCCT-1_2_1_1,IR,NK,NK,-0.915679144,-4.981128614
CTACGGGGTACCTTCC-1_2_1_1,IR,T-Helper,T,2.102507068,1.502732236
CTACGGGTCCTCTCTT-1_2_1_1,IR,NK,NK,-8.680276321,-6.662399213
CTACTATAGTAAGACT-1_2_1_1,IR,Cytotoxic,T,-5.47525351,0.181592841
CTACTATTCCTCTAGC-1_2_1_1,IR,T-DN,T,-3.948438095,-1.724541586
CTAGACACAGTTGCGC-1_2_1_1,IR,NaiveT,T,-1.164223122,6.893792708
CTAGACAGTCACCTTC-1_2_1_1,IR,gdT,T,8.698928429,-5.740517061
CTAGACAGTCCCAAAT-1_2_1_1,IR,T-Helper,T,1.458032084,1.072717864
CTAGGTAGTTCAAGGG-1_2_1_1,IR,gdT,T,1.827365948,-0.047703035
CTAGGTATCAACCTTT-1_2_1_1,IR,NaiveT,T,1.796448899,6.37412842
CTATCCGCAAATTGGA-1_2_1_1,IR,gdT,T,7.821762634,-5.919168871
CTATCCGTCACTTGTT-1_2_1_1,IR,T-DN,T,-0.788466262,-1.199584406
CTATCTACAATCAAGA-1_2_1_1,IR,NKT,T,-0.713898884,-1.541496675
CTATCTAGTCGTGGTC-1_2_1_1,IR,Cytotoxic,T,-3.892865585,2.130204756
CTATCTATCTGTTGGA-1_2_1_1,IR,Cytotoxic,T,-4.436724113,1.530603845
CTCAACCTCCACGGGT-1_2_1_1,IR,NKT,T,-4.63170998,-3.279571216
CTCAACCTCTGTCGTC-1_2_1_1,IR,NK,NK,-7.914566444,-6.001707952
CTCAAGAGTCACAGTT-1_2_1_1,IR,T-Helper,T,1.295945717,-3.283921163
CTCAATTAGTTCCTGA-1_2_1_1,IR,NK,NK,-8.242637085,-6.714465063
CTCAATTCAGCTCCTT-1_2_1_1,IR,NKT,T,-4.444307255,-2.673687141
CTCAATTGTCGTTGGC-1_2_1_1,IR,NK,NK,-5.843110489,-5.373349111
CTCACTGAGCCAAGTG-1_2_1_1,IR,gdT,T,8.748126579,-5.242280405
CTCACTGGTGCTTATG-1_2_1_1,IR,Treg,T,3.285974098,-0.327498328
CTCACTGGTTCTAACG-1_2_1_1,IR,Cytotoxic,T,-4.199954437,1.971119959
CTCAGAATCACCCTCA-1_2_1_1,IR,NK,NK,-5.214972424,-5.117749612
CTCAGGGCAGGAGGAG-1_2_1_1,IR,Cytotoxic,T,-3.110970186,0.38353746
CTCAGGGCATTGACCA-1_2_1_1,IR,T-Helper,T,1.991636706,2.128613551
CTCAGGGGTACGGTTT-1_2_1_1,IR,Cytotoxic,T,-1.441804217,0.229713817
CTCAGGGTCCTTGAAG-1_2_1_1,IR,gdT,T,8.191551758,-6.55770294
CTCAGGGTCGAGAAAT-1_2_1_1,IR,T-Helper,T,-0.159708159,0.35710733
CTCAGTCAGCCTCGTG-1_2_1_1,IR,Cytotoxic,T,0.222082617,-2.832684915
CTCAGTCGTCATCGGC-1_2_1_1,IR,NK,NK,-7.464847969,-6.509788911
CTCAGTCTCATTCTTG-1_2_1_1,IR,gdT,T,7.815482212,-5.859615724
CTCATCGAGTGATTCC-1_2_1_1,IR,Cytotoxic,T,0.050807601,-4.144626062
CTCATCGCAACCTAAC-1_2_1_1,IR,gdT,T,8.900848938,-6.598708074
CTCATGCAGAGTCCGA-1_2_1_1,IR,NaiveT,T,-1.651303457,6.399733145
CTCATGCCAGATCCTA-1_2_1_1,IR,Cytotoxic,T,-3.573492455,2.013459999
CTCATGCGTGTTCCAA-1_2_1_1,IR,NK,NK,-5.980064796,-7.028561514
CTCATTATCCATGCAA-1_2_1_1,IR,T-Helper,T,2.415790869,3.285558302
CTCCAACTCGTGGACC-1_2_1_1,IR,Treg,T,3.652539564,-0.143587034
CTCCACACAGAGTTCT-1_2_1_1,IR,Treg,T,2.783634735,4.692279417
CTCCACAGTAAGTAGT-1_2_1_1,IR,NK,NK,-8.846013473,-7.497521322
CTCCACATCCTTCACG-1_2_1_1,IR,Cytotoxic,T,-4.239764618,2.713389952
CTCCATGAGCCTGCCA-1_2_1_1,IR,T-Helper,T,1.522221757,1.032255132
CTCCCAACATAGCACT-1_2_1_1,IR,NK,NK,-6.513270306,-6.258950632
CTCCCAATCGTGTGAT-1_2_1_1,IR,Treg,T,4.134005142,-0.238322641
CTCCCTCAGATCGACG-1_2_1_1,IR,Treg,T,3.989737345,0.144066561
CTCCCTCAGGGCGAGA-1_2_1_1,IR,Cytotoxic,T,0.421598418,-3.76781575
CTCCCTCGTACCTGTA-1_2_1_1,IR,NK,NK,-8.998974251,-8.139541547
CTCCCTCTCCGTGTCT-1_2_1_1,IR,T-Helper,T,2.213096214,1.313731153
CTCCGATGTAACACGG-1_2_1_1,IR,Cytotoxic,T,-2.235398458,5.171996195
CTCCGATGTTGCGGCT-1_2_1_1,IR,NK,NK,-6.264802383,-6.823601167
CTCCGATTCTGGCCGA-1_2_1_1,IR,Cytotoxic,T,-2.223135637,0.567586918
CTCCGATTCTTTCAGT-1_2_1_1,IR,NK,NK,-8.479874062,-6.440465372
CTCCTCCCACCTCAGG-1_2_1_1,IR,gdT,T,9.792126251,-4.451607626
CTCCTCCCAGCTTCCT-1_2_1_1,IR,gdT,T,9.694157196,-4.697711866
CTCCTCCGTTGGGATG-1_2_1_1,IR,Cytotoxic,T,-4.776647972,0.663846869
CTCCTTTCACTCCCTA-1_2_1_1,IR,gdT,T,9.708025528,-5.319728296
CTCCTTTTCGTCAACA-1_2_1_1,IR,Cytotoxic,T,-0.647966968,-3.497062605
CTCGAGGAGCCGTAAG-1_2_1_1,IR,T-DN,T,-0.972042965,-0.11277893
CTCTCAGTCCAAGCCG-1_2_1_1,IR,NaiveT,T,1.424135996,6.177099783
CTCTCGAAGTGCGACA-1_2_1_1,IR,NK,NK,-8.674273895,-8.265716474
CTCTCGACAAAGCTAA-1_2_1_1,IR,NK,NK,-5.157370495,-4.986452024
CTCTCGAGTACTCAAC-1_2_1_1,IR,gdT,T,8.572604729,-6.404156129
CTCTGGTAGACGATAT-1_2_1_1,IR,gdT,T,2.180571152,-3.321505706
CTCTGGTAGACTGTTC-1_2_1_1,IR,Cytotoxic,T,-0.760217773,-0.861184518
CTCTGGTAGGTTCACT-1_2_1_1,IR,NaiveT,T,0.745613409,7.95077141
CTCTGGTCACATGTTG-1_2_1_1,IR,gdT,T,8.199123932,-4.115444582
CTCTGGTTCGCTTAAG-1_2_1_1,IR,Cytotoxic,T,-3.04213612,0.92825659
CTGAATGAGCTTCATG-1_2_1_1,IR,NK,NK,-1.271479534,-4.53202049
CTGAATGAGTCATAGA-1_2_1_1,IR,T-Helper,T,1.84217341,0.739798148
CTGAATGGTACTCCGG-1_2_1_1,IR,NK,NK,-5.139496254,-3.659593027
CTGAATGGTCTCTCAC-1_2_1_1,IR,NK,NK,-5.761550831,-4.942239206
CTGAGCGCACAAGCCC-1_2_1_1,IR,Cytotoxic,T,-2.568148779,0.231871147
CTGAGCGGTGCATGAG-1_2_1_1,IR,Cytotoxic,T,-0.288924383,1.646522839
CTGATCCAGCCTCAAT-1_2_1_1,IR,gdT,T,8.958526207,-5.296706121
CTGATCCTCGTGGCGT-1_2_1_1,IR,NaiveT,T,-2.074712442,5.484482367
CTGATCCTCTTTGCAT-1_2_1_1,IR,NK,NK,-8.258676933,-6.788972776
CTGCAGGAGAAATTCG-1_2_1_1,IR,NK,NK,-5.157610344,-6.502694051
CTGCAGGCACACACTA-1_2_1_1,IR,NKT,T,-5.466085838,-4.056350391
CTGCAGGGTACTTCCC-1_2_1_1,IR,gdT,T,9.499023033,-5.133459013
CTGCATCAGCATCAGG-1_2_1_1,IR,NK,NK,-7.162767338,-5.778981607
CTGCATCGTCGACTGC-1_2_1_1,IR,gdT,T,9.805925919,-7.332081239
CTGCATCTCCGCCTAT-1_2_1_1,IR,NKT,T,-5.168742107,-1.542091053
CTGCCATAGTATTCCG-1_2_1_1,IR,NK,NK,-8.216157364,-5.552245061
CTGCCTAAGGGATCGT-1_2_1_1,IR,NaiveT,T,1.111398173,8.521798212
CTGCCTAGTAGCGCCT-1_2_1_1,IR,Cytotoxic,T,0.451265646,-3.707064073
CTGCTCAGTACGGATG-1_2_1_1,IR,Treg,T,2.858871771,-1.086893718
CTGCTCATCGACATCA-1_2_1_1,IR,Cytotoxic,T,-2.531873154,1.595643957
CTGGACGGTTCCCACT-1_2_1_1,IR,Treg,T,4.059776617,0.08005606
CTGGCAGAGATAGTGT-1_2_1_1,IR,NaiveT,T,0.922613097,8.015519221
CTGGCAGCAAAGCTCT-1_2_1_1,IR,Treg,T,4.109939886,0.375028778
CTGGTCTCAGCGATTT-1_2_1_1,IR,NaiveT,T,0.1032157,7.616821368
CTGGTCTTCAGAGTTC-1_2_1_1,IR,NaiveT,T,0.003422184,7.643017847
CTGGTCTTCAGCTCTC-1_2_1_1,IR,T-Helper,T,1.562060667,-3.348557632
CTGGTCTTCTCACCCA-1_2_1_1,IR,T-DN,T,-0.54881941,-1.37577812
CTGTACCGTATAGCTC-1_2_1_1,IR,Cytotoxic,T,-4.465659546,0.522889693
CTGTACCTCTATCGCC-1_2_1_1,IR,Treg,T,3.896205021,-0.222927313
CTGTAGAAGCGTGTCC-1_2_1_1,IR,gdT,T,2.290691687,-3.000857751
CTGTAGAAGTGAGTGC-1_2_1_1,IR,gdT,T,7.810407234,-6.569274347
CTGTAGACAAATGCGG-1_2_1_1,IR,NaiveT,T,1.80931337,7.066587527
CTGTAGAGTCTTGTCC-1_2_1_1,IR,T-Helper,T,0.175384557,-1.122645061
CTGTAGATCATGCCGG-1_2_1_1,IR,TCM,T,-1.357362198,5.827816565
CTGTAGATCGTGTTCC-1_2_1_1,IR,T-Helper,T,1.726442052,1.217185218
CTGTCGTTCCCGAATA-1_2_1_1,IR,T-Helper,T,0.258721849,0.114718471
CTGTGAAGTCTGTTAG-1_2_1_1,IR,Cytotoxic,T,-2.362471985,4.939851839
CTGTGGGCACGACCTG-1_2_1_1,IR,Cytotoxic,T,0.104290774,-3.993394296
CTGTGGGTCACGACTA-1_2_1_1,IR,Treg,T,4.107141329,-0.071191594
CTGTGGGTCGTGTGAT-1_2_1_1,IR,NKT,T,-4.277261662,-1.439141672
CTTACCGTCCATACTT-1_2_1_1,IR,gdT,T,9.304442001,-5.486676138
CTTAGGAAGCGAATGC-1_2_1_1,IR,NaiveT,T,-0.570823895,7.681487639
CTTAGGACAAGCCTGC-1_2_1_1,IR,Cytotoxic,T,-0.211594777,-2.604343574
CTTAGGACAGTAACCT-1_2_1_1,IR,T-Helper,T,1.162744118,-3.259228151
CTTAGGACATCCGCGA-1_2_1_1,IR,T-Helper,T,0.960479034,-0.072165867
CTTAGGAGTGCGAGTA-1_2_1_1,IR,TCM,T,-0.147831815,1.404399831
CTTAGGAGTGGTTCTA-1_2_1_1,IR,TCM,T,-1.543815063,4.113962252
CTTAGGATCATGGGAG-1_2_1_1,IR,T-Helper,T,0.344758836,1.575414855
CTTCAATAGCTTACGT-1_2_1_1,IR,gdT,T,8.721945358,-6.833511751
CTTCCGAAGCGCCTCA-1_2_1_1,IR,NK,NK,-7.779820847,-5.628487508
CTTCCGAAGCGTGTTT-1_2_1_1,IR,T-Helper,T,1.962638093,1.716119964
CTTCCGAAGTCACTAC-1_2_1_1,IR,gdT,T,9.338342262,-6.851887624
CTTCCTTCAGAACTCT-1_2_1_1,IR,T-DN,T,0.69671352,3.21367224
CTTCCTTCATTGCTGA-1_2_1_1,IR,NaiveT,T,1.866500927,8.089991648
CTTCGGTAGCTTAGTC-1_2_1_1,IR,gdT,T,8.220234467,-6.270785253
CTTCTAAAGATTCGAA-1_2_1_1,IR,NK,NK,-6.260706352,-6.243011396
CTTCTAAGTCTCAGGC-1_2_1_1,IR,NaiveT,T,0.951060248,7.993817408
CTTCTCTCAATAAGGT-1_2_1_1,IR,T-DN,T,0.069550244,-1.328571956
CTTCTCTCAGATTAAG-1_2_1_1,IR,NaiveT,T,1.298362685,8.535622675
CTTCTCTTCTCATTGT-1_2_1_1,IR,NKT,T,-3.900953697,-2.640366476
CTTCTCTTCTTCGATT-1_2_1_1,IR,NK,NK,-6.734582352,-7.042387407
CTTGAGAAGCCTGACC-1_2_1_1,IR,NK,NK,-7.220238136,-6.585434358
CTTGAGAAGTAGCTCT-1_2_1_1,IR,gdT,T,9.667416168,-6.37599222
CTTGAGACAATTGAAG-1_2_1_1,IR,NaiveT,T,1.038451804,7.295867045
CTTGAGATCACCGGTG-1_2_1_1,IR,gdT,T,9.497599197,-5.852772157
CTTGATTAGCTTCATG-1_2_1_1,IR,gdT,T,8.517570091,-5.478476923
CTTGATTCAACGTTAC-1_2_1_1,IR,NaiveT,T,2.500141693,7.990439494
CTTGATTTCGCTTGAA-1_2_1_1,IR,Cytotoxic,T,-1.30731933,1.447662551
CTTTCAAAGCAATAGT-1_2_1_1,IR,gdT,T,8.341662003,-4.9218239
CTTTCAACAAGACAAT-1_2_1_1,IR,Cytotoxic,T,0.40552309,-4.122285764
CTTTCAAGTAACTTCG-1_2_1_1,IR,NK,NK,-8.299158501,-5.474323194
CTTTCAAGTACAGAGC-1_2_1_1,IR,gdT,T,10.20073469,-6.14370815
CTTTCGGAGTTGTCAC-1_2_1_1,IR,Cytotoxic,T,0.664144887,-3.666109483
CTTTCGGGTAGCTTGT-1_2_1_1,IR,gdT,T,9.290349556,-7.315014761
CTTTCGGGTCGGTGTC-1_2_1_1,IR,NK,NK,-7.806559967,-7.263489168
CTTTCGGGTCTACAAC-1_2_1_1,IR,T-Helper,T,2.544139696,2.884758074
CTTTCGGGTGCTGATT-1_2_1_1,IR,T-Helper,T,-0.05466068,0.819784481
CTTTCGGTCTCCGAAA-1_2_1_1,IR,Cytotoxic,T,-0.181670027,-4.173974912
GAAACCTAGCCTCACG-1_2_1_1,IR,Cytotoxic,T,-4.627758907,1.454531152
GAAACCTGTAAGGCCA-1_2_1_1,IR,NaiveT,T,1.958167149,6.800943453
GAAACCTGTATCCTCC-1_2_1_1,IR,T-Helper,T,1.355020715,2.32774647
GAAACCTGTCTGATAC-1_2_1_1,IR,NK,NK,-8.111006187,-5.554741781
GAACACTGTAGTATAG-1_2_1_1,IR,Cytotoxic,T,-4.319686817,1.69209059
GAACACTTCATTTCGT-1_2_1_1,IR,NK,NK,-7.936314987,-7.411156576
GAACACTTCGAGGCAA-1_2_1_1,IR,T-Helper,T,0.415936125,1.893529255
GAACGTTAGATACAGT-1_2_1_1,IR,NaiveT,T,0.082893899,7.876517851
GAACGTTGTTCTCACC-1_2_1_1,IR,gdT,T,8.724795891,-4.934450071
GAACGTTTCCGACATA-1_2_1_1,IR,T-Helper,T,0.235788537,1.850916941
GAACTGTAGTCCGCGT-1_2_1_1,IR,NKT,T,-4.712690281,-2.690058868
GAACTGTGTATCCTCC-1_2_1_1,IR,T-Helper,T,0.375171332,2.149753411
GAACTGTTCAGCTCTC-1_2_1_1,IR,NK,NK,-5.810892986,-6.336139124
GAAGAATAGGGTAATT-1_2_1_1,IR,NKT,T,-4.202391552,-2.537550371
GAAGAATCACCATAAC-1_2_1_1,IR,gdT,T,9.70271833,-7.533559244
GAAGCCCGTGGACAGT-1_2_1_1,IR,NK,NK,-6.133447575,-7.313050191
GAAGCCCTCGCGAAGA-1_2_1_1,IR,NK,NK,-7.648148464,-6.78239147
GAAGCGACACTACTTT-1_2_1_1,IR,gdT,T,9.396775795,-4.624232214
GAAGCGACAGCTGTCG-1_2_1_1,IR,T-Helper,T,0.744061006,1.746867497
GAAGCGATCCAACACA-1_2_1_1,IR,Cytotoxic,T,0.598812593,-3.255663078
GAAGGACAGTATCCTG-1_2_1_1,IR,T-Helper,T,2.175795151,3.75618871
GAAGGACCACCATTCC-1_2_1_1,IR,gdT,T,9.896060539,-5.068344038
GAAGGACCATCTCGTC-1_2_1_1,IR,Cytotoxic,T,-3.030570673,0.968499024
GAAGGACGTCGATTAC-1_2_1_1,IR,gdT,T,9.066785408,-6.4356126
GAAGTAAAGCACTCCG-1_2_1_1,IR,NKT,T,-3.961838173,-1.886430066
GAAGTAAAGCGCGTTC-1_2_1_1,IR,T-Helper,T,1.862948729,0.267521013
GAAGTAAGTCAGTTTG-1_2_1_1,IR,Treg,T,3.716990067,-0.069046739
GAAGTAAGTCGACTTA-1_2_1_1,IR,gdT,T,9.062086655,-4.682278078
GAAGTAAGTTCAACGT-1_2_1_1,IR,NK,NK,-8.599180626,-6.149372976
GAATAGACAAATTGCC-1_2_1_1,IR,NK,NK,-8.948137688,-8.041880529
GAATAGACATAGAATG-1_2_1_1,IR,Cytotoxic,T,-3.888048576,1.740657766
GAATCACAGTCTAACC-1_2_1_1,IR,gdT,T,8.058038784,-6.25009052
GAATCACGTGCATGTT-1_2_1_1,IR,NK,NK,-8.02553408,-5.21895067
GAATCGTAGTAAGACT-1_2_1_1,IR,Cytotoxic,T,-3.017213034,3.966483672
GAATCGTCACTGATTG-1_2_1_1,IR,Treg,T,3.928457094,-0.507657837
GAATCGTCAGACATCT-1_2_1_1,IR,gdT,T,9.368455483,-6.063649576
GAATCGTGTCGAATGG-1_2_1_1,IR,NaiveT,T,2.467595173,8.090621073
GAATCGTGTGACTGTT-1_2_1_1,IR,gdT,T,9.53872831,-6.86602823
GAATCGTTCAGCTGAT-1_2_1_1,IR,Cytotoxic,T,-2.708737539,0.933754761
GAATCGTTCTATTCGT-1_2_1_1,IR,TCM,T,-1.811713027,5.635528166
GACACGCAGTGGGAAA-1_2_1_1,IR,NK,NK,-8.371476578,-7.977074545
GACACGCGTCGTTCAA-1_2_1_1,IR,NKT,T,7.85349567,-4.868707578
GACAGCCAGGGTAATT-1_2_1_1,IR,NK,NK,-0.737792956,-4.312275331
GACAGCCCAACGTAAA-1_2_1_1,IR,Treg,T,3.22682531,1.267959316
GACAGCCGTACTGCCG-1_2_1_1,IR,NK,NK,-7.328871654,-6.850075643
GACAGCCGTTCTCGTC-1_2_1_1,IR,gdT,T,9.647265984,-5.265745561
GACAGCCGTTGACGGA-1_2_1_1,IR,T-Helper,T,1.221280886,2.124029715
GACATCAAGGGAGAAT-1_2_1_1,IR,T-DN,T,0.340998454,1.970690806
GACATCAGTCGTGCCA-1_2_1_1,IR,Cytotoxic,T,-2.876378225,-0.255877342
GACCAATAGTGGTTAA-1_2_1_1,IR,Cytotoxic,T,-3.914990353,-0.102204201
GACCAATCAGAGTAAT-1_2_1_1,IR,NaiveT,T,-1.780552076,6.332908709
GACCAATTCCTTGGAA-1_2_1_1,IR,NaiveT,T,2.278635336,7.733378012
GACCCAGAGGATACAT-1_2_1_1,IR,Cytotoxic,T,-2.945492195,1.444130618
GACCCAGGTATCGTGT-1_2_1_1,IR,gdT,T,2.103744102,0.312716712
GACCCAGGTTGCCGCA-1_2_1_1,IR,gdT,T,6.724082542,-5.41948406
GACCCTTAGCGGACAT-1_2_1_1,IR,NaiveT,T,1.135387553,7.551137049
GACCCTTCAATCCTTT-1_2_1_1,IR,T-Helper,T,1.318733407,2.173124154
GACCGTGAGGTTGTTC-1_2_1_1,IR,Cytotoxic,T,-2.266521381,0.532957513
GACCGTGTCAGTCAGT-1_2_1_1,IR,NaiveT,T,1.644098116,6.431019385
GACCTTCAGAATCGCG-1_2_1_1,IR,NaiveT,T,-0.916312026,8.16512974
GACCTTCCACTTCAAG-1_2_1_1,IR,T-DN,T,-2.617013859,-2.952152889
GACCTTCTCCGATAGT-1_2_1_1,IR,gdT,T,3.047427965,0.636946518
GACGCTGAGACATCAA-1_2_1_1,IR,NaiveT,T,-0.084776955,6.755010207
GACGCTGGTCCCGTGA-1_2_1_1,IR,Cytotoxic,T,0.695652081,-3.913196247
GACGCTGGTTCCGTTC-1_2_1_1,IR,Cytotoxic,T,0.932281328,-2.219734352
GACGTTAGTCCTCCAT-1_2_1_1,IR,T-Helper,T,1.020586682,2.719810088
GACTATGAGTGAATAC-1_2_1_1,IR,T-Helper,T,1.981424166,2.614112933
GACTATGTCAGTGTTG-1_2_1_1,IR,gdT,T,9.83071096,-5.061952989
GACTCAAAGTGTACAA-1_2_1_1,IR,NK,NK,-7.446547913,-6.945576112
GACTCAAGTCGAACAG-1_2_1_1,IR,NKT,T,-4.12726395,-2.617097538
GACTCAATCTTGTTAC-1_2_1_1,IR,NK,NK,-5.636892246,-5.012512605
GACTCTCTCAGTGTGT-1_2_1_1,IR,T-Helper,T,0.688807024,-0.346291657
GACTCTCTCGACACCG-1_2_1_1,IR,NK,NK,-5.851178097,-5.415567796
GACTGATAGACTGTTC-1_2_1_1,IR,gdT,T,9.330732895,-5.089731138
GACTGATGTCGAGTTT-1_2_1_1,IR,T-DN,T,-3.99643557,-2.300054472
GACTTCCCAGCTGTGC-1_2_1_1,IR,gdT,T,7.359886719,-5.170713346
GACTTCCCATGCAGCC-1_2_1_1,IR,gdT,T,8.361285759,-5.861377161
GACTTCCGTCCTTTGC-1_2_1_1,IR,T-Helper,T,2.212033344,2.948068936
GACTTCCGTCGAACGA-1_2_1_1,IR,TCM,T,-1.884088682,4.278389532
GACTTCCGTTCCGCTT-1_2_1_1,IR,Cytotoxic,T,0.338190837,-2.183694761
GAGAAATTCAGATGCT-1_2_1_1,IR,gdT,T,8.538729263,-6.579882543
GAGACCCCATGATGCT-1_2_1_1,IR,NKT,T,-5.35721867,-1.428486865
GAGACCCGTGTCGATT-1_2_1_1,IR,NaiveT,T,-0.804720866,7.624590475
GAGACTTCAAGGGTCA-1_2_1_1,IR,NKT,T,-5.918585228,-2.498375099
GAGACTTTCACTTGTT-1_2_1_1,IR,Cytotoxic,T,-1.879991697,1.731798608
GAGACTTTCTTCTGGC-1_2_1_1,IR,gdT,T,8.415513588,-6.034501951
GAGAGGTAGCCACCGT-1_2_1_1,IR,gdT,T,8.266240669,-3.817524831
GAGAGGTGTCCCGCAA-1_2_1_1,IR,NK,NK,-2.865071939,-3.914599102
GAGAGGTGTGTGGTCC-1_2_1_1,IR,gdT,T,2.047633124,0.014213007
GAGAGGTTCAAGCCCG-1_2_1_1,IR,NK,NK,-1.079863833,-4.282175462
GAGAGGTTCGGTAACT-1_2_1_1,IR,gdT,T,9.810617043,-5.09829561
GAGAGGTTCGTGGCTG-1_2_1_1,IR,T-Helper,T,1.52211733,0.591069479
GAGATGGTCCTACCGT-1_2_1_1,IR,Cytotoxic,T,-4.534660744,1.308217723
GAGATGGTCTTACGGA-1_2_1_1,IR,Treg,T,2.947102142,1.52623244
GAGCCTGCACGTCTCT-1_2_1_1,IR,NKT,T,-5.511550354,-3.542041462
GAGCTGCCATGGCTAT-1_2_1_1,IR,NK,NK,-5.382905411,-6.596162717
GAGCTGCTCCCATAAG-1_2_1_1,IR,NK,NK,-5.868895935,-6.426698129
GAGGCAAAGAACTGAT-1_2_1_1,IR,NaiveT,T,-1.216493534,6.622724135
GAGGCAAGTAGGTGCA-1_2_1_1,IR,NK,NK,-9.126031326,-7.014238279
GAGGCAATCATCAGTG-1_2_1_1,IR,gdT,T,8.646617485,-5.31588928
GAGGCCTCACACTTAG-1_2_1_1,IR,Cytotoxic,T,-4.471361088,1.556679685
GAGGCCTCATAATCCG-1_2_1_1,IR,T-DN,T,-0.231413381,2.658094246
GAGGCCTTCATAAGGA-1_2_1_1,IR,T-Helper,T,0.888489259,0.220742334
GAGGGATAGAGGTTAT-1_2_1_1,IR,Treg,T,3.092363907,-1.248479169
GAGGGATCAAGACGGT-1_2_1_1,IR,NaiveT,T,-1.518348741,6.888636668
GAGGGATCAGCATTGT-1_2_1_1,IR,NK,NK,-5.319367336,-5.960484903
GAGGGTAAGACCTTTG-1_2_1_1,IR,NK,NK,-1.514077591,-4.746385496
GAGGGTAAGATGCTGG-1_2_1_1,IR,NaiveT,T,1.210310651,8.899905283
GAGGGTACATGGCCCA-1_2_1_1,IR,NKT,T,-4.573543953,-3.101621788
GAGGGTATCCAATCTT-1_2_1_1,IR,Treg,T,2.931513382,-0.506773632
GAGGGTATCCGTGACG-1_2_1_1,IR,T-DN,T,-0.188421713,2.507228453
GAGTCATAGCCTCATA-1_2_1_1,IR,NKT,T,-3.679500269,-2.487771194
GAGTCATGTAATGATG-1_2_1_1,IR,NK,NK,-7.675270962,-4.809775751
GAGTCATTCGTAGTGT-1_2_1_1,IR,NK,NK,-5.079369949,-6.141302984
GAGTCTACACAATTCG-1_2_1_1,IR,NK,NK,-8.600682663,-6.856765192
GAGTCTACACTCCACT-1_2_1_1,IR,Cytotoxic,T,-4.305911468,2.261576254
GAGTCTAGTTTCGATG-1_2_1_1,IR,T-Helper,T,0.820550812,-4.179893415
GAGTGAGAGCACCGTC-1_2_1_1,IR,NK,NK,-8.536029266,-7.932245653
GAGTGAGTCATCGGGC-1_2_1_1,IR,Cytotoxic,T,-2.837435173,0.900063951
GAGTGTTCAACTCCCT-1_2_1_1,IR,gdT,T,9.764187408,-5.832164686
GAGTGTTGTCTGCGCA-1_2_1_1,IR,gdT,T,7.703044487,-6.476343076
GAGTGTTTCACACCCT-1_2_1_1,IR,gdT,T,8.785454346,-4.44996969
GAGTGTTTCTGTTCAT-1_2_1_1,IR,TCM,T,-0.406243311,0.911287386
GAGTTACAGATGTAGT-1_2_1_1,IR,NK,NK,-8.697195457,-8.277699392
GAGTTACCACACGGTC-1_2_1_1,IR,NKT,T,-3.938237118,-2.009347956
GAGTTACCATCATTGG-1_2_1_1,IR,T-DN,T,-0.080826389,1.536131222
GAGTTACGTATGGTTC-1_2_1_1,IR,gdT,T,7.738133026,-4.619993608
GAGTTACGTCGCCACA-1_2_1_1,IR,TCM,T,0.673185242,6.508677561
GAGTTACTCAGTCAGT-1_2_1_1,IR,gdT,T,8.359525276,-6.224435251
GAGTTGTAGTGTTCCA-1_2_1_1,IR,NK,NK,-8.463873314,-5.92683069
GAGTTGTGTCAGGAGT-1_2_1_1,IR,gdT,T,7.260144306,-5.884140413
GAGTTTGAGGAAAGTG-1_2_1_1,IR,Cytotoxic,T,-1.233619617,-0.097647327
GAGTTTGCACAATGTC-1_2_1_1,IR,Treg,T,4.126154972,0.228170295
GATAGAAGTCATCCCT-1_2_1_1,IR,NaiveT,T,2.030773831,7.670586665
GATAGAAGTTGTGTTG-1_2_1_1,IR,T-Helper,T,1.05115415,0.695012469
GATAGAATCAATCCAG-1_2_1_1,IR,Cytotoxic,T,-1.826270865,-0.027983378
GATAGAATCCTACACC-1_2_1_1,IR,T-Helper,T,0.132714072,0.247572799
GATAGCTGTAGGATAT-1_2_1_1,IR,NK,NK,-6.636544632,-7.49097244
GATAGCTGTATTGGCT-1_2_1_1,IR,Treg,T,5.500969482,1.9343942
GATCACACAAGCTGCC-1_2_1_1,IR,T-Helper,T,2.073574615,2.641561348
GATCACAGTAACGGTG-1_2_1_1,IR,NaiveT,T,1.456181599,7.627933581
GATCAGTGTCTCTCCA-1_2_1_1,IR,NK,NK,-5.937379288,-6.617115419
GATCAGTTCATCACAG-1_2_1_1,IR,Cytotoxic,T,-3.042406486,1.145820696
GATCATGTCAATGTCG-1_2_1_1,IR,Cytotoxic,T,-3.920958446,0.6810713
GATCATGTCCCGTGAG-1_2_1_1,IR,Cytotoxic,T,-0.627982306,0.551333387
GATCCCTAGCTCTGTA-1_2_1_1,IR,Treg,T,3.135135723,1.256344874
GATCCCTCATCCAATG-1_2_1_1,IR,gdT,T,8.290413452,-3.786649864
GATCGTAAGATACTGA-1_2_1_1,IR,NKT,T,-4.914969372,-3.222941558
GATCGTACAAGCGAAC-1_2_1_1,IR,T-DN,T,0.344834817,3.306706984
GATCGTACACAAGTGG-1_2_1_1,IR,NKT,T,-6.113718437,-2.373734396
GATCGTACACTCGATA-1_2_1_1,IR,NaiveT,T,1.615242792,7.876452525
GATCGTACAGACCCGT-1_2_1_1,IR,NaiveT,T,1.688387109,6.920659621
GATCGTACATCACCAA-1_2_1_1,IR,NaiveT,T,2.0555398,6.089205344
GATCGTAGTATTCCTT-1_2_1_1,IR,NK,NK,-5.130985188,-4.573233049
GATCGTATCCGTCACT-1_2_1_1,IR,Cytotoxic,T,-4.544862675,1.757924874
GATGACTGTCCTCAGG-1_2_1_1,IR,NKT,T,-4.546261715,-3.312588613
GATGAGGCACAAGTTC-1_2_1_1,IR,gdT,T,7.84122522,-5.828031461
GATGCTACACGAAAGC-1_2_1_1,IR,NaiveT,T,2.633082701,7.147317011
GATGCTACAGAGGTTG-1_2_1_1,IR,Cytotoxic,T,-3.490648436,1.435068686
GATGCTACATAACGGG-1_2_1_1,IR,Cytotoxic,T,0.303141264,-3.539048116
GATGCTAGTAGATGTA-1_2_1_1,IR,NaiveT,T,2.449254108,8.422203143
GATGCTATCCTCTAGC-1_2_1_1,IR,TCM,T,-1.243508862,4.709075053
GATGGAGCAAGAATGT-1_2_1_1,IR,Cytotoxic,T,-3.993063854,0.066162724
GATGGAGGTAGAGTTA-1_2_1_1,IR,NK,NK,-8.413082527,-7.618787687
GATGGAGTCCTATTGT-1_2_1_1,IR,gdT,T,7.430049015,-6.103376787
GATGTTGAGAAACTCA-1_2_1_1,IR,Cytotoxic,T,-1.68260281,1.211491425
GATGTTGAGGACAACC-1_2_1_1,IR,NK,NK,-6.517586159,-7.129715364
GATGTTGCAGTTGAAA-1_2_1_1,IR,T-Helper,T,2.185534311,2.892888386
GATTCGAGTGGCACTC-1_2_1_1,IR,gdT,T,2.249792171,-3.297722261
GATTCGATCGTTCTCG-1_2_1_1,IR,T-Helper,T,1.375523044,1.6992714
GATTCTTCACGCACCA-1_2_1_1,IR,gdT,T,9.845910622,-4.763387125
GATTCTTTCCAACCAA-1_2_1_1,IR,NKT,T,-5.410482334,-2.350530307
GATTGGTCAGTTAAAG-1_2_1_1,IR,T-Helper,T,0.598196907,0.427072186
GATTTCTAGTCCCTAA-1_2_1_1,IR,NKT,T,-4.42149155,-3.099237363
GATTTCTGTCCCTGTT-1_2_1_1,IR,gdT,T,8.905426575,-7.411744039
GCAACATCAAAGTGTA-1_2_1_1,IR,gdT,T,9.919380737,-7.165110509
GCAACATGTAGAATGT-1_2_1_1,IR,Cytotoxic,T,-3.116968321,0.562557359
GCAACATTCATGCGGC-1_2_1_1,IR,NK,NK,-6.140744614,-6.790218752
GCAACCGGTGCTTATG-1_2_1_1,IR,NK,NK,-6.43926804,-6.032581728
GCAACCGGTTCCTAAG-1_2_1_1,IR,Cytotoxic,T,-3.576976704,0.840754528
GCACATAAGGTCCGAA-1_2_1_1,IR,T-Helper,T,2.239212347,4.367650587
GCACATACAAGCGCAA-1_2_1_1,IR,NKT,T,-4.268886494,-1.800614159
GCACATATCATTGCGA-1_2_1_1,IR,NaiveT,T,-1.847940372,5.554703314
GCACATATCCAGCTCT-1_2_1_1,IR,Cytotoxic,T,-3.788267063,2.172538121
GCACGTGAGTAGACCG-1_2_1_1,IR,T-DN,T,0.765776945,3.091436226
GCACTAACACGATTCA-1_2_1_1,IR,NKT,T,-4.736740517,-2.685075681
GCACTAACAGTAGATA-1_2_1_1,IR,gdT,T,7.961285187,-4.560480516
GCACTAACATTCCTAT-1_2_1_1,IR,NaiveT,T,0.08156967,6.496580202
GCAGCCAGTCGGCCTA-1_2_1_1,IR,Treg,T,3.564092232,-0.266843002
GCAGCCATCTATTTCG-1_2_1_1,IR,NK,NK,-7.005114006,-6.275726717
GCAGCTGCACTGTGTA-1_2_1_1,IR,gdT,T,7.532951904,-6.010835092
GCAGCTGGTCAGTCTA-1_2_1_1,IR,NKT,T,-4.549041676,-2.796587627
GCAGCTGTCCCAGCGA-1_2_1_1,IR,NKT,T,-5.203322815,-2.625186126
GCAGGCTTCGCACGGT-1_2_1_1,IR,NaiveT,T,2.210624052,6.793749411
GCAGGCTTCTCGCGTT-1_2_1_1,IR,T-Helper,T,1.137063635,-3.72598521
GCAGTTACACCAATTG-1_2_1_1,IR,T-Helper,T,0.401669619,-4.261163156
GCAGTTATCCTATGGA-1_2_1_1,IR,gdT,T,2.406752897,0.511409957
GCATCGGGTATTCCGA-1_2_1_1,IR,NK,NK,-6.941021847,-7.53384773
GCATCGGGTATTCCTT-1_2_1_1,IR,Treg,T,3.101133181,0.926305015
GCATCTCCAACCAGAG-1_2_1_1,IR,NK,NK,-7.912160324,-6.721703451
GCATCTCGTACGTGTT-1_2_1_1,IR,NaiveT,T,-0.441896724,7.785994131
GCATCTCGTCCAGCAC-1_2_1_1,IR,Cytotoxic,T,0.18865229,3.695697386
GCATCTCTCAGACATC-1_2_1_1,IR,NK,NK,-8.808391022,-7.245724599
GCATGATCATTGCCGG-1_2_1_1,IR,T-Helper,T,0.344049988,2.16697963
GCCAGGTCATTCGGGC-1_2_1_1,IR,TCM,T,-1.347500848,5.221492846
GCCAGTGAGCAACTCT-1_2_1_1,IR,gdT,T,8.379796577,-6.727188985
GCCAGTGCATCCGGTG-1_2_1_1,IR,NaiveT,T,2.937916351,6.702621062
GCCATGGGTCCGTTTC-1_2_1_1,IR,T-Helper,T,0.013541905,1.141630251
GCCATTCAGCTAATGA-1_2_1_1,IR,Treg,T,2.83532889,1.546178777
GCCATTCCACGGTAGA-1_2_1_1,IR,gdT,T,9.221359802,-5.92755882
GCCATTCCATCACCAA-1_2_1_1,IR,gdT,T,9.069580627,-4.541562479
GCCATTCGTACGTTCA-1_2_1_1,IR,Other,Other,5.110744549,6.649375517
GCCCAGACAGGCATTT-1_2_1_1,IR,Cytotoxic,T,-3.623615192,1.676709373
GCCCGAACAATCACGT-1_2_1_1,IR,T-DN,T,0.38866031,3.126766045
GCCCGAACAGGTGTTT-1_2_1_1,IR,NaiveT,T,0.658881677,7.856486399
GCCCGAAGTTAAGGAT-1_2_1_1,IR,NaiveT,T,0.601447595,7.377117236
GCCCGAATCCGCCTAT-1_2_1_1,IR,T-Helper,T,1.878508402,2.680928309
GCCGATGAGATGACCG-1_2_1_1,IR,NaiveT,T,2.63778956,7.610557635
GCCGATGAGTATGGCG-1_2_1_1,IR,T-Helper,T,0.53564362,-0.847627144
GCCGATGGTAGATCGG-1_2_1_1,IR,NaiveT,T,1.628466202,8.934620936
GCCGTGAAGTTAACGA-1_2_1_1,IR,TCM,T,-1.681824373,3.740912039
GCCTGTTAGCGAAACC-1_2_1_1,IR,gdT,T,10.14778288,-5.9679269
GCGAGAAAGACGGAAA-1_2_1_1,IR,NK,NK,-7.172974037,-6.753829401
GCGAGAACATCCTATT-1_2_1_1,IR,NaiveT,T,-0.594861316,6.982462485
GCGAGAAGTGCGCTCA-1_2_1_1,IR,NK,NK,-6.292869972,-5.640235822
GCGATCGGTACCCGCA-1_2_1_1,IR,NaiveT,T,2.450110985,7.623113711
GCGATCGTCCGTATGA-1_2_1_1,IR,T-Helper,T,0.679828061,0.512016077
GCGATCGTCGCTAATG-1_2_1_1,IR,NaiveT,T,-0.403807925,7.393733103
GCGATCGTCTATCGGA-1_2_1_1,IR,gdT,T,8.720519615,-4.959860723
GCGGAAAAGTGAACAT-1_2_1_1,IR,Cytotoxic,T,-1.315495895,0.370237369
GCGGATCGTGTCTTCC-1_2_1_1,IR,Treg,T,3.780495239,-0.471049558
GCGGATCGTTCGAACT-1_2_1_1,IR,Cytotoxic,T,-3.25593965,0.487159569
GCGGATCTCAGTGATC-1_2_1_1,IR,NaiveT,T,-0.424247848,7.100396712
GCGTGCAAGCGGTATG-1_2_1_1,IR,Cytotoxic,T,-4.65949242,0.679403801
GCGTGCAAGTGTTGTC-1_2_1_1,IR,Cytotoxic,T,-3.621698784,1.935555775
GCGTGCACAAAGTATG-1_2_1_1,IR,Cytotoxic,T,-3.481716799,-1.472334187
GCGTGCAGTTGGGCCT-1_2_1_1,IR,TCM,T,-1.549727129,3.62910064
GCGTGCATCATGGCCG-1_2_1_1,IR,NaiveT,T,0.334048597,5.533312399
GCGTGCATCGATACTG-1_2_1_1,IR,T-Helper,T,-0.745449232,-0.680335562
GCGTTTCAGGTGGCTA-1_2_1_1,IR,NK,NK,-5.521620678,-4.835191171
GCGTTTCGTCTGTAAC-1_2_1_1,IR,NKT,T,-5.006564545,-1.316447775
GCGTTTCGTGAGCAGT-1_2_1_1,IR,gdT,T,7.709328247,-5.204305093
GCTACAACAACTGGTT-1_2_1_1,IR,NaiveT,T,0.876339746,6.805793364
GCTACAACATAGAATG-1_2_1_1,IR,Cytotoxic,T,-3.671842979,2.402594407
GCTACCTGTGTGCTTA-1_2_1_1,IR,gdT,T,8.206393791,-4.717953603
GCTACCTGTTGCATCA-1_2_1_1,IR,T-DN,T,0.413621245,2.781765301
GCTCAAAAGAAACTGT-1_2_1_1,IR,T-Helper,T,2.261982752,0.808756907
GCTCAAATCTCCTGCA-1_2_1_1,IR,NK,NK,-5.039472984,-4.820292871
GCTGAATTCCATCCGT-1_2_1_1,IR,T-DN,T,0.430188222,2.396234829
GCTGCAGGTAGACAGC-1_2_1_1,IR,NKT,T,-5.096221374,-1.103438776
GCTGGGTTCCTCCACA-1_2_1_1,IR,NK,NK,-8.996959137,-8.389799039
GCTTCACAGACCAGAC-1_2_1_1,IR,NaiveT,T,1.228497458,7.065968592
GCTTCACCAGCATACT-1_2_1_1,IR,T-Helper,T,2.654635025,1.630374987
GCTTCACTCGCCCAGA-1_2_1_1,IR,Treg,T,4.081391884,0.13628893
GCTTGGGAGAGTGACC-1_2_1_1,IR,Cytotoxic,T,-3.17034738,1.114576538
GCTTGGGGTACAGTTC-1_2_1_1,IR,T-Helper,T,2.476986242,2.851337035
GCTTTCGAGTGATAGT-1_2_1_1,IR,gdT,T,9.105837418,-5.732263486
GGAACCCGTCTCACAA-1_2_1_1,IR,gdT,T,9.024235321,-5.911725919
GGAACCCTCCGAGAAG-1_2_1_1,IR,Cytotoxic,T,-3.69013946,-0.01639026
GGAAGTGCAGTTGTTG-1_2_1_1,IR,T-Helper,T,2.175433231,0.912489374
GGAAGTGGTTATCTTC-1_2_1_1,IR,NaiveT,T,-0.179075645,6.73319586
GGAATCTAGGCTAAAT-1_2_1_1,IR,gdT,T,8.503848625,-5.680287283
GGAATCTCAAATGGCG-1_2_1_1,IR,Treg,T,3.815022541,0.416978259
GGAATCTTCCCTCATG-1_2_1_1,IR,NKT,T,-5.041059898,-3.152356069
GGAATGGGTCGCATTA-1_2_1_1,IR,NK,NK,-9.149561333,-8.104642789
GGAATGGGTTTACACG-1_2_1_1,IR,NK,NK,-7.538634705,-6.999329488
GGAATGGTCGCAGTCG-1_2_1_1,IR,NK,NK,-5.265128063,-4.887037199
GGACGTCAGAAATCCA-1_2_1_1,IR,Treg,T,3.344437433,1.158235986
GGACGTCCAGAGTCTT-1_2_1_1,IR,T-Helper,T,0.669744087,1.513972242
GGACGTCTCAAGGACG-1_2_1_1,IR,T-Helper,T,1.129957033,-2.233688991
GGACGTCTCATTACCT-1_2_1_1,IR,T-Helper,T,0.824618054,0.518020172
GGAGAACAGACGTCCC-1_2_1_1,IR,Cytotoxic,T,0.591425551,-3.76030628
GGAGAACGTCTTACTT-1_2_1_1,IR,NK,NK,-4.74698727,-5.820686739
GGAGATGCAGCACGAA-1_2_1_1,IR,gdT,T,8.177154137,-6.714746397
GGAGATGGTGACACGA-1_2_1_1,IR,gdT,T,9.724776817,-4.625670354
GGAGATGTCATAAGGA-1_2_1_1,IR,T-DN,T,1.464534951,2.78438719
GGAGATGTCTACGCAA-1_2_1_1,IR,T-Helper,T,0.598395271,-0.85035948
GGAGCAAGTATCCTCC-1_2_1_1,IR,Treg,T,3.568468882,0.143704627
GGAGCAATCCTTCGAC-1_2_1_1,IR,T-Helper,T,1.321050716,1.962382157
GGAGGATAGACCTCAT-1_2_1_1,IR,Treg,T,3.081655575,-0.208528462
GGAGGATGTCCGATCG-1_2_1_1,IR,Treg,T,2.937308384,1.705491025
GGAGGATTCATTTCCA-1_2_1_1,IR,Treg,T,3.000411345,3.992881853
GGAGGATTCTCAAAGC-1_2_1_1,IR,gdT,T,9.96102388,-5.179013651
GGATCTAAGAAACCAT-1_2_1_1,IR,NK,NK,-4.964553761,-4.958441179
GGATCTAAGAACTCCT-1_2_1_1,IR,Treg,T,3.499093605,-0.251948502
GGATCTAAGTGGTGGT-1_2_1_1,IR,gdT,T,8.273047997,-5.976407926
GGATCTACACCCAACG-1_2_1_1,IR,gdT,T,8.011971069,-5.564903181
GGATGTTAGCGTCTGC-1_2_1_1,IR,NK,NK,-6.385642933,-5.739102762
GGCAGTCAGCACCCAC-1_2_1_1,IR,gdT,T,9.10155542,-5.444373052
GGCAGTCCACAGGATG-1_2_1_1,IR,Treg,T,4.27617271,0.021742601
GGCAGTCCATGTTCAG-1_2_1_1,IR,NaiveT,T,2.58427198,6.918068011
GGCAGTCGTATGTCCA-1_2_1_1,IR,T-Helper,T,0.069521917,0.668172319
GGCGTCACAATGGCAG-1_2_1_1,IR,NK,NK,-8.512343811,-6.180129926
GGCGTCACATAGATCC-1_2_1_1,IR,NK,NK,-5.71188681,-4.972791593
GGCGTCAGTCACGTGC-1_2_1_1,IR,gdT,T,8.027853561,-6.67052881
GGCGTCAGTTGTTTGG-1_2_1_1,IR,NaiveT,T,-1.727191853,6.882287581
GGCGTCATCCCTGTTG-1_2_1_1,IR,NK,NK,-5.617448257,-6.099362295
GGCTGTGCAAATCGGG-1_2_1_1,IR,NK,NK,-8.660071777,-5.683911722
GGCTTGGCAAGACTGG-1_2_1_1,IR,NaiveT,T,0.040950706,6.724211771
GGCTTGGTCTAGACCA-1_2_1_1,IR,gdT,T,9.846946312,-5.683075826
GGGAAGTAGCTAGCCC-1_2_1_1,IR,T-Helper,T,0.935980989,0.117953036
GGGACAACAAGGCAAC-1_2_1_1,IR,Cytotoxic,T,-2.06534903,-0.623505216
GGGACAACAGGCCCTA-1_2_1_1,IR,T-Helper,T,1.865257336,0.7247472
GGGACAAGTTCTCGCT-1_2_1_1,IR,T-DN,T,-0.798142003,-1.096194785
GGGACAATCCGTCCTA-1_2_1_1,IR,T-Helper,T,1.392957283,2.120883782
GGGACCTAGACTCATC-1_2_1_1,IR,NKT,T,0.270656524,-3.631324451
GGGACCTAGCTGAGTG-1_2_1_1,IR,NK,NK,-6.789548801,-5.605173986
GGGACCTAGTAGAGTT-1_2_1_1,IR,gdT,T,9.815959526,-6.872085016
GGGACCTCAGGCTTGC-1_2_1_1,IR,NK,NK,-6.575148033,-6.551816862
GGGACCTGTAGACACG-1_2_1_1,IR,NaiveT,T,0.450581355,7.171678622
GGGACCTGTTTGATCG-1_2_1_1,IR,TCM,T,-2.290454315,4.991082747
GGGACTCAGGACAAGA-1_2_1_1,IR,gdT,T,2.354358269,-3.321452777
GGGACTCCATGATCTG-1_2_1_1,IR,NKT,T,-4.507218765,-3.498740356
GGGACTCGTCTATGAC-1_2_1_1,IR,Cytotoxic,T,-1.769063639,6.343374331
GGGACTCGTGGTACAG-1_2_1_1,IR,NK,NK,-7.18800156,-6.532405298
GGGACTCGTTACACTG-1_2_1_1,IR,NK,NK,-6.651535915,-6.341001909
GGGACTCGTTCCCAAA-1_2_1_1,IR,NaiveT,T,2.541610313,7.94303139
GGGACTCTCACCATCC-1_2_1_1,IR,NK,NK,-8.20781176,-5.568691175
GGGAGATGTTCGTAAC-1_2_1_1,IR,NaiveT,T,0.523806108,8.868154604
GGGAGATTCACCATGA-1_2_1_1,IR,T-DN,T,0.643314315,2.157660086
GGGAGATTCTACAGGT-1_2_1_1,IR,gdT,T,8.97772081,-3.931727808
GGGAGATTCTTAGCTT-1_2_1_1,IR,TCM,T,-2.140055584,4.759502966
GGGATCCAGAGTGTTA-1_2_1_1,IR,Cytotoxic,T,-3.526788162,1.00523134
GGGATCCAGATCGGTG-1_2_1_1,IR,gdT,T,7.680413319,-5.281114023
GGGATCCAGATTGTGA-1_2_1_1,IR,NK,NK,-6.288691448,-7.222226064
GGGATCCAGGGTCAAC-1_2_1_1,IR,Cytotoxic,T,0.507017804,-3.581541936
GGGATGAAGCAGCCTC-1_2_1_1,IR,Treg,T,3.009250237,-0.155603874
GGGATGAGTTGCGAAG-1_2_1_1,IR,gdT,T,9.908477379,-5.616383951
GGGCCATAGGTTCTTG-1_2_1_1,IR,Cytotoxic,T,-3.253441023,1.673862297
GGGCCATAGGTTGAGC-1_2_1_1,IR,T-Helper,T,1.146374537,-3.223659914
GGGCCATAGTTCGGTT-1_2_1_1,IR,T-DN,T,0.91120906,3.278286297
GGGCCATTCTGCTTTA-1_2_1_1,IR,T-DN,T,0.889705194,2.491390068
GGGCGTTCAGAACATA-1_2_1_1,IR,NKT,T,-4.101588177,-3.093284052
GGGCGTTCATATCTGG-1_2_1_1,IR,TCM,T,-1.680447744,3.790017445
GGGCGTTTCTGAGAAA-1_2_1_1,IR,gdT,T,9.801303459,-5.793749731
GGGCTACGTAATGTGA-1_2_1_1,IR,NK,NK,-6.384457039,-6.638150137
GGGCTACGTCACTTAG-1_2_1_1,IR,T-Helper,T,-0.003325449,1.337814529
GGGCTACTCTGCAGCG-1_2_1_1,IR,NK,NK,-5.311515736,-6.75152437
GGGCTCAAGCTGAAGC-1_2_1_1,IR,NKT,T,-0.725482809,-1.458256285
GGGCTCACAGCTCATA-1_2_1_1,IR,NaiveT,T,1.322727395,7.084314902
GGGTAGAAGTTGTCAC-1_2_1_1,IR,T-Helper,T,0.722088886,0.496325035
GGGTAGACATGTGCTA-1_2_1_1,IR,TCM,T,-1.285042094,4.635175307
GGGTAGATCTGCCTCA-1_2_1_1,IR,Cytotoxic,T,0.497154457,-4.042549293
GGGTATTCAGGTCTCG-1_2_1_1,IR,T-DN,T,0.946868969,2.782164414
GGGTATTTCTGGACCG-1_2_1_1,IR,gdT,T,8.351193977,-6.239893358
GGGTCTGCACCAGCTG-1_2_1_1,IR,gdT,T,9.322709633,-5.936688821
GGGTCTGCACGTACAT-1_2_1_1,IR,NK,NK,-6.716234611,-7.294041555
GGGTCTGTCCCATAAG-1_2_1_1,IR,NaiveT,T,0.104799313,7.590777953
GGGTGAAGTTGATCGT-1_2_1_1,IR,Treg,T,2.56462319,-1.854203384
GGGTGAATCATCGTAG-1_2_1_1,IR,Treg,T,3.175665689,0.070839469
GGGTGTCAGAGCCGAT-1_2_1_1,IR,T-Helper,T,0.64120595,2.127318222
GGGTGTCAGGTAACTA-1_2_1_1,IR,Cytotoxic,T,-4.557026314,0.870448251
GGGTGTCAGTATGTAG-1_2_1_1,IR,T-Helper,T,0.403751744,-1.157376926
GGGTGTCCATGGCGCT-1_2_1_1,IR,NaiveT,T,2.103407813,6.499121268
GGGTGTCTCAGCTGTA-1_2_1_1,IR,gdT,T,9.276511742,-4.329253595
GGGTTATAGATTACCC-1_2_1_1,IR,NK,NK,-5.983262466,-4.578322332
GGGTTATAGCATGGGT-1_2_1_1,IR,NKT,T,-4.866631912,-1.294686835
GGGTTATTCCTGTAGA-1_2_1_1,IR,T-Helper,T,1.606683565,1.081182439
GGGTTATTCTGCAGCG-1_2_1_1,IR,gdT,T,2.642708612,-3.357314985
GGGTTATTCTTAGGAC-1_2_1_1,IR,NKT,T,-5.036106991,-2.453461092
GGGTTTAAGAAAGCGA-1_2_1_1,IR,NaiveT,T,-0.613669681,7.772410948
GGGTTTACATCATTGG-1_2_1_1,IR,NaiveT,T,2.372081352,7.713309367
GGGTTTAGTGTTACAC-1_2_1_1,IR,Treg,T,6.658967091,1.357637722
GGGTTTATCCATTGGA-1_2_1_1,IR,gdT,T,2.307599617,0.145489965
GGTAACTAGTGCAACG-1_2_1_1,IR,Treg,T,3.509201599,0.554316122
GGTAACTGTCCAGCCA-1_2_1_1,IR,T-DN,T,0.588827623,2.679517109
GGTAATCAGGGATCGT-1_2_1_1,IR,gdT,T,9.31460817,-6.438273828
GGTAATCTCCCTCTAG-1_2_1_1,IR,gdT,T,7.583740784,-5.541942041
GGTAGAGCAAACTCTG-1_2_1_1,IR,gdT,T,8.187472893,-6.672499101
GGTAGAGGTATCGCTA-1_2_1_1,IR,NaiveT,T,0.749872995,7.719983656
GGTAGAGTCGCCCAGA-1_2_1_1,IR,Cytotoxic,T,-5.424900936,0.191261609
GGTAGAGTCTAACACG-1_2_1_1,IR,NKT,T,-4.98132317,-2.20693795
GGTAGAGTCTCGTTTA-1_2_1_1,IR,T-Helper,T,1.930126501,0.626689513
GGTCACGTCGTGGCTG-1_2_1_1,IR,Cytotoxic,T,-3.577743696,1.42487498
GGTGAAGTCGGTTCAA-1_2_1_1,IR,NKT,T,-3.796641516,-2.630908649
GGTGAAGTCGTTAGTG-1_2_1_1,IR,gdT,T,8.334821297,-4.625469129
GGTGATTGTTGCGGCT-1_2_1_1,IR,NaiveT,T,0.171023432,7.628793795
GGTGATTTCAGTCATG-1_2_1_1,IR,ILC,ILC,8.136459423,1.172822316
GGTGGCTAGATCCTAC-1_2_1_1,IR,NKT,T,-4.260746407,-2.806166809
GGTGGCTAGTCCGTCG-1_2_1_1,IR,NK,NK,-1.382445501,-4.335023801
GGTGGCTTCGACCAAT-1_2_1_1,IR,NK,NK,-8.268016266,-6.075374048
GGTGGCTTCGCAGTCG-1_2_1_1,IR,gdT,T,9.69295652,-5.325774591
GGTGGCTTCTCTGGTC-1_2_1_1,IR,NK,NK,-9.291927742,-7.565349023
GGTGTCGAGTCTAGAA-1_2_1_1,IR,NK,NK,-6.479618477,-5.596618574
GGTGTCGTCTTGCAAG-1_2_1_1,IR,Treg,T,2.976338936,3.574248631
GGTGTTACAATTGCTG-1_2_1_1,IR,gdT,T,8.44947393,-6.730042379
GGTGTTAGTGAATGAT-1_2_1_1,IR,Cytotoxic,T,-1.626039671,-2.272889059
GGTTAACAGTATGCAA-1_2_1_1,IR,NaiveT,T,1.248597218,8.396267016
GGTTAACTCTTACACT-1_2_1_1,IR,NK,NK,-6.994217323,-6.348946493
GGTTCTCAGATCGACG-1_2_1_1,IR,Cytotoxic,T,-4.380795883,1.507129033
GGTTCTCAGCAGGTCA-1_2_1_1,IR,ILC,ILC,8.228996826,1.368043024
GGTTCTCAGGAGAATG-1_2_1_1,IR,Cytotoxic,T,-4.007635044,1.16293462
GGTTCTCCAGCGAGTA-1_2_1_1,IR,T-Helper,T,0.381436942,0.65654089
GGTTCTCTCGTCGACG-1_2_1_1,IR,Cytotoxic,T,-2.347692179,1.054687102
GGTTGTAAGGCATGGT-1_2_1_1,IR,T-Helper,T,1.111602379,-3.347851198
GGTTGTAGTATTGAGA-1_2_1_1,IR,Cytotoxic,T,-2.748153376,0.250577558
GGTTGTATCGCTTGCT-1_2_1_1,IR,gdT,T,10.06089361,-5.195212286
GTAACACAGTGCAAAT-1_2_1_1,IR,NKT,T,-4.063996243,-4.133871
GTAACACGTCAGTCCG-1_2_1_1,IR,Other,Other,5.336416794,6.741117556
GTAACCACAAGAGATT-1_2_1_1,IR,Cytotoxic,T,-4.497874187,2.264161665
GTAACCACAGTTGGTT-1_2_1_1,IR,Cytotoxic,T,-0.549453782,-0.973763089
GTAACCAGTGTTAACC-1_2_1_1,IR,NK,NK,-5.880435394,-6.779205721
GTAAGTCAGATGAATC-1_2_1_1,IR,NaiveT,T,-0.567287253,8.242005427
GTAATCGCACAGAGCA-1_2_1_1,IR,Cytotoxic,T,-1.81243317,0.728554029
GTAATCGTCAGACCGC-1_2_1_1,IR,T-DN,T,-3.972308086,-3.096862238
GTAATCGTCTCCGATC-1_2_1_1,IR,gdT,T,7.414852215,-6.323897283
GTAATGCCAGTAGAGC-1_2_1_1,IR,T-DN,T,-0.652758705,2.313868124
GTAATGCCATTGAAAG-1_2_1_1,IR,gdT,T,7.580066277,-4.715120714
GTAATGCTCGCCAATA-1_2_1_1,IR,Cytotoxic,T,-4.717403339,1.580948908
GTACAACGTGGTCCCA-1_2_1_1,IR,T-DN,T,0.220279341,2.82848676
GTACAACTCGGTGAAG-1_2_1_1,IR,NK,NK,-1.396273064,-4.073895853
GTACAGTCAGCTAACT-1_2_1_1,IR,gdT,T,8.097888542,-4.007313888
GTACAGTTCGTGGGTC-1_2_1_1,IR,Other,Other,3.877886845,6.429034789
GTAGAAAGTGCCTAAT-1_2_1_1,IR,gdT,T,9.205771996,-6.088406484
GTAGAAAGTGTCTTCC-1_2_1_1,IR,Cytotoxic,T,-3.592018532,1.650875647
GTAGAGGCACCGAATT-1_2_1_1,IR,NK,NK,-4.874748157,-5.554721277
GTAGAGGCACCGCTAG-1_2_1_1,IR,Cytotoxic,T,-1.897927689,0.212651659
GTAGAGGCATCCAATG-1_2_1_1,IR,NKT,T,-5.157819199,-1.330167692
GTAGAGGTCGCCGTGA-1_2_1_1,IR,Cytotoxic,T,-2.358743118,-0.173833768
GTAGATCAGGTGATCG-1_2_1_1,IR,NaiveT,T,0.649305595,8.637990076
GTAGATCAGTATAACG-1_2_1_1,IR,gdT,T,9.748142792,-4.733455103
GTAGATCCAGGAATCG-1_2_1_1,IR,Cytotoxic,T,-1.10382657,0.166213114
GTAGCTACACTCCGAG-1_2_1_1,IR,T-Helper,T,0.685785962,1.122991283
GTAGCTAGTATCCTCC-1_2_1_1,IR,T-DN,T,-0.06970075,1.47142442
GTAGCTAGTGGTAATA-1_2_1_1,IR,T-Helper,T,2.549722267,2.197036345
GTAGCTATCACCCTTG-1_2_1_1,IR,Cytotoxic,T,-2.025439428,0.162313659
GTAGCTATCAGCGGAA-1_2_1_1,IR,Cytotoxic,T,0.71058823,-3.750214021
GTAGGAGAGGAAAGTG-1_2_1_1,IR,Cytotoxic,T,-5.428988861,0.10751966
GTAGGAGCAGTTGCGC-1_2_1_1,IR,gdT,T,7.763690544,-5.858840864
GTAGGAGGTGACTCTA-1_2_1_1,IR,gdT,T,9.263690544,-6.580820482
GTAGGAGTCGAGCACC-1_2_1_1,IR,gdT,T,8.137507511,-4.607372682
GTAGGTTAGGATAATC-1_2_1_1,IR,gdT,T,7.63232143,-5.467081945
GTAGGTTCAGAAACCG-1_2_1_1,IR,T-DN,T,-0.254329609,-1.453692954
GTAGGTTTCGTGTCAA-1_2_1_1,IR,NaiveT,T,0.572405917,6.554627497
GTAGGTTTCTGATGGT-1_2_1_1,IR,T-Helper,T,1.185119225,-3.239389103
GTAGTACCAAAGGATT-1_2_1_1,IR,Cytotoxic,T,-2.986606287,0.39142691
GTAGTACGTGTTACAC-1_2_1_1,IR,Cytotoxic,T,0.338981731,-3.520918052
GTAGTACGTGTTCATG-1_2_1_1,IR,NaiveT,T,0.455542041,7.723989565
GTATTGGAGGTCCAGA-1_2_1_1,IR,T-Helper,T,2.193129374,0.892300744
GTATTGGCATGGTGGA-1_2_1_1,IR,gdT,T,10.16798647,-5.810479086
GTATTGGGTCATCCGG-1_2_1_1,IR,Treg,T,3.140151096,1.800778706
GTATTTCGTGTTAACC-1_2_1_1,IR,NK,NK,-8.782480644,-8.179933469
GTCAAACAGATGACCG-1_2_1_1,IR,NaiveT,T,-0.94916408,6.434681017
GTCAAACAGGCGTTAG-1_2_1_1,IR,NaiveT,T,-1.963138508,5.469135363
GTCAAACAGGGACTGT-1_2_1_1,IR,TCM,T,0.286915792,8.453667719
GTCAAACCATCATTGG-1_2_1_1,IR,Cytotoxic,T,-4.384294437,2.418481429
GTCAAACGTAGTTAGA-1_2_1_1,IR,NKT,T,-2.457501101,-3.171090047
GTCAAACGTTACGCCG-1_2_1_1,IR,NaiveT,T,0.216815634,6.687622149
GTCAAACGTTAGGGTG-1_2_1_1,IR,gdT,T,6.592209888,-5.353898447
GTCAAACTCATTATCC-1_2_1_1,IR,Cytotoxic,T,-3.570456194,-0.123624835
GTCAAACTCGTCAACA-1_2_1_1,IR,Cytotoxic,T,-3.126857923,2.103877623
GTCAAGTAGTCACGAG-1_2_1_1,IR,NK,NK,-5.98749678,-5.159656923
GTCAAGTGTTAGAGTA-1_2_1_1,IR,Cytotoxic,T,-0.855815577,1.390194971
GTCAAGTTCCCAGTGG-1_2_1_1,IR,NaiveT,T,0.565106822,7.094170649
GTCAAGTTCCGATGTA-1_2_1_1,IR,NK,NK,-6.294970917,-5.331384103
GTCAAGTTCGTTGCCT-1_2_1_1,IR,gdT,T,8.092030121,-6.740370672
GTCACGGCAAAGGAGA-1_2_1_1,IR,Cytotoxic,T,-3.197246241,3.097163994
GTCACGGTCGCCTTGT-1_2_1_1,IR,T-DN,T,-0.024440499,2.540192921
GTCACGGTCGGCATAT-1_2_1_1,IR,Cytotoxic,T,-3.172509598,1.426210124
GTCACTCTCAAGGAGC-1_2_1_1,IR,Cytotoxic,T,-3.176733421,1.58796366
GTCACTCTCACTGGTA-1_2_1_1,IR,T-Helper,T,1.208739115,-3.044103305
GTCAGCGCAACTCCCT-1_2_1_1,IR,gdT,T,6.837588383,-5.424802702
GTCAGCGTCTATTTCG-1_2_1_1,IR,NK,NK,-5.487431454,-3.596281211
GTCATCCCAGTCAGTT-1_2_1_1,IR,NKT,T,-4.423443722,-1.553421061
GTCATCCTCACCTACC-1_2_1_1,IR,gdT,T,10.35292108,-5.122487943
GTCATCCTCGGTAGAG-1_2_1_1,IR,NaiveT,T,-0.432805764,7.427549441
GTCATGAGTCGCTCGA-1_2_1_1,IR,Treg,T,3.37513168,1.395050843
GTCATTTCATATCGGT-1_2_1_1,IR,NaiveT,T,1.356257392,7.770314295
GTCATTTTCGAGCACC-1_2_1_1,IR,T-DN,T,0.385642839,3.105303366
GTCCACTCAGCCATTA-1_2_1_1,IR,NK,NK,-5.333643364,-5.279156606
GTCCACTGTTAAACCC-1_2_1_1,IR,Cytotoxic,T,-1.222966002,0.772589881
GTCCACTGTTACCTTT-1_2_1_1,IR,Cytotoxic,T,-3.692420649,2.875623066
GTCCACTGTTACGATC-1_2_1_1,IR,Cytotoxic,T,-0.598995553,2.068259795
GTCCCATAGTCGAAGC-1_2_1_1,IR,gdT,T,9.379774643,-5.792869012
GTCCCATCACGTTGGC-1_2_1_1,IR,NK,NK,-7.700764584,-6.090176027
GTCCTCACACCCTAAA-1_2_1_1,IR,T-Helper,T,3.227378441,1.594342072
GTCCTCACATGGCCAC-1_2_1_1,IR,NKT,T,-5.797838615,-3.365472953
GTCCTCAGTCGTTCAA-1_2_1_1,IR,gdT,T,10.07127912,-7.076822679
GTCCTCATCACCGGTG-1_2_1_1,IR,NaiveT,T,2.568638874,7.587577422
GTCGAATCAAGGATGC-1_2_1_1,IR,T-Helper,T,2.063687635,1.648075421
GTCGAATCATCCTTCG-1_2_1_1,IR,gdT,T,8.887534691,-5.480172079
GTCGAATGTATCCTCC-1_2_1_1,IR,T-Helper,T,1.245704247,1.911998351
GTCGAATTCTCTGGTC-1_2_1_1,IR,NK,NK,-5.599878715,-5.478123586
GTCGCGAAGGTCATTC-1_2_1_1,IR,NK,NK,-8.526532577,-5.527489107
GTCGCGAGTTGGAGAC-1_2_1_1,IR,NKT,T,-3.568745541,-2.725000303
GTCGCGATCACCGCTT-1_2_1_1,IR,Cytotoxic,T,-2.555931257,0.728348989
GTCGCGATCTCGTCGT-1_2_1_1,IR,gdT,T,7.176023556,-5.889974039
GTCGTAAAGTAGATCA-1_2_1_1,IR,NK,NK,-7.656218933,-6.0916938
GTCGTAACACATACTG-1_2_1_1,IR,T-Helper,T,2.138408376,3.533888895
GTCGTAAGTAAGCTCT-1_2_1_1,IR,NaiveT,T,-2.041439699,5.898776133
GTCGTAAGTTGGGATG-1_2_1_1,IR,T-Helper,T,1.252565456,-0.276232432
GTCGTAAGTTGTACGT-1_2_1_1,IR,Cytotoxic,T,-3.057362007,1.279838283
GTCGTTCCAGTACTAC-1_2_1_1,IR,gdT,T,7.49843557,-4.617165487
GTCGTTCGTCTGCGCA-1_2_1_1,IR,T-DN,T,0.895336641,3.174431164
GTCGTTCGTGGAAGTC-1_2_1_1,IR,NK,NK,-6.034563469,-7.044001978
GTCTACCGTAGGCAGT-1_2_1_1,IR,NK,NK,-7.611248898,-6.091076772
GTCTACCGTCGCGTCA-1_2_1_1,IR,T-Helper,T,1.961227728,2.337100346
GTCTAGAAGTAGTCTC-1_2_1_1,IR,NKT,T,-4.430384087,-2.934546154
GTCTAGACAATTTCCT-1_2_1_1,IR,gdT,T,8.266663147,-5.48797838
GTCTAGAGTTCTTGTT-1_2_1_1,IR,T-Helper,T,0.428798629,1.562887866
GTCTCACAGCACTCTA-1_2_1_1,IR,T-Helper,T,2.24301107,0.9951634
GTCTCACAGCGGCTCT-1_2_1_1,IR,Cytotoxic,T,0.856981827,-3.780039232
GTCTGTCCACAACGCC-1_2_1_1,IR,Treg,T,3.756527258,-0.614661079
GTCTGTCCAGCGTTTA-1_2_1_1,IR,NaiveT,T,1.759623123,8.621893961
GTCTGTCTCTAAGAAG-1_2_1_1,IR,NK,NK,-5.905213284,-6.91795675
GTCTTTAAGAAGTATC-1_2_1_1,IR,T-Helper,T,1.041978789,0.2222461
GTCTTTAAGTAATCCC-1_2_1_1,IR,gdT,T,8.933768822,-6.532453458
GTCTTTACAATTCACG-1_2_1_1,IR,Cytotoxic,T,-2.406856464,1.419556458
GTCTTTAGTTGATGTC-1_2_1_1,IR,NKT,T,-3.202016043,-2.311828058
GTCTTTATCACAACCA-1_2_1_1,IR,gdT,T,9.432653976,-5.439275186
GTCTTTATCGGCATCG-1_2_1_1,IR,NaiveT,T,0.382204799,8.651437838
GTGACGCGTTCTCTCG-1_2_1_1,IR,NaiveT,T,-0.674382793,8.28579529
GTGACGCTCTCAACCC-1_2_1_1,IR,Cytotoxic,T,-0.603464471,1.031107266
GTGAGCCAGCAGCAGT-1_2_1_1,IR,NaiveT,T,1.04628755,8.342822153
GTGAGCCAGCATTTCG-1_2_1_1,IR,gdT,T,9.720426155,-7.043004434
GTGAGCCAGGAGGGTG-1_2_1_1,IR,T-DN,T,0.776476038,2.042764981
GTGAGGAAGCTGGCTC-1_2_1_1,IR,T-Helper,T,0.165565187,0.087617476
GTGAGGACAGGATCTT-1_2_1_1,IR,Treg,T,3.034327341,3.709014256
GTGAGGACATCTCCCA-1_2_1_1,IR,NaiveT,T,1.808742,8.157362063
GTGAGGAGTGTTAGCT-1_2_1_1,IR,gdT,T,9.177133156,-7.257371824
GTGATGTAGTGCCTCG-1_2_1_1,IR,Treg,T,3.19357617,1.899657447
GTGATGTGTGAGTGAC-1_2_1_1,IR,NK,NK,-5.312131332,-5.968411844
GTGATGTTCACTTGGA-1_2_1_1,IR,NK,NK,-6.738514351,-6.374230783
GTGCACGCAAGCAGGT-1_2_1_1,IR,NK,NK,-6.665208744,-5.274876039
GTGCACGGTGTGGACA-1_2_1_1,IR,NK,NK,-7.877017426,-6.673393171
GTGCACGTCCGCAGTG-1_2_1_1,IR,T-DN,T,0.164609114,2.878297169
GTGCACGTCGTTCGCT-1_2_1_1,IR,NaiveT,T,-1.035593676,7.169919093
GTGCAGCAGCTGTTCA-1_2_1_1,IR,NK,NK,-6.329704689,-5.014614503
GTGCAGCGTTGTACGT-1_2_1_1,IR,Cytotoxic,T,-1.459676432,0.126489465
GTGCGTGGTGGCCTCA-1_2_1_1,IR,T-DN,T,0.077703616,-4.297242563
GTGCTTCAGATTCGAA-1_2_1_1,IR,gdT,T,2.617109848,-3.281698864
GTGCTTCGTCACGCTG-1_2_1_1,IR,NaiveT,T,-0.282492744,7.193781454
GTGCTTCTCTGCTCTG-1_2_1_1,IR,Cytotoxic,T,0.151295537,-2.500178735
GTGGAAGCATAAGCAA-1_2_1_1,IR,NaiveT,T,2.209795548,8.758429606
GTGGAAGTCTTCGATT-1_2_1_1,IR,Cytotoxic,T,-3.784604238,2.153786499
GTGGCGTCAGCAGTTT-1_2_1_1,IR,T-Helper,T,0.994023276,-2.677841585
GTGGCGTCATAATCGC-1_2_1_1,IR,T-Helper,T,2.046662999,2.123608429
GTGGCGTGTAGCGTTT-1_2_1_1,IR,NaiveT,T,-0.906585025,7.676131804
GTGGCGTGTGCAAGAC-1_2_1_1,IR,gdT,T,2.649759127,0.328862746
GTGGCGTGTTATAGCC-1_2_1_1,IR,gdT,T,8.205602242,-6.430157583
GTGGCGTTCAAGGAGC-1_2_1_1,IR,ILC,ILC,8.631565643,0.918444354
GTGGCGTTCCCATACC-1_2_1_1,IR,NaiveT,T,-1.120965647,7.435036738
GTGGGAAAGTTTCAGC-1_2_1_1,IR,Treg,T,3.717608286,0.313063462
GTGGGAACAAGAGGCT-1_2_1_1,IR,gdT,T,9.231726242,-4.344412248
GTGGGAACACTATGTG-1_2_1_1,IR,TCM,T,-1.454556512,3.964386065
GTGGGAAGTAAGGCTG-1_2_1_1,IR,Cytotoxic,T,0.513499422,-3.868534725
GTGGGAAGTACCGTGC-1_2_1_1,IR,gdT,T,9.423914505,-6.713209074
GTGGTTAAGCGTTAGG-1_2_1_1,IR,Cytotoxic,T,-0.097920763,1.697930891
GTGGTTACAGAAGTTA-1_2_1_1,IR,NK,NK,-6.826471256,-5.553702276
GTGGTTAGTGGGACAT-1_2_1_1,IR,NK,NK,-7.54375975,-5.537344854
GTGTAACAGCACCGTC-1_2_1_1,IR,NKT,T,-3.306654142,-2.500140588
GTGTAACTCCTACCGT-1_2_1_1,IR,NK,NK,-6.091246532,-6.019676607
GTGTAACTCTCGGCTT-1_2_1_1,IR,NK,NK,-6.784509586,-7.059809129
GTGTCCTAGCTTTCCC-1_2_1_1,IR,Cytotoxic,T,-4.199075626,1.826688607
GTGTCCTCAGCCATTA-1_2_1_1,IR,gdT,T,9.637506081,-5.963463228
GTGTGGCGTGCCGTAC-1_2_1_1,IR,gdT,T,7.801091743,-5.297856729
GTGTGGCTCCATTTGT-1_2_1_1,IR,T-Helper,T,-0.070353659,-1.01777647
GTGTTAGCACATTCGA-1_2_1_1,IR,gdT,T,7.765585495,-5.975181978
GTGTTAGCACTGCGTG-1_2_1_1,IR,NaiveT,T,-0.481411563,8.092687685
GTGTTAGGTAAGGCTG-1_2_1_1,IR,NK,NK,-5.302060532,-4.188773553
GTGTTAGTCTAGGCAT-1_2_1_1,IR,gdT,T,8.215632988,-6.601610105
GTGTTCCAGAGCAAGA-1_2_1_1,IR,Cytotoxic,T,-2.876143621,0.622990746
GTGTTCCGTTTGATCG-1_2_1_1,IR,gdT,T,9.461864067,-6.733839433
GTGTTCCTCAGGACAG-1_2_1_1,IR,NKT,T,-5.208896564,-1.456226747
GTGTTCCTCTCATTTG-1_2_1_1,IR,NK,NK,-6.401233601,-6.09492151
GTTACAGAGCTCACTA-1_2_1_1,IR,TCM,T,-1.665499138,3.456511099
GTTACAGAGGACAAGA-1_2_1_1,IR,T-Helper,T,-0.128705578,0.520747442
GTTACCCAGGTCACAG-1_2_1_1,IR,gdT,T,8.599667145,-5.955529134
GTTACCCCACGTCATA-1_2_1_1,IR,NKT,T,-4.838907169,-1.308416169
GTTACCCCAGGCTCTG-1_2_1_1,IR,gdT,T,9.367128922,-7.318546693
GTTACGACAGACCCGT-1_2_1_1,IR,NKT,T,-3.500146317,-2.24078862
GTTACGACATCTATCT-1_2_1_1,IR,Cytotoxic,T,-1.914687799,0.202242155
GTTAGACAGTCACACT-1_2_1_1,IR,NK,NK,-6.417735504,-6.110570829
GTTAGACCAAGCGAGT-1_2_1_1,IR,Cytotoxic,T,-4.25281279,0.349468667
GTTAGACTCGCCACTT-1_2_1_1,IR,NK,NK,-5.771560596,-6.025863569
GTTAGTGAGCGTGTTT-1_2_1_1,IR,NKT,T,-3.819115328,-3.068693082
GTTAGTGGTACCAATC-1_2_1_1,IR,NKT,T,-3.674557137,-2.481667202
GTTATGGTCCTGGCTT-1_2_1_1,IR,NaiveT,T,0.113517104,7.205985148
GTTCATTAGCAGCCTC-1_2_1_1,IR,NK,NK,-6.660286831,-7.493382852
GTTCATTTCCTACAAG-1_2_1_1,IR,gdT,T,7.777611805,-4.565279882
GTTCCGTCACAGCGCT-1_2_1_1,IR,NK,NK,-5.093352722,-4.604718607
GTTCCGTGTGAACTAA-1_2_1_1,IR,NK,NK,-0.610181855,-4.663919847
GTTCCGTTCTTTGCAT-1_2_1_1,IR,ILC,ILC,8.856827332,1.282978256
GTTCGCTTCCTACCGT-1_2_1_1,IR,Treg,T,3.791416241,0.715109785
GTTCTATCAATCGCGC-1_2_1_1,IR,Treg,T,3.083957268,-0.671664934
GTTGAACAGGACGGAG-1_2_1_1,IR,NK,NK,-5.392016338,-7.090247552
GTTGAACCATGACTAC-1_2_1_1,IR,gdT,T,10.25446661,-5.001315992
GTTGCGGCAGTTGCGC-1_2_1_1,IR,NKT,T,-6.030232834,-2.225968282
GTTGCGGCAGTTGTCA-1_2_1_1,IR,Cytotoxic,T,-2.068770813,-0.502146613
GTTGCGGTCGGCTCTT-1_2_1_1,IR,T-Helper,T,1.075335217,0.854630072
GTTGCTCAGTGAGCCA-1_2_1_1,IR,Cytotoxic,T,-1.562849211,-0.073034575
GTTGTAGAGGATTTAG-1_2_1_1,IR,NaiveT,T,1.770479036,6.157789309
GTTGTAGAGGTAGCCA-1_2_1_1,IR,NKT,T,-0.492015349,-1.464388769
GTTGTAGTCCTCTAGC-1_2_1_1,IR,T-Helper,T,1.177906109,2.543253739
GTTGTAGTCGAAGAAT-1_2_1_1,IR,gdT,T,9.344272209,-5.478082101
GTTGTAGTCGAGTCTA-1_2_1_1,IR,NKT,T,-3.503870415,-3.269103448
GTTGTCCAGCTCGACC-1_2_1_1,IR,NK,NK,-5.221561359,-4.179246347
GTTGTCCCAAATAAGC-1_2_1_1,IR,Cytotoxic,T,-3.544243025,1.105579455
GTTGTCCCAATCGCCG-1_2_1_1,IR,gdT,T,9.870180679,-7.266737859
GTTGTCCCATGACGTT-1_2_1_1,IR,gdT,T,2.916405035,0.950505335
GTTGTGAAGCATGGGT-1_2_1_1,IR,NaiveT,T,2.471460176,7.010720808
GTTGTGATCATCGACA-1_2_1_1,IR,Cytotoxic,T,-1.888590025,-0.059049911
GTTGTGATCGGAGCAA-1_2_1_1,IR,NaiveT,T,2.22259791,7.042806704
GTTTACTGTGTTACTG-1_2_1_1,IR,ILC,ILC,6.911473824,1.668429453
GTTTACTGTTAATGAG-1_2_1_1,IR,NK,NK,-8.554877686,-6.059907835
GTTTACTTCATGAAAG-1_2_1_1,IR,Cytotoxic,T,-2.851571726,1.857602913
GTTTACTTCCACAAGT-1_2_1_1,IR,Cytotoxic,T,-1.027802156,0.301316459
GTTTGGACACGGCGTT-1_2_1_1,IR,Cytotoxic,T,-2.067220854,4.604921896
GTTTGGAGTTAAGTCC-1_2_1_1,IR,NK,NK,-9.169181274,-7.28848068
GTTTGGATCATTCGGA-1_2_1_1,IR,Cytotoxic,T,-4.74943869,1.519012768
TAACACGCAAGAGGTC-1_2_1_1,IR,NaiveT,T,-1.356930183,5.378138621
TAACCAGAGAGTCCGA-1_2_1_1,IR,Cytotoxic,T,0.613127125,-3.321002643
TAACCAGAGCCGATCC-1_2_1_1,IR,NK,NK,-6.888453411,-6.330631178
TAACCAGCAACTACGT-1_2_1_1,IR,gdT,T,9.338387085,-6.860740583
TAACCAGGTGTTGATC-1_2_1_1,IR,NK,NK,-6.74384396,-5.833486478
TAACCAGTCACAACCA-1_2_1_1,IR,NK,NK,-5.882917809,-6.331120412
TAACGACCACGCGCAT-1_2_1_1,IR,NaiveT,T,-2.030717777,6.159716208
TAACGACTCAATGCAC-1_2_1_1,IR,gdT,T,9.209680153,-4.530717294
TAACTTCTCTCGCTTG-1_2_1_1,IR,NK,NK,-6.712264465,-5.159410875
TAAGCACCAAATCGGG-1_2_1_1,IR,NK,NK,-5.092583584,-0.147626876
TAAGCACGTGAATGAT-1_2_1_1,IR,NaiveT,T,0.980837,8.938671191
TAAGCCAAGAGGACTC-1_2_1_1,IR,Cytotoxic,T,-4.876719879,0.024919164
TAAGCCAAGATCGACG-1_2_1_1,IR,Cytotoxic,T,0.012326671,-2.919009369
TAAGCCAAGCATGAAT-1_2_1_1,IR,NK,NK,-7.353061127,-5.763593595
TAAGCCAAGTTGCCCG-1_2_1_1,IR,gdT,T,9.440853668,-6.211878698
TAAGCCACACCTTCGT-1_2_1_1,IR,gdT,T,9.794843269,-5.702423971
TAAGCGTAGCAAATCA-1_2_1_1,IR,T-Helper,T,2.079732729,4.220851023
TAAGTCGAGGTCGCCT-1_2_1_1,IR,gdT,T,9.779569222,-7.647534292
TAAGTCGCACCAGTTA-1_2_1_1,IR,NK,NK,-0.682087528,-4.368355196
TAAGTCGGTTGCTGAT-1_2_1_1,IR,NKT,T,-3.957024025,-1.967371981
TAATCTCCATCTCATT-1_2_1_1,IR,T-Helper,T,0.635984791,-0.807608109
TAATCTCTCGCTTGCT-1_2_1_1,IR,NaiveT,T,-0.907124566,5.748300154
TACACCCAGTATAGGT-1_2_1_1,IR,Cytotoxic,T,-3.544567989,-1.097091537
TACACCCCAGTTGGTT-1_2_1_1,IR,NK,NK,-6.293754982,-6.885450285
TACACCCCATGAGAAT-1_2_1_1,IR,Cytotoxic,T,-1.75123124,-0.181793358
TACACCCGTGTCATTG-1_2_1_1,IR,T-Helper,T,0.835547997,-3.911626737
TACACCCTCACTCTTA-1_2_1_1,IR,NaiveT,T,0.474636061,6.834837515
TACACCCTCGTCAGAT-1_2_1_1,IR,Cytotoxic,T,-3.39656465,1.281688769
TACAGGTAGCTATCCA-1_2_1_1,IR,Treg,T,3.191644979,2.638221819
TACAGGTTCCCTCTCC-1_2_1_1,IR,NK,NK,-6.815131592,-6.91920368
TACAGGTTCTGCGAGC-1_2_1_1,IR,NaiveT,T,0.729680789,6.927279551
TACATTCAGGTAGATT-1_2_1_1,IR,NaiveT,T,0.222997738,7.286251624
TACATTCCATACAGCT-1_2_1_1,IR,T-DN,T,0.505294962,2.235681374
TACATTCTCGTTCAGA-1_2_1_1,IR,gdT,T,9.001246048,-4.593757551
TACCCACGTAGATGTA-1_2_1_1,IR,NK,NK,-0.445884513,-4.474870126
TACCCACGTTGGGCCT-1_2_1_1,IR,NKT,T,-5.402890133,-1.232176344
TACCCGTAGCTCACTA-1_2_1_1,IR,Treg,T,2.820144487,1.584107597
TACCCGTGTTCTTAGG-1_2_1_1,IR,NK,NK,-1.33987801,-5.070008199
TACCCGTTCCCTGGTT-1_2_1_1,IR,NKT,T,-4.728399681,-3.304618518
TACCGAAAGTCAAGCG-1_2_1_1,IR,NK,NK,-7.935729431,-5.076054971
TACCGAATCAGTGTCA-1_2_1_1,IR,gdT,T,7.517360283,-6.308813017
TACCGAATCGTGGCTG-1_2_1_1,IR,T-Helper,T,2.608411861,2.414425213
TACCGAATCTGATTCT-1_2_1_1,IR,NaiveT,T,1.789759112,7.79264744
TACCGGGTCTAGGAAA-1_2_1_1,IR,Treg,T,3.301701857,-0.628713887
TACCTCGCATTGTGCA-1_2_1_1,IR,T-Helper,T,2.350856854,1.287904341
TACGCTCCAGAGGACT-1_2_1_1,IR,NK,NK,-6.728533195,-6.732735078
TACGCTCTCTCATTGT-1_2_1_1,IR,Cytotoxic,T,-1.730808186,0.824144859
TACGGGCAGACATCAA-1_2_1_1,IR,T-Helper,T,1.093492461,0.975537498
TACGGGCGTGGCGCTT-1_2_1_1,IR,NK,NK,-6.96817963,-6.457649629
TACGGTAGTCCACGCA-1_2_1_1,IR,NK,NK,-8.567519592,-7.819354456
TACGTCCGTAGCACAG-1_2_1_1,IR,Cytotoxic,T,-5.484696793,0.234343876
TACGTCCTCTAAGAAG-1_2_1_1,IR,Cytotoxic,T,-5.241309093,0.234360654
TACTGCCCAGCCCAGT-1_2_1_1,IR,TCM,T,1.206479741,5.654518206
TACTGCCGTTCAAGGG-1_2_1_1,IR,NK,NK,-8.404046463,-8.403637807
TACTTACGTAGATCCT-1_2_1_1,IR,gdT,T,2.561970306,-3.140453498
TACTTCACATGCCATA-1_2_1_1,IR,T-Helper,T,0.94483812,2.595487673
TACTTGTCATCACCAA-1_2_1_1,IR,NK,NK,-7.880083488,-6.029345911
TACTTGTTCCAAACCA-1_2_1_1,IR,T-Helper,T,1.906037045,0.29805835
TACTTGTTCTGCGTCT-1_2_1_1,IR,NKT,T,-4.200238632,-2.820572775
TAGACCAAGCATCCCG-1_2_1_1,IR,NKT,T,-4.077393936,-2.123408716
TAGACCAAGTAGTGCG-1_2_1_1,IR,TCM,T,-1.813399123,5.12931927
TAGACCACACGAGAAC-1_2_1_1,IR,T-DN,T,-4.474472927,-2.363495748
TAGACCACAGCTGTGC-1_2_1_1,IR,NaiveT,T,1.876754237,7.079670508
TAGACCAGTCCTTGTC-1_2_1_1,IR,Treg,T,3.313032938,-0.23034979
TAGACCAGTGTGCCTG-1_2_1_1,IR,gdT,T,8.118446899,-5.258562486
TAGACCATCGCTCTAC-1_2_1_1,IR,Cytotoxic,T,0.605347944,-2.377952974
TAGACTGTCAGCACCG-1_2_1_1,IR,NaiveT,T,-1.850399183,5.832886774
TAGAGTCGTGGGTTGA-1_2_1_1,IR,NK,NK,-5.714195179,-7.277980249
TAGATCGCAAAGGTTA-1_2_1_1,IR,Cytotoxic,T,-4.872546123,1.344807823
TAGATCGGTTAGCGGA-1_2_1_1,IR,TCM,T,-1.446914481,3.581508715
TAGATCGTCGCAAGAG-1_2_1_1,IR,gdT,T,8.354873253,-5.067760389
TAGCACAAGGTCTTTG-1_2_1_1,IR,NK,NK,-5.052558826,-4.743436258
TAGCACAGTATGTCAC-1_2_1_1,IR,NK,NK,-7.557208466,-5.833467405
TAGCACAGTTGGCCGT-1_2_1_1,IR,gdT,T,8.332952095,-6.189658086
TAGGAGGCAAGACTGG-1_2_1_1,IR,NK,NK,-5.754737305,-6.669899385
TAGGAGGCATCCTAAG-1_2_1_1,IR,NK,NK,-5.841233658,-5.573161523
TAGGAGGGTTGCTGAT-1_2_1_1,IR,TCM,T,-1.916891979,4.936679442
TAGGTACCACGAGGAT-1_2_1_1,IR,gdT,T,8.319063736,-5.159631174
TAGGTTGAGACTCCGC-1_2_1_1,IR,T-Helper,T,0.950073851,1.296003063
TAGGTTGCAGTATTCG-1_2_1_1,IR,NaiveT,T,2.627102448,7.641164381
TAGGTTGCATGGCGCT-1_2_1_1,IR,NaiveT,T,-0.142012881,6.942592699
TAGGTTGTCTCAGGCG-1_2_1_1,IR,gdT,T,8.058195663,-6.013831537
TAGTGCACACCAAATC-1_2_1_1,IR,TCM,T,-1.524898099,4.491079886
TAGTGCATCCAGCCTT-1_2_1_1,IR,gdT,T,8.242200447,-5.836575906
TAGTGCATCTAGTGTG-1_2_1_1,IR,NK,NK,-0.508180009,-4.590596597
TATACCTGTCTTACTT-1_2_1_1,IR,Treg,T,2.632393194,-1.714504879
TATACCTTCAACACCA-1_2_1_1,IR,gdT,T,8.95377977,-5.012449663
TATACCTTCGTCCTCA-1_2_1_1,IR,Cytotoxic,T,-4.108839916,1.40317889
TATACCTTCTACCAGA-1_2_1_1,IR,Cytotoxic,T,-2.23490064,0.377099622
TATATCCTCTGATGGT-1_2_1_1,IR,NK,NK,-7.406916546,-6.818920057
TATCAGGAGCGCAATG-1_2_1_1,IR,gdT,T,8.816378189,-5.524078291
TATCAGGAGTTCCAGT-1_2_1_1,IR,gdT,T,9.705187393,-5.753132265
TATCAGGCAGACCTAT-1_2_1_1,IR,gdT,T,8.071655346,-5.247453134
TATCAGGGTTTCGTGA-1_2_1_1,IR,NaiveT,T,-0.843143152,7.570269186
TATCAGGTCAGCGCGT-1_2_1_1,IR,Cytotoxic,T,-1.192658829,0.702003736
TATCAGGTCCACGTCT-1_2_1_1,IR,gdT,T,8.624209,-4.743288438
TATCCTATCCGTGGTG-1_2_1_1,IR,NK,NK,-4.990201878,-3.999603431
TATCGCCCATCCTCAC-1_2_1_1,IR,Cytotoxic,T,-0.779131459,0.670400162
TATCTGTCAATGTCTG-1_2_1_1,IR,T-Helper,T,2.200541807,0.99011739
TATCTGTTCTATCGTT-1_2_1_1,IR,T-Helper,T,0.611208124,-3.998915355
TATGTTCCAAACCGGA-1_2_1_1,IR,gdT,T,7.867604805,-5.532916944
TATTCCAGTACCTAAC-1_2_1_1,IR,Treg,T,3.863863541,0.519192119
TATTGCTAGTCCGCGT-1_2_1_1,IR,NK,NK,-4.10932486,-4.013436954
TATTGCTCAGTCTCTC-1_2_1_1,IR,NaiveT,T,1.445672227,6.280442316
TATTGCTGTACGAGCA-1_2_1_1,IR,Cytotoxic,T,-0.624213504,-0.303242202
TATTGCTGTGCTGCAC-1_2_1_1,IR,NK,NK,-6.07172768,-7.050576608
TATTGGGAGATGACAT-1_2_1_1,IR,gdT,T,7.104606701,-5.724041383
TATTGGGGTACTGCGC-1_2_1_1,IR,gdT,T,8.155191017,-4.818697374
TATTGGGGTCATCACA-1_2_1_1,IR,T-DN,T,0.128504658,2.450238783
TATTGGGGTCATCTAG-1_2_1_1,IR,Cytotoxic,T,-1.347804593,-0.167282316
TATTTCGCATCAGTGT-1_2_1_1,IR,Cytotoxic,T,-5.15632193,0.236995478
TATTTCGGTAGTAAGT-1_2_1_1,IR,NK,NK,-6.882353233,-6.965923231
TCAAGACCAATTAGGA-1_2_1_1,IR,gdT,T,8.819457603,-4.782172601
TCAAGACGTCCCGTGA-1_2_1_1,IR,gdT,T,7.50082357,-6.157631319
TCAAGACGTCCGGATC-1_2_1_1,IR,T-Helper,T,1.322062922,-0.111933424
TCAAGACGTTACGCCG-1_2_1_1,IR,gdT,T,9.321354462,-5.061552446
TCAAGACTCTATCGTT-1_2_1_1,IR,T-DN,T,-0.08114058,2.854511578
TCAAGCAAGAGTATAC-1_2_1_1,IR,Other,Other,6.403209282,6.905400832
TCAAGCAAGTGCAAAT-1_2_1_1,IR,gdT,T,10.25243433,-5.809842031
TCAAGCACAGGGTTGA-1_2_1_1,IR,NK,NK,-5.760337757,-6.209829252
TCAAGCAGTTAAACCC-1_2_1_1,IR,T-Helper,T,0.419592423,0.18827479
TCAAGCAGTTGTGCAT-1_2_1_1,IR,gdT,T,9.535448624,-5.579806249
TCAAGCATCATTCCTA-1_2_1_1,IR,Treg,T,3.341417385,-0.212391134
TCAAGTGAGGTTCTTG-1_2_1_1,IR,Cytotoxic,T,-2.181925224,-0.341360833
TCAAGTGCAGTACTAC-1_2_1_1,IR,TCM,T,-3.211634802,-1.853918116
TCAAGTGGTAGCTTAC-1_2_1_1,IR,NaiveT,T,0.563327206,6.822846014
TCAAGTGGTCCTGGTG-1_2_1_1,IR,NK,NK,-7.131743835,-6.679673116
TCAAGTGGTGCACGCT-1_2_1_1,IR,Cytotoxic,T,0.391642807,-3.231182258
TCAATCTGTGAGTCAG-1_2_1_1,IR,Cytotoxic,T,-1.847210335,1.781532247
TCAATCTGTGGGCTCT-1_2_1_1,IR,NaiveT,T,0.36124785,6.776891787
TCAATTCAGGTTGACG-1_2_1_1,IR,NK,NK,-8.502330231,-7.05345146
TCAATTCAGTGGAAAG-1_2_1_1,IR,NK,NK,-8.568214821,-5.78306524
TCAATTCCAGCACACC-1_2_1_1,IR,T-DN,T,0.955365313,2.510114272
TCACAAGAGGAACGAA-1_2_1_1,IR,NK,NK,-8.095142769,-7.252278249
TCACAAGGTCCAACGC-1_2_1_1,IR,NK,NK,-1.579848217,-5.210623186
TCACATTAGTCAGCCC-1_2_1_1,IR,gdT,T,8.492706848,-6.067714136
TCACATTCAGTACTAC-1_2_1_1,IR,Cytotoxic,T,-1.64824252,1.589791376
TCACATTCATGCCGCA-1_2_1_1,IR,ILC,ILC,5.985499931,1.751283605
TCACATTGTCCCGTGA-1_2_1_1,IR,gdT,T,9.955893112,-7.157257955
TCACATTGTGGCCACT-1_2_1_1,IR,gdT,T,8.507514549,-5.481298845
TCACATTGTGTCTTCC-1_2_1_1,IR,NaiveT,T,2.008222772,7.151921351
TCACGCTCACAGAGAC-1_2_1_1,IR,Cytotoxic,T,-4.63436787,0.769680161
TCACGCTCAGACCAGA-1_2_1_1,IR,NK,NK,-8.118930267,-8.323189657
TCACGCTCATGTTTGG-1_2_1_1,IR,T-Helper,T,-0.17388727,1.414767582
TCACGCTGTCACCACG-1_2_1_1,IR,Cytotoxic,T,-2.364525961,4.995242674
TCACGCTTCTTAGCTT-1_2_1_1,IR,Treg,T,2.692226482,1.816067536
TCACTATCAAATCGGG-1_2_1_1,IR,NaiveT,T,2.497675015,7.547010977
TCACTATGTTCGGTTA-1_2_1_1,IR,NK,NK,-6.005215572,-5.322935026
TCACTATTCTTCGTGC-1_2_1_1,IR,T-Helper,T,2.353216959,3.053038199
TCACTCGCACAGGATG-1_2_1_1,IR,Cytotoxic,T,-4.196776794,2.627102454
TCACTCGCACAGTCCG-1_2_1_1,IR,T-Helper,T,0.946424676,2.252162297
TCACTCGCATACGCAT-1_2_1_1,IR,T-DN,T,-0.503923642,2.418275196
TCACTCGGTCAATCTG-1_2_1_1,IR,T-Helper,T,1.869919373,2.30964287
TCACTCGGTGCACATT-1_2_1_1,IR,NKT,T,-1.80872445,-3.592797439
TCACTCGTCGTTACCC-1_2_1_1,IR,gdT,T,9.808014465,-5.794242303
TCAGCAACAATAACGA-1_2_1_1,IR,gdT,T,7.803649021,-4.173495214
TCAGCAAGTTTCACTT-1_2_1_1,IR,Cytotoxic,T,0.951419545,-3.579973142
TCAGCAAGTTTCGGCG-1_2_1_1,IR,NK,NK,-5.489704536,-7.165173929
TCAGCCTCATATAGCC-1_2_1_1,IR,NK,NK,-6.737936424,-5.051169794
TCAGCCTCATTCGGGC-1_2_1_1,IR,Cytotoxic,T,-2.261122631,-0.218893606
TCAGGGCAGAGAGCCT-1_2_1_1,IR,gdT,T,9.460475517,-5.458450716
TCAGGGCGTACAGAAT-1_2_1_1,IR,gdT,T,2.378068758,-3.122927349
TCAGGGCGTACGTGTT-1_2_1_1,IR,gdT,T,7.798770977,-5.593592088
TCAGGTAAGCGCCTAC-1_2_1_1,IR,gdT,T,2.533213926,0.279882569
TCAGGTATCTTCGGAA-1_2_1_1,IR,T-DN,T,0.706812514,2.550931532
TCAGTCCGTAGGAAAG-1_2_1_1,IR,Treg,T,3.402322603,-0.107726591
TCAGTCCGTTGACTAC-1_2_1_1,IR,NaiveT,T,-0.650324987,7.552599509
TCAGTCCTCTCTGAGA-1_2_1_1,IR,Cytotoxic,T,-2.764526295,2.277938445
TCAGTGAGTAGCGTAG-1_2_1_1,IR,ILC,ILC,7.459097935,1.26398464
TCAGTGATCTAAGCGT-1_2_1_1,IR,Cytotoxic,T,-2.259627985,-0.354148935
TCAGTTTAGTCGTCTA-1_2_1_1,IR,NKT,T,-4.693934845,-3.636294286
TCATACTAGTTAGTAG-1_2_1_1,IR,T-Helper,T,1.146451307,-3.180038374
TCATACTGTATCTCTT-1_2_1_1,IR,NaiveT,T,2.897102905,6.486985762
TCATATCCAGAACTTC-1_2_1_1,IR,gdT,T,9.465756012,-4.329263609
TCATCATAGGTGGGTT-1_2_1_1,IR,Cytotoxic,T,-5.072862076,0.353621681
TCATCATAGTCGAGGT-1_2_1_1,IR,gdT,T,9.773656441,-5.238053243
TCATCATAGTCTTCCC-1_2_1_1,IR,NK,NK,-6.38205521,-5.006405752
TCATCATCACCCAATA-1_2_1_1,IR,NKT,T,-4.634672569,-3.036578338
TCATCATCAGAACATA-1_2_1_1,IR,gdT,T,8.853571487,-4.56896631
TCATCATGTAAGGCCA-1_2_1_1,IR,NK,NK,-5.80156319,-5.444156568
TCATGAGAGGAACGTC-1_2_1_1,IR,gdT,T,9.921998573,-7.387034814
TCATGAGCAGTCACGC-1_2_1_1,IR,gdT,T,9.785492493,-7.185847204
TCATGAGCAGTGTGCC-1_2_1_1,IR,NK,NK,-5.245268749,-4.452604692
TCATGGACATCATTGG-1_2_1_1,IR,NKT,T,-4.844929623,-1.408367913
TCATGTTAGAAGGTAG-1_2_1_1,IR,NKT,T,-6.206758427,-2.382925432
TCATGTTGTTATTCCT-1_2_1_1,IR,NK,NK,-8.707067894,-5.960128706
TCATGTTGTTTCAGAC-1_2_1_1,IR,T-DN,T,1.047056628,3.54930218
TCATGTTTCATTACTC-1_2_1_1,IR,gdT,T,8.552506042,-6.341487329
TCATGTTTCCTATGGA-1_2_1_1,IR,T-DN,T,0.733385278,2.866008599
TCATTACCAATTCACG-1_2_1_1,IR,Cytotoxic,T,-3.065567659,0.585663099
TCATTACGTAACTTCG-1_2_1_1,IR,gdT,T,8.366991592,-3.977805536
TCATTCAAGGTATTGA-1_2_1_1,IR,gdT,T,7.855876518,-5.791018407
TCATTCAGTATTCCGA-1_2_1_1,IR,T-DN,T,0.773197962,3.304872591
TCATTGTGTAACACCT-1_2_1_1,IR,Cytotoxic,T,-1.987485098,1.092557628
TCATTGTGTGGAAATT-1_2_1_1,IR,NK,NK,-5.191945957,-5.673817079
TCATTGTGTGTCATGT-1_2_1_1,IR,T-Helper,T,2.113861395,1.643552382
TCATTGTGTTCGTAAC-1_2_1_1,IR,NK,NK,-5.845038818,-5.879522245
TCATTGTTCCGCAGTG-1_2_1_1,IR,ILC,ILC,7.771122051,1.569713433
TCATTTGAGACTGTTC-1_2_1_1,IR,T-Helper,T,0.737290693,1.944664318
TCATTTGCAAACCGGA-1_2_1_1,IR,gdT,T,9.698036743,-4.574299734
TCATTTGCACGACTAT-1_2_1_1,IR,T-Helper,T,0.927315725,-3.127001684
TCATTTGGTAGCGTTT-1_2_1_1,IR,NK,NK,-5.477164673,-4.22168247
TCATTTGGTGGATTTC-1_2_1_1,IR,gdT,T,9.354048325,-4.629193227
TCCACCAAGCCTAACT-1_2_1_1,IR,T-Helper,T,1.923216177,2.104093392
TCCACCACAGAAATTG-1_2_1_1,IR,gdT,T,9.460975243,-4.990913313
TCCACCACAGACTGCC-1_2_1_1,IR,NKT,T,-4.662973331,-2.911319177
TCCACCAGTATTGACC-1_2_1_1,IR,Treg,T,3.645989014,0.565243323
TCCACCAGTTTACTTC-1_2_1_1,IR,NaiveT,T,2.486964298,6.46042927
TCCACGTCAGGTTTAC-1_2_1_1,IR,NaiveT,T,0.149951938,7.604519446
TCCACGTGTCCGTACG-1_2_1_1,IR,T-Helper,T,-0.491500782,0.833310444
TCCACGTGTTCCTAAG-1_2_1_1,IR,NK,NK,-8.122501778,-6.370554845
TCCAGAAAGCTGCCTG-1_2_1_1,IR,gdT,T,2.102972103,-2.809726875
TCCAGAACAAATAAGC-1_2_1_1,IR,T-Helper,T,1.494330836,0.092001398
TCCAGAACATATACCG-1_2_1_1,IR,gdT,T,7.928211761,-6.980019014
TCCAGAAGTTGAATCC-1_2_1_1,IR,TCM,T,-1.5531116,5.108667929
TCCATCGTCAGTAGGG-1_2_1_1,IR,gdT,T,8.158359123,-6.41773073
TCCATCGTCTGGAGAG-1_2_1_1,IR,gdT,T,7.492565228,-6.438105981
TCCATGCAGATGAACT-1_2_1_1,IR,T-Helper,T,1.98883946,2.175429661
TCCATGCAGTAACCTC-1_2_1_1,IR,gdT,T,7.997863842,-5.354052942
TCCATGCCACGCGCTA-1_2_1_1,IR,gdT,T,9.655628754,-6.767465036
TCCCACAAGCATAGGC-1_2_1_1,IR,gdT,T,7.871383739,-5.38010494
TCCCACAGTTGCTGAT-1_2_1_1,IR,NaiveT,T,0.107341064,7.368815501
TCCCAGTAGTATCCTG-1_2_1_1,IR,Cytotoxic,T,-4.304636883,2.036514122
TCCGAAACAAAGCGTG-1_2_1_1,IR,NK,NK,-5.263147282,-5.059548299
TCCGAAAGTCAGGCAA-1_2_1_1,IR,gdT,T,8.760141922,-6.275137346
TCCGAAATCCACAGCG-1_2_1_1,IR,Cytotoxic,T,-3.13983457,2.514582236
TCCGATCCAGAGATTA-1_2_1_1,IR,T-Helper,T,0.147559108,-1.006707351
TCCGATCGTACTCAAC-1_2_1_1,IR,gdT,T,9.244587494,-4.330652158
TCCGATCGTGAGGAAA-1_2_1_1,IR,NK,NK,-0.481270479,-4.567075174
TCCGATCGTGGAAATT-1_2_1_1,IR,Cytotoxic,T,-2.824422764,1.73495372
TCCGGGACAGCTGTGC-1_2_1_1,IR,NK,NK,-6.018490242,-6.359958093
TCCGGGATCTCGAACA-1_2_1_1,IR,NK,NK,-7.940566467,-5.479134481
TCCGTGTGTCTTCATT-1_2_1_1,IR,T-Helper,T,2.37846501,3.19188698
TCCTAATAGCGGACAT-1_2_1_1,IR,Treg,T,3.399592711,-0.247036423
TCCTAATGTGACATCT-1_2_1_1,IR,T-Helper,T,0.740114046,2.114609797
TCCTAATGTGCCTACG-1_2_1_1,IR,gdT,T,8.267822815,-6.464908044
TCCTAATTCTAGACAC-1_2_1_1,IR,T-Helper,T,1.460676623,1.062493403
TCCTAATTCTTCGTAT-1_2_1_1,IR,NaiveT,T,2.336321665,7.564273436
TCCTCCCCAACAGCCC-1_2_1_1,IR,T-Helper,T,1.333023501,2.095000107
TCCTCCCCAGGTACGA-1_2_1_1,IR,NK,NK,-5.843913483,-6.026196878
TCCTCCCGTGAACTAA-1_2_1_1,IR,Cytotoxic,T,-1.163025426,0.210268218
TCCTCCCTCCGCAGTG-1_2_1_1,IR,NKT,T,-4.994417595,-3.29766218
TCCTCCCTCGTAGGAG-1_2_1_1,IR,T-Helper,T,1.539810372,1.657126386
TCCTCTTTCACACCCT-1_2_1_1,IR,NaiveT,T,1.781328155,6.462544043
TCCTCTTTCTCCCAAC-1_2_1_1,IR,NK,NK,-5.662802147,-4.98195545
TCCTTCTAGACTGAGC-1_2_1_1,IR,NK,NK,-9.138274597,-7.304438512
TCCTTCTCACATATCG-1_2_1_1,IR,gdT,T,8.265348984,-5.284539144
TCCTTCTCACTGTCGG-1_2_1_1,IR,NK,NK,-5.970433163,-4.152816217
TCCTTCTGTTATCTTC-1_2_1_1,IR,Cytotoxic,T,0.368148012,-2.255280655
TCCTTTCAGCAGCACA-1_2_1_1,IR,NKT,T,-4.655966209,-3.243203323
TCCTTTCGTGGCCCAT-1_2_1_1,IR,T-Helper,T,1.014921022,1.565648515
TCGAACAGTGAGATCG-1_2_1_1,IR,gdT,T,7.575461937,-6.209773939
TCGAAGTAGGTTTACC-1_2_1_1,IR,NaiveT,T,-1.786862658,6.031773169
TCGAAGTGTAACAAGT-1_2_1_1,IR,T-Helper,T,0.106001658,1.581985195
TCGAAGTGTACAAACA-1_2_1_1,IR,gdT,T,7.167238308,-6.312279146
TCGAAGTTCGAAACAA-1_2_1_1,IR,NK,NK,-5.19457333,-5.505442541
TCGACCTCAGCATACT-1_2_1_1,IR,NK,NK,-6.261424946,-5.289547365
TCGACCTCATCCGGCA-1_2_1_1,IR,T-Helper,T,0.979432059,0.496238489
TCGACCTTCGGTCTGG-1_2_1_1,IR,Cytotoxic,T,0.643786443,-3.702861707
TCGACCTTCTCATAGG-1_2_1_1,IR,T-DN,T,0.252889005,2.635585625
TCGACCTTCTCCTGCA-1_2_1_1,IR,gdT,T,9.543372704,-4.600828092
TCGATTTCAATGGCAG-1_2_1_1,IR,NK,NK,-6.19432299,-6.57074682
TCGATTTCATTGACTG-1_2_1_1,IR,gdT,T,9.818317009,-5.126859586
TCGATTTGTCGGTGAA-1_2_1_1,IR,T-Helper,T,1.65055461,0.500339229
TCGCACTAGTAGAGTT-1_2_1_1,IR,gdT,T,8.993211342,-5.633496206
TCGCACTTCTTAAGGC-1_2_1_1,IR,gdT,T,8.374168945,-4.91863529
TCGCAGGAGGTGCCTC-1_2_1_1,IR,T-Helper,T,1.384134484,2.134911377
TCGCAGGGTCGAGCAA-1_2_1_1,IR,NK,NK,-6.554072308,-7.563804548
TCGCTCAAGGACGCTA-1_2_1_1,IR,NaiveT,T,1.776059938,6.645536024
TCGCTCACACCGGAAA-1_2_1_1,IR,NaiveT,T,2.509693218,6.897233088
TCGCTTGTCGTCGGGT-1_2_1_1,IR,NaiveT,T,-0.317120867,8.051410754
TCGCTTGTCTTCCGTG-1_2_1_1,IR,NKT,T,-4.848000931,-2.958753984
TCGGATATCAGTCACA-1_2_1_1,IR,T-Helper,T,2.575917078,1.072271306
TCGGGACCATACCACA-1_2_1_1,IR,T-Helper,T,2.842851711,2.556540091
TCGGGACGTTCGGCGT-1_2_1_1,IR,T-DN,T,-0.2895325,2.413119872
TCGGGACTCGACGTCG-1_2_1_1,IR,Cytotoxic,T,-2.404774832,0.15332802
TCGGGCAAGATTGTGA-1_2_1_1,IR,NaiveT,T,-0.789045559,7.697290022
TCGGGCAAGTGAGGCT-1_2_1_1,IR,TCM,T,0.129860336,5.488553603
TCGGGCACAACTCCAA-1_2_1_1,IR,NaiveT,T,0.225753,7.758002837
TCGGGCACAGAAGTGC-1_2_1_1,IR,TCM,T,-1.987506794,5.168236811
TCGGGCATCGCATAGT-1_2_1_1,IR,NaiveT,T,2.198737932,8.367542345
TCGGGTGCAAACTAAG-1_2_1_1,IR,T-Helper,T,0.979022575,0.770793219
TCGGGTGCAGCCTACG-1_2_1_1,IR,NKT,T,-3.077315973,-2.566999357
TCGGGTGGTATTTCCT-1_2_1_1,IR,Cytotoxic,T,0.72116722,-4.076105516
TCGGTCTAGAGTCTTC-1_2_1_1,IR,NK,NK,-5.607753681,-3.817881982
TCGGTCTCAAAGGGCT-1_2_1_1,IR,T-DN,T,0.088904841,1.819706399
TCGGTCTGTCTTTCAT-1_2_1_1,IR,Cytotoxic,T,-4.990317272,0.354553987
TCGGTCTTCCCTCTTT-1_2_1_1,IR,T-Helper,T,1.563072754,-3.335824173
TCGTAGATCGGTGAAG-1_2_1_1,IR,NaiveT,T,-0.266243117,8.040231783
TCGTCCACAGCGCTTG-1_2_1_1,IR,Cytotoxic,T,-2.615071463,0.808851201
TCGTCCAGTCGTCGGT-1_2_1_1,IR,NKT,T,-4.601199078,-1.597133558
TCGTCCAGTCTGCGCA-1_2_1_1,IR,NaiveT,T,-1.695052074,5.716225703
TCGTCCATCCTGGCTT-1_2_1_1,IR,gdT,T,9.310142113,-6.894825857
TCGTGCTCATGATCTG-1_2_1_1,IR,NKT,T,-3.800333904,-3.065568845
TCGTGCTCATGTCAGT-1_2_1_1,IR,NK,NK,-1.131193685,-5.06251518
TCGTGCTCATGTTACG-1_2_1_1,IR,Cytotoxic,T,0.608516766,-3.289176385
TCGTGCTGTCGAGTGA-1_2_1_1,IR,Cytotoxic,T,-4.604039597,-0.592033486
TCGTGCTTCTAACGCA-1_2_1_1,IR,NaiveT,T,-0.41807376,7.43356951
TCGTGCTTCTGGGATT-1_2_1_1,IR,gdT,T,8.476335121,-5.919921796
TCGTGGGGTCATAAAG-1_2_1_1,IR,T-Helper,T,-0.089214491,-0.426254522
TCGTGGGTCTCTGAGA-1_2_1_1,IR,T-Helper,T,1.171642376,1.054552514
TCTAACTAGGCAATGC-1_2_1_1,IR,Cytotoxic,T,-1.554123091,0.951203663
TCTAACTCAAGCAATA-1_2_1_1,IR,NK,NK,-7.683983253,-6.306243341
TCTAACTTCCAGTGTA-1_2_1_1,IR,Cytotoxic,T,-1.105489897,0.423951943
TCTACATAGCGACCCT-1_2_1_1,IR,Cytotoxic,T,-3.112094807,0.25619464
TCTACATTCGCCAACG-1_2_1_1,IR,T-DN,T,-4.697870182,-2.469704073
TCTACCGGTGATGAAT-1_2_1_1,IR,gdT,T,10.29024942,-5.52040283
TCTACCGGTGTTGCCG-1_2_1_1,IR,T-Helper,T,0.036499215,0.109983195
TCTACCGTCAACGTGT-1_2_1_1,IR,NK,NK,-5.394869255,-5.389569681
TCTACCGTCTATCCAT-1_2_1_1,IR,T-Helper,T,0.723295642,-0.502822768
TCTATACAGCACCTGC-1_2_1_1,IR,NaiveT,T,2.717068745,6.455616553
TCTATCAAGGGTGAAA-1_2_1_1,IR,NaiveT,T,2.350751234,4.156834204
TCTCACGGTAGTCACT-1_2_1_1,IR,Cytotoxic,T,1.183460547,-2.184794824
TCTCAGCAGACATACA-1_2_1_1,IR,T-Helper,T,1.830192162,2.709840138
TCTCAGCAGCTTAGTC-1_2_1_1,IR,Cytotoxic,T,0.137422504,-3.008142154
TCTCAGCTCATTCATC-1_2_1_1,IR,Cytotoxic,T,-5.167079376,0.263810028
TCTCCGAAGAGGGTCT-1_2_1_1,IR,NK,NK,-8.586780952,-7.006655614
TCTCCGAGTTGACTAC-1_2_1_1,IR,gdT,T,8.022528244,-5.799399297
TCTCCGAGTTGGATCT-1_2_1_1,IR,NKT,T,-3.957337307,-4.012175481
TCTCCGATCTATCCAT-1_2_1_1,IR,Cytotoxic,T,0.741951955,-3.306704681
TCTCTGGAGTTTCGAC-1_2_1_1,IR,Cytotoxic,T,-0.623524891,-0.791309278
TCTCTGGCATCCCACT-1_2_1_1,IR,NKT,T,-3.480212854,-2.994573753
TCTGCCACACACCGAC-1_2_1_1,IR,ILC,ILC,8.037146164,2.183153469
TCTGCCAGTTGAAGTA-1_2_1_1,IR,NaiveT,T,1.383475972,7.084297736
TCTGCCATCGCATGAT-1_2_1_1,IR,NK,NK,-6.756944107,-5.236533086
TCTGGCTAGTTGAAAC-1_2_1_1,IR,T-DN,T,0.595267607,3.202383835
TCTGGCTCAGGTCCGT-1_2_1_1,IR,gdT,T,9.893161369,-5.284838598
TCTGGCTCATCCTAAG-1_2_1_1,IR,T-DN,T,-0.172153788,2.510498125
TCTGTCGTCGGACTGC-1_2_1_1,IR,NaiveT,T,0.000997959,7.789128859
TCTGTCGTCTATCGTT-1_2_1_1,IR,Cytotoxic,T,-4.924626278,0.432825882
TCTTAGTAGGTGGGTT-1_2_1_1,IR,TCM,T,-1.342479514,5.209863741
TCTTAGTAGTGGAAAG-1_2_1_1,IR,NaiveT,T,0.963122738,8.392808993
TCTTCCTCAGTTTCAG-1_2_1_1,IR,ILC,ILC,8.591841293,1.963039238
TCTTCCTCATACTGAC-1_2_1_1,IR,NK,NK,-6.650488781,-5.82490341
TCTTCCTGTCCCTAAA-1_2_1_1,IR,NK,NK,-6.767027782,-5.401637952
TCTTCCTGTGTATTCG-1_2_1_1,IR,Cytotoxic,T,0.600156022,-3.85397641
TCTTCCTGTTGTCATG-1_2_1_1,IR,Cytotoxic,T,-4.779514717,1.741996605
TCTTGCGGTTATAGCC-1_2_1_1,IR,gdT,T,9.234072281,-7.410602968
TCTTTGAAGAAGCGGG-1_2_1_1,IR,NK,NK,-6.038254189,-4.133752744
TGAACGTGTAGACTGG-1_2_1_1,IR,T-Helper,T,0.189591611,-0.0366158
TGAACGTGTGCCCACA-1_2_1_1,IR,Treg,T,3.336166216,1.591219385
TGAACGTTCTACGGGC-1_2_1_1,IR,T-Helper,T,0.625215156,-3.479077737
TGAATCGAGTTGTAGA-1_2_1_1,IR,gdT,T,8.550704552,-4.741566579
TGAATCGCAGTCGCTG-1_2_1_1,IR,NK,NK,-6.832567142,-7.103486936
TGAATCGTCTGCTTTA-1_2_1_1,IR,gdT,T,9.754546715,-6.104271333
TGAATGCAGCATTTGC-1_2_1_1,IR,NKT,T,-4.325767445,-2.234979551
TGAATGCAGGTTTGAA-1_2_1_1,IR,NK,NK,-6.24871056,-7.043942373
TGAATGCGTGCATCTA-1_2_1_1,IR,NaiveT,T,0.90044458,8.624912341
TGACAGTAGGCTCAAG-1_2_1_1,IR,Cytotoxic,T,-2.137316631,1.022567351
TGACAGTCAAGAGATT-1_2_1_1,IR,NKT,T,-5.322829174,-2.036889117
TGACAGTCATTGACAC-1_2_1_1,IR,Cytotoxic,T,-0.523964511,-1.127135437
TGACCCTAGCACTCAT-1_2_1_1,IR,gdT,T,9.681217743,-6.828395288
TGACCCTAGTACAGAT-1_2_1_1,IR,NKT,T,-2.756115126,-2.466211956
TGACCCTCAAAGACGC-1_2_1_1,IR,NaiveT,T,0.179862408,7.378237326
TGACCCTCAACTTGGT-1_2_1_1,IR,NK,NK,-6.106050896,-5.309091489
TGACCCTGTCCCTGTT-1_2_1_1,IR,NK,NK,-8.410808014,-7.260190885
TGACGCGAGACCACGA-1_2_1_1,IR,Treg,T,3.112577511,3.318868
TGACGCGAGACTTCCA-1_2_1_1,IR,NKT,T,-5.302525448,-2.223153751
TGACGCGAGCTATCTG-1_2_1_1,IR,gdT,T,9.614958359,-6.648121278
TGACTCCAGGGCATGT-1_2_1_1,IR,NK,NK,-5.206457066,-4.480906885
TGACTCCCATGGTACT-1_2_1_1,IR,NK,NK,-5.620401787,-5.202124994
TGACTCCTCACCTTGC-1_2_1_1,IR,T-Helper,T,2.961723877,1.506185253
TGAGACTAGTACCATC-1_2_1_1,IR,NaiveT,T,2.36260326,7.429317076
TGAGACTAGTAGCATA-1_2_1_1,IR,gdT,T,8.88492067,-5.692228716
TGAGCATAGCGTTCCG-1_2_1_1,IR,gdT,T,8.693391396,-6.850377481
TGAGCATGTCCTGTCT-1_2_1_1,IR,gdT,T,8.660934044,-6.858364503
TGAGCGCAGCGTTACT-1_2_1_1,IR,NK,NK,-4.545611786,-3.791806858
TGAGCGCGTCCGCAGT-1_2_1_1,IR,NK,NK,-1.309306072,-4.069378059
TGAGCGCGTGCCTACG-1_2_1_1,IR,T-Helper,T,1.110747946,0.483407636
TGAGCGCTCCTCTAGC-1_2_1_1,IR,gdT,T,7.524142338,-6.445580881
TGAGCGCTCGCAGATT-1_2_1_1,IR,NKT,T,-4.191341804,-2.414438646
TGAGCGCTCTGCACCT-1_2_1_1,IR,NaiveT,T,0.284374995,9.134123881
TGAGGAGCAGAAGCGT-1_2_1_1,IR,TCM,T,-1.432824658,4.737217028
TGAGGAGCAGCTACCG-1_2_1_1,IR,NK,NK,-9.214745926,-7.935743253
TGAGGAGTCAACCGAT-1_2_1_1,IR,NaiveT,T,3.001087738,6.794102271
TGAGGGAAGCAATTCC-1_2_1_1,IR,gdT,T,7.780724598,-4.818852346
TGAGGGAAGGACGCAT-1_2_1_1,IR,gdT,T,9.884720398,-7.287607591
TGAGGGACAGTGACCC-1_2_1_1,IR,gdT,T,8.183099342,-6.793733041
TGAGGGAGTCTGTCAA-1_2_1_1,IR,NKT,T,-4.559146809,-2.797748249
TGAGGGATCCAAGGGA-1_2_1_1,IR,TCM,T,-2.16678326,4.649331648
TGAGGGATCTTCCCGA-1_2_1_1,IR,ILC,ILC,8.698185516,1.283810694
TGAGGTTTCGGTAGAG-1_2_1_1,IR,gdT,T,8.062112881,-6.463406007
TGAGTCACACAAAGCG-1_2_1_1,IR,Cytotoxic,T,-2.980346607,0.521764357
TGAGTCATCTCCAAGA-1_2_1_1,IR,T-Helper,T,1.428016616,0.304785122
TGATCAGGTAGTAAGT-1_2_1_1,IR,NK,NK,-0.256042378,-4.446406286
TGATCTTCAAACACGG-1_2_1_1,IR,Cytotoxic,T,-3.919591831,1.352735598
TGATCTTCAACAGAGC-1_2_1_1,IR,NaiveT,T,2.390603138,7.825240691
TGATCTTCACCATTCC-1_2_1_1,IR,T-Helper,T,0.844593001,1.330130656
TGATCTTGTGCTGATT-1_2_1_1,IR,gdT,T,9.692541672,-5.210798662
TGATGCAAGATAGCTA-1_2_1_1,IR,NaiveT,T,2.455086304,7.316600878
TGATGCACATTGCCGG-1_2_1_1,IR,gdT,T,8.425945831,-6.750403326
TGATGCAGTTTGCCGG-1_2_1_1,IR,gdT,T,9.273762299,-5.773066442
TGATGGTCACGCGCTA-1_2_1_1,IR,T-Helper,T,2.460597588,2.308085759
TGATTCTCAATCACGT-1_2_1_1,IR,T-DN,T,-0.032750415,2.482507307
TGATTCTGTTGTAGCT-1_2_1_1,IR,NK,NK,-5.847258972,-4.980516832
TGATTTCCAGTTCCAA-1_2_1_1,IR,Treg,T,2.838393761,1.741974075
TGCACGGAGTATGAAC-1_2_1_1,IR,NK,NK,-8.573736595,-5.933331888
TGCACGGCATGCCGCA-1_2_1_1,IR,Treg,T,3.59958942,1.372975905
TGCACGGCATTGCTTT-1_2_1_1,IR,gdT,T,8.992038322,-4.416322153
TGCACGGGTTGCATCA-1_2_1_1,IR,gdT,T,9.755149437,-5.411179941
TGCAGATAGACAACAT-1_2_1_1,IR,T-DN,T,1.814749433,4.042930205
TGCAGATAGTGTTCCA-1_2_1_1,IR,gdT,T,2.566520525,0.330561329
TGCAGATCAAACTAAG-1_2_1_1,IR,Cytotoxic,T,-2.832170652,1.78376301
TGCAGATCAGTTAGGG-1_2_1_1,IR,gdT,T,6.885775639,-5.413953703
TGCAGATGTACGGCAA-1_2_1_1,IR,NaiveT,T,-1.144008087,7.740348418
TGCAGATTCATCGTAG-1_2_1_1,IR,Treg,T,3.568538023,-0.392573755
TGCAGATTCCATCCGT-1_2_1_1,IR,NK,NK,-7.678239273,-7.708890359
TGCAGGCGTAACACCT-1_2_1_1,IR,NaiveT,T,1.274972869,8.790237505
TGCAGGCGTATGTGTC-1_2_1_1,IR,gdT,T,8.197484566,-6.178811472
TGCAGGCGTGAATGTA-1_2_1_1,IR,gdT,T,8.745785309,-6.17256109
TGCAGGCTCATCGCCT-1_2_1_1,IR,Cytotoxic,T,-2.312993692,1.96695574
TGCAGGCTCCATTGCC-1_2_1_1,IR,Cytotoxic,T,0.922141684,-3.798454445
TGCAGTAAGAAAGCGA-1_2_1_1,IR,Cytotoxic,T,-4.153702663,2.812284548
TGCAGTAAGTAATCCC-1_2_1_1,IR,gdT,T,9.432382179,-7.056338708
TGCATGACAATTGCCA-1_2_1_1,IR,NaiveT,T,-1.889635967,6.898465712
TGCCGAGCAACTGATC-1_2_1_1,IR,NKT,T,-3.734528469,-2.263176363
TGCCGAGGTTGCGGAA-1_2_1_1,IR,T-DN,T,-4.405754017,-4.306605737
TGCCGAGTCAGCTAGT-1_2_1_1,IR,Cytotoxic,T,-3.82889645,1.903138478
TGCCGAGTCTAACGGT-1_2_1_1,IR,NK,NK,-4.771708416,-4.412563722
TGCCGAGTCTGAATGC-1_2_1_1,IR,Cytotoxic,T,-2.372591185,0.715292652
TGCGATAAGAGGTCGT-1_2_1_1,IR,NKT,T,-4.768979954,-0.565505217
TGCGATAAGCGTGTTT-1_2_1_1,IR,T-Helper,T,1.366532637,0.469958682
TGCGGCAAGAGTTGTA-1_2_1_1,IR,NaiveT,T,-1.017482089,7.817601759
TGCGGCAAGCAAACAT-1_2_1_1,IR,Cytotoxic,T,-3.225706266,1.429775197
TGCGGCAGTTATGACC-1_2_1_1,IR,gdT,T,8.323798729,-6.67093889
TGCGGCATCGAGTGAG-1_2_1_1,IR,Cytotoxic,T,-2.278103994,0.730930645
TGCGGGTCACACCTAA-1_2_1_1,IR,T-Helper,T,1.460857702,3.391927082
TGCGGGTCATTGTACG-1_2_1_1,IR,gdT,T,10.27522714,-5.437808435
TGCTCCAAGCATACTC-1_2_1_1,IR,Treg,T,3.636932207,-0.661132197
TGCTCCACAATCTGCA-1_2_1_1,IR,gdT,T,8.394431664,-5.568963926
TGCTCCAGTCACTTAG-1_2_1_1,IR,NaiveT,T,1.300120784,7.854861338
TGCTCGTAGTATTCCG-1_2_1_1,IR,Cytotoxic,T,0.640980137,-3.492734115
TGCTCGTTCTTACGTT-1_2_1_1,IR,NKT,T,-4.588783668,-1.595696967
TGCTGAAAGAGCGACT-1_2_1_1,IR,gdT,T,8.575911118,-5.736572664
TGCTGAAAGAGTACCG-1_2_1_1,IR,TCM,T,-1.636899995,4.571703036
TGCTGAAAGCTACAAA-1_2_1_1,IR,gdT,T,9.833370758,-6.997745912
TGCTGAAGTAATGTGA-1_2_1_1,IR,Cytotoxic,T,-5.386954235,0.251940955
TGCTGAATCGTGCATA-1_2_1_1,IR,NK,NK,-7.749671387,-5.872911375
TGCTTCGAGTTCCATG-1_2_1_1,IR,NaiveT,T,2.551300837,6.712421019
TGCTTCGGTCGTCGGT-1_2_1_1,IR,Cytotoxic,T,0.366365908,-3.612931888
TGCTTCGGTTGTCTAG-1_2_1_1,IR,NK,NK,-5.90801947,-5.076148431
TGCTTCGTCCCATAGA-1_2_1_1,IR,Cytotoxic,T,-2.23326342,1.943585236
TGCTTGCGTGACTGAG-1_2_1_1,IR,NK,NK,-8.053513931,-8.092294614
TGCTTGCGTGAGTGAC-1_2_1_1,IR,NK,NK,-8.073621201,-5.402993124
TGCTTGCGTGCCCAGT-1_2_1_1,IR,NaiveT,T,0.873430444,7.936081011
TGCTTGCTCTCTGGTC-1_2_1_1,IR,NK,NK,-8.24829142,-6.375780027
TGGAACTCACGCTGAC-1_2_1_1,IR,NaiveT,T,1.963945223,6.182794173
TGGAACTCACGTTGGC-1_2_1_1,IR,Cytotoxic,T,-5.439268993,0.234042634
TGGAACTCAGTTCTAG-1_2_1_1,IR,Cytotoxic,T,-4.084912228,-0.483295839
TGGAGAGAGGTTGGAC-1_2_1_1,IR,gdT,T,8.044059349,-6.414781492
TGGAGAGGTGGCTGCT-1_2_1_1,IR,Cytotoxic,T,0.419483943,-3.717882793
TGGAGGAGTGAACTAA-1_2_1_1,IR,gdT,T,8.086158348,-6.643570821
TGGAGGAGTGACATCT-1_2_1_1,IR,NaiveT,T,0.901434911,7.934771616
TGGAGGATCTTACTGT-1_2_1_1,IR,NK,NK,-1.931944775,-3.515515487
TGGATCACAGCAGGAT-1_2_1_1,IR,NaiveT,T,0.84360428,8.897110064
TGGATGTAGCCTTTCC-1_2_1_1,IR,Cytotoxic,T,-2.540983128,1.827199657
TGGATGTAGGTACAAT-1_2_1_1,IR,Cytotoxic,T,-2.619293856,0.537883539
TGGATGTCAGCGTTTA-1_2_1_1,IR,TCM,T,-1.703695821,5.270193655
TGGATGTTCCGTCACT-1_2_1_1,IR,T-Helper,T,1.128464116,0.300649036
TGGCGTGAGACTACGG-1_2_1_1,IR,Cytotoxic,T,0.491741491,-3.849885147
TGGGAAGCAAACCATC-1_2_1_1,IR,T-Helper,T,2.13875301,2.120994885
TGGGAAGCATCCTGTC-1_2_1_1,IR,ILC,ILC,9.222135139,2.74374779
TGGGAGAAGCATCGAG-1_2_1_1,IR,NK,NK,-1.475848245,-4.243276041
TGGGAGAAGCCGATTT-1_2_1_1,IR,T-Helper,T,1.866356803,2.371219475
TGGGAGAAGTTTCTTC-1_2_1_1,IR,T-Helper,T,0.185606439,0.587051291
TGGGAGACACAACATC-1_2_1_1,IR,Cytotoxic,T,-3.733643936,2.800220091
TGGGAGAGTATAATGG-1_2_1_1,IR,gdT,T,9.243819786,-6.373777311
TGGGAGATCTCAATCT-1_2_1_1,IR,ILC,ILC,8.150570465,1.691169221
TGGGATTGTCGATGCC-1_2_1_1,IR,gdT,T,8.694428993,-5.527449052
TGGGATTTCGCACGGT-1_2_1_1,IR,NKT,T,-4.569833683,-1.756398599
TGGGATTTCTGCTAGA-1_2_1_1,IR,T-Helper,T,1.252409054,0.340839852
TGGGCGTCATACTGAC-1_2_1_1,IR,T-DN,T,1.810548378,4.274108012
TGGGCGTGTCTGCATA-1_2_1_1,IR,gdT,T,2.550286842,0.415483792
TGGGCGTGTGGTCAAG-1_2_1_1,IR,Cytotoxic,T,-3.35365908,1.052281935
TGGGCTGAGTTGTCGT-1_2_1_1,IR,gdT,T,7.494936062,-4.568394106
TGGGCTGCATATGCGT-1_2_1_1,IR,gdT,T,10.20401533,-5.00527374
TGGGCTGGTGTCGCTG-1_2_1_1,IR,T-Helper,T,1.939643098,2.943133194
TGGGCTGGTTTGCCGG-1_2_1_1,IR,NK,NK,-6.203398155,-5.484846513
TGGGCTGTCTCAGGCG-1_2_1_1,IR,NaiveT,T,1.936163736,6.62362345
TGGGTTAAGGGTCTTT-1_2_1_1,IR,gdT,T,8.154866291,-5.096425455
TGGGTTACATAATGAG-1_2_1_1,IR,Cytotoxic,T,-2.857468294,0.042577479
TGGGTTAGTGCACATT-1_2_1_1,IR,T-DN,T,0.178444304,2.67674597
TGGGTTATCGAATCCA-1_2_1_1,IR,NK,NK,-0.994872974,-4.218158643
TGGTACAAGCCTTCTC-1_2_1_1,IR,gdT,T,10.26870592,-5.744730871
TGGTACATCGTCGCTT-1_2_1_1,IR,Cytotoxic,T,-2.157900499,1.760600288
TGGTAGTAGCCTCATA-1_2_1_1,IR,Cytotoxic,T,-1.322282361,0.69585367
TGGTAGTGTGACAGGT-1_2_1_1,IR,gdT,T,2.297562195,-0.0822646
TGGTGATCACATTCGA-1_2_1_1,IR,Cytotoxic,T,1.031463517,-3.246560495
TGGTGATCACTGTGTA-1_2_1_1,IR,NKT,T,-5.262807297,-2.794558447
TGGTGATGTCACTACA-1_2_1_1,IR,Cytotoxic,T,0.552974744,-2.977884452
TGGTGATTCATCCTGC-1_2_1_1,IR,NK,NK,-4.470995354,-4.208030145
TGTAACGAGGAGCAAA-1_2_1_1,IR,T-Helper,T,0.513747377,0.566328723
TGTAACGGTAACAAGT-1_2_1_1,IR,T-Helper,T,1.371197058,0.592545588
TGTAACGTCCACTTTA-1_2_1_1,IR,NK,NK,-6.651660847,-7.294516485
TGTAAGCGTACTGACT-1_2_1_1,IR,gdT,T,7.634294106,-6.251380842
TGTAAGCGTGGCCACT-1_2_1_1,IR,NK,NK,-5.240728306,-5.641623418
TGTAAGCTCGGTATGT-1_2_1_1,IR,T-Helper,T,2.736236883,3.950397093
TGTAAGCTCTCGCAGG-1_2_1_1,IR,gdT,T,7.713626457,-5.677130621
TGTACAGCAGATCCTA-1_2_1_1,IR,NK,NK,-6.243523048,-6.314379137
TGTACAGGTAATTGGA-1_2_1_1,IR,T-Helper,T,3.019998146,1.604572136
TGTAGACCACCCGTAG-1_2_1_1,IR,T-Helper,T,1.13723488,-3.402915876
TGTAGACCATGCCGGT-1_2_1_1,IR,NK,NK,-0.499574827,-4.377832334
TGTAGACTCTTACCGC-1_2_1_1,IR,NaiveT,T,1.714184834,5.835302908
TGTCAGACACAAGTTC-1_2_1_1,IR,NK,NK,-8.95419352,-7.606831949
TGTCAGACACTGCGAC-1_2_1_1,IR,Cytotoxic,T,-4.724078583,0.974279363
TGTCAGAGTACCGGAA-1_2_1_1,IR,T-Helper,T,0.796954466,0.112497736
TGTCAGATCCTCTCTT-1_2_1_1,IR,T-Helper,T,0.485601378,-0.902683895
TGTCCACCATGTTTGG-1_2_1_1,IR,TCM,T,-1.817354011,4.078069289
TGTCCACGTCCATACA-1_2_1_1,IR,NK,NK,-1.448212313,-3.996073167
TGTCCACTCTCCCATG-1_2_1_1,IR,Cytotoxic,T,-4.219003128,2.059712012
TGTCCCACATCGTCCT-1_2_1_1,IR,NKT,T,-4.496216701,-2.468526523
TGTCCTGAGAAGTCTA-1_2_1_1,IR,T-Helper,T,2.218006445,1.706907947
TGTCCTGCAGGTTTAC-1_2_1_1,IR,NK,NK,-5.455136227,-4.515351217
TGTCCTGTCGAGATAA-1_2_1_1,IR,NK,NK,-7.164156841,-6.775515001
TGTCCTGTCGGCTTGG-1_2_1_1,IR,NaiveT,T,0.877544714,6.774183829
TGTGAGTGTCCGAAAG-1_2_1_1,IR,NK,NK,-6.384580063,-6.240678232
TGTGAGTTCATTCACT-1_2_1_1,IR,NaiveT,T,2.092246247,6.151003916
TGTGAGTTCGTCACCT-1_2_1_1,IR,T-Helper,T,2.651299788,3.366077502
TGTGATGAGGTTCAGG-1_2_1_1,IR,NaiveT,T,0.107805719,8.784164507
TGTGATGAGTTAGAAC-1_2_1_1,IR,NKT,T,-3.718747782,-2.367238681
TGTGATGCATCCGTTC-1_2_1_1,IR,NK,NK,-8.811875748,-5.8678631
TGTGATGTCCTGTAGA-1_2_1_1,IR,gdT,T,8.357519699,-5.477375429
TGTGCGGAGGTCCGAA-1_2_1_1,IR,NK,NK,-0.944469499,-4.783195417
TGTGCGGTCATAGCAC-1_2_1_1,IR,gdT,T,7.886827065,-6.367339056
TGTGCGGTCGCACGAC-1_2_1_1,IR,gdT,T,8.310388161,-3.747922342
TGTGGCGAGAACTTCC-1_2_1_1,IR,NK,NK,-5.363384174,-4.711734693
TGTGGCGGTACGACTT-1_2_1_1,IR,ILC,ILC,8.561835838,1.158767779
TGTGTGACAAACGTGG-1_2_1_1,IR,NK,NK,-8.041513847,-6.887902658
TGTGTGACAGGCATGA-1_2_1_1,IR,T-Helper,T,2.058215929,1.669656594
TGTGTGAGTGGCTGCT-1_2_1_1,IR,Cytotoxic,T,-4.201667713,1.75122555
TGTTACTAGTCATTGC-1_2_1_1,IR,gdT,T,8.612512184,-5.415716093
TGTTACTGTAGCTGCC-1_2_1_1,IR,NK,NK,-5.633745598,-5.104549806
TGTTACTTCTCACGAA-1_2_1_1,IR,NK,NK,-5.272109913,-5.189524095
TGTTCCGAGCTTCTAG-1_2_1_1,IR,T-Helper,T,1.360662175,-2.927150171
TGTTCCGAGGGCAGTT-1_2_1_1,IR,gdT,T,8.417147232,-5.867249887
TGTTCCGGTACAGGTG-1_2_1_1,IR,Treg,T,3.41081245,1.033421714
TGTTCTAAGCATGGGT-1_2_1_1,IR,gdT,T,8.972622467,-6.123852651
TGTTCTATCGACGAGA-1_2_1_1,IR,gdT,T,2.386336638,0.393241514
TGTTCTATCTAATTCC-1_2_1_1,IR,Cytotoxic,T,-3.626443552,-0.721623283
TGTTGAGCAGGTGGAT-1_2_1_1,IR,NK,NK,-6.270279812,-3.346712749
TGTTGAGGTAGTCCTA-1_2_1_1,IR,NK,NK,-7.33672707,-7.674574297
TGTTGGACACGCTGAC-1_2_1_1,IR,gdT,T,7.374269558,-5.606973569
TGTTGGATCCGCAGTG-1_2_1_1,IR,gdT,T,9.251311852,-6.071359079
TGTTGGATCTGACGCG-1_2_1_1,IR,T-Helper,T,0.767824842,1.249379117
TGTTTGTGTTCAGCTA-1_2_1_1,IR,gdT,T,8.164837433,-6.08052532
TGTTTGTTCCCTCAAC-1_2_1_1,IR,Cytotoxic,T,-0.494146155,0.316532154
TTAATCCAGCCACCGT-1_2_1_1,IR,TCM,T,0.856084658,5.806713183
TTAATCCGTGTTTACG-1_2_1_1,IR,Cytotoxic,T,-2.674456762,1.215597231
TTAATCCGTTGCGAAG-1_2_1_1,IR,gdT,T,7.479974342,-6.398273866
TTAATCCTCGCTGATA-1_2_1_1,IR,Cytotoxic,T,-4.516029762,0.25576948
TTACAGGAGGCACTCC-1_2_1_1,IR,gdT,T,9.64296682,-6.137932222
TTACAGGCAGAGAATT-1_2_1_1,IR,Cytotoxic,T,-4.118867325,1.688460786
TTACAGGGTAGCTCGC-1_2_1_1,IR,NK,NK,-4.999797749,-4.719639223
TTACAGGGTGGCTGAA-1_2_1_1,IR,gdT,T,10.00064046,-5.105260294
TTACAGGTCTTGAGCA-1_2_1_1,IR,NK,NK,-5.831871437,-5.819060724
TTACCATCATATGGCT-1_2_1_1,IR,Cytotoxic,T,0.827173067,-3.900269668
TTACCATCATCCCGTT-1_2_1_1,IR,Treg,T,2.58801086,-1.841399114
TTACCGCCACGATAGG-1_2_1_1,IR,T-Helper,T,2.862372948,2.043044407
TTACCGCGTAGCTGCC-1_2_1_1,IR,gdT,T,7.848072601,-5.093723695
TTACCGCTCGTTCTGC-1_2_1_1,IR,Cytotoxic,T,-4.351771282,0.838294585
TTACGCCCAGAAGTGC-1_2_1_1,IR,T-Helper,T,1.954632355,2.172091563
TTACGCCTCATGCGGC-1_2_1_1,IR,Cytotoxic,T,-3.45437734,-1.845503967
TTACGCCTCCTTTAGT-1_2_1_1,IR,NK,NK,-6.26290934,-5.563242357
TTACGCCTCGGAATGG-1_2_1_1,IR,gdT,T,7.780242992,-6.583670538
TTACGTTAGGATACCG-1_2_1_1,IR,gdT,T,2.96756394,0.584985037
TTACGTTCAGACCTGC-1_2_1_1,IR,gdT,T,9.641849113,-5.374833028
TTACGTTGTTGGCCTG-1_2_1_1,IR,Cytotoxic,T,-1.292478608,0.368210484
TTACGTTTCCTTCACG-1_2_1_1,IR,NK,NK,-1.227022814,-4.163808744
TTACTGTCAAAGGCTG-1_2_1_1,IR,NK,NK,-5.241864609,-5.416612547
TTACTGTCAACCGTAT-1_2_1_1,IR,NK,NK,-6.37240641,-5.821236532
TTAGGGTAGTCCGCCA-1_2_1_1,IR,gdT,T,10.04207761,-6.877087514
TTAGGGTTCATTGTGG-1_2_1_1,IR,T-Helper,T,2.73450215,1.757047136
TTAGGGTTCGTTTACT-1_2_1_1,IR,T-DN,T,1.096068932,3.374991019
TTAGTCTAGAAGAGCA-1_2_1_1,IR,Cytotoxic,T,-3.479729103,3.44434293
TTAGTCTCAGACGCTC-1_2_1_1,IR,Cytotoxic,T,-2.928194927,0.640763719
TTAGTCTGTGTCCGTG-1_2_1_1,IR,Cytotoxic,T,-0.692676531,-0.150358066
TTATTGCCAACAGTGG-1_2_1_1,IR,Cytotoxic,T,0.277512638,-3.531410616
TTATTGCGTACGTGAG-1_2_1_1,IR,NK,NK,-0.88965814,-4.206256311
TTATTGCGTCTAACGT-1_2_1_1,IR,NaiveT,T,3.576805664,6.304950793
TTATTGCTCGGTGTAT-1_2_1_1,IR,NaiveT,T,0.279128259,7.311240752
TTATTGCTCTATTCGT-1_2_1_1,IR,gdT,T,8.999997688,-6.592286985
TTATTGCTCTTACCAT-1_2_1_1,IR,NK,NK,-6.327539848,-6.730065267
TTCACCGAGTACAGAT-1_2_1_1,IR,gdT,T,2.418309284,-3.32092778
TTCACCGGTTACCGTA-1_2_1_1,IR,T-Helper,T,1.115198148,-3.219225328
TTCAGGACACTACACA-1_2_1_1,IR,Treg,T,3.211486174,-0.213970933
TTCAGGAGTAGCGTAG-1_2_1_1,IR,Cytotoxic,T,0.542221261,-3.027304571
TTCAGGATCTCAACGA-1_2_1_1,IR,gdT,T,8.696679665,-5.875532549
TTCAGGATCTCATTAC-1_2_1_1,IR,TCM,T,-1.76077001,5.095848162
TTCAGGATCTGGAGAG-1_2_1_1,IR,NaiveT,T,1.317945195,8.984428484
TTCATGTAGCCTCTTC-1_2_1_1,IR,Cytotoxic,T,0.829460634,-3.400502126
TTCATGTAGGATGGCT-1_2_1_1,IR,T-Helper,T,2.158434106,3.154146273
TTCATGTCACCAATTG-1_2_1_1,IR,NK,NK,-8.02185099,-5.774982374
TTCATGTCATTCAGCA-1_2_1_1,IR,NaiveT,T,0.870797349,7.487264235
TTCATTGCAACCACAT-1_2_1_1,IR,T-Helper,T,1.154922796,0.544938702
TTCATTGCATCATCCC-1_2_1_1,IR,NKT,T,-4.704938816,-2.967972438
TTCATTGTCGTTCCCA-1_2_1_1,IR,NaiveT,T,0.110315179,8.279948313
TTCATTGTCTGGGAGA-1_2_1_1,IR,Treg,T,3.314478231,1.421665151
TTCCAATAGAGGGTCT-1_2_1_1,IR,NaiveT,T,2.519708468,7.617027838
TTCCAATCAACTTGCA-1_2_1_1,IR,NK,NK,-5.224009441,-5.422463815
TTCCACGAGCTGTTAC-1_2_1_1,IR,gdT,T,8.896533562,-5.854107301
TTCCACGCACGATAGG-1_2_1_1,IR,Cytotoxic,T,-0.775812851,0.504188557
TTCCACGGTGTCCTAA-1_2_1_1,IR,gdT,T,2.293773247,0.202016075
TTCCACGGTTAAGAAC-1_2_1_1,IR,Cytotoxic,T,-2.777288364,1.001790841
TTCCGTGCATACCACA-1_2_1_1,IR,NaiveT,T,0.942352189,7.140997012
TTCCGTGTCTTGGAAC-1_2_1_1,IR,NK,NK,-1.606139349,-5.145803373
TTCCTAACAACAGCTT-1_2_1_1,IR,gdT,T,9.225629402,-5.183352392
TTCCTAAGTTTACACG-1_2_1_1,IR,NK,NK,-9.022691177,-7.835787695
TTCCTCTCAGCAGAAC-1_2_1_1,IR,gdT,T,9.935456825,-6.294539373
TTCCTCTGTTGCCGAC-1_2_1_1,IR,Cytotoxic,T,-2.00817697,0.926260431
TTCCTCTGTTGTTGTG-1_2_1_1,IR,Cytotoxic,T,-2.241469311,-0.015159148
TTCGATTCAATTGCTG-1_2_1_1,IR,Cytotoxic,T,-3.341101336,2.181102593
TTCGATTTCGGCTTGG-1_2_1_1,IR,gdT,T,8.563767029,-5.269182603
TTCGCTGCATAGTCGT-1_2_1_1,IR,NKT,T,-4.87595837,-3.692488592
TTCGGTCCAATTTCTC-1_2_1_1,IR,gdT,T,9.322375847,-6.1123089
TTCGGTCCAGTCTGGC-1_2_1_1,IR,NaiveT,T,-2.139177011,5.330699999
TTCGGTCGTGAACTAA-1_2_1_1,IR,gdT,T,8.471949173,-5.699397009
TTCGGTCTCACTCCGT-1_2_1_1,IR,gdT,T,9.344308449,-4.110415857
TTCTAACCACCAGCGT-1_2_1_1,IR,T-Helper,T,1.063587082,-3.435173671
TTCTAACGTAACTGCT-1_2_1_1,IR,T-Helper,T,0.790311647,0.17200147
TTCTAACGTGTGGACA-1_2_1_1,IR,NK,NK,-7.835673737,-6.065183084
TTCTAACTCCACAGGC-1_2_1_1,IR,gdT,T,8.127103401,-5.068488042
TTCTAACTCTCTGGTC-1_2_1_1,IR,TCM,T,-1.45193355,5.200173457
TTCTAGTCAAATCAGA-1_2_1_1,IR,Cytotoxic,T,0.271976402,-3.738065403
TTCTAGTCAACGATCT-1_2_1_1,IR,Cytotoxic,T,-2.181292461,0.974930961
TTCTAGTCATCTGTTT-1_2_1_1,IR,NKT,T,-4.635753559,-2.19452874
TTCTCTCCAACCACAT-1_2_1_1,IR,T-DN,T,0.049649341,2.491367419
TTCTGTATCGGCCTTT-1_2_1_1,IR,gdT,T,2.395856453,-3.344439905
TTCTTCCCAGCTTTCC-1_2_1_1,IR,NK,NK,-1.520858811,-4.823734205
TTCTTCCGTGGGTCAA-1_2_1_1,IR,T-Helper,T,0.749861492,2.277391035
TTCTTCCGTTTCGGCG-1_2_1_1,IR,ILC,ILC,6.667743279,1.287340124
TTCTTGAAGTTCCTGA-1_2_1_1,IR,Cytotoxic,T,-2.789928125,1.516375024
TTCTTGAGTATGACAA-1_2_1_1,IR,NK,NK,-6.061325001,-4.231884878
TTCTTGATCACTGTCC-1_2_1_1,IR,gdT,T,8.730259491,-5.38555042
TTCTTGATCTATCGGA-1_2_1_1,IR,Cytotoxic,T,-0.847858595,-0.925582748
TTGAACGAGGACTGGT-1_2_1_1,IR,Cytotoxic,T,-3.081129717,0.550605554
TTGACCCAGAGAGCCT-1_2_1_1,IR,T-Helper,T,2.43694408,3.981691916
TTGAGTGGTCCGTTTC-1_2_1_1,IR,gdT,T,9.93831308,-6.084431093
TTGATGGAGAGAGCGG-1_2_1_1,IR,NK,NK,-8.716122078,-6.832169931
TTGATGGAGGTGCCTC-1_2_1_1,IR,NK,NK,-5.454430508,-4.376513879
TTGCATTCAAATCAGA-1_2_1_1,IR,NaiveT,T,-0.529640185,7.539650519
TTGCATTTCAAACTGC-1_2_1_1,IR,gdT,T,9.928698135,-5.170370977
TTGCATTTCAAGCGTT-1_2_1_1,IR,NaiveT,T,2.622669769,7.645602782
TTGCCTGCACACACGC-1_2_1_1,IR,NK,NK,-0.329984205,-4.255785387
TTGCGTCAGGCACCAA-1_2_1_1,IR,ILC,ILC,8.162597252,1.857279379
TTGCTGCAGATTCGCT-1_2_1_1,IR,NaiveT,T,0.709945274,7.254985888
TTGCTGCGTTAATCGC-1_2_1_1,IR,gdT,T,7.581622196,-6.136220377
TTGCTGCTCAGCTTGA-1_2_1_1,IR,Cytotoxic,T,-1.191754865,0.056028817
TTGGATGGTCATACCA-1_2_1_1,IR,NK,NK,-7.821289944,-5.318691175
TTGGATGTCATACGAC-1_2_1_1,IR,T-Helper,T,2.151336623,1.709811766
TTGGGATAGGCATCAG-1_2_1_1,IR,NK,NK,-6.752269196,-5.895373266
TTGGGATCAACTGGTT-1_2_1_1,IR,ILC,ILC,9.032023026,1.525941808
TTGGGATTCTTGTGCC-1_2_1_1,IR,TCM,T,-1.644383596,3.749010403
TTGGGCGAGACAGCTG-1_2_1_1,IR,NKT,T,-6.162023472,-2.253150146
TTGGGCGAGTAAGAGG-1_2_1_1,IR,T-DN,T,0.116365963,2.570752699
TTGGGCGCAATCCTAG-1_2_1_1,IR,Treg,T,4.200393749,-0.004181388
TTGGGCGCACGCTATA-1_2_1_1,IR,NaiveT,T,-1.151295947,7.4420348
TTGGGCGGTACCTGTA-1_2_1_1,IR,Treg,T,3.553181721,-0.299300294
TTGGGCGTCGCGCTGA-1_2_1_1,IR,NKT,T,-5.038606571,-1.427629392
TTGGTTTAGGTAAGAG-1_2_1_1,IR,Cytotoxic,T,-1.345633673,1.28366502
TTGGTTTCATGCCGGT-1_2_1_1,IR,Cytotoxic,T,-1.397985505,0.32867961
TTGGTTTGTCACTACA-1_2_1_1,IR,T-Helper,T,2.19801767,3.083751995
TTGGTTTTCACTGAAC-1_2_1_1,IR,NK,NK,-5.651677536,-5.081056516
TTGTGTTAGTGCGTCC-1_2_1_1,IR,TCM,T,-1.530764984,5.065836508
TTGTGTTTCATGAGGG-1_2_1_1,IR,T-Helper,T,-1.354161905,1.080636461
TTGTTCACAGGACTTT-1_2_1_1,IR,T-Helper,T,1.033253206,0.341155518
TTGTTCAGTACAGTCT-1_2_1_1,IR,T-Helper,T,2.475127531,2.864881833
TTGTTCAGTCGCATGC-1_2_1_1,IR,Cytotoxic,T,-4.049974369,2.392460425
TTGTTCATCTTTCGAT-1_2_1_1,IR,Other,Other,3.85906179,6.36981972
TTGTTGTAGGGAGAAT-1_2_1_1,IR,NaiveT,T,1.436359836,8.812935908
TTGTTGTCACAATGAA-1_2_1_1,IR,gdT,T,10.00209005,-6.229881685
TTGTTGTGTGCATCTA-1_2_1_1,IR,T-Helper,T,-0.133393781,0.837023396
TTGTTTGGTGCATGTT-1_2_1_1,IR,NKT,T,-4.663229393,-3.219028156
TTGTTTGGTTGCATCA-1_2_1_1,IR,T-DN,T,-1.182872819,2.380331595
TTTACCAAGTTTCGGT-1_2_1_1,IR,gdT,T,8.660608841,-5.912364404
TTTACCAGTGCCGAAA-1_2_1_1,IR,NK,NK,-2.584200787,-2.956721466
TTTACCATCTTGCAAG-1_2_1_1,IR,NK,NK,-8.844169067,-7.506715696
TTTACGTTCAACTCTT-1_2_1_1,IR,Cytotoxic,T,0.342038346,-2.036458056
TTTACTGCAGCGATTT-1_2_1_1,IR,Cytotoxic,T,-4.255826401,2.516152222
TTTACTGGTCCAAAGG-1_2_1_1,IR,T-DN,T,1.371844364,3.199779351
TTTACTGTCAGCGTCG-1_2_1_1,IR,NKT,T,-4.048829483,-2.289411705
TTTCACACAATAACCC-1_2_1_1,IR,T-DN,T,-0.534658896,-1.432055514
TTTCACAGTCACTTAG-1_2_1_1,IR,NaiveT,T,2.095085217,6.212535937
TTTCATGAGTCTCGTA-1_2_1_1,IR,gdT,T,9.045368744,-6.533375661
TTTCCTCAGTATCCTG-1_2_1_1,IR,Cytotoxic,T,0.728351308,-3.187324684
TTTCCTCGTAGCGTAG-1_2_1_1,IR,NaiveT,T,2.658787085,7.932956774
TTTCCTCTCACAATGC-1_2_1_1,IR,gdT,T,9.864956451,-4.805673044
TTTCGATCAATACAGA-1_2_1_1,IR,Cytotoxic,T,-4.286661552,-0.264523785
TTTCGATGTAACTTCG-1_2_1_1,IR,gdT,T,9.024450851,-4.657836835
TTTCGATTCTGTACAG-1_2_1_1,IR,gdT,T,9.135149551,-5.708857458
TTTGACTAGAAACACT-1_2_1_1,IR,T-Helper,T,2.554116798,2.418893654
TTTGACTAGATACTGA-1_2_1_1,IR,T-Helper,T,1.31028576,1.748502095
TTTGACTCACCTGCTT-1_2_1_1,IR,Treg,T,3.020488335,3.80914839
TTTGACTTCGCCTTGT-1_2_1_1,IR,gdT,T,9.901283813,-6.280754964
TTTGACTTCGTTGTTT-1_2_1_1,IR,gdT,T,8.139683319,-3.863717716
TTTGATCTCCTCTTTC-1_2_1_1,IR,gdT,T,9.304359985,-5.781663816
TTTGGAGAGCGCATCC-1_2_1_1,IR,NaiveT,T,-2.184538292,5.519960005
TTTGGAGAGCTGTTCA-1_2_1_1,IR,Cytotoxic,T,-1.137963699,0.734225888
TTTGGAGAGCTTAAGA-1_2_1_1,IR,Cytotoxic,T,-4.531146454,2.058516819
TTTGGAGTCATGCAGT-1_2_1_1,IR,NaiveT,T,0.568797244,7.127728541
TTTGGAGTCTCGCTCA-1_2_1_1,IR,T-Helper,T,1.985253645,1.284367878
TTTGGTTGTTCGGCCA-1_2_1_1,IR,NK,NK,-6.939304279,-5.527411382
TTTGGTTTCGGAGCAA-1_2_1_1,IR,NaiveT,T,2.044238521,7.152284701
ACGTAACAGCCTCCAG-1_1_1,IR,gdT,T,10.19414575,-6.846936624
ACGTAACCAACTCGAT-1_1_1,IR,NK,NK,-7.048975395,-7.453743856
ACGTAACGTTAGAGTA-1_1_1,IR,Cytotoxic,T,-4.499435352,2.089079697
ACGTAGTCAGGCCTGT-1_1_1,IR,T-Helper,T,1.680645658,1.878111441
ACGTAGTGTCGAAACG-1_1_1,IR,ILC,ILC,7.259081913,1.036501963
ACGTAGTGTGTTATCG-1_1_1,IR,NKT,T,-4.424048351,-1.614325564
ACGTCCTGTTCCGGTG-1_1_1,IR,gdT,T,9.115023209,-4.764767568
ACGTCCTTCGACTCCT-1_1_1,IR,NK,NK,-7.185142445,-6.083936136
ACGTCCTTCTTTGCTA-1_1_1,IR,NK,NK,-5.282890724,-4.485578458
ACGTTCCAGACATCAA-1_1_1,IR,gdT,T,8.904054237,-7.252255838
ACGTTCCCAGCTGAGA-1_1_1,IR,T-Helper,T,0.753138257,1.696730811
ACTACGACACAGGATG-1_1_1,IR,gdT,T,8.244919373,-4.029779594
ACTACGAGTCGGTGTC-1_1_1,IR,NKT,T,-4.267922806,-2.982291381
ACTATCTAGGTAGCAC-1_1_1,IR,NaiveT,T,0.520575506,8.600671847
ACTATCTCATGAAGGC-1_1_1,IR,NKT,T,-5.467064785,-4.241333406
ACTATCTGTTGCACGC-1_1_1,IR,NK,NK,-7.681411671,-5.894598882
ACTATGGCACGGCTAC-1_1_1,IR,gdT,T,10.26090677,-5.86815397
ACTATGGTCATGCATG-1_1_1,IR,gdT,T,8.686027123,-5.715706747
ACTATGGTCTCGTCAC-1_1_1,IR,gdT,T,9.251778198,-6.785671632
ACTATTCCACATCCCT-1_1_1,IR,NK,NK,-1.723185228,-3.655142706
ACTATTCGTATCCCAA-1_1_1,IR,gdT,T,9.144050194,-6.605307024
ACTCCCAGTACATTGC-1_1_1,IR,gdT,T,8.803912712,-6.992643278
ACTCCCAGTGGCATCC-1_1_1,IR,gdT,T,9.229671074,-4.946747701
ACTCTCGCAACAGATA-1_1_1,IR,gdT,T,9.74966581,-5.664792459
ACTCTCGGTGTTGATC-1_1_1,IR,Cytotoxic,T,-1.117160844,0.039837305
ACTCTCGGTTTCACAG-1_1_1,IR,Cytotoxic,T,-4.504661011,2.266297896
ACTCTCGTCTTCGGAA-1_1_1,IR,Cytotoxic,T,0.38219109,-3.351002376
ACTGATGTCTGCCTGT-1_1_1,IR,NaiveT,T,2.434478832,6.838808138
ACTGCAAAGGTAAGTT-1_1_1,IR,TCM,T,-2.1336035,4.701391776
ACTGCAATCCTCTCTT-1_1_1,IR,gdT,T,9.246080948,-5.243696611
ACTGCAATCGTAGGAG-1_1_1,IR,NaiveT,T,1.261546327,8.376789172
ACTGCAATCTACTATC-1_1_1,IR,gdT,T,10.0826021,-4.983660143
ACTGTCCGTGAGACCA-1_1_1,IR,gdT,T,9.962509705,-5.594964426
ACTGTCCTCTGAGATC-1_1_1,IR,NK,NK,-9.212277817,-7.661733072
ACTGTGAAGACTACCT-1_1_1,IR,NK,NK,-6.51698296,-5.881925504
ACTGTGAAGTCTAGAA-1_1_1,IR,NK,NK,-9.27005999,-7.367237489
ACTGTGACATCAGTCA-1_1_1,IR,Cytotoxic,T,-0.930609869,1.969861348
ACTGTGATCAGGAGAC-1_1_1,IR,NaiveT,T,1.251608802,8.73232754
ACTGTGATCTAAGAAG-1_1_1,IR,Cytotoxic,T,-3.518866943,0.735662122
ACTTAGGTCACTGATG-1_1_1,IR,Cytotoxic,T,-4.301411079,0.014314171
ACTTATCCACTAGTAC-1_1_1,IR,Treg,T,2.953685833,1.391581614
ACTTATCGTGGTAACG-1_1_1,IR,gdT,T,7.144955231,-6.055315893
ACTTATCTCTTTCAGT-1_1_1,IR,gdT,T,8.698410584,-4.418087881
ACTTCCGCATCATGAC-1_1_1,IR,NK,NK,-8.834160255,-5.894689481
ACTTCCGGTCCACATA-1_1_1,IR,gdT,T,8.131103111,-6.400263231
ACTTCCGTCTATCGGA-1_1_1,IR,gdT,T,8.429552628,-6.632558267
ACTTCGCCAACTTGCA-1_1_1,IR,T-Helper,T,1.447353078,1.039744337
ACTTCGCGTGTATCCA-1_1_1,IR,T-Helper,T,2.547922445,2.471689541
ACTTCGCTCGGCCCAA-1_1_1,IR,gdT,T,9.023722244,-6.921323698
ACTTTCAGTTTCACAG-1_1_1,IR,TCM,T,-1.832174109,3.920782645
ACTTTGTTCACTGTCC-1_1_1,IR,gdT,T,7.782889439,-6.818797033
AGAAATGAGCATGTTC-1_1_1,IR,NK,NK,-6.234360146,-6.545076292
AGAAATGAGTCGAGGT-1_1_1,IR,Cytotoxic,T,0.197019966,-1.57755224
AGAAATGAGTTCCAGT-1_1_1,IR,NK,NK,-5.289930748,-4.991424482
AGAACAATCTTAGTTC-1_1_1,IR,NaiveT,T,0.330293773,6.458438952
AGAACCTTCCCGATCT-1_1_1,IR,NKT,T,-5.050613808,-3.363385599
AGAAGCGCAGCCATTA-1_1_1,IR,gdT,T,10.1908241,-5.620859544
AGAAGCGGTCGTATGT-1_1_1,IR,T-Helper,T,0.543604953,1.748133142
AGAAGCGGTGAACTAA-1_1_1,IR,NK,NK,-7.838985847,-6.568816583
AGAAGCGTCTCAAAGC-1_1_1,IR,Treg,T,4.207925869,0.061218743
AGAAGTAAGGCATGGT-1_1_1,IR,Cytotoxic,T,-1.527256536,-0.398855935
AGAAGTAAGGGCAATC-1_1_1,IR,gdT,T,8.181541039,-4.039028566
AGAAGTAAGTTCCGTA-1_1_1,IR,NaiveT,T,2.73662026,8.288191874
AGAAGTAGTCGCTTGG-1_1_1,IR,gdT,T,7.21535833,-5.704780023
AGACAAAAGGACTAAT-1_1_1,IR,NK,NK,-1.057971286,-4.21269409
AGACAAACATCAGCGC-1_1_1,IR,NK,NK,-6.263860153,-3.965758722
AGACAAAGTGTGAATA-1_1_1,IR,NKT,T,-3.426791357,-2.454187553
AGACAAATCTATCCAT-1_1_1,IR,T-Helper,T,0.426792545,1.186364014
AGACACTAGAATGTTG-1_1_1,IR,gdT,T,9.781244827,-5.089973371
AGACACTCAAATGAGT-1_1_1,IR,gdT,T,10.13553388,-5.275759142
AGACACTCAGTCGCTG-1_1_1,IR,NaiveT,T,1.144627822,6.708717902
AGACAGGGTCATTCCC-1_1_1,IR,T-Helper,T,1.327829195,0.82372864
AGACCCGCAGTTCACA-1_1_1,IR,gdT,T,9.34085424,-5.340564649
AGACCCGGTCCATAGT-1_1_1,IR,NaiveT,T,-0.223592596,7.456974585
AGACTCAAGAGCCGAT-1_1_1,IR,T-DN,T,0.941800607,3.262720425
AGACTCATCTCTGCTG-1_1_1,IR,gdT,T,9.971678329,-5.314372938
AGACTCATCTTAGCTT-1_1_1,IR,NaiveT,T,1.29302652,6.726624567
AGAGAATAGAGTGTGC-1_1_1,IR,NK,NK,-7.355646538,-6.871005933
AGAGAATAGCTACGTT-1_1_1,IR,NaiveT,T,-1.730094837,5.704822142
AGAGAATCAAATTGGA-1_1_1,IR,gdT,T,9.984031273,-6.127928655
AGAGAATCAGTCACGC-1_1_1,IR,T-DN,T,-0.11601256,1.853664
AGAGAATCATATAGCC-1_1_1,IR,gdT,T,8.455589844,-6.753796022
AGAGAATGTTGCAACT-1_1_1,IR,NK,NK,-5.461774754,-4.920901697
AGAGCAGAGAGGCGGA-1_1_1,IR,gdT,T,9.04675634,-5.72972862
AGAGCAGAGCTTTCCC-1_1_1,IR,gdT,T,9.044003082,-6.174147527
AGAGCAGTCCATTCAT-1_1_1,IR,gdT,T,8.391815735,-7.0879368
AGAGCAGTCTCCGCAT-1_1_1,IR,NK,NK,-7.421131062,-4.702145498
AGAGCCCTCCGATCGG-1_1_1,IR,NaiveT,T,-0.905847119,8.257281382
AGATAGAAGTGCACCC-1_1_1,IR,Cytotoxic,T,-1.823823618,-0.010261792
AGATCCAAGCTCCACG-1_1_1,IR,NaiveT,T,2.91657312,6.925084193
AGATCCAAGTCTCTGA-1_1_1,IR,Treg,T,3.287607027,1.20704623
AGATCCACAGGCACTC-1_1_1,IR,gdT,T,9.453931404,-5.384251516
AGATCGTAGCAAGGAA-1_1_1,IR,gdT,T,8.516586853,-5.698602598
AGATCGTCAACACGTT-1_1_1,IR,gdT,T,9.336274696,-5.361481111
AGATCGTCAGCTGTCG-1_1_1,IR,NK,NK,-5.140022205,-6.049439828
AGATCGTTCGCCTTTG-1_1_1,IR,gdT,T,2.383353306,-0.13395923
AGATGAAAGCACTCAT-1_1_1,IR,T-Helper,T,2.543700529,3.842883427
AGATGAACAGTAGAAT-1_1_1,IR,Cytotoxic,T,0.126069939,-3.996465604
AGATGAAGTCCAAGAG-1_1_1,IR,gdT,T,7.757103039,-4.510729234
AGATGAAGTGGATCAG-1_1_1,IR,Cytotoxic,T,-3.364481853,0.872516949
AGATGCTTCAGACAAA-1_1_1,IR,gdT,T,9.055926872,-4.526018541
AGATGCTTCCTTGACC-1_1_1,IR,gdT,T,7.963242603,-3.978647392
AGCATCAAGGCTGTAG-1_1_1,IR,gdT,T,8.023456646,-4.140014093
AGCATCAGTTCTTGTT-1_1_1,IR,NK,NK,-8.939225601,-7.893616121
AGCATCATCAGGAACG-1_1_1,IR,ILC,ILC,9.269721581,2.493362505
AGCCAATAGCCATTCA-1_1_1,IR,gdT,T,8.642252518,-4.545104425
AGCCAATCACCGGTCA-1_1_1,IR,gdT,T,2.631770445,0.393980015
AGCCAATCAGGGTTGA-1_1_1,IR,NaiveT,T,-0.213193821,8.023046572
AGCCAATGTCCACACG-1_1_1,IR,gdT,T,8.992779327,-4.48459522
AGCCAATTCCTACGAA-1_1_1,IR,Treg,T,3.979666306,0.467999358
AGCCAATTCCTTCACG-1_1_1,IR,Cytotoxic,T,-4.52337067,2.191728671
AGCCACGAGGTTCACT-1_1_1,IR,gdT,T,9.375875069,-5.416689317
AGCCACGTCGCTCCTA-1_1_1,IR,NaiveT,T,1.622276379,7.788645346
AGCCAGCCAGTAACGG-1_1_1,IR,gdT,T,8.322385384,-6.378599565
AGCCAGCGTCACTAGT-1_1_1,IR,gdT,T,2.138849569,-2.979153793
AGCGATTCAGGTTCCG-1_1_1,IR,NKT,T,-4.793043064,-3.448221605
AGCGATTCAGTCAGAG-1_1_1,IR,Cytotoxic,T,-4.805572914,1.655901868
AGCGATTCAGTCGGAA-1_1_1,IR,Cytotoxic,T,-1.231210398,0.083064858
AGCGATTCATCGTGCG-1_1_1,IR,gdT,T,8.774563385,-6.595186632
AGCGCCATCGACACTA-1_1_1,IR,gdT,T,9.957291199,-5.927115839
AGCGCCATCTCGCTCA-1_1_1,IR,gdT,T,9.237347199,-7.183416765
AGCGCTGAGCGGGTTA-1_1_1,IR,NKT,T,-5.196283745,-3.232443731
AGCGTATAGTGCTCGC-1_1_1,IR,NK,NK,-6.348914074,-6.591624658
AGCGTATTCGTTACCC-1_1_1,IR,NK,NK,-7.524867939,-5.758066099
AGCGTATTCTGTCCGT-1_1_1,IR,gdT,T,2.955738379,0.785363514
AGCGTCGAGACTGTTC-1_1_1,IR,gdT,T,6.971616817,-5.659039896
AGCTCAACACTTGTCC-1_1_1,IR,NK,NK,-0.230063575,-4.129686277
AGCTCAACATGGCTAT-1_1_1,IR,Treg,T,3.541983677,0.88150378
AGCTCAATCCTACGAA-1_1_1,IR,NKT,T,-5.394531654,-1.616237085
AGCTTCCTCTACGCAA-1_1_1,IR,NK,NK,-7.286997723,-4.976272028
AGGAAATCACCGTGGT-1_1_1,IR,NK,NK,-4.806155132,-5.7216448
AGGAAATCATTGCCGG-1_1_1,IR,ILC,ILC,7.267779423,1.562093456
AGGAAATGTATTCCGA-1_1_1,IR,T-DN,T,-0.208707528,2.860384066
AGGAAATTCGGTGAAG-1_1_1,IR,Cytotoxic,T,0.53079508,-2.977729242
AGGAAATTCTACTCAT-1_1_1,IR,gdT,T,7.53492601,-4.907711427
AGGAATACATATCTCT-1_1_1,IR,gdT,T,7.547246529,-6.065826337
AGGACGAAGCGTTGTT-1_1_1,IR,gdT,T,9.822827889,-5.534519117
AGGACGAAGGACGCTA-1_1_1,IR,NK,NK,-6.506549763,-5.886502664
AGGACGAAGGAGAATG-1_1_1,IR,NKT,T,-4.743418621,-2.012558024
AGGACGAAGTTAACAG-1_1_1,IR,gdT,T,9.221397949,-6.836665075
AGGACGAGTATTGAGA-1_1_1,IR,NK,NK,-6.735692429,-6.312295358
AGGACTTAGGGTAATT-1_1_1,IR,gdT,T,8.556809975,-5.135089796
AGGACTTAGTCACTAC-1_1_1,IR,NK,NK,-5.318439888,-4.757578294
AGGACTTCACGTCTCT-1_1_1,IR,gdT,T,8.91196592,-5.811789911
AGGAGGTCAGTGTGCC-1_1_1,IR,Cytotoxic,T,-3.559772896,1.233761628
AGGAGGTCATGTACGT-1_1_1,IR,NaiveT,T,-0.575454878,6.695067961
AGGAGGTTCTCAGAAC-1_1_1,IR,NK,NK,-6.921920227,-6.87435333
AGGATAAGTCTCAGAT-1_1_1,IR,gdT,T,8.08344133,-5.929219167
AGGATAAGTTTACCAG-1_1_1,IR,NKT,T,-4.072330879,-2.607522171
AGGATCTAGATCCTAC-1_1_1,IR,gdT,T,9.342983795,-6.226748388
AGGATCTTCTTGGATG-1_1_1,IR,Cytotoxic,T,-0.951333927,1.269642551
AGGCATTGTTAAGACA-1_1_1,IR,Cytotoxic,T,-2.280579256,0.456859548
AGGCATTGTTGCAAGG-1_1_1,IR,T-Helper,T,0.835225416,-3.594798486
AGGCCACAGAGTGGCT-1_1_1,IR,NaiveT,T,2.054646326,8.302123148
AGGCCACCAGGCGATA-1_1_1,IR,Cytotoxic,T,-3.319394039,1.297240932
AGGCTGCAGGTCCCTG-1_1_1,IR,NK,NK,-1.210769581,-5.191430013
AGGCTGCCAAGATGGC-1_1_1,IR,gdT,T,9.764484001,-5.864869516
AGGCTGCCACCCAAGC-1_1_1,IR,gdT,T,9.673810555,-4.614104192
AGGCTGCTCACAGAGG-1_1_1,IR,Cytotoxic,T,-4.20233004,-0.298938136
AGGCTGCTCTCCTGAC-1_1_1,IR,gdT,T,7.88669355,-5.797369878
AGGCTGCTCTTGGGCG-1_1_1,IR,gdT,T,8.824784828,-5.814383428
AGGGAGTCAAATGCTC-1_1_1,IR,gdT,T,7.516151501,-5.005879324
AGGGAGTCATGTCTAG-1_1_1,IR,ILC,ILC,8.604591919,0.856819231
AGGGCCTAGTATGGCG-1_1_1,IR,gdT,T,8.597668243,-4.686041277
AGGGCTCCACAAGCTT-1_1_1,IR,gdT,T,2.24460013,-2.982726257
AGGGCTCTCCACACCT-1_1_1,IR,NKT,T,-4.99585812,-2.615267913
AGGGCTCTCCTACTGC-1_1_1,IR,Treg,T,3.106561256,-0.298211109
AGGGTCCGTACAACGG-1_1_1,IR,T-DN,T,-0.177043127,2.319439728
AGGGTGAGTACGGCAA-1_1_1,IR,NaiveT,T,2.233881546,8.686295588
AGGGTGAGTCAATCTG-1_1_1,IR,gdT,T,8.417687965,-3.667070072
AGGGTGAGTGACTCTA-1_1_1,IR,gdT,T,9.585719658,-6.247610967
AGGGTGATCCCTAGGG-1_1_1,IR,gdT,T,7.927897526,-6.90038101
AGGGTTTCACTTGGGC-1_1_1,IR,gdT,T,9.063948227,-7.11843292
AGGGTTTTCAGCCCAG-1_1_1,IR,gdT,T,9.14921434,-7.268161695
AGGTAGGAGAACTTCC-1_1_1,IR,T-DN,T,2.030962659,4.081871111
AGGTCATAGCACTCGC-1_1_1,IR,NaiveT,T,1.66069193,8.101372797
AGGTCATCAGATACCT-1_1_1,IR,gdT,T,9.727201057,-4.587762277
AGGTCTAAGAGTCTTC-1_1_1,IR,NaiveT,T,-0.496410417,7.032478411
AGGTCTAAGCACTAAA-1_1_1,IR,gdT,T,8.37215097,-6.557244699
AGGTGTTAGACAGCTG-1_1_1,IR,NK,NK,-4.942606853,-4.010299366
AGGTGTTAGGTGCTAG-1_1_1,IR,NK,NK,-6.914233135,-6.746736925
AGGTGTTCAATTTCGG-1_1_1,IR,Treg,T,3.327905251,-0.260405045
AGGTGTTGTGACACAG-1_1_1,IR,gdT,T,2.238393856,0.097452376
AGGTTACAGGTCGTAG-1_1_1,IR,NKT,T,-4.215612816,-2.733494918
AGGTTACGTAGATGTA-1_1_1,IR,Cytotoxic,T,-1.540488409,1.558866103
AGGTTACTCTCTATAC-1_1_1,IR,NK,NK,-7.34187262,-5.581552427
AGGTTGTCACAAAGCG-1_1_1,IR,gdT,T,7.385566307,-5.190043371
AGGTTGTTCACGTCCT-1_1_1,IR,Cytotoxic,T,-2.406751322,1.605509002
AGTAACCTCAGCTCTC-1_1_1,IR,T-Helper,T,1.037613941,-3.837903183
AGTACCAGTTCGAACT-1_1_1,IR,Treg,T,2.197419477,-0.547775011
AGTACTGCAGGTTTAC-1_1_1,IR,T-Helper,T,1.684786035,1.836378534
AGTAGCTAGACAACAT-1_1_1,IR,gdT,T,8.274842812,-6.431212823
AGTAGCTCAATGAAAC-1_1_1,IR,NaiveT,T,1.668316079,8.612423022
AGTAGCTCACACGGTC-1_1_1,IR,T-Helper,T,1.687364174,1.171534736
AGTAGCTCACGCAAAG-1_1_1,IR,NK,NK,-1.264753746,-4.97936384
AGTAGCTCATCGTGCG-1_1_1,IR,NaiveT,T,-1.926206278,6.358031351
AGTAGCTCATGACAGG-1_1_1,IR,NK,NK,-7.42857592,-6.170861166
AGTAGTCAGATGAAGG-1_1_1,IR,gdT,T,8.53325708,-6.408457201
AGTAGTCTCTGTCTCG-1_1_1,IR,Cytotoxic,T,-4.472814011,0.901326139
AGTCAACAGAATCGCG-1_1_1,IR,NaiveT,T,-0.127394812,6.679452021
AGTCAACAGCTAGATA-1_1_1,IR,gdT,T,8.077723099,-6.435845773
AGTCAACAGGAATGTT-1_1_1,IR,gdT,T,9.441881729,-6.122687738
AGTCAACAGTTGCGCC-1_1_1,IR,Cytotoxic,T,-4.288432049,2.573267062
AGTCAACCAGCTTCGG-1_1_1,IR,Cytotoxic,T,-3.067740368,0.744223316
AGTCAACGTCGCGTCA-1_1_1,IR,gdT,T,9.289995743,-5.969197672
AGTCAACGTGGCGCTT-1_1_1,IR,NK,NK,-6.209748672,-6.860831659
AGTCAACTCGCGATCG-1_1_1,IR,Cytotoxic,T,-0.644451486,0.672595103
AGTCACAAGACATACA-1_1_1,IR,gdT,T,9.267832352,-5.734189909
AGTCACATCTACCTTA-1_1_1,IR,gdT,T,8.243606163,-4.429814737
AGTCACATCTCTCAAT-1_1_1,IR,NaiveT,T,2.098443342,7.007221777
AGTCATGAGGGCAAGG-1_1_1,IR,NaiveT,T,0.17898778,7.038293917
AGTCATGTCCTTACCG-1_1_1,IR,Cytotoxic,T,-3.105952429,-1.422446768
AGTCTCCAGCATGGGT-1_1_1,IR,Cytotoxic,T,0.553003115,-3.922553938
AGTCTCCCAGTAACCT-1_1_1,IR,Treg,T,3.634907318,-0.492167811
AGTCTCCCATCCGTTC-1_1_1,IR,T-Helper,T,1.751950456,2.901736576
AGTCTCCGTGACCGTC-1_1_1,IR,gdT,T,7.829164101,-4.21099035
AGTGACTAGACATGCG-1_1_1,IR,gdT,T,10.22495706,-5.40719692
AGTGACTAGTAAACGT-1_1_1,IR,gdT,T,8.268664909,-5.932588022
AGTGATCCAGACCATT-1_1_1,IR,gdT,T,9.268231941,-5.683890264
AGTGATCGTAACGATA-1_1_1,IR,gdT,T,6.464436604,-5.288101118
AGTGATCGTAAGTAGT-1_1_1,IR,gdT,T,7.88929422,-4.960120123
AGTGATCGTCCGCAGT-1_1_1,IR,Treg,T,3.329243732,-0.245707418
AGTGCCGAGCATGATA-1_1_1,IR,NK,NK,-7.152953075,-6.76782171
AGTGCCGGTACGTAGG-1_1_1,IR,Cytotoxic,T,-1.92388575,1.266412456
AGTGTTGCAATGTGGG-1_1_1,IR,T-DN,T,0.858542753,3.139823277
AGTGTTGCATTCTCTA-1_1_1,IR,gdT,T,8.493710114,-6.078170221
AGTTAGCGTGTCACAT-1_1_1,IR,gdT,T,7.805904938,-4.700105112
AGTTCCCTCATCCTAT-1_1_1,IR,NaiveT,T,1.01252426,7.677941878
AGTTCGAGTATCATGC-1_1_1,IR,gdT,T,9.08471067,-5.608397882
AGTTCGAGTCAGTCTA-1_1_1,IR,gdT,T,8.326642586,-5.996468942
AGTTCGATCGAAGAAT-1_1_1,IR,TCM,T,-2.324381994,4.453384001
AGTTCGATCGCCTTGT-1_1_1,IR,NKT,T,-4.389951633,-1.966912191
ATACCGACAGAGAATT-1_1_1,IR,gdT,T,9.819327904,-7.585174482
ATACCTTGTCCGGTCA-1_1_1,IR,gdT,T,9.528318954,-6.971321504
ATACTTCAGCGCTGCT-1_1_1,IR,Treg,T,4.093777729,1.634515364
ATACTTCGTACAAGTA-1_1_1,IR,TCM,T,-1.500257658,5.335817416
ATACTTCTCTTACCGC-1_1_1,IR,gdT,T,10.21592386,-6.002354543
ATAGACCAGGTCATAA-1_1_1,IR,gdT,T,7.872793747,-4.414141576
ATAGACCTCTATCCAT-1_1_1,IR,T-Helper,T,2.23068173,2.869790633
ATAGAGAAGTGACACG-1_1_1,IR,NK,NK,-5.990413116,-7.33014528
ATAGAGACATAGACTC-1_1_1,IR,NK,NK,-8.521829056,-6.123796861
ATAGAGATCCAATCCC-1_1_1,IR,NKT,T,-5.399229931,-1.549600523
ATAGGCTAGTAGCATA-1_1_1,IR,gdT,T,8.193345619,-5.170141142
ATAGGCTTCGCCACTT-1_1_1,IR,Treg,T,3.576128794,0.559607644
ATCACAGAGGTGGGTT-1_1_1,IR,T-Helper,T,2.024452044,2.906578381
ATCACAGTCCTCATAT-1_1_1,IR,T-Helper,T,0.830298437,1.498135049
ATCACGAAGATTGATG-1_1_1,IR,gdT,T,7.49708469,-6.635905664
ATCACGAGTCTCTCCA-1_1_1,IR,gdT,T,9.116720749,-5.329120557
ATCACGATCAAGCTGT-1_1_1,IR,NaiveT,T,-0.278823661,7.395922739
ATCACGATCGGCCCAA-1_1_1,IR,NK,NK,-8.21324675,-6.524248521
ATCACTTTCAAAGGTA-1_1_1,IR,NK,NK,-6.634634899,-6.077124517
ATCAGGTCAAACGAGC-1_1_1,IR,NK,NK,-5.890689777,-6.072731416
ATCAGGTCACTTGTCC-1_1_1,IR,NK,NK,-5.642509388,-5.469713132
ATCAGGTCAGGCACTC-1_1_1,IR,NaiveT,T,0.949584855,7.663592417
ATCAGGTGTTAGGCTT-1_1_1,IR,gdT,T,9.324606491,-4.330679815
ATCATTCTCGAAGCCC-1_1_1,IR,Cytotoxic,T,-1.158708142,1.281262119
ATCATTCTCGCGTGCA-1_1_1,IR,T-Helper,T,0.33700305,0.767673571
ATCCACCAGGTGCCTC-1_1_1,IR,gdT,T,8.761326386,-5.883537691
ATCCACCAGTCTTCGA-1_1_1,IR,NK,NK,-6.091337131,-5.305940073
ATCCACCTCCAAGGGA-1_1_1,IR,gdT,T,2.230914188,-3.126153629
ATCCACCTCTACGGTA-1_1_1,IR,Cytotoxic,T,-4.344805645,-0.424950134
ATCCATTCAAGATTGA-1_1_1,IR,NaiveT,T,-0.904126333,7.421576102
ATCCATTGTCAACGCC-1_1_1,IR,gdT,T,9.976850105,-6.450207632
ATCCCTGAGTGGCCTC-1_1_1,IR,Cytotoxic,T,-4.060125278,2.867775519
ATCCCTGCAATTGCGT-1_1_1,IR,NK,NK,-0.512972223,-4.533452432
ATCCCTGGTCACTTCC-1_1_1,IR,Cytotoxic,T,-1.570730733,0.889382918
ATCCCTGGTCTTACTT-1_1_1,IR,NK,NK,-7.088016914,-6.680938165
ATCCCTGGTCTTCCGT-1_1_1,IR,gdT,T,9.146629883,-5.962046545
ATCCCTGTCAAGTCGT-1_1_1,IR,T-Helper,T,2.146350575,1.359924157
ATCCGTCAGAGGGTCT-1_1_1,IR,Cytotoxic,T,-3.073512482,0.47983243
ATCCTATAGAGGTCAC-1_1_1,IR,gdT,T,9.256932808,-5.208781164
ATCCTATCACTGATTG-1_1_1,IR,NaiveT,T,0.93996544,6.725794871
ATCCTATTCAGGAACG-1_1_1,IR,T-Helper,T,0.077554447,0.65514018
ATCGATGCAACAAGTA-1_1_1,IR,gdT,T,9.600250793,-6.484151762
ATCGCCTCAGTTGAAA-1_1_1,IR,T-Helper,T,1.822630359,3.019931157
ATCGCCTGTACGGCAA-1_1_1,IR,gdT,T,8.230516029,-3.721874874
ATCGGATAGAGGTTTA-1_1_1,IR,gdT,T,7.725636555,-6.425278108
ATCGGATCATTGCCTC-1_1_1,IR,gdT,T,9.60204847,-5.891564291
ATCGGATGTCACCGAC-1_1_1,IR,gdT,T,8.128049923,-4.518214147
ATCGGATTCAAACGAA-1_1_1,IR,gdT,T,8.565702988,-6.519280832
ATCGGCGAGAGTGTGC-1_1_1,IR,TCM,T,-1.768909143,3.628127177
ATCGGCGAGGGACAGG-1_1_1,IR,NK,NK,-7.08025639,-6.852021616
ATCGGCGGTATCAAGA-1_1_1,IR,NaiveT,T,2.227894856,8.850464899
ATCGGCGGTTAGTCGT-1_1_1,IR,NK,NK,-2.353790449,-2.981155794
ATCGTAGGTCATCCCT-1_1_1,IR,gdT,T,8.001783443,-6.377846639
ATCGTAGTCGAATGCT-1_1_1,IR,Cytotoxic,T,-4.597289013,0.7912273
ATCGTGAGTCACTTCC-1_1_1,IR,NKT,T,-5.085046696,-3.283208292
ATCGTGATCACGGACC-1_1_1,IR,gdT,T,9.793149544,-4.743454855
ATCTCTACAACGCATT-1_1_1,IR,gdT,T,8.294026924,-6.010737817
ATCTCTACAAGGCTTT-1_1_1,IR,NaiveT,T,0.163900699,6.721997816
ATCTCTACACCTAAAC-1_1_1,IR,Cytotoxic,T,-3.768539833,3.228591521
ATCTCTATCGTGTGGC-1_1_1,IR,T-DN,T,0.953747345,3.081496317
ATCTCTATCTGCGGAC-1_1_1,IR,Cytotoxic,T,-4.831256317,1.445281107
ATGAAAGCAAGCACAG-1_1_1,IR,NK,NK,-7.215468334,-5.927738111
ATGAAAGGTCACTGAT-1_1_1,IR,T-DN,T,1.510820104,4.189971526
ATGACCAAGGGCAGTT-1_1_1,IR,Cytotoxic,T,0.592622531,-3.71197192
ATGAGGGAGTCACGAG-1_1_1,IR,NaiveT,T,2.45029266,7.65473469
ATGAGGGCAACCGTAT-1_1_1,IR,gdT,T,10.06235464,-7.07287256
ATGAGTCTCCTCTAAT-1_1_1,IR,gdT,T,9.572298599,-7.274506967
ATGCATGTCATTGTTC-1_1_1,IR,NK,NK,-7.66664164,-6.023737829
ATGCATGTCGCCGTGA-1_1_1,IR,gdT,T,7.513865543,-5.233958166
ATGCGATTCACTTCTA-1_1_1,IR,TCM,T,1.028890086,5.390425761
ATGCGATTCCTGTAAG-1_1_1,IR,NKT,T,-5.065515446,-2.515394132
ATGGAGGGTATTCCGA-1_1_1,IR,gdT,T,8.602826668,-5.144731443
ATGGAGGGTTAGGCTT-1_1_1,IR,Treg,T,3.07690127,3.001902897
ATGGAGGTCGCATGAT-1_1_1,IR,gdT,T,9.061101509,-4.677951257
ATGGATCTCAGTGTCA-1_1_1,IR,NK,NK,-5.954513477,-7.216602724
ATGGGTTCATAGCACT-1_1_1,IR,NK,NK,-7.122396397,-5.078157346
ATGGGTTGTAGCTAAA-1_1_1,IR,Cytotoxic,T,-0.523879515,-4.128199499
ATGGGTTGTCTAACGT-1_1_1,IR,gdT,T,8.442644669,-4.824231069
ATGGGTTTCACTCCGT-1_1_1,IR,NK,NK,-4.796509193,-4.589876573
ATGGTTGCACAGGATG-1_1_1,IR,Cytotoxic,T,-1.044532942,0.357127209
ATGGTTGGTAGTACGG-1_1_1,IR,NK,NK,-5.079725193,-4.762808244
ATGGTTGGTATGGTTC-1_1_1,IR,T-DN,T,-0.108789789,2.891508419
ATGGTTGGTTACGTAC-1_1_1,IR,gdT,T,9.182235313,-6.009959619
ATGTCTTAGCTGGCTC-1_1_1,IR,gdT,T,9.886979652,-6.023854654
ATGTCTTAGGCATCTT-1_1_1,IR,gdT,T,9.022557808,-5.569203775
ATGTCTTTCAGACCTA-1_1_1,IR,gdT,T,10.31381281,-5.297082822
ATTACCTTCGTGCAGC-1_1_1,IR,gdT,T,8.017551495,-4.400927465
ATTACTCAGGCTAAAT-1_1_1,IR,Treg,T,4.062409235,0.345411916
ATTATCCCAAACTAAG-1_1_1,IR,NaiveT,T,3.036010338,7.597413618
ATTATCCTCTAGTGTG-1_1_1,IR,TCM,T,-2.092432903,5.035334189
ATTATCCTCTGAACGT-1_1_1,IR,Cytotoxic,T,-3.259302305,1.685551007
ATTCAGGAGACGACTG-1_1_1,IR,NKT,T,-5.910478043,-2.326572816
ATTCAGGCACTGGCCA-1_1_1,IR,gdT,T,9.229485107,-4.564911287
ATTCAGGGTGTCTTGA-1_1_1,IR,Cytotoxic,T,-1.835311817,1.31278177
ATTCAGGTCCGAGATT-1_1_1,IR,gdT,T,2.391576363,-3.332733314
ATTCATCGTACAGAGC-1_1_1,IR,T-Helper,T,1.0537668,-2.850946825
ATTCATCTCAGCGTCG-1_1_1,IR,T-Helper,T,1.23224671,0.428794463
ATTCCATAGATACAGT-1_1_1,IR,gdT,T,8.343873573,-3.73468725
ATTCCATCAAGTGATA-1_1_1,IR,gdT,T,2.198843552,-3.168942611
ATTCCCGAGCAGCCTC-1_1_1,IR,T-Helper,T,1.000180377,1.310566981
ATTCCCGAGGCGACAT-1_1_1,IR,Cytotoxic,T,-2.378053116,0.624039609
ATTCCCGAGGTAGTAT-1_1_1,IR,T-Helper,T,1.77075596,2.941222508
ATTCCCGCAGATCCAT-1_1_1,IR,NaiveT,T,2.116006447,8.072710116
ATTCCCGGTACAGTCT-1_1_1,IR,Cytotoxic,T,1.15531428,-3.624600332
ATTCCCGGTCTTGAAC-1_1_1,IR,T-Helper,T,-0.047988432,-0.046090342
ATTCCTAGTCATTGCA-1_1_1,IR,Cytotoxic,T,-4.666407036,0.849010546
ATTCCTAGTTAGGGTG-1_1_1,IR,NaiveT,T,1.980068398,7.290512164
ATTCGTTGTAGGGTAC-1_1_1,IR,NaiveT,T,1.475363565,8.986531336
ATTCGTTGTCAAGTTC-1_1_1,IR,NKT,T,-4.969243931,-1.567765515
ATTCGTTTCGATTGAC-1_1_1,IR,gdT,T,8.710944725,-4.609347265
ATTCTACCAATTGCTG-1_1_1,IR,NK,NK,-8.38943045,-6.449270647
ATTCTACGTGTCTTGA-1_1_1,IR,NK,NK,-6.321124481,-7.553775232
ATTCTACTCACCTACC-1_1_1,IR,Cytotoxic,T,0.668643189,-3.82971565
ATTCTACTCTCCCTAG-1_1_1,IR,Cytotoxic,T,-2.125602411,1.508033712
ATTCTTGAGGTGCGAT-1_1_1,IR,NaiveT,T,1.701110436,6.379758437
ATTCTTGAGTGACCTT-1_1_1,IR,T-DN,T,1.217288686,3.240483363
ATTCTTGAGTTCCAGT-1_1_1,IR,T-Helper,T,1.013034655,2.223432858
ATTCTTGCAACCGATT-1_1_1,IR,Treg,T,2.989898277,1.469771821
ATTCTTGGTCTCCCTA-1_1_1,IR,NaiveT,T,0.419150097,7.684775431
ATTGGGTCACGCCACA-1_1_1,IR,NaiveT,T,0.743498398,7.157154639
ATTGGGTTCGCGCTGA-1_1_1,IR,T-Helper,T,1.744303657,1.654061277
ATTGGGTTCTATTCGT-1_1_1,IR,gdT,T,10.16301401,-6.459201734
ATTGTTCTCGGTGTTA-1_1_1,IR,gdT,T,10.15829141,-5.823207777
ATTTACCAGGGTACAC-1_1_1,IR,NaiveT,T,-0.975218462,7.462258894
ATTTACCCACAGCTGC-1_1_1,IR,gdT,T,8.94803579,-7.08028404
ATTTCACCAACCGACC-1_1_1,IR,T-Helper,T,0.890276207,0.325023402
ATTTCACGTCGCAGTC-1_1_1,IR,T-Helper,T,2.511411024,2.453597863
ATTTCACTCAAGCTTG-1_1_1,IR,NK,NK,-6.239917206,-7.008429449
ATTTCTGCAGCAGATG-1_1_1,IR,gdT,T,8.61718042,-6.422387998
ATTTCTGTCCGTTTCG-1_1_1,IR,gdT,T,9.838470055,-7.196732919
CAAAGAAAGGCCTGAA-1_1_1,IR,ILC,ILC,8.118666245,0.856205244
CAAAGAAGTGTTCATG-1_1_1,IR,gdT,T,9.509479118,-7.41429178
CAACAACCATGACAAA-1_1_1,IR,gdT,T,7.73615892,-4.603380125
CAACAACGTCACGTGC-1_1_1,IR,gdT,T,7.662493778,-5.216791074
CAACAACTCGCTGCGA-1_1_1,IR,T-Helper,T,0.847322656,1.765922148
CAACAACTCTGAGAAA-1_1_1,IR,NKT,T,-5.851016449,-1.780317824
CAACAGTGTGGGATTG-1_1_1,IR,NKT,T,-4.20973246,-4.05379669
CAACCAACATCGTGGC-1_1_1,IR,gdT,T,8.189381195,-5.336317461
CAACCAAGTCGTCAGC-1_1_1,IR,T-Helper,T,1.366391374,0.562485595
CAACCTCAGGAAGTAG-1_1_1,IR,T-Helper,T,0.270606315,0.688026686
CAACCTCAGGCCTTGC-1_1_1,IR,gdT,T,9.096386505,-4.639701288
CAACCTCGTTCAGCGC-1_1_1,IR,Cytotoxic,T,-1.096157121,1.142881114
CAACGATGTCCTTGTC-1_1_1,IR,Other,Other,6.885597302,6.944676478
CAACGGCGTTCCTAGA-1_1_1,IR,Treg,T,2.623939587,1.818667729
CAAGACTAGCATATGA-1_1_1,IR,NKT,T,-3.553055691,-2.268259685
CAAGACTAGTACCATC-1_1_1,IR,T-Helper,T,1.916213823,0.208598573
CAAGACTCAGCCCAGT-1_1_1,IR,NK,NK,-0.860192465,-3.731560629
CAAGACTCAGCGGTCT-1_1_1,IR,NK,NK,-4.526784824,-3.839177053
CAAGACTGTATCGTAC-1_1_1,IR,gdT,T,2.186539007,-2.827300947
CAAGACTTCGCGTTTC-1_1_1,IR,NaiveT,T,0.144355275,7.467606623
CAAGAGGAGATAACAC-1_1_1,IR,T-DN,T,-0.089144813,1.755313594
CAAGAGGAGGCTAAAT-1_1_1,IR,Treg,T,4.085771872,-0.189735952
CAAGAGGGTTATAGAG-1_1_1,IR,T-Helper,T,0.009409917,0.722450335
CAAGCTATCCCTGGTT-1_1_1,IR,NK,NK,-8.69951384,-6.294396799
CAAGGGACAGCTATAC-1_1_1,IR,TCM,T,-1.841290163,4.981127341
CAAGGGACATGACGAG-1_1_1,IR,NK,NK,-9.146320747,-7.660411279
CAATACGTCATGGCCG-1_1_1,IR,NaiveT,T,0.979330612,7.012615759
CAATCGAAGTATAGAC-1_1_1,IR,gdT,T,9.783531738,-7.311476152
CAATCGACAAATCAAG-1_1_1,IR,gdT,T,9.024021698,-7.408365171
CAATCGATCAGACCGC-1_1_1,IR,Treg,T,3.654571129,-0.443486135
CAATGACCAAAGGCAC-1_1_1,IR,Cytotoxic,T,-2.112851786,1.745919664
CAATGACTCGGCCCAA-1_1_1,IR,gdT,T,7.535511566,-6.221524637
CAATTTCAGTGGATTA-1_1_1,IR,NK,NK,-8.928898262,-8.546496313
CAATTTCGTGAGGCAT-1_1_1,IR,gdT,T,9.757622314,-5.373705309
CAATTTCGTTAAGGGC-1_1_1,IR,gdT,T,8.547463013,-5.647905271
CACACAACATCTTTCA-1_1_1,IR,NK,NK,-5.393741058,-6.397340219
CACACAAGTCACTTCC-1_1_1,IR,Cytotoxic,T,-3.789643692,-1.169732969
CACACAATCACTCGAA-1_1_1,IR,NK,NK,-5.076849865,-3.84960572
CACAGATCACACCGAC-1_1_1,IR,gdT,T,7.883268906,-5.816506307
CACAGATGTGCCGGTT-1_1_1,IR,NK,NK,-6.244778561,-5.392670076
CACAGATTCGCGCTGA-1_1_1,IR,Cytotoxic,T,-2.113873171,1.349933345
CACAGGCCAAACTAAG-1_1_1,IR,T-Helper,T,1.453850819,1.721649249
CACAGGCGTCTTGGTA-1_1_1,IR,gdT,T,8.162570072,-6.608883302
CACAGGCGTGAATGAT-1_1_1,IR,gdT,T,8.877340866,-6.241605203
CACATGAGTCCCACGA-1_1_1,IR,NKT,T,-4.438970493,-3.453112047
CACCAAAAGAAATTGC-1_1_1,IR,gdT,T,9.322378708,-5.862065237
CACCAAACACCCTAGG-1_1_1,IR,T-Helper,T,1.393468691,1.881469686
CACCAAACACGCAAAG-1_1_1,IR,gdT,T,9.962237907,-4.580852907
CACCAAAGTTCCGTTC-1_1_1,IR,NK,NK,-7.695105957,-6.552235525
CACCGTTAGCGTCAGA-1_1_1,IR,T-Helper,T,1.516660405,-0.231060188
CACCGTTAGGGCTTCC-1_1_1,IR,gdT,T,9.557092262,-4.369622629
CACCGTTAGGTCGTAG-1_1_1,IR,Cytotoxic,T,0.078736072,-2.342143695
CACCGTTGTACCTAGT-1_1_1,IR,T-Helper,T,3.128022266,1.685127575
CACCGTTTCCCGAGGT-1_1_1,IR,Cytotoxic,T,-0.045338826,0.957355816
CACGAATTCGTCGATA-1_1_1,IR,gdT,T,8.144206596,-3.774285238
CACGGGTGTATCGCGC-1_1_1,IR,gdT,T,9.780632568,-7.578076761
CACGGGTGTCGCGTCA-1_1_1,IR,NK,NK,-1.397060918,-3.98541991
CACGGGTGTGTGTTTG-1_1_1,IR,TCM,T,-0.53233205,1.393943984
CACGTGGAGGAAGTCC-1_1_1,IR,NK,NK,-8.57650988,-6.542802732
CACGTGGAGTGCACTT-1_1_1,IR,T-Helper,T,2.172496153,3.121952374
CACGTGGCAGAGGTAC-1_1_1,IR,NKT,T,-4.583038258,-3.340030115
CACGTGGGTCACTACA-1_1_1,IR,gdT,T,9.547114922,-4.573187273
CACGTGGTCACAAGGG-1_1_1,IR,gdT,T,8.919824196,-6.208132665
CACGTGGTCCCATGGG-1_1_1,IR,T-DN,T,-0.011043402,-1.282792251
CACGTTCAGAATCGAT-1_1_1,IR,gdT,T,9.614600731,-5.356054227
CACGTTCAGAGTTGCG-1_1_1,IR,NaiveT,T,-0.832807766,7.969196398
CACGTTCGTCTCAGGC-1_1_1,IR,ILC,ILC,8.766974045,1.685578067
CACGTTCTCTTGAGCA-1_1_1,IR,NaiveT,T,0.439483208,8.690590937
CACTAAGAGCAGGTCA-1_1_1,IR,NK,NK,-4.929165291,-3.905011814
CACTAAGAGCGTTCCG-1_1_1,IR,NK,NK,-5.158784794,-3.97628371
CACTAAGGTACCAATC-1_1_1,IR,gdT,T,8.528134895,-4.174738805
CACTAAGGTGTGTGGA-1_1_1,IR,T-Helper,T,0.844233883,0.98874994
CACTGAACACCTCTAC-1_1_1,IR,gdT,T,9.368336273,-7.528813284
CACTGAAGTGATCGTT-1_1_1,IR,gdT,T,9.172732903,-6.142050188
CACTGGGCAACAAAGT-1_1_1,IR,T-Helper,T,2.494532896,3.156522353
CACTGGGTCCTGCTAC-1_1_1,IR,NK,NK,-7.36314957,-5.797937315
CACTGGGTCTGTCCGT-1_1_1,IR,gdT,T,10.06430585,-7.256375234
CACTGTCAGGTATTGA-1_1_1,IR,NaiveT,T,0.942760778,7.920256693
CACTGTCCACAGCGCT-1_1_1,IR,Cytotoxic,T,-1.897551702,1.638727863
CACTGTCTCCTCACCA-1_1_1,IR,NK,NK,-8.817053246,-6.69329397
CACTTCGGTGTTGCCG-1_1_1,IR,gdT,T,8.403369499,-6.898518484
CACTTCGTCCATCAGA-1_1_1,IR,gdT,T,9.193270279,-5.037284772
CAGAGCCAGTGAACAT-1_1_1,IR,T-DN,T,0.402321366,2.453106244
CAGAGCCCATGACTGT-1_1_1,IR,NK,NK,-7.527302193,-6.740848463
CAGAGCCGTGGCATCC-1_1_1,IR,gdT,T,8.297860695,-4.843026559
CAGATACAGACGCCAA-1_1_1,IR,NK,NK,-5.251168655,-5.956121366
CAGATACGTAGCTGTT-1_1_1,IR,gdT,T,8.20437677,-4.00963227
CAGATACGTGCCTTTC-1_1_1,IR,NK,NK,-6.918846058,-5.695454042
CAGATACGTTCCAGGC-1_1_1,IR,NaiveT,T,2.281228138,6.474687178
CAGATACTCCATAGAC-1_1_1,IR,NaiveT,T,0.33730687,6.507092078
CAGATACTCGCACTCT-1_1_1,IR,NK,NK,-5.580336975,-6.494054239
CAGATCAAGCCATCCG-1_1_1,IR,gdT,T,9.977786613,-5.093425195
CAGATCAGTCCTGAAT-1_1_1,IR,Cytotoxic,T,-3.15027039,1.900810559
CAGATCATCGTTCCTG-1_1_1,IR,T-DN,T,4.907279564,1.928134282
CAGATCATCTGCCTCA-1_1_1,IR,NK,NK,-5.24149649,-4.952546041
CAGATTGAGGTTGGTG-1_1_1,IR,gdT,T,8.028660847,-7.112818639
CAGATTGAGTAACGAT-1_1_1,IR,NaiveT,T,-0.271423089,7.708244879
CAGATTGGTGGAGAAA-1_1_1,IR,gdT,T,9.148136688,-7.559861105
CAGATTGGTTGGATCT-1_1_1,IR,T-Helper,T,1.274052812,-3.060386579
CAGCAATCATGAATAG-1_1_1,IR,NKT,T,-3.45633428,-3.371156376
CAGCACGGTAACAGTA-1_1_1,IR,gdT,T,2.469133926,-3.311266344
CAGCAGCAGCGCTTCG-1_1_1,IR,NK,NK,-5.972516464,-6.2612199
CAGCAGCAGCGTTCCG-1_1_1,IR,NK,NK,-4.49860041,-4.642942827
CAGCAGCCATGAAAGT-1_1_1,IR,TCM,T,-1.684229659,3.877436716
CAGCAGCGTGCCTAAT-1_1_1,IR,Cytotoxic,T,-2.478546785,0.190899272
CAGCAGCGTTTGAAAG-1_1_1,IR,gdT,T,8.148361755,-6.970760744
CAGCCAGAGCGGACAT-1_1_1,IR,gdT,T,9.819981171,-7.131369035
CAGCCAGCAACCCTCT-1_1_1,IR,gdT,T,8.591078354,-7.062718313
CAGCCAGGTATGATCC-1_1_1,IR,Cytotoxic,T,-2.6190912,0.619057555
CAGCCAGTCGTTCCTG-1_1_1,IR,gdT,T,7.84414394,-6.54775564
CAGCCAGTCTGATTCT-1_1_1,IR,Treg,T,3.271462036,-1.071165483
CAGCGTGGTCTTGCTC-1_1_1,IR,gdT,T,7.611108376,-4.859979074
CAGCGTGTCCAGTTCC-1_1_1,IR,T-DN,T,0.340487046,1.793654282
CAGCGTGTCTAACGCA-1_1_1,IR,gdT,T,8.715502335,-7.208161752
CAGGCCAGTGTGTACT-1_1_1,IR,T-Helper,T,0.324926181,-0.187364611
CAGGCCATCGCTCCTA-1_1_1,IR,Cytotoxic,T,-5.343213963,0.224229623
CAGGGCTAGAGGTGCT-1_1_1,IR,NKT,T,-1.369891333,-1.909609478
CAGGTATCAAGCGATG-1_1_1,IR,gdT,T,9.826042725,-5.766052644
CAGTGCGCAGACACCC-1_1_1,IR,NaiveT,T,0.575670523,7.94975384
CAGTGCGGTAGTCCTA-1_1_1,IR,Cytotoxic,T,-4.691807674,1.386011202
CAGTTAGAGCTGTGCC-1_1_1,IR,NKT,T,-7.866436409,-8.116324346
CAGTTAGCAATTCTTC-1_1_1,IR,NKT,T,-5.502904819,-1.856687348
CAGTTCCAGCGAAACC-1_1_1,IR,NaiveT,T,2.017396999,8.058508952
CAGTTCCGTATGGTAA-1_1_1,IR,gdT,T,10.08214433,-5.685953062
CATAAGCAGTTCAACC-1_1_1,IR,gdT,T,9.877965523,-7.223284166
CATAAGCCAACCGTGC-1_1_1,IR,Cytotoxic,T,-4.329257416,-0.613824229
CATAAGCTCGTTGCCT-1_1_1,IR,T-Helper,T,0.116092412,-0.885737519
CATACAGGTCAAAGCG-1_1_1,IR,T-Helper,T,0.011096014,0.373729486
CATACCCAGAGCATTA-1_1_1,IR,T-Helper,T,2.187416149,0.595323284
CATACCCAGGAGTACC-1_1_1,IR,Cytotoxic,T,-3.392608808,1.435137827
CATACCCGTATCGTTG-1_1_1,IR,NK,NK,-1.310207056,-4.896257799
CATACTTAGAATCGCG-1_1_1,IR,gdT,T,7.961192204,-6.22781698
CATACTTAGATAGCTA-1_1_1,IR,gdT,T,9.962686134,-5.510312955
CATACTTAGCACTCGC-1_1_1,IR,gdT,T,9.100789619,-7.344997804
CATACTTGTCCCTGAG-1_1_1,IR,gdT,T,8.086896492,-6.895191591
CATACTTGTTTCAGAC-1_1_1,IR,NaiveT,T,1.279422833,7.885485728
CATACTTTCTGTCGTC-1_1_1,IR,gdT,T,9.659283234,-5.994048994
CATAGACCAAGAGAGA-1_1_1,IR,NK,NK,-8.389015602,-6.392712991
CATAGACTCGAACTCA-1_1_1,IR,gdT,T,8.779227806,-4.613475244
CATAGACTCGGCCAAC-1_1_1,IR,gdT,T,8.321454597,-4.792087
CATCAAGAGCGACAGT-1_1_1,IR,gdT,T,8.747991158,-5.405403059
CATCAAGGTGTCACAT-1_1_1,IR,gdT,T,9.594834877,-7.071279447
CATCAAGTCACCGCTT-1_1_1,IR,gdT,T,9.065620972,-5.568370264
CATCCACCAATTTCGG-1_1_1,IR,NaiveT,T,0.203096321,6.66891392
CATCCCATCATCCCGT-1_1_1,IR,gdT,T,9.098791672,-6.709412973
CATCCGTGTCCGTACG-1_1_1,IR,T-Helper,T,0.679997636,-3.649555366
CATCCGTTCCATCGTC-1_1_1,IR,Cytotoxic,T,-4.641997742,1.476731141
CATCGCTAGCACTGGA-1_1_1,IR,NK,NK,-6.304665493,-5.900606077
CATCGCTCAGCAGTCC-1_1_1,IR,NK,NK,-2.302830862,-3.934388082
CATCGCTGTCACCGAC-1_1_1,IR,NaiveT,T,2.000437928,6.088840086
CATCGCTTCCAAATGC-1_1_1,IR,gdT,T,9.417924477,-5.254206579
CATCGGGCAGCGCTTG-1_1_1,IR,gdT,T,9.968782974,-5.083282392
CATCGGGCAGGCTATT-1_1_1,IR,Cytotoxic,T,-5.418784546,0.203429509
CATCGTCAGACTCATC-1_1_1,IR,gdT,T,8.37418325,-6.789549272
CATCGTCCATAACGGG-1_1_1,IR,NK,NK,-6.28181641,-5.526421468
CATCGTCGTAGCACAG-1_1_1,IR,Cytotoxic,T,-2.735983776,0.74036922
CATGAGTAGTCGCCCA-1_1_1,IR,T-DN,T,0.134072097,1.744634945
CATGAGTAGTGGTTAA-1_1_1,IR,NK,NK,-5.891929077,-5.211312215
CATGAGTCAGTGGGTA-1_1_1,IR,Treg,T,3.666956736,0.715747912
CATGCAACACAAAGCG-1_1_1,IR,NKT,T,-4.414928841,-3.093383234
CATGCAACACCAAAGG-1_1_1,IR,TCM,T,-2.074541258,4.987796862
CATGCAAGTACGCTTA-1_1_1,IR,T-DN,T,0.78966899,3.266151268
CATGCCTGTAATTGGA-1_1_1,IR,gdT,T,9.381885124,-5.999800127
CATGCCTGTGACACGA-1_1_1,IR,Treg,T,3.448616577,1.976779778
CATGCGGTCCTCTCTT-1_1_1,IR,TCM,T,-1.44426422,4.48039921
CATGCGGTCGTTGTTT-1_1_1,IR,gdT,T,7.929456306,-4.678422849
CATGCTCAGATTGACA-1_1_1,IR,T-Helper,T,0.674805714,2.059987385
CATGCTCCAGCTGTTA-1_1_1,IR,gdT,T,8.090394093,-5.584811609
CATGCTCGTTCCCAAA-1_1_1,IR,T-DN,T,-4.202807831,-2.551970403
CATGGATAGCCTCATA-1_1_1,IR,Treg,T,3.334124638,1.823366721
CATGGATAGCTTTCCC-1_1_1,IR,gdT,T,9.089891029,-4.966998499
CATGGATGTACTCGAT-1_1_1,IR,Cytotoxic,T,-2.850771116,1.589446027
CATGGATGTGATTCTG-1_1_1,IR,gdT,T,9.47814901,-4.790049951
CATGGTACAGACCTAT-1_1_1,IR,NK,NK,-4.827090668,-5.221014421
CATTCATTCGGCTTCT-1_1_1,IR,gdT,T,9.318545891,-4.456143777
CATTCATTCGGTCAGC-1_1_1,IR,T-Helper,T,0.050453318,1.634640176
CATTCATTCGTGTGAT-1_1_1,IR,Cytotoxic,T,-3.026837992,0.331541498
CATTCTAAGTGCACAG-1_1_1,IR,Treg,T,3.098917318,2.042666991
CATTCTAGTGTACAGG-1_1_1,IR,Cytotoxic,T,0.64892648,-3.612703722
CATTCTATCATCGCCT-1_1_1,IR,NK,NK,-5.991779732,-4.356553953
CATTCTATCCACCTCA-1_1_1,IR,T-Helper,T,0.395558713,1.716158349
CATTGAGAGGAGTATT-1_1_1,IR,NK,NK,-6.279992031,-4.430253904
CATTGAGCAAACGTGG-1_1_1,IR,gdT,T,6.770424438,-5.431993406
CATTGAGGTTAATGAG-1_1_1,IR,T-Helper,T,0.207104349,1.440479596
CATTGCCAGTGTGTTC-1_1_1,IR,gdT,T,7.531596256,-6.377243917
CATTGCCGTACGGCAA-1_1_1,IR,Cytotoxic,T,0.471411211,-3.611446779
CATTGCCGTAGCTGTT-1_1_1,IR,T-Helper,T,0.186449315,-0.67476372
CATTGTTAGCGACTTT-1_1_1,IR,NKT,T,-5.653133797,-1.770772498
CATTGTTGTAAGGCTG-1_1_1,IR,NK,NK,-6.654000687,-6.031372945
CATTGTTGTTATGTGC-1_1_1,IR,NaiveT,T,1.454807473,6.174605925
CATTGTTTCGCAAGAG-1_1_1,IR,NaiveT,T,0.343642769,6.398798067
CATTGTTTCTCACGAA-1_1_1,IR,T-Helper,T,1.544639064,1.018750389
CCAAGCGCAAGTTCGT-1_1_1,IR,NK,NK,-8.278317856,-7.039063852
CCAAGCGGTGTCACAT-1_1_1,IR,NKT,T,-4.092159676,-2.080935519
CCAAGCGTCAGTGCGC-1_1_1,IR,gdT,T,7.722712589,-5.492718141
CCAATGAGTGCGACAA-1_1_1,IR,gdT,T,7.205442501,-6.331483286
CCAATTTAGGATTTAG-1_1_1,IR,NaiveT,T,2.102322532,6.555704195
CCAATTTTCTCCGAAA-1_1_1,IR,NK,NK,-0.597015308,-4.517743509
CCACAAAAGAGCATTA-1_1_1,IR,gdT,T,8.322329117,-6.469275396
CCACAAAAGGGCCAAT-1_1_1,IR,Cytotoxic,T,-0.758242237,-0.493505817
CCACAAAAGTGGACGT-1_1_1,IR,Treg,T,3.288880898,-0.346098583
CCACAAACACACCTTC-1_1_1,IR,T-DN,T,0.306628583,2.763207753
CCACACTAGATCACTC-1_1_1,IR,T-Helper,T,1.530133439,2.391073067
CCACACTGTTGGTAGG-1_1_1,IR,NKT,T,-1.186630177,-1.887268703
CCACACTTCTCTTCAA-1_1_1,IR,T-Helper,T,2.323671175,2.025307972
CCACCATAGTCTGTAC-1_1_1,IR,Cytotoxic,T,0.835733427,-1.780710619
CCACCATCACTTGTCC-1_1_1,IR,gdT,T,8.915978981,-4.754996221
CCACCATCATAGCTGT-1_1_1,IR,NKT,T,-4.726787495,-2.565378587
CCACCATGTACCAATC-1_1_1,IR,gdT,T,8.890683723,-5.573071878
CCACGAGAGCGTTAGG-1_1_1,IR,gdT,T,9.041588379,-6.953079622
CCACGAGAGTATGAAC-1_1_1,IR,gdT,T,2.2123657,-2.635924976
CCACGAGAGTCACTAC-1_1_1,IR,T-Helper,T,1.325790478,-3.235113542
CCACGAGGTACAACGG-1_1_1,IR,Cytotoxic,T,-4.767143654,1.324063618
CCACGAGGTTCTAAGC-1_1_1,IR,gdT,T,10.15411909,-5.463836591
CCACGAGTCATCGTAG-1_1_1,IR,NaiveT,T,2.699533535,7.050438006
CCACGAGTCGGACCAC-1_1_1,IR,gdT,T,7.63096006,-5.465469282
CCACGTTAGTATGATG-1_1_1,IR,NK,NK,-8.883597778,-6.765362661
CCACGTTAGTGCCAGA-1_1_1,IR,TCM,T,-2.237327265,4.967804034
CCACGTTCACTGTTCC-1_1_1,IR,Cytotoxic,T,-4.837000298,0.850990553
CCACTTGGTTGGCCGT-1_1_1,IR,gdT,T,9.91270311,-5.423012178
CCATAAGTCCATTGCC-1_1_1,IR,Cytotoxic,T,-1.56711595,0.167329777
CCATCACAGCATGTTC-1_1_1,IR,Cytotoxic,T,-1.946247744,0.201806505
CCATCACCAAGGTCAG-1_1_1,IR,gdT,T,9.717851234,-7.599108141
CCATCACGTACAAGTA-1_1_1,IR,NK,NK,-9.170414375,-7.952756803
CCATCACGTTTGCCGG-1_1_1,IR,NKT,T,-5.171465801,-2.930118005
CCATCACTCCCATAAG-1_1_1,IR,ILC,ILC,8.638032509,2.416869004
CCCAACTGTGCAAGAC-1_1_1,IR,NaiveT,T,-0.091692345,6.27941807
CCCATTGAGCAACCAG-1_1_1,IR,Cytotoxic,T,0.349821908,-3.43457834
CCCATTGGTATGGAAT-1_1_1,IR,ILC,ILC,7.772773815,1.95786031
CCCATTGTCCAGTTCC-1_1_1,IR,T-Helper,T,0.710315479,2.04233845
CCCATTGTCCCACAGG-1_1_1,IR,Cytotoxic,T,-1.605377006,1.98002394
CCCGAAGAGTAAGCAT-1_1_1,IR,Cytotoxic,T,-3.271874594,1.30232938
CCCGGAAAGGTAAGTT-1_1_1,IR,gdT,T,9.512811256,-6.438931387
CCCGGAACAGTGCCTG-1_1_1,IR,gdT,T,2.832678867,0.42444231
CCCTAACAGTAACAGT-1_1_1,IR,NK,NK,-8.592716621,-6.431748312
CCCTAACCAGATAAAC-1_1_1,IR,Cytotoxic,T,-1.490438866,0.834362585
CCCTAACTCCATAGGT-1_1_1,IR,Cytotoxic,T,0.190227648,-2.738774936
CCCTAACTCGGTGCAC-1_1_1,IR,NK,NK,-7.737233566,-5.403474729
CCCTCAACAACTGGTT-1_1_1,IR,Cytotoxic,T,-1.737636851,0.060128007
CCCTCAAGTTGTACGT-1_1_1,IR,TCM,T,-2.041422056,4.831651289
CCCTCTCTCTCATTGT-1_1_1,IR,NK,NK,-9.022049355,-7.130361478
CCCTGATAGTTCATGC-1_1_1,IR,gdT,T,2.950912787,0.471557875
CCCTGATCACAATGCT-1_1_1,IR,gdT,T,9.569025589,-4.857212465
CCCTGATTCTAGAGCT-1_1_1,IR,T-Helper,T,0.294516278,-3.85044996
CCCTTAGGTCAACCAT-1_1_1,IR,Cytotoxic,T,-3.17287104,3.804406483
CCGAACGAGCTTCGTA-1_1_1,IR,NaiveT,T,-1.265192079,6.496006567
CCGAACGTCACCTGGG-1_1_1,IR,gdT,T,9.96123941,-7.139911096
CCGATCTAGGTCACAG-1_1_1,IR,Cytotoxic,T,-4.424612926,1.439190824
CCGATCTGTCCGAAAG-1_1_1,IR,gdT,T,2.281847549,-2.924818199
CCGATGGGTCAGTCCG-1_1_1,IR,T-Helper,T,0.720366491,1.701468308
CCGCAAGCACCTAAAC-1_1_1,IR,Cytotoxic,T,0.466586424,-3.369493883
CCGCAAGGTAGAGACC-1_1_1,IR,gdT,T,8.053032471,-4.993812959
CCGCAAGGTAGTCTGT-1_1_1,IR,NaiveT,T,0.951757027,7.300090868
CCGCAAGGTCCAGAAG-1_1_1,IR,NK,NK,-7.427461552,-4.818316858
CCGGACAAGTACCGGA-1_1_1,IR,NaiveT,T,0.005700407,8.576592524
CCGGACAAGTCATACC-1_1_1,IR,NaiveT,T,1.408150388,6.8602372
CCGGACACAGCTCATA-1_1_1,IR,gdT,T,9.44725473,-6.839314382
CCGGACAGTTGTAAAG-1_1_1,IR,gdT,T,9.968440605,-5.802585523
CCGGACATCTGTCCCA-1_1_1,IR,T-Helper,T,2.22516997,0.757693727
CCGGGTAAGCAACAGC-1_1_1,IR,gdT,T,7.475467754,-6.558050554
CCGGGTACACGGGCTT-1_1_1,IR,Treg,T,3.359834267,0.576224883
CCGGGTAGTAACCAGG-1_1_1,IR,Cytotoxic,T,-3.625918316,1.575235922
CCGGTAGCATAGGTTC-1_1_1,IR,Treg,T,3.166729761,3.414525349
CCGGTGACAAGCACAG-1_1_1,IR,gdT,T,10.1605583,-6.881339948
CCGGTGACAGTACTAC-1_1_1,IR,NK,NK,-4.477362083,-4.418369691
CCGGTGAGTTAACAGA-1_1_1,IR,NaiveT,T,-0.423037099,7.954278071
CCGGTGATCATTTACC-1_1_1,IR,NK,NK,-6.81944363,-6.373372953
CCGTAGGAGCGAGGAG-1_1_1,IR,NKT,T,-5.53863089,-5.956489484
CCGTAGGAGGTCATCT-1_1_1,IR,gdT,T,8.705352379,-4.821999948
CCGTAGGCAAGACAAT-1_1_1,IR,gdT,T,8.527958466,-4.91680948
CCGTAGGCAATTCACG-1_1_1,IR,gdT,T,8.13255365,-5.304522436
CCGTAGGCATACGCAT-1_1_1,IR,NaiveT,T,0.518565817,8.809102137
CCGTAGGTCCCTATTA-1_1_1,IR,T-Helper,T,1.340290619,-3.211380403
CCGTGAGCACTGGAAG-1_1_1,IR,Cytotoxic,T,-0.806663918,0.308986385
CCGTGAGGTTAAGGGC-1_1_1,IR,Cytotoxic,T,-3.718317913,0.618897815
CCGTGAGTCCAACACA-1_1_1,IR,NK,NK,-5.978263306,-5.768480699
CCGTGAGTCTCTCAAT-1_1_1,IR,NaiveT,T,-1.243570971,6.516372759
CCGTTCAAGCATATGA-1_1_1,IR,Cytotoxic,T,-0.533995615,1.283400137
CCGTTCACAAATAGCA-1_1_1,IR,NK,NK,-5.882644104,-6.516550462
CCGTTCAGTACGAGCA-1_1_1,IR,gdT,T,9.542104317,-4.633058469
CCTAACCGTGACCGAA-1_1_1,IR,NaiveT,T,1.450340463,7.157893736
CCTAACCTCAGCCTTC-1_1_1,IR,NKT,T,-5.092738079,-6.77427141
CCTAAGAAGAAACCCG-1_1_1,IR,NKT,T,-4.183112549,-2.029337328
CCTAAGAGTCACTCGG-1_1_1,IR,NK,NK,-5.131973671,-5.094983022
CCTAAGATCGCCGAGT-1_1_1,IR,Cytotoxic,T,-3.600318598,1.143160183
CCTACGTGTCAGCGTC-1_1_1,IR,gdT,T,7.564613415,-5.988085668
CCTATCGTCGTGGGAA-1_1_1,IR,Cytotoxic,T,-3.074811386,0.296781261
CCTCAACAGCGTTCAT-1_1_1,IR,gdT,T,10.25592573,-5.085665624
CCTCAACAGTATCCTG-1_1_1,IR,gdT,T,9.054801537,-5.566954534
CCTCACATCATGTCAG-1_1_1,IR,Cytotoxic,T,-1.814996647,0.871002931
CCTCATGCAAGGATGC-1_1_1,IR,NK,NK,-5.402861046,-4.649355333
CCTCATGCAGCGACCT-1_1_1,IR,gdT,T,8.806978775,-4.739902418
CCTCATGTCACTTGTT-1_1_1,IR,gdT,T,8.59173925,-5.177883546
CCTCCAACACTCCACT-1_1_1,IR,gdT,T,8.618829323,-5.52937309
CCTCCTCTCCCATAGA-1_1_1,IR,gdT,T,10.21446664,-5.234938066
CCTCTAGAGAAATGGG-1_1_1,IR,T-Helper,T,2.918524576,1.894616325
CCTCTAGCACACCTTC-1_1_1,IR,Treg,T,3.574297262,-0.45801888
CCTCTAGCACTGTCCT-1_1_1,IR,NaiveT,T,1.204841567,6.992673952
CCTCTAGTCTCGCTCA-1_1_1,IR,gdT,T,9.270704819,-5.085527341
CCTCTCCAGGGCTAAC-1_1_1,IR,Cytotoxic,T,0.715477837,-4.017799776
CCTCTCCGTAGTCACT-1_1_1,IR,Cytotoxic,T,-2.161689209,1.815446217
CCTGCATAGTCGAATA-1_1_1,IR,gdT,T,9.80951841,-7.271963041
CCTGCATCAAGACCGA-1_1_1,IR,gdT,T,9.866055084,-6.851385038
CCTGTTGCAGCCTTCT-1_1_1,IR,gdT,T,8.731534554,-5.630158346
CCTGTTGGTAATGATG-1_1_1,IR,Cytotoxic,T,-5.419636177,0.293283094
CCTGTTGGTTGCGGCT-1_1_1,IR,gdT,T,2.386469675,0.510884364
CCTTCAGAGTGCTACT-1_1_1,IR,gdT,T,2.103261543,-2.622364681
CCTTCAGAGTGGTGGT-1_1_1,IR,gdT,T,8.898138596,-7.116179388
CCTTCAGAGTTTCGGT-1_1_1,IR,Cytotoxic,T,-4.582665848,0.652602811
CCTTCAGCAACAGTGG-1_1_1,IR,NK,NK,-7.98575251,-5.759927671
CCTTCAGCAGGCACAA-1_1_1,IR,NaiveT,T,-0.733044254,5.901934225
CCTTGTGAGCACGGAT-1_1_1,IR,NaiveT,T,-1.628977941,7.272240717
CCTTGTGCACGCGTGT-1_1_1,IR,Treg,T,2.769661976,-1.559342663
CCTTTGGGTCAGCGTC-1_1_1,IR,gdT,T,8.651806427,-5.005439203
CGAAGGACATTGAGGG-1_1_1,IR,Cytotoxic,T,0.569926096,-3.780824583
CGAATTGGTTAACCTG-1_1_1,IR,gdT,T,2.2465163,-3.095164697
CGACAGCCACTCCGGA-1_1_1,IR,NKT,T,-4.456000732,-2.338299911
CGACAGCGTGAAGCTG-1_1_1,IR,NaiveT,T,1.653390361,8.381721575
CGACAGCTCAAAGACA-1_1_1,IR,NKT,T,-0.823800014,-1.575859945
CGAGAAGAGAATTCAG-1_1_1,IR,Cytotoxic,T,-2.911493944,0.740061302
CGAGAAGAGCGACTTT-1_1_1,IR,gdT,T,7.772649838,-6.824033659
CGAGAAGCAACCACGC-1_1_1,IR,Cytotoxic,T,-5.143836426,0.313997735
CGAGAAGTCTGCTCTG-1_1_1,IR,gdT,T,9.430633141,-7.016120832
CGAGGAACAGCGTGCT-1_1_1,IR,NK,NK,-4.497056412,-4.360427301
CGAGGAATCAGATTGC-1_1_1,IR,gdT,T,7.430636955,-4.905880373
CGAGGCTAGCAAATCA-1_1_1,IR,NKT,T,-0.8860157,-1.599138897
CGAGGCTCAAGATGGC-1_1_1,IR,T-Helper,T,0.59317006,-0.162663389
CGAGGCTCATTGCTGA-1_1_1,IR,NK,NK,-5.993953632,-6.369358461
CGAGTGCAGTCGGCAA-1_1_1,IR,T-Helper,T,0.126649344,0.662183721
CGAGTGCGTATAGCTC-1_1_1,IR,gdT,T,9.680489136,-5.700303953
CGAGTGCGTGCGTTTA-1_1_1,IR,gdT,T,6.96805246,-5.51208822
CGAGTGCTCGGCCTTT-1_1_1,IR,gdT,T,7.638423992,-6.278919618
CGAGTTACATTCAGCA-1_1_1,IR,Cytotoxic,T,-5.360572266,0.226350624
CGAGTTATCTTGCAGA-1_1_1,IR,gdT,T,2.919524265,0.368688692
CGATCGGCACAAGGTG-1_1_1,IR,gdT,T,8.909614159,-5.471136015
CGATCGGGTAGTACGG-1_1_1,IR,Cytotoxic,T,-0.301333444,-4.005016248
CGATCGGGTGACCGTC-1_1_1,IR,NK,NK,-5.463357853,-4.956251543
CGATCGGTCGTAGGAG-1_1_1,IR,ILC,ILC,7.355745388,1.310851533
CGATGCGAGTGCTACT-1_1_1,IR,Cytotoxic,T,-4.55115168,-1.314797919
CGCAGGTCAATACGCT-1_1_1,IR,Cytotoxic,T,-1.462918924,0.797849853
CGCAGGTGTACGGTTT-1_1_1,IR,Treg,T,4.931839539,1.971136172
CGCAGGTTCTCTCTAA-1_1_1,IR,Cytotoxic,T,-0.169293361,-4.131782453
CGCATGGAGTGCCCGT-1_1_1,IR,NK,NK,-6.162862228,-6.143412988
CGCATGGGTGCTCCGA-1_1_1,IR,gdT,T,9.317903114,-4.805622976
CGCATGGTCGAGAAAT-1_1_1,IR,Cytotoxic,T,-3.703643726,2.21946605
CGCCAGAGTTGCTAGT-1_1_1,IR,T-Helper,T,2.391352964,2.298127253
CGCCAGATCACTTCTA-1_1_1,IR,Cytotoxic,T,-2.593550371,1.210397084
CGCCAGATCCCGAACG-1_1_1,IR,NKT,T,-5.052048611,-2.787196796
CGCCATTAGGCTTCCG-1_1_1,IR,Cytotoxic,T,-2.738173889,1.814566452
CGCCATTCACCAACAT-1_1_1,IR,Cytotoxic,T,-3.163745808,1.416796286
CGCCATTGTGTACAGG-1_1_1,IR,NaiveT,T,2.07522936,7.749214728
CGCGTGAAGGTAGCCA-1_1_1,IR,gdT,T,8.307727409,-6.5917782
CGCGTGACAGCACAGA-1_1_1,IR,gdT,T,8.57374437,-5.957919042
CGCGTGAGTGTGTCCG-1_1_1,IR,Cytotoxic,T,-1.906507658,-0.424057524
CGCGTGATCTCTGAGA-1_1_1,IR,Treg,T,3.308713032,-0.249882321
CGGAACCGTTCATCTT-1_1_1,IR,gdT,T,2.930906368,0.573983748
CGGAATTAGCTTTCCC-1_1_1,IR,gdT,T,9.511136604,-5.621680658
CGGAATTAGGATACGC-1_1_1,IR,NK,NK,-9.059024261,-6.059402387
CGGAATTGTCTTCAAG-1_1_1,IR,NK,NK,-5.841925072,-6.2727441
CGGACACAGTATTGCC-1_1_1,IR,NK,NK,-5.346457409,-4.699270647
CGGACACGTTCTATCT-1_1_1,IR,gdT,T,6.977197243,-5.498674314
CGGACACTCATTGGTG-1_1_1,IR,Cytotoxic,T,-3.155429052,0.919981439
CGGACACTCGCCACTT-1_1_1,IR,gdT,T,8.926970078,-6.702121179
CGGACACTCTATGCCC-1_1_1,IR,gdT,T,8.837438179,-5.381551664
CGGAGAAAGATCACTC-1_1_1,IR,gdT,T,7.455879284,-5.59653465
CGGAGAAAGGTCCCGT-1_1_1,IR,T-DN,T,-4.631455349,-0.556218963
CGGAGAACAGAAACCG-1_1_1,IR,gdT,T,9.020353867,-6.611792963
CGGCAGTAGATGAAGG-1_1_1,IR,Cytotoxic,T,-2.804145979,0.650490601
CGGCAGTGTTAGTCGT-1_1_1,IR,gdT,T,7.950736118,-6.902717035
CGGCAGTGTTCTATCT-1_1_1,IR,NaiveT,T,0.81364478,7.518042643
CGGGACTAGAGATTCA-1_1_1,IR,gdT,T,8.512754036,-6.153443258
CGGGACTAGCTACTGT-1_1_1,IR,gdT,T,9.699498726,-5.814838808
CGGGACTCATGTGGTT-1_1_1,IR,gdT,T,7.638177467,-6.653901498
CGGGACTTCACTTGTT-1_1_1,IR,gdT,T,9.423747612,-6.636376779
CGGGACTTCTTCTCAA-1_1_1,IR,gdT,T,10.0844074,-6.297367494
CGGGCATCACTTGAGT-1_1_1,IR,gdT,T,3.14266832,0.559462685
CGGGCATCATCGTTCC-1_1_1,IR,gdT,T,9.86623056,-5.626175802
CGGGTCAAGGCTCAAG-1_1_1,IR,gdT,T,2.283830715,-3.057896774
CGGGTCAGTGGAATGC-1_1_1,IR,gdT,T,9.766503883,-7.334347646
CGGGTGTAGCGACATG-1_1_1,IR,NaiveT,T,2.837539507,6.867290575
CGGGTGTGTACGAGTG-1_1_1,IR,Cytotoxic,T,-4.158868717,2.728244383
CGGGTGTGTATCGTGT-1_1_1,IR,NaiveT,T,-0.862154292,7.501599867
CGGTCAGAGTGATAAC-1_1_1,IR,T-Helper,T,0.8495623,1.132747252
CGGTCAGCAAATTAGG-1_1_1,IR,gdT,T,8.199689461,-5.038015287
CGGTCAGCAAGATTGA-1_1_1,IR,NaiveT,T,1.219406081,8.861344416
CGGTCAGCACCGGAAA-1_1_1,IR,NaiveT,T,-0.297090518,7.273641665
CGGTCAGTCTGACAGT-1_1_1,IR,T-Helper,T,0.045444852,-1.187304895
CGTAAGTAGATGCGAC-1_1_1,IR,gdT,T,2.403788401,-3.10765044
CGTAAGTCATCTCATT-1_1_1,IR,Cytotoxic,T,-1.681870269,0.263640482
CGTAATGCACATTACG-1_1_1,IR,Cytotoxic,T,-4.114020275,2.6820453
CGTAATGGTTCAACGT-1_1_1,IR,gdT,T,10.11187036,-5.574146669
CGTAATGTCACTTGTT-1_1_1,IR,gdT,T,8.165196491,-5.087942522
CGTAATGTCCCATTCG-1_1_1,IR,NKT,T,-3.68582313,-1.339638274
CGTAGTAAGGAAGAAC-1_1_1,IR,NK,NK,-6.033492493,-6.574489515
CGTAGTACAATAAGGT-1_1_1,IR,gdT,T,8.303226067,-5.064408224
CGTAGTAGTGAAGCTG-1_1_1,IR,NaiveT,T,-0.881847548,7.647353251
CGTAGTATCGTTCTGC-1_1_1,IR,T-DN,T,0.531716211,-3.254105013
CGTCAAAGTGGAACCA-1_1_1,IR,TCM,T,-1.408596801,4.130216677
CGTCCATAGATGCTAA-1_1_1,IR,gdT,T,1.981975747,0.751041074
CGTCCATCAAGCACCC-1_1_1,IR,NK,NK,-7.92301886,-5.754709642
CGTCCATCACCCTGTT-1_1_1,IR,gdT,T,9.828600479,-5.29555742
CGTCCATCAGAAGTGC-1_1_1,IR,Cytotoxic,T,-3.22427647,0.594681103
CGTCCATGTACTCGAT-1_1_1,IR,NK,NK,-6.078097748,-6.712284963
CGTCCATTCAATCGGT-1_1_1,IR,Cytotoxic,T,-2.536140131,1.210821111
CGTCCATTCGACCCAG-1_1_1,IR,gdT,T,9.174576355,-5.072360914
CGTGAATAGGAGTCTG-1_1_1,IR,NK,NK,-5.8774132,-4.23801748
CGTGATAAGACGCCAA-1_1_1,IR,Cytotoxic,T,-4.271317886,0.855579693
CGTGATAAGATCGGTG-1_1_1,IR,Treg,T,3.891636206,-0.203040521
CGTGATAGTGCCGTTG-1_1_1,IR,gdT,T,9.111826492,-6.984260481
CGTGATAGTTTACACG-1_1_1,IR,Cytotoxic,T,0.616567207,-3.858941715
CGTGTCTAGGAACTAT-1_1_1,IR,NK,NK,-8.045191215,-6.982995432
CGTGTCTCACGTAGTT-1_1_1,IR,T-Helper,T,2.941029144,0.853901465
CGTTAGAAGCAGCCTC-1_1_1,IR,TCM,T,-1.875335859,4.3701845
CGTTAGAGTCTCGGAC-1_1_1,IR,NK,NK,-5.954839634,-5.756518762
CGTTCTGAGACTCCGC-1_1_1,IR,Cytotoxic,T,-3.196774172,1.77104481
CGTTCTGCATAAGCAA-1_1_1,IR,Treg,T,3.440168215,0.75963207
CGTTCTGTCGGAGTGA-1_1_1,IR,ILC,ILC,6.182662083,1.675333221
CGTTGGGAGAAACTCA-1_1_1,IR,gdT,T,7.355887486,-6.321100156
CGTTGGGGTCATACCA-1_1_1,IR,gdT,T,10.17098386,-5.872036855
CTAACCCCAACCGATT-1_1_1,IR,NKT,T,-3.744203733,-3.556529205
CTAACCCTCAGAACCT-1_1_1,IR,NK,NK,-6.053057121,-4.445917051
CTAACCCTCTCAGGCG-1_1_1,IR,gdT,T,8.055311276,-6.478763502
CTAACTTAGGACGGAG-1_1_1,IR,gdT,T,8.117666317,-6.430745046
CTAACTTAGTGATGGC-1_1_1,IR,NaiveT,T,1.745481683,8.401389201
CTAACTTCATACAGGG-1_1_1,IR,NaiveT,T,-0.121076839,7.294286806
CTAACTTCATGCGGTC-1_1_1,IR,NKT,T,-4.751304554,-2.899259966
CTAACTTGTCTCGCGA-1_1_1,IR,T-Helper,T,1.070840312,1.601571638
CTAAGTGCATGTCGTA-1_1_1,IR,NaiveT,T,-1.98386352,6.379464228
CTAAGTGTCAGACAAA-1_1_1,IR,NaiveT,T,1.114328993,9.036809046
CTACAGAAGACTCCGC-1_1_1,IR,gdT,T,10.0769306,-6.39761297
CTACAGAAGGTTTACC-1_1_1,IR,Cytotoxic,T,-2.145776915,0.438529034
CTACAGAAGTTGTAGA-1_1_1,IR,Cytotoxic,T,-2.625629114,0.994196613
CTACAGACACGACTAT-1_1_1,IR,gdT,T,10.2759958,-5.425887029
CTACAGAGTGACCTGC-1_1_1,IR,Cytotoxic,T,-5.258693146,-2.39803354
CTACAGAGTTCAAGTC-1_1_1,IR,NaiveT,T,1.854761792,6.717024405
CTACAGATCAGTCATG-1_1_1,IR,NK,NK,-8.656910347,-8.52488796
CTACATTAGTTCCGGC-1_1_1,IR,Cytotoxic,T,-4.438437389,2.382680495
CTACATTGTCCACAGC-1_1_1,IR,gdT,T,9.532847954,-4.804312151
CTACCCAGTCCTGGTG-1_1_1,IR,gdT,T,8.456368996,-6.756026666
CTACCTGGTTGGGTAG-1_1_1,IR,Cytotoxic,T,-1.775256084,-0.379309516
CTACTATCATCTAACG-1_1_1,IR,NK,NK,-6.117693352,-6.157609384
CTACTATGTAGAGATT-1_1_1,IR,T-Helper,T,1.225893093,0.723129053
CTAGGTAGTACGTGTT-1_1_1,IR,NaiveT,T,-1.599715756,6.459199984
CTAGGTATCATCGACA-1_1_1,IR,Cytotoxic,T,-3.459737467,2.549971898
CTATCTAAGCAAGGAA-1_1_1,IR,gdT,T,9.015452934,-5.412945669
CTATCTAAGGGTCAAC-1_1_1,IR,gdT,T,8.20278318,-4.665339868
CTATCTAAGTGTACAA-1_1_1,IR,Treg,T,4.719792915,1.916852553
CTATCTATCTCACGAA-1_1_1,IR,Treg,T,4.014164043,-0.104602346
CTCAACCCAGCGCGTT-1_1_1,IR,NK,NK,-5.997664856,-4.660789888
CTCAACCCAGTTACCA-1_1_1,IR,NK,NK,-8.471035408,-5.961226862
CTCAACCCATCCTATT-1_1_1,IR,NK,NK,-8.814942764,-7.90053169
CTCAACCCATTGTAGC-1_1_1,IR,gdT,T,8.336827827,-6.062605779
CTCAACCGTCATAACC-1_1_1,IR,NK,NK,-6.108516144,-5.351358335
CTCAACCTCAATCCAG-1_1_1,IR,gdT,T,10.13632543,-6.487132948
CTCAAGAAGTTGTAAG-1_1_1,IR,Cytotoxic,T,-1.131491112,1.657970745
CTCAAGACACCAAATC-1_1_1,IR,NK,NK,-2.881429361,-2.734839599
CTCAATTAGCATGTTC-1_1_1,IR,gdT,T,8.188047958,-4.805426519
CTCAATTAGCCTGTGC-1_1_1,IR,NK,NK,-5.729865002,-5.529623907
CTCAATTCAGAGGACT-1_1_1,IR,NaiveT,T,1.684637142,7.118834097
CTCAATTGTCACTCTC-1_1_1,IR,NK,NK,-6.956912922,-4.986805837
CTCAATTGTGTCCCTT-1_1_1,IR,gdT,T,10.12799604,-5.623219888
CTCACTGGTTGCATAC-1_1_1,IR,NaiveT,T,2.132043077,6.282246191
CTCACTGTCTGAACGT-1_1_1,IR,gdT,T,9.420279099,-4.527342241
CTCAGAAAGCTTAGTC-1_1_1,IR,NaiveT,T,2.875505758,7.228635867
CTCAGAAGTTACCCAA-1_1_1,IR,T-Helper,T,-0.198803054,0.754152853
CTCAGGGAGTTGTCGT-1_1_1,IR,NK,NK,-0.932005214,-4.817020815
CTCAGGGGTATGGTTC-1_1_1,IR,Cytotoxic,T,0.310785739,-3.703678768
CTCAGGGGTCCACGCA-1_1_1,IR,Cytotoxic,T,-1.197840499,0.083648
CTCAGGGGTCGACTTA-1_1_1,IR,Cytotoxic,T,-0.26928054,1.078340132
CTCAGGGGTTACTCAG-1_1_1,IR,Cytotoxic,T,-3.270493673,1.624209006
CTCAGTCAGCTGACAG-1_1_1,IR,NK,NK,-6.813985752,-5.364602487
CTCAGTCTCACCCTCA-1_1_1,IR,Cytotoxic,T,-1.732141065,1.832004864
CTCAGTCTCAGCAGAG-1_1_1,IR,gdT,T,9.710446907,-7.001472871
CTCATCGGTGACTATC-1_1_1,IR,gdT,T,8.662070824,-4.196667116
CTCATGCCATTGAGCT-1_1_1,IR,NaiveT,T,-0.247049706,7.996446688
CTCATGCGTCGCATTA-1_1_1,IR,gdT,T,9.101387573,-7.393155019
CTCATTAGTTGAGAGC-1_1_1,IR,Cytotoxic,T,-3.481414722,0.189245273
CTCCAACGTAGGCTCC-1_1_1,IR,gdT,T,7.436153484,-6.596701543
CTCCAACTCACTCACC-1_1_1,IR,Cytotoxic,T,-1.974294828,1.874020536
CTCCAACTCGTGGGAA-1_1_1,IR,Cytotoxic,T,-4.135978626,2.728528817
CTCCACAAGAACCCGA-1_1_1,IR,T-Helper,T,2.464117123,2.966183503
CTCCACAAGAGCAGTC-1_1_1,IR,Cytotoxic,T,-1.559529113,0.334260572
CTCCATGCAATTCTTC-1_1_1,IR,gdT,T,2.344814373,-3.027147215
CTCCCAACACTGAATC-1_1_1,IR,gdT,T,9.985109879,-6.918770235
CTCCCAAGTAACATCC-1_1_1,IR,gdT,T,10.21307428,-5.116644781
CTCCCAATCGGCCCAA-1_1_1,IR,NK,NK,-6.784485268,-6.115153711
CTCCCTCCACGGCACT-1_1_1,IR,gdT,T,9.824265076,-4.573697012
CTCCTCCGTACCATAC-1_1_1,IR,gdT,T,8.641626907,-5.406023424
CTCCTCCGTCAATCTG-1_1_1,IR,Cytotoxic,T,-2.283321785,1.053117592
CTCCTTTCAAGCACAG-1_1_1,IR,NaiveT,T,0.609235776,6.293978293
CTCCTTTCACAACCGC-1_1_1,IR,Cytotoxic,T,0.579644305,-3.9505953
CTCCTTTCAGGTCCGT-1_1_1,IR,NKT,T,-2.014749216,-2.353534143
CTCCTTTTCCCAACTC-1_1_1,IR,NaiveT,T,0.305402277,5.9741803
CTCCTTTTCGAGATGG-1_1_1,IR,gdT,T,9.46532209,-4.400827329
CTCGAGGAGGTGATCG-1_1_1,IR,T-Helper,T,1.791192008,0.076321934
CTCGAGGGTACAAACA-1_1_1,IR,NKT,T,-3.024624752,-1.373653691
CTCGAGGGTTGTACGT-1_1_1,IR,T-Helper,T,1.649150802,0.355524231
CTCTCAGCAAGCACCC-1_1_1,IR,NK,NK,-5.595705914,-6.569087427
CTCTCAGGTAACATGA-1_1_1,IR,Cytotoxic,T,-4.240864681,1.108025033
CTCTCAGGTCTCGGAC-1_1_1,IR,gdT,T,8.936201645,-5.419322889
CTCTCGACAACCACAT-1_1_1,IR,NKT,T,-5.568821835,-2.368671339
CTCTCGAGTAGTGTGG-1_1_1,IR,NaiveT,T,1.551983667,7.297203143
CTCTCGATCAAATGAG-1_1_1,IR,gdT,T,9.05080278,-5.730937879
CTCTGGTCAACTCATG-1_1_1,IR,gdT,T,9.502142502,-7.088315885
CTCTGGTCACATTCTT-1_1_1,IR,gdT,T,10.39451845,-5.294413488
CTCTGGTTCACGATCA-1_1_1,IR,gdT,T,8.595449043,-5.940245073
CTCTGGTTCATTACCT-1_1_1,IR,T-Helper,T,2.409823729,2.82815798
CTCTGGTTCCATCACC-1_1_1,IR,NaiveT,T,1.752874447,5.940535147
CTGAATGAGAGCATTA-1_1_1,IR,gdT,T,10.23331792,-5.560439508
CTGAATGCACTTGACA-1_1_1,IR,NK,NK,-7.12372105,-5.987629335
CTGAATGTCCGAAGGA-1_1_1,IR,gdT,T,9.984970642,-5.375954549
CTGAGCGAGCCGATCC-1_1_1,IR,Cytotoxic,T,-2.938090013,0.214912672
CTGAGCGAGTACCATC-1_1_1,IR,gdT,T,9.323875977,-6.219257276
CTGAGCGCACCTGCGA-1_1_1,IR,NaiveT,T,0.711032165,8.146769602
CTGAGCGTCAAACGAA-1_1_1,IR,T-Helper,T,1.914213849,1.037968595
CTGAGGCAGATGCAGC-1_1_1,IR,Cytotoxic,T,-0.640016424,-0.707572799
CTGAGGCAGCGTGTTT-1_1_1,IR,NKT,T,-5.034718441,-1.030587714
CTGAGGCCAGTCAGCC-1_1_1,IR,gdT,T,9.484699799,-4.386204164
CTGAGGCTCCCAGGAC-1_1_1,IR,NaiveT,T,2.68042071,8.366214831
CTGAGGCTCTATGTGG-1_1_1,IR,T-DN,T,0.002376912,2.406946499
CTGATCCAGACCATAA-1_1_1,IR,T-Helper,T,-0.152573602,2.229035695
CTGATCCGTAGTGTGG-1_1_1,IR,gdT,T,8.106325699,-6.855985563
CTGATCCGTCCTATAG-1_1_1,IR,gdT,T,8.673170639,-3.967119377
CTGCAGGTCATCCCGT-1_1_1,IR,Cytotoxic,T,-1.076609181,-0.066880017
CTGCATCCATACTGAC-1_1_1,IR,NK,NK,-5.938591408,-5.438115995
CTGCATCTCTAAGCCA-1_1_1,IR,gdT,T,9.827877594,-5.527687471
CTGCCATAGGAATTAC-1_1_1,IR,Cytotoxic,T,-2.535232471,1.657495339
CTGCCATCAGTGGTGA-1_1_1,IR,ILC,ILC,8.508217407,1.195766885
CTGCCATGTCACTAGT-1_1_1,IR,Cytotoxic,T,-2.911141323,0.979497392
CTGCCTACAATGCTCA-1_1_1,IR,gdT,T,8.600653244,-5.356081407
CTGCCTACATGGAACG-1_1_1,IR,gdT,T,9.254960609,-5.599696081
CTGCGAGCATCGCTGG-1_1_1,IR,gdT,T,8.663184715,-5.677036207
CTGCGAGGTTCCACGG-1_1_1,IR,NKT,T,-4.55275576,-2.499336164
CTGCGAGTCAAGCCTA-1_1_1,IR,T-Helper,T,1.476195289,2.340419133
CTGCTCAAGACAACAT-1_1_1,IR,gdT,T,10.17519147,-5.505118768
CTGCTCAAGCCTGCCA-1_1_1,IR,NaiveT,T,0.293267561,7.1952792
CTGCTCACATCCGCGA-1_1_1,IR,NaiveT,T,2.838888956,6.544348795
CTGCTCAGTAGCGTCC-1_1_1,IR,NKT,T,-3.63836615,-3.214190166
CTGCTCATCGCCAACG-1_1_1,IR,gdT,T,8.525648666,-5.000500124
CTGCTCATCGGTCTAA-1_1_1,IR,gdT,T,2.692334009,0.639276166
CTGGACGAGAGTTGCG-1_1_1,IR,gdT,T,9.066477371,-7.350278299
CTGGACGCAACGGCTC-1_1_1,IR,gdT,T,3.128594709,0.688510675
CTGGACGCACCAACAT-1_1_1,IR,T-Helper,T,1.567464067,2.644622166
CTGGACGCAGAATCGG-1_1_1,IR,Cytotoxic,T,-4.876386093,0.496551056
CTGGACGGTGTCATTG-1_1_1,IR,T-DN,T,0.687529517,2.201165993
CTGGCAGAGGTCGCCT-1_1_1,IR,NaiveT,T,0.03119166,8.371619303
CTGGCAGCAAGTCCAT-1_1_1,IR,gdT,T,7.694941593,-6.33625118
CTGGCAGCAGTAACCT-1_1_1,IR,NaiveT,T,2.610684944,2.883521635
CTGGCAGGTTCAAACC-1_1_1,IR,gdT,T,9.377181602,-4.715463083
CTGGTCTAGACCGCCT-1_1_1,IR,gdT,T,8.756377769,-5.886735361
CTGGTCTCACCCTGAG-1_1_1,IR,gdT,T,9.919409348,-7.519365709
CTGGTCTTCTCCGTGT-1_1_1,IR,Treg,T,4.155405594,0.063984488
CTGTACCAGTAGACCG-1_1_1,IR,NaiveT,T,-0.941575216,7.604099829
CTGTACCGTCACTCAA-1_1_1,IR,NaiveT,T,1.308932138,7.336013396
CTGTACCGTCGCGTTG-1_1_1,IR,NKT,T,-4.548416065,-3.040360134
CTGTATTAGTTGGAAT-1_1_1,IR,Cytotoxic,T,-1.367166685,-1.034355204
CTGTATTCACGTCTCT-1_1_1,IR,gdT,T,8.957244469,-4.45784704
CTGTATTGTAGCGTTT-1_1_1,IR,NKT,T,-5.897810387,-2.059086363
CTGTATTGTTCTCGCT-1_1_1,IR,NK,NK,-8.863602089,-6.018114965
CTGTATTTCTGTCAGA-1_1_1,IR,Cytotoxic,T,-1.207948731,0.22138964
CTGTCGTGTCGTGGAA-1_1_1,IR,gdT,T,8.068202091,-5.600444238
CTGTCGTGTGTAGGAC-1_1_1,IR,gdT,T,7.964096142,-5.699277322
CTGTCGTTCAGCGCAC-1_1_1,IR,NaiveT,T,2.317555262,6.434805472
CTGTGAAAGACCGCCT-1_1_1,IR,gdT,T,9.022118164,-4.660989206
CTGTGAACAACGGTAG-1_1_1,IR,T-Helper,T,0.211074056,1.507129748
CTGTGAATCAGACATC-1_1_1,IR,TCM,T,1.378249479,4.324413378
CTGTGGGGTAGAATAC-1_1_1,IR,gdT,T,7.024938179,-5.957013528
CTGTGGGGTTGGTGTT-1_1_1,IR,NKT,T,-5.702658581,-3.209622781
CTTACCGGTATGAGCG-1_1_1,IR,Cytotoxic,T,-1.905085491,0.523390372
CTTACCGGTATTGGCT-1_1_1,IR,Cytotoxic,T,-2.255438732,0.975970824
CTTACCGTCACTACGA-1_1_1,IR,NKT,T,-5.188368248,-2.910834472
CTTACCGTCCCAGGAC-1_1_1,IR,Cytotoxic,T,-2.478143381,-0.562965851
CTTAGGAAGTTCTCTT-1_1_1,IR,NKT,T,-5.000843452,-2.646171014
CTTAGGAGTCGTCAGC-1_1_1,IR,gdT,T,8.401887489,-7.260331552
CTTCAATCAGGTCAGA-1_1_1,IR,T-Helper,T,2.195223881,0.744295556
CTTCAATGTGAGATCG-1_1_1,IR,gdT,T,8.112695766,-5.48677532
CTTCAATGTTCAATCG-1_1_1,IR,T-Helper,T,0.924981965,0.117918376
CTTCAATGTTGCCATA-1_1_1,IR,NaiveT,T,2.931235147,6.981451113
CTTCAATTCCGTGGCA-1_1_1,IR,gdT,T,7.127044273,-5.441880624
CTTCCGAAGAAACACT-1_1_1,IR,NKT,T,-4.227331566,-4.368881624
CTTCCGAAGTCACGAG-1_1_1,IR,gdT,T,9.472734047,-6.275693338
CTTCCGACACAATCTG-1_1_1,IR,gdT,T,9.422574593,-4.576462667
CTTCCGAGTCCAATCA-1_1_1,IR,gdT,T,9.812139107,-5.046933572
CTTCCGAGTGGCTTGC-1_1_1,IR,Cytotoxic,T,-0.594125079,-0.285344403
CTTCCGATCCAAGGGA-1_1_1,IR,Cytotoxic,T,-3.701096701,3.367194731
CTTCCTTAGCAATTCC-1_1_1,IR,gdT,T,9.263105942,-6.881732385
CTTCCTTAGCGGCTCT-1_1_1,IR,gdT,T,9.767253471,-5.772321622
CTTCCTTAGCTCCGAC-1_1_1,IR,NaiveT,T,0.179814841,6.726761897
CTTCCTTAGGGAGGCA-1_1_1,IR,TCM,T,-1.465240048,3.639628489
CTTCCTTAGTAAGACT-1_1_1,IR,Cytotoxic,T,-3.451713728,1.469692905
CTTCCTTCAGCGTTGC-1_1_1,IR,T-Helper,T,-0.532362389,0.399015595
CTTCCTTGTATAGCTC-1_1_1,IR,NKT,T,-5.063538479,-4.605380933
CTTCGGTAGTACCATC-1_1_1,IR,gdT,T,9.543916298,-6.074442308
CTTCGGTAGTGGACGT-1_1_1,IR,NaiveT,T,-1.517514872,7.108924944
CTTCGGTCACGACGCT-1_1_1,IR,Cytotoxic,T,-1.644417333,0.87775274
CTTCGGTCATAGTCGT-1_1_1,IR,gdT,T,9.006077362,-7.509701173
CTTCGGTTCTTTCGAT-1_1_1,IR,Cytotoxic,T,-1.875761675,0.725926657
CTTCTAAAGTATGGAT-1_1_1,IR,T-Helper,T,1.175105525,2.050350029
CTTCTCTGTCTGTCAA-1_1_1,IR,Cytotoxic,T,-3.165917086,2.309723456
CTTCTCTGTTCAAGGG-1_1_1,IR,NK,NK,-7.887777733,-7.556556146
CTTCTCTGTTCTTGCC-1_1_1,IR,Cytotoxic,T,-1.284040617,2.048223097
CTTGAGAAGCGTGAGT-1_1_1,IR,gdT,T,8.551966263,-3.867273491
CTTGAGACAAATGGTA-1_1_1,IR,gdT,T,8.690041138,-4.713307779
CTTGAGACAGCTGTTA-1_1_1,IR,gdT,T,8.350508286,-6.683433931
CTTGAGACATATCTCT-1_1_1,IR,Cytotoxic,T,-2.620710539,0.822726805
CTTGAGAGTAGCGCCT-1_1_1,IR,gdT,T,9.975834442,-4.849148672
CTTGATTAGTTAGTAG-1_1_1,IR,NK,NK,-8.2268862,-6.703295629
CTTGATTCAAGGCTTT-1_1_1,IR,gdT,T,9.016343666,-5.350728433
CTTGATTGTGCTCCGA-1_1_1,IR,NK,NK,-5.947021412,-4.877059381
CTTGATTTCGCCTTTG-1_1_1,IR,NaiveT,T,0.68911053,6.25297888
CTTGATTTCTTCGCTG-1_1_1,IR,NK,NK,-6.430344032,-4.845487993
CTTTCAAAGCGCGTTC-1_1_1,IR,NKT,T,-3.641228127,-2.851636331
CTTTCAACACCAATTG-1_1_1,IR,Cytotoxic,T,0.735591305,-3.752579134
CTTTCGGAGACGCCAA-1_1_1,IR,gdT,T,9.131806923,-7.263229292
CTTTCGGTCTCTCTAA-1_1_1,IR,TCM,T,1.098568691,5.779178698
GAAACCTCAGTTTCAG-1_1_1,IR,TCM,T,-1.799359488,3.512554963
GAAATGAGTTTCGTGA-1_1_1,IR,T-Helper,T,2.033501936,0.903225858
GAACACTAGTTTGCTG-1_1_1,IR,gdT,T,7.824059082,-6.483127515
GAACACTCAATAACCC-1_1_1,IR,gdT,T,9.180643631,-4.772739332
GAACACTTCCACAAGT-1_1_1,IR,NK,NK,-5.041208672,-5.477138441
GAACACTTCGATCCCT-1_1_1,IR,NK,NK,-5.153659748,-4.566267412
GAACGTTCACGACGAA-1_1_1,IR,Treg,T,4.038434101,0.014042404
GAACTGTAGGTTCTTG-1_1_1,IR,Cytotoxic,T,-3.862163948,2.933334906
GAACTGTCAATCACGT-1_1_1,IR,NKT,T,-5.30537455,-2.369900863
GAACTGTGTAGGTAGC-1_1_1,IR,NaiveT,T,0.925038529,7.633938868
GAACTGTTCGAACCAT-1_1_1,IR,T-DN,T,1.385792328,2.565206845
GAAGAATAGAGTGTTA-1_1_1,IR,NKT,T,-3.821781563,-1.544774215
GAAGAATCAAATTGGA-1_1_1,IR,NK,NK,-1.455391692,-5.19083349
GAAGAATCACCATAAC-1_1_1,IR,Cytotoxic,T,0.712540401,-2.716818254
GAAGAATCACGACAAG-1_1_1,IR,gdT,T,9.620549751,-5.467451017
GAAGAATCAGCTAACT-1_1_1,IR,gdT,T,9.598156525,-5.629726331
GAAGAATCATATAGCC-1_1_1,IR,NaiveT,T,0.175003188,8.130551417
GAAGAATGTCACATTG-1_1_1,IR,NK,NK,-5.59883921,-4.910651605
GAAGAATGTCACTTAG-1_1_1,IR,T-Helper,T,1.148072315,1.384288151
GAAGAATTCGTTTACT-1_1_1,IR,Cytotoxic,T,0.404666139,-3.789753358
GAAGAATTCTTCCCAG-1_1_1,IR,NK,NK,-6.080151009,-5.951484602
GAAGCGACATCGTGGC-1_1_1,IR,T-Helper,T,1.390692664,-3.144998949
GAAGCGATCGAAGGAC-1_1_1,IR,NK,NK,-7.22125523,-7.289056223
GAAGGACCACGATTCA-1_1_1,IR,NK,NK,-6.03886311,-5.988676946
GAAGGACTCGATCCCT-1_1_1,IR,gdT,T,8.510627342,-6.089441698
GAAGGGTGTGGTACAG-1_1_1,IR,Cytotoxic,T,-2.81207435,1.568264563
GAAGTAAAGCAAGTCG-1_1_1,IR,gdT,T,7.108551575,-5.261614721
GAATAGATCAGCGTCG-1_1_1,IR,NK,NK,-6.730624603,-7.039150636
GAATAGATCGAAACAA-1_1_1,IR,T-Helper,T,0.703430785,0.73867913
GAATCACAGACAACAT-1_1_1,IR,Cytotoxic,T,-1.322226452,1.013023097
GAATCACAGACCCTTA-1_1_1,IR,gdT,T,9.919150902,-6.506078165
GAATCACAGGTGTGAC-1_1_1,IR,NK,NK,-6.713179993,-5.899174612
GAATCACCAGAGATTA-1_1_1,IR,NK,NK,-7.083382057,-6.100600641
GAATCACGTGTGAATA-1_1_1,IR,T-Helper,T,1.215496374,-3.275096338
GAATCACTCCTTCGAC-1_1_1,IR,Cytotoxic,T,-1.93981378,0.546071489
GAATCGTAGGCCTGAA-1_1_1,IR,gdT,T,8.566175056,-4.873824518
GAATCGTGTGGCGTAA-1_1_1,IR,T-Helper,T,0.416543854,0.271631707
GACACGCGTTCGAAGG-1_1_1,IR,NK,NK,-0.799218105,-4.474707525
GACACGCTCTGGGTCG-1_1_1,IR,gdT,T,9.539573265,-7.392249506
GACAGCCAGCATGATA-1_1_1,IR,gdT,T,2.213413788,-2.804652851
GACAGCCCATGCGTGC-1_1_1,IR,NK,NK,-7.330934452,-6.943347852
GACATCAAGCGAGTCA-1_1_1,IR,gdT,T,7.893914772,-6.58245508
GACATCACAAAGCGTG-1_1_1,IR,Treg,T,3.645506693,0.271873404
GACATCACAGAACATA-1_1_1,IR,NaiveT,T,0.453385545,6.916934569
GACATCAGTCTTCCGT-1_1_1,IR,T-Helper,T,0.242667837,-0.068189397
GACATCATCATCTCTA-1_1_1,IR,gdT,T,9.4890476,-6.623638074
GACCAATTCACCTTGC-1_1_1,IR,NK,NK,-8.054830002,-6.077968042
GACCCAGCACTTCAGA-1_1_1,IR,gdT,T,10.25238855,-5.484260481
GACCCAGCAGCTGAAG-1_1_1,IR,Treg,T,3.134638144,1.737886269
GACCCAGCATATGAAG-1_1_1,IR,NaiveT,T,-0.821357535,6.404139597
GACCCAGGTCGTTTCC-1_1_1,IR,NK,NK,-8.052297043,-6.79316179
GACCCTTAGTATGATG-1_1_1,IR,NK,NK,-7.928341316,-5.83146755
GACCCTTCACTTCCTG-1_1_1,IR,NKT,T,-4.809698032,-1.435930173
GACCGTGCAACAACAA-1_1_1,IR,T-Helper,T,2.509387566,2.962195713
GACCGTGTCATTTGCT-1_1_1,IR,gdT,T,2.317449404,-3.247585218
GACCTTCAGAGCAGAA-1_1_1,IR,gdT,T,8.051811768,-5.43831722
GACCTTCAGTGCTACT-1_1_1,IR,gdT,T,8.579852654,-5.620828073
GACCTTCCAGACAAAT-1_1_1,IR,Cytotoxic,T,-3.465312647,1.774849613
GACCTTCGTCGAGCTC-1_1_1,IR,NK,NK,-8.587634491,-6.323018949
GACCTTCTCCCGAACG-1_1_1,IR,NaiveT,T,-1.137088942,6.403260786
GACCTTCTCGGACAAG-1_1_1,IR,Treg,T,3.016263081,-0.249211471
GACGCTGAGTTATGGA-1_1_1,IR,gdT,T,8.560791565,-3.629542749
GACGCTGAGTTCAACC-1_1_1,IR,Treg,T,3.443647696,-0.748079698
GACGCTGCACTATCCC-1_1_1,IR,gdT,T,8.286466194,-5.268215578
GACGCTGCAGTAGTGG-1_1_1,IR,gdT,T,2.204959703,-2.991554659
GACGCTGGTTTGCCGG-1_1_1,IR,NKT,T,-5.073669361,-1.063929777
GACGTTAAGCATGATA-1_1_1,IR,gdT,T,9.366280151,-6.7402548
GACGTTACAGACCTAT-1_1_1,IR,NK,NK,-5.379431175,-4.761415403
GACGTTAGTAAGTTGA-1_1_1,IR,gdT,T,7.464207245,-5.346344869
GACGTTATCGTTAGAC-1_1_1,IR,Cytotoxic,T,-0.613001572,0.613922436
GACGTTATCTCAACGA-1_1_1,IR,TCM,T,-2.74844067,-2.403442066
GACTATGAGCCTCAGC-1_1_1,IR,T-Helper,T,2.468070341,-0.269686844
GACTATGGTATTTCGG-1_1_1,IR,NaiveT,T,0.082830308,6.860755522
GACTATGTCGAGCCAC-1_1_1,IR,T-DN,T,2.000569893,4.038005431
GACTATGTCTGTGCAA-1_1_1,IR,gdT,T,9.280698372,-7.148268621
GACTCAACAAACCGGA-1_1_1,IR,Cytotoxic,T,-2.209059166,-0.263073247
GACTCAATCCTTACCG-1_1_1,IR,T-Helper,T,0.314228548,0.152883638
GACTCAATCTAGAACC-1_1_1,IR,Cytotoxic,T,-2.835449862,0.824557383
GACTCTCCACGACAAG-1_1_1,IR,NKT,T,-4.523870872,-1.460271041
GACTCTCCATTCCTCG-1_1_1,IR,T-DN,T,0.17777402,2.576956589
GACTCTCGTCCCACGA-1_1_1,IR,gdT,T,9.463068558,-5.402676027
GACTCTCGTGACCGAA-1_1_1,IR,NK,NK,-8.709624695,-6.191326063
GACTCTCTCTCGCGTT-1_1_1,IR,NK,NK,-5.47305386,-4.793079298
GACTGATCACTACGGC-1_1_1,IR,NK,NK,-5.153285431,-5.071559827
GACTTCCAGACTCAAA-1_1_1,IR,Cytotoxic,T,-1.336641239,-0.160028118
GACTTCCCACCAAAGG-1_1_1,IR,NK,NK,-6.645776676,-6.094694536
GACTTCCGTTAAAGTG-1_1_1,IR,gdT,T,8.714003159,-7.036806028
GACTTCCGTTTGATCG-1_1_1,IR,NKT,T,-4.596254276,-3.238159101
GAGAAATAGATGCTGG-1_1_1,IR,NK,NK,-4.764641689,-5.173813741
GAGAAATCACTAAACC-1_1_1,IR,T-Helper,T,1.260085298,-3.297834079
GAGAAATGTTCTTGTT-1_1_1,IR,gdT,T,8.469142509,-6.524910371
GAGACCCCAAACGGCA-1_1_1,IR,gdT,T,1.926828695,0.444810648
GAGACCCTCGCAGATT-1_1_1,IR,Treg,T,3.966509892,-0.370186727
GAGACTTGTCCACACG-1_1_1,IR,NK,NK,-9.233761238,-8.152201574
GAGAGGTGTGTTACTG-1_1_1,IR,NaiveT,T,-1.010244893,8.003075678
GAGATGGCATCGAAGG-1_1_1,IR,NKT,T,-3.215306925,-2.298354786
GAGCCTGAGTAAGAGG-1_1_1,IR,T-DN,T,0.370568616,2.424670775
GAGCCTGAGTTTCGGT-1_1_1,IR,NaiveT,T,0.794092251,9.135403712
GAGCCTGGTAAGAACT-1_1_1,IR,T-DN,T,1.80262549,3.119412262
GAGCCTGTCCTCTAAT-1_1_1,IR,gdT,T,7.940519405,-5.040955942
GAGCCTGTCGAGTACT-1_1_1,IR,gdT,T,9.883436752,-6.936875265
GAGCCTGTCTCGTCAC-1_1_1,IR,T-Helper,T,2.513694597,3.515626271
GAGCCTGTCTTAGCCC-1_1_1,IR,gdT,T,8.922240807,-5.553312223
GAGCTGCAGCCATTTG-1_1_1,IR,Other,Other,5.553708626,6.777399142
GAGCTGCTCGTCTACC-1_1_1,IR,gdT,T,10.15881879,-5.280732553
GAGGCAAGTGGCTAGA-1_1_1,IR,Treg,T,3.531321598,-0.442572783
GAGGCAAGTTGGGTTT-1_1_1,IR,gdT,T,9.125604225,-5.697955053
GAGGCAATCAGCTTCC-1_1_1,IR,gdT,T,9.293261124,-4.475508611
GAGGCCTCACTGGAAG-1_1_1,IR,NaiveT,T,-0.809987115,7.179723818
GAGGCCTGTTGAGAGC-1_1_1,IR,gdT,T,9.474200798,-5.65903322
GAGGGATCATTCCTCG-1_1_1,IR,gdT,T,8.610236717,-6.605032842
GAGGGATGTATTCCGA-1_1_1,IR,Cytotoxic,T,-1.574696588,0.537151177
GAGGGTAAGGAAGTGA-1_1_1,IR,NKT,T,-4.765085625,-3.167765777
GAGGGTAGTAATGCGG-1_1_1,IR,T-Helper,T,0.375223456,0.987521131
GAGGGTAGTCAGTCCG-1_1_1,IR,gdT,T,9.881149841,-5.90397064
GAGGGTATCCCGTGTT-1_1_1,IR,Cytotoxic,T,0.391336752,-3.753588598
GAGTCATCACGTCGTG-1_1_1,IR,T-Helper,T,1.533063603,0.448631544
GAGTCTAAGGCTCACC-1_1_1,IR,NaiveT,T,2.619708849,6.675051768
GAGTCTAAGGGCATGT-1_1_1,IR,gdT,T,7.674745155,-4.969383161
GAGTCTAGTCATTGCA-1_1_1,IR,gdT,T,9.822611404,-7.640418928
GAGTGAGAGCGTGTCC-1_1_1,IR,gdT,T,8.671663834,-5.889473837
GAGTGAGAGGCACCAA-1_1_1,IR,NKT,T,-4.433277058,-2.99764673
GAGTGAGCACGCAGTC-1_1_1,IR,gdT,T,2.029846145,-3.16160671
GAGTGAGGTTGGACTT-1_1_1,IR,gdT,T,7.813893868,-5.611614626
GAGTGTTAGTGCTAGG-1_1_1,IR,gdT,T,8.647004677,-5.99777643
GAGTGTTTCATTACGG-1_1_1,IR,T-Helper,T,0.089461623,-0.199355039
GAGTGTTTCCGTTTCG-1_1_1,IR,gdT,T,7.684456898,-5.805762212
GAGTTACAGGGTAGCT-1_1_1,IR,NK,NK,-4.588550972,-5.145096223
GAGTTACCACATCATG-1_1_1,IR,NK,NK,-8.730251717,-8.177657049
GAGTTGTAGGAACTAT-1_1_1,IR,gdT,T,9.01210363,-5.850024622
GAGTTTGAGCCGAACA-1_1_1,IR,NK,NK,-4.423948215,-5.09833328
GAGTTTGCAACCGATT-1_1_1,IR,NaiveT,T,-0.759865629,6.912598212
GAGTTTGTCAACTTTC-1_1_1,IR,Cytotoxic,T,-1.030919837,0.727603335
GAGTTTGTCACCTGGG-1_1_1,IR,T-Helper,T,0.131320001,-0.85068075
GAGTTTGTCTGGTGCG-1_1_1,IR,gdT,T,9.193904472,-6.829978864
GATAGAAAGGTAATCA-1_1_1,IR,TCM,T,-2.057392525,5.378375609
GATAGAAGTACATACC-1_1_1,IR,T-Helper,T,0.871804012,-3.944770496
GATAGCTCAACCTATG-1_1_1,IR,gdT,T,9.380658699,-5.524475019
GATAGCTCACTCAAGT-1_1_1,IR,gdT,T,9.400256706,-5.228938978
GATAGCTGTGACCTGC-1_1_1,IR,NK,NK,-8.056682037,-8.412667196
GATAGCTTCCCATAAG-1_1_1,IR,NaiveT,T,-0.744177567,8.206818659
GATCACAAGAACAGGA-1_1_1,IR,NKT,T,-5.187248634,-1.149001043
GATCACAAGCATCGAG-1_1_1,IR,T-Helper,T,0.422761245,0.616575498
GATCACACAATGACCT-1_1_1,IR,Treg,T,3.600306345,1.624624092
GATCACATCTCGTGAA-1_1_1,IR,Cytotoxic,T,-1.552525686,0.452843804
GATCAGTAGAAGAGCA-1_1_1,IR,Cytotoxic,T,-5.308639454,0.225725878
GATCAGTAGCTCCACG-1_1_1,IR,gdT,T,10.17661054,-5.697644155
GATCAGTGTCTAATCG-1_1_1,IR,gdT,T,10.09304292,-4.779241006
GATCAGTTCCTGTTAT-1_1_1,IR,gdT,T,8.976914955,-4.271555822
GATCAGTTCTGGTTGA-1_1_1,IR,NK,NK,-0.360540377,-4.510851305
GATCATGAGGACAACC-1_1_1,IR,gdT,T,8.99231012,-5.56613199
GATCATGCAGTTTGGT-1_1_1,IR,NK,NK,-6.168898033,-6.095707815
GATCATGGTGAGATCG-1_1_1,IR,Treg,T,3.525782181,0.302751322
GATCGTACAGGTGAGT-1_1_1,IR,gdT,T,9.737893654,-6.204196851
GATGACTAGTGAGTGC-1_1_1,IR,Cytotoxic,T,-3.1586663,1.510260065
GATGAGGAGCAAGTGC-1_1_1,IR,gdT,T,8.045481754,-6.47780649
GATGAGGAGTAATTGG-1_1_1,IR,ILC,ILC,8.727007462,0.928344209
GATGAGGCATTCCTCG-1_1_1,IR,NKT,T,-4.142960953,-3.229335229
GATGATCAGCTGACTT-1_1_1,IR,NK,NK,-5.167483734,-4.443519037
GATGATCCATACTTTC-1_1_1,IR,gdT,T,8.335853172,-6.577466886
GATGATCGTTCAAGTC-1_1_1,IR,ILC,ILC,5.934567524,1.719280679
GATGATCTCTGGTGCG-1_1_1,IR,T-Helper,T,2.164720369,1.055156071
GATGCTACATAGAAAC-1_1_1,IR,T-DN,T,0.322883589,2.664855082
GATGCTACATGACTGT-1_1_1,IR,gdT,T,9.057538582,-4.476359766
GATGCTAGTGGCTAGA-1_1_1,IR,NaiveT,T,0.796861959,8.165003855
GATGCTATCAAACCCA-1_1_1,IR,gdT,T,8.908726288,-5.298565309
GATGGAGAGACGAGCT-1_1_1,IR,NaiveT,T,-1.193396615,6.869790156
GATGGAGAGGATTTGA-1_1_1,IR,T-Helper,T,-0.181701558,0.380800177
GATGGAGGTTGCTGAT-1_1_1,IR,T-Helper,T,0.494903875,0.830224712
GATGGAGTCTGACGCG-1_1_1,IR,Cytotoxic,T,-2.395898746,-0.094313984
GATGTTGCACGTCGGT-1_1_1,IR,NK,NK,-6.642995762,-6.144943636
GATGTTGTCGGCATTA-1_1_1,IR,NKT,T,-5.075993465,-0.938983898
GATTCGAAGAGCTGCA-1_1_1,IR,gdT,T,10.11698969,-5.015314024
GATTCGAAGCACTCTA-1_1_1,IR,gdT,T,7.681817127,-6.625400465
GATTCTTCATAGAAAC-1_1_1,IR,Cytotoxic,T,-1.170743989,1.507780392
GATTCTTTCGCAGTGC-1_1_1,IR,gdT,T,2.141725493,-2.895293634
GATTGGTGTCAGGTGA-1_1_1,IR,ILC,ILC,8.075377537,1.101475198
GATTGGTGTCCAGTTA-1_1_1,IR,T-Helper,T,0.477092815,-0.034921277
GATTGGTTCCCAAGCG-1_1_1,IR,Cytotoxic,T,-3.851044582,0.474869509
GATTTCTAGTCGAATA-1_1_1,IR,NK,NK,-7.894029068,-6.675419252
GATTTCTCAGTAGGAC-1_1_1,IR,gdT,T,8.190900398,-6.382776659
GATTTCTTCTACCACC-1_1_1,IR,NK,NK,-5.441388535,-4.916177194
GATTTCTTCTAGTGAC-1_1_1,IR,gdT,T,10.14579256,-5.607402246
GCAACATCACTTGACA-1_1_1,IR,Treg,T,3.551130844,-0.505620252
GCAACATCATAGAAAC-1_1_1,IR,NK,NK,-5.538561748,-4.451901357
GCAACATCATGTGCTA-1_1_1,IR,NaiveT,T,1.391054822,7.094255526
GCAACATTCTAACACG-1_1_1,IR,T-Helper,T,2.28084333,1.588264425
GCAACCGCAATCACGT-1_1_1,IR,gdT,T,8.787663055,-5.193905275
GCACATACACGAAAGC-1_1_1,IR,Cytotoxic,T,0.964415504,-3.531349819
GCACGGTAGCGACATG-1_1_1,IR,NK,NK,-5.058710026,-5.1567959
GCACGGTGTCGATGCC-1_1_1,IR,gdT,T,7.591256691,-4.494575899
GCACTAAAGGATTTGA-1_1_1,IR,NKT,T,-3.906469749,-2.419167202
GCACTAAGTGTGCTTA-1_1_1,IR,gdT,T,9.916833473,-5.310279291
GCACTAATCCAACTGA-1_1_1,IR,gdT,T,7.066820694,-5.849905889
GCAGCCAAGAATCTAG-1_1_1,IR,gdT,T,9.913294388,-7.489724557
GCAGCCACACGCGCTA-1_1_1,IR,NKT,T,-5.492854046,-2.315473001
GCAGCTGAGGACAGTC-1_1_1,IR,gdT,T,9.758588387,-7.196672361
GCAGCTGTCCACCCTA-1_1_1,IR,Cytotoxic,T,-4.74517815,0.208936978
GCAGGCTAGCACTGGA-1_1_1,IR,Cytotoxic,T,-4.276196884,2.451163847
GCAGGCTCACAAGCCC-1_1_1,IR,gdT,T,10.3049465,-5.405579012
GCAGGCTGTCCTATAG-1_1_1,IR,NKT,T,-5.027560638,-1.862481873
GCAGGCTGTTTCGACA-1_1_1,IR,gdT,T,8.076515747,-5.057759683
GCAGGCTTCTCCTGTG-1_1_1,IR,gdT,T,9.498675896,-5.123699586
GCAGTTACACGCGCTA-1_1_1,IR,T-DN,T,-0.151089357,-1.368781726
GCAGTTATCCTTCTGG-1_1_1,IR,NK,NK,-4.695671963,-4.414360445
GCATCGGGTATGGGAC-1_1_1,IR,T-Helper,T,1.836050106,0.418775637
GCATCTCAGACAGCGT-1_1_1,IR,Treg,T,4.159177614,-0.143264152
GCATCTCAGACGGAAA-1_1_1,IR,NaiveT,T,1.497723652,6.800511916
GCATCTCAGACTTAAG-1_1_1,IR,Cytotoxic,T,-2.505011009,1.705113728
GCATCTCAGGCTATCT-1_1_1,IR,NaiveT,T,0.536877854,9.027247507
GCATCTCCAACCTATG-1_1_1,IR,NaiveT,T,-1.66259961,6.977130492
GCATCTCCAGACCCGT-1_1_1,IR,gdT,T,9.327278687,-4.214060705
GCATCTCGTACCGGCT-1_1_1,IR,gdT,T,8.110573364,-6.846136015
GCATCTCGTACGCTAT-1_1_1,IR,gdT,T,2.308067633,-3.035949152
GCATGATTCAGTGTCA-1_1_1,IR,gdT,T,9.799790932,-7.301621358
GCATTAGAGGACAGTC-1_1_1,IR,gdT,T,8.635915352,-4.634769838
GCATTAGCAACCTATG-1_1_1,IR,gdT,T,9.922917915,-7.00655071
GCATTAGCACGCTATA-1_1_1,IR,gdT,T,2.127312256,0.042927254
GCATTAGTCCTACGGG-1_1_1,IR,gdT,T,8.777085854,-6.941646974
GCCAACGGTCATACCA-1_1_1,IR,Cytotoxic,T,-3.555857109,1.655560214
GCCAACGGTGAGTTTC-1_1_1,IR,Cytotoxic,T,-1.398256945,-0.216612968
GCCAGCACAACCGTGC-1_1_1,IR,Cytotoxic,T,-4.814382481,1.701475699
GCCAGCAGTGCTCTTC-1_1_1,IR,NaiveT,T,0.844547106,7.42565592
GCCAGGTGTTAAACAG-1_1_1,IR,NKT,T,-5.302165436,-1.121091883
GCCAGGTTCAAAGCCT-1_1_1,IR,gdT,T,9.640129639,-4.321469705
GCCAGTGCACTAGGCC-1_1_1,IR,NKT,T,-4.781680035,-3.748650234
GCCATGGCAACGGGTA-1_1_1,IR,T-DN,T,1.279513908,3.050329049
GCCATTCAGAGGATCC-1_1_1,IR,NaiveT,T,-0.930222796,8.175795634
GCCCAGAAGAGGCTGT-1_1_1,IR,NaiveT,T,2.414193941,8.037612994
GCCCAGAAGCCTTCTC-1_1_1,IR,gdT,T,9.711139275,-7.201166551
GCCCAGAAGGCCTAAG-1_1_1,IR,gdT,T,7.986307693,-6.569191377
GCCCAGAGTCCGGTCA-1_1_1,IR,gdT,T,9.748097015,-7.413193147
GCCCGAAAGTGGTTAA-1_1_1,IR,gdT,T,9.049020363,-5.311863344
GCCCGAACATATAGCC-1_1_1,IR,NKT,T,-4.273454117,-2.980544489
GCCCGAATCCTCATAT-1_1_1,IR,TCM,T,-1.545689868,4.862560351
GCCGATGCACGGTGCT-1_1_1,IR,TCM,T,-1.259113597,5.419227679
GCCTGTTAGATTAGTG-1_1_1,IR,NK,NK,-6.855020927,-4.895568769
GCCTGTTAGTCAGCCC-1_1_1,IR,gdT,T,9.330896927,-7.189336698
GCGAGAACAACGGCCT-1_1_1,IR,gdT,T,8.04763372,-4.269796293
GCGAGAACACACAGCC-1_1_1,IR,NKT,T,-3.974794792,-2.004248183
GCGAGAAGTGCAGATG-1_1_1,IR,gdT,T,8.439729286,-5.818167608
GCGAGAATCAGATGCT-1_1_1,IR,ILC,ILC,7.536263538,1.876449664
GCGATCGAGTGCCAGA-1_1_1,IR,Cytotoxic,T,-1.766419934,-0.586763572
GCGATCGCACATGTTG-1_1_1,IR,NK,NK,-6.891496586,-6.833396833
GCGATCGTCATGGCCG-1_1_1,IR,T-Helper,T,1.32489307,0.661833365
GCGATCGTCGAAGAAT-1_1_1,IR,gdT,T,9.144515587,-4.93140022
GCGGAAAAGGTCACCC-1_1_1,IR,Cytotoxic,T,-0.792658078,-3.752087753
GCGGAAACAGAAGCTG-1_1_1,IR,Treg,T,2.854512526,-0.573882412
GCGGAAACAGGTGACA-1_1_1,IR,Cytotoxic,T,0.413429124,-3.425513666
GCGGAAAGTGTCTTGA-1_1_1,IR,NaiveT,T,-0.934909152,6.575512965
GCGGATCAGGGAGTTC-1_1_1,IR,gdT,T,8.143651081,-5.047790926
GCGGATCGTATCGAGG-1_1_1,IR,T-DN,T,1.23847766,2.962456305
GCGGATCTCGAGCACC-1_1_1,IR,gdT,T,8.345834328,-5.811442297
GCGGATCTCGAGTACT-1_1_1,IR,Cytotoxic,T,0.440252913,-3.732040327
GCGGATCTCTAGTCAG-1_1_1,IR,Treg,T,3.282351805,1.162343819
GCGTGCAGTCTCACAA-1_1_1,IR,gdT,T,8.539046837,-7.341187399
GCGTTTCTCCCTCGAT-1_1_1,IR,NaiveT,T,-1.725544857,6.064873774
GCGTTTCTCTGATGGT-1_1_1,IR,NKT,T,-1.078588532,-1.513477247
GCTACAATCTGGAAGG-1_1_1,IR,NK,NK,-7.004168438,-6.667491357
GCTACCTAGCTAAGTA-1_1_1,IR,Cytotoxic,T,-3.469872879,2.470508177
GCTACCTAGTGATCGG-1_1_1,IR,gdT,T,9.43535955,-5.61415283
GCTACCTTCGATACGT-1_1_1,IR,gdT,T,8.043579651,-5.366115015
GCTCAAAGTTAGGACG-1_1_1,IR,gdT,T,8.439098907,-6.229035299
GCTGAATAGTAACAGT-1_1_1,IR,gdT,T,7.784799648,-6.748704832
GCTGAATTCTTAGCAG-1_1_1,IR,NKT,T,-3.824783253,-3.146756094
GCTGCAGTCTCTATAC-1_1_1,IR,NKT,T,-4.236935543,-2.949690263
GCTGGGTAGAACCGCA-1_1_1,IR,NaiveT,T,0.410774691,6.862563689
GCTGGGTAGATACAGT-1_1_1,IR,T-DN,T,-0.728861796,-1.147152703
GCTGGGTCATCTTTCA-1_1_1,IR,T-DN,T,-3.984484123,-1.796002905
GCTGGGTGTCCACACG-1_1_1,IR,NaiveT,T,1.380509211,6.419859011
GCTGGGTTCGCAACAT-1_1_1,IR,T-Helper,T,1.513637854,1.465382535
GCTGGGTTCGGCTCTT-1_1_1,IR,NaiveT,T,2.280894829,7.910702784
GCTGGGTTCTATACTC-1_1_1,IR,gdT,T,7.779923035,-5.070313852
GCTTCACGTTATAGCC-1_1_1,IR,gdT,T,8.624236656,-5.71414892
GCTTGGGAGGTCACTT-1_1_1,IR,gdT,T,7.912357403,-5.605135362
GCTTGGGCATGCGTGC-1_1_1,IR,Cytotoxic,T,-3.627838062,2.372682173
GCTTGGGGTATCATGC-1_1_1,IR,Treg,T,3.467489077,1.451580245
GCTTGGGTCTAACGGT-1_1_1,IR,NKT,T,-4.437499928,-3.263865631
GCTTTCGAGGAGAGGC-1_1_1,IR,gdT,T,8.970899178,-7.410801332
GCTTTCGTCCCGTGTT-1_1_1,IR,Treg,T,3.297328306,-0.940051417
GGAACCCAGTACAGAT-1_1_1,IR,gdT,T,7.883009506,-5.338042181
GGAACCCAGTGGAAAG-1_1_1,IR,NK,NK,-8.558358597,-6.580978792
GGAACCCTCATCGACA-1_1_1,IR,NK,NK,-5.683049606,-5.763141077
GGAACCCTCGCCACTT-1_1_1,IR,gdT,T,8.286274506,-5.694478433
GGAAGTGGTAAGTTAG-1_1_1,IR,gdT,T,8.665974213,-3.811350505
GGAAGTGGTGACATCT-1_1_1,IR,gdT,T,8.941268517,-5.491572778
GGAAGTGGTGCAATGG-1_1_1,IR,gdT,T,8.173850609,-6.86192457
GGAATCTAGCTGAAGC-1_1_1,IR,gdT,T,9.158699585,-7.500241678
GGAATCTCAATTGAAG-1_1_1,IR,NKT,T,-4.726200031,-3.270428817
GGAATGGAGTTCCTGA-1_1_1,IR,gdT,T,9.254154755,-4.785300176
GGAATGGCAAGAGTAT-1_1_1,IR,NK,NK,-7.461296009,-6.892195623
GGAATGGGTTAGCTAC-1_1_1,IR,Treg,T,3.357301785,1.018556077
GGAATGGTCTGGAGAG-1_1_1,IR,T-Helper,T,1.030721618,-0.28054237
GGAGAACAGAAAGCGA-1_1_1,IR,T-Helper,T,0.680059923,0.481535513
GGAGATGGTAGGACTG-1_1_1,IR,gdT,T,7.829424454,-5.451020639
GGAGCAACAATAGTCC-1_1_1,IR,TCM,T,-1.953331875,4.555482466
GGAGCAATCGACCATA-1_1_1,IR,gdT,T,9.395208908,-6.265333574
GGAGGATTCTTACCGC-1_1_1,IR,NKT,T,-5.32872002,-3.91032974
GGAGGATTCTTTCTAG-1_1_1,IR,T-DN,T,0.41017185,2.555886347
GGAGGTAGTATCGCGC-1_1_1,IR,gdT,T,7.554392887,-6.337231557
GGAGGTATCCTTGACC-1_1_1,IR,NKT,T,-4.099102901,-2.778393905
GGATCTAGTCATAGTC-1_1_1,IR,Treg,T,3.865334583,0.791408617
GGATCTATCACAAGGG-1_1_1,IR,gdT,T,7.779243065,-5.396484296
GGATGTTAGAAGTCCG-1_1_1,IR,T-DN,T,0.240080951,3.24126323
GGATGTTGTAGCTTGT-1_1_1,IR,TCM,T,-1.790581869,4.045018752
GGATGTTGTCGATTAC-1_1_1,IR,Treg,T,1.319560123,2.266391833
GGCACGTAGCTTCATG-1_1_1,IR,T-DN,T,-0.934764432,1.385497768
GGCACGTGTCCGTACG-1_1_1,IR,gdT,T,9.401733948,-7.238258283
GGCACGTGTGACTGTT-1_1_1,IR,gdT,T,7.558714462,-6.404545229
GGCACGTTCATCTCTA-1_1_1,IR,NK,NK,-9.124590324,-8.404904287
GGCACGTTCGCCTAGG-1_1_1,IR,NaiveT,T,1.952437235,8.491346438
GGCACGTTCTGCCTGT-1_1_1,IR,NK,NK,-6.323512005,-6.031397264
GGCAGTCCATCCGTTC-1_1_1,IR,gdT,T,9.944800926,-6.910046499
GGCGTCAAGACATATG-1_1_1,IR,NaiveT,T,2.051842047,8.294801791
GGCGTCACACTACAGT-1_1_1,IR,NaiveT,T,0.154657692,7.545538027
GGCGTCACAGACGATG-1_1_1,IR,NK,NK,-6.85042374,-6.014535825
GGCGTCACATCCGATA-1_1_1,IR,Treg,T,3.40889175,-0.157262981
GGCGTCAGTCATGACT-1_1_1,IR,Cytotoxic,T,-2.086453365,5.135274966
GGCTGTGAGTAGGATT-1_1_1,IR,NKT,T,-4.470595764,-1.766224783
GGCTGTGCAAGACAAT-1_1_1,IR,gdT,T,8.077966286,-4.917542856
GGCTGTGCAATTGCGT-1_1_1,IR,gdT,T,10.00827081,-7.305293005
GGCTGTGGTAATGTGA-1_1_1,IR,Cytotoxic,T,-4.43899052,1.368441422
GGCTGTGGTCACTAGT-1_1_1,IR,Treg,T,3.13779719,1.81290849
GGCTGTGGTTGTCATG-1_1_1,IR,gdT,T,8.162883831,-5.237341802
GGCTTGGAGACGAGCT-1_1_1,IR,gdT,T,7.635810925,-6.005387228
GGCTTGGGTGCAGATG-1_1_1,IR,NK,NK,-8.293462204,-7.005889814
GGCTTTCAGAAATTGC-1_1_1,IR,NK,NK,-1.515340733,-3.996652763
GGCTTTCTCGTGCTCT-1_1_1,IR,T-Helper,T,0.707527412,-4.069666069
GGGAAGTCACCTCAGG-1_1_1,IR,gdT,T,8.304544998,-7.118442934
GGGAAGTTCGATTTCT-1_1_1,IR,gdT,T,8.297349525,-5.304286878
GGGACAAAGAGTCAAT-1_1_1,IR,Cytotoxic,T,-0.761816548,1.591620047
GGGACAACAGTTCACA-1_1_1,IR,NK,NK,-5.134796547,-5.273764532
GGGACCTAGAGGATCC-1_1_1,IR,T-Helper,T,1.151741637,2.122269709
GGGACCTTCGGTGAAG-1_1_1,IR,NKT,T,-3.798644709,-1.95304517
GGGACTCGTGACCTGC-1_1_1,IR,TCM,T,-2.26545565,4.716812212
GGGACTCTCGCCATAA-1_1_1,IR,T-Helper,T,2.727762056,1.789778788
GGGACTCTCTTGTGCC-1_1_1,IR,Cytotoxic,T,-4.775473045,1.574261148
GGGAGTACAGCACACC-1_1_1,IR,NK,NK,-6.456367897,-5.413163583
GGGAGTATCAAGTAAG-1_1_1,IR,T-DN,T,-3.757592606,-1.633567851
GGGATCCAGCCTCTCT-1_1_1,IR,NK,NK,-5.196735786,-4.819121282
GGGATCCCAGAGGCTA-1_1_1,IR,T-Helper,T,1.952036811,3.009610016
GGGATCCTCTCGCCTA-1_1_1,IR,gdT,T,7.987674786,-4.779954355
GGGATGACACAAGCAG-1_1_1,IR,gdT,T,7.869787289,-5.782647054
GGGATGATCCTCGCAT-1_1_1,IR,Cytotoxic,T,-2.40565698,2.008434851
GGGATGATCTAGTGTG-1_1_1,IR,gdT,T,10.03277261,-6.996970575
GGGCCATGTTCCTAGA-1_1_1,IR,gdT,T,8.915589882,-7.149648111
GGGCGTTAGCAGGGAG-1_1_1,IR,Cytotoxic,T,0.198398853,-4.004199665
GGGCTACCAATCTCGA-1_1_1,IR,TCM,T,-1.500750112,4.363094408
GGGCTACCACTAGGTT-1_1_1,IR,NK,NK,-8.06227343,-6.414287489
GGGCTACCAGGCATGA-1_1_1,IR,T-Helper,T,0.913416399,-0.611552994
GGGCTACGTGTATTGC-1_1_1,IR,NK,NK,-8.395126747,-6.960763376
GGGCTCAAGAACTTCC-1_1_1,IR,Cytotoxic,T,-0.865250038,0.11459044
GGGCTCAAGCAAGCCA-1_1_1,IR,NaiveT,T,-0.710558223,8.358411868
GGGCTCATCCACGGGT-1_1_1,IR,NKT,T,-6.102964329,-2.105612199
GGGTAGAGTGTGACCC-1_1_1,IR,NaiveT,T,2.878617121,7.72083338
GGGTAGATCTTGCAGA-1_1_1,IR,Treg,T,3.367018772,-0.343131255
GGGTATTTCTTTGCTA-1_1_1,IR,NK,NK,-2.235423254,-3.304706495
GGGTCACAGGTGGGTT-1_1_1,IR,gdT,T,8.642682625,-7.144751947
GGGTCACCACAAGGTG-1_1_1,IR,NKT,T,-4.821856903,-1.204895895
GGGTCACGTTGGTAGG-1_1_1,IR,NaiveT,T,-1.105856823,6.844298918
GGGTCTGGTTAGTTCG-1_1_1,IR,gdT,T,9.634261681,-4.615148943
GGGTCTGTCGGACCAC-1_1_1,IR,TCM,T,-1.523360061,4.273799021
GGGTGAAAGCCTCACG-1_1_1,IR,T-DN,T,0.28137791,2.611640532
GGGTGAACACCTTCCA-1_1_1,IR,NK,NK,-8.053598808,-7.404079359
GGGTGAAGTAATGATG-1_1_1,IR,gdT,T,9.9573694,-6.018871706
GGGTTATAGTGCTAGG-1_1_1,IR,NaiveT,T,-1.406998204,6.242835123
GGGTTATCAGCGTTGC-1_1_1,IR,TCM,T,0.30486132,5.782756884
GGGTTTAAGCTAGAGC-1_1_1,IR,Cytotoxic,T,-3.315844702,1.202759702
GGGTTTACATTCTCTA-1_1_1,IR,Cytotoxic,T,0.61149965,-3.412760894
GGGTTTATCAAGAGGC-1_1_1,IR,ILC,ILC,8.295394493,1.246987779
GGTAACTAGCACACCC-1_1_1,IR,gdT,T,9.4738899,-6.613063257
GGTAACTAGCATCAGG-1_1_1,IR,NK,NK,-7.041833805,-6.460097234
GGTAACTCACAGGATG-1_1_1,IR,NK,NK,-5.42876141,-4.651330869
GGTAATCCAAACACGG-1_1_1,IR,NK,NK,-1.163519548,-4.95976011
GGTAATCGTTCGTAAC-1_1_1,IR,gdT,T,8.062220169,-6.567477148
GGTAATCTCTTAGCAG-1_1_1,IR,NKT,T,-4.729041027,-2.862525623
GGTAGAGAGATAACGT-1_1_1,IR,gdT,T,9.609992577,-7.32706682
GGTAGAGAGCGTGTCC-1_1_1,IR,NaiveT,T,2.036890341,5.18689688
GGTAGAGAGTACCCTA-1_1_1,IR,NKT,T,-4.786472725,-3.383811395
GGTAGAGCATCGGATT-1_1_1,IR,T-Helper,T,1.337586714,1.429668386
GGTAGAGTCTAGAGCT-1_1_1,IR,NK,NK,-8.173836159,-5.604885023
GGTCACGCAAATGGTA-1_1_1,IR,gdT,T,2.439840866,-3.253110092
GGTCACGTCGAACTCA-1_1_1,IR,NK,NK,-5.915433811,-6.440971773
GGTCTGGGTTCAGGTT-1_1_1,IR,Cytotoxic,T,-3.040472673,0.878704507
GGTGAAGAGCTAGCCC-1_1_1,IR,gdT,T,9.597389771,-5.661592405
GGTGAAGCAATAACCC-1_1_1,IR,gdT,T,8.810122086,-5.606624525
GGTGAAGGTATACCCA-1_1_1,IR,gdT,T,10.16359956,-5.276717107
GGTGAAGTCCGAGCTG-1_1_1,IR,NKT,T,-3.675553965,-1.49096791
GGTGATTCAAGAGTTA-1_1_1,IR,Cytotoxic,T,-3.638930248,1.911423285
GGTGATTTCGGCCTTT-1_1_1,IR,Cytotoxic,T,-2.48680489,1.025457699
GGTGGCTAGAGTCACG-1_1_1,IR,gdT,T,8.933227135,-6.560963552
GGTGGCTAGCCTCACG-1_1_1,IR,T-Helper,T,1.538485838,2.655688841
GGTGGCTTCGAGTCTA-1_1_1,IR,Cytotoxic,T,0.339484392,-2.2585725
GGTGGCTTCTAGCCAA-1_1_1,IR,gdT,T,8.237288071,-6.395586889
GGTGTCGGTAGGATAT-1_1_1,IR,T-Helper,T,0.794468595,-2.752433698
GGTGTCGGTTAAACAG-1_1_1,IR,gdT,T,10.01507623,-5.853590887
GGTGTCGTCCCTGTTG-1_1_1,IR,NKT,T,-3.637730526,-3.495406787
GGTGTTAAGGGATCGT-1_1_1,IR,Cytotoxic,T,-4.136474537,0.850681682
GGTGTTACAGACCGCT-1_1_1,IR,NaiveT,T,-1.054563092,7.006358702
GGTGTTAGTAACTAAG-1_1_1,IR,gdT,T,8.554299904,-5.017413538
GGTTAACGTTCAATCG-1_1_1,IR,gdT,T,9.009098602,-4.682924192
GGTTAACTCCCGTTGT-1_1_1,IR,NK,NK,-6.489199566,-6.407938402
GGTTCTCAGCCTGAGA-1_1_1,IR,Treg,T,3.59746678,1.858084638
GGTTCTCAGTAGGATT-1_1_1,IR,gdT,T,8.093208385,-6.911714475
GGTTCTCCATCTCAAG-1_1_1,IR,NaiveT,T,-0.301298516,7.679772932
GGTTCTCTCTCCATAT-1_1_1,IR,gdT,T,9.498605324,-4.520773332
GGTTGTAAGGCCTAAG-1_1_1,IR,gdT,T,10.1210428,-5.665419977
GGTTGTACACCGTCTT-1_1_1,IR,gdT,T,8.738631798,-5.101356428
GGTTGTACAGAGTTGG-1_1_1,IR,gdT,T,8.498861862,-7.323867242
GGTTGTACATCTTAGG-1_1_1,IR,Cytotoxic,T,-3.046974586,1.219609458
GGTTGTAGTACTCCCT-1_1_1,IR,T-Helper,T,1.89637406,1.042250116
GTAACACCAACTGTGT-1_1_1,IR,gdT,T,7.474540306,-4.984963815
GTAACCATCTGGAGAG-1_1_1,IR,gdT,T,7.609977795,-4.928049009
GTAAGTCCACAGCCTG-1_1_1,IR,T-DN,T,-0.537650393,-1.516092222
GTAAGTCCACCGTGCA-1_1_1,IR,T-DN,T,0.876445664,2.421345074
GTAAGTCTCATTACCT-1_1_1,IR,NaiveT,T,1.809930159,8.678360064
GTAAGTCTCCGCTTAC-1_1_1,IR,Treg,T,4.180600716,0.16263764
GTAATCGGTTTGGGTT-1_1_1,IR,gdT,T,8.172248436,-6.411453645
GTAATGCTCGGAGTAG-1_1_1,IR,gdT,T,7.342924667,-5.249000471
GTACAACCAGAGGTAC-1_1_1,IR,gdT,T,9.483138634,-6.73817436
GTACAGTAGCCGGATA-1_1_1,IR,NK,NK,-7.731124805,-7.801321428
GTACAGTGTGACACGA-1_1_1,IR,NK,NK,-7.766225742,-7.067610662
GTAGAAAAGAGATCGC-1_1_1,IR,T-Helper,T,0.945066584,0.548936088
GTAGAAAAGGGCATGT-1_1_1,IR,NaiveT,T,-1.534749435,7.77594002
GTAGAAAGTAGTATAG-1_1_1,IR,NaiveT,T,2.429248405,7.749445517
GTAGAGGTCCTTATGT-1_1_1,IR,T-Helper,T,0.821281982,0.685365338
GTAGATCCACTAACGT-1_1_1,IR,Cytotoxic,T,-0.643053519,-0.284227859
GTAGGAGGTTATGTGC-1_1_1,IR,gdT,T,9.211074425,-7.189371507
GTAGGTTCAAGAGAGA-1_1_1,IR,T-Helper,T,1.665868474,1.265073974
GTAGGTTGTATGCTTG-1_1_1,IR,NKT,T,-4.953988003,-3.290866535
GTAGGTTTCTCTCGCA-1_1_1,IR,gdT,T,9.106834007,-5.130250375
GTAGTACAGTAAGCAT-1_1_1,IR,gdT,T,8.113926483,-5.617428224
GTAGTACAGTCCTGTA-1_1_1,IR,gdT,T,10.2243448,-5.336771886
GTAGTACCAAGCACAG-1_1_1,IR,NaiveT,T,0.561947806,8.902969439
GTAGTACCATCATTTC-1_1_1,IR,NK,NK,-8.812838005,-6.015242975
GTAGTACTCCCGTTCA-1_1_1,IR,gdT,T,8.387950493,-5.181591432
GTAGTACTCGTAGTCA-1_1_1,IR,Cytotoxic,T,-0.1054789,-4.045416515
GTATTGGGTCCAGCGT-1_1_1,IR,NK,NK,-5.577961849,-6.96158592
GTATTTCGTCATCGCG-1_1_1,IR,Cytotoxic,T,-2.145504402,1.590940316
GTATTTCTCTGACCCT-1_1_1,IR,gdT,T,7.330329014,-5.594843786
GTCAAACAGAGCAAGA-1_1_1,IR,T-Helper,T,1.599001242,-3.25352947
GTCAAACAGCTAAATG-1_1_1,IR,NK,NK,-5.376000332,-7.042551916
GTCAAACCAACTACGT-1_1_1,IR,T-DN,T,1.090175224,2.605670054
GTCAAGTAGCTCCGAC-1_1_1,IR,NK,NK,-7.280692505,-6.924641054
GTCAAGTAGGGAACAA-1_1_1,IR,gdT,T,8.423088623,-7.346335809
GTCAAGTTCATCAGTG-1_1_1,IR,Cytotoxic,T,-2.227485107,1.705290635
GTCAAGTTCATGCAGT-1_1_1,IR,gdT,T,9.204543663,-7.277495306
GTCACGGAGAGCTGAC-1_1_1,IR,NKT,T,-3.962202953,-1.98260967
GTCACGGAGGATATAC-1_1_1,IR,NK,NK,-8.14366095,-6.050578992
GTCACGGGTGACTGTT-1_1_1,IR,NK,NK,-8.927242683,-7.958722036
GTCACGGTCAAGCCTA-1_1_1,IR,Cytotoxic,T,-2.231219934,4.486766894
GTCACGGTCCGCGGAT-1_1_1,IR,T-DN,T,0.521125479,2.784058888
GTCACGGTCTGTCCGT-1_1_1,IR,gdT,T,8.219820572,-5.529400747
GTCACTCAGCAATTAG-1_1_1,IR,gdT,T,9.457546783,-7.559023302
GTCACTCGTACAGTAA-1_1_1,IR,NaiveT,T,-0.432834314,6.380856593
GTCAGCGGTACTAACC-1_1_1,IR,NKT,T,-5.082429813,-2.37494437
GTCATCCTCTCAGTCC-1_1_1,IR,NK,NK,-9.207824158,-7.643929403
GTCATGAAGAAGCGCT-1_1_1,IR,T-Helper,T,1.347477509,-3.18363301
GTCATGACACGTCATA-1_1_1,IR,NK,NK,-6.942170547,-5.322822015
GTCATGAGTCCACTTC-1_1_1,IR,Cytotoxic,T,-4.5466017,1.107015927
GTCATGATCTAACGCA-1_1_1,IR,TCM,T,-1.79950981,5.595859606
GTCATTTCAAATGGCG-1_1_1,IR,gdT,T,8.933567596,-5.765688818
GTCATTTCAAGGCCTC-1_1_1,IR,Cytotoxic,T,-3.659827637,1.871169526
GTCCACTCACCAGCTG-1_1_1,IR,T-DN,T,0.117363205,2.234904368
GTCCACTTCGAGAACG-1_1_1,IR,Cytotoxic,T,-3.546071457,2.683312971
GTCCCATAGCCGTCGT-1_1_1,IR,gdT,T,7.910210205,-6.539674203
GTCCCATCACGAGGAT-1_1_1,IR,gdT,T,8.331677986,-6.461896818
GTCCCATCAGCACAGA-1_1_1,IR,Cytotoxic,T,0.000813974,-1.803420584
GTCCCATGTGGCGCTT-1_1_1,IR,T-Helper,T,1.638924075,-3.069564502
GTCCCATTCTTTGCAT-1_1_1,IR,gdT,T,8.999342514,-5.682407777
GTCCTCACAGCGTAGA-1_1_1,IR,gdT,T,7.796667171,-5.290220659
GTCCTCACATGCCGCA-1_1_1,IR,gdT,T,9.391200615,-6.371170442
GTCGAATAGTCCCGGT-1_1_1,IR,gdT,T,9.53705938,-6.680424612
GTCGAATAGTTAGTAG-1_1_1,IR,NaiveT,T,0.576243205,8.735591967
GTCGAATGTTAAACCC-1_1_1,IR,NK,NK,-0.439153956,-4.276363771
GTCGAATTCCATGCAA-1_1_1,IR,gdT,T,8.926875664,-4.919967096
GTCGCGAAGATTAGAC-1_1_1,IR,gdT,T,9.903251244,-5.809383314
GTCGCGAAGGGACTGT-1_1_1,IR,gdT,T,7.224009586,-5.655280035
GTCGCGAGTCTGCAAT-1_1_1,IR,T-Helper,T,-0.103131013,-1.097676318
GTCGCGATCGATACAC-1_1_1,IR,gdT,T,10.05192525,-5.804941099
GTCGTAATCAATCTCT-1_1_1,IR,T-Helper,T,1.642614676,1.799067218
GTCGTTCCACTCCTGT-1_1_1,IR,NK,NK,-5.113270687,-5.400055807
GTCGTTCCAGTGGCTC-1_1_1,IR,gdT,T,8.875844551,-5.93524782
GTCGTTCGTGAGCAGT-1_1_1,IR,TCM,T,-1.841756033,4.289095957
GTCGTTCGTGTTATCG-1_1_1,IR,NKT,T,-4.548249172,-2.716564815
GTCGTTCTCAACCGAT-1_1_1,IR,NK,NK,-5.158829617,-4.690060537
GTCGTTCTCTTCGATT-1_1_1,IR,gdT,T,8.2647043,-3.813476722
GTCTACCCAACGTAAA-1_1_1,IR,NaiveT,T,-0.259289013,6.946388323
GTCTACCCAAGGGCAT-1_1_1,IR,gdT,T,8.934959961,-4.892790716
GTCTACCCAGTTACCA-1_1_1,IR,TCM,T,-2.777813362,-2.358939092
GTCTAGATCAAGTCGT-1_1_1,IR,T-Helper,T,0.405152259,-0.496789168
GTCTCACAGGATTACA-1_1_1,IR,gdT,T,2.610483719,-3.331373851
GTCTCACGTCCCGGTA-1_1_1,IR,NaiveT,T,-1.786304282,6.325055201
GTCTCACTCAGTAGGG-1_1_1,IR,gdT,T,9.224856926,-5.709937494
GTCTGTCAGAGGGCGA-1_1_1,IR,Cytotoxic,T,0.520147962,-3.400828998
GTCTGTCAGTGAACAT-1_1_1,IR,gdT,T,9.131208969,-3.982884328
GTCTGTCGTTCGGTAT-1_1_1,IR,gdT,T,9.101767136,-5.424648683
GTCTGTCTCCCGGTAG-1_1_1,IR,NK,NK,-5.620435165,-5.845560949
GTCTTTAAGGGCTAAC-1_1_1,IR,T-DN,T,-0.58743559,-1.37550978
GTGACGCAGAAACTGT-1_1_1,IR,Cytotoxic,T,-3.010316538,0.34641691
GTGACGCAGGATATGT-1_1_1,IR,NK,NK,-8.192033218,-7.686710756
GTGACGCCAACTCGAT-1_1_1,IR,gdT,T,7.728068901,-6.045635145
GTGACGCCACAACGTT-1_1_1,IR,T-Helper,T,0.72741176,0.198911149
GTGAGCCAGAGTAACT-1_1_1,IR,gdT,T,8.817971779,-6.025080125
GTGAGCCTCCTTATAC-1_1_1,IR,gdT,T,9.139313293,-5.141696851
GTGAGGACAATTGCCA-1_1_1,IR,gdT,T,9.954141212,-6.869153898
GTGAGGAGTTCTCTAT-1_1_1,IR,Cytotoxic,T,-1.793625521,-0.422607015
GTGAGTTAGCAATTCC-1_1_1,IR,gdT,T,9.190581871,-5.187473219
GTGAGTTCAATCAAGA-1_1_1,IR,gdT,T,7.625608517,-5.258008878
GTGAGTTGTCACCCTT-1_1_1,IR,gdT,T,9.126540733,-7.207782667
GTGAGTTGTTAAGTCC-1_1_1,IR,gdT,T,2.080570174,-2.791128557
GTGATGTAGGCATCAG-1_1_1,IR,Cytotoxic,T,-2.459430145,1.301315505
GTGATGTCAGCGGTCT-1_1_1,IR,T-Helper,T,2.494419647,1.609404523
GTGATGTGTAGTCGGA-1_1_1,IR,NK,NK,-6.020734238,-6.864969175
GTGATGTGTGGGTATG-1_1_1,IR,gdT,T,10.10868032,-6.395569723
GTGCACGAGCGATGAC-1_1_1,IR,gdT,T,9.648730827,-5.80653755
GTGCACGGTACCTATG-1_1_1,IR,T-Helper,T,2.900459839,1.522479613
GTGCACGGTGTGTGGA-1_1_1,IR,NKT,T,-4.923414158,-2.168694418
GTGCACGTCATCTCTA-1_1_1,IR,gdT,T,9.85162027,-7.106670301
GTGCAGCAGCAATAAC-1_1_1,IR,gdT,T,9.720288826,-5.828442018
GTGCAGCTCAGACCCG-1_1_1,IR,gdT,T,2.312607838,0.16685455
GTGCGTGAGTCCGTCG-1_1_1,IR,NaiveT,T,2.006310535,8.714405138
GTGCGTGTCCACCCTA-1_1_1,IR,NK,NK,-6.342072414,-5.921212118
GTGCTGGCACCCTGTT-1_1_1,IR,Cytotoxic,T,0.028895823,1.437672813
GTGCTGGGTCACTGAT-1_1_1,IR,gdT,T,10.13833006,-5.647433679
GTGCTTCCAAGGTCGA-1_1_1,IR,gdT,T,9.543179108,-7.041280668
GTGCTTCCACTGATTG-1_1_1,IR,NK,NK,-5.681058811,-5.224398058
GTGCTTCGTTTGGCTA-1_1_1,IR,gdT,T,8.457903458,-5.006111543
GTGCTTCTCCCGGTAG-1_1_1,IR,gdT,T,1.521779371,-3.152312915
GTGGAGAAGATACATG-1_1_1,IR,T-Helper,T,2.956604792,1.592604835
GTGGAGAGTCGTTGGC-1_1_1,IR,T-Helper,T,1.985464169,2.516593058
GTGGAGATCTATACTC-1_1_1,IR,gdT,T,9.968909813,-7.297770898
GTGGCGTAGGTAACTA-1_1_1,IR,gdT,T,8.237697197,-5.330156725
GTGGCGTGTTGAAGTA-1_1_1,IR,T-Helper,T,0.419489754,0.47272845
GTGGGAAGTGCCCGTA-1_1_1,IR,NK,NK,-6.026703285,-4.105973642
GTGGGAATCAAACGAA-1_1_1,IR,gdT,T,7.562181068,-5.18383209
GTGGGAATCCAAATGC-1_1_1,IR,gdT,T,2.259090019,-2.355806749
GTGGTTAAGATGTTAG-1_1_1,IR,NK,NK,-8.772431778,-6.307468336
GTGTAACGTATCGTAC-1_1_1,IR,NaiveT,T,0.938378705,8.84203728
GTGTAACGTCCAAGAG-1_1_1,IR,gdT,T,9.407320572,-5.424418848
GTGTAACTCTACTGAG-1_1_1,IR,Cytotoxic,T,-2.915295767,2.174668867
GTGTCCTCAACTGCTA-1_1_1,IR,T-Helper,T,2.280731751,1.429256518
GTGTCCTCATGGGCAA-1_1_1,IR,Cytotoxic,T,-0.059548767,-4.144450586
GTGTGATAGTGGAAAG-1_1_1,IR,NaiveT,T,-0.197383331,7.971256335
GTGTGATCAGACATCT-1_1_1,IR,gdT,T,7.996346069,-5.430096071
GTGTGATTCAACTCTT-1_1_1,IR,NaiveT,T,-0.825283932,8.041335184
GTGTGATTCGAATGCT-1_1_1,IR,gdT,T,8.016293121,-5.489503305
GTGTGGCAGGCATGCA-1_1_1,IR,Treg,T,2.565483643,0.701969285
GTGTTAGTCTAACGCA-1_1_1,IR,TCM,T,-0.908087658,1.470064599
GTGTTCCAGGTTACAA-1_1_1,IR,NKT,T,-5.392999577,-2.66539542
GTGTTCCAGTCCCAAT-1_1_1,IR,Cytotoxic,T,-3.141350197,1.185731728
GTGTTCCAGTTCCGGC-1_1_1,IR,NaiveT,T,1.002710296,9.006211359
GTGTTCCTCGGAGCAA-1_1_1,IR,T-Helper,T,0.253649978,2.095290024
GTTACAGTCTGTGCAA-1_1_1,IR,gdT,T,8.103398396,-6.871231954
GTTACCCGTCCTGTCT-1_1_1,IR,gdT,T,8.731050087,-7.331904333
GTTACCCGTCTTTCAT-1_1_1,IR,gdT,T,8.121771885,-5.070969026
GTTACGAGTATTGCCA-1_1_1,IR,Cytotoxic,T,-0.770033466,-0.449495326
GTTACGAGTCCAGCAC-1_1_1,IR,Cytotoxic,T,-0.266534226,-1.351666968
GTTAGACGTCACATTG-1_1_1,IR,Cytotoxic,T,-3.528069662,1.218108137
GTTAGACGTGGTACAG-1_1_1,IR,NKT,T,-4.655227112,-2.88530628
GTTAGTGAGGGTCACA-1_1_1,IR,T-Helper,T,0.089257752,0.213954646
GTTAGTGAGTGAGGCT-1_1_1,IR,NK,NK,-7.02718346,-6.868061941
GTTAGTGGTCACTTAG-1_1_1,IR,NaiveT,T,1.111103011,8.442359049
GTTAGTGTCTGAATCG-1_1_1,IR,NK,NK,-5.680269646,-5.565121572
GTTATGGCATCCTCAC-1_1_1,IR,Cytotoxic,T,-1.217053699,1.990220387
GTTATGGGTGAATGTA-1_1_1,IR,Cytotoxic,T,-0.382790672,3.208484251
GTTCATTGTGGATGAC-1_1_1,IR,NK,NK,-5.317373203,-6.58466522
GTTCATTGTGTGTGTT-1_1_1,IR,NaiveT,T,1.05815555,6.887073595
GTTCATTGTTGTGTAC-1_1_1,IR,gdT,T,8.97409494,-6.781882207
GTTCATTTCGGAATTC-1_1_1,IR,NaiveT,T,-0.647118377,7.307242949
GTTCATTTCTCCGTGT-1_1_1,IR,NK,NK,-6.724777626,-5.880939405
GTTCCGTCACTCTAGA-1_1_1,IR,Treg,T,3.691295696,-0.470607202
GTTCCGTGTGCCAAGA-1_1_1,IR,gdT,T,2.385036541,-3.277528923
GTTCGCTAGGCATCAG-1_1_1,IR,NKT,T,-3.79930179,-3.821820657
GTTCGCTAGGCTTCCG-1_1_1,IR,NK,NK,-1.335264491,-5.139870088
GTTCTATCAACGGCCT-1_1_1,IR,NKT,T,-4.368395256,-2.738452833
GTTCTATGTCTAGGTT-1_1_1,IR,gdT,T,10.06262834,-5.482411306
GTTCTATTCGAAGTGG-1_1_1,IR,Cytotoxic,T,0.514713509,-3.228964727
GTTCTATTCTAGACAC-1_1_1,IR,Cytotoxic,T,-1.755188631,-0.102824161
GTTGAACAGAGTCTTC-1_1_1,IR,gdT,T,9.451362206,-4.957295816
GTTGAACAGCTGGTGA-1_1_1,IR,NK,NK,-5.945909904,-6.79288141
GTTGAACAGGCCTGAA-1_1_1,IR,Cytotoxic,T,-2.599106239,2.119873364
GTTGAACAGTGCCTCG-1_1_1,IR,NaiveT,T,0.353719501,6.984145243
GTTGAACCATCGCTGG-1_1_1,IR,gdT,T,9.259600235,-5.52861778
GTTGAACGTCAGTTTG-1_1_1,IR,NaiveT,T,0.911589457,7.212413866
GTTGAACTCCCACAGG-1_1_1,IR,T-Helper,T,-1.135087418,4.575101931
GTTGAACTCCCGTGAG-1_1_1,IR,NKT,T,-4.539928364,-2.179775398
GTTGCGGTCCGTGCGA-1_1_1,IR,Cytotoxic,T,-0.464281129,-0.796177905
GTTGCGGTCGGTTGTA-1_1_1,IR,gdT,T,7.840020729,-6.499012869
GTTGCTCAGTCTCGTA-1_1_1,IR,NKT,T,-4.910541462,-3.032778185
GTTGCTCCATAGTCGT-1_1_1,IR,Treg,T,2.909178091,2.392285426
GTTGTAGAGATCACCT-1_1_1,IR,gdT,T,8.540164543,-6.837499063
GTTGTAGGTATCACCA-1_1_1,IR,NK,NK,-5.320541786,-5.317382257
GTTGTAGTCTACTGCC-1_1_1,IR,NK,NK,-5.112779545,-5.269448679
GTTGTCCCAATCGCGC-1_1_1,IR,NaiveT,T,2.015610767,6.500431139
GTTGTCCCATTCACCC-1_1_1,IR,T-Helper,T,1.604890061,2.344245751
GTTGTCCGTCACTCGG-1_1_1,IR,T-Helper,T,1.195741249,-0.25086477
GTTGTCCGTTGTCATG-1_1_1,IR,NKT,T,-4.809718536,-2.688218038
GTTGTCCTCATAGACC-1_1_1,IR,gdT,T,9.072162224,-6.850770395
GTTGTCCTCGTGCACG-1_1_1,IR,gdT,T,8.735436989,-4.461334627
GTTGTCCTCTCATAGG-1_1_1,IR,T-Helper,T,1.323393417,-3.179407995
GTTGTGATCCACACAA-1_1_1,IR,NaiveT,T,0.411105556,7.44110306
GTTGTGATCGTCCTTG-1_1_1,IR,Cytotoxic,T,-2.600610184,0.466786463
GTTTACTCATCATCCC-1_1_1,IR,T-Helper,T,0.935418738,0.358134378
GTTTACTGTCTAGGTT-1_1_1,IR,gdT,T,8.987798286,-7.276358526
GTTTACTGTCTGATCA-1_1_1,IR,NKT,T,-3.02220528,-2.35590617
GTTTACTGTGTCCAAT-1_1_1,IR,Treg,T,3.730705811,0.521668692
GTTTGGAAGACAACTA-1_1_1,IR,NK,NK,-8.297337936,-7.169851701
GTTTGGAAGCATTTCG-1_1_1,IR,NaiveT,T,-0.063215213,6.341746886
GTTTGGACAATGCAGG-1_1_1,IR,gdT,T,9.485942436,-6.033933084
TAACACGAGCAGTCTT-1_1_1,IR,NaiveT,T,-0.708452391,6.864409525
TAACACGAGGTGGCTA-1_1_1,IR,NK,NK,-6.726694035,-7.388119142
TAACACGCACGTGAGA-1_1_1,IR,NK,NK,-5.987413811,-5.77958576
TAACACGCAGAATGTA-1_1_1,IR,gdT,T,9.037515236,-3.910967033
TAACACGTCTGCTAGA-1_1_1,IR,gdT,T,7.922964645,-6.127421777
TAACCAGAGCTGACAG-1_1_1,IR,NaiveT,T,0.717276288,9.265317042
TAACCAGTCAAAGAAC-1_1_1,IR,Cytotoxic,T,-4.284741329,1.711741049
TAACCAGTCTAGACCA-1_1_1,IR,NKT,T,-3.982397961,-3.236873548
TAACGACAGGTAAGAG-1_1_1,IR,gdT,T,2.079484058,-3.18646137
TAACGACCAAACTCGT-1_1_1,IR,NKT,T,-4.511991905,-2.168850343
TAACGACCACCAGCTG-1_1_1,IR,T-DN,T,0.72295667,-3.964021604
TAACGACTCAAAGAAC-1_1_1,IR,Cytotoxic,T,0.377075134,-3.554820221
TAACGACTCAGCTGAT-1_1_1,IR,Treg,T,3.31775911,2.495839674
TAACGACTCGTTCAGA-1_1_1,IR,gdT,T,10.21411665,-6.123264234
TAACTTCAGCTCTGTA-1_1_1,IR,NaiveT,T,1.806847526,6.740619261
TAACTTCAGGGTTGCA-1_1_1,IR,NaiveT,T,0.247612974,7.333893855
TAACTTCCATTGACAC-1_1_1,IR,gdT,T,9.86252935,-4.885792654
TAACTTCTCGTAGCTA-1_1_1,IR,gdT,T,8.887525154,-4.636307161
TAAGCACTCGGAACTT-1_1_1,IR,NKT,T,-4.375925945,-3.125314634
TAAGCACTCTGAACGT-1_1_1,IR,gdT,T,8.524650169,-5.502116602
TAAGCCAAGCATACTC-1_1_1,IR,NK,NK,-9.098969864,-6.842229765
TAAGCCAAGTTGTACC-1_1_1,IR,NaiveT,T,1.197582437,8.169405062
TAAGCGTCAGTTGAAA-1_1_1,IR,gdT,T,7.75622995,-5.328807752
TAAGCGTGTCCCTAAA-1_1_1,IR,gdT,T,9.899221016,-7.167496126
TAAGTCGAGAACGCGT-1_1_1,IR,Cytotoxic,T,-0.033461275,-3.162554901
TAAGTCGCAGAGTGAC-1_1_1,IR,gdT,T,6.86752422,-5.416197698
TAAGTCGTCCGAACGC-1_1_1,IR,gdT,T,2.155449463,-2.531638305
TAATTCCCACCCAATA-1_1_1,IR,NKT,T,-3.936099934,-2.366845768
TAATTCCCAGCGGTCT-1_1_1,IR,gdT,T,8.827008797,-4.747106474
TAATTCCGTATCACGT-1_1_1,IR,gdT,T,8.331806732,-4.420918386
TAATTCCGTCTCGACG-1_1_1,IR,gdT,T,2.464704348,-3.376177232
TACAACGCATAATCGC-1_1_1,IR,NaiveT,T,-0.897768067,6.011210043
TACAACGCATTAAGCC-1_1_1,IR,T-Helper,T,-1.217852997,-0.400376659
TACACCCCAATAACGA-1_1_1,IR,T-Helper,T,2.627408339,2.189199765
TACACCCCACTCGATA-1_1_1,IR,Cytotoxic,T,-4.611160683,1.91223963
TACACCCGTACGACAG-1_1_1,IR,T-Helper,T,0.279120883,1.173936803
TACAGGTTCCGTAGTA-1_1_1,IR,T-Helper,T,0.607362432,-0.885923903
TACATTCCAATTTCTC-1_1_1,IR,NaiveT,T,2.216333939,7.378233035
TACATTCCAGCTCATA-1_1_1,IR,NKT,T,-5.224545406,-4.144176881
TACATTCGTCCACACG-1_1_1,IR,NKT,T,-3.808355497,-3.867318313
TACATTCGTTTCGACA-1_1_1,IR,T-Helper,T,2.559102131,2.774907668
TACATTCTCTAGCCAA-1_1_1,IR,gdT,T,8.488508774,-5.207671087
TACCCACCACTCTGCT-1_1_1,IR,NKT,T,-4.162022041,-2.470409792
TACCCACTCTTTCCAA-1_1_1,IR,gdT,T,8.96952684,-6.917400758
TACCGAAAGGTCACTT-1_1_1,IR,NK,NK,-8.953922676,-8.573156278
TACCGAACAAGCAGGT-1_1_1,IR,gdT,T,8.132858349,-6.553709905
TACCGAACACTCTAGA-1_1_1,IR,T-Helper,T,1.096534027,2.173797924
TACCGAATCACTACGA-1_1_1,IR,gdT,T,8.078943802,-4.788167875
TACCGGGAGATGAAGG-1_1_1,IR,Cytotoxic,T,-3.706116842,1.08152612
TACCGGGAGTCCGCGT-1_1_1,IR,gdT,T,9.259466721,-7.361396234
TACCGGGGTTGTGTTG-1_1_1,IR,gdT,T,9.865208221,-7.547963541
TACCGGGTCCAGTACA-1_1_1,IR,gdT,T,9.1005121,-4.856069009
TACCTCGAGCCATTGT-1_1_1,IR,Cytotoxic,T,-2.08236091,0.405293901
TACCTGCTCTTCCTAA-1_1_1,IR,gdT,T,9.534665657,-4.31625263
TACGCTCAGGAGACCT-1_1_1,IR,NK,NK,-6.92192881,-6.141059797
TACGCTCGTACCGTCG-1_1_1,IR,T-Helper,T,0.774472607,-1.444458644
TACGCTCGTCCACATA-1_1_1,IR,gdT,T,8.744846893,-4.755237978
TACGCTCGTTAAACCC-1_1_1,IR,NaiveT,T,0.884609951,9.034157832
TACGCTCTCCTCTAAT-1_1_1,IR,Cytotoxic,T,-1.650136398,2.294398625
TACGCTCTCGTCGCTT-1_1_1,IR,gdT,T,9.311013771,-7.250564973
TACGGGCAGAGAGGTA-1_1_1,IR,gdT,T,9.85092218,-7.56568567
TACGGGCAGTTACGGG-1_1_1,IR,NaiveT,T,0.734653903,6.741871912
TACGGGCCATCCTATT-1_1_1,IR,gdT,T,9.876324249,-5.886624258
TACGGGCGTGCAGGAT-1_1_1,IR,gdT,T,2.339250399,0.042703379
TACGGTAAGGCGATAC-1_1_1,IR,gdT,T,8.689158989,-5.620387952
TACGGTACAGCATACT-1_1_1,IR,gdT,T,8.999618126,-5.336666029
TACGGTACATTCTCTA-1_1_1,IR,Cytotoxic,T,-3.442546057,0.865319211
TACGTCCAGTAGCAAT-1_1_1,IR,Cytotoxic,T,-3.048963474,1.554643948
TACGTCCCAGTTAGGG-1_1_1,IR,ILC,ILC,8.414218498,1.420692403
TACGTCCGTAAGTAGT-1_1_1,IR,NK,NK,-8.23046534,-5.292969148
TACGTCCTCAAGCTGT-1_1_1,IR,Cytotoxic,T,-1.903803514,0.550005455
TACTGCCAGGTAGCAC-1_1_1,IR,gdT,T,8.815258575,-4.809688966
TACTGCCAGGTTGACG-1_1_1,IR,NKT,T,-4.477381157,-2.748066108
TACTGCCGTCCTGGTG-1_1_1,IR,Treg,T,2.566334559,0.829254587
TACTGCCTCAGACTGT-1_1_1,IR,gdT,T,7.488108707,-4.611401003
TACTTACAGGGCTTCC-1_1_1,IR,Cytotoxic,T,-0.228338437,-0.280309867
TACTTACGTACCTTCC-1_1_1,IR,NK,NK,-9.224352287,-8.299859922
TACTTACGTAGTGGCA-1_1_1,IR,NK,NK,-7.592500614,-7.682969968
TACTTACGTGTTACTG-1_1_1,IR,Cytotoxic,T,-3.283790277,2.290157874
TACTTCAAGATTTGCC-1_1_1,IR,NK,NK,-8.730109619,-6.800231378
TACTTCAAGTCTCTGA-1_1_1,IR,Treg,T,2.703221632,-1.630663912
TACTTCACACTACGGC-1_1_1,IR,NK,NK,-0.627021896,-4.759189527
TACTTCACAGCAATTC-1_1_1,IR,NKT,T,-4.0451483,-4.166047971
TACTTCATCTCGGTCT-1_1_1,IR,gdT,T,8.96151693,-4.644133966
TACTTGTTCGGCATTA-1_1_1,IR,T-Helper,T,0.528244329,-0.027974527
TAGACCACAGATTCGT-1_1_1,IR,Treg,T,2.036544038,1.722153504
TAGACCACATCGAGCC-1_1_1,IR,gdT,T,2.199574781,-2.538254659
TAGACCAGTCTTGAGT-1_1_1,IR,Cytotoxic,T,-2.634315895,1.920098622
TAGACCAGTTGTCCCT-1_1_1,IR,gdT,T,9.710215164,-6.500552099
TAGACCATCTTCGACC-1_1_1,IR,Treg,T,3.97879727,-0.324431162
TAGACTGTCGTTACCC-1_1_1,IR,NK,NK,-7.595624851,-5.386802118
TAGAGTCTCCACCTGT-1_1_1,IR,NK,NK,-6.808148788,-6.365609567
TAGATCGAGGGCAAGG-1_1_1,IR,T-Helper,T,1.80426128,0.131306369
TAGATCGTCACCATGA-1_1_1,IR,Cytotoxic,T,-2.162804293,-0.034529548
TAGCACAGTCGTTTCC-1_1_1,IR,NKT,T,-5.753593372,-3.769182603
TAGGAGGAGCCATTTG-1_1_1,IR,Cytotoxic,T,-0.110488104,-4.251491468
TAGGAGGCACCCAATA-1_1_1,IR,Cytotoxic,T,0.732791973,-3.959741037
TAGGAGGCATAATCCG-1_1_1,IR,NaiveT,T,1.244047833,6.489767153
TAGGAGGGTGTCCATA-1_1_1,IR,NK,NK,-5.23407309,-5.136145513
TAGGAGGTCTACCCAC-1_1_1,IR,gdT,T,8.198563171,-6.715298574
TAGGGTTTCTCAACCC-1_1_1,IR,NK,NK,-5.20638554,-5.672410886
TAGGTACGTCACTTCC-1_1_1,IR,gdT,T,8.837188316,-6.860091608
TAGGTTGTCCGATCTC-1_1_1,IR,NKT,T,-3.874973701,-2.57138006
TAGTGCAAGCGTCTGC-1_1_1,IR,TCM,T,-1.87045257,4.697467883
TAGTGCAGTCCGCAGT-1_1_1,IR,Treg,T,3.552151037,-0.863731127
TAGTGCAGTGGTCCGT-1_1_1,IR,gdT,T,10.06362684,-6.184136789
TATACCTCACCCTAGG-1_1_1,IR,T-Helper,T,0.291980086,1.385841567
TATACCTCACGGGCTT-1_1_1,IR,NaiveT,T,1.631738735,7.214843352
TATACCTGTCCAGCCA-1_1_1,IR,gdT,T,2.324699236,-3.375982921
TATATCCAGCAAGGAA-1_1_1,IR,NK,NK,-6.044508385,-5.754987161
TATATCCTCGTCACCT-1_1_1,IR,gdT,T,10.23978479,-5.533402364
TATCAGGAGCTAGAGC-1_1_1,IR,gdT,T,9.807976318,-5.607559126
TATCAGGCAGATCCTA-1_1_1,IR,gdT,T,7.990490032,-4.534053724
TATCCTAAGTTTGGCT-1_1_1,IR,NaiveT,T,1.806890918,6.246773322
TATCCTAGTGCAACGA-1_1_1,IR,gdT,T,7.634274555,-5.92594425
TATCCTATCACGGAGA-1_1_1,IR,NaiveT,T,0.833559943,5.951380331
TATCTGTAGCGTCTCG-1_1_1,IR,NaiveT,T,-1.952632116,6.674940188
TATCTGTAGTCCCTAA-1_1_1,IR,NK,NK,-7.988699364,-8.343295019
TATCTGTGTTAGTCGT-1_1_1,IR,T-Helper,T,1.390613271,0.921399076
TATCTTGAGACTGAGC-1_1_1,IR,gdT,T,8.01514156,-6.897556226
TATCTTGAGGCCGCTT-1_1_1,IR,gdT,T,10.29044588,-5.40203325
TATCTTGAGTCGAGGT-1_1_1,IR,NK,NK,-4.206960129,-3.813212316
TATCTTGCAGAGTGTG-1_1_1,IR,T-DN,T,0.674163772,2.838158686
TATCTTGCATGGCCAC-1_1_1,IR,NKT,T,-4.198512482,-2.927873056
TATCTTGGTCCAGGTC-1_1_1,IR,ILC,ILC,8.239459587,1.585093338
TATGTTCGTTGCCATA-1_1_1,IR,NK,NK,-5.226370739,-4.826945226
TATTCCAAGCCACCGT-1_1_1,IR,gdT,T,7.62435968,-5.581063669
TATTCCACATAGAAAC-1_1_1,IR,NaiveT,T,0.265167137,7.586244185
TATTCCATCATCCCGT-1_1_1,IR,gdT,T,8.04120071,-4.044272821
TATTGCTTCGGTCGAC-1_1_1,IR,NK,NK,-4.877612995,-4.750588338
TATTGGGAGCTGCCAC-1_1_1,IR,T-Helper,T,0.889154626,-3.704922836
TATTGGGGTATCAGGG-1_1_1,IR,NKT,T,-2.544357466,-2.380368154
TATTGGGGTGGAGGTT-1_1_1,IR,gdT,T,7.546895576,-4.723204534
TATTTCGAGCGCCTTG-1_1_1,IR,NKT,T,-4.143039154,-2.18386833
TATTTCGTCTTGGGCG-1_1_1,IR,ILC,ILC,8.411162926,1.556156714
TCAAGACAGAACCCGA-1_1_1,IR,gdT,T,8.794156624,-4.854228418
TCAAGACAGCCTGTGC-1_1_1,IR,T-Helper,T,0.951124979,1.19104572
TCAAGACCACTTTAGG-1_1_1,IR,NaiveT,T,0.986096633,6.273350317
TCAAGACCAGAGAATT-1_1_1,IR,gdT,T,3.061236931,0.732699771
TCAAGACGTTCGAACT-1_1_1,IR,NaiveT,T,-0.50882511,7.802796442
TCAAGCAAGCCGGATA-1_1_1,IR,TCM,T,-2.326732801,5.029870112
TCAAGCAAGCGTGAGT-1_1_1,IR,TCM,T,-1.406369852,3.691174109
TCAAGCAAGGCCCAAA-1_1_1,IR,NK,NK,-1.089358853,-4.110642831
TCAAGCACACAGTCCG-1_1_1,IR,Cytotoxic,T,-4.15232365,1.968207676
TCAAGCAGTCGATTTG-1_1_1,IR,NK,NK,-0.53732674,-4.432124536
TCAAGTGAGAATCGCG-1_1_1,IR,NKT,T,-4.693737434,-2.856295984
TCAAGTGAGTTGGAAT-1_1_1,IR,NK,NK,-7.636488842,-6.900819223
TCAAGTGGTAACGATA-1_1_1,IR,ILC,ILC,7.826656891,2.039836485
TCAAGTGTCGCTAGCG-1_1_1,IR,Cytotoxic,T,-3.987200665,0.765402098
TCAATCTAGAAGGCTC-1_1_1,IR,NaiveT,T,1.315679742,8.135348399
TCAATCTCAATTCTCT-1_1_1,IR,T-Helper,T,2.581013275,1.662228782
TCAATCTGTGGAATGC-1_1_1,IR,gdT,T,8.77470739,-4.573229711
TCAATTCAGGGAACAA-1_1_1,IR,gdT,T,7.76899345,-4.873260419
TCAATTCCACAGCTTA-1_1_1,IR,gdT,T,8.603589607,-6.140892904
TCAATTCCAGCAGTGA-1_1_1,IR,NK,NK,-5.648852276,-5.408680837
TCAATTCGTCGGCTAC-1_1_1,IR,gdT,T,8.303820206,-6.884565752
TCAATTCGTGGTCCGT-1_1_1,IR,NK,NK,-6.583643841,-5.867237012
TCACAAGAGACGCAGT-1_1_1,IR,gdT,T,9.857688499,-6.464653413
TCACAAGAGGTTCACT-1_1_1,IR,gdT,T,10.36704881,-5.44863693
TCACAAGCACGGCTAC-1_1_1,IR,T-Helper,T,1.227713896,0.503388364
TCACAAGGTGACGTCC-1_1_1,IR,Cytotoxic,T,-4.067731785,1.51757427
TCACACCAGAACGTGC-1_1_1,IR,T-Helper,T,2.363440348,2.876415331
TCACATTAGTGGCAGT-1_1_1,IR,gdT,T,9.162856651,-4.256914537
TCACATTCAAATGGTA-1_1_1,IR,gdT,T,10.19162233,-5.372598569
TCACATTCAGCAGTTT-1_1_1,IR,T-Helper,T,2.556258274,2.020303805
TCACGCTAGTACGTCT-1_1_1,IR,NK,NK,-7.050719189,-6.971635263
TCACGCTGTGCTTCAA-1_1_1,IR,NK,NK,-9.101334976,-7.588734071
TCACGCTTCCACGTCT-1_1_1,IR,gdT,T,9.777299477,-4.923891466
TCACTATAGATTGGGC-1_1_1,IR,NaiveT,T,0.008288441,8.895150263
TCACTATGTGTTACTG-1_1_1,IR,T-Helper,T,2.591991259,2.127370436
TCACTATTCCAACACA-1_1_1,IR,NK,NK,-6.588713097,-5.742905538
TCACTCGTCGGCACTG-1_1_1,IR,gdT,T,9.700244499,-4.700148981
TCAGCAACAGACCCGT-1_1_1,IR,NK,NK,-5.237229275,-6.645442884
TCAGCAAGTGATGTAA-1_1_1,IR,NKT,T,-4.678219246,-3.017841976
TCAGCAAGTGTATCCA-1_1_1,IR,NKT,T,-4.398533272,-4.222929876
TCAGGGCGTAGGAGTC-1_1_1,IR,Cytotoxic,T,-3.362089323,0.36819749
TCAGGTAGTGGGCTCT-1_1_1,IR,NaiveT,T,-0.178524124,7.369284708
TCAGGTATCCTACAAG-1_1_1,IR,gdT,T,9.494268013,-6.800965231
TCAGGTATCGATTTCT-1_1_1,IR,NKT,T,-3.792198824,-1.561138313
TCAGTCCGTATTGGCT-1_1_1,IR,gdT,T,2.827980352,0.458779056
TCAGTCCTCACTTGTT-1_1_1,IR,gdT,T,9.887776924,-7.072020452
TCAGTGAAGTTGGAAT-1_1_1,IR,gdT,T,9.532088829,-6.290191572
TCAGTTTCAAACACGG-1_1_1,IR,gdT,T,9.485630585,-5.669272344
TCATACTAGCAGCGAT-1_1_1,IR,T-Helper,T,-0.461601662,1.152646263
TCATACTAGTGCACAG-1_1_1,IR,T-DN,T,0.075022129,1.330221732
TCATACTGTGTAGGAC-1_1_1,IR,NK,NK,9.008516861,-5.836945932
TCATATCAGAATTTGG-1_1_1,IR,NK,NK,-7.380364346,-7.017579
TCATATCAGTGCCGAA-1_1_1,IR,gdT,T,8.413557602,-5.418865125
TCATATCCAATCGCGC-1_1_1,IR,NK,NK,-5.633370327,-4.775834005
TCATATCGTTGGGTAG-1_1_1,IR,Cytotoxic,T,-3.007949757,1.21262284
TCATATCTCGAACGGA-1_1_1,IR,T-DN,T,-0.030854779,2.569005806
TCATCATCATGAATAG-1_1_1,IR,gdT,T,9.792426659,-5.388478201
TCATGAGGTTCAATCG-1_1_1,IR,Treg,T,3.421645714,0.639059443
TCATGAGTCCAACTAG-1_1_1,IR,gdT,T,8.858151032,-4.941603105
TCATGCCAGGAAAGAC-1_1_1,IR,gdT,T,9.589154793,-4.986006181
TCATGCCCATGACACT-1_1_1,IR,NaiveT,T,-1.295741843,6.789687712
TCATGCCGTAACAGGC-1_1_1,IR,Cytotoxic,T,-0.977104353,0.07012922
TCATGCCGTCCAGAAG-1_1_1,IR,gdT,T,9.309326721,-5.189729612
TCATGCCTCACTGAAC-1_1_1,IR,gdT,T,7.874254776,-6.835408609
TCATGGAAGATGTTAG-1_1_1,IR,NK,NK,-7.66044371,-5.31855623
TCATGTTAGCTGTGCC-1_1_1,IR,NKT,T,-3.381985353,-2.311942976
TCATGTTGTGAGGATC-1_1_1,IR,NKT,T,-5.018730091,-2.956901472
TCATGTTGTGAGTGAC-1_1_1,IR,NKT,T,-4.955479549,-1.529948514
TCATGTTGTGTGCTTA-1_1_1,IR,NK,NK,-8.615490364,-8.425044935
TCATTACAGCAATAGT-1_1_1,IR,gdT,T,9.994928909,-5.048686903
TCATTACCACATATGC-1_1_1,IR,Cytotoxic,T,-4.469475197,2.204092343
TCATTACTCCGTGGTG-1_1_1,IR,gdT,T,9.929239822,-7.389974992
TCATTGTAGGAACGAA-1_1_1,IR,gdT,T,7.282691074,-5.547128599
TCATTGTCACTCTAGA-1_1_1,IR,NaiveT,T,-1.620138453,6.958952029
TCATTGTGTATGAAGT-1_1_1,IR,Cytotoxic,T,-1.426339435,-0.067935776
TCATTGTGTATGTCAC-1_1_1,IR,gdT,T,7.982750965,-5.089223306
TCATTTGCAGTCAGTT-1_1_1,IR,NK,NK,-6.853149818,-5.897851389
TCCACCAAGCTATCCA-1_1_1,IR,NK,NK,-5.151080059,-6.693475645
TCCACGTAGAATTGCA-1_1_1,IR,T-Helper,T,-0.504705655,1.108628828
TCCACGTTCTCTCTAA-1_1_1,IR,Cytotoxic,T,-4.435227798,0.836710949
TCCAGAAGTGTAGCAG-1_1_1,IR,NaiveT,T,0.015936164,7.80988558
TCCAGAATCCACAGGC-1_1_1,IR,NK,NK,-6.440154957,-5.665841024
TCCATCGAGCGCCGTT-1_1_1,IR,NK,NK,-6.8800606,-5.668243806
TCCATGCAGGATATAC-1_1_1,IR,gdT,T,9.23720224,-4.92931072
TCCATGCGTGATCATC-1_1_1,IR,gdT,T,9.124900414,-4.670690935
TCCATGCGTGGATCAG-1_1_1,IR,ILC,ILC,8.681533409,1.582325895
TCCCACACAATGGCCC-1_1_1,IR,gdT,T,8.762699677,-5.421660822
TCCCACACAGTTGTTG-1_1_1,IR,Cytotoxic,T,-2.690533089,2.51101764
TCCCACAGTAACGATA-1_1_1,IR,gdT,T,8.601511551,-5.984368723
TCCCACATCGCATTAG-1_1_1,IR,Cytotoxic,T,-3.797509121,1.582079847
TCCCATGAGGTTACCT-1_1_1,IR,gdT,T,10.32428415,-5.088609617
TCCCATGGTGAGTAGC-1_1_1,IR,NK,NK,-6.745335506,-5.951548975
TCCGAAACAGGACAGT-1_1_1,IR,Cytotoxic,T,-1.400674986,0.570835013
TCCGAAAGTAGAGACC-1_1_1,IR,T-Helper,T,1.369685961,-3.176881473
TCCGAAAGTGTGTCGC-1_1_1,IR,NK,NK,-9.373250412,-7.951939504
TCCGATCGTAACGTTC-1_1_1,IR,T-Helper,T,2.079030467,1.13518389
TCCGATCTCGTACCTC-1_1_1,IR,T-DN,T,0.720453216,1.714289744
TCCGGGACAGTATTCG-1_1_1,IR,NK,NK,-1.027569221,-5.044311922
TCCGGGACAGTCAGAG-1_1_1,IR,T-Helper,T,1.815014196,1.038749535
TCCGGGACAGTCTTCC-1_1_1,IR,gdT,T,9.173748566,-5.66938154
TCCGTGTCACGGGCTT-1_1_1,IR,gdT,T,8.780891968,-5.483184736
TCCGTGTTCACCTTAT-1_1_1,IR,NKT,T,-3.238897013,-2.686671655
TCCGTGTTCACTGAAC-1_1_1,IR,Cytotoxic,T,-2.425978827,1.24685045
TCCGTGTTCGCACGGT-1_1_1,IR,Cytotoxic,T,0.035546971,-4.002923172
TCCTAATCACTCGATA-1_1_1,IR,gdT,T,9.905088974,-7.237564485
TCCTAATGTCTTACTT-1_1_1,IR,gdT,T,9.977999283,-6.968064706
TCCTAATGTTCCTACC-1_1_1,IR,Cytotoxic,T,-2.749090837,1.799941142
TCCTCCCAGAAACTGT-1_1_1,IR,gdT,T,8.555307938,-3.920595329
TCCTCCCCAACTGCTA-1_1_1,IR,NKT,T,-5.342915462,-2.611890237
TCCTCCCGTCCCGTGA-1_1_1,IR,T-Helper,T,2.736164642,2.13234504
TCCTCCCGTGTGACCC-1_1_1,IR,NaiveT,T,0.912116302,6.169735987
TCCTCCCGTTCTTCAT-1_1_1,IR,Cytotoxic,T,-1.850329803,0.305254925
TCCTCCCGTTGTGCCG-1_1_1,IR,T-Helper,T,1.870932413,0.359776307
TCCTCGAGTTGCTTGA-1_1_1,IR,T-Helper,T,1.315703584,1.062347491
TCCTCGATCATTATCC-1_1_1,IR,T-DN,T,-0.280311244,2.757819493
TCCTCTTCACACGGAA-1_1_1,IR,ILC,ILC,9.394415451,2.73120888
TCCTCTTCAGCTGAGA-1_1_1,IR,gdT,T,8.486956192,-4.9142255
TCCTCTTTCTGCCCTA-1_1_1,IR,gdT,T,9.863854958,-6.084505003
TCCTGCATCGGACAAG-1_1_1,IR,NK,NK,-6.168819832,-3.877118509
TCCTTCTGTGATGGCA-1_1_1,IR,NK,NK,-5.041395592,-4.731298845
TCCTTCTGTGTGAATA-1_1_1,IR,T-Helper,T,1.440975381,2.72579344
TCCTTCTGTTCAAGTC-1_1_1,IR,NK,NK,-5.201260017,-4.116608541
TCCTTCTTCCCGAATA-1_1_1,IR,ILC,ILC,9.10114534,2.139151175
TCCTTCTTCGAGTCTA-1_1_1,IR,NaiveT,T,1.58858831,6.404591639
TCCTTTCGTGCACAAG-1_1_1,IR,gdT,T,8.552226616,-6.45441572
TCGAACAAGCTTAGTC-1_1_1,IR,Cytotoxic,T,-3.73335998,1.943440754
TCGAACAGTGATGAAT-1_1_1,IR,Cytotoxic,T,-3.438781189,1.709041316
TCGAACATCGTCTACC-1_1_1,IR,NK,NK,-6.921708988,-6.80919544
TCGAAGTCAGGCTCTG-1_1_1,IR,gdT,T,10.26634557,-5.09059612
TCGAAGTCAGGTTTAC-1_1_1,IR,NK,NK,-4.906792091,-4.885973375
TCGACCTAGCCGGATA-1_1_1,IR,NKT,T,-5.217562603,-2.243759315
TCGACCTTCTGGAGAG-1_1_1,IR,gdT,T,8.965942932,-5.272080343
TCGACGGCAAACCGGA-1_1_1,IR,gdT,T,8.018500877,-3.898267667
TCGACGGGTCCCGCAA-1_1_1,IR,Cytotoxic,T,-3.861267971,-0.810829263
TCGATTTGTAAGATCA-1_1_1,IR,T-Helper,T,0.856041564,-3.40432946
TCGATTTGTACTGCGC-1_1_1,IR,gdT,T,7.640082432,-4.38841049
TCGCACTAGCCTCATA-1_1_1,IR,NaiveT,T,1.183365537,6.434650977
TCGCACTCAATTGAAG-1_1_1,IR,Cytotoxic,T,-4.632660793,0.445257802
TCGCACTGTGCCTATA-1_1_1,IR,NKT,T,-3.944337772,-2.199533384
TCGCACTGTTGTCAGT-1_1_1,IR,gdT,T,8.229619576,-4.157952707
TCGCACTTCGACGATT-1_1_1,IR,gdT,T,8.556387497,-4.784718435
TCGCAGGCATACTTTC-1_1_1,IR,Cytotoxic,T,-4.529873775,0.645791311
TCGCAGGGTCGCAGTC-1_1_1,IR,NK,NK,-9.215902733,-7.58944885
TCGCAGGTCCCGTTGT-1_1_1,IR,gdT,T,9.059947563,-6.955923479
TCGCTCAAGCGAAACC-1_1_1,IR,gdT,T,8.732301308,-4.970847528
TCGCTCACAAGACGAC-1_1_1,IR,gdT,T,7.738382412,-5.458046835
TCGCTCACATGGAATA-1_1_1,IR,NKT,T,-5.301522182,-6.699364107
TCGCTTGCATACACCA-1_1_1,IR,gdT,T,8.060214115,-4.943480413
TCGGATACAATAGTGA-1_1_1,IR,TCM,T,-1.611561107,5.548138697
TCGGGCACAATTGCGT-1_1_1,IR,NK,NK,-5.66873877,-6.77344219
TCGGGCACACCGTACG-1_1_1,IR,gdT,T,9.140073372,-5.774220388
TCGGGTGAGAGAGGGC-1_1_1,IR,NaiveT,T,-1.715733932,7.08610018
TCGGGTGGTCTTTCTA-1_1_1,IR,NK,NK,-9.019015717,-7.809259813
TCGGGTGTCAGGGTAG-1_1_1,IR,Cytotoxic,T,-4.521153854,1.561737616
TCGGGTGTCCTTCTGG-1_1_1,IR,gdT,T,3.041949106,0.689865549
TCGGTCTGTCACTCAA-1_1_1,IR,gdT,T,10.31418951,-5.806140821
TCGGTCTTCGGTCGGT-1_1_1,IR,gdT,T,8.834294868,-6.641154688
TCGTAGAAGGTAGCAC-1_1_1,IR,T-Helper,T,2.931107355,1.418091972
TCGTAGACAGGAGACT-1_1_1,IR,gdT,T,10.19434221,-5.025606554
TCGTCCAAGGTTCCGC-1_1_1,IR,T-Helper,T,1.042878581,2.282852967
TCGTCCATCCATACTT-1_1_1,IR,T-Helper,T,0.964642836,1.255681116
TCGTCCATCCGAACGC-1_1_1,IR,Cytotoxic,T,0.686808599,-3.489231985
TCGTCCATCTTACCGC-1_1_1,IR,Treg,T,3.42000897,0.115723256
TCGTGCTAGCGAGGAG-1_1_1,IR,gdT,T,7.961155487,-6.349864881
TCGTGCTAGTAGGGTC-1_1_1,IR,NK,NK,-5.612319397,-7.214489858
TCGTGCTTCAGCCTCT-1_1_1,IR,gdT,T,8.812516762,-5.854529302
TCGTGCTTCATACGGT-1_1_1,IR,NaiveT,T,1.462206436,8.855698664
TCGTGCTTCTGGAGAG-1_1_1,IR,Cytotoxic,T,-3.473497557,1.625296552
TCGTGGGAGCATAGGC-1_1_1,IR,gdT,T,9.837046219,-6.150943678
TCGTGGGCACCGTCTT-1_1_1,IR,Cytotoxic,T,-2.344679045,0.759117026
TCGTGGGCATCGTGGC-1_1_1,IR,NKT,T,-3.96568005,-2.334492366
TCGTGGGTCCCTTGTG-1_1_1,IR,NKT,T,-1.703416871,-3.810599964
TCGTGGGTCTGCTAGA-1_1_1,IR,NK,NK,-6.039376663,-5.722377699
TCTAACTGTCTAACGT-1_1_1,IR,gdT,T,9.581870628,-6.869525831
TCTAACTGTTCCGCTT-1_1_1,IR,NaiveT,T,2.42447455,6.795283873
TCTAACTTCTGCTTAT-1_1_1,IR,NK,NK,-5.161561417,-4.91777746
TCTACATCACATTGTG-1_1_1,IR,gdT,T,9.358682228,-4.977597158
TCTACATCACCAGTAT-1_1_1,IR,gdT,T,9.304386688,-5.581526678
TCTACATCACCGTCGA-1_1_1,IR,TCM,T,-1.668720769,5.016056616
TCTACATTCAGGAACG-1_1_1,IR,gdT,T,7.130164219,-5.30115835
TCTACCGGTGGCTGAA-1_1_1,IR,Cytotoxic,T,-2.26041715,0.870155771
TCTATACCACACCGAC-1_1_1,IR,NaiveT,T,-0.091793226,6.854654868
TCTATACGTTCTCCTG-1_1_1,IR,T-Helper,T,2.187888933,3.123875935
TCTATCACACACACGC-1_1_1,IR,gdT,T,9.469929291,-5.382212083
TCTATCATCGATTGGT-1_1_1,IR,Cytotoxic,T,1.543362332,-2.832297008
TCTCACGGTACTAAGA-1_1_1,IR,Cytotoxic,T,-0.505331384,-0.865596037
TCTCACGGTATGTCTG-1_1_1,IR,T-Helper,T,1.30983956,2.433487494
TCTCACGGTCCTCATC-1_1_1,IR,ILC,ILC,7.992884232,2.091318447
TCTCACGTCGCATGAT-1_1_1,IR,NKT,T,-5.256508278,-4.065663498
TCTCAGCCACTGGCGT-1_1_1,IR,gdT,T,8.398789001,-7.03698055
TCTCAGCCAGAGAATT-1_1_1,IR,gdT,T,2.97682221,0.685215194
TCTCAGCTCTCAATCT-1_1_1,IR,Cytotoxic,T,0.565521104,-3.396830719
TCTCCGACAAGTGTCT-1_1_1,IR,gdT,T,7.741829468,-4.288056772
TCTCCGACACCCATAA-1_1_1,IR,Cytotoxic,T,-2.548755335,0.122246776
TCTCCGACACGTTGGC-1_1_1,IR,NaiveT,T,1.03127457,8.646905024
TCTCTGGAGCGGTAAC-1_1_1,IR,gdT,T,1.939331246,-2.731401842
TCTGCCAAGATTTGCC-1_1_1,IR,NaiveT,T,-1.48675363,6.383595545
TCTGGCTCACCAGCCA-1_1_1,IR,NKT,T,-4.32552998,-2.894215267
TCTGGCTGTGGACTGA-1_1_1,IR,gdT,T,2.147338582,0.169038076
TCTGTCGAGGGTACAC-1_1_1,IR,Cytotoxic,T,-1.096647548,0.027486224
TCTGTCGCATAGATGA-1_1_1,IR,NaiveT,T,-0.259856301,7.217779238
TCTTAGTGTGTTACAC-1_1_1,IR,gdT,T,7.43797834,-6.155692976
TCTTAGTTCTCACTCG-1_1_1,IR,NaiveT,T,2.047293736,6.461356718
TCTTCCTAGAGTCTTC-1_1_1,IR,NK,NK,-8.139303612,-6.192945879
TCTTCCTAGGGCAGTT-1_1_1,IR,gdT,T,8.92163427,-4.540674131
TCTTCCTGTTACCGTA-1_1_1,IR,gdT,T,10.01567991,-6.987962644
TCTTGCGAGGACTGGT-1_1_1,IR,NKT,T,-4.327904629,-3.963153284
TCTTTGACACATTCGA-1_1_1,IR,NaiveT,T,-1.384204554,6.769672472
TCTTTGACATAGGAGC-1_1_1,IR,NaiveT,T,0.870075,7.481559355
TCTTTGAGTACCGGAA-1_1_1,IR,gdT,T,9.340482307,-6.105375688
TCTTTGAGTTCCGCAG-1_1_1,IR,T-Helper,T,1.195394827,-3.571907203
TGAACGTAGAACTTCC-1_1_1,IR,T-Helper,T,1.392431928,2.949892123
TGAACGTCAGTTAGGG-1_1_1,IR,NK,NK,-7.324452328,-6.988785665
TGAACGTGTGGTCAAG-1_1_1,IR,gdT,T,1.982877685,0.732789714
TGAATCGAGAGTCACG-1_1_1,IR,T-Helper,T,1.312217189,1.608493526
TGAATCGAGGAAAGAC-1_1_1,IR,gdT,T,10.02177293,-5.137728136
TGAATCGGTCCCGCAA-1_1_1,IR,T-Helper,T,2.364399744,3.034980137
TGAATCGGTTGTGTTG-1_1_1,IR,gdT,T,9.395603729,-6.152564924
TGAATCGTCAAGCTGT-1_1_1,IR,gdT,T,7.332680775,-6.03931133
TGAATCGTCTAATTCC-1_1_1,IR,gdT,T,2.301704002,-2.507167022
TGAATGCAGTTACGGG-1_1_1,IR,T-Helper,T,2.691375567,2.278613169
TGAATGCGTGGACCAA-1_1_1,IR,T-DN,T,-3.053500341,-1.054268699
TGACAGTCACCATTCC-1_1_1,IR,gdT,T,10.19204767,-4.859507482
TGACAGTCAGGCTTGC-1_1_1,IR,T-Helper,T,2.86714275,1.826121886
TGACCCTAGGGTATAT-1_1_1,IR,gdT,T,9.395151688,-4.596426885
TGACCCTAGTATTAGG-1_1_1,IR,NaiveT,T,2.215984417,7.76476105
TGACCCTGTACAAGTA-1_1_1,IR,gdT,T,7.531818939,-4.933053892
TGACCCTGTCTAACTG-1_1_1,IR,Treg,T,3.54153545,-0.41288517
TGACGCGAGGCAATGC-1_1_1,IR,gdT,T,9.248182846,-7.188254278
TGACGCGCAGCTGAGA-1_1_1,IR,Cytotoxic,T,-3.952869343,1.116599638
TGACGCGGTCATTGCA-1_1_1,IR,NaiveT,T,-2.109500336,5.688979227
TGACGCGGTTCTCGCT-1_1_1,IR,NK,NK,-8.737303184,-6.119163911
TGACTCCGTGTGATGG-1_1_1,IR,NaiveT,T,-0.517730283,7.376614172
TGACTCCTCAAGGACG-1_1_1,IR,T-Helper,T,1.573062612,1.759258587
TGAGACTTCAAGAGGC-1_1_1,IR,T-Helper,T,1.480527712,2.426499684
TGAGCATAGCGCGTTC-1_1_1,IR,gdT,T,9.216061188,-5.051339548
TGAGCGCCACATGGTT-1_1_1,IR,TCM,T,-1.506690787,4.677447398
TGAGGAGCATGCAGCC-1_1_1,IR,Cytotoxic,T,-4.451502251,0.012172457
TGAGGAGGTACTGACT-1_1_1,IR,NaiveT,T,-0.300755041,8.091537554
TGAGGAGGTGTTAGCT-1_1_1,IR,NaiveT,T,0.696403576,6.681342204
TGAGGAGGTTCGTTCC-1_1_1,IR,gdT,T,8.797888351,-5.908471983
TGAGGAGTCCATGCAA-1_1_1,IR,T-Helper,T,1.550944282,-2.961155574
TGAGGGAAGGTGAGCT-1_1_1,IR,NK,NK,-4.789866375,-5.259050768
TGAGGGATCATTCTTG-1_1_1,IR,T-DN,T,-0.369622396,1.737369258
TGAGGTTAGCCGCTTG-1_1_1,IR,NKT,T,-5.571637081,-3.26528899
TGAGGTTCACGGGTAA-1_1_1,IR,T-Helper,T,2.250356747,2.610300143
TGATCAGCACAAGTTC-1_1_1,IR,gdT,T,10.01193197,-5.23114578
TGATCAGTCAGGTAAA-1_1_1,IR,gdT,T,8.804631783,-5.885164182
TGATCTTCACAGCATT-1_1_1,IR,Cytotoxic,T,-3.300350117,1.777354677
TGATCTTGTGTGATGG-1_1_1,IR,NaiveT,T,2.358014179,7.933610041
TGATGCAGTAGATGTA-1_1_1,IR,gdT,T,7.116003586,-5.807455938
TGATGGTCATCATCTT-1_1_1,IR,Cytotoxic,T,-3.799982475,0.115826164
TGATGGTGTACGATGG-1_1_1,IR,NKT,T,-4.867826866,-2.695368211
TGATGGTGTGAGGCAT-1_1_1,IR,TCM,T,-1.689671682,4.724093039
TGATTCTCATCGAGCC-1_1_1,IR,T-Helper,T,2.343680693,2.892135699
TGATTCTGTCACCCTT-1_1_1,IR,gdT,T,10.11993368,-5.003713052
TGATTTCGTTAAGCAA-1_1_1,IR,T-Helper,T,0.721435917,0.267672856
TGATTTCTCTGAGAGG-1_1_1,IR,gdT,T,9.100407196,-4.484995287
TGCACGGAGACCTGGA-1_1_1,IR,gdT,T,9.923283173,-6.869166296
TGCACGGAGCGGGTTA-1_1_1,IR,NaiveT,T,1.304978205,8.966261942
TGCACGGAGTATGAGT-1_1_1,IR,gdT,T,9.330896927,-4.523785513
TGCACGGCAACTCATG-1_1_1,IR,gdT,T,9.042496277,-7.414538305
TGCAGATAGTGATAGT-1_1_1,IR,NK,NK,-9.110206055,-7.097615163
TGCAGATTCCACGAAT-1_1_1,IR,NK,NK,-6.341339039,-6.59607784
TGCAGATTCTAGGAAA-1_1_1,IR,NK,NK,-6.476651596,-5.888171117
TGCAGGCAGAACTTCC-1_1_1,IR,NaiveT,T,0.091063311,7.073092062
TGCAGTACAAGTTCGT-1_1_1,IR,Cytotoxic,T,0.181169376,-3.920352142
TGCAGTAGTACAGTTC-1_1_1,IR,NK,NK,-7.832082676,-5.181088369
TGCATCCAGCATGAAT-1_1_1,IR,NKT,T,-4.789977478,-2.700683038
TGCATCCCAGTAACGG-1_1_1,IR,TCM,T,-1.717647003,4.170430262
TGCATCCCATGACAAA-1_1_1,IR,T-DN,T,-0.017318489,2.823779185
TGCATCCGTCGCATGC-1_1_1,IR,Treg,T,2.926379753,2.641989787
TGCATCCTCCATTTCA-1_1_1,IR,Cytotoxic,T,-3.887989925,1.759102304
TGCATCCTCTTCTAAC-1_1_1,IR,NKT,T,-4.879437374,-2.886623066
TGCATGAAGCGACATG-1_1_1,IR,gdT,T,9.02951963,-4.986028593
TGCATGAAGTGTACAA-1_1_1,IR,NK,NK,-7.011906075,-7.384411733
TGCATGAGTGATTCTG-1_1_1,IR,Cytotoxic,T,1.66129644,5.890220721
TGCATGAGTTGGACCC-1_1_1,IR,Cytotoxic,T,0.597202165,-4.016683977
TGCCGAGGTACCGGAA-1_1_1,IR,NK,NK,-7.432673382,-5.531782072
TGCCGAGTCTATGCCC-1_1_1,IR,T-Helper,T,0.468864692,1.991949637
TGCGACGCACAGAGAC-1_1_1,IR,gdT,T,9.403525902,-5.45865051
TGCGACGCAGAGGTTG-1_1_1,IR,gdT,T,7.751927448,-5.406802099
TGCGATAAGGGAGATA-1_1_1,IR,gdT,T,8.549624992,-3.505132358
TGCGGCAAGAGCTGCA-1_1_1,IR,Treg,T,2.825753761,0.959409673
TGCGGCACACGCGGTT-1_1_1,IR,gdT,T,8.921854568,-5.143912714
TGCGGCATCTCCTGCA-1_1_1,IR,NK,NK,-9.00643866,-6.588725488
TGCGGGTCAACACAGG-1_1_1,IR,gdT,T,8.198971344,-3.912603538
TGCGGGTGTTTACTGG-1_1_1,IR,gdT,T,9.78474958,-5.829543035
TGCTCCAAGAATTTGG-1_1_1,IR,NaiveT,T,2.297347618,8.325154383
TGCTCCACAATAGTCC-1_1_1,IR,gdT,T,9.178137375,-4.492886942
TGCTCCATCTTTCAGT-1_1_1,IR,gdT,T,8.441340042,-6.998459737
TGCTCGTAGACAGTCG-1_1_1,IR,gdT,T,8.282964302,-7.02559511
TGCTCGTGTGTATTGC-1_1_1,IR,gdT,T,9.595388962,-5.860634248
TGCTCGTTCCATACAG-1_1_1,IR,NaiveT,T,0.575286073,6.739447672
TGCTGAAGTACTGCGC-1_1_1,IR,NKT,T,-5.151614593,-6.628379743
TGCTTCGCACTGAATC-1_1_1,IR,Cytotoxic,T,-2.640601086,0.240868051
TGCTTCGTCCACATAG-1_1_1,IR,NK,NK,-6.483978199,-7.021971147
TGCTTCGTCGGCCCAA-1_1_1,IR,gdT,T,8.893789841,-5.01158325
TGCTTGCAGCTCGCAC-1_1_1,IR,gdT,T,9.51982267,-6.501609724
TGCTTGCAGTAGCCAG-1_1_1,IR,T-Helper,T,1.07361008,0.861421246
TGCTTGCCACCTCGTT-1_1_1,IR,gdT,T,9.838600708,-4.661060732
TGCTTGCCAGCATCTA-1_1_1,IR,gdT,T,9.828019691,-5.154600542
TGCTTGCGTTCTCCTG-1_1_1,IR,gdT,T,8.918344093,-5.034361284
TGCTTGCTCTGGTCAA-1_1_1,IR,NK,NK,-5.949848579,-7.090927999
TGGAACTCAGTGCGCT-1_1_1,IR,gdT,T,7.81282766,-5.724752348
TGGAACTCATTGTAGC-1_1_1,IR,gdT,T,2.392585827,0.418047864
TGGAGAGCAGCAGTGA-1_1_1,IR,Cytotoxic,T,-1.616540002,2.307818015
TGGAGAGGTGTCATGT-1_1_1,IR,NKT,T,-4.070056843,-3.616963785
TGGAGGAAGAGCTTTC-1_1_1,IR,NK,NK,-7.771220135,-8.067365568
TGGAGGACAGTAACAA-1_1_1,IR,Cytotoxic,T,-2.060082125,0.71729495
TGGAGGAGTATGTCTG-1_1_1,IR,NK,NK,-8.57534449,-6.457943838
TGGAGGAGTCAAGCGA-1_1_1,IR,Cytotoxic,T,-3.040214228,1.100799401
TGGAGGAGTCCTCATC-1_1_1,IR,T-Helper,T,2.049139453,2.238371451
TGGAGGAGTGTTTGCA-1_1_1,IR,gdT,T,8.701032234,-5.170720022
TGGAGGATCTAACGCA-1_1_1,IR,Cytotoxic,T,-3.349552559,1.300015528
TGGATCACATCATTTC-1_1_1,IR,NK,NK,-8.813864159,-6.896501463
TGGATCATCACGACTA-1_1_1,IR,gdT,T,10.1020046,-6.906722467
TGGATCATCCGTGGGT-1_1_1,IR,T-Helper,T,-0.012542101,-0.55676959
TGGATGTAGGATACCG-1_1_1,IR,NK,NK,-5.184314178,-6.7789797
TGGATGTAGGATACGC-1_1_1,IR,NaiveT,T,2.83026321,7.550473292
TGGATGTGTCTCGCGA-1_1_1,IR,gdT,T,9.869748665,-6.2870063
TGGATGTGTGACAACG-1_1_1,IR,NK,NK,-5.741091656,-4.623544614
TGGATGTTCCTGGCTT-1_1_1,IR,NK,NK,-0.236501025,-4.288937967
TGGATGTTCGACACCG-1_1_1,IR,T-Helper,T,1.84881003,0.679660518
TGGCGTGTCGTAACTG-1_1_1,IR,Cytotoxic,T,-3.669802116,1.65879019
TGGGAAGTCACTTTGT-1_1_1,IR,gdT,T,7.746009899,-4.887096803
TGGGAAGTCTGGACCG-1_1_1,IR,gdT,T,9.005504204,-6.913093488
TGGGAGACAGCTGAAG-1_1_1,IR,Cytotoxic,T,-1.402256655,0.136768345
TGGGAGAGTACAGAAT-1_1_1,IR,gdT,T,7.079073978,-5.10545532
TGGGAGATCAATCGGT-1_1_1,IR,NaiveT,T,0.618906481,7.217558463
TGGGCGTAGGCACTCC-1_1_1,IR,Cytotoxic,T,-3.063477444,1.121599514
TGGGCGTCAACATACC-1_1_1,IR,gdT,T,9.28953035,-6.009928148
TGGGCGTCACAAGCTT-1_1_1,IR,gdT,T,9.600341393,-6.603969019
TGGGCGTGTAGCTGTT-1_1_1,IR,T-DN,T,0.040984435,1.810275752
TGGGCTGGTGAGGATC-1_1_1,IR,T-DN,T,-0.365636276,-1.290310066
TGGGCTGGTTGCGGAA-1_1_1,IR,NKT,T,-4.772375034,-0.949216049
TGGGTTACACTCCGAG-1_1_1,IR,gdT,T,8.52881868,-4.662412565
TGGGTTAGTGGCTTAT-1_1_1,IR,NaiveT,T,0.24754568,8.48197468
TGGGTTAGTTAACCTG-1_1_1,IR,NaiveT,T,1.540784193,7.474745829
TGGTACACAGATCCTA-1_1_1,IR,NKT,T,-3.946351456,-2.180867832
TGGTACACAGGCATGA-1_1_1,IR,gdT,T,9.339813782,-4.236124437
TGGTACATCATGTCAG-1_1_1,IR,NK,NK,-7.014271187,-6.054008405
TGGTACATCGTGCGAC-1_1_1,IR,gdT,T,8.340840889,-6.345068376
TGGTAGTAGAACCGCA-1_1_1,IR,gdT,T,10.2820812,-5.276845377
TGGTAGTAGGCACTCC-1_1_1,IR,gdT,T,9.748447014,-5.858573358
TGGTGATGTATACCTG-1_1_1,IR,Cytotoxic,T,-2.757920193,-0.009258803
TGGTTAGAGCAATTCC-1_1_1,IR,NK,NK,-6.967329906,-5.248245638
TGGTTAGGTCACGACC-1_1_1,IR,gdT,T,8.76237352,-5.879607599
TGGTTAGTCCATAGAC-1_1_1,IR,Cytotoxic,T,0.611271186,-3.99309675
TGTAACGAGAAATGGG-1_1_1,IR,gdT,T,9.664491249,-5.50372545
TGTAACGCAGACACAG-1_1_1,IR,NKT,T,-4.738071846,-3.086558025
TGTAACGTCGCAAGAG-1_1_1,IR,NK,NK,-2.779687094,-2.789816539
TGTAAGCAGCGCCCAT-1_1_1,IR,NKT,T,-4.476458,-2.294489544
TGTAAGCTCTTGTGCC-1_1_1,IR,NK,NK,-0.784287917,-4.563579958
TGTAGACCACAAACGG-1_1_1,IR,gdT,T,8.551816536,-5.905039232
TGTAGACGTGCAATAA-1_1_1,IR,NKT,T,-5.563304352,-2.682281654
TGTAGACTCCTGGCTT-1_1_1,IR,gdT,T,7.763733936,-4.783921163
TGTCAGAAGCCGTAAG-1_1_1,IR,gdT,T,8.338737083,-5.342307489
TGTCAGACAGTTTCGA-1_1_1,IR,T-DN,T,0.365973709,3.187871773
TGTCAGATCTTCACGC-1_1_1,IR,gdT,T,8.847356392,-5.456172388
TGTCCACAGCTAGTTC-1_1_1,IR,Cytotoxic,T,0.63786651,-2.91448633
TGTCCACCAAATCCCA-1_1_1,IR,Cytotoxic,T,-3.473054337,0.874385555
TGTCCACCAAGCGAGT-1_1_1,IR,NKT,T,-3.431132244,-2.141686361
TGTCCACTCGTAGGGA-1_1_1,IR,gdT,T,8.445883347,-7.325319212
TGTCCCAAGCGATTCT-1_1_1,IR,T-Helper,T,1.561835361,0.887339253
TGTCCCAGTTTGTTGG-1_1_1,IR,gdT,T,7.431080414,-5.734889429
TGTCCTGCACCAGCGT-1_1_1,IR,NKT,T,-4.003417896,-2.184130113
TGTGATGAGGCATGCA-1_1_1,IR,NK,NK,-8.904044556,-6.690635126
TGTGATGCAACCAATC-1_1_1,IR,NK,NK,-7.893770622,-5.607754152
TGTGATGCAATCAAGA-1_1_1,IR,gdT,T,9.101099564,-5.536443632
TGTGATGTCGTAACCA-1_1_1,IR,NKT,T,-5.896737026,-2.108628671
TGTGCGGGTACGTACT-1_1_1,IR,T-DN,T,0.180930879,-3.033514183
TGTGGCGAGAATAGTC-1_1_1,IR,gdT,T,9.541108681,-5.857392233
TGTGGCGGTCTACATG-1_1_1,IR,NK,NK,-7.074818062,-6.023220937
TGTGGCGTCTCGGTAA-1_1_1,IR,NK,NK,-6.197215961,-6.463740747
TGTGTGACAACCCTCT-1_1_1,IR,gdT,T,9.856574608,-4.793538015
TGTGTGACAGCATCTA-1_1_1,IR,T-Helper,T,2.030805899,0.48026355
TGTGTGAGTAGACAGC-1_1_1,IR,T-Helper,T,2.751808954,1.460367281
TGTGTGATCTCTTGCG-1_1_1,IR,Treg,T,2.736763311,0.872724016
TGTTACTGTGAGTTGG-1_1_1,IR,NK,NK,-8.704327034,-5.730801027
TGTTACTGTTATAGAG-1_1_1,IR,Other,Other,5.591819836,6.846913893
TGTTCATAGAGTCTGG-1_1_1,IR,gdT,T,9.089662148,-6.283430498
TGTTCATCAACAAGAT-1_1_1,IR,gdT,T,8.585589958,-6.947992723
TGTTCATCATCCGTTC-1_1_1,IR,NaiveT,T,0.715419246,7.675396521
TGTTCCGAGAGCATAT-1_1_1,IR,NK,NK,-0.659853624,-4.296422403
TGTTCCGTCGCTAATG-1_1_1,IR,gdT,T,9.939193321,-5.471672456
TGTTCCGTCTAACGGT-1_1_1,IR,gdT,T,9.01700647,-6.383063715
TGTTCTAAGGTCGAGT-1_1_1,IR,NK,NK,-5.618337082,-3.742833774
TGTTCTAAGTTACGTC-1_1_1,IR,gdT,T,9.226802422,-7.153968732
TGTTCTATCTGAATGC-1_1_1,IR,NK,NK,-5.340841221,-7.088498514
TGTTCTATCTGGCTGG-1_1_1,IR,NaiveT,T,-1.885248827,5.76103266
TGTTGAGTCCATTTCA-1_1_1,IR,gdT,T,9.391037537,-6.27612869
TGTTGGAAGAGTGACC-1_1_1,IR,gdT,T,7.910228802,-5.269538801
TGTTGGACAACCGATT-1_1_1,IR,Cytotoxic,T,-5.354978966,0.374954541
TGTTGGACAGACGATG-1_1_1,IR,NK,NK,-6.868486332,-6.243990343
TGTTGGATCTTCTCAA-1_1_1,IR,NaiveT,T,1.70652218,7.018234808
TGTTTGTGTCACTTCC-1_1_1,IR,NKT,T,-5.831802773,-2.823068779
TGTTTGTTCACTTCTA-1_1_1,IR,NKT,T,-4.535826134,-3.230235498
TGTTTGTTCGACCTAA-1_1_1,IR,Treg,T,3.302995516,1.643493254
TTAATCCCAAGTCATC-1_1_1,IR,TCM,T,-1.733075069,3.848649104
TTAATCCTCAGTCACA-1_1_1,IR,gdT,T,8.268172813,-4.709396761
TTACAGGAGGTATAGT-1_1_1,IR,gdT,T,9.17115934,-4.452217023
TTACAGGAGTCAACAA-1_1_1,IR,Treg,T,4.087492777,0.712712068
TTACAGGGTTATAGAG-1_1_1,IR,Treg,T,3.217422558,-0.205892216
TTACCATCACGCGCAT-1_1_1,IR,NK,NK,-5.384081291,-4.36824743
TTACCATGTCTGTAGT-1_1_1,IR,gdT,T,10.13428171,-5.488090913
TTACCATTCACATACG-1_1_1,IR,NK,NK,-9.009361671,-6.453846853
TTACCATTCTACAGGT-1_1_1,IR,Cytotoxic,T,-0.620918797,-1.155285161
TTACCATTCTCAGGCG-1_1_1,IR,gdT,T,7.82271011,-6.412991445
TTACCGCAGTAGACCG-1_1_1,IR,T-Helper,T,1.190510584,-2.841348331
TTACCGCCATTGACAC-1_1_1,IR,T-Helper,T,-0.494895267,1.914542992
TTACCGCGTATCGAGG-1_1_1,IR,T-Helper,T,0.849826587,1.724833448
TTACCGCGTGCCGAAA-1_1_1,IR,NKT,T,-4.605239319,-2.599690359
TTACGCCCACCACATA-1_1_1,IR,NK,NK,-6.306330608,-6.851835649
TTACGCCGTCTAGGTT-1_1_1,IR,T-Helper,T,1.565845681,2.640239556
TTACGCCTCAGTGATC-1_1_1,IR,T-Helper,T,1.917991711,1.309498508
TTACGTTGTCCTCAGG-1_1_1,IR,NKT,T,-5.147371696,-1.755127471
TTACGTTGTGGCCTCA-1_1_1,IR,gdT,T,8.506908012,-7.336253564
TTACGTTTCCAAAGGG-1_1_1,IR,NK,NK,-1.064372944,-5.059916895
TTACGTTTCCACTTTA-1_1_1,IR,gdT,T,9.19575174,-4.658313673
TTACTGTAGTCTCCTC-1_1_1,IR,T-Helper,T,1.478636457,1.579775293
TTAGGCACAAACTGCT-1_1_1,IR,gdT,T,8.973137451,-7.424110811
TTAGGCAGTATTTCGG-1_1_1,IR,NK,NK,-7.918171333,-6.551595609
TTAGGCAGTCCAAATC-1_1_1,IR,NaiveT,T,1.783629013,7.837827761
TTATTGCAGCTATCTG-1_1_1,IR,T-Helper,T,1.321091128,0.133362193
TTATTGCCACATGTTG-1_1_1,IR,NKT,T,-5.199097561,-2.516962211
TTATTGCGTATGAGAT-1_1_1,IR,gdT,T,2.612609697,0.676618535
TTATTGCTCTAGACCA-1_1_1,IR,Cytotoxic,T,0.991875006,-1.98370723
TTCAATCAGGTTCTAC-1_1_1,IR,NK,NK,-8.671609329,-5.846734922
TTCAATCAGTGGACGT-1_1_1,IR,NK,NK,-6.553504871,-6.989225786
TTCACCGTCTATGCCC-1_1_1,IR,gdT,T,10.19853551,-6.876924913
TTCACCGTCTTCTGGC-1_1_1,IR,gdT,T,10.2085119,-4.978115957
TTCAGGAAGTGCAAAT-1_1_1,IR,NK,NK,-7.902177261,-8.260632436
TTCAGGAGTACTGTTG-1_1_1,IR,NK,NK,-8.515252518,-5.510808866
TTCAGGATCCTGTTAT-1_1_1,IR,NK,NK,-5.55695145,-6.355446737
TTCATGTAGGGTCAAC-1_1_1,IR,Cytotoxic,T,-3.878840374,1.950887282
TTCATGTAGTCACGCC-1_1_1,IR,Cytotoxic,T,0.184292197,-2.901511591
TTCATGTAGTGGCCTC-1_1_1,IR,NaiveT,T,1.29298873,6.559160311
TTCATGTCACGGTCTG-1_1_1,IR,NaiveT,T,3.013915373,6.717291911
TTCATGTCAGATTAAG-1_1_1,IR,NaiveT,T,0.184992805,6.640911658
TTCATGTGTCCATAGT-1_1_1,IR,NK,NK,-0.380149173,-4.34273855
TTCATGTGTCTTCATT-1_1_1,IR,NK,NK,-6.377942013,-5.700996797
TTCATGTTCAACTACG-1_1_1,IR,NaiveT,T,2.721440865,6.534452517
TTCATTGTCGCTGATA-1_1_1,IR,NaiveT,T,1.603154613,6.752394278
TTCATTGTCGGTCACG-1_1_1,IR,Cytotoxic,T,-2.42828195,0.064089347
TTCATTGTCTCTGCCA-1_1_1,IR,T-DN,T,-0.390964734,1.3508689
TTCCAATGTTGGTAGG-1_1_1,IR,NK,NK,-6.160124706,-6.35244457
TTCCAATTCATCTGTT-1_1_1,IR,T-Helper,T,1.160862697,2.298190195
TTCCACGAGGAAAGTG-1_1_1,IR,Cytotoxic,T,0.400897665,-2.317602079
TTCCACGCAGGAATAT-1_1_1,IR,NK,NK,-5.913647579,-7.270247858
TTCCACGCAGGCACAA-1_1_1,IR,gdT,T,8.384722305,-4.340181272
TTCCACGCATTGAAAG-1_1_1,IR,NKT,T,-4.644384312,-1.725780766
TTCCGGTCACACACGC-1_1_1,IR,gdT,T,9.229172302,-5.558671396
TTCCGGTGTACAGGTG-1_1_1,IR,Treg,T,3.297187162,0.553128381
TTCCGGTGTTGCCGAC-1_1_1,IR,gdT,T,9.745002342,-5.159752767
TTCCGGTTCGAGCCAC-1_1_1,IR,gdT,T,7.790475441,-5.108128469
TTCCGTGTCGCTCATC-1_1_1,IR,Treg,T,2.455172134,-1.992446582
TTCCTCTGTATGGAAT-1_1_1,IR,Treg,T,2.599939419,-1.854535263
TTCCTCTGTTCGGCCA-1_1_1,IR,gdT,T,10.22467191,-4.945307653
TTCCTTCAGCCAGACA-1_1_1,IR,Cytotoxic,T,-3.332302975,3.056200106
TTCCTTCCATGGAACG-1_1_1,IR,gdT,T,8.063500954,-6.340439718
TTCCTTCTCACAGTGT-1_1_1,IR,Treg,T,2.825773788,-1.42249934
TTCCTTCTCAGTCACA-1_1_1,IR,NaiveT,T,2.208179785,6.071995337
TTCCTTCTCTGCAGCG-1_1_1,IR,T-DN,T,0.279224587,3.036286671
TTCGATTAGACAACAT-1_1_1,IR,gdT,T,7.919855667,-7.027141492
TTCGATTCAACGGGTA-1_1_1,IR,gdT,T,9.515300346,-5.383709352
TTCGATTCAGCACCCA-1_1_1,IR,NaiveT,T,-0.472398685,6.46048363
TTCGATTTCCTAGCCT-1_1_1,IR,NK,NK,-6.368904041,-5.932401102
TTCGATTTCTGCATAG-1_1_1,IR,Treg,T,2.88707645,1.132959802
TTCGCTGAGGAGCAAA-1_1_1,IR,NaiveT,T,-0.710829662,5.910884936
TTCGCTGCAAGGTCGA-1_1_1,IR,NK,NK,-5.943529057,-5.672177236
TTCGCTGTCTGGACTA-1_1_1,IR,NK,NK,-6.059219765,-5.391971986
TTCGGTCCACCAGGTC-1_1_1,IR,NaiveT,T,0.469787879,6.606382925
TTCGGTCGTAGCTGTT-1_1_1,IR,NaiveT,T,-1.151984977,7.757062037
TTCTAACGTGAATTGA-1_1_1,IR,gdT,T,8.817975594,-4.848075311
TTCTAGTCAAGGTCTT-1_1_1,IR,gdT,T,9.702780319,-6.970045965
TTCTAGTCAGACCATT-1_1_1,IR,gdT,T,9.499930931,-6.373759668
TTCTAGTTCATACAGC-1_1_1,IR,gdT,T,9.319778992,-6.793850343
TTCTCTCCAGGTCCCA-1_1_1,IR,NK,NK,-6.892317699,-4.047182958
TTCTCTCTCCGTCAAA-1_1_1,IR,NKT,T,-4.142660545,-2.686839264
TTCTGTAAGGGCAACT-1_1_1,IR,T-Helper,T,1.32317741,-3.546621959
TTCTTCCAGCCTATTG-1_1_1,IR,gdT,T,7.843196465,-6.823574941
TTCTTCCGTAGGTAGC-1_1_1,IR,gdT,T,9.10173185,-6.473189752
TTCTTCCGTCGGAACA-1_1_1,IR,gdT,T,7.733425213,-6.011001508
TTGAACGCAATGTCTG-1_1_1,IR,T-Helper,T,-0.390963422,0.073284764
TTGAACGCATCCAATG-1_1_1,IR,Cytotoxic,T,-2.474488901,0.104055707
TTGAACGGTATCCTCC-1_1_1,IR,T-Helper,T,1.206983043,0.043424208
TTGAACGGTCCATCTC-1_1_1,IR,T-Helper,T,2.492321802,2.132564385
TTGAACGTCTAGCAAC-1_1_1,IR,NaiveT,T,-1.594031977,6.503561098
TTGACCCAGGGAGGTG-1_1_1,IR,Cytotoxic,T,-0.869156765,-0.010516043
TTGACCCAGTCACTAC-1_1_1,IR,Cytotoxic,T,-2.958089041,0.260284651
TTGAGTGCACATGACT-1_1_1,IR,Cytotoxic,T,-3.046833443,1.151655753
TTGAGTGCAGGGAATC-1_1_1,IR,gdT,T,8.535594536,-6.012791078
TTGAGTGTCATTTACC-1_1_1,IR,NaiveT,T,1.380222393,9.007037241
TTGATGGAGAGTGAAG-1_1_1,IR,gdT,T,9.495541168,-5.825865667
TTGATGGAGGATACCG-1_1_1,IR,gdT,T,9.125405861,-6.303622644
TTGATGGAGTTAGTAG-1_1_1,IR,NaiveT,T,-1.194395589,5.947177966
TTGATGGCAGGTGGAT-1_1_1,IR,NaiveT,T,-1.411644386,6.648814757
TTGATGGTCGGACCAC-1_1_1,IR,NaiveT,T,0.145744176,6.961022456
TTGCATTAGGATGCGT-1_1_1,IR,NK,NK,-5.811079906,-6.550406377
TTGCATTGTACGACAG-1_1_1,IR,NKT,T,-4.00699036,-2.667657535
TTGCATTGTAGTTCCA-1_1_1,IR,Cytotoxic,T,-1.817648577,0.452638645
TTGCATTGTATGCGGA-1_1_1,IR,gdT,T,8.749096466,-4.750554006
TTGCATTGTCGTACAT-1_1_1,IR,NK,NK,-6.019349979,-6.068313997
TTGCCTGCACACCTGG-1_1_1,IR,gdT,T,9.749949051,-5.380705278
TTGCCTGTCTTACCGC-1_1_1,IR,NaiveT,T,1.928202821,8.283555109
TTGCCTGTCTTAGTTC-1_1_1,IR,T-Helper,T,0.991548551,1.458405931
TTGCGTCAGAGGCCAT-1_1_1,IR,gdT,T,9.237740112,-6.842027586
TTGCGTCGTATCGCTA-1_1_1,IR,gdT,T,7.552690102,-4.680739324
TTGCGTCTCAACGCTA-1_1_1,IR,gdT,T,9.874216629,-5.50578634
TTGCGTCTCTATGCCC-1_1_1,IR,NK,NK,-6.785058426,-5.026214044
TTGCTGCAGACCATAA-1_1_1,IR,NK,NK,-5.526787209,-4.042397897
TTGCTGCCAGCAGACA-1_1_1,IR,Treg,T,3.77215345,0.524667044
TTGCTGCGTAGGTGCA-1_1_1,IR,Cytotoxic,T,0.592481268,-4.141630094
TTGGGATAGAACCGCA-1_1_1,IR,NK,NK,-9.206587242,-6.941565912
TTGGGATCAGCCTTCT-1_1_1,IR,gdT,T,8.870562149,-5.29534332
TTGGGATGTCCAAATC-1_1_1,IR,NaiveT,T,2.2845536,7.27687176
TTGGGATTCTGCATAG-1_1_1,IR,Cytotoxic,T,-3.20338838,0.433046241
TTGGGCGTCAGCTTGA-1_1_1,IR,NKT,T,-4.119560169,-1.939535062
TTGGGTAAGTCTGCAT-1_1_1,IR,Cytotoxic,T,-4.79554932,1.202607353
TTGGGTACAAAGCTAA-1_1_1,IR,Cytotoxic,T,-3.931249069,0.510907192
TTGGGTAGTCCAGCCA-1_1_1,IR,gdT,T,2.299142672,-3.275485675
TTGGGTATCTAATTCC-1_1_1,IR,gdT,T,9.055554939,-7.018028658
TTGGTTTAGATGGGCT-1_1_1,IR,NK,NK,-1.454588579,-4.83488838
TTGGTTTCAGTCGCAC-1_1_1,IR,gdT,T,7.861728741,-4.153122823
TTGGTTTTCGCTACGG-1_1_1,IR,gdT,T,9.349721504,-6.770700853
TTGTGGACAGGCAATG-1_1_1,IR,T-DN,T,0.829651547,2.94396003
TTGTGGAGTCGTGCCA-1_1_1,IR,NKT,T,-4.921966003,-6.637372892
TTGTGTTGTAACACCT-1_1_1,IR,NK,NK,-5.464720654,-7.179503362
TTGTGTTGTTTGAACC-1_1_1,IR,Cytotoxic,T,0.785006655,-0.892168741
TTGTTCACACACCTTC-1_1_1,IR,NKT,T,-4.651301788,-3.197983186
TTGTTGTCATTGAAGA-1_1_1,IR,gdT,T,8.30970533,-5.853563707
TTGTTTGTCCGTATGA-1_1_1,IR,NK,NK,-5.607611107,-4.639925878
TTTACCAAGGGTACGT-1_1_1,IR,gdT,T,8.772967888,-7.064496915
TTTACCAAGTGTTCAC-1_1_1,IR,gdT,T,8.07068689,-5.674944799
TTTACCACAGATCACT-1_1_1,IR,Cytotoxic,T,-2.959846901,0.986017902
TTTACCACAGCCTTCT-1_1_1,IR,gdT,T,7.676070286,-4.43205158
TTTACCAGTTACCCAA-1_1_1,IR,NK,NK,-6.183915543,-6.680231016
TTTACCATCTAGGCCG-1_1_1,IR,NKT,T,-4.662972378,-3.054895799
TTTACGTCAGTGTATC-1_1_1,IR,Cytotoxic,T,-0.423733341,-0.777872663
TTTACGTGTGACACAG-1_1_1,IR,NK,NK,-6.518533157,-5.374115865
TTTACGTTCAGACCCG-1_1_1,IR,Cytotoxic,T,-0.931932496,-0.618135433
TTTACTGAGCCTCTGG-1_1_1,IR,Cytotoxic,T,-4.620422768,-0.573113959
TTTACTGAGTCGGCCT-1_1_1,IR,gdT,T,10.26755483,-5.902204435
TTTACTGAGTGACCTT-1_1_1,IR,gdT,T,7.259674622,-5.349747102
TTTACTGCAAGAAATC-1_1_1,IR,gdT,T,9.163207603,-4.74834482
TTTACTGTCCCATAAG-1_1_1,IR,NK,NK,-5.440261768,-5.003003996
TTTACTGTCCTACGGG-1_1_1,IR,gdT,T,8.396596504,-6.212167661
TTTACTGTCTAGTGAC-1_1_1,IR,NK,NK,-6.614672111,-6.001622598
TTTAGTCGTCGGATTT-1_1_1,IR,NK,NK,-1.686854528,-5.01958267
TTTATGCAGATACATG-1_1_1,IR,gdT,T,8.953243805,-5.957821767
TTTATGCAGGTCATCT-1_1_1,IR,NK,NK,-5.9698004,-7.104647558
TTTATGCAGGTGGCTA-1_1_1,IR,Treg,T,2.448327852,-1.885053675
TTTATGCAGTCGCCCA-1_1_1,IR,Cytotoxic,T,-3.167207884,2.409502108
TTTATGCCACATGACT-1_1_1,IR,gdT,T,8.920409752,-5.196363371
TTTATGCCAGCACAGA-1_1_1,IR,gdT,T,9.616479469,-4.732655923
TTTATGCGTAACATCC-1_1_1,IR,NK,NK,-6.788767742,-6.783236425
TTTATGCTCCTGTACC-1_1_1,IR,NKT,T,-5.524528908,-2.013805907
TTTCACAAGAATTGCA-1_1_1,IR,NKT,T,-4.359992432,-2.686607282
TTTCACACAGTTAGGG-1_1_1,IR,Cytotoxic,T,-4.448484348,-0.330853399
TTTCACAGTCCATAGT-1_1_1,IR,gdT,T,8.769948555,-4.417735498
TTTCACATCGTGGACC-1_1_1,IR,gdT,T,10.04655798,-5.024824064
TTTCAGTAGATTGAGT-1_1_1,IR,Cytotoxic,T,0.173090017,-2.021882098
TTTCAGTGTTAATGAG-1_1_1,IR,NK,NK,-6.879032539,-6.119982164
TTTCATGCAGCTGTTA-1_1_1,IR,T-Helper,T,0.917001797,-0.078780835
TTTCCTCCAACTCGAT-1_1_1,IR,gdT,T,8.104997707,-4.195610921
TTTCGATAGTCTGGTT-1_1_1,IR,ILC,ILC,8.518680168,1.261786659
TTTCGATTCGCAATTG-1_1_1,IR,NaiveT,T,-1.496663259,6.933777411
TTTGACTAGAGGCGTT-1_1_1,IR,gdT,T,9.093285156,-7.055744093
TTTGACTAGCGCACAA-1_1_1,IR,NaiveT,T,1.515151692,7.268380244
TTTGACTAGTCCCTAA-1_1_1,IR,NK,NK,-0.49126433,-4.61415426
TTTGACTAGTCGAGGT-1_1_1,IR,T-Helper,T,1.372226192,1.884975274
TTTGACTCACAATGAA-1_1_1,IR,NaiveT,T,1.586757136,6.568826754
TTTGACTCACGCTGTG-1_1_1,IR,gdT,T,8.199908806,-3.738184373
TTTGACTCATAGACTC-1_1_1,IR,NK,NK,-1.24586408,-4.623779695
TTTGACTGTCACTTCC-1_1_1,IR,T-Helper,T,1.901114775,2.479584534
TTTGATCAGGTTTGAA-1_1_1,IR,gdT,T,7.265881611,-5.098256033
TTTGATCGTAGTATAG-1_1_1,IR,NK,NK,-7.442464279,-7.005524557
TTTGATCTCCATTGCC-1_1_1,IR,T-Helper,T,1.347357584,-3.316710394
TTTGGAGCAGGCACTC-1_1_1,IR,NaiveT,T,-0.549685108,7.166855891
TTTGGAGGTGTCGCTG-1_1_1,IR,Cytotoxic,T,-2.15182011,0.816450615
TTTGGAGGTGTTCCTC-1_1_1,IR,T-Helper,T,2.346283747,3.127876122
TTTGGTTAGCCGGATA-1_1_1,IR,ILC,ILC,5.645767284,1.919816811
TTTGTTGAGAATCGTA-1_1_1,IR,T-Helper,T,0.108206944,-1.116285603
TTTGTTGAGTCGTCTA-1_1_1,IR,NKT,T,-1.619812297,-2.052340667
TTTGTTGGTTGAGGAC-1_1_1,IR,T-Helper,T,0.948495043,2.351606924
ACTTCCGCAACAGTGG-1_2_1,IR,gdT,T,7.98137672,-6.196687143
ACTTCCGCACTAACGT-1_2_1,IR,ILC,ILC,7.062901569,1.30179127
ACTTCCGGTGCATGAG-1_2_1,IR,Cytotoxic,T,-1.937257933,1.471324522
ACTTCCGTCCTTGACC-1_2_1,IR,T-Helper,T,0.860598517,-2.786951463
ACTTCGCAGAGTCTGG-1_2_1,IR,Cytotoxic,T,0.710070027,-3.044215124
ACTTCGCGTCATACCA-1_2_1,IR,T-Helper,T,0.119847337,0.672643561
ACTTTCAAGTCACTAC-1_2_1,IR,NKT,T,-4.98174231,-2.885392826
ACTTTCATCATGAGGG-1_2_1,IR,NK,NK,-7.386887478,-5.719899099
ACTTTCATCGAGATAA-1_2_1,IR,NK,NK,-1.430923628,-4.694978635
ACTTTGTCAGGACGAT-1_2_1,IR,T-Helper,T,1.113208426,-0.052252911
ACTTTGTGTACGATTC-1_2_1,IR,T-Helper,T,1.303013159,-0.021540071
AGAAATGAGCGGTAAC-1_2_1,IR,NaiveT,T,1.086657537,7.55581053
AGAAATGTCGATGCTA-1_2_1,IR,NaiveT,T,0.517233981,6.652560313
AGAACCTTCACATTGG-1_2_1,IR,NK,NK,-6.126259731,-6.770423811
AGAAGCGCAACGTTAC-1_2_1,IR,Cytotoxic,T,0.170178513,-4.02115814
AGAAGCGGTAAGAACT-1_2_1,IR,NKT,T,-4.779260086,-2.276960533
AGAAGCGGTCAAAGAT-1_2_1,IR,NK,NK,-7.128635334,-5.667716425
AGAAGTAAGAGGACTC-1_2_1,IR,T-Helper,T,0.284082388,-0.834466915
AGAAGTACAATGGGTG-1_2_1,IR,NK,NK,-1.022177147,-4.922435205
AGAAGTAGTGGATCAG-1_2_1,IR,NaiveT,T,-0.348069178,7.879030783
AGAAGTATCCGCGATG-1_2_1,IR,Cytotoxic,T,-1.809910702,-0.270687606
AGACAAACATCTTAGG-1_2_1,IR,gdT,T,10.10697324,-5.64884321
AGACAAAGTATTGCCA-1_2_1,IR,T-Helper,T,1.236754848,-2.28857414
AGACAAAGTCGCACGT-1_2_1,IR,NKT,T,-5.314428734,-2.208411853
AGACACTCAATCTCTT-1_2_1,IR,NaiveT,T,1.129174722,6.216742117
AGACAGGGTATCGGTT-1_2_1,IR,T-Helper,T,1.661884261,0.213208754
AGACAGGGTTGACTAC-1_2_1,IR,Cytotoxic,T,-4.48691647,0.783674974
AGACCCGAGCTCGAAG-1_2_1,IR,NK,NK,-5.046175407,-4.617303293
AGACCCGGTCGAGCAA-1_2_1,IR,NaiveT,T,-0.152392345,7.642918665
AGACTCAGTTCGGTTA-1_2_1,IR,T-Helper,T,1.144426061,-3.021334093
AGAGAATTCTAGACAC-1_2_1,IR,Cytotoxic,T,-3.119372534,1.365863044
AGAGCAGTCCAAACCA-1_2_1,IR,Cytotoxic,T,0.473167462,-2.176326912
AGAGCCCAGCCGGAAT-1_2_1,IR,T-Helper,T,0.926814748,2.235161145
AGAGCCCCAAGGTCTT-1_2_1,IR,NK,NK,-5.402971672,-7.198932569
AGATAGAAGCCATTGT-1_2_1,IR,T-Helper,T,1.270272566,0.570837517
AGATCCAAGTCTGGAG-1_2_1,IR,ILC,ILC,7.669684959,2.192102272
AGATCCAGTGCGCTCA-1_2_1,IR,T-Helper,T,2.995195461,1.438943822
AGATCCATCTCAACCC-1_2_1,IR,Cytotoxic,T,-0.920430469,-1.09672914
AGATGAAGTCTTTCTA-1_2_1,IR,Cytotoxic,T,-3.530330824,1.799839456
AGATGCTGTTTCCCAC-1_2_1,IR,T-Helper,T,1.775206281,1.834021528
AGCATCACAACCGCCA-1_2_1,IR,Treg,T,3.091623379,1.628186066
AGCATCATCCAGGACC-1_2_1,IR,T-Helper,T,0.489733292,-3.69218127
AGCCAATAGACAGCGT-1_2_1,IR,NaiveT,T,1.994822098,4.862090666
AGCCACGAGAATCGTA-1_2_1,IR,TCM,T,-2.207367825,5.155794699
AGCCACGAGAGTTGCG-1_2_1,IR,NaiveT,T,1.113816751,7.108807642
AGCCACGGTGCTCTCT-1_2_1,IR,NaiveT,T,2.234579874,8.419039805
AGCCAGCCAAATCCCA-1_2_1,IR,T-Helper,T,1.266831351,1.398367245
AGCGATTGTGAATGAT-1_2_1,IR,NaiveT,T,-2.088448452,5.657253344
AGCGATTGTTGCTCAA-1_2_1,IR,T-Helper,T,1.459411694,-2.194570701
AGCGATTTCCTTATGT-1_2_1,IR,Cytotoxic,T,-2.822182821,1.82621022
AGCGCCAGTGTTCATG-1_2_1,IR,T-Helper,T,2.230383469,0.367531766
AGCGCCAGTTCGGCCA-1_2_1,IR,Cytotoxic,T,-5.295719074,-0.008850101
AGCGTATAGAGGGTCT-1_2_1,IR,NK,NK,-0.738485025,-4.327957075
AGCGTATGTTGCTAGT-1_2_1,IR,T-Helper,T,1.565368963,0.242968459
AGCGTCGCACAAATAG-1_2_1,IR,NaiveT,T,0.759449614,6.598970492
AGCGTCGCATGCAGCC-1_2_1,IR,T-Helper,T,1.268154694,-2.663794201
AGCTACATCATGAAAG-1_2_1,IR,TCM,T,-1.684979485,5.402516444
AGCTCAATCTGGTCAA-1_2_1,IR,Cytotoxic,T,-3.09587376,0.608326633
AGCTTCCTCTACGCGG-1_2_1,IR,NK,NK,-8.65494101,-6.335972231
AGGAAATCATAGATCC-1_2_1,IR,Cytotoxic,T,-2.945195364,1.121328671
AGGAATAGTAATACCC-1_2_1,IR,NK,NK,-5.744644093,-5.131294649
AGGAATAGTGTTTCTT-1_2_1,IR,Cytotoxic,T,-1.867909121,0.339959611
AGGACGAAGATGGCGT-1_2_1,IR,NK,NK,-5.565848755,-7.087306898
AGGACGAGTCGAATTC-1_2_1,IR,NK,NK,-7.561701702,-6.119015138
AGGACTTTCCTTATGT-1_2_1,IR,NKT,T,-4.972261356,-3.199606102
AGGAGGTCAGGAACCA-1_2_1,IR,NaiveT,T,-1.859009432,6.329141219
AGGAGGTGTTTGTGGT-1_2_1,IR,NK,NK,-6.893599438,-4.816451948
AGGATAATCCAAGGGA-1_2_1,IR,Treg,T,2.94686277,4.110800822
AGGATCTTCGGAAGGT-1_2_1,IR,gdT,T,7.599483562,-4.70120136
AGGCATTCAAGACGGT-1_2_1,IR,Cytotoxic,T,-2.595910954,1.607065518
AGGCATTGTCTTCCGT-1_2_1,IR,Cytotoxic,T,0.493412508,-2.815228145
AGGCCACGTAACGATA-1_2_1,IR,Treg,T,3.829231096,0.176690776
AGGGAGTTCGCAAGAG-1_2_1,IR,Cytotoxic,T,-1.049162911,0.937176545
AGGGCCTCAGGCGAAT-1_2_1,IR,gdT,T,8.58301313,-4.84671871
AGGGCCTTCTGTCGTC-1_2_1,IR,NK,NK,-8.398326324,-6.652360361
AGGGCTCAGGTTCCAT-1_2_1,IR,Cytotoxic,T,-0.309967743,-1.332896273
AGGGCTCAGTCGCGAA-1_2_1,IR,NaiveT,T,-0.959388899,7.73075207
AGGGCTCCACAGACGA-1_2_1,IR,Cytotoxic,T,-3.450279402,0.301662434
AGGGCTCGTCCGGCAT-1_2_1,IR,NK,NK,-6.07650988,-6.653573434
AGGGTCCTCACTGTTT-1_2_1,IR,NK,NK,-5.711040424,-5.399574678
AGGGTCCTCCACTGGG-1_2_1,IR,NK,NK,-7.934352325,-8.351346891
AGGGTGAAGAGCTGCA-1_2_1,IR,NK,NK,-4.997094559,-5.963345449
AGGGTGAAGGATGTTA-1_2_1,IR,Cytotoxic,T,-0.985219168,0.084979181
AGGGTGAGTGTGTGGA-1_2_1,IR,T-Helper,T,1.515039874,-0.169213269
AGGGTTTAGGTCCCGT-1_2_1,IR,NK,NK,-6.504437851,-7.189917009
AGGGTTTCAGAGTTCT-1_2_1,IR,NaiveT,T,-0.858068274,7.960578043
AGGTCATCAAGATCCT-1_2_1,IR,Cytotoxic,T,-3.423320936,1.896205146
AGGTCATCACAGACGA-1_2_1,IR,T-DN,T,-0.383765685,-1.511838596
AGGTCATCACGTCGGT-1_2_1,IR,NK,NK,-2.706548618,-2.817205589
AGGTCTAAGCAACAAT-1_2_1,IR,NK,NK,-6.651030468,-7.16228668
AGGTCTAAGCCTTGAT-1_2_1,IR,Cytotoxic,T,-4.341430592,1.490009863
AGGTCTACAGAGAAAG-1_2_1,IR,NK,NK,-5.354821609,-5.399952333
AGGTGTTCATTGCTTT-1_2_1,IR,NK,NK,-8.668398308,-6.872242372
AGGTGTTGTGGTCTAT-1_2_1,IR,T-Helper,T,0.804673744,0.227881749
AGGTTACAGTAGAGTT-1_2_1,IR,Cytotoxic,T,-0.198450999,-0.833332043
AGGTTACGTTCTGAGT-1_2_1,IR,NaiveT,T,2.332863403,8.720503886
AGGTTACTCCTGATAG-1_2_1,IR,NaiveT,T,1.663119627,7.584417422
AGTAACCAGTGGTTCT-1_2_1,IR,Treg,T,2.128831697,-2.185821455
AGTAACCGTTGTCAGT-1_2_1,IR,ILC,ILC,9.493145538,2.692373116
AGTAACCTCTATCGTT-1_2_1,IR,NaiveT,T,-0.655567037,7.007371504
AGTACCAAGCGTGTCC-1_2_1,IR,Cytotoxic,T,-1.357518958,-0.466932188
AGTACCACACACGTGC-1_2_1,IR,NK,NK,-7.739946293,-5.664623182
AGTACTGAGCGCTGAA-1_2_1,IR,TCM,T,0.623015536,5.648785193
AGTAGCTCACAAAGCG-1_2_1,IR,NaiveT,T,2.132398678,8.742814143
AGTAGTCCAAGACGGT-1_2_1,IR,NaiveT,T,2.245848013,6.180887301
AGTAGTCTCAATCGGT-1_2_1,IR,TCM,T,-1.749211835,4.331721384
AGTCAACTCCACGTAA-1_2_1,IR,NK,NK,-5.065488743,-4.972160261
AGTCACACAACAAGAT-1_2_1,IR,ILC,ILC,8.8624254,1.742604215
AGTCACACAAGTGCTT-1_2_1,IR,NaiveT,T,1.450176073,7.063406069
AGTCTCCCACTCTGCT-1_2_1,IR,T-Helper,T,1.047393633,-3.186473529
AGTCTCCCAGGGTCTC-1_2_1,IR,NKT,T,-5.106633591,-2.929494064
AGTCTCCTCTCCTGCA-1_2_1,IR,Cytotoxic,T,-3.214555668,2.514434893
AGTCTCCTCTCTGGTC-1_2_1,IR,ILC,ILC,8.53934343,2.440024693
AGTGACTGTCGAATGG-1_2_1,IR,Cytotoxic,T,-1.549978661,0.008598645
AGTGACTGTTGCTAGT-1_2_1,IR,NaiveT,T,-0.316905039,7.601380427
AGTGATCAGGGTTAGC-1_2_1,IR,Cytotoxic,T,-2.665782379,0.807051618
AGTGATCGTACTAAGA-1_2_1,IR,NK,NK,-6.227434086,-5.936456125
AGTGATCGTGGGAGAG-1_2_1,IR,T-Helper,T,1.6754591,4.524471362
AGTTAGCAGGCCTAAG-1_2_1,IR,TCM,T,-1.650945114,3.781862337
AGTTCCCAGCGCCTTG-1_2_1,IR,T-Helper,T,2.118751122,3.000278551
AGTTCCCCAGCTATAC-1_2_1,IR,NaiveT,T,-0.370261597,6.706702788
AGTTCCCCATGCCATA-1_2_1,IR,NK,NK,-1.024430679,-4.983802717
ATACCGAGTAGGGAGG-1_2_1,IR,NK,NK,-9.043735908,-8.051756303
ATACTTCAGGAAGTGA-1_2_1,IR,Treg,T,3.637091709,0.348608394
ATACTTCCATTACGGT-1_2_1,IR,TCM,T,0.690229608,5.98518904
ATACTTCGTTTCGACA-1_2_1,IR,T-DN,T,-0.537725078,-1.390577357
ATAGACCCACTTCAAG-1_2_1,IR,NK,NK,-6.158086227,-4.937347334
ATAGAGACAGCTATAC-1_2_1,IR,NKT,T,-4.710415291,-1.672922771
ATAGAGACAGTCAACT-1_2_1,IR,T-Helper,T,0.679146839,0.210999746
ATAGAGATCCACGTAA-1_2_1,IR,T-Helper,T,0.361156328,-0.971021097
ATAGAGATCTACTTCA-1_2_1,IR,T-Helper,T,1.04723872,-3.353186052
ATCACAGCAAGGAGTC-1_2_1,IR,Cytotoxic,T,-0.673450934,-0.774770539
ATCACAGGTCACAATC-1_2_1,IR,NaiveT,T,-0.75335555,7.283701022
ATCACAGTCCTCATAT-1_2_1,IR,NaiveT,T,2.184405399,8.675655444
ATCACGAGTAGCGCTC-1_2_1,IR,NaiveT,T,-2.026730703,5.867728789
ATCACGAGTCAATGGG-1_2_1,IR,NK,NK,-7.790957378,-6.981673639
ATCACGATCGAGTGAG-1_2_1,IR,Cytotoxic,T,-1.377115535,1.657270033
ATCACTTCACCATATG-1_2_1,IR,NK,NK,-6.547602581,-6.21841852
ATCAGGTCAGTGGTGA-1_2_1,IR,Cytotoxic,T,0.58504538,-4.051780384
ATCAGGTGTTAGGCTT-1_2_1,IR,NK,NK,-8.474500107,-6.138477724
ATCATTCAGCGACTGA-1_2_1,IR,NaiveT,T,1.105437768,8.709115107
ATCATTCGTCGAACGA-1_2_1,IR,T-Helper,T,1.034039689,-3.719554823
ATCCACCAGAGTACCG-1_2_1,IR,NK,NK,-6.03668158,-6.065321367
ATCCACCCACGAGGTA-1_2_1,IR,NaiveT,T,1.322102619,7.388963778
ATCCACCGTCCCAAAT-1_2_1,IR,gdT,T,9.59585054,-5.321793001
ATCCATTGTTCCGGTG-1_2_1,IR,NaiveT,T,-0.850778388,7.629859526
ATCCCTGAGGCATCAG-1_2_1,IR,NK,NK,-9.025994705,-8.476089399
ATCCGTCAGCCAGACA-1_2_1,IR,NK,NK,-5.460195469,-4.595272939
ATCCGTCGTACCGTCG-1_2_1,IR,Cytotoxic,T,-3.492048191,2.900625307
ATCCGTCTCTGGACCG-1_2_1,IR,NK,NK,-6.453751015,-6.192778986
ATCGATGAGTCAATCC-1_2_1,IR,NaiveT,T,2.214568687,8.455500681
ATCGATGTCTCTGCCA-1_2_1,IR,ILC,ILC,8.41163118,1.086806614
ATCGCCTAGCAGTAAT-1_2_1,IR,NK,NK,-7.641019749,-4.819713991
ATCGGATGTACCTTCC-1_2_1,IR,TCM,T,-2.420786785,-0.972866159
ATCGGCGGTACGATGG-1_2_1,IR,T-Helper,T,1.179283811,-3.220576446
ATCGGCGGTAGCTCGC-1_2_1,IR,ILC,ILC,7.922744347,1.68521281
ATCGTAGAGATTGATG-1_2_1,IR,Cytotoxic,T,-2.278122114,0.873673875
ATCGTAGAGCCGGATA-1_2_1,IR,Cytotoxic,T,0.602979911,-3.921951692
ATCGTAGAGTTATGGA-1_2_1,IR,NK,NK,-8.653437065,-6.658298891
ATCGTAGAGTTGGAGC-1_2_1,IR,NK,NK,-8.194034027,-5.925710123
ATCGTAGTCATTCACT-1_2_1,IR,NaiveT,T,1.201431705,7.340198119
ATCGTCCCACGTAACT-1_2_1,IR,NK,NK,-6.123137878,-6.805160444
ATCGTCCGTTTGCCGG-1_2_1,IR,Cytotoxic,T,0.828847421,-3.055906932
ATCTCTAGTTGTGCAT-1_2_1,IR,NaiveT,T,-0.422084021,7.923055727
ATCTTCACAAATGGTA-1_2_1,IR,NaiveT,T,2.445787979,6.995925982
ATCTTCAGTCTGGTTA-1_2_1,IR,NK,NK,-8.387005257,-7.068233888
ATGAAAGTCTCCGAAA-1_2_1,IR,Cytotoxic,T,-3.401342796,1.503539522
ATGACCACACATGTTG-1_2_1,IR,Cytotoxic,T,1.04164703,-3.462501209
ATGAGGGCACCCTTAC-1_2_1,IR,Cytotoxic,T,0.800139202,-4.217632215
ATGAGGGCAGTGGTGA-1_2_1,IR,NK,NK,-8.738398956,-8.042136591
ATGAGTCTCTATCGCC-1_2_1,IR,gdT,T,7.865126682,-5.97702543
ATGATCGCACCCTTGT-1_2_1,IR,T-Helper,T,0.536601437,-0.934646647
ATGCATGAGTAGGTTA-1_2_1,IR,gdT,T,2.198145462,-0.11055979
ATGCGATGTTACGGAG-1_2_1,IR,NaiveT,T,-1.849222826,6.305605013
ATGGAGGCACTGAATC-1_2_1,IR,NaiveT,T,-0.598137664,6.870753367
ATGGAGGCAGAACTAA-1_2_1,IR,T-DN,T,-0.495026874,-1.081105213
ATGGAGGTCCGATAAC-1_2_1,IR,NKT,T,-5.143891262,-2.748817127
ATGGATCAGCTAGATA-1_2_1,IR,NKT,T,-0.010303782,-1.076061945
ATGGATCGTATCGTTG-1_2_1,IR,NaiveT,T,2.16962154,6.402080614
ATGGATCGTCGTGGAA-1_2_1,IR,Cytotoxic,T,-1.676696943,0.18028747
ATGGATCTCGCAATTG-1_2_1,IR,Cytotoxic,T,-2.330829548,-0.225837867
ATGGTTGAGTCCGCGT-1_2_1,IR,Cytotoxic,T,-3.711953806,1.783107002
ATGGTTGCATTCAGCA-1_2_1,IR,TCM,T,1.030463112,5.997980673
ATGGTTGGTAACCCTA-1_2_1,IR,Cytotoxic,T,-4.235201286,-0.120427819
ATGTCCCAGCTAGAAT-1_2_1,IR,NK,NK,-9.073806213,-8.201197546
ATGTCTTAGACTTGTC-1_2_1,IR,NaiveT,T,-0.264922874,6.893688757
ATGTCTTAGGATGCGT-1_2_1,IR,Treg,T,2.512949539,-1.903012436
ATTACCTCATCCCACT-1_2_1,IR,ILC,ILC,7.603911949,1.310839493
ATTACCTTCCGTATAG-1_2_1,IR,T-Helper,T,2.190276695,3.4433554
ATTACCTTCTAAGCGT-1_2_1,IR,NK,NK,-6.533252167,-5.886652868
ATTACCTTCTTAGGAC-1_2_1,IR,NK,NK,-0.380485343,-4.485167902
ATTACTCAGTAAACAC-1_2_1,IR,ILC,ILC,8.580292297,1.309363086
ATTACTCCATATGAAG-1_2_1,IR,Cytotoxic,T,-3.805033134,0.190533299
ATTATCCTCATGCCGG-1_2_1,IR,Cytotoxic,T,-0.718675839,-4.773158949
ATTATCCTCGTTCCTG-1_2_1,IR,T-Helper,T,1.477632953,-2.833260458
ATTCAGGGTCTGCATA-1_2_1,IR,T-Helper,T,2.035620523,0.777392824
ATTCATCGTTATCTGG-1_2_1,IR,NaiveT,T,0.009769229,6.612858374
ATTCATCGTTCGGTTA-1_2_1,IR,NKT,T,-5.195917057,-6.801396291
ATTCCCGAGGATATAC-1_2_1,IR,NKT,T,-4.975529121,-2.848276775
ATTCCCGGTAAGTCAA-1_2_1,IR,NaiveT,T,1.296276165,6.629903395
ATTCCTAAGATGATTG-1_2_1,IR,Cytotoxic,T,-2.6728379,0.491625864
ATTCTACAGGCTTTCA-1_2_1,IR,Cytotoxic,T,-1.340629744,0.606160719
ATTCTTGAGATCGACG-1_2_1,IR,NaiveT,T,1.021197213,8.231548388
ATTCTTGGTAGATTGA-1_2_1,IR,Cytotoxic,T,1.534498526,-2.35828964
ATTCTTGTCAACGTGT-1_2_1,IR,T-Helper,T,1.086475564,-3.130603473
ATTGGGTCATAGCACT-1_2_1,IR,NK,NK,-6.582046913,-5.25114147
ATTGGGTTCTGCACCT-1_2_1,IR,Cytotoxic,T,-2.56562035,1.532199938
ATTGTTCAGACCATTC-1_2_1,IR,Cytotoxic,T,-0.389596271,-2.046774666
ATTGTTCCACCTGCTT-1_2_1,IR,T-Helper,T,2.039864851,1.51203378
ATTGTTCGTGAGGATC-1_2_1,IR,NaiveT,T,0.1110212,8.357969363
ATTGTTCTCCGCCTAT-1_2_1,IR,NK,NK,-9.057995247,-6.195725362
ATTGTTCTCGCCGTGA-1_2_1,IR,T-Helper,T,2.400400949,3.559723933
ATTTACCGTCAGACTT-1_2_1,IR,NK,NK,-9.015004562,-8.310903471
ATTTCACCATTGCAAC-1_2_1,IR,Cytotoxic,T,-3.900098728,3.023513873
ATTTCACGTCCACAGC-1_2_1,IR,T-Helper,T,0.904073132,-1.228314679
ATTTCACTCTGCGAGC-1_2_1,IR,NaiveT,T,2.334385229,8.005145152
ATTTCTGCAAGGTCTT-1_2_1,IR,NaiveT,T,-1.552182602,6.630673487
ATTTCTGTCCTCTTTC-1_2_1,IR,NK,NK,-8.820835518,-7.339120786
CAAAGAACAGCTACAT-1_2_1,IR,Treg,T,3.464436842,1.528112371
CAAAGAAGTGCGTGCT-1_2_1,IR,NaiveT,T,2.141985847,7.128871996
CAACAACAGAGACAAG-1_2_1,IR,T-Helper,T,0.3031909,-2.782597463
CAACAGTAGATAACGT-1_2_1,IR,Cytotoxic,T,-2.380575346,1.5637693
CAACAGTAGCACTCAT-1_2_1,IR,NaiveT,T,1.617091728,6.173595507
CAACAGTAGTCCCTAA-1_2_1,IR,NK,NK,-8.202184128,-8.478302877
CAACCAACAACTGCCG-1_2_1,IR,NK,NK,-0.410795199,-3.892983835
CAACCTCGTACTCGCG-1_2_1,IR,Cytotoxic,T,-3.503107714,0.119583924
CAACGATTCCACAAGT-1_2_1,IR,gdT,T,7.320680691,-5.68416826
CAACGGCAGCATCAAA-1_2_1,IR,Cytotoxic,T,-2.322268414,0.059861292
CAACGGCCAGGCGTTC-1_2_1,IR,TCM,T,-2.537825273,3.021686156
CAACGGCGTAGAGGAA-1_2_1,IR,ILC,ILC,7.701424671,1.876491268
CAAGACTCATCCGAGC-1_2_1,IR,NaiveT,T,2.992166353,6.813230116
CAAGACTTCATTTCCA-1_2_1,IR,NK,NK,-7.157747673,-7.001302641
CAAGCTACACGCGTGT-1_2_1,IR,NaiveT,T,-1.574989008,6.956632216
CAAGCTATCATGCAGT-1_2_1,IR,NK,NK,-8.539507317,-7.294886987
CAAGGGAAGCTGTACT-1_2_1,IR,T-Helper,T,2.639277531,1.595179994
CAAGGGACAGAATGTA-1_2_1,IR,ILC,ILC,7.600258423,1.03155132
CAAGGGAGTCTCCTGT-1_2_1,IR,NaiveT,T,0.795795394,7.578000624
CAATACGCAATGGGTG-1_2_1,IR,gdT,T,2.381928278,-3.270706098
CAATACGCATGTGCTA-1_2_1,IR,NaiveT,T,0.245054392,9.113948901
CAATCGACAAATTAGG-1_2_1,IR,gdT,T,2.747859789,0.713667412
CAATCGATCGGTGAAG-1_2_1,IR,T-Helper,T,0.176214249,0.127035711
CAATCGATCTTCGTGC-1_2_1,IR,T-Helper,T,2.222441746,0.950744827
CAATGACAGACGAAGA-1_2_1,IR,Cytotoxic,T,-1.466801094,0.224013199
CAATGACTCAGTGATC-1_2_1,IR,T-Helper,T,1.575657202,0.563859184
CAATGACTCGGTTGTA-1_2_1,IR,NKT,T,-5.080893444,-3.200197141
CACAACAGTCGACTTA-1_2_1,IR,NK,NK,-1.262748288,-4.03160898
CACACAAAGTAGTGCG-1_2_1,IR,NK,NK,-2.3119251,-2.480171363
CACACAAAGTCCCAAT-1_2_1,IR,NK,NK,-1.076866912,-4.452806394
CACACAACATAGAATG-1_2_1,IR,NK,NK,-7.427252697,-5.561811369
CACAGATAGTCGCCCA-1_2_1,IR,T-Helper,T,0.609487785,-1.134704392
CACAGATCAATTCACG-1_2_1,IR,gdT,T,9.204630447,-5.952261369
CACAGATGTGGTTTAC-1_2_1,IR,Cytotoxic,T,0.297968326,-1.542824428
CACAGATTCGTGGACC-1_2_1,IR,NK,NK,-0.544882046,-4.454679411
CACAGATTCTGCTCTG-1_2_1,IR,Cytotoxic,T,-2.888087915,1.077284176
CACAGGCGTGTGTACT-1_2_1,IR,T-Helper,T,2.843024326,3.029858668
CACCAAAGTATCGTGT-1_2_1,IR,NK,NK,-5.011956142,-5.240177076
CACCAAAGTTAAAGTG-1_2_1,IR,Cytotoxic,T,-1.014401959,1.528678615
CACCAAATCTCGGTCT-1_2_1,IR,Cytotoxic,T,-1.862912106,0.891100545
CACGAATGTGTATCCA-1_2_1,IR,NK,NK,-0.234786349,-4.444684904
CACGGGTAGACGTCCC-1_2_1,IR,Treg,T,3.383574558,-0.495646279
CACGTGGAGGTTACCT-1_2_1,IR,Cytotoxic,T,0.235959759,-4.257948797
CACGTGGCATTCTGTT-1_2_1,IR,Cytotoxic,T,-3.114830421,2.164540846
CACGTGGGTCCGACGT-1_2_1,IR,T-DN,T,0.074503464,-2.764925401
CACGTTCGTGTGTCGC-1_2_1,IR,NaiveT,T,0.080043336,7.938406069
CACTGGGAGTATTCCG-1_2_1,IR,T-Helper,T,0.554960234,0.653503735
CACTGGGAGTGCAAAT-1_2_1,IR,T-Helper,T,2.531488253,2.79545315
CACTGGGCATGGGAAC-1_2_1,IR,Cytotoxic,T,-1.927230047,2.155552227
CACTGTCGTAACTAAG-1_2_1,IR,NK,NK,-0.531911956,-4.309523504
CACTTCGCATTGCTGA-1_2_1,IR,ILC,ILC,8.094004227,1.966207583
CACTTCGTCTCCATAT-1_2_1,IR,NaiveT,T,2.245224548,6.232523997
CAGAGCCTCACTTGGA-1_2_1,IR,Cytotoxic,T,-3.407576488,1.307350595
CAGAGCCTCTTCGGTC-1_2_1,IR,Cytotoxic,T,-2.595055746,0.960468848
CAGATACAGTCACTCA-1_2_1,IR,NK,NK,-9.177273201,-8.039151113
CAGATACGTAACTTCG-1_2_1,IR,NKT,T,-3.387259411,-3.232434194
CAGATCAAGTCACTCA-1_2_1,IR,Cytotoxic,T,-1.536485361,1.235878904
CAGATCACACCTCAGG-1_2_1,IR,NK,NK,-8.853288101,-7.103527467
CAGATCAGTCGTCGGT-1_2_1,IR,NaiveT,T,-0.545674967,7.613860686
CAGATTGAGCGACTGA-1_2_1,IR,T-Helper,T,2.570113255,2.254252989
CAGATTGGTCCGGTGT-1_2_1,IR,Cytotoxic,T,-2.385589766,0.507242281
CAGCAATGTCGGAACA-1_2_1,IR,NK,NK,-8.238675522,-5.634166162
CAGCAATTCTTACGTT-1_2_1,IR,Cytotoxic,T,-4.732661652,1.773819525
CAGCACGAGTGGCCTC-1_2_1,IR,NKT,T,-5.089849876,-3.193199318
CAGCACGCAGTTTGGT-1_2_1,IR,NKT,T,-4.012998985,-3.995867889
CAGCACGGTATACCTG-1_2_1,IR,NKT,T,-4.597170757,-3.562706392
CAGCACGGTATGACAA-1_2_1,IR,Cytotoxic,T,-0.229538517,-1.359975498
CAGCACGGTTCAAGGG-1_2_1,IR,NK,NK,-5.293856548,-5.716649454
CAGCAGCGTACTCCGG-1_2_1,IR,NK,NK,-7.911584305,-6.247807424
CAGCAGCGTCATATGC-1_2_1,IR,NK,NK,-1.091826009,-5.021508615
CAGCAGCGTCTCAAGT-1_2_1,IR,NK,NK,-6.502872871,-6.499605577
CAGCAGCTCTACAGGT-1_2_1,IR,T-Helper,T,0.850707067,1.521733959
CAGCCAGGTTCCGCAG-1_2_1,IR,T-Helper,T,2.342820002,2.795832951
CAGCCAGTCAAGGTGG-1_2_1,IR,gdT,T,7.997643066,-5.801050108
CAGCCAGTCTCGGGAC-1_2_1,IR,NaiveT,T,1.034133268,7.294581492
CAGCGTGGTTGTGGAG-1_2_1,IR,NaiveT,T,0.56623189,8.607069094
CAGGCCAAGGTTCTTG-1_2_1,IR,NK,NK,-8.602862762,-5.772007864
CAGGGCTAGACGCTCC-1_2_1,IR,T-Helper,T,2.281371904,2.890543539
CAGGGCTGTAGCTTAC-1_2_1,IR,NaiveT,T,2.692727638,8.040982325
CAGGTATCATGAAAGT-1_2_1,IR,Cytotoxic,T,0.464190734,-3.660049598
CAGTTCCAGGACGCTA-1_2_1,IR,NK,NK,-6.91755526,-5.970281046
CAGTTCCTCGAAGCAG-1_2_1,IR,NK,NK,-5.403551983,-7.066234987
CAGTTCCTCTCAACCC-1_2_1,IR,T-Helper,T,0.329199953,-1.068964939
CAGTTCCTCTCGACCT-1_2_1,IR,NaiveT,T,-0.412205564,6.542404253
CATAAGCGTCAGGTAG-1_2_1,IR,NKT,T,-4.452896999,-1.683482926
CATAAGCTCCCGGTAG-1_2_1,IR,NKT,T,-5.375894474,-2.755189817
CATACAGGTCGTTATG-1_2_1,IR,TCM,T,-0.653656649,5.48486336
CATACCCAGGGCCTCT-1_2_1,IR,NKT,T,-5.341535496,-3.428046148
CATACCCCAAGAGCTG-1_2_1,IR,Treg,T,3.698551489,-0.493378531
CATACCCCAATTGAAG-1_2_1,IR,NK,NK,-6.50940554,-4.826670091
CATACTTAGGTCGTAG-1_2_1,IR,NK,NK,-5.960879253,-6.481821458
CATACTTCACCGTACG-1_2_1,IR,Cytotoxic,T,0.569144381,-3.784575861
CATACTTGTCATCCCT-1_2_1,IR,Cytotoxic,T,-4.522144245,0.931264598
CATAGACAGGTGCCTC-1_2_1,IR,gdT,T,9.690451218,-4.730295103
CATAGACGTTCCCAAA-1_2_1,IR,NK,NK,-6.812122272,-6.598719518
CATCAAGGTCAAAGCG-1_2_1,IR,NKT,T,-6.124896931,-6.415209215
CATCCCACATCTGTTT-1_2_1,IR,NaiveT,T,0.575157149,6.951114256
CATCCCAGTTGCTCGG-1_2_1,IR,Cytotoxic,T,-1.493855404,-0.093880583
CATCCGTAGCGTCGAA-1_2_1,IR,Cytotoxic,T,0.281252174,-3.691321533
CATCCGTGTGACCGAA-1_2_1,IR,NK,NK,-6.292161392,-7.219842355
CATCGCTAGTATAGAC-1_2_1,IR,NaiveT,T,-0.15911849,7.148347456
CATCGCTTCGGCTCTT-1_2_1,IR,Cytotoxic,T,0.33960831,-3.610230129
CATCGGGGTGCATTTG-1_2_1,IR,NaiveT,T,-1.701954411,6.669407446
CATCGGGTCCCTTGTG-1_2_1,IR,NK,NK,-5.17569487,-4.299369257
CATGAGTAGCTCCATA-1_2_1,IR,T-Helper,T,0.889692677,1.773605664
CATGAGTGTAGCGTCC-1_2_1,IR,NK,NK,-1.533050941,-4.370787065
CATGAGTGTCAACCTA-1_2_1,IR,NaiveT,T,1.034397794,7.876369078
CATGCAATCCAATCCC-1_2_1,IR,NaiveT,T,0.849243117,6.315662939
CATGCGGGTTTCTTAC-1_2_1,IR,T-Helper,T,2.302300764,2.477356036
CATGCGGTCATACGAC-1_2_1,IR,NKT,T,-0.307343053,-1.580706518
CATGCGGTCGACGTCG-1_2_1,IR,T-Helper,T,1.016080869,0.599821348
CATGCTCGTCGTACAT-1_2_1,IR,Cytotoxic,T,-5.160233425,0.10463648
CATGCTCTCTGTCGTC-1_2_1,IR,Cytotoxic,T,-1.665419744,6.137694437
CATGGATAGCGGTATG-1_2_1,IR,gdT,T,8.29345472,-3.759956281
CATTCCGCAGTTCACA-1_2_1,IR,NK,NK,-4.988030838,-4.740418832
CATTCCGGTTCCTAGA-1_2_1,IR,NK,NK,-8.680100845,-5.787131708
CATTTCAAGTTAACGA-1_2_1,IR,Cytotoxic,T,0.498329891,-4.108758371
CATTTCATCCGATGTA-1_2_1,IR,NK,NK,-1.31995921,-4.746644895
CATTTCATCTTGGTGA-1_2_1,IR,Cytotoxic,T,-3.482669043,1.308975537
CCAAGCGAGTCAAGCG-1_2_1,IR,NaiveT,T,-0.26656826,6.258015234
CCAAGCGGTATTCTCT-1_2_1,IR,NK,NK,-1.343661236,-4.839554708
CCAATGACAGCGCTTG-1_2_1,IR,NK,NK,-9.161977219,-7.45457403
CCAATGACAGTCGAGA-1_2_1,IR,T-DN,T,-0.045483576,-2.915796678
CCAATGAGTTAAGGAT-1_2_1,IR,Cytotoxic,T,-3.046688246,1.087987859
CCAATTTGTCGTGTTA-1_2_1,IR,NK,NK,-8.358023094,-6.855783384
CCAATTTTCCCACAGG-1_2_1,IR,T-Helper,T,0.62298022,1.032333333
CCACAAAAGATGTTAG-1_2_1,IR,Cytotoxic,T,-4.320109295,1.615768273
CCACAAATCAGAACCT-1_2_1,IR,NaiveT,T,1.645385576,6.778775294
CCACACTAGGTGCATG-1_2_1,IR,Cytotoxic,T,-2.116051125,-0.003025185
CCACACTCACGACAAG-1_2_1,IR,NKT,T,-5.132731842,-3.622735422
CCACACTTCGAGAATA-1_2_1,IR,T-DN,T,0.107656957,-3.043929498
CCACCATAGAGATCGC-1_2_1,IR,NK,NK,-7.845137047,-6.02429096
CCACCATCACGGCACT-1_2_1,IR,gdT,T,9.338629318,-4.084481161
CCACGAGCAAACTCTG-1_2_1,IR,NaiveT,T,-0.186127799,7.419449408
CCACGAGCAATACGCT-1_2_1,IR,T-Helper,T,1.039925231,1.000932653
CCACGAGCATGTACGT-1_2_1,IR,NK,NK,-6.720763611,-5.930101793
CCACGAGTCAAAGGTA-1_2_1,IR,NK,NK,-8.897406029,-6.14057533
CCACGTTGTCGTGATT-1_2_1,IR,gdT,T,8.211310936,-4.043881576
CCACTTGAGAACCCGA-1_2_1,IR,Cytotoxic,T,-5.206303047,0.337023903
CCACTTGCAGGGATAC-1_2_1,IR,gdT,T,8.301089836,-5.023010652
CCACTTGGTGCGAGTA-1_2_1,IR,NaiveT,T,1.31632073,7.741337378
CCACTTGGTGGAAATT-1_2_1,IR,NK,NK,-6.712203907,-5.886763971
CCATAAGTCCAGCCTT-1_2_1,IR,Cytotoxic,T,-3.576778101,2.205761034
CCATAAGTCTAATTCC-1_2_1,IR,NK,NK,-1.555262851,-4.909659784
CCATCACGTAACACGG-1_2_1,IR,ILC,ILC,8.603359772,1.22342654
CCATCACGTTTCGACA-1_2_1,IR,T-Helper,T,2.45076306,2.658576329
CCCAACTAGCCGTTAT-1_2_1,IR,Treg,T,2.906673027,4.084480841
CCCAACTAGGGCAGAG-1_2_1,IR,NK,NK,-5.715304302,-4.485860269
CCCATTGCACTACGGC-1_2_1,IR,NaiveT,T,1.815002514,8.426754076
CCCATTGCAGTATTCG-1_2_1,IR,Cytotoxic,T,-2.064136909,0.644702155
CCCATTGGTTATGTCG-1_2_1,IR,Cytotoxic,T,0.660398735,2.247925599
CCCATTGGTTGAGTCT-1_2_1,IR,NaiveT,T,0.116685094,7.176349718
CCCGAAGTCAGTGCGC-1_2_1,IR,NaiveT,T,2.439457489,8.010190089
CCCGAAGTCGGTGAAG-1_2_1,IR,NK,NK,-1.114898609,-4.109429281
CCCGGAACAGGTCAAG-1_2_1,IR,Cytotoxic,T,0.607539339,-1.586845439
CCCGGAAGTTAGAGAT-1_2_1,IR,NaiveT,T,-2.099488901,6.071680624
CCCGGAAGTTTCAGAC-1_2_1,IR,NK,NK,-5.538986134,-7.123770158
CCCGGAATCACCCATC-1_2_1,IR,T-Helper,T,0.96344067,0.359100301
CCCTAACAGTTGAAGT-1_2_1,IR,Treg,T,4.244385315,1.857591469
CCCTAACGTCACCGCA-1_2_1,IR,Cytotoxic,T,-3.059112953,1.945774157
CCCTAACGTTTCACTT-1_2_1,IR,NaiveT,T,0.855518116,8.818319399
CCCTCAACAAGAGTGC-1_2_1,IR,ILC,ILC,7.357097698,1.595089633
CCCTCAAGTCACTTAG-1_2_1,IR,NaiveT,T,1.47564776,8.952795107
CCCTCTCGTACGAGTG-1_2_1,IR,NK,NK,-4.212214397,-4.427768629
CCCTGATGTGGTTTGT-1_2_1,IR,NaiveT,T,2.226238562,6.275765498
CCCTTAGAGCAAACAT-1_2_1,IR,T-Helper,T,1.020991219,-3.786621492
CCCTTAGCAAGAGATT-1_2_1,IR,NaiveT,T,0.603850407,6.407882769
CCCTTAGCACACGGTC-1_2_1,IR,gdT,T,2.150714589,0.407462795
CCCTTAGTCGCGGACT-1_2_1,IR,ILC,ILC,8.526110245,1.654589732
CCGAACGCACAAGTGG-1_2_1,IR,NK,NK,-8.389630722,-6.767383497
CCGAACGGTGTCACAT-1_2_1,IR,T-DN,T,0.318158654,-3.072398822
CCGATCTAGAGCATTA-1_2_1,IR,NK,NK,-7.051589893,-5.324570577
CCGATCTCAGCGATTT-1_2_1,IR,Cytotoxic,T,-0.766643034,-0.993322353
CCGATGGTCTACGCGG-1_2_1,IR,ILC,ILC,9.148525787,2.250193436
CCGCAAGCAGTCGCTG-1_2_1,IR,Cytotoxic,T,-5.209325241,0.183595259
CCGGACAGTAAGTTGA-1_2_1,IR,Cytotoxic,T,-0.405393588,-0.281876128
CCGGACAGTGTTCGAT-1_2_1,IR,NKT,T,-3.945868896,-3.374105852
CCGGGTACATGGGATG-1_2_1,IR,NK,NK,-5.59157412,-5.877863805
CCGGTAGAGCGTTCAT-1_2_1,IR,Cytotoxic,T,0.889535619,-3.59428088
CCGGTAGCAGTTTCAG-1_2_1,IR,NK,NK,-0.576651441,-4.623088758
CCGGTGAAGTATGCAA-1_2_1,IR,NK,NK,-5.958505558,-5.478092592
CCGTAGGGTAGCGTTT-1_2_1,IR,NKT,T,-4.212767052,-4.039437931
CCGTAGGTCCAACTGA-1_2_1,IR,NKT,T,-3.670981096,-2.975918214
CCGTGAGTCCACACCT-1_2_1,IR,T-DN,T,-0.056307929,-2.811337869
CCGTGAGTCCCGAGTG-1_2_1,IR,NaiveT,T,0.317547155,7.193718512
CCGTTCAAGTCATTGC-1_2_1,IR,NK,NK,-7.307849812,-5.7670273
CCTAACCCAAACTAGA-1_2_1,IR,NK,NK,-7.734741138,-6.244583528
CCTAAGAAGGTAAGAG-1_2_1,IR,NaiveT,T,2.891915394,7.051917155
CCTAAGACAGTCAGCC-1_2_1,IR,ILC,ILC,8.372144295,2.347910006
CCTAAGAGTACGGGAT-1_2_1,IR,Cytotoxic,T,0.511445833,-2.870608966
CCTAAGAGTTGGAGGT-1_2_1,IR,T-Helper,T,1.316428734,-3.005636613
CCTAAGATCTCAAAGC-1_2_1,IR,NK,NK,-6.584900307,-7.357626836
CCTACGTAGTCACACT-1_2_1,IR,Cytotoxic,T,-4.204085754,2.44974025
CCTCAACTCAGGAAAT-1_2_1,IR,Cytotoxic,T,-1.320181774,0.265894194
CCTCAACTCCACTGAA-1_2_1,IR,Cytotoxic,T,1.033396376,-2.297140281
CCTCACAAGCTGGCTC-1_2_1,IR,Cytotoxic,T,-0.462470817,-0.120861288
CCTCACAGTGGCTGAA-1_2_1,IR,Cytotoxic,T,-3.791039633,1.911109049
CCTCACATCACCGGGT-1_2_1,IR,NK,NK,-5.820305275,-4.943642538
CCTCAGTGTACGTACT-1_2_1,IR,Cytotoxic,T,0.396944759,-3.45525543
CCTCATGAGGAAAGGT-1_2_1,IR,NK,NK,-2.397189545,-2.523552339
CCTCATGCAAACTCGT-1_2_1,IR,NaiveT,T,0.93788637,6.743544657
CCTCATGCAGTCGGAA-1_2_1,IR,gdT,T,2.173925949,-0.015773777
CCTCATGTCACCGCTT-1_2_1,IR,T-Helper,T,0.697606398,0.76831903
CCTCCAACATAATCGC-1_2_1,IR,NaiveT,T,2.368476463,7.451344569
CCTCCAAGTAGACGGT-1_2_1,IR,TCM,T,-1.697534131,4.659843523
CCTCTAGAGTCATGGG-1_2_1,IR,ILC,ILC,8.196313454,2.140363057
CCTCTAGTCCTCAGGG-1_2_1,IR,Cytotoxic,T,0.577529175,-3.980488937
CCTCTCCAGCGACTTT-1_2_1,IR,Cytotoxic,T,-4.270920204,2.390989859
CCTCTCCCACTTTATC-1_2_1,IR,NKT,T,-5.327496933,-3.478916328
CCTGCATAGGATGCGT-1_2_1,IR,Cytotoxic,T,-4.357952522,1.347858031
CCTGCATGTGTCACAT-1_2_1,IR,NaiveT,T,-0.55200802,8.275932391
CCTGCATGTTCCGCGA-1_2_1,IR,Cytotoxic,T,-0.681659149,-1.414596002
CCTGCATTCCCATTTA-1_2_1,IR,NaiveT,T,-1.930569338,5.734250624
CCTGCATTCGGTGTTA-1_2_1,IR,NKT,T,-4.04892342,-3.130549591
CCTGTTGAGGCCCGTT-1_2_1,IR,Cytotoxic,T,-3.821466373,0.167625923
CCTGTTGTCCATTTGT-1_2_1,IR,Cytotoxic,T,-2.462371277,2.044022877
CCTTCAGTCGAGAAAT-1_2_1,IR,Cytotoxic,T,-3.15232818,1.343495328
CCTTGTGAGAATCGAT-1_2_1,IR,NaiveT,T,2.418677403,8.367541392
CCTTGTGCAAAGCACG-1_2_1,IR,gdT,T,9.881365372,-5.649846952
CCTTGTGCACCAAAGG-1_2_1,IR,Cytotoxic,T,-0.807038771,-0.219410892
CGAAGGAAGGTGATAT-1_2_1,IR,T-Helper,T,0.75178243,-0.130698627
CGAAGGACACCGTCTT-1_2_1,IR,Cytotoxic,T,-2.568876671,0.685303707
CGAAGGATCCACGTGG-1_2_1,IR,NaiveT,T,-0.100408392,8.029498179
CGAAGTTAGCTCATAC-1_2_1,IR,Cytotoxic,T,-3.328077244,2.479146082
CGAATTGCACGCGTGT-1_2_1,IR,NKT,T,-6.047952103,-2.225906532
CGAATTGTCATGGATC-1_2_1,IR,NaiveT,T,2.538236929,7.500388701
CGACAGCCAAAGGAGA-1_2_1,IR,ILC,ILC,6.896394325,1.955023844
CGACAGCCAACCGCCA-1_2_1,IR,NKT,T,-5.600696014,-2.147058408
CGACAGCCATTCGGGC-1_2_1,IR,NaiveT,T,-0.446119832,5.999039729
CGACAGCTCGAGGCAA-1_2_1,IR,NaiveT,T,0.958953453,6.691722472
CGAGAAGCATAACCCA-1_2_1,IR,Cytotoxic,T,-2.916346716,0.549624998
CGAGGAAAGGTATTGA-1_2_1,IR,T-Helper,T,0.728979183,0.639362652
CGAGGAATCTACCTTA-1_2_1,IR,Cytotoxic,T,0.178230177,-3.10359041
CGAGTGCAGTCGCCCA-1_2_1,IR,NaiveT,T,0.088609589,7.112564165
CGAGTGCCACTCACTC-1_2_1,IR,gdT,T,8.284303261,-5.763966959
CGAGTTAGTACTGCCG-1_2_1,IR,Treg,T,3.077191425,2.784488041
CGATCGGAGGAGAATG-1_2_1,IR,Cytotoxic,T,0.406993149,-3.990988414
CGATCGGCAGTAGGAC-1_2_1,IR,NKT,T,-5.150864529,-6.768112104
CGATGCGCACTAGGCC-1_2_1,IR,T-DN,T,-0.684642898,-1.306845348
CGATGGCCAGGTTTAC-1_2_1,IR,Cytotoxic,T,-3.941481518,2.641968567
CGATGGCGTTCAAGGG-1_2_1,IR,ILC,ILC,6.54555328,1.886614759
CGATGGCTCGTAGTCA-1_2_1,IR,NK,NK,-1.387565779,-4.824818056
CGCAGGTCATGACCCG-1_2_1,IR,T-Helper,T,1.339609338,1.517669518
CGCAGGTGTTGTCAGT-1_2_1,IR,NK,NK,-6.13883345,-6.782237928
CGCATAAAGCCAGACA-1_2_1,IR,NK,NK,-9.079269814,-7.671714704
CGCATAACAAGGATGC-1_2_1,IR,NK,NK,-1.354303287,-5.09847204
CGCATAAGTTGCGGCT-1_2_1,IR,gdT,T,9.182447983,-7.13093559
CGCATAAGTTGGGAAC-1_2_1,IR,NaiveT,T,-1.940235304,5.579455454
CGCATGGAGCTCACTA-1_2_1,IR,Cytotoxic,T,0.575959189,-3.770291488
CGCATGGCAGAAGTTA-1_2_1,IR,NK,NK,-5.371681618,-5.074878137
CGCATGGGTATTTCTC-1_2_1,IR,T-Helper,T,0.135409105,-0.029643211
CGCATGGTCCTTCACG-1_2_1,IR,Cytotoxic,T,-1.273744749,0.313108165
CGCCATTCATCAGTCA-1_2_1,IR,Cytotoxic,T,-2.675619053,1.901912529
CGCGTGAAGGGTCAAC-1_2_1,IR,Cytotoxic,T,-1.208217787,-0.225356932
CGCGTGAAGGTAGATT-1_2_1,IR,gdT,T,8.920364929,-5.04870836
CGCGTGATCTAAGAAG-1_2_1,IR,NK,NK,-8.502240585,-6.459387701
CGGAACCCAAGCTCTA-1_2_1,IR,Cytotoxic,T,-2.815811562,0.375828613
CGGAACCCACGAGAAC-1_2_1,IR,gdT,T,8.880871368,-6.44908468
CGGAACCGTGCCAAGA-1_2_1,IR,NaiveT,T,1.430862142,7.03654917
CGGAACCTCGACATTG-1_2_1,IR,Cytotoxic,T,-2.889990019,1.447244127
CGGAACCTCGCTAGCG-1_2_1,IR,NaiveT,T,2.080187751,6.502168257
CGGAACCTCTAGACCA-1_2_1,IR,NaiveT,T,2.328255487,6.848055441
CGGAATTTCCCTGGTT-1_2_1,IR,T-Helper,T,1.485829187,-2.74740092
CGGACACCACTTCTCG-1_2_1,IR,T-DN,T,-0.067822697,-2.683679979
CGGACACCAGCGTACC-1_2_1,IR,T-Helper,T,2.396535946,1.496862728
CGGACACCATGGGCAA-1_2_1,IR,NK,NK,-6.219592499,-6.815633695
CGGGACTAGTAGGGTC-1_2_1,IR,Cytotoxic,T,-1.4008085,5.608192522
CGGGACTTCTGAGAAA-1_2_1,IR,Cytotoxic,T,-0.840166258,0.091941242
CGGGCATCATGGCTAT-1_2_1,IR,NKT,T,-4.16315596,-1.983703415
CGGGCATTCGCTGTTC-1_2_1,IR,ILC,ILC,9.022256447,2.4103566
CGGGTCAAGTCTCCTC-1_2_1,IR,NaiveT,T,-0.430424975,7.736109335
CGGGTCACAAAGGCTG-1_2_1,IR,Cytotoxic,T,0.75100149,-3.756692569
CGGGTCACACTGGATT-1_2_1,IR,Cytotoxic,T,-3.370286869,1.278903563
CGGGTCAGTTTGGAGG-1_2_1,IR,NaiveT,T,1.459978891,6.90609463
CGGGTGTGTAGCTTAC-1_2_1,IR,NaiveT,T,-0.680807935,8.501534541
CGGTCAGAGGTGCATG-1_2_1,IR,TCM,T,-1.409300851,5.163379271
CGTAATGCAGAGTGTG-1_2_1,IR,NKT,T,-4.965523647,-1.924492519
CGTAATGTCCGGACTG-1_2_1,IR,NaiveT,T,-0.65196638,7.388713915
CGTAGTACAAATGGAT-1_2_1,IR,NK,NK,-8.130727219,-7.48647825
CGTCAAAAGTAGTGCG-1_2_1,IR,NK,NK,-8.754955696,-6.30306236
CGTCAAACAGTCAACT-1_2_1,IR,Cytotoxic,T,0.129595278,-2.849379938
CGTCAAAGTAATCAGA-1_2_1,IR,Cytotoxic,T,-0.980815338,0.38151889
CGTCAAAGTCCAAGAG-1_2_1,IR,Cytotoxic,T,0.298728747,-3.193567674
CGTCCATGTCATCTAG-1_2_1,IR,NK,NK,-5.787083076,-7.257476251
CGTGAATAGACCTCAT-1_2_1,IR,Cytotoxic,T,-3.938837933,-0.468742232
CGTGAATTCGAACACT-1_2_1,IR,NKT,T,-4.963164734,-3.149945657
CGTGATAAGGCAATGC-1_2_1,IR,Cytotoxic,T,-1.954919266,-0.083173619
CGTGCTTGTCTTCAAG-1_2_1,IR,NaiveT,T,0.127207858,6.732428152
CGTGTCTTCAAACGAA-1_2_1,IR,TCM,T,-2.012815641,4.700267393
CGTGTCTTCGCGTGAC-1_2_1,IR,Cytotoxic,T,-1.698852467,7.205675204
CGTGTCTTCTACTCAT-1_2_1,IR,Cytotoxic,T,-4.05153458,1.957215149
CGTGTCTTCTCGAGTA-1_2_1,IR,NK,NK,-1.227310108,-5.066405218
CGTTAGAAGGAAAGAC-1_2_1,IR,TCM,T,-1.46694486,3.934807379
CGTTAGAAGGTTCCGC-1_2_1,IR,NaiveT,T,1.684547378,8.022007067
CGTTAGACAAGTGCAG-1_2_1,IR,NaiveT,T,0.395808292,7.873913367
CGTTAGATCGACGAGA-1_2_1,IR,Cytotoxic,T,0.413722737,-3.554447334
CGTTCTGCACGTCGGT-1_2_1,IR,NKT,T,-5.116602348,-2.828189294
CGTTGGGTCAAGTGTC-1_2_1,IR,T-Helper,T,2.344267918,2.732630093
CTAACCCCATTAAGCC-1_2_1,IR,NaiveT,T,0.787534429,6.905691225
CTAACCCTCGGCCAAC-1_2_1,IR,T-Helper,T,0.816118909,-3.306641262
CTAACTTTCCACGTGG-1_2_1,IR,T-Helper,T,1.316523505,2.25944813
CTAACTTTCGAGAACG-1_2_1,IR,gdT,T,8.927363945,-5.497181814
CTAAGTGCAATAGGAT-1_2_1,IR,Cytotoxic,T,-2.052125381,1.357948859
CTAAGTGCACTTGAAC-1_2_1,IR,NK,NK,-8.73629229,-7.130880277
CTAAGTGGTTATGACC-1_2_1,IR,ILC,ILC,7.084856106,1.3861533
CTACATTGTCGAAGCA-1_2_1,IR,NK,NK,-1.229224609,-5.034427087
CTACCTGCAAAGGAGA-1_2_1,IR,NK,NK,-0.23528667,-4.3752474
CTACCTGCAAGAGGTC-1_2_1,IR,gdT,T,10.23365553,-5.613372247
CTACCTGCATGCAGCC-1_2_1,IR,T-Helper,T,2.242134644,2.977874358
CTACGGGCACAAAGCG-1_2_1,IR,T-Helper,T,0.110025296,1.616888363
CTACGGGGTGAGCGAT-1_2_1,IR,NaiveT,T,-0.750657426,7.876931746
CTACGGGTCAGAGCAG-1_2_1,IR,Treg,T,3.538232637,0.060270761
CTACGGGTCGCCTTTG-1_2_1,IR,T-Helper,T,2.218170954,3.099626381
CTACGGGTCTCATAGG-1_2_1,IR,NK,NK,-0.891851591,-5.053137224
CTACTATAGGGTACGT-1_2_1,IR,Cytotoxic,T,-2.62957375,0.568790932
CTACTATCACACGCCA-1_2_1,IR,NK,NK,-8.62090628,-6.580237787
CTAGGTAAGGCCGCTT-1_2_1,IR,NK,NK,-0.857614326,-4.71456949
CTAGGTACAAATACAG-1_2_1,IR,NaiveT,T,2.274160458,7.607287486
CTAGGTACAACTCGTA-1_2_1,IR,NK,NK,-6.685087131,-4.884563367
CTAGGTACAGCTGGTC-1_2_1,IR,Cytotoxic,T,-0.393412994,-0.537581157
CTAGGTAGTATCGATC-1_2_1,IR,T-Helper,T,0.96447338,0.473828216
CTAGGTATCACGGTCG-1_2_1,IR,NK,NK,-5.314590858,-5.05200855
CTATAGGGTGTATTGC-1_2_1,IR,NK,NK,-5.457117962,-7.1536812
CTATCCGAGTGCGACA-1_2_1,IR,T-Helper,T,0.512634737,-3.185338419
CTATCTACAGCAGTAG-1_2_1,IR,gdT,T,8.260311676,-6.326681059
CTATCTACAGTCGGTC-1_2_1,IR,NKT,T,-3.219278978,-2.483934324
CTATCTAGTGGACCAA-1_2_1,IR,Cytotoxic,T,-0.860312151,0.889719684
CTCAACCCAGAGAGGG-1_2_1,IR,NaiveT,T,1.614700628,8.671798785
CTCAACCTCTTACCAT-1_2_1,IR,Cytotoxic,T,0.740521384,-3.575537126
CTCAAGATCAAACTGC-1_2_1,IR,Cytotoxic,T,-1.176116752,1.233358343
CTCAATTAGAGCATTA-1_2_1,IR,NaiveT,T,0.568092657,7.276069243
CTCAATTTCCTAAGTG-1_2_1,IR,ILC,ILC,8.494409157,2.281317551
CTCACTGAGGAAAGGT-1_2_1,IR,NaiveT,T,-0.957332181,7.536624033
CTCACTGAGGAAAGTG-1_2_1,IR,Cytotoxic,T,-3.173950361,0.446678002
CTCACTGCACCTCGTT-1_2_1,IR,NaiveT,T,2.521207882,7.692145426
CTCACTGTCGGACGTC-1_2_1,IR,Cytotoxic,T,-1.051636027,0.818143446
CTCAGAATCATCGACA-1_2_1,IR,T-DN,T,-0.023626568,-2.762258213
CTCAGGGGTAATGTGA-1_2_1,IR,T-Helper,T,1.749126984,1.813164313
CTCATCGAGTCGTCTA-1_2_1,IR,NaiveT,T,2.272037102,8.161594469
CTCATCGCAAGCGCAA-1_2_1,IR,Cytotoxic,T,0.295192404,-3.05188791
CTCATCGCACGACTAT-1_2_1,IR,NaiveT,T,0.736301256,7.32511862
CTCATGCGTCATTCCC-1_2_1,IR,Cytotoxic,T,0.239906868,-3.755477827
CTCATGCTCGTGACTA-1_2_1,IR,Cytotoxic,T,-2.330137657,4.985400755
CTCATTAAGCCACCGT-1_2_1,IR,NK,NK,-5.009603905,-5.109967153
CTCATTAGTTTCGCTC-1_2_1,IR,NK,NK,-5.27891581,-7.270992677
CTCCAACCAGGAACCA-1_2_1,IR,NK,NK,-8.437703537,-6.866961401
CTCCACAAGACCATTC-1_2_1,IR,NK,NK,-1.2725883,-4.424347322
CTCCACAAGCTCTATG-1_2_1,IR,NKT,T,-4.608926224,-2.605700414
CTCCACATCTGGACCG-1_2_1,IR,NK,NK,-0.258745896,-4.542591016
CTCCATGGTGCACGCT-1_2_1,IR,NK,NK,-7.630054878,-5.011422079
CTCCCAAGTCAATCTG-1_2_1,IR,Cytotoxic,T,-4.115034508,-0.619279008
CTCCCAAGTGGGCTTC-1_2_1,IR,T-DN,T,0.107009323,1.969873507
CTCCCAATCACCGCTT-1_2_1,IR,NK,NK,-7.509277271,-5.981285017
CTCCCAATCGATGGAG-1_2_1,IR,gdT,T,2.370429827,0.449915309
CTCCCTCAGAAGCTCG-1_2_1,IR,NKT,T,-5.192369865,-1.614758413
CTCCCTCTCATGCGGC-1_2_1,IR,NaiveT,T,-1.401801752,6.592387755
CTCCGATCATGGATCT-1_2_1,IR,Cytotoxic,T,0.337131617,-2.239657562
CTCCGATGTATGGTTC-1_2_1,IR,NKT,T,-5.009491371,-1.567708891
CTCCTCCAGCTACTAC-1_2_1,IR,Cytotoxic,T,-3.650035309,-0.246236872
CTCCTCCGTAGCCAGA-1_2_1,IR,NKT,T,-5.005127357,-2.559494178
CTCCTTTTCAGCCCAG-1_2_1,IR,T-Helper,T,0.653532876,1.780528147
CTCCTTTTCATCGCCT-1_2_1,IR,NK,NK,-0.450412976,-4.66177408
CTCCTTTTCCATGAGT-1_2_1,IR,NK,NK,-5.024847435,-4.507808607
CTCGAGGCACTAGAGG-1_2_1,IR,Cytotoxic,T,-2.678116249,0.078702052
CTCGAGGGTATCACCA-1_2_1,IR,Cytotoxic,T,-2.870282577,0.987176616
CTCGAGGTCTTTGCGC-1_2_1,IR,Cytotoxic,T,-0.738254415,-0.238395121
CTCTCAGAGCCTCAAT-1_2_1,IR,Cytotoxic,T,0.428220345,-2.453492324
CTCTCAGGTCCCTGAG-1_2_1,IR,T-Helper,T,1.06309302,1.527474244
CTCTCAGGTTGCCTAA-1_2_1,IR,NKT,T,-5.086979317,-3.372600715
CTCTCAGTCGTCCTCA-1_2_1,IR,NK,NK,-7.358692097,-6.551718633
CTCTCGAGTCTTGCTC-1_2_1,IR,NaiveT,T,-0.249649154,6.691732008
CTCTCGATCTCGCTCA-1_2_1,IR,T-Helper,T,0.848031713,1.433311064
CTCTGGTCAACTTGCA-1_2_1,IR,NK,NK,-6.413310932,-6.343980711
CTCTGGTCAGAAGCTG-1_2_1,IR,NK,NK,-5.54061644,-6.288992803
CTCTGGTGTCCATAGT-1_2_1,IR,NK,NK,-7.711251663,-6.223553102
CTCTGGTGTGAGATTA-1_2_1,IR,NK,NK,-1.280001925,-5.06286947
CTGAATGGTATTCCTT-1_2_1,IR,NKT,T,-4.641959118,-2.88211314
CTGAGCGAGACCAGCA-1_2_1,IR,NK,NK,-0.849856066,-4.651605051
CTGAGGCAGGTTCTAC-1_2_1,IR,NaiveT,T,1.238908483,8.284373362
CTGATCCAGATAACAC-1_2_1,IR,NK,NK,-0.760422396,-4.55301563
CTGCAGGAGAAGTCCG-1_2_1,IR,T-Helper,T,0.884118927,-3.778935115
CTGCAGGTCACCGACG-1_2_1,IR,NaiveT,T,0.685649289,8.180999834
CTGCATCGTCTATGAC-1_2_1,IR,NaiveT,T,-0.780831622,6.897935946
CTGCCATAGTCATAGA-1_2_1,IR,Cytotoxic,T,-3.3152117,0.220345546
CTGCCATCAAACACCT-1_2_1,IR,NaiveT,T,1.351815415,6.044275362
CTGCCATCAATCAAGA-1_2_1,IR,Cytotoxic,T,0.768576218,-3.836065929
CTGCCATGTCGTGGAA-1_2_1,IR,Cytotoxic,T,-3.61936252,1.617905457
CTGCCTAAGGAACGCT-1_2_1,IR,gdT,T,8.957675529,-4.8972768
CTGCGAGAGAGGTCAC-1_2_1,IR,NaiveT,T,0.199495712,7.751048643
CTGCGAGAGGCTCCCA-1_2_1,IR,NK,NK,-7.047700809,-6.441800039
CTGCGAGCACAAATCC-1_2_1,IR,NK,NK,-4.938603806,-5.728332918
CTGCTCAAGCTAAATG-1_2_1,IR,NK,NK,-5.307796406,-6.223961752
CTGGACGCAAATGAAC-1_2_1,IR,Cytotoxic,T,-4.143386768,1.211121995
CTGGTCTAGTGTTCAC-1_2_1,IR,NaiveT,T,2.041835261,6.644545157
CTGGTCTCACCTCTGT-1_2_1,IR,NKT,T,-5.419879841,-1.283061307
CTGGTCTCACTAACCA-1_2_1,IR,NaiveT,T,0.310189171,6.254951079
CTGGTCTGTTATTCCT-1_2_1,IR,ILC,ILC,5.991992546,1.958416779
CTGTAGAAGAGAGCCT-1_2_1,IR,NK,NK,-0.962710546,-5.086119096
CTGTAGAAGCGACTAG-1_2_1,IR,Cytotoxic,T,0.483587516,-3.823950689
CTGTAGAGTGACTAAA-1_2_1,IR,NaiveT,T,1.101058436,9.085666735
CTGTATTGTCGTCAGC-1_2_1,IR,NK,NK,-5.783797192,-7.269925516
CTGTCGTAGTAGGAAG-1_2_1,IR,Cytotoxic,T,0.766464604,-2.700104396
CTGTCGTGTACCGTCG-1_2_1,IR,T-Helper,T,-0.500037359,-0.7564076
CTGTCGTGTTAGAAAC-1_2_1,IR,NaiveT,T,-1.122350501,7.064468462
CTGTCGTTCGCATTAG-1_2_1,IR,T-Helper,T,0.902468098,0.557863672
CTGTGAACACCCTGTT-1_2_1,IR,T-Helper,T,0.726973129,-0.443683456
CTGTGAATCTGCCTCA-1_2_1,IR,NaiveT,T,0.878629697,6.934869368
CTGTGAATCTGGCTGG-1_2_1,IR,Cytotoxic,T,-1.497180509,0.147701059
CTGTGGGTCACCTGTC-1_2_1,IR,T-Helper,T,2.004832459,2.985731442
CTTACCGAGAGTGAAG-1_2_1,IR,NK,NK,-8.026932167,-6.803727548
CTTAGGAGTACAGGTG-1_2_1,IR,T-Helper,T,2.814558817,2.740527708
CTTAGGAGTTGGTAGG-1_2_1,IR,NK,NK,-5.861567425,-6.122383993
CTTAGGAGTTGTGCAT-1_2_1,IR,NK,NK,-7.531536983,-7.7458481
CTTCAATGTTTCTATC-1_2_1,IR,Treg,T,4.01192267,0.227036912
CTTCAATTCCATTTGT-1_2_1,IR,Cytotoxic,T,0.628497733,-3.795487087
CTTCCTTAGTATGCAA-1_2_1,IR,ILC,ILC,7.204353882,1.484440286
CTTCCTTGTACTTCCC-1_2_1,IR,Cytotoxic,T,-3.040432619,1.648338396
CTTCCTTTCTTGTTAC-1_2_1,IR,NaiveT,T,2.182270599,4.506204207
CTTCGGTCAGGTATGG-1_2_1,IR,NK,NK,-6.924180435,-5.75129978
CTTCGGTGTCAAATCC-1_2_1,IR,NK,NK,-4.576516079,-5.589273851
CTTCGGTGTCAGTTTG-1_2_1,IR,NK,NK,-0.437146472,-4.427782934
CTTCTAAAGTGACCTT-1_2_1,IR,NK,NK,-1.140476393,-4.770626943
CTTCTCTCATGTGCTA-1_2_1,IR,T-Helper,T,2.12152393,1.766999562
CTTCTCTGTCGCATCG-1_2_1,IR,NaiveT,T,1.747185422,6.714467127
CTTGAGAGTAGACGTG-1_2_1,IR,NaiveT,T,2.529810501,7.891583998
CTTGATTAGAGTCTTC-1_2_1,IR,NK,NK,-1.946274446,-4.94810621
CTTGATTCAAATGCGG-1_2_1,IR,Cytotoxic,T,0.246415501,-2.450247209
CTTGATTGTCACTGAT-1_2_1,IR,Cytotoxic,T,-3.227499413,0.74798264
CTTTCAAGTTCGGCGT-1_2_1,IR,NK,NK,-8.447008537,-6.757255476
CTTTCAATCCCAAGTA-1_2_1,IR,Cytotoxic,T,-2.797956633,1.96706589
CTTTCGGCACGGGCTT-1_2_1,IR,ILC,ILC,6.740499092,2.029970248
CTTTCGGTCGGCATAT-1_2_1,IR,Cytotoxic,T,0.057755297,1.279047091
GAAATGAGTGGGCTCT-1_2_1,IR,Cytotoxic,T,-3.810587095,3.036587078
GAAATGATCAAGTCTG-1_2_1,IR,Cytotoxic,T,-1.853975939,-0.391266893
GAAATGATCCCGTAAA-1_2_1,IR,Cytotoxic,T,-2.503549503,1.064627726
GAACACTCAACCTATG-1_2_1,IR,NaiveT,T,-0.30066316,6.70320328
GAACACTGTACCACGC-1_2_1,IR,NaiveT,T,1.956652595,6.281622965
GAACGTTAGTGAACAT-1_2_1,IR,gdT,T,8.243656708,-6.521404665
GAACGTTCACGAAAGC-1_2_1,IR,NaiveT,T,0.706503523,6.742055018
GAACTGTCAGTAACGG-1_2_1,IR,NKT,T,-5.020709919,-2.050276797
GAACTGTTCCATGATG-1_2_1,IR,Cytotoxic,T,0.564644201,-4.097360056
GAACTGTTCCGGACTG-1_2_1,IR,NaiveT,T,2.938480211,6.726331789
GAAGAATAGAATGTTG-1_2_1,IR,T-Helper,T,0.987558139,-1.299498241
GAAGCCCCAGCGTTTA-1_2_1,IR,ILC,ILC,7.49114473,1.044574816
GAAGCGATCTGAGCAT-1_2_1,IR,NK,NK,-0.728664206,-4.731783311
GAAGGACAGGCGATAC-1_2_1,IR,NK,NK,-7.114153313,-6.003967683
GAAGGACGTATCGTAC-1_2_1,IR,NKT,T,-3.921929287,-2.572933834
GAAGTAACAAAGACTA-1_2_1,IR,T-Helper,T,1.048008514,1.524911363
GAAGTAACAAGTTTGC-1_2_1,IR,NaiveT,T,1.364196492,6.791585047
GAAGTAAGTGGATGAC-1_2_1,IR,NK,NK,-8.981585907,-6.66915838
GAATAGACAAGATCCT-1_2_1,IR,NaiveT,T,1.683269096,8.959314425
GAATAGACAGCCCACA-1_2_1,IR,NKT,T,-1.201661872,-1.84030227
GAATAGAGTCTTAGTG-1_2_1,IR,NK,NK,-0.663505303,-4.733872812
GAATCACGTAGTCTTG-1_2_1,IR,Cytotoxic,T,-2.301741528,0.290938069
GAATCACGTGATAGAT-1_2_1,IR,NaiveT,T,-1.167044806,7.372140963
GAATCACTCTTTGCAT-1_2_1,IR,NaiveT,T,1.568974687,6.629295905
GAATCGTAGCAATTCC-1_2_1,IR,T-Helper,T,0.53946091,-1.107317727
GAATCGTAGCACAAAT-1_2_1,IR,NaiveT,T,2.28690703,7.803169329
GAATCGTAGTGCCAGA-1_2_1,IR,NK,NK,-6.869363712,-4.38956825
GAATCGTCAACAGAGC-1_2_1,IR,NK,NK,-7.538981365,-7.313627164
GACACGCCATCACGGC-1_2_1,IR,NKT,T,-5.295143055,-1.789118092
GACACGCTCCTTATAC-1_2_1,IR,Cytotoxic,T,-1.044048118,0.216013987
GACACGCTCGAGTCTA-1_2_1,IR,NaiveT,T,2.278711868,8.300550539
GACAGCCCACGCTGAC-1_2_1,IR,NKT,T,-5.194347309,-3.257080715
GACAGCCTCTATTGTC-1_2_1,IR,NaiveT,T,0.757380618,8.464233477
GACATCAAGGACGCTA-1_2_1,IR,NK,NK,-5.444913315,-7.202490251
GACATCACAGTTCCAA-1_2_1,IR,T-Helper,T,0.975945724,-3.608759086
GACCAATAGTCACGAG-1_2_1,IR,NaiveT,T,-0.302475112,7.737375338
GACCAATCAGGCTCTG-1_2_1,IR,NaiveT,T,-0.902244972,6.593076785
GACCCAGAGTTCGGTT-1_2_1,IR,NKT,T,-0.212651896,-2.84092943
GACCCAGCAACTGCTA-1_2_1,IR,Cytotoxic,T,-2.081748413,0.507494171
GACCCTTGTATCATGC-1_2_1,IR,NaiveT,T,0.33858986,7.2500511
GACCCTTGTCATGCAT-1_2_1,IR,NK,NK,-8.648404526,-5.939741533
GACCCTTTCCGTGGCA-1_2_1,IR,NK,NK,-1.408882665,-4.758252065
GACCTTCGTGACTGTT-1_2_1,IR,NKT,T,-4.923021244,-6.591850202
GACCTTCTCCACGGGT-1_2_1,IR,Cytotoxic,T,-0.276949035,-4.331166189
GACCTTCTCCGCGGAT-1_2_1,IR,Cytotoxic,T,0.780899061,-3.957505148
GACGCTGCACCACATA-1_2_1,IR,Cytotoxic,T,0.615147902,-2.196845453
GACGCTGTCGACATCA-1_2_1,IR,T-Helper,T,2.48083408,1.314475615
GACGCTGTCTAGGCAT-1_2_1,IR,T-Helper,T,2.185364796,2.570321162
GACGTTACAGAAGTGC-1_2_1,IR,NKT,T,-3.956692623,-2.663261573
GACGTTATCGGCTGTG-1_2_1,IR,T-Helper,T,0.797791077,0.641795058
GACTATGCAACACAGG-1_2_1,IR,NaiveT,T,2.059411121,7.269094069
GACTATGTCTACTTCA-1_2_1,IR,NaiveT,T,0.056030622,6.460212309
GACTCAAAGAACTGAT-1_2_1,IR,Cytotoxic,T,-2.274602341,1.444866021
GACTCAACATGTACGT-1_2_1,IR,NK,NK,-7.697216915,-5.847384374
GACTCAATCCGTCCTA-1_2_1,IR,Cytotoxic,T,0.745768977,-4.002715509
GACTCTCGTAGATCGG-1_2_1,IR,TCM,T,0.202816056,-2.024804156
GACTCTCGTGACACAG-1_2_1,IR,Cytotoxic,T,0.740367127,-3.484950941
GACTGATAGCATCCCG-1_2_1,IR,NaiveT,T,0.552056445,8.223132212
GACTGATCACAGCTGC-1_2_1,IR,NK,NK,-7.083364414,-6.18423311
GACTTCCCACGTGTGC-1_2_1,IR,NK,NK,-6.045712875,-6.222194593
GAGAAATAGAGCAGAA-1_2_1,IR,Cytotoxic,T,-0.9921885,0.479738731
GAGAAATAGGTGAGCT-1_2_1,IR,NK,NK,-1.367982911,-5.13197748
GAGAAATGTGAGACCA-1_2_1,IR,Cytotoxic,T,-4.649604248,1.28353997
GAGACCCCAACTCATG-1_2_1,IR,NaiveT,T,1.051802648,7.494174082
GAGACCCTCCGAAGGA-1_2_1,IR,NK,NK,-0.627135025,-4.365446012
GAGACTTAGATTTGCC-1_2_1,IR,Cytotoxic,T,-0.23128851,-0.062640961
GAGACTTTCTACGGGC-1_2_1,IR,T-Helper,T,2.050533367,2.384868462
GAGAGGTAGGTCGTGA-1_2_1,IR,Treg,T,3.302306963,0.391809274
GAGAGGTTCTGTGCGG-1_2_1,IR,T-DN,T,-0.808812009,-1.061007183
GAGATGGCAATAACCC-1_2_1,IR,NaiveT,T,0.445401175,8.527454455
GAGATGGCACAAAGCG-1_2_1,IR,NKT,T,-5.92462294,-2.052069585
GAGATGGGTACTGCCG-1_2_1,IR,gdT,T,10.22075231,-5.926333826
GAGATGGTCCTTCGAC-1_2_1,IR,T-Helper,T,0.470750643,-0.995397728
GAGCTGCAGGACGCTA-1_2_1,IR,NK,NK,-8.029849457,-5.642034929
GAGCTGCTCATCACAG-1_2_1,IR,NaiveT,T,-0.703590678,7.491625388
GAGGCAACAATCTGCA-1_2_1,IR,gdT,T,9.977071358,-6.783464353
GAGGCCTTCAATCGGT-1_2_1,IR,gdT,T,9.685814453,-5.276166837
GAGGCCTTCATTTCGT-1_2_1,IR,NaiveT,T,2.443954302,6.406815607
GAGGGATGTAGCCCTG-1_2_1,IR,NK,NK,-5.626490044,-4.532449644
GAGGGTAGTTAAAGTG-1_2_1,IR,NK,NK,-8.84908049,-6.49020664
GAGGGTATCCACGAAT-1_2_1,IR,ILC,ILC,8.278650833,1.095351059
GAGTCATCAGGACGAT-1_2_1,IR,NK,NK,-8.195302414,-5.746307771
GAGTCATGTATGGGAC-1_2_1,IR,NaiveT,T,-1.210262345,6.706766684
GAGTCATTCGGTCTGG-1_2_1,IR,NK,NK,-0.604633259,-4.581573408
GAGTCATTCTATACTC-1_2_1,IR,NKT,T,-4.517504143,-3.637421291
GAGTCTACAACCAACT-1_2_1,IR,T-Helper,T,1.057790769,-3.515742939
GAGTCTACAGTGCCTG-1_2_1,IR,T-DN,T,-0.432449507,-1.442247074
GAGTCTATCCCGAGAC-1_2_1,IR,gdT,T,7.139658524,-5.771074216
GAGTCTATCGAAGTGG-1_2_1,IR,Cytotoxic,T,-3.556633162,0.660028834
GAGTGAGGTGATACCT-1_2_1,IR,T-Helper,T,1.235369874,0.435443957
GAGTGAGGTTCGGTTA-1_2_1,IR,NK,NK,-1.103394197,-5.151760023
GAGTGAGTCGCTACGG-1_2_1,IR,NaiveT,T,-0.186156141,7.704874594
GAGTTACAGTCCCGGT-1_2_1,IR,NKT,T,-4.436129021,-3.032889049
GAGTTACCAAGTATCC-1_2_1,IR,ILC,ILC,8.490402771,2.149443705
GAGTTACCACAAATGA-1_2_1,IR,NaiveT,T,-1.009574818,7.100570757
GAGTTGTTCCGATTAG-1_2_1,IR,NaiveT,T,-0.027805286,6.772833903
GAGTTTGAGTACGTCT-1_2_1,IR,Cytotoxic,T,-2.218087124,1.297156532
GATAGCTAGCTAAATG-1_2_1,IR,gdT,T,2.769373728,0.689279456
GATAGCTCATCTATCT-1_2_1,IR,Cytotoxic,T,-2.741434025,1.537916977
GATAGCTCATGGATCT-1_2_1,IR,NK,NK,-8.531338142,-6.264913957
GATCACAAGATCGACG-1_2_1,IR,T-Helper,T,0.302554784,0.002871435
GATCACAGTTCCACAA-1_2_1,IR,NK,NK,-7.207857059,-6.767103117
GATCACATCAATCTTC-1_2_1,IR,Treg,T,3.565400911,-0.28666697
GATCACATCCGTAGTA-1_2_1,IR,T-Helper,T,2.82696612,1.241482694
GATCAGTCACTGGCGT-1_2_1,IR,Cytotoxic,T,-2.167907166,1.868901808
GATCAGTGTCATAGTC-1_2_1,IR,NK,NK,-8.223412918,-8.348030965
GATCAGTTCGATTTCT-1_2_1,IR,Cytotoxic,T,-2.566440033,1.272260268
GATCATGCATTCCTAT-1_2_1,IR,NK,NK,-6.918294834,-6.212894838
GATCCCTGTGGTAATA-1_2_1,IR,NaiveT,T,2.709848953,6.094830115
GATCCCTGTTGGACTT-1_2_1,IR,ILC,ILC,8.444023682,1.938756783
GATCGTAGTCTCTCTG-1_2_1,IR,T-Helper,T,1.315332843,1.71420284
GATGATCTCGAATGCT-1_2_1,IR,Cytotoxic,T,-0.822852122,-0.954883318
GATGCTAAGGGAGATA-1_2_1,IR,T-Helper,T,3.041171623,1.860901434
GATGGAGCAGCTGTCG-1_2_1,IR,T-Helper,T,1.012977255,0.200226833
GATGGAGGTTGATCGT-1_2_1,IR,T-DN,T,1.312055422,3.110233624
GATGTTGAGACATCCT-1_2_1,IR,T-Helper,T,1.50913067,1.885102827
GATGTTGAGGAGAATG-1_2_1,IR,NaiveT,T,0.309934167,8.085142214
GATGTTGTCCATTTAC-1_2_1,IR,T-Helper,T,1.707855655,2.120214064
GATTCTTAGAGTTGAT-1_2_1,IR,T-Helper,T,1.025907768,0.523051519
GATTGGTAGATGATTG-1_2_1,IR,Cytotoxic,T,0.826833976,-3.613048713
GATTGGTGTATAGGAT-1_2_1,IR,NKT,T,-5.795893597,-2.337585132
GATTGGTGTCTAACTG-1_2_1,IR,Cytotoxic,T,0.509243054,-2.390371244
GATTTCTAGTGGCAGT-1_2_1,IR,Cytotoxic,T,-1.831321525,0.156027306
GATTTCTCAGCATACT-1_2_1,IR,NaiveT,T,2.089626862,8.470834811
GATTTCTGTGGCTGCT-1_2_1,IR,TCM,T,0.990093423,5.418801863
GCACATAGTATGAAGT-1_2_1,IR,NKT,T,-4.79076712,-3.163039606
GCACGGTAGCGCACAA-1_2_1,IR,Cytotoxic,T,-2.733556437,0.998044808
GCACGGTCACAACGTT-1_2_1,IR,NK,NK,-6.041905331,-5.830763738
GCACGGTGTCTTCCGT-1_2_1,IR,NK,NK,-6.373072075,-5.953222196
GCACGTGCAACACGAG-1_2_1,IR,NK,NK,-8.64367907,-6.103632848
GCACGTGTCAAGTCGT-1_2_1,IR,NK,NK,-8.235476898,-6.438640516
GCACTAAGTGCATTAC-1_2_1,IR,Cytotoxic,T,-3.2715842,1.64635833
GCACTAAGTGGTCTCG-1_2_1,IR,NK,NK,-0.532749938,-4.346921842
GCACTAATCAGGGATG-1_2_1,IR,NK,NK,-5.621769356,-6.648312013
GCAGGCTAGTTCACTG-1_2_1,IR,NaiveT,T,0.50607912,8.289424021
GCAGTTAGTCCTGTCT-1_2_1,IR,gdT,T,2.419689489,-3.332947414
GCAGTTAGTCGATTTG-1_2_1,IR,NK,NK,-9.035249161,-6.462704103
GCAGTTATCCGTATGA-1_2_1,IR,Cytotoxic,T,-1.129505562,-0.145336784
GCATCGGAGATGATTG-1_2_1,IR,Cytotoxic,T,-0.884048032,-0.892401319
GCATCGGAGATGTTGA-1_2_1,IR,Cytotoxic,T,-1.963652061,0.370111455
GCATCGGTCCTTGACC-1_2_1,IR,NK,NK,-7.860801147,-6.559075277
GCATCGGTCGTGCATA-1_2_1,IR,NaiveT,T,0.571929587,8.179551203
GCATCTCGTAACTAAG-1_2_1,IR,NK,NK,-8.12299292,-5.499171655
GCATCTCTCAATGTCG-1_2_1,IR,NK,NK,-9.107405113,-7.349912088
GCATGATAGCATGATA-1_2_1,IR,NaiveT,T,-0.682854878,6.981577475
GCATGATTCATTTGTC-1_2_1,IR,NaiveT,T,1.589807106,6.636478979
GCCAACGAGATCCCAT-1_2_1,IR,NaiveT,T,2.5514601,7.717920382
GCCAACGCAGCTGGTC-1_2_1,IR,NK,NK,-8.109442162,-5.651898782
GCCAGCACAGCCGGTT-1_2_1,IR,NaiveT,T,-0.089810657,7.437497218
GCCAGCACATCTTTCA-1_2_1,IR,T-Helper,T,1.156378044,2.144184668
GCCAGCAGTGTTAGCT-1_2_1,IR,gdT,T,8.337166382,-5.98785631
GCCAGGTTCCATCGTC-1_2_1,IR,Cytotoxic,T,-2.306358503,2.12500294
GCCAGTGAGCGGGTTA-1_2_1,IR,NaiveT,T,0.752777291,8.782033045
GCCAGTGTCGCGTAGC-1_2_1,IR,ILC,ILC,7.077852322,1.575573523
GCCATGGCACACCAGC-1_2_1,IR,NK,NK,-6.765141891,-5.042528551
GCCATGGTCGGTCTGG-1_2_1,IR,NaiveT,T,0.212060032,7.223325808
GCCATGGTCTTTGCGC-1_2_1,IR,NK,NK,-8.070657181,-5.261320512
GCCATTCAGGAAGAAC-1_2_1,IR,Cytotoxic,T,-3.328992294,1.419235189
GCCATTCTCCTTACCG-1_2_1,IR,Cytotoxic,T,-3.614096331,2.146858532
GCCATTCTCTCTCTTC-1_2_1,IR,T-Helper,T,0.031930489,-1.109947484
GCCCAGAAGATGGTAT-1_2_1,IR,NaiveT,T,1.638796283,6.987684805
GCCCAGAGTTCCATTT-1_2_1,IR,NaiveT,T,-0.771256911,5.925920565
GCCCAGATCTGTCCGT-1_2_1,IR,NaiveT,T,2.177080227,7.762393076
GCCCGAAAGCTTGTTG-1_2_1,IR,NK,NK,-5.005976128,-4.80307905
GCCCGAATCTGTCCGT-1_2_1,IR,NaiveT,T,2.240887476,6.10743912
GCCGATGGTCTTGGTA-1_2_1,IR,NK,NK,-6.174757408,-6.454020898
GCCGTGATCATCCTAT-1_2_1,IR,T-DN,T,2.065166546,3.290283282
GCCTGTTGTAAGTTAG-1_2_1,IR,Cytotoxic,T,-2.387864756,4.885359843
GCCTGTTGTCAGATTC-1_2_1,IR,T-Helper,T,1.636056257,1.215166767
GCGATCGTCACCTTGC-1_2_1,IR,NaiveT,T,0.913629485,7.199497778
GCGGAAACACAATCTG-1_2_1,IR,NK,NK,-3.407060789,-3.639542501
GCGGAAATCAAAGCCT-1_2_1,IR,ILC,ILC,7.248458458,1.592280824
GCGTGCACAATCGCCG-1_2_1,IR,T-Helper,T,2.497930361,2.959435542
GCGTGCACAGGAACCA-1_2_1,IR,NaiveT,T,1.380398346,9.019596178
GCGTGCAGTACGAAAT-1_2_1,IR,NaiveT,T,2.284602953,8.443169672
GCGTTTCAGGTTCACT-1_2_1,IR,NK,NK,-8.87054007,-6.26261894
GCTACAAGTTTACACG-1_2_1,IR,NK,NK,-8.775894569,-5.927885454
GCTACCTCAGATACCT-1_2_1,IR,NaiveT,T,1.848152352,7.331146319
GCTACCTCATTAGGCT-1_2_1,IR,Cytotoxic,T,-2.686653303,1.194485743
GCTACCTGTGTGTGTT-1_2_1,IR,T-Helper,T,0.991668178,-0.388132374
GCTCAAAGTGGGATTG-1_2_1,IR,Treg,T,3.049050404,1.112966735
GCTCAAATCTGGTGCG-1_2_1,IR,NaiveT,T,1.15724851,8.506410677
GCTGAATGTAGCGAGT-1_2_1,IR,Cytotoxic,T,-2.379167961,1.431872685
GCTGCAGAGCCGGAAT-1_2_1,IR,NaiveT,T,0.44724868,7.62067755
GCTGCAGAGTACCATC-1_2_1,IR,gdT,T,2.482111765,0.263082851
GCTGCAGTCCTCCACA-1_2_1,IR,NK,NK,-9.098720001,-8.023967188
GCTGGGTAGAGAGTTT-1_2_1,IR,ILC,ILC,8.613675667,1.301396449
GCTGGGTGTATTGACC-1_2_1,IR,gdT,T,8.007599903,-5.785842817
GCTTCACGTCTTGTCC-1_2_1,IR,NaiveT,T,1.800177408,6.603693564
GCTTGGGCACCCTAGG-1_2_1,IR,Cytotoxic,T,-1.263772415,-0.046484813
GCTTGGGGTCAGGAGT-1_2_1,IR,Treg,T,3.524495197,0.667749066
GCTTTCGAGCCATCCG-1_2_1,IR,T-Helper,T,0.963215066,-0.436182659
GCTTTCGAGTTGTCAC-1_2_1,IR,NK,NK,-5.655763077,-7.202429216
GCTTTCGGTGACTGAG-1_2_1,IR,Cytotoxic,T,-1.825754093,-0.177022937
GGAACCCGTAGTACGG-1_2_1,IR,Cytotoxic,T,-5.204474853,0.388536085
GGAAGTGCAAACCATC-1_2_1,IR,T-Helper,T,1.128739131,-3.583948057
GGAAGTGCAAGAGTAT-1_2_1,IR,Cytotoxic,T,-0.668554234,-1.291580837
GGAAGTGCAAGTTTGC-1_2_1,IR,NKT,T,-5.264542984,-2.33838908
GGAAGTGTCGTCCATC-1_2_1,IR,Cytotoxic,T,-0.644593226,-1.303078454
GGAATCTCAACCCTAA-1_2_1,IR,NaiveT,T,-1.91434853,6.061168749
GGAATCTCAGACGGAT-1_2_1,IR,NaiveT,T,1.129056109,8.837343295
GGAATCTTCCGGGACT-1_2_1,IR,NaiveT,T,0.552462352,8.37525471
GGAATCTTCTAAGGAA-1_2_1,IR,NaiveT,T,-1.86555736,6.993400175
GGAATGGGTCACAATC-1_2_1,IR,NaiveT,T,-1.603739308,7.564774592
GGAATGGGTTGCTTGA-1_2_1,IR,Cytotoxic,T,0.530114306,-3.92374603
GGACGTCAGAGACAAG-1_2_1,IR,Cytotoxic,T,-1.456181811,-0.118545204
GGAGAACCATGTGCTA-1_2_1,IR,T-Helper,T,-0.506271349,0.522161443
GGAGAACTCAGGAAAT-1_2_1,IR,Cytotoxic,T,-2.425331043,0.546612997
GGAGATGAGTCTGGTT-1_2_1,IR,NK,NK,-1.099266457,-4.984234254
GGAGATGTCCGATCGG-1_2_1,IR,T-DN,T,-4.161027359,-3.27161948
GGAGATGTCTTGCAAG-1_2_1,IR,Cytotoxic,T,0.76259054,-3.789910715
GGAGCAAAGGAGAGTA-1_2_1,IR,gdT,T,8.302012993,-5.751674097
GGAGCAACACTCAAGT-1_2_1,IR,NK,NK,-9.266285347,-7.801916044
GGAGGATCAGGAATAT-1_2_1,IR,NK,NK,-6.2394356,-6.107238691
GGAGGATCATCCAATG-1_2_1,IR,NK,NK,-4.960506844,-4.807338159
GGATCTAAGAGAGTGA-1_2_1,IR,gdT,T,2.360371662,0.340638508
GGATCTACAACAGCCC-1_2_1,IR,NK,NK,-2.230118679,-3.669286888
GGATGTTAGCTAAATG-1_2_1,IR,T-Helper,T,1.01257409,1.135460098
GGATGTTTCCTTATGT-1_2_1,IR,Cytotoxic,T,-2.447749542,1.905523379
GGCACGTAGGTCGTGA-1_2_1,IR,NaiveT,T,1.773063613,7.700989802
GGCACGTCACATTCGA-1_2_1,IR,T-Helper,T,1.106248094,-0.31600457
GGCACGTCAGCCTTCT-1_2_1,IR,Cytotoxic,T,-0.263630944,-0.385128121
GGCACGTTCGAGCCAC-1_2_1,IR,T-Helper,T,1.240160419,0.642557759
GGCGTCAAGGATTTAG-1_2_1,IR,NaiveT,T,-0.410839306,7.658810217
GGCTGTGCAAACTCGT-1_2_1,IR,NK,NK,-0.928898143,-4.970066946
GGCTGTGCAGTGGTGA-1_2_1,IR,T-Helper,T,1.159847034,0.487324197
GGCTTTCCACGCGCAT-1_2_1,IR,NK,NK,-7.213931965,-5.760939996
GGCTTTCGTTGACTAC-1_2_1,IR,T-Helper,T,1.530340982,-3.066831033
GGGAAGTAGGATAATC-1_2_1,IR,NaiveT,T,-1.791248011,6.578038771
GGGAAGTCAGTGTACT-1_2_1,IR,NKT,T,-4.184026646,-3.018900316
GGGAAGTGTATGCTTG-1_2_1,IR,TCM,T,-1.890643047,5.428577502
GGGAAGTGTCTCTCAC-1_2_1,IR,NKT,T,-5.116052078,-1.209497612
GGGAAGTTCTCGACCT-1_2_1,IR,T-Helper,T,2.02700491,2.284617979
GGGACAACACGCGCTA-1_2_1,IR,NK,NK,-2.597091841,-3.364116829
GGGACAACAGAACGCA-1_2_1,IR,NK,NK,-8.389328407,-6.074324529
GGGACAATCAGCCTCT-1_2_1,IR,Cytotoxic,T,-3.052497076,1.205275853
GGGACCTAGAAGCGCT-1_2_1,IR,NaiveT,T,1.9779876,7.092960913
GGGACTCAGGTCGTGA-1_2_1,IR,T-DN,T,-3.800518202,-1.898901384
GGGACTCAGTAACGAT-1_2_1,IR,NK,NK,-5.606470512,-5.018900793
GGGACTCAGTTTGGCT-1_2_1,IR,Cytotoxic,T,-2.898650097,3.992861349
GGGACTCTCTTCTGGC-1_2_1,IR,T-Helper,T,0.771029664,-0.534350436
GGGAGTACACCCATAA-1_2_1,IR,Treg,T,4.33277042,1.642996628
GGGATCCAGGCACCAA-1_2_1,IR,T-DN,T,0.462404026,2.683076222
GGGATCCCAGGGATAC-1_2_1,IR,Cytotoxic,T,-0.233520614,-3.191424291
GGGATCCCATCGGTTA-1_2_1,IR,NaiveT,T,1.107222749,6.614110548
GGGATGAGTCGAGATG-1_2_1,IR,ILC,ILC,6.877257896,1.937963564
GGGATGAGTCTTTCAT-1_2_1,IR,NK,NK,-5.198460506,-6.459655683
GGGATGATCTCTGCCA-1_2_1,IR,NKT,T,-5.309832977,-2.977848928
GGGCCATAGTAAGAGG-1_2_1,IR,NK,NK,-7.491610455,-7.711403291
GGGCCATTCTAATTCC-1_2_1,IR,NK,NK,-8.059961723,-5.181469362
GGGCGTTAGTCCTGTA-1_2_1,IR,NaiveT,T,-0.288764523,7.192507822
GGGCGTTGTACGATTC-1_2_1,IR,T-Helper,T,0.088607637,0.755349715
GGGCGTTGTCAGACGA-1_2_1,IR,NaiveT,T,0.464674158,7.371738989
GGGCGTTGTTCAAACC-1_2_1,IR,NaiveT,T,-0.697851347,7.864831526
GGGCTACTCGGAGTAG-1_2_1,IR,Cytotoxic,T,-2.369203972,0.566079337
GGGCTACTCGTTCTGC-1_2_1,IR,NK,NK,-0.471765386,-4.601066511
GGGCTCAAGAGTGAAG-1_2_1,IR,NK,NK,-1.006972956,-5.046733301
GGGCTCACACACCTGG-1_2_1,IR,NaiveT,T,1.368081404,7.955675204
GGGCTCAGTTTCCATT-1_2_1,IR,Cytotoxic,T,-3.381182837,1.935593684
GGGTAGATCGTCGGGT-1_2_1,IR,NK,NK,-8.30369799,-6.539770525
GGGTATTCAAATCAAG-1_2_1,IR,T-Helper,T,1.946808053,1.964152892
GGGTATTCAGCTGTCG-1_2_1,IR,Cytotoxic,T,-2.375814365,0.067439948
GGGTCACAGCCTCATA-1_2_1,IR,NaiveT,T,2.274628712,7.541123469
GGGTCACGTAGGCTCC-1_2_1,IR,Cytotoxic,T,-4.500937866,0.544732768
GGGTCACTCATGACAC-1_2_1,IR,NK,NK,-1.954444336,-5.36157028
GGGTCTGAGAAACCAT-1_2_1,IR,Cytotoxic,T,0.654902262,-4.070995967
GGGTCTGTCTAGCCTC-1_2_1,IR,NK,NK,-6.510762619,-5.97275583
GGGTGAAAGCAGTAAT-1_2_1,IR,TCM,T,-1.710560965,3.797997076
GGGTGAATCAGCAGAG-1_2_1,IR,NK,NK,-8.047436165,-7.681011598
GGGTGTCCATCTGGGC-1_2_1,IR,NKT,T,-4.561739372,-2.997876566
GGGTTATCACGCAGTC-1_2_1,IR,NK,NK,-6.3123564,-6.434127252
GGGTTTAGTTGTTGCA-1_2_1,IR,T-Helper,T,0.826717211,2.547737677
GGGTTTATCCTAACAG-1_2_1,IR,NK,NK,-9.132799553,-7.683419626
GGTAACTCAGCGGATA-1_2_1,IR,T-Helper,T,0.437376423,-0.019744631
GGTAATCTCGGTGCAC-1_2_1,IR,Cytotoxic,T,0.840679062,-1.532855313
GGTAGAGGTTGCTCGG-1_2_1,IR,ILC,ILC,8.635349823,1.989386399
GGTAGAGTCACCTGTC-1_2_1,IR,NaiveT,T,-1.374468731,6.656792719
GGTCACGAGGGACTGT-1_2_1,IR,TCM,T,-2.006376909,4.931256373
GGTGAAGTCGCTGTCT-1_2_1,IR,Treg,T,2.343799902,-2.186481874
GGTGAAGTCTCAGTCC-1_2_1,IR,NaiveT,T,0.495295836,8.04128464
GGTGATTGTTGTGGCC-1_2_1,IR,NaiveT,T,1.190490438,6.299741347
GGTGGCTCAGTTAGAA-1_2_1,IR,gdT,T,2.849010302,0.679704327
GGTGGCTCATTGAAGA-1_2_1,IR,NK,NK,-1.040597843,-5.11388294
GGTGGCTGTCACCCTT-1_2_1,IR,T-Helper,T,1.599492742,1.648756583
GGTGTCGCAGAGTGTG-1_2_1,IR,gdT,T,7.477788521,-4.643255632
GGTGTCGGTCGACTTA-1_2_1,IR,Cytotoxic,T,-0.892696547,-1.115115326
GGTGTCGGTCTTACTT-1_2_1,IR,T-DN,T,-0.191866743,2.782248576
GGTGTTACAATAACCC-1_2_1,IR,TCM,T,-1.825650143,4.793426592
GGTTAACAGTCATGCT-1_2_1,IR,Treg,T,2.868496729,-1.453059237
GGTTCTCAGAGGACTC-1_2_1,IR,Cytotoxic,T,-0.362529503,-1.245859425
GGTTCTCTCCGAGTGC-1_2_1,IR,NK,NK,-6.472071575,-5.34190933
GGTTGTAAGGCTGAAC-1_2_1,IR,T-Helper,T,2.271612478,0.798980732
GGTTGTAGTTGCAAGG-1_2_1,IR,T-Helper,T,2.0167094,2.472759564
GTAACACAGCAATTCC-1_2_1,IR,T-DN,T,1.367642237,3.993614275
GTAACCAAGTGGACGT-1_2_1,IR,NK,NK,-7.963881897,-6.130351465
GTAACCACAGACTGCC-1_2_1,IR,NKT,T,-0.872535156,-3.646449964
GTAACCAGTTCTTGCC-1_2_1,IR,NK,NK,-6.362676071,-7.302771013
GTAAGTCTCATTACCT-1_2_1,IR,T-Helper,T,0.688529266,0.729077597
GTAATCGAGGCCGCTT-1_2_1,IR,NK,NK,-1.353733467,-4.018155258
GTAATCGTCTAGTGTG-1_2_1,IR,Cytotoxic,T,0.42457257,-1.804787438
GTAATGCAGTCAACAA-1_2_1,IR,Cytotoxic,T,-4.355635094,-0.412648987
GTAATGCGTACTAACC-1_2_1,IR,gdT,T,7.554210735,-5.472413938
GTACAACCACAGCCTG-1_2_1,IR,Cytotoxic,T,-0.791086005,-2.492930811
GTACAACCACAGCTGC-1_2_1,IR,Treg,T,3.38468392,-0.187004666
GTACAGTAGAAACTAC-1_2_1,IR,Cytotoxic,T,-3.481440472,0.219902087
GTAGAAAGTTCAAACC-1_2_1,IR,Cytotoxic,T,-3.847028183,3.011433203
GTAGAAATCGGCTGAC-1_2_1,IR,NK,NK,-5.491040157,-5.621139925
GTAGATCAGTACCGGA-1_2_1,IR,Cytotoxic,T,-1.8585016,-0.353861611
GTAGATCAGTGTTGTC-1_2_1,IR,NK,NK,-5.53755896,-4.98605911
GTAGATCCACACGTGC-1_2_1,IR,NKT,T,-4.550565647,-1.199534218
GTAGATCCAGATACTC-1_2_1,IR,T-DN,T,0.438091112,3.157193739
GTAGATCGTACTCGCG-1_2_1,IR,Cytotoxic,T,-2.560750889,1.322813828
GTAGCTACAGACCAGA-1_2_1,IR,ILC,ILC,7.695847107,1.311737258
GTAGGAGAGTATAGGT-1_2_1,IR,NaiveT,T,-0.331712948,6.454666693
GTAGGTTTCCCGATCT-1_2_1,IR,T-Helper,T,1.45735283,0.207912255
GTAGTACGTGTTAAAG-1_2_1,IR,NKT,T,-5.096037315,-2.658504884
GTAGTACGTTCGGTCG-1_2_1,IR,NK,NK,-5.880283283,-6.087768476
GTAGTACTCACGGACC-1_2_1,IR,Cytotoxic,T,0.526111824,-3.571142118
GTAGTACTCATCGACA-1_2_1,IR,TCM,T,-1.276327895,4.057192881
GTAGTACTCTAACGCA-1_2_1,IR,NK,NK,-8.473996567,-7.373990457
GTATTGGCATGGACAG-1_2_1,IR,ILC,ILC,8.40627916,1.86008497
GTATTGGGTTGCGAAG-1_2_1,IR,NK,NK,-8.672208237,-6.671995561
GTCAAACAGAATTGTG-1_2_1,IR,T-Helper,T,0.939970208,-3.595972936
GTCAAACAGCGTTAGG-1_2_1,IR,NK,NK,-5.810206341,-5.092771452
GTCAAGTGTCGCCTAG-1_2_1,IR,T-Helper,T,0.145396713,0.137021605
GTCACGGCACATGTTG-1_2_1,IR,T-DN,T,0.133412478,-1.284329693
GTCACGGCACGACAAG-1_2_1,IR,T-Helper,T,0.953347934,-3.450350683
GTCACTCGTACCGGAA-1_2_1,IR,T-Helper,T,1.283116175,0.19116943
GTCACTCGTGTTCAGT-1_2_1,IR,NKT,T,-2.45646088,-1.317299645
GTCACTCTCACACCGG-1_2_1,IR,T-Helper,T,2.008704735,2.906792242
GTCACTCTCCTCATAT-1_2_1,IR,NKT,T,-5.030764984,-1.419607322
GTCAGCGGTAGGATAT-1_2_1,IR,T-Helper,T,0.636439664,2.039389927
GTCAGCGGTCGTATTG-1_2_1,IR,NaiveT,T,1.215627147,8.742530901
GTCAGCGTCTTGGGCG-1_2_1,IR,T-Helper,T,1.900655938,1.747628767
GTCATCCAGGACAGTC-1_2_1,IR,NK,NK,-8.401748108,-6.071143072
GTCATCCAGGTTCCGC-1_2_1,IR,Cytotoxic,T,0.915745092,-3.133501451
GTCATCCCAGGCGAAT-1_2_1,IR,TCM,T,0.326099289,5.266855795
GTCATTTAGACAACTA-1_2_1,IR,T-Helper,T,1.057091607,0.859085996
GTCCACTAGCAACAGC-1_2_1,IR,NaiveT,T,2.156987382,7.394350607
GTCCACTAGCCTCATA-1_2_1,IR,NaiveT,T,1.166982485,6.322568495
GTCCACTCAAGAGCTG-1_2_1,IR,NK,NK,-5.312096046,-6.796577375
GTCCACTCACTCAAGT-1_2_1,IR,gdT,T,9.031313492,-6.171742838
GTCCCATCAGGTTCGC-1_2_1,IR,T-Helper,T,1.421315385,2.625092585
GTCCCATGTTTGCAGT-1_2_1,IR,Cytotoxic,T,0.157426771,-3.070259731
GTCCTCACAATTGAGA-1_2_1,IR,NK,NK,-8.810326027,-6.736247938
GTCCTCACATGGGAAC-1_2_1,IR,Cytotoxic,T,-1.901415752,1.866399248
GTCGAATAGGGACCAT-1_2_1,IR,NaiveT,T,1.388888074,7.774202425
GTCGAATCAAGGCAAC-1_2_1,IR,Cytotoxic,T,0.737075759,-2.851852577
GTCGTAACAAGAGTTA-1_2_1,IR,NK,NK,-8.169905113,-7.210612218
GTCGTTCGTCGTCTCT-1_2_1,IR,NK,NK,-5.443311142,-6.926498811
GTCTACCAGCGCCCAT-1_2_1,IR,NK,NK,-0.525512384,-4.379767816
GTCTACCCACATATCG-1_2_1,IR,Treg,T,3.174621178,2.838516552
GTCTACCGTTACGTAC-1_2_1,IR,T-Helper,T,2.10163529,2.058279593
GTCTACCTCGGTCAGC-1_2_1,IR,Cytotoxic,T,-2.249083446,0.672724981
GTCTACCTCTGTTGGA-1_2_1,IR,NKT,T,-4.388272213,-2.440009992
GTCTAGAAGGTACAAT-1_2_1,IR,NaiveT,T,-0.853915261,6.687490542
GTCTAGAGTAACTAAG-1_2_1,IR,T-Helper,T,2.428743435,5.754310686
GTCTAGAGTCGAACAG-1_2_1,IR,NKT,T,-3.597776102,-1.6988707
GTCTAGAGTGTATTCG-1_2_1,IR,NKT,T,-1.502714323,-0.562884908
GTCTCACGTTCTCGCT-1_2_1,IR,NK,NK,-7.320367741,-6.660540979
GTCTCACTCGACATCA-1_2_1,IR,Treg,T,2.821848227,-1.344138544
GTCTGTCAGACCAACG-1_2_1,IR,NKT,T,-5.103700088,-2.497377794
GTCTTTACAGATAAAC-1_2_1,IR,T-DN,T,0.459680451,-3.020183008
GTCTTTATCCGACATA-1_2_1,IR,NKT,T,-3.37447493,-3.174913328
GTGACGCAGTAAGGGA-1_2_1,IR,Cytotoxic,T,0.684069885,-4.101474207
GTGACGCCAACCCTAA-1_2_1,IR,Cytotoxic,T,0.677584542,-3.381726425
GTGACGCCACCCATAA-1_2_1,IR,gdT,T,7.615308834,-4.731121461
GTGACGCGTCCATACA-1_2_1,IR,Treg,T,3.311134649,-0.52874295
GTGACGCGTGTGATGG-1_2_1,IR,NKT,T,-4.310719894,-4.548844259
GTGACGCTCGCTTACC-1_2_1,IR,NK,NK,-5.967170166,-6.427737634
GTGAGCCCAAGAGTGC-1_2_1,IR,NK,NK,-6.074211525,-7.212405603
GTGAGCCCAATCAGCT-1_2_1,IR,TCM,T,1.1261688,5.957510073
GTGAGGAGTAACACCT-1_2_1,IR,NK,NK,-5.165400433,-5.472020071
GTGAGGATCAAGAATG-1_2_1,IR,NaiveT,T,-1.326527642,7.869947512
GTGAGGATCACCGGGT-1_2_1,IR,Cytotoxic,T,-2.061742472,1.3056763
GTGAGGATCTAACGCA-1_2_1,IR,Cytotoxic,T,-2.966644215,0.999392588
GTGAGGATCTGGGCAC-1_2_1,IR,Cytotoxic,T,-2.797351526,0.412824411
GTGAGTTGTAACGTTC-1_2_1,IR,Cytotoxic,T,-2.685597824,0.435228188
GTGAGTTTCTTCGCTG-1_2_1,IR,NaiveT,T,-1.594533252,6.8073016
GTGATGTAGAGCAGCT-1_2_1,IR,NK,NK,-0.980578112,-4.226605337
GTGATGTCAGGTTTAC-1_2_1,IR,ILC,ILC,8.896120621,1.212343295
GTGATGTGTACTGGGA-1_2_1,IR,T-Helper,T,0.582587076,1.545158822
GTGCACGGTTCCAAAC-1_2_1,IR,T-Helper,T,2.149905396,1.803868372
GTGCAGCCATGACGGA-1_2_1,IR,NK,NK,-5.490910458,-6.194582861
GTGCGTGTCGAGGCAA-1_2_1,IR,NaiveT,T,0.753095938,8.118946154
GTGCTGGCACTGCACG-1_2_1,IR,T-Helper,T,2.727050138,1.674790223
GTGCTGGGTAACGCGA-1_2_1,IR,NaiveT,T,0.400927706,7.390200217
GTGCTTCGTACAACGG-1_2_1,IR,NaiveT,T,-1.936087297,5.982230265
GTGGAAGCAATGCTCA-1_2_1,IR,NaiveT,T,-1.923786806,6.117575247
GTGGAAGTCATTTGCT-1_2_1,IR,T-Helper,T,0.590010686,-0.338489499
GTGGAGAAGCAGGCAT-1_2_1,IR,gdT,T,10.10243185,-6.235314767
GTGGCGTGTGTCGCTG-1_2_1,IR,Cytotoxic,T,0.655609531,-3.428673189
GTGGCGTTCCTACAAG-1_2_1,IR,NaiveT,T,0.317344097,8.034524996
GTGGCGTTCGATTGGT-1_2_1,IR,ILC,ILC,9.275518967,2.847194512
GTGGGAAAGATCCGAG-1_2_1,IR,gdT,T,7.283225132,-5.778453271
GTGGGAAGTAAGAACT-1_2_1,IR,T-Helper,T,2.752425743,2.165109951
GTGGGAATCCAAGGGA-1_2_1,IR,Cytotoxic,T,-4.446536945,1.301435907
GTGGTTAAGCTCTGTA-1_2_1,IR,NKT,T,-0.179262834,-1.279098432
GTGTAACCAGTTCACA-1_2_1,IR,NK,NK,-9.00530188,-6.958702486
GTGTAACCATCCGGCA-1_2_1,IR,NaiveT,T,-0.657179462,7.867827017
GTGTAACGTAGCCCTG-1_2_1,IR,T-Helper,T,0.911942137,-3.91616575
GTGTAACTCACTCACC-1_2_1,IR,NaiveT,T,0.443804039,8.032069285
GTGTGATAGACTCAAA-1_2_1,IR,ILC,ILC,7.190868927,1.644785483
GTGTGATCAGTTTCGA-1_2_1,IR,NK,NK,-6.976692604,-6.701383035
GTGTGGCGTACTAACC-1_2_1,IR,NK,NK,-7.15485947,-6.668535631
GTGTTAGGTAGCGTCC-1_2_1,IR,Cytotoxic,T,0.633107168,-4.054471653
GTGTTAGTCATACAGC-1_2_1,IR,NaiveT,T,0.440372391,8.133689959
GTGTTCCAGGTGCAGT-1_2_1,IR,NKT,T,-4.368392395,-2.837591331
GTTACAGCAGTCGTTA-1_2_1,IR,NaiveT,T,-1.855929779,6.84433182
GTTACGACAAATGAAC-1_2_1,IR,Cytotoxic,T,0.904648496,-2.620788257
GTTACGAGTTCTCCCA-1_2_1,IR,NKT,T,-4.236126827,-2.951488655
GTTAGACAGATCCCAT-1_2_1,IR,NK,NK,-7.905118393,-6.763379018
GTTAGACCACTAACGT-1_2_1,IR,Cytotoxic,T,-3.724499868,3.073242504
GTTAGACTCAAGGACG-1_2_1,IR,gdT,T,7.533816887,-5.445485513
GTTAGACTCGTCGATA-1_2_1,IR,T-DN,T,0.047553165,2.81905659
GTTAGTGCACCCAACG-1_2_1,IR,Cytotoxic,T,-2.53508346,1.405040224
GTTATGGAGGGACACT-1_2_1,IR,T-Helper,T,1.20242746,-1.090029757
GTTCCGTAGGATTTGA-1_2_1,IR,Cytotoxic,T,0.646593375,-3.262723367
GTTCCGTAGGGTACAC-1_2_1,IR,NK,NK,-8.669048714,-6.706598203
GTTCGCTAGGTTGGAC-1_2_1,IR,NK,NK,-5.527193951,-6.633427541
GTTCGCTGTCCAGTTA-1_2_1,IR,NK,NK,-7.395830559,-7.895468156
GTTCTATAGGATAATC-1_2_1,IR,NKT,T,-3.991239952,-3.390219133
GTTGAACCATGTGGCC-1_2_1,IR,NK,NK,-6.515286373,-5.443102281
GTTGAACGTGTATTCG-1_2_1,IR,T-Helper,T,1.825558496,2.547308524
GTTGCGGAGTGCCCGT-1_2_1,IR,Cytotoxic,T,-2.712385344,1.17510577
GTTGCTCCACCTGCGA-1_2_1,IR,NaiveT,T,1.788150741,6.586815913
GTTGCTCCAGACCTAT-1_2_1,IR,NK,NK,-9.012012886,-8.277053754
GTTGCTCGTGGGATTG-1_2_1,IR,Cytotoxic,T,-0.986159014,-0.387545626
GTTGCTCTCTGCTGAA-1_2_1,IR,NaiveT,T,1.952433897,7.323970873
GTTGCTCTCTGGTCAA-1_2_1,IR,NK,NK,-8.675249504,-6.073849123
GTTGTCCAGTGGATTA-1_2_1,IR,NK,NK,-1.397280501,-4.833676736
GTTGTCCTCCACAGCG-1_2_1,IR,T-Helper,T,1.75133927,0.456794519
GTTGTGACAGATCATC-1_2_1,IR,Cytotoxic,T,-3.638298916,2.154247363
GTTTACTGTTGAATCC-1_2_1,IR,Cytotoxic,T,-4.301677155,1.961781342
GTTTGGAAGTGGGAAA-1_2_1,IR,ILC,ILC,8.423627449,1.314214427
GTTTGGACAGACCAGA-1_2_1,IR,Cytotoxic,T,-0.333240407,-2.772170465
TAACACGGTGCACAAG-1_2_1,IR,T-Helper,T,1.309150172,1.214310367
TAACACGTCGGTGAAG-1_2_1,IR,T-Helper,T,0.366620747,-0.089545212
TAACCAGCAATATCCG-1_2_1,IR,T-Helper,T,0.195872033,1.936177809
TAACCAGCATCGAGCC-1_2_1,IR,Cytotoxic,T,-5.280133652,0.298761774
TAACCAGGTAGTTCCA-1_2_1,IR,NK,NK,-8.885874199,-6.128511827
TAACGACAGTCTTCGA-1_2_1,IR,T-Helper,T,0.875547601,2.450160105
TAACGACCAAGAATGT-1_2_1,IR,Cytotoxic,T,-2.952774929,0.252939988
TAACTTCTCTAATTCC-1_2_1,IR,NKT,T,-5.190333771,-3.067304294
TAAGCACGTGGTAACG-1_2_1,IR,Cytotoxic,T,-1.7605031,5.830523569
TAAGCACGTGTTCCTC-1_2_1,IR,NKT,T,-3.891626762,-3.274041097
TAAGCCAGTCTAGTGT-1_2_1,IR,Cytotoxic,T,-2.605493235,2.182656605
TAAGCCAGTTGGCTAT-1_2_1,IR,TCM,T,-0.5030645,1.027409155
TAAGCGTCAATACGAA-1_2_1,IR,NKT,T,-5.335565971,-6.749451082
TAAGCGTCATGACTGT-1_2_1,IR,NaiveT,T,-0.816269266,6.970054228
TAAGCGTCATTGTACG-1_2_1,IR,NK,NK,-7.99566214,-6.907395284
TAAGTCGAGACCATTC-1_2_1,IR,NaiveT,T,-0.016572016,6.995461066
TAAGTCGAGCTGAAAT-1_2_1,IR,Cytotoxic,T,-2.358666586,0.519275267
TAATCTCCAAGCTGCC-1_2_1,IR,NK,NK,-5.144106792,-4.39017431
TAATCTCGTAGGTAGC-1_2_1,IR,Cytotoxic,T,-5.190029549,0.372726132
TAATCTCGTTAACCTG-1_2_1,IR,Cytotoxic,T,0.473207487,-3.979271095
TAATTCCAGCATCAAA-1_2_1,IR,gdT,T,8.330236984,-6.11134855
TACAACGGTAGCGATG-1_2_1,IR,NK,NK,-6.999020027,-7.121725004
TACACCCTCGACCCAG-1_2_1,IR,Treg,T,3.745242668,0.825599332
TACAGGTGTCAACCAT-1_2_1,IR,Cytotoxic,T,-4.129527019,2.661868174
TACAGGTTCCACGGGT-1_2_1,IR,NaiveT,T,-1.871177839,5.970539172
TACAGGTTCGTCAAAC-1_2_1,IR,T-Helper,T,2.162875248,2.86089905
TACATTCGTGCCGGTT-1_2_1,IR,TCM,T,-1.933617758,4.501678545
TACCCACCAATTGGTC-1_2_1,IR,ILC,ILC,8.702643944,0.982434709
TACCCACCACATCATG-1_2_1,IR,NK,NK,-7.666580128,-4.747064989
TACCCACCATGGTACT-1_2_1,IR,Cytotoxic,T,-3.170468735,1.312894423
TACCGAACACCATAAC-1_2_1,IR,NK,NK,-4.873298096,-4.528378885
TACCGAAGTAGTTACC-1_2_1,IR,NK,NK,-1.170868086,-5.032423418
TACCGAAGTTTGGAGG-1_2_1,IR,gdT,T,7.797750546,-4.584549348
TACCGGGGTACGGTTT-1_2_1,IR,Cytotoxic,T,-3.776876139,2.587484438
TACCTCGCAAGGGCAT-1_2_1,IR,Cytotoxic,T,-2.889387773,1.794746835
TACCTCGCACTCCGGA-1_2_1,IR,ILC,ILC,7.5853997,1.638786275
TACCTCGCATATCGGT-1_2_1,IR,Cytotoxic,T,-3.566610264,2.009243567
TACCTGCCACGAGAAC-1_2_1,IR,T-Helper,T,0.85862912,1.181574304
TACGCTCCAACGCATT-1_2_1,IR,NK,NK,-8.720982956,-5.873927515
TACGCTCTCCGTACGG-1_2_1,IR,T-Helper,T,2.524087263,4.249991496
TACGGGCAGTGGTGAC-1_2_1,IR,NKT,T,-5.321048187,-3.971303384
TACGGGCGTACGTACT-1_2_1,IR,Cytotoxic,T,-3.103453325,0.461634059
TACGGGCTCACTGTTT-1_2_1,IR,Cytotoxic,T,-4.031427311,0.686759431
TACGGGCTCATTCCTA-1_2_1,IR,T-Helper,T,1.485882116,2.66870578
TACGGTACACTACGGC-1_2_1,IR,NK,NK,-6.766693043,-6.388795297
TACGGTAGTTGCCATA-1_2_1,IR,NK,NK,-5.137377666,-6.532423418
TACGGTATCTGCGGCA-1_2_1,IR,NK,NK,-6.366543221,-6.247073572
TACGTCCCAAGGCTTT-1_2_1,IR,NKT,T,-4.647293495,-2.760340135
TACGTCCTCTATCGGA-1_2_1,IR,Cytotoxic,T,0.084201826,-3.955632131
TACTGCCTCTGTTGGA-1_2_1,IR,gdT,T,9.714441849,-7.541328352
TACTTACCAAAGGCGT-1_2_1,IR,Cytotoxic,T,-2.007749723,1.33742686
TACTTACCACTAAACC-1_2_1,IR,NaiveT,T,1.764299584,6.750969012
TACTTACGTTCCTACC-1_2_1,IR,NKT,T,-1.66208403,-2.021503489
TACTTACTCCATTGTT-1_2_1,IR,NK,NK,-7.110408234,-5.587892454
TACTTCACACTCACTC-1_2_1,IR,NaiveT,T,-1.215766238,6.762283881
TACTTCATCGCGCTGA-1_2_1,IR,Cytotoxic,T,0.823132587,-3.89483444
TACTTCATCTTAGCAG-1_2_1,IR,NK,NK,-6.210538792,-4.982390325
TACTTGTTCATGGCCG-1_2_1,IR,Treg,T,3.615096403,0.40556093
TAGACCACAGAAGTTA-1_2_1,IR,Cytotoxic,T,1.024727715,-3.54710881
TAGACTGAGTTCCAGT-1_2_1,IR,NK,NK,-6.499489235,-7.102088373
TAGACTGCAATCCTAG-1_2_1,IR,T-Helper,T,0.527535392,-0.829784136
TAGACTGCACCAATTG-1_2_1,IR,NK,NK,-2.859072374,-3.613549631
TAGACTGCAGATTCGT-1_2_1,IR,ILC,ILC,8.653054787,0.930349429
TAGAGTCCAAGCGAAC-1_2_1,IR,NK,NK,-7.807533668,-6.996475618
TAGAGTCCATCCTAAG-1_2_1,IR,NKT,T,-5.119565414,-6.763031881
TAGATCGAGTCTTCCC-1_2_1,IR,T-Helper,T,2.316264463,2.92789777
TAGGAGGAGAAGCGAA-1_2_1,IR,T-DN,T,-0.272205638,-1.273568313
TAGGGTTGTTCGTTCC-1_2_1,IR,NK,NK,-7.621710228,-4.793703477
TAGGTACCACCATAAC-1_2_1,IR,Treg,T,3.507633997,1.278870184
TAGGTACGTTGGACTT-1_2_1,IR,NK,NK,-7.227384495,-7.491985242
TAGGTACGTTGTACGT-1_2_1,IR,Cytotoxic,T,0.468083663,-2.726207655
TAGGTTGAGCTGCCTG-1_2_1,IR,gdT,T,8.742265297,-5.955996435
TAGGTTGTCGGCGATC-1_2_1,IR,NaiveT,T,0.334328828,8.038760264
TATACCTAGATAGCAT-1_2_1,IR,NaiveT,T,-0.04374619,7.59476908
TATACCTAGGCAGCTA-1_2_1,IR,Cytotoxic,T,0.633517457,-4.095621507
TATACCTCAATTTCGG-1_2_1,IR,ILC,ILC,8.472603394,2.09500869
TATACCTCACACTTAG-1_2_1,IR,Treg,T,3.984777523,0.319880326
TATATCCGTATGAGCG-1_2_1,IR,ILC,ILC,8.412427498,0.882550616
TATATCCGTTTCCATT-1_2_1,IR,NK,NK,-5.157681869,-5.51103298
TATCCTAAGGAACTAT-1_2_1,IR,T-Helper,T,0.681079162,2.224914868
TATCCTAGTCAAAGCG-1_2_1,IR,T-Helper,T,1.537581993,0.37028559
TATCCTATCGAATCCA-1_2_1,IR,NK,NK,-8.593643593,-7.083703439
TATCTTGAGGGAGGGT-1_2_1,IR,NaiveT,T,1.203500939,8.966447909
TATCTTGTCTACCTTA-1_2_1,IR,T-Helper,T,0.618823541,1.89104243
TATTCCACATCGCTAA-1_2_1,IR,NK,NK,-6.846187042,-6.377714079
TATTCCAGTTTGCCGG-1_2_1,IR,NK,NK,-6.24255936,-5.868528764
TATTGCTAGACGTCGA-1_2_1,IR,NK,NK,-5.614516186,-7.200300138
TATTGGGAGACTCTAC-1_2_1,IR,NK,NK,-6.20777552,-6.5962619
TATTTCGAGATGGTCG-1_2_1,IR,NK,NK,-5.738248753,-4.161446016
TCAAGACAGGAGGTTC-1_2_1,IR,NK,NK,-1.565000342,-4.969422739
TCAAGACAGTAGACAT-1_2_1,IR,NaiveT,T,1.418516232,6.913631995
TCAAGACGTGATGAAT-1_2_1,IR,Cytotoxic,T,-1.164174603,0.124493037
TCAAGCAAGGGTACAC-1_2_1,IR,NKT,T,-4.931722568,-6.690252225
TCAAGTGCAGAGCTAG-1_2_1,IR,Cytotoxic,T,-0.804049777,2.032532294
TCAAGTGGTGCATTTG-1_2_1,IR,Cytotoxic,T,-4.563542294,2.021516163
TCAAGTGTCGGCTGGT-1_2_1,IR,NaiveT,T,-1.936522173,6.56944998
TCAAGTGTCGTCGATA-1_2_1,IR,Cytotoxic,T,-4.872254776,1.591433842
TCAATTCCAGCATACT-1_2_1,IR,T-DN,T,0.460183425,3.508999426
TCAATTCGTGGTGATG-1_2_1,IR,NaiveT,T,-0.114559846,6.385139544
TCACAAGGTCACCGAC-1_2_1,IR,NK,NK,-8.831369804,-6.040301244
TCACACCCATCATCCC-1_2_1,IR,T-DN,T,1.340786768,2.706543524
TCACATTAGAAGCGGG-1_2_1,IR,Cytotoxic,T,-0.472398149,-1.939941447
TCACATTGTTACCCAA-1_2_1,IR,ILC,ILC,8.459820343,1.373079855
TCACTATAGGCAATGC-1_2_1,IR,TCM,T,-1.595104026,3.256326992
TCACTATGTCTGTAGT-1_2_1,IR,T-Helper,T,0.671443118,1.390154321
TCACTATGTTCGGCTG-1_2_1,IR,T-Helper,T,1.117685212,-0.013425912
TCACTATTCGACTCCT-1_2_1,IR,Treg,T,2.673158241,-1.696681421
TCACTCGGTAGGCAAC-1_2_1,IR,gdT,T,9.069854332,-5.681409757
TCAGCAAAGGTTCCGC-1_2_1,IR,NaiveT,T,0.994794262,7.81493767
TCAGCAAGTCAGTCTA-1_2_1,IR,Cytotoxic,T,0.705767346,-1.858047407
TCAGCCTGTAGCTTAC-1_2_1,IR,Treg,T,6.071509911,1.554390986
TCAGCCTGTCACCACG-1_2_1,IR,Cytotoxic,T,-2.095728802,0.444970567
TCAGGGCAGCTCGTGC-1_2_1,IR,Cytotoxic,T,0.674226059,-2.716334264
TCAGGGCGTACAGGTG-1_2_1,IR,Cytotoxic,T,-4.557321476,-0.559310894
TCAGGTAGTGTGAATA-1_2_1,IR,NaiveT,T,0.162492251,7.196292002
TCAGTCCAGGAGTACC-1_2_1,IR,NaiveT,T,1.520061565,7.615536292
TCAGTCCGTCGCAACC-1_2_1,IR,Treg,T,3.757691694,0.390968431
TCAGTCCTCCAAAGGG-1_2_1,IR,NaiveT,T,2.017885877,7.362876971
TCAGTGAAGTTGAATG-1_2_1,IR,NK,NK,-8.204887794,-6.346664827
TCAGTGACAACATCGT-1_2_1,IR,NK,NK,-5.889618801,-7.141900938
TCAGTTTGTGCCTGCA-1_2_1,IR,Cytotoxic,T,-0.992010163,-0.100695912
TCATACTAGGCAGTCA-1_2_1,IR,TCM,T,-1.999235319,5.713824828
TCATACTCAGGTGTTT-1_2_1,IR,NK,NK,-1.248785066,-4.556348722
TCATACTGTTCGTAAC-1_2_1,IR,Cytotoxic,T,0.645779176,-3.837543886
TCATACTTCAAGCCTA-1_2_1,IR,NK,NK,-7.058575081,-6.555925291
TCATACTTCACCTGGG-1_2_1,IR,NK,NK,-5.16344397,-7.243627946
TCATACTTCCCTCTTT-1_2_1,IR,Treg,T,4.022606445,0.140000452
TCATATCAGCTTTCTT-1_2_1,IR,T-Helper,T,0.240855841,0.851359148
TCATCATAGATGCTGG-1_2_1,IR,NK,NK,-1.016578483,-4.933218401
TCATGAGCAATACAGA-1_2_1,IR,NK,NK,-5.724520134,-5.782101076
TCATGAGCAGATTCGT-1_2_1,IR,gdT,T,8.516408516,-3.718884389
TCATGCCAGCCAAGTG-1_2_1,IR,NK,NK,-5.884484219,-5.067701261
TCATGCCAGTGATCGG-1_2_1,IR,gdT,T,9.223119331,-5.895313184
TCATGCCCACTACGGC-1_2_1,IR,T-Helper,T,1.235294772,1.094867666
TCATGCCTCAGTCTTT-1_2_1,IR,ILC,ILC,8.169848038,0.869436045
TCATGCCTCTCGTGAA-1_2_1,IR,Cytotoxic,T,-2.664019274,0.678130407
TCATGGATCATAAGGA-1_2_1,IR,Cytotoxic,T,-0.572889256,0.497046251
TCATGTTAGAATTCAG-1_2_1,IR,TCM,T,-2.530166553,-2.732415836
TCATGTTGTCGGTGAA-1_2_1,IR,T-Helper,T,0.759137703,2.021959622
TCATTACCACCGCTGA-1_2_1,IR,NaiveT,T,1.967935277,8.878869135
TCATTACGTCTTTCTA-1_2_1,IR,T-DN,T,0.151881191,2.542188723
TCATTCATCACCGGTG-1_2_1,IR,Cytotoxic,T,-3.539275574,1.488849361
TCATTCATCGGATTAC-1_2_1,IR,TCM,T,0.62948103,5.366941531
TCATTGTAGAAGAACG-1_2_1,IR,NK,NK,-5.310692715,-7.267918508
TCATTTGAGTCGTCTA-1_2_1,IR,NK,NK,-8.382768082,-6.772414129
TCATTTGTCGACGTCG-1_2_1,IR,NaiveT,T,-1.188487696,6.974054892
TCCACCATCCTGCTAC-1_2_1,IR,NK,NK,-5.91639893,-6.016102712
TCCACGTCAAATCGGG-1_2_1,IR,NaiveT,T,-1.794991302,6.128395636
TCCACGTGTCTACAGT-1_2_1,IR,NK,NK,-7.720931458,-6.399079244
TCCAGAACACGACGCT-1_2_1,IR,NaiveT,T,1.843827201,7.133870203
TCCAGAATCACTGCTC-1_2_1,IR,T-Helper,T,2.446356131,3.129527647
TCCCACAGTCGCTTAA-1_2_1,IR,TCM,T,-2.283457684,5.072744448
TCCCATGCAAGTGGGT-1_2_1,IR,NaiveT,T,-1.023558187,6.589627345
TCCGAAAGTCGATTAC-1_2_1,IR,gdT,T,2.394964767,0.344436754
TCCGGGACAAATGAAC-1_2_1,IR,Cytotoxic,T,0.769192351,-3.310951631
TCCGTGTGTCTGTGTA-1_2_1,IR,NK,NK,-8.780539917,-6.621228139
TCCTAATAGGGAGGCA-1_2_1,IR,NKT,T,-4.980996059,-2.20596997
TCCTAATTCAGTGTCA-1_2_1,IR,NaiveT,T,0.976762486,7.677250464
TCCTCCCCACTGCGAC-1_2_1,IR,NKT,T,-5.092808174,-2.896683376
TCCTCCCGTCGCTTGG-1_2_1,IR,Cytotoxic,T,0.402893362,-4.121014993
TCCTCCCGTGATAGTA-1_2_1,IR,T-Helper,T,1.924851252,1.99783786
TCCTCGACATCATTGG-1_2_1,IR,Cytotoxic,T,-1.748490023,1.818808157
TCCTCGAGTTGCGAAG-1_2_1,IR,NaiveT,T,2.238268925,8.573675234
TCCTCTTCAAGTATCC-1_2_1,IR,NK,NK,-5.472494053,-6.953604143
TCCTCTTCACAAAGTA-1_2_1,IR,NKT,T,-5.174587654,-3.111796539
TCCTTCTGTTAAGCAA-1_2_1,IR,T-Helper,T,0.23488391,-0.781601291
TCCTTCTTCCAGTGCG-1_2_1,IR,Cytotoxic,T,-4.513870644,2.227376778
TCCTTTCTCTCACCCA-1_2_1,IR,TCM,T,-1.944226431,5.115520079
TCGAACACAAACGAGC-1_2_1,IR,Treg,T,2.601782871,-1.830941837
TCGAACACACCTGCGA-1_2_1,IR,T-Helper,T,1.682142449,1.254898031
TCGAAGTCAATGTCTG-1_2_1,IR,NaiveT,T,-0.99349718,6.662535746
TCGAAGTGTCTATGAC-1_2_1,IR,NK,NK,-6.012648987,-6.157660406
TCGAAGTTCGCTCATC-1_2_1,IR,NaiveT,T,0.151134775,7.91566189
TCGACCTCATAATGCC-1_2_1,IR,NK,NK,-9.046529221,-8.436329763
TCGACCTGTAGAAACT-1_2_1,IR,ILC,ILC,7.252882076,1.577246148
TCGACGGAGCATGGGT-1_2_1,IR,NK,NK,-6.600089954,-6.141780298
TCGACGGAGTCTGCGC-1_2_1,IR,NaiveT,T,0.401915802,6.754130442
TCGACGGCATTCGATG-1_2_1,IR,T-DN,T,1.230102016,3.501517136
TCGACGGGTACCGTCG-1_2_1,IR,NaiveT,T,1.158158077,8.413041193
TCGATTTAGTCTTCCC-1_2_1,IR,Cytotoxic,T,-5.424702572,0.303643544
TCGCACTAGGCCTGCT-1_2_1,IR,Treg,T,2.77570398,-1.717646878
TCGCAGGGTGCGAACA-1_2_1,IR,NaiveT,T,-1.564791488,6.660479624
TCGGATACACCGTCTT-1_2_1,IR,NaiveT,T,-0.57287948,6.538734038
TCGGATAGTACGAGCA-1_2_1,IR,Treg,T,3.687244011,-0.698996286
TCGGGCAAGCGCTGCT-1_2_1,IR,NKT,T,-3.817376303,-2.420175235
TCGGGCACAGCAAGAC-1_2_1,IR,Treg,T,3.64520104,0.420753736
TCGGGCACAGCTTCCT-1_2_1,IR,Cytotoxic,T,-3.564662384,2.200440724
TCGGGCATCGTAATGC-1_2_1,IR,NaiveT,T,2.288657976,8.466784556
TCGGGTGAGCGTCTGC-1_2_1,IR,Cytotoxic,T,-3.271425175,0.114064057
TCGGGTGAGTGCTCGC-1_2_1,IR,Cytotoxic,T,0.33764006,2.387858708
TCGGGTGCAACCGTAT-1_2_1,IR,NK,NK,-8.207832741,-7.115162771
TCGGTCTGTATTCTCT-1_2_1,IR,T-Helper,T,2.21463759,2.875472624
TCGGTCTTCCAAAGGG-1_2_1,IR,NaiveT,T,0.983764244,8.514538844
TCGGTCTTCGCGAAGA-1_2_1,IR,Cytotoxic,T,0.737317337,-2.928981464
TCGTAGAGTTGCAACT-1_2_1,IR,NaiveT,T,1.505339337,8.861238558
TCGTCCAAGAGTGTTA-1_2_1,IR,NaiveT,T,1.030445529,7.861162264
TCGTCCAAGGTCGTAG-1_2_1,IR,NKT,T,-3.477149414,-2.792930286
TCGTCCACAAATTAGG-1_2_1,IR,NaiveT,T,0.296873553,7.664031584
TCGTCCACACAACGCC-1_2_1,IR,NKT,T,-3.518150972,-3.364369791
TCGTGCTTCATTGAGC-1_2_1,IR,T-Helper,T,-0.039100276,0.037434746
TCGTGGGTCTCTCTTC-1_2_1,IR,T-DN,T,0.944299234,3.046613533
TCTAACTTCAGATGCT-1_2_1,IR,Cytotoxic,T,-3.27080934,0.386869837
TCTACCGAGTAAACGT-1_2_1,IR,Cytotoxic,T,-0.769533264,2.17944463
TCTACCGAGTAGAGTT-1_2_1,IR,Cytotoxic,T,-2.313243078,1.104726274
TCTACCGGTGCCTTCT-1_2_1,IR,NaiveT,T,0.806896401,7.787972529
TCTATACGTGTATACC-1_2_1,IR,Cytotoxic,T,-3.240632223,1.441776831
TCTATACTCAGACCCG-1_2_1,IR,T-DN,T,0.535843773,2.719795067
TCTATCAAGGTAGCCA-1_2_1,IR,gdT,T,10.05725153,-5.673719804
TCTCCGAAGTCTCCTC-1_2_1,IR,NKT,T,-4.141923355,-2.575682085
TCTCTGGCATTGTAGC-1_2_1,IR,NaiveT,T,0.711103631,7.311334689
TCTCTGGGTCTTCAAG-1_2_1,IR,NaiveT,T,-0.470094191,6.072990973
TCTCTGGGTTCTCTAT-1_2_1,IR,Cytotoxic,T,-4.68046801,0.436060746
TCTGCCAAGGACGGAG-1_2_1,IR,Cytotoxic,T,0.009993581,-2.738533657
TCTGCCACACCACATA-1_2_1,IR,T-DN,T,0.165488783,2.591982682
TCTGCCACAGACCAGA-1_2_1,IR,NK,NK,-8.909479546,-8.255904119
TCTGCCACATCACAGT-1_2_1,IR,TCM,T,-1.964817213,4.82967623
TCTGGCTCACGTCGGT-1_2_1,IR,Cytotoxic,T,-2.754352259,0.931647379
TCTTAGTAGAAAGTCT-1_2_1,IR,NKT,T,-4.383263039,-3.16100518
TCTTAGTTCCACTTCG-1_2_1,IR,NaiveT,T,0.439958526,6.432403643
TCTTGCGGTTTCACTT-1_2_1,IR,NK,NK,-6.514036106,-5.962200563
TCTTGCGTCCAAGCAT-1_2_1,IR,NK,NK,-5.656377243,-5.812483709
TCTTTGAAGATGAATC-1_2_1,IR,Cytotoxic,T,0.849482549,-3.760806959
TCTTTGATCGCTTTAT-1_2_1,IR,NK,NK,-0.970223235,-4.328360002
TGAATCGAGACGGTCA-1_2_1,IR,Cytotoxic,T,-2.351639437,1.436067541
TGAATGCCAGTTTCGA-1_2_1,IR,Cytotoxic,T,-1.932152676,5.68848284
TGAATGCGTCATCCGG-1_2_1,IR,Cytotoxic,T,-2.702783035,0.732529004
TGAATGCGTTAATCGC-1_2_1,IR,gdT,T,7.657209946,-4.690910738
TGACCCTTCTACCTTA-1_2_1,IR,NK,NK,-8.484301971,-5.550064008
TGACGCGAGACTTCCA-1_2_1,IR,Treg,T,3.500823332,0.328259666
TGACGCGCAATCCTTT-1_2_1,IR,NKT,T,-0.469858335,-1.575753849
TGACGCGTCAAGTGTC-1_2_1,IR,Cytotoxic,T,-3.372616219,1.049168904
TGACTCCCACTCCGGA-1_2_1,IR,NKT,T,-5.688610481,-2.241638105
TGAGACTGTCGCATTA-1_2_1,IR,Cytotoxic,T,0.841299368,-2.999921959
TGAGACTTCGACTCCT-1_2_1,IR,NK,NK,-8.66309111,-6.709828775
TGAGCATCACATTCGA-1_2_1,IR,NaiveT,T,0.442887438,7.273802836
TGAGCATTCAGCTTCC-1_2_1,IR,gdT,T,1.808367325,0.215710808
TGAGCATTCCACTTCG-1_2_1,IR,NaiveT,T,-0.621224689,7.650359709
TGAGCGCCATGCCGGT-1_2_1,IR,ILC,ILC,8.509486748,1.275655587
TGAGGGAAGCGTCTCG-1_2_1,IR,NaiveT,T,-0.216485249,7.449989874
TGAGGGAAGGTGCTTT-1_2_1,IR,NaiveT,T,0.842359437,8.992350657
TGAGGGAAGTCTGGAG-1_2_1,IR,NaiveT,T,0.053084774,6.836521704
TGAGGGAGTTTGGAGG-1_2_1,IR,Cytotoxic,T,0.738351596,-3.569838684
TGAGGGATCTATACGG-1_2_1,IR,NK,NK,-1.134237217,-4.965088766
TGAGGTTCACTGCACG-1_2_1,IR,TCM,T,-1.903763222,4.455524523
TGAGGTTTCGACGCTG-1_2_1,IR,NaiveT,T,2.093985153,7.826243002
TGAGTCACAATGCAGG-1_2_1,IR,T-Helper,T,1.586224986,1.710597951
TGAGTCAGTGAGACCA-1_2_1,IR,NK,NK,-8.784210609,-6.963664453
TGATCAGCATCTGGGC-1_2_1,IR,NK,NK,-5.762377666,-6.731330793
TGATCAGGTGCCCGTA-1_2_1,IR,Treg,T,3.219271494,-0.802825849
TGATCTTCATACCAGT-1_2_1,IR,Cytotoxic,T,0.621859265,-3.787978094
TGATCTTGTTGACTGT-1_2_1,IR,T-Helper,T,-0.122256415,-1.02756248
TGATGCAAGGTGGCTA-1_2_1,IR,NaiveT,T,0.770135714,8.478156168
TGATGCATCGCATTAG-1_2_1,IR,gdT,T,7.781705929,-5.679142873
TGATGGTCAATCTGCA-1_2_1,IR,ILC,ILC,8.365751816,1.989810069
TGATGGTCAGACACAG-1_2_1,IR,NK,NK,-7.559185909,-7.443796079
TGATTCTCAATCCTTT-1_2_1,IR,NaiveT,T,2.92905481,6.922678549
TGATTCTCAGCGCGTT-1_2_1,IR,NK,NK,-8.320473122,-6.822077196
TGATTCTTCTAGGCAT-1_2_1,IR,NK,NK,-8.384731697,-6.570461195
TGATTTCCAGCCGTCA-1_2_1,IR,T-Helper,T,1.087097121,0.869419475
TGATTTCTCATGACAC-1_2_1,IR,NaiveT,T,2.610900951,6.349292834
TGCACGGCAGAACGCA-1_2_1,IR,NKT,T,-4.360139774,-1.440266173
TGCAGATCAAACTCTG-1_2_1,IR,NaiveT,T,-1.913701223,5.945314009
TGCAGATCAGCAGACA-1_2_1,IR,NaiveT,T,0.493644519,7.65065964
TGCAGATGTTGTGCAT-1_2_1,IR,ILC,ILC,7.51355846,2.269933779
TGCAGATTCCTTCGAC-1_2_1,IR,NaiveT,T,1.651555372,6.208077032
TGCAGGCCAAGTCATC-1_2_1,IR,Cytotoxic,T,-4.626128124,0.43536802
TGCAGGCCAGCGCTTG-1_2_1,IR,T-DN,T,0.368495775,2.34735163
TGCAGGCGTGTCTTCC-1_2_1,IR,NK,NK,-6.607991623,-6.19788162
TGCAGTATCCGCATAA-1_2_1,IR,Cytotoxic,T,-0.202345895,-4.304474752
TGCATCCAGGAACTAT-1_2_1,IR,NaiveT,T,1.87426467,7.43058594
TGCATCCCACCTGCAG-1_2_1,IR,NaiveT,T,2.20644076,7.244716246
TGCATCCGTCGACGCT-1_2_1,IR,T-DN,T,0.24783845,-1.233012598
TGCATCCGTGCCCACA-1_2_1,IR,NaiveT,T,2.837997271,7.14947756
TGCATGAGTTCTTCAT-1_2_1,IR,Cytotoxic,T,-2.430411505,0.293268402
TGCCGAGTCGATTGGT-1_2_1,IR,NK,NK,-0.530787753,-4.487597387
TGCGACGAGTACCCTA-1_2_1,IR,T-Helper,T,7.837719036,-5.831646364
TGCGACGCACGACGCT-1_2_1,IR,NaiveT,T,-1.246865915,6.740297396
TGCGGCACACAATCTG-1_2_1,IR,NKT,T,-3.901981758,-2.454999607
TGCGGCAGTAATGCGG-1_2_1,IR,T-Helper,T,0.725217534,0.52462985
TGCGGCAGTTATAGCC-1_2_1,IR,T-Helper,T,1.902340127,0.759454329
TGCGGGTCAGGGATAC-1_2_1,IR,NaiveT,T,1.62736447,8.488729556
TGCTCGTCAAGAGAGA-1_2_1,IR,NK,NK,-7.830441879,-6.710084837
TGCTCGTTCGTCGATA-1_2_1,IR,Treg,T,3.365509821,1.293122013
TGCTGAACAGCCCACA-1_2_1,IR,T-Helper,T,1.644521309,2.220409233
TGCTGAACAGGACTTT-1_2_1,IR,NK,NK,-5.985340523,-5.965549867
TGCTGAATCTTTCTAG-1_2_1,IR,NaiveT,T,2.558229757,6.501567919
TGGAACTGTGTTTCTT-1_2_1,IR,NKT,T,-5.285355972,-3.985402505
TGGAACTTCGAGATGG-1_2_1,IR,NK,NK,-5.267300533,-7.149030607
TGGAGAGAGCTACAAA-1_2_1,IR,NaiveT,T,0.115795882,8.155341227
TGGAGAGGTAGTGTGG-1_2_1,IR,NKT,T,-3.948717045,-3.208410184
TGGAGAGGTATTGACC-1_2_1,IR,gdT,T,8.269154144,-4.916167181
TGGAGGACACGTATAC-1_2_1,IR,NK,NK,-7.425302433,-7.639402788
TGGATCATCTGCCTCA-1_2_1,IR,NKT,T,-5.869334625,-4.289853494
TGGATGTGTAGCTGCC-1_2_1,IR,Cytotoxic,T,0.573742671,3.199846585
TGGATGTGTGTGAGCA-1_2_1,IR,T-DN,T,-0.050732689,-2.80944721
TGGATGTTCAGCTCTC-1_2_1,IR,NK,NK,-6.582161831,-5.940120142
TGGGAAGCACTTGGCG-1_2_1,IR,Treg,T,3.657446457,-0.661030572
TGGGAGAAGATCCTAC-1_2_1,IR,NK,NK,-7.136692928,-7.167623918
TGGGAGAAGCGTCGAA-1_2_1,IR,ILC,ILC,8.329464508,1.399434168
TGGGAGATCTAAGCCA-1_2_1,IR,Cytotoxic,T,-1.548711704,0.557324428
TGGGATTCATTCTCCG-1_2_1,IR,NKT,T,-5.144675182,-3.944453876
TGGGATTGTACCGTGC-1_2_1,IR,T-Helper,T,0.514819605,2.171168883
TGGGATTGTTCGGCCA-1_2_1,IR,Cytotoxic,T,-4.646778988,2.002227623
TGGGATTTCTGCGAGC-1_2_1,IR,NK,NK,-5.687232422,-7.305410783
TGGGCGTAGAAATCCA-1_2_1,IR,NKT,T,-5.424448894,-3.832330625
TGGGCGTTCTGAATGC-1_2_1,IR,NaiveT,T,-1.070496606,6.587734301
TGGGCTGGTGTTACAC-1_2_1,IR,NK,NK,-6.715154575,-6.917246263
TGGGTTATCCTGGTCT-1_2_1,IR,NK,NK,-5.130522655,-4.943555753
TGGTAGTGTGAATAAC-1_2_1,IR,NaiveT,T,1.189040614,8.102679331
TGGTAGTTCACCGACG-1_2_1,IR,NaiveT,T,-0.869784521,7.247049887
TGGTGATAGGAGGGTG-1_2_1,IR,T-Helper,T,1.514368845,0.78263833
TGGTGATCAAACCGGA-1_2_1,IR,Treg,T,3.633081509,-0.088035432
TGGTTAGAGACCTGGA-1_2_1,IR,NK,NK,-8.117050575,-5.767683904
TGGTTAGCAAAGCAAT-1_2_1,IR,T-Helper,T,0.417614443,0.329811592
TGTAACGGTCATTGCA-1_2_1,IR,NaiveT,T,1.5821162,8.800992091
TGTAACGTCCAAATGC-1_2_1,IR,T-Helper,T,1.810616685,0.7549388
TGTAACGTCGGTCAGC-1_2_1,IR,NK,NK,-8.845875191,-6.631617468
TGTAGACAGAATCGAT-1_2_1,IR,NaiveT,T,1.005507661,8.027376254
TGTAGACCAGGAACCA-1_2_1,IR,NaiveT,T,0.763626767,8.972967226
TGTAGACGTCAAGCCC-1_2_1,IR,NK,NK,-6.296021866,-4.900636594
TGTAGACGTTTGCAGT-1_2_1,IR,NK,NK,-7.408918785,-6.37080137
TGTCAGAGTACCCAGC-1_2_1,IR,NK,NK,-0.989800142,-4.925522726
TGTCCACCATAAGCAA-1_2_1,IR,NK,NK,-1.457236098,-4.046363037
TGTCCCAGTCACCACG-1_2_1,IR,NK,NK,-7.858070778,-7.298455637
TGTCCTGGTCAAGGCA-1_2_1,IR,NK,NK,-7.114188599,-5.711646001
TGTCCTGGTCATAAAG-1_2_1,IR,Cytotoxic,T,-3.298478769,0.290688087
TGTCCTGGTGCCGTAC-1_2_1,IR,NaiveT,T,-0.197976219,7.455026228
TGTCCTGTCACTTTGT-1_2_1,IR,NaiveT,T,1.007969094,8.562665064
TGTCCTGTCCCTTGTG-1_2_1,IR,NaiveT,T,1.641104175,6.752668459
TGTCCTGTCGCTCCTA-1_2_1,IR,NaiveT,T,-0.867943095,6.200726588
TGTGAGTCACGTCGTG-1_2_1,IR,NK,NK,-6.526979374,-4.056591671
TGTGCGGAGATGCGAC-1_2_1,IR,NaiveT,T,-1.134392666,7.411627848
TGTGCGGTCCGTGGGT-1_2_1,IR,Cytotoxic,T,-2.595644402,0.370483715
TGTGGCGTCGCTCTCA-1_2_1,IR,Cytotoxic,T,-1.106782483,0.275936801
TGTGTGACATCGATAC-1_2_1,IR,Cytotoxic,T,-0.198399888,-1.878298919
TGTTACTCACTTCATT-1_2_1,IR,NK,NK,-1.322526263,-4.515171449
TGTTCATCATCTTCGC-1_2_1,IR,NaiveT,T,0.862839116,8.091433604
TGTTCATCATTCGATG-1_2_1,IR,NaiveT,T,0.111574022,6.548423846
TGTTCATTCTGCGTCT-1_2_1,IR,NK,NK,-8.637179779,-6.567328374
TGTTCCGGTCTCCTGT-1_2_1,IR,Cytotoxic,T,-3.207956718,0.67004605
TGTTGGACACTTTATC-1_2_1,IR,ILC,ILC,8.767564369,1.129985769
TTAATCCTCTCGGGAC-1_2_1,IR,NaiveT,T,-1.558903383,6.684600432
TTACAGGAGTTCGGTT-1_2_1,IR,gdT,T,7.678206516,-4.585833948
TTACAGGGTGTGAGCA-1_2_1,IR,T-Helper,T,1.115760816,-0.54622234
TTACCATAGCCTGTCG-1_2_1,IR,ILC,ILC,9.315749718,2.848544199
TTACCGCCAGCAGACA-1_2_1,IR,T-Helper,T,1.771652771,2.451040347
TTACGTTCAGGTGTGA-1_2_1,IR,Cytotoxic,T,-2.785502123,0.75812449
TTACGTTGTTTGTGGT-1_2_1,IR,Treg,T,3.805806948,0.562350948
TTACTGTCAATAGGAT-1_2_1,IR,NK,NK,-7.279232906,-5.965878408
TTAGGCAGTATGTCTG-1_2_1,IR,Cytotoxic,T,-3.170815157,0.642439563
TTAGGCATCCGTGGTG-1_2_1,IR,NK,NK,-5.376405643,-6.073785703
TTAGGGTAGGAAGTCC-1_2_1,IR,ILC,ILC,8.748333527,1.389731486
TTAGTCTCACCGCTGA-1_2_1,IR,NK,NK,-6.836154865,-6.877067487
TTAGTCTGTGTAGGAC-1_2_1,IR,NK,NK,-5.311554359,-5.363092344
TTATTGCAGTAGGTTA-1_2_1,IR,Cytotoxic,T,-3.461646723,1.165885527
TTATTGCAGTCTGGTT-1_2_1,IR,NaiveT,T,0.039886026,6.528045256
TTATTGCGTAGATTGA-1_2_1,IR,T-Helper,T,0.538122577,2.030913193
TTCAATCGTAGGGTAC-1_2_1,IR,NaiveT,T,0.764987839,7.250533183
TTCAATCTCGCGATCG-1_2_1,IR,NKT,T,-5.805051254,-2.763722103
TTCACCGAGATTGACA-1_2_1,IR,Cytotoxic,T,-2.253843712,0.716971595
TTCACCGCACTTGGGC-1_2_1,IR,NaiveT,T,0.594176633,7.28145798
TTCACCGGTACGATGG-1_2_1,IR,T-Helper,T,1.884938789,0.947962124
TTCACCGTCCTCATAT-1_2_1,IR,NaiveT,T,2.702107979,7.307816107
TTCACGCCATCGATAC-1_2_1,IR,T-DN,T,1.080682827,3.117414791
TTCACGCTCCAGTGCG-1_2_1,IR,Cytotoxic,T,-2.666932987,2.149816353
TTCAGGAGTATCGTTG-1_2_1,IR,TCM,T,-2.027655052,5.007787783
TTCAGGAGTCATCACA-1_2_1,IR,T-DN,T,-0.810788082,-1.032165568
TTCATGTCAGATTTCG-1_2_1,IR,NaiveT,T,1.910046888,6.206812937
TTCATTGCATTCGGGC-1_2_1,IR,T-Helper,T,1.377507282,1.419104655
TTCCACGCAAATAAGC-1_2_1,IR,T-Helper,T,1.503291799,1.721458752
TTCCACGGTAGCGTTT-1_2_1,IR,ILC,ILC,8.630384041,1.269411285
TTCCACGGTAGGCAGT-1_2_1,IR,NaiveT,T,1.870070411,7.506913741
TTCCACGGTGCCTGCA-1_2_1,IR,NK,NK,-0.593605386,-4.656246584
TTCCGGTAGCGCCATC-1_2_1,IR,Cytotoxic,T,-2.21674888,0.711350639
TTCCGTGTCCTCTAGC-1_2_1,IR,T-Helper,T,0.841108871,1.83281811
TTCCGTGTCGCAATGT-1_2_1,IR,NK,NK,-6.89825003,-5.33254854
TTCCTAACATGATGCT-1_2_1,IR,NK,NK,-7.353867458,-6.517415922
TTCCTAACATGCTGCG-1_2_1,IR,T-Helper,T,1.021190358,-3.770450752
TTCCTAAGTCACTACA-1_2_1,IR,Cytotoxic,T,-1.958817886,1.184247095
TTCCTAATCACCATCC-1_2_1,IR,NaiveT,T,2.114241315,6.38887747
TTCCTCTGTAAGGCCA-1_2_1,IR,NK,NK,-1.78550713,-3.468667905
TTCCTTCGTATGAGGC-1_2_1,IR,Treg,T,4.143324448,0.389868696
TTCGATTAGACAGCTG-1_2_1,IR,gdT,T,2.325654818,-0.098581046
TTCGCTGAGCAGGCTA-1_2_1,IR,NK,NK,-0.561003612,-4.536498468
TTCGCTGCACGGATCC-1_2_1,IR,NaiveT,T,0.341640888,8.204120715
TTCGCTGCATTGAGCT-1_2_1,IR,Cytotoxic,T,-4.648015427,1.3685654
TTCGGTCAGCAACTTC-1_2_1,IR,Cytotoxic,T,-0.481801735,-1.224728386
TTCTAACCACCTTCCA-1_2_1,IR,T-Helper,T,-0.012529658,-2.60415117
TTCTCTCAGCCAGAGT-1_2_1,IR,NK,NK,-6.95034306,-6.608413141
TTCTCTCTCGAGTTGT-1_2_1,IR,NK,NK,-6.713512348,-4.816140096
TTCTCTCTCGCGTAGC-1_2_1,IR,Cytotoxic,T,-1.27296369,0.046858643
TTCTGTAGTCATACCA-1_2_1,IR,Cytotoxic,T,-4.427134918,1.123957593
TTCTTGAAGAGATGCC-1_2_1,IR,T-Helper,T,-0.471921789,1.067824442
TTCTTGATCCATTTAC-1_2_1,IR,NaiveT,T,2.081438018,8.558523257
TTGAACGGTTTCGATG-1_2_1,IR,NaiveT,T,1.766348434,6.994619925
TTGAACGTCAAATGAG-1_2_1,IR,Cytotoxic,T,0.512308074,-3.244424503
TTGAACGTCAGTGTCA-1_2_1,IR,T-DN,T,0.383889792,2.068621476
TTGAACGTCTACGCAA-1_2_1,IR,NaiveT,T,1.086591137,6.606058199
TTGACCCAGTGCTAGG-1_2_1,IR,T-Helper,T,2.301921679,3.408741791
TTGACCCGTCTCTCCA-1_2_1,IR,T-Helper,T,0.827067507,-0.59008063
TTGACCCTCAGACTGT-1_2_1,IR,NKT,T,-3.629327463,-2.023869317
TTGATGGGTGTCACAT-1_2_1,IR,Cytotoxic,T,-2.804709124,1.742770512
TTGATGGTCAGAGCAG-1_2_1,IR,Cytotoxic,T,-1.817337202,0.734732885
TTGCATTAGGAAAGAC-1_2_1,IR,T-DN,T,0.172168752,-3.149973314
TTGCATTCAACACGTT-1_2_1,IR,NaiveT,T,2.966011358,7.497670729
TTGCATTCAAGGATGC-1_2_1,IR,NaiveT,T,0.788843347,7.452695448
TTGCATTGTGCCCTTT-1_2_1,IR,NK,NK,-1.210004734,-4.092728059
TTGCCTGAGGGCAATC-1_2_1,IR,NK,NK,-6.77331345,-6.286575239
TTGCCTGAGTCTCTGA-1_2_1,IR,NaiveT,T,-0.386003005,6.778189738
TTGCCTGCAGGATGAC-1_2_1,IR,NaiveT,T,-0.799499976,6.645515044
TTGCGTCAGCTGTGCC-1_2_1,IR,NaiveT,T,1.487425877,8.029326517
TTGCGTCCAACGCCCA-1_2_1,IR,T-Helper,T,1.741287304,1.30435713
TTGCGTCCAGGATTCT-1_2_1,IR,NK,NK,-6.47533028,-6.787695329
TTGCTGCGTTGCATAC-1_2_1,IR,gdT,T,7.919807983,-6.49381439
TTGGATGCACCGCTAG-1_2_1,IR,NaiveT,T,0.480959846,6.741508562
TTGGATGGTTCACGAT-1_2_1,IR,Cytotoxic,T,-3.755924868,1.581006367
TTGGGATCATGCCGCA-1_2_1,IR,NK,NK,-8.586379456,-6.137844484
TTGGGATGTATGTCAC-1_2_1,IR,T-Helper,T,1.063458515,-0.96079443
TTGTGGACACTCTCGT-1_2_1,IR,Cytotoxic,T,-2.041489052,1.667657573
TTGTGTTAGGTCATTC-1_2_1,IR,NK,NK,-7.107690262,-7.343740385
TTGTGTTGTGTCCCTT-1_2_1,IR,T-Helper,T,1.202204181,1.667426784
TTGTGTTTCTTCGTGC-1_2_1,IR,TCM,T,-0.479397105,0.892971237
TTGTTCAGTCAAAGAT-1_2_1,IR,Cytotoxic,T,0.40429048,-3.162647407
TTGTTTGAGAGGCGGA-1_2_1,IR,NK,NK,-5.622093605,-7.16583864
TTGTTTGGTCATCTAG-1_2_1,IR,ILC,ILC,8.864574982,2.179053147
TTGTTTGTCTGGTTGA-1_2_1,IR,NK,NK,-7.257476734,-8.043031614
TTTACCAAGACTTGTC-1_2_1,IR,Cytotoxic,T,-2.613701271,1.362943966
TTTACCACAAGGTACG-1_2_1,IR,NK,NK,-7.111408638,-4.754149835
TTTACCATCAGACATC-1_2_1,IR,T-Helper,T,0.898643209,0.54795738
TTTACGTAGTGTTGTC-1_2_1,IR,Cytotoxic,T,-0.576259064,0.907886226
TTTACTGAGATTCGAA-1_2_1,IR,NaiveT,T,-0.535206126,7.244741518
TTTACTGGTATCGATC-1_2_1,IR,NKT,T,-0.504477607,-1.540283601
TTTAGTCCAAGAGATT-1_2_1,IR,Cytotoxic,T,0.377406521,-3.122224968
TTTAGTCGTACGAGTG-1_2_1,IR,T-DN,T,0.083487546,-1.284897606
TTTATGCCATGGATCT-1_2_1,IR,Cytotoxic,T,-3.420541929,1.308811386
TTTCACATCGACACTA-1_2_1,IR,NaiveT,T,1.787393881,6.61788996
TTTCAGTGTCCGGTCA-1_2_1,IR,Cytotoxic,T,0.431953503,-4.015681903
TTTCAGTGTTAGAAGT-1_2_1,IR,NaiveT,T,0.909921659,7.125084002
TTTCAGTTCGGATACT-1_2_1,IR,ILC,ILC,9.455190254,2.828084786
TTTCATGCACCAGTTA-1_2_1,IR,NaiveT,T,1.731183125,7.465735514
TTTCCTCAGTGCCAGA-1_2_1,IR,Cytotoxic,T,0.598381532,-3.354962509
TTTCCTCCATATAGCC-1_2_1,IR,NKT,T,-5.271656918,-1.289031069
TTTCCTCGTCACTAGT-1_2_1,IR,NaiveT,T,1.380543901,6.794337351
TTTCGATTCGATGCTA-1_2_1,IR,NK,NK,-8.522218155,-6.975335043
TTTCGATTCTACACAG-1_2_1,IR,NK,NK,-5.911955761,-4.626213949
TTTGATCCATTGGATC-1_2_1,IR,NK,NK,-9.122085976,-6.75158016
TTTGATCGTGAGCGAT-1_2_1,IR,T-Helper,T,0.720216645,0.880723138
TTTGGTTTCAGCCTTC-1_2_1,IR,NK,NK,-6.774206566,-5.909671705
TTTGTTGAGGCTTTCA-1_2_1,IR,ILC,ILC,8.527821136,0.908668358
TTTGTTGGTTTGGAAA-1_2_1,IR,NK,NK,-6.623009132,-4.980656068
TTTGTTGTCACGGAGA-1_2_1,IR,T-Helper,T,1.760487033,2.188423474
ACGTAACAGGGAGGTG-1_1,Sham,NK,NK,-8.115260529,-6.714116972
ACGTAACCATGAGATA-1_1,Sham,NK,NK,-7.607196735,-8.042528074
ACGTAACGTTAAGCAA-1_1,Sham,Cytotoxic,T,-3.073125767,0.558767159
ACGTAACTCAGGCGAA-1_1,Sham,NaiveT,T,1.679624153,4.302260477
ACGTACAAGGTGCAGT-1_1,Sham,NK,NK,-6.170484947,-6.690008562
ACGTAGTAGGACTGGT-1_1,Sham,NKT,T,-5.058577465,-2.675369899
ACGTAGTAGTAAGGGA-1_1,Sham,NaiveT,T,1.109417869,7.61622103
ACGTCCTAGAGTCGAC-1_1,Sham,ILC,ILC,7.29356916,1.802560527
ACGTCCTTCGGTAGGA-1_1,Sham,NK,NK,-8.361041473,-6.28117935
ACGTTCCAGAACCGCA-1_1,Sham,NK,NK,-6.201967644,-7.405820768
ACTACGAGTCGAACGA-1_1,Sham,NKT,T,-5.418569969,-2.143886964
ACTATCTAGCCGTTAT-1_1,Sham,T-Helper,T,1.54793675,0.689389188
ACTATCTAGGATGTTA-1_1,Sham,gdT,T,9.086073471,-5.595609586
ACTATCTAGGCACTCC-1_1,Sham,NaiveT,T,2.440073563,7.913883288
ACTATCTCAGTTGTCA-1_1,Sham,NK,NK,-7.91627829,-5.157340925
ACTATCTCATGACAAA-1_1,Sham,NK,NK,-5.415889191,-6.813845556
ACTATCTGTCTCTCTG-1_1,Sham,NKT,T,-3.440812754,-3.363968294
ACTATGGCACAGTGAG-1_1,Sham,NaiveT,T,1.218202425,8.325941164
ACTATGGGTGCATACT-1_1,Sham,NK,NK,-7.506449627,-5.808086317
ACTATGGTCGGACGTC-1_1,Sham,NK,NK,-8.739541458,-8.183490675
ACTATTCGTGTCGATT-1_1,Sham,NKT,T,-4.704732346,-2.669596117
ACTCTCGCACGATTCA-1_1,Sham,NaiveT,T,-1.787217902,7.413788397
ACTCTCGGTCCAGTTA-1_1,Sham,NK,NK,-8.085566925,-5.422639768
ACTCTCGTCACGATCA-1_1,Sham,NK,NK,-8.157605576,-6.78143112
ACTCTCGTCTTTACAC-1_1,Sham,T-Helper,T,1.566958262,1.510797579
ACTGATGAGAGCCCAA-1_1,Sham,NK,NK,-8.882516312,-7.428782861
ACTGATGGTGAGTCAG-1_1,Sham,NaiveT,T,0.045430755,8.917250712
ACTGTCCTCACTACTT-1_1,Sham,Cytotoxic,T,-3.247739958,1.396637638
ACTGTGACATGCCGGT-1_1,Sham,NK,NK,-7.802023338,-5.929279726
ACTGTGACATTAGGCT-1_1,Sham,Cytotoxic,T,-4.862077641,0.717563529
ACTTAGGAGCGCATCC-1_1,Sham,NKT,T,-3.565199541,-3.518568199
ACTTAGGGTACGTAGG-1_1,Sham,NK,NK,-8.821377205,-6.650432985
ACTTAGGTCACGGACC-1_1,Sham,NaiveT,T,-0.703542935,8.353835184
ACTTAGGTCTAGGCCG-1_1,Sham,NK,NK,-8.905233788,-6.720326345
ACTTATCGTTGCATTG-1_1,Sham,Cytotoxic,T,-0.876550125,-0.06532586
ACTTCCGGTGTCCCTT-1_1,Sham,NKT,T,-5.369611668,-2.981123846
ACTTCGCCATCAACCA-1_1,Sham,Cytotoxic,T,-4.744619774,-0.859934907
ACTTTCAAGTGGAAGA-1_1,Sham,ILC,ILC,5.97070892,1.914702971
ACTTTCAGTGAGCCAA-1_1,Sham,Cytotoxic,T,-0.662131058,0.731789012
AGAAATGTCTTACGTT-1_1,Sham,NaiveT,T,0.93723054,8.215885241
AGAACAATCTGCGATA-1_1,Sham,gdT,T,9.226529671,-5.417504709
AGAACCTAGATTCGCT-1_1,Sham,NaiveT,T,1.778311325,6.660317023
AGAACCTAGGATATAC-1_1,Sham,NaiveT,T,1.349225236,8.846380312
AGAACCTCAATGTGGG-1_1,Sham,NaiveT,T,-0.184003459,6.5186673
AGAACCTCAGTCCGTG-1_1,Sham,NaiveT,T,-1.723004149,5.891912539
AGAAGCGTCCTACGGG-1_1,Sham,gdT,T,7.966965748,-6.510573309
AGAAGCGTCTGCATGA-1_1,Sham,ILC,ILC,7.56863649,0.960573037
AGACAAAAGAAGATCT-1_1,Sham,NaiveT,T,2.306242777,8.389282305
AGACAAAAGATTCGAA-1_1,Sham,Cytotoxic,T,-0.369820701,-0.55224083
AGACAAACAAGTCCCG-1_1,Sham,T-DN,T,0.316566659,2.954209168
AGACAAACATGAAAGT-1_1,Sham,NK,NK,-8.406834053,-5.45235769
AGACACTCATATGAAG-1_1,Sham,NaiveT,T,-0.278832035,7.771441061
AGACACTTCTGTGCGG-1_1,Sham,NK,NK,-7.311826157,-6.511621873
AGACAGGTCCTCGATC-1_1,Sham,ILC,ILC,9.208723618,2.326612074
AGACAGGTCCTGGGTG-1_1,Sham,T-DN,T,0.077273613,1.426916797
AGACCATCATGAGGGT-1_1,Sham,ILC,ILC,7.505451752,1.393871744
AGACCCGAGTGGTGGT-1_1,Sham,NaiveT,T,2.623948647,7.510701735
AGACCCGGTTCCAGGC-1_1,Sham,T-Helper,T,0.533180905,1.920050938
AGACCCGTCACCGGTG-1_1,Sham,NK,NK,-8.13099234,-8.162427824
AGACTCAAGCCTCGTG-1_1,Sham,ILC,ILC,8.641624046,1.15441962
AGACTCACAGTGGCTC-1_1,Sham,NaiveT,T,1.470026566,6.980740626
AGACTCAGTATTAAGG-1_1,Sham,ILC,ILC,8.693751884,2.225978215
AGACTCATCCGTCACT-1_1,Sham,Cytotoxic,T,-0.204156028,1.068532307
AGACTCATCTAGCCTC-1_1,Sham,TCM,T,-1.662328528,5.385274489
AGACTCATCTGATTCT-1_1,Sham,NaiveT,T,-0.769686626,5.90902241
AGAGAATCAGGCACAA-1_1,Sham,NKT,T,-4.440419601,-1.395519059
AGAGCAGAGAAGGTAG-1_1,Sham,NK,NK,-8.971976685,-7.479329507
AGAGCAGCAGCTTCGG-1_1,Sham,T-Helper,T,2.441719128,2.693452437
AGAGCCCAGGAGAGTA-1_1,Sham,NaiveT,T,1.096994532,7.189290125
AGAGCCCGTACGATTC-1_1,Sham,NKT,T,-6.018743443,-2.245305221
AGAGCCCTCAGTGTCA-1_1,Sham,NaiveT,T,1.319527579,7.003703196
AGATAGACACTCCTGT-1_1,Sham,NaiveT,T,0.813409341,7.257155974
AGATAGATCTTGGATG-1_1,Sham,TCM,T,-2.021368908,5.236343939
AGATCGTCAGCTGGTC-1_1,Sham,Cytotoxic,T,-3.557222055,1.904442389
AGATGCTAGATCGACG-1_1,Sham,NaiveT,T,2.035087777,6.815158446
AGATGCTAGATGAACT-1_1,Sham,NKT,T,-4.796483921,-2.786417167
AGATGCTTCCGGGACT-1_1,Sham,Cytotoxic,T,-3.441630529,0.612240095
AGCATCACAATTGCTG-1_1,Sham,NaiveT,T,1.580026818,7.415422041
AGCCAATAGGACAACC-1_1,Sham,NaiveT,T,-1.487365173,7.284024317
AGCCAATAGTTGGAAT-1_1,Sham,NaiveT,T,0.916798008,8.640280802
AGCCACGTCGCCTAGG-1_1,Sham,NaiveT,T,1.346889092,6.328240473
AGCCAGCTCATGGATC-1_1,Sham,Cytotoxic,T,-3.999995636,1.579105813
AGCCAGCTCTTTCGAT-1_1,Sham,ILC,ILC,6.900712563,1.455577333
AGCGCCAAGTATCCTG-1_1,Sham,NK,NK,-7.158477234,-6.249450605
AGCGCCAGTCCTCAGG-1_1,Sham,NaiveT,T,-0.652543651,6.096530516
AGCGTATAGACAGCGT-1_1,Sham,NK,NK,-8.526067184,-8.530096929
AGCGTATAGGGTCTTT-1_1,Sham,NK,NK,-8.161094116,-6.442476671
AGCGTCGAGCGATTCT-1_1,Sham,Cytotoxic,T,-3.446129488,1.078915436
AGCTACAAGTCAGGGT-1_1,Sham,Cytotoxic,T,-2.385143446,0.323076237
AGCTACACAATAGGAT-1_1,Sham,Cytotoxic,T,-3.566557812,2.030754883
AGCTACACAGAACTTC-1_1,Sham,NaiveT,T,0.095869211,6.432620127
AGCTCAACAACACAAA-1_1,Sham,Cytotoxic,T,-4.640635895,1.946814377
AGCTCAACATTGGATC-1_1,Sham,Cytotoxic,T,-1.112667846,1.260245759
AGCTCAATCTATGTGG-1_1,Sham,Cytotoxic,T,-5.198445724,0.153239478
AGGAAATCAGGTGACA-1_1,Sham,NK,NK,-6.76276915,-7.217219274
AGGAAATCATCGGAGA-1_1,Sham,NKT,T,-3.55398004,-3.392118375
AGGAATACAGGAATAT-1_1,Sham,NaiveT,T,1.245211674,6.674732287
AGGAATACATACAGGG-1_1,Sham,NK,NK,-8.796563553,-8.322048109
AGGAATACATCGAGCC-1_1,Sham,ILC,ILC,7.924465729,1.458550651
AGGAATAGTCTGCCTT-1_1,Sham,NK,NK,-7.762931274,-6.040445249
AGGAATATCTTAATCC-1_1,Sham,NK,NK,-6.881483959,-5.41787092
AGGACGAGTGACAGCA-1_1,Sham,T-Helper,T,1.606040193,1.915856202
AGGACTTAGTATGACA-1_1,Sham,Cytotoxic,T,-4.850435661,1.467067916
AGGACTTCATACTGAC-1_1,Sham,T-Helper,T,2.374788357,3.609497864
AGGAGGTCAGTACTAC-1_1,Sham,NaiveT,T,2.926706387,6.646457751
AGGAGGTTCGTAGGAG-1_1,Sham,NK,NK,-6.046414303,-6.444440286
AGGAGGTTCTGAGCAT-1_1,Sham,Cytotoxic,T,-2.995566772,0.80440696
AGGATCTCACCAGTAT-1_1,Sham,NK,NK,-7.409182953,-6.642470281
AGGATCTGTAACACGG-1_1,Sham,Cytotoxic,T,-4.295264172,2.752796252
AGGATCTGTAGACGGT-1_1,Sham,NKT,T,-3.420547174,-2.224096935
AGGATCTTCGGTAAGG-1_1,Sham,T-Helper,T,2.929474188,1.124018032
AGGCATTCACCGTCTT-1_1,Sham,NK,NK,-8.979704308,-8.088166158
AGGCATTTCGCTGACG-1_1,Sham,Cytotoxic,T,-4.05705254,1.292585452
AGGCCACTCGCTGTCT-1_1,Sham,T-DN,T,0.772700144,2.91533025
AGGCCACTCTGGACTA-1_1,Sham,NaiveT,T,1.266738249,7.235138495
AGGCTGCAGGTCGACA-1_1,Sham,T-Helper,T,1.98875208,1.154203374
AGGCTGCGTTGAAGTA-1_1,Sham,NK,NK,-6.783317493,-5.202454488
AGGGAGTCATCGCTAA-1_1,Sham,Cytotoxic,T,-2.307738947,0.117045779
AGGGAGTCATCTTCGC-1_1,Sham,NaiveT,T,-2.006013798,6.004957755
AGGGCTCAGCCTCTGG-1_1,Sham,NaiveT,T,1.695885135,8.953615267
AGGGCTCTCAGTGATC-1_1,Sham,ILC,ILC,8.980022026,2.071885664
AGGGTCCAGTTGTAAG-1_1,Sham,Cytotoxic,T,-2.281081604,0.330183734
AGGGTCCCAACCACAT-1_1,Sham,NK,NK,-7.451273369,-5.815341394
AGGGTGAAGATGATTG-1_1,Sham,NK,NK,-7.180695461,-6.25704376
AGGGTGACATACAGCT-1_1,Sham,T-DN,T,-0.209922301,2.012913782
AGGGTGAGTACGAAAT-1_1,Sham,NaiveT,T,1.612876607,4.089945872
AGGGTGATCAGCGTCG-1_1,Sham,NK,NK,-6.167711185,-7.08335058
AGGGTTTCACAAAGTA-1_1,Sham,T-Helper,T,2.075984074,1.791057665
AGGGTTTCATCAGTCA-1_1,Sham,NaiveT,T,-0.42362188,8.075868685
AGGTAGGAGGTTCACT-1_1,Sham,NK,NK,-8.425582336,-8.252248685
AGGTAGGCACTTGTGA-1_1,Sham,gdT,T,8.701568199,-6.181527059
AGGTAGGGTAGAGCTG-1_1,Sham,gdT,T,8.608832909,-5.889644067
AGGTAGGGTGGCTAGA-1_1,Sham,NaiveT,T,-2.076913761,5.758365233
AGGTCATCAAGACTGG-1_1,Sham,gdT,T,2.228671146,0.335465182
AGGTCTAGTCATGCAT-1_1,Sham,NK,NK,-8.242909836,-6.148608129
AGGTCTATCCTGGTCT-1_1,Sham,NaiveT,T,2.79771216,6.701875288
AGGTTACAGTAAGACT-1_1,Sham,NaiveT,T,-1.180591153,6.009116728
AGGTTACCACACCGCA-1_1,Sham,T-Helper,T,1.451296044,1.638604481
AGGTTACCACCTGCTT-1_1,Sham,Cytotoxic,T,-2.916171478,0.754102726
AGGTTGTCAGGAGGTT-1_1,Sham,NK,NK,-7.413991379,-4.920687597
AGGTTGTTCCATGATG-1_1,Sham,NK,NK,-7.628631042,-5.203464429
AGTAACCGTACTAGCT-1_1,Sham,NK,NK,-6.905458855,-6.029206674
AGTAACCGTGATACTC-1_1,Sham,NaiveT,T,2.376775814,7.681007464
AGTACCACACGGCGTT-1_1,Sham,NKT,T,-3.751847433,-2.751307409
AGTACCACAGGAACCA-1_1,Sham,NaiveT,T,2.012158824,6.190657694
AGTACCACAGTCGCTG-1_1,Sham,NK,NK,-8.757412361,-6.404395502
AGTACCAGTGAGAGGG-1_1,Sham,Cytotoxic,T,-3.149335789,1.144870002
AGTACCATCGAAGTGG-1_1,Sham,NK,NK,-7.246643471,-6.626339834
AGTACTGCACTGGATT-1_1,Sham,ILC,ILC,9.585881783,2.466608126
AGTACTGCAGGTGGAT-1_1,Sham,NaiveT,T,1.508673264,8.229405482
AGTACTGTCAATCCGA-1_1,Sham,NK,NK,-7.362584518,-5.042617719
AGTAGCTAGACGTCGA-1_1,Sham,NaiveT,T,2.50776322,7.534230311
AGTAGTCAGACTGAGC-1_1,Sham,Cytotoxic,T,-4.100072788,1.661629517
AGTAGTCGTAGAGGAA-1_1,Sham,NK,NK,-7.054934429,-6.800771158
AGTAGTCTCTCCCATG-1_1,Sham,T-Helper,T,0.796269847,-4.031992834
AGTCAACGTGCAGTGA-1_1,Sham,Cytotoxic,T,-3.509495424,1.798595149
AGTCAACTCCCTCGAT-1_1,Sham,Cytotoxic,T,-3.423066067,2.201659996
AGTCAACTCGATGCTA-1_1,Sham,NaiveT,T,-0.959662007,5.778735716
AGTCATGAGATAGTGT-1_1,Sham,Cytotoxic,T,-2.768561052,0.499250193
AGTCATGAGCGGGTTA-1_1,Sham,T-DN,T,0.210089853,1.919515688
AGTCATGCACCTTCGT-1_1,Sham,NK,NK,-7.460017609,-6.893419187
AGTCATGGTAGCCAGA-1_1,Sham,TCM,T,-2.065894054,5.881639559
AGTCTCCTCGTTCATT-1_1,Sham,NK,NK,-8.926892685,-6.870826643
AGTGACTTCACCTACC-1_1,Sham,NK,NK,-6.850959228,-7.564633768
AGTGATCCAATAACGA-1_1,Sham,Cytotoxic,T,-1.177508043,0.585641701
AGTGATCGTGCGAACA-1_1,Sham,Cytotoxic,T,-3.234479355,2.206059058
AGTGATCGTGTGAGCA-1_1,Sham,NK,NK,-6.612733768,-5.255379598
AGTGATCGTTCTAACG-1_1,Sham,NaiveT,T,-0.044994878,7.80229624
AGTGCCGCAGTGGCTC-1_1,Sham,Cytotoxic,T,-3.666007208,1.523376424
AGTTAGCCATTCCTAT-1_1,Sham,Cytotoxic,T,-1.250005292,0.349580873
AGTTAGCTCGAAGCAG-1_1,Sham,Cytotoxic,T,-2.817124533,0.340013165
AGTTCCCAGAGGGCGA-1_1,Sham,ILC,ILC,8.762742592,1.405571539
AGTTCCCCAGGCAATG-1_1,Sham,Cytotoxic,T,-3.206410812,0.138800148
AGTTCGACACACCTGG-1_1,Sham,Cytotoxic,T,-3.577010797,3.371873457
AGTTCGACACCTGTCT-1_1,Sham,NKT,T,-6.164825844,-2.317766349
AGTTCGACACTGGCCA-1_1,Sham,Cytotoxic,T,-1.143921899,1.3304586
AGTTCGAGTAGAGACC-1_1,Sham,TCM,T,-1.658110785,5.400106509
AGTTCGAGTGGCCCAT-1_1,Sham,NaiveT,T,0.186813742,8.508999903
AGTTCGATCCGGCTTT-1_1,Sham,Cytotoxic,T,-0.870204495,0.92636605
ATACCGAAGACGCTCC-1_1,Sham,NK,NK,-6.619566845,-6.949150007
ATACCTTAGAACAGGA-1_1,Sham,NaiveT,T,-1.633456396,6.446831305
ATACCTTAGCACTCAT-1_1,Sham,Cytotoxic,T,-0.975823211,2.055132468
ATAGACCAGAAACACT-1_1,Sham,NaiveT,T,0.034787012,7.362487395
ATAGACCCAGCCTACG-1_1,Sham,NaiveT,T,-1.071031498,6.752586443
ATAGAGAGTCAAAGAT-1_1,Sham,NaiveT,T,1.319573833,9.031873782
ATAGAGATCCCTTGTG-1_1,Sham,TCM,T,-2.17627828,4.885689337
ATAGGCTGTAAGGCTG-1_1,Sham,NaiveT,T,1.146287454,8.230239947
ATAGGCTGTAGTCCTA-1_1,Sham,NK,NK,-7.575004982,-6.743401449
ATAGGCTGTCATCTAG-1_1,Sham,Cytotoxic,T,-3.54277079,1.68124016
ATATCCTGTATCGAAA-1_1,Sham,NKT,T,-4.323865818,-2.268286865
ATATCCTGTTGTATGC-1_1,Sham,NaiveT,T,1.936011148,8.426314433
ATATCCTTCTACCACC-1_1,Sham,T-Helper,T,-0.656237232,2.124456723
ATCACAGAGTGAGTGC-1_1,Sham,Cytotoxic,T,-2.490939783,0.039906208
ATCACAGCAACCGATT-1_1,Sham,NaiveT,T,1.598740054,6.251189787
ATCACAGCACGACGTC-1_1,Sham,ILC,ILC,6.329170776,1.731206257
ATCACAGCATTCAGGT-1_1,Sham,NKT,T,-5.932527946,-2.000915687
ATCACGAAGCTCCGAC-1_1,Sham,Cytotoxic,T,-3.552565264,1.877149303
ATCACGAAGGGCAACT-1_1,Sham,NaiveT,T,-0.221174913,8.642981608
ATCACGAAGTCTAGAA-1_1,Sham,Cytotoxic,T,-8.382267403,-5.524831693
ATCACGAAGTGGACGT-1_1,Sham,NaiveT,T,-0.51463561,8.340867121
ATCACGATCGTGGAAG-1_1,Sham,NaiveT,T,-0.327639925,7.977683146
ATCACTTTCAGACAAA-1_1,Sham,NK,NK,-9.194161819,-7.704982202
ATCAGGTCATACAGAA-1_1,Sham,NaiveT,T,-0.102487372,8.082754214
ATCAGGTTCGCAGTTA-1_1,Sham,Treg,T,2.958681179,3.49273618
ATCATTCGTCATAAAG-1_1,Sham,NK,NK,-6.049329208,-5.1091942
ATCATTCTCCTGGGAC-1_1,Sham,ILC,ILC,9.508876396,2.84821399
ATCATTCTCTTCGTGC-1_1,Sham,NK,NK,-8.499642776,-8.442163389
ATCCACCAGATTAGCA-1_1,Sham,TCM,T,-0.93741064,1.166014511
ATCCACCAGGGACCAT-1_1,Sham,NaiveT,T,2.767814947,6.254186232
ATCCACCGTCTTGAAC-1_1,Sham,Cytotoxic,T,-0.525944756,1.456853468
ATCCACCGTTGGGAAC-1_1,Sham,Cytotoxic,T,-4.222947048,2.574543555
ATCCATTAGAGGCCAT-1_1,Sham,NK,NK,-8.740492271,-8.232889097
ATCCATTAGAGTTGTA-1_1,Sham,Cytotoxic,T,-2.71999328,1.240275223
ATCCATTTCCATACAG-1_1,Sham,NaiveT,T,1.259053422,8.263845522
ATCCATTTCTATTCGT-1_1,Sham,NK,NK,-5.356803822,-4.407555978
ATCCCTGAGGCACTAG-1_1,Sham,NK,NK,-9.196293282,-7.895636957
ATCCCTGCAACCGTGC-1_1,Sham,NaiveT,T,0.061876496,7.015548308
ATCCCTGTCTGGAGAG-1_1,Sham,NaiveT,T,1.585330916,8.771305163
ATCCGTCAGCGTTAGG-1_1,Sham,T-DN,T,-3.640279697,-3.320645254
ATCCGTCCAAGATGGC-1_1,Sham,NK,NK,-5.025218891,-4.031086128
ATCCGTCCACTACGGC-1_1,Sham,NKT,T,-5.888184475,-2.384950082
ATCCTATAGCTCAGAG-1_1,Sham,NaiveT,T,2.332514359,6.926036436
ATCCTATCACCTCTGT-1_1,Sham,NaiveT,T,2.219402863,8.805070956
ATCCTATCATACATCG-1_1,Sham,T-Helper,T,0.18147915,1.361330111
ATCCTATGTCAGCGTC-1_1,Sham,Cytotoxic,T,-3.701167749,0.801136751
ATCGATGAGGGAACAA-1_1,Sham,NaiveT,T,-1.943099426,6.782307703
ATCGATGCAACCTAAC-1_1,Sham,T-DN,T,-0.007272022,2.067606051
ATCGATGCAGCACAGA-1_1,Sham,NKT,T,-3.719757008,-2.973523777
ATCGATGGTGCGGCTT-1_1,Sham,NaiveT,T,0.811519516,8.46013077
ATCGATGTCCTTATGT-1_1,Sham,NaiveT,T,-0.23039292,6.247579176
ATCGATGTCGAGCACC-1_1,Sham,NK,NK,-7.196463512,-5.56229202
ATCGGATAGAGATCGC-1_1,Sham,T-Helper,T,1.849026872,1.861977537
ATCGGATGTGACAGCA-1_1,Sham,NKT,T,-4.631624149,-1.670653265
ATCGGCGCAGCAGGAT-1_1,Sham,NaiveT,T,-1.859949516,7.071628172
ATCGGCGGTGGTCCCA-1_1,Sham,NK,NK,-7.263182091,-6.670496385
ATCGTAGTCGGCTTGG-1_1,Sham,Cytotoxic,T,-3.516662287,2.522976954
ATCGTCCAGCGAGGAG-1_1,Sham,T-Helper,T,1.747630549,0.433677812
ATCGTCCGTGCCTAAT-1_1,Sham,NaiveT,T,1.064703358,8.691181261
ATCTTCACACCAGGTC-1_1,Sham,NK,NK,-6.887329983,-6.110524099
ATCTTCACACTGATTG-1_1,Sham,NK,NK,-7.535076069,-4.846397321
ATGAAAGTCGTCGGGT-1_1,Sham,NK,NK,-7.166128086,-5.163277547
ATGACCAGTACGCGTC-1_1,Sham,NaiveT,T,0.306051148,6.607472498
ATGAGTCTCCGTACGG-1_1,Sham,T-Helper,T,2.324681593,3.442249615
ATGAGTCTCGGATAAA-1_1,Sham,NaiveT,T,-1.8163002,6.584237177
ATGAGTCTCTTCGGTC-1_1,Sham,NK,NK,-7.174954819,-6.680066984
ATGATCGTCCGCGAGT-1_1,Sham,NaiveT,T,2.28059466,7.984204371
ATGATCGTCCTGCTAC-1_1,Sham,NKT,T,-5.270337986,-2.568591755
ATGCATGCACCTGCTT-1_1,Sham,NaiveT,T,1.967547489,7.300333102
ATGCCTCAGGACTGGT-1_1,Sham,NaiveT,T,-0.019230383,8.493232806
ATGGAGGCAAATACGA-1_1,Sham,NK,NK,-8.838999199,-5.988336961
ATGGAGGGTCGAGCTC-1_1,Sham,T-DN,T,0.672683073,2.66382869
ATGGAGGTCGTGCATA-1_1,Sham,Cytotoxic,T,-2.624305176,4.343113978
ATGGATCAGAGTACCG-1_1,Sham,T-Helper,T,1.54378791,0.749908466
ATGGATCAGCCAACCC-1_1,Sham,Cytotoxic,T,-4.778567242,1.821690876
ATGGATCCAGGCTTGC-1_1,Sham,NKT,T,-4.471260475,-2.995085161
ATGGGAGGTGTGCTTA-1_1,Sham,Cytotoxic,T,-0.249375807,1.535109956
ATGGTTGAGCCTGTGC-1_1,Sham,NaiveT,T,1.182595802,8.816193659
ATGTCCCAGCCAGACA-1_1,Sham,NaiveT,T,-0.017134907,7.645136435
ATGTCCCCAATTTCCT-1_1,Sham,ILC,ILC,8.825775696,0.998613913
ATGTCTTCAGTTGCGC-1_1,Sham,T-Helper,T,0.69419886,1.67639323
ATGTCTTGTCCGGACT-1_1,Sham,NaiveT,T,-0.652858721,6.701865275
ATTACCTAGCTCCATA-1_1,Sham,NKT,T,-3.613876509,-2.420440357
ATTACCTCAGTCTTCC-1_1,Sham,T-Helper,T,1.504607273,1.208162029
ATTACTCGTGTGTCCG-1_1,Sham,NaiveT,T,1.02417059,8.948867876
ATTACTCTCACTTTGT-1_1,Sham,T-Helper,T,1.772191001,1.972073395
ATTATCCCACTGGACC-1_1,Sham,NK,NK,-8.386923241,-6.454655569
ATTATCCCAGACTGCC-1_1,Sham,NKT,T,-3.359583305,-2.566040199
ATTATCCCAGCGACAA-1_1,Sham,T-Helper,T,0.614840729,1.997082074
ATTCACTGTATACGGG-1_1,Sham,NaiveT,T,1.523912145,7.646672327
ATTCAGGCACGCGCAT-1_1,Sham,NaiveT,T,0.006189151,8.63200577
ATTCAGGCAGACCAAG-1_1,Sham,Cytotoxic,T,-3.284993814,2.109685976
ATTCAGGTCGAGTGGA-1_1,Sham,NaiveT,T,0.402169643,8.800760348
ATTCATCAGCTAAACA-1_1,Sham,NK,NK,-6.464337753,-6.143405359
ATTCATCAGTGCGACA-1_1,Sham,Cytotoxic,T,-4.789164947,0.344033767
ATTCATCGTAGTCGTT-1_1,Sham,Cytotoxic,T,-3.615657734,1.938639243
ATTCATCTCAGAGTGG-1_1,Sham,NaiveT,T,-0.208014535,8.004733164
ATTCATCTCCGACGGT-1_1,Sham,NK,NK,-8.246882843,-6.512570303
ATTCATCTCGAAGTGG-1_1,Sham,NaiveT,T,-0.525286721,7.940058787
ATTCCATAGCCGCACT-1_1,Sham,T-DN,T,0.320243804,3.249939997
ATTCCATAGGTCGCCT-1_1,Sham,NaiveT,T,-0.644719826,6.961372931
ATTCCCGAGCTGACTT-1_1,Sham,NK,NK,-6.54015963,-5.759048383
ATTCCTAGTGGTCCCA-1_1,Sham,NaiveT,T,1.874151183,6.17073353
ATTCCTATCGTTAGTG-1_1,Sham,NK,NK,-6.599558758,-7.313279073
ATTCCTATCTCATAGG-1_1,Sham,T-Helper,T,2.64067967,3.61931761
ATTCCTATCTGCTAGA-1_1,Sham,NK,NK,-8.404611992,-6.66466562
ATTCGTTAGCACAAAT-1_1,Sham,NK,NK,-8.993456291,-8.080376546
ATTCGTTGTACGGATG-1_1,Sham,NK,NK,-5.927318024,-6.774476926
ATTCTACAGAAGGATG-1_1,Sham,Cytotoxic,T,-3.058423923,1.212670286
ATTCTACAGCATTTCG-1_1,Sham,Cytotoxic,T,-0.799560057,1.761043746
ATTCTACCACACCTAA-1_1,Sham,NaiveT,T,-0.544423925,6.665920336
ATTCTACCACGTCTCT-1_1,Sham,NK,NK,-8.372056412,-6.265516203
ATTCTACGTGTGTCGC-1_1,Sham,NK,NK,-7.75768082,-8.32842819
ATTCTACTCTATGCCC-1_1,Sham,NaiveT,T,-0.520529496,7.045684416
ATTCTTGAGTCGAAGC-1_1,Sham,NK,NK,-5.234719681,-5.462874334
ATTCTTGGTGGCGTAA-1_1,Sham,NK,NK,-8.778741287,-7.268830221
ATTGGGTAGCTGCCTG-1_1,Sham,Cytotoxic,T,-2.628765272,-0.298582848
ATTGGGTAGGTTGCCC-1_1,Sham,Cytotoxic,T,-4.56550877,1.330161889
ATTGTTCGTCGGCCTA-1_1,Sham,NaiveT,T,-0.575823652,8.249273379
ATTGTTCGTTCAGGTT-1_1,Sham,Cytotoxic,T,-2.537259745,1.084501822
ATTTACCGTGCCTGCA-1_1,Sham,NaiveT,T,1.370216681,8.272338946
ATTTCACCAAGTAGTA-1_1,Sham,Cytotoxic,T,-2.535305666,0.937564928
ATTTCACGTTAAGACA-1_1,Sham,NaiveT,T,1.190187527,6.760298331
ATTTCTGCAGAGTTCT-1_1,Sham,NaiveT,T,2.291438652,8.539431651
ATTTCTGTCCGTTGGG-1_1,Sham,NK,NK,-6.651593136,-7.429187219
CAACAACAGTTGCTCA-1_1,Sham,NKT,T,-4.326649593,-2.747076671
CAACAGTAGTATGATG-1_1,Sham,Cytotoxic,T,-0.24845423,1.449645955
CAACAGTGTCAGATTC-1_1,Sham,NK,NK,-8.695333885,-7.743994634
CAACCTCGTCGCCTAG-1_1,Sham,NaiveT,T,-0.571640479,6.839250643
CAACCTCGTGTGAGCA-1_1,Sham,gdT,T,7.528048588,-6.335589807
CAACGATAGTCGGGAT-1_1,Sham,NaiveT,T,0.630539937,7.130881865
CAACGGCCATAGGAGC-1_1,Sham,NK,NK,-8.427442955,-8.247548978
CAAGCTAAGGAGCAAA-1_1,Sham,NK,NK,-6.440741467,-4.545513074
CAAGCTACAAACGAGC-1_1,Sham,NaiveT,T,-0.503784524,6.669108469
CAAGGGAAGCACCGAA-1_1,Sham,NaiveT,T,-1.375067162,7.422137339
CAAGGGAGTAGTGTGG-1_1,Sham,NaiveT,T,0.637332989,8.925289233
CAATCGATCCTGATAG-1_1,Sham,ILC,ILC,9.208154274,2.363438446
CAATGACAGCCATATC-1_1,Sham,NKT,T,-6.146233486,-4.117279451
CAATGACAGCTCAGAG-1_1,Sham,NaiveT,T,-0.581761705,8.001075823
CAATGACCACCAGTAT-1_1,Sham,T-Helper,T,2.458355738,2.307170231
CAATGACGTTGTCAGT-1_1,Sham,ILC,ILC,7.995650364,1.493439872
CAATGACTCTCCGCAT-1_1,Sham,NaiveT,T,1.573466254,6.871871073
CACAACATCGACTCCT-1_1,Sham,NK,NK,-6.36775391,-6.809176843
CACACAAAGAATTGCA-1_1,Sham,T-DN,T,0.421367837,2.42067035
CACACAAAGGATTTGA-1_1,Sham,T-Helper,T,-0.458968865,0.291841079
CACACAATCCATGCAA-1_1,Sham,Cytotoxic,T,-3.866177486,2.908744175
CACAGATGTCCACACG-1_1,Sham,Cytotoxic,T,-3.580288338,-0.120679516
CACAGGCAGCTCGCAC-1_1,Sham,NKT,T,-5.578421997,-2.390258949
CACAGGCCAATGACCT-1_1,Sham,NaiveT,T,1.46977861,6.236590464
CACAGGCTCTCCGAGG-1_1,Sham,NK,NK,-4.672127174,-4.300882738
CACATGATCAACTACG-1_1,Sham,NaiveT,T,0.989198698,9.007700999
CACCAAAGTTCAGTAC-1_1,Sham,NKT,T,-5.225236343,-2.063017886
CACCAAATCATATGGC-1_1,Sham,NKT,T,-4.592861103,-1.080445092
CACCGTTTCTAAGAAG-1_1,Sham,gdT,T,2.0018775,-0.107607703
CACGAATCATGTTTGG-1_1,Sham,Cytotoxic,T,-3.005884575,3.808922131
CACGAATGTAAGGAGA-1_1,Sham,NaiveT,T,1.094268752,8.6335059
CACGAATGTACGTACT-1_1,Sham,NK,NK,-7.681165146,-4.899825018
CACGAATGTGTAGCAG-1_1,Sham,NK,NK,-6.644348549,-6.863686483
CACGAATTCCCGTGAG-1_1,Sham,Cytotoxic,T,-1.872487473,5.395060141
CACGGGTTCCAGTTCC-1_1,Sham,ILC,ILC,8.610169006,2.457480748
CACGTGGAGGCGAACT-1_1,Sham,gdT,T,7.49351318,-6.082546632
CACGTGGTCATACGAC-1_1,Sham,NKT,T,-5.236576008,-3.238854568
CACGTGGTCCTAGCGG-1_1,Sham,NaiveT,T,0.304053185,6.433363039
CACGTGGTCTGTCAGA-1_1,Sham,T-Helper,T,0.922836436,0.200709422
CACGTTCAGCTAAACA-1_1,Sham,NK,NK,-8.79699366,-6.393816393
CACGTTCTCGTCGACG-1_1,Sham,TCM,T,-0.375018405,1.256574471
CACTAAGAGAGCTGAC-1_1,Sham,NKT,T,-4.553541588,-2.88952462
CACTAAGAGCGACTAG-1_1,Sham,ILC,ILC,8.266268326,1.849148352
CACTAAGTCCACTTTA-1_1,Sham,ILC,ILC,9.065628601,2.57804187
CACTAAGTCCCTCTAG-1_1,Sham,NKT,T,-5.14184277,-3.174512785
CACTGAACAGCAGGAT-1_1,Sham,NaiveT,T,2.147613002,6.433897574
CACTGGGCAGACCTGC-1_1,Sham,NKT,T,-6.031978535,-2.21724407
CACTGTCGTACACTCA-1_1,Sham,NKT,T,-4.279847073,-1.918663781
CACTGTCTCCTCATAT-1_1,Sham,Cytotoxic,T,0.504007084,5.174090464
CACTTCGAGGACAGTC-1_1,Sham,NKT,T,-5.504422592,-2.7627968
CAGAGCCGTTCTCTAT-1_1,Sham,NaiveT,T,-1.312454151,8.151266177
CAGATCAAGCCTAACT-1_1,Sham,Cytotoxic,T,-3.397077965,0.004423302
CAGATCATCCCATTTA-1_1,Sham,NK,NK,-7.664493965,-7.774284761
CAGATTGCACGCGTGT-1_1,Sham,NK,NK,-7.329201149,-5.723317545
CAGCAATAGAGTCTTC-1_1,Sham,NaiveT,T,0.799452973,8.11146744
CAGCAATAGTAAAGCT-1_1,Sham,T-Helper,T,0.46012686,2.172408183
CAGCAATGTCAACATC-1_1,Sham,NaiveT,T,2.362338377,8.026781161
CAGCAATTCGCAGTCG-1_1,Sham,T-DN,T,1.091965152,3.069526751
CAGCAATTCTAGCCTC-1_1,Sham,T-Helper,T,1.783219887,2.244136889
CAGCAATTCTCTTGCG-1_1,Sham,T-Helper,T,8.910234047,-3.640636604
CAGCACGAGCAAATCA-1_1,Sham,NK,NK,-2.529594826,-3.024111908
CAGCACGGTACCGTGC-1_1,Sham,NaiveT,T,1.468446566,9.023555834
CAGCAGCAGTTTCGGT-1_1,Sham,Treg,T,3.41922958,-0.272270362
CAGCAGCCAGCGAGTA-1_1,Sham,TCM,T,-2.275390791,4.715485175
CAGCCAGAGCTTCATG-1_1,Sham,T-Helper,T,1.03362347,1.253356416
CAGCCAGCATGAAGCG-1_1,Sham,NaiveT,T,-0.323918061,7.762919028
CAGCGTGAGGATTTAG-1_1,Sham,NaiveT,T,0.017943857,8.575019915
CAGCGTGCATATGAAG-1_1,Sham,ILC,ILC,9.652766777,2.59261306
CAGCGTGGTCGCTTAA-1_1,Sham,NaiveT,T,-1.312223481,7.994126398
CAGCGTGTCCCTTGTG-1_1,Sham,Cytotoxic,T,-4.651231693,1.907669384
CAGGCCAAGATGAATC-1_1,Sham,T-Helper,T,1.97602315,2.005071957
CAGGCCAAGGACACTG-1_1,Sham,NK,NK,-8.765247749,-6.587609689
CAGGGCTGTAGCTGTT-1_1,Sham,NaiveT,T,1.92797823,6.943129618
CAGGTATAGAAGCGCT-1_1,Sham,NaiveT,T,2.865971399,7.167273123
CAGGTATGTCACCCTT-1_1,Sham,NaiveT,T,-0.187217014,6.3721505
CAGGTATGTTGTTGCA-1_1,Sham,NK,NK,-7.64298241,-5.250694196
CAGGTATTCAGTGGGA-1_1,Sham,NaiveT,T,-1.74333434,5.879438002
CAGTGCGCAGCCTACG-1_1,Sham,T-DN,T,-0.599028098,1.977630932
CAGTGCGGTACTGCGC-1_1,Sham,Cytotoxic,T,-2.441648172,0.316755314
CAGTGCGTCGAGAAAT-1_1,Sham,NaiveT,T,-0.021307828,7.130714972
CAGTTAGCACGCTGAC-1_1,Sham,Cytotoxic,T,-0.496321904,1.181969602
CAGTTAGGTTTGAACC-1_1,Sham,Cytotoxic,T,-3.382852482,0.92946275
CAGTTCCCATCTAGAC-1_1,Sham,T-DN,T,-0.541385042,0.933131416
CATAAGCGTGCCGGTT-1_1,Sham,NK,NK,-4.89220612,-4.805122297
CATACAGAGGAGCTGT-1_1,Sham,NK,NK,-7.363475727,-6.549763124
CATACAGAGTGATAGT-1_1,Sham,NaiveT,T,-0.557630049,8.026832659
CATACAGGTGTCTTAG-1_1,Sham,NK,NK,-8.239696907,-7.150391977
CATACAGTCCAGTGTA-1_1,Sham,NKT,T,-3.029424118,-2.605906646
CATACCCAGCATGAAT-1_1,Sham,NaiveT,T,2.827251745,6.539698203
CATACCCGTTCCGTTC-1_1,Sham,gdT,T,9.364100052,-5.164693277
CATACTTAGTCGGCAA-1_1,Sham,T-Helper,T,0.904467596,0.742773969
CATACTTCACAGCCTG-1_1,Sham,TCM,T,0.983030094,5.370005209
CATACTTTCATGGATC-1_1,Sham,NK,NK,-8.006418632,-5.754413049
CATCCCACACTCCCTA-1_1,Sham,T-Helper,T,2.19747193,2.576492388
CATCCCAGTGAGACGT-1_1,Sham,T-Helper,T,1.466723515,0.550159771
CATCCGTCAGTCTTCC-1_1,Sham,NK,NK,-8.468399452,-8.476709287
CATCCGTGTTAGGGAC-1_1,Sham,NaiveT,T,1.905165268,8.03297909
CATCCGTGTTTCGTAG-1_1,Sham,NaiveT,T,2.4454592,8.553474505
CATCGCTAGACTTGTC-1_1,Sham,NKT,T,-5.382507252,-1.339118283
CATCGCTAGTGCAACG-1_1,Sham,NK,NK,-7.134302067,-6.361714285
CATCGCTCAGTAGGAC-1_1,Sham,NaiveT,T,1.257664515,6.933019717
CATCGCTGTTGCCATA-1_1,Sham,NK,NK,-7.829385208,-5.967126291
CATCGGGGTTATTCCT-1_1,Sham,NK,NK,-7.396911549,-4.706428926
CATCGGGTCCAACACA-1_1,Sham,T-Helper,T,0.973819209,1.873883922
CATCGGGTCCACGGGT-1_1,Sham,Cytotoxic,T,-2.562961744,0.385585655
CATCGTCTCTCAGAAC-1_1,Sham,Cytotoxic,T,-3.165731119,0.509205539
CATCGTCTCTGGTGGC-1_1,Sham,ILC,ILC,9.617456985,2.697598297
CATGAGTCATAGGTAA-1_1,Sham,NaiveT,T,1.896228386,7.404916365
CATGAGTTCGTTGCCT-1_1,Sham,NaiveT,T,-1.834245252,6.509002764
CATGCCTAGCAGGCTA-1_1,Sham,NK,NK,-7.37510054,-6.983890455
CATGCCTGTGCCAAGA-1_1,Sham,NaiveT,T,2.242089344,6.794675429
CATGCCTGTTGAAGTA-1_1,Sham,Cytotoxic,T,-2.861480164,0.439506431
CATGCCTGTTGGGATG-1_1,Sham,NaiveT,T,-1.392313885,7.61322983
CATGCGGCAGGTATGG-1_1,Sham,NKT,T,-5.296720432,-2.067886989
CATGCGGGTGTTATCG-1_1,Sham,NK,NK,-8.569717812,-8.155404966
CATGCTCAGTCTTGGT-1_1,Sham,NaiveT,T,1.063104583,7.284058649
CATGGATAGCAACAGC-1_1,Sham,NK,NK,-8.274418282,-8.149110715
CATGGATCAGCTGCCA-1_1,Sham,T-DN,T,1.640119267,2.73167165
CATGGTAAGCAGGTCA-1_1,Sham,NK,NK,-9.008988785,-7.986847799
CATGGTACATTCATCT-1_1,Sham,NK,NK,-7.144200253,-6.486130636
CATTCATGTCTTTATC-1_1,Sham,Cytotoxic,T,-2.09407966,0.214323659
CATTCATTCGTCAAAC-1_1,Sham,NaiveT,T,2.326260401,8.770357211
CATTCCGCACTGATTG-1_1,Sham,NKT,T,-5.512380527,-1.555160563
CATTCCGCATGAGAAT-1_1,Sham,Treg,T,3.218905045,-0.251821827
CATTCCGGTAACACCT-1_1,Sham,NKT,T,-4.546902584,-1.704109948
CATTCCGGTCCCTCAT-1_1,Sham,gdT,T,10.099979,-5.376038473
CATTCTAAGACTCATC-1_1,Sham,NKT,T,-4.527500557,-2.880393903
CATTGAGCATACTGAC-1_1,Sham,NaiveT,T,-0.58983128,6.202064593
CATTGAGGTCTCAGAT-1_1,Sham,NK,NK,-6.74045937,-6.126317422
CATTGCCAGGCTATCT-1_1,Sham,gdT,T,2.520471407,0.505868871
CATTGCCAGGTTCTAC-1_1,Sham,T-Helper,T,-0.197051274,0.824657698
CATTGCCGTCGCGGTT-1_1,Sham,NK,NK,-8.561455177,-6.374933164
CATTGCCGTCTTCCGT-1_1,Sham,NK,NK,-7.043476986,-5.9824032
CATTGCCGTGGCATCC-1_1,Sham,NaiveT,T,0.888202919,6.190807421
CATTGTTGTTCCGCTT-1_1,Sham,NaiveT,T,2.129129244,7.087561209
CCAAGCGCATGCAGCC-1_1,Sham,NaiveT,T,0.511475785,9.120734293
CCAAGCGGTACAACGG-1_1,Sham,T-DN,T,0.927994145,2.683153231
CCAAGCGTCCATCAGA-1_1,Sham,ILC,ILC,8.217267586,1.876869519
CCAATGAAGCACCTGC-1_1,Sham,NaiveT,T,2.02907951,7.547454436
CCAATGAGTGGTCCGT-1_1,Sham,NKT,T,-5.19355719,-3.749456327
CCAATTTTCCAAACCA-1_1,Sham,NK,NK,-8.486335205,-7.541265409
CCAATTTTCCCGAGGT-1_1,Sham,ILC,ILC,8.478801323,1.272670824
CCACAAAAGCGTTCAT-1_1,Sham,NKT,T,-4.503680157,-3.341871421
CCACAAACAAATCAGA-1_1,Sham,T-Helper,T,0.354615329,0.668985207
CCACAAAGTCGAGATG-1_1,Sham,NaiveT,T,-1.013359236,6.118398268
CCACAAAGTTACGCCG-1_1,Sham,Cytotoxic,T,-3.8748111,1.588732679
CCACAAATCCCGAAAT-1_1,Sham,NaiveT,T,2.795865847,7.58720835
CCACACTAGACTCTAC-1_1,Sham,NKT,T,-5.561876224,-2.44591419
CCACCATAGGAACGAA-1_1,Sham,NaiveT,T,0.93386562,7.275131781
CCACCATGTCCCTGTT-1_1,Sham,NKT,T,-5.077973293,-3.007986944
CCACCATTCTCAATCT-1_1,Sham,NaiveT,T,1.429919554,6.632848341
CCACGAGAGGTCTTTG-1_1,Sham,NaiveT,T,-0.104710119,7.904960711
CCACGAGGTGTCGCTG-1_1,Sham,NKT,T,-5.384346413,-1.756081026
CCACGAGTCAAGAGTA-1_1,Sham,NaiveT,T,-1.088537978,7.619304259
CCACGAGTCTCCTACG-1_1,Sham,NK,NK,-7.870760368,-6.871158998
CCACGTTAGGAACTCG-1_1,Sham,NK,NK,-7.02387278,-6.832142274
CCACGTTGTAGAATAC-1_1,Sham,NaiveT,T,2.47629459,5.117218573
CCACGTTGTAGGGTAC-1_1,Sham,NK,NK,-7.762402939,-5.728799265
CCACGTTTCTATTGTC-1_1,Sham,NaiveT,T,1.635110332,7.635226328
CCATAAGAGGTTCATC-1_1,Sham,gdT,T,9.062803818,-6.902868192
CCATAAGCACCGAATT-1_1,Sham,NK,NK,-6.232250141,-5.227288644
CCATAAGTCGCGATCG-1_1,Sham,NKT,T,-4.847459721,-2.576438587
CCCATTGAGCATCCCG-1_1,Sham,NK,NK,-8.797800468,-8.447672765
CCCATTGAGCGGGTAT-1_1,Sham,ILC,ILC,6.523925854,1.99469908
CCCATTGGTTTCGTAG-1_1,Sham,Cytotoxic,T,-0.687499033,-3.869848411
CCCGAAGAGAGAGCGG-1_1,Sham,Cytotoxic,T,-1.730425405,-0.0156718
CCCGGAAGTCGCATTA-1_1,Sham,NaiveT,T,-1.840220617,6.680467207
CCCGGAATCCCTCGAT-1_1,Sham,NaiveT,T,2.057533575,7.805299361
CCCGGAATCTAGATCG-1_1,Sham,NaiveT,T,0.799847973,8.795983393
CCCTAACCATTGAGGG-1_1,Sham,Cytotoxic,T,-3.12174313,1.779521425
CCCTGATAGGGTAGCT-1_1,Sham,NK,NK,-7.181382107,-5.787642877
CCCTGATAGTTTAGGA-1_1,Sham,NaiveT,T,-0.013621049,6.116130431
CCCTGATTCGTGCGAC-1_1,Sham,NaiveT,T,2.275606943,8.110613902
CCCTTAGCACAATGTC-1_1,Sham,NaiveT,T,2.82945211,6.595623095
CCCTTAGCAGGTCCGT-1_1,Sham,NK,NK,-6.810306953,-6.710423391
CCCTTAGCATGGCCCA-1_1,Sham,NaiveT,T,2.22165258,4.920006831
CCGAACGAGTGTTCCA-1_1,Sham,NK,NK,-7.879617142,-5.881790559
CCGATCTGTGTGTACT-1_1,Sham,ILC,ILC,9.598765923,2.700724442
CCGATGGAGAACGCGT-1_1,Sham,NKT,T,-5.094023155,-2.267670314
CCGATGGAGAATACAC-1_1,Sham,TCM,T,0.678564859,6.187398512
CCGATGGCAGGCACTC-1_1,Sham,NaiveT,T,-1.745570945,6.351353247
CCGGACATCACAAGGG-1_1,Sham,NaiveT,T,1.85444851,6.359063227
CCGGGTACACCAGCTG-1_1,Sham,Cytotoxic,T,-2.29538052,-0.119676113
CCGGTAGAGGGTACGT-1_1,Sham,Cytotoxic,T,-4.408191132,0.788115163
CCGTAGGAGGAGTACC-1_1,Sham,NaiveT,T,-0.177041637,7.267704565
CCGTAGGGTCCACTCT-1_1,Sham,NKT,T,-3.87255566,-2.455852668
CCGTAGGTCGTCGCTT-1_1,Sham,NKT,T,-3.570937323,-2.333470266
CCGTGAGCATGGAGAC-1_1,Sham,NaiveT,T,1.209896875,9.03109463
CCGTTCATCTAGCATG-1_1,Sham,ILC,ILC,8.61120565,1.151605565
CCTAACCTCAAGTAAG-1_1,Sham,NaiveT,T,1.916152192,6.423805792
CCTAAGAGTGCTGATT-1_1,Sham,Treg,T,2.874779297,3.608257372
CCTACGTAGCACCGAA-1_1,Sham,NK,NK,-8.744649338,-6.362726133
CCTACGTCATTGACAC-1_1,Sham,NaiveT,T,1.891496969,6.305275519
CCTACGTTCATCTGTT-1_1,Sham,NK,NK,-7.624156879,-5.224183481
CCTACGTTCTTGCAGA-1_1,Sham,NaiveT,T,0.519315852,6.243256647
CCTCAACCACCCTTGT-1_1,Sham,NK,NK,-8.702188896,-6.214802663
CCTCACATCATGGGAG-1_1,Sham,NKT,T,-4.316561626,-2.683357875
CCTCACATCGTACACA-1_1,Sham,T-Helper,T,1.804413868,2.601982672
CCTCAGTCACGTGTGC-1_1,Sham,Treg,T,2.816858603,3.784083207
CCTCAGTCATTCCTCG-1_1,Sham,NK,NK,-7.976614403,-6.816130083
CCTCAGTTCTCACGAA-1_1,Sham,NaiveT,T,1.358661009,6.657242377
CCTCATGAGTTAGTAG-1_1,Sham,NK,NK,-7.1942281,-5.819247644
CCTCATGGTTACGCCG-1_1,Sham,Cytotoxic,T,-2.67918651,1.778932412
CCTCCTCGTCTGCCTT-1_1,Sham,Cytotoxic,T,-4.401731895,1.780787785
CCTCTCCGTACGTGTT-1_1,Sham,NK,NK,-7.52681105,-7.460592668
CCTGCATCAAGGTCTT-1_1,Sham,NaiveT,T,0.100087261,6.194467146
CCTGCATTCACGATCA-1_1,Sham,NK,NK,-7.581215786,-4.778424184
CCTGTTGAGGTCTGGA-1_1,Sham,NK,NK,-4.784634994,-4.403991621
CCTGTTGCAGCGTGAA-1_1,Sham,NKT,T,-4.403269695,-2.918031376
CCTGTTGTCTTCCGTG-1_1,Sham,NK,NK,-7.349080967,-4.909447591
CCTTCAGGTACTGGGA-1_1,Sham,NaiveT,T,2.461343361,6.736342509
CCTTCAGGTATCACGT-1_1,Sham,Cytotoxic,T,-2.864501642,1.567690093
CCTTGTGCAGATGCGA-1_1,Sham,NK,NK,-7.872882294,-7.108703058
CCTTGTGTCGACATAC-1_1,Sham,NK,NK,-8.872464584,-8.560251157
CCTTGTGTCTCGCCTA-1_1,Sham,NaiveT,T,1.807532741,6.742811758
CCTTTGGCAAGCGCTC-1_1,Sham,NK,NK,-8.235429214,-7.494519632
CCTTTGGGTGTTGAGG-1_1,Sham,ILC,ILC,9.515806747,2.803807099
CGAAGGACATAATGAG-1_1,Sham,NK,NK,-7.542961525,-8.224660795
CGAAGGACATGGCTGC-1_1,Sham,NK,NK,-5.541378426,-5.924988668
CGAAGGATCCCGTAAA-1_1,Sham,T-Helper,T,1.183775497,1.423650105
CGAAGTTAGCCGCTTG-1_1,Sham,NK,NK,-6.764676498,-7.183613222
CGAAGTTCATGAAGGC-1_1,Sham,NaiveT,T,-1.205941247,6.390722353
CGAAGTTGTGTACGCC-1_1,Sham,T-DN,T,-0.132259535,2.005266983
CGACAGCAGGGTTAAT-1_1,Sham,Cytotoxic,T,-0.433679389,0.510086794
CGACAGCCAGAAGTGC-1_1,Sham,NK,NK,-8.4705662,-7.607335489
CGAGAAGGTGACAGCA-1_1,Sham,NaiveT,T,0.795544101,6.840559084
CGAGGAACAATTGCTG-1_1,Sham,NKT,T,-4.731720852,-3.221244733
CGAGGAAGTAACTGCT-1_1,Sham,TCM,T,-1.679501461,3.920897562
CGAGGAATCGAGAACG-1_1,Sham,NaiveT,T,-1.672786998,7.223591406
CGAGGCTAGGATCATA-1_1,Sham,NaiveT,T,1.689093185,8.883478243
CGAGTGCCAGGAATAT-1_1,Sham,NK,NK,-7.934091972,-5.676808279
CGAGTGCGTCGTTGGC-1_1,Sham,gdT,T,7.901709629,-6.062391679
CGAGTGCTCACTCCGT-1_1,Sham,ILC,ILC,7.363347126,2.322048981
CGAGTGCTCGCTTTAT-1_1,Sham,NKT,T,-3.635267185,-3.247747343
CGAGTGCTCTCGTCGT-1_1,Sham,NaiveT,T,0.994301928,7.196459849
CGAGTTAAGGGAGTGG-1_1,Sham,NK,NK,-6.1212229,-5.571955125
CGAGTTAGTGGCTCTG-1_1,Sham,T-DN,T,0.513335062,2.110890944
CGAGTTATCAAGTCTG-1_1,Sham,Cytotoxic,T,-2.165261911,-0.142385482
CGATCGGGTACTGTTG-1_1,Sham,T-DN,T,-3.595554995,-3.181261938
CGATGCGCAGAGCTAG-1_1,Sham,Cytotoxic,T,-0.430841791,0.880498369
CGATGCGTCGCTACGG-1_1,Sham,Cytotoxic,T,-3.741051601,-1.263198774
CGATGGCCAACACACT-1_1,Sham,NaiveT,T,2.018137408,7.184097369
CGCAGGTCACACCGCA-1_1,Sham,ILC,ILC,7.420682503,1.724647958
CGCAGGTGTATTTCTC-1_1,Sham,NaiveT,T,1.770979239,7.662537177
CGCATAAGTATCTCGA-1_1,Sham,Cytotoxic,T,-3.44559996,2.113679964
CGCATGGCACCGGAAA-1_1,Sham,T-Helper,T,0.892318917,8.527913172
CGCCAGACACTTGTCC-1_1,Sham,T-DN,T,-0.844578194,1.742916305
CGCGTGAGTCGTGGAA-1_1,Sham,T-Helper,T,1.424689365,2.357352812
CGCGTGATCTCAACCC-1_1,Sham,NaiveT,T,-0.476053523,6.383483488
CGGAACCCAACACTAC-1_1,Sham,NaiveT,T,-1.924546169,6.251504977
CGGAACCCACCCTTGT-1_1,Sham,NaiveT,T,-0.692373322,6.525294859
CGGAACCCATAGATGA-1_1,Sham,NaiveT,T,0.49938531,7.299471457
CGGAACCCATCGTGCG-1_1,Sham,NK,NK,-7.873407768,-7.274889391
CGGAACCGTACGTACT-1_1,Sham,ILC,ILC,7.591521812,1.560861666
CGGAACCTCTATACGG-1_1,Sham,T-DN,T,0.705016686,2.853861649
CGGAATTTCGCTGACG-1_1,Sham,T-DN,T,0.6029997,3.42100652
CGGAATTTCTCTTCAA-1_1,Sham,Cytotoxic,T,-2.504069494,0.039899025
CGGAATTTCTTCTTCC-1_1,Sham,ILC,ILC,6.740704132,1.582374294
CGGACACGTCGGTGAA-1_1,Sham,NaiveT,T,0.802155806,8.530839999
CGGAGAATCCTCTCGA-1_1,Sham,gdT,T,8.425628258,-5.847226064
CGGCAGTCAACTGCCG-1_1,Sham,NaiveT,T,-1.680622624,6.251140196
CGGGACTAGCCTAACT-1_1,Sham,T-DN,T,0.77046497,2.030709345
CGGGACTGTACTGGGA-1_1,Sham,Cytotoxic,T,-2.921104835,0.595815022
CGGGACTTCGGTAGAG-1_1,Sham,NK,NK,-8.7683367,-7.730906885
CGGGTCACATCAGCGC-1_1,Sham,Cytotoxic,T,-3.670214819,1.149722774
CGGGTCAGTTTCGATG-1_1,Sham,Cytotoxic,T,-3.556735682,3.025919754
CGGGTCATCCTAGCTC-1_1,Sham,T-Helper,T,0.166947636,-1.027586382
CGGGTGTAGCCTATTG-1_1,Sham,NaiveT,T,2.378149344,8.618621905
CGGGTGTGTGAGTTGG-1_1,Sham,NKT,T,-5.513124393,-3.74607126
CGGGTGTTCTTACGGA-1_1,Sham,ILC,ILC,7.531882835,0.934909065
CGGTCAGCAGCGTGCT-1_1,Sham,ILC,ILC,7.173594547,2.128462632
CGGTCAGGTGGGCTTC-1_1,Sham,NKT,T,-3.764625715,-2.418724935
CGTAAGTGTACCCGCA-1_1,Sham,Cytotoxic,T,-3.058389591,1.810160596
CGTAAGTTCTCTCTAA-1_1,Sham,NK,NK,-5.230832027,-7.068327348
CGTAATGAGTCACGAG-1_1,Sham,Cytotoxic,T,-2.16888349,0.405940909
CGTAATGCACTAACGT-1_1,Sham,Cytotoxic,T,-2.414398121,0.405572076
CGTAGTAAGTGAACAT-1_1,Sham,NK,NK,-7.720232414,-8.007712286
CGTAGTACACAGTACT-1_1,Sham,NKT,T,-6.152344154,-2.10454313
CGTAGTAGTACACGTT-1_1,Sham,NaiveT,T,2.408857895,7.78922518
CGTAGTATCATGAGGG-1_1,Sham,NKT,T,-3.749038624,-1.799012225
CGTCAAAAGTTCGCAT-1_1,Sham,NaiveT,T,-0.125553744,8.007518847
CGTCAAAGTTAAGACA-1_1,Sham,NaiveT,T,1.211183501,6.679025252
CGTCCATCAATTCTTC-1_1,Sham,NaiveT,T,-0.769159543,7.655963023
CGTCCATCACACACTA-1_1,Sham,NaiveT,T,1.193428827,6.839142401
CGTCCATCAGGAGGAG-1_1,Sham,NK,NK,-7.849345612,-6.797253053
CGTGAATCACGTCGGT-1_1,Sham,NaiveT,T,-0.191695022,7.844528754
CGTGAATGTGGCCACT-1_1,Sham,NK,NK,-8.39095919,-6.065919798
CGTGCTTCACGTGTGC-1_1,Sham,NaiveT,T,-0.1750059,7.37086447
CGTGTCTCAGAGCCCT-1_1,Sham,NK,NK,-8.32452433,-7.940885465
CGTGTCTGTAGGAAAG-1_1,Sham,NK,NK,-7.224078106,-6.572508733
CGTTAGACAAGTCCAT-1_1,Sham,NKT,T,-4.490540909,-3.16476218
CGTTAGACACCCATAA-1_1,Sham,NaiveT,T,0.4678203,8.393700678
CGTTAGAGTATCAGGG-1_1,Sham,NaiveT,T,2.119362904,5.003945906
CGTTAGAGTCCACTCT-1_1,Sham,NaiveT,T,0.237601658,7.550529082
CGTTAGATCAGCTGTA-1_1,Sham,T-DN,T,-3.343994068,-1.680234711
CGTTCTGGTGGAACCA-1_1,Sham,T-DN,T,0.122688686,2.062000353
CGTTGGGCAGTCCGTG-1_1,Sham,T-DN,T,0.429247958,2.642497857
CGTTGGGGTTGGCCGT-1_1,Sham,NaiveT,T,2.343707634,6.16244324
CTAACCCAGGCACTCC-1_1,Sham,NaiveT,T,0.053375838,6.385243494
CTAACCCTCATTTGTC-1_1,Sham,ILC,ILC,9.242545677,2.434882243
CTAACTTAGTGACACG-1_1,Sham,NK,NK,-8.132107185,-8.475587766
CTAAGTGCACTGTTCC-1_1,Sham,ILC,ILC,8.754017426,2.620327551
CTACAGACACCATATG-1_1,Sham,NaiveT,T,-1.475382732,7.277100642
CTACATTAGACCTCCG-1_1,Sham,T-DN,T,-0.428541051,2.464011986
CTACATTAGCAATTCC-1_1,Sham,ILC,ILC,8.203102661,1.415755231
CTACATTTCCCATAAG-1_1,Sham,NaiveT,T,1.567012144,6.937016089
CTACCCACAAACACGG-1_1,Sham,NK,NK,-8.180417465,-7.239604871
CTACCCACAATACCCA-1_1,Sham,NKT,T,-3.567121672,-2.437641304
CTACCCATCTACTATC-1_1,Sham,T-Helper,T,2.786876751,-0.090888163
CTACCTGAGACTCCGC-1_1,Sham,NaiveT,T,1.907665564,6.964555819
CTACCTGAGTACGTCT-1_1,Sham,NaiveT,T,1.460545493,7.071997244
CTACCTGCAAATTAGG-1_1,Sham,NKT,T,-4.231186317,-2.796885173
CTACGGGAGGGTGAAA-1_1,Sham,NaiveT,T,2.111679865,4.976813395
CTACGGGGTACAGCGA-1_1,Sham,NaiveT,T,0.482622905,8.041663248
CTAGACAAGACTTCAC-1_1,Sham,NK,NK,-1.659343051,-3.935877483
CTAGACAAGTCAAGCG-1_1,Sham,NaiveT,T,1.446442796,7.40699013
CTAGACAGTCGGTGAA-1_1,Sham,NaiveT,T,-0.118660318,8.816125948
CTAGACAGTTTGGGTT-1_1,Sham,NaiveT,T,0.463398887,7.166368086
CTAGGTACAGCAGGAT-1_1,Sham,T-DN,T,-3.119011568,-1.605963748
CTAGGTAGTTCGGACC-1_1,Sham,gdT,T,8.264469696,-5.36505882
CTATAGGAGCTTGTGT-1_1,Sham,T-DN,T,-0.309438067,1.155368407
CTATAGGCAAATGGAT-1_1,Sham,NK,NK,-7.047906803,-6.495377462
CTATCCGAGACAGCGT-1_1,Sham,NaiveT,T,1.848336769,6.415384371
CTATCCGCACTTGAAC-1_1,Sham,NaiveT,T,1.195292903,8.427188952
CTATCCGTCGTGGCTG-1_1,Sham,gdT,T,8.457591606,-6.349915426
CTATCTACACGTCATA-1_1,Sham,T-Helper,T,0.079439727,0.778153796
CTATCTAGTTGGCCGT-1_1,Sham,T-DN,T,0.154158633,2.809278567
CTCAACCAGAAGTCAT-1_1,Sham,NaiveT,T,1.606342388,6.322727282
CTCAACCAGAGGCGTT-1_1,Sham,NKT,T,-5.667953896,-2.140803735
CTCAATTAGTAGAGTT-1_1,Sham,NK,NK,-5.024134087,-4.511413496
CTCAATTAGTCCCGAC-1_1,Sham,NKT,T,-4.926000046,-2.104796808
CTCAATTGTGCTTCAA-1_1,Sham,ILC,ILC,8.102097107,1.791207869
CTCAATTGTTCCAAAC-1_1,Sham,NKT,T,-6.189602779,-2.275890749
CTCAATTTCAGTGCGC-1_1,Sham,NK,NK,-6.538169788,-7.07490484
CTCACTGAGGATTTAG-1_1,Sham,NaiveT,T,1.753703786,7.141078074
CTCACTGAGGCCATAG-1_1,Sham,NaiveT,T,0.430337233,7.016678889
CTCACTGAGGCCCAAA-1_1,Sham,ILC,ILC,7.931766106,1.098558385
CTCACTGAGTACTGTC-1_1,Sham,ILC,ILC,8.732682777,2.400656302
CTCACTGTCAGCTGAT-1_1,Sham,T-DN,T,0.431125326,3.040433962
CTCACTGTCCGGTAGC-1_1,Sham,NaiveT,T,0.41060519,6.638207037
CTCAGAACAGGGTTGA-1_1,Sham,ILC,ILC,8.974311424,1.781599958
CTCAGGGCAAGATCCT-1_1,Sham,NK,NK,-8.985339569,-8.547421377
CTCATCGGTCTTCGAA-1_1,Sham,NaiveT,T,-0.828145849,8.292126734
CTCATCGTCTGCTTTA-1_1,Sham,NaiveT,T,-0.90449171,6.056082327
CTCATGCAGGAGACCT-1_1,Sham,T-DN,T,-4.52530043,-2.254036348
CTCATGCCAGTTTCAG-1_1,Sham,NK,NK,-8.247793602,-8.264462392
CTCATGCTCCGGCAGT-1_1,Sham,Cytotoxic,T,-2.839111732,0.960561116
CTCATTACACTTCAGA-1_1,Sham,NaiveT,T,2.083769036,6.955781538
CTCATTAGTACGCGTC-1_1,Sham,NaiveT,T,1.262241794,7.403508265
CTCCAACCAATCCAGT-1_1,Sham,NaiveT,T,2.266342474,7.35171469
CTCCAACTCTTGGATG-1_1,Sham,NaiveT,T,1.70377822,8.659083445
CTCCACAAGGCTGAAC-1_1,Sham,T-DN,T,-1.256099986,2.365689595
CTCCACACAAGACCGA-1_1,Sham,T-Helper,T,2.111835195,2.041034539
CTCCACAGTTGAGTCT-1_1,Sham,Cytotoxic,T,-3.987781452,2.831545193
CTCCATGAGCGAATGC-1_1,Sham,NaiveT,T,1.516586019,6.9559923
CTCCATGGTGTATTCG-1_1,Sham,NaiveT,T,1.886560989,6.370064814
CTCCATGTCATTTACC-1_1,Sham,NaiveT,T,1.396838857,9.041395266
CTCCCAAGTGTTAGCT-1_1,Sham,NaiveT,T,0.360827831,8.392365534
CTCCCTCAGACCAGAC-1_1,Sham,NaiveT,T,-0.516023683,5.897575457
CTCCCTCCACTCTAGA-1_1,Sham,Cytotoxic,T,-2.375409531,1.546153862
CTCCCTCCAGGTCTCG-1_1,Sham,NaiveT,T,1.783405734,7.31303652
CTCCCTCCAGGTGTGA-1_1,Sham,T-DN,T,1.550499035,4.056040366
CTCCCTCGTCATTGCA-1_1,Sham,NaiveT,T,2.02453406,6.331375201
CTCCCTCGTTTACTGG-1_1,Sham,NK,NK,-7.097665237,-6.864209097
CTCCTCCCACAGAGCA-1_1,Sham,NKT,T,-4.795317101,-2.960787695
CTCCTCCGTGGCTCTG-1_1,Sham,NK,NK,-8.051515984,-6.039996545
CTCCTTTCACACCGCA-1_1,Sham,NaiveT,T,-1.728727268,5.808171828
CTCCTTTTCACTTCTA-1_1,Sham,NaiveT,T,0.355453191,6.254242976
CTCCTTTTCTGCCTCA-1_1,Sham,NaiveT,T,1.48884864,8.495238383
CTCGAGGCAAAGGAGA-1_1,Sham,NKT,T,-6.096097874,-2.040316503
CTCTCAGAGTCATGCT-1_1,Sham,Cytotoxic,T,-2.249632048,0.645541389
CTCTCAGTCTACACAG-1_1,Sham,TCM,T,-2.063776897,4.787855227
CTCTCGAAGAGCCTGA-1_1,Sham,T-Helper,T,1.110672487,0.399737824
CTCTCGACAAATACGA-1_1,Sham,T-Helper,T,1.512402965,1.289317567
CTCTGGTCAATACGAA-1_1,Sham,NK,NK,-8.935713219,-8.17609493
CTGAATGAGGTAACTA-1_1,Sham,Cytotoxic,T,-4.414147305,0.073656086
CTGAATGCACCCTTGT-1_1,Sham,NK,NK,-5.832333492,-4.85667793
CTGAATGCACTAACGT-1_1,Sham,NaiveT,T,-1.655443834,6.437366564
CTGAATGCATTAGGAA-1_1,Sham,NKT,T,-4.605902122,-3.287747305
CTGAATGGTAAGATTG-1_1,Sham,NaiveT,T,-0.973096775,7.757011969
CTGAGCGCACGGTGTC-1_1,Sham,T-Helper,T,2.807386948,2.65767606
CTGAGCGTCCGCATAA-1_1,Sham,Treg,T,1.621375395,2.84742697
CTGAGGCCAGATTTCG-1_1,Sham,Cytotoxic,T,-1.988551067,2.072891552
CTGAGGCGTTTGCCGG-1_1,Sham,ILC,ILC,7.812356068,1.505723317
CTGATCCGTCTGTCCT-1_1,Sham,NaiveT,T,2.512018515,3.653309662
CTGCAGGAGAAGAACG-1_1,Sham,Cytotoxic,T,-1.267981218,1.635377486
CTGCAGGAGTTCTACG-1_1,Sham,NaiveT,T,-0.251494335,7.026631911
CTGCAGGTCAACTGAC-1_1,Sham,T-DN,T,0.896527005,3.15368994
CTGCAGGTCGCTAGCG-1_1,Sham,NaiveT,T,0.986883117,7.910782893
CTGCATCAGCGTGAGT-1_1,Sham,NaiveT,T,0.683860017,8.185646136
CTGCCATAGACGGTCA-1_1,Sham,NaiveT,T,0.433545662,6.33339556
CTGCCATAGCCACTCG-1_1,Sham,NaiveT,T,1.115730537,8.110215266
CTGCCATCACGTCGGT-1_1,Sham,NKT,T,-5.310364651,-3.525221269
CTGCCATCAGTTTGGT-1_1,Sham,NaiveT,T,-1.731310057,6.533526976
CTGCCATGTAGAGCTG-1_1,Sham,NK,NK,-6.279829906,-6.868906896
CTGCCATGTCATACCA-1_1,Sham,ILC,ILC,6.232216431,1.894694526
CTGCCATTCCTAAACG-1_1,Sham,ILC,ILC,9.148163391,2.126694996
CTGCCTACATATACCG-1_1,Sham,NaiveT,T,2.186684204,8.041617472
CTGCCTATCAAGCCGC-1_1,Sham,T-Helper,T,0.909449292,0.607120473
CTGCGAGGTCGAGCAA-1_1,Sham,gdT,T,7.80741222,-6.151928823
CTGCTCAAGTGCGACA-1_1,Sham,NK,NK,-5.42104237,-6.470505636
CTGCTCACAAAGGAGA-1_1,Sham,NaiveT,T,2.332135035,8.289769251
CTGCTCAGTCGCACGT-1_1,Sham,NK,NK,-5.063282894,-5.253901403
CTGCTCAGTTGTCATG-1_1,Sham,NaiveT,T,-1.449799823,7.768247206
CTGGACGTCGCTCTCA-1_1,Sham,NK,NK,-7.652278351,-6.776500623
CTGTACCAGTTACGTC-1_1,Sham,T-DN,T,-0.083835067,1.640558798
CTGTACCCACTCAAGT-1_1,Sham,T-Helper,T,2.027765466,-0.218774717
CTGTACCCAGCTCGGT-1_1,Sham,NaiveT,T,-0.225187319,7.094959338
CTGTAGAGTATCCCTC-1_1,Sham,NK,NK,-7.108468937,-6.548664491
CTGTAGAGTGTCGCTG-1_1,Sham,NK,NK,-5.379410194,-5.897682111
CTGTATTAGCGATGCA-1_1,Sham,NK,NK,-6.33175795,-7.112514417
CTGTATTCAGTCTTCC-1_1,Sham,ILC,ILC,8.921073509,2.458316882
CTGTATTTCCAAAGGG-1_1,Sham,TCM,T,-2.14450662,5.072498877
CTGTATTTCTACACTT-1_1,Sham,Cytotoxic,T,-3.279477524,0.973997433
CTGTCGTTCGCATGAT-1_1,Sham,Cytotoxic,T,-2.305967735,0.539681215
CTGTGAAGTAGTGATA-1_1,Sham,NKT,T,-5.39589064,-1.570727866
CTGTGAATCCACTTTA-1_1,Sham,NaiveT,T,1.428107096,8.39763077
CTGTGGGGTGAATATG-1_1,Sham,Cytotoxic,T,-3.609754967,2.233827908
CTTACCGCAGCGGTCT-1_1,Sham,NK,NK,-8.707327293,-6.701628606
CTTACCGGTAACACCT-1_1,Sham,TCM,T,-2.047977613,5.010733206
CTTACCGTCACTGGTA-1_1,Sham,gdT,T,7.364586426,-5.554327886
CTTAGGAGTTCAAGGG-1_1,Sham,T-DN,T,0.661209358,3.194161971
CTTAGGATCGGACAAG-1_1,Sham,NK,NK,-7.541174339,-6.322060506
CTTAGGATCTCGAGTA-1_1,Sham,Cytotoxic,T,-3.476526426,2.863886673
CTTCAATAGATGCTGG-1_1,Sham,NK,NK,-7.227748322,-7.885949533
CTTCAATTCGACGCGT-1_1,Sham,NK,NK,-7.635829853,-6.602179926
CTTCAATTCTTGGGCG-1_1,Sham,NaiveT,T,0.046953371,7.740388949
CTTCCGACACTTCAAG-1_1,Sham,gdT,T,7.934274746,-4.779536169
CTTCCTTCAACCGACC-1_1,Sham,NK,NK,-7.833588528,-5.929957311
CTTCCTTTCCAAGCTA-1_1,Sham,T-Helper,T,1.030628098,2.686127503
CTTCGGTAGATTGACA-1_1,Sham,gdT,T,7.317497326,-5.278452318
CTTCGGTTCATGCTAG-1_1,Sham,NKT,T,-4.619259285,-3.35344569
CTTCGGTTCCCGAATA-1_1,Sham,ILC,ILC,6.39276178,1.923718054
CTTCGGTTCCCTCATG-1_1,Sham,NK,NK,-5.510576176,-5.194887083
CTTCTCTGTAGACAAT-1_1,Sham,NaiveT,T,2.538549734,7.107557852
CTTGAGAAGTGGCGAT-1_1,Sham,Cytotoxic,T,-3.670170473,2.437238295
CTTGATTAGCTACTAC-1_1,Sham,NK,NK,-8.701671051,-5.805823248
CTTGATTGTCCAACGC-1_1,Sham,ILC,ILC,8.60309465,1.045476992
CTTTCGGGTAAGACCG-1_1,Sham,NK,NK,-8.23904364,-8.200968664
CTTTCGGGTTGGTGTT-1_1,Sham,NaiveT,T,0.607303304,7.376284201
GAAACCTAGTGCGTCC-1_1,Sham,NaiveT,T,1.514527751,6.9672242
GAAACCTGTAGTCTGT-1_1,Sham,NKT,T,-5.396534847,-4.020329397
GAAACCTTCGAGTCCG-1_1,Sham,NaiveT,T,-1.341250824,6.701520998
GAAATGAAGCGCCCAT-1_1,Sham,NK,NK,-5.682259964,-6.801551263
GAACACTCAAGGCGTA-1_1,Sham,NaiveT,T,0.319542629,7.367210944
GAACACTGTGAAGCTG-1_1,Sham,NaiveT,T,1.664872719,7.489615042
GAACACTTCTGTCCCA-1_1,Sham,T-Helper,T,0.308213858,2.286090214
GAACGTTAGAAGCGCT-1_1,Sham,NKT,T,-4.208550381,-1.103414934
GAACTGTAGGCGCTCT-1_1,Sham,T-Helper,T,1.813905192,2.248156865
GAAGCCCCATCCGTGG-1_1,Sham,NaiveT,T,-0.164864468,7.302450735
GAAGCGACATTGACTG-1_1,Sham,T-DN,T,0.786359144,2.933173258
GAAGCGAGTAAGTTGA-1_1,Sham,Cytotoxic,T,-2.51589887,0.093811099
GAAGGGTCAATTCTCT-1_1,Sham,Cytotoxic,T,-3.822558807,0.677318592
GAAGTAACATCCGGTG-1_1,Sham,NaiveT,T,1.542547418,7.894905169
GAAGTAAGTGTCCGGT-1_1,Sham,NK,NK,-5.47490065,-4.188456934
GAATAGAAGAGGATGA-1_1,Sham,ILC,ILC,8.153897835,1.281549532
GAATAGAAGTAGCAAT-1_1,Sham,NaiveT,T,2.238681627,8.174544413
GAATAGAGTACAGAAT-1_1,Sham,NaiveT,T,-0.367267119,6.577769358
GAATAGATCAATCTCT-1_1,Sham,NaiveT,T,0.358187003,6.523474772
GAATCACAGAGTCACG-1_1,Sham,ILC,ILC,6.928195549,1.413201053
GAATCACCAATCAGCT-1_1,Sham,T-DN,T,-0.202270942,2.353437264
GAATCACTCTAACACG-1_1,Sham,NKT,T,-5.436330246,-1.991088908
GAATCGTAGAATCGAT-1_1,Sham,NK,NK,-7.542260097,-6.072076719
GAATCGTGTTGCTTGA-1_1,Sham,T-DN,T,0.0390916,2.164249737
GAATCGTTCATCGCTC-1_1,Sham,NaiveT,T,2.470274521,7.99696358
GACACGCAGAGGTATT-1_1,Sham,NaiveT,T,0.03934334,7.539621909
GACACGCAGCGTCTCG-1_1,Sham,Cytotoxic,T,-2.894163774,0.051429693
GACACGCCACACCTTC-1_1,Sham,NaiveT,T,2.77931459,6.850547869
GACACGCCAGCAATTC-1_1,Sham,NK,NK,-6.535892891,-7.312995355
GACACGCGTAGTTACC-1_1,Sham,NaiveT,T,2.907709909,6.450628359
GACAGCCCAGCAGTAG-1_1,Sham,NK,NK,-8.393623756,-6.411565702
GACCAATAGATAGTCA-1_1,Sham,NaiveT,T,-1.78926866,6.465956767
GACCCAGCACCAAAGG-1_1,Sham,ILC,ILC,8.847740723,1.318053205
GACCCTTCACACAGCC-1_1,Sham,T-Helper,T,2.072736097,2.000427563
GACCCTTCACATGTTG-1_1,Sham,NaiveT,T,1.77587123,6.559270937
GACCCTTCACCCTGTT-1_1,Sham,NKT,T,-4.264403271,-2.048638146
GACCCTTTCGAGTCCG-1_1,Sham,NaiveT,T,0.176405514,7.781691153
GACCGTGAGTTGGGAC-1_1,Sham,T-Helper,T,0.586456729,0.881836612
GACCGTGCACGATAGG-1_1,Sham,NaiveT,T,1.132205559,8.869579394
GACCGTGCACTACCGG-1_1,Sham,ILC,ILC,7.174467636,1.99906214
GACCTTCTCACCTCAC-1_1,Sham,NaiveT,T,-0.418721544,6.43922766
GACGCTGAGGGAGATA-1_1,Sham,NKT,T,-3.997869896,-3.447045486
GACGCTGCACTGGAAG-1_1,Sham,NaiveT,T,-0.314471023,7.06731518
GACGCTGCACTTCTCG-1_1,Sham,NK,NK,-6.643172192,-6.117321889
GACGCTGGTACCCACG-1_1,Sham,NK,NK,-8.078538345,-6.387704294
GACGCTGTCAAGAGTA-1_1,Sham,NKT,T,-4.524642872,-3.016094606
GACGTTATCCCAACTC-1_1,Sham,T-Helper,T,1.079601539,0.958222587
GACTATGAGATGTTGA-1_1,Sham,Cytotoxic,T,-3.271989988,1.693552096
GACTATGGTGACTATC-1_1,Sham,T-DN,T,0.950009895,3.41477998
GACTATGTCATATGGC-1_1,Sham,NKT,T,-3.506069111,-1.731839101
GACTCAAGTAACGCGA-1_1,Sham,gdT,T,8.31874044,-6.335594576
GACTCAATCAAGTCGT-1_1,Sham,Cytotoxic,T,-3.018273281,1.24494787
GACTCAATCGTTGCCT-1_1,Sham,Cytotoxic,T,-8.643163132,-7.168071668
GACTCTCAGTCAGCCC-1_1,Sham,NaiveT,T,-0.505945431,6.142098505
GACTCTCCAACACGAG-1_1,Sham,NaiveT,T,0.296472056,7.946129877
GACTCTCTCCTGTACC-1_1,Sham,T-Helper,T,2.239961935,3.046159346
GACTTCCAGAGAACCC-1_1,Sham,NK,NK,-7.890353607,-5.024887483
GACTTCCCAAGGCTTT-1_1,Sham,NKT,T,-5.402634071,-2.234432857
GACTTCCCAGGTCAGA-1_1,Sham,NK,NK,-7.843546318,-7.399853628
GACTTCCTCAGCACCG-1_1,Sham,NaiveT,T,0.239781042,7.010922987
GACTTCCTCCATGAGT-1_1,Sham,NK,NK,-8.801350998,-7.094059389
GAGAAATAGGTGCCAA-1_1,Sham,NK,NK,-8.088785576,-7.527806203
GAGACCCGTAGATCGG-1_1,Sham,NaiveT,T,-0.735715496,8.271880228
GAGACTTCAAATGGAT-1_1,Sham,T-DN,T,0.442717923,3.306652148
GAGACTTTCTTCGGAA-1_1,Sham,NKT,T,-5.035183834,-2.414007824
GAGAGGTAGCAGGCTA-1_1,Sham,Cytotoxic,T,-4.178849625,1.86105891
GAGAGGTGTTGTACGT-1_1,Sham,NaiveT,T,-0.619638907,7.956272204
GAGATGGAGTGCGTCC-1_1,Sham,NK,NK,-5.871329235,-5.249629419
GAGATGGCAAGGGCAT-1_1,Sham,NKT,T,-4.046888756,-3.470479171
GAGCCTGCATACTTTC-1_1,Sham,NaiveT,T,0.875450266,8.277244646
GAGCCTGTCGACATCA-1_1,Sham,NKT,T,-5.482217239,-1.286077659
GAGGCCTAGCGCGTTC-1_1,Sham,ILC,ILC,8.797197891,1.695874174
GAGGCCTCAGAAGCTG-1_1,Sham,NK,NK,-4.831141399,-5.349409025
GAGGCCTCATAATCGC-1_1,Sham,T-Helper,T,0.609143061,1.614015062
GAGGCCTTCGCTAATG-1_1,Sham,T-Helper,T,2.067698909,2.687399228
GAGGGATGTTTGTTCT-1_1,Sham,T-DN,T,-0.130652921,2.356824238
GAGGGATTCAGTGCGC-1_1,Sham,NaiveT,T,-0.464709507,7.965041239
GAGGGTATCAACCTCC-1_1,Sham,Cytotoxic,T,-1.469872402,1.30029865
GAGGGTATCCTTCTAA-1_1,Sham,ILC,ILC,6.717189384,1.6980954
GAGGGTATCGAGCCTG-1_1,Sham,NKT,T,-4.104884552,-2.397391241
GAGTCATAGTAGTCAA-1_1,Sham,NaiveT,T,-0.79563974,7.580770094
GAGTCATTCAATGCAC-1_1,Sham,Cytotoxic,T,-3.404640125,3.699246247
GAGTCTAAGTGGTTGG-1_1,Sham,Treg,T,2.992280556,3.648866494
GAGTCTAGTCATCAGT-1_1,Sham,Cytotoxic,T,-2.407593893,0.470523972
GAGTGAGAGACTTCCA-1_1,Sham,T-Helper,T,0.207206344,0.984968741
GAGTGAGAGCACCGAA-1_1,Sham,NaiveT,T,-1.586543011,6.40386637
GAGTGAGAGTGGACTG-1_1,Sham,NaiveT,T,1.142044676,7.786183913
GAGTGTTCATACGCAT-1_1,Sham,NK,NK,-8.173838066,-7.696583669
GAGTGTTGTGAGATTA-1_1,Sham,NaiveT,T,0.997141791,7.091037352
GAGTGTTGTGCGAACA-1_1,Sham,T-Helper,T,0.548419429,2.304100592
GAGTTACAGATGAATC-1_1,Sham,NaiveT,T,-1.032186913,7.770269473
GAGTTGTCAGGCACAA-1_1,Sham,T-Helper,T,-0.040038468,-1.175787966
GAGTTGTCAGTTTGGT-1_1,Sham,Cytotoxic,T,-0.828778552,1.128056605
GAGTTTGAGTCCCTAA-1_1,Sham,T-Helper,T,1.848781897,2.22113641
GAGTTTGTCACTGAAC-1_1,Sham,NK,NK,-5.340394901,-6.136712473
GATAGAAAGTATGGCG-1_1,Sham,NKT,T,-5.204296516,-1.967337411
GATAGAACAGGTACGA-1_1,Sham,gdT,T,8.839515282,-5.511779707
GATAGAAGTTGTTGTG-1_1,Sham,NKT,T,-4.705878185,-1.156938236
GATAGCTCAGGGAGAG-1_1,Sham,NK,NK,-8.607453751,-6.639238279
GATAGCTTCCCGTAAA-1_1,Sham,T-Helper,T,2.279892279,1.071394999
GATCAGTCACAGTCGC-1_1,Sham,gdT,T,8.359632088,-5.202420156
GATCATGAGTGCAAAT-1_1,Sham,NaiveT,T,-0.373400318,7.554657061
GATCATGTCCGATGCG-1_1,Sham,NaiveT,T,-1.355880784,6.502471526
GATCATGTCGCTATTT-1_1,Sham,NaiveT,T,1.794394804,7.487142165
GATCCCTAGATAACAC-1_1,Sham,NK,NK,-6.954486298,-5.755648058
GATCCCTTCTAGCAAC-1_1,Sham,NK,NK,-7.346840309,-4.591870229
GATCGTAGTAGCCAGA-1_1,Sham,Cytotoxic,T,-3.917969154,3.053548176
GATGAGGAGAATCGAT-1_1,Sham,NaiveT,T,-1.492116021,5.381878931
GATGAGGGTGTTTGCA-1_1,Sham,NKT,T,-5.065308022,-4.231046121
GATGAGGGTTCTCACC-1_1,Sham,NaiveT,T,-0.262870507,7.89779814
GATGATCCATGACAGG-1_1,Sham,NK,NK,-5.590121674,-6.033853452
GATGCTAAGGAGAGGC-1_1,Sham,NaiveT,T,2.808304621,6.813758929
GATGCTACAATGAAAC-1_1,Sham,NKT,T,-4.236669468,-2.745575349
GATGCTACACTAGGCC-1_1,Sham,NaiveT,T,1.918494416,6.898158629
GATGCTATCCTTTAGT-1_1,Sham,T-Helper,T,1.413421703,2.149124463
GATGCTATCGCCTTGT-1_1,Sham,NaiveT,T,2.196946217,7.976886828
GATGGAGCACTGTGTA-1_1,Sham,ILC,ILC,9.173605515,2.294315655
GATGGAGTCGAGTACT-1_1,Sham,ILC,ILC,6.707235886,1.813704212
GATGTTGAGGGTCACA-1_1,Sham,Cytotoxic,T,-4.059070515,-0.60775135
GATGTTGTCGTGTTCC-1_1,Sham,gdT,T,2.55123551,-0.012551244
GATTCGACACATGTTG-1_1,Sham,Cytotoxic,T,-2.458105492,2.324746449
GATTCGATCTCGGTCT-1_1,Sham,NK,NK,-7.297363209,-6.436174314
GATTCTTAGTGAGCCA-1_1,Sham,NK,NK,-7.080485271,-4.942757051
GATTCTTCAGGAGACT-1_1,Sham,TCM,T,0.638810826,5.718918879
GATTCTTTCTAGCCTC-1_1,Sham,NaiveT,T,1.312426163,6.053539355
GATTGGTAGAGCTGAC-1_1,Sham,NK,NK,-6.501657413,-6.275495927
GATTGGTGTCAAAGAT-1_1,Sham,Cytotoxic,T,0.957152797,-3.896492879
GATTGGTTCCGCGATG-1_1,Sham,NK,NK,-8.495797562,-5.861462038
GATTTCTGTAGCGAGT-1_1,Sham,gdT,T,8.071405483,-5.532066743
GATTTCTTCGTTCTGC-1_1,Sham,NaiveT,T,2.138214661,7.375582297
GCAACATAGTATAACG-1_1,Sham,ILC,ILC,9.236079765,2.480141003
GCAACATGTACGATCT-1_1,Sham,ILC,ILC,6.884275986,1.497310121
GCACGGTCATCTCGTC-1_1,Sham,NaiveT,T,2.675632549,7.578990061
GCACGTGAGGCATCAG-1_1,Sham,NaiveT,T,-0.744615542,7.727182944
GCACGTGAGGTCATTC-1_1,Sham,NaiveT,T,0.428115887,7.774957735
GCACGTGAGGTCCTGC-1_1,Sham,TCM,T,-2.103894876,5.275654395
GCACGTGAGTGTAGAT-1_1,Sham,gdT,T,8.68709333,-6.264628332
GCACGTGGTTCTTGCC-1_1,Sham,NaiveT,T,-0.732556509,6.163083632
GCACTAACAGTTAGGG-1_1,Sham,NK,NK,-5.828595566,-5.388367097
GCACTAATCTCAATCT-1_1,Sham,Cytotoxic,T,-3.188129114,1.038192351
GCAGCCAGTCAGCGTC-1_1,Sham,Cytotoxic,T,-3.673850702,1.896362622
GCAGCCATCGAGAGAC-1_1,Sham,NKT,T,-4.742435383,-2.816064994
GCAGCTGAGTTAGTGA-1_1,Sham,NKT,T,-3.515716957,-3.312851589
GCAGCTGGTGTAACGG-1_1,Sham,NK,NK,-7.65123217,-6.931590955
GCAGTTAAGCCATTCA-1_1,Sham,T-DN,T,-0.107301073,2.715055067
GCAGTTACACATTGTG-1_1,Sham,Cytotoxic,T,-5.35085051,0.217357058
GCAGTTACAGCTGGTC-1_1,Sham,NKT,T,-5.651084351,-1.520402949
GCATCGGAGGTCTGGA-1_1,Sham,Cytotoxic,T,-3.570632624,1.611477692
GCATCTCCAGCCCAGT-1_1,Sham,NaiveT,T,-0.240047263,6.24427851
GCATCTCCAGGTGTTT-1_1,Sham,ILC,ILC,7.079617573,1.952457268
GCATCTCTCGCCTATC-1_1,Sham,NaiveT,T,1.890824986,7.101065237
GCATGATAGGCTTTCA-1_1,Sham,Cytotoxic,T,-3.684990095,2.234300454
GCATGATGTCATCAGT-1_1,Sham,Cytotoxic,T,-3.306137728,0.996609766
GCATGATTCAAATGAG-1_1,Sham,NK,NK,-6.892110275,-6.593987863
GCATTAGGTTACCTGA-1_1,Sham,NK,NK,-7.9327883,-6.811214845
GCCAACGAGTTTCAGC-1_1,Sham,NaiveT,T,2.383041454,8.613845904
GCCAACGGTAATTGGA-1_1,Sham,NK,NK,-8.338671135,-6.703646581
GCCAGCATCAGAGTTC-1_1,Sham,NaiveT,T,0.652690632,7.699366171
GCCAGCATCAGTCATG-1_1,Sham,gdT,T,8.687021805,-5.082779806
GCCAGGTCAGTGCGCT-1_1,Sham,Cytotoxic,T,-4.39360659,-0.076344732
GCCAGTGGTCACTCGG-1_1,Sham,NaiveT,T,-0.421457457,8.060143549
GCCAGTGTCGACATCA-1_1,Sham,NK,NK,-7.56451981,-5.814671438
GCCATGGGTACCGGCT-1_1,Sham,TCM,T,-1.956331896,5.247774203
GCCATGGTCGGTGTAT-1_1,Sham,Treg,T,4.057124449,0.236807902
GCCATGGTCTCTGGTC-1_1,Sham,NKT,T,-5.635475563,-2.417749565
GCCATTCTCTGGCTGG-1_1,Sham,NaiveT,T,0.360262943,6.908942778
GCCATTCTCTGTGCAA-1_1,Sham,T-DN,T,0.363644002,2.399363358
GCCCAGAAGCGTCAAG-1_1,Sham,NaiveT,T,-1.326239633,8.138421137
GCCGATGCACAGCTGC-1_1,Sham,Cytotoxic,T,-3.489441799,3.356027205
GCCGATGGTTGCTGAT-1_1,Sham,NK,NK,-7.252543377,-6.056901853
GCCGTGAAGAAATGGG-1_1,Sham,T-DN,T,0.43048541,2.186942418
GCCTGTTAGCGCCTCA-1_1,Sham,Cytotoxic,T,-4.031626152,2.735203822
GCCTGTTCAACCACAT-1_1,Sham,NaiveT,T,0.41666503,7.567419608
GCCTGTTCACAATGAA-1_1,Sham,NaiveT,T,2.035588456,6.552981455
GCCTGTTTCGCGTTTC-1_1,Sham,NaiveT,T,-0.259971159,6.280883391
GCGAGAAGTCTAGATC-1_1,Sham,NKT,T,-4.329091476,-4.04075567
GCGATCGCATCAGCTA-1_1,Sham,ILC,ILC,7.640759064,2.251142342
GCGATCGGTGTGTACT-1_1,Sham,NK,NK,-8.598905968,-6.39769594
GCGGAAAGTAGCGTTT-1_1,Sham,TCM,T,1.066433562,6.080305655
GCGGAAATCCCGAGAC-1_1,Sham,NaiveT,T,2.058486653,4.999916155
GCGGATCGTGATAGAT-1_1,Sham,NaiveT,T,0.492353214,7.28832062
GCGGATCTCATTCACT-1_1,Sham,ILC,ILC,9.329155518,2.579172928
GCGGATCTCCCTCGAT-1_1,Sham,NKT,T,-3.833062815,-3.404712837
GCGTGCAAGCTAAGTA-1_1,Sham,NaiveT,T,2.279321028,6.010389883
GCGTTTCGTGGCTTGC-1_1,Sham,NaiveT,T,-0.84307711,6.965501387
GCTACAACAGGACAGT-1_1,Sham,NK,NK,-6.082218098,-6.283353727
GCTACAAGTCTTCAAG-1_1,Sham,T-Helper,T,0.99901892,1.485191305
GCTACCTAGAGTCGAC-1_1,Sham,NK,NK,-6.915665077,-6.302716653
GCTACCTCAGTGCCTG-1_1,Sham,gdT,T,7.391721321,-4.670143049
GCTCAAAAGACTGTTC-1_1,Sham,NK,NK,-5.894294666,-4.884091776
GCTGAATAGACATACA-1_1,Sham,NaiveT,T,-1.978956627,6.671503622
GCTGAATAGATCGCTT-1_1,Sham,NKT,T,-3.554417538,-2.07554714
GCTGAATGTTCTCAGA-1_1,Sham,NK,NK,-5.43168013,-6.248445432
GCTGCAGTCCATTTGT-1_1,Sham,NKT,T,-5.293439316,-2.588317554
GCTGGGTCACTTCAGA-1_1,Sham,NK,NK,-8.956384109,-7.625293176
GCTGGGTCAGCCCAGT-1_1,Sham,ILC,ILC,7.881054951,1.951042731
GCTGGGTGTACTAACC-1_1,Sham,ILC,ILC,9.266293121,2.421991427
GCTGGGTGTAGCGTAG-1_1,Sham,T-Helper,T,2.149129344,1.735485752
GCTGGGTTCAACTGAC-1_1,Sham,NaiveT,T,2.22742684,8.012081225
GCTGGGTTCTGAATCG-1_1,Sham,NaiveT,T,0.095145022,6.83612879
GCTTCACAGCGTGCCT-1_1,Sham,NK,NK,-7.678257393,-4.822372358
GCTTCACGTGGCCTCA-1_1,Sham,T-DN,T,0.412582589,2.250683386
GGAACCCGTCATCGGC-1_1,Sham,Cytotoxic,T,-3.864844727,2.608260472
GGAAGTGCATGTCAGT-1_1,Sham,ILC,ILC,7.269033505,1.564086158
GGAAGTGGTAGACAGC-1_1,Sham,NaiveT,T,-1.839732574,6.763079245
GGAATCTCAAGCGATG-1_1,Sham,ILC,ILC,7.843161655,1.371448953
GGAATCTCACGAAGAC-1_1,Sham,NK,NK,-6.873222755,-5.158440034
GGAATCTTCAAGGACG-1_1,Sham,Cytotoxic,T,-3.027015375,0.556008179
GGAATCTTCACTAGCA-1_1,Sham,NK,NK,-8.847290443,-6.369800012
GGACGTCAGGTCCCTG-1_1,Sham,T-Helper,T,1.877406789,1.851818521
GGACGTCTCGCTTACC-1_1,Sham,T-Helper,T,1.592998577,2.269638617
GGAGAACGTAAGCAAT-1_1,Sham,NK,NK,-8.212307381,-7.908735197
GGAGATGTCTCTTGCG-1_1,Sham,NaiveT,T,-0.979568886,7.75014313
GGAGCAAGTGAATGAT-1_1,Sham,ILC,ILC,7.365589691,1.201739867
GGAGGATGTATCTCTT-1_1,Sham,NK,NK,-7.672106194,-8.173959653
GGAGGTAAGACATCAA-1_1,Sham,Cytotoxic,T,-1.078024315,1.046069939
GGATCTACATGACTGT-1_1,Sham,ILC,ILC,7.633795334,0.930026491
GGATCTAGTATCGTTG-1_1,Sham,Cytotoxic,T,-4.380648064,0.714365561
GGATCTATCGGTCTGG-1_1,Sham,Cytotoxic,T,-3.621208118,2.972047169
GGATGTTCACAGAGCA-1_1,Sham,NaiveT,T,-0.403976189,8.193882067
GGCACGTCACGTCGTG-1_1,Sham,Cytotoxic,T,-3.266356157,3.733913023
GGCACGTTCAAGTGGG-1_1,Sham,NK,NK,-7.599117683,-5.865283887
GGCAGTCAGAGCATCG-1_1,Sham,NKT,T,-4.257964539,-1.605052035
GGCAGTCAGGTTCTTG-1_1,Sham,NK,NK,-8.534348892,-6.629783552
GGCAGTCTCTGATGGT-1_1,Sham,NK,NK,-2.434092449,-3.200352113
GGCTGTGTCGGAATGG-1_1,Sham,T-DN,T,0.807163669,2.718184788
GGCTTGGGTCCAACGC-1_1,Sham,ILC,ILC,8.207147194,1.554371912
GGCTTTCGTTTAAGGA-1_1,Sham,NK,NK,-6.567388462,-7.163303774
GGCTTTCTCCTACCGT-1_1,Sham,Cytotoxic,T,-2.282859014,0.851056118
GGGAAGTAGAGAGCGG-1_1,Sham,ILC,ILC,6.205229832,1.936526377
GGGAAGTGTCGACTGC-1_1,Sham,gdT,T,2.452840401,0.469288011
GGGAAGTTCACAAGAA-1_1,Sham,NK,NK,-8.849725174,-8.398903768
GGGACCTCATGTTCGA-1_1,Sham,T-DN,T,0.491731537,2.788365204
GGGACCTGTAGTGTGG-1_1,Sham,T-Helper,T,2.783250643,2.180150349
GGGACCTGTGACAGCA-1_1,Sham,T-Helper,T,1.222959114,1.517238219
GGGACCTGTGTGTTTG-1_1,Sham,Cytotoxic,T,-2.442585873,0.541305561
GGGACTCCAGATACTC-1_1,Sham,NaiveT,T,2.111422254,7.803569872
GGGAGATCAAGGCGTA-1_1,Sham,T-Helper,T,2.356067492,0.982572634
GGGAGTAGTACTGGGA-1_1,Sham,NKT,T,-5.323299335,-2.4063708
GGGAGTAGTCCGGCAT-1_1,Sham,NaiveT,T,-1.166579651,7.57837065
GGGAGTAGTGTCTTGA-1_1,Sham,NaiveT,T,-0.733071314,7.938714106
GGGAGTATCGTAGAGG-1_1,Sham,NKT,T,-4.440996574,-1.290188353
GGGATGAGTATCCTCC-1_1,Sham,NK,NK,-8.475693153,-6.091059606
GGGCTACCAAAGACTA-1_1,Sham,NK,NK,-6.189152645,-7.480560224
GGGCTACCATTACGGT-1_1,Sham,Cytotoxic,T,-2.559123444,0.585363347
GGGCTACGTACCACGC-1_1,Sham,T-Helper,T,1.228748513,0.55918302
GGGCTCAAGCACGATG-1_1,Sham,Cytotoxic,T,-3.542200493,2.00452431
GGGCTCACAACTCATG-1_1,Sham,NaiveT,T,1.889662577,6.485279639
GGGCTCACAGGCCCTA-1_1,Sham,NaiveT,T,0.658268792,8.565764506
GGGCTCATCCATGCAA-1_1,Sham,NK,NK,-6.671914505,-6.178345125
GGGTAGACATTACGGT-1_1,Sham,NaiveT,T,0.114082975,8.199309428
GGGTATTAGGTCCAGA-1_1,Sham,Cytotoxic,T,-1.545942234,1.101178129
GGGTATTCAAAGGAGA-1_1,Sham,TCM,T,0.618741853,6.125205119
GGGTATTGTGACGTCC-1_1,Sham,NaiveT,T,-0.787252592,8.27493294
GGGTATTTCTTTGGAG-1_1,Sham,NaiveT,T,-0.28225969,7.223471243
GGGTCACCAAATACGA-1_1,Sham,NaiveT,T,0.043361237,8.127741892
GGGTCACGTAGCTAAA-1_1,Sham,Cytotoxic,T,-1.884400057,1.23038264
GGGTCACGTTTCTATC-1_1,Sham,ILC,ILC,9.557710243,2.77324589
GGGTCACTCATTGTGG-1_1,Sham,NK,NK,-5.451234745,-5.677257936
GGGTCTGGTCGTTATG-1_1,Sham,NaiveT,T,-1.727290319,6.86144789
GGGTGAAAGAGGTTTA-1_1,Sham,NaiveT,T,-1.514889525,7.249714453
GGGTTATCACCAATTG-1_1,Sham,ILC,ILC,8.403130127,1.349922497
GGGTTATTCTCAGTCC-1_1,Sham,Treg,T,3.497222019,-0.211773339
GGTAATCAGCCAGAGT-1_1,Sham,ILC,ILC,8.453352524,0.981588919
GGTAGAGCACGGTGAA-1_1,Sham,NaiveT,T,1.525938107,8.79958256
GGTAGAGCAGCTACAT-1_1,Sham,NaiveT,T,-0.480673062,6.648093302
GGTAGAGTCCACAGCG-1_1,Sham,gdT,T,9.333945824,-4.837773721
GGTCTGGCAAGACCTT-1_1,Sham,ILC,ILC,7.246926857,1.462433894
GGTCTGGCAGCCCAGT-1_1,Sham,NK,NK,-8.03760569,-8.13262264
GGTCTGGGTGCGGCTT-1_1,Sham,NaiveT,T,2.69370587,7.325264532
GGTGAAGAGAAGAACG-1_1,Sham,T-Helper,T,2.369193865,3.392429192
GGTGAAGAGGTTTACC-1_1,Sham,ILC,ILC,7.921994759,1.683275897
GGTGAAGCATCGATAC-1_1,Sham,NKT,T,-5.172756599,-2.433686178
GGTGAAGGTGCTCCGA-1_1,Sham,NaiveT,T,2.306958033,6.380768855
GGTGGCTTCACCATCC-1_1,Sham,ILC,ILC,8.520566536,0.891616244
GGTGTCGGTTTCACAG-1_1,Sham,NaiveT,T,0.373390345,8.847189982
GGTGTCGTCAAAGACA-1_1,Sham,NKT,T,-5.063232349,-2.536348503
GGTGTTAAGGGTGAGG-1_1,Sham,NK,NK,-6.336424278,-5.390746038
GGTGTTAAGTCTGCGC-1_1,Sham,NaiveT,T,0.012623234,6.627556879
GGTTAACTCGAGTCTA-1_1,Sham,NK,NK,-8.156214165,-6.698069971
GGTTAACTCGCTACGG-1_1,Sham,Cytotoxic,T,-1.540903257,1.352230508
GGTTCTCCAGAAGCTG-1_1,Sham,NaiveT,T,0.036059035,6.708838065
GGTTGTATCAATCCGA-1_1,Sham,Cytotoxic,T,-3.313801931,1.922703345
GTAACACAGCTTAGTC-1_1,Sham,T-Helper,T,0.865967763,-0.22020233
GTAACACAGGGTGGGA-1_1,Sham,NK,NK,-5.431648182,-4.847609918
GTAACACTCCATTGTT-1_1,Sham,NaiveT,T,2.312829329,6.334498961
GTAACACTCGTTCTCG-1_1,Sham,NK,NK,-6.75007336,-6.11666004
GTAACCAGTATGGAAT-1_1,Sham,NK,NK,-7.688935684,-6.582693975
GTAACCAGTGGCAGAT-1_1,Sham,Cytotoxic,T,-4.291961597,1.691442449
GTAACCAGTTATAGCC-1_1,Sham,T-Helper,T,0.482924325,1.661422093
GTAACCATCGCTCTAC-1_1,Sham,NaiveT,T,2.275627686,6.79413708
GTAAGTCAGCGCACAA-1_1,Sham,NK,NK,-7.785724091,-6.823290746
GTAAGTCAGGCATCAG-1_1,Sham,NaiveT,T,-0.070860328,6.819288332
GTAATGCAGTGCAAAT-1_1,Sham,NKT,T,-3.707176851,-3.059742849
GTACAACAGTTGGCTT-1_1,Sham,NaiveT,T,0.981051577,7.038145144
GTACAGTAGACTTCCA-1_1,Sham,T-DN,T,0.898380829,2.861570675
GTACAGTCACGCAGTC-1_1,Sham,Cytotoxic,T,-3.651636766,-1.191395562
GTACAGTGTACAAACA-1_1,Sham,Cytotoxic,T,-1.517380046,0.489539642
GTAGAAATCTGTACAG-1_1,Sham,NKT,T,-3.617544579,-3.398486536
GTAGATCTCCTCTCTT-1_1,Sham,Cytotoxic,T,-4.47070639,0.864338238
GTAGATCTCGATTTCT-1_1,Sham,NKT,T,-4.386661934,-2.294071596
GTAGCTACAAGTATCC-1_1,Sham,NK,NK,-0.760446059,-4.710425298
GTAGGAGCATACAGCT-1_1,Sham,NaiveT,T,-0.485885786,8.121399958
GTAGTACCAACACGAG-1_1,Sham,NaiveT,T,2.198410107,7.341963847
GTATTGGAGTCGCCCA-1_1,Sham,NaiveT,T,0.130621133,8.568384249
GTATTGGTCGCATGAT-1_1,Sham,Cytotoxic,T,-3.483966993,2.161783059
GTATTTCGTGCTTCAA-1_1,Sham,NaiveT,T,0.021082399,6.279552061
GTCAAACTCCATTCGC-1_1,Sham,NKT,T,-5.759015964,-1.665046017
GTCAAGTTCAGCCTTC-1_1,Sham,Cytotoxic,T,-1.570457744,0.608494778
GTCAAGTTCATGCTAG-1_1,Sham,NK,NK,-8.051218437,-7.943710249
GTCAAGTTCATGGCCG-1_1,Sham,Cytotoxic,T,-2.139081644,1.421983082
GTCAAGTTCCTGTAGA-1_1,Sham,NaiveT,T,0.286130478,8.899030764
GTCACGGAGTATGATG-1_1,Sham,ILC,ILC,7.62717588,1.57744034
GTCACGGTCGACACTA-1_1,Sham,Cytotoxic,T,-4.600199627,1.281165321
GTCACGGTCTCGTCAC-1_1,Sham,Cytotoxic,T,0.362689225,-3.581195753
GTCACTCCAACTCGAT-1_1,Sham,TCM,T,0.894085957,5.595313628
GTCAGCGAGTCATGCT-1_1,Sham,NaiveT,T,0.891654087,7.767817099
GTCATCCAGCAGCCTC-1_1,Sham,TCM,T,-1.615569638,5.299522478
GTCATCCCATGCCGGT-1_1,Sham,NaiveT,T,2.133058144,8.131673891
GTCATCCTCCGTAGTA-1_1,Sham,NaiveT,T,1.211561156,6.909650404
GTCATGAAGTGCGTCC-1_1,Sham,T-DN,T,0.681819094,3.079594452
GTCATGATCCTCTAAT-1_1,Sham,NaiveT,T,-1.263965296,7.382986624
GTCCACTCACTCCGAG-1_1,Sham,T-DN,T,-0.002136396,2.596142371
GTCCACTTCCGAAATC-1_1,Sham,NaiveT,T,-0.086329,7.951531489
GTCCTCAAGATTGACA-1_1,Sham,T-DN,T,0.54807405,2.331190903
GTCCTCAGTCGTGGTC-1_1,Sham,ILC,ILC,8.090001179,1.641922433
GTCCTCATCAGTGTTG-1_1,Sham,Cytotoxic,T,-4.525150227,-4.438990991
GTCGAATAGGAATGTT-1_1,Sham,NK,NK,-7.446155952,-6.709700506
GTCGAATCAAACTCGT-1_1,Sham,NK,NK,-6.244051384,-5.818167608
GTCGAATCAAGAGATT-1_1,Sham,T-Helper,T,1.346459223,0.862734277
GTCGAATGTATCGATC-1_1,Sham,NKT,T,-4.36652224,-3.795913141
GTCGCGAAGACTCTTG-1_1,Sham,NaiveT,T,0.476419372,7.196523268
GTCGTAATCCTTATAC-1_1,Sham,NaiveT,T,0.252418345,7.624282439
GTCTACCAGAAGGATG-1_1,Sham,TCM,T,1.262895776,5.213834841
GTCTACCAGGCCTGAA-1_1,Sham,NaiveT,T,-0.067372965,8.005206187
GTCTAGAGTCATAACC-1_1,Sham,Treg,T,3.347265316,1.880827863
GTCTCACCAATCAAGA-1_1,Sham,ILC,ILC,6.19232328,1.726554711
GTCTCACCACTAACCA-1_1,Sham,T-Helper,T,1.364347411,1.898840506
GTCTCACGTCCTCAGG-1_1,Sham,NK,NK,-5.853131222,-5.698614042
GTCTCACTCATGCGGC-1_1,Sham,NK,NK,-2.30581181,-3.107378643
GTCTGTCCAGGATTCT-1_1,Sham,NKT,T,-4.027469086,-2.858822267
GTCTTTAAGCGCCTCA-1_1,Sham,NaiveT,T,0.131696587,7.816104491
GTCTTTAGTCCTGAAT-1_1,Sham,Cytotoxic,T,-2.494412588,1.963228304
GTGACGCTCACCTACC-1_1,Sham,Cytotoxic,T,-1.314208197,5.554311831
GTGAGCCCAGACCGCT-1_1,Sham,Cytotoxic,T,-1.654294657,0.430407424
GTGAGCCCAGTGACCC-1_1,Sham,NKT,T,-4.812851833,-1.136428516
GTGAGGATCTACTGCC-1_1,Sham,NaiveT,T,-0.467135476,7.41147526
GTGAGGATCTCCGTGT-1_1,Sham,Cytotoxic,T,-0.233954804,2.145317156
GTGAGTTCATTCACAG-1_1,Sham,T-Helper,T,2.066619946,3.456303437
GTGAGTTGTAGTTCCA-1_1,Sham,NK,NK,-8.191085266,-5.69775955
GTGATGTAGCCTATCA-1_1,Sham,T-Helper,T,0.639169944,-0.577767055
GTGATGTCAGCTACCG-1_1,Sham,NaiveT,T,2.206488205,5.17940243
GTGATGTTCATTCGGA-1_1,Sham,T-Helper,T,0.97650422,-2.65585367
GTGCACGAGGGTCAAC-1_1,Sham,NK,NK,-9.000945496,-7.883043211
GTGCAGCCAAGCACCC-1_1,Sham,Cytotoxic,T,-4.724561142,1.877164204
GTGCTGGAGAAGGGAT-1_1,Sham,T-Helper,T,2.321466518,3.424020369
GTGCTGGCAGGTATGG-1_1,Sham,NaiveT,T,0.874143494,7.420538027
GTGCTGGTCTATCGCC-1_1,Sham,T-DN,T,0.147629328,2.374651034
GTGCTTCGTACGAAAT-1_1,Sham,ILC,ILC,6.73318298,1.270061095
GTGCTTCGTCGAGTTT-1_1,Sham,Cytotoxic,T,-2.849812435,1.189940531
GTGGAAGTCAGCCCAG-1_1,Sham,NaiveT,T,-0.972442078,7.866950114
GTGGCGTTCAGGTAAA-1_1,Sham,NK,NK,-7.47704451,-6.638182085
GTGGGAAAGCACTGGA-1_1,Sham,NaiveT,T,0.851789309,6.741660197
GTGGGAAGTGTCTTGA-1_1,Sham,NKT,T,-3.838946747,-3.207510154
GTGGTTACACCCTATC-1_1,Sham,NaiveT,T,0.903446508,5.988393385
GTGTAACAGTGGAATT-1_1,Sham,Cytotoxic,T,-3.876737522,2.704773028
GTGTAACCAACTGATC-1_1,Sham,Cytotoxic,T,-2.483151602,-0.393594008
GTGTAACGTGTCACAT-1_1,Sham,NaiveT,T,-1.894152092,6.81999882
GTGTAACTCCCATACC-1_1,Sham,ILC,ILC,6.504830433,2.018367607
GTGTCCTAGAAAGCGA-1_1,Sham,NaiveT,T,-1.666745471,6.715159972
GTGTCCTAGCCTGAGA-1_1,Sham,NK,NK,-7.164727615,-7.42541353
GTGTCCTAGTGGCCTC-1_1,Sham,Treg,T,2.92931111,4.313242991
GTGTCCTCATCTATCT-1_1,Sham,NK,NK,-8.277440475,-7.497879903
GTGTCCTTCAACACCA-1_1,Sham,ILC,ILC,7.610688282,1.226105649
GTGTGATAGGAGCTGT-1_1,Sham,gdT,T,7.938915802,-5.769637029
GTGTGATCAACTGGTT-1_1,Sham,NaiveT,T,-0.879497813,6.270415862
GTGTGGCGTACATACC-1_1,Sham,T-DN,T,-4.212789463,-2.365881126
GTGTTAGAGTAGGGTC-1_1,Sham,NaiveT,T,0.283817386,7.066529353
GTGTTAGTCATCTATC-1_1,Sham,NaiveT,T,0.368606148,6.58191355
GTGTTCCAGCATGAAT-1_1,Sham,Cytotoxic,T,-0.93186562,-0.036473412
GTGTTCCAGGGTGAAA-1_1,Sham,NKT,T,-4.55660479,-3.192632835
GTGTTCCCAATCGTCA-1_1,Sham,NKT,T,-4.302148746,-3.373853128
GTGTTCCCATAATGCC-1_1,Sham,Cytotoxic,T,-4.30660622,1.358099778
GTGTTCCGTCTTACTT-1_1,Sham,Cytotoxic,T,-2.156580852,1.554771502
GTGTTCCTCCCGTGTT-1_1,Sham,Cytotoxic,T,-4.304876255,1.464589436
GTTACAGGTGCCTGAC-1_1,Sham,NaiveT,T,2.200905872,7.41896971
GTTACAGGTGGTAATA-1_1,Sham,NaiveT,T,2.197229219,8.518697817
GTTACCCTCATAGAGA-1_1,Sham,Cytotoxic,T,-3.661195444,1.231810291
GTTAGTGAGAGCCCAA-1_1,Sham,gdT,T,8.132001472,-5.915517252
GTTAGTGAGAGTGTGC-1_1,Sham,NK,NK,-5.149129318,-5.21219341
GTTAGTGGTGTCTAAC-1_1,Sham,Cytotoxic,T,-2.490690397,-0.022617031
GTTATGGAGAGGTTTA-1_1,Sham,T-Helper,T,0.086269205,0.94427367
GTTCATTAGCGATGCA-1_1,Sham,NaiveT,T,0.289518325,8.177530367
GTTCATTAGTCATGGG-1_1,Sham,Cytotoxic,T,-3.593644546,2.467449267
GTTCATTCACTGTCGG-1_1,Sham,NaiveT,T,1.49220152,7.66130646
GTTCCGTAGCATGCGA-1_1,Sham,NK,NK,-7.683684753,-6.744840067
GTTCTATCAGACCTGC-1_1,Sham,NaiveT,T,1.306912256,7.176687796
GTTGAACAGTCTAGCT-1_1,Sham,gdT,T,8.310845924,-4.040573995
GTTGAACCACCAGACC-1_1,Sham,NaiveT,T,-1.132058667,8.228205759
GTTGAACGTATCGTAC-1_1,Sham,TCM,T,-2.237033056,5.017449458
GTTGCGGAGGTATTGA-1_1,Sham,NaiveT,T,1.87919159,6.493493636
GTTGCGGCATTCCTAT-1_1,Sham,NaiveT,T,-0.327211218,7.037236292
GTTGTAGCAAGCTCTA-1_1,Sham,NaiveT,T,-0.036756368,7.617942889
GTTGTCCTCTCATTGT-1_1,Sham,NK,NK,-6.594947266,-6.374633234
GTTGTGAAGTGGTTGG-1_1,Sham,ILC,ILC,7.067532612,1.184093077
GTTGTGATCATTGTTC-1_1,Sham,NK,NK,-5.796711372,-6.649662416
GTTTACTAGCTTTCCC-1_1,Sham,NK,NK,-7.037630962,-6.517708223
GTTTACTAGTCTAGCT-1_1,Sham,ILC,ILC,8.101660324,1.10741039
GTTTGGAAGTGCAGGT-1_1,Sham,T-Helper,T,1.691887809,0.668240089
GTTTGGAGTTAAGACA-1_1,Sham,ILC,ILC,5.99010284,1.934473355
GTTTGGATCCCTCTTT-1_1,Sham,TCM,T,-1.704875874,5.312324603
GTTTGGATCGCGCCAA-1_1,Sham,NK,NK,-7.599030899,-6.29973356
TAACCAGCAATCTAGC-1_1,Sham,T-DN,T,1.74998088,3.253728945
TAACGACCACCCATAA-1_1,Sham,NK,NK,-8.345656799,-6.528431337
TAACGACGTAGCGCTC-1_1,Sham,T-Helper,T,1.843984557,1.645573099
TAACTTCCAGGAGGTT-1_1,Sham,NaiveT,T,0.147652943,7.570506174
TAAGCACAGCTACTAC-1_1,Sham,NaiveT,T,0.513883872,8.585221369
TAAGCGTCAATCGAAA-1_1,Sham,NKT,T,-5.543422626,-1.583491008
TAAGCGTCACCGCTGA-1_1,Sham,NK,NK,-5.899688648,-4.749856393
TAAGTCGAGAGCAGTC-1_1,Sham,Cytotoxic,T,-2.630715298,0.489219744
TAAGTCGAGGTCCTGC-1_1,Sham,NaiveT,T,-1.521859573,7.419609148
TAAGTCGGTGTGGACA-1_1,Sham,NaiveT,T,-1.341212558,7.991953928
TAAGTCGTCATACGGT-1_1,Sham,T-DN,T,0.504181666,1.996541817
TAATCTCAGTACCGGA-1_1,Sham,ILC,ILC,8.846549583,1.630963046
TAATCTCTCTGATGGT-1_1,Sham,Cytotoxic,T,-3.756060289,2.09102257
TAATTCCAGAGTGTTA-1_1,Sham,Cytotoxic,T,-1.354735779,-0.42273743
TACAACGGTAGATTGA-1_1,Sham,T-Helper,T,2.4291919,2.343420107
TACACCCAGGTATTGA-1_1,Sham,NK,NK,-4.915791916,-6.1548752
TACAGGTAGGTACCTT-1_1,Sham,ILC,ILC,7.572790695,1.445149023
TACAGGTTCTGTAAGC-1_1,Sham,TCM,T,-2.318403648,4.621823389
TACATTCTCAAACGTC-1_1,Sham,Cytotoxic,T,-5.367162632,0.257549007
TACCCACAGTTGTCGT-1_1,Sham,NK,NK,-8.235747742,-6.785304945
TACCCACCATACGCAT-1_1,Sham,gdT,T,9.617458893,-4.533007066
TACCCGTTCACTCGAA-1_1,Sham,Cytotoxic,T,-4.472997116,2.260442097
TACCGAATCAAGTGTC-1_1,Sham,Cytotoxic,T,-4.044610905,1.833308895
TACCGGGAGATTTGCC-1_1,Sham,ILC,ILC,8.375269485,1.497956831
TACCGGGAGTGCAAAT-1_1,Sham,Cytotoxic,T,-9.245955872,-6.925886076
TACCGGGCATCGCCTT-1_1,Sham,NK,NK,-6.231100964,-7.366280954
TACCGGGCATGAGAAT-1_1,Sham,ILC,ILC,7.024591995,1.775265415
TACCTCGAGGGCAGGA-1_1,Sham,NaiveT,T,0.172510866,5.78556021
TACCTCGGTAGCTTAC-1_1,Sham,NaiveT,T,-0.907081055,7.002947409
TACCTGCCAGGTAGTG-1_1,Sham,NKT,T,-3.638765501,-3.359181326
TACCTGCGTACAATAG-1_1,Sham,NaiveT,T,-1.801924633,6.814445097
TACCTGCGTGGAACAC-1_1,Sham,T-Helper,T,2.576575113,3.520671208
TACCTGCGTTCGTTCC-1_1,Sham,Cytotoxic,T,-1.611596154,1.129402835
TACGCTCAGTGTGTTC-1_1,Sham,Cytotoxic,T,-2.468801187,0.369699944
TACGCTCTCTAAGGAA-1_1,Sham,T-Helper,T,1.399642302,0.940741737
TACGGGCGTGATTCAC-1_1,Sham,NK,NK,-6.847170757,-7.597562711
TACGGGCTCGCTGATA-1_1,Sham,NaiveT,T,-0.088374274,7.200639326
TACGGGCTCTAACACG-1_1,Sham,NaiveT,T,0.51066242,6.481790621
TACGGTACACGTTCGG-1_1,Sham,Cytotoxic,T,-1.603890466,-0.101351084
TACGGTACAGTCCCGA-1_1,Sham,T-DN,T,0.040589629,2.667686303
TACGTCCCAATAGTGA-1_1,Sham,NaiveT,T,1.301913572,7.038307745
TACGTCCGTCTGTTAG-1_1,Sham,T-Helper,T,0.536467535,-0.957203488
TACGTCCGTGCTTATG-1_1,Sham,NaiveT,T,1.730071736,8.81803139
TACGTCCTCAGCAGAG-1_1,Sham,NaiveT,T,-1.180590438,5.757425387
TACTTACAGACTGGGT-1_1,Sham,Treg,T,2.681422783,3.634456236
TACTTACAGTAGCAAT-1_1,Sham,NKT,T,-4.96378653,-2.218808811
TACTTCAAGCACTAAA-1_1,Sham,Cytotoxic,T,-3.459525513,-0.086744914
TACTTCACACGAGGAT-1_1,Sham,NKT,T,-4.715874599,-2.034315746
TACTTCAGTATCAGCT-1_1,Sham,ILC,ILC,8.205730034,1.77432235
TACTTCATCAAACCTG-1_1,Sham,NaiveT,T,1.848395539,3.941384871
TACTTGTAGGTGCAGT-1_1,Sham,NK,NK,-5.635348248,-4.839375894
TACTTGTGTTAAGTCC-1_1,Sham,NK,NK,-8.034637856,-8.197772901
TAGACCAAGCGGTAGT-1_1,Sham,Cytotoxic,T,-3.527961658,2.095509608
TAGACCATCGACGATT-1_1,Sham,gdT,T,7.668900085,-5.071753423
TAGACTGAGCATTTGC-1_1,Sham,NaiveT,T,-0.406111168,7.868712027
TAGACTGCAAGAGTGC-1_1,Sham,NaiveT,T,0.054231768,7.939432223
TAGACTGCATGATAGA-1_1,Sham,NaiveT,T,0.710228218,7.3145171
TAGAGTCAGATTGACA-1_1,Sham,NKT,T,-4.745598721,-1.454309981
TAGAGTCGTCTAGGTT-1_1,Sham,Cytotoxic,T,-2.801275181,1.477114518
TAGAGTCTCCAAAGGG-1_1,Sham,TCM,T,-1.455644416,5.248903353
TAGATCGGTCCGCAGT-1_1,Sham,NaiveT,T,2.282788826,4.937726099
TAGCACAAGACAAGCC-1_1,Sham,Cytotoxic,T,-2.456914829,1.573528488
TAGGAGGCAACCGCCA-1_1,Sham,NaiveT,T,-1.039102601,7.122256834
TAGGAGGGTTGACGGA-1_1,Sham,NaiveT,T,-1.618767547,6.40410002
TAGGGTTTCTCGTGAA-1_1,Sham,Cytotoxic,T,0.245178504,-3.797364395
TAGGTACAGCATCAAA-1_1,Sham,NaiveT,T,1.96850629,7.074300368
TAGGTACAGGAGAGTA-1_1,Sham,NaiveT,T,0.507492108,8.579095919
TAGGTTGAGTATTAGG-1_1,Sham,NK,NK,-8.457975792,-6.741977136
TAGTGCATCCGATGTA-1_1,Sham,NK,NK,-7.6286525,-5.727525156
TATATCCGTTCGATTG-1_1,Sham,NK,NK,-8.172766136,-6.14764921
TATCAGGAGGATGGCT-1_1,Sham,NKT,T,-5.381540703,-3.096425693
TATCAGGAGTCTAGCT-1_1,Sham,ILC,ILC,8.835190369,2.05926903
TATCGCCAGAACCCGA-1_1,Sham,ILC,ILC,8.887699677,2.117944319
TATCGCCAGCAGGCTA-1_1,Sham,NKT,T,-5.083202766,-2.507325094
TATCGCCGTCGAACAG-1_1,Sham,T-DN,T,0.090375667,2.212033827
TATCTGTAGGCTAACG-1_1,Sham,NK,NK,-6.320933746,-7.372772615
TATCTGTTCTGCGGAC-1_1,Sham,T-DN,T,0.264946705,2.576229412
TATCTTGTCGGTAACT-1_1,Sham,NaiveT,T,-0.553272354,5.659314711
TATGTTCAGCATATGA-1_1,Sham,NK,NK,-7.726179527,-6.786796968
TATGTTCAGGCTTAAA-1_1,Sham,NaiveT,T,0.644357217,6.80976351
TATTCCAGTTTCCCAC-1_1,Sham,Cytotoxic,T,-4.225885319,0.002894994
TATTGCTAGCTAGTTC-1_1,Sham,NK,NK,-8.539270805,-7.631827753
TATTGCTCAGCTTCGG-1_1,Sham,NK,NK,-8.699044632,-5.950583856
TATTGCTTCGACCTAA-1_1,Sham,T-Helper,T,1.011804713,1.589992006
TATTGGGAGGTCACAG-1_1,Sham,T-DN,T,-0.113719272,2.059939463
TATTGGGCAGCACCCA-1_1,Sham,NaiveT,T,-0.014361473,8.777361948
TATTGGGGTGGACTAG-1_1,Sham,T-Helper,T,2.162648393,2.33024462
TATTGGGGTTGGGAAC-1_1,Sham,T-Helper,T,0.62210588,0.959470351
TATTGGGTCATGGTAC-1_1,Sham,NK,NK,-4.943136143,-5.248664777
TATTTCGAGGGAGGGT-1_1,Sham,Cytotoxic,T,0.323095141,-2.111321132
TATTTCGCATCCCGTT-1_1,Sham,NaiveT,T,1.725920034,7.692411024
TCAAGACAGCACTGGA-1_1,Sham,NKT,T,-4.096538471,-1.919105094
TCAAGACAGCTCGTGC-1_1,Sham,Cytotoxic,T,-5.448794769,0.233544518
TCAAGACGTTAGTTCG-1_1,Sham,Cytotoxic,T,-3.743117498,-0.846600692
TCAAGACTCAGATTGC-1_1,Sham,Cytotoxic,T,-3.944401669,-0.32723106
TCAAGACTCATGCCAA-1_1,Sham,Cytotoxic,T,-1.017285513,2.161982615
TCAAGTGAGAGCCCAA-1_1,Sham,NK,NK,-8.161717819,-7.975444238
TCAAGTGCACCTGCTT-1_1,Sham,T-Helper,T,1.370688272,0.74433871
TCAAGTGCACTGCGTG-1_1,Sham,NaiveT,T,-0.784737514,7.285926421
TCAATCTAGTCCCGGT-1_1,Sham,NaiveT,T,2.275046898,8.245436747
TCAATCTCAGTTGCGC-1_1,Sham,NK,NK,-8.716227936,-6.872729223
TCAATTCGTTCGAACT-1_1,Sham,Cytotoxic,T,-3.880557941,0.349009145
TCACAAGTCCCATACC-1_1,Sham,NK,NK,-7.498447346,-6.433676164
TCACACCAGCAGTAAT-1_1,Sham,T-Helper,T,0.876082076,0.614889998
TCACACCGTCGCTTGG-1_1,Sham,NK,NK,-5.938853668,-4.921534937
TCACATTAGTTGAAAC-1_1,Sham,NaiveT,T,-0.370699393,6.530029375
TCACATTCAAACACCT-1_1,Sham,NK,NK,-6.729021954,-5.464078825
TCACATTGTGAGTTTC-1_1,Sham,NK,NK,-7.584881233,-7.149332445
TCACGCTCAAACCACT-1_1,Sham,gdT,T,9.219237877,-4.491732519
TCACGCTGTCCGATCG-1_1,Sham,NaiveT,T,1.038404001,7.933743555
TCACGCTTCGCATTGA-1_1,Sham,Cytotoxic,T,-3.289670872,1.092555959
TCACGCTTCTTGGTCC-1_1,Sham,NK,NK,-7.490671085,-6.753494661
TCACTATAGCATGATA-1_1,Sham,NaiveT,T,2.879738642,7.774638255
TCACTATAGGTTAGTA-1_1,Sham,NK,NK,-5.967781948,-4.520629327
TCACTATCACCAACAT-1_1,Sham,T-Helper,T,2.221688105,2.402965624
TCACTATCATCCTTCG-1_1,Sham,Cytotoxic,T,-2.015198397,0.951364357
TCACTATGTAACATAG-1_1,Sham,NK,NK,-5.808479237,-6.682659071
TCAGCAAGTAGATTGA-1_1,Sham,NK,NK,-8.543568062,-6.170742433
TCAGCCTGTATTGCCA-1_1,Sham,NK,NK,-4.870216774,-4.287373464
TCAGCCTGTTAGGACG-1_1,Sham,TCM,T,-1.526519345,4.957840998
TCAGGGCAGGTTCTAC-1_1,Sham,NaiveT,T,-0.833044516,5.872753699
TCAGGGCCAATGGCCC-1_1,Sham,NaiveT,T,0.977732075,8.183551867
TCAGGGCCACTCGATA-1_1,Sham,NK,NK,-6.753666328,-6.723734777
TCAGGTAAGATGTTAG-1_1,Sham,NaiveT,T,2.350945068,6.289206107
TCAGTCCTCGTGCAGC-1_1,Sham,NaiveT,T,0.906653536,8.276073534
TCAGTGAGTTCTCTCG-1_1,Sham,NK,NK,-7.448935436,-6.19496433
TCAGTGATCTTCGTGC-1_1,Sham,NKT,T,-5.778297829,-1.724592726
TCAGTTTAGGATGTTA-1_1,Sham,NK,NK,-8.005778717,-7.821580331
TCATACTAGTCAGCCC-1_1,Sham,NK,NK,-6.453628468,-5.667652528
TCATATCGTACGACTT-1_1,Sham,NK,NK,-5.559100079,-4.915652197
TCATATCGTTGAGTCT-1_1,Sham,ILC,ILC,8.099570347,1.652122576
TCATCCGAGTACGAGC-1_1,Sham,NaiveT,T,2.923936201,7.432039339
TCATCCGCAACACACT-1_1,Sham,ILC,ILC,9.150570465,2.690573532
TCATCCGCATACTGTG-1_1,Sham,NaiveT,T,1.063430441,8.478075106
TCATCCGGTTGAATCC-1_1,Sham,NK,NK,-8.760658668,-6.695996206
TCATCCGTCTCTTAAC-1_1,Sham,T-Helper,T,2.393976284,2.747326453
TCATGAGAGGTAAACT-1_1,Sham,T-DN,T,0.347947193,2.737327654
TCATGAGAGGTTGTTC-1_1,Sham,NaiveT,T,2.119375182,8.703246195
TCATGAGAGTGGTTGG-1_1,Sham,NaiveT,T,-2.063409971,6.304257471
TCATGAGCAAAGGCAC-1_1,Sham,NK,NK,-6.324184822,-6.61062948
TCATGAGCAAGTTCGT-1_1,Sham,NK,NK,-5.425122665,-4.616058271
TCATGAGGTACTCGCG-1_1,Sham,NaiveT,T,0.768602384,7.842321951
TCATGGATCCTAAACG-1_1,Sham,NKT,T,-4.480024265,-3.131718319
TCATGGATCTCATTAC-1_1,Sham,NaiveT,T,1.165777279,7.940281947
TCATGTTTCTTCTCAA-1_1,Sham,NaiveT,T,2.071339084,6.09732445
TCATTACGTCCACACG-1_1,Sham,NK,NK,-8.060155319,-7.385151785
TCATTACTCGCTCTAC-1_1,Sham,NKT,T,-5.385124134,-1.973785441
TCATTCAAGAGTTGTA-1_1,Sham,NK,NK,-6.90946524,-5.618795316
TCATTCAAGTTAGTGA-1_1,Sham,NaiveT,T,2.551632954,8.214519579
TCATTGTCATCATTTC-1_1,Sham,Cytotoxic,T,-1.249450611,1.985065062
TCATTTGCAGATACTC-1_1,Sham,Cytotoxic,T,-2.713328527,2.050679524
TCATTTGGTTCTAAGC-1_1,Sham,Treg,T,3.381258322,2.46266659
TCCACCAGTCCTCATC-1_1,Sham,T-Helper,T,2.340452982,3.21528085
TCCACGTAGTGTAGAT-1_1,Sham,NaiveT,T,-0.512970494,8.29027756
TCCACGTCATGATGCT-1_1,Sham,Cytotoxic,T,-4.09515469,2.955937703
TCCACGTCATGGGCAA-1_1,Sham,NKT,T,-3.660829472,-3.268099468
TCCAGAACAGGCAATG-1_1,Sham,NKT,T,-5.299753593,-1.695746582
TCCATCGCATACATCG-1_1,Sham,NaiveT,T,0.393808855,8.592117388
TCCATGCCAAGCCTGC-1_1,Sham,NaiveT,T,0.800198926,7.35331114
TCCATGCTCGTGGCGT-1_1,Sham,Cytotoxic,T,-1.241577076,0.252497215
TCCCACAAGGATCATA-1_1,Sham,NK,NK,-6.692910599,-6.757970731
TCCCACACAGTAACGG-1_1,Sham,NaiveT,T,2.691457821,8.115257342
TCCCACACATTGACCA-1_1,Sham,NaiveT,T,2.536549641,6.480750639
TCCCACAGTTAACAGA-1_1,Sham,NK,NK,-7.219281601,-7.185034196
TCCCACATCTGACAGT-1_1,Sham,NaiveT,T,-1.980655598,5.837459166
TCCCAGTAGGTCGAGT-1_1,Sham,gdT,T,2.683432413,0.379583974
TCCCAGTTCCCGTTGT-1_1,Sham,NaiveT,T,1.769084526,6.537719805
TCCCATGAGCCTCAGC-1_1,Sham,ILC,ILC,8.261770798,1.202952583
TCCCATGCACAAACGG-1_1,Sham,Other,Other,5.311300827,6.770423491
TCCCATGGTCGGTAAG-1_1,Sham,T-Helper,T,0.889634801,-3.317571561
TCCCATGGTGCGAGTA-1_1,Sham,NK,NK,-8.291081833,-7.63811342
TCCGAAACAAGTCCCG-1_1,Sham,NaiveT,T,2.229118181,6.574534972
TCCGAAATCCAGTTCC-1_1,Sham,Treg,T,3.343046976,1.059480626
TCCGAAATCTCGAGTA-1_1,Sham,Cytotoxic,T,-4.566277908,2.123813469
TCCGGGAAGATTCGCT-1_1,Sham,NaiveT,T,0.928885652,8.006672938
TCCGGGACAAGATGTA-1_1,Sham,NKT,T,-4.265622543,-2.518706958
TCCGGGACAATAACCC-1_1,Sham,NaiveT,T,2.908193899,7.046784003
TCCGGGAGTAAGATCA-1_1,Sham,NaiveT,T,0.151875862,7.683953841
TCCGGGATCTTCGTAT-1_1,Sham,ILC,ILC,7.111732079,1.683864076
TCCGTGTTCACACCGG-1_1,Sham,NaiveT,T,2.063446117,6.013442118
TCCTAATAGTAGCCAG-1_1,Sham,NK,NK,-8.988315987,-6.506538313
TCCTAATAGTTGGGAC-1_1,Sham,NaiveT,T,1.397444082,9.107097704
TCCTAATCAACGATCT-1_1,Sham,NKT,T,-5.110100197,-3.118419807
TCCTAATGTCACTTCC-1_1,Sham,NaiveT,T,2.802446676,6.337690432
TCCTCGAGTGGAAATT-1_1,Sham,NaiveT,T,1.362749768,7.260662157
TCCTCTTTCATGAGAA-1_1,Sham,T-Helper,T,2.051990343,2.38762172
TCCTCTTTCGCATTGA-1_1,Sham,Cytotoxic,T,-2.227679419,1.703697402
TCCTTCTAGGGTCACA-1_1,Sham,ILC,ILC,7.186153484,1.99341758
TCCTTCTTCGATTGAC-1_1,Sham,ILC,ILC,7.537904812,1.553183634
TCCTTTCGTACCGTGC-1_1,Sham,Cytotoxic,T,-4.033512043,0.857527335
TCGAACACAAATGGAT-1_1,Sham,Cytotoxic,T,-3.498762773,3.459384997
TCGAAGTCAGGTTTAC-1_1,Sham,NaiveT,T,-0.884958672,6.142414648
TCGAAGTTCCTATTGT-1_1,Sham,NKT,T,-4.061405109,-2.288135927
TCGAAGTTCCTTGACC-1_1,Sham,NaiveT,T,1.073630823,7.985808451
TCGACCTAGAGTCAGC-1_1,Sham,gdT,T,10.10433729,-5.005106847
TCGACCTTCCCGAACG-1_1,Sham,NK,NK,-7.577290462,-6.977946203
TCGACGGAGACACACG-1_1,Sham,NaiveT,T,1.203275753,6.176641543
TCGACGGAGCTTCATG-1_1,Sham,NK,NK,-8.984095978,-7.836512964
TCGACGGTCTGGGCGT-1_1,Sham,Cytotoxic,T,-4.000295567,0.681113679
TCGATTTCAGCTACCG-1_1,Sham,NKT,T,-3.606577324,-3.333821457
TCGATTTGTAGGAAAG-1_1,Sham,NK,NK,-7.813366817,-6.724279325
TCGATTTTCGAGCACC-1_1,Sham,Cytotoxic,T,-0.991637873,0.16013496
TCGCACTAGTCAGAGC-1_1,Sham,NaiveT,T,2.759240938,7.24487694
TCGCACTCAGCCTACG-1_1,Sham,T-Helper,T,2.368584944,4.056169588
TCGCAGGCAAAGGCTG-1_1,Sham,NKT,T,-6.123508858,-3.476466577
TCGCAGGCATAAGCAA-1_1,Sham,NKT,T,-4.244844841,-2.483920257
TCGCAGGTCCCTCTAG-1_1,Sham,NaiveT,T,2.361567331,7.918315966
TCGCTTGAGGCACGAT-1_1,Sham,NKT,T,-3.831707643,-3.25723974
TCGCTTGCAACTCATG-1_1,Sham,NaiveT,T,-0.602329122,7.566097815
TCGCTTGCAGCGATTT-1_1,Sham,ILC,ILC,9.329542709,2.458019097
TCGCTTGGTATGATCC-1_1,Sham,TCM,T,0.124530012,4.911482413
TCGCTTGGTCCAGCAC-1_1,Sham,NaiveT,T,-1.177073049,6.078600962
TCGGATAGTATTGACC-1_1,Sham,NK,NK,-6.465795444,-7.000510614
TCGGGACTCCCAACTC-1_1,Sham,Cytotoxic,T,-4.261423515,-0.048100061
TCGGGCACACGCTGCA-1_1,Sham,NK,NK,-8.851404594,-6.026023786
TCGGGCAGTATCGCTA-1_1,Sham,NK,NK,-6.912451195,-7.484476011
TCGGGCAGTCCTCCTA-1_1,Sham,NK,NK,-9.071212219,-8.067907255
TCGGGTGGTGGTCTTA-1_1,Sham,Cytotoxic,T,0.198661594,-3.377767484
TCGGGTGTCCTTTGAT-1_1,Sham,NaiveT,T,-0.970426368,6.596291621
TCGGTCTAGCGTACAG-1_1,Sham,NaiveT,T,0.36915834,9.05716141
TCGGTCTAGGGACTGT-1_1,Sham,T-Helper,T,-1.124478387,-0.28736953
TCGGTCTGTCAGGTGA-1_1,Sham,Cytotoxic,T,-3.736154961,1.664040048
TCGGTCTTCTTCTGGC-1_1,Sham,NKT,T,-4.461142944,-2.3524913
TCGTAGATCTGGGCAC-1_1,Sham,NK,NK,-8.291498589,-7.198298853
TCGTGCTCAGTCGGAA-1_1,Sham,NaiveT,T,-0.731918501,8.047623713
TCGTGGGTCCGCACGA-1_1,Sham,NK,NK,-7.9869179,-7.966165941
TCTACATAGTGGTTAA-1_1,Sham,NKT,T,-5.303018974,-1.430650394
TCTACATTCCCTCGTA-1_1,Sham,T-DN,T,-0.012285875,2.60586818
TCTACATTCTGGGCCA-1_1,Sham,NaiveT,T,2.294902636,6.316620428
TCTACATTCTTTCCAA-1_1,Sham,NaiveT,T,2.436021877,6.574772913
TCTACCGAGACTACCT-1_1,Sham,NKT,T,-3.710187363,-2.4756159
TCTATACCAGATTCGT-1_1,Sham,Cytotoxic,T,-2.383468317,0.866804261
TCTATCAAGACTAGAT-1_1,Sham,ILC,ILC,7.739228321,1.527962882
TCTATCAAGAGATTCA-1_1,Sham,T-Helper,T,1.533341838,0.545436163
TCTCACGCAACGGGTA-1_1,Sham,TCM,T,0.996209813,5.88987406
TCTCACGCACCAGGTC-1_1,Sham,NK,NK,-8.761507439,-5.873516958
TCTCACGCACGTGTGC-1_1,Sham,NaiveT,T,-0.189771699,7.923708041
TCTCAGCAGCCAACCC-1_1,Sham,Cytotoxic,T,-4.180675911,2.126779635
TCTCCGAAGACCAGCA-1_1,Sham,NK,NK,-7.160156654,-6.685870092
TCTCCGAAGCTCTTCC-1_1,Sham,TCM,T,-2.050288843,5.419372637
TCTCCGACATAGTCAC-1_1,Sham,T-Helper,T,1.092342866,-3.34670965
TCTCCGAGTAATTGGA-1_1,Sham,Cytotoxic,T,-3.511745142,1.956467945
TCTCCGAGTCCTGAAT-1_1,Sham,T-DN,T,0.030314607,1.892147024
TCTCCGAGTTGTCCCT-1_1,Sham,NKT,T,-4.914558338,-1.265335362
TCTCTGGAGAGAATCT-1_1,Sham,NK,NK,-6.210684227,-7.33732168
TCTGCCAGTCATATGC-1_1,Sham,NaiveT,T,2.938972546,6.66361912
TCTGCCAGTCGAGATG-1_1,Sham,NKT,T,-3.579719709,-3.542767208
TCTGCCATCAGCCCAG-1_1,Sham,NaiveT,T,1.690565539,6.84617861
TCTTAGTAGATGACCG-1_1,Sham,NaiveT,T,-1.900029587,5.829095919
TCTTAGTAGATGCCGA-1_1,Sham,NK,NK,-9.009463715,-7.733684938
TCTTAGTAGTGAGTGC-1_1,Sham,NKT,T,-4.248665737,-3.060446184
TCTTAGTTCTTACCGC-1_1,Sham,NaiveT,T,2.462944103,7.161617358
TCTTCCTCACTGCGAC-1_1,Sham,NK,NK,-6.828167366,-5.881506841
TCTTCCTTCCTTACCG-1_1,Sham,NKT,T,-6.052938866,-2.300818842
TCTTGCGAGCATGCGA-1_1,Sham,NK,NK,-5.722408699,-6.5491728
TCTTGCGCACTACGGC-1_1,Sham,T-Helper,T,2.430093123,3.74186166
TCTTTGAGTCTTCCGT-1_1,Sham,NK,NK,-6.759688782,-6.926885526
TGAATCGCATGGGCAA-1_1,Sham,NaiveT,T,-1.901253389,6.493594725
TGAATGCGTATGACAA-1_1,Sham,NK,NK,-6.918173717,-5.460488718
TGAATGCTCACCTCTG-1_1,Sham,NKT,T,-3.934548782,-2.330519121
TGACAGTGTCGCGTCA-1_1,Sham,gdT,T,8.476000381,-5.130310457
TGACCCTAGTTCATGC-1_1,Sham,NKT,T,-4.420393871,-3.116664093
TGACCCTCAGAGGTTG-1_1,Sham,NK,NK,-7.332899975,-4.900649469
TGACCCTTCCCGTTGT-1_1,Sham,NK,NK,-8.426988052,-7.348877828
TGACGCGCACGCTTAA-1_1,Sham,NKT,T,-4.397566246,-3.217374723
TGACGCGTCACGAACT-1_1,Sham,NKT,T,-6.074454235,-2.161684911
TGACGCGTCATAGACC-1_1,Sham,gdT,T,7.941031528,-5.554397981
TGACTCCAGGCCGCTT-1_1,Sham,NaiveT,T,1.994887782,6.436650832
TGACTCCGTATCACGT-1_1,Sham,TCM,T,-2.029418873,5.149334509
TGACTCCTCTGGGCGT-1_1,Sham,gdT,T,8.842282845,-6.167517107
TGAGACTAGACTACCT-1_1,Sham,NaiveT,T,1.49344833,6.581588347
TGAGACTCAGGCACAA-1_1,Sham,NaiveT,T,-0.236511754,6.295191367
TGAGACTCATAATGAG-1_1,Sham,ILC,ILC,7.561717583,1.063580234
TGAGACTGTTGTCAGT-1_1,Sham,NaiveT,T,-0.857940363,8.420463641
TGAGACTTCCCACAGG-1_1,Sham,NaiveT,T,2.587306572,6.543608267
TGAGCATAGTCTAGCT-1_1,Sham,NK,NK,-8.794951843,-6.429183881
TGAGCGCCACGGCCAT-1_1,Sham,Cytotoxic,T,-4.055960106,1.665781815
TGAGCGCTCAAAGGTA-1_1,Sham,NKT,T,-3.682477879,-3.624890964
TGAGGGACACGTCGGT-1_1,Sham,gdT,T,7.213225914,-5.252482336
TGAGGGAGTAACAAGT-1_1,Sham,NaiveT,T,-1.346497582,7.92043503
TGAGGTTGTATACCCA-1_1,Sham,NaiveT,T,1.493709994,7.261334975
TGAGGTTGTGCATGTT-1_1,Sham,Other,Other,5.18941362,6.676873763
TGAGGTTTCGACGATT-1_1,Sham,Cytotoxic,T,-4.529309677,1.744964321
TGAGTCAAGTCCCAGC-1_1,Sham,NaiveT,T,2.43806727,7.607866366
TGAGTCATCAGCGGAA-1_1,Sham,NK,NK,-7.001596855,-5.532064836
TGAGTCATCTTGAGCA-1_1,Sham,Cytotoxic,T,-1.103458332,5.888167937
TGATCAGCAGGACATG-1_1,Sham,NaiveT,T,-1.799626039,6.860518534
TGATCTTAGTGGAAAG-1_1,Sham,NaiveT,T,0.844028009,7.639200289
TGATCTTGTGGAATGC-1_1,Sham,ILC,ILC,8.80468042,1.596161206
TGATGGTCACTAGAGG-1_1,Sham,NaiveT,T,-0.653079199,7.097090323
TGATTCTCAGTGACCC-1_1,Sham,gdT,T,9.611729218,-4.290884893
TGATTCTCATATGGCT-1_1,Sham,NaiveT,T,1.74980147,7.636464674
TGATTTCAGGGCCAAT-1_1,Sham,Cytotoxic,T,-3.447646307,0.131670554
TGCACGGCAGCTATAC-1_1,Sham,NaiveT,T,2.165016962,7.894334395
TGCACGGCATCTCGTC-1_1,Sham,NK,NK,-8.867616104,-7.810584467
TGCACGGTCTATCGGA-1_1,Sham,NK,NK,-8.055976318,-6.228330534
TGCAGATGTAGGTGCA-1_1,Sham,NaiveT,T,-0.296095448,6.012438853
TGCAGATGTGAGACCA-1_1,Sham,T-Helper,T,0.679560257,1.109257538
TGCAGATGTGCCCAGT-1_1,Sham,NaiveT,T,2.185758186,6.391457159
TGCAGATTCCACACAA-1_1,Sham,NaiveT,T,1.933137132,6.095532496
TGCAGGCCACGACGCT-1_1,Sham,Cytotoxic,T,-4.280538486,1.527524192
TGCAGGCGTACGTTCA-1_1,Sham,NaiveT,T,0.664256049,8.639673312
TGCAGTACATACTTTC-1_1,Sham,Cytotoxic,T,-3.79465239,3.162639935
TGCATCCCATGGGTTT-1_1,Sham,NKT,T,-4.728590893,-1.163243334
TGCATCCTCGTGCGAC-1_1,Sham,NaiveT,T,2.332993341,5.98695143
TGCCGAGAGCGATGAC-1_1,Sham,NaiveT,T,1.3599257,7.278138716
TGCCGAGCATCGCTAA-1_1,Sham,NaiveT,T,-1.251066016,6.256758292
TGCGACGAGGCTCCCA-1_1,Sham,NK,NK,-8.352055,-6.971506994
TGCGACGAGTTAGTGA-1_1,Sham,NaiveT,T,1.162243081,7.868241866
TGCGATAAGTCTTCGA-1_1,Sham,NaiveT,T,2.240515305,7.978562434
TGCGGCACATGGCACC-1_1,Sham,TCM,T,0.467423303,6.108664591
TGCGGCATCCGTAGGC-1_1,Sham,NK,NK,-8.213600563,-5.383201521
TGCGGGTCAATGAGCG-1_1,Sham,Cytotoxic,T,-4.143741058,2.506774266
TGCTCGTGTTCTCCTG-1_1,Sham,NaiveT,T,-0.792260574,7.890265543
TGCTGAACACTCCTTG-1_1,Sham,NKT,T,-5.272983479,-1.454995792
TGCTGAAGTGCATCTA-1_1,Sham,gdT,T,8.827803207,-6.494939725
TGCTGAAGTGCTCTCT-1_1,Sham,NaiveT,T,-1.142869996,6.565710146
TGCTTCGAGTAGGATT-1_1,Sham,ILC,ILC,8.354725433,1.255877454
TGCTTCGTCACACCGG-1_1,Sham,gdT,T,8.215669228,-5.597132604
TGGAACTAGACGGTCA-1_1,Sham,T-Helper,T,1.3378119,0.311556358
TGGAACTTCTACTTCA-1_1,Sham,NaiveT,T,1.980588389,6.619145949
TGGAACTTCTTTCCAA-1_1,Sham,NKT,T,-3.633433985,-3.486819189
TGGAGAGGTCCTCATC-1_1,Sham,TCM,T,-2.016281532,5.431550105
TGGAGGACAAGACGGT-1_1,Sham,NK,NK,-6.450687336,-5.128047865
TGGAGGAGTCGAAGCA-1_1,Sham,NaiveT,T,1.066997362,8.402798731
TGGAGGATCAGTGTGT-1_1,Sham,NKT,T,-4.362634109,-3.210515421
TGGATCAGTACCGGCT-1_1,Sham,TCM,T,-2.082821774,5.626722891
TGGATGTCAGCAGAAC-1_1,Sham,gdT,T,9.262396408,-5.032298009
TGGATGTTCGAGTGGA-1_1,Sham,NK,NK,-7.133655952,-6.421316545
TGGGAAGAGGACTGGT-1_1,Sham,T-Helper,T,1.208196713,1.016539891
TGGGAAGAGGTTTACC-1_1,Sham,gdT,T,2.064118815,0.027027969
TGGGAAGTCTACTCAT-1_1,Sham,NK,NK,-6.276440548,-6.671811502
TGGGATTGTGAGATAT-1_1,Sham,NKT,T,-5.036792206,-2.578218858
TGGGCGTAGAACTGAT-1_1,Sham,Cytotoxic,T,-3.940968918,2.506024201
TGGGCTGGTTACGCCG-1_1,Sham,T-Helper,T,2.391788078,2.596482594
TGGGTTAAGATTGATG-1_1,Sham,T-DN,T,0.876989556,3.65851577
TGGGTTAAGCACCGAA-1_1,Sham,Cytotoxic,T,-5.391582417,0.228084106
TGGGTTAAGCGCGTTC-1_1,Sham,ILC,ILC,9.00032003,2.307955582
TGGGTTAAGTATGTAG-1_1,Sham,NK,NK,-8.160884308,-7.515229147
TGGGTTACAGAATCGG-1_1,Sham,TCM,T,0.706076814,6.025831301
TGGGTTAGTGAATTGA-1_1,Sham,NaiveT,T,1.376545144,8.600566943
TGGGTTATCACCATGA-1_1,Sham,ILC,ILC,8.588257385,1.233003099
TGGTACAGTCCTTGTC-1_1,Sham,gdT,T,9.211503578,-6.047787588
TGGTAGTCAAAGAGTT-1_1,Sham,NK,NK,-8.79565947,-7.490900915
TGGTGATCATCACGGC-1_1,Sham,NaiveT,T,1.671484781,7.633440573
TGGTTAGCAACAAGTA-1_1,Sham,T-Helper,T,2.289777351,2.500493605
TGGTTAGGTATTTCGG-1_1,Sham,NK,NK,-8.701519417,-7.937408846
TGGTTAGTCTCCATAT-1_1,Sham,NaiveT,T,-0.344058024,7.371373255
TGTAACGAGGTCGAGT-1_1,Sham,T-Helper,T,1.059948398,-0.201955404
TGTAAGCTCCGTGTCT-1_1,Sham,NK,NK,-7.569914745,-6.426497858
TGTACAGAGCGCGTTC-1_1,Sham,NaiveT,T,-1.977277683,5.768323977
TGTAGACAGTCATGAA-1_1,Sham,T-Helper,T,0.531387312,0.011063818
TGTCAGAGTCGGTACC-1_1,Sham,NaiveT,T,0.937172247,8.907454569
TGTCAGATCGTTCATT-1_1,Sham,gdT,T,8.759354187,-6.17123739
TGTCAGATCTCCCATG-1_1,Sham,T-Helper,T,1.437058998,1.021881063
TGTCCACAGCATTGAA-1_1,Sham,Cytotoxic,T,-4.436686443,-0.624064725
TGTCCACCAGCGTTGC-1_1,Sham,NaiveT,T,1.48608358,8.360704501
TGTCCACTCCAGTTCC-1_1,Sham,Cytotoxic,T,-2.439507889,4.591796477
TGTCCTGCAGCTCCTT-1_1,Sham,NaiveT,T,2.122861458,6.585766871
TGTGAGTAGACAAGCC-1_1,Sham,NKT,T,-4.761153149,-3.234759967
TGTGAGTGTACCCGAC-1_1,Sham,NaiveT,T,-1.457839416,7.422230799
TGTGATGAGCATGATA-1_1,Sham,NaiveT,T,2.822496248,6.781483252
TGTGATGCAAGGTACG-1_1,Sham,NK,NK,-8.501319336,-7.605397146
TGTGATGCATCTGGGC-1_1,Sham,NK,NK,-8.561130928,-6.518286626
TGTGATGGTGAGAACC-1_1,Sham,NaiveT,T,-1.520295309,6.389282782
TGTGATGTCAAGGACG-1_1,Sham,NK,NK,-7.948590683,-6.070224683
TGTGCGGCAGCGTGAA-1_1,Sham,NK,NK,-6.095641064,-6.498725336
TGTGCGGGTCTAGATC-1_1,Sham,NaiveT,T,-0.318383353,6.852768977
TGTGCGGGTGGAACAC-1_1,Sham,NKT,T,-4.726707863,-3.29778878
TGTGGCGAGTTACTCG-1_1,Sham,ILC,ILC,7.908148361,1.510662277
TGTGGCGGTCCATACA-1_1,Sham,NaiveT,T,-0.434172141,7.840273459
TGTGGCGTCGCTGATA-1_1,Sham,NaiveT,T,-1.369914936,7.106056769
TGTGTGAAGGGTTAAT-1_1,Sham,NK,NK,-8.841801094,-8.512499731
TGTGTGAAGTAAACGT-1_1,Sham,gdT,T,9.510922028,-5.63581888
TGTGTGACACGTAGAG-1_1,Sham,NaiveT,T,-0.186312096,6.889888365
TGTTCATCAAATCAGA-1_1,Sham,T-DN,T,0.449494166,3.394833882
TGTTCATCATATACCG-1_1,Sham,ILC,ILC,7.000459267,1.429374297
TGTTCATGTCACTACA-1_1,Sham,NKT,T,-3.944002556,-2.294701974
TGTTCCGCAAACAGGC-1_1,Sham,Cytotoxic,T,-0.67955892,0.890746076
TGTTCTACAACAGTGG-1_1,Sham,NaiveT,T,-0.363317417,7.474207957
TGTTCTAGTATAGCTC-1_1,Sham,NaiveT,T,0.961420847,8.384053309
TGTTCTATCACATACG-1_1,Sham,T-Helper,T,2.516081882,1.742109973
TGTTTGTTCGGAAGGT-1_1,Sham,NaiveT,T,-1.82420771,6.690842707
TTAATCCAGTCAGCGA-1_1,Sham,Treg,T,2.836207224,3.988970835
TTAATCCCACGTAGAG-1_1,Sham,NaiveT,T,2.236850334,8.525279124
TTACAGGCAGTGGCTC-1_1,Sham,Cytotoxic,T,0.339540524,-3.57215492
TTACAGGCATGTTTGG-1_1,Sham,NK,NK,-7.661930489,-5.446261804
TTACAGGGTTGGAGAC-1_1,Sham,gdT,T,7.640059544,-4.774664323
TTACCATCAAATACGA-1_1,Sham,T-Helper,T,1.060381306,5.516541083
TTACCGCTCGCAAGAG-1_1,Sham,NaiveT,T,1.375709845,6.261717398
TTACGCCTCCCGAGTG-1_1,Sham,NK,NK,-7.939014839,-6.398406427
TTACGTTAGCCAAGTG-1_1,Sham,NK,NK,-7.502852844,-7.081273954
TTACTGTTCGGCATTA-1_1,Sham,Cytotoxic,T,-4.310314583,1.417752225
TTAGGCAGTGCCTTTC-1_1,Sham,Cytotoxic,T,-3.369919466,0.993715842
TTAGGGTGTTCTTGCC-1_1,Sham,NK,NK,-6.166624474,-6.459178846
TTAGTCTAGTAACGAT-1_1,Sham,NK,NK,-7.553800987,-6.562330167
TTAGTCTAGTGCCTCG-1_1,Sham,NaiveT,T,2.542496992,6.563506205
TTAGTCTGTTGTGCAT-1_1,Sham,NK,NK,-5.922911095,-6.176477354
TTAGTCTTCACTGCTC-1_1,Sham,Cytotoxic,T,-3.445633339,2.287176211
TTCACCGGTCAGGTAG-1_1,Sham,T-Helper,T,1.050813211,1.000957448
TTCACCGGTTCAGCTA-1_1,Sham,T-Helper,T,-0.210086363,0.537472863
TTCACGCAGTCTAGAA-1_1,Sham,T-Helper,T,0.904905094,0.415804524
TTCACGCTCAACCGAT-1_1,Sham,Cytotoxic,T,-4.289028572,2.608314116
TTCACGCTCGTAGAGG-1_1,Sham,NK,NK,-7.39945023,-7.965218942
TTCACGCTCTTGGGCG-1_1,Sham,NKT,T,-4.803483891,-1.055867474
TTCAGGAGTGCAATGG-1_1,Sham,Cytotoxic,T,-3.826267885,3.037199337
TTCATGTCAACAAAGT-1_1,Sham,NK,NK,-8.798929619,-8.288262289
TTCATGTCACAAGTGG-1_1,Sham,Other,Other,5.087946487,6.691972334
TTCATGTGTAGTTACC-1_1,Sham,Cytotoxic,T,-3.419876026,1.691109855
TTCATTGAGGCGATAC-1_1,Sham,NaiveT,T,2.779765917,7.917545397
TTCATTGCACGGTAGA-1_1,Sham,NaiveT,T,0.005984826,7.320545752
TTCATTGTCCGATCGG-1_1,Sham,NaiveT,T,-0.518521534,6.48579653
TTCCAATGTGGGACAT-1_1,Sham,NaiveT,T,0.444462372,7.685634692
TTCCAATGTTAATCGC-1_1,Sham,NaiveT,T,0.028229652,6.752932627
TTCCACGAGAGGCTGT-1_1,Sham,T-DN,T,-0.68470441,2.477619011
TTCCTAACAGTGTACT-1_1,Sham,TCM,T,-0.24887942,0.901857574
TTCCTAAGTTAGGACG-1_1,Sham,NK,NK,-6.895333694,-5.788633745
TTCCTAAGTTTCGTGA-1_1,Sham,T-Helper,T,2.41974671,2.010697682
TTCCTCTCATCATTGG-1_1,Sham,NaiveT,T,2.848154856,7.533608515
TTCCTTCAGGATACCG-1_1,Sham,NaiveT,T,-0.319477605,6.822776873
TTCCTTCGTCACTTCC-1_1,Sham,NK,NK,-6.490172791,-5.680499952
TTCGATTCACGCTTAA-1_1,Sham,NK,NK,-1.663952159,-4.99283735
TTCGATTTCGACCAAT-1_1,Sham,NK,NK,-7.305106567,-5.967886369
TTCGCTGGTCCAATCA-1_1,Sham,ILC,ILC,8.463551117,2.08472379
TTCGGTCAGCCTCACG-1_1,Sham,T-DN,T,0.995842947,3.055560906
TTCGGTCCAACAAAGT-1_1,Sham,NK,NK,-9.052490639,-8.016129415
TTCGGTCCAAGTCCAT-1_1,Sham,T-Helper,T,-0.036576899,0.931929905
TTCGGTCGTTTACTGG-1_1,Sham,NaiveT,T,2.413964582,7.330975134
TTCTAACAGCGTGAGT-1_1,Sham,NaiveT,T,0.654271735,8.877556879
TTCTAACCAAAGCACG-1_1,Sham,NKT,T,-5.024651455,-3.210760038
TTCTAACCATATCTCT-1_1,Sham,Cytotoxic,T,-4.252675461,1.588787515
TTCTAACTCGCCCAGA-1_1,Sham,NaiveT,T,1.225648476,6.237157423
TTCTAGTAGATCGACG-1_1,Sham,T-DN,T,1.574836803,3.461400111
TTCTAGTCAATGAACA-1_1,Sham,Cytotoxic,T,-3.90441172,2.870929081
TTCTAGTGTAGCCAGA-1_1,Sham,NaiveT,T,-1.112262534,6.454894621
TTCTTGACAATCTCGA-1_1,Sham,NaiveT,T,0.907431496,8.353699763
TTCTTGAGTAAGGCTG-1_1,Sham,ILC,ILC,7.385926796,1.55618139
TTCTTGATCCGATAGT-1_1,Sham,NKT,T,-3.721640276,-3.353306453
TTCTTGATCGAGCCTG-1_1,Sham,ILC,ILC,7.008125855,1.702573974
TTGAACGTCCATACTT-1_1,Sham,gdT,T,7.759261681,-5.41211931
TTGATGGCAACAAGTA-1_1,Sham,Treg,T,3.939881874,0.027231846
TTGCATTTCTAACGCA-1_1,Sham,Cytotoxic,T,-3.049668478,1.874630411
TTGCGTCCATGCCGGT-1_1,Sham,NK,NK,-6.512786793,-5.861342828
TTGCGTCTCCACCTCA-1_1,Sham,Cytotoxic,T,-3.426340269,1.236527402
TTGCTGCAGGTTCTTG-1_1,Sham,NaiveT,T,-0.099309938,6.793414194
TTGCTGCTCACAAGAA-1_1,Sham,NaiveT,T,1.936361385,8.392125208
TTGCTGCTCGTTGCCT-1_1,Sham,NaiveT,T,0.727342976,7.632627566
TTGGGATCATAGTCAC-1_1,Sham,T-Helper,T,0.757239653,2.186741192
TTGGGATCATCATGAC-1_1,Sham,Cytotoxic,T,-3.412903713,1.589392621
TTGGGCGCACCGGAAA-1_1,Sham,NaiveT,T,1.201640321,8.452617724
TTGGGCGTCGCCACTT-1_1,Sham,gdT,T,2.436262442,0.301319499
TTGGGTACACGGAAGT-1_1,Sham,NKT,T,-5.226687359,-1.723833006
TTGGGTAGTAGCTTTG-1_1,Sham,gdT,T,8.696092201,-6.341100614
TTGGGTATCGGAACTT-1_1,Sham,ILC,ILC,8.798151566,1.610010703
TTGTGGAGTGTCCGTG-1_1,Sham,NK,NK,-5.702354835,-4.395731847
TTGTGTTAGGTTACAA-1_1,Sham,Cytotoxic,T,-3.066492962,0.955250342
TTGTGTTGTTTGTTCT-1_1,Sham,NK,NK,-5.536418842,-6.110840242
TTGTGTTTCAACTACG-1_1,Sham,Cytotoxic,T,-2.581432508,1.130600173
TTGTTCATCCTGCCAT-1_1,Sham,NaiveT,T,0.182744928,6.763191779
TTGTTGTCAGAGGTTG-1_1,Sham,NK,NK,-6.679246353,-6.577117841
TTGTTGTCATTCGGGC-1_1,Sham,NaiveT,T,0.777927888,6.585657198
TTGTTTGTCAAAGAAC-1_1,Sham,NaiveT,T,2.560247255,7.837616045
TTGTTTGTCATCTACT-1_1,Sham,NaiveT,T,2.121767713,8.45582207
TTTACCACAATTGCGT-1_1,Sham,T-Helper,T,0.90401019,1.305698235
TTTACCACAGCCCAGT-1_1,Sham,NK,NK,-8.911817001,-6.640174787
TTTACCAGTCGAGCTC-1_1,Sham,TCM,T,0.582661254,6.085216124
TTTACGTTCACGAGGA-1_1,Sham,T-Helper,T,1.619068099,3.146162827
TTTACTGGTTGTTGAC-1_1,Sham,T-DN,T,-0.551858055,1.973538954
TTTAGTCAGCCTCTGG-1_1,Sham,gdT,T,8.200137688,-3.841101329
TTTAGTCCAGAAGTTA-1_1,Sham,Cytotoxic,T,0.940988554,-2.108023565
TTTATGCGTAACATAG-1_1,Sham,Cytotoxic,T,-4.728279518,1.383815486
TTTCAGTCATCAGCTA-1_1,Sham,NaiveT,T,1.770220471,8.347010691
TTTCAGTGTGAAGCGT-1_1,Sham,NaiveT,T,1.514052464,8.787956316
TTTCAGTGTTAGGCCC-1_1,Sham,NKT,T,-4.536637711,-3.629477661
TTTCATGGTACAGAAT-1_1,Sham,T-Helper,T,2.210644556,2.865961869
TTTCCTCGTCCTTTGC-1_1,Sham,NaiveT,T,2.557818962,6.672469218
TTTCCTCGTCTGTCAA-1_1,Sham,NK,NK,-7.944700645,-8.448856275
TTTCGATAGCCTCCAG-1_1,Sham,Cytotoxic,T,-3.288065361,1.916881163
TTTCGATGTGTCATCA-1_1,Sham,NaiveT,T,-1.501589703,5.964029391
TTTCGATTCGACGTCG-1_1,Sham,NaiveT,T,-0.045780139,7.771478255
TTTGACTCAGGCATGA-1_1,Sham,ILC,ILC,7.143706394,1.516470988
TTTGACTCATGAGGGT-1_1,Sham,NKT,T,-5.178984093,-2.628018777
TTTGACTGTTTATGCG-1_1,Sham,T-Helper,T,-0.208655851,2.158324559
TTTGACTTCGATACTG-1_1,Sham,NK,NK,-8.193560051,-7.6085972
TTTGGAGAGAACTGAT-1_1,Sham,NaiveT,T,2.122748328,4.579134066
TTTGGAGGTTCAGTAC-1_1,Sham,T-DN,T,-3.229987072,-1.20536093
TTTGGAGGTTCTAACG-1_1,Sham,T-Helper,T,-0.057218047,2.224797327
TTTGGAGTCTCCCAAC-1_1,Sham,NaiveT,T,1.539296103,6.720583041
TTTGTTGCACTAGGCC-1_1,Sham,ILC,ILC,8.270025803,1.596567471
TTTGTTGTCTTTCCAA-1_1,Sham,Cytotoxic,T,-4.378321575,2.466035921
ACGTACAGTATTGAGA-1_2,Sham,NaiveT,T,2.569629026,6.451076109
ACGTAGTGTCCCTAAA-1_2,Sham,NKT,T,-5.959123539,-1.925453227
ACGTCCTGTTAGAGTA-1_2,Sham,NaiveT,T,2.304766012,8.569442828
ACTACGAAGCAGGTCA-1_2,Sham,NaiveT,T,1.023155941,7.325351317
ACTACGAGTTAATCGC-1_2,Sham,T-Helper,T,1.028630985,-0.34023441
ACTATCTAGACGCTCC-1_2,Sham,NaiveT,T,1.574218703,6.482201178
ACTATGGAGTGCAGGT-1_2,Sham,NaiveT,T,1.379852725,9.044896204
ACTATGGCAACCCTCT-1_2,Sham,gdT,T,9.602366997,-5.210791509
ACTATTCTCCGGTTCT-1_2,Sham,NKT,T,-5.051384853,-2.529945533
ACTCTCGAGGTCCCGT-1_2,Sham,NaiveT,T,2.264352633,8.10613354
ACTCTCGCATACCATG-1_2,Sham,NaiveT,T,2.358826948,8.592864115
ACTGATGGTCTACGTA-1_2,Sham,NaiveT,T,0.176630542,7.92910393
ACTGCAAAGCAGGCTA-1_2,Sham,NaiveT,T,0.121016925,7.061417181
ACTGTGAAGCACGGAT-1_2,Sham,ILC,ILC,9.213179184,2.230409224
ACTGTGATCTAGATCG-1_2,Sham,NK,NK,-8.560790466,-7.793667715
ACTTCCGCATGTGACT-1_2,Sham,NK,NK,-7.815504955,-5.273279111
ACTTTCACAGCAGTGA-1_2,Sham,NK,NK,-6.725835728,-7.137542169
AGAACAACAACTTCTT-1_2,Sham,NaiveT,T,1.180517388,5.826578219
AGAACAACAGACCATT-1_2,Sham,TCM,T,-1.445258545,4.747307379
AGAACAATCTCTCTTC-1_2,Sham,NaiveT,T,2.796217752,6.860745509
AGAACCTCACGTAACT-1_2,Sham,NaiveT,T,0.799664689,7.153860648
AGAACCTCATGAAGCG-1_2,Sham,Cytotoxic,T,-2.888634848,1.799226482
AGAACCTGTGCACATT-1_2,Sham,ILC,ILC,8.167639328,1.076128323
AGAACCTTCCATTGCC-1_2,Sham,NK,NK,-8.530182289,-5.968302171
AGAAGTACAGGACTAG-1_2,Sham,NaiveT,T,0.974514617,7.287510474
AGAAGTATCACTGAAC-1_2,Sham,T-Helper,T,0.714323891,1.749423821
AGAAGTATCCGCGGAT-1_2,Sham,NaiveT,T,1.959660722,6.271434386
AGAAGTATCTTTGCTA-1_2,Sham,NaiveT,T,0.486556573,6.751041014
AGACAAACAAACCATC-1_2,Sham,NaiveT,T,2.813596083,6.399888117
AGACAGGAGAGTACCG-1_2,Sham,T-Helper,T,1.969523622,0.517431695
AGACCATGTACGTTCA-1_2,Sham,gdT,T,8.043891502,-6.540959756
AGACCCGCAAACCACT-1_2,Sham,T-Helper,T,1.098151518,1.50601836
AGAGAATAGGACAAGA-1_2,Sham,NaiveT,T,-0.190107988,7.609216769
AGAGAATTCCAAGCTA-1_2,Sham,NaiveT,T,-0.059918957,8.47105797
AGAGAATTCGTTCGCT-1_2,Sham,T-Helper,T,1.575778914,1.69962116
AGAGAGCCAGTGGTGA-1_2,Sham,NaiveT,T,-1.991836952,6.157723029
AGAGAGCGTCTCTCTG-1_2,Sham,NaiveT,T,1.394672228,7.931552966
AGAGAGCTCGCGTCGA-1_2,Sham,NaiveT,T,-1.165930318,7.157173712
AGATCCATCAGCTAGT-1_2,Sham,NaiveT,T,2.104495836,8.457429011
AGATCGTTCCTGTAAG-1_2,Sham,NaiveT,T,0.19114832,7.448126871
AGATGCTTCGCCTTTG-1_2,Sham,NKT,T,-5.460442947,-2.574745815
AGCATCATCTTACGTT-1_2,Sham,NaiveT,T,0.765563501,8.048654635
AGCCAATAGGTATCTC-1_2,Sham,NaiveT,T,2.174668861,8.679063876
AGCGATTAGTTCGGTT-1_2,Sham,T-Helper,T,0.9717039,-0.255720254
AGCGATTCACTGGACC-1_2,Sham,T-DN,T,-1.445379542,2.109643776
AGCGCTGAGATGCGAC-1_2,Sham,NaiveT,T,2.634446455,8.377111514
AGCGCTGCACCGTGAC-1_2,Sham,Cytotoxic,T,0.073856426,-2.510634105
AGCGTATTCCGGTAAT-1_2,Sham,NaiveT,T,1.592591954,7.966347773
AGCTACACAGGTTACT-1_2,Sham,NK,NK,-6.728166031,-6.207912366
AGCTACACAGTCCCGA-1_2,Sham,NaiveT,T,-0.269042241,8.512753565
AGCTACAGTGAAAGTT-1_2,Sham,T-Helper,T,1.696178151,1.721438844
AGCTCAATCGTGCTCT-1_2,Sham,NaiveT,T,2.689055515,8.12286957
AGCTTCCCAATAGTCC-1_2,Sham,NaiveT,T,-0.239631551,6.63264807
AGGAAATAGTTCCTGA-1_2,Sham,NKT,T,-5.349553989,-1.527920764
AGGAATATCACCTGTC-1_2,Sham,NKT,T,-6.158635067,-2.269068639
AGGAGGTCACATTCTT-1_2,Sham,NaiveT,T,0.82055874,7.009236414
AGGAGGTGTAGGCAGT-1_2,Sham,Cytotoxic,T,-4.256439136,1.986121256
AGGATAATCAGACATC-1_2,Sham,T-DN,T,0.561697764,2.336450417
AGGATAATCCGAAGGA-1_2,Sham,NKT,T,-3.733080315,-3.774169843
AGGATAATCCTCTCTT-1_2,Sham,T-DN,T,0.94905491,3.419815857
AGGCCACCATTGGCAT-1_2,Sham,NaiveT,T,2.106721831,6.117430766
AGGCTGCGTCTGCAAT-1_2,Sham,T-Helper,T,-0.016821729,1.3442262
AGGGCTCCAAGAGGCT-1_2,Sham,NaiveT,T,1.909627629,8.691183169
AGGGCTCCAGTTGTCA-1_2,Sham,ILC,ILC,9.091874672,2.256624777
AGGGCTCGTATGAGCG-1_2,Sham,NaiveT,T,-0.753895568,8.279005129
AGGTAGGCAGCGTGAA-1_2,Sham,ILC,ILC,8.892037941,1.844465215
AGGTAGGGTGAAGCGT-1_2,Sham,Cytotoxic,T,-2.901794361,0.317131777
AGGTCATTCGGAATTC-1_2,Sham,ILC,ILC,7.732709003,0.989106138
AGGTCATTCTACCCAC-1_2,Sham,NaiveT,T,1.096419586,8.679847796
AGGTCTACACTGTCCT-1_2,Sham,NaiveT,T,2.355097128,7.702993472
AGGTTACCAGGCTATT-1_2,Sham,ILC,ILC,8.050456596,1.67342778
AGTAACCTCCTCACCA-1_2,Sham,NK,NK,-8.451357292,-7.875371854
AGTAGCTCAAGATCCT-1_2,Sham,NaiveT,T,1.217031194,8.535249789
AGTAGCTGTTGCCATA-1_2,Sham,T-Helper,T,1.083205892,2.15587147
AGTAGTCCACTTGGCG-1_2,Sham,NaiveT,T,-1.545607614,6.178446848
AGTAGTCTCGCTGATA-1_2,Sham,Cytotoxic,T,-4.147547649,2.055688698
AGTCAACAGACCAGAC-1_2,Sham,NaiveT,T,-0.574933814,8.188813288
AGTCAACAGGTTGGAC-1_2,Sham,T-Helper,T,-0.153163331,0.616527219
AGTCAACGTAGAGTTA-1_2,Sham,NaiveT,T,-0.636172699,6.625800688
AGTCAACGTCAGCGTC-1_2,Sham,NaiveT,T,0.646815402,7.474551279
AGTCAACGTCCTCCAT-1_2,Sham,NKT,T,-4.725222992,-2.736977022
AGTCACATCTAGGAAA-1_2,Sham,gdT,T,8.926171852,-6.167240541
AGTCATGAGAGAGGTA-1_2,Sham,T-Helper,T,0.904985977,0.271004308
AGTCTCCTCCAACACA-1_2,Sham,ILC,ILC,9.625936104,2.602934916
AGTGACTAGTGTAGAT-1_2,Sham,NKT,T,-4.771914886,-2.115779321
AGTGACTCAGAAACCG-1_2,Sham,NaiveT,T,-1.162915277,7.191942294
AGTGATCAGTGTAGTA-1_2,Sham,Cytotoxic,T,-1.306692409,0.671462793
AGTGATCGTTGCTCGG-1_2,Sham,T-DN,T,0.063376022,2.934323866
AGTGATCTCCTACTGC-1_2,Sham,Cytotoxic,T,-3.338623928,1.047023017
AGTGCCGTCGTTCATT-1_2,Sham,NK,NK,-8.331728386,-7.17456619
AGTTCGATCACATTGG-1_2,Sham,T-Helper,T,1.378100945,2.262784798
ATACTTCCACCGTCGA-1_2,Sham,ILC,ILC,8.143235756,1.627981861
ATACTTCGTCATGACT-1_2,Sham,NK,NK,-7.867900299,-6.913105886
ATAGACCCAACGGCCT-1_2,Sham,gdT,T,7.273424698,-6.167883794
ATAGACCTCATGCGGC-1_2,Sham,Cytotoxic,T,-5.278174805,0.16718315
ATATCCTAGACGCAGT-1_2,Sham,NaiveT,T,1.813541723,7.042693694
ATCACGACAGCTGTGC-1_2,Sham,NaiveT,T,1.055048538,7.588343222
ATCACGATCGTGACTA-1_2,Sham,NaiveT,T,-1.028356718,7.704788763
ATCAGGTGTTGCTAGT-1_2,Sham,NKT,T,-5.743974613,-2.445268552
ATCATTCGTACCGTCG-1_2,Sham,ILC,ILC,8.579926086,2.476211388
ATCCACCAGAAAGCGA-1_2,Sham,NK,NK,-2.578767227,-3.09684221
ATCCACCCAGTCTCTC-1_2,Sham,NK,NK,-6.497986244,-6.059093874
ATCCACCTCCCATTCG-1_2,Sham,NK,NK,-8.72283976,-5.749484937
ATCCATTCATCCCGTT-1_2,Sham,gdT,T,10.13041933,-4.978337686
ATCCGTCTCAGCGCAC-1_2,Sham,gdT,T,7.386306358,-4.823956888
ATCGATGAGACTTCCA-1_2,Sham,NaiveT,T,0.308663426,9.058236201
ATCGGATAGCGACAGT-1_2,Sham,NaiveT,T,-0.764919805,8.396020014
ATCGTAGAGAGTCAAT-1_2,Sham,NaiveT,T,-1.926013874,5.888189394
ATCGTAGAGCACGTCC-1_2,Sham,NaiveT,T,-0.357173072,8.291793902
ATCGTCCAGCAGGCTA-1_2,Sham,Cytotoxic,T,-5.384744095,0.222690691
ATCGTGAGTCGTACTA-1_2,Sham,NK,NK,-4.976665901,-5.113346975
ATCGTGATCGTTACCC-1_2,Sham,NKT,T,-3.643815683,-3.534594696
ATCTCTACAGAGTTGG-1_2,Sham,NKT,T,-5.313317226,-2.722899597
ATCTTCAAGACGAGCT-1_2,Sham,T-DN,T,0.93711908,3.527949889
ATCTTCACATGAGATA-1_2,Sham,NK,NK,-7.499349522,-5.523736875
ATGAGGGAGGAGAGTA-1_2,Sham,NaiveT,T,-0.420474814,7.674141486
ATGAGGGTCATGCCGG-1_2,Sham,NK,NK,-5.609775948,-7.003958624
ATGATCGAGCTTTCCC-1_2,Sham,NK,NK,-5.098637508,-6.781499307
ATGATCGCACACCTAA-1_2,Sham,NaiveT,T,-0.167808669,7.85583504
ATGATCGCATGGCACC-1_2,Sham,Cytotoxic,T,-5.143945145,0.244189073
ATGCATGAGTAGGCCA-1_2,Sham,NKT,T,-5.260398315,-3.206598919
ATGCCTCCAAGTAGTA-1_2,Sham,NaiveT,T,1.932943417,6.354265292
ATGCCTCGTAACAGTA-1_2,Sham,Cytotoxic,T,-1.586304234,1.914454777
ATGCCTCTCGCCTATC-1_2,Sham,NK,NK,-5.519822048,-4.897987287
ATGCGATAGGCATCGA-1_2,Sham,NKT,T,-5.360423016,-2.984485071
ATGCGATCATCCGTGG-1_2,Sham,NaiveT,T,1.056524528,8.227137644
ATGGGAGAGTCATAGA-1_2,Sham,NKT,T,-3.650186705,-3.533234279
ATGGTTGTCTGAGATC-1_2,Sham,T-DN,T,0.874444259,2.361650546
ATGTCTTGTCTGTGGC-1_2,Sham,NKT,T,-4.906073021,-1.270834367
ATTATCCAGGTTAGTA-1_2,Sham,T-Helper,T,2.036343766,2.993978579
ATTCAGGAGACCACGA-1_2,Sham,Cytotoxic,T,-2.852769302,1.935782511
ATTCAGGTCCAGGACC-1_2,Sham,T-Helper,T,0.447401149,0.643533845
ATTCATCTCCAATCCC-1_2,Sham,NKT,T,-3.837415623,-3.789340179
ATTCCCGCAGCTGAGA-1_2,Sham,NaiveT,T,0.115121865,6.341501315
ATTCCCGTCCGTGACG-1_2,Sham,NK,NK,-8.872160362,-6.88204376
ATTCCTACATACCATG-1_2,Sham,NaiveT,T,1.509496642,6.564815123
ATTCCTATCTGTTCAT-1_2,Sham,NaiveT,T,1.564055158,7.415340502
ATTCTTGAGTCTAGAA-1_2,Sham,NK,NK,-5.878179478,-6.878300588
ATTTACCCAAATGCTC-1_2,Sham,NKT,T,-3.516279148,-1.772922795
ATTTACCGTAAGGCCA-1_2,Sham,NaiveT,T,0.63044901,6.172264178
ATTTACCGTCATGCAT-1_2,Sham,Cytotoxic,T,-2.065574335,0.981324155
ATTTCACTCCTTTAGT-1_2,Sham,Cytotoxic,T,-2.662192272,0.204450954
ATTTCTGTCACGGGAA-1_2,Sham,NaiveT,T,1.970587088,8.531138499
ATTTCTGTCGTCCTCA-1_2,Sham,NaiveT,T,1.180389715,7.173778613
CAACAACCACAGTCAT-1_2,Sham,NaiveT,T,2.797967983,7.185613711
CAACAACGTGTAACGG-1_2,Sham,NaiveT,T,1.286680532,6.712268908
CAACAACTCCCAATAG-1_2,Sham,NK,NK,-8.894381927,-7.933255594
CAACAGTTCACCTGGG-1_2,Sham,gdT,T,9.581442429,-4.741035383
CAACAGTTCGTAGGAG-1_2,Sham,NaiveT,T,-0.121101337,7.702612955
CAACCAAGTATCGCAT-1_2,Sham,NaiveT,T,2.378124786,7.584935267
CAACCTCGTTAGAAAC-1_2,Sham,NaiveT,T,2.876760555,7.338715632
CAACCTCTCAAGCGTT-1_2,Sham,T-Helper,T,1.847595645,1.943611939
CAACGATGTACTGCGC-1_2,Sham,NKT,T,-0.433054613,-0.192974332
CAACGATGTCCACACG-1_2,Sham,NaiveT,T,-0.506998109,6.823400576
CAACGGCTCCACAGCG-1_2,Sham,Cytotoxic,T,-5.451504158,0.243131984
CAACGGCTCCCATTTA-1_2,Sham,NaiveT,T,1.960440231,7.500128348
CAAGACTAGTACTGTC-1_2,Sham,NaiveT,T,0.049255548,7.41608866
CAAGACTGTCAGTCCG-1_2,Sham,NKT,T,-6.048561977,-2.406896274
CAAGGGAAGCAAGTCG-1_2,Sham,T-Helper,T,-0.267381774,0.671268423
CAAGGGACACCTGTCT-1_2,Sham,T-Helper,T,1.0436144,0.262163837
CAAGGGACACGGCACT-1_2,Sham,ILC,ILC,9.102261139,2.09117492
CAATCGAGTCATATGC-1_2,Sham,ILC,ILC,8.515255524,2.414970238
CAATGACCACGCTATA-1_2,Sham,NK,NK,-8.014369415,-7.492120664
CAATTTCTCGGTAGGA-1_2,Sham,NaiveT,T,-1.640291738,7.224557001
CACAACAAGCGCCTCA-1_2,Sham,NaiveT,T,1.293817831,7.842453082
CACAACAGTGTTATCG-1_2,Sham,NaiveT,T,-1.468729781,7.726579268
CACACAAAGTTAGTAG-1_2,Sham,NaiveT,T,2.871847225,7.442151625
CACACAAGTCGTGGTC-1_2,Sham,NKT,T,-1.652743982,-2.04031996
CACACAATCAACGAGG-1_2,Sham,NKT,T,-3.421246456,-3.357926052
CACAGGCTCAAACGAA-1_2,Sham,NaiveT,T,-1.28761773,7.700709422
CACCAAAAGTAAACGT-1_2,Sham,NaiveT,T,0.306254862,7.941955645
CACCAAACAGACTGCC-1_2,Sham,T-Helper,T,2.022940708,3.214082081
CACCAAAGTTGGGTAG-1_2,Sham,NKT,T,-4.664122509,-2.566910427
CACCAAATCAAACTGC-1_2,Sham,NaiveT,T,1.154378725,6.860659678
CACCGTTGTCGTCATA-1_2,Sham,NK,NK,-7.272274422,-6.100490491
CACCGTTTCGACGCGT-1_2,Sham,gdT,T,8.881203247,-3.821471851
CACGTTCGTGCCTATA-1_2,Sham,NK,NK,-6.019834446,-7.098466318
CACTGGGGTTCAACGT-1_2,Sham,NK,NK,-6.604319977,-6.820075433
CACTGTCTCACGATCA-1_2,Sham,Cytotoxic,T,-5.259015011,0.279273589
CAGAGCCAGCCGGAAT-1_2,Sham,NaiveT,T,1.391644193,6.919232447
CAGATACCATTGCAAC-1_2,Sham,NK,NK,-7.105035233,-6.747739713
CAGATCAAGATTGAGT-1_2,Sham,Treg,T,3.50685556,1.666864951
CAGATCAGTTATCCAG-1_2,Sham,T-DN,T,0.646768344,3.515555699
CAGATCAGTTCGGGTC-1_2,Sham,T-Helper,T,2.1884578,2.428903181
CAGCAATCACACCGAC-1_2,Sham,NK,NK,-5.431649612,-4.745217245
CAGCAATCATACTTTC-1_2,Sham,NK,NK,-7.658321308,-6.977534692
CAGCAATTCAGTGTGT-1_2,Sham,NaiveT,T,-0.732835578,7.238264639
CAGCACGCACAAAGTA-1_2,Sham,NK,NK,-7.780625271,-5.963148992
CAGCACGGTAAGATAC-1_2,Sham,NK,NK,-9.020847725,-7.143811147
CAGCAGCAGAGGTCAC-1_2,Sham,NK,NK,-7.000964569,-5.93124954
CAGCCAGCATCGAACT-1_2,Sham,Cytotoxic,T,-3.212624001,1.570781906
CAGCCAGTCAGCATTG-1_2,Sham,NaiveT,T,2.278435064,6.491141875
CAGGCCACACTAGGTT-1_2,Sham,ILC,ILC,7.643673492,1.257770021
CAGGCCACATCTTAGG-1_2,Sham,NaiveT,T,-1.18752675,7.887546618
CAGGGCTCAGACATCT-1_2,Sham,Cytotoxic,T,-4.391319202,-0.478835057
CAGGTATGTGCAATGG-1_2,Sham,NaiveT,T,-0.658124017,7.242650111
CAGTGCGGTACACTCA-1_2,Sham,ILC,ILC,7.849370552,2.224797327
CAGTTAGTCCGATAGT-1_2,Sham,ILC,ILC,8.397427155,1.003041108
CAGTTCCCACAGTACT-1_2,Sham,NaiveT,T,0.511353982,7.899129946
CATAAGCAGAGAGCCT-1_2,Sham,Cytotoxic,T,-2.681962894,1.768890459
CATAAGCCAGAGGTAC-1_2,Sham,NaiveT,T,0.217836657,6.550846655
CATAAGCCATGTAACC-1_2,Sham,ILC,ILC,6.878692699,1.841843088
CATAAGCGTAGCTTTG-1_2,Sham,NK,NK,-8.178538727,-8.227860372
CATAAGCTCCGGTAGC-1_2,Sham,NaiveT,T,2.942423655,7.370306094
CATACAGGTGGCAACA-1_2,Sham,NaiveT,T,-0.770723032,8.43890198
CATAGACAGCACCTGC-1_2,Sham,ILC,ILC,7.867818905,1.128782709
CATAGACAGGGCGAGA-1_2,Sham,NK,NK,-6.130722927,-6.491264742
CATCAAGGTAGGAGGG-1_2,Sham,NKT,T,-4.553111481,-2.164845626
CATCCCAAGATTGACA-1_2,Sham,NK,NK,-7.079357075,-6.248464506
CATCCCAGTTCCTAAG-1_2,Sham,NaiveT,T,-0.235127108,5.991323073
CATCCCATCAACCCGG-1_2,Sham,ILC,ILC,8.119833065,1.538669903
CATCGCTGTCTTCGAA-1_2,Sham,NaiveT,T,1.198496057,7.330892165
CATCGGGCAGGCATTT-1_2,Sham,NaiveT,T,-0.526536154,8.128019411
CATCGGGGTTCTTGCC-1_2,Sham,NaiveT,T,-0.31817271,8.274848063
CATGAGTGTATCTTCT-1_2,Sham,NaiveT,T,1.735973192,7.059029658
CATGCAAGTTTCCCAC-1_2,Sham,ILC,ILC,8.429103447,1.68941148
CATGCAATCCGATGTA-1_2,Sham,Cytotoxic,T,-5.118083405,-0.126301366
CATGCCTCAGAGAAAG-1_2,Sham,NaiveT,T,-0.896104502,6.943185408
CATGCGGAGTTCCTGA-1_2,Sham,Cytotoxic,T,-1.902003693,1.616766651
CATGCGGGTTTGACAC-1_2,Sham,NaiveT,T,-1.378585266,7.263362009
CATGGATAGCGATGAC-1_2,Sham,Cytotoxic,T,-2.869347261,0.595757563
CATGGTACACGCCACA-1_2,Sham,ILC,ILC,6.950620247,1.675825436
CATTTCAAGCCTTGAT-1_2,Sham,NK,NK,-6.387174534,-5.445665758
CATTTCACACTTGAGT-1_2,Sham,ILC,ILC,8.287267281,1.33681174
CCAAGCGGTGTGGACA-1_2,Sham,ILC,ILC,7.833170486,1.61011668
CCAATGACACTCCGAG-1_2,Sham,NKT,T,-3.989978718,-3.467323701
CCACCATAGAACGTGC-1_2,Sham,Cytotoxic,T,-3.075071978,1.610783536
CCACCATAGACTAAGT-1_2,Sham,NaiveT,T,-0.090459155,6.684836466
CCACCATTCCCTCATG-1_2,Sham,Cytotoxic,T,-2.75678842,1.568225701
CCACTTGAGGCTATCT-1_2,Sham,NK,NK,-8.538471626,-8.20164768
CCATAAGCAAAGGCAC-1_2,Sham,ILC,ILC,7.605600906,1.272792895
CCATCACCATCGAGCC-1_2,Sham,Cytotoxic,T,0.933141125,-2.322317522
CCCAACTGTGAATAAC-1_2,Sham,T-Helper,T,1.026165856,1.316852767
CCCATTGAGAGTGTGC-1_2,Sham,T-Helper,T,2.774516655,2.927570898
CCCATTGAGCATGGGT-1_2,Sham,NaiveT,T,0.845932556,7.173709471
CCCATTGTCGCTACAA-1_2,Sham,NKT,T,-6.199332165,-2.235910814
CCCATTGTCGCTAGCG-1_2,Sham,T-Helper,T,0.532715333,0.910349209
CCCGGAAAGGATCACG-1_2,Sham,gdT,T,7.926282478,-6.896669309
CCCTCTCGTTAGGAGC-1_2,Sham,T-Helper,T,1.369808627,2.304548581
CCCTTAGCAAACGAGC-1_2,Sham,NaiveT,T,1.965388132,4.641225417
CCGATCTCAAAGGGTC-1_2,Sham,NKT,T,-4.742146896,-0.965714495
CCGCAAGAGAATACAC-1_2,Sham,ILC,ILC,9.372547699,2.560434658
CCGGACAAGACACACG-1_2,Sham,NaiveT,T,-0.091296451,6.961416323
CCGGGTAAGGAATGTT-1_2,Sham,NK,NK,-6.71353476,-6.208286684
CCGGGTATCACCTACC-1_2,Sham,NaiveT,T,2.197303844,7.833056052
CCGGTAGTCTTCTGTA-1_2,Sham,NKT,T,-5.067239212,-2.951893728
CCGTGAGAGAGTCTGG-1_2,Sham,NK,NK,-9.032237457,-7.548681181
CCGTTCAAGGCTTAGG-1_2,Sham,NaiveT,T,-0.847379016,5.83042248
CCGTTCATCCGCTAGG-1_2,Sham,Cytotoxic,T,-1.710004257,1.518107135
CCTACGTAGCCAGACA-1_2,Sham,NKT,T,-3.689869331,-2.265498798
CCTATCGAGTTGTCAC-1_2,Sham,ILC,ILC,6.766295982,1.806786258
CCTCACACAACCTAAC-1_2,Sham,ILC,ILC,7.797393871,1.404458363
CCTCACAGTACGAGTG-1_2,Sham,Treg,T,4.058817459,0.154296417
CCTCAGTCAATATCCG-1_2,Sham,NK,NK,-8.793248581,-7.537346284
CCTCATGAGTGGTCAG-1_2,Sham,NKT,T,-4.169248508,-2.970463197
CCTCCAAAGCGCATCC-1_2,Sham,NKT,T,-5.670424389,-1.894021432
CCTCCAAGTCGAAACG-1_2,Sham,NaiveT,T,-0.584108936,5.827575285
CCTCCTCCAACGCATT-1_2,Sham,NaiveT,T,1.539264513,6.395750601
CCTCTAGAGCACGTCC-1_2,Sham,T-Helper,T,0.558683766,0.013141167
CCTTCAGCAAGTGGCA-1_2,Sham,NaiveT,T,0.678569866,8.423115809
CCTTTGGCACCCAACG-1_2,Sham,ILC,ILC,6.703846527,1.435600121
CGAAGGACAATCAAGA-1_2,Sham,Cytotoxic,T,-1.303667354,0.581018884
CGACAGCAGGTAGCAC-1_2,Sham,NaiveT,T,-0.201707529,7.223629553
CGACAGCGTTCTCTCG-1_2,Sham,NK,NK,-6.171072411,-6.683007162
CGACAGCGTTGTCTAG-1_2,Sham,NaiveT,T,0.510991556,7.406916697
CGACAGCTCAGTGGGA-1_2,Sham,gdT,T,7.673768593,-4.360549371
CGAGGAAAGTACTGTC-1_2,Sham,TCM,T,-0.411237287,0.907655198
CGAGTTACAGGTCTCG-1_2,Sham,T-DN,T,-0.115387516,2.48207267
CGATCGGGTTCGGTCG-1_2,Sham,T-Helper,T,1.723801685,2.986798127
CGATGCGAGGGAGGCA-1_2,Sham,ILC,ILC,6.628282619,1.349965055
CGATGCGGTGGATCGA-1_2,Sham,NKT,T,-5.113894867,-3.314690988
CGATGCGTCTTACGTT-1_2,Sham,NaiveT,T,-1.202920603,7.477016528
CGCATGGAGACGCAGT-1_2,Sham,NaiveT,T,0.46682818,7.587383826
CGCATGGGTCACTCTC-1_2,Sham,NaiveT,T,0.549424989,8.218153078
CGCCAGACAGGCGATA-1_2,Sham,NKT,T,-5.331844734,-1.501104872
CGCCAGACATGTTCAG-1_2,Sham,Treg,T,3.660495831,-0.385176401
CGCCATTAGACTAAGT-1_2,Sham,gdT,T,8.229964806,-6.525844972
CGCCATTGTGTCTAAC-1_2,Sham,T-Helper,T,0.864779962,-2.903632085
CGCCATTTCTCATTGT-1_2,Sham,T-Helper,T,1.027215315,1.416258652
CGGAACCCAATAGTGA-1_2,Sham,gdT,T,7.942158295,-4.964248102
CGGAATTCAACGACTT-1_2,Sham,T-Helper,T,1.627971006,2.673260291
CGGACACAGCAAATGT-1_2,Sham,ILC,ILC,6.701756073,1.64433821
CGGAGAAAGACCATTC-1_2,Sham,ILC,ILC,6.523797108,1.729959566
CGGAGAACAGGCTATT-1_2,Sham,NaiveT,T,-0.531052636,6.465746481
CGGAGAACAGGGTCTC-1_2,Sham,NaiveT,T,2.605763508,8.322488863
CGGAGAATCTCCCTAG-1_2,Sham,TCM,T,0.700697793,5.476948817
CGGCAGTGTCCACTCT-1_2,Sham,ILC,ILC,9.389073921,2.564766724
CGGCAGTGTGTCTTAG-1_2,Sham,NaiveT,T,0.534660561,7.907095988
CGGGCATTCAAGGTGG-1_2,Sham,T-Helper,T,0.734370841,1.021868784
CGGGTCAGTGCCGGTT-1_2,Sham,ILC,ILC,7.769404961,2.092183192
CGGTCAGAGCGGGTTA-1_2,Sham,NK,NK,-6.105857777,-6.478231351
CGTAATGCACACCTGG-1_2,Sham,ILC,ILC,9.325532509,2.593218405
CGTAATGTCGTAACCA-1_2,Sham,NaiveT,T,1.533421708,6.32451256
CGTCAAAGTGAGTCAG-1_2,Sham,NaiveT,T,1.935134364,7.114615042
CGTCAAATCGCTAGCG-1_2,Sham,ILC,ILC,8.154759003,2.407153685
CGTGAATCAGGTCCGT-1_2,Sham,NaiveT,T,1.079590095,7.048197825
CGTGATATCATTCTTG-1_2,Sham,NaiveT,T,-1.488774823,7.305829127
CGTGCTTGTTTGGAAA-1_2,Sham,Cytotoxic,T,-3.990624832,0.719434698
CGTGCTTTCTGGCCGA-1_2,Sham,ILC,ILC,8.951512886,2.233825762
CGTGTCTAGGAACATT-1_2,Sham,T-DN,T,0.785271956,2.96895941
CGTGTCTCAACGCCCA-1_2,Sham,Cytotoxic,T,-3.82625811,3.148515541
CGTTAGAGTGATTAGA-1_2,Sham,T-DN,T,0.249595551,3.088606198
CGTTCTGAGGTGATCG-1_2,Sham,NKT,T,-3.613969015,-2.635909717
CGTTGGGTCCTTGAAG-1_2,Sham,NKT,T,-4.625261711,-3.363814752
CTAACCCAGGCACCAA-1_2,Sham,NaiveT,T,0.212557392,7.335568507
CTAACCCCAGCCTTCT-1_2,Sham,NK,NK,-8.396166252,-5.535766523
CTAACTTCACGATAGG-1_2,Sham,ILC,ILC,8.958107544,1.680291016
CTAACTTGTACAATAG-1_2,Sham,TCM,T,-2.029508518,4.489614565
CTACAGAAGAGGCCAT-1_2,Sham,NaiveT,T,-0.670612918,7.468356688
CTACAGAGTAGACACG-1_2,Sham,NaiveT,T,-0.645757364,6.476080019
CTACAGAGTCCAGGTC-1_2,Sham,gdT,T,7.972509457,-4.58930866
CTACCCAGTATGACAA-1_2,Sham,NK,NK,-6.736888813,-5.876819055
CTACCTGAGCAGCAGT-1_2,Sham,Cytotoxic,T,0.310203297,-3.740857761
CTACCTGCACGCAGTC-1_2,Sham,T-Helper,T,2.012036038,1.843145211
CTACCTGTCGTGTTCC-1_2,Sham,NK,NK,-6.415559219,-4.009570043
CTACGGGTCGCCCAGA-1_2,Sham,T-Helper,T,2.365688635,2.89756592
CTACTATGTCCTACAA-1_2,Sham,T-Helper,T,0.386449708,2.074846585
CTAGACAAGTTCCAGT-1_2,Sham,NaiveT,T,1.559647275,9.060128291
CTAGACACACGTAGTT-1_2,Sham,NKT,T,-5.568119453,-2.227793138
CTAGGTAAGGACAGTC-1_2,Sham,ILC,ILC,7.770052029,1.022181113
CTATCTAAGTGGAAGA-1_2,Sham,NaiveT,T,-1.354242252,7.158944209
CTATCTATCATGCCAA-1_2,Sham,T-DN,T,0.753938926,2.805420954
CTCAACCAGATGGTCG-1_2,Sham,NaiveT,T,0.320014862,7.452114184
CTCAACCAGGGTCTTT-1_2,Sham,NaiveT,T,2.819648338,7.183917601
CTCAAGAAGAAGCTGC-1_2,Sham,Cytotoxic,T,-1.915108847,-0.335144233
CTCAATTGTGGCTACC-1_2,Sham,Cytotoxic,T,-2.053742098,0.26674806
CTCAATTGTGTAAATG-1_2,Sham,NaiveT,T,0.183236256,6.786316473
CTCACTGGTGACTGTT-1_2,Sham,ILC,ILC,9.071234299,2.711246569
CTCAGAAGTGGCCACT-1_2,Sham,T-Helper,T,0.143563663,0.908960302
CTCAGAATCCTTCTAA-1_2,Sham,NaiveT,T,0.755976511,7.012010176
CTCAGAATCGTAGTGT-1_2,Sham,T-Helper,T,2.998874498,2.137747128
CTCAGGGGTGGTATGG-1_2,Sham,ILC,ILC,6.951919151,1.489620526
CTCAGGGTCCAAGAGG-1_2,Sham,Cytotoxic,T,-2.797941851,0.246446152
CTCATCGGTGCAGATG-1_2,Sham,NaiveT,T,1.241490675,6.477647383
CTCATGCCAGCAGTTT-1_2,Sham,gdT,T,9.769908501,-5.546552103
CTCATGCTCGGAGTGA-1_2,Sham,NaiveT,T,-0.281727092,8.724980433
CTCATGCTCTATCGCC-1_2,Sham,ILC,ILC,7.72460754,1.643419344
CTCATTAGTATGCTTG-1_2,Sham,NKT,T,-4.933428692,-2.849919479
CTCATTATCATGCGGC-1_2,Sham,NKT,T,-4.440166401,-3.190963667
CTCCATGAGATGGGCT-1_2,Sham,Cytotoxic,T,-0.322360413,-3.322338264
CTCCCAATCAGTGATC-1_2,Sham,T-DN,T,0.378567768,3.697701294
CTCCCTCGTGATCATC-1_2,Sham,NaiveT,T,1.445155216,6.328683932
CTCCGATGTCCCTGAG-1_2,Sham,NKT,T,-5.069092201,-2.548667352
CTCCTTTAGCTCACTA-1_2,Sham,NaiveT,T,-0.916623162,6.242177088
CTCCTTTGTGGCACTC-1_2,Sham,NKT,T,-5.158767628,-3.199273746
CTCGAGGAGCCTATTG-1_2,Sham,NK,NK,-8.07793753,-6.401737611
CTCGAGGTCATTCCTA-1_2,Sham,T-Helper,T,1.300740195,0.752276738
CTCTGGTAGAAGTGTT-1_2,Sham,NaiveT,T,0.534855796,8.86431988
CTCTGGTAGTTCCTGA-1_2,Sham,NK,NK,-8.494340347,-8.494250219
CTGAGCGTCCGATAGT-1_2,Sham,NaiveT,T,1.690539671,7.009768088
CTGAGCGTCTAGCATG-1_2,Sham,Cytotoxic,T,-4.100546288,0.174140294
CTGAGGCTCTCTCGAC-1_2,Sham,ILC,ILC,9.074160172,2.361899693
CTGATCCAGGACAACC-1_2,Sham,NK,NK,-6.301402973,-6.152899187
CTGCAGGTCTGGCCTT-1_2,Sham,gdT,T,8.300922943,-6.025304716
CTGCATCCAGATCACT-1_2,Sham,T-DN,T,0.696040703,3.168156464
CTGCCATAGGTTACAA-1_2,Sham,NaiveT,T,-0.33507465,8.477644045
CTGCCTAGTGATACCT-1_2,Sham,ILC,ILC,9.494178368,2.76152714
CTGCGAGTCCAACTGA-1_2,Sham,ILC,ILC,8.033954216,1.373147924
CTGGACGCACAATGCT-1_2,Sham,NaiveT,T,-1.491493153,5.845126707
CTGGACGTCTCACTCG-1_2,Sham,NKT,T,-5.681109356,-1.892846267
CTGGACGTCTCCAAGA-1_2,Sham,NK,NK,-8.618195938,-6.439717691
CTGGTCTAGTGATCGG-1_2,Sham,NaiveT,T,-1.077569293,7.541865427
CTGGTCTTCGCCAGAC-1_2,Sham,NKT,T,-4.344989227,-2.417422931
CTGTCGTCATCAGCTA-1_2,Sham,gdT,T,7.814788414,-6.780156057
CTGTCGTGTTACGCCG-1_2,Sham,NaiveT,T,-0.634920346,8.052904208
CTGTGAAGTCCAAAGG-1_2,Sham,NaiveT,T,-1.156791853,8.090097506
CTGTGAATCCATTTCA-1_2,Sham,NaiveT,T,-1.659331488,5.599788744
CTTCAATCAACACACT-1_2,Sham,Cytotoxic,T,0.897643162,-2.472233694
CTTCCGATCGTCGCTT-1_2,Sham,NaiveT,T,1.805002762,7.894592841
CTTCCTTCAATAACCC-1_2,Sham,NK,NK,-8.884435104,-8.492892187
CTTCCTTTCTGAGATC-1_2,Sham,NaiveT,T,1.795845581,8.209725459
CTTCTAAAGTTCCAGT-1_2,Sham,NaiveT,T,1.375877214,8.054251749
CTTCTAAGTCGATTTG-1_2,Sham,NaiveT,T,0.888138605,8.525766451
CTTGAGACAACCGATT-1_2,Sham,NK,NK,-6.720358776,-5.690162103
CTTTCAAAGAGCCTGA-1_2,Sham,NK,NK,-6.166818546,-5.97703449
CTTTCAACACCTCTGT-1_2,Sham,Treg,T,2.94295509,3.905593474
CTTTCAAGTGCGAGTA-1_2,Sham,NaiveT,T,-1.184222268,6.068927367
GAAACCTGTCGTTATG-1_2,Sham,ILC,ILC,7.807713104,1.268747528
GAAACCTTCTGTGCAA-1_2,Sham,Cytotoxic,T,-4.599679874,0.816432733
GAAATGATCCGTGTCT-1_2,Sham,T-Helper,T,1.868005348,0.675270398
GAACACTTCGAGAAAT-1_2,Sham,NK,NK,-8.914405273,-6.95193712
GAACTGTAGAGGATCC-1_2,Sham,Treg,T,3.576404167,0.18629684
GAACTGTGTGGACTAG-1_2,Sham,NaiveT,T,1.781082703,7.10655411
GAACTGTTCCCGAGTG-1_2,Sham,NaiveT,T,-1.0425884,6.949659426
GAACTGTTCGGTCTAA-1_2,Sham,NKT,T,-3.77348535,-2.514336507
GAAGAATCAAACCATC-1_2,Sham,NaiveT,T,-1.415019797,6.18325146
GAAGAATCACCCTATC-1_2,Sham,T-Helper,T,1.031512691,0.769219596
GAAGAATGTTGTGGAG-1_2,Sham,NaiveT,T,1.021358086,9.042227824
GAAGAATTCTTAGCCC-1_2,Sham,NaiveT,T,0.548723144,8.040898402
GAAGCGAGTCGATTCA-1_2,Sham,T-Helper,T,2.47723086,2.137063343
GAAGGACAGTTCGCAT-1_2,Sham,NaiveT,T,-1.075559782,8.093953211
GAAGTAAGTTCGGTCG-1_2,Sham,T-Helper,T,1.364705158,0.336213459
GAATAGAGTCATCACA-1_2,Sham,NaiveT,T,2.049232675,8.933212359
GAATCACTCAAACGAA-1_2,Sham,Treg,T,2.859787298,3.791177351
GAATCACTCAGTGATC-1_2,Sham,NKT,T,-5.071733402,-2.543913763
GAATCACTCTCCAAGA-1_2,Sham,ILC,ILC,6.517403675,1.655188639
GACACGCCAGTCACGC-1_2,Sham,NKT,T,-4.002255844,-2.702012222
GACACGCTCAAATAGG-1_2,Sham,NK,NK,-8.713076042,-8.037409704
GACAGCCGTGTATTCG-1_2,Sham,Cytotoxic,T,-3.566087412,2.02858742
GACATCAGTGTCTCCT-1_2,Sham,NKT,T,-5.186999725,-3.314263027
GACCCAGAGACAGTCG-1_2,Sham,NaiveT,T,2.272874666,6.180874903
GACCCAGAGTTGAAAC-1_2,Sham,T-Helper,T,0.953465653,0.799922128
GACCCAGGTCGAGTTT-1_2,Sham,NKT,T,-5.788042473,-2.233122032
GACCCTTCATCTCCCA-1_2,Sham,T-DN,T,0.336757375,2.287535508
GACCTTCCAAGCGCTC-1_2,Sham,gdT,T,8.558974815,-5.498808305
GACCTTCCAGGCTATT-1_2,Sham,NK,NK,-7.454053329,-6.679098528
GACCTTCGTCAAAGCG-1_2,Sham,ILC,ILC,8.553659035,2.082906086
GACCTTCGTCATCGCG-1_2,Sham,Cytotoxic,T,-1.181464242,0.250241626
GACGCTGCATCGAGCC-1_2,Sham,NaiveT,T,0.411262242,8.742819865
GACGTTACAGAGGCTA-1_2,Sham,NaiveT,T,0.719837917,7.674612601
GACGTTACAGTGGTGA-1_2,Sham,NK,NK,-7.874047684,-7.526675146
GACTATGAGAGTTGCG-1_2,Sham,NK,NK,-7.057190823,-6.426031034
GACTATGAGTAGTCAA-1_2,Sham,Cytotoxic,T,-3.965438293,1.3091348
GACTCAAGTGAGACCA-1_2,Sham,T-Helper,T,-0.296606915,0.509022136
GACTCTCAGCGAAACC-1_2,Sham,NaiveT,T,1.270098282,6.01159199
GACTCTCTCCGATGTA-1_2,Sham,NKT,T,-5.393805431,-3.630108755
GACTGATAGATTGAGT-1_2,Sham,ILC,ILC,8.413350655,1.506229718
GACTTCCCATTGCAAC-1_2,Sham,Cytotoxic,T,-4.383245872,0.987263997
GAGACCCAGCTGTACT-1_2,Sham,gdT,T,8.268457962,-4.69914047
GAGACCCTCGAACGCC-1_2,Sham,ILC,ILC,6.955660893,1.951240618
GAGAGGTGTGAGTTGG-1_2,Sham,NaiveT,T,0.017611308,8.64759453
GAGGCAAAGCCGTTGC-1_2,Sham,ILC,ILC,7.629864288,2.172257979
GAGGCCTAGTCACTCA-1_2,Sham,NK,NK,-4.206270145,-4.185064714
GAGGCCTCATTGCAAC-1_2,Sham,T-DN,T,0.680644465,2.368947346
GAGGGATGTATATGGA-1_2,Sham,ILC,ILC,7.236210419,1.138365466
GAGTCATAGTTAGTGA-1_2,Sham,ILC,ILC,8.512528969,2.356347639
GAGTCTAGTAGGCTGA-1_2,Sham,ILC,ILC,8.525483681,1.089002688
GAGTCTATCGGTCACG-1_2,Sham,NaiveT,T,0.274943335,7.105040152
GAGTTACGTTACACAC-1_2,Sham,NaiveT,T,0.806419564,7.426737864
GAGTTGTAGATAGGGA-1_2,Sham,NK,NK,-8.036884712,-5.88127033
GATAGAAAGGATTTGA-1_2,Sham,NK,NK,-1.245868849,-4.798816602
GATAGAACACTAGTAC-1_2,Sham,NKT,T,-4.893348621,-1.471908848
GATAGCTGTCAGGTAG-1_2,Sham,gdT,T,7.732818676,-6.693173807
GATGACTAGAGAATCT-1_2,Sham,T-DN,T,1.617788745,3.58954509
GATGAGGCATGAGAAT-1_2,Sham,NKT,T,-4.421705173,-1.832737963
GATGATCAGCGAGTAC-1_2,Sham,NaiveT,T,0.994774593,8.73961838
GATGCTACAAGAGATT-1_2,Sham,NaiveT,T,-1.246771621,6.594441492
GATGCTAGTCGGAACA-1_2,Sham,NaiveT,T,-0.704999672,8.200129588
GATGGAGGTATGCTTG-1_2,Sham,T-Helper,T,2.574827982,3.031740744
GATGGAGTCGCCGTGA-1_2,Sham,ILC,ILC,7.967754913,1.550098855
GATGTTGCACTCTGCT-1_2,Sham,NaiveT,T,0.024109064,7.447774012
GATGTTGTCTACGCAA-1_2,Sham,T-DN,T,0.646192117,3.291170437
GATTCGAGTGTGAGCA-1_2,Sham,T-Helper,T,1.738059712,2.866639454
GATTCTTCATGGAAGC-1_2,Sham,T-Helper,T,0.142966086,0.297422875
GATTGGTGTGTTAAAG-1_2,Sham,NKT,T,-6.311870026,-2.353042762
GATTTCTGTCCTTAAG-1_2,Sham,NK,NK,-8.534098076,-7.368578832
GCAACATCACTTGGGC-1_2,Sham,Cytotoxic,T,-3.819358992,2.68455394
GCAACATTCAGCTCTC-1_2,Sham,ILC,ILC,7.301335884,1.288042982
GCACGTGAGCAAGCCA-1_2,Sham,NaiveT,T,-1.388063477,6.265019495
GCACGTGAGGAGCAAA-1_2,Sham,NaiveT,T,-0.6892349,8.326817591
GCAGCTGGTCTAGTGT-1_2,Sham,T-Helper,T,2.084226919,0.763940651
GCAGGCTGTAGCACGA-1_2,Sham,NaiveT,T,-1.476840662,7.443258841
GCAGGCTTCGTAATGC-1_2,Sham,NaiveT,T,1.388332201,7.947287638
GCAGTTAGTCCCGTGA-1_2,Sham,NK,NK,-8.746606277,-6.357144754
GCATCTCCATCTCGTC-1_2,Sham,NaiveT,T,1.982678844,7.167724211
GCATCTCCATGGGCAA-1_2,Sham,NaiveT,T,1.501206113,7.358732779
GCATGATCACCTGCAG-1_2,Sham,T-Helper,T,1.123219861,0.633248467
GCATGATTCGACATCA-1_2,Sham,NaiveT,T,0.092290019,7.614859183
GCATGATTCGCTAATG-1_2,Sham,NKT,T,-5.610180305,-3.715524595
GCATTAGAGATCGCTT-1_2,Sham,NKT,T,-3.564547466,-3.640407722
GCATTAGTCCCTTTGG-1_2,Sham,NaiveT,T,-0.150871473,6.565741618
GCCAACGCATTGGCAT-1_2,Sham,Cytotoxic,T,-3.864875244,2.990621169
GCCAACGTCGTCAACA-1_2,Sham,T-Helper,T,0.332084996,0.704752345
GCCAGCATCTTGGTCC-1_2,Sham,NaiveT,T,2.549574448,7.437267382
GCCAGGTCAATGAACA-1_2,Sham,NaiveT,T,2.097749783,4.823154051
GCCAGGTCACGAGGAT-1_2,Sham,gdT,T,8.448021484,-5.78586046
GCCAGGTGTTTAGACC-1_2,Sham,NaiveT,T,2.510571791,7.398073752
GCCAGTGCAAGCCTGC-1_2,Sham,T-Helper,T,1.163076414,1.447743137
GCCAGTGCACGGCCAT-1_2,Sham,NaiveT,T,1.466592504,6.457095702
GCCAGTGTCCATTTAC-1_2,Sham,Cytotoxic,T,-2.625592875,0.310286124
GCCATGGTCAGAGTGG-1_2,Sham,T-Helper,T,1.592982961,0.614899952
GCCATGGTCCACTTCG-1_2,Sham,NKT,T,-4.232799934,-2.453077238
GCCATTCAGACTTAAG-1_2,Sham,NaiveT,T,-1.040833401,7.198788245
GCCATTCTCATACGAC-1_2,Sham,NaiveT,T,1.311899377,6.730931361
GCCATTCTCCCTTGGT-1_2,Sham,Treg,T,2.781842304,1.839932043
GCCCGAAAGTTGGCTT-1_2,Sham,T-Helper,T,2.397244049,1.587077458
GCCGATGCAAACGTGG-1_2,Sham,NKT,T,-5.170895027,-2.344677847
GCCGTGAAGGCTATCT-1_2,Sham,Cytotoxic,T,-0.528101312,-1.179712098
GCCGTGACACCGCTGA-1_2,Sham,NaiveT,T,-1.853832172,6.216342051
GCCTGTTCACACGGTC-1_2,Sham,NKT,T,-3.810792374,-3.192469995
GCCTGTTTCGAAGCAG-1_2,Sham,ILC,ILC,7.839712692,1.08125325
GCGATCGTCTGACAGT-1_2,Sham,Cytotoxic,T,-3.07052009,1.444703538
GCGGATCGTCCGAAAG-1_2,Sham,NKT,T,-5.368787693,-1.937707942
GCGGATCGTGGCATCC-1_2,Sham,NKT,T,-4.229253696,-3.4429578
GCGTGCATCATGGATC-1_2,Sham,NaiveT,T,0.229075013,6.897835333
GCGTTTCTCATCTACT-1_2,Sham,ILC,ILC,8.612023903,1.25967725
GCTACAACACCATTCC-1_2,Sham,NaiveT,T,2.863828016,7.59803446
GCTCAAATCATTCATC-1_2,Sham,NKT,T,-3.631862568,-1.409423869
GCTGAATAGGCTGTAG-1_2,Sham,T-Helper,T,0.601685924,0.0618313
GCTGAATCACCGTGGT-1_2,Sham,NaiveT,T,-1.504599976,6.200194914
GCTGAATTCTCCAAGA-1_2,Sham,NKT,T,-4.568289207,-1.662323516
GCTGCAGTCAAAGCCT-1_2,Sham,NaiveT,T,1.701407982,6.931492407
GCTGGGTCACAGCGCT-1_2,Sham,NaiveT,T,0.955770982,7.242990572
GCTGGGTGTAGTCGTT-1_2,Sham,NaiveT,T,-0.096849548,6.067302306
GCTTCACGTTGAGTCT-1_2,Sham,NaiveT,T,-0.206681179,7.096264918
GCTTGGGGTGACTCTA-1_2,Sham,gdT,T,9.181636406,-5.604032438
GCTTTCGCAAACGAGC-1_2,Sham,NaiveT,T,0.206314763,7.763732989
GCTTTCGCAAAGTGTA-1_2,Sham,T-Helper,T,1.964838577,1.277699191
GGAAGTGAGCACCGAA-1_2,Sham,gdT,T,9.409341408,-6.222425859
GGAAGTGCAAACACGG-1_2,Sham,NaiveT,T,-0.098035114,7.20201834
GGAAGTGTCAAAGACA-1_2,Sham,Cytotoxic,T,-3.639898705,0.150736619
GGAATCTAGTGGTTCT-1_2,Sham,NaiveT,T,2.089576078,7.06728657
GGAATGGAGTCTGCGC-1_2,Sham,NKT,T,-5.784608292,-2.024026792
GGAATGGCAGCGGTCT-1_2,Sham,NaiveT,T,1.21570356,7.065848429
GGAATGGTCAGACCTA-1_2,Sham,NaiveT,T,0.076238191,8.022823412
GGAATGGTCTGAGCAT-1_2,Sham,ILC,ILC,6.710877968,1.646332104
GGACGTCCAAGTTGGG-1_2,Sham,NKT,T,-4.597169804,-2.777542513
GGACGTCCAGACACAG-1_2,Sham,NaiveT,T,1.613443686,6.396520693
GGACGTCGTCGGTGTC-1_2,Sham,ILC,ILC,7.381482197,2.054218609
GGAGATGCAAATTGCC-1_2,Sham,NaiveT,T,1.539038373,7.77892216
GGAGCAACAGGCTACC-1_2,Sham,ILC,ILC,6.349476887,1.813851793
GGAGCAACATTGAGGG-1_2,Sham,NaiveT,T,-1.015330361,7.951801379
GGAGGTATCGTTAGAC-1_2,Sham,NK,NK,-7.629703926,-6.51082937
GGATGTTCAGCTTTGA-1_2,Sham,NKT,T,-5.846921848,-1.834489625
GGCACGTTCTTCTGTA-1_2,Sham,NKT,T,-5.012939381,-3.427844207
GGCTGTGTCCTGTTGC-1_2,Sham,Cytotoxic,T,-1.76375656,-0.505429309
GGCTTGGTCCTGGGTG-1_2,Sham,NaiveT,T,2.536996914,7.334876139
GGCTTTCAGCAGTAAT-1_2,Sham,NaiveT,T,2.507120205,6.455168326
GGGAAGTCAAATTGCC-1_2,Sham,NK,NK,-8.224874901,-6.092856805
GGGAAGTGTTGGGCCT-1_2,Sham,gdT,T,7.770267559,-4.635348241
GGGAAGTTCGCCAATA-1_2,Sham,NK,NK,-6.965854095,-7.467305105
GGGACAAGTCCAAATC-1_2,Sham,NK,NK,-9.066855835,-8.094471376
GGGACTCAGACGCATG-1_2,Sham,gdT,T,8.320674492,-6.162690561
GGGAGATTCAGGTGTT-1_2,Sham,NKT,T,-7.620958733,-7.454545896
GGGAGTAAGTCCCAAT-1_2,Sham,NaiveT,T,1.343505455,9.016946871
GGGAGTATCTCGTGGG-1_2,Sham,NaiveT,T,-0.559135484,8.402928431
GGGCCATTCATGAGGG-1_2,Sham,gdT,T,2.32266791,0.074917112
GGGCGTTAGGCAGTCA-1_2,Sham,Cytotoxic,T,-5.098000454,0.125781346
GGGCGTTCAGAAGTGC-1_2,Sham,Cytotoxic,T,-3.427621531,3.291940529
GGGCGTTTCGAAGCAG-1_2,Sham,NaiveT,T,1.328549219,8.158510287
GGGCTACTCGACGATT-1_2,Sham,T-DN,T,0.824464632,3.741996367
GGGTGAACACAAGTTC-1_2,Sham,Cytotoxic,T,-5.158804821,-0.119002882
GGGTTTAAGAATACAC-1_2,Sham,ILC,ILC,8.434819771,1.397662599
GGTAATCAGAAGCTCG-1_2,Sham,ILC,ILC,8.404860092,2.081628163
GGTAATCAGAGGTTAT-1_2,Sham,NK,NK,-8.919288086,-7.972314279
GGTAATCGTAGCACGA-1_2,Sham,NaiveT,T,-0.698617743,7.174628813
GGTAGAGAGCACCTGC-1_2,Sham,NaiveT,T,-1.374269294,7.918758471
GGTAGAGGTGGCTTGC-1_2,Sham,Cytotoxic,T,-8.024346756,-4.71935312
GGTCACGTCATAGACC-1_2,Sham,NKT,T,-5.185391354,-3.463904779
GGTCTGGAGGAGTCTG-1_2,Sham,Cytotoxic,T,-4.327714848,2.54110225
GGTCTGGAGTACAGAT-1_2,Sham,T-Helper,T,1.114413155,1.673312027
GGTCTGGGTCGTTATG-1_2,Sham,TCM,T,-1.300515818,3.077134211
GGTGATTAGCGAGAAA-1_2,Sham,T-Helper,T,1.213124467,0.808034141
GGTGGCTCAACGGGTA-1_2,Sham,NaiveT,T,1.945516897,8.291058619
GGTGGCTTCCGATCGG-1_2,Sham,ILC,ILC,9.3900028,2.542493184
GGTGTCGCACGTAGAG-1_2,Sham,ILC,ILC,6.861025883,1.800827224
GGTGTCGCAGAGTTCT-1_2,Sham,ILC,ILC,9.367632462,2.744148333
GGTGTCGTCCGTGGCA-1_2,Sham,NaiveT,T,2.319097115,8.315885622
GGTGTTATCGGCTGGT-1_2,Sham,T-DN,T,0.828108443,2.60113867
GGTTAACAGCTCGCAC-1_2,Sham,ILC,ILC,8.052242352,1.039658148
GGTTAACGTCTGTTAG-1_2,Sham,T-DN,T,0.498888625,3.03491195
GGTTAACGTGCCAAGA-1_2,Sham,NaiveT,T,0.739593638,8.409673769
GGTTGTAAGTTCCGGC-1_2,Sham,gdT,T,8.1318074,-6.395111959
GGTTGTACAAGCCTGC-1_2,Sham,gdT,T,8.749142242,-6.438170831
GTAATCGAGATTGGGC-1_2,Sham,Cytotoxic,T,-3.351602005,3.290318806
GTAATCGTCATCTACT-1_2,Sham,ILC,ILC,9.374276711,2.644958813
GTAATGCAGTAATTGG-1_2,Sham,NK,NK,-7.944396423,-5.863581102
GTAATGCAGTATGAGT-1_2,Sham,Cytotoxic,T,-4.953292297,0.870026607
GTAATGCTCATCCTGC-1_2,Sham,NaiveT,T,1.825822903,6.282412608
GTAATGCTCTGACCCT-1_2,Sham,ILC,ILC,9.140681816,2.561201174
GTACAACAGAGTGGCT-1_2,Sham,gdT,T,9.759812904,-5.771377008
GTACAACAGGTTAGTA-1_2,Sham,T-Helper,T,2.261784864,2.939885456
GTACAGTGTGTCTTAG-1_2,Sham,NK,NK,-7.285550045,-6.198140543
GTAGAGGGTTAAGGAT-1_2,Sham,T-DN,T,0.685194267,2.387805302
GTAGATCGTCATAGTC-1_2,Sham,Cytotoxic,T,-2.930906939,0.732314069
GTAGCTAAGTATCCTG-1_2,Sham,ILC,ILC,7.755428387,1.20492645
GTAGGTTGTATCGCAT-1_2,Sham,ILC,ILC,8.931844307,2.347079832
GTAGGTTTCCACGGAC-1_2,Sham,ILC,ILC,7.746172977,2.134951908
GTATTTCCACCACTGG-1_2,Sham,NaiveT,T,2.285792423,6.812627394
GTATTTCCAGTTAGGG-1_2,Sham,NaiveT,T,1.851451589,8.442514498
GTATTTCGTTCTGACA-1_2,Sham,NaiveT,T,0.696773304,6.640173514
GTCAAACTCGCTGATA-1_2,Sham,NaiveT,T,1.060620976,7.429108221
GTCAAGTTCATAGACC-1_2,Sham,NKT,T,-6.022467541,-2.37592427
GTCACGGAGGTCTACT-1_2,Sham,NaiveT,T,2.163761092,6.737089713
GTCACGGTCGCCAACG-1_2,Sham,NaiveT,T,0.166253176,6.29234751
GTCACGGTCTCCGAGG-1_2,Sham,T-DN,T,0.05214045,2.781865199
GTCACTCCATGGCTAT-1_2,Sham,Cytotoxic,T,-1.822151946,1.5104446
GTCACTCGTCATGACT-1_2,Sham,Cytotoxic,T,0.716936363,-3.845121544
GTCACTCTCTTACCGC-1_2,Sham,NaiveT,T,2.49251516,7.439372141
GTCAGCGCAGGCTTGC-1_2,Sham,NaiveT,T,-1.969634699,5.834621031
GTCAGCGCATGCACTA-1_2,Sham,NKT,T,-4.044875549,-2.528056543
GTCAGCGGTGTGCCTG-1_2,Sham,Cytotoxic,T,-2.932930159,0.244782705
GTCATTTGTTAGGCCC-1_2,Sham,NKT,T,-5.471642899,-2.038507621
GTCCACTAGGGCATGT-1_2,Sham,NaiveT,T,0.706685437,7.99889477
GTCGCGACATGCAGCC-1_2,Sham,NaiveT,T,0.785373224,6.679051478
GTCGCGAGTACGACAG-1_2,Sham,T-Helper,T,2.649221254,2.689789851
GTCGCGATCCTGTTAT-1_2,Sham,NaiveT,T,0.844551874,7.188870032
GTCGTTCTCCCTCTAG-1_2,Sham,NK,NK,-5.449778484,-4.755364816
GTCTAGAAGGTTTACC-1_2,Sham,Cytotoxic,T,1.098203553,-2.307202261
GTCTCACCAGCCCAGT-1_2,Sham,NaiveT,T,-0.179704653,6.989453394
GTCTTTAAGGCTTAAA-1_2,Sham,NKT,T,-3.385093378,-3.126872699
GTCTTTAGTGAGTTTC-1_2,Sham,NKT,T,-4.572172569,-2.515809696
GTGAGGAAGTCAGGGT-1_2,Sham,NaiveT,T,1.134176029,8.950880129
GTGATGTAGGATATGT-1_2,Sham,T-DN,T,0.151989237,2.17294224
GTGATGTTCACGGAGA-1_2,Sham,NaiveT,T,1.217759086,8.531625826
GTGCAGCCACTGCTTC-1_2,Sham,NK,NK,-5.789369511,-6.940639417
GTGCAGCCAGCAGTCC-1_2,Sham,gdT,T,7.846559597,-5.734269064
GTGCGTGTCTTAGTTC-1_2,Sham,NKT,T,-4.670597004,-1.317028325
GTGCTGGAGCTGAAAT-1_2,Sham,ILC,ILC,8.745598389,1.694258053
GTGGAAGCAAGGCAAC-1_2,Sham,ILC,ILC,8.904832436,1.798942048
GTGGAAGGTAGCGCCT-1_2,Sham,NKT,T,-5.951658176,-2.050634425
GTGGCGTGTCAAAGCG-1_2,Sham,NaiveT,T,1.934447361,8.630111773
GTGGCGTTCATGAGGG-1_2,Sham,T-DN,T,-0.858366178,2.093699295
GTGGGAAAGCGAGAAA-1_2,Sham,TCM,T,0.754983736,5.440340121
GTGGGAACACATTCTT-1_2,Sham,NaiveT,T,-0.264128881,8.222177584
GTGGTTAAGCACACAG-1_2,Sham,NK,NK,-5.813204693,-5.509489458
GTGTAACAGTCTAGCT-1_2,Sham,NaiveT,T,-1.232913422,8.016844828
GTGTAACCATGGCACC-1_2,Sham,NKT,T,-3.694080519,-3.215891044
GTGTAACTCCACTTCG-1_2,Sham,NaiveT,T,1.341518355,8.418780405
GTGTCCTTCATGAGAA-1_2,Sham,NK,NK,-7.947472977,-6.383510511
GTGTGATCAGAGGGTT-1_2,Sham,NKT,T,-6.08917992,-2.041765969
GTGTTAGTCAATGCAC-1_2,Sham,ILC,ILC,6.331907345,1.973701556
GTGTTCCCACCTCGTT-1_2,Sham,NK,NK,-7.455029892,-5.202968042
GTGTTCCGTATCCTTT-1_2,Sham,NaiveT,T,0.88269992,9.006598551
GTTACAGAGTCGCCAC-1_2,Sham,NaiveT,T,2.160692287,8.645297129
GTTACAGTCAATCAGC-1_2,Sham,ILC,ILC,7.374280525,1.554023821
GTTACCCAGAAATGGG-1_2,Sham,Cytotoxic,T,0.59422378,-2.79555599
GTTACCCGTTGGGTAG-1_2,Sham,T-Helper,T,-0.142395305,0.454640109
GTTAGTGGTACAGAAT-1_2,Sham,ILC,ILC,8.313333107,1.527071793
GTTCGCTTCGTAACTG-1_2,Sham,T-DN,T,-0.574385153,-1.51304261
GTTGCGGCACCAGCGT-1_2,Sham,Cytotoxic,T,-5.389823364,0.202607055
GTTGCTCCACGGTCTG-1_2,Sham,NaiveT,T,2.216776682,6.014814455
GTTGTCCCAGGTGACA-1_2,Sham,Cytotoxic,T,0.317737875,-3.329364698
GTTGTGAGTAGTCGTT-1_2,Sham,Cytotoxic,T,-4.372590946,0.206947793
GTTGTGATCGGACCAC-1_2,Sham,Cytotoxic,T,-3.223952459,-0.101836226
TAACACGAGTTTCGAC-1_2,Sham,ILC,ILC,8.702383591,1.519797165
TAACCAGCAGGATGAC-1_2,Sham,NaiveT,T,0.864101184,9.127472002
TAACGACAGCCAGACA-1_2,Sham,NK,NK,-8.473630356,-6.647951048
TAACGACGTTTCTATC-1_2,Sham,NaiveT,T,-0.127183365,7.160351832
TAACTTCCACCAGGTC-1_2,Sham,ILC,ILC,6.129190517,1.872791011
TAAGCACCACCGTGCA-1_2,Sham,T-Helper,T,2.135326339,2.651428063
TAAGCCATCTTGGAAC-1_2,Sham,ILC,ILC,6.056182457,1.895851214
TAAGCGTGTACCCACG-1_2,Sham,ILC,ILC,7.392072273,1.496298749
TACAACGGTACGATGG-1_2,Sham,NaiveT,T,-0.179939287,6.510953982
TACAGGTTCAAAGAAC-1_2,Sham,Cytotoxic,T,-1.474521326,0.259348024
TACATTCAGCCGCTTG-1_2,Sham,NK,NK,-7.770830559,-6.55373184
TACATTCTCTCCTGCA-1_2,Sham,Cytotoxic,T,-2.560814547,2.265139897
TACATTCTCTCGCTCA-1_2,Sham,NaiveT,T,2.067192985,6.108281214
TACCCGTCAGGTATGG-1_2,Sham,NK,NK,-4.947972702,-4.159037988
TACCGAACAAGTTCGT-1_2,Sham,TCM,T,-1.969732212,5.31905802
TACCGGGCATTACGGT-1_2,Sham,NKT,T,-4.601974892,-3.821918409
TACCTCGAGCCGTCGT-1_2,Sham,NaiveT,T,-1.642726468,6.08771189
TACGCTCCAAAGGGTC-1_2,Sham,Cytotoxic,T,-4.335381912,-0.230072241
TACGCTCTCGACCAAT-1_2,Sham,NK,NK,-0.658834921,-4.622093122
TACGCTCTCTTCTCAA-1_2,Sham,ILC,ILC,6.924055172,1.477273066
TACGGGCAGGTGCCTC-1_2,Sham,NKT,T,-4.163106369,-3.321857612
TACGTCCCAATAACGA-1_2,Sham,NaiveT,T,-1.194458412,6.583719809
TACGTCCCACTCTGCT-1_2,Sham,Cytotoxic,T,-2.645862745,0.376077045
TACTGCCGTGGTTTGT-1_2,Sham,NaiveT,T,-0.645466017,6.902875979
TACTGCCTCTGGAGAG-1_2,Sham,NKT,T,-5.127316402,-2.786374252
TACTTACGTGTCTTGA-1_2,Sham,Treg,T,3.785896374,0.616437216
TACTTACTCACCATGA-1_2,Sham,Cytotoxic,T,-0.377350794,-3.371187132
TACTTCAGTCCTTGTC-1_2,Sham,ILC,ILC,7.722844196,1.40555938
TAGACCAAGATTCGAA-1_2,Sham,Treg,T,3.50558622,-0.323119904
TAGAGTCTCAGTGTTG-1_2,Sham,NK,NK,-8.224691795,-6.903619688
TAGAGTCTCCAGTACA-1_2,Sham,NaiveT,T,0.840395821,7.802220423
TAGCACACACGTAGTT-1_2,Sham,gdT,T,7.714420391,-5.438697736
TAGCACAGTTGGAGGT-1_2,Sham,NaiveT,T,1.331863714,8.20783623
TAGGAGGAGGCTGGAT-1_2,Sham,NaiveT,T,0.598976416,6.88900717
TAGGAGGCAGTTTCGA-1_2,Sham,NK,NK,-6.983097004,-6.197400491
TAGGAGGGTTCTCACC-1_2,Sham,ILC,ILC,8.729443146,1.276941616
TAGGGTTGTCCCTAAA-1_2,Sham,Cytotoxic,T,-4.503626274,2.178786356
TAGGGTTTCTGTCCCA-1_2,Sham,Cytotoxic,T,-4.580166744,1.952478487
TATACCTGTTTACTGG-1_2,Sham,NaiveT,T,1.658993078,6.701146204
TATATCCCAAGTGCAG-1_2,Sham,NaiveT,T,-0.819364773,7.75766762
TATATCCCATCGTCCT-1_2,Sham,T-DN,T,0.314444138,2.71399339
TATCAGGAGTAAAGCT-1_2,Sham,Cytotoxic,T,-2.207450556,1.861241777
TATCAGGCAAGTGATA-1_2,Sham,T-DN,T,-2.911434578,-1.742895048
TATCCTACAGTGCGCT-1_2,Sham,NaiveT,T,-0.670296,6.679023344
TATCCTATCCCTCTAG-1_2,Sham,ILC,ILC,9.082840515,2.408628542
TATCGCCGTGGAAGTC-1_2,Sham,Cytotoxic,T,-2.707861351,2.152476151
TATCGCCTCATTCGTT-1_2,Sham,NKT,T,-5.116570877,-1.279477875
TATCTGTGTATGAGGC-1_2,Sham,T-DN,T,0.294167532,2.49788316
TATCTTGTCTAGAGCT-1_2,Sham,NaiveT,T,2.257995201,7.078951914
TATGTTCAGACGGAAA-1_2,Sham,NaiveT,T,-1.926515984,6.670219023
TATTGCTAGCATCTTG-1_2,Sham,Cytotoxic,T,-3.001624512,1.442080934
TATTTCGAGCGCGTTC-1_2,Sham,NaiveT,T,1.354047609,7.236910422
TCAAGACCAGTCGTTA-1_2,Sham,ILC,ILC,8.656212402,1.430475314
TCAAGACGTACGATTC-1_2,Sham,T-Helper,T,1.364815308,0.988064725
TCAAGCACATCACAGT-1_2,Sham,gdT,T,9.515133453,-4.252375524
TCAAGTGCAGGACTAG-1_2,Sham,NaiveT,T,1.254870487,7.959432681
TCAAGTGGTCGTATTG-1_2,Sham,Cytotoxic,T,-2.445889162,0.126681704
TCAATCTAGGTAATCA-1_2,Sham,NaiveT,T,0.783754898,8.920140345
TCAATTCAGTGCACCC-1_2,Sham,Treg,T,3.477721287,0.205001552
TCACAAGGTTCTAACG-1_2,Sham,Cytotoxic,T,-3.835457252,2.032436449
TCACAAGTCTACCACC-1_2,Sham,NaiveT,T,-0.284087317,6.613989909
TCACATTAGCCGTCGT-1_2,Sham,NK,NK,-7.877004074,-8.005880754
TCACATTCACATATGC-1_2,Sham,NK,NK,-8.428841995,-6.166158121
TCACATTTCATTCGTT-1_2,Sham,T-Helper,T,2.103227569,1.97574671
TCACGCTAGCCTCGTG-1_2,Sham,NK,NK,-8.942706512,-7.998672884
TCACGGGGTTAGAAGT-1_2,Sham,T-Helper,T,2.845152212,1.68555804
TCAGCCTGTCGATTAC-1_2,Sham,NaiveT,T,0.633602215,6.703416426
TCAGGGCAGGCTAAAT-1_2,Sham,Cytotoxic,T,-0.763365077,-1.216730397
TCAGGGCGTTGGGATG-1_2,Sham,NaiveT,T,-1.368084597,6.662204821
TCAGGTAGTTGCAAGG-1_2,Sham,NaiveT,T,-0.416539597,7.609247286
TCAGTCCCACGAGAAC-1_2,Sham,Treg,T,3.18646176,-0.580848258
TCAGTCCCAGGGAATC-1_2,Sham,Cytotoxic,T,-2.403014111,-0.184854839
TCATACTAGGTAACTA-1_2,Sham,NKT,T,-4.959124493,-3.002809446
TCATATCAGACATAAC-1_2,Sham,NK,NK,-5.775554584,-5.549969118
TCATATCAGGTCACTT-1_2,Sham,ILC,ILC,9.22294767,2.494505007
TCATATCCAGATACTC-1_2,Sham,NaiveT,T,1.030070497,6.437091429
TCATATCTCGCTCCTA-1_2,Sham,NaiveT,T,-0.904494452,6.029102881
TCATCATGTCATCTAG-1_2,Sham,T-DN,T,1.142064823,3.815159638
TCATCATGTGTTCGAT-1_2,Sham,NaiveT,T,1.828711582,8.301747401
TCATCCGAGTCGCCAC-1_2,Sham,ILC,ILC,8.88077314,2.55793174
TCATCCGAGTGATAGT-1_2,Sham,Cytotoxic,T,-2.192878412,0.92578562
TCATGCCCACCGTCGA-1_2,Sham,NK,NK,-6.782242702,-4.221590917
TCATGGACACATACTG-1_2,Sham,T-Helper,T,2.196207596,2.810634692
TCATGGACATTGAAGA-1_2,Sham,NaiveT,T,2.576513601,7.050083716
TCATGTTAGTGGTTGG-1_2,Sham,NaiveT,T,2.146161748,8.225812991
TCATTACCACAGACGA-1_2,Sham,Cytotoxic,T,-4.872116493,0.167142202
TCATTACGTTTGGCTA-1_2,Sham,NaiveT,T,2.298559023,6.173926909
TCATTCAAGTGCACTT-1_2,Sham,NKT,T,-6.120879101,-2.202293079
TCATTGTAGATACATG-1_2,Sham,Cytotoxic,T,-4.537629055,-0.371722143
TCATTGTGTGTCCTAA-1_2,Sham,Treg,T,3.834224297,0.178080667
TCCACCACAATTTCTC-1_2,Sham,NaiveT,T,1.438203288,7.629115183
TCCAGAAGTTCAGGTT-1_2,Sham,NKT,T,-3.676988768,-2.956450622
TCCCACACAGCACAGA-1_2,Sham,NaiveT,T,1.114267422,5.829903204
TCCGAAATCCGGTTCT-1_2,Sham,Cytotoxic,T,-5.123112606,0.03356326
TCCGAAATCGAGAAGC-1_2,Sham,NK,NK,-5.75112574,-4.690964143
TCCGATCCAGTTTCAG-1_2,Sham,NaiveT,T,-1.536672639,7.052087386
TCCGTGTGTGCTGCAC-1_2,Sham,NaiveT,T,1.027587665,7.265117724
TCCTCTTTCACGTAGT-1_2,Sham,Treg,T,3.021773649,1.687671621
TCCTGCATCAACGTGT-1_2,Sham,ILC,ILC,8.102728439,1.529296477
TCCTTCTGTATGATCC-1_2,Sham,NK,NK,-8.554610657,-5.696281355
TCCTTCTGTGACAACG-1_2,Sham,ILC,ILC,8.122017933,2.009508688
TCCTTTCGTGCTAGCC-1_2,Sham,Cytotoxic,T,9.812015129,-4.668149393
TCGAACAAGCGTTCAT-1_2,Sham,NaiveT,T,1.999713613,7.446013529
TCGAACATCTTCTTCC-1_2,Sham,T-Helper,T,2.394684149,3.156591494
TCGAAGTAGTCTGGAG-1_2,Sham,TCM,T,-1.717083739,5.134881575
TCGACCTCACATATCG-1_2,Sham,Cytotoxic,T,-4.531500267,0.907089908
TCGACGGCACCGGAAA-1_2,Sham,NaiveT,T,-0.31032865,6.824473936
TCGACGGTCATGTCAG-1_2,Sham,TCM,T,-2.087220596,5.028740008
TCGACGGTCCATACAG-1_2,Sham,Cytotoxic,T,-2.118866371,0.899670322
TCGATTTTCACAGAGG-1_2,Sham,ILC,ILC,8.155427052,1.390002329
TCGCACTAGTCGGGAT-1_2,Sham,NK,NK,-6.20247929,-6.169455927
TCGCACTTCTCTATGT-1_2,Sham,NaiveT,T,2.396737886,8.03082474
TCGGGACTCGAAACAA-1_2,Sham,ILC,ILC,8.210592819,1.141485412
TCGGGCAAGAGGGTCT-1_2,Sham,NaiveT,T,-0.873501824,7.397720892
TCGGGTGGTCAATGGG-1_2,Sham,NaiveT,T,2.138470603,6.577982504
TCGTAGACATCACCAA-1_2,Sham,NaiveT,T,-1.806999492,5.78250273
TCGTCCAGTCCTCATC-1_2,Sham,NaiveT,T,1.731075717,8.169763644
TCGTCCATCCTCACTG-1_2,Sham,Cytotoxic,T,-0.578245508,0.565252502
TCTACATAGACTAGAT-1_2,Sham,NaiveT,T,1.187549425,7.673755724
TCTACATGTCGGCCTA-1_2,Sham,NaiveT,T,1.688479615,7.658941348
TCTACCGCAGGAATAT-1_2,Sham,Cytotoxic,T,-1.402074026,-0.828017573
TCTACCGCATCACGGC-1_2,Sham,NaiveT,T,2.338724209,7.624725897
TCTACCGGTATGAGAT-1_2,Sham,ILC,ILC,7.823101116,1.317953069
TCTACCGTCATGCAGT-1_2,Sham,NaiveT,T,1.521944595,7.247366984
TCTATCAGTAGTGATA-1_2,Sham,ILC,ILC,9.467887474,2.484430392
TCTCACGCAACAACAA-1_2,Sham,NaiveT,T,2.747309757,6.71167
TCTGCCAGTACCCACG-1_2,Sham,T-Helper,T,1.445891214,2.401355822
TCTGGCTAGATACTGA-1_2,Sham,NKT,T,-3.896933006,-2.38475148
TCTGGCTGTCTCGCGA-1_2,Sham,Cytotoxic,T,-3.132623838,1.622469146
TCTGGCTTCGAGAAAT-1_2,Sham,Cytotoxic,T,-2.616105484,0.009147067
TCTGTCGAGGAACTAT-1_2,Sham,Cytotoxic,T,-2.533925222,4.460279543
TCTTAGTGTCAGTCTA-1_2,Sham,Cytotoxic,T,0.306266663,-1.881120007
TCTTGCGCAGTAGTGG-1_2,Sham,NaiveT,T,2.614123417,7.595718939
TCTTTGAAGGGCGAAG-1_2,Sham,NaiveT,T,-0.731727408,7.372903426
TGAACGTAGGCTAAAT-1_2,Sham,NaiveT,T,-1.312773274,6.653932173
TGAACGTGTTCAGCGC-1_2,Sham,T-Helper,T,1.624801231,0.631686051
TGAACGTTCGGTCTGG-1_2,Sham,NKT,T,-4.788249897,-3.080457609
TGAATGCAGTTCCGTA-1_2,Sham,gdT,T,2.562130285,0.422202427
TGAATGCGTTCTATCT-1_2,Sham,NKT,T,-5.71747868,-2.354230564
TGACAGTAGCGAAACC-1_2,Sham,Cytotoxic,T,-3.873258518,1.805452664
TGACCCTAGGATGTTA-1_2,Sham,ILC,ILC,7.255411221,1.443614085
TGACCCTCATGTGCCG-1_2,Sham,NaiveT,T,-1.771699356,6.735049326
TGACCCTGTAGAATGT-1_2,Sham,ILC,ILC,8.603489471,2.280460198
TGACGCGCACCGTCTT-1_2,Sham,NaiveT,T,2.42177899,6.606420119
TGACGCGGTATGGGAC-1_2,Sham,NK,NK,-7.741433548,-7.003563802
TGAGCGCAGACCCGCT-1_2,Sham,NKT,T,-3.919255661,-2.630130689
TGAGCGCCACAGACGA-1_2,Sham,ILC,ILC,7.203762127,2.030026991
TGAGCGCCACAGGATG-1_2,Sham,Cytotoxic,T,-0.967635797,0.633343
TGAGGAGAGGGTTGCA-1_2,Sham,gdT,T,8.66029985,-3.807282608
TGAGGGAGTCATAGTC-1_2,Sham,ILC,ILC,6.757888866,1.772991259
TGAGGTTTCAGGAAAT-1_2,Sham,Cytotoxic,T,-1.728275107,1.187022765
TGAGTCAAGAGAGTGA-1_2,Sham,T-Helper,T,1.452561213,0.718912203
TGATCAGGTGACAACG-1_2,Sham,NaiveT,T,1.243089868,8.755911906
TGATGCAGTCCGCAGT-1_2,Sham,gdT,T,7.744052006,-5.976414602
TGATGGTGTCAGTTTG-1_2,Sham,gdT,T,7.832035137,-5.314747255
TGATGGTTCCAACACA-1_2,Sham,T-Helper,T,1.203577233,-3.210391204
TGATGGTTCCTGATAG-1_2,Sham,T-DN,T,0.509997619,3.098375399
TGATGGTTCTCCCATG-1_2,Sham,ILC,ILC,8.575569702,2.348651249
TGATGGTTCTGAGAGG-1_2,Sham,T-Helper,T,0.963162375,0.867203314
TGATTCTAGGTGTGAC-1_2,Sham,NaiveT,T,-0.54116224,7.743095
TGATTTCAGGAAGAAC-1_2,Sham,NaiveT,T,1.552470161,8.925861437
TGCAGATCAGACACCC-1_2,Sham,NaiveT,T,-0.397831487,8.653866846
TGCAGATGTGGCATCC-1_2,Sham,ILC,ILC,9.237320496,2.534249623
TGCAGATTCGCGTTTC-1_2,Sham,Cytotoxic,T,-2.429370331,0.587995071
TGCGATAGTTCCATTT-1_2,Sham,T-DN,T,-0.148024248,2.084673483
TGCGGCATCTGCAGCG-1_2,Sham,T-Helper,T,0.724983228,-4.0686783
TGCGGGTGTCCAGGTC-1_2,Sham,T-DN,T,0.513124598,3.135360796
TGCGGGTTCAAGGACG-1_2,Sham,T-DN,T,0.434659852,2.032789309
TGCTCCAAGGTACCTT-1_2,Sham,NaiveT,T,0.086708074,7.434348185
TGCTCCAGTATCTCGA-1_2,Sham,NK,NK,-7.281770634,-5.868153017
TGCTGAAAGCGACAGT-1_2,Sham,NKT,T,-5.115206646,-2.458024423
TGCTTCGTCGGCATTA-1_2,Sham,NKT,T,-4.942288326,-2.546941917
TGGAACTCATCTAACG-1_2,Sham,ILC,ILC,9.460814072,2.798460801
TGGAACTGTAGGTACG-1_2,Sham,Cytotoxic,T,-5.176373886,-0.082352738
TGGAGGACAATGGCAG-1_2,Sham,NaiveT,T,1.924447847,7.184876997
TGGAGGACAGACAAGC-1_2,Sham,T-Helper,T,1.354076696,-2.995812814
TGGATCACATGCTGCG-1_2,Sham,NaiveT,T,-0.140502976,6.365027506
TGGGAAGCAGCCGTTG-1_2,Sham,Cytotoxic,T,-1.263061332,0.491725583
TGGGATTGTTTGTTGG-1_2,Sham,NKT,T,-6.125881123,-2.307349126
TGGGCGTAGCTTCTAG-1_2,Sham,NaiveT,T,1.157543553,7.162271101
TGGGCTGCAAGACCGA-1_2,Sham,ILC,ILC,7.879715038,1.473121602
TGGGTTAAGCGCTGCT-1_2,Sham,NaiveT,T,-1.021146344,6.608720858
TGGTACAGTAAGTAGT-1_2,Sham,Cytotoxic,T,-4.968215393,0.541821618
TGGTACAGTACCACGC-1_2,Sham,T-DN,T,-0.058278905,2.583389122
TGGTGATTCCATTGTT-1_2,Sham,NaiveT,T,0.068903645,7.535157282
TGGTTAGCACTCTAGA-1_2,Sham,NaiveT,T,2.238317324,7.71750601
TGTAACGAGTGAGGTC-1_2,Sham,ILC,ILC,7.997892929,1.316235263
TGTAACGCAATTGTGC-1_2,Sham,T-Helper,T,2.353517843,3.605392773
TGTAACGCATTGACCA-1_2,Sham,Cytotoxic,T,-1.562226104,1.911630947
TGTACAGCAACGCATT-1_2,Sham,NaiveT,T,-1.791397141,6.938272555
TGTAGACCAGTCAGTT-1_2,Sham,ILC,ILC,9.557013107,2.593580086
TGTAGACTCAAACGTC-1_2,Sham,NK,NK,-8.504979538,-8.04973356
TGTCCACAGATACATG-1_2,Sham,T-Helper,T,0.362408025,1.239620407
TGTCCACCAAGGCGTA-1_2,Sham,T-Helper,T,0.792889906,2.297528822
TGTCCCATCACCTCGT-1_2,Sham,Cytotoxic,T,-4.053437637,-1.133175652
TGTCCCATCCGCGATG-1_2,Sham,Cytotoxic,T,0.23718529,-3.870536726
TGTCCTGAGTTCTCTT-1_2,Sham,NKT,T,-4.773899006,-2.732376258
TGTGAGTTCTGACAGT-1_2,Sham,NaiveT,T,1.393457366,3.95371588
TGTGATGAGGACTTCT-1_2,Sham,NaiveT,T,1.655523611,5.211898882
TGTGCGGAGACGCCAA-1_2,Sham,Treg,T,3.216319157,-0.333731707
TGTGGCGCAATTTCTC-1_2,Sham,NKT,T,-4.699704575,-2.98992173
TGTTACTAGTTGTACC-1_2,Sham,NaiveT,T,2.842560364,6.678576071
TGTTACTCAGAACCGA-1_2,Sham,NKT,T,-5.686251091,-2.169645708
TGTTACTGTCCTCATC-1_2,Sham,ILC,ILC,7.546329571,1.342411597
TGTTCATGTCGTACTA-1_2,Sham,ILC,ILC,6.961898876,1.383535941
TGTTCATGTTCTAAGC-1_2,Sham,NaiveT,T,-0.744192766,7.24733885
TGTTGAGAGACCTGGA-1_2,Sham,NaiveT,T,0.845204009,9.094391901
TGTTGAGAGTTGGCTT-1_2,Sham,NK,NK,-1.057559775,-5.075614374
TGTTGAGCACACCTGG-1_2,Sham,ILC,ILC,7.021605087,1.576603849
TGTTGGATCATGTCTT-1_2,Sham,NaiveT,T,0.391828997,7.471386511
TGTTTGTGTAGCACGA-1_2,Sham,NK,NK,-7.511127399,-4.686296861
TTAATCCTCGCCTCTA-1_2,Sham,Cytotoxic,T,-2.05908029,0.937702973
TTACCATGTAACCCTA-1_2,Sham,T-Helper,T,1.729257895,1.817692954
TTACCGCTCGCAAGAG-1_2,Sham,NK,NK,-7.682745384,-8.284001272
TTACGCCAGTGGTGAC-1_2,Sham,NaiveT,T,-0.87545185,7.977133829
TTACGTTCACTAAACC-1_2,Sham,NK,NK,-8.421018051,-6.653466146
TTACGTTCATCGGCCA-1_2,Sham,T-Helper,T,-0.056915285,1.538897951
TTAGGCAAGGATCATA-1_2,Sham,Cytotoxic,T,0.185783531,-3.562249105
TTAGGCAGTTGCGGAA-1_2,Sham,NK,NK,-6.640915321,-6.31641237
TTAGTCTCAGATGCGA-1_2,Sham,NK,NK,-8.857280182,-8.467703741
TTCACCGCACGCGTGT-1_2,Sham,NKT,T,-4.396001266,-3.060828607
TTCACGCCAGCCGTTG-1_2,Sham,T-DN,T,1.10178454,3.66525181
TTCACGCTCCGTTGGG-1_2,Sham,Cytotoxic,T,-2.035785841,0.506936927
TTCAGGAGTACGCTAT-1_2,Sham,NaiveT,T,1.655684782,5.935537417
TTCATGTTCTACCACC-1_2,Sham,T-DN,T,0.399493305,3.254770358
TTCATTGCATGAATAG-1_2,Sham,NaiveT,T,0.671907319,8.848257143
TTCCAATAGTGAGCCA-1_2,Sham,T-Helper,T,0.617622686,0.965679366
TTCCGGTCACAGTACT-1_2,Sham,T-Helper,T,1.309852196,1.966521103
TTCCGGTCACGCCACA-1_2,Sham,NaiveT,T,1.777753306,6.118665297
TTCCGTGAGAAACACT-1_2,Sham,NK,NK,-7.98885672,-5.873182695
TTCCGTGGTCGGTGAA-1_2,Sham,ILC,ILC,7.910011841,1.193654973
TTCCTCTCAAATAGCA-1_2,Sham,T-Helper,T,1.334186388,2.417159398
TTCCTCTCATCGCTCT-1_2,Sham,NKT,T,-5.198823856,-2.016834776
TTCCTTCAGAATCGTA-1_2,Sham,NaiveT,T,-2.019795584,6.425307829
TTCGATTCAATCCAGT-1_2,Sham,NaiveT,T,-1.199281262,5.884064276
TTCGATTGTTATGTCG-1_2,Sham,NaiveT,T,-1.038771914,8.150737841
TTCGATTGTTGTGCCG-1_2,Sham,NaiveT,T,1.117765082,6.236855109
TTCGCTGAGTTACTCG-1_2,Sham,NKT,T,-5.224354671,-3.078791301
TTCTAACCAGAGTTGG-1_2,Sham,NK,NK,-5.420025753,-5.325254839
TTCTAACTCTACGGTA-1_2,Sham,ILC,ILC,8.676729752,1.560051281
TTCTAGTGTAGTCCTA-1_2,Sham,NK,NK,-6.039840149,-6.019493024
TTCTCTCGTAGTTACC-1_2,Sham,ILC,ILC,8.752775742,1.473148901
TTCTGTATCCCATAGA-1_2,Sham,Cytotoxic,T,-2.281513857,0.670550008
TTCTTGACACACGGAA-1_2,Sham,ILC,ILC,9.183832718,1.848824699
TTCTTGATCATGACAC-1_2,Sham,T-Helper,T,2.959741426,1.029787142
TTCTTGATCTGCGGCA-1_2,Sham,ILC,ILC,8.085395409,1.531571109
TTCTTGATCTTAAGGC-1_2,Sham,NaiveT,T,1.412169887,6.901063521
TTGACCCAGAACGTGC-1_2,Sham,NKT,T,-5.346112179,-1.04583041
TTGACCCCAAGTACCT-1_2,Sham,NaiveT,T,1.872465445,7.637557108
TTGAGTGGTTTCGACA-1_2,Sham,T-Helper,T,2.182277037,2.491333086
TTGATGGGTGTTCAGT-1_2,Sham,T-Helper,T,1.246445013,1.394527752
TTGATGGTCTCAACGA-1_2,Sham,NaiveT,T,-0.453774201,7.941900332
TTGCCTGAGGGCAAGG-1_2,Sham,gdT,T,9.192246033,-4.321827333
TTGCCTGCAAGCCCAC-1_2,Sham,NKT,T,-5.109723972,-1.935050528
TTGCCTGGTCCTATAG-1_2,Sham,T-Helper,T,1.545776559,2.266119082
TTGCCTGGTTTACCAG-1_2,Sham,NaiveT,T,1.956166221,7.683859904
TTGCTGCCAATTGCAC-1_2,Sham,NK,NK,-5.683678078,-7.127706449
TTGCTGCGTTGGGTTT-1_2,Sham,T-DN,T,0.080381518,1.709983547
TTGGATGGTGGCTGAA-1_2,Sham,NK,NK,-8.117339539,-7.591534536
TTGGGCGGTTGGAGAC-1_2,Sham,ILC,ILC,8.672214104,1.537038166
TTGGGCGTCTCGTCGT-1_2,Sham,Treg,T,3.77231319,-0.477103125
TTGGTTTGTACGACTT-1_2,Sham,NaiveT,T,-0.043748068,6.59117039
TTGGTTTGTTAGGACG-1_2,Sham,ILC,ILC,7.118046356,1.160861452
TTGGTTTTCTCACGAA-1_2,Sham,NK,NK,-8.130967545,-6.622890394
TTGTGTTCACCCTTAC-1_2,Sham,Cytotoxic,T,-1.79200797,1.855971415
TTGTTGTAGATCCGAG-1_2,Sham,T-Helper,T,2.436353279,3.585110028
TTGTTGTTCTCAGAAC-1_2,Sham,NaiveT,T,1.754651381,8.850415308
TTTACCAAGGAAGTAG-1_2,Sham,NaiveT,T,2.586931301,8.286517222
TTTACCATCTGGCTGG-1_2,Sham,Cytotoxic,T,-3.231321501,0.77263989
TTTACGTCAGTATTCG-1_2,Sham,ILC,ILC,7.933910442,1.44873925
TTTACGTGTGCCGGTT-1_2,Sham,gdT,T,8.180077148,-6.323614519
TTTACTGCAGATCATC-1_2,Sham,NaiveT,T,1.839605404,6.366973479
TTTAGTCCATGACGAG-1_2,Sham,NaiveT,T,2.092758847,8.746356089
TTTATGCCAGAACGCA-1_2,Sham,Cytotoxic,T,-4.2275285,1.814689715
TTTCACACAAAGGGCT-1_2,Sham,Treg,T,3.818636251,0.376343448
TTTCACACACTCTAGA-1_2,Sham,NaiveT,T,2.593496872,6.441843588
TTTCACATCTCCGATC-1_2,Sham,Cytotoxic,T,-3.235296177,1.165238459
TTTCCTCGTAGGGAGG-1_2,Sham,NKT,T,-3.658215927,-2.540816467
TTTCCTCTCACTGAAC-1_2,Sham,NaiveT,T,2.222897125,6.283402522
TTTCCTCTCGCTCTCA-1_2,Sham,Cytotoxic,T,-4.408074783,2.249713976
TTTGACTGTTACCTGA-1_2,Sham,ILC,ILC,9.552436424,2.740565855
TTTGATCAGCCTGTCG-1_2,Sham,Cytotoxic,T,-2.357299732,0.412906248
TTTGATCCACGCTATA-1_2,Sham,NaiveT,T,-1.645726131,7.169039805
TTTGGAGGTTCCATTT-1_2,Sham,gdT,T,8.950316025,-5.774232309
TTTGGTTTCCGCTGTT-1_2,Sham,NK,NK,-6.404513287,-5.35609905
TTTGTTGAGCGCTTCG-1_2,Sham,NKT,T,-5.005613255,-3.164705198
TTTGTTGGTCTCGGGT-1_2,Sham,NaiveT,T,-0.38939588,7.666833002
ACGGTTACACTGAGGA-1,Sham,NaiveT,T,0.1443152,8.18786629
ACGTACACACTGCATA-1,Sham,Cytotoxic,T,-4.06779425,1.617725928
ACGTCCTGTGTTCGAT-1,Sham,NaiveT,T,-0.425383316,7.806397993
ACTACGAGTTATAGAG-1,Sham,NKT,T,-4.932006287,-1.206452768
ACTATCTAGGTCGAGT-1,Sham,ILC,ILC,8.374663902,1.445309122
ACTATTCTCACTTCTA-1,Sham,NK,NK,-6.947208809,-6.267776411
ACTCCCATCGATCCAA-1,Sham,Cytotoxic,T,-2.876889872,1.751515229
ACTGATGAGGAACTAT-1,Sham,NaiveT,T,-0.838464068,7.870578368
ACTGCAAAGTGAGGCT-1,Sham,gdT,T,8.310019089,-6.582122724
ACTGCAACACAAATGA-1,Sham,NaiveT,T,2.337525202,8.782584269
ACTGTCCCACTTGAGT-1,Sham,NaiveT,T,-0.055541547,6.948541243
ACTGTCCTCTAGACCA-1,Sham,NKT,T,-4.391262459,-2.004294198
ACTTTGTGTAACATCC-1,Sham,NaiveT,T,-2.062638687,5.575554926
ACTTTGTGTCCGGACT-1,Sham,ILC,ILC,7.524326397,1.854114492
AGAAATGAGTCTTCCC-1,Sham,gdT,T,9.968657089,-5.375596922
AGAACAACACAGCTTA-1,Sham,NaiveT,T,2.262368036,8.216377337
AGACACTCACGTAGTT-1,Sham,NaiveT,T,2.459493233,8.362245638
AGACAGGCAGAGTGAC-1,Sham,ILC,ILC,8.28868158,1.28242274
AGACCATAGACCGCCT-1,Sham,ILC,ILC,8.949466301,1.559456665
AGACCATAGATCCAAA-1,Sham,NaiveT,T,-1.040409135,7.693906863
AGACCCGGTCATGACT-1,Sham,Cytotoxic,T,-4.155602859,2.684248049
AGACCCGGTGACCTGC-1,Sham,NaiveT,T,-0.995541023,7.10517462
AGACTCAAGAGCTTTC-1,Sham,ILC,ILC,9.151733948,2.423769076
AGACTCAAGGCCCGTT-1,Sham,NaiveT,T,-0.978558229,7.521915514
AGAGAATCAGGTTTAC-1,Sham,NKT,T,-4.030996727,-2.233040254
AGAGCAGCACACGGAA-1,Sham,NaiveT,T,-1.674832272,5.819762309
AGAGCAGGTCCAACGC-1,Sham,gdT,T,2.260451151,-0.075587215
AGATAGATCTTTCCAA-1,Sham,T-Helper,T,1.845490409,1.204887588
AGATCGTCACAATCTG-1,Sham,NKT,T,-3.699545788,-3.834601801
AGATCGTTCCATAGAC-1,Sham,NKT,T,-4.998921322,-3.131524246
AGATGAACAGACAATA-1,Sham,NaiveT,T,-0.119236039,7.662870963
AGATGCTTCATTCACT-1,Sham,Cytotoxic,T,-3.488658356,2.862144787
AGCATCAAGGTAGTAT-1,Sham,NKT,T,-5.162076401,-2.198201816
AGCATCATCTACGGGC-1,Sham,NaiveT,T,-0.03745188,8.12754925
AGCCAATGTCGTATGT-1,Sham,gdT,T,8.778421951,-3.867233675
AGCCAATTCAATCGGT-1,Sham,NaiveT,T,0.084581947,8.217088778
AGCGATTCAGCACCCA-1,Sham,NKT,T,-5.159608292,-3.18278734
AGCGATTCATCACAGT-1,Sham,NaiveT,T,0.964877857,6.568033774
AGCGCCACAACTGCTA-1,Sham,NKT,T,-5.616310524,-2.45753185
AGCGCCAGTCCCTCAT-1,Sham,NK,NK,-5.745079922,-5.043671529
AGCGCTGCATGTCAGT-1,Sham,gdT,T,8.482172562,-5.464811723
AGCTCAACACAATGAA-1,Sham,Treg,T,3.33294685,1.116960246
AGGAAATGTTACCGTA-1,Sham,Cytotoxic,T,0.285222059,-2.90938298
AGGACGATCTCTCTAA-1,Sham,gdT,T,8.666216446,-5.135839861
AGGACTTCATACATCG-1,Sham,Cytotoxic,T,-5.484627651,0.278827984
AGGACTTTCGCTAGCG-1,Sham,NK,NK,-8.183046745,-5.775426309
AGGATCTAGTCAACAA-1,Sham,NaiveT,T,0.662221683,7.361476023
AGGCCACAGACGCATG-1,Sham,NaiveT,T,1.780058456,8.182663042
AGGCCACAGTGATCGG-1,Sham,NKT,T,-4.495484756,-3.329255979
AGGCCACTCCCTCTTT-1,Sham,Cytotoxic,T,-2.03085606,0.806738753
AGGCCACTCCCTTTGG-1,Sham,Cytotoxic,T,0.286935991,-1.815066497
AGGGAGTTCGTAGGGA-1,Sham,NK,NK,-7.878925728,-7.18757097
AGGGCCTCAGAACTTC-1,Sham,NKT,T,-4.595560955,-3.531448286
AGGGCCTGTTGTGGCC-1,Sham,NKT,T,-4.649437832,-3.11263458
AGGGCTCGTATGAGGC-1,Sham,NK,NK,-6.376526283,-4.909890573
AGGGCTCTCCTTATCA-1,Sham,T-Helper,T,0.39943291,1.721443374
AGGGTGAAGGATACCG-1,Sham,NaiveT,T,0.550124897,7.598292906
AGGTGTTAGCGAGTAC-1,Sham,NKT,T,-4.764213966,-2.475713174
AGGTTACGTTATGTGC-1,Sham,NK,NK,-5.106189655,-4.719039362
AGGTTGTTCCACGGGT-1,Sham,NKT,T,-4.908666538,-2.698123376
AGGTTGTTCCTTCGAC-1,Sham,gdT,T,8.892736984,-6.055848043
AGGTTGTTCGCTACGG-1,Sham,ILC,ILC,6.813813282,1.252322752
AGTAACCAGCTCACTA-1,Sham,NaiveT,T,-1.455151962,6.578784068
AGTACCAAGTCTGCAT-1,Sham,NKT,T,-4.872742104,-1.689625781
AGTACCACAGAGTGAC-1,Sham,NaiveT,T,0.150920959,6.346229155
AGTACTGAGATCGACG-1,Sham,ILC,ILC,9.468146873,2.682405312
AGTACTGGTCTCCTGT-1,Sham,T-Helper,T,0.481076075,0.444652636
AGTACTGTCGCTTAAG-1,Sham,NaiveT,T,0.763238383,7.934308131
AGTCACACACAACGCC-1,Sham,Cytotoxic,T,-3.095924782,1.3593175
AGTCACAGTGCTAGCC-1,Sham,NaiveT,T,-1.18900268,6.695455153
AGTCATGCAAGCGATG-1,Sham,NaiveT,T,0.397235645,9.207758982
AGTCATGCAGAGGTAC-1,Sham,Treg,T,2.770397974,3.14488538
AGTTCGAGTCGGAAAC-1,Sham,NaiveT,T,-0.791819679,7.705587466
ATACCTTGTTGTTGTG-1,Sham,T-Helper,T,1.076768888,2.193485815
ATACTTCCACCGGCTA-1,Sham,T-Helper,T,1.964909626,3.165349085
ATAGACCCACAAGCAG-1,Sham,NK,NK,-8.667597221,-6.494288843
ATAGAGACATTAGGCT-1,Sham,T-DN,T,0.33286686,2.017866213
ATCACGAGTTGTAGCT-1,Sham,NaiveT,T,0.556085123,7.666167338
ATCAGGTCAAACTAGA-1,Sham,Cytotoxic,T,-2.718243526,1.058412869
ATCATTCTCGACCTAA-1,Sham,NaiveT,T,2.309893681,6.981376727
ATCCACCAGTCATGCT-1,Sham,NaiveT,T,1.046504689,8.269471247
ATCCGTCTCATTCGTT-1,Sham,NKT,T,-3.821432756,-0.310516368
ATCCGTCTCGTGACTA-1,Sham,NK,NK,-8.736221718,-8.552276533
ATCCTATGTCCTATAG-1,Sham,NaiveT,T,1.791613294,7.660684187
ATCGATGGTACCCGCA-1,Sham,NaiveT,T,1.379908992,7.50131901
ATCGCCTAGCAGGCAT-1,Sham,Cytotoxic,T,-2.142642187,-0.169010084
ATCGCCTAGCTTACGT-1,Sham,NaiveT,T,0.449970467,6.602062781
ATCGCCTGTTGAGGAC-1,Sham,Treg,T,2.932327343,3.668167908
ATCGCCTTCTGAGCAT-1,Sham,T-Helper,T,1.458542062,0.657068987
ATCGTAGTCGTTATCT-1,Sham,NK,NK,-2.6968333,-3.04123513
ATCGTCCTCCACAGGC-1,Sham,NKT,T,-4.37351458,-2.814192216
ATCGTCCTCCTTGACC-1,Sham,ILC,ILC,9.175339294,2.841243107
ATCTCTAAGAAATCCA-1,Sham,NaiveT,T,2.110256387,7.768371661
ATCTCTAGTTTCGATG-1,Sham,NKT,T,-4.315819191,-2.820706289
ATGACCAAGGGTACAC-1,Sham,NaiveT,T,0.398998512,6.082459528
ATGAGGGGTGATACAA-1,Sham,gdT,T,8.067483021,-5.491824548
ATGCGATCAAGGACAC-1,Sham,ILC,ILC,7.210217548,1.921654065
ATGCGATCAATGACCT-1,Sham,Cytotoxic,T,-0.985208677,1.181250293
ATGGAGGTCATCTATC-1,Sham,NaiveT,T,2.889219595,6.715493281
ATGGGAGCAGGCTTGC-1,Sham,NKT,T,-4.085987019,-2.830052536
ATGGGAGTCGGTAAGG-1,Sham,ILC,ILC,8.342903687,1.114875634
ATGGGTTCACGTATAC-1,Sham,NK,NK,-8.023828911,-6.116847437
ATGTCCCCACCGTCTT-1,Sham,NaiveT,T,2.558248831,6.648203928
ATGTCCCCATGAAGCG-1,Sham,NaiveT,T,0.91132213,8.968067248
ATTACCTAGGGTGAAA-1,Sham,NK,NK,-8.024805473,-6.964389722
ATTACCTTCAAACCCA-1,Sham,Cytotoxic,T,-1.962811874,1.601380546
ATTACCTTCCTTCACG-1,Sham,NK,NK,-8.759822296,-7.876671236
ATTACTCTCGAACACT-1,Sham,NKT,T,-4.274011063,-2.580850999
ATTCACTAGCATCGAG-1,Sham,NK,NK,-7.83752005,-7.014367979
ATTCACTTCAGGGTAG-1,Sham,NaiveT,T,0.096308416,8.280241091
ATTCATCGTAGCTAAA-1,Sham,NaiveT,T,-0.247555124,6.317148764
ATTCCATAGTGACCTT-1,Sham,T-Helper,T,0.73189689,2.432867367
ATTCGTTCACCTGCTT-1,Sham,NaiveT,T,2.416652752,6.367946226
ATTCTACGTATGGAGC-1,Sham,NKT,T,-5.259195732,-1.486589949
ATTCTTGAGAGTATAC-1,Sham,T-Helper,T,2.593561245,1.674764593
ATTGGGTTCCGATCTC-1,Sham,NaiveT,T,0.441846056,7.178557475
ATTGTTCAGACCAAGC-1,Sham,NaiveT,T,2.356871916,6.705756743
ATTGTTCGTATTTCCT-1,Sham,NK,NK,-8.952781128,-7.071580331
ATTTACCAGGTCCGAA-1,Sham,gdT,T,7.246394707,-5.342828672
ATTTACCGTCGTGTTA-1,Sham,T-Helper,T,0.129286362,7.502617915
ATTTCACCAGCGCTTG-1,Sham,NaiveT,T,0.426432324,7.816988547
CAAAGAAAGACTCTAC-1,Sham,ILC,ILC,8.808607651,1.603116591
CAAAGAATCGCCTCTA-1,Sham,T-Helper,T,2.162778092,2.269147713
CAACAGTCATAATGAG-1,Sham,NaiveT,T,-0.317736285,7.839188654
CAACCTCAGGCCCAAA-1,Sham,NaiveT,T,2.181081606,7.855848391
CAACGATAGCGCCTAC-1,Sham,ILC,ILC,6.964819027,1.689696033
CAACGGCTCTGTCGTC-1,Sham,NaiveT,T,0.991810037,8.491213877
CAAGCTACAGCCGGTT-1,Sham,NKT,T,-5.958353924,-2.228946846
CAAGGGAGTTCGAGCC-1,Sham,Treg,T,3.707285,-0.025426637
CAATACGCACTAGGTT-1,Sham,gdT,T,9.240233971,-4.940597456
CACAGGCCAAAGAGTT-1,Sham,NaiveT,T,-1.862986731,6.762065489
CACCGTTTCCATTGGA-1,Sham,ILC,ILC,7.780996395,1.095207531
CACGAATGTGCGAACA-1,Sham,NaiveT,T,-1.791461038,7.062372286
CACGTGGTCAACGAGG-1,Sham,NaiveT,T,0.268352477,8.700725634
CACGTTCAGAGAGGGC-1,Sham,NK,NK,-5.507122921,-3.467217128
CACTAAGAGTTGGAGC-1,Sham,NaiveT,T,-1.87594025,6.958717425
CACTAAGTCGAACGGA-1,Sham,Cytotoxic,T,-2.998815702,0.882275243
CACTGAAAGCTAGCCC-1,Sham,NaiveT,T,-0.451029109,7.545762141
CACTGGGAGATAGCTA-1,Sham,T-DN,T,0.23988769,2.115104754
CACTGGGTCGTAACTG-1,Sham,gdT,T,8.722978188,-6.429921072
CACTGTCTCCTGTAAG-1,Sham,NKT,T,-5.57542889,-1.191243451
CAGATACAGGTTTACC-1,Sham,T-Helper,T,0.902903331,0.339829345
CAGATTGCAGGGCTTC-1,Sham,T-Helper,T,0.345092384,2.079207976
CAGCCAGCAGGCACTC-1,Sham,ILC,ILC,7.051925255,1.935151894
CAGCGTGGTTGCAACT-1,Sham,ILC,ILC,7.573042942,1.66137727
CAGGCCATCAGCCTCT-1,Sham,NaiveT,T,1.759943081,7.467865069
CAGGGCTCAACAGCCC-1,Sham,NaiveT,T,0.515253944,8.171463091
CAGTGCGAGTCATGGG-1,Sham,Treg,T,3.337364508,-0.141230799
CAGTGCGTCTAGCAAC-1,Sham,NaiveT,T,-1.189029263,6.675926287
CATACCCGTAAGATAC-1,Sham,NaiveT,T,0.332663504,7.515147288
CATACCCGTATCCTTT-1,Sham,ILC,ILC,7.580263687,1.617027004
CATAGACTCTTTGCGC-1,Sham,NaiveT,T,-1.689042973,6.645370562
CATCCCACAGTTGGTT-1,Sham,Cytotoxic,T,-3.193299221,1.846277435
CATCCGTTCGCTGTTC-1,Sham,Cytotoxic,T,-4.056868004,0.505532522
CATCGGGCACCCAAGC-1,Sham,gdT,T,8.244769646,-3.971986454
CATCGGGTCTGTGCTC-1,Sham,NaiveT,T,1.028441025,8.948488314
CATGCCTCATGAAGCG-1,Sham,NaiveT,T,0.839829577,7.370335181
CATGCGGGTTGAAGTA-1,Sham,Cytotoxic,T,-2.178063082,0.858816881
CATGCTCAGTGAATAC-1,Sham,NaiveT,T,0.020990504,6.674451907
CATGGTACAGCACCCA-1,Sham,ILC,ILC,8.313492371,2.387698252
CATTCTACATTAAGCC-1,Sham,ILC,ILC,6.883487297,1.763537247
CATTGAGGTTTACGAC-1,Sham,NKT,T,-4.871895718,-1.939890306
CATTGTTGTCAGTCGC-1,Sham,NaiveT,T,0.06002791,7.781517107
CATTGTTGTGATTGGG-1,Sham,NaiveT,T,2.469164206,8.165386279
CATTTCAAGTTAACGA-1,Sham,NaiveT,T,1.82610376,8.559228022
CCACAAACAAGTGGTG-1,Sham,ILC,ILC,7.922072006,1.421031434
CCACAAATCAGCCTCT-1,Sham,NKT,T,-4.75413649,-2.376997392
CCACACTAGGAAACGA-1,Sham,ILC,ILC,8.235062195,2.058353503
CCACACTCAAGTCATC-1,Sham,NaiveT,T,2.644366098,7.647659857
CCACACTTCGATACTG-1,Sham,NaiveT,T,2.629053904,6.761410315
CCACCATCAACGGTAG-1,Sham,gdT,T,9.44534166,-5.454290311
CCACGAGCAACTCCCT-1,Sham,Treg,T,3.833453251,1.991876919
CCACGTTAGAGTTGTA-1,Sham,ILC,ILC,7.601041866,1.150388319
CCACTTGCAAAGCTCT-1,Sham,NaiveT,T,1.714819027,6.597674448
CCACTTGTCTGGGTCG-1,Sham,NKT,T,-4.069894241,-1.675560277
CCATAAGAGAGGGTCT-1,Sham,ILC,ILC,6.779497219,1.962653954
CCATAAGAGGTGCCTC-1,Sham,ILC,ILC,8.000788761,1.453858216
CCATAAGGTGTCCGTG-1,Sham,NaiveT,T,0.760616196,8.015848238
CCATCACGTACTCGAT-1,Sham,NK,NK,-7.18702309,-6.949822347
CCCAACTAGCTGTTAC-1,Sham,ILC,ILC,8.418990685,1.832135994
CCCTAACTCGTTGTTT-1,Sham,NKT,T,-5.228721069,-2.327798288
CCGATCTTCTCTGGTC-1,Sham,ILC,ILC,9.502516342,2.799155791
CCGGTAGAGCGTTAGG-1,Sham,NaiveT,T,0.308387263,8.435548861
CCGGTAGAGGTACAAT-1,Sham,ILC,ILC,7.800005985,1.411809285
CCGGTAGCAGTCAACT-1,Sham,NaiveT,T,0.582757695,7.572354872
CCGGTAGGTTGCACGC-1,Sham,NKT,T,-4.907517361,-2.928519886
CCGGTGATCGACATAC-1,Sham,NKT,T,-6.146404194,-2.187592428
CCGTAGGGTAATGTGA-1,Sham,NKT,T,-5.903070854,-2.066756051
CCGTTCAGTCTGATAC-1,Sham,NK,NK,-8.81647818,-6.106981199
CCGTTCAGTTCGTGCG-1,Sham,NaiveT,T,-0.092478322,6.397242148
CCTCATGAGTACGTCT-1,Sham,NaiveT,T,-0.928838657,7.675288756
CCTCCAACAAGGTCAG-1,Sham,NK,NK,-7.458818363,-5.082645815
CCTCCTCTCCACACAA-1,Sham,T-DN,T,0.422257406,2.549551089
CCTGTTGGTCTCAGAT-1,Sham,NaiveT,T,1.800994111,6.273400385
CCTGTTGTCACTGAAC-1,Sham,NKT,T,-5.230613159,-2.968680542
CCTTCAGGTACAGGTG-1,Sham,Cytotoxic,T,-2.593054461,0.393039901
CCTTCAGGTCGCATTA-1,Sham,T-Helper,T,-0.034130441,1.095857699
CCTTGTGGTCTGCCTT-1,Sham,NaiveT,T,-1.216667818,6.016508658
CCTTTGGCAAGGGCAT-1,Sham,NKT,T,-5.234231876,-3.091436784
CGAAGGATCACGACTA-1,Sham,NaiveT,T,0.018522901,6.364138205
CGAATTGAGGAGATAG-1,Sham,NaiveT,T,-1.462860512,7.815171797
CGACAGCAGGCCTAAG-1,Sham,Cytotoxic,T,-3.76671903,2.102443535
CGAGAAGCAGAGGTTG-1,Sham,NaiveT,T,-0.243977564,7.689925272
CGAGAAGCATTCAGGT-1,Sham,NKT,T,-5.036580013,-2.783780019
CGAGTTATCTACGCGG-1,Sham,T-DN,T,0.821323169,3.665634234
CGATCGGTCACGAGGA-1,Sham,NaiveT,T,-1.536392616,6.477626402
CGCATAAAGACGGTCA-1,Sham,ILC,ILC,7.394551826,1.822170813
CGCATGGAGTCTTCGA-1,Sham,NaiveT,T,-1.805118608,6.239925463
CGCCAGACAGAGAATT-1,Sham,NaiveT,T,2.624392582,7.287911494
CGCCATTGTCATCACA-1,Sham,NaiveT,T,2.271569801,6.268687804
CGCGTGAAGGGTAATT-1,Sham,NaiveT,T,-0.919441508,7.645570357
CGGAACCGTGAGATTA-1,Sham,NaiveT,T,0.280261194,8.506805499
CGGAATTGTGGAAATT-1,Sham,Treg,T,3.904693199,1.628433783
CGGACACCACTACAGT-1,Sham,gdT,T,8.493509842,-5.836847227
CGGAGAAAGGTTTACC-1,Sham,NK,NK,-6.604131626,-6.506616514
CGGCAGTGTACAGTTC-1,Sham,NaiveT,T,1.07016821,8.928319056
CGGGCATCATCCTCAC-1,Sham,NKT,T,-4.050154613,-2.371011894
CGGGCATTCCAAATGC-1,Sham,NKT,T,-5.962654518,-2.280759494
CGGGTGTCAGGGAGAG-1,Sham,NaiveT,T,-0.022198739,8.402228434
CGGGTGTGTGTGGTCC-1,Sham,ILC,ILC,9.468238426,2.406254847
CGGTCAGCATGTCAGT-1,Sham,NKT,T,-4.83488028,-2.703990619
CGTCAAACACCAGTTA-1,Sham,NaiveT,T,0.744910849,8.502846796
CGTCAAACAGACGATG-1,Sham,NKT,T,-4.495187687,-3.452627819
CGTCCATCAGCACACC-1,Sham,gdT,T,9.930791451,-4.807101171
CGTGAATTCCTGATAG-1,Sham,ILC,ILC,7.400407387,2.063562949
CGTGATAGTCATAACC-1,Sham,T-Helper,T,2.383284641,2.37632664
CGTGCTTCAGCAGGAT-1,Sham,NaiveT,T,2.74178536,8.091840823
CTACCCACACGGTGAA-1,Sham,T-Helper,T,-0.382595228,2.199852545
CTACCCATCATGCCGG-1,Sham,gdT,T,2.325786186,0.521113832
CTACGGGAGGTCACCC-1,Sham,NaiveT,T,-1.888992237,5.967454512
CTACTATAGGAGTACC-1,Sham,NaiveT,T,-0.76867603,6.54036196
CTACTATAGTCCTACA-1,Sham,NaiveT,T,1.822026325,6.674619276
CTAGGTAAGAGCAAGA-1,Sham,ILC,ILC,7.064918591,1.551584442
CTAGGTAAGCACACAG-1,Sham,NaiveT,T,-0.846558498,7.838124831
CTATAGGCAATGCAAA-1,Sham,T-DN,T,0.106525788,2.459974368
CTATAGGGTGGACCAA-1,Sham,T-Helper,T,2.37443955,3.994160254
CTATCCGGTGCTTATG-1,Sham,NK,NK,-8.581233429,-8.378002088
CTATCTAAGTCCGTCG-1,Sham,NaiveT,T,0.415390966,9.178014834
CTCAACCTCAACTGGT-1,Sham,NaiveT,T,1.892898155,7.137085993
CTCAAGACAAACTGCT-1,Sham,gdT,T,8.114096714,-5.892365854
CTCAATTCACTTGGGC-1,Sham,NaiveT,T,1.515241099,8.556473811
CTCAATTCAGAGAATT-1,Sham,ILC,ILC,8.071204258,1.223690112
CTCAATTTCGCGTTTC-1,Sham,NaiveT,T,1.949508263,6.440322001
CTCACTGTCATTCCTA-1,Sham,gdT,T,9.879630638,-4.802745264
CTCAGAACATCCTTGC-1,Sham,NaiveT,T,-0.56056975,6.683097918
CTCAGTCAGGAAGTAG-1,Sham,NaiveT,T,0.402964158,8.020261843
CTCAGTCGTATTGACC-1,Sham,NaiveT,T,-0.812058853,6.720553477
CTCATTACATCTAACG-1,Sham,NaiveT,T,0.947364343,6.877047141
CTCCAACGTTTCGCTC-1,Sham,Cytotoxic,T,-4.683936523,0.326100517
CTCCACACAGCAGGAT-1,Sham,Cytotoxic,T,-3.381347584,2.042471487
CTCCCAACATGTGTCA-1,Sham,NaiveT,T,2.582933737,6.398323138
CTCCCAAGTCAAAGAT-1,Sham,T-Helper,T,0.645790679,-0.341850873
CTCCCTCTCACCGGTG-1,Sham,NaiveT,T,2.067804051,8.630248148
CTCCTTTAGCGTGCCT-1,Sham,NaiveT,T,2.81985457,8.094548304
CTCCTTTTCCCGGTAG-1,Sham,NKT,T,-4.617736744,-2.848104398
CTCGAGGAGAACCGCA-1,Sham,NaiveT,T,-1.574017452,6.423030455
CTCGAGGAGCCTGTGC-1,Sham,NK,NK,-8.356125282,-7.141204279
CTCGAGGCAACAGCCC-1,Sham,gdT,T,8.04059465,-4.12630121
CTCTCAGCAAGAGTGC-1,Sham,NaiveT,T,1.89424069,8.704728205
CTCTCGACATGCCGGT-1,Sham,NaiveT,T,1.305237604,7.453188975
CTGAATGTCATTACGG-1,Sham,Cytotoxic,T,-1.224777864,-0.264790397
CTGAATGTCCAACTAG-1,Sham,NaiveT,T,2.267667128,4.596477587
CTGAGCGGTTCGGCTG-1,Sham,Treg,T,3.142176462,-0.488220792
CTGAGCGTCAGGACGA-1,Sham,NKT,T,-4.672345089,-4.038353365
CTGATCCCACCTGCTT-1,Sham,ILC,ILC,9.60339315,2.769299347
CTGATCCCACTACCCT-1,Sham,gdT,T,7.942583633,-4.277272623
CTGCAGGGTACAGAGC-1,Sham,NKT,T,-3.297545599,-2.148417394
CTGCAGGTCGCTGATA-1,Sham,NaiveT,T,-0.153477507,8.353451807
CTGCCATTCATTGGTG-1,Sham,NaiveT,T,-0.757942366,6.185232718
CTGCCATTCTTTCCAA-1,Sham,ILC,ILC,8.503346039,2.032744725
CTGCCTAGTGATATAG-1,Sham,T-DN,T,0.040459482,1.681954105
CTGCCTATCTTGGGCG-1,Sham,Cytotoxic,T,0.660740329,-4.002952259
CTGCGAGGTGGCCACT-1,Sham,NK,NK,-3.365126299,-4.018052738
CTGCTCAAGCAAATCA-1,Sham,T-DN,T,0.818186117,2.731322367
CTGGCAGAGAATTCAG-1,Sham,NaiveT,T,2.819524122,7.890579779
CTGGCAGCACTGTCCT-1,Sham,Cytotoxic,T,-2.264078783,1.176165659
CTGGTCTGTTAGGAGC-1,Sham,Cytotoxic,T,-4.101367878,2.752446968
CTGTACCCAATGAAAC-1,Sham,ILC,ILC,7.83136375,1.412101943
CTGTATTGTCACTCTC-1,Sham,NaiveT,T,1.700538589,7.695175249
CTGTCGTCACGACAGA-1,Sham,NaiveT,T,-0.737471985,7.951271136
CTGTCGTGTTTCGATG-1,Sham,NaiveT,T,0.140564019,7.470072825
CTTCCGAAGGTTGACG-1,Sham,ILC,ILC,6.33327396,1.870962222
CTTCTAAAGTCACAGG-1,Sham,Cytotoxic,T,-1.544275688,-0.05618222
CTTCTAACATAGGCGA-1,Sham,NK,NK,-7.172761368,-7.221414964
CTTCTCTGTAGTCCTA-1,Sham,ILC,ILC,7.788357807,1.240284402
CTTCTCTGTCTGTAGT-1,Sham,NaiveT,T,1.278360678,8.08089741
CTTGATTCAAGTATCC-1,Sham,ILC,ILC,8.626228882,1.059038598
CTTGATTCACATACTG-1,Sham,NaiveT,T,0.14982371,7.948203165
CTTGATTTCTACGCGG-1,Sham,NaiveT,T,1.801417304,6.496903021
CTTTCGGAGTCGGCCT-1,Sham,NK,NK,-7.701498436,-6.125641267
GAAACCTGTGGTTCTA-1,Sham,NaiveT,T,2.014829827,8.57740124
GAAGTAACACTCACTC-1,Sham,NKT,T,-3.525079178,-3.282859008
GAAGTAAGTGTTGAGG-1,Sham,Cytotoxic,T,-2.638560699,1.000209052
GAATAGAAGTCTACCA-1,Sham,NaiveT,T,1.290803386,6.922781069
GAATAGATCGCAAGAG-1,Sham,NK,NK,-7.015283035,-6.685153883
GAATCACCACTAGGCC-1,Sham,NKT,T,-5.155919479,-3.095234077
GAATCGTCACGTAACT-1,Sham,NaiveT,T,-0.383317756,7.934385378
GACACGCTCTCTTAAC-1,Sham,T-Helper,T,0.732453478,-3.74866144
GACAGCCAGTGGCGAT-1,Sham,Cytotoxic,T,-2.883123802,4.066563685
GACAGCCCACTACCCT-1,Sham,T-Helper,T,2.386034561,3.280422528
GACATCAGTTGGGTTT-1,Sham,NaiveT,T,2.523911787,7.534086306
GACCCTTAGTGGACGT-1,Sham,Cytotoxic,T,-1.270086216,2.029956181
GACCGTGCAGTTAGGG-1,Sham,T-DN,T,1.020758105,3.281018336
GACCGTGTCGAACGCC-1,Sham,NK,NK,-7.950617241,-7.374130647
GACTCAAAGGAGACCT-1,Sham,NaiveT,T,-0.391317116,6.960433562
GACTCAATCCCAGCGA-1,Sham,ILC,ILC,8.265407158,1.177485545
GACTTCCTCGTCACCT-1,Sham,NaiveT,T,2.792330338,6.940000136
GAGACTTCATGTGGCC-1,Sham,Cytotoxic,T,-1.952653812,-0.277671914
GAGACTTGTGATAGAT-1,Sham,NaiveT,T,-0.684077786,8.361778338
GAGAGGTAGCCGTTAT-1,Sham,NaiveT,T,0.404511584,8.128878672
GAGCCTGAGTTGGCGA-1,Sham,NaiveT,T,-0.450299191,7.869842131
GAGGCAATCGAGCCAC-1,Sham,NKT,T,-3.645335363,-3.708537738
GAGGCCTCAGACATCT-1,Sham,NaiveT,T,-1.033467816,6.076336462
GAGGGATCACCCGTAG-1,Sham,T-DN,T,0.572487457,2.889054615
GAGGGTACAAGTCGTT-1,Sham,NK,NK,-7.728431152,-6.87131254
GAGTCATTCACCGGGT-1,Sham,NaiveT,T,0.15848287,7.271448214
GAGTGAGGTTAGCTAC-1,Sham,Cytotoxic,T,-2.824278521,0.945514638
GAGTTACGTACAGTAA-1,Sham,NaiveT,T,2.335355354,8.397336085
GAGTTGTGTTTCGTGA-1,Sham,NK,NK,-5.849162983,-6.707722585
GAGTTTGTCCTCACGT-1,Sham,NaiveT,T,0.802205993,7.815514166
GATAGCTTCGCGATCG-1,Sham,NaiveT,T,1.040123654,8.226692278
GATCACATCAGCCTCT-1,Sham,T-DN,T,0.946373535,3.458638747
GATCAGTTCTCATTAC-1,Sham,ILC,ILC,8.198360039,1.214567382
GATCATGCACTTCTCG-1,Sham,NaiveT,T,0.683962835,8.685550768
GATCGTAAGCGATGCA-1,Sham,NaiveT,T,2.354391171,7.45095547
GATCGTACAATCCTAG-1,Sham,NaiveT,T,-1.047805356,6.555202086
GATGACTGTATTGACC-1,Sham,NaiveT,T,2.715098692,6.430318911
GATGACTTCGCTGTTC-1,Sham,NK,NK,-8.794247078,-7.385155122
GATGAGGAGAGAAGGT-1,Sham,Cytotoxic,T,-2.291047739,1.639162381
GATGATCGTAGTATAG-1,Sham,NaiveT,T,2.054920269,7.26487263
GATGATCGTCTTGCGG-1,Sham,NaiveT,T,-0.96318035,6.869740565
GATGATCTCGCTTGCT-1,Sham,NaiveT,T,-0.487297045,7.496539194
GATGGAGCAATCCAGT-1,Sham,ILC,ILC,8.284964157,2.101934035
GATGGAGTCTGGTTGA-1,Sham,ILC,ILC,7.037874771,1.720638711
GATTGGTCACCGTGCA-1,Sham,ILC,ILC,8.635272575,1.818702299
GCAACCGAGCAGGTCA-1,Sham,NaiveT,T,0.405838607,7.582549174
GCACGGTGTAGAGTTA-1,Sham,NK,NK,-5.183315681,-6.002512853
GCACGTGAGTCTCTGA-1,Sham,Cytotoxic,T,-3.717557358,1.937652428
GCACGTGTCTGAGTCA-1,Sham,ILC,ILC,8.630047394,1.448728759
GCAGCCAAGATACTGA-1,Sham,Cytotoxic,T,-1.129495787,1.783492525
GCAGCCAAGCTGACTT-1,Sham,gdT,T,8.160512043,-5.295814436
GCAGCCATCAATGTCG-1,Sham,Cytotoxic,T,-2.974277185,1.564977963
GCAGCCATCAGAGCAG-1,Sham,NaiveT,T,1.30940528,8.269693453
GCAGCTGAGACCACGA-1,Sham,gdT,T,7.311296059,-5.171817224
GCAGCTGCACGACTAT-1,Sham,ILC,ILC,8.679167343,2.236227353
GCAGCTGTCCCAGCGA-1,Sham,T-Helper,T,0.099547481,0.591610451
GCAGCTGTCGGTTAGT-1,Sham,NKT,T,-3.459895777,-3.402872007
GCAGTTACAACCACGC-1,Sham,ILC,ILC,6.76083429,1.717328627
GCAGTTACACATTACG-1,Sham,NaiveT,T,2.185608936,6.184972365
GCATCGGAGAGCAGAA-1,Sham,NaiveT,T,0.55329044,9.129601557
GCATCGGAGTACAACA-1,Sham,NK,NK,-7.598599838,-5.130305212
GCATCGGGTTTCGCTC-1,Sham,NKT,T,-5.089052605,-2.676885049
GCATGATCAAATGCGG-1,Sham,gdT,T,7.692193581,-4.805424612
GCATTAGGTAGTGGCA-1,Sham,NKT,T,-5.987515854,-1.990188401
GCCAGTGGTTCATCTT-1,Sham,gdT,T,8.947638107,-5.853254716
GCCATGGCAAGTTCCA-1,Sham,Cytotoxic,T,0.616585893,-4.049996059
GCCATTCAGATCCAAA-1,Sham,NK,NK,-8.213478493,-5.738233488
GCCGATGCAGAAGTTA-1,Sham,T-Helper,T,0.257212637,0.458292503
GCCGATGTCCGATGCG-1,Sham,NK,NK,-4.987238335,-4.496732156
GCCGTGAAGCGCACAA-1,Sham,Cytotoxic,T,-2.703173326,1.117778261
GCCGTGATCGGTAGAG-1,Sham,NaiveT,T,-1.053558516,6.685324747
GCGATCGCAAGACTGG-1,Sham,NaiveT,T,0.162719851,7.378159125
GCGATCGCAATTGAAG-1,Sham,ILC,ILC,6.322513653,1.898906429
GCGTTTCAGCCGGAAT-1,Sham,T-Helper,T,0.404015047,1.825928409
GCGTTTCAGTGGAATT-1,Sham,Cytotoxic,T,-5.069439816,0.384920318
GCTACCTTCGCGTAGC-1,Sham,NKT,T,-4.428535389,-1.6693875
GCTGAATGTGGCCCAT-1,Sham,Cytotoxic,T,-2.772655415,1.157541115
GCTGCAGGTTAAGAAC-1,Sham,NaiveT,T,1.96350248,6.326162417
GCTTGGGCAGCGCTTG-1,Sham,NaiveT,T,0.986146821,8.039974291
GCTTGGGGTCTTTCTA-1,Sham,T-Helper,T,0.469380928,2.208739598
GCTTTCGGTCATAACC-1,Sham,T-Helper,T,2.534692122,1.83292671
GGAACCCGTTCCAAAC-1,Sham,ILC,ILC,8.810659004,1.683327515
GGAAGTGAGCGCTGAA-1,Sham,T-Helper,T,0.621726228,0.376091082
GGAATGGGTTTGGGAG-1,Sham,NaiveT,T,-0.180101143,9.023084719
GGAATGGTCACACCCT-1,Sham,T-Helper,T,1.044287873,2.602306683
GGAATGGTCATCAGTG-1,Sham,NaiveT,T,1.811875654,7.22876652
GGAGAACTCACTCCGT-1,Sham,NaiveT,T,0.059380947,7.374508936
GGAGATGGTCGGATTT-1,Sham,ILC,ILC,7.982822491,1.182447989
GGAGATGTCCTCTCGA-1,Sham,NKT,T,-5.235828327,-3.132113617
GGAGGATAGCAGCCCT-1,Sham,NaiveT,T,-0.039426597,7.309153635
GGAGGATGTACGATGG-1,Sham,NaiveT,T,-0.043028863,8.023574908
GGAGGTAGTCATCCCT-1,Sham,T-Helper,T,0.521278484,1.895433385
GGAGGTATCAAGATAG-1,Sham,ILC,ILC,7.475146366,1.448002179
GGCACGTAGATTAGTG-1,Sham,NaiveT,T,-1.889074968,6.765249808
GGCTGTGTCTACACAG-1,Sham,NaiveT,T,-0.963931011,7.870240767
GGCTTTCTCGTGCACG-1,Sham,NaiveT,T,2.455356194,7.511423666
GGGAAGTGTATCAGGG-1,Sham,NK,NK,-6.241187023,-6.154658716
GGGACAAAGTCGAAAT-1,Sham,NaiveT,T,1.250290109,7.064673026
GGGACCTCACTACAGT-1,Sham,T-Helper,T,1.468337251,1.592684109
GGGACCTTCCACAGGC-1,Sham,NaiveT,T,2.944897247,7.057396014
GGGACTCGTGCATACT-1,Sham,ILC,ILC,8.814881874,2.24814995
GGGAGATGTCTTGCTC-1,Sham,NKT,T,-4.679412769,-2.776806038
GGGATCCCAGACGGAT-1,Sham,ILC,ILC,9.458299233,2.80599149
GGGATGAAGGATTCAA-1,Sham,NaiveT,T,0.741458488,7.586877425
GGGATGACATGATAGA-1,Sham,NKT,T,-5.087503361,-2.485697906
GGGCGTTGTGGTCTAT-1,Sham,NaiveT,T,-1.547113465,6.008946497
GGGCGTTGTGTGAATA-1,Sham,NaiveT,T,0.095089165,8.178662379
GGGCTACTCGCGGACT-1,Sham,Cytotoxic,T,-4.07128899,1.040917833
GGGTCACTCCTTCACG-1,Sham,NKT,T,-4.964312481,-2.89144675
GGGTTTAAGTAGAATC-1,Sham,NaiveT,T,0.037337525,8.166418154
GGGTTTACATACCACA-1,Sham,gdT,T,7.574803902,-4.55541126
GGTAATCAGGCCGCTT-1,Sham,NaiveT,T,1.705085827,5.975608427
GGTAATCAGTATGTAG-1,Sham,T-DN,T,0.320296449,2.568018277
GGTCACGGTCACCGCA-1,Sham,NK,NK,-8.276364731,-5.926348608
GGTCTGGGTAACGTTC-1,Sham,T-Helper,T,1.97679658,2.057599623
GGTCTGGGTCCACACG-1,Sham,NK,NK,-6.199435638,-7.009966772
GGTGATTTCAGCGGAA-1,Sham,NaiveT,T,1.509628845,7.306308825
GGTGGCTAGAAACCAT-1,Sham,NaiveT,T,1.365912272,8.524988253
GGTGTTAGTGTAAACA-1,Sham,NK,NK,-8.8080868,-8.215124052
GGTTAACTCCCTGTTG-1,Sham,T-Helper,T,2.274652792,3.29648884
GTAACCAAGTGTCATC-1,Sham,NaiveT,T,0.779026223,8.063732226
GTAACCATCGAGAACG-1,Sham,T-Helper,T,2.336217476,3.540140707
GTAAGTCCACAACGAG-1,Sham,NaiveT,T,-0.884181546,6.369314749
GTACAACGTTAACCTG-1,Sham,ILC,ILC,8.039579464,1.074760992
GTAGAGGAGTATGAAC-1,Sham,NaiveT,T,-0.001942741,7.260313113
GTAGGAGTCCTGCCAT-1,Sham,NaiveT,T,-0.606920527,8.148754198
GTAGGTTAGTTGCCTA-1,Sham,Cytotoxic,T,0.783087684,-3.968925397
GTATTGGCAATGACCT-1,Sham,NaiveT,T,-1.379205154,7.611601908
GTATTTCAGGTACAGC-1,Sham,gdT,T,7.855823113,-5.906822603
GTATTTCGTGCATCTA-1,Sham,gdT,T,2.526387287,0.85266139
GTCAAACAGATGCTAA-1,Sham,Cytotoxic,T,-4.328362869,0.934940894
GTCACTCGTGGAAGTC-1,Sham,NK,NK,-8.76801722,-7.990175169
GTCACTCTCCATCAGA-1,Sham,ILC,ILC,8.34476049,1.112148244
GTCAGCGCAGGCGATA-1,Sham,NKT,T,-5.955308842,-2.086991112
GTCAGCGGTTTGGAGG-1,Sham,NaiveT,T,1.020087911,8.325334628
GTCATTTTCCGTGGTG-1,Sham,gdT,T,7.802603794,-5.027654092
GTCCCATCACGTACTA-1,Sham,NaiveT,T,0.721869303,6.848341544
GTCGAATAGTTCTCTT-1,Sham,T-DN,T,0.294444321,2.706158955
GTCGAATCAGTATACC-1,Sham,NK,NK,-5.543958591,-4.868858736
GTCGTAAAGCTTAAGA-1,Sham,T-Helper,T,0.924370183,1.05262037
GTCGTAAAGTGGAAAG-1,Sham,ILC,ILC,8.334275795,1.88642617
GTCGTTCGTGGGCTTC-1,Sham,NaiveT,T,1.585722042,6.529162962
GTCTAGACAGGGCTTC-1,Sham,T-Helper,T,2.084445787,3.435637314
GTCTTTAGTGGTCTTA-1,Sham,NKT,T,-4.84674065,-1.617527764
GTGAGCCTCGACATTG-1,Sham,NaiveT,T,-0.928062724,5.845791418
GTGAGCCTCTGCGATA-1,Sham,NaiveT,T,1.745622231,7.120381434
GTGAGCCTCTTCGGTC-1,Sham,gdT,T,8.667723251,-4.225722234
GTGAGGACAGTCTACA-1,Sham,NaiveT,T,2.638334824,6.289315302
GTGAGTTAGATCGCCC-1,Sham,ILC,ILC,7.269516064,1.220172841
GTGAGTTCACACAGCC-1,Sham,Cytotoxic,T,-2.07959454,0.086205501
GTGATGTAGGCCATAG-1,Sham,NK,NK,-8.215295242,-5.896583955
GTGATGTGTCGTCTCT-1,Sham,NK,NK,-8.220776962,-5.174843233
GTGCAGCCAGCAGGAT-1,Sham,T-Helper,T,0.199828939,1.424767573
GTGCAGCGTTAGGAGC-1,Sham,T-Helper,T,-0.526801096,0.914362271
GTGCGTGCAGTGTGCC-1,Sham,T-Helper,T,1.834349109,2.077370007
GTGGAAGCAGGCGAAT-1,Sham,ILC,ILC,9.071049286,2.638014634
GTGTCCTTCTGGGATT-1,Sham,NaiveT,T,-0.64810692,8.332890589
GTGTGATAGAACTGAT-1,Sham,NaiveT,T,0.935738517,8.865335543
GTGTGATGTTCGGTTA-1,Sham,gdT,T,7.209224773,-5.533323209
GTGTGATTCCCTCTTT-1,Sham,ILC,ILC,8.869394852,2.219630797
GTGTTAGAGATTGAGT-1,Sham,NaiveT,T,-1.25746684,8.137063105
GTGTTCCAGTGTTGTC-1,Sham,NKT,T,-3.776261496,-2.743184726
GTTAGACTCATTGTTC-1,Sham,NaiveT,T,-1.415692018,6.642772753
GTTAGACTCCAACACA-1,Sham,NaiveT,T,2.066787077,6.097937663
GTTATGGAGGTCCCGT-1,Sham,ILC,ILC,7.368348671,1.499041397
GTTCATTCAGACGATG-1,Sham,NK,NK,-7.501120495,-6.374663274
GTTCCGTCAGGAACCA-1,Sham,NK,NK,-5.645892548,-4.84229986
GTTCGCTTCTGGGATT-1,Sham,NaiveT,T,2.28803928,7.436469157
GTTCTATAGCATCAAA-1,Sham,NK,NK,-7.706795143,-5.588612001
GTTCTATGTTACCTGA-1,Sham,T-Helper,T,0.994412733,-2.340998571
GTTGAACCAGCAGACA-1,Sham,ILC,ILC,8.877066208,1.850922186
GTTGAACCAGGAATCG-1,Sham,NaiveT,T,-0.544004129,7.19889601
GTTGCGGCAGTTGTTG-1,Sham,NK,NK,-7.411972927,-5.700197141
GTTGCGGGTATTTCTC-1,Sham,NaiveT,T,-0.062178435,6.935351927
GTTGCTCCAGAAGCGT-1,Sham,gdT,T,7.370710922,-6.183343332
GTTGTCCTCACCTACC-1,Sham,ILC,ILC,8.497183395,1.936317046
GTTGTGAAGTATCCTG-1,Sham,NKT,T,-6.121232914,-2.136668842
GTTTACTCAATGAACA-1,Sham,NaiveT,T,0.152633656,8.876387675
GTTTACTCACGTCATA-1,Sham,ILC,ILC,9.248479439,2.446490366
GTTTACTGTCCTGGTG-1,Sham,Cytotoxic,T,-2.567213701,0.503366609
GTTTACTTCACCATAG-1,Sham,NaiveT,T,0.314494384,6.09864958
TAACACGGTGTTAGCT-1,Sham,NaiveT,T,0.895126952,8.132495959
TAACACGTCGAAGTGG-1,Sham,ILC,ILC,7.971266819,1.578066547
TAACGACCACGCACCA-1,Sham,NaiveT,T,-0.471173452,6.231067736
TAACTTCCATGTGTCA-1,Sham,T-DN,T,0.903722836,3.663978417
TAAGCACAGCGAGAAA-1,Sham,NaiveT,T,2.416194511,8.155960162
TAAGCCATCTCGAACA-1,Sham,NK,NK,-8.710193085,-6.064776342
TAATCTCCACTGGACC-1,Sham,T-Helper,T,1.948000623,2.131900866
TACATTCCAATGTGGG-1,Sham,Cytotoxic,T,-3.888481544,2.058667262
TACATTCGTAGTATAG-1,Sham,Cytotoxic,T,-2.393610882,1.891630251
TACCCACAGGTGCTTT-1,Sham,NK,NK,-8.742953705,-8.517301481
TACCCACCAGAGGTAC-1,Sham,ILC,ILC,8.457437111,1.592954833
TACCCGTCAGGGAGAG-1,Sham,NaiveT,T,-0.596309113,7.9656411
TACCGAAAGTACCCTA-1,Sham,NKT,T,-5.765829491,-2.163467567
TACCGAACACAACGAG-1,Sham,NK,NK,-4.59643309,-4.738001745
TACCGAACATGGCCAC-1,Sham,NaiveT,T,2.272008492,7.784856875
TACCGGGAGGGTTAAT-1,Sham,NaiveT,T,0.367552725,7.293274958
TACCGGGGTAGGAGTC-1,Sham,NaiveT,T,1.256754948,8.300736506
TACCTCGCAAGAAACT-1,Sham,T-DN,T,0.252331419,3.131008465
TACCTGCGTATCATGC-1,Sham,NK,NK,-8.382436203,-7.903098028
TACCTGCTCAGTCACA-1,Sham,NaiveT,T,1.794605328,8.628645975
TACGCTCAGCTGACCC-1,Sham,Cytotoxic,T,-2.710821794,0.602051754
TACGCTCGTACCGGCT-1,Sham,NaiveT,T,1.689143492,6.312009413
TACGGGCGTAATCAAG-1,Sham,NaiveT,T,1.4047534,8.418127139
TACGTCCCATAACTCG-1,Sham,NaiveT,T,0.892458988,7.405855734
TACGTCCTCTGCCCTA-1,Sham,gdT,T,8.547729088,-5.930424135
TACTTACGTCTCGACG-1,Sham,NaiveT,T,2.045276953,7.212722857
TACTTGTAGTGGTTCT-1,Sham,NaiveT,T,-0.084711807,6.57298382
TACTTGTGTGCAGGAT-1,Sham,NaiveT,T,2.08388753,6.289651472
TAGACCATCGAGTCTA-1,Sham,NaiveT,T,-0.223878609,7.879009325
TAGACTGTCTGGTTGA-1,Sham,T-DN,T,0.69034238,3.30209573
TAGATCGTCAAGGAGC-1,Sham,Cytotoxic,T,-4.412497925,1.760023792
TAGCACACATGACCCG-1,Sham,NK,NK,-5.806413578,-4.534541528
TAGGGTTAGAATTTGG-1,Sham,NaiveT,T,0.808913303,7.791596014
TAGGTACAGGTATCTC-1,Sham,NaiveT,T,-1.685955214,5.711505968
TAGGTACGTACAAACA-1,Sham,NK,NK,-6.858515667,-5.828855913
TAGGTTGGTCTTACAG-1,Sham,NaiveT,T,2.882682873,7.356510241
TAGTGCAAGGGCTGAT-1,Sham,NaiveT,T,1.261403633,6.390742381
TATACCTAGCGATTCT-1,Sham,NKT,T,-6.116771626,-2.218260925
TATATCCTCAGTCAGT-1,Sham,NK,NK,-7.495298313,-4.709645193
TATATCCTCTGAGGCC-1,Sham,NK,NK,-5.271310734,-6.024354856
TATCAGGCAGAAATTG-1,Sham,NaiveT,T,-0.744358944,6.397960741
TATCAGGTCGAGTACT-1,Sham,NaiveT,T,-1.563666748,6.758945544
TATCCTACAATACGCT-1,Sham,Cytotoxic,T,-3.597984957,0.364030648
TATCTTGGTTATCCAG-1,Sham,NaiveT,T,2.753185106,7.464620669
TATGTTCCAATACGCT-1,Sham,NK,NK,-7.959335731,-7.958564203
TATTCCACACGACAGA-1,Sham,T-Helper,T,1.295196367,1.870749195
TATTGGGCAGGCTACC-1,Sham,Cytotoxic,T,-1.485412168,0.829940517
TCAAGCAAGTTCTCTT-1,Sham,NKT,T,-5.941055225,-1.990185778
TCAAGCATCGCAGTCG-1,Sham,Cytotoxic,T,-3.161550449,0.472958524
TCAAGCATCGGCCCAA-1,Sham,NaiveT,T,0.847412003,8.181268771
TCAAGTGTCATCGACA-1,Sham,NK,NK,-8.316203522,-6.59809057
TCAATTCGTGTCACAT-1,Sham,NKT,T,-6.157517838,-2.247973125
TCACATTTCAGAGTTC-1,Sham,ILC,ILC,8.788446976,1.96427377
TCACTATCATCCTTGC-1,Sham,T-Helper,T,0.263109175,2.062425215
TCACTCGGTTGTGGAG-1,Sham,Cytotoxic,T,-2.798295425,1.713821013
TCAGCAACAAGACAAT-1,Sham,NK,NK,-7.158758568,-5.118668954
TCAGCAAGTTGCGTAT-1,Sham,ILC,ILC,9.193521095,2.354492028
TCAGTGACACAGGATG-1,Sham,Cytotoxic,T,-4.72128241,0.547146161
TCAGTGATCGTTCTGC-1,Sham,NK,NK,-8.201669144,-6.046845358
TCATACTAGCCTGACC-1,Sham,NK,NK,-8.061642097,-7.699697416
TCATACTGTGCCTGAC-1,Sham,NaiveT,T,2.581772877,7.210798819
TCATCATAGGTTAAAC-1,Sham,T-Helper,T,1.965037418,1.531946499
TCATCATCACGCGTGT-1,Sham,gdT,T,2.195063902,0.131106187
TCATCATGTGATTGGG-1,Sham,NaiveT,T,2.191642834,6.092278559
TCATCATTCGTGTGGC-1,Sham,NaiveT,T,1.979028774,7.885419447
TCATCCGCAAGCTCTA-1,Sham,ILC,ILC,9.110812737,2.545272667
TCATGCCGTCGTATGT-1,Sham,NaiveT,T,-0.061394172,8.792680819
TCATGGACACCTCGTT-1,Sham,NaiveT,T,-0.844805168,6.829966624
TCATGGACAGGTCAGA-1,Sham,ILC,ILC,8.94248922,1.89458843
TCATGGATCTCTGACC-1,Sham,ILC,ILC,7.910137726,1.516936381
TCATGTTGTCCTGTTC-1,Sham,NK,NK,-8.871436523,-8.521488111
TCATTCATCGTCGATA-1,Sham,NaiveT,T,0.277090339,7.393338282
TCATTGTAGTGGCGAT-1,Sham,ILC,ILC,7.156930042,1.567560036
TCATTGTTCATCACAG-1,Sham,NaiveT,T,2.067731811,6.130610545
TCATTGTTCCTGTAGA-1,Sham,NK,NK,-8.015605377,-5.68794338
TCATTGTTCGCAAGAG-1,Sham,NK,NK,-7.942814278,-6.682778757
TCCACGTTCGAGTCTA-1,Sham,ILC,ILC,6.930999352,1.578396161
TCCATCGGTCTTGCTC-1,Sham,T-DN,T,0.349300725,2.250690539
TCCATGCCAGGAAGTC-1,Sham,ILC,ILC,8.736973358,2.033655722
TCCATGCCATCCGAGC-1,Sham,NKT,T,-4.694234776,-4.191808145
TCCATGCGTTACCTTT-1,Sham,ILC,ILC,9.538402153,2.684442837
TCCCAGTTCTTTGGAG-1,Sham,NaiveT,T,0.928090883,7.474904616
TCCGAAATCCGATCTC-1,Sham,NaiveT,T,-0.461735593,7.502126772
TCCGATCAGCGTCAAG-1,Sham,NaiveT,T,1.042582584,9.008948405
TCCGATCGTACAGTCT-1,Sham,T-Helper,T,1.308862759,1.267812211
TCCGATCGTCCTTGTC-1,Sham,gdT,T,8.151242805,-5.828884046
TCCGATCGTGCACGCT-1,Sham,NaiveT,T,0.613196326,8.548578341
TCCGGGAAGACCAAAT-1,Sham,ILC,ILC,8.908086372,2.154928763
TCCTCCCGTCTGGTTA-1,Sham,T-DN,T,0.126337955,2.489482958
TCCTCCCGTTCTTGTT-1,Sham,NK,NK,-8.297472404,-6.589598577
TCCTGCATCATGGTAC-1,Sham,ILC,ILC,8.773071838,1.765731532
TCCTTCTAGTTGCCTA-1,Sham,Cytotoxic,T,-4.205651211,2.529204447
TCCTTTCCAGGTCAGA-1,Sham,T-DN,T,-0.437990712,2.543847163
TCGAACAAGTCCGCCA-1,Sham,NaiveT,T,-0.537349748,6.049795229
TCGAAGTCACAATCTG-1,Sham,NK,NK,-8.545086311,-5.940621297
TCGACGGCACCAGGTC-1,Sham,NaiveT,T,0.183231378,6.725323756
TCGCACTCAATTGCTG-1,Sham,T-Helper,T,2.033813668,2.23331054
TCGGTCTAGGCATTTC-1,Sham,NaiveT,T,1.065069808,8.817730982
TCGGTCTCAGCGTACC-1,Sham,NaiveT,T,-0.258939402,7.360718806
TCGGTCTTCACTACGA-1,Sham,ILC,ILC,9.48913343,2.710631211
TCGTAGATCAAGGACG-1,Sham,T-Helper,T,1.080554617,0.006101799
TCGTAGATCGTGGCGT-1,Sham,Cytotoxic,T,-2.153495478,0.970703204
TCGTGCTTCCCTTTGG-1,Sham,NK,NK,-2.46757667,-3.105768364
TCGTGGGGTTCTGACA-1,Sham,NaiveT,T,0.276948077,7.601924021
TCTACCGCATCCGATA-1,Sham,gdT,T,8.854588104,-5.37240402
TCTACCGCATCGATGT-1,Sham,NaiveT,T,-1.260907697,7.530092795
TCTACCGGTGCTGCAC-1,Sham,NaiveT,T,0.846458746,7.065121252
TCTACCGTCAAGTTGC-1,Sham,T-DN,T,-1.185769724,1.733693201
TCTATACCAAGGAGTC-1,Sham,T-DN,T,0.950359715,3.600255806
TCTATACGTGTACATC-1,Sham,ILC,ILC,6.845553947,2.11041506
TCTATCAGTCCTTTGC-1,Sham,NaiveT,T,1.77123828,6.3428603
TCTCACGAGGCCCAAA-1,Sham,Cytotoxic,T,0.439873321,-3.540884416
TCTCACGCACTGAGGA-1,Sham,NaiveT,T,0.244417725,8.897863467
TCTCAGCGTACTCAAC-1,Sham,Cytotoxic,T,-5.325216221,0.284494955
TCTCCGAAGGATTTAG-1,Sham,NKT,T,-4.27849667,-2.830739658
TCTCCGACACTCAAGT-1,Sham,ILC,ILC,8.814018799,1.825038392
TCTGGCTGTCTAGATC-1,Sham,NaiveT,T,2.480839563,6.973048289
TCTGGCTGTGGGTCAA-1,Sham,ILC,ILC,8.300758911,1.294692237
TCTTGCGGTCTGTCCT-1,Sham,Cytotoxic,T,0.134283786,-3.900617282
TGAACGTAGCGTTCAT-1,Sham,Cytotoxic,T,-6.910276817,-4.654383104
TGACAGTAGGCTAACG-1,Sham,ILC,ILC,5.769433571,1.930746634
TGACGCGTCGAGAAAT-1,Sham,NaiveT,T,-1.601152586,6.531892378
TGACTCCGTCTTCGAA-1,Sham,NaiveT,T,-0.149300086,6.382559855
TGACTCCGTGACCGTC-1,Sham,T-DN,T,2.022468163,4.306217749
TGACTCCTCTAGTACG-1,Sham,NaiveT,T,2.097740007,7.100987036
TGAGACTTCGGTCAGC-1,Sham,NaiveT,T,-0.054384278,8.360012133
TGAGCGCGTACCCACG-1,Sham,NK,NK,-8.606728958,-6.72576658
TGAGGAGAGCAAACAT-1,Sham,NK,NK,-8.059559273,-7.448006075
TGAGGTTTCGCTGTCT-1,Sham,ILC,ILC,9.423947884,2.60009845
TGAGTCAAGGGCTAAC-1,Sham,ILC,ILC,8.316187454,1.631050904
TGAGTCATCCGTGTGG-1,Sham,Other,Other,4.924190594,6.614654143
TGATCAGCAAGGCTTT-1,Sham,NKT,T,-4.484519886,-3.330147426
TGATGCACAAGTATCC-1,Sham,ILC,ILC,6.192430092,1.904796202
TGATTCTTCGGTGTAT-1,Sham,NaiveT,T,1.974485708,6.512986739
TGCACGGGTATGAAAC-1,Sham,TCM,T,-0.815120327,7.724806387
TGCAGTAAGGTGCTTT-1,Sham,Cytotoxic,T,-3.727711843,2.031356175
TGCATGAGTTCGTAAC-1,Sham,NK,NK,-8.752899574,-8.20790283
TGCCGAGAGCTCGCAC-1,Sham,T-DN,T,-0.831809269,1.910895903
TGCCGAGGTAATTAGG-1,Sham,Cytotoxic,T,-3.620310472,1.834983666
TGCGGCACAGTAGGAC-1,Sham,ILC,ILC,9.219304634,2.660042841
TGCGGGTGTATCCTTT-1,Sham,gdT,T,7.880859924,-5.941739481
TGCTCGTCAATTTCTC-1,Sham,ILC,ILC,7.857705189,1.227262456
TGCTCGTGTCGATTTG-1,Sham,NaiveT,T,1.011840416,8.074844439
TGGAGGATCTGAGTCA-1,Sham,Cytotoxic,T,-5.487568306,0.215703268
TGGATGTCAGGTATGG-1,Sham,T-DN,T,1.245780302,3.146205981
TGGCGTGGTAGCGTTT-1,Sham,NaiveT,T,-1.249833988,7.32313164
TGGGAGACAGAAGCTG-1,Sham,ILC,ILC,7.579629971,1.522172291
TGGGATTCACTACGGC-1,Sham,NaiveT,T,2.234672142,8.361200411
TGGGATTGTGTACGCC-1,Sham,NaiveT,T,2.07035668,5.138848383
TGGGATTTCCCATAGA-1,Sham,NaiveT,T,0.835620059,6.95038708
TGGGTTAAGGACAACC-1,Sham,T-Helper,T,2.275519205,2.975177128
TGGGTTACAACGACAG-1,Sham,T-Helper,T,1.408265067,1.769556482
TGGTAGTAGACTTCGT-1,Sham,ILC,ILC,9.412301613,2.537214119
TGGTGATGTAACCAGG-1,Sham,Cytotoxic,T,-3.168885159,2.291332323
TGTAACGAGCATCTTG-1,Sham,T-DN,T,0.739152027,2.296723921
TGTAACGCAATACGAA-1,Sham,ILC,ILC,7.091181828,1.358112175
TGTAAGCCATCCTGTC-1,Sham,NaiveT,T,-0.268171506,8.641507227
TGTACAGAGCACTGGA-1,Sham,T-Helper,T,1.369771791,1.544391234
TGTAGACAGCCTGAAG-1,Sham,NaiveT,T,0.49681039,8.480704386
TGTAGACAGCGAGAAA-1,Sham,ILC,ILC,7.414376808,1.351562459
TGTAGACTCGCCTCTA-1,Sham,ILC,ILC,6.816797329,1.415909011
TGTCCCACAAATGCGG-1,Sham,NaiveT,T,-0.979471849,6.257967074
TGTCCTGCACGGGTAA-1,Sham,T-Helper,T,1.505610777,0.251525183
TGTCCTGGTCCGATCG-1,Sham,NKT,T,-5.827161716,-1.745653908
TGTCCTGGTGAGTTGG-1,Sham,NaiveT,T,-0.30175476,7.526437838
TGTGTGACAGTGGGTA-1,Sham,ILC,ILC,6.810864521,1.51901694
TGTGTGAGTGAATTGA-1,Sham,T-DN,T,0.277783533,3.021383841
TGTTACTGTGGCCTCA-1,Sham,NaiveT,T,0.848968578,8.323143084
TGTTCATAGAATCTAG-1,Sham,NaiveT,T,1.6036299,7.26906975
TGTTGAGCACAGTGTT-1,Sham,Cytotoxic,T,-3.972959446,0.511108656
TGTTGGACACCAGACC-1,Sham,gdT,T,2.392597271,0.484070022
TGTTTGTAGTAAGGGA-1,Sham,NKT,T,-3.443801092,-3.44784395
TGTTTGTTCATACAGC-1,Sham,NaiveT,T,0.006740121,6.983380396
TGTTTGTTCCATGCAA-1,Sham,NK,NK,-7.737201141,-7.034092348
TGTTTGTTCGTTAGAC-1,Sham,NaiveT,T,-1.460554766,6.405469496
TTAATCCAGTCATGGG-1,Sham,T-DN,T,-3.482916283,-1.768396061
TTACAGGTCGCCAATA-1,Sham,NK,NK,-6.435934471,-6.630881231
TTACCATCAGAATTCC-1,Sham,NaiveT,T,0.467097921,6.853406031
TTACCGCTCTAAGCGT-1,Sham,NaiveT,T,2.062110139,6.45713814
TTACGCCCACATTCTT-1,Sham,NK,NK,-7.613115238,-7.709443491
TTACGCCCAGGGAGAG-1,Sham,ILC,ILC,9.60876329,2.716710169
TTAGGCATCCTATGGA-1,Sham,ILC,ILC,7.449018074,2.21540149
TTAGGGTCATCCCGTT-1,Sham,Cytotoxic,T,-1.127875136,0.788061221
TTAGGGTGTCCACTTC-1,Sham,T-Helper,T,0.159809984,0.763776441
TTAGTCTCAAGCGAGT-1,Sham,NKT,T,-4.696675228,-1.281732242
TTCACCGGTATTGCCA-1,Sham,NaiveT,T,-0.471381234,6.916345198
TTCCAATAGCTAGTTC-1,Sham,NaiveT,T,1.033535613,6.851837237
TTCCAATAGGATTTCC-1,Sham,NKT,T,-3.67635219,-3.577340763
TTCCAATCATGGTGGA-1,Sham,NaiveT,T,-0.373772608,5.93399008
TTCCACGGTGGCAACA-1,Sham,NaiveT,T,2.527349306,6.230894167
TTCCGGTTCACAACCA-1,Sham,NaiveT,T,1.797130776,6.454567511
TTCGATTAGTCTTCGA-1,Sham,NaiveT,T,-0.461127089,6.025188525
TTCGATTAGTGGATAT-1,Sham,Cytotoxic,T,-5.126484798,0.053092663
TTCGGTCGTGGCTCTG-1,Sham,NaiveT,T,1.858262731,6.815636713
TTCGGTCTCCTAGCCT-1,Sham,NK,NK,-8.53860228,-7.677094381
TTCTAGTTCTATACGG-1,Sham,T-Helper,T,1.144338978,0.353647013
TTCTCTCAGAGGTATT-1,Sham,NK,NK,-7.908917831,-5.839791219
TTCTCTCTCCATTCAT-1,Sham,NK,NK,-6.703729557,-7.454907339
TTCTGTAAGCTCCACG-1,Sham,NaiveT,T,1.54518695,7.303952296
TTCTGTAAGTAGCTCT-1,Sham,NaiveT,T,2.408566786,7.03946789
TTCTTCCGTTTCGATG-1,Sham,NK,NK,-7.165903496,-5.69531719
TTCTTGAAGTCAGGGT-1,Sham,T-Helper,T,0.959750606,0.743140776
TTGACCCGTTGGATCT-1,Sham,T-DN,T,0.511711312,3.209827025
TTGATGGCAATCCTTT-1,Sham,NaiveT,T,1.51258607,6.558410723
TTGCATTAGGACGCAT-1,Sham,T-DN,T,1.089261664,2.058963616
TTGCATTAGGTACAAT-1,Sham,T-DN,T,0.23752935,2.875615199
TTGGGATGTCAGTTTG-1,Sham,NaiveT,T,2.747587038,7.61300524
TTGGTTTAGTGCCTCG-1,Sham,NK,NK,-6.298407959,-4.076071422
TTGGTTTTCGCTTTAT-1,Sham,NaiveT,T,2.527623964,6.456584055
TTGTGTTCAATGGCCC-1,Sham,NK,NK,-8.117061066,-7.630125444
TTGTGTTCATGGTACT-1,Sham,NaiveT,T,-1.630148696,7.063433249
TTGTGTTTCAGTCACA-1,Sham,T-Helper,T,1.970730139,2.513273556
TTGTGTTTCAGTGTTG-1,Sham,NKT,T,-5.90092461,-1.866388242
TTGTTCACAATTCTTC-1,Sham,NaiveT,T,-0.040723415,6.0945731
TTGTTGTGTATTCTCT-1,Sham,T-DN,T,-3.663013863,-3.327545564
TTTACCAGTCGAACAG-1,Sham,T-DN,T,1.013223959,2.751898606
TTTACCATCCTGTTAT-1,Sham,Cytotoxic,T,-2.085186171,0.791273553
TTTACGTAGCCGTTGC-1,Sham,ILC,ILC,6.918819977,1.547086198
TTTACGTTCCCTGTTG-1,Sham,Cytotoxic,T,-3.542676138,1.955482323
TTTACTGTCAAGTCTG-1,Sham,ILC,ILC,8.987091614,2.292455275
TTTCATGAGGCATGCA-1,Sham,ILC,ILC,8.304907394,0.993833501
TTTGATCAGATTGATG-1,Sham,ILC,ILC,8.748596741,1.98189934
TTTGATCGTCGCCTAG-1,Sham,ILC,ILC,6.653997017,1.536587555
TTTGATCGTTGATCGT-1,Sham,NaiveT,T,0.050500935,6.852694113
TTTGATCTCCGTAGGC-1,Sham,T-DN,T,-3.438697266,-1.509051006
TTTGGTTTCACACGAT-1,Sham,NaiveT,T,-1.684726523,6.491190989
